queue_order,diversity,job_duration_s,slow_reconfig_s,fast_reconfig_s,window_size,static_makespan_s,per_job_makespan_s,stratocs_makespan_s,oracle_makespan_s,static_speedup,per_job_speedup,oracle_loss_pct,reconfig_fraction,slow_reconfig_reduction_pct,retained_improvement_pct,verdict
clustered,low,600,1,0,2,12000.0,11670.659749999995,11667.983499999997,11650.659749999995,1.0284553453473775,1.0002293669681654,0.14869329610283089,0.0008570461211228147,50.0,97.90354818833464,drop
random_avg,low,600,1,0,2,12000.0,11670.659749999999,11670.434199999998,11650.659749999999,1.0282394084075648,1.0000193564221647,0.16972815638188088,0.0008568661736729707,50.0,97.20202581866808,drop
clustered,low,600,1,0,5,12000.0,11670.659749999995,11666.7085,11650.659749999995,1.0285677404213878,1.000338677357028,0.1377497098394409,0.00034285591347379594,80.0,96.55099863242063,conditional
random_avg,low,600,1,0,5,12000.0,11670.659749999999,11672.297649999999,11650.659749999999,1.0280752565917233,0.9998597097563288,0.18572252957607116,0.0003426917521972411,80.0,94.95108279106094,drop
clustered,low,600,1,0,10,12000.0,11670.659749999995,11671.7015,11650.659749999995,1.0281277327046106,0.9999107456612042,0.18060565196751366,0.00017135462211743507,90.0,94.54922528966996,drop
random_avg,low,600,1,0,10,12000.0,11670.659749999999,11671.7015,11650.659749999999,1.0281277327046106,0.9999107456612045,0.180605651967487,0.00017135462211743507,90.0,94.54922528967097,drop
clustered,low,600,1,0,20,12000.0,11670.659749999995,11670.701499999996,11650.659749999995,1.0282158274718967,0.9999964226657669,0.17202244705498693,8.568465228932471e-05,95.0,94.54922528967101,drop
random_avg,low,600,1,0,20,12000.0,11670.659749999999,11670.7015,11650.659749999999,1.0282158274718962,0.9999964226657668,0.17202244705499137,8.568465228932469e-05,95.0,94.54922528967076,drop
clustered,low,600,1,0.001,2,12000.0,11670.679749999996,11668.003499999997,11650.659749999995,1.0284535824830703,1.00022936657501,0.1488649602010783,0.0008587587413733637,50.0,97.90354818833464,drop
random_avg,low,600,1,0.001,2,12000.0,11670.67975,11670.454199999998,11650.659749999999,1.028237646283397,1.000019356388942,0.1698998204801283,0.0008585784346466365,50.0,97.20202581866808,drop
clustered,low,600,1,0.001,5,12000.0,11670.679749999996,11666.728500000001,11650.659749999995,1.0285659771717495,1.0003386767764413,0.13792137393768833,0.00034456960235253604,80.0,96.55099863242063,conditional
random_avg,low,600,1,0.001,5,12000.0,11670.67975,11672.317649999999,11650.659749999999,1.0280734950301273,0.9998597099966525,0.18589419367432303,0.00034440462083509257,80.0,94.95108279106094,drop
clustered,low,600,1,0.001,10,12000.0,11670.679749999996,11671.7215,11650.659749999995,1.028125970963238,0.9999107458141454,0.18077731606576108,0.00017306787177881174,90.0,94.54922528966996,drop
random_avg,low,600,1,0.001,10,12000.0,11670.67975,11671.7215,11650.659749999999,1.028125970963238,0.9999107458141457,0.18077731606573444,0.00017306787177881174,90.0,94.54922528967097,drop
clustered,low,600,1,0.001,20,12000.0,11670.679749999996,11670.721499999996,11650.659749999995,1.028214065428603,0.9999964226718974,0.17219411115323435,8.739819556143126e-05,95.0,94.54922528967101,drop
random_avg,low,600,1,0.001,20,12000.0,11670.67975,11670.7215,11650.659749999999,1.0282140654286027,0.9999964226718973,0.17219411115324768,8.739819556143123e-05,95.0,94.54922528967076,drop
clustered,low,600,1,0.01,2,12000.0,11670.859749999996,11668.183499999997,11650.659749999995,1.0284377169762544,1.0002293630366714,0.15040993708534955,0.0008741720594298163,50.0,97.90354818833464,drop
random_avg,low,600,1,0.01,2,12000.0,11670.85975,11670.634199999999,11650.659749999999,1.028221787437666,1.0000193560899424,0.17144479736438623,0.000873988519322016,50.0,97.20202581866808,drop
clustered,low,600,1,0.01,5,12000.0,11670.859749999996,11666.908500000001,11650.659749999995,1.0285501081970427,1.0003386715512508,0.13946635082193737,0.00035999253786896503,80.0,96.55099863242063,conditional
random_avg,low,600,1,0.01,5,12000.0,11670.85975,11672.49765,11650.659749999999,1.0280576412474116,0.9998597121595296,0.18743917055857207,0.0003598201744365941,80.0,94.95108279106094,drop
clustered,low,600,1,0.01,10,12000.0,11670.859749999996,11671.9015,11650.659749999995,1.0281101155625756,0.9999107471905924,0.18232229295001012,0.00018848685451980555,90.0,94.54922528966996,drop
random_avg,low,600,1,0.01,10,12000.0,11670.85975,11671.9015,11650.659749999999,1.0281101155625756,0.9999107471905927,0.18232229294998792,0.00018848685451980555,90.0,94.54922528967097,drop
clustered,low,600,1,0.01,20,12000.0,11670.859749999996,11670.901499999996,11650.659749999995,1.028198207310721,0.9999964227270703,0.1737390880374834,0.00010281982073107209,95.0,94.54922528967101,drop
random_avg,low,600,1,0.01,20,12000.0,11670.85975,11670.9015,11650.659749999999,1.0281982073107205,0.9999964227270703,0.17373908803749671,0.00010281982073107206,95.0,94.54922528967076,drop
clustered,low,600,5,0,2,12000.0,11750.659749999995,11707.983499999997,11650.659749999995,1.0249416562638651,1.0036450555298442,0.4920214926026123,0.004270590234432771,50.0,97.90354818833464,drop
random_avg,low,600,5,0,2,12000.0,11750.659749999999,11710.434199999998,11650.659749999999,1.0247271920308862,1.0034350475106546,0.513056352881649,0.004269696633462027,50.0,97.20202581866808,drop
clustered,low,600,5,0,5,12000.0,11750.659749999995,11682.7085,11650.659749999995,1.0271590701762352,1.005816395230609,0.2750809884393579,0.0017119317836270587,80.0,96.55099863242063,conditional
random_avg,low,600,5,0,5,12000.0,11750.659749999999,11688.297649999999,11650.659749999999,1.0266679340117604,1.0053354640673038,0.32305380817597484,0.0017111132233529338,80.0,94.95108279106094,conditional
clustered,low,600,5,0,10,12000.0,11750.659749999995,11679.7015,11650.659749999995,1.027423517630138,1.0060753479016562,0.24927129126746106,0.0008561862646917818,90.0,94.54922528966996,conditional
random_avg,low,600,5,0,10,12000.0,11750.659749999999,11679.7015,11650.659749999999,1.027423517630138,1.0060753479016564,0.24927129126743885,0.0008561862646917818,90.0,94.54922528967097,conditional
clustered,low,600,5,0,20,12000.0,11750.659749999995,11674.701499999996,11650.659749999995,1.0278635389521527,1.006506226304801,0.20635526670496063,0.00042827647456339694,95.0,94.54922528967101,conditional
random_avg,low,600,5,0,20,12000.0,11750.659749999999,11674.7015,11650.659749999999,1.0278635389521522,1.006506226304801,0.2063552667049695,0.0004282764745633968,95.0,94.54922528967076,conditional
clustered,low,600,5,0.001,2,12000.0,11750.679749999996,11708.003499999997,11650.659749999995,1.0249399054245245,1.0036450493032394,0.4921931567008597,0.0042722911724445605,50.0,97.90354818833464,drop
random_avg,low,600,5,0.001,2,12000.0,11750.67975,11710.454199999998,11650.659749999999,1.0247254419241267,1.0034350416439697,0.5132280169799097,0.0042713972170870685,50.0,97.20202581866808,drop
clustered,low,600,5,0.001,5,12000.0,11750.679749999996,11682.728500000001,11650.659749999995,1.0271573117529864,1.0058163852733542,0.27525265253760534,0.0017136407817745657,80.0,96.55099863242063,conditional
random_avg,low,600,5,0.001,5,12000.0,11750.67975,11688.317649999999,11650.659749999999,1.0266661772696297,1.005335454937679,0.3232254722742356,0.0017128214057448323,80.0,94.95108279106094,conditional
clustered,low,600,5,0.001,10,12000.0,11750.679749999996,11679.7215,11650.659749999995,1.0274217583013432,1.0060753374984153,0.2494429553657307,0.0008578971681816215,90.0,94.54922528966996,conditional
random_avg,low,600,5,0.001,10,12000.0,11750.67975,11679.7215,11650.659749999999,1.0274217583013432,1.0060753374984155,0.24944295536568628,0.0008578971681816215,90.0,94.54922528967097,conditional
clustered,low,600,5,0.001,20,12000.0,11750.679749999996,11674.721499999996,11650.659749999995,1.027861778116078,1.0065062151589654,0.20652693080320805,0.00042998884384522586,95.0,94.54922528967101,conditional
random_avg,low,600,5,0.001,20,12000.0,11750.67975,11674.7215,11650.659749999999,1.0278617781160775,1.0065062151589654,0.20652693080322138,0.00042998884384522575,95.0,94.54922528967076,conditional
clustered,low,600,5,0.01,2,12000.0,11750.859749999996,11708.183499999997,11650.659749999995,1.0249241481396327,1.0036449932647535,0.49373813358510876,0.0042875993530507965,50.0,97.90354818833464,drop
random_avg,low,600,5,0.01,2,12000.0,11750.85975,11710.634199999999,11650.659749999999,1.0247096912322926,1.0034349888447063,0.5147729938641588,0.004286702208321757,50.0,97.20202581866808,drop
clustered,low,600,5,0.01,5,12000.0,11750.859749999996,11682.908500000001,11650.659749999995,1.0271414862146697,1.0058162956595949,0.2767976294218544,0.0017290215017946942,80.0,96.55099863242063,conditional
random_avg,low,600,5,0.01,5,12000.0,11750.85975,11688.49765,11650.659749999999,1.026650366860989,1.0053353727724605,0.32477044915848463,0.0017281947842159979,80.0,94.95108279106094,conditional
clustered,low,600,5,0.01,10,12000.0,11750.859749999996,11679.9015,11650.659749999995,1.0274059246133198,1.0060752438708491,0.25098793224997973,0.0008732950359213218,90.0,94.54922528966996,conditional
random_avg,low,600,5,0.01,10,12000.0,11750.85975,11679.9015,11650.659749999999,1.0274059246133198,1.0060752438708493,0.25098793224993976,0.0008732950359213218,90.0,94.54922528967097,conditional
clustered,low,600,5,0.01,20,12000.0,11750.859749999996,11674.901499999996,11650.659749999995,1.027845930862886,1.0065061148481638,0.2080719076874793,0.00044539990337391725,95.0,94.54922528967101,conditional
random_avg,low,600,5,0.01,20,12000.0,11750.85975,11674.9015,11650.659749999999,1.0278459308628856,1.0065061148481638,0.2080719076874793,0.00044539990337391714,95.0,94.54922528967076,conditional
clustered,low,600,30,0,2,12000.0,12250.659749999995,11957.983499999997,11650.659749999995,1.0035136777032685,1.0244753850011583,2.6378227207261906,0.025087841942581714,50.0,97.90354818833464,drop
random_avg,low,600,30,0,2,12000.0,12250.659749999999,11960.434199999998,11650.659749999999,1.0033080856324739,1.0242654984589417,2.658857581005236,0.025082702140811847,50.0,97.20202581866808,drop
clustered,low,600,30,0,5,12000.0,12250.659749999995,11782.7085,11650.659749999995,1.018441557813299,1.0397150833358897,1.1334014796887892,0.01018441557813299,80.0,96.55099863242063,conditional
random_avg,low,600,30,0,5,12000.0,12250.659749999999,11788.297649999999,11650.659749999999,1.0179587205854246,1.0392221604531129,1.1813742994254106,0.010179587205854245,80.0,94.95108279106094,conditional
clustered,low,600,30,0,10,12000.0,12250.659749999995,11729.7015,11650.659749999995,1.0230439367958342,1.0444135982488554,0.6784315368921767,0.005115219683979171,90.0,94.54922528966996,conditional
random_avg,low,600,30,0,10,12000.0,12250.659749999999,11729.7015,11650.659749999999,1.0230439367958342,1.0444135982488556,0.6784315368921545,0.005115219683979171,90.0,94.54922528967097,conditional
clustered,low,600,30,0,20,12000.0,12250.659749999995,11699.701499999996,11650.659749999995,1.0256671933040347,1.0470916501587668,0.42093538951732956,0.0025641679832600866,95.0,94.54922528967101,conditional
random_avg,low,600,30,0,20,12000.0,12250.659749999999,11699.7015,11650.659749999999,1.0256671933040344,1.0470916501587668,0.42093538951732956,0.0025641679832600858,95.0,94.54922528967076,conditional
clustered,low,600,30,0.001,2,12000.0,12250.679749999996,11958.003499999997,11650.659749999995,1.0035119993065735,1.0244753440655874,2.637994384824438,0.02508947250266318,50.0,97.90354818833464,drop
random_avg,low,600,30,0.001,2,12000.0,12250.67975,11960.454199999998,11650.659749999999,1.0033064079233738,1.0242654578826762,2.659029245103488,0.02508433237543088,50.0,97.20202581866808,drop
clustered,low,600,30,0.001,5,12000.0,12250.679749999996,11782.728500000001,11650.659749999995,1.0184398291108887,1.0397150159235184,1.1335731437870367,0.010186095690824072,80.0,96.55099863242063,conditional
random_avg,low,600,30,0.001,5,12000.0,12250.67975,11788.317649999999,11650.659749999999,1.0179569935217032,1.039222093908934,1.181545963523667,0.010181266530206234,80.0,94.95108279106094,conditional
clustered,low,600,30,0.001,10,12000.0,12250.679749999996,11729.7215,11650.659749999995,1.0230421924339808,1.044413522520547,0.6786032009904464,0.0051169160324906265,90.0,94.54922528966996,conditional
random_avg,low,600,30,0.001,10,12000.0,12250.67975,11729.7215,11650.659749999999,1.0230421924339808,1.0444135225205475,0.678603200990402,0.0051169160324906265,90.0,94.54922528967097,conditional
clustered,low,600,30,0.001,20,12000.0,12250.679749999996,11699.721499999996,11650.659749999995,1.0256654399850462,1.0470915696583034,0.421107053615577,0.00256587304236259,95.0,94.54922528967101,conditional
random_avg,low,600,30,0.001,20,12000.0,12250.67975,11699.7215,11650.659749999999,1.0256654399850458,1.0470915696583034,0.42110705361558143,0.0025658730423625898,95.0,94.54922528967076,conditional
clustered,low,600,30,0.01,2,12000.0,12250.859749999996,11958.183499999997,11650.659749999995,1.0034968939889577,1.0244749756516112,2.6395393617087093,0.02510414729795709,50.0,97.90354818833464,drop
random_avg,low,600,30,0.01,2,12000.0,12250.85975,11960.634199999999,11650.659749999999,1.0032913087939586,1.024265092702394,2.660574221987737,0.025099004241662195,50.0,97.20202581866808,drop
clustered,low,600,30,0.01,5,12000.0,12250.859749999996,11782.908500000001,11650.659749999995,1.01842427105328,1.0397144092224764,1.1351181206712857,0.01020121644838369,80.0,96.55099863242063,conditional
random_avg,low,600,30,0.01,5,12000.0,12250.85975,11788.49765,11650.659749999999,1.0179414502119195,1.0392214950214862,1.1830909404079204,0.010196380192956062,80.0,94.95108279106094,conditional
clustered,low,600,30,0.01,10,12000.0,12250.859749999996,11729.9015,11650.659749999995,1.023026493444979,1.044412840977394,0.6801481778746954,0.0051321829087823114,90.0,94.54922528966996,conditional
random_avg,low,600,30,0.01,10,12000.0,12250.85975,11729.9015,11650.659749999999,1.023026493444979,1.0444128409773943,0.6801481778746554,0.0051321829087823114,90.0,94.54922528967097,conditional
clustered,low,600,30,0.01,20,12000.0,12250.859749999996,11699.901499999996,11650.659749999995,1.0256496603838934,1.047090845166517,0.422652030499826,0.0025812183119661315,95.0,94.54922528967101,conditional
random_avg,low,600,30,0.01,20,12000.0,12250.85975,11699.9015,11650.659749999999,1.025649660383893,1.0470908451665168,0.42265203049983047,0.0025812183119661306,95.0,94.54922528967076,conditional
clustered,low,600,120,0,2,12000.0,14050.659749999995,12857.983499999997,11650.659749999995,0.9332723128786099,1.092757643529407,10.362707141971095,0.09332723128786098,50.0,97.90354818833464,drop
random_avg,low,600,120,0,2,12000.0,14050.659749999999,12860.434199999998,11650.659749999999,0.9330944902735024,1.0925494331193888,10.383742002250136,0.09330944902735024,50.0,97.20202581866808,drop
clustered,low,600,120,0,5,12000.0,14050.659749999995,12142.7085,11650.659749999995,0.988247391428362,1.1571273204820816,4.223355248186733,0.03952989565713448,80.0,96.55099863242063,conditional
random_avg,low,600,120,0,5,12000.0,14050.659749999999,12148.297649999999,11650.659749999999,0.9877927522367824,1.1565949887662568,4.271328067923368,0.039511710089471304,80.0,94.95108279106094,conditional
clustered,low,600,120,0,10,12000.0,14050.659749999995,11909.7015,11650.659749999995,1.0075819280609175,1.1797659034527437,2.223408421141171,0.02015163856121835,90.0,94.54922528966996,conditional
random_avg,low,600,120,0,10,12000.0,14050.659749999999,11909.7015,11650.659749999999,1.0075819280609175,1.179765903452744,2.223408421141131,0.02015163856121835,90.0,94.54922528967097,conditional
clustered,low,600,120,0,20,12000.0,14050.659749999995,11789.701499999996,11650.659749999995,1.0178374745111236,1.1917740029295907,1.1934238316418044,0.010178374745111235,95.0,94.54922528967101,conditional
random_avg,low,600,120,0,20,12000.0,14050.659749999999,11789.7015,11650.659749999999,1.0178374745111232,1.1917740029295907,1.1934238316418178,0.010178374745111232,95.0,94.54922528967076,conditional
clustered,low,600,120,0.001,2,12000.0,14050.679749999996,12858.003499999997,11650.659749999995,0.9332708612188512,1.0927574992493974,10.362878806069343,0.09332864157332048,50.0,97.90354818833464,drop
random_avg,low,600,120,0.001,2,12000.0,14050.67975,12860.454199999998,11650.659749999999,0.9330930391668438,1.0925492891906272,10.383913666348393,0.09331085907174966,50.0,97.20202581866808,drop
clustered,low,600,120,0.001,5,12000.0,14050.679749999996,12142.728500000001,11650.659749999995,0.9882457637095319,1.1571270616814,4.223526912285003,0.03953147762465412,80.0,96.55099863242063,conditional
random_avg,low,600,120,0.001,5,12000.0,14050.67975,12148.317649999999,11650.659749999999,0.9877911260152072,1.156594730960964,4.271499732021624,0.039513291359151645,80.0,94.95108279106094,conditional
clustered,low,600,120,0.001,10,12000.0,14050.679749999996,11909.7215,11650.659749999995,1.0075802360281894,1.1797656015717912,2.2235800852394183,0.020153284020957167,90.0,94.54922528966996,conditional
random_avg,low,600,120,0.001,10,12000.0,14050.67975,11909.7215,11650.659749999999,1.0075802360281894,1.1797656015717917,2.2235800852393917,0.020153284020957167,90.0,94.54922528967097,conditional
clustered,low,600,120,0.001,20,12000.0,14050.679749999996,11789.721499999996,11650.659749999995,1.0178357478588451,1.1917736776055312,1.193595495740074,0.010180053871501548,95.0,94.54922528967101,conditional
random_avg,low,600,120,0.001,20,12000.0,14050.67975,11789.7215,11650.659749999999,1.0178357478588447,1.1917736776055312,1.193595495740074,0.010180053871501544,95.0,94.54922528967076,conditional
clustered,low,600,120,0.01,2,12000.0,14050.859749999996,12858.183499999997,11650.659749999995,0.9332577964842392,1.092756200749507,10.36442378295359,0.093341333945032,50.0,97.90354818833464,drop
random_avg,low,600,120,0.01,2,12000.0,14050.85975,12860.634199999999,11650.659749999999,0.9330799794100167,1.0925479938519194,10.38545864323264,0.09332354927399185,50.0,97.20202581866808,drop
clustered,low,600,120,0.01,5,12000.0,14050.859749999996,12142.908500000001,11650.659749999995,0.9882311144813452,1.157124732513631,4.225071889169252,0.03954571509782849,80.0,96.55099863242063,conditional
random_avg,low,600,120,0.01,5,12000.0,14050.85975,12148.49765,11650.659749999999,0.9877764902619814,1.1565924107515284,4.273044708905873,0.03952752255198362,80.0,94.95108279106094,conditional
clustered,low,600,120,0.01,10,12000.0,14050.859749999996,11909.9015,11650.659749999995,1.0075650079893608,1.1797628846888444,2.2251250621236673,0.02016809290992037,90.0,94.54922528966996,conditional
random_avg,low,600,120,0.01,10,12000.0,14050.85975,11909.9015,11650.659749999999,1.0075650079893608,1.1797628846888448,2.2251250621236407,0.02016809290992037,90.0,94.54922528967097,conditional
clustered,low,600,120,0.01,20,12000.0,14050.859749999996,11789.901499999996,11650.659749999995,1.0178202082519523,1.191770749738664,1.195140472624323,0.010195165752657056,95.0,94.54922528967101,conditional
random_avg,low,600,120,0.01,20,12000.0,14050.85975,11789.9015,11650.659749999999,1.0178202082519519,1.191770749738664,1.195140472624323,0.010195165752657052,95.0,94.54922528967076,conditional
clustered,low,3600,1,0,2,72000.0,69923.95850000001,69957.901,69903.95850000001,1.0291903983797341,0.999514815345875,0.0771665884987005,0.0001429431108860742,50.0,97.90354818833548,drop
random_avg,low,3600,1,0,2,72000.0,69923.95850000001,69972.60519999999,69903.95850000001,1.028974152717014,0.9993048048910717,0.09820144877773718,0.00014291307676625196,50.0,97.20202581866872,drop
clustered,low,3600,1,0,5,72000.0,69923.95850000001,69980.251,69903.95850000001,1.0288616998530056,0.999195594482792,0.10913902679774434,5.7158983325166976e-05,80.0,96.5509986324223,drop
random_avg,low,3600,1,0,5,72000.0,69923.95850000001,70013.7859,69903.95850000001,1.0283689345616303,0.9987170375413426,0.15711184653440569,5.713160747564613e-05,80.0,94.95108279106125,drop
clustered,low,3600,1,0,10,72000.0,69923.95850000001,70020.209,69903.95850000001,1.0282745657043098,0.9986253897071344,0.16630031044664317,2.856318238067527e-05,90.0,94.54922528967127,drop
random_avg,low,3600,1,0,10,72000.0,69923.95850000001,70020.209,69903.95850000001,1.0282745657043098,0.9986253897071344,0.16630031044664761,2.856318238067527e-05,90.0,94.54922528967114,drop
clustered,low,3600,1,0,20,72000.0,69923.95850000001,70019.209,69903.95850000001,1.0282892513110224,0.998639651870389,0.1648697762945739,1.4281795157097533e-05,95.0,94.54922528967127,drop
random_avg,low,3600,1,0,20,72000.0,69923.95850000001,70019.20899999999,69903.95850000001,1.0282892513110224,0.9986396518703891,0.16486977629456057,1.4281795157097536e-05,95.0,94.54922528967168,drop
clustered,low,3600,1,0.001,2,72000.0,69923.97850000001,69957.921,69903.95850000001,1.0291901041484637,0.9995148154845827,0.07719519918174544,0.0001432289561606612,50.0,97.90354818833548,drop
random_avg,low,3600,1,0.001,2,72000.0,69923.97850000001,69972.6252,69903.95850000001,1.028973858609365,0.9993048050897679,0.09823005946078656,0.0001431988619898033,50.0,97.20202581866872,drop
clustered,low,3600,1,0.001,5,72000.0,69923.97850000001,69980.27100000001,69903.95850000001,1.028861405809646,0.999195594712687,0.10916763748078928,5.744476182437189e-05,80.0,96.5509986324223,drop
random_avg,low,3600,1,0.001,5,72000.0,69923.97850000001,70013.8059,69903.95850000001,1.028368640799853,0.9987170379078214,0.15714045721745507,5.741724911132511e-05,80.0,94.95108279106125,drop
clustered,low,3600,1,0.001,10,72000.0,69923.97850000001,70020.229,69903.95850000001,1.028274271996454,0.9986253900997668,0.1663289211296881,2.8848805964344958e-05,90.0,94.54922528967127,drop
random_avg,low,3600,1,0.001,10,72000.0,69923.97850000001,70020.229,69903.95850000001,1.028274271996454,0.9986253900997668,0.16632892112969255,2.8848805964344958e-05,90.0,94.54922528967114,drop
clustered,low,3600,1,0.001,20,72000.0,69923.97850000001,70019.229,69903.95850000001,1.0282889575947771,0.9986396522589531,0.16489838697761883,1.4567426899259344e-05,95.0,94.54922528967127,drop
random_avg,low,3600,1,0.001,20,72000.0,69923.97850000001,70019.22899999999,69903.95850000001,1.0282889575947773,0.9986396522589532,0.1648983869776055,1.4567426899259347e-05,95.0,94.54922528967168,drop
clustered,low,3600,1,0.01,2,72000.0,69924.1585,69958.101,69903.95850000001,1.029187456074601,0.9995148167329472,0.07745269532910548,0.00014580155627723514,50.0,97.90354818833548,drop
random_avg,low,3600,1,0.01,2,72000.0,69924.1585,69972.80519999999,69903.95850000001,1.0289712116480911,0.9993048068780301,0.09848755560815103,0.00014577092165014624,50.0,97.20202581866872,drop
clustered,low,3600,1,0.01,5,72000.0,69924.1585,69980.451,69903.95850000001,1.028858759426972,0.9991955967817355,0.10942513362814932,6.001676096657337e-05,80.0,96.5509986324223,drop
random_avg,low,3600,1,0.01,5,72000.0,69924.1585,70013.9859,69903.95850000001,1.028365996951408,0.9987170412061218,0.15739795336482842,5.998801648883214e-05,80.0,94.95108279106125,drop
clustered,low,3600,1,0.01,10,72000.0,69924.1585,70020.409,69903.95850000001,1.0282716286333031,0.9986253936334477,0.16658641727704815,3.141941087490649e-05,90.0,94.54922528967127,drop
random_avg,low,3600,1,0.01,10,72000.0,69924.1585,70020.409,69903.95850000001,1.0282716286333031,0.9986253936334477,0.1665864172770526,3.141941087490649e-05,90.0,94.54922528967114,drop
clustered,low,3600,1,0.01,20,72000.0,69924.1585,70019.409,69903.95850000001,1.028286314156122,0.9986396557560205,0.16515588312497886,1.7138105235935367e-05,95.0,94.54922528967127,drop
random_avg,low,3600,1,0.01,20,72000.0,69924.1585,70019.40899999999,69903.95850000001,1.0282863141561223,0.9986396557560206,0.16515588312496554,1.713810523593537e-05,95.0,94.54922528967168,drop
clustered,low,3600,5,0,2,72000.0,70003.95850000001,69997.901,69903.95850000001,1.0286022719452688,1.0000865383091988,0.1343879545819826,0.0007143071332953256,50.0,97.90354818833548,drop
random_avg,low,3600,5,0,2,72000.0,70003.95850000001,70012.60519999999,69903.95850000001,1.0283862733137872,0.999876527764278,0.15542281486102816,0.0007141571342456855,50.0,97.20202581866872,drop
clustered,low,3600,5,0,5,72000.0,70003.95850000001,69996.251,69903.95850000001,1.0286265188688462,1.000110113040197,0.13202757323105274,0.00028572958857467953,80.0,96.5509986324223,conditional
random_avg,low,3600,5,0,5,72000.0,70003.95850000001,70029.7859,69903.95850000001,1.0281339787661348,0.999631227527561,0.18000039296773185,0.00028559277187948187,80.0,94.95108279106125,drop
clustered,low,3600,5,0,10,72000.0,70003.95850000001,70028.209,69903.95850000001,1.0281570959497193,0.9996537038381205,0.17774458366330848,0.00014279959665968324,90.0,94.54922528967127,drop
random_avg,low,3600,5,0,10,72000.0,70003.95850000001,70028.209,69903.95850000001,1.0281570959497193,0.9996537038381205,0.17774458366331292,0.00014279959665968324,90.0,94.54922528967114,drop
clustered,low,3600,5,0,20,72000.0,70003.95850000001,70023.209,69903.95850000001,1.0282305114008699,0.9997250840075039,0.17059191290289544,7.140489662506041e-05,95.0,94.54922528967127,drop
random_avg,low,3600,5,0,20,72000.0,70003.95850000001,70023.20899999999,69903.95850000001,1.02823051140087,0.999725084007504,0.17059191290288211,7.140489662506042e-05,95.0,94.54922528967168,drop
clustered,low,3600,5,0.001,2,72000.0,70003.97850000001,69997.921,69903.95850000001,1.0286019780501767,1.0000865382844728,0.13441656526502754,0.0007145926519731922,50.0,97.90354818833548,drop
random_avg,low,3600,5,0.001,2,72000.0,70003.97850000001,70012.6252,69903.95850000001,1.0283859795421049,0.999876527799541,0.15545142554408642,0.0007144425930096678,50.0,97.20202581866872,drop
clustered,low,3600,5,0.001,5,72000.0,70003.97850000001,69996.27100000001,69903.95850000001,1.028626224959898,1.0001101130087344,0.13205618391409768,0.00028601523644023835,80.0,96.5509986324223,conditional
random_avg,low,3600,5,0.001,5,72000.0,70003.97850000001,70029.8059,69903.95850000001,1.0281336851385758,0.99963122763287,0.1800290036507768,0.00028587828300658734,80.0,94.95108279106125,drop
clustered,low,3600,5,0.001,10,72000.0,70003.97850000001,70028.229,69903.95850000001,1.028156802308966,0.9996537039370224,0.1777731943463534,0.00014308515498799774,90.0,94.54922528967127,drop
random_avg,low,3600,5,0.001,10,72000.0,70003.97850000001,70028.229,69903.95850000001,1.028156802308966,0.9996537039370224,0.17777319434635785,0.00014308515498799774,90.0,94.54922528967114,drop
clustered,low,3600,5,0.001,20,72000.0,70003.97850000001,70023.229,69903.95850000001,1.0282302177181804,0.9997250840860253,0.17062052358594038,7.16904957353509e-05,95.0,94.54922528967127,drop
random_avg,low,3600,5,0.001,20,72000.0,70003.97850000001,70023.22899999999,69903.95850000001,1.0282302177181806,0.9997250840860255,0.17062052358592705,7.169049573535091e-05,95.0,94.54922528967168,drop
clustered,low,3600,5,0.01,2,72000.0,70004.1585,69998.101,69903.95850000001,1.0285993330019054,1.00008653806194,0.13467406141238758,0.000717162312731884,50.0,97.90354818833548,drop
random_avg,low,3600,5,0.01,2,72000.0,70004.1585,70012.80519999999,69903.95850000001,1.0283833356045162,0.9998765281169062,0.15570892169144646,0.0007170117145464821,50.0,97.20202581866872,drop
clustered,low,3600,5,0.01,5,72000.0,70004.1585,69996.451,69903.95850000001,1.0286235797869236,1.0001101127255725,0.13231368006147992,0.00028858605988466474,80.0,96.5509986324223,conditional
random_avg,low,3600,5,0.01,5,72000.0,70004.1585,70029.9859,69903.95850000001,1.0281310424980936,0.9996312285806499,0.18028649979813682,0.00028844787581196516,80.0,94.95108279106125,drop
clustered,low,3600,5,0.01,10,72000.0,70004.1585,70028.409,69903.95850000001,1.0281541595497337,0.9996537048271368,0.17803069049371345,0.00014565517260287892,90.0,94.54922528967127,drop
random_avg,low,3600,5,0.01,10,72000.0,70004.1585,70028.409,69903.95850000001,1.0281541595497337,0.9996537048271368,0.1780306904937179,0.00014565517260287892,90.0,94.54922528967114,drop
clustered,low,3600,5,0.01,20,72000.0,70004.1585,70023.409,69903.95850000001,1.0282275745815233,0.9997250847927156,0.1708780197333004,7.426088038644334e-05,95.0,94.54922528967127,drop
random_avg,low,3600,5,0.01,20,72000.0,70004.1585,70023.40899999999,69903.95850000001,1.0282275745815235,0.9997250847927157,0.1708780197332871,7.426088038644336e-05,95.0,94.54922528967168,drop
clustered,low,3600,30,0,2,72000.0,70503.95850000001,70247.901,69903.95850000001,1.0249416562638647,1.0036450555298444,0.4920214926025901,0.0042705902344327695,50.0,97.90354818833548,drop
random_avg,low,3600,30,0,2,72000.0,70503.95850000001,70262.60519999999,69903.95850000001,1.0247271920308862,1.0034350475106548,0.5130563528816312,0.004269696633462026,50.0,97.20202581866872,drop
clustered,low,3600,30,0,5,72000.0,70503.95850000001,70096.251,69903.95850000001,1.0271590701762352,1.0058163952306094,0.2750809884392913,0.0017119317836270587,80.0,96.5509986324223,conditional
random_avg,low,3600,30,0,5,72000.0,70503.95850000001,70129.7859,69903.95850000001,1.0266679340117602,1.005335464067304,0.3230538081759704,0.0017111132233529338,80.0,94.95108279106125,conditional
clustered,low,3600,30,0,10,72000.0,70503.95850000001,70078.209,69903.95850000001,1.027423517630138,1.0060753479016566,0.24927129126741665,0.0008561862646917817,90.0,94.54922528967127,conditional
random_avg,low,3600,30,0,10,72000.0,70503.95850000001,70078.209,69903.95850000001,1.027423517630138,1.0060753479016566,0.2492712912674211,0.0008561862646917817,90.0,94.54922528967114,conditional
clustered,low,3600,30,0,20,72000.0,70503.95850000001,70048.209,69903.95850000001,1.0278635389521522,1.006506226304801,0.20635526670496063,0.0004282764745633967,95.0,94.54922528967127,conditional
random_avg,low,3600,30,0,20,72000.0,70503.95850000001,70048.20899999999,69903.95850000001,1.0278635389521524,1.0065062263048012,0.2063552667049473,0.00042827647456339683,95.0,94.54922528967168,conditional
clustered,low,3600,30,0.001,2,72000.0,70503.97850000001,70247.921,69903.95850000001,1.0249413644568925,1.0036450544920754,0.49205010328563503,0.004270873724504957,50.0,97.90354818833548,drop
random_avg,low,3600,30,0.001,2,72000.0,70503.97850000001,70262.6252,69903.95850000001,1.024726900346011,1.0034350465328725,0.5130849635646761,0.004269980064469587,50.0,97.20202581866872,drop
clustered,low,3600,30,0.001,5,72000.0,70503.97850000001,70096.27100000001,69903.95850000001,1.0271587771052755,1.0058163935710647,0.27510959912233623,0.0017122166170579884,80.0,96.5509986324223,conditional
random_avg,low,3600,30,0.001,5,72000.0,70503.97850000001,70129.8059,69903.95850000001,1.0266676412209876,1.0053354625456976,0.32308241885901534,0.0017113979208242072,80.0,94.95108279106125,conditional
clustered,low,3600,30,0.001,10,72000.0,70503.97850000001,70078.229,69903.95850000001,1.0274232244082537,1.0060753461677807,0.2492999019504616,0.0008564714156803248,90.0,94.54922528967127,conditional
random_avg,low,3600,30,0.001,10,72000.0,70503.97850000001,70078.229,69903.95850000001,1.0274232244082537,1.0060753461677807,0.24929990195046603,0.0008564714156803248,90.0,94.54922528967114,conditional
clustered,low,3600,30,0.001,20,72000.0,70503.97850000001,70048.229,69903.95850000001,1.0278632454790542,1.0065062244471592,0.20638387738800557,0.0004285618698511278,95.0,94.54922528967127,conditional
random_avg,low,3600,30,0.001,20,72000.0,70503.97850000001,70048.22899999999,69903.95850000001,1.0278632454790542,1.0065062244471594,0.20638387738799224,0.0004285618698511279,95.0,94.54922528967168,conditional
clustered,low,3600,30,0.01,2,72000.0,70504.1585,70248.101,69903.95850000001,1.0249387382016206,1.0036450451521814,0.49230759943299507,0.004273425127890646,50.0,97.90354818833548,drop
random_avg,low,3600,30,0.01,2,72000.0,70504.1585,70262.80519999999,69903.95850000001,1.024724275189608,1.0034350377328576,0.5133424597120406,0.004272530936276672,50.0,97.20202581866872,drop
clustered,low,3600,30,0.01,5,72000.0,70504.1585,70096.451,69903.95850000001,1.0271561394741653,1.0058163786352037,0.2753670952697185,0.0017147801106221483,80.0,96.5509986324223,conditional
random_avg,low,3600,30,0.01,5,72000.0,70504.1585,70129.9859,69903.95850000001,1.0266650061115492,1.0053354488512798,0.3233399150063754,0.0017139601907584477,80.0,94.95108279106125,conditional
clustered,low,3600,30,0.01,10,72000.0,70504.1585,70078.409,69903.95850000001,1.027420585418827,1.0060753305629413,0.24955739809784383,0.0008590377672529637,90.0,94.54922528967127,conditional
random_avg,low,3600,30,0.01,10,72000.0,70504.1585,70078.409,69903.95850000001,1.027420585418827,1.0060753305629413,0.24955739809784827,0.0008590377672529637,90.0,94.54922528967114,conditional
clustered,low,3600,30,0.01,20,72000.0,70504.1585,70048.409,69903.95850000001,1.0278606042287128,1.0065062077284297,0.2066413735353656,0.0004311304201070434,95.0,94.54922528967127,conditional
random_avg,low,3600,30,0.01,20,72000.0,70504.1585,70048.40899999999,69903.95850000001,1.027860604228713,1.00650620772843,0.20664137353535228,0.0004311304201070435,95.0,94.54922528967168,conditional
clustered,low,3600,120,0,2,72000.0,72303.95850000001,71147.901,69903.95850000001,1.0119764460795548,1.0162486522265781,1.779502229476737,0.016866274101325913,50.0,97.90354818833548,drop
random_avg,low,3600,120,0,2,72000.0,72303.95850000001,71162.60519999999,69903.95850000001,1.0117673724205716,1.0160386959326535,1.8005370897557826,0.01686278954034286,50.0,97.20202581866872,drop
clustered,low,3600,120,0,5,72000.0,72303.95850000001,70456.251,69903.95850000001,1.0219107457193541,1.026224890961059,0.7900732831889634,0.006812738304795694,80.0,96.5509986324223,conditional
random_avg,low,3600,120,0,5,72000.0,72303.95850000001,70489.7859,69903.95850000001,1.0214246143448515,1.0257367073120647,0.8380461029256203,0.006809497428965677,80.0,94.95108279106125,conditional
clustered,low,3600,120,0,10,72000.0,72303.95850000001,70258.209,69903.95850000001,1.0247912809733024,1.0291175868146596,0.5067674386422638,0.0034159709365776743,90.0,94.54922528967127,conditional
random_avg,low,3600,120,0,10,72000.0,72303.95850000001,70258.209,69903.95850000001,1.0247912809733024,1.0291175868146596,0.5067674386422683,0.0034159709365776743,90.0,94.54922528967114,conditional
clustered,low,3600,120,0,20,72000.0,72303.95850000001,70138.209,69903.95850000001,1.0265446042398945,1.0308783119911147,0.3351033403923731,0.0017109076737331574,95.0,94.54922528967127,conditional
random_avg,low,3600,120,0,20,72000.0,72303.95850000001,70138.20899999999,69903.95850000001,1.0265446042398947,1.030878311991115,0.3351033403923598,0.0017109076737331576,95.0,94.54922528967168,conditional
clustered,low,3600,120,0.001,2,72000.0,72303.97850000001,71147.921,69903.95850000001,1.0119761616084326,1.0162486476590091,1.779530840159782,0.01686655046462988,50.0,97.90354818833548,drop
random_avg,low,3600,120,0.001,2,72000.0,72303.97850000001,71162.6252,69903.95850000001,1.0117670880669722,1.0160386914250272,1.8005657004388276,0.016863065847529553,50.0,97.20202581866872,drop
clustered,low,3600,120,0.001,5,72000.0,72303.97850000001,70456.27100000001,69903.95850000001,1.0219104556356664,1.0262248835167562,0.7901018938720084,0.006813020234919897,80.0,96.5509986324223,conditional
random_avg,low,3600,120,0.001,5,72000.0,72303.97850000001,70489.8059,69903.95850000001,1.0214243245370789,1.0257367000098052,0.8380747136086741,0.006809779225892897,80.0,94.95108279106125,conditional
clustered,low,3600,120,0.001,10,72000.0,72303.97850000001,70258.229,69903.95850000001,1.0247909892519493,1.0291175785259261,0.5067960493253088,0.0034162546283368457,90.0,94.54922528967127,conditional
random_avg,low,3600,120,0.001,10,72000.0,72303.97850000001,70258.229,69903.95850000001,1.0247909892519493,1.0291175785259261,0.5067960493253132,0.0034162546283368457,90.0,94.54922528967114,conditional
clustered,low,3600,120,0.001,20,72000.0,72303.97850000001,70138.229,69903.95850000001,1.026544311519471,1.030878303186127,0.33513195107541804,0.0017111923370634293,95.0,94.54922528967127,conditional
random_avg,low,3600,120,0.001,20,72000.0,72303.97850000001,70138.22899999999,69903.95850000001,1.0265443115194712,1.0308783031861273,0.3351319510754047,0.0017111923370634295,95.0,94.54922528967168,conditional
clustered,low,3600,120,0.01,2,72000.0,72304.1585,71148.101,69903.95850000001,1.0119736013755307,1.0162486065510028,1.779788336307142,0.01686903772737378,50.0,97.90354818833548,drop
random_avg,low,3600,120,0.01,2,72000.0,72304.1585,71162.80519999999,69903.95850000001,1.0117645288917703,1.0160386508565056,1.8008231965861876,0.016865552605220872,50.0,97.20202581866872,drop
clustered,low,3600,120,0.01,5,72000.0,72304.1585,70456.451,69903.95850000001,1.0219078448898882,1.0262248165182206,0.7903593900193684,0.006815557598835059,80.0,96.5509986324223,conditional
random_avg,low,3600,120,0.01,5,72000.0,72304.1585,70489.9859,69903.95850000001,1.0214217162745263,1.0257366342896581,0.8383322097560475,0.006812315391042049,80.0,94.95108279106125,conditional
clustered,low,3600,120,0.01,10,72000.0,72304.1585,70258.409,69903.95850000001,1.0247883637672468,1.029117503927537,0.5070535454726688,0.0034188078469012868,90.0,94.54922528967127,conditional
random_avg,low,3600,120,0.01,10,72000.0,72304.1585,70258.409,69903.95850000001,1.0247883637672468,1.029117503927537,0.5070535454726732,0.0034188078469012868,90.0,94.54922528967114,conditional
clustered,low,3600,120,0.01,20,72000.0,72304.1585,70138.409,69903.95850000001,1.0265416770431732,1.0308782239414642,0.3353894472227781,0.0017137542997304087,95.0,94.54922528967127,conditional
random_avg,low,3600,120,0.01,20,72000.0,72304.1585,70138.40899999999,69903.95850000001,1.0265416770431735,1.0308782239414644,0.33538944722276476,0.0017137542997304092,95.0,94.54922528967168,conditional
clustered,low,43200,1,0,2,864000.0,838867.5020000001,839384.812,838847.5020000001,1.0293252720898647,0.9993837034068233,0.0640533587712655,1.1913486945484546e-05,50.0,97.90354818833524,drop
random_avg,low,43200,1,0,2,864000.0,838867.5020000001,839561.2624,838847.5020000001,1.0291089697561335,0.9991736929920385,0.08508821905032882,1.1910983446251544e-05,50.0,97.20202581866835,drop
clustered,low,43200,1,0,5,864000.0,838867.5020000001,839719.0119999999,838847.5020000001,1.028915610642385,0.9989859584124793,0.10389373490675702,4.763498197418449e-06,80.0,96.55099863242299,drop
random_avg,low,43200,1,0,5,864000.0,838867.5020000001,840121.4308,838847.5020000001,1.0284227937235233,0.9985074768179553,0.15186655464342724,4.761216637608904e-06,80.0,94.95108279106154,drop
clustered,low,43200,1,0,10,864000.0,838867.5020000001,840220.5080000001,838847.5020000001,1.028301489637051,0.998389701290176,0.16367766450118282,2.380327522307989e-06,90.0,94.5492252896708,drop
random_avg,low,43200,1,0,10,864000.0,838867.5020000001,840220.5079999999,838847.5020000001,1.0283014896370515,0.9983897012901762,0.16367766450115173,2.3803275223079892e-06,90.0,94.54922528967145,drop
clustered,low,43200,1,0,20,864000.0,838867.5020000001,840219.508,838847.5020000001,1.0283027134856764,0.9983908895388324,0.1635584533218104,1.1901651776454588e-06,95.0,94.54922528967127,drop
random_avg,low,43200,1,0,20,864000.0,838867.5020000001,840219.5080000001,838847.5020000001,1.0283027134856761,0.9983908895388321,0.1635584533218415,1.1901651776454586e-06,95.0,94.54922528967053,drop
clustered,low,43200,1,0.001,2,864000.0,838867.5220000001,839384.832,838847.5020000001,1.029325247564159,0.9993837034215077,0.06405574299486183,1.1937313634945454e-05,50.0,97.90354818833524,drop
random_avg,low,43200,1,0.001,2,864000.0,838867.5220000001,839561.2824,838847.5020000001,1.0291089452407334,0.9991736930117221,0.08509060327391182,1.1934805128833506e-05,50.0,97.20202581866835,drop
clustered,low,43200,1,0.001,5,864000.0,838867.5220000001,839719.0319999999,838847.5020000001,1.0289155861361972,0.9989859584366313,0.10389611913033114,4.787315574383695e-06,80.0,96.55099863242299,drop
random_avg,low,43200,1,0.001,5,864000.0,838867.5220000001,840121.4508,838847.5020000001,1.0284227692408046,0.9985074768534857,0.15186893886702357,4.785022606884298e-06,80.0,94.95108279106154,drop
clustered,low,43200,1,0.001,10,864000.0,838867.5220000001,840220.5280000002,838847.5020000001,1.0283014651601083,0.9983897013285064,0.16368004872475694,2.404130740304883e-06,90.0,94.5492252896708,drop
random_avg,low,43200,1,0.001,10,864000.0,838867.5220000001,840220.5279999999,838847.5020000001,1.0283014651601086,0.9983897013285066,0.16368004872474362,2.4041307403048837e-06,90.0,94.54922528967145,drop
clustered,low,43200,1,0.001,20,864000.0,838867.5220000001,840219.528,838847.5020000001,1.0283026890086753,0.9983908895771345,0.16356083754540673,1.2139684523019084e-06,95.0,94.54922528967127,drop
random_avg,low,43200,1,0.001,20,864000.0,838867.5220000001,840219.5280000002,838847.5020000001,1.028302689008675,0.9983908895771343,0.16356083754543338,1.2139684523019082e-06,95.0,94.54922528967053,drop
clustered,low,43200,1,0.01,2,864000.0,838867.702,839385.012,838847.5020000001,1.0293250268328593,0.999383703553668,0.06407720100713998,1.2151753788999033e-05,50.0,97.90354818833524,drop
random_avg,low,43200,1,0.01,2,864000.0,838867.702,839561.4624,838847.5020000001,1.0291087246021864,0.999173693188874,0.08511206128618998,1.2149200220998035e-05,50.0,97.20202581866835,drop
clustered,low,43200,1,0.01,5,864000.0,838867.702,839719.2119999998,838847.5020000001,1.0289153655805605,0.9989859586539985,0.1039175771426093,5.001671916016614e-06,80.0,96.55099863242299,drop
random_avg,low,43200,1,0.01,5,864000.0,838867.702,840121.6307999999,838847.5020000001,1.0284225488963876,0.9985074771732586,0.15189039687930173,4.99927627935744e-06,80.0,94.95108279106154,drop
clustered,low,43200,1,0.01,10,864000.0,838867.702,840220.7080000001,838847.5020000001,1.0283012448676758,0.9983897016734797,0.1637015067370351,2.618359651283434e-06,90.0,94.5492252896708,drop
random_avg,low,43200,1,0.01,10,864000.0,838867.702,840220.7079999999,838847.5020000001,1.028301244867676,0.99838970167348,0.16370150673702177,2.6183596512834346e-06,90.0,94.54922528967145,drop
clustered,low,43200,1,0.01,20,864000.0,838867.702,840219.708,838847.5020000001,1.0283024687157183,0.9983908899218537,0.1635822955576849,1.4281978732162754e-06,95.0,94.54922528967127,drop
random_avg,low,43200,1,0.01,20,864000.0,838867.702,840219.7080000001,838847.5020000001,1.0283024687157183,0.9983908899218534,0.16358229555771153,1.4281978732162752e-06,95.0,94.54922528967053,drop
clustered,low,43200,5,0,2,864000.0,838947.5020000001,839424.812,838847.5020000001,1.02927622301448,0.9994313844513808,0.06882180594487419,5.956459623926389e-05,50.0,97.90354818833524,drop
random_avg,low,43200,5,0,2,864000.0,838947.5020000001,839601.2624,838847.5020000001,1.0290599412909665,0.9992213740212071,0.08985666622393751,5.955207993581981e-05,50.0,97.20202581866835,drop
clustered,low,43200,5,0,5,864000.0,838947.5020000001,839735.0119999999,838847.5020000001,1.028896006065304,0.99906219225262,0.10580111377618273,2.3817037177437594e-05,80.0,96.55099863242299,drop
random_avg,low,43200,5,0,5,864000.0,838947.5020000001,840137.4308,838847.5020000001,1.0284032079210126,0.9985836832570835,0.15377393351287516,2.38056298129864e-05,80.0,94.95108279106154,drop
clustered,low,43200,5,0,10,864000.0,838947.5020000001,840228.5080000001,838847.5020000001,1.0282916989529232,0.9984754075970962,0.16463135393589567,1.1901524293436611e-05,90.0,94.5492252896708,drop
random_avg,low,43200,5,0,10,864000.0,838947.5020000001,840228.5079999999,838847.5020000001,1.0282916989529236,0.9984754075970963,0.1646313539358779,1.1901524293436614e-05,90.0,94.54922528967145,drop
clustered,low,43200,5,0,20,864000.0,838947.5020000001,840223.508,838847.5020000001,1.0282978181086548,0.9984813493221141,0.16403529803918904,5.95079755849916e-06,95.0,94.54922528967127,drop
random_avg,low,43200,5,0,20,864000.0,838947.5020000001,840223.5080000001,838847.5020000001,1.0282978181086548,0.9984813493221137,0.16403529803920236,5.9507975584991596e-06,95.0,94.54922528967053,drop
clustered,low,43200,5,0.001,2,864000.0,838947.5220000001,839424.832,838847.5020000001,1.0292761984911116,0.9994313844649285,0.06882419016847052,5.9588420658015514e-05,50.0,97.90354818833524,drop
random_avg,low,43200,5,0.001,2,864000.0,838947.5220000001,839601.2824,838847.5020000001,1.0290599167779022,0.999221374039754,0.08985905044752052,5.957589934864662e-05,50.0,97.20202581866835,drop
clustered,low,43200,5,0.001,5,864000.0,838947.5220000001,839735.0319999999,838847.5020000001,1.0288959815600502,0.9990621922749559,0.10580349799977906,2.3840853646796532e-05,80.0,96.55099863242299,drop
random_avg,low,43200,5,0.001,5,864000.0,838947.5220000001,840137.4508,838847.5020000001,1.0284031834392262,0.998583683290799,0.1537763177364715,2.382943487552466e-05,80.0,94.95108279106154,drop
clustered,low,43200,5,0.001,10,864000.0,838947.5220000001,840228.5280000002,838847.5020000001,1.0282916744764465,0.998475407633386,0.164633738159492,1.1925327058164344e-05,90.0,94.5492252896708,drop
random_avg,low,43200,5,0.001,10,864000.0,838947.5220000001,840228.5279999999,838847.5020000001,1.0282916744764468,0.9984754076333863,0.16463373815946092,1.1925327058164348e-05,90.0,94.54922528967145,drop
clustered,low,43200,5,0.001,20,864000.0,838947.5220000001,840223.528,838847.5020000001,1.028297793631887,0.9984813493582627,0.16403768226276316,5.974600606518601e-06,95.0,94.54922528967127,drop
random_avg,low,43200,5,0.001,20,864000.0,838947.5220000001,840223.5280000002,838847.5020000001,1.0282977936318867,0.9984813493582625,0.16403768226279425,5.974600606518601e-06,95.0,94.54922528967053,drop
clustered,low,43200,5,0.01,2,864000.0,838947.702,839425.012,838847.5020000001,1.029275977780848,0.9994313845868582,0.06884564818074868,5.980284037569279e-05,50.0,97.90354818833524,drop
random_avg,low,43200,5,0.01,2,864000.0,838947.702,839601.4624,838847.5020000001,1.029059696160378,0.9992213742066752,0.08988050845979867,5.979027401302197e-05,50.0,97.20202581866835,drop
clustered,low,43200,5,0.01,5,864000.0,838947.702,839735.2119999998,838847.5020000001,1.0288957610128182,0.999062192475978,0.10582495601205721,2.4055201819975607e-05,80.0,96.55099863242299,drop
random_avg,low,43200,5,0.01,5,864000.0,838947.702,840137.6307999999,838847.5020000001,1.0284029631032021,0.9985836835942385,0.15379777574873632,2.4043680387366527e-05,80.0,94.95108279106154,drop
clustered,low,43200,5,0.01,10,864000.0,838947.702,840228.7080000001,838847.5020000001,1.0282914541882089,0.9984754079599956,0.16465519617177016,1.213955188972191e-05,90.0,94.5492252896708,drop
random_avg,low,43200,5,0.01,10,864000.0,838947.702,840228.7079999999,838847.5020000001,1.028291454188209,0.9984754079599957,0.16465519617173907,1.2139551889721913e-05,90.0,94.54922528967145,drop
clustered,low,43200,5,0.01,20,864000.0,838947.702,840223.708,838847.5020000001,1.0282975733410273,0.9984813496836012,0.16405914027504132,6.188827987700628e-06,95.0,94.54922528967127,drop
random_avg,low,43200,5,0.01,20,864000.0,838947.702,840223.7080000001,838847.5020000001,1.0282975733410273,0.998481349683601,0.16405914027506796,6.1888279877006275e-06,95.0,94.54922528967053,drop
clustered,low,43200,30,0,2,864000.0,839447.5020000001,839674.812,838847.5020000001,1.0289697721693716,0.999729288056815,0.09862460077993962,0.0003572811708921429,50.0,97.90354818833524,drop
random_avg,low,43200,30,0,2,864000.0,839447.5020000001,839851.2624,838847.5020000001,1.0287536191930045,0.9995192775521144,0.11965946105898517,0.0003572061177753487,50.0,97.20202581866835,drop
clustered,low,43200,30,0,5,864000.0,839447.5020000001,839835.0119999999,838847.5020000001,1.0287734943824896,0.9995385879435094,0.11772223171020446,0.00014288520755312357,80.0,96.55099863242299,drop
random_avg,low,43200,30,0,5,864000.0,839447.5020000001,840237.4308,838847.5020000001,1.0282808135549575,0.999059907746802,0.1656950514468969,0.00014281677966041076,80.0,94.95108279106154,drop
clustered,low,43200,30,0,10,864000.0,839447.5020000001,840278.5080000001,838847.5020000001,1.0282305114008699,0.9990110350412532,0.17059191290291764,7.14048966250604e-05,90.0,94.5492252896708,drop
random_avg,low,43200,30,0,10,864000.0,839447.5020000001,840278.5079999999,838847.5020000001,1.02823051140087,0.9990110350412533,0.17059191290288656,7.140489662506042e-05,90.0,94.54922528967145,drop
clustered,low,43200,30,0,20,864000.0,839447.5020000001,840248.508,838847.5020000001,1.0282672230582526,0.9990467034545453,0.16701557752267782,3.5703723022855996e-05,95.0,94.54922528967127,drop
random_avg,low,43200,30,0,20,864000.0,839447.5020000001,840248.5080000001,838847.5020000001,1.0282672230582526,0.9990467034545449,0.1670155775227089,3.570372302285599e-05,95.0,94.54922528967053,drop
clustered,low,43200,30,0.001,2,864000.0,839447.5220000001,839674.832,838847.5020000001,1.028969747660604,0.9997292880632631,0.09862698500351375,0.0003573049811263129,50.0,97.90354818833524,drop
random_avg,low,43200,30,0.001,2,864000.0,839447.5220000001,839851.2824,838847.5020000001,1.0287535946945319,0.9995192775635615,0.11966184528257706,0.00035722992300955256,50.0,97.20202581866835,drop
clustered,low,43200,30,0.001,5,864000.0,839447.5220000001,839835.0319999999,838847.5020000001,1.0287734698830713,0.9995385879544975,0.11772461593380079,0.0001429090183511183,80.0,96.55099863242299,drop
random_avg,low,43200,30,0.001,5,864000.0,839447.5220000001,840237.4508,838847.5020000001,1.0282807890789982,0.999059907769178,0.16569743567049322,0.00014284057905701545,80.0,94.95108279106154,drop
clustered,low,43200,30,0.001,10,864000.0,839447.5220000001,840278.5280000002,838847.5020000001,1.0282304869273058,0.9990110350647922,0.17059429712649177,7.14286965571492e-05,90.0,94.5492252896708,drop
random_avg,low,43200,30,0.001,10,864000.0,839447.5220000001,840278.5279999999,838847.5020000001,1.0282304869273062,0.9990110350647924,0.17059429712647844,7.142869655714921e-05,90.0,94.54922528967145,drop
clustered,low,43200,30,0.001,20,864000.0,839447.5220000001,840248.528,838847.5020000001,1.028267198582941,0.999046703477236,0.16701796174627415,3.5727524654467466e-05,95.0,94.54922528967127,drop
random_avg,low,43200,30,0.001,20,864000.0,839447.5220000001,840248.5280000002,838847.5020000001,1.028267198582941,0.9990467034772358,0.1670179617463008,3.572752465446746e-05,95.0,94.54922528967053,drop
clustered,low,43200,30,0.01,2,864000.0,839447.702,839675.012,838847.5020000001,1.0289695270817467,0.9997292881212952,0.0986484430157919,0.00035751927318280135,50.0,97.90354818833524,drop
random_avg,low,43200,30,0.01,2,864000.0,839447.702,839851.4624,838847.5020000001,1.0287533742083312,0.9995192776665853,0.11968330329484189,0.0003574441700663669,50.0,97.20202581866835,drop
clustered,low,43200,30,0.01,5,864000.0,839447.702,839835.2119999998,838847.5020000001,1.0287732493883577,0.9995385880533909,0.11774607394607894,0.00014312331548203773,80.0,96.55099863242299,drop
random_avg,low,43200,30,0.01,5,864000.0,839447.702,840237.6307999999,838847.5020000001,1.028280568795417,0.9990599079705621,0.1657188936827536,0.00014305477357547352,80.0,94.95108279106154,drop
clustered,low,43200,30,0.01,10,864000.0,839447.702,840278.7080000001,838847.5020000001,1.0282302666652836,0.9990110352766429,0.17061575513876992,7.164289589496535e-05,90.0,94.5492252896708,drop
random_avg,low,43200,30,0.01,10,864000.0,839447.702,840278.7079999999,838847.5020000001,1.0282302666652838,0.9990110352766431,0.17061575513875216,7.164289589496538e-05,90.0,94.54922528967145,drop
clustered,low,43200,30,0.01,20,864000.0,839447.702,840248.708,838847.5020000001,1.02826697830519,0.9990467036814534,0.1670394197585523,3.594173928798234e-05,95.0,94.54922528967127,drop
random_avg,low,43200,30,0.01,20,864000.0,839447.702,840248.7080000001,838847.5020000001,1.0282669783051899,0.9990467036814532,0.16703941975857894,3.5941739287982334e-05,95.0,94.54922528967053,drop
clustered,low,43200,120,0,2,864000.0,841247.5020000001,840574.812,838847.5020000001,1.027868058459025,1.0008002738012094,0.20591466218611298,0.0014275945256375347,50.0,97.90354818833524,drop
random_avg,low,43200,120,0,2,864000.0,841247.5020000001,840751.2624,838847.5020000001,1.0276523680217797,1.0005902633364665,0.22694952246516298,0.0014272949555858053,50.0,97.20202581866835,drop
clustered,low,43200,120,0,5,864000.0,841247.5020000001,840195.0119999999,838847.5020000001,1.0283326937913315,1.0012526734686211,0.1606382562726827,0.0005712959409951842,80.0,96.55099863242299,conditional
random_avg,low,43200,120,0,5,864000.0,841247.5020000001,840597.4308,838847.5020000001,1.0278404349574424,1.0007733777344237,0.20861107600937512,0.0005710224638652458,80.0,94.95108279106154,conditional
clustered,low,43200,120,0,10,864000.0,841247.5020000001,840458.5080000001,838847.5020000001,1.0280102964940179,1.0009387661526297,0.19204992518413455,0.0002855584156927827,90.0,94.5492252896708,conditional
random_avg,low,43200,120,0,10,864000.0,841247.5020000001,840458.5079999999,838847.5020000001,1.028010296494018,1.0009387661526299,0.19204992518412123,0.0002855584156927828,90.0,94.54922528967145,conditional
clustered,low,43200,120,0,20,864000.0,841247.5020000001,840338.508,838847.5020000001,1.0281570959497193,1.0010816998047174,0.17774458366330848,0.00014279959665968324,95.0,94.54922528967127,conditional
random_avg,low,43200,120,0,20,864000.0,841247.5020000001,840338.5080000001,838847.5020000001,1.0281570959497193,1.0010816998047172,0.1777445836633218,0.0001427995966596832,95.0,94.54922528967053,conditional
clustered,low,43200,120,0.001,2,864000.0,841247.5220000001,840574.832,838847.5020000001,1.027868034002712,1.0008002737821682,0.20591704640970931,0.0014276182849119613,50.0,97.90354818833524,drop
random_avg,low,43200,120,0.001,2,864000.0,841247.5220000001,840751.2824,838847.5020000001,1.027652343575729,1.0005902633224244,0.22695190668875487,0.0014273187098816508,50.0,97.20202581866835,drop
clustered,low,43200,120,0.001,5,864000.0,841247.5220000001,840195.0319999999,838847.5020000001,1.0283326693129031,1.0012526734388025,0.16064064049627902,0.0005713197313930321,80.0,96.55099863242299,conditional
random_avg,low,43200,120,0.001,5,864000.0,841247.5220000001,840597.4508,838847.5020000001,1.0278404105024432,1.0007733777160221,0.20861346023295368,0.00057104624288123,80.0,94.95108279106154,conditional
clustered,low,43200,120,0.001,10,864000.0,841247.5220000001,840458.5280000002,838847.5020000001,1.0280102720309356,1.0009387661302902,0.19205230940773088,0.00028558220543155696,90.0,94.5492252896708,conditional
random_avg,low,43200,120,0.001,10,864000.0,841247.5220000001,840458.5279999999,838847.5020000001,1.028010272030936,1.0009387661302904,0.19205230940771312,0.000285582205431557,90.0,94.54922528967145,conditional
clustered,low,43200,120,0.001,20,864000.0,841247.5220000001,840338.528,838847.5020000001,1.0281570714796502,1.0010816997789729,0.1777469678869048,0.00014282339319327268,95.0,94.54922528967127,conditional
random_avg,low,43200,120,0.001,20,864000.0,841247.5220000001,840338.5280000002,838847.5020000001,1.02815707147965,1.0010816997789729,0.1777469678869137,0.00014282339319327266,95.0,94.54922528967053,conditional
clustered,low,43200,120,0.01,2,864000.0,841247.702,840575.012,838847.5020000001,1.0278678138959476,1.0008002736107984,0.20593850442196526,0.0014278321183309219,50.0,97.90354818833524,drop
random_avg,low,43200,120,0.01,2,864000.0,841247.702,840751.4624,838847.5020000001,1.0276521235613238,1.0005902631960462,0.22697336470102858,0.001427532498493404,50.0,97.20202581866835,drop
clustered,low,43200,120,0.01,5,864000.0,841247.702,840195.2119999998,838847.5020000001,1.0283324490071006,1.0012526731704348,0.16066209850855717,0.0005715338449226965,80.0,96.55099863242299,conditional
random_avg,low,43200,120,0.01,5,864000.0,841247.702,840597.6307999999,838847.5020000001,1.0278401904075019,1.000773377550409,0.2086349182452274,0.0005712602539741694,80.0,94.95108279106154,conditional
clustered,low,43200,120,0.01,10,864000.0,841247.702,840458.7080000001,838847.5020000001,1.0280100518632498,1.000938765929236,0.19207376742000903,0.00028579631302957475,90.0,94.5492252896708,conditional
random_avg,low,43200,120,0.01,10,864000.0,841247.702,840458.7079999999,838847.5020000001,1.02801005186325,1.0009387659292361,0.19207376741999127,0.0002857963130295748,90.0,94.54922528967145,conditional
clustered,low,43200,120,0.01,20,864000.0,841247.702,840338.708,838847.5020000001,1.02815685124908,1.0010816995472736,0.17776842589916075,0.0001430375619446058,95.0,94.54922528967127,conditional
random_avg,low,43200,120,0.01,20,864000.0,841247.702,840338.7080000001,838847.5020000001,1.0281568512490797,1.0010816995472733,0.17776842589919184,0.00014303756194460578,95.0,94.54922528967053,conditional
clustered,low,259200,1,0,2,5184000.0,5033105.012,5036258.8719999995,5033085.012,1.029335491235646,0.9993737692838758,0.06305993227677664,1.985600870439132e-06,50.0,97.9035481883354,drop
random_avg,low,259200,1,0,2,5184000.0,5033105.011999999,5037317.5744,5033085.011999999,1.0291191846077485,0.9991637588724173,0.08409479255585772,1.9851836122834654e-06,50.0,97.20202581866735,drop
clustered,low,259200,1,0,5,5184000.0,5033105.012,5038294.072000001,5033085.012,1.0289196950233117,0.9989700759967867,0.103496364308997,7.93919517764901e-07,80.0,96.55099863242177,drop
random_avg,low,259200,1,0,5,5184000.0,5033105.011999999,5040708.584799999,5033085.011999999,1.0284268741929468,0.9984916001111135,0.15146918404565834,7.935392547785083e-07,80.0,94.95108279106068,drop
clustered,low,259200,1,0,10,5184000.0,5033105.012,5041313.047999999,5033085.012,1.0283035293863785,0.9983718456041418,0.1634789792022362,3.9672204065832503e-07,90.0,94.54922528967205,drop
random_avg,low,259200,1,0,10,5184000.0,5033105.011999999,5041313.0479999995,5033085.011999999,1.0283035293863783,0.9983718456041415,0.16347897920228505,3.96722040658325e-07,90.0,94.54922528967074,drop
clustered,low,259200,1,0,20,5184000.0,5033105.012,5041312.047999999,5033085.012,1.0283037333617562,0.9983720436422391,0.1634591106723482,1.9836105967626471e-07,95.0,94.54922528967205,drop
random_avg,low,259200,1,0,20,5184000.0,5033105.011999999,5041312.047999999,5033085.011999999,1.0283037333617562,0.9983720436422389,0.16345911067237484,1.9836105967626471e-07,95.0,94.54922528967136,drop
clustered,low,259200,1,0.001,2,5184000.0,5033105.032,5036258.891999999,5033085.012,1.0293354871479472,0.9993737692863627,0.06306032964735753,1.9895720642790184e-06,50.0,97.9035481883354,drop
random_avg,low,259200,1,0.001,2,5184000.0,5033105.031999999,5037317.5944,5033085.011999999,1.0291191805217674,0.9991637588757373,0.08409518992643861,1.9891539716103605e-06,50.0,97.20202581866735,drop
clustered,low,259200,1,0.001,5,5184000.0,5033105.032,5038294.092,5033085.012,1.0289196909389147,0.998970076000875,0.10349676167957789,7.978891121864268e-07,80.0,96.55099863242177,drop
random_avg,low,259200,1,0.001,5,5184000.0,5033105.031999999,5040708.604799999,5033085.011999999,1.0284268701124613,0.9984916001170983,0.1514695814162481,7.975069478881353e-07,80.0,94.95108279106068,drop
clustered,low,259200,1,0.001,10,5184000.0,5033105.032,5041313.067999998,5033085.012,1.028303525306872,0.9983718456106011,0.16347937657281708,4.0068925947528573e-07,90.0,94.54922528967205,drop
random_avg,low,259200,1,0.001,10,5184000.0,5033105.031999999,5041313.067999999,5033085.011999999,1.0283035253068717,0.9983718456106007,0.16347937657286593,4.006892594752857e-07,90.0,94.54922528967074,drop
clustered,low,259200,1,0.001,20,5184000.0,5033105.032,5041312.067999998,5033085.012,1.0283037292822481,0.9983720436486975,0.16345950804292908,2.0232828006710898e-07,95.0,94.54922528967205,drop
random_avg,low,259200,1,0.001,20,5184000.0,5033105.031999999,5041312.067999998,5033085.011999999,1.0283037292822481,0.9983720436486972,0.16345950804295573,2.0232828006710898e-07,95.0,94.54922528967136,drop
clustered,low,259200,1,0.01,2,5184000.0,5033105.212,5036259.072,5033085.012,1.0293354503586587,0.9993737693087447,0.06306390598274092,2.025312807418657e-06,50.0,97.9035481883354,drop
random_avg,low,259200,1,0.01,2,5184000.0,5033105.211999999,5037317.7744,5033085.011999999,1.029119143747938,0.9991637589056179,0.08409876626183976,2.024887204133674e-06,50.0,97.20202581866735,drop
clustered,low,259200,1,0.01,5,5184000.0,5033105.212,5038294.272000001,5033085.012,1.028919654179342,0.9989700760376704,0.10350033801496128,8.336154605619669e-07,80.0,96.55099863242177,drop
random_avg,low,259200,1,0.01,5,5184000.0,5033105.211999999,5040708.7848,5033085.011999999,1.0284268333880922,0.998491600170961,0.15147315775164039,8.33216184457945e-07,80.0,94.95108279106068,drop
clustered,low,259200,1,0.01,10,5184000.0,5033105.212,5041313.247999999,5033085.012,1.0283034885913127,0.9983718456687343,0.16348295290822268,4.363942274114367e-07,90.0,94.54922528967205,drop
random_avg,low,259200,1,0.01,10,5184000.0,5033105.211999999,5041313.248,5033085.011999999,1.0283034885913125,0.9983718456687339,0.1634829529082671,4.3639422741143666e-07,90.0,94.54922528967074,drop
clustered,low,259200,1,0.01,20,5184000.0,5033105.212,5041312.247999999,5033085.012,1.0283036925666742,0.9983720437068236,0.16346308437833468,2.380332621682116e-07,95.0,94.54922528967205,drop
random_avg,low,259200,1,0.01,20,5184000.0,5033105.211999999,5041312.247999999,5033085.011999999,1.0283036925666742,0.9983720437068234,0.16346308437835244,2.380332621682116e-07,95.0,94.54922528967136,drop
clustered,low,259200,5,0,2,5184000.0,5033185.012,5036298.8719999995,5033085.012,1.0293273159027883,0.9993817165980138,0.06385467347236329,9.927925500605598e-06,50.0,97.9035481883354,drop
random_avg,low,259200,5,0,2,5184000.0,5033185.011999999,5037357.5744,5033085.011999999,1.0291110127102339,0.9991717061838907,0.08488953375146213,9.925839242961361e-06,50.0,97.20202581866735,drop
clustered,low,259200,5,0,5,5184000.0,5033185.012,5038310.072000001,5033085.012,1.028916427515976,0.9989827819394279,0.10381426078722722,3.969584982700524e-06,80.0,96.55099863242177,drop
random_avg,low,259200,5,0,5,5184000.0,5033185.011999999,5040724.584799999,5033085.011999999,1.0284236098148176,0.9985043014866657,0.15178708052389744,3.967683679841117e-06,80.0,94.95108279106068,drop
clustered,low,259200,5,0,10,5184000.0,5033185.012,5041321.047999999,5033085.012,1.0283018975862697,0.9983861301586364,0.1636379274413624,1.9836070555290693e-06,90.0,94.54922528967205,drop
random_avg,low,259200,5,0,10,5184000.0,5033185.011999999,5041321.0479999995,5033085.011999999,1.0283018975862694,0.9983861301586361,0.16363792744138905,1.9836070555290693e-06,90.0,94.54922528967074,drop
clustered,low,259200,5,0,20,5184000.0,5033185.012,5041316.047999999,5033085.012,1.0283029174607308,0.9983871203625045,0.1635385847919002,9.91804511439748e-07,95.0,94.54922528967205,drop
random_avg,low,259200,5,0,20,5184000.0,5033185.011999999,5041316.047999999,5033085.011999999,1.0283029174607308,0.9983871203625043,0.16353858479192684,9.91804511439748e-07,95.0,94.54922528967136,drop
clustered,low,259200,5,0.001,2,5184000.0,5033185.032,5036298.891999999,5033085.012,1.0293273118151545,0.9993817166004691,0.06385507084296638,9.931896631364589e-06,50.0,97.9035481883354,drop
random_avg,low,259200,5,0.001,2,5184000.0,5033185.031999999,5037357.5944,5033085.011999999,1.0291110086243178,0.9991717061871792,0.08488993112204746,9.929809539233869e-06,50.0,97.20202581866735,drop
clustered,low,259200,5,0.001,5,5184000.0,5033185.032,5038310.092,5033085.012,1.0289164234316048,0.9989827819434659,0.1038146581578081,3.973554551909863e-06,80.0,96.55099863242177,drop
random_avg,low,259200,5,0.001,5,5184000.0,5033185.031999999,5040724.604799999,5033085.011999999,1.028423605734358,0.9985043014926,0.1517874778944872,3.971651347762702e-06,80.0,94.95108279106068,drop
clustered,low,259200,5,0.001,10,5184000.0,5033185.032,5041321.067999998,5033085.012,1.028301893506776,0.9983861301650391,0.1636383248119433,1.987574261754995e-06,90.0,94.54922528967205,drop
random_avg,low,259200,5,0.001,10,5184000.0,5033185.031999999,5041321.067999999,5033085.011999999,1.0283018935067758,0.9983861301650386,0.16363832481199214,1.9875742617549947e-06,90.0,94.54922528967074,drop
clustered,low,259200,5,0.001,20,5184000.0,5033185.032,5041316.067999998,5033085.012,1.028302913381229,0.9983871203689032,0.1635389821625033,9.957717255350634e-07,95.0,94.54922528967205,drop
random_avg,low,259200,5,0.001,20,5184000.0,5033185.031999999,5041316.067999998,5033085.011999999,1.028302913381229,0.998387120368903,0.16353898216252105,9.957717255350634e-07,95.0,94.54922528967136,drop
clustered,low,259200,5,0.01,2,5184000.0,5033185.212,5036299.072,5033085.012,1.0293272750264504,0.9993817166225669,0.06385864717834977,9.967636806776198e-06,50.0,97.9035481883354,drop
random_avg,low,259200,5,0.01,2,5184000.0,5033185.211999999,5037357.7744,5033085.011999999,1.0291109718510725,0.9991717062167756,0.08489350745743529,9.965542204267716e-06,50.0,97.20202581866735,drop
clustered,low,259200,5,0.01,5,5184000.0,5033185.212,5038310.272000001,5033085.012,1.0289163866722655,0.9989827819798073,0.1038182344932137,4.0092806733757256e-06,80.0,96.55099863242177,drop
random_avg,low,259200,5,0.01,5,5184000.0,5033185.211999999,5040724.7848,5033085.011999999,1.0284235690102221,0.998504301546009,0.15179105422988393,4.00736035764014e-06,80.0,94.95108279106068,drop
clustered,low,259200,5,0.01,10,5184000.0,5033185.212,5041321.247999999,5033085.012,1.0283018567913331,0.9983861302226621,0.1636419011473489,2.0232791163718363e-06,90.0,94.54922528967205,drop
random_avg,low,259200,5,0.01,10,5184000.0,5033185.211999999,5041321.248,5033085.011999999,1.0283018567913331,0.9983861302226618,0.16364190114737553,2.023279116371836e-06,90.0,94.54922528967074,drop
clustered,low,259200,5,0.01,20,5184000.0,5033185.212,5041316.247999999,5033085.012,1.0283028766657134,0.9983871204264909,0.16354255849788668,1.0314766509764102e-06,95.0,94.54922528967205,drop
random_avg,low,259200,5,0.01,20,5184000.0,5033185.211999999,5041316.247999999,5033085.011999999,1.0283028766657134,0.9983871204264907,0.16354255849791333,1.0314766509764102e-06,95.0,94.54922528967136,drop
clustered,low,259200,30,0,2,5184000.0,5033685.012,5036548.8719999995,5033085.012,1.02927622301448,0.9994313844513809,0.06882180594487419,5.9564596239263895e-05,50.0,97.9035481883354,drop
random_avg,low,259200,30,0,2,5184000.0,5033685.011999999,5037607.5744,5033085.011999999,1.0290599412909665,0.9992213740212069,0.0898566662239686,5.955207993581981e-05,50.0,97.20202581866735,drop
clustered,low,259200,30,0,5,5184000.0,5033685.012,5038410.072000001,5033085.012,1.0288960060653036,0.9990621922526197,0.10580111377622714,2.3817037177437587e-05,80.0,96.55099863242177,drop
random_avg,low,259200,30,0,5,5184000.0,5033685.011999999,5040824.584799999,5033085.011999999,1.0284032079210126,0.9985836832570832,0.15377393351290625,2.38056298129864e-05,80.0,94.95108279106068,drop
clustered,low,259200,30,0,10,5184000.0,5033685.012,5041371.047999999,5033085.012,1.0282916989529236,0.9984754075970965,0.16463135393585127,1.1901524293436618e-05,90.0,94.54922528967205,drop
random_avg,low,259200,30,0,10,5184000.0,5033685.011999999,5041371.0479999995,5033085.011999999,1.0282916989529236,0.9984754075970961,0.16463135393590012,1.1901524293436614e-05,90.0,94.54922528967074,drop
clustered,low,259200,30,0,20,5184000.0,5033685.012,5041341.047999999,5033085.012,1.0282978181086553,0.9984813493221143,0.16403529803916683,5.950797558499162e-06,95.0,94.54922528967205,drop
random_avg,low,259200,30,0,20,5184000.0,5033685.011999999,5041341.047999999,5033085.011999999,1.0282978181086553,0.9984813493221141,0.16403529803917571,5.950797558499162e-06,95.0,94.54922528967136,drop
clustered,low,259200,30,0.001,2,5184000.0,5033685.032,5036548.891999999,5033085.012,1.0292762189272522,0.9994313844536388,0.06882220331547728,5.956856697580134e-05,50.0,97.9035481883354,drop
random_avg,low,259200,30,0.001,2,5184000.0,5033685.031999999,5037607.5944,5033085.011999999,1.0290599372054559,0.999221374024298,0.08985706359455836,5.955604983803642e-05,50.0,97.20202581866735,drop
clustered,low,259200,30,0.001,5,5184000.0,5033685.032,5038410.092,5033085.012,1.0288960019810947,0.9990621922563423,0.10580151114683023,2.3821006589076193e-05,80.0,96.55099863242177,drop
random_avg,low,259200,30,0.001,5,5184000.0,5033685.031999999,5040824.604799999,5033085.011999999,1.0284032038407147,0.9985836832627025,0.15377433088349157,2.3809597323488156e-05,80.0,94.95108279106068,drop
clustered,low,259200,30,0.001,10,5184000.0,5033685.032,5041371.067999998,5033085.012,1.028291694873511,0.9984754076031448,0.16463175130645435,1.1905491420969932e-05,90.0,94.54922528967205,drop
random_avg,low,259200,30,0.001,10,5184000.0,5033685.031999999,5041371.067999999,5033085.011999999,1.0282916948735108,0.9984754076031445,0.164631751306481,1.190549142096993e-05,90.0,94.54922528967074,drop
clustered,low,259200,30,0.001,20,5184000.0,5033685.032,5041341.067999998,5033085.012,1.0282978140291938,0.998481349328139,0.16403569540974772,5.954764733247762e-06,95.0,94.54922528967205,drop
random_avg,low,259200,30,0.001,20,5184000.0,5033685.031999999,5041341.067999998,5033085.011999999,1.0282978140291938,0.9984813493281388,0.16403569540977436,5.954764733247762e-06,95.0,94.54922528967136,drop
clustered,low,259200,30,0.01,2,5184000.0,5033685.212,5036549.072,5033085.012,1.0292761821422,0.9994313844739604,0.06882577965086067,5.960430360321922e-05,50.0,97.9035481883354,drop
random_avg,low,259200,30,0.01,2,5184000.0,5033685.211999999,5037607.7744,5033085.011999999,1.0290599004358603,0.9992213740521182,0.08986063992994175,5.9591778956567366e-05,50.0,97.20202581866735,drop
clustered,low,259200,30,0.01,5,5184000.0,5033685.212,5038410.272000001,5033085.012,1.0288959652232146,0.999062192289846,0.10580508748221362,2.3856731292405555e-05,80.0,96.55099863242177,drop
random_avg,low,259200,30,0.01,5,5184000.0,5033685.211999999,5040824.7848,5033085.011999999,1.028403167118036,0.9985836833132757,0.15377790721888385,2.3845304916587177e-05,80.0,94.95108279106068,drop
clustered,low,259200,30,0.01,10,5184000.0,5033685.212,5041371.247999999,5033085.012,1.0282916581587964,0.9984754076575797,0.16463532764183775,1.1941195567353308e-05,90.0,94.54922528967205,drop
random_avg,low,259200,30,0.01,10,5184000.0,5033685.211999999,5041371.248,5033085.011999999,1.0282916581587964,0.9984754076575794,0.1646353276418866,1.1941195567353307e-05,90.0,94.54922528967074,drop
clustered,low,259200,30,0.01,20,5184000.0,5033685.212,5041341.247999999,5033085.012,1.0282977773140425,0.9984813493823621,0.1640392717451311,5.990469304568689e-06,95.0,94.54922528967205,drop
random_avg,low,259200,30,0.01,20,5184000.0,5033685.211999999,5041341.247999999,5033085.011999999,1.0282977773140425,0.9984813493823619,0.16403927174515776,5.990469304568689e-06,95.0,94.54922528967136,drop
clustered,low,259200,120,0,2,5184000.0,5035485.012,5037448.8719999995,5033085.012,1.0290923306069837,0.9996101479042466,0.08670348284591789,0.0002382158172701351,50.0,97.9035481883354,drop
random_avg,low,259200,120,0,2,5184000.0,5035485.011999999,5038507.5744,5033085.011999999,1.0288761261455563,0.9994001374248783,0.10773834312499897,0.000238165769941101,50.0,97.20202581866735,drop
clustered,low,259200,120,0,5,5184000.0,5035485.012,5038770.072000001,5033085.012,1.028822495554427,0.9993480432817812,0.11295378453664018,9.526134218096546e-05,80.0,96.55099863242177,drop
random_avg,low,259200,120,0,5,5184000.0,5035485.011999999,5041184.584799999,5033085.011999999,1.028329767805219,0.9988694315541318,0.16092660427331928,9.521571924122398e-05,80.0,94.95108279106068,drop
clustered,low,259200,120,0,10,5184000.0,5035485.012,5041551.047999999,5033085.012,1.0282549855478527,0.9987967917130572,0.1682076893160689,4.760439747906725e-05,90.0,94.54922528967205,drop
random_avg,low,259200,120,0,10,5184000.0,5035485.011999999,5041551.0479999995,5033085.011999999,1.0282549855478524,0.9987967917130569,0.1682076893161133,4.7604397479067245e-05,90.0,94.54922528967074,drop
clustered,low,259200,120,0,20,5184000.0,5035485.012,5041431.047999999,5033085.012,1.02827946085994,0.9988205658386705,0.16582346572926454,2.3802765297683793e-05,95.0,94.54922528967205,drop
random_avg,low,259200,120,0,20,5184000.0,5035485.011999999,5041431.047999999,5033085.011999999,1.02827946085994,0.9988205658386703,0.1658234657292912,2.3802765297683793e-05,95.0,94.54922528967136,drop
clustered,low,259200,120,0.001,2,5184000.0,5035485.032,5037448.891999999,5033085.012,1.0290923265212157,0.9996101479057945,0.08670388021649877,0.00023821978658796093,50.0,97.9035481883354,drop
random_avg,low,259200,120,0.001,2,5184000.0,5035485.031999999,5038507.5944,5033085.011999999,1.0288761220615052,0.9994001374272593,0.10773874049557985,0.00023816973842520202,50.0,97.20202581866735,drop
clustered,low,259200,120,0.001,5,5184000.0,5035485.032,5038770.092,5033085.012,1.0288224914708015,0.9993480432843689,0.11295418190722106,9.526531102542711e-05,80.0,96.55099863242177,drop
random_avg,low,259200,120,0.001,5,5184000.0,5035485.031999999,5041184.604799999,5033085.011999999,1.028329763725504,0.9988694315586171,0.16092700164390017,9.52196861850919e-05,80.0,94.95108279106068,drop
clustered,low,259200,120,0.001,10,5184000.0,5035485.032,5041551.067999998,5033085.012,1.0282549814687312,0.9987967917178304,0.16820808668664977,4.7608364323326555e-05,90.0,94.54922528967205,drop
random_avg,low,259200,120,0.001,10,5184000.0,5035485.031999999,5041551.067999999,5033085.011999999,1.028254981468731,0.9987967917178301,0.16820808668669862,4.760836432332655e-05,90.0,94.54922528967074,drop
clustered,low,259200,120,0.001,20,5184000.0,5035485.032,5041431.067999998,5033085.012,1.0282794567806242,0.9988205658433494,0.16582386309984543,2.3806732330789064e-05,95.0,94.54922528967205,drop
random_avg,low,259200,120,0.001,20,5184000.0,5035485.031999999,5041431.067999998,5033085.011999999,1.0282794567806242,0.9988205658433492,0.16582386309987207,2.3806732330789064e-05,95.0,94.54922528967136,drop
clustered,low,259200,120,0.01,2,5184000.0,5035485.212,5037449.072,5033085.012,1.0290922897493067,0.9996101479197248,0.08670745655188217,0.00023825551044697493,50.0,97.9035481883354,drop
random_avg,low,259200,120,0.01,2,5184000.0,5035485.211999999,5038507.7744,5033085.011999999,1.0288760853050443,0.9994001374486883,0.10774231683098101,0.00023820545478069332,50.0,97.20202581866735,drop
clustered,low,259200,120,0.01,5,5184000.0,5035485.212,5038770.272000001,5033085.012,1.0288224547181737,0.9993480433076588,0.11295775824262666,9.530103062416415e-05,80.0,96.55099863242177,drop
random_avg,low,259200,120,0.01,5,5184000.0,5035485.211999999,5041184.7848,5033085.011999999,1.0283297270080698,0.9988694315989838,0.16093057797929688,9.525538867848672e-05,80.0,94.95108279106068,drop
clustered,low,259200,120,0.01,10,5184000.0,5035485.212,5041551.247999999,5033085.012,1.0282549447566385,0.998796791760789,0.16821166302205537,4.764406592024393e-05,90.0,94.54922528967205,drop
random_avg,low,259200,120,0.01,10,5184000.0,5035485.211999999,5041551.248,5033085.011999999,1.0282549447566383,0.9987967917607886,0.16821166302208201,4.764406592024392e-05,90.0,94.54922528967074,drop
clustered,low,259200,120,0.01,20,5184000.0,5035485.212,5041431.247999999,5033085.012,1.0282794200667837,0.9988205658854601,0.16582743943525102,2.38424356273201e-05,95.0,94.54922528967205,drop
random_avg,low,259200,120,0.01,20,5184000.0,5035485.211999999,5041431.247999999,5033085.011999999,1.0282794200667837,0.9988205658854599,0.1658274394352688,2.38424356273201e-05,95.0,94.54922528967136,drop
clustered,medium,600,1,0,2,12000.0,11021.885000000002,11032.81,11001.885000000002,1.0876648831983875,0.9990097717625883,0.28108819534105045,0.0009063874026653229,50.0,97.90354818833526,narrow_keep
random_avg,medium,600,1,0,2,12000.0,11021.885,11039.812,11001.885,1.0869753272325984,0.9983764212162558,0.34473183459013956,0.000905812772693832,50.0,97.20202581866836,narrow_keep
clustered,medium,600,1,0,5,12000.0,11021.885000000002,11040.309999999998,11001.885000000002,1.0869260011720687,0.9983311157023674,0.34925833164041187,0.0003623086670573563,80.0,96.55099863242255,narrow_keep
random_avg,medium,600,1,0,5,12000.0,11021.885,11056.278999999999,11001.885,1.0853564436180436,0.9968894921305885,0.4944061858490434,0.00036178548120601454,80.0,94.95108279106138,narrow_keep
clustered,medium,600,1,0,10,12000.0,11021.885000000002,11058.289999999999,11001.885000000002,1.08515873611562,0.9967078996843095,0.5126848717287746,0.00018085978935260337,90.0,94.54922528967131,narrow_keep
random_avg,medium,600,1,0,10,12000.0,11021.885,11058.289999999999,11001.885,1.08515873611562,0.9967078996843094,0.5126848717287968,0.00018085978935260337,90.0,94.54922528967114,narrow_keep
clustered,medium,600,1,0,20,12000.0,11021.885000000002,11057.290000000003,11001.885000000002,1.0852568757805934,0.9967980400260823,0.5035955202222331,9.04380729817161e-05,95.0,94.54922528967096,narrow_keep
random_avg,medium,600,1,0,20,12000.0,11021.885,11057.29,11001.885,1.0852568757805936,0.9967980400260823,0.5035955202222242,9.043807298171612e-05,95.0,94.54922528967096,narrow_keep
clustered,medium,600,1,0.001,2,12000.0,11021.905000000002,11032.83,11001.885000000002,1.0876629115104648,0.9990097735576459,0.2812699823711906,0.0009081985311112379,50.0,97.90354818833526,narrow_keep
random_avg,medium,600,1,0.001,2,12000.0,11021.905,11039.832,11001.885,1.086973358043361,0.9983764241570761,0.3449136216202797,0.0009076227539662064,50.0,97.20202581866836,narrow_keep
clustered,medium,600,1,0.001,5,12000.0,11021.905000000002,11040.329999999998,11001.885000000002,1.0869240321620823,0.9983311187256182,0.3494401186705298,0.0003641195507742975,80.0,96.55099863242255,narrow_keep
random_avg,medium,600,1,0.001,5,12000.0,11021.905,11056.298999999999,11001.885,1.0853544802899806,0.9968894977567117,0.49458797287917466,0.0003635937508971434,80.0,94.95108279106138,narrow_keep
clustered,medium,600,1,0.001,10,12000.0,11021.905000000002,11058.31,11001.885000000002,1.0851567735033654,0.9967079056383844,0.5128666587589148,0.0001826680568730665,90.0,94.54922528967131,narrow_keep
random_avg,medium,600,1,0.001,10,12000.0,11021.905,11058.31,11001.885,1.0851567735033654,0.9967079056383843,0.5128666587589148,0.0001826680568730665,90.0,94.54922528967114,narrow_keep
clustered,medium,600,1,0.001,20,12000.0,11021.905000000002,11057.310000000003,11001.885000000002,1.085254912813333,0.9967980458176536,0.503777307252351,9.224666758913332e-05,95.0,94.54922528967096,narrow_keep
random_avg,medium,600,1,0.001,20,12000.0,11021.905,11057.310000000001,11001.885,1.0852549128133333,0.9967980458176536,0.5037773072523599,9.224666758913333e-05,95.0,94.54922528967096,narrow_keep
clustered,medium,600,1,0.01,2,12000.0,11022.085000000003,11033.01,11001.885000000002,1.087645166640835,0.999009789712871,0.2829060656423632,0.0009244983916447098,50.0,97.90354818833526,narrow_keep
random_avg,medium,600,1,0.01,2,12000.0,11022.085000000001,11040.012,11001.885,1.086955635661288,0.9983764506239791,0.3465497048914745,0.0009239122903120946,50.0,97.20202581866836,narrow_keep
clustered,medium,600,1,0.01,5,12000.0,11022.085000000003,11040.509999999998,11001.885000000002,1.0869063113932238,0.9983311459343821,0.3510762019417246,0.00038041720898762834,80.0,96.55099863242255,narrow_keep
random_avg,medium,600,1,0.01,5,12000.0,11022.085000000001,11056.479,11001.885,1.0853368106570436,0.9968895483909035,0.4962240561503606,0.0003798678837299653,80.0,94.95108279106138,narrow_keep
clustered,medium,600,1,0.01,10,12000.0,11022.085000000003,11058.49,11001.885000000002,1.0851391103125292,0.9967079592240896,0.5145027420300874,0.0001989421702239637,90.0,94.54922528967131,narrow_keep
random_avg,medium,600,1,0.01,10,12000.0,11022.085000000001,11058.49,11001.885,1.0851391103125292,0.9967079592240895,0.5145027420301096,0.0001989421702239637,90.0,94.54922528967114,narrow_keep
clustered,medium,600,1,0.01,20,12000.0,11022.085000000003,11057.490000000003,11001.885000000002,1.0852372464275344,0.9967980979408527,0.5054133905235458,0.00010852372464275343,95.0,94.54922528967096,narrow_keep
random_avg,medium,600,1,0.01,20,12000.0,11022.085000000001,11057.490000000002,11001.885,1.0852372464275344,0.9967980979408527,0.5054133905235458,0.00010852372464275344,95.0,94.54922528967096,narrow_keep
clustered,medium,600,5,0,2,12000.0,11101.885000000002,11072.81,11001.885000000002,1.0837357454882728,1.0026258014000062,0.6446622556043557,0.004515565606201136,50.0,97.90354818833526,narrow_keep
random_avg,medium,600,5,0,2,12000.0,11101.885,11079.812,11001.885,1.0830511598743302,1.0019924521701191,0.7083058948534582,0.004512713166143043,50.0,97.20202581866836,narrow_keep
clustered,medium,600,5,0,5,12000.0,11101.885000000002,11056.309999999998,11001.885000000002,1.0853530698759353,1.0041220805133,0.49468795574572066,0.0018089217831265588,80.0,96.55099863242255,narrow_keep
random_avg,medium,600,5,0,5,12000.0,11101.885,11072.278999999999,11001.885,1.0837880480187567,1.0026741894565596,0.6398358099543655,0.0018063134133645947,80.0,94.95108279106138,narrow_keep
clustered,medium,600,5,0,10,12000.0,11101.885000000002,11066.289999999999,11001.885000000002,1.0843742573165895,1.0032165251407656,0.5853996837814401,0.0009036452144304913,90.0,94.54922528967131,narrow_keep
random_avg,medium,600,5,0,10,12000.0,11101.885,11066.289999999999,11001.885,1.0843742573165895,1.0032165251407654,0.5853996837814401,0.0009036452144304912,90.0,94.54922528967114,narrow_keep
clustered,medium,600,5,0,20,12000.0,11101.885000000002,11061.290000000003,11001.885000000002,1.0848644235889302,1.0036700059396326,0.5399529262485547,0.00045202684316205424,95.0,94.54922528967096,narrow_keep
random_avg,medium,600,5,0,20,12000.0,11101.885,11061.29,11001.885,1.0848644235889304,1.0036700059396326,0.5399529262485547,0.0004520268431620543,95.0,94.54922528967096,narrow_keep
clustered,medium,600,5,0.001,2,12000.0,11101.905000000002,11072.83,11001.885000000002,1.0837337880198648,1.0026257966572234,0.6448440426344959,0.004517363673062803,50.0,97.90354818833526,narrow_keep
random_avg,medium,600,5,0.001,2,12000.0,11101.905,11079.832,11001.885,1.0830492048776406,1.001992448573092,0.708487681883585,0.004514510102331632,50.0,97.20202581866836,narrow_keep
clustered,medium,600,5,0.001,5,12000.0,11101.905000000002,11056.329999999998,11001.885000000002,1.0853511065606762,1.0041220730567924,0.4948697427758608,0.0018107274294453949,80.0,96.55099863242255,narrow_keep
random_avg,medium,600,5,0.001,5,12000.0,11101.905,11072.298999999999,11001.885,1.0837860903608094,1.0026741846255938,0.6400175969844968,0.0018081164607519505,80.0,94.95108279106138,narrow_keep
clustered,medium,600,5,0.001,10,12000.0,11101.905000000002,11066.31,11001.885000000002,1.0843722975409147,1.003216519327581,0.5855814708115803,0.0009054508684466638,90.0,94.54922528967131,narrow_keep
random_avg,medium,600,5,0.001,10,12000.0,11101.905,11066.31,11001.885,1.0843722975409147,1.0032165193275808,0.5855814708115803,0.0009054508684466638,90.0,94.54922528967114,narrow_keep
clustered,medium,600,5,0.001,20,12000.0,11101.905000000002,11061.310000000003,11001.885000000002,1.0848624620411143,1.0036699993038798,0.5401347132786949,0.00045383412995386605,95.0,94.54922528967096,narrow_keep
random_avg,medium,600,5,0.001,20,12000.0,11101.905,11061.310000000001,11001.885,1.0848624620411143,1.0036699993038798,0.540134713278686,0.0004538341299538661,95.0,94.54922528967096,narrow_keep
clustered,medium,600,5,0.01,2,12000.0,11102.085000000003,11073.01,11001.885000000002,1.0837161711223957,1.0026257539729488,0.6464801259056907,0.004533545982528689,50.0,97.90354818833526,narrow_keep
random_avg,medium,600,5,0.01,2,12000.0,11102.085000000001,11080.012,11001.885,1.0830316102250321,1.0019924162004314,0.7101237651547798,0.004530682236108051,50.0,97.20202581866836,narrow_keep
clustered,medium,600,5,0.01,5,12000.0,11102.085000000003,11056.509999999998,11001.885000000002,1.085333437042973,1.0041220059494365,0.4965058260470556,0.0018269779523556711,80.0,96.55099863242255,narrow_keep
random_avg,medium,600,5,0.01,5,12000.0,11102.085000000001,11072.479,11001.885,1.0837684717575318,1.002674141147685,0.6416536802556871,0.0018243435941251785,80.0,94.95108279106138,narrow_keep
clustered,medium,600,5,0.01,10,12000.0,11102.085000000003,11066.49,11001.885000000002,1.0843546598786065,1.003216467009865,0.5872175540827529,0.0009217014608968154,90.0,94.54922528967131,narrow_keep
random_avg,medium,600,5,0.01,10,12000.0,11102.085000000001,11066.49,11001.885,1.0843546598786065,1.003216467009865,0.5872175540827751,0.0009217014608968154,90.0,94.54922528967114,narrow_keep
clustered,medium,600,5,0.01,20,12000.0,11102.085000000003,11061.490000000003,11001.885000000002,1.0848448084299671,1.0036699395831845,0.5417707965498675,0.0004700994169863191,95.0,94.54922528967096,narrow_keep
random_avg,medium,600,5,0.01,20,12000.0,11102.085000000001,11061.490000000002,11001.885,1.0848448084299673,1.0036699395831845,0.5417707965498764,0.00047009941698631914,95.0,94.54922528967096,narrow_keep
clustered,medium,600,30,0,2,12000.0,11601.885000000002,11322.81,11001.885000000002,1.059807591931685,1.0246471503098615,2.917000132250047,0.026495189798292122,50.0,97.90354818833526,narrow_keep
random_avg,medium,600,30,0,2,12000.0,11601.885,11329.812,11001.885,1.0591528876671523,1.0240141666776852,2.9806437714991363,0.026478822191678807,50.0,97.20202581866836,narrow_keep
clustered,medium,600,30,0,5,12000.0,11601.885000000002,11156.309999999998,11001.885000000002,1.0756244672297564,1.0399392809988253,1.4036231064040061,0.010756244672297563,80.0,96.55099863242255,narrow_keep
random_avg,medium,600,30,0,5,12000.0,11601.885,11172.278999999999,11001.885,1.0740873531313833,1.038453162582058,1.5487709606126376,0.010740873531313831,80.0,94.95108279106138,narrow_keep
clustered,medium,600,30,0,10,12000.0,11601.885000000002,11116.289999999999,11001.885000000002,1.0794968465198371,1.0436831892654836,1.0398672591105607,0.005397484232599186,90.0,94.54922528967131,narrow_keep
random_avg,medium,600,30,0,10,12000.0,11601.885,11116.289999999999,11001.885,1.0794968465198371,1.0436831892654834,1.0398672591105829,0.005397484232599186,90.0,94.54922528967114,narrow_keep
clustered,medium,600,30,0,20,12000.0,11601.885000000002,11086.290000000003,11001.885000000002,1.082418013600582,1.046507442976866,0.767186713913115,0.002706045034001455,95.0,94.54922528967096,narrow_keep
random_avg,medium,600,30,0,20,12000.0,11601.885,11086.29,11001.885,1.0824180136005823,1.046507442976866,0.7671867139131239,0.0027060450340014555,95.0,94.54922528967096,narrow_keep
clustered,medium,600,30,0.001,2,12000.0,11601.905000000002,11322.83,11001.885000000002,1.0598057199481048,1.0246471067745433,2.9171819192801873,0.0264969093415692,50.0,97.90354818833526,narrow_keep
random_avg,medium,600,30,0.001,2,12000.0,11601.905,11329.832,11001.885,1.0591510179952381,1.0240141242861704,2.9808255585292764,0.026480540701577612,50.0,97.20202581866836,narrow_keep
clustered,medium,600,30,0.001,5,12000.0,11601.905000000002,11156.329999999998,11001.885000000002,1.0756225389532224,1.0399392093995072,1.403804893434124,0.01075801809376381,80.0,96.55099863242255,narrow_keep
random_avg,medium,600,30,0.001,5,12000.0,11601.905,11172.298999999999,11001.885,1.0740854303615142,1.038453093744867,1.5489527476427778,0.010742644445999079,80.0,94.95108279106138,narrow_keep
clustered,medium,600,30,0.001,10,12000.0,11601.905000000002,11116.31,11001.885000000002,1.079494904334262,1.0436831106725166,1.0400490461407008,0.0053992736798452005,90.0,94.54922528967131,narrow_keep
random_avg,medium,600,30,0.001,10,12000.0,11601.905,11116.31,11001.885,1.079494904334262,1.0436831106725164,1.040049046140723,0.0053992736798452005,90.0,94.54922528967114,narrow_keep
clustered,medium,600,30,0.001,20,12000.0,11601.905000000002,11086.310000000003,11001.885000000002,1.0824160608895113,1.046507359076194,0.7673685009432551,0.0027078441789919272,95.0,94.54922528967096,narrow_keep
random_avg,medium,600,30,0.001,20,12000.0,11601.905,11086.310000000001,11001.885,1.0824160608895113,1.046507359076194,0.7673685009432551,0.0027078441789919277,95.0,94.54922528967096,narrow_keep
clustered,medium,600,30,0.01,2,12000.0,11602.085000000003,11323.01,11001.885000000002,1.0597888723934714,1.024646714963601,2.91881800255136,0.026512384957710005,50.0,97.90354818833526,narrow_keep
random_avg,medium,600,30,0.01,2,12000.0,11602.085000000001,11330.012,11001.885,1.0591341912450465,1.024013742769274,2.982461641800467,0.02649600701764691,50.0,97.20202581866836,narrow_keep
clustered,medium,600,30,0.01,5,12000.0,11602.085000000003,11156.509999999998,11001.885000000002,1.075605184775526,1.0399385650171966,1.4054409767053189,0.01077397860083485,80.0,96.55099863242255,narrow_keep
random_avg,medium,600,30,0.01,5,12000.0,11602.085000000001,11172.479,11001.885,1.0740681257424725,1.038452474221238,1.5505888309139548,0.010758582392853768,80.0,94.95108279106138,narrow_keep
clustered,medium,600,30,0.01,10,12000.0,11602.085000000003,11116.49,11001.885000000002,1.079477424978568,1.0436824033485392,1.0416851294118956,0.005415378415309149,90.0,94.54922528967131,narrow_keep
random_avg,medium,600,30,0.01,10,12000.0,11602.085000000001,11116.49,11001.885,1.079477424978568,1.043682403348539,1.0416851294119178,0.005415378415309149,90.0,94.54922528967114,narrow_keep
clustered,medium,600,30,0.01,20,12000.0,11602.085000000003,11086.490000000003,11001.885000000002,1.0823984868069152,1.0465066039837676,0.76900458421445,0.002724036191797403,95.0,94.54922528967096,narrow_keep
random_avg,medium,600,30,0.01,20,12000.0,11602.085000000001,11086.490000000002,11001.885,1.0823984868069152,1.0465066039837676,0.76900458421445,0.0027240361917974035,95.0,94.54922528967096,narrow_keep
clustered,medium,600,120,0,2,12000.0,13401.885000000002,12222.81,11001.885000000002,0.9817709675598328,1.096465133631301,11.097416488174506,0.09817709675598328,50.0,97.90354818833526,drop
random_avg,medium,600,120,0,2,12000.0,13401.885,12229.812,11001.885,0.9812090862622483,1.0958376112534778,11.161060127423594,0.09812090862622484,50.0,97.20202581866836,drop
clustered,medium,600,120,0,5,12000.0,13401.885000000002,11516.309999999998,11001.885000000002,1.0420004324301797,1.163730830448295,4.675789648773776,0.04168001729720719,80.0,96.55099863242255,conditional
random_avg,medium,600,120,0,5,12000.0,13401.885,11532.278999999999,11001.885,1.0405578428586209,1.1621197121532756,4.820937502982421,0.04162231371434483,80.0,94.95108279106138,conditional
clustered,medium,600,120,0,10,12000.0,13401.885000000002,11296.289999999999,11001.885000000002,1.0622956740664413,1.186397038319661,2.6759505302954567,0.021245913481328826,90.0,94.54922528967131,narrow_keep
random_avg,medium,600,120,0,10,12000.0,13401.885,11296.289999999999,11001.885,1.0622956740664413,1.186397038319661,2.675950530295479,0.021245913481328826,90.0,94.54922528967114,narrow_keep
clustered,medium,600,120,0,20,12000.0,13401.885000000002,11176.290000000003,11001.885000000002,1.0737015592830892,1.1991354018193872,1.585228349505563,0.010737015592830893,95.0,94.54922528967096,narrow_keep
random_avg,medium,600,120,0,20,12000.0,13401.885,11176.29,11001.885,1.0737015592830894,1.1991354018193872,1.585228349505563,0.010737015592830895,95.0,94.54922528967096,narrow_keep
clustered,medium,600,120,0.001,2,12000.0,13401.905000000002,12222.83,11001.885000000002,0.9817693611054068,1.0964649757871134,11.097598275204646,0.0981785723928092,50.0,97.90354818833526,drop
random_avg,medium,600,120,0.001,2,12000.0,13401.905,12229.832,11001.885,0.9812074816457323,1.095837454525446,11.161241914453734,0.09812238351037599,50.0,97.20202581866836,drop
clustered,medium,600,120,0.001,5,12000.0,13401.905000000002,11516.329999999998,11001.885000000002,1.0419986228251537,1.1637305461027954,4.675971435803916,0.04168168157737752,80.0,96.55099863242255,conditional
random_avg,medium,600,120,0.001,5,12000.0,13401.905,11532.298999999999,11001.885,1.0405560382602044,1.1621194309949687,4.821119290012552,0.04162397579047194,80.0,94.95108279106138,conditional
clustered,medium,600,120,0.001,10,12000.0,13401.905000000002,11296.31,11001.885000000002,1.0622937932829393,1.1863967083056328,2.676132317325597,0.02124764635531426,90.0,94.54922528967131,narrow_keep
random_avg,medium,600,120,0.001,10,12000.0,13401.905,11296.31,11001.885,1.0622937932829393,1.1863967083056326,2.676132317325619,0.02124764635531426,90.0,94.54922528967114,narrow_keep
clustered,medium,600,120,0.001,20,12000.0,13401.905000000002,11176.310000000003,11001.885000000002,1.0736996378947967,1.1991350454667058,1.5854101365357032,0.010738785878344459,95.0,94.54922528967096,narrow_keep
random_avg,medium,600,120,0.001,20,12000.0,13401.905,11176.310000000001,11001.885,1.073699637894797,1.1991350454667058,1.5854101365357032,0.01073878587834446,95.0,94.54922528967096,narrow_keep
clustered,medium,600,120,0.01,2,12000.0,13402.085000000003,12223.01,11001.885000000002,0.9817549032521449,1.0964635552126687,11.099234358475819,0.09819185290693537,50.0,97.90354818833526,drop
random_avg,medium,600,120,0.01,2,12000.0,13402.085000000001,12230.012,11001.885,0.9811930403332544,1.0958360439962254,11.16287799772493,0.09813565725066432,50.0,97.20202581866836,drop
clustered,medium,600,120,0.01,5,12000.0,13402.085000000003,11516.509999999998,11001.885000000002,1.0419823366627565,1.1637279870377402,4.677607519075111,0.041696659838787974,80.0,96.55099863242255,conditional
random_avg,medium,600,120,0.01,5,12000.0,13402.085000000001,11532.479,11001.885,1.0405397971561197,1.1621169006140895,4.822755373283747,0.04163893421619739,80.0,94.95108279106138,conditional
clustered,medium,600,120,0.01,10,12000.0,13402.085000000003,11296.49,11001.885000000002,1.0622768665311084,1.1863937382319643,2.6777684005967917,0.021263241945064352,90.0,94.54922528967131,narrow_keep
random_avg,medium,600,120,0.01,10,12000.0,13402.085000000001,11296.49,11001.885,1.0622768665311084,1.1863937382319643,2.677768400596805,0.021263241945064352,90.0,94.54922528967114,narrow_keep
clustered,medium,600,120,0.01,20,12000.0,13402.085000000003,11176.490000000003,11001.885000000002,1.0736823457096099,1.199131838349965,1.587046219806898,0.010754718162857925,95.0,94.54922528967096,narrow_keep
random_avg,medium,600,120,0.01,20,12000.0,13402.085000000001,11176.490000000002,11001.885,1.0736823457096099,1.199131838349965,1.587046219806889,0.010754718162857927,95.0,94.54922528967096,narrow_keep
clustered,medium,3600,1,0,2,72000.0,66031.30999999998,66146.85999999999,66011.30999999998,1.0884870423176551,0.998253129475836,0.2053435994528785,0.00015117875587745212,50.0,97.90354818833497,narrow_keep
random_avg,medium,3600,1,0,2,72000.0,66031.30999999998,66188.872,66011.30999999998,1.0877964440500267,0.9976197807495133,0.2689872387019898,0.0001510828394513926,50.0,97.202025818668,narrow_keep
clustered,medium,3600,1,0,5,72000.0,66031.30999999998,66221.86,66011.30999999998,1.0872542692095932,0.997122551375029,0.31896049328519194,6.0403014956088516e-05,80.0,96.55099863242184,narrow_keep
random_avg,medium,3600,1,0,5,72000.0,66031.30999999998,66317.674,66011.30999999998,1.0856837642370802,0.9956822388653548,0.4641083474937968,6.0315764679837796e-05,80.0,94.95108279106104,narrow_keep
clustered,medium,3600,1,0,10,72000.0,66031.30999999998,66339.73999999999,66011.30999999998,1.0853223120862399,0.9953507505456004,0.4975359525511758,3.0147842002395553e-05,90.0,94.54922528967093,narrow_keep
random_avg,medium,3600,1,0,10,72000.0,66031.30999999998,66339.73999999999,66011.30999999998,1.0853223120862399,0.9953507505456005,0.4975359525511669,3.0147842002395553e-05,90.0,94.54922528967101,narrow_keep
clustered,medium,3600,1,0,20,72000.0,66031.30999999998,66338.73999999999,66011.30999999998,1.085338672395647,0.9953657546103527,0.49602106063340035,1.5074148227717322e-05,95.0,94.54922528967093,narrow_keep
random_avg,medium,3600,1,0,20,72000.0,66031.30999999998,66338.73999999999,66011.30999999998,1.085338672395647,0.9953657546103527,0.4960210606333959,1.5074148227717322e-05,95.0,94.54922528967097,narrow_keep
clustered,medium,3600,1,0.001,2,72000.0,66031.32999999999,66146.87999999999,66011.30999999998,1.088486713205521,0.9982531300040153,0.20537389729125,0.00015148106758776833,50.0,97.90354818833497,narrow_keep
random_avg,medium,3600,1,0.001,2,72000.0,66031.32999999999,66188.892,66011.30999999998,1.0877961153552855,0.9976197814686516,0.26901753654035687,0.0001513849593869439,50.0,97.202025818668,narrow_keep
clustered,medium,3600,1,0.001,5,72000.0,66031.32999999999,66221.88,66011.30999999998,1.087253940842513,0.9971225522440617,0.31899079112356343,6.0705011697040305e-05,80.0,96.55099863242184,narrow_keep
random_avg,medium,3600,1,0.001,5,72000.0,66031.32999999999,66317.694,66011.30999999998,1.0856834368178467,0.9956822401674081,0.4641386453321594,6.061732522232978e-05,80.0,94.95108279106104,narrow_keep
clustered,medium,3600,1,0.001,10,72000.0,66031.32999999999,66339.76,66011.30999999998,1.0853219848850826,0.9953507519472484,0.49756625038952507,3.044931124260926e-05,90.0,94.54922528967093,narrow_keep
random_avg,medium,3600,1,0.001,10,72000.0,66031.32999999999,66339.76,66011.30999999998,1.0853219848850826,0.9953507519472485,0.4975662503895162,3.044931124260926e-05,90.0,94.54922528967101,narrow_keep
clustered,medium,3600,1,0.001,20,72000.0,66031.32999999999,66338.76,66011.30999999998,1.0853383451846252,0.9953657560074983,0.49605135847177184,1.537562655678219e-05,95.0,94.54922528967093,narrow_keep
random_avg,medium,3600,1,0.001,20,72000.0,66031.32999999999,66338.76,66011.30999999998,1.0853383451846252,0.9953657560074983,0.4960513584717674,1.537562655678219e-05,95.0,94.54922528967097,narrow_keep
clustered,medium,3600,1,0.01,2,72000.0,66031.50999999998,66147.05999999998,66011.30999999998,1.0884837512052692,0.9982531347576142,0.20564657783643803,0.0001542018647540798,50.0,97.90354818833497,narrow_keep
random_avg,medium,3600,1,0.01,2,72000.0,66031.50999999998,66189.072,66011.30999999998,1.0877931571115544,0.9976197879408772,0.2692902170855449,0.00015410403059080353,50.0,97.202025818668,narrow_keep
clustered,medium,3600,1,0.01,5,72000.0,66031.50999999998,66222.06,66011.30999999998,1.0872509855477164,0.9971225600653314,0.31926347166875146,6.342297415695012e-05,80.0,96.55099863242184,narrow_keep
random_avg,medium,3600,1,0.01,5,72000.0,66031.50999999998,66317.874,66011.30999999998,1.0856804900536339,0.995682251885853,0.46441132587734746,6.333136191979532e-05,80.0,94.95108279106104,narrow_keep
clustered,medium,3600,1,0.01,10,72000.0,66031.50999999998,66339.93999999999,66011.30999999998,1.0853190400835457,0.995350764562042,0.4978389309347131,3.316252622477501e-05,90.0,94.54922528967093,narrow_keep
random_avg,medium,3600,1,0.01,10,72000.0,66031.50999999998,66339.93999999999,66011.30999999998,1.0853190400835457,0.9953507645620421,0.4978389309347042,3.316252622477501e-05,90.0,94.54922528967101,narrow_keep
clustered,medium,3600,1,0.01,20,72000.0,66031.50999999998,66338.93999999999,66011.30999999998,1.085335400294307,0.9953657685817711,0.4963240390169599,1.808892333823845e-05,95.0,94.54922528967093,narrow_keep
random_avg,medium,3600,1,0.01,20,72000.0,66031.50999999998,66338.93999999999,66011.30999999998,1.085335400294307,0.9953657685817711,0.49632403901695543,1.808892333823845e-05,95.0,94.54922528967097,narrow_keep
clustered,medium,3600,5,0,2,72000.0,66111.30999999998,66186.85999999999,66011.30999999998,1.08782921564794,0.9988585347605249,0.2659392761634294,0.0007554369553110695,50.0,97.90354818833497,narrow_keep
random_avg,medium,3600,5,0,2,72000.0,66111.30999999998,66228.872,66011.30999999998,1.0871394514106427,0.9982251845199851,0.3295829154125407,0.0007549579523685019,50.0,97.202025818668,narrow_keep
clustered,medium,3600,5,0,5,72000.0,66111.30999999998,66237.86,66011.30999999998,1.086991638920702,0.9980894612235356,0.3431987639694212,0.0003019421219224172,80.0,96.55099863242184,narrow_keep
random_avg,medium,3600,5,0,5,72000.0,66111.30999999998,66333.674,66011.30999999998,1.0854218919515761,0.996648099716627,0.48834661817801717,0.00030150608109766005,80.0,94.95108279106104,narrow_keep
clustered,medium,3600,5,0,10,72000.0,66111.30999999998,66347.73999999999,66011.30999999998,1.08519144736505,0.996436502584715,0.5096550878932904,0.00015072103435625692,90.0,94.54922528967093,narrow_keep
random_avg,medium,3600,5,0,10,72000.0,66111.30999999998,66347.73999999999,66011.30999999998,1.08519144736505,0.9964365025847151,0.5096550878932815,0.00015072103435625692,90.0,94.54922528967101,narrow_keep
clustered,medium,3600,5,0,20,72000.0,66111.30999999998,66342.73999999999,66011.30999999998,1.0852732341172524,0.9965116002142811,0.5020806283044577,7.53661968136981e-05,95.0,94.54922528967093,narrow_keep
random_avg,medium,3600,5,0,20,72000.0,66111.30999999998,66342.73999999999,66011.30999999998,1.0852732341172524,0.9965116002142811,0.5020806283044532,7.53661968136981e-05,95.0,94.54922528967097,narrow_keep
clustered,medium,3600,5,0.001,2,72000.0,66111.32999999999,66186.87999999999,66011.30999999998,1.0878288869334831,0.9988585351054469,0.2659695740018009,0.0007557389017279559,50.0,97.90354818833497,narrow_keep
random_avg,medium,3600,5,0.001,2,72000.0,66111.32999999999,66228.892,66011.30999999998,1.087139123112823,0.9982251850558674,0.32961321325090776,0.0007552597074736584,50.0,97.202025818668,narrow_keep
clustered,medium,3600,5,0.001,5,72000.0,66111.32999999999,66237.88,66011.30999999998,1.0869913107122389,0.9980894618004076,0.34322906180777046,0.0003022439727841531,80.0,96.55099863242184,narrow_keep
random_avg,medium,3600,5,0.001,5,72000.0,66111.32999999999,66333.694,66011.30999999998,1.085421564690274,0.9966481007271534,0.48837691601637534,0.0003018074961819345,80.0,94.95108279106104,narrow_keep
clustered,medium,3600,5,0.001,10,72000.0,66111.32999999999,66347.76,66011.30999999998,1.0851911202427935,0.9964365036589026,0.5096853857316397,0.00015102243090045543,90.0,94.54922528967093,narrow_keep
random_avg,medium,3600,5,0.001,10,72000.0,66111.32999999999,66347.76,66011.30999999998,1.0851911202427935,0.9964365036589027,0.5096853857316308,0.00015102243090045543,90.0,94.54922528967101,narrow_keep
clustered,medium,3600,5,0.001,20,72000.0,66111.32999999999,66342.76,66011.30999999998,1.0852729069456863,0.9965116012659104,0.5021109261428292,7.566763878982424e-05,95.0,94.54922528967093,narrow_keep
random_avg,medium,3600,5,0.001,20,72000.0,66111.32999999999,66342.76,66011.30999999998,1.0852729069456863,0.9965116012659104,0.5021109261428247,7.566763878982424e-05,95.0,94.54922528967097,narrow_keep
clustered,medium,3600,5,0.01,2,72000.0,66111.50999999998,66187.05999999998,66011.30999999998,1.0878259285123106,0.9988585382097346,0.2662422545469889,0.0007584564112683056,50.0,97.90354818833497,narrow_keep
random_avg,medium,3600,5,0.01,2,72000.0,66111.50999999998,66229.072,66011.30999999998,1.0871361684413683,0.9982251898787943,0.3298858937960958,0.0007579754952188429,50.0,97.202025818668,narrow_keep
clustered,medium,3600,5,0.01,5,72000.0,66111.50999999998,66238.06,66011.30999999998,1.0869883568449923,0.9980894669922395,0.3435017423529585,0.00030496062233706725,80.0,96.55099863242184,narrow_keep
random_avg,medium,3600,5,0.01,5,72000.0,66111.50999999998,66333.874,66011.30999999998,1.0854186193474358,0.9966481098218637,0.48864959656156337,0.00030452022376136395,80.0,94.95108279106104,narrow_keep
clustered,medium,3600,5,0.01,10,72000.0,66111.50999999998,66347.93999999999,66011.30999999998,1.0851881761513622,0.9964365133265628,0.5099580662768277,0.000153734991621443,90.0,94.54922528967093,narrow_keep
random_avg,medium,3600,5,0.01,10,72000.0,66111.50999999998,66347.93999999999,66011.30999999998,1.0851881761513622,0.9964365133265629,0.5099580662768188,0.000153734991621443,90.0,94.54922528967101,narrow_keep
clustered,medium,3600,5,0.01,20,72000.0,66111.50999999998,66342.93999999999,66011.30999999998,1.0852699624104691,0.9965116107305464,0.5023836066880172,7.838060839631166e-05,95.0,94.54922528967093,narrow_keep
random_avg,medium,3600,5,0.01,20,72000.0,66111.50999999998,66342.93999999999,66011.30999999998,1.0852699624104691,0.9965116107305464,0.5023836066880127,7.838060839631166e-05,95.0,94.54922528967097,narrow_keep
clustered,medium,3600,30,0,2,72000.0,66611.30999999998,66436.85999999999,66011.30999999998,1.0837357454882728,1.002625801400006,0.644662255604378,0.004515565606201137,50.0,97.90354818833497,narrow_keep
random_avg,medium,3600,30,0,2,72000.0,66611.30999999998,66478.872,66011.30999999998,1.0830511598743302,1.001992452170119,0.7083058948534893,0.004512713166143043,50.0,97.202025818668,narrow_keep
clustered,medium,3600,30,0,5,72000.0,66611.30999999998,66337.86,66011.30999999998,1.085353069875935,1.0041220805132993,0.4946879557457873,0.0018089217831265584,80.0,96.55099863242184,narrow_keep
random_avg,medium,3600,30,0,5,72000.0,66611.30999999998,66433.674,66011.30999999998,1.0837880480187567,1.0026741894565594,0.6398358099543922,0.0018063134133645944,80.0,94.95108279106104,narrow_keep
clustered,medium,3600,30,0,10,72000.0,66611.30999999998,66397.73999999999,66011.30999999998,1.0843742573165895,1.0032165251407652,0.5853996837814623,0.0009036452144304913,90.0,94.54922528967093,narrow_keep
random_avg,medium,3600,30,0,10,72000.0,66611.30999999998,66397.73999999999,66011.30999999998,1.0843742573165895,1.0032165251407652,0.5853996837814535,0.0009036452144304913,90.0,94.54922528967101,narrow_keep
clustered,medium,3600,30,0,20,72000.0,66611.30999999998,66367.73999999999,66011.30999999998,1.0848644235889306,1.0036700059396326,0.5399529262485547,0.0004520268431620544,95.0,94.54922528967093,narrow_keep
random_avg,medium,3600,30,0,20,72000.0,66611.30999999998,66367.73999999999,66011.30999999998,1.0848644235889306,1.0036700059396326,0.5399529262485503,0.0004520268431620544,95.0,94.54922528967097,narrow_keep
clustered,medium,3600,30,0.001,2,72000.0,66611.32999999999,66436.87999999999,66011.30999999998,1.083735419243047,1.002625800609541,0.6446925534427494,0.004515865284462486,50.0,97.90354818833497,narrow_keep
random_avg,medium,3600,30,0.001,2,72000.0,66611.32999999999,66478.892,66011.30999999998,1.0830508340410585,1.0019924515706133,0.7083361926918563,0.00451301265595831,50.0,97.202025818668,narrow_keep
clustered,medium,3600,30,0.001,5,72000.0,66611.32999999999,66337.88,66011.30999999998,1.085352742656232,1.0041220792705463,0.4947182535841588,0.0018092227246333465,80.0,96.55099863242184,narrow_keep
random_avg,medium,3600,30,0.001,5,72000.0,66611.32999999999,66433.694,66011.30999999998,1.083787721741941,1.0026741886513972,0.6398661077927636,0.00180661392171483,80.0,94.95108279106104,narrow_keep
clustered,medium,3600,30,0.001,10,72000.0,66611.32999999999,66397.76,66011.30999999998,1.0843739306868185,1.0032165241718998,0.5854299816198338,0.0009039461572197617,90.0,94.54922528967093,narrow_keep
random_avg,medium,3600,30,0.001,10,72000.0,66611.32999999999,66397.76,66011.30999999998,1.0843739306868185,1.0032165241718998,0.585429981619825,0.0009039461572197617,90.0,94.54922528967101,narrow_keep
clustered,medium,3600,30,0.001,20,72000.0,66611.32999999999,66367.76,66011.30999999998,1.084864096663802,1.0036700048336722,0.5399832240869262,0.00045232805808121296,95.0,94.54922528967093,narrow_keep
random_avg,medium,3600,30,0.001,20,72000.0,66611.32999999999,66367.76,66011.30999999998,1.084864096663802,1.0036700048336722,0.5399832240869218,0.00045232805808121296,95.0,94.54922528967097,narrow_keep
clustered,medium,3600,30,0.01,2,72000.0,66611.50999999998,66437.05999999998,66011.30999999998,1.0837324830448551,1.0026257934953773,0.6449652339879375,0.004518562380695354,50.0,97.90354818833497,narrow_keep
random_avg,medium,3600,30,0.01,2,72000.0,66611.50999999998,66479.072,66011.30999999998,1.0830479015504353,1.0019924461750807,0.7086088732370444,0.004515708056186675,50.0,97.202025818668,narrow_keep
clustered,medium,3600,30,0.01,5,72000.0,66611.50999999998,66338.06,66011.30999999998,1.0853497976877828,1.0041220680858014,0.4949909341293468,0.0018119311900287708,80.0,96.55099863242184,narrow_keep
random_avg,medium,3600,30,0.01,5,72000.0,66611.50999999998,66433.874,66011.30999999998,1.0837847852594404,1.002674181404959,0.6401387883379517,0.001809318488724788,80.0,94.95108279106104,narrow_keep
clustered,medium,3600,30,0.01,10,72000.0,66611.50999999998,66397.93999999999,66011.30999999998,1.084370991027734,1.003216515452136,0.5857026621650219,0.0009066546341648553,90.0,94.54922528967093,narrow_keep
random_avg,medium,3600,30,0.01,10,72000.0,66611.50999999998,66397.93999999999,66011.30999999998,1.084370991027734,1.003216515452136,0.585702662165013,0.0009066546341648553,90.0,94.54922528967101,narrow_keep
clustered,medium,3600,30,0.01,20,72000.0,66611.50999999998,66367.93999999999,66011.30999999998,1.0848611543465114,1.003669994880058,0.5402559046321143,0.0004550389841842312,95.0,94.54922528967093,narrow_keep
random_avg,medium,3600,30,0.01,20,72000.0,66611.50999999998,66367.93999999999,66011.30999999998,1.0848611543465114,1.003669994880058,0.5402559046321098,0.0004550389841842312,95.0,94.54922528967097,narrow_keep
clustered,medium,3600,120,0,2,72000.0,68411.30999999998,67336.85999999999,66011.30999999998,1.0692509273524191,1.015956342484636,2.008064981591806,0.017820848789206985,50.0,97.90354818833497,narrow_keep
random_avg,medium,3600,120,0,2,72000.0,68411.30999999998,67378.872,66011.30999999998,1.0685845098653939,1.0153231411888821,2.0717086208408952,0.0178097418310899,50.0,97.202025818668,narrow_keep
clustered,medium,3600,120,0,5,72000.0,68411.30999999998,66697.86,66011.30999999998,1.079494904334262,1.0256897297754377,1.0400490461407452,0.007196632695561747,80.0,96.55099863242184,narrow_keep
random_avg,medium,3600,120,0,5,72000.0,68411.30999999998,66793.674,66011.30999999998,1.0779467174093196,1.0242187090023798,1.1851969003493634,0.007186311449395464,80.0,94.95108279106104,narrow_keep
clustered,medium,3600,120,0,10,72000.0,68411.30999999998,66577.73999999999,66011.30999999998,1.081442536199036,1.0275402859874785,0.8580802289789524,0.003604808453996787,90.0,94.54922528967093,narrow_keep
random_avg,medium,3600,120,0,10,72000.0,68411.30999999998,66577.73999999999,66011.30999999998,1.081442536199036,1.0275402859874785,0.8580802289789435,0.003604808453996787,90.0,94.54922528967101,narrow_keep
clustered,medium,3600,120,0,20,72000.0,68411.30999999998,66457.73999999999,66011.30999999998,1.0833952523814383,1.0293956730999279,0.6762931988472998,0.001805658753969064,95.0,94.54922528967093,narrow_keep
random_avg,medium,3600,120,0,20,72000.0,68411.30999999998,66457.73999999999,66011.30999999998,1.0833952523814383,1.0293956730999279,0.6762931988472953,0.001805658753969064,95.0,94.54922528967097,narrow_keep
clustered,medium,3600,120,0.001,2,72000.0,68411.32999999999,67336.87999999999,66011.30999999998,1.0692506097698617,1.0159563377453782,2.0080952794301554,0.01782114051022263,50.0,97.90354818833497,narrow_keep
random_avg,medium,3600,120,0.001,2,72000.0,68411.32999999999,67378.892,66011.30999999998,1.0685841926785007,1.0153231366404512,2.0717389186792623,0.01781003337358409,50.0,97.202025818668,narrow_keep
clustered,medium,3600,120,0.001,5,72000.0,68411.32999999999,66697.88,66011.30999999998,1.0794945806373455,1.0256897220721255,1.0400793439791167,0.007196930397188036,80.0,96.55099863242184,narrow_keep
random_avg,medium,3600,120,0.001,5,72000.0,68411.32999999999,66793.694,66011.30999999998,1.0779463946401175,1.0242187017504905,1.1852271981877216,0.007186608727154851,80.0,94.95108279106104,narrow_keep
clustered,medium,3600,120,0.001,10,72000.0,68411.32999999999,66577.76,66011.30999999998,1.0814422113330338,1.0275402777143599,0.8581105268173239,0.003605107771724372,90.0,94.54922528967093,narrow_keep
random_avg,medium,3600,120,0.001,10,72000.0,68411.32999999999,66577.76,66011.30999999998,1.0814422113330338,1.0275402777143599,0.858110526817315,0.003605107771724372,90.0,94.54922528967101,narrow_keep
clustered,medium,3600,120,0.001,20,72000.0,68411.32999999999,66457.76,66011.30999999998,1.0833949263411828,1.0293956642535047,0.6763234966856713,0.0018059591536037328,95.0,94.54922528967093,narrow_keep
random_avg,medium,3600,120,0.001,20,72000.0,68411.32999999999,66457.76,66011.30999999998,1.0833949263411828,1.0293956642535047,0.6763234966856668,0.0018059591536037328,95.0,94.54922528967097,narrow_keep
clustered,medium,3600,120,0.01,2,72000.0,68411.50999999998,67337.05999999998,66011.30999999998,1.069247751535336,1.0159562950921825,2.0083679599753435,0.017823765991565422,50.0,97.90354818833497,narrow_keep
random_avg,medium,3600,120,0.01,2,72000.0,68411.50999999998,67379.072,66011.30999999998,1.0685813380049356,1.0153230957046946,2.0720115992244503,0.017812657248243387,50.0,97.202025818668,narrow_keep
clustered,medium,3600,120,0.01,5,72000.0,68411.50999999998,66698.06,66011.30999999998,1.0794916673738337,1.0256896527425232,1.0403520245243048,0.007199609703790485,80.0,96.55099863242184,narrow_keep
random_avg,medium,3600,120,0.01,5,72000.0,68411.50999999998,66793.874,66011.30999999998,1.0779434897259983,1.0242186364836807,1.1854998787329096,0.007189284218978117,80.0,94.95108279106104,narrow_keep
clustered,medium,3600,120,0.01,10,72000.0,68411.50999999998,66577.93999999999,66011.30999999998,1.0814392875477976,1.027540203256514,0.858383207362512,0.003607801623180291,90.0,94.54922528967093,narrow_keep
random_avg,medium,3600,120,0.01,10,72000.0,68411.50999999998,66577.93999999999,66011.30999999998,1.0814392875477976,1.027540203256514,0.8583832073625031,0.003607801623180291,90.0,94.54922528967101,narrow_keep
clustered,medium,3600,120,0.01,20,72000.0,68411.50999999998,66457.93999999999,66011.30999999998,1.0833919919877146,1.0293955846359366,0.6765961772308593,0.0018086627421794901,95.0,94.54922528967093,narrow_keep
random_avg,medium,3600,120,0.01,20,72000.0,68411.50999999998,66457.93999999999,66011.30999999998,1.0833919919877146,1.0293955846359366,0.6765961772308549,0.0018086627421794901,95.0,94.54922528967097,narrow_keep
clustered,medium,43200,1,0,2,864000.0,792155.7200000001,793652.3200000001,792135.7200000001,1.0886379063315785,0.998114287626602,0.19145709020671475,1.2599975767726602e-05,50.0,97.90354818833504,narrow_keep
random_avg,medium,43200,1,0,2,864000.0,792155.72,794156.464,792135.72,1.0879471167189505,0.9974809393129909,0.2551007294558083,1.2591980517580444e-05,50.0,97.20202581866816,narrow_keep
clustered,medium,43200,1,0,5,864000.0,792155.7200000001,794618.32,792135.7200000001,1.087314473192614,0.9969009020582361,0.31340588958668203,5.033863301817658e-06,80.0,96.5509986324223,narrow_keep
random_avg,medium,43200,1,0,5,864000.0,792155.72,795768.0879999999,792135.72,1.085743794433664,0.9954608301101054,0.45855374379531355,5.0265916408965925e-06,80.0,94.95108279106122,narrow_keep
clustered,medium,43200,1,0,10,864000.0,792155.7200000001,796054.8800000001,792135.7200000001,1.0853523063636012,0.9951018954874066,0.4947586507019208,2.5123895980638917e-06,90.0,94.54922528967099,narrow_keep
random_avg,medium,43200,1,0,10,864000.0,792155.72,796054.8800000001,792135.72,1.0853523063636012,0.9951018954874065,0.49475865070193414,2.5123895980638917e-06,90.0,94.54922528967089,narrow_keep
clustered,medium,43200,1,0,20,864000.0,792155.7200000001,796053.88,792135.7200000001,1.0853536697792365,0.9951031455308026,0.49463240970877287,1.2561963770593016e-06,95.0,94.54922528967114,narrow_keep
random_avg,medium,43200,1,0,20,864000.0,792155.72,796053.88,792135.72,1.0853536697792365,0.9951031455308025,0.4946324097087862,1.2561963770593016e-06,95.0,94.54922528967104,narrow_keep
clustered,medium,43200,1,0.001,2,864000.0,792155.7400000001,793652.3400000001,792135.7200000001,1.0886378788979567,0.9981142876741219,0.19145961502657904,1.2625175401108246e-05,50.0,97.90354818833504,narrow_keep
random_avg,medium,43200,1,0.001,2,864000.0,792155.74,794156.484,792135.72,1.0879470893201257,0.997480939376424,0.2551032542756726,1.2617164160865348e-05,50.0,97.20202581866816,narrow_keep
clustered,medium,43200,1,0.001,5,864000.0,792155.7400000001,794618.34,792135.7200000001,1.0873144458256527,0.9969009021362383,0.3134084144065463,5.059032490994356e-06,80.0,96.5509986324223,narrow_keep
random_avg,medium,43200,1,0.001,5,864000.0,792155.74,795768.1079999999,792135.72,1.0857437671457029,0.9954608302241805,0.45855626861517784,5.051724472136256e-06,80.0,94.95108279106122,narrow_keep
clustered,medium,43200,1,0.001,10,864000.0,792155.7400000001,796054.9000000001,792135.7200000001,1.0853522790953236,0.995101895610466,0.4947611755218073,2.5375134302923073e-06,90.0,94.54922528967099,narrow_keep
random_avg,medium,43200,1,0.001,10,864000.0,792155.74,796054.9000000001,792135.72,1.0853522790953236,0.9951018956104659,0.4947611755218073,2.5375134302923073e-06,90.0,94.54922528967089,narrow_keep
clustered,medium,43200,1,0.001,20,864000.0,792155.7400000001,796053.9,792135.7200000001,1.0853536425108903,0.9951031456538308,0.49463493452863716,1.28132027240869e-06,95.0,94.54922528967114,narrow_keep
random_avg,medium,43200,1,0.001,20,864000.0,792155.74,796053.9,792135.72,1.0853536425108903,0.9951031456538307,0.4946349345286505,1.28132027240869e-06,95.0,94.54922528967104,narrow_keep
clustered,medium,43200,1,0.01,2,864000.0,792155.92,793652.52,792135.7200000001,1.088637631995423,0.9981142881018006,0.19148233840533546,1.2851972044390408e-05,50.0,97.90354818833504,narrow_keep
random_avg,medium,43200,1,0.01,2,864000.0,792155.9199999999,794156.664,792135.72,1.087946842730767,0.9974809399473217,0.255125977654429,1.2843816893349332e-05,50.0,97.20202581866816,narrow_keep
clustered,medium,43200,1,0.01,5,864000.0,792155.92,794618.5199999999,792135.7200000001,1.0873141995230617,0.9969009028382577,0.31343113778530274,5.28555513657044e-06,80.0,96.5509986324223,narrow_keep
random_avg,medium,43200,1,0.01,5,864000.0,792155.9199999999,795768.2879999998,792135.72,1.0857435215541154,0.9954608312508565,0.45857899199393426,5.277919896443617e-06,80.0,94.95108279106122,narrow_keep
clustered,medium,43200,1,0.01,10,864000.0,792155.92,796055.0800000001,792135.7200000001,1.0853520336808853,0.995101896718001,0.49478389890056373,2.7636278635392915e-06,90.0,94.54922528967099,narrow_keep
random_avg,medium,43200,1,0.01,10,864000.0,792155.9199999999,796055.0800000001,792135.72,1.0853520336808853,0.9951018967180009,0.49478389890056373,2.7636278635392915e-06,90.0,94.54922528967089,narrow_keep
clustered,medium,43200,1,0.01,20,864000.0,792155.92,796054.08,792135.7200000001,1.0853533970958356,0.9951031467610845,0.4946576579073936,1.507435273744216e-06,95.0,94.54922528967114,narrow_keep
random_avg,medium,43200,1,0.01,20,864000.0,792155.9199999999,796054.08,792135.72,1.0853533970958356,0.9951031467610844,0.4946576579074069,1.507435273744216e-06,95.0,94.54922528967104,narrow_keep
clustered,medium,43200,5,0,2,864000.0,792235.7200000001,793692.3200000001,792135.7200000001,1.0885830418517846,0.9981647800245819,0.19650672993258844,6.299670381086716e-05,50.0,97.90354818833504,narrow_keep
random_avg,medium,43200,5,0,2,864000.0,792235.72,794196.464,792135.72,1.0878923218283565,0.9975314315580552,0.26015036918168644,6.295673158728915e-05,50.0,97.20202581866816,narrow_keep
clustered,medium,43200,5,0,5,864000.0,792235.7200000001,794634.32,792135.7200000001,1.0872925800637456,0.9969815046498371,0.31542574547702706,2.5168809723697815e-05,80.0,96.5509986324223,narrow_keep
random_avg,medium,43200,5,0,5,864000.0,792235.72,795784.0879999999,792135.72,1.085721964503201,0.9955413452176016,0.460573599685663,2.513245288201854e-05,80.0,94.95108279106122,narrow_keep
clustered,medium,43200,5,0,10,864000.0,792235.7200000001,796062.8800000001,792135.7200000001,1.0853413991618348,0.995192389827296,0.49576857864710444,1.2561821749558274e-05,90.0,94.54922528967099,narrow_keep
random_avg,medium,43200,5,0,10,864000.0,792235.72,796062.8800000001,792135.72,1.0853413991618348,0.9951923898272959,0.49576857864711776,1.2561821749558274e-05,90.0,94.54922528967089,narrow_keep
clustered,medium,43200,5,0,20,864000.0,792235.7200000001,796057.88,792135.7200000001,1.0853482161372487,0.9951986405812604,0.4951373736813647,6.280950324868338e-06,95.0,94.54922528967114,narrow_keep
random_avg,medium,43200,5,0,20,864000.0,792235.72,796057.88,792135.72,1.0853482161372487,0.9951986405812603,0.4951373736813647,6.280950324868338e-06,95.0,94.54922528967104,narrow_keep
clustered,medium,43200,5,0.001,2,864000.0,792235.7400000001,793692.3400000001,792135.7200000001,1.0885830144209279,0.998164780070827,0.19650925475245273,6.302190090432269e-05,50.0,97.90354818833504,narrow_keep
random_avg,medium,43200,5,0.001,2,864000.0,792235.74,794196.484,792135.72,1.0878922944322917,0.9975314316202135,0.2601528940015507,6.298191269386948e-05,50.0,97.20202581866816,narrow_keep
clustered,medium,43200,5,0.001,5,864000.0,792235.7400000001,794634.34,792135.7200000001,1.0872925526978863,0.996981504725809,0.31542827029689136,2.5193977899319075e-05,80.0,96.5509986324223,narrow_keep
random_avg,medium,43200,5,0.001,5,864000.0,792235.74,795784.1079999999,792135.72,1.0857219372163371,0.9955413453296509,0.4605761245055273,2.5157584702628552e-05,80.0,94.95108279106122,narrow_keep
clustered,medium,43200,5,0.001,10,864000.0,792235.7400000001,796062.9000000001,792135.7200000001,1.0853413718941052,0.9951923899480807,0.49577110346696873,1.2586945076827468e-05,90.0,94.54922528967099,narrow_keep
random_avg,medium,43200,5,0.001,10,864000.0,792235.74,796062.9000000001,792135.72,1.0853413718941052,0.9951923899480806,0.49577110346698205,1.2586945076827468e-05,90.0,94.54922528967089,narrow_keep
clustered,medium,43200,5,0.001,20,864000.0,792235.7400000001,796057.9,792135.7200000001,1.0853481888691765,0.9951986407018888,0.49513989850122897,6.306073967735261e-06,95.0,94.54922528967114,narrow_keep
random_avg,medium,43200,5,0.001,20,864000.0,792235.74,796057.9,792135.72,1.0853481888691765,0.9951986407018887,0.49513989850122897,6.306073967735261e-06,95.0,94.54922528967104,narrow_keep
clustered,medium,43200,5,0.01,2,864000.0,792235.92,793692.52,792135.7200000001,1.0885827675432798,0.9981647804870329,0.19653197813120915,6.324867468827853e-05,50.0,97.90354818833504,narrow_keep
random_avg,medium,43200,5,0.01,2,864000.0,792235.9199999999,794196.664,792135.72,1.0878920478677714,0.9975314321796387,0.26017561738030714,6.320854259602098e-05,50.0,97.20202581866816,narrow_keep
clustered,medium,43200,5,0.01,5,864000.0,792235.92,794634.5199999999,792135.7200000001,1.087292306405214,0.9969815054095562,0.3154509936756478,2.5420491422899678e-05,80.0,96.5509986324223,narrow_keep
random_avg,medium,43200,5,0.01,5,864000.0,792235.9199999999,795784.2879999998,792135.72,1.085721691634625,0.9955413463380943,0.46059884788428374,2.5383771031272487e-05,80.0,94.95108279106122,narrow_keep
clustered,medium,43200,5,0.01,10,864000.0,792235.92,796063.0800000001,792135.7200000001,1.0853411264845996,0.9951923910351426,0.49579382684572515,1.2813054965443188e-05,90.0,94.54922528967099,narrow_keep
random_avg,medium,43200,5,0.01,10,864000.0,792235.9199999999,796063.0800000001,792135.72,1.0853411264845996,0.9951923910351425,0.4957938268457385,1.2813054965443188e-05,90.0,94.54922528967089,narrow_keep
clustered,medium,43200,5,0.01,20,864000.0,792235.92,796058.08,792135.7200000001,1.085347943456588,0.995198641787544,0.4951626218799854,6.5321866967294655e-06,95.0,94.54922528967114,narrow_keep
random_avg,medium,43200,5,0.01,20,864000.0,792235.9199999999,796058.08,792135.72,1.085347943456588,0.9951986417875439,0.4951626218799854,6.5321866967294655e-06,95.0,94.54922528967104,narrow_keep
clustered,medium,43200,30,0,2,864000.0,792735.7200000001,793942.3200000001,792135.7200000001,1.0882402641038205,0.9984802422422828,0.2280669782193323,0.00037786120281382656,50.0,97.90354818833504,narrow_keep
random_avg,medium,43200,30,0,2,864000.0,792735.72,794446.464,792135.72,1.0875499787747474,0.9978468928935,0.2917106174684303,0.0003776215204078984,50.0,97.20202581866816,narrow_keep
clustered,medium,43200,30,0,5,864000.0,792735.7200000001,794734.32,792135.7200000001,1.087155767980424,0.9974851973172622,0.3280498447917335,0.00015099385666394777,80.0,96.5509986324223,narrow_keep
random_avg,medium,43200,30,0,5,864000.0,792735.72,795884.0879999999,792135.72,1.085585547323509,0.9960444912952499,0.473197699000365,0.00015077577046159846,80.0,94.95108279106122,narrow_keep
clustered,medium,43200,30,0,10,864000.0,792735.7200000001,796112.8800000001,792135.7200000001,1.0852732341172522,0.9957579382461441,0.5020806283044577,7.536619681369807e-05,90.0,94.54922528967099,narrow_keep
random_avg,medium,43200,30,0,10,864000.0,792735.72,796112.8800000001,792135.72,1.0852732341172522,0.995757938246144,0.502080628304471,7.536619681369807e-05,90.0,94.54922528967089,narrow_keep
clustered,medium,43200,30,0,20,864000.0,792735.7200000001,796082.88,792135.7200000001,1.0853141321164952,0.995795462904566,0.4982933985100413,3.7684518476267196e-05,95.0,94.54922528967114,narrow_keep
random_avg,medium,43200,30,0,20,864000.0,792735.72,796082.88,792135.72,1.0853141321164952,0.9957954629045659,0.4982933985100413,3.7684518476267196e-05,95.0,94.54922528967104,narrow_keep
clustered,medium,43200,30,0.001,2,864000.0,792735.7400000001,793942.3400000001,792135.7200000001,1.0882402366902362,0.9984802422805666,0.2280695030391966,0.00037788638404144054,50.0,97.90354818833504,narrow_keep
random_avg,medium,43200,30,0.001,2,864000.0,792735.74,794446.484,792135.72,1.0875499513959221,0.9978468929476972,0.2917131422882946,0.00037764668566875526,50.0,97.20202581866816,narrow_keep
clustered,medium,43200,30,0.001,5,864000.0,792735.7400000001,794734.34,792135.7200000001,1.087155740621451,0.9974851973805487,0.3280523696115978,0.00015101901850623443,80.0,96.5509986324223,narrow_keep
random_avg,medium,43200,30,0.001,5,864000.0,792735.74,795884.1079999999,792135.72,1.0855855200435016,0.9960444913946414,0.4732002238202293,0.00015080089596715402,80.0,94.95108279106122,narrow_keep
clustered,medium,43200,30,0.001,10,864000.0,792735.7400000001,796112.9000000001,792135.7200000001,1.0852732068529474,0.9957579383527135,0.502083153124322,7.539131698531702e-05,90.0,94.54922528967099,narrow_keep
random_avg,medium,43200,30,0.001,10,864000.0,792735.74,796112.9000000001,792135.72,1.0852732068529474,0.9957579383527134,0.5020831531243353,7.539131698531702e-05,90.0,94.54922528967089,narrow_keep
clustered,medium,43200,30,0.001,20,864000.0,792735.7400000001,796082.9,792135.7200000001,1.0853141048501356,0.9957954630101966,0.4982959233299056,3.7709640541204944e-05,95.0,94.54922528967114,narrow_keep
random_avg,medium,43200,30,0.001,20,864000.0,792735.74,796082.9,792135.72,1.0853141048501356,0.9957954630101965,0.4982959233299056,3.7709640541204944e-05,95.0,94.54922528967104,narrow_keep
clustered,medium,43200,30,0.01,2,864000.0,792735.92,793942.52,792135.7200000001,1.0882399899680395,0.998480242625121,0.22809222641795301,0.00037811301503287665,50.0,97.90354818833504,narrow_keep
random_avg,medium,43200,30,0.01,2,864000.0,792735.9199999999,794446.664,792135.72,1.0875497049865577,0.9978468934354714,0.29173586566705545,0.00037787317295944975,50.0,97.20202581866816,narrow_keep
clustered,medium,43200,30,0.01,5,864000.0,792735.92,794734.5199999999,792135.7200000001,1.087155494390756,0.9974851979501282,0.3280750929903542,0.00015124547502982507,80.0,96.5509986324223,narrow_keep
random_avg,medium,43200,30,0.01,5,864000.0,792735.9199999999,795884.2879999998,792135.72,1.0855852745234988,0.9960444922891647,0.4732229471989857,0.00015102702546032935,80.0,94.95108279106122,narrow_keep
clustered,medium,43200,30,0.01,10,864000.0,792735.92,796113.0800000001,792135.7200000001,1.0852729614742669,0.9957579393118374,0.5021058765030784,7.561739847309128e-05,90.0,94.54922528967099,narrow_keep
random_avg,medium,43200,30,0.01,10,864000.0,792735.9199999999,796113.0800000001,792135.72,1.0852729614742669,0.9957579393118373,0.5021058765030917,7.561739847309128e-05,90.0,94.54922528967089,narrow_keep
clustered,medium,43200,30,0.01,20,864000.0,792735.92,796083.08,792135.7200000001,1.0853138594529608,0.9957954639608722,0.498318646708662,3.793573906884191e-05,95.0,94.54922528967114,narrow_keep
random_avg,medium,43200,30,0.01,20,864000.0,792735.9199999999,796083.08,792135.72,1.0853138594529608,0.995795463960872,0.498318646708662,3.793573906884191e-05,95.0,94.54922528967104,narrow_keep
clustered,medium,43200,120,0,2,864000.0,794535.7200000001,794842.3200000001,792135.7200000001,1.087008049596554,0.9996142631157334,0.34168387205162354,0.0015097334022174359,50.0,97.90354818833504,narrow_keep
random_avg,medium,43200,120,0,2,864000.0,794535.72,795346.464,792135.72,1.0863193257742074,0.9989809116364866,0.4053275113007171,0.0015087768413530659,50.0,97.20202581866816,narrow_keep
clustered,medium,43200,120,0,5,864000.0,794535.7200000001,795094.32,792135.7200000001,1.0866635294288105,0.9992974418431264,0.3734966023246411,0.0006037019607937836,80.0,96.5509986324223,narrow_keep
random_avg,medium,43200,120,0,5,864000.0,794535.72,796244.0879999999,792135.72,1.0850947291924522,0.9978547707489932,0.5186444565332771,0.000602830405106918,80.0,94.95108279106122,narrow_keep
clustered,medium,43200,120,0,10,864000.0,794535.7200000001,796292.8800000001,792135.7200000001,1.0850279108360228,0.9977933244863372,0.5248040070709115,0.00030139664189889526,90.0,94.54922528967099,narrow_keep
random_avg,medium,43200,120,0,10,864000.0,794535.72,796292.8800000001,792135.72,1.0850279108360228,0.9977933244863371,0.5248040070709248,0.00030139664189889526,90.0,94.54922528967089,narrow_keep
clustered,medium,43200,120,0,20,864000.0,794535.7200000001,796172.88,792135.7200000001,1.0851914473650497,0.9979437129282777,0.5096550878932682,0.0001507210343562569,95.0,94.54922528967114,narrow_keep
random_avg,medium,43200,120,0,20,864000.0,794535.72,796172.88,792135.72,1.0851914473650497,0.9979437129282775,0.5096550878932682,0.0001507210343562569,95.0,94.54922528967104,narrow_keep
clustered,medium,43200,120,0.001,2,864000.0,794535.7400000001,794842.3400000001,792135.7200000001,1.0870080222450151,0.9996142631254394,0.34168639687148783,0.001509758526451925,50.0,97.90354818833504,narrow_keep
random_avg,medium,43200,120,0.001,2,864000.0,794535.74,795346.484,792135.72,1.08631929845731,0.998980911662106,0.4053300361205814,0.0015088019496929874,50.0,97.20202581866816,narrow_keep
clustered,medium,43200,120,0.001,5,864000.0,794535.7400000001,795094.34,792135.7200000001,1.086663502094607,0.9992974418607987,0.3734991271445054,0.0006037270998558486,80.0,96.5509986324223,narrow_keep
random_avg,medium,43200,120,0.001,5,864000.0,794535.74,796244.1079999999,792135.72,1.0850947019371073,0.9978547708028692,0.5186469813531414,0.0006028555078979748,80.0,94.95108279106122,narrow_keep
clustered,medium,43200,120,0.001,10,864000.0,794535.7400000001,796292.9000000001,792135.7200000001,1.0850278835840428,0.997793324541761,0.5248065318907758,0.00030142175071509486,90.0,94.54922528967099,narrow_keep
random_avg,medium,43200,120,0.001,10,864000.0,794535.74,796292.9000000001,792135.72,1.0850278835840428,0.9977933245417608,0.5248065318907891,0.00030142175071509486,90.0,94.54922528967089,narrow_keep
clustered,medium,43200,120,0.001,20,864000.0,794535.7400000001,796172.9,792135.7200000001,1.085191420104854,0.997943712979932,0.5096576127131325,0.0001507461507418803,95.0,94.54922528967114,narrow_keep
random_avg,medium,43200,120,0.001,20,864000.0,794535.74,796172.9,792135.72,1.085191420104854,0.9979437129799319,0.5096576127131325,0.0001507461507418803,95.0,94.54922528967104,narrow_keep
clustered,medium,43200,120,0.01,2,864000.0,794535.92,794842.52,792135.7200000001,1.0870077760812293,0.9996142632127935,0.34170912025024425,0.00150998464450543,50.0,97.90354818833504,narrow_keep
random_avg,medium,43200,120,0.01,2,864000.0,794535.9199999999,795346.664,792135.72,1.0863190526052953,0.9989809118926812,0.4053527594993378,0.0015090279246954576,50.0,97.20202581866816,narrow_keep
clustered,medium,43200,120,0.01,5,864000.0,794535.92,795094.5199999999,792135.7200000001,1.0866632560868361,0.9992974420198496,0.3735218505232618,0.0006039533513575217,80.0,96.5509986324223,narrow_keep
random_avg,medium,43200,120,0.01,5,864000.0,794535.9199999999,796244.2879999998,792135.72,1.0850944566390648,0.9978547712877539,0.5186697047318978,0.0006030814329607394,80.0,94.95108279106122,narrow_keep
clustered,medium,43200,120,0.01,10,864000.0,794535.92,796293.0800000001,792135.7200000001,1.0850276383162842,0.9977933250405742,0.5248292552695322,0.00030164773000413363,90.0,94.54922528967099,narrow_keep
random_avg,medium,43200,120,0.01,10,864000.0,794535.9199999999,796293.0800000001,792135.72,1.0850276383162842,0.997793325040574,0.5248292552695455,0.00030164773000413363,90.0,94.54922528967089,narrow_keep
clustered,medium,43200,120,0.01,20,864000.0,794535.92,796173.08,792135.7200000001,1.0851911747631557,0.9979437134448205,0.5096803360918889,0.00015097219815570756,95.0,94.54922528967114,narrow_keep
random_avg,medium,43200,120,0.01,20,864000.0,794535.9199999999,796173.08,792135.72,1.0851911747631557,0.9979437134448204,0.5096803360918889,0.00015097219815570756,95.0,94.54922528967104,narrow_keep
clustered,medium,259200,1,0,2,5184000.0,4752834.32,4761863.92,4752814.32,1.0886493371276347,0.9981037677363952,0.19040508193048922,2.1000180114344805e-06,50.0,97.9035481883351,narrow_keep
random_avg,medium,259200,1,0,2,5184000.0,4752834.32,4764888.784,4752814.32,1.087958533015933,0.99747041945505,0.25404872117957833,2.0986854417745616e-06,50.0,97.2020258186683,narrow_keep
clustered,medium,259200,1,0,5,5184000.0,4752834.32,4767689.92,4752814.32,1.087319034372101,0.9968841094430907,0.31298508627619626,8.389807363982262e-07,80.0,96.5509986324222,narrow_keep
random_avg,medium,259200,1,0,5,5184000.0,4752834.32,4774588.528,4752814.32,1.0857483424463366,0.9954440557218482,0.45813294048481445,8.377687827518029e-07,80.0,94.95108279106131,narrow_keep
clustered,medium,259200,1,0,10,5184000.0,4752834.32,4776319.279999999,4752814.32,1.0853545787248964,0.9950830422709934,0.49454824904666683,4.1873247635991375e-07,90.0,94.54922528967124,narrow_keep
random_avg,medium,259200,1,0,10,5184000.0,4752834.32,4776319.279999999,4752814.32,1.0853545787248964,0.9950830422709934,0.49454824904666683,4.1873247635991375e-07,90.0,94.54922528967124,narrow_keep
clustered,medium,259200,1,0,20,5184000.0,4752834.32,4776318.28,4752814.32,1.085354805961549,0.9950832506078301,0.4945272088811681,2.093662820141877e-07,95.0,94.54922528967103,narrow_keep
random_avg,medium,259200,1,0,20,5184000.0,4752834.32,4776318.28,4752814.32,1.085354805961549,0.9950832506078302,0.4945272088811592,2.093662820141877e-07,95.0,94.54922528967111,narrow_keep
clustered,medium,259200,1,0.001,2,5184000.0,4752834.34,4761863.9399999995,4752814.32,1.0886493325552684,0.9981037677443595,0.19040550273379253,2.104218038619558e-06,50.0,97.9035481883351,narrow_keep
random_avg,medium,259200,1,0.001,2,5184000.0,4752834.34,4764888.804,4752814.32,1.0879585284493662,0.9974704194656665,0.25404914198287276,2.1028828038315295e-06,50.0,97.2020258186683,narrow_keep
clustered,medium,259200,1,0.001,5,5184000.0,4752834.34,4767689.9399999995,4752814.32,1.0873190298109026,0.9968841094561616,0.31298550707949957,8.431756365431767e-07,80.0,96.5509986324222,narrow_keep
random_avg,medium,259200,1,0.001,5,5184000.0,4752834.34,4774588.5479999995,4752814.32,1.0857483378983048,0.9954440557409311,0.4581333612881133,8.419576231387318e-07,80.0,94.95108279106131,narrow_keep
clustered,medium,259200,1,0.001,10,5184000.0,4752834.34,4776319.299999999,4752814.32,1.0853545741801645,0.9950830422915823,0.49454866984997015,4.229197993526104e-07,90.0,94.54922528967124,narrow_keep
random_avg,medium,259200,1,0.001,10,5184000.0,4752834.34,4776319.299999999,4752814.32,1.0853545741801645,0.9950830422915823,0.49454866984997015,4.229197993526104e-07,90.0,94.54922528967124,narrow_keep
clustered,medium,259200,1,0.001,20,5184000.0,4752834.34,4776318.3,4752814.32,1.085354801416815,0.9950832506284182,0.4945276296844492,2.13553606760253e-07,95.0,94.54922528967103,narrow_keep
random_avg,medium,259200,1,0.001,20,5184000.0,4752834.34,4776318.3,4752814.32,1.085354801416815,0.9950832506284182,0.4945276296844492,2.13553606760253e-07,95.0,94.54922528967111,narrow_keep
clustered,medium,259200,1,0.01,2,5184000.0,4752834.5200000005,4761864.12,4752814.32,1.0886492914039723,0.9981037678160376,0.19040928996358897,2.1420182816976304e-06,50.0,97.9035481883351,narrow_keep
random_avg,medium,259200,1,0.01,2,5184000.0,4752834.5200000005,4764888.984,4752814.32,1.0879584873502677,0.9974704195612144,0.2540529292126781,2.1406590607586284e-06,50.0,97.2020258186683,narrow_keep
clustered,medium,259200,1,0.01,5,5184000.0,4752834.5200000005,4767690.12,4752814.32,1.087318988760117,0.9968841095737994,0.3129892943093182,8.809297362639835e-07,80.0,96.5509986324222,narrow_keep
random_avg,medium,259200,1,0.01,5,5184000.0,4752834.5200000005,4774588.728,4752814.32,1.0857482969660213,0.9954440559126769,0.4581371485179231,8.796571850419154e-07,80.0,94.95108279106131,narrow_keep
clustered,medium,259200,1,0.01,10,5184000.0,4752834.5200000005,4776319.4799999995,4752814.32,1.0853545332775774,0.9950830424768824,0.4945524570797666,4.606057047088484e-07,90.0,94.54922528967124,narrow_keep
random_avg,medium,259200,1,0.01,10,5184000.0,4752834.5200000005,4776319.4799999995,4752814.32,1.0853545332775774,0.9950830424768824,0.4945524570797666,4.606057047088484e-07,90.0,94.54922528967124,narrow_keep
clustered,medium,259200,1,0.01,20,5184000.0,4752834.5200000005,4776318.48,4752814.32,1.0853547605142109,0.9950832508137104,0.49453141691426783,2.5123952789680804e-07,95.0,94.54922528967103,narrow_keep
random_avg,medium,259200,1,0.01,20,5184000.0,4752834.5200000005,4776318.48,4752814.32,1.0853547605142109,0.9950832508137105,0.49453141691425895,2.5123952789680804e-07,95.0,94.54922528967111,narrow_keep
clustered,medium,259200,5,0,2,5184000.0,4752914.32,4761903.92,4752814.32,1.088640192471586,0.9981121836662341,0.19124668855146076,1.050000185640033e-05,50.0,97.9035481883351,narrow_keep
random_avg,medium,259200,5,0,2,5184000.0,4752914.32,4764928.784,4752814.32,1.0879493999591796,0.997478835359065,0.2548903278005499,1.0493339119976655e-05,50.0,97.2020258186683,narrow_keep
clustered,medium,259200,5,0,5,5184000.0,4752914.32,4767705.92,4752814.32,1.08731538542545,0.9968975435464779,0.3133217289245982,4.194889604264854e-06,80.0,96.5509986324222,narrow_keep
random_avg,medium,259200,5,0,5,5184000.0,4752914.32,4774604.528,4752814.32,1.0857447040331505,0.9954574752436964,0.4584695831332075,4.188829876671105e-06,80.0,94.95108279106131,narrow_keep
clustered,medium,259200,5,0,10,5184000.0,4752914.32,4776327.279999999,4752814.32,1.0853527608350995,0.9950981248504397,0.4947165703708567,2.093658875067707e-06,90.0,94.54922528967124,narrow_keep
random_avg,medium,259200,5,0,10,5184000.0,4752914.32,4776327.279999999,4752814.32,1.0853527608350995,0.9950981248504397,0.4947165703708567,2.093658875067707e-06,90.0,94.54922528967124,narrow_keep
clustered,medium,259200,5,0,20,5184000.0,4752914.32,4776322.28,4752814.32,1.0853538970155088,0.9950991665495403,0.4946113695432519,1.046830533386872e-06,95.0,94.54922528967103,narrow_keep
random_avg,medium,259200,5,0,20,5184000.0,4752914.32,4776322.28,4752814.32,1.0853538970155088,0.9950991665495403,0.49461136954324303,1.046830533386872e-06,95.0,94.54922528967111,narrow_keep
clustered,medium,259200,5,0.001,2,5184000.0,4752914.34,4761903.9399999995,4752814.32,1.0886401878992966,0.998112183674163,0.19124710935476408,1.0504201813025235e-05,50.0,97.9035481883351,narrow_keep
random_avg,medium,259200,5,0.001,2,5184000.0,4752914.34,4764928.804,4752814.32,1.0879493953926898,0.997478835369646,0.2548907486038532,1.0497536411562952e-05,50.0,97.2020258186683,narrow_keep
clustered,medium,259200,5,0.001,5,5184000.0,4752914.34,4767705.9399999995,4752814.32,1.0873153808642821,0.9968975435594923,0.3133221497279015,4.1990844762544235e-06,80.0,96.5509986324222,narrow_keep
random_avg,medium,259200,5,0.001,5,5184000.0,4752914.34,4774604.5479999995,4752814.32,1.0857446994851492,0.9954574752627231,0.4584700039365064,4.193018688983929e-06,80.0,94.95108279106131,narrow_keep
clustered,medium,259200,5,0.001,10,5184000.0,4752914.34,4776327.299999999,4752814.32,1.0853527562903826,0.9950981248709654,0.49471699117416,2.097846184033494e-06,90.0,94.54922528967124,narrow_keep
random_avg,medium,259200,5,0.001,10,5184000.0,4752914.34,4776327.299999999,4752814.32,1.0853527562903826,0.9950981248709654,0.49471699117416,2.097846184033494e-06,90.0,94.54922528967124,narrow_keep
clustered,medium,259200,5,0.001,20,5184000.0,4752914.34,4776322.3,4752814.32,1.0853538924707824,0.9950991665700617,0.4946117903465552,1.051017851119469e-06,95.0,94.54922528967103,narrow_keep
random_avg,medium,259200,5,0.001,20,5184000.0,4752914.34,4776322.3,4752814.32,1.0853538924707824,0.9950991665700617,0.49461179034654634,1.051017851119469e-06,95.0,94.54922528967111,narrow_keep
clustered,medium,259200,5,0.01,2,5184000.0,4752914.5200000005,4761904.12,4752814.32,1.0886401467486917,0.9981121837455225,0.19125089658456051,1.0542001421061792e-05,50.0,97.9035481883351,narrow_keep
random_avg,medium,259200,5,0.01,2,5184000.0,4752914.5200000005,4764928.984,4752814.32,1.087949354294281,0.9974788354648754,0.25489453583365407,1.0535312034254034e-05,50.0,97.2020258186683,narrow_keep
clustered,medium,259200,5,0.01,5,5184000.0,4752914.5200000005,4767706.12,4752814.32,1.0873153398137718,0.9968975436766225,0.31332593695769795,4.236838322576811e-06,80.0,96.5509986324222,narrow_keep
random_avg,medium,259200,5,0.01,5,5184000.0,4752914.5200000005,4774604.728,4752814.32,1.0857446585531398,0.9954574754339623,0.4584737911663117,4.230717998220182e-06,80.0,94.95108279106131,narrow_keep
clustered,medium,259200,5,0.01,10,5184000.0,4752914.5200000005,4776327.4799999995,4752814.32,1.0853527153879323,0.9950981250556967,0.49472077840395645,2.135531963147552e-06,90.0,94.54922528967124,narrow_keep
random_avg,medium,259200,5,0.01,10,5184000.0,4752914.5200000005,4776327.4799999995,4752814.32,1.0853527153879323,0.9950981250556967,0.49472077840395645,2.135531963147552e-06,90.0,94.54922528967124,narrow_keep
clustered,medium,259200,5,0.01,20,5184000.0,4752914.5200000005,4776322.48,4752814.32,1.0853538515682466,0.995099166754754,0.49461557757637387,1.0887037091348153e-06,95.0,94.54922528967103,narrow_keep
random_avg,medium,259200,5,0.01,20,5184000.0,4752914.5200000005,4776322.48,4752814.32,1.0853538515682466,0.9950991667547541,0.494615577576365,1.0887037091348153e-06,95.0,94.54922528967111,narrow_keep
clustered,medium,259200,30,0,2,5184000.0,4753414.32,4762153.92,4752814.32,1.0885830418517846,0.9981647800245819,0.19650672993258844,6.299670381086716e-05,50.0,97.9035481883351,narrow_keep
random_avg,medium,259200,30,0,2,5184000.0,4753414.32,4765178.784,4752814.32,1.0878923218283565,0.9975314315580553,0.26015036918167755,6.295673158728915e-05,50.0,97.2020258186683,narrow_keep
clustered,medium,259200,30,0,5,5184000.0,4753414.32,4767805.92,4752814.32,1.0872925800637456,0.996981504649837,0.31542574547704927,2.5168809723697815e-05,80.0,96.5509986324222,narrow_keep
random_avg,medium,259200,30,0,5,5184000.0,4753414.32,4774704.528,4752814.32,1.085721964503201,0.9955413452176016,0.4605735996856586,2.5132452882018538e-05,80.0,94.95108279106131,narrow_keep
clustered,medium,259200,30,0,10,5184000.0,4753414.32,4776377.279999999,4752814.32,1.0853413991618353,0.9951923898272963,0.49576857864708224,1.2561821749558277e-05,90.0,94.54922528967124,narrow_keep
random_avg,medium,259200,30,0,10,5184000.0,4753414.32,4776377.279999999,4752814.32,1.0853413991618353,0.9951923898272963,0.49576857864708224,1.2561821749558277e-05,90.0,94.54922528967124,narrow_keep
clustered,medium,259200,30,0,20,5184000.0,4753414.32,4776347.28,4752814.32,1.0853482161372487,0.9951986405812603,0.4951373736813647,6.280950324868337e-06,95.0,94.54922528967103,narrow_keep
random_avg,medium,259200,30,0,20,5184000.0,4753414.32,4776347.28,4752814.32,1.0853482161372487,0.9951986405812603,0.4951373736813558,6.280950324868338e-06,95.0,94.54922528967111,narrow_keep
clustered,medium,259200,30,0.001,2,5184000.0,4753414.34,4762153.9399999995,4752814.32,1.0885830372799752,0.9981647800322894,0.19650715073589176,6.300090332653128e-05,50.0,97.9035481883351,narrow_keep
random_avg,medium,259200,30,0.001,2,5184000.0,4753414.34,4765178.804,4752814.32,1.0878923172623456,0.9975314315684151,0.26015078998498087,6.296092843847395e-05,50.0,97.2020258186683,narrow_keep
clustered,medium,259200,30,0.001,5,5184000.0,4753414.34,4767805.9399999995,4752814.32,1.087292575502769,0.996981504662499,0.3154261662803526,2.5173004419722673e-05,80.0,96.5509986324222,narrow_keep
random_avg,medium,259200,30,0.001,5,5184000.0,4753414.34,4774704.5479999995,4752814.32,1.0857219599553904,0.9955413452362766,0.46057402048895746,2.5136641518874604e-05,80.0,94.95108279106131,narrow_keep
clustered,medium,259200,30,0.001,10,5184000.0,4753414.34,4776377.299999999,4752814.32,1.0853413946172137,0.9951923898474271,0.49576899945038555,1.2566008970857478e-05,90.0,94.54922528967124,narrow_keep
random_avg,medium,259200,30,0.001,10,5184000.0,4753414.34,4776377.299999999,4752814.32,1.0853413946172137,0.9951923898474271,0.49576899945038555,1.2566008970857478e-05,90.0,94.54922528967124,narrow_keep
clustered,medium,259200,30,0.001,20,5184000.0,4753414.34,4776347.3,4752814.32,1.08534821159257,0.995198640601365,0.495137794484668,6.285137598767158e-06,95.0,94.54922528967103,narrow_keep
random_avg,medium,259200,30,0.001,20,5184000.0,4753414.34,4776347.3,4752814.32,1.08534821159257,0.9951986406013651,0.4951377944846591,6.285137598767159e-06,95.0,94.54922528967111,narrow_keep
clustered,medium,259200,30,0.01,2,5184000.0,4753414.5200000005,4762154.12,4752814.32,1.0885829961336908,0.9981647801016571,0.1965109379656882,6.303869896592091e-05,50.0,97.9035481883351,narrow_keep
random_avg,medium,259200,30,0.01,2,5184000.0,4753414.5200000005,4765178.984,4752814.32,1.0878922761682492,0.9975314316616526,0.26015457721478175,6.299870009755179e-05,50.0,97.2020258186683,narrow_keep
clustered,medium,259200,30,0.01,5,5184000.0,4753414.5200000005,4767806.12,4752814.32,1.0872925344539808,0.9969815047764569,0.315429953510149,2.5210756682362748e-05,80.0,96.5509986324222,narrow_keep
random_avg,medium,259200,30,0.01,5,5184000.0,4753414.5200000005,4774704.728,4752814.32,1.0857219190250955,0.9955413454043506,0.4605778077187628,2.517433924900009e-05,80.0,94.95108279106131,narrow_keep
clustered,medium,259200,30,0.01,10,5184000.0,4753414.5200000005,4776377.4799999995,4752814.32,1.0853413537156198,0.995192390028604,0.495772786680182,1.2603693960972282e-05,90.0,94.54922528967124,narrow_keep
random_avg,medium,259200,30,0.01,10,5184000.0,4753414.5200000005,4776377.4799999995,4752814.32,1.0853413537156198,0.995192390028604,0.495772786680182,1.2603693960972282e-05,90.0,94.54922528967124,narrow_keep
clustered,medium,259200,30,0.01,20,5184000.0,4753414.5200000005,4776347.48,4752814.32,1.0853481706904624,0.9951986407823076,0.49514158171448663,6.3228230622785416e-06,95.0,94.54922528967103,narrow_keep
random_avg,medium,259200,30,0.01,20,5184000.0,4753414.5200000005,4776347.48,4752814.32,1.0853481706904624,0.9951986407823077,0.49514158171447775,6.322823062278542e-06,95.0,94.54922528967111,narrow_keep
clustered,medium,259200,120,0,2,5184000.0,4755214.32,4763053.92,4752814.32,1.0883773492952606,0.9983540811983922,0.21544287890462588,0.00025193920122575477,50.0,97.9035481883351,narrow_keep
random_avg,medium,259200,120,0,2,5184000.0,4755214.32,4766078.784,4752814.32,1.0876868901377013,0.9977207321873194,0.27908651815371943,0.00025177937271706044,50.0,97.2020258186683,narrow_keep
clustered,medium,259200,120,0,5,5184000.0,4755214.32,4768165.92,4752814.32,1.0872104886819878,0.9972837354619574,0.3230002050658598,0.0001006676378409248,80.0,96.5509986324222,narrow_keep
random_avg,medium,259200,120,0,5,5184000.0,4755214.32,4775064.528,4752814.32,1.0856401100814954,0.9958432480374042,0.46814805927447356,0.00010052223241495327,80.0,94.95108279106131,narrow_keep
clustered,medium,259200,120,0,10,5184000.0,4755214.32,4776557.279999999,4752814.32,1.0853004991075916,0.995531727403466,0.4995558084414986,5.024539347720332e-05,90.0,94.54922528967124,narrow_keep
random_avg,medium,259200,120,0,10,5184000.0,4755214.32,4776557.279999999,4752814.32,1.0853004991075916,0.995531727403466,0.4995558084414986,5.024539347720332e-05,90.0,94.54922528967124,narrow_keep
clustered,medium,259200,120,0,20,5184000.0,4755214.32,4776437.28,4752814.32,1.0853277654679054,0.9955567384734926,0.49703098857856176,2.5123327904349662e-05,95.0,94.54922528967103,narrow_keep
random_avg,medium,259200,120,0,20,5184000.0,4755214.32,4776437.28,4752814.32,1.0853277654679054,0.9955567384734926,0.49703098857856176,2.5123327904349662e-05,95.0,94.54922528967111,narrow_keep
clustered,medium,259200,120,0.001,2,5184000.0,4755214.34,4763053.9399999995,4752814.32,1.0883773447251788,0.9983540812053034,0.2154432997079292,0.0002519433991545349,50.0,97.9035481883351,narrow_keep
random_avg,medium,259200,120,0.001,2,5184000.0,4755214.34,4766078.804,4752814.32,1.0876868855734148,0.9977207321968828,0.2790869389570183,0.00025178356798337366,50.0,97.2020258186683,narrow_keep
clustered,medium,259200,120,0.001,5,5184000.0,4755214.34,4768165.9399999995,4752814.32,1.0872104841217,0.9972837354733507,0.3230006258691631,0.00010067183190356836,80.0,96.5509986324222,narrow_keep
random_avg,medium,259200,120,0.001,5,5184000.0,4755214.34,4775064.5479999995,4752814.32,1.0856401055343705,0.9958432480548132,0.4681484800777769,0.00010052642042025627,80.0,94.95108279106131,narrow_keep
clustered,medium,259200,120,0.001,10,5184000.0,4755214.34,4776557.299999999,4752814.32,1.0853004945633127,0.9955317274221752,0.4995562292448019,5.02495803829256e-05,90.0,94.54922528967124,narrow_keep
random_avg,medium,259200,120,0.001,10,5184000.0,4755214.34,4776557.299999999,4752814.32,1.0853004945633127,0.9955317274221752,0.4995562292448019,5.02495803829256e-05,90.0,94.54922528967124,narrow_keep
clustered,medium,259200,120,0.001,20,5184000.0,4755214.34,4776437.3,4752814.32,1.085327760923398,0.9955567384920975,0.4970314093818651,2.5127515020452587e-05,95.0,94.54922528967103,narrow_keep
random_avg,medium,259200,120,0.001,20,5184000.0,4755214.34,4776437.3,4752814.32,1.085327760923398,0.9955567384920976,0.4970314093818651,2.512751502045259e-05,95.0,94.54922528967111,narrow_keep
clustered,medium,259200,120,0.01,2,5184000.0,4755214.5200000005,4763054.12,4752814.32,1.0883773035944424,0.9983540812675041,0.21544708693774783,0.0002519811805119695,50.0,97.9035481883351,narrow_keep
random_avg,medium,259200,120,0.01,2,5184000.0,4755214.5200000005,4766078.984,4752814.32,1.0876868444948369,0.9977207322829534,0.27909072618683695,0.0002518213253786079,50.0,97.2020258186683,narrow_keep
clustered,medium,259200,120,0.01,5,5184000.0,4755214.5200000005,4768166.12,4752814.32,1.0872104430791099,0.9972837355758907,0.32300441309895955,0.00010070957846577711,80.0,96.5509986324222,narrow_keep
random_avg,medium,259200,120,0.01,5,5184000.0,4755214.5200000005,4775064.728,4752814.32,1.0856400646102469,0.995843248211494,0.46815226730757775,0.00010056411246640443,80.0,94.95108279106131,narrow_keep
clustered,medium,259200,120,0.01,10,5184000.0,4755214.5200000005,4776557.4799999995,4752814.32,1.0853004536648014,0.9955317275905577,0.49956001647459836,5.028726253284824e-05,90.0,94.54922528967124,narrow_keep
random_avg,medium,259200,120,0.01,10,5184000.0,4755214.5200000005,4776557.4799999995,4752814.32,1.0853004536648014,0.9955317275905577,0.49956001647459836,5.028726253284824e-05,90.0,94.54922528967124,narrow_keep
clustered,medium,259200,120,0.01,20,5184000.0,4755214.5200000005,4776437.48,4752814.32,1.0853277200228317,0.9955567386595418,0.4970351966116837,2.5165199063800996e-05,95.0,94.54922528967103,narrow_keep
random_avg,medium,259200,120,0.01,20,5184000.0,4755214.5200000005,4776437.48,4752814.32,1.0853277200228317,0.9955567386595418,0.49703519661167483,2.5165199063801e-05,95.0,94.54922528967111,narrow_keep
clustered,high,600,1,0,2,12000.0,10572.733249999996,10593.074499999999,10552.733249999996,1.1328155956988692,0.9980797595636656,0.38228247643805613,0.0009440129964157244,50.0,97.9035481883348,narrow_keep
random_avg,high,600,1,0,2,12000.0,10572.73325,10603.2274,10552.73325,1.1317315924457414,0.9971246864605449,0.4784935694266679,0.0009431096603714511,50.0,97.20202581866819,narrow_keep
clustered,high,600,1,0,5,12000.0,10572.733249999996,10606.6495,10552.733249999996,1.131365753153246,0.996802359689551,0.5109221347938897,0.0003771219177177487,80.0,96.55099863242185,serious
random_avg,high,600,1,0,5,12000.0,10572.73325,10629.80455,10552.73325,1.128902065929461,0.994631700703842,0.7303444346989574,0.0003763006886431537,80.0,94.95108279106105,serious
clustered,high,600,1,0,10,12000.0,10572.733249999996,10633.6205,10552.733249999996,1.128496169296243,0.994274080968001,0.7665052084966151,0.00018808269488270715,90.0,94.54922528967067,serious
random_avg,high,600,1,0,10,12000.0,10572.73325,10633.6205,10552.73325,1.128496169296243,0.9942740809680013,0.7665052084965973,0.00018808269488270715,90.0,94.5492252896709,serious
clustered,high,600,1,0,20,12000.0,10572.733249999996,10632.620499999997,10552.733249999996,1.1286023045776912,0.9943675926362648,0.7570289905698191,9.405019204814094e-05,95.0,94.54922528967093,serious
random_avg,high,600,1,0,20,12000.0,10572.73325,10632.620499999999,10552.73325,1.128602304577691,0.994367592636265,0.7570289905698102,9.405019204814092e-05,95.0,94.54922528967107,serious
clustered,high,600,1,0.001,2,12000.0,10572.753249999996,10593.0945,10552.733249999996,1.1328134569176176,0.9980797631891226,0.3824720007965965,0.0009458992365262106,50.0,97.9035481883348,narrow_keep
random_avg,high,600,1,0.001,2,12000.0,10572.75325,10603.2474,10552.73325,1.1317294577544519,0.9971246918828433,0.47868309378520824,0.0009449940972249673,50.0,97.20202581866819,narrow_keep
clustered,high,600,1,0.001,5,12000.0,10572.753249999996,10606.6695,10552.733249999996,1.1313636198431563,0.9968023657190408,0.5111116591524301,0.0003790068126474573,80.0,96.55099863242185,serious
random_avg,high,600,1,0.001,5,12000.0,10572.75325,10629.824550000001,10552.73325,1.1288999418988597,0.9946317108029982,0.7305339590574977,0.00037818148053611795,80.0,94.95108279106105,serious
clustered,high,600,1,0.001,10,12000.0,10572.753249999996,10633.640500000001,10552.733249999996,1.128494046794228,0.9942740917374435,0.7666947328551554,0.00018996316454369505,90.0,94.54922528967067,serious
random_avg,high,600,1,0.001,10,12000.0,10572.75325,10633.640500000001,10552.73325,1.128494046794228,0.9942740917374439,0.7666947328551377,0.00018996316454369505,90.0,94.5492252896709,serious
clustered,high,600,1,0.001,20,12000.0,10572.753249999996,10632.640499999998,10552.733249999996,1.1286001816764144,0.9943676032308247,0.7572185149283595,9.593101544249524e-05,95.0,94.54922528967093,serious
random_avg,high,600,1,0.001,20,12000.0,10572.75325,10632.6405,10552.73325,1.1286001816764144,0.994367603230825,0.7572185149283506,9.593101544249522e-05,95.0,94.54922528967107,serious
clustered,high,600,1,0.01,2,12000.0,10572.933249999996,10593.2745,10552.733249999996,1.1327942082497722,0.9980797958176196,0.3841777200234153,0.0009628750770123062,50.0,97.9035481883348,narrow_keep
random_avg,high,600,1,0.01,2,12000.0,10572.93325,10603.4274,10552.73325,1.1317102458952248,0.9971247406826083,0.48038881301202707,0.0009619537090109411,50.0,97.20202581866819,narrow_keep
clustered,high,600,1,0.01,5,12000.0,10572.933249999996,10606.8495,10552.733249999996,1.1313444204143748,0.9968024199834263,0.5128173783792489,0.00039597054714503115,80.0,96.55099863242185,serious
random_avg,high,600,1,0.01,5,12000.0,10572.93325,10630.004550000001,10552.73325,1.1288808259831136,0.9946318016936937,0.7322396782843166,0.0003951082890940898,80.0,94.95108279106105,serious
clustered,high,600,1,0.01,10,12000.0,10572.933249999996,10633.820500000002,10552.733249999996,1.1284749446353735,0.9942741886606037,0.7684004520819743,0.00020688707318315179,90.0,94.54922528967067,serious
random_avg,high,600,1,0.01,10,12000.0,10572.93325,10633.820500000002,10552.73325,1.1284749446353735,0.9942741886606039,0.7684004520819565,0.00020688707318315179,90.0,94.5492252896709,serious
clustered,high,600,1,0.01,20,12000.0,10572.933249999996,10632.820499999998,10552.733249999996,1.1285810759243047,0.9943676985800709,0.7589242341551783,0.00011285810759243046,95.0,94.54922528967093,serious
random_avg,high,600,1,0.01,20,12000.0,10572.93325,10632.8205,10552.73325,1.1285810759243045,0.994367698580071,0.7589242341551694,0.00011285810759243044,95.0,94.54922528967107,serious
clustered,high,600,5,0,2,12000.0,10652.733249999996,10633.074499999999,10552.733249999996,1.1285541166856303,1.0018488302701158,0.7613311935085854,0.00470230881952346,50.0,97.9035481883348,narrow_keep
random_avg,high,600,5,0,2,12000.0,10652.73325,10643.2274,10552.73325,1.1274782473171188,1.0008937511538993,0.8575422864971971,0.0046978260304879945,50.0,97.20202581866819,narrow_keep
clustered,high,600,5,0,5,12000.0,10652.733249999996,10622.6495,10552.733249999996,1.1296616724481026,1.0028320382782088,0.6625416216220925,0.0018827694540801709,80.0,96.55099863242185,serious
random_avg,high,600,5,0,5,12000.0,10652.73325,10645.80455,10552.73325,1.1272053920928669,1.000651529993914,0.8819639215271646,0.0018786756534881115,80.0,94.95108279106105,serious
clustered,high,600,5,0,10,12000.0,10652.733249999996,10641.6205,10552.733249999996,1.1276478051439627,1.0010442723455506,0.8423149519107387,0.0009397065042866356,90.0,94.54922528967067,serious
random_avg,high,600,5,0,10,12000.0,10652.73325,10641.6205,10552.73325,1.1276478051439627,1.001044272345551,0.8423149519106987,0.0009397065042866356,90.0,94.5492252896709,serious
clustered,high,600,5,0,20,12000.0,10652.733249999996,10636.620499999997,10552.733249999996,1.1281778831913767,1.001514837348949,0.794933862276892,0.000470074117996407,95.0,94.54922528967093,serious
random_avg,high,600,5,0,20,12000.0,10652.73325,10636.620499999999,10552.73325,1.1281778831913765,1.0015148373489493,0.7949338622768609,0.00047007411799640693,95.0,94.54922528967107,serious
clustered,high,600,5,0.001,2,12000.0,10652.753249999996,10633.0945,10552.733249999996,1.1285519939656325,1.001848826792614,0.7615207178671257,0.004704180894846745,50.0,97.9035481883348,narrow_keep
random_avg,high,600,5,0.001,2,12000.0,10652.75325,10643.2474,10552.73325,1.1274761286411357,1.0008937494732728,0.8577318108557375,0.0046996963295524675,50.0,97.20202581866819,narrow_keep
clustered,high,600,5,0.001,5,12000.0,10652.753249999996,10622.6695,10552.733249999996,1.1296595455596166,1.0028320329461438,0.6627311459806329,0.0018846486751752938,80.0,96.55099863242185,serious
random_avg,high,600,5,0.001,5,12000.0,10652.75325,10645.824550000001,10552.73325,1.1272032744420537,1.0006515287686024,0.8821534458857005,0.0018805507961941596,80.0,94.95108279106105,serious
clustered,high,600,5,0.001,10,12000.0,10652.753249999996,10641.640500000001,10552.733249999996,1.1276456858319917,1.0010442703829352,0.842504476269279,0.000941584147669713,90.0,94.54922528967067,serious
random_avg,high,600,5,0.001,10,12000.0,10652.75325,10641.640500000001,10552.73325,1.1276456858319917,1.0010442703829356,0.8425044762692391,0.000941584147669713,90.0,94.5492252896709,serious
clustered,high,600,5,0.001,20,12000.0,10652.753249999996,10636.640499999998,10552.733249999996,1.1281757618864718,1.0015148345006113,0.7951233866354102,0.00047195352705584065,95.0,94.54922528967093,serious
random_avg,high,600,5,0.001,20,12000.0,10652.75325,10636.6405,10552.73325,1.1281757618864716,1.0015148345006113,0.7951233866354013,0.0004719535270558406,95.0,94.54922528967107,serious
clustered,high,600,5,0.01,2,12000.0,10652.933249999996,10633.2745,10552.733249999996,1.1285328898449862,1.0018487954956863,0.7632264370939446,0.004721029255851526,50.0,97.9035481883348,narrow_keep
random_avg,high,600,5,0.01,2,12000.0,10652.93325,10643.4274,10552.73325,1.1274570609155963,1.0008937343479192,0.8594375300825563,0.004716528704830245,50.0,97.20202581866819,narrow_keep
clustered,high,600,5,0.01,5,12000.0,10652.933249999996,10622.8495,10552.733249999996,1.1296404039236365,1.002831984958461,0.6644368652074517,0.001901561346604788,80.0,96.55099863242185,serious
random_avg,high,600,5,0.01,5,12000.0,10652.93325,10646.004550000001,10552.73325,1.1271842159427836,1.000651517741005,0.8838591651125238,0.0018974267635036854,80.0,94.95108279106105,serious
clustered,high,600,5,0.01,10,12000.0,10652.933249999996,10641.820500000002,10552.733249999996,1.1276266123827214,1.0010442527197292,0.8442101954960979,0.0009584826205253131,90.0,94.54922528967067,serious
random_avg,high,600,5,0.01,10,12000.0,10652.93325,10641.820500000002,10552.73325,1.1276266123827214,1.0010442527197296,0.8442101954960579,0.0009584826205253131,90.0,94.5492252896709,serious
clustered,high,600,5,0.01,20,12000.0,10652.933249999996,10636.820499999998,10552.733249999996,1.1281566705013026,1.0015148088660515,0.7968291058622512,0.0004888678905505645,95.0,94.54922528967093,serious
random_avg,high,600,5,0.01,20,12000.0,10652.93325,10636.8205,10552.73325,1.1281566705013026,1.0015148088660517,0.7968291058622246,0.0004888678905505644,95.0,94.54922528967107,serious
clustered,high,600,30,0,2,12000.0,11152.733249999996,10883.074499999999,10552.733249999996,1.1026295924005667,1.0247778097999787,3.1303856751993875,0.02756573981001417,50.0,97.9035481883348,narrow_keep
random_avg,high,600,30,0,2,12000.0,11152.73325,10893.2274,10552.73325,1.1016025462117436,1.0238232787850312,3.2265967681879992,0.027540063655293594,50.0,97.20202581866819,narrow_keep
clustered,high,600,30,0,5,12000.0,11152.733249999996,10722.6495,10552.733249999996,1.1191263875593436,1.0401098394571227,1.6101634142984045,0.011191263875593434,80.0,96.55099863242185,serious
random_avg,high,600,30,0,5,12000.0,11152.73325,10745.80455,10552.73325,1.1167156523643333,1.0378693155765952,1.82958571420349,0.011167156523643335,80.0,94.95108279106105,serious
clustered,high,600,30,0,10,12000.0,11152.733249999996,10691.6205,10552.733249999996,1.122374293026955,1.0431284247322465,1.3161258482488947,0.005611871465134775,90.0,94.54922528967067,serious
random_avg,high,600,30,0,10,12000.0,11152.73325,10691.6205,10552.73325,1.122374293026955,1.043128424732247,1.3161258482488547,0.005611871465134775,90.0,94.5492252896709,serious
clustered,high,600,30,0,20,12000.0,11152.733249999996,10661.620499999997,10552.733249999996,1.125532464788069,1.0460636119996953,1.03183931044597,0.0028138311619701722,95.0,94.54922528967093,serious
random_avg,high,600,30,0,20,12000.0,11152.73325,10661.620499999999,10552.73325,1.1255324647880687,1.0460636119996956,1.0318393104459433,0.002813831161970172,95.0,94.54922528967107,serious
clustered,high,600,30,0.001,2,12000.0,11152.753249999996,10883.0945,10552.733249999996,1.1026275660842604,1.024777764265485,3.130575199557928,0.027567526864716647,50.0,97.9035481883348,narrow_keep
random_avg,high,600,30,0.001,2,12000.0,11152.75325,10893.2474,10552.73325,1.1016005236673219,1.0238232350443688,3.2267862925465396,0.027541849092555824,50.0,97.20202581866819,narrow_keep
clustered,high,600,30,0.001,5,12000.0,11152.753249999996,10722.6695,10552.733249999996,1.1191243001567845,1.0401097646439625,1.6103529386569448,0.011193108208734774,80.0,96.55099863242185,serious
random_avg,high,600,30,0.001,5,12000.0,11152.75325,10745.824550000001,10552.73325,1.1167135739437104,1.0378692450933191,1.8297752385620303,0.011168996928727009,80.0,94.95108279106105,serious
clustered,high,600,30,0.001,10,12000.0,11152.753249999996,10691.640500000001,10552.733249999996,1.1223721934907929,1.0431283440553387,1.316315372607435,0.00561373158777645,90.0,94.54922528967067,serious
random_avg,high,600,30,0.001,10,12000.0,11152.75325,10691.640500000001,10552.73325,1.1223721934907929,1.0431283440553392,1.316315372607395,0.00561373158777645,90.0,94.5492252896709,serious
clustered,high,600,30,0.001,20,12000.0,11152.753249999996,10661.640499999998,10552.733249999996,1.125530353419814,1.0460635255897062,1.0320288348045104,0.0028157017674719014,95.0,94.54922528967093,serious
random_avg,high,600,30,0.001,20,12000.0,11152.75325,10661.6405,10552.73325,1.1255303534198138,1.0460635255897064,1.0320288348044837,0.002815701767471901,95.0,94.54922528967107,serious
clustered,high,600,30,0.01,2,12000.0,11152.933249999996,10883.2745,10552.733249999996,1.1026093295726391,1.0247773544625745,3.1322809187847467,0.027583610061475524,50.0,97.9035481883348,narrow_keep
random_avg,high,600,30,0.01,2,12000.0,11152.93325,10893.4274,10552.73325,1.101582321101727,1.0238228413856356,3.2284920117733584,0.027557917732894874,50.0,97.20202581866819,narrow_keep
clustered,high,600,30,0.01,5,12000.0,11152.933249999996,10722.8495,10552.733249999996,1.1191055138841592,1.040109091338081,1.6120586578837637,0.011209706897406328,80.0,96.55099863242185,serious
random_avg,high,600,30,0.01,5,12000.0,11152.93325,10746.004550000001,10552.73325,1.1166948685062468,1.0378686107556414,1.8314809577888491,0.011185560266204238,80.0,94.95108279106105,serious
clustered,high,600,30,0.01,10,12000.0,11152.933249999996,10691.820500000002,10552.733249999996,1.1223532980187985,1.043127617976751,1.3180210918342539,0.0056304723783943056,90.0,94.54922528967067,serious
random_avg,high,600,30,0.01,10,12000.0,11152.93325,10691.820500000002,10552.73325,1.1223532980187985,1.0431276179767512,1.318021091834214,0.0056304723783943056,90.0,94.5492252896709,serious
clustered,high,600,30,0.01,20,12000.0,11152.933249999996,10661.820499999998,10552.733249999996,1.1255113514619761,1.0460627479143922,1.0337345540313292,0.0028325369011793066,95.0,94.54922528967093,serious
random_avg,high,600,30,0.01,20,12000.0,11152.93325,10661.8205,10552.73325,1.125511351461976,1.0460627479143922,1.0337345540313025,0.002832536901179306,95.0,94.54922528967107,serious
clustered,high,600,120,0,2,12000.0,12952.733249999996,11783.074499999999,10552.733249999996,1.0184099234881356,1.0992660065078939,11.658981809286262,0.10184099234881355,50.0,97.9035481883348,drop
random_avg,high,600,120,0,2,12000.0,12952.73325,11793.2274,10552.73325,1.0175336742187808,1.0983201879206892,11.755192902274874,0.10175336742187809,50.0,97.20202581866819,drop
clustered,high,600,120,0,5,12000.0,12952.733249999996,11082.6495,10552.733249999996,1.0827735732326462,1.168739772019317,5.0216018679331675,0.04331094292930585,80.0,96.55099863242185,narrow_keep
random_avg,high,600,120,0,5,12000.0,12952.73325,11105.80455,10552.73325,1.0805167302269403,1.1663037482326475,5.241024167838235,0.04322066920907762,80.0,94.95108279106105,narrow_keep
clustered,high,600,120,0,10,12000.0,12952.733249999996,10871.6205,10552.733249999996,1.1037912885204186,1.1914261769898973,3.021845075066265,0.022075825770408376,90.0,94.54922528967067,serious
random_avg,high,600,120,0,10,12000.0,12952.73325,10871.6205,10552.73325,1.1037912885204186,1.1914261769898975,3.0218450750662296,0.022075825770408376,90.0,94.5492252896709,serious
clustered,high,600,120,0,20,12000.0,12952.733249999996,10751.620499999997,10552.733249999996,1.1161108225499592,1.204723813493975,1.8846989238546552,0.01116110822549959,95.0,94.54922528967093,serious
random_avg,high,600,120,0,20,12000.0,12952.73325,10751.620499999999,10552.73325,1.116110822549959,1.2047238134939753,1.8846989238546286,0.011161108225499589,95.0,94.54922528967107,serious
clustered,high,600,120,0.001,2,12000.0,12952.753249999996,11783.0945,10552.733249999996,1.0184081948931158,1.0992658380190363,11.659171333644803,0.10184251683630306,50.0,97.9035481883348,drop
random_avg,high,600,120,0.001,2,12000.0,12952.75325,11793.2474,10552.73325,1.017531948596214,1.0983200211798703,11.755382426633414,0.10175489074620239,50.0,97.20202581866819,drop
clustered,high,600,120,0.001,5,12000.0,12952.753249999996,11082.6695,10552.733249999996,1.0827716192384875,1.1687394675082565,5.021791392291708,0.0433126693889049,80.0,96.55099863242185,narrow_keep
random_avg,high,600,120,0.001,5,12000.0,12952.75325,11105.824550000001,10552.73325,1.080514784368534,1.1663034487418813,5.241213692196776,0.043222392232715304,80.0,94.95108279106105,narrow_keep
clustered,high,600,120,0.001,10,12000.0,12952.753249999996,10871.640500000001,10552.733249999996,1.10378925793214,1.1914258248329674,3.0220345994248055,0.02207762480740602,90.0,94.54922528967067,serious
random_avg,high,600,120,0.001,10,12000.0,12952.75325,10871.640500000001,10552.73325,1.10378925793214,1.1914258248329677,3.02203459942477,0.02207762480740602,90.0,94.5492252896709,serious
clustered,high,600,120,0.001,20,12000.0,12952.753249999996,10751.640499999998,10552.733249999996,1.116108746381541,1.204723432670577,1.8848884482131956,0.011162947645059377,95.0,94.54922528967093,serious
random_avg,high,600,120,0.001,20,12000.0,12952.75325,10751.6405,10552.73325,1.1161087463815407,1.2047234326705771,1.884888448213169,0.011162947645059375,95.0,94.54922528967107,serious
clustered,high,600,120,0.01,2,12000.0,12952.933249999996,11783.2745,10552.733249999996,1.0183926378019965,1.0992643216450568,11.660877052871621,0.10185623699082968,50.0,97.9035481883348,drop
random_avg,high,600,120,0.01,2,12000.0,12952.93325,11793.4274,10552.73325,1.01751641825649,1.0983185205379498,11.757088145860234,0.10176860043261995,50.0,97.20202581866819,drop
clustered,high,600,120,0.01,5,12000.0,12952.933249999996,11082.8495,10552.733249999996,1.0827540336084145,1.1687367269581705,5.023497111518527,0.04332820724489672,80.0,96.55099863242185,narrow_keep
random_avg,high,600,120,0.01,5,12000.0,12952.93325,11106.004550000001,10552.73325,1.0804972719582513,1.1663007533735272,5.242919411423594,0.043237899166196025,80.0,94.95108279106105,narrow_keep
clustered,high,600,120,0.01,10,12000.0,12952.933249999996,10871.820500000002,10552.733249999996,1.1037709829738265,1.1914226554789047,3.0237403186516243,0.022093815842526093,90.0,94.54922528967067,serious
random_avg,high,600,120,0.01,10,12000.0,12952.93325,10871.820500000002,10552.73325,1.1037709829738265,1.1914226554789051,3.0237403186515888,0.022093815842526093,90.0,94.5492252896709,serious
clustered,high,600,120,0.01,20,12000.0,12952.933249999996,10751.820499999998,10552.733249999996,1.1160900612133546,1.2047200053237495,1.8865941674400144,0.01117950211315377,95.0,94.54922528967093,serious
random_avg,high,600,120,0.01,20,12000.0,12952.93325,10751.8205,10552.73325,1.1160900612133546,1.2047200053237497,1.8865941674399878,0.011179502113153768,95.0,94.54922528967107,serious
clustered,high,3600,1,0,2,72000.0,63336.39950000001,63508.44700000001,63316.39950000001,1.1337074578441508,0.9972909509187022,0.30331399371501533,0.00015745936914502096,50.0,97.903548188335,narrow_keep
random_avg,high,3600,1,0,2,72000.0,63336.3995,63569.3644,63316.3995,1.1326217484238468,0.9963358825077951,0.39952508670364484,0.00015730857616997872,50.0,97.20202581866819,narrow_keep
clustered,high,3600,1,0,5,72000.0,63336.39950000001,63619.897,63316.39950000001,1.1317214172792516,0.9955438862153456,0.479334741704629,6.287341207106953e-05,80.0,96.55099863242222,serious
random_avg,high,3600,1,0,5,72000.0,63336.3995,63758.8273,63316.3995,1.129256182741255,0.9933752878881268,0.6987570416097366,6.27364545967364e-05,80.0,94.95108279106113,serious
clustered,high,3600,1,0,10,72000.0,63336.39950000001,63791.723000000005,63316.39950000001,1.1286730725238445,0.9928623420314263,0.7507115119519625,3.135202979232901e-05,90.0,94.54922528967104,serious
random_avg,high,3600,1,0,10,72000.0,63336.3995,63791.723000000005,63316.3995,1.1286730725238445,0.9928623420314262,0.7507115119519714,3.135202979232901e-05,90.0,94.54922528967099,serious
clustered,high,3600,1,0,20,72000.0,63336.39950000001,63790.723000000005,63316.39950000001,1.1286907658971037,0.9928779064002771,0.7491321422975039,1.5676260637459776e-05,95.0,94.54922528967104,serious
random_avg,high,3600,1,0,20,72000.0,63336.3995,63790.723,63316.3995,1.128690765897104,0.9928779064002771,0.7491321422975128,1.5676260637459776e-05,95.0,94.54922528967101,serious
clustered,high,3600,1,0.001,2,72000.0,63336.4195,63508.467000000004,63316.39950000001,1.133707100818541,0.9972909517718322,0.3033455811080943,0.00015777423819724699,50.0,97.903548188335,narrow_keep
random_avg,high,3600,1,0.001,2,72000.0,63336.419499999996,63569.384399999995,63316.3995,1.132621392081509,0.9963358836603948,0.3995566740967238,0.00015762314373134333,50.0,97.20202581866819,narrow_keep
clustered,high,3600,1,0.001,5,72000.0,63336.4195,63619.916999999994,63316.39950000001,1.1317210615034283,0.9955438876162006,0.47936632909770793,6.318775926727475e-05,80.0,96.55099863242222,serious
random_avg,high,3600,1,0.001,5,72000.0,63336.419499999996,63758.847299999994,63316.3995,1.1292558285134742,0.9933752899659646,0.69878862900282,6.30501170920023e-05,80.0,94.95108279106113,serious
clustered,high,3600,1,0.001,10,72000.0,63336.4195,63791.743,63316.39950000001,1.1286727186620376,0.9928623442692263,0.7507430993450415,3.1665540162462715e-05,90.0,94.54922528967104,serious
random_avg,high,3600,1,0.001,10,72000.0,63336.419499999996,63791.743,63316.3995,1.1286727186620376,0.9928623442692261,0.7507430993450726,3.166554016246272e-05,90.0,94.54922528967099,serious
clustered,high,3600,1,0.001,20,72000.0,63336.4195,63790.743,63316.39950000001,1.1286904120242023,0.9928779086332323,0.7491637296905829,1.598978083700953e-05,95.0,94.54922528967104,serious
random_avg,high,3600,1,0.001,20,72000.0,63336.419499999996,63790.742999999995,63316.3995,1.1286904120242025,0.9928779086332322,0.7491637296905918,1.5989780837009535e-05,95.0,94.54922528967101,serious
clustered,high,3600,1,0.01,2,72000.0,63336.599500000004,63508.647000000004,63316.39950000001,1.1337038875981722,0.9972909594499785,0.3036298676458937,0.0001606080507430744,50.0,97.903548188335,narrow_keep
random_avg,high,3600,1,0.01,2,72000.0,63336.5995,63569.564399999996,63316.3995,1.1326181850105586,0.996335894033759,0.39984096063453656,0.0001604542428764958,50.0,97.20202581866819,narrow_keep
clustered,high,3600,1,0.01,5,72000.0,63336.599500000004,63620.096999999994,63316.39950000001,1.131717859531085,0.9955439002238555,0.47965061563550737,6.60168751393133e-05,80.0,96.55099863242222,serious
random_avg,high,3600,1,0.01,5,72000.0,63336.5995,63759.027299999994,63316.3995,1.1292526404734455,0.9933753086664457,0.6990729155406239,6.587307069428431e-05,80.0,94.95108279106113,serious
clustered,high,3600,1,0.01,10,72000.0,63336.599500000004,63791.923,63316.39950000001,1.128669533915759,0.9928623644093626,0.7510273858828631,3.448712464742598e-05,90.0,94.54922528967104,serious
random_avg,high,3600,1,0.01,10,72000.0,63336.5995,63791.923,63316.3995,1.1286695339157593,0.9928623644093625,0.751027385882872,3.448712464742598e-05,90.0,94.54922528967099,serious
clustered,high,3600,1,0.01,20,72000.0,63336.599500000004,63790.923,63316.39950000001,1.1286872271780735,0.9928779287297662,0.7494480162284045,1.8811453786301226e-05,95.0,94.54922528967104,serious
random_avg,high,3600,1,0.01,20,72000.0,63336.5995,63790.922999999995,63316.3995,1.1286872271780737,0.9928779287297662,0.7494480162284045,1.8811453786301226e-05,95.0,94.54922528967101,serious
clustered,high,3600,5,0,2,72000.0,63416.39950000001,63548.44700000001,63316.39950000001,1.1329938558529997,0.9979220971363785,0.36648877989342576,0.0007868012887868054,50.0,97.903548188335,narrow_keep
random_avg,high,3600,5,0,2,72000.0,63416.3995,63609.3644,63316.3995,1.131909511688333,0.9969670248760728,0.4626998728820686,0.0007860482720057868,50.0,97.20202581866819,narrow_keep
clustered,high,3600,5,0,5,72000.0,63416.39950000001,63635.897,63316.39950000001,1.1314368680934914,0.996550728278412,0.5046046561759887,0.0003142880189148587,80.0,96.55099863242222,serious
random_avg,high,3600,5,0,5,72000.0,63416.3995,63774.8273,63316.3995,1.1289728715234275,0.9943804811832202,0.7240269560811052,0.0003136035754231743,80.0,94.95108279106113,serious
clustered,high,3600,5,0,10,72000.0,63416.39950000001,63799.723000000005,63316.39950000001,1.1285315455052993,0.9939917685849514,0.7633464691876535,0.00015674049243129156,90.0,94.54922528967104,serious
random_avg,high,3600,5,0,10,72000.0,63416.3995,63799.723000000005,63316.3995,1.1285315455052995,0.9939917685849513,0.7633464691876624,0.0001567404924312916,90.0,94.54922528967099,serious
clustered,high,3600,5,0,20,72000.0,63416.39950000001,63794.723000000005,63316.39950000001,1.1286199957322487,0.9940696740700637,0.7554496209153605,7.837638859251728e-05,95.0,94.54922528967104,serious
random_avg,high,3600,5,0,20,72000.0,63416.3995,63794.723,63316.3995,1.128619995732249,0.9940696740700637,0.7554496209153605,7.837638859251729e-05,95.0,94.54922528967101,serious
clustered,high,3600,5,0.001,2,72000.0,63416.4195,63548.467000000004,63316.39950000001,1.1329934992767017,0.9979220977903369,0.3665203672865047,0.0007871157615808419,50.0,97.903548188335,narrow_keep
random_avg,high,3600,5,0.001,2,72000.0,63416.419499999996,63609.384399999995,63316.3995,1.1319091557940184,0.9969670258295045,0.46273146027514755,0.0007863624440669001,50.0,97.20202581866819,narrow_keep
clustered,high,3600,5,0.001,5,72000.0,63416.4195,63635.916999999994,63316.39950000001,1.1314365124965513,0.9965507293624764,0.5046362435690677,0.00031460220805806886,80.0,96.55099863242222,serious
random_avg,high,3600,5,0.001,5,72000.0,63416.419499999996,63774.847299999994,63316.3995,1.1289725174733638,0.9943804829453043,0.7240585434741931,0.0003139170805530103,80.0,94.95108279106113,serious
clustered,high,3600,5,0.001,10,72000.0,63416.4195,63799.743,63316.39950000001,1.12853119173223,0.9939917704684171,0.7633780565807324,0.00015705392418273532,90.0,94.54922528967104,serious
random_avg,high,3600,5,0.001,10,72000.0,63416.419499999996,63799.743,63316.3995,1.12853119173223,0.993991770468417,0.7633780565807413,0.00015705392418273535,90.0,94.54922528967099,serious
clustered,high,3600,5,0.001,20,72000.0,63416.4195,63794.743,63316.39950000001,1.1286196419037224,0.9940696759292533,0.7554812083084395,7.868986947717619e-05,95.0,94.54922528967104,serious
random_avg,high,3600,5,0.001,20,72000.0,63416.419499999996,63794.742999999995,63316.3995,1.1286196419037224,0.9940696759292533,0.7554812083084395,7.86898694771762e-05,95.0,94.54922528967101,serious
clustered,high,3600,5,0.01,2,72000.0,63416.599500000004,63548.647000000004,63316.39950000001,1.132990290100118,0.9979221036759445,0.36680465382432637,0.0007899460078198045,50.0,97.903548188335,narrow_keep
random_avg,high,3600,5,0.01,2,72000.0,63416.5995,63609.564399999996,63316.3995,1.1319059527552582,0.9969670344103627,0.4630157468129559,0.0007891899837265828,50.0,97.20202581866819,narrow_keep
clustered,high,3600,5,0.01,5,72000.0,63416.599500000004,63636.096999999994,63316.39950000001,1.1314333121341493,0.9965507391190256,0.5049205301068671,0.00031742990145985857,80.0,96.55099863242222,serious
random_avg,high,3600,5,0.01,5,72000.0,63416.5995,63775.027299999994,63316.3995,1.128969331032783,0.9943804988040129,0.7243428300119925,0.00031673861787308636,80.0,94.95108279106113,serious
clustered,high,3600,5,0.01,10,72000.0,63416.599500000004,63799.923,63316.39950000001,1.128528007784586,0.9939917874195554,0.7636623431185319,0.00015987480110281636,90.0,94.54922528967104,serious
random_avg,high,3600,5,0.01,10,72000.0,63416.5995,63799.923,63316.3995,1.1285280077845863,0.9939917874195553,0.7636623431185408,0.00015987480110281636,90.0,94.54922528967099,serious
clustered,high,3600,5,0.01,20,72000.0,63416.599500000004,63794.923,63316.39950000001,1.1286164574569673,0.9940696926619067,0.7557654948462389,8.15111885941143e-05,95.0,94.54922528967104,serious
random_avg,high,3600,5,0.01,20,72000.0,63416.5995,63794.922999999995,63316.3995,1.1286164574569673,0.9940696926619067,0.7557654948462389,8.151118859411431e-05,95.0,94.54922528967101,serious
clustered,high,3600,30,0,2,72000.0,63916.39950000001,63798.44700000001,63316.39950000001,1.12855411668563,1.001848830270116,0.7613311935085632,0.004702308819523459,50.0,97.903548188335,narrow_keep
random_avg,high,3600,30,0,2,72000.0,63916.3995,63859.3644,63316.3995,1.1274782473171185,1.0008937511538993,0.8575422864971927,0.004697826030487994,50.0,97.20202581866819,narrow_keep
clustered,high,3600,30,0,5,72000.0,63916.39950000001,63735.897,63316.39950000001,1.1296616724481026,1.0028320382782094,0.6625416216220481,0.0018827694540801709,80.0,96.55099863242222,serious
random_avg,high,3600,30,0,5,72000.0,63916.3995,63874.8273,63316.3995,1.1272053920928669,1.000651529993914,0.8819639215271557,0.0018786756534881115,80.0,94.95108279106113,serious
clustered,high,3600,30,0,10,72000.0,63916.39950000001,63849.723000000005,63316.39950000001,1.1276478051439627,1.001044272345551,0.8423149519106721,0.0009397065042866356,90.0,94.54922528967104,serious
random_avg,high,3600,30,0,10,72000.0,63916.3995,63849.723000000005,63316.3995,1.127647805143963,1.001044272345551,0.842314951910681,0.0009397065042866356,90.0,94.54922528967099,serious
clustered,high,3600,30,0,20,72000.0,63916.39950000001,63819.723000000005,63316.39950000001,1.1281778831913762,1.0015148373489493,0.7949338622768698,0.0004700741179964068,95.0,94.54922528967104,serious
random_avg,high,3600,30,0,20,72000.0,63916.3995,63819.723,63316.3995,1.1281778831913765,1.0015148373489493,0.7949338622768698,0.0004700741179964069,95.0,94.54922528967101,serious
clustered,high,3600,30,0.001,2,72000.0,63916.4195,63798.467000000004,63316.39950000001,1.1285537628984095,1.0018488296905317,0.7613627809016421,0.0047026208325664,50.0,97.903548188335,narrow_keep
random_avg,high,3600,30,0.001,2,72000.0,63916.419499999996,63859.384399999995,63316.3995,1.1274778942039019,1.0008937508737945,0.8575738738902849,0.00469813774748687,50.0,97.20202581866819,narrow_keep
clustered,high,3600,30,0.001,5,72000.0,63916.4195,63735.916999999994,63316.39950000001,1.1296613179661321,1.0028320373895305,0.6625732090151271,0.001883082658087433,80.0,96.55099863242222,serious
random_avg,high,3600,30,0.001,5,72000.0,63916.419499999996,63874.847299999994,63316.3995,1.1272050391505122,1.0006515297896952,0.8819955089202436,0.0018789881777617288,80.0,94.95108279106113,serious
clustered,high,3600,30,0.001,10,72000.0,63916.4195,63849.743,63316.39950000001,1.1276474519247477,1.001044272018448,0.8423465393037732,0.0009400194453406022,90.0,94.54922528967104,serious
random_avg,high,3600,30,0.001,10,72000.0,63916.419499999996,63849.743,63316.3995,1.127647451924748,1.001044272018448,0.8423465393037821,0.0009400194453406022,90.0,94.54922528967099,serious
clustered,high,3600,30,0.001,20,72000.0,63916.4195,63819.743,63316.39950000001,1.128177529640005,1.0015148368742257,0.7949654496699488,0.0004703873533304576,95.0,94.54922528967104,serious
random_avg,high,3600,30,0.001,20,72000.0,63916.419499999996,63819.742999999995,63316.3995,1.1281775296400052,1.0015148368742257,0.7949654496699488,0.0004703873533304577,95.0,94.54922528967101,serious
clustered,high,3600,30,0.01,2,72000.0,63916.599500000004,63798.647000000004,63316.39950000001,1.1285505788234036,1.0018488244742871,0.7616470674394415,0.0047054289411498015,50.0,97.903548188335,narrow_keep
random_avg,high,3600,30,0.01,2,72000.0,63916.5995,63859.564399999996,63316.3995,1.127474716194904,1.0008937483528588,0.8578581604280844,0.004700943191690419,50.0,97.20202581866819,narrow_keep
clustered,high,3600,30,0.01,5,72000.0,63916.599500000004,63736.096999999994,63316.39950000001,1.1296581276384088,1.0028320293914452,0.6628574955529265,0.0018859014853074548,80.0,96.55099863242222,serious
random_avg,high,3600,30,0.01,5,72000.0,63916.5995,63875.027299999994,63316.3995,1.1272018626792655,1.0006515279517305,0.882279795458043,0.0018818008874173294,80.0,94.95108279106113,serious
clustered,high,3600,30,0.01,10,72000.0,63916.599500000004,63849.923,63316.39950000001,1.12764427296177,1.0010442690745296,0.8426308258415727,0.0009428359060041466,90.0,94.54922528967104,serious
random_avg,high,3600,30,0.01,10,72000.0,63916.5995,63849.923,63316.3995,1.1276442729617702,1.0010442690745296,0.8426308258415816,0.0009428359060041466,90.0,94.54922528967099,serious
clustered,high,3600,30,0.01,20,72000.0,63916.599500000004,63819.923,63316.39950000001,1.1281743476876336,1.0015148326017254,0.7952497362077482,0.0004732064625023129,95.0,94.54922528967104,serious
random_avg,high,3600,30,0.01,20,72000.0,63916.5995,63819.922999999995,63316.3995,1.1281743476876336,1.0015148326017254,0.7952497362077571,0.000473206462502313,95.0,94.54922528967101,serious
clustered,high,3600,120,0,2,72000.0,65716.3995,64698.44700000001,63316.39950000001,1.112855150912664,1.0157338011529085,2.1827638825230533,0.0185475858485444,50.0,97.903548188335,narrow_keep
random_avg,high,3600,120,0,2,72000.0,65716.3995,64759.3644,63316.3995,1.1118089822972568,1.014778934004652,2.278974975511674,0.018530149704954278,50.0,97.20202581866819,narrow_keep
clustered,high,3600,120,0,5,72000.0,65716.3995,64095.897,63316.39950000001,1.1233168325891438,1.02528246854865,1.2311146972278308,0.007488778883927625,80.0,96.55099863242222,serious
random_avg,high,3600,120,0,5,72000.0,65716.3995,64234.8273,63316.3995,1.1208880325760753,1.0230656353269219,1.4505369971329474,0.007472586883840502,80.0,94.95108279106113,serious
clustered,high,3600,120,0,10,72000.0,65716.3995,64029.723000000005,63316.39950000001,1.1244777679266236,1.0263420864713095,1.1266014897135745,0.003748259226422079,90.0,94.54922528967104,serious
random_avg,high,3600,120,0,10,72000.0,65716.3995,64029.723000000005,63316.3995,1.1244777679266238,1.0263420864713095,1.1266014897135834,0.003748259226422079,90.0,94.54922528967099,serious
clustered,high,3600,120,0,20,72000.0,65716.3995,63909.723000000005,63316.39950000001,1.126589141999567,1.0282691962223025,0.937077131178321,0.0018776485699992785,95.0,94.54922528967104,serious
random_avg,high,3600,120,0,20,72000.0,65716.3995,63909.723,63316.3995,1.126589141999567,1.0282691962223025,0.937077131178321,0.0018776485699992787,95.0,94.54922528967101,serious
clustered,high,3600,120,0.001,2,72000.0,65716.4195,64698.467000000004,63316.39950000001,1.1128548068998296,1.0157337962891764,2.1827954699161323,0.01854788924133241,50.0,97.903548188335,narrow_keep
random_avg,high,3600,120,0.001,2,72000.0,65716.4195,64759.384399999995,63316.3995,1.1118086389307098,1.014778929440202,2.279006562904762,0.018530452817911533,50.0,97.20202581866819,narrow_keep
clustered,high,3600,120,0.001,5,72000.0,65716.4195,64095.916999999994,63316.39950000001,1.123316482077946,1.0252824606597017,1.2311462846209098,0.007489088579542438,80.0,96.55099863242222,serious
random_avg,high,3600,120,0.001,5,72000.0,65716.4195,64234.847299999994,63316.3995,1.1208876835787283,1.0230656281450412,1.4505685845260352,0.007472895914881404,80.0,94.95108279106113,serious
clustered,high,3600,120,0.001,10,72000.0,65716.4195,64029.743,63316.39950000001,1.1244774166905527,1.0263420782432315,1.1266330771066535,0.003748570410473145,90.0,94.54922528967104,serious
random_avg,high,3600,120,0.001,10,72000.0,65716.4195,64029.743,63316.3995,1.1244774166905527,1.0263420782432315,1.1266330771066624,0.003748570410473145,90.0,94.54922528967099,serious
clustered,high,3600,120,0.001,20,72000.0,65716.4195,63909.743,63316.39950000001,1.1265887894432622,1.0282691873757026,0.9371087185714,0.0018779609237358377,95.0,94.54922528967104,serious
random_avg,high,3600,120,0.001,20,72000.0,65716.4195,63909.742999999995,63316.3995,1.1265887894432622,1.0282691873757026,0.9371087185714,0.001877960923735838,95.0,94.54922528967101,serious
clustered,high,3600,120,0.01,2,72000.0,65716.59950000001,64698.647000000004,63316.39950000001,1.1128517107938902,1.0157337525157213,2.1830797564539317,0.01855061976798371,50.0,97.903548188335,narrow_keep
random_avg,high,3600,120,0.01,2,72000.0,65716.5995,64759.564399999996,63316.3995,1.1118055486413303,1.0147788883602789,2.279290849442561,0.018533180826101732,50.0,97.20202581866819,narrow_keep
clustered,high,3600,120,0.01,5,72000.0,65716.59950000001,64096.096999999994,63316.39950000001,1.1233133274870075,1.0252823896593894,1.2314305711587314,0.007491875831378626,80.0,96.55099863242222,serious
random_avg,high,3600,120,0.01,5,72000.0,65716.5995,64235.027299999994,63316.3995,1.1208845426123835,1.023065563508315,1.4508528710638346,0.007475677185589813,80.0,94.95108279106113,serious
clustered,high,3600,120,0.01,10,72000.0,65716.59950000001,64029.923,63316.39950000001,1.1244742555757876,1.0263420041907596,1.126917363644453,0.0037513710581847798,90.0,94.54922528967104,serious
random_avg,high,3600,120,0.01,10,72000.0,65716.5995,64029.923,63316.3995,1.1244742555757876,1.0263420041907594,1.1269173636444618,0.0037513710581847798,90.0,94.54922528967099,serious
clustered,high,3600,120,0.01,20,72000.0,65716.59950000001,63909.923,63316.39950000001,1.1265856164464476,1.0282691077565531,0.9373930051091994,0.0018807720985675417,95.0,94.54922528967104,serious
random_avg,high,3600,120,0.01,20,72000.0,65716.5995,63909.922999999995,63316.3995,1.1265856164464476,1.028269107756553,0.9373930051091994,0.0018807720985675419,95.0,94.54922528967101,serious
clustered,high,43200,1,0,2,864000.0,759816.7939999998,761991.3640000001,759796.7939999998,1.1338711182558756,0.9971462012527477,0.28883643854915597,1.3123508313146708e-05,50.0,97.90354818833474,narrow_keep
random_avg,high,43200,1,0,2,864000.0,759816.794,762722.3728,759796.794,1.1327850956013454,0.9961911338319418,0.38504753153775884,1.3110938606497053e-05,50.0,97.20202581866818,narrow_keep
clustered,high,43200,1,0,5,864000.0,759816.7939999998,763394.764,759796.7939999998,1.1317866466267772,0.9953130802453339,0.473543719638303,5.2397529936424875e-06,80.0,96.55099863242192,serious
random_avg,high,43200,1,0,5,864000.0,759816.794,765061.9275999999,759796.794,1.129321128256395,0.9931448600326815,0.6929660195433751,5.22833855674257e-06,80.0,94.95108279106115,serious
clustered,high,43200,1,0,10,864000.0,759816.7939999998,765478.676,759796.7939999998,1.128705510798579,0.992603475214246,0.7478160009188217,2.6127442379596738e-06,90.0,94.54922528967083,serious
random_avg,high,43200,1,0,10,864000.0,759816.794,765478.676,759796.794,1.128705510798579,0.9926034752142462,0.7478160009187995,2.6127442379596738e-06,90.0,94.549225289671,serious
clustered,high,43200,1,0,20,864000.0,759816.7939999998,765477.6759999997,759796.7939999998,1.1287069853099156,0.9926047719254454,0.7476843867809224,1.30637382559018e-06,95.0,94.54922528967106,serious
random_avg,high,43200,1,0,20,864000.0,759816.794,765477.6759999999,759796.794,1.1287069853099154,0.9926047719254455,0.7476843867809135,1.3063738255901799e-06,95.0,94.54922528967109,serious
clustered,high,43200,1,0.001,2,864000.0,759816.8139999998,761991.3840000001,759796.7939999998,1.1338710884951422,0.9971462013276514,0.2888390708319255,1.3149754984631162e-05,50.0,97.90354818833474,narrow_keep
random_avg,high,43200,1,0.001,2,864000.0,759816.814,762722.3928,759796.794,1.132785065897576,0.9961911339318013,0.3850501638205195,1.3137160139228834e-05,50.0,97.20202581866818,narrow_keep
clustered,high,43200,1,0.001,5,864000.0,759816.8139999998,763394.784,759796.7939999998,1.1317866169753656,0.9953130803681255,0.47354635192107253,5.2659516206492706e-06,80.0,96.55099863242192,serious
random_avg,high,43200,1,0.001,5,864000.0,759816.814,765061.9476,759796.794,1.1293210987340094,0.9931448602118684,0.6929686518261358,5.254480112165182e-06,80.0,94.95108279106115,serious
clustered,high,43200,1,0.001,10,864000.0,759816.8139999998,765478.696,759796.7939999998,1.1287054813083917,0.9926034754074982,0.7478186332015913,2.6388716113923045e-06,90.0,94.54922528967083,serious
random_avg,high,43200,1,0.001,10,864000.0,759816.814,765478.696,759796.794,1.1287054813083917,0.9926034754074984,0.7478186332015557,2.6388716113923045e-06,90.0,94.549225289671,serious
clustered,high,43200,1,0.001,20,864000.0,759816.8139999998,765477.6959999998,759796.7939999998,1.128706955819651,0.992604772118664,0.7476870190636697,1.332501267287088e-06,95.0,94.54922528967106,serious
random_avg,high,43200,1,0.001,20,864000.0,759816.814,765477.6959999999,759796.794,1.128706955819651,0.9926047721186642,0.7476870190636697,1.3325012672870878e-06,95.0,94.54922528967109,serious
clustered,high,43200,1,0.01,2,864000.0,759816.9939999997,761991.564,759796.7939999998,1.1338708206486128,0.9971462020017845,0.28886276137671807,1.3385974965990567e-05,50.0,97.90354818833474,narrow_keep
random_avg,high,43200,1,0.01,2,864000.0,759816.994,762722.5728,759796.794,1.1327847985637225,0.9961911348305359,0.3850738543653254,1.3373153871932833e-05,50.0,97.20202581866818,narrow_keep
clustered,high,43200,1,0.01,5,864000.0,759816.9939999997,763394.9639999999,759796.7939999998,1.1317863501127314,0.9953130814732487,0.4735700424658651,5.50173920193689e-06,80.0,96.55099863242192,serious
random_avg,high,43200,1,0.01,5,864000.0,759816.994,765062.1275999999,759796.794,1.1293208330326074,0.9931448618245504,0.6929923423709416,5.489754049464064e-06,80.0,94.95108279106115,serious
clustered,high,43200,1,0.01,10,864000.0,759816.9939999997,765478.8759999999,759796.7939999998,1.1287052158967743,0.9926034771467682,0.7478423237463838,2.874017910848268e-06,90.0,94.54922528967083,serious
random_avg,high,43200,1,0.01,10,864000.0,759816.994,765478.8759999999,759796.794,1.1287052158967743,0.9926034771467684,0.7478423237463661,2.874017910848268e-06,90.0,94.549225289671,serious
clustered,high,43200,1,0.01,20,864000.0,759816.9939999997,765477.8759999997,759796.7939999998,1.1287066904073402,0.9926047738576314,0.7477107096084845,1.5676481811213057e-06,95.0,94.54922528967106,serious
random_avg,high,43200,1,0.01,20,864000.0,759816.994,765477.8759999998,759796.794,1.12870669040734,0.9926047738576315,0.7477107096084801,1.5676481811213055e-06,95.0,94.54922528967109,serious
clustered,high,43200,5,0,2,864000.0,759896.7939999998,762031.3640000001,759796.7939999998,1.1338115999120477,0.9971988423300642,0.29410100406401796,6.561409721713239e-05,50.0,97.90354818833474,narrow_keep
random_avg,high,43200,5,0,2,864000.0,759896.794,762762.3728,759796.794,1.1327256911765546,0.9962437745445577,0.39031209705262526,6.555125527642098e-05,50.0,97.20202581866818,narrow_keep
clustered,high,43200,5,0,5,864000.0,759896.7939999998,763410.764,759796.7939999998,1.131762925994059,0.9953970127672968,0.4756495458442478,2.6198215879492107e-05,80.0,96.55099863242192,serious
random_avg,high,43200,5,0,5,864000.0,759896.794,765077.9275999999,759796.794,1.1292975108411247,0.9932286550467023,0.6950718457493199,2.6141146084285293e-05,80.0,94.95108279106115,serious
clustered,high,43200,5,0,10,864000.0,759896.7939999998,765486.676,759796.7939999998,1.1286937148465797,0.9926976103239187,0.7488689140217941,1.3063584662576152e-05,90.0,94.54922528967083,serious
random_avg,high,43200,5,0,10,864000.0,759896.794,765486.676,759796.794,1.1286937148465797,0.9926976103239189,0.7488689140217719,1.3063584662576152e-05,90.0,94.549225289671,serious
clustered,high,43200,5,0,20,864000.0,759896.7939999998,765481.6759999997,759796.7939999998,1.1287010872876861,0.9927040944609105,0.7482108433324086,6.531834995877813e-06,95.0,94.54922528967106,serious
random_avg,high,43200,5,0,20,864000.0,759896.794,765481.6759999999,759796.794,1.128701087287686,0.9927040944609105,0.7482108433323997,6.531834995877812e-06,95.0,94.54922528967109,serious
clustered,high,43200,5,0.001,2,864000.0,759896.8139999998,762031.3840000001,759796.7939999998,1.1338115701544385,0.9971988424035823,0.2941036363467875,6.564034113324656e-05,50.0,97.90354818833474,narrow_keep
random_avg,high,43200,5,0.001,2,864000.0,759896.814,762762.3928,759796.794,1.1327256614759005,0.9962437746430316,0.3903147293353859,6.55774740590562e-05,50.0,97.20202581866818,narrow_keep
clustered,high,43200,5,0.001,5,864000.0,759896.8139999998,763410.784,759796.7939999998,1.1317628963438904,0.9953970128878868,0.4756521781270173,2.6224413408338753e-05,80.0,96.55099863242192,serious
random_avg,high,43200,5,0.001,5,864000.0,759896.814,765077.9476,759796.794,1.1292974813199737,0.9932286552236951,0.6950744780320894,2.6167286546326243e-05,80.0,94.95108279106115,serious
clustered,high,43200,5,0.001,10,864000.0,759896.8139999998,765486.696,759796.7939999998,1.1286936853570084,0.9926976105147094,0.7488715463045637,1.3089711489904195e-05,90.0,94.54922528967083,serious
random_avg,high,43200,5,0.001,10,864000.0,759896.814,765486.696,759796.794,1.1286936853570084,0.9926976105147096,0.7488715463045326,1.3089711489904195e-05,90.0,94.549225289671,serious
clustered,high,43200,5,0.001,20,864000.0,759896.8139999998,765481.6959999998,759796.7939999998,1.12870105779773,0.992704094651533,0.7482134756151559,6.557962164519217e-06,95.0,94.54922528967106,serious
random_avg,high,43200,5,0.001,20,864000.0,759896.814,765481.6959999999,759796.794,1.1287010577977297,0.9927040946515331,0.7482134756151559,6.557962164519216e-06,95.0,94.54922528967109,serious
clustered,high,43200,5,0.01,2,864000.0,759896.9939999997,762031.564,759796.7939999998,1.1338113023360277,0.9971988430652456,0.29412732689160226,6.58765363162831e-05,50.0,97.90354818833474,narrow_keep
random_avg,high,43200,5,0.01,2,864000.0,759896.994,762762.5728,759796.794,1.1327253941700848,0.9962437755292968,0.39033841988019624,6.581344304090076e-05,50.0,97.20202581866818,narrow_keep
clustered,high,43200,5,0.01,5,864000.0,759896.9939999997,763410.9639999999,759796.7939999998,1.131762629492442,0.995397013973197,0.4756758686718321,2.646019110618904e-05,80.0,96.55099863242192,serious
random_avg,high,43200,5,0.01,5,864000.0,759896.994,765078.1275999999,759796.794,1.1292972156296848,0.9932286568166288,0.6950981685768953,2.640255064319402e-05,80.0,94.95108279106115,serious
clustered,high,43200,5,0.01,10,864000.0,759896.9939999997,765486.8759999999,759796.7939999998,1.1286934199509386,0.9926976122318258,0.7488952368493562,1.3324852874420803e-05,90.0,94.54922528967083,serious
random_avg,high,43200,5,0.01,10,864000.0,759896.994,765486.8759999999,759796.794,1.1286934199509386,0.9926976122318261,0.7488952368493385,1.3324852874420803e-05,90.0,94.549225289671,serious
clustered,high,43200,5,0.01,20,864000.0,759896.9939999997,765481.8759999997,759796.7939999998,1.1287007923881929,0.992704096367136,0.7482371661599707,6.793106620854864e-06,95.0,94.54922528967106,serious
random_avg,high,43200,5,0.01,20,864000.0,759896.994,765481.8759999998,759796.794,1.1287007923881927,0.9927040963671361,0.7482371661599663,6.793106620854863e-06,95.0,94.54922528967109,serious
clustered,high,43200,30,0,2,864000.0,760396.7939999998,762281.3640000001,759796.7939999998,1.1334397517817318,0.9975277238969726,0.3270045385319609,0.00039355546936865687,50.0,97.90354818833474,narrow_keep
random_avg,high,43200,30,0,2,864000.0,760396.794,763012.3728,759796.794,1.132354554634291,0.9965726539527924,0.42321563152055486,0.00039317866480357324,50.0,97.20202581866818,narrow_keep
clustered,high,43200,30,0,5,864000.0,760396.7939999998,763510.764,759796.7939999998,1.131614694563756,0.9959215113305198,0.48881095963142496,0.00015716870757829946,80.0,96.55099863242192,serious
random_avg,high,43200,30,0,5,864000.0,760396.794,765177.9275999999,759796.794,1.1291499243730445,0.9937522944891267,0.7082332595364971,0.00015682637838514507,80.0,94.95108279106115,serious
clustered,high,43200,30,0,10,864000.0,760396.7939999998,765536.676,759796.7939999998,1.128619995732249,0.9932859101841383,0.7554496209153827,7.837638859251729e-05,90.0,94.54922528967083,serious
random_avg,high,43200,30,0,10,864000.0,760396.794,765536.676,759796.794,1.128619995732249,0.9932859101841386,0.7554496209153605,7.837638859251729e-05,90.0,94.549225289671,serious
clustered,high,43200,30,0,20,864000.0,760396.7939999998,765506.6759999997,759796.7939999998,1.1286642260452349,0.993324836790842,0.7515011967792029,3.91897300710151e-05,95.0,94.54922528967106,serious
random_avg,high,43200,30,0,20,864000.0,760396.794,765506.6759999999,759796.794,1.1286642260452346,0.9933248367908422,0.751501196779194,3.918973007101509e-05,95.0,94.54922528967109,serious
clustered,high,43200,30,0.001,2,864000.0,760396.8139999998,762281.3840000001,759796.7939999998,1.1334397220436383,0.9975277239618379,0.3270071708147082,0.0003935816960735328,50.0,97.90354818833474,narrow_keep
random_avg,high,43200,30,0.001,2,864000.0,760396.814,763012.3928,759796.794,1.1323545249530964,0.9965726540426134,0.4232182638033155,0.00039320486640790275,50.0,97.20202581866818,narrow_keep
clustered,high,43200,30,0.001,5,864000.0,760396.8139999998,763510.784,759796.7939999998,1.1316146649213537,0.9959215114373549,0.4888135919141945,0.00015719489824520932,80.0,96.55099863242192,serious
random_avg,high,43200,30,0.001,5,864000.0,760396.814,765177.9476,759796.794,1.1291498948596093,0.9937522946524096,0.7082358918192577,0.00015685251201510452,80.0,94.95108279106115,serious
clustered,high,43200,30,0.001,10,864000.0,760396.8139999998,765536.696,759796.7939999998,1.12861996624653,0.993285910359547,0.75545225319813,7.840251200707954e-05,90.0,94.54922528967083,serious
random_avg,high,43200,30,0.001,10,864000.0,760396.814,765536.696,759796.794,1.12861996624653,0.9932859103595473,0.7554522531981123,7.840251200707954e-05,90.0,94.549225289671,serious
clustered,high,43200,30,0.001,20,864000.0,760396.8139999998,765506.6959999998,759796.7939999998,1.1286641965572046,0.9933248369652407,0.7515038290619502,3.9215855533156576e-05,95.0,94.54922528967106,serious
random_avg,high,43200,30,0.001,20,864000.0,760396.814,765506.6959999999,759796.794,1.1286641965572044,0.9933248369652407,0.7515038290619502,3.921585553315657e-05,95.0,94.54922528967109,serious
clustered,high,43200,30,0.01,2,864000.0,760396.9939999997,762281.564,759796.7939999998,1.1334394544008675,0.9975277245456243,0.327030861359523,0.0003938177363554866,50.0,97.90354818833474,narrow_keep
random_avg,high,43200,30,0.01,2,864000.0,760396.994,763012.5728,759796.794,1.132354257822417,0.9965726548510032,0.4232419543481214,0.0003934406807850574,50.0,97.20202581866818,narrow_keep
clustered,high,43200,30,0.01,5,864000.0,760396.9939999997,763510.9639999999,759796.7939999998,1.1316143981398021,0.9959215123988708,0.48883728245898705,0.00015743061418565304,80.0,96.55099863242192,serious
random_avg,high,43200,30,0.01,5,864000.0,760396.994,765178.1275999999,759796.794,1.1291496292387615,0.9937522961219544,0.7082595823640592,0.00015708771462326286,80.0,94.95108279106115,serious
clustered,high,43200,30,0.01,10,864000.0,760396.9939999997,765536.8759999999,759796.7939999998,1.1286197008751282,0.9932859119382249,0.7554759437429448,7.863762267671611e-05,90.0,94.54922528967083,serious
random_avg,high,43200,30,0.01,10,864000.0,760396.994,765536.8759999999,759796.794,1.1286197008751282,0.9932859119382251,0.755475943742927,7.863762267671611e-05,90.0,94.549225289671,serious
clustered,high,43200,30,0.01,20,864000.0,760396.9939999997,765506.8759999997,759796.7939999998,1.1286639311650029,0.9933248385348272,0.751527519606765,3.945098463099894e-05,95.0,94.54922528967106,serious
random_avg,high,43200,30,0.01,20,864000.0,760396.994,765506.8759999998,759796.794,1.1286639311650026,0.9933248385348273,0.7515275196067606,3.945098463099893e-05,95.0,94.54922528967109,serious
clustered,high,43200,120,0,2,864000.0,762196.7939999998,763181.3640000001,759796.7939999998,1.132103115662557,0.9987099134669117,0.44545726261648877,0.001572365438420218,50.0,97.90354818833474,narrow_keep
random_avg,high,43200,120,0,2,864000.0,762196.794,763912.3728,759796.794,1.1310204744491383,0.9977548374693195,0.5416683556050961,0.0015708617700682477,50.0,97.20202581866818,narrow_keep
clustered,high,43200,120,0,5,864000.0,762196.7939999998,763870.764,759796.7939999998,1.1310813827664703,0.9978085690945488,0.5361920492652494,0.0006283785459813724,80.0,96.55099863242192,serious
random_avg,high,43200,120,0,5,864000.0,762196.794,765537.9275999999,759796.794,1.1286189323454232,0.9956362637516024,0.7556143491703127,0.0006270105179696796,80.0,94.95108279106115,serious
clustered,high,43200,120,0,10,864000.0,762196.7939999998,765716.676,759796.7939999998,1.128354686636079,0.9954031535288123,0.7791401657322838,0.00031343185739891085,90.0,94.54922528967083,serious
random_avg,high,43200,120,0,10,864000.0,762196.794,765716.676,759796.794,1.128354686636079,0.9954031535288125,0.7791401657322661,0.00031343185739891085,90.0,94.549225289671,serious
clustered,high,43200,120,0,20,864000.0,762196.7939999998,765596.6759999997,759796.7939999998,1.1285315455052998,0.9955591735092643,0.7633464691876535,0.00015674049243129165,95.0,94.54922528967106,serious
random_avg,high,43200,120,0,20,864000.0,762196.794,765596.6759999999,759796.794,1.1285315455052995,0.9955591735092644,0.763346469187649,0.00015674049243129162,95.0,94.54922528967109,serious
clustered,high,43200,120,0.001,2,864000.0,762196.8139999998,763181.3840000001,759796.7939999998,1.1321030859945609,0.9987099135007199,0.4454598948992583,0.0015723916033046213,50.0,97.90354818833474,narrow_keep
random_avg,high,43200,120,0.001,2,864000.0,762196.814,763912.3928,759796.794,1.1310204448378403,0.997754837528084,0.5416709878878523,0.0015708879099702606,50.0,97.20202581866818,narrow_keep
clustered,high,43200,120,0.001,5,864000.0,762196.8139999998,763870.784,759796.7939999998,1.1310813531520012,0.9978085691519258,0.5361946815479968,0.0006284047119676199,80.0,96.55099863242192,serious
random_avg,high,43200,120,0.001,5,864000.0,762196.814,765537.9476,759796.794,1.1286189028597393,0.9956362638655889,0.7556169814530689,0.0006270366270263103,80.0,94.95108279106115,serious
clustered,high,43200,120,0.001,10,864000.0,762196.8139999998,765716.696,759796.7939999998,1.128354657164221,0.9954031536488788,0.7791427980150534,0.0003134579685330513,90.0,94.54922528967083,serious
random_avg,high,43200,120,0.001,10,864000.0,762196.814,765716.696,759796.794,1.128354657164221,0.995403153648879,0.7791427980150223,0.0003134579685330513,90.0,94.549225289671,serious
clustered,high,43200,120,0.001,20,864000.0,762196.8139999998,765596.6959999998,759796.7939999998,1.1285315160242022,0.9955591736252739,0.763349101470423,0.00015676661175141753,95.0,94.54922528967106,serious
random_avg,high,43200,120,0.001,20,864000.0,762196.814,765596.6959999999,759796.794,1.128531516024202,0.9955591736252739,0.7633491014704097,0.0001567666117514175,95.0,94.54922528967109,serious
clustered,high,43200,120,0.01,2,864000.0,762196.9939999997,763181.564,759796.7939999998,1.132102818982666,0.998709913804993,0.44548358544407307,0.0015726270872025415,50.0,97.90354818833474,narrow_keep
random_avg,high,43200,120,0.01,2,864000.0,762196.994,763912.5728,759796.794,1.1310201783362288,0.9977548380569646,0.5416946784326582,0.0015711231690267848,50.0,97.20202581866818,narrow_keep
clustered,high,43200,120,0.01,5,864000.0,762196.9939999997,763870.9639999999,759796.7939999998,1.1310810866218501,0.9978085696683188,0.5362183720928115,0.0006286402057821902,80.0,96.55099863242192,serious
random_avg,high,43200,120,0.01,5,864000.0,762196.994,765538.1275999999,759796.794,1.1286186374886538,0.995636264891467,0.7556406719978837,0.0006272716084745967,80.0,94.95108279106115,serious
clustered,high,43200,120,0.01,10,864000.0,762196.9939999997,765716.8759999999,759796.7939999998,1.1283543919175683,0.995403154729477,0.7791664885598681,0.0003136929686789351,90.0,94.54922528967083,serious
random_avg,high,43200,120,0.01,10,864000.0,762196.994,765716.8759999999,759796.794,1.1283543919175683,0.9954031547294773,0.7791664885598326,0.0003136929686789351,90.0,94.549225289671,serious
clustered,high,43200,120,0.01,20,864000.0,762196.9939999997,765596.8759999997,759796.7939999998,1.1285312506943932,0.9955591746693596,0.7633727920152156,0.0001570016855711413,95.0,94.54922528967106,serious
random_avg,high,43200,120,0.01,20,864000.0,762196.994,765596.8759999998,759796.794,1.1285312506943932,0.9955591746693596,0.7633727920152156,0.00015700168557114126,95.0,94.54922528967109,serious
clustered,high,259200,1,0,2,5184000.0,4558800.764,4571898.184,4558780.764,1.1338835186973621,0.9971352336659998,0.2877396540668542,2.1872753061291706e-06,50.0,97.90354818833502,narrow_keep
random_avg,high,259200,1,0,2,5184000.0,4558800.7639999995,4576284.2368,4558780.7639999995,1.1327974723074428,0.9961801663218439,0.38395074705549703,2.185180309235036e-06,50.0,97.20202581866816,narrow_keep
clustered,high,259200,1,0,5,5184000.0,4558800.764,4580348.584000001,4558780.764,1.131791588550414,0.9952955938604169,0.47310500584538673,8.732959788197639e-07,80.0,96.55099863242206,serious
random_avg,high,259200,1,0,5,5184000.0,4558800.7639999995,4590351.565599999,4558780.7639999995,1.1293260486755812,0.9931274022969406,0.6925273057504633,8.713935560768373e-07,80.0,94.9510827910612,serious
clustered,high,259200,1,0,10,5184000.0,4558800.764,4592862.056,4558780.764,1.1287079683196128,0.9925838634854051,0.7475966440223303,4.3545832111096175e-07,90.0,94.54922528967111,serious
random_avg,high,259200,1,0,10,5184000.0,4558800.7639999995,4592862.056,4558780.7639999995,1.1287079683196128,0.992583863485405,0.7475966440223436,4.3545832111096175e-07,90.0,94.54922528967103,serious
clustered,high,259200,1,0,20,5184000.0,4558800.764,4592861.056,4558780.764,1.1287082140723048,0.9925840795999035,0.7475747083326878,2.1772920796147857e-07,95.0,94.54922528967111,serious
random_avg,high,259200,1,0,20,5184000.0,4558800.7639999995,4592861.056,4558780.7639999995,1.1287082140723048,0.9925840795999032,0.7475747083327056,2.1772920796147857e-07,95.0,94.549225289671,serious
clustered,high,259200,1,0.001,2,5184000.0,4558800.784,4571898.204,4558780.764,1.1338835137371313,0.9971352336785319,0.2877400927806306,2.191649847153946e-06,50.0,97.90354818833502,narrow_keep
random_avg,high,259200,1,0.001,2,5184000.0,4558800.783999999,4576284.2568,4558780.7639999995,1.1327974673567063,0.9961801663385352,0.3839511857692779,2.1895506602843743e-06,50.0,97.20202581866816,narrow_keep
clustered,high,259200,1,0.001,5,5184000.0,4558800.784,4580348.604,4558780.764,1.1317915836084689,0.9952955938809586,0.47310544455916315,8.776624548815672e-07,80.0,96.55099863242206,serious
random_avg,high,259200,1,0.001,5,5184000.0,4558800.783999999,4590351.585599999,4558780.7639999995,1.1293260437551407,0.9931274023268813,0.6925277444642486,8.75750520041602e-07,80.0,94.9510827910612,serious
clustered,high,259200,1,0.001,10,5184000.0,4558800.784,4592862.075999999,4558780.764,1.1287079634045603,0.9925838635176992,0.7475970827361067,4.3981290240686953e-07,90.0,94.54922528967111,serious
random_avg,high,259200,1,0.001,10,5184000.0,4558800.783999999,4592862.075999999,4558780.7639999995,1.1287079634045603,0.9925838635176991,0.74759708273612,4.3981290240686953e-07,90.0,94.54922528967103,serious
clustered,high,259200,1,0.001,20,5184000.0,4558800.784,4592861.075999999,4558780.764,1.12870820915725,0.9925840796321966,0.7475751470464642,2.220837911536256e-07,95.0,94.54922528967111,serious
random_avg,high,259200,1,0.001,20,5184000.0,4558800.783999999,4592861.075999999,4558780.7639999995,1.12870820915725,0.9925840796321965,0.747575147046482,2.220837911536256e-07,95.0,94.549225289671,serious
clustered,high,259200,1,0.01,2,5184000.0,4558800.964000001,4571898.384000001,4558780.764,1.1338834690950557,0.9971352337913204,0.287744041204796,2.2310207146546233e-06,50.0,97.90354818833502,narrow_keep
random_avg,high,259200,1,0.01,2,5184000.0,4558800.964,4576284.4368,4558780.7639999995,1.1327974228000797,0.9961801664887574,0.38395513419342553,2.2288838180094155e-06,50.0,97.20202581866816,narrow_keep
clustered,high,259200,1,0.01,5,5184000.0,4558800.964000001,4580348.784000001,4558780.764,1.1317915391309639,0.9952955940658339,0.47310939298330634,9.169607377218458e-07,80.0,96.55099863242206,serious
random_avg,high,259200,1,0.01,5,5184000.0,4558800.964,4590351.7656,4558780.7639999995,1.129325999471177,0.9931274025963475,0.6925316928884007,9.14963194016e-07,80.0,94.9510827910612,serious
clustered,high,259200,1,0.01,10,5184000.0,4558800.964000001,4592862.256,4558780.764,1.1287079191690872,0.9925838638083468,0.7476010311602499,4.790041323634244e-07,90.0,94.54922528967111,serious
random_avg,high,259200,1,0.01,10,5184000.0,4558800.964,4592862.256,4558780.7639999995,1.1287079191690872,0.9925838638083467,0.7476010311602632,4.790041323634244e-07,90.0,94.54922528967103,serious
clustered,high,259200,1,0.01,20,5184000.0,4558800.964000001,4592861.256,4558780.764,1.1287081649217579,0.9925840799228359,0.7475790954706074,2.6127503817633285e-07,95.0,94.54922528967111,serious
random_avg,high,259200,1,0.01,20,5184000.0,4558800.964,4592861.256,4558780.7639999995,1.1287081649217579,0.9925840799228357,0.7475790954706252,2.6127503817633285e-07,95.0,94.549225289671,serious
clustered,high,259200,5,0,2,5184000.0,4558880.764,4571938.184,4558780.764,1.1338735983224746,0.9971440077545896,0.28861708165266453,1.0936280848017693e-05,50.0,97.90354818833502,narrow_keep
random_avg,high,259200,5,0,2,5184000.0,4558880.7639999995,4576324.2368,4558780.7639999995,1.1327875709209287,0.9961889403490949,0.38482817464130736,1.0925806046691058e-05,50.0,97.20202581866816,narrow_keep
clustered,high,259200,5,0,5,5184000.0,4558880.764,4580364.584000001,4558780.764,1.1317876350080518,0.9953095829805673,0.47345597687971086,4.3664646412347675e-06,80.0,96.55099863242206,serious
random_avg,high,259200,5,0,5,5184000.0,4558880.7639999995,4590367.565599999,4558780.7639999995,1.1293221123368022,0.9931413684977034,0.6928782767847874,4.3569525938919835e-06,80.0,94.9510827910612,serious
clustered,high,259200,5,0,10,5184000.0,4558880.764,4592870.056,4558780.764,1.1287060023019297,0.9925995528753101,0.7477721295394923,2.177287813082426e-06,90.0,94.54922528967111,serious
random_avg,high,259200,5,0,10,5184000.0,4558880.7639999995,4592870.056,4558780.7639999995,1.1287060023019297,0.99259955287531,0.7477721295395057,2.177287813082426e-06,90.0,94.54922528967103,serious
clustered,high,259200,5,0,20,5184000.0,4558880.764,4592865.056,4558780.764,1.128707231062179,0.9926006334639413,0.7476624510912577,1.0886450916880584e-06,95.0,94.54922528967111,serious
random_avg,high,259200,5,0,20,5184000.0,4558880.7639999995,4592865.056,4558780.7639999995,1.128707231062179,0.9926006334639412,0.7476624510912755,1.0886450916880584e-06,95.0,94.549225289671,serious
clustered,high,259200,5,0.001,2,5184000.0,4558880.784,4571938.204,4558780.764,1.1338735933623305,0.9971440077670831,0.28861752036644095,1.0940655312496872e-05,50.0,97.90354818833502,narrow_keep
random_avg,high,259200,5,0.001,2,5184000.0,4558880.783999999,4576324.2568,4558780.7639999995,1.1327875659702789,0.9961889403657477,0.3848286133550882,1.093017632134131e-05,50.0,97.20202581866816,narrow_keep
clustered,high,259200,5,0.001,5,5184000.0,4558880.784,4580364.604,4558780.764,1.1317876300661414,0.9953095830010479,0.4734564155934873,4.370831086790924e-06,80.0,96.55099863242206,serious
random_avg,high,259200,5,0.001,5,5184000.0,4558880.783999999,4590367.585599999,4558780.7639999995,1.129322107416396,0.9931413685275832,0.6928787154985727,4.361309527483844e-06,80.0,94.9510827910612,serious
clustered,high,259200,5,0.001,10,5184000.0,4558880.784,4592870.075999999,4558780.764,1.1287059973868943,0.9925995529075359,0.7477725682532688,2.1816423792084642e-06,90.0,94.54922528967111,serious
random_avg,high,259200,5,0.001,10,5184000.0,4558880.783999999,4592870.075999999,4558780.7639999995,1.1287059973868943,0.9925995529075358,0.7477725682532821,2.1816423792084642e-06,90.0,94.54922528967103,serious
clustered,high,259200,5,0.001,20,5184000.0,4558880.784,4592865.075999999,4558780.764,1.128707226147133,0.9926006334961625,0.7476628898050564,1.092999667295256e-06,95.0,94.54922528967111,serious
random_avg,high,259200,5,0.001,20,5184000.0,4558880.783999999,4592865.075999999,4558780.7639999995,1.128707226147133,0.9926006334961623,0.7476628898050608,1.092999667295256e-06,95.0,94.549225289671,serious
clustered,high,259200,5,0.01,2,5184000.0,4558880.964000001,4571938.384000001,4558780.764,1.133873548721036,0.9971440078795253,0.28862146879060635,1.0980025491087195e-05,50.0,97.90354818833502,narrow_keep
random_avg,high,259200,5,0.01,2,5184000.0,4558880.964,4576324.4368,4558780.7639999995,1.132787521414431,0.9961889405156235,0.38483256177923586,1.0969508791474622e-05,50.0,97.20202581866816,narrow_keep
clustered,high,259200,5,0.01,5,5184000.0,4558880.964000001,4580364.784000001,4558780.764,1.131787585588947,0.9953095831853727,0.4734603640176305,4.410129095080387e-06,80.0,96.55099863242206,serious
random_avg,high,259200,5,0.01,5,5184000.0,4558880.964,4590367.7656,4558780.7639999995,1.129322063132741,0.9931413687965007,0.6928826639227248,4.400521928102116e-06,80.0,94.9510827910612,serious
clustered,high,259200,5,0.01,10,5184000.0,4558880.964000001,4592870.256,4558780.764,1.1287059531515753,0.9925995531975682,0.7477765166774342,2.2208334726362012e-06,90.0,94.54922528967111,serious
random_avg,high,259200,5,0.01,10,5184000.0,4558880.964,4592870.256,4558780.7639999995,1.1287059531515753,0.9925995531975681,0.7477765166774386,2.2208334726362012e-06,90.0,94.54922528967103,serious
clustered,high,259200,5,0.01,20,5184000.0,4558880.964000001,4592865.256,4558780.764,1.1287071819117178,0.9926006337861527,0.7476668382291995,1.1321908460534206e-06,95.0,94.54922528967111,serious
random_avg,high,259200,5,0.01,20,5184000.0,4558880.964,4592865.256,4558780.7639999995,1.1287071819117178,0.9926006337861525,0.7476668382292173,1.1321908460534206e-06,95.0,94.549225289671,serious
clustered,high,259200,30,0,2,5184000.0,4559380.764,4572188.184,4558780.764,1.1338115999120477,0.9971988423300645,0.29410100406399575,6.561409721713239e-05,50.0,97.90354818833502,narrow_keep
random_avg,high,259200,30,0,2,5184000.0,4559380.7639999995,4576574.2368,4558780.7639999995,1.1327256911765546,0.9962437745445577,0.39031209705262526,6.555125527642098e-05,50.0,97.20202581866816,narrow_keep
clustered,high,259200,30,0,5,5184000.0,4559380.764,4580464.584000001,4558780.764,1.1317629259940587,0.995397012767297,0.4756495458442256,2.61982158794921e-05,80.0,96.55099863242206,serious
random_avg,high,259200,30,0,5,5184000.0,4559380.7639999995,4590467.565599999,4558780.7639999995,1.1292975108411247,0.9932286550467024,0.6950718457493199,2.6141146084285293e-05,80.0,94.9510827910612,serious
clustered,high,259200,30,0,10,5184000.0,4559380.764,4592920.056,4558780.764,1.1286937148465797,0.9926976103239191,0.7488689140217497,1.3063584662576152e-05,90.0,94.54922528967111,serious
random_avg,high,259200,30,0,10,5184000.0,4559380.7639999995,4592920.056,4558780.7639999995,1.1286937148465797,0.992697610323919,0.748868914021763,1.3063584662576152e-05,90.0,94.54922528967103,serious
clustered,high,259200,30,0,20,5184000.0,4559380.764,4592890.056,4558780.764,1.1287010872876857,0.9927040944609105,0.7482108433323864,6.5318349958778115e-06,95.0,94.54922528967111,serious
random_avg,high,259200,30,0,20,5184000.0,4559380.7639999995,4592890.056,4558780.7639999995,1.1287010872876857,0.9927040944609103,0.7482108433324042,6.5318349958778115e-06,95.0,94.549225289671,serious
clustered,high,259200,30,0.001,2,5184000.0,4559380.784,4572188.204,4558780.764,1.133811594952446,0.9971988423423176,0.29410144277777217,6.561847120324708e-05,50.0,97.90354818833502,narrow_keep
random_avg,high,259200,30,0.001,2,5184000.0,4559380.783999999,4576574.2568,4558780.7639999995,1.1327256862264454,0.99624377456097,0.3903125357664061,6.555562507362233e-05,50.0,97.20202581866816,narrow_keep
clustered,high,259200,30,0.001,5,5184000.0,4559380.784,4580464.604,4558780.764,1.131762921052364,0.9953970127873953,0.4756499845580242,2.62025821343952e-05,80.0,96.55099863242206,serious
random_avg,high,259200,30,0.001,5,5184000.0,4559380.783999999,4590467.585599999,4558780.7639999995,1.129297505920933,0.9932286550762012,0.6950722844631008,2.6145502828053695e-05,80.0,94.9510827910612,serious
clustered,high,259200,30,0.001,10,5184000.0,4559380.784,4592920.075999999,4558780.764,1.128693709931651,0.9926976103557176,0.7488693527355483,1.3067939133892303e-05,90.0,94.54922528967111,serious
random_avg,high,259200,30,0.001,10,5184000.0,4559380.783999999,4592920.075999999,4558780.7639999995,1.128693709931651,0.9926976103557175,0.7488693527355528,1.3067939133892303e-05,90.0,94.54922528967103,serious
clustered,high,259200,30,0.001,20,5184000.0,4559380.784,4592890.075999999,4558780.764,1.128701082372693,0.9927040944926809,0.748211282046185,6.536189524079523e-06,95.0,94.54922528967111,serious
random_avg,high,259200,30,0.001,20,5184000.0,4559380.783999999,4592890.075999999,4558780.7639999995,1.128701082372693,0.9927040944926807,0.7482112820462028,6.536189524079523e-06,95.0,94.549225289671,serious
clustered,high,259200,30,0.01,2,5184000.0,4559380.964000001,4572188.384000001,4558780.764,1.1338115503160333,0.9971988424525948,0.29410539120191537,6.565783707655733e-05,50.0,97.90354818833502,narrow_keep
random_avg,high,259200,30,0.01,2,5184000.0,4559380.964,4576574.4368,4558780.7639999995,1.1327256416754654,0.996243774708681,0.39031648419056264,6.55949532467158e-05,50.0,97.20202581866816,narrow_keep
clustered,high,259200,30,0.01,5,5184000.0,4559380.964000001,4580464.784000001,4558780.764,1.1317628765771117,0.9953970129682804,0.4756539329821674,2.624187842680726e-05,80.0,96.55099863242206,serious
random_avg,high,259200,30,0.01,5,5184000.0,4559380.964,4590467.7656,4558780.7639999995,1.1292974616392073,0.9932286553416902,0.6950762328872484,2.618471352026094e-05,80.0,94.9510827910612,serious
clustered,high,259200,30,0.01,10,5184000.0,4559380.964000001,4592920.256,4558780.764,1.1286936656972952,0.9926976106419036,0.7488733011596915,1.3107129374031092e-05,90.0,94.54922528967111,serious
random_avg,high,259200,30,0.01,10,5184000.0,4559380.964,4592920.256,4558780.7639999995,1.1286936656972952,0.9926976106419035,0.7488733011597049,1.3107129374031092e-05,90.0,94.54922528967103,serious
clustered,high,259200,30,0.01,20,5184000.0,4559380.964000001,4592890.256,4558780.764,1.1287010381377596,0.9927040947786149,0.7482152304703282,6.575380276188337e-06,95.0,94.54922528967111,serious
random_avg,high,259200,30,0.01,20,5184000.0,4559380.964,4592890.256,4558780.7639999995,1.1287010381377596,0.9927040947786147,0.748215230470346,6.575380276188337e-06,95.0,94.549225289671,serious
clustered,high,259200,120,0,2,5184000.0,4561180.764,4573088.184,4558780.764,1.133588461761445,0.9973961971602339,0.3138431247447393,0.000262404736518853,50.0,97.90354818833502,narrow_keep
random_avg,high,259200,120,0,2,5184000.0,4561180.7639999995,4577474.2368,4558780.7639999995,1.1325029800627406,0.9964411280545618,0.4100542177333866,0.0002621534676071159,50.0,97.20202581866816,narrow_keep
clustered,high,259200,120,0,5,5184000.0,4561180.764,4580824.584000001,4558780.764,1.1316739824761644,0.9957117283930468,0.48354639411654077,0.00010478462800705226,80.0,96.55099863242206,serious
random_avg,high,259200,120,0,5,5184000.0,4561180.7639999995,4590827.565599999,4558780.7639999995,1.1292089543309378,0.9935428551371197,0.7029686940216173,0.00010455638466027203,80.0,94.9510827910612,serious
clustered,high,259200,120,0,10,5184000.0,4561180.764,4593100.056,4558780.764,1.1286494822223834,0.9930505994620554,0.7528173381579073,5.225229084362886e-05,90.0,94.54922528967111,serious
random_avg,high,259200,120,0,10,5184000.0,4561180.7639999995,4593100.056,4558780.7639999995,1.1286494822223834,0.9930505994620553,0.7528173381579206,5.225229084362886e-05,90.0,94.54922528967103,serious
clustered,high,259200,120,0,20,5184000.0,4561180.764,4592980.056,4558780.764,1.1286789702532947,0.993076544724278,0.7501850554004763,2.6126828015122566e-05,95.0,94.54922528967111,serious
random_avg,high,259200,120,0,20,5184000.0,4561180.7639999995,4592980.056,4558780.7639999995,1.1286789702532947,0.9930765447242778,0.7501850554004941,2.6126828015122566e-05,95.0,94.549225289671,serious
clustered,high,259200,120,0.001,2,5184000.0,4561180.784,4573088.204,4558780.764,1.1335884568037953,0.9973961971716214,0.3138435634585379,0.0002624091087835051,50.0,97.90354818833502,narrow_keep
random_avg,high,259200,120,0.001,2,5184000.0,4561180.783999999,4577474.2568,4558780.7639999995,1.132502975114578,0.9964411280701085,0.41005465644716743,0.0002621578356861489,50.0,97.20202581866816,narrow_keep
clustered,high,259200,120,0.001,5,5184000.0,4561180.784,4580824.604,4558780.764,1.1316739775352462,0.9957117284117696,0.4835468328303172,0.00010478899357570774,80.0,96.55099863242206,serious
random_avg,high,259200,120,0.001,5,5184000.0,4561180.783999999,4590827.585599999,4558780.7639999995,1.1292089494115178,0.9935428551652473,0.7029691327354071,0.00010456074072077869,80.0,94.9510827910612,serious
clustered,high,259200,120,0.001,10,5184000.0,4561180.784,4593100.075999999,4558780.764,1.1286494773078402,0.9930505994923157,0.7528177768716837,5.225664497365505e-05,90.0,94.54922528967111,serious
random_avg,high,259200,120,0.001,10,5184000.0,4561180.783999999,4593100.075999999,4558780.7639999995,1.1286494773078402,0.9930505994923156,0.752817776871697,5.225664497365505e-05,90.0,94.54922528967103,serious
clustered,high,259200,120,0.001,20,5184000.0,4561180.784,4592980.075999999,4558780.764,1.1286789653384948,0.993076544754426,0.7501854941142527,2.6131182372670935e-05,95.0,94.54922528967111,serious
random_avg,high,259200,120,0.001,20,5184000.0,4561180.783999999,4592980.075999999,4558780.7639999995,1.1286789653384948,0.9930765447544257,0.7501854941142705,2.6131182372670935e-05,95.0,94.549225289671,serious
clustered,high,259200,120,0.01,2,5184000.0,4561180.964000001,4573088.384000001,4558780.764,1.1335884121849502,0.997396197274109,0.3138475118826811,0.000262448459163653,50.0,97.90354818833502,narrow_keep
random_avg,high,259200,120,0.01,2,5184000.0,4561180.964,4577474.4368,4558780.7639999995,1.132502930581115,0.99644112821003,0.41005860487131507,0.00026219714839572804,50.0,97.20202581866816,narrow_keep
clustered,high,259200,120,0.01,5,5184000.0,4561180.964000001,4580824.784000001,4558780.764,1.1316739330669843,0.9957117285802739,0.4835507812544604,0.00010482828369189156,80.0,96.55099863242206,serious
random_avg,high,259200,120,0.01,5,5184000.0,4561180.964,4590827.7656,4558780.7639999995,1.1292089051367367,0.9935428554183962,0.7029730811595591,0.0001045999452636306,80.0,94.9510827910612,serious
clustered,high,259200,120,0.01,10,5184000.0,4561180.964000001,4593100.256,4558780.764,1.1286494330769512,0.9930505997646573,0.7528217252958491,5.2295832142184356e-05,90.0,94.54922528967111,serious
random_avg,high,259200,120,0.01,10,5184000.0,4561180.964,4593100.256,4558780.7639999995,1.1286494330769512,0.9930505997646571,0.7528217252958536,5.2295832142184356e-05,90.0,94.54922528967103,serious
clustered,high,259200,120,0.01,20,5184000.0,4561180.964000001,4592980.256,4558780.764,1.1286789211052946,0.9930765450257578,0.7501894425383959,2.6170371588899772e-05,95.0,94.54922528967111,serious
random_avg,high,259200,120,0.01,20,5184000.0,4561180.964,4592980.256,4558780.7639999995,1.1286789211052946,0.9930765450257576,0.7501894425384137,2.6170371588899772e-05,95.0,94.549225289671,serious
