src,dst,bytes
0,1,16046
0,2,28692
0,3,115245
0,4,34553
0,5,49790
0,6,10148
0,7,29014
0,8,11797
0,9,10749
0,10,8158
0,11,69350
0,12,6733
0,13,26692
0,14,80260
0,15,11388
0,16,7832
0,17,8260
0,18,23648
0,19,6446
0,20,10863
0,21,52844
0,22,117109
0,23,101538
0,24,12039
0,25,255819
0,26,11103
0,27,11887
0,28,6741
0,29,6784
0,30,11269
0,31,13010
0,32,164194
0,33,10725
0,34,88185
0,35,138198
0,36,75954
0,37,9187
0,38,52864
0,39,12703
0,40,27429
0,41,6808
0,42,11006
0,43,7453
0,44,11822
0,45,5671090
0,46,36175
0,47,6633
0,48,49555
0,49,9424
0,50,7759
0,51,18262
0,52,26100
0,53,6932
0,54,108727
0,55,242275
0,56,8084
0,57,6428
0,58,6695
0,59,11771
0,60,117488
0,61,21752
0,62,35073
0,63,14594
0,64,7397
0,65,7476
0,66,98178
0,67,11565
0,68,6977
0,69,9362
0,70,7416
0,71,6600
0,72,7178
0,73,45121
0,74,145690
0,75,100592
0,76,16920
0,77,11208
0,78,290423
0,79,45745
0,80,20925
0,81,17804
0,82,61010
0,83,11758
0,84,12722
0,85,60005
0,86,238024
0,87,71188
0,88,6509
0,89,8347
0,90,20080
0,91,493636
0,92,78250
0,93,20470
0,94,11865
0,95,23061
0,96,24469
0,97,21232
0,98,7296
0,99,31245
0,100,6645
0,101,8008
0,102,42040
0,103,52884
0,104,9353
0,105,7442
0,106,7045
0,107,9078
0,108,244063
0,109,10537
0,110,581304
0,111,11800
0,112,158398
0,113,9754
0,114,9931
0,115,288375
0,116,6581
0,117,25093
0,118,6591
0,119,10231
0,120,8557
0,121,14319
0,122,7872
0,123,8168
0,124,13580
0,125,828285
0,126,11444
0,127,10970
1,0,23480
1,2,7406
1,3,20177
1,4,67079
1,5,10270
1,6,33787
1,7,28860
1,8,19069
1,9,112434
1,10,50211
1,11,2393773
1,12,8281
1,13,17120
1,14,12730
1,15,2772362
1,16,159530
1,17,50082
1,18,6452
1,19,9443
1,20,6844
1,21,8099
1,22,9966
1,23,25995
1,24,16574
1,25,94154
1,26,9360
1,27,119179
1,28,8812
1,29,20302
1,30,21602
1,31,16962
1,32,6901
1,33,7597
1,34,15655
1,35,28312
1,36,12663
1,37,91237
1,38,21093
1,39,65270
1,40,15039
1,41,6405
1,42,10206
1,43,15719
1,44,18090
1,45,15860
1,46,50919
1,47,73943
1,48,7501
1,49,215351
1,50,49954
1,51,8455
1,52,15817
1,53,24698
1,54,10439
1,55,51203
1,56,20649
1,57,8133
1,58,133930
1,59,7360
1,60,22179
1,61,225763
1,62,26802
1,63,278169
1,64,818536
1,65,10747
1,66,46986
1,67,67499
1,68,153172
1,69,5871235
1,70,8435
1,71,67529
1,72,193242
1,73,7513
1,74,34911
1,75,30468
1,76,9169
1,77,85972
1,78,6373
1,79,10401
1,80,12393
1,81,9144
1,82,9119
1,83,13512
1,84,12516
1,85,129698
1,86,11782
1,87,18235
1,88,16179
1,89,7947
1,90,7498
1,91,28080
1,92,33550
1,93,26362
1,94,26847
1,95,9849
1,96,161188
1,97,28845
1,98,336649
1,99,127057
1,100,7520
1,101,20442
1,102,16627
1,103,12528
1,104,38906
1,105,596924
1,106,15487
1,107,10879
1,108,6447
1,109,10914
1,110,17213
1,111,3205263
1,112,127230
1,113,70827
1,114,10259
1,115,2417052
1,116,49881
1,117,81195
1,118,244577
1,119,653517
1,120,27182
1,121,7234
1,122,22625
1,123,35236
1,124,6518
1,125,6667
1,126,48563
1,127,167294
2,0,12431
2,1,7690
2,3,64676
2,4,10121
2,5,50863
2,6,8592
2,7,14479
2,8,70437
2,9,42302
2,10,61497
2,11,7508
2,12,8533
2,13,13574
2,14,13074
2,15,18290
2,16,36058
2,17,11346
2,18,150954
2,19,25636
2,20,107997
2,21,15242
2,22,14074
2,23,95968
2,24,36324
2,25,228038
2,26,55651
2,27,41231
2,28,13508
2,29,16744
2,30,98631
2,31,6721
2,32,12915
2,33,36824
2,34,253339
2,35,9367
2,36,13925
2,37,35899
2,38,26699
2,39,7893
2,40,19351
2,41,10508401
2,42,14791
2,43,30040
2,44,45998
2,45,23600
2,46,77637
2,47,185502
2,48,24608
2,49,14429
2,50,100183
2,51,42975
2,52,134119
2,53,13800
2,54,9715
2,55,19254
2,56,6757
2,57,8763
2,58,310381
2,59,14786
2,60,7636
2,61,30775
2,62,8607
2,63,12086
2,64,8056
2,65,12110
2,66,39331
2,67,106175
2,68,7170
2,69,25903
2,70,13949
2,71,67348
2,72,22499
2,73,7547
2,74,44391
2,75,20233
2,76,270979
2,77,18144
2,78,12624
2,79,7159
2,80,379884
2,81,48896
2,82,6681
2,83,6790
2,84,8741
2,85,393147
2,86,9865
2,87,11857
2,88,7068
2,89,11561
2,90,59051
2,91,22772
2,92,192030
2,93,8398
2,94,18971
2,95,7668
2,96,41484
2,97,6525
2,98,629100
2,99,34219
2,100,15472
2,101,15415
2,102,35379
2,103,58690
2,104,7670
2,105,157651
2,106,20695
2,107,13916
2,108,221762
2,109,233657
2,110,9813
2,111,13927
2,112,53493
2,113,26603
2,114,14314
2,115,58834
2,116,54724
2,117,19128
2,118,10031
2,119,7606
2,120,13591
2,121,181509
2,122,26750
2,123,1348268
2,124,14900
2,125,111872
2,126,20641
2,127,97284
3,0,30134
3,1,12304
3,2,41511
3,4,1352716
3,5,30524
3,6,33288
3,7,121150
3,8,12440
3,9,305089
3,10,112364
3,11,14323
3,12,12543
3,13,6569
3,14,164860
3,15,14944
3,16,6401
3,17,35164
3,18,20392
3,19,26906
3,20,37212
3,21,7359
3,22,24447
3,23,14535
3,24,21917
3,25,42510
3,26,11683
3,27,38206
3,28,8172
3,29,55130
3,30,53554
3,31,236553
3,32,2348323
3,33,7061
3,34,21184
3,35,27275
3,36,944783
3,37,1852184
3,38,7985
3,39,7714
3,40,129967
3,41,8491
3,42,19187
3,43,7297
3,44,7390
3,45,13284
3,46,8065
3,47,11232
3,48,14346
3,49,6709
3,50,104653
3,51,587914
3,52,7184
3,53,10586
3,54,12429
3,55,7094
3,56,658859
3,57,33372
3,58,353098
3,59,12902
3,60,24547
3,61,43695
3,62,264975
3,63,65499
3,64,18591
3,65,25368
3,66,56875
3,67,7010
3,68,97063
3,69,46464
3,70,7148
3,71,9482
3,72,7050
3,73,7734
3,74,10210
3,75,394860
3,76,17613
3,77,16836
3,78,84024
3,79,475902
3,80,53616
3,81,256655
3,82,11748
3,83,7941
3,84,33825
3,85,10507
3,86,7136
3,87,80827
3,88,42496
3,89,639193
3,90,315041
3,91,6883
3,92,429255
3,93,11650
3,94,6939
3,95,23627
3,96,534489
3,97,6404
3,98,27449
3,99,256097
3,100,47352
3,101,11617
3,102,33654
3,103,202662
3,104,8924
3,105,150035
3,106,16232
3,107,29554
3,108,8313
3,109,35113
3,110,9690
3,111,15888
3,112,8070
3,113,44048
3,114,9773
3,115,649558
3,116,6524
3,117,8305
3,118,11303
3,119,46415
3,120,7056
3,121,40269
3,122,81483
3,123,32030
3,124,17328
3,125,31805
3,126,89811
3,127,13091
4,0,29501
4,1,9176
4,2,722781
4,3,172202
4,5,19734
4,6,45013
4,7,2240777
4,8,37985
4,9,9180
4,10,35606
4,11,12984
4,12,8552
4,13,143119
4,14,51838
4,15,391448
4,16,49483
4,17,6872
4,18,12994
4,19,6597
4,20,9302
4,21,12322
4,22,8505
4,23,7381
4,24,12458
4,25,30095
4,26,6803
4,27,9334
4,28,14194
4,29,42054
4,30,34592
4,31,11824
4,32,47052
4,33,152936
4,34,7950
4,35,156910
4,36,8969
4,37,30356
4,38,12746
4,39,26991
4,40,3423533
4,41,10171
4,42,18157
4,43,48354
4,44,6427
4,45,27202
4,46,11403
4,47,10610
4,48,83764
4,49,10060
4,50,10038
4,51,39442
4,52,64173
4,53,18009270
4,54,13383
4,55,6983
4,56,7688
4,57,37133734
4,58,27625
4,59,7017
4,60,7921
4,61,11280
4,62,26318
4,63,58429
4,64,19969
4,65,14784
4,66,26680
4,67,7658
4,68,14961
4,69,98972
4,70,26763
4,71,21360
4,72,67559
4,73,93268
4,74,177658
4,75,12786
4,76,14006
4,77,126970
4,78,239262
4,79,81856
4,80,42343
4,81,21114
4,82,8994
4,83,24101
4,84,6976
4,85,24978
4,86,7151
4,87,140623
4,88,21825
4,89,96568
4,90,6772
4,91,21521
4,92,7892
4,93,8635
4,94,41903
4,95,30938
4,96,10642
4,97,16653
4,98,34336
4,99,26783
4,100,9044
4,101,8638
4,102,14199
4,103,25848
4,104,32939
4,105,7646
4,106,17078
4,107,21210
4,108,8785
4,109,6942
4,110,82148
4,111,31463
4,112,33777
4,113,16043
4,114,29259
4,115,11834
4,116,12603
4,117,6379
4,118,10819
4,119,12892
4,120,18974
4,121,10343
4,122,9891
4,123,6752
4,124,6943
4,125,56717
4,126,108461
4,127,680974
5,0,6964
5,1,9091
5,2,38265
5,3,18563
5,4,3444601
5,6,139807
5,7,33663
5,8,1477535
5,9,417671
5,10,46094
5,11,183089
5,12,14330
5,13,8712
5,14,21968
5,15,15945
5,16,15534
5,17,15057
5,18,10721
5,19,87206
5,20,7451
5,21,8208
5,22,17986
5,23,11804
5,24,20670
5,25,27837
5,26,39172
5,27,21405
5,28,17999
5,29,41458
5,30,6773
5,31,543143
5,32,10001
5,33,3813479
5,34,12547
5,35,20169
5,36,234135
5,37,22817
5,38,9282561
5,39,14975
5,40,36802
5,41,36121
5,42,6958
5,43,16123
5,44,3996090
5,45,17432
5,46,6685
5,47,11577
5,48,11657
5,49,256376
5,50,63134
5,51,12620
5,52,58405
5,53,8850
5,54,202851
5,55,8757
5,56,17234
5,57,17197
5,58,17841
5,59,32920
5,60,19232
5,61,7361
5,62,8951
5,63,167705
5,64,6488
5,65,15721
5,66,23300
5,67,19529
5,68,27195
5,69,12735
5,70,10108
5,71,8153
5,72,11175
5,73,30111
5,74,38066
5,75,15539
5,76,9629
5,77,27335
5,78,7638
5,79,19648
5,80,338413
5,81,11261
5,82,18273
5,83,11684
5,84,53350
5,85,433236
5,86,138898
5,87,8852
5,88,14210
5,89,34952
5,90,99373
5,91,17210
5,92,27415
5,93,166069
5,94,11355
5,95,40667
5,96,28904
5,97,7396
5,98,68786
5,99,22407
5,100,6953
5,101,33391
5,102,8140
5,103,23801
5,104,41605
5,105,7735
5,106,67620
5,107,13111
5,108,1536240
5,109,32523
5,110,9468
5,111,150493
5,112,67984
5,113,8357
5,114,9287
5,115,18462
5,116,6539
5,117,32640
5,118,28348
5,119,2959225
5,120,14779
5,121,34190
5,122,10351
5,123,21418
5,124,62017
5,125,122360
5,126,8375
5,127,9296
6,0,39602
6,1,17684
6,2,15310
6,3,32328
6,4,925502
6,5,11993
6,7,30848
6,8,17375
6,9,6890
6,10,7294
6,11,12071
6,12,321031
6,13,67680
6,14,13050
6,15,147225
6,16,51702
6,17,299945
6,18,53370
6,19,8939
6,20,12909
6,21,13984
6,22,26193
6,23,13545
6,24,14048
6,25,38726
6,26,12713
6,27,14798
6,28,73005
6,29,8580
6,30,21436
6,31,11628
6,32,29692
6,33,42720
6,34,6505
6,35,125940
6,36,123424
6,37,774297
6,38,371968
6,39,6628
6,40,11032
6,41,30009
6,42,15359
6,43,51241
6,44,18459
6,45,62096
6,46,11105
6,47,55520
6,48,6941
6,49,16589
6,50,32550
6,51,9707
6,52,31029
6,53,11897
6,54,2210105
6,55,7602
6,56,21154
6,57,1075994
6,58,57263
6,59,3691388
6,60,11715
6,61,22146
6,62,8358
6,63,14255
6,64,7986
6,65,11730
6,66,1467262
6,67,18722
6,68,9463
6,69,6816
6,70,264681
6,71,86153
6,72,133742
6,73,39014
6,74,7325
6,75,12121
6,76,15366
6,77,1996471
6,78,10202
6,79,6683
6,80,81072
6,81,16193
6,82,7444
6,83,18866
6,84,227123
6,85,43434
6,86,9536
6,87,40358
6,88,9177
6,89,108928
6,90,9357
6,91,24795
6,92,24485
6,93,10918
6,94,14978
6,95,113645
6,96,13595
6,97,132618
6,98,7967
6,99,12265
6,100,16198
6,101,11057
6,102,254161
6,103,17151
6,104,6995
6,105,30930
6,106,13612
6,107,10241
6,108,563233
6,109,8219
6,110,17133
6,111,20173
6,112,9279
6,113,10113540
6,114,6905
6,115,578046
6,116,9339
6,117,8404
6,118,417043
6,119,7553
6,120,25982
6,121,39111
6,122,40154
6,123,17584
6,124,35461
6,125,14267
6,126,104967
6,127,8212
7,0,13802
7,1,29584
7,2,74260
7,3,13290
7,4,172059
7,5,7362
7,6,8123
7,8,11281
7,9,10596
7,10,10456
7,11,7179
7,12,22350
7,13,7521
7,14,21276
7,15,20725
7,16,18009
7,17,18059
7,18,14419
7,19,15815
7,20,613256
7,21,1236810
7,22,109601
7,23,6548
7,24,19488
7,25,83548
7,26,9076
7,27,35878
7,28,12138
7,29,13608
7,30,9863
7,31,13601
7,32,14312
7,33,14750
7,34,7856
7,35,30840
7,36,56762
7,37,865033
7,38,151300
7,39,20873
7,40,9928
7,41,39405
7,42,15863
7,43,18920
7,44,10885
7,45,7109
7,46,165664
7,47,9432
7,48,57911
7,49,13777
7,50,16741
7,51,172634
7,52,15526
7,53,22283
7,54,32452
7,55,26050
7,56,1462170
7,57,27395
7,58,19780
7,59,110761
7,60,12846
7,61,45447
7,62,18909
7,63,9037
7,64,415168
7,65,8187339
7,66,7622
7,67,25134
7,68,11480
7,69,40015
7,70,19077
7,71,101956
7,72,264094
7,73,10574
7,74,24648
7,75,8674
7,76,30548
7,77,75917
7,78,84373
7,79,10024
7,80,144074
7,81,54851
7,82,12427
7,83,8320
7,84,31676
7,85,7448
7,86,270674
7,87,30564
7,88,10257
7,89,146894
7,90,1437148
7,91,12350
7,92,22369
7,93,13811
7,94,28017
7,95,9220
7,96,2031091
7,97,10845
7,98,85657
7,99,22043
7,100,6485
7,101,7064
7,102,30197
7,103,37550
7,104,11977
7,105,6430
7,106,10748
7,107,939900
7,108,16159
7,109,8247
7,110,6446
7,111,51375
7,112,28334
7,113,31943
7,114,19427
7,115,10330
7,116,62307
7,117,53005
7,118,9272
7,119,7032
7,120,481428
7,121,23244
7,122,18023
7,123,28591
7,124,104216
7,125,7474
7,126,35513
7,127,9702
8,0,23574
8,1,7212
8,2,1634960
8,3,4314144
8,4,13757
8,5,873570
8,6,16644
8,7,9587
8,9,17416
8,10,86017
8,11,16636
8,12,10816
8,13,59955
8,14,62149
8,15,105663
8,16,39002
8,17,39479
8,18,9732
8,19,13877
8,20,6995
8,21,33569
8,22,9992
8,23,9454
8,24,673932
8,25,7815
8,26,9553
8,27,25660
8,28,10682
8,29,12157
8,30,15700
8,31,24744
8,32,7611
8,33,16473
8,34,35451
8,35,18434
8,36,191343
8,37,16674
8,38,118482
8,39,94523
8,40,13629
8,41,10491
8,42,22398
8,43,8184
8,44,19672
8,45,8653
8,46,7643
8,47,6567
8,48,25041
8,49,8739
8,50,25274
8,51,22797
8,52,39864
8,53,17713
8,54,7825
8,55,7299
8,56,23132
8,57,42164
8,58,9719
8,59,53066
8,60,97618
8,61,47069
8,62,89472
8,63,31220
8,64,32568
8,65,12481
8,66,69192
8,67,21369
8,68,30507832
8,69,7321
8,70,2326134
8,71,23367
8,72,18535
8,73,8464
8,74,163401
8,75,16095
8,76,270369
8,77,18651
8,78,7495
8,79,18528
8,80,13440
8,81,32514
8,82,10802
8,83,13706
8,84,37223
8,85,7057
8,86,179182
8,87,14177
8,88,108794
8,89,9807
8,90,54830
8,91,25345
8,92,10842
8,93,69762
8,94,6542
8,95,13537
8,96,12896
8,97,76212
8,98,9196
8,99,40142
8,100,32301
8,101,22417
8,102,20716
8,103,68445
8,104,15247
8,105,76769
8,106,10165
8,107,58571
8,108,7454
8,109,14624
8,110,7162
8,111,44451
8,112,25163
8,113,11723
8,114,10579
8,115,78327
8,116,17372
8,117,148451
8,118,6903
8,119,11516
8,120,36529
8,121,9833
8,122,94206
8,123,14521
8,124,331876
8,125,6495
8,126,11515
8,127,9772
9,0,37482
9,1,83291
9,2,33959
9,3,13086
9,4,7176
9,5,8803
9,6,21119
9,7,10759
9,8,13465
9,10,28714
9,11,7327
9,12,13027
9,13,18218
9,14,29029
9,15,9032
9,16,12049
9,17,30629
9,18,141758
9,19,106303
9,20,8765
9,21,71486
9,22,6843
9,23,22906039
9,24,7793
9,25,640473
9,26,10359
9,27,21489429
9,28,148788
9,29,198040
9,30,12845
9,31,14159
9,32,6429
9,33,8000
9,34,10477
9,35,121873
9,36,14917
9,37,15123821
9,38,100009
9,39,8672
9,40,13137
9,41,20136
9,42,49002
9,43,51683
9,44,99892
9,45,56135
9,46,12178
9,47,6887
9,48,24188
9,49,22383
9,50,412073
9,51,13832
9,52,7315
9,53,6760
9,54,13426
9,55,10357
9,56,6912
9,57,37268
9,58,7491
9,59,48667
9,60,12131
9,61,19714
9,62,20835
9,63,65042
9,64,9020
9,65,27618
9,66,17244
9,67,195528
9,68,10179
9,69,6393
9,70,7146
9,71,11078
9,72,10761
9,73,96022
9,74,7142
9,75,15254
9,76,550037
9,77,14168
9,78,14383
9,79,1724476
9,80,11777
9,81,671149
9,82,14707
9,83,8729
9,84,8368
9,85,144395
9,86,7484
9,87,60479
9,88,9976
9,89,29676
9,90,39516
9,91,3531074
9,92,16173
9,93,23848
9,94,13208
9,95,15985
9,96,43666
9,97,31270
9,98,24047
9,99,30269
9,100,8694
9,101,62598
9,102,146126
9,103,87067
9,104,13115
9,105,23875
9,106,12822
9,107,10242
9,108,9086
9,109,75443
9,110,6693
9,111,23001
9,112,13533
9,113,22866
9,114,27516
9,115,10014
9,116,14968
9,117,86562
9,118,31719
9,119,540232
9,120,9750
9,121,36912
9,122,15459
9,123,25842
9,124,20937
9,125,6870
9,126,43361
9,127,7618
10,0,21180
10,1,548052
10,2,36890
10,3,6966
10,4,13743
10,5,24297
10,6,225537
10,7,47755
10,8,35554
10,9,10595
10,11,36378
10,12,25672
10,13,10067
10,14,16294
10,15,59390
10,16,15146
10,17,178875
10,18,7267
10,19,10647
10,20,18348
10,21,29267
10,22,6883
10,23,6386
10,24,17460
10,25,105283
10,26,265566
10,27,77182
10,28,7179
10,29,9430
10,30,30444
10,31,111802
10,32,3465886
10,33,24041
10,34,25552
10,35,8774
10,36,63107
10,37,361833
10,38,9269
10,39,65585
10,40,8892
10,41,8878
10,42,16488
10,43,19397
10,44,13344
10,45,6826
10,46,7339
10,47,116507
10,48,9958
10,49,15793
10,50,108861
10,51,14070
10,52,174380
10,53,8621
10,54,21724
10,55,33872
10,56,25642
10,57,78443
10,58,87530
10,59,23107
10,60,8409
10,61,468951
10,62,9987384
10,63,58381
10,64,12616
10,65,12687
10,66,11691
10,67,128190
10,68,119491
10,69,66427
10,70,14570
10,71,78019
10,72,21167
10,73,10706
10,74,13178
10,75,6980
10,76,259474
10,77,60883
10,78,6496
10,79,3113600
10,80,20759
10,81,13834
10,82,64816
10,83,7899
10,84,7568
10,85,7769
10,86,18106
10,87,43754
10,88,9668
10,89,16647
10,90,20052
10,91,15062
10,92,12239
10,93,20323
10,94,6975
10,95,17893
10,96,9111
10,97,166476
10,98,263509
10,99,16424
10,100,30963
10,101,24286
10,102,10908
10,103,9376
10,104,69603
10,105,57958
10,106,32470
10,107,11251
10,108,235581
10,109,542170
10,110,51413
10,111,9018
10,112,52505
10,113,21922
10,114,79700
10,115,22436
10,116,7339
10,117,6558
10,118,41311
10,119,16833
10,120,7222
10,121,19788
10,122,13589
10,123,7334
10,124,14646
10,125,23295
10,126,230352
10,127,27175
11,0,10856
11,1,8553
11,2,12614
11,3,13226
11,4,271285
11,5,18096
11,6,6435
11,7,8099
11,8,23403
11,9,19412
11,10,531655
11,12,15005
11,13,22538
11,14,63815
11,15,15934
11,16,7392
11,17,7322
11,18,465162
11,19,25739
11,20,132155
11,21,347007
11,22,8676
11,23,15402
11,24,18873
11,25,6641
11,26,20450
11,27,123177
11,28,7910
11,29,9368
11,30,18379
11,31,13742509
11,32,43783
11,33,23891
11,34,9815
11,35,604998
11,36,52764
11,37,40564
11,38,7013
11,39,15010
11,40,6854
11,41,108394
11,42,9347
11,43,84067210
11,44,203988
11,45,44063
11,46,21132
11,47,6968
11,48,8128
11,49,6448
11,50,21733
11,51,40525
11,52,7330
11,53,18894
11,54,26596
11,55,8723
11,56,34891
11,57,85612
11,58,17387
11,59,87763
11,60,18445
11,61,11329
11,62,232942
11,63,918440
11,64,16551
11,65,17636
11,66,9038
11,67,15493
11,68,483829
11,69,6676
11,70,5720049
11,71,38241
11,72,115098
11,73,9154
11,74,28649
11,75,22941
11,76,8478
11,77,104590
11,78,7287
11,79,17896
11,80,8413
11,81,35124
11,82,12434
11,83,6924
11,84,9766
11,85,25169
11,86,23621
11,87,7905
11,88,23439
11,89,12109
11,90,65213
11,91,43622
11,92,23112
11,93,23382
11,94,12411
11,95,9026
11,96,15474
11,97,14538
11,98,412689
11,99,71718
11,100,17610
11,101,10752
11,102,35205
11,103,17278
11,104,36036
11,105,47335
11,106,1514450
11,107,19469
11,108,24210
11,109,6788
11,110,7141
11,111,21788
11,112,104528
11,113,162353
11,114,23790
11,115,32658
11,116,17847
11,117,17801
11,118,14057
11,119,6855
11,120,275948
11,121,19135
11,122,3095791
11,123,9188
11,124,30580
11,125,30807
11,126,19284
11,127,229190
12,0,41086
12,1,13006
12,2,30604
12,3,12558
12,4,7542
12,5,9138
12,6,47019
12,7,6347
12,8,33588
12,9,16399
12,10,7290
12,11,22792
12,13,9417
12,14,14793
12,15,13240
12,16,8990
12,17,73838
12,18,61214
12,19,16299
12,20,6840
12,21,13244
12,22,22601
12,23,15257
12,24,54937
12,25,53167
12,26,87391
12,27,248761
12,28,86517
12,29,14755
12,30,10693
12,31,55826
12,32,35134
12,33,14834
12,34,39307
12,35,11779
12,36,520566
12,37,12752
12,38,38750
12,39,66252
12,40,12248
12,41,136425228
12,42,40180
12,43,17362269
12,44,30237
12,45,14373
12,46,32196
12,47,86929
12,48,45950
12,49,9803
12,50,9412
12,51,59930
12,52,9705
12,53,7025
12,54,20359
12,55,6664
12,56,15351
12,57,8335
12,58,9543
12,59,55238
12,60,1343845
12,61,47485
12,62,7001
12,63,28108
12,64,8853
12,65,26324
12,66,15623
12,67,41152
12,68,179798
12,69,184531
12,70,6393
12,71,20929
12,72,24869
12,73,35410
12,74,23854
12,75,10527
12,76,62492
12,77,7197
12,78,26093
12,79,174087
12,80,26062
12,81,16671
12,82,12775
12,83,390884
12,84,46238
12,85,693963
12,86,9949
12,87,8815
12,88,13652
12,89,462167
12,90,10411
12,91,40487
12,92,1326393
12,93,14099
12,94,3644365
12,95,42413
12,96,15229
12,97,794066
12,98,22033
12,99,7529
12,100,30637
12,101,10515
12,102,15186
12,103,213693
12,104,7695
12,105,11386
12,106,17343
12,107,58667
12,108,40345
12,109,2926647
12,110,11475
12,111,392579
12,112,12202
12,113,77713
12,114,10363
12,115,140316
12,116,15206
12,117,17910
12,118,13288
12,119,1962823
12,120,158523345
12,121,54009
12,122,8975
12,123,120672
12,124,7730
12,125,42357
12,126,10651
12,127,12221
13,0,6508
13,1,19250
13,2,25952
13,3,17228
13,4,103906
13,5,21964
13,6,9789
13,7,118174
13,8,19206
13,9,8465
13,10,840240
13,11,23553
13,12,27482
13,14,16502
13,15,19522
13,16,17173
13,17,66545
13,18,77599
13,19,8270
13,20,46480
13,21,29853
13,22,37000
13,23,45353
13,24,30261
13,25,14105
13,26,9243
13,27,9756
13,28,11548
13,29,7816
13,30,94575
13,31,8257
13,32,7554
13,33,68476
13,34,277850
13,35,6350
13,36,20763
13,37,33233
13,38,15161
13,39,9547
13,40,33316
13,41,135553
13,42,2094138
13,43,2150819
13,44,90593
13,45,179643
13,46,14141
13,47,8558
13,48,62625
13,49,180728
13,50,158774
13,51,40928
13,52,7781
13,53,16801
13,54,10466
13,55,13264
13,56,7819
13,57,7153
13,58,10876
13,59,10375
13,60,118946
13,61,10552
13,62,9643
13,63,13346
13,64,11341
13,65,53086
13,66,6554
13,67,27135
13,68,169508
13,69,6468
13,70,107210
13,71,240510
13,72,10560
13,73,61266
13,74,23413172
13,75,7872
13,76,6537
13,77,10386
13,78,22743
13,79,10201
13,80,311535
13,81,36217
13,82,6367
13,83,8084
13,84,6557
13,85,6961
13,86,10383
13,87,10292
13,88,105219
13,89,22416952
13,90,8392
13,91,11763
13,92,7464
13,93,12100
13,94,28569
13,95,17808
13,96,6684
13,97,24248
13,98,19835
13,99,60079
13,100,66930
13,101,15234
13,102,11491
13,103,7376
13,104,17438
13,105,13510
13,106,72053
13,107,42819
13,108,239510
13,109,50414
13,110,15114
13,111,21679
13,112,182613
13,113,245612
13,114,18648
13,115,257495
13,116,111662351
13,117,10059
13,118,7067
13,119,11295
13,120,11377
13,121,171202
13,122,6514
13,123,16170
13,124,22019
13,125,62731
13,126,7213
13,127,15333
14,0,9502
14,1,2464756
14,2,313085
14,3,75698
14,4,9326
14,5,39540
14,6,10846
14,7,7304
14,8,221325
14,9,18396
14,10,6974
14,11,37709
14,12,51471
14,13,7897
14,15,7712
14,16,140828
14,17,100416
14,18,2565009
14,19,107014
14,20,45855
14,21,7957
14,22,9280
14,23,11384
14,24,9855
14,25,188468
14,26,163533
14,27,7936
14,28,7073
14,29,32757
14,30,1685135
14,31,18211
14,32,20355
14,33,41112
14,34,34376
14,35,9669
14,36,8546
14,37,12069
14,38,6726
14,39,8996
14,40,10339
14,41,4539203
14,42,131878
14,43,16818
14,44,62044
14,45,31438
14,46,38654
14,47,14188
14,48,9737
14,49,209044
14,50,1174271775
14,51,408411
14,52,162484
14,53,37167
14,54,11214
14,55,14676
14,56,91387
14,57,19997
14,58,13387
14,59,9081
14,60,9524
14,61,51741
14,62,1442095
14,63,10328
14,64,8724
14,65,17857
14,66,16260
14,67,8917
14,68,6408
14,69,6682
14,70,13446
14,71,165127
14,72,66486
14,73,52367
14,74,6370
14,75,6341
14,76,12054
14,77,10728
14,78,8196
14,79,20767
14,80,1210402
14,81,25362
14,82,9692
14,83,13013
14,84,135746
14,85,11867
14,86,7565
14,87,7798
14,88,12209
14,89,39454
14,90,267350
14,91,8384
14,92,10176
14,93,35648
14,94,16112
14,95,11202
14,96,9460
14,97,79462
14,98,17108
14,99,12648
14,100,8959
14,101,11397
14,102,26558
14,103,19598
14,104,52744
14,105,6739
14,106,10303
14,107,6681
14,108,34533
14,109,10369
14,110,17044
14,111,406599
14,112,3168065
14,113,6454
14,114,20890
14,115,9925
14,116,7852
14,117,10872
14,118,64788
14,119,9841
14,120,9887
14,121,85122
14,122,25872
14,123,7550
14,124,8556
14,125,6982
14,126,8329
14,127,45839
15,0,72290
15,1,18225
15,2,12728
15,3,162745
15,4,21871
15,5,41525
15,6,9009
15,7,8318
15,8,9627
15,9,24631
15,10,27830
15,11,11367
15,12,10920
15,13,58547
15,14,80502
15,16,7928
15,17,28355
15,18,317813
15,19,9915
15,20,20270
15,21,1060945
15,22,84416
15,23,7428
15,24,1751562
15,25,15920
15,26,166612
15,27,7902
15,28,89040
15,29,28985
15,30,13015
15,31,7093
15,32,59561
15,33,6998
15,34,6612
15,35,44034
15,36,39752
15,37,7629
15,38,7747
15,39,34307
15,40,8777
15,41,71552
15,42,6936
15,43,8213
15,44,2428832
15,45,7123
15,46,1427338
15,47,9408
15,48,47168
15,49,39294
15,50,123589
15,51,191514
15,52,30460
15,53,8124
15,54,319416
15,55,6979
15,56,6842
15,57,8291
15,58,16430
15,59,9470
15,60,2075795
15,61,15067
15,62,11740
15,63,293540
15,64,602673
15,65,14174
15,66,31203
15,67,9787
15,68,7580
15,69,6788
15,70,117184
15,71,9321
15,72,36357
15,73,7746
15,74,93579
15,75,9893
15,76,141966
15,77,23051
15,78,8237
15,79,11949
15,80,521475
15,81,34582
15,82,7249
15,83,192548
15,84,7538
15,85,598067
15,86,6524
15,87,11417
15,88,14613
15,89,7609
15,90,228268
15,91,9439
15,92,114006
15,93,13539
15,94,5012948
15,95,139908
15,96,203229
15,97,36945
15,98,17697
15,99,7082
15,100,11507
15,101,34025916
15,102,119101
15,103,31934
15,104,21807
15,105,14215
15,106,1737931
15,107,10262
15,108,18902
15,109,18283
15,110,155809
15,111,30645
15,112,13919
15,113,39789
15,114,65700
15,115,23658
15,116,6807
15,117,26744
15,118,45415
15,119,62678
15,120,6786
15,121,31312
15,122,12018
15,123,64035
15,124,374052
15,125,161575
15,126,181666
15,127,1322089
16,0,20612
16,1,11258
16,2,10448
16,3,22581
16,4,17782
16,5,7596
16,6,60428
16,7,11722
16,8,7744
16,9,6746
16,10,152114
16,11,11033
16,12,8442
16,13,15382
16,14,13541
16,15,357907
16,17,15027
16,18,12155
16,19,7300
16,20,69571
16,21,6937
16,22,8931
16,23,10354
16,24,3402679
16,25,12223
16,26,32213
16,27,15106
16,28,122035
16,29,36769
16,30,8503
16,31,14107
16,32,7108
16,33,19874
16,34,18851
16,35,1398568
16,36,8608
16,37,138798
16,38,14528
16,39,30734
16,40,8474
16,41,10967
16,42,8698
16,43,14638589
16,44,26412
16,45,126539
16,46,8622
16,47,20213045
16,48,7510
16,49,29623
16,50,7743
16,51,11918
16,52,6614
16,53,13048
16,54,11913
16,55,10414
16,56,18351
16,57,16322
16,58,8096
16,59,10475
16,60,10679
16,61,15999
16,62,167843
16,63,59293
16,64,311922
16,65,113574
16,66,190150
16,67,40282
16,68,9594
16,69,10180
16,70,21543
16,71,8449
16,72,26337
16,73,9071
16,74,7004
16,75,11786
16,76,1335072
16,77,26705
16,78,25757
16,79,6671
16,80,25262
16,81,84460
16,82,6885
16,83,26997
16,84,15431
16,85,8680
16,86,78560
16,87,59758
16,88,172490
16,89,132247
16,90,36594
16,91,27941
16,92,17047
16,93,7745
16,94,11297
16,95,11453
16,96,10542
16,97,22293
16,98,8190
16,99,23351
16,100,13704
16,101,7807
16,102,8711
16,103,47806
16,104,10911
16,105,28122
16,106,32248
16,107,42524
16,108,7107
16,109,169929
16,110,48720
16,111,6638
16,112,131786
16,113,94947
16,114,14700
16,115,28948
16,116,11237
16,117,7313
16,118,4821384
16,119,37801
16,120,49126
16,121,7961
16,122,31455
16,123,359371
16,124,23162
16,125,10788
16,126,8391
16,127,10862
17,0,508982
17,1,14328
17,2,16638
17,3,9680
17,4,88801
17,5,13286
17,6,7009
17,7,176904
17,8,624153
17,9,7587
17,10,34239
17,11,6563
17,12,9510
17,13,12565
17,14,6699
17,15,8381
17,16,116357
17,18,119023269
17,19,6887
17,20,27476
17,21,40732
17,22,7517
17,23,8772
17,24,26418
17,25,30017
17,26,8829
17,27,10779
17,28,64619
17,29,28867
17,30,10778
17,31,18577
17,32,7110
17,33,18956
17,34,16812
17,35,10950
17,36,12315
17,37,7997
17,38,8871
17,39,27509
17,40,41727
17,41,7698
17,42,37100
17,43,8290
17,44,10267
17,45,11658
17,46,559117
17,47,8697
17,48,165799
17,49,516955
17,50,11863
17,51,21494
17,52,16090
17,53,7637
17,54,6457
17,55,48860
17,56,8559456
17,57,34093
17,58,7379
17,59,6471
17,60,15292
17,61,16718
17,62,19549
17,63,14743
17,64,7913
17,65,14698
17,66,6844
17,67,54280
17,68,9487
17,69,288037
17,70,12166
17,71,15490
17,72,6428
17,73,11207
17,74,58930
17,75,22861
17,76,284352
17,77,19295
17,78,7314
17,79,6697
17,80,15209
17,81,32390
17,82,8303
17,83,222421
17,84,39491
17,85,175560
17,86,9790
17,87,7519200
17,88,8284
17,89,18181
17,90,247704
17,91,7290
17,92,9194
17,93,20721
17,94,60604
17,95,21084
17,96,85433
17,97,18844
17,98,49055
17,99,9181
17,100,166884
17,101,14748
17,102,15729
17,103,9670
17,104,13957794
17,105,10590
17,106,13837
17,107,6754
17,108,10295
17,109,6765
17,110,8521
17,111,15626
17,112,16798
17,113,339746
17,114,7973
17,115,17362
17,116,6498
17,117,11572
17,118,19621
17,119,6533
17,120,7784
17,121,39839
17,122,6809
17,123,15788
17,124,1034726
17,125,15425
17,126,14514
17,127,8399
18,0,7586
18,1,43003
18,2,9288
18,3,95860
18,4,10197
18,5,64340
18,6,24221
18,7,31287
18,8,23737
18,9,35032
18,10,23663
18,11,52965
18,12,10156
18,13,101717
18,14,24386
18,15,6587
18,16,7253
18,17,1698081
18,19,16959
18,20,10873
18,21,48113
18,22,6542
18,23,33214
18,24,1375323
18,25,12382
18,26,16839
18,27,49411
18,28,42468
18,29,10453
18,30,40654
18,31,196419
18,32,12559368
18,33,6832
18,34,10378
18,35,9809
18,36,10403
18,37,13021
18,38,23387
18,39,80745
18,40,1979528
18,41,22645
18,42,38335
18,43,65556
18,44,7952
18,45,6804
18,46,524219
18,47,238765
18,48,18486
18,49,21290
18,50,29707
18,51,21793
18,52,7526
18,53,8453
18,54,155324
18,55,11011
18,56,19191
18,57,272516
18,58,8534
18,59,41337
18,60,33968
18,61,7047
18,62,10333
18,63,9478
18,64,11335
18,65,207859
18,66,18521
18,67,11820
18,68,17772
18,69,25006
18,70,9369
18,71,469715
18,72,25140
18,73,28620
18,74,8293
18,75,9317
18,76,19084
18,77,14729
18,78,9866
18,79,31667
18,80,10345
18,81,93578910
18,82,8874
18,83,1482716
18,84,8662
18,85,22075
18,86,7570
18,87,6775
18,88,9466
18,89,8773
18,90,66722
18,91,10655
18,92,118328
18,93,22024
18,94,44108
18,95,8154
18,96,6417
18,97,12463
18,98,17365
18,99,31062
18,100,6833
18,101,243806
18,102,282047
18,103,12083
18,104,7703
18,105,2526630572
18,106,12881
18,107,7347
18,108,44860
18,109,31591
18,110,41404
18,111,6907
18,112,78289
18,113,209841
18,114,13730
18,115,11692
18,116,6546
18,117,15734
18,118,7796
18,119,7800
18,120,8616
18,121,61887
18,122,10271
18,123,38032
18,124,11205
18,125,115836
18,126,11310
18,127,6640
19,0,29807
19,1,8626
19,2,9678
19,3,14371
19,4,306585
19,5,38276261
19,6,74580
19,7,76064338
19,8,21629
19,9,9941
19,10,6466
19,11,6363
19,12,276263
19,13,9959
19,14,12534
19,15,202286
19,16,7351
19,17,1930110
19,18,15563
19,20,6938
19,21,20278
19,22,10337
19,23,8419
19,24,11697364
19,25,8029
19,26,13054
19,27,6444
19,28,8066
19,29,8488
19,30,119257
19,31,13371
19,32,40849
19,33,708886
19,34,16656
19,35,9075
19,36,78366
19,37,11459
19,38,86791
19,39,10435
19,40,6403
19,41,29177
19,42,11903
19,43,85792
19,44,14348
19,45,187636
19,46,9025
19,47,8483
19,48,18286
19,49,8719
19,50,53988
19,51,19925
19,52,13815
19,53,9565
19,54,127143
19,55,9065
19,56,38966
19,57,11277
19,58,10158
19,59,852487
19,60,12907
19,61,8185
19,62,10079
19,63,8642
19,64,19029
19,65,14603
19,66,33381
19,67,665640
19,68,9069
19,69,77447
19,70,204753
19,71,79304
19,72,126282
19,73,20814
19,74,13843
19,75,293191
19,76,66457
19,77,16379
19,78,19132
19,79,39528
19,80,9011
19,81,25690
19,82,31012
19,83,248232
19,84,6893
19,85,3281881
19,86,39356
19,87,6612
19,88,57678
19,89,217665
19,90,12805
19,91,7057
19,92,183408
19,93,7834
19,94,16126
19,95,13719
19,96,22567
19,97,76434
19,98,70664
19,99,7755
19,100,91738
19,101,15275
19,102,7577
19,103,6896
19,104,12923
19,105,98744
19,106,6550
19,107,6730
19,108,18201
19,109,30726
19,110,17203
19,111,12839
19,112,12085
19,113,13566
19,114,16537
19,115,45322
19,116,8276
19,117,6390
19,118,26647
19,119,7748
19,120,17084
19,121,10379
19,122,8281
19,123,51013
19,124,42833
19,125,7786
19,126,9758
19,127,16093
20,0,99661
20,1,1672353
20,2,68414
20,3,6819
20,4,89232
20,5,12364
20,6,6518
20,7,8914
20,8,21885
20,9,20700
20,10,38171
20,11,9148
20,12,61809
20,13,184692
20,14,87623
20,15,7619
20,16,21991
20,17,6386
20,18,39827
20,19,6350
20,21,11324
20,22,71986
20,23,14072
20,24,9156
20,25,7861
20,26,19804
20,27,25558
20,28,10370
20,29,13135
20,30,7085
20,31,15642
20,32,433905
20,33,2005033
20,34,10253
20,35,10678
20,36,108262
20,37,15931
20,38,11626
20,39,16168
20,40,17811
20,41,11318
20,42,25763
20,43,10985
20,44,6891
20,45,32902
20,46,13551
20,47,58595
20,48,137012
20,49,22184
20,50,7080
20,51,1575654
20,52,40784
20,53,17581
20,54,10216
20,55,7246
20,56,7189
20,57,135072
20,58,13673
20,59,40320
20,60,998713
20,61,18504
20,62,123259
20,63,273445
20,64,13298
20,65,16950
20,66,8586
20,67,10898
20,68,149580
20,69,8332
20,70,350735
20,71,22698
20,72,62122
20,73,107079
20,74,15131
20,75,26615
20,76,8180
20,77,7224
20,78,35503
20,79,13397
20,80,13522
20,81,10696
20,82,7777
20,83,7866
20,84,8264
20,85,17194
20,86,103597
20,87,12102
20,88,59881
20,89,27096
20,90,64647
20,91,8082
20,92,22113
20,93,19176
20,94,10321
20,95,7684
20,96,9516
20,97,10075
20,98,16221
20,99,8292
20,100,11243
20,101,3131581
20,102,12488
20,103,34622
20,104,8867
20,105,44511
20,106,80059
20,107,9526
20,108,14897
20,109,8528
20,110,14712
20,111,11599
20,112,109129
20,113,41565
20,114,18221
20,115,107865
20,116,46545
20,117,45650
20,118,982791
20,119,8862
20,120,11647
20,121,6723
20,122,16548
20,123,19091
20,124,58310
20,125,13635
20,126,11527
20,127,270064
21,0,21106
21,1,164726
21,2,34113
21,3,9726
21,4,16419
21,5,15184
21,6,27050
21,7,41324
21,8,62572
21,9,48843
21,10,52248
21,11,16402
21,12,38124
21,13,70794
21,14,6489
21,15,14885
21,16,6960
21,17,10110
21,18,6771
21,19,11340
21,20,50470
21,22,116208
21,23,345167
21,24,488692
21,25,9688
21,26,17290
21,27,632854
21,28,25058
21,29,11196
21,30,13145
21,31,6701
21,32,21320
21,33,8183
21,34,7278
21,35,7259
21,36,9221
21,37,8670
21,38,54113
21,39,26951
21,40,7050
21,41,16899
21,42,13614
21,43,24789
21,44,123341
21,45,38978
21,46,19228
21,47,20193
21,48,9875
21,49,6652
21,50,13452
21,51,16071
21,52,12359
21,53,21936
21,54,7393
21,55,31830
21,56,6449
21,57,16178742
21,58,48650
21,59,8905
21,60,101419
21,61,7771
21,62,6456
21,63,7257
21,64,14289
21,65,51974
21,66,85702
21,67,1001409
21,68,9590
21,69,8188
21,70,7208
21,71,239013
21,72,44632
21,73,12045
21,74,7790
21,75,57080
21,76,78872
21,77,7564
21,78,8250
21,79,18317
21,80,8072
21,81,31770
21,82,7822
21,83,6930
21,84,7536
21,85,586804
21,86,27693
21,87,41686
21,88,52945
21,89,18801
21,90,44152
21,91,10417
21,92,11961
21,93,20213
21,94,18797
21,95,372487
21,96,8230
21,97,18490
21,98,12539
21,99,17726
21,100,8648
21,101,81981
21,102,20895
21,103,10723
21,104,102862
21,105,24755
21,106,56604
21,107,1116832
21,108,121310
21,109,12548
21,110,10074
21,111,19827
21,112,36736
21,113,111106
21,114,14575
21,115,32694
21,116,15621
21,117,183248
21,118,35012
21,119,6488
21,120,10444
21,121,9853
21,122,44875
21,123,8755
21,124,6875
21,125,7803
21,126,56046
21,127,234616
22,0,152818
22,1,24275
22,2,45384
22,3,18556
22,4,13463
22,5,17123
22,6,6960
22,7,24903
22,8,74866
22,9,80664
22,10,13190
22,11,109331
22,12,18655
22,13,28634
22,14,9586
22,15,14045
22,16,10522
22,17,230585
22,18,176305
22,19,8011271
22,20,6564
22,21,11093
22,23,10091
22,24,30897
22,25,6367
22,26,49090
22,27,9514
22,28,8205
22,29,9842
22,30,7837
22,31,19981
22,32,3942451
22,33,7633
22,34,121230
22,35,85389
22,36,177507
22,37,26925
22,38,13129
22,39,16508
22,40,10405
22,41,32721
22,42,1765372
22,43,8254
22,44,20165
22,45,15438
22,46,31021
22,47,54512
22,48,78950
22,49,797751
22,50,8501
22,51,217453
22,52,13103
22,53,342891
22,54,25684
22,55,24636
22,56,6345
22,57,7817
22,58,6766
22,59,7497
22,60,7353
22,61,47942
22,62,73316
22,63,15267
22,64,12769
22,65,15313
22,66,28728
22,67,21566
22,68,164460
22,69,11654
22,70,155445
22,71,56989
22,72,29908
22,73,30955
22,74,11193
22,75,12561
22,76,20950
22,77,17099
22,78,71886
22,79,32613
22,80,21158
22,81,7164
22,82,8745
22,83,6469
22,84,10629
22,85,1029046
22,86,32839
22,87,33400
22,88,61757
22,89,239759
22,90,7792
22,91,12640
22,92,7584
22,93,6971
22,94,7576
22,95,16765
22,96,17312
22,97,11090
22,98,12107
22,99,60154
22,100,9109
22,101,11036
22,102,29327
22,103,7530
22,104,14041
22,105,7683
22,106,7981
22,107,32425
22,108,6554
22,109,10518
22,110,17090
22,111,14895
22,112,28555
22,113,79225
22,114,12726
22,115,113933
22,116,6549
22,117,41298
22,118,7389
22,119,10870
22,120,33150
22,121,81400
22,122,7461
22,123,6708
22,124,45572
22,125,14410
22,126,9372
22,127,17347
23,0,7274
23,1,37572
23,2,7578
23,3,56649
23,4,8138
23,5,9327
23,6,31396
23,7,12675
23,8,9811
23,9,40231
23,10,122116
23,11,22846
23,12,19745
23,13,18673
23,14,105093
23,15,8063
23,16,98461
23,17,12379
23,18,69794
23,19,31497
23,20,12792
23,21,360352
23,22,1330721
23,24,6596
23,25,15443
23,26,68599
23,27,32820
23,28,6430
23,29,10326
23,30,6763
23,31,181823
23,32,27341
23,33,14512
23,34,24485429
23,35,30516
23,36,362328
23,37,79779
23,38,11942
23,39,28830
23,40,40066
23,41,218304
23,42,114295
23,43,17788
23,44,36100
23,45,19461
23,46,2066724
23,47,15594
23,48,19933
23,49,59075
23,50,6950
23,51,106820
23,52,33307
23,53,7220
23,54,6864
23,55,10338
23,56,6830
23,57,609694
23,58,83419
23,59,6652
23,60,17916
23,61,8034
23,62,25052646
23,63,3598331
23,64,10175
23,65,14563
23,66,34385
23,67,10881
23,68,57217
23,69,12148
23,70,6777
23,71,11947
23,72,9575
23,73,24009
23,74,10284
23,75,28512
23,76,7130
23,77,58098
23,78,8244
23,79,107668
23,80,8142
23,81,14542
23,82,40474
23,83,6920
23,84,10933
23,85,729102
23,86,7372
23,87,113073
23,88,196777
23,89,10553
23,90,9045
23,91,61138
23,92,130690
23,93,258340
23,94,13624
23,95,471249
23,96,11274
23,97,74544
23,98,9839
23,99,15087
23,100,8700
23,101,24778
23,102,87159
23,103,7948
23,104,6958
23,105,27652
23,106,10773
23,107,230118
23,108,8851
23,109,9654
23,110,13736
23,111,12389
23,112,6934
23,113,14980
23,114,234375
23,115,56694
23,116,8645
23,117,9505
23,118,9609
23,119,44481
23,120,15176
23,121,12998
23,122,10704
23,123,24015
23,124,15214
23,125,16345
23,126,7073
23,127,594650
24,0,47202
24,1,56291
24,2,17555
24,3,96622
24,4,6876
24,5,35063
24,6,73698
24,7,22674
24,8,14620
24,9,94364
24,10,9531
24,11,8406
24,12,40116
24,13,34395
24,14,18623
24,15,7718
24,16,7041
24,17,6956
24,18,33939
24,19,637916
24,20,7075
24,21,16131
24,22,1731182
24,23,11054
24,25,7326
24,26,9485
24,27,15270
24,28,256935
24,29,8909
24,30,6589
24,31,8446
24,32,28562
24,33,14392
24,34,7058
24,35,8935
24,36,50582
24,37,9661
24,38,104904
24,39,9082
24,40,9001
24,41,47301
24,42,7044
24,43,17687
24,44,33177
24,45,9551
24,46,116133
24,47,10437
24,48,8275
24,49,11536761
24,50,180107
24,51,13369
24,52,44784
24,53,8599
24,54,16580
24,55,66604
24,56,43652
24,57,1587226
24,58,9124
24,59,115984
24,60,14248
24,61,7774
24,62,20788
24,63,11264
24,64,9210
24,65,272207
24,66,50027
24,67,60984
24,68,17880
24,69,217241
24,70,7460
24,71,20797
24,72,20742
24,73,141240
24,74,20384
24,75,60529
24,76,8656907
24,77,425984
24,78,10859
24,79,101896
24,80,355970
24,81,203608
24,82,14769
24,83,16201
24,84,49645
24,85,12015
24,86,60104
24,87,21661
24,88,698384
24,89,8775
24,90,26932
24,91,7237
24,92,15681
24,93,87113
24,94,12105
24,95,10128
24,96,14734
24,97,33711
24,98,8999
24,99,19124
24,100,18931
24,101,6759
24,102,13700
24,103,751971
24,104,9706
24,105,192721
24,106,8199
24,107,12790
24,108,42608
24,109,16098
24,110,31848
24,111,22066
24,112,969842
24,113,104341
24,114,8691
24,115,26828
24,116,9860
24,117,28003
24,118,11064
24,119,12677
24,120,51663
24,121,601516
24,122,14953
24,123,142383
24,124,8906
24,125,8631
24,126,50156
24,127,225989
25,0,11434
25,1,57355
25,2,15936
25,3,139402
25,4,7614
25,5,11840
25,6,848372
25,7,24155
25,8,7255
25,9,16795
25,10,20645
25,11,11781
25,12,31087
25,13,202474
25,14,215560
25,15,8195
25,16,942336
25,17,104030
25,18,621704
25,19,27288
25,20,7135
25,21,14615
25,22,118098
25,23,486250280
25,24,12288
25,26,8150
25,27,68352
25,28,11228
25,29,24721
25,30,512500
25,31,20368
25,32,27361
25,33,6384
25,34,17017
25,35,8479
25,36,9185
25,37,335772
25,38,8584
25,39,268551
25,40,7195
25,41,6359
25,42,9015
25,43,28779
25,44,7369
25,45,182771
25,46,743668
25,47,187471
25,48,7427
25,49,24955
25,50,48372
25,51,73350
25,52,210040
25,53,21530
25,54,22245
25,55,208253
25,56,21665
25,57,7761
25,58,36584
25,59,36627
25,60,9607
25,61,69255253
25,62,11940
25,63,66222451
25,64,11242
25,65,32631
25,66,7098
25,67,35338
25,68,27315
25,69,8804
25,70,27063
25,71,12886
25,72,19957
25,73,11395
25,74,57424
25,75,67049
25,76,7357
25,77,39689
25,78,373529
25,79,8542
25,80,38394
25,81,8390
25,82,20487
25,83,17142
25,84,18729
25,85,444157
25,86,18334
25,87,17300
25,88,9954
25,89,193766
25,90,6795
25,91,13068
25,92,1525280
25,93,63842
25,94,10724
25,95,11091
25,96,11072
25,97,8227
25,98,4748148
25,99,12271
25,100,10248
25,101,14822
25,102,12056
25,103,8707
25,104,52013
25,105,11173
25,106,38536
25,107,51857
25,108,15320
25,109,7888
25,110,32975
25,111,10792
25,112,4784533
25,113,7008
25,114,17966
25,115,7285
25,116,17504
25,117,16926
25,118,25708
25,119,27557
25,120,12496
25,121,185665
25,122,22966
25,123,6510
25,124,32586
25,125,20221
25,126,7949
25,127,7875
26,0,75588
26,1,14599
26,2,125176
26,3,6689
26,4,7851
26,5,8794
26,6,8151
26,7,240009
26,8,8169
26,9,92193
26,10,77333
26,11,8472
26,12,10320
26,13,155203
26,14,6609
26,15,26867
26,16,11789
26,17,8944
26,18,52406
26,19,10296
26,20,102438
26,21,7571
26,22,393717
26,23,1252335
26,24,6706
26,25,7871
26,27,9589
26,28,72087
26,29,13794
26,30,6649
26,31,8894
26,32,7407
26,33,69922
26,34,21080
26,35,8683
26,36,21263
26,37,40719
26,38,9142
26,39,53739
26,40,41890
26,41,16013
26,42,9375
26,43,16051
26,44,8733
26,45,16461748
26,46,10503
26,47,62892
26,48,24536
26,49,15082
26,50,18029
26,51,48702
26,52,1199370
26,53,13975
26,54,7223
26,55,23310
26,56,18036
26,57,6935
26,58,7041
26,59,13274
26,60,14468
26,61,7583
26,62,44602
26,63,9577
26,64,14639
26,65,79541
26,66,43448
26,67,59123
26,68,9316
26,69,8847
26,70,20624150
26,71,16929
26,72,71122
26,73,13336
26,74,22221
26,75,245094
26,76,9570
26,77,33987
26,78,10293
26,79,27530
26,80,25099
26,81,23239
26,82,68879
26,83,397741
26,84,211854
26,85,10653
26,86,47840
26,87,20124
26,88,369390
26,89,9072
26,90,7691
26,91,72663
26,92,6354
26,93,14257
26,94,17920
26,95,27442
26,96,10480
26,97,19180
26,98,20852
26,99,41944
26,100,7473
26,101,13214
26,102,9763
26,103,6551
26,104,6899
26,105,18369
26,106,54533
26,107,100358
26,108,6773
26,109,7537
26,110,21996
26,111,48148
26,112,26025
26,113,9393
26,114,28765
26,115,6803
26,116,17887
26,117,142908
26,118,13547
26,119,21241
26,120,247178
26,121,184209
26,122,7193
26,123,352150
26,124,6674
26,125,14461
26,126,54029
26,127,11689
27,0,7233
27,1,25076
27,2,41808
27,3,7384
27,4,9802
27,5,20801
27,6,26255047
27,7,11612
27,8,152583
27,9,356936
27,10,2728703
27,11,4078861
27,12,15407
27,13,1268187
27,14,9836
27,15,8738
27,16,7597661
27,17,16923
27,18,304716
27,19,29215
27,20,106755
27,21,11802
27,22,1167261
27,23,11234
27,24,28483
27,25,7395
27,26,9050
27,28,871423
27,29,30873
27,30,8484
27,31,55433
27,32,38429
27,33,10506
27,34,29884
27,35,2057719
27,36,110144
27,37,169789
27,38,672538
27,39,30922
27,40,94101
27,41,67893
27,42,7755
27,43,100300
27,44,6475
27,45,28256
27,46,7667
27,47,28787
27,48,16659
27,49,18942
27,50,31162
27,51,9560
27,52,527915
27,53,13088
27,54,19018
27,55,7858
27,56,57724
27,57,63925
27,58,19265
27,59,16721
27,60,14096
27,61,6576
27,62,66960
27,63,10624
27,64,11284
27,65,87252
27,66,55324
27,67,16182
27,68,10418
27,69,29350
27,70,27851
27,71,17639
27,72,19533
27,73,36089
27,74,46789
27,75,13498
27,76,1581422
27,77,7621
27,78,7172
27,79,4676748
27,80,14825
27,81,9967
27,82,10657
27,83,12981
27,84,8052
27,85,37290
27,86,5052786
27,87,42026
27,88,268852
27,89,168534
27,90,294241
27,91,12171
27,92,8031
27,93,64229
27,94,215769
27,95,9930
27,96,11996
27,97,351677
27,98,6374
27,99,10131
27,100,10566
27,101,6740
27,102,42454
27,103,23742
27,104,37629
27,105,119569
27,106,8369952
27,107,18215
27,108,8304
27,109,2942861
27,110,11652
27,111,13308
27,112,135168
27,113,91638
27,114,14765
27,115,33720
27,116,14246
27,117,6879
27,118,17020
27,119,8759
27,120,9341
27,121,77409
27,122,6710
27,123,18228
27,124,81897
27,125,8880
27,126,40078
27,127,6469
28,0,6851
28,1,145256
28,2,31446
28,3,6648
28,4,22480
28,5,8717
28,6,284021
28,7,28164
28,8,105919
28,9,7012
28,10,27083
28,11,7418
28,12,11984
28,13,39124
28,14,67019
28,15,13675
28,16,9121
28,17,9624
28,18,17821
28,19,19726
28,20,7816
28,21,6572
28,22,43593
28,23,9746
28,24,49627
28,25,24172
28,26,8627
28,27,36682
28,29,54702
28,30,85211
28,31,74687
28,32,11084
28,33,21127
28,34,11829
28,35,120434
28,36,7262
28,37,10875
28,38,9171
28,39,9481
28,40,9718
28,41,106884
28,42,7215
28,43,25204
28,44,13960
28,45,15428
28,46,19044
28,47,10427
28,48,12900
28,49,48825
28,50,7921
28,51,8788
28,52,6511
28,53,7429
28,54,16118
28,55,12743
28,56,8582
28,57,9164
28,58,11187
28,59,68168
28,60,11534
28,61,21485
28,62,8961
28,63,6993
28,64,9461
28,65,10492
28,66,8088
28,67,13004
28,68,15464
28,69,22679
28,70,52466
28,71,22528
28,72,16971
28,73,13493
28,74,9917
28,75,166340
28,76,189475
28,77,9985
28,78,48062
28,79,13084
28,80,27348
28,81,7610
28,82,15966
28,83,7289
28,84,43017
28,85,7500
28,86,45919
28,87,8241
28,88,26444
28,89,893298805
28,90,292495
28,91,19325
28,92,13411
28,93,7265
28,94,7146390
28,95,11618
28,96,341537
28,97,388084
28,98,38453
28,99,14827
28,100,48598
28,101,29125
28,102,9053
28,103,20466
28,104,29986
28,105,127230024
28,106,9286
28,107,109804
28,108,15126
28,109,22259
28,110,10523
28,111,18549
28,112,48931
28,113,25047
28,114,148563
28,115,11712
28,116,67741
28,117,6947
28,118,15850
28,119,13783
28,120,190490
28,121,12181
28,122,100125
28,123,9742
28,124,13553
28,125,31796
28,126,92907
28,127,980178
29,0,56402
29,1,8993
29,2,7522
29,3,23822
29,4,82315
29,5,170070
29,6,22757
29,7,10457
29,8,54745
29,9,26286
29,10,84067
29,11,8859
29,12,141447
29,13,7704
29,14,19262
29,15,11321
29,16,570559
29,17,6384
29,18,7484
29,19,16319
29,20,10988
29,21,12185
29,22,15537
29,23,76508
29,24,150838
29,25,51799
29,26,8156
29,27,14931
29,28,30540
29,30,11478
29,31,15199
29,32,39197
29,33,13248
29,34,8511
29,35,125769
29,36,6721
29,37,50377
29,38,10454
29,39,43419
29,40,28970
29,41,7757
29,42,7494
29,43,17250
29,44,6083436
29,45,10984
29,46,404205
29,47,19143
29,48,19977
29,49,14669
29,50,21624
29,51,17765
29,52,7430
29,53,394288
29,54,49375
29,55,58263
29,56,18715
29,57,7409
29,58,29830
29,59,112930
29,60,10972
29,61,20878
29,62,711935
29,63,30979
29,64,23806
29,65,20072
29,66,84812
29,67,8433
29,68,13751
29,69,64396
29,70,22236
29,71,19961
29,72,343344
29,73,14244
29,74,7930
29,75,9558
29,76,29900
29,77,16308
29,78,23491
29,79,7419
29,80,7707
29,81,24823
29,82,28136
29,83,18431
29,84,705859
29,85,6897
29,86,86745
29,87,99029
29,88,9598
29,89,6898
29,90,9118
29,91,110281
29,92,13320
29,93,8424
29,94,15262
29,95,9868
29,96,61472
29,97,10276
29,98,73559
29,99,9660
29,100,62201
29,101,17272
29,102,41073
29,103,10096
29,104,7737
29,105,126453
29,106,79383
29,107,7854
29,108,7729
29,109,121793
29,110,336210
29,111,7732
29,112,7707
29,113,142593
29,114,15303
29,115,17983
29,116,9779
29,117,589028
29,118,459942
29,119,113287
29,120,615650
29,121,662914
29,122,47402
29,123,10056
29,124,7283
29,125,9116
29,126,7893
29,127,53636
30,0,7298
30,1,16824
30,2,10780
30,3,15716
30,4,16732
30,5,330168
30,6,52724
30,7,22654
30,8,10211
30,9,11540
30,10,8921
30,11,75081
30,12,36281
30,13,319014
30,14,20104
30,15,10751
30,16,1882714
30,17,99546
30,18,22562
30,19,33205
30,20,63053
30,21,321438
30,22,9129
30,23,2190043
30,24,14206
30,25,11017
30,26,8148
30,27,47102
30,28,8932
30,29,6987
30,31,7637
30,32,12293
30,33,6945
30,34,13097
30,35,24676
30,36,35317
30,37,9284
30,38,15149
30,39,6478
30,40,7778
30,41,33559
30,42,15397
30,43,238518
30,44,12211
30,45,13666
30,46,50101
30,47,8175
30,48,7155
30,49,74758
30,50,15237
30,51,9349
30,52,14103
30,53,13147
30,54,193417
30,55,8173
30,56,10805
30,57,31037
30,58,29402
30,59,6805
30,60,38990
30,61,68383
30,62,6846
30,63,11289
30,64,7421
30,65,387528
30,66,34045
30,67,80421
30,68,20483
30,69,38678
30,70,24682
30,71,35246
30,72,9381
30,73,14545
30,74,132711
30,75,196957
30,76,25976
30,77,31977
30,78,20400
30,79,10944
30,80,44436
30,81,6651
30,82,20116
30,83,47502
30,84,20290
30,85,8459
30,86,24575
30,87,26789
30,88,7751
30,89,12050
30,90,37369
30,91,101359
30,92,79899
30,93,17597
30,94,6774
30,95,36132
30,96,16450
30,97,8300
30,98,854557
30,99,17571
30,100,11082
30,101,21101
30,102,12973
30,103,75516
30,104,12799
30,105,431238
30,106,9409
30,107,23988
30,108,26641
30,109,19625
30,110,8811
30,111,22316
30,112,18837
30,113,85255
30,114,71852
30,115,9665
30,116,13312
30,117,36015
30,118,716550
30,119,76583
30,120,34691
30,121,6308734
30,122,18765
30,123,16665
30,124,16087
30,125,10142
30,126,65128
30,127,21463
31,0,9211
31,1,9852
31,2,204561
31,3,49215
31,4,6452
31,5,9848
31,6,7327
31,7,86975
31,8,6613
31,9,7788
31,10,143542
31,11,44723
31,12,12801
31,13,8594
31,14,47003
31,15,9173
31,16,7298
31,17,21427
31,18,46014
31,19,9945
31,20,13888
31,21,502921
31,22,18164
31,23,129252
31,24,28277
31,25,35185
31,26,11338
31,27,38078
31,28,14052
31,29,10167
31,30,22694
31,32,8872
31,33,891070
31,34,7925
31,35,44466
31,36,127752
31,37,35763
31,38,8936
31,39,23097
31,40,454820
31,41,12638
31,42,14237
31,43,40941
31,44,668385
31,45,34278
31,46,136523
31,47,8345
31,48,748631
31,49,10979
31,50,8722
31,51,31120
31,52,9582
31,53,7028
31,54,7672
31,55,11108
31,56,90692
31,57,9539
31,58,8470
31,59,9149
31,60,276896
31,61,7979
31,62,7037
31,63,1023417
31,64,63677
31,65,12894
31,66,11226
31,67,7829
31,68,205715
31,69,6617
31,70,10938
31,71,9315
31,72,14161
31,73,9242
31,74,29745
31,75,10567
31,76,7629
31,77,7943
31,78,212057
31,79,7151
31,80,544119
31,81,94734
31,82,9798
31,83,32911
31,84,6465
31,85,63269
31,86,22689
31,87,17074
31,88,16821
31,89,6926
31,90,6622
31,91,7884
31,92,7465
31,93,10468
31,94,8972
31,95,67711
31,96,73178
31,97,149014
31,98,783180
31,99,12174
31,100,6623
31,101,20364
31,102,19675
31,103,10998
31,104,6422
31,105,9173141
31,106,51490
31,107,33113
31,108,23817
31,109,52804
31,110,6976
31,111,8756220
31,112,48441
31,113,34297
31,114,27010
31,115,9255
31,116,7335
31,117,17293
31,118,103167
31,119,6666
31,120,17476
31,121,7370
31,122,21259
31,123,11588
31,124,8367
31,125,25487
31,126,6771
31,127,7561
32,0,231053
32,1,8163
32,2,34831
32,3,29162
32,4,11352
32,5,11671
32,6,20048
32,7,25221
32,8,10930
32,9,13458
32,10,10865
32,11,12982
32,12,26469
32,13,32811
32,14,16914
32,15,20189
32,16,9760
32,17,6687
32,18,25415
32,19,11483
32,20,10072
32,21,78676
32,22,413925
32,23,11427
32,24,27968
32,25,94894
32,26,36400
32,27,20754
32,28,8370
32,29,51165
32,30,15969
32,31,8833
32,33,37201
32,34,7543
32,35,7092
32,36,60908
32,37,284683
32,38,9616
32,39,8363
32,40,34317
32,41,27734
32,42,351205
32,43,15553
32,44,7864
32,45,31642
32,46,20437
32,47,57011
32,48,43915
32,49,11248
32,50,10994
32,51,26268
32,52,30815
32,53,11195
32,54,11662
32,55,83248
32,56,16771
32,57,13893
32,58,8145
32,59,42961
32,60,25151
32,61,17139
32,62,11069
32,63,31557
32,64,17520
32,65,13131
32,66,37111
32,67,7925590
32,68,53534
32,69,16184
32,70,49573
32,71,17549
32,72,14767
32,73,15783
32,74,22630
32,75,15513
32,76,18662
32,77,30767
32,78,9651
32,79,7678
32,80,11605
32,81,8579
32,82,7441
32,83,7085
32,84,148227
32,85,17926
32,86,27122
32,87,7406
32,88,16416
32,89,8324
32,90,16040
32,91,58051
32,92,8487
32,93,21049
32,94,316620
32,95,223748
32,96,8551
32,97,13760
32,98,15129
32,99,38607
32,100,16679
32,101,856635
32,102,6366
32,103,16998
32,104,26180
32,105,8493
32,106,119412
32,107,11570
32,108,9713
32,109,13025
32,110,7321
32,111,7552
32,112,7006
32,113,38798
32,114,24732
32,115,25606
32,116,6846
32,117,11263
32,118,13296
32,119,83462
32,120,48493
32,121,57817
32,122,11327
32,123,7848
32,124,11349
32,125,17102
32,126,110213
32,127,142070
33,0,117640
33,1,23669
33,2,6450
33,3,15874
33,4,7689
33,5,9934
33,6,10534
33,7,25793
33,8,16633
33,9,97008
33,10,214312
33,11,16750
33,12,8706
33,13,70892
33,14,95752
33,15,15780
33,16,38690
33,17,34543
33,18,8668
33,19,34821
33,20,7850
33,21,10184
33,22,7706
33,23,12521
33,24,10940
33,25,8822
33,26,36153
33,27,92396
33,28,411459
33,29,22787
33,30,3788527
33,31,13852
33,32,8566
33,34,9421
33,35,6735
33,36,48320
33,37,7479
33,38,146017
33,39,59027
33,40,52925
33,41,9555
33,42,29095
33,43,183888
33,44,10214
33,45,11888
33,46,7247
33,47,6990
33,48,67198
33,49,6663
33,50,13109
33,51,12946
33,52,15485
33,53,25233
33,54,7192
33,55,258906
33,56,9739
33,57,17473
33,58,6970
33,59,362825
33,60,13862
33,61,11014
33,62,24502
33,63,58145
33,64,13807
33,65,20848
33,66,66781
33,67,807088
33,68,14285
33,69,64760
33,70,8342
33,71,14178759
33,72,15600
33,73,21193
33,74,1069932
33,75,12761
33,76,392013
33,77,6738
33,78,8495
33,79,10399
33,80,12661
33,81,11142
33,82,9114
33,83,6521
33,84,32984
33,85,16218
33,86,40745236
33,87,10995
33,88,102498
33,89,492806
33,90,44693
33,91,7511
33,92,6985
33,93,18194
33,94,61446
33,95,14143
33,96,8155
33,97,51394
33,98,25018
33,99,2440709
33,100,56313
33,101,9415
33,102,15374
33,103,762140
33,104,237778
33,105,7890
33,106,6408
33,107,12865
33,108,7773
33,109,36660
33,110,9159
33,111,62280
33,112,12232
33,113,9401
33,114,50322
33,115,33270
33,116,121551
33,117,9687
33,118,10174
33,119,24265
33,120,52033
33,121,122685
33,122,17038
33,123,7799
33,124,210843
33,125,13817
33,126,893299
33,127,9024
34,0,12167
34,1,58333904
34,2,27803
34,3,7256
34,4,6712
34,5,6694
34,6,2476927
34,7,9027
34,8,12027
34,9,364323
34,10,8427
34,11,6487
34,12,57447
34,13,267051
34,14,7318
34,15,14910
34,16,20056
34,17,6957
34,18,17287
34,19,25082
34,20,90397
34,21,15495
34,22,7160
34,23,333598
34,24,55151
34,25,6507
34,26,209442
34,27,101122
34,28,7600
34,29,46158
34,30,10054
34,31,12507
34,32,56069
34,33,8845
34,35,8326
34,36,10829
34,37,6874
34,38,213488
34,39,9115
34,40,11211
34,41,91537
34,42,24766
34,43,17900
34,44,7140
34,45,9107
34,46,6922
34,47,6837
34,48,47135
34,49,51337
34,50,17539
34,51,9908
34,52,450504
34,53,22713
34,54,273755
34,55,15032
34,56,24319
34,57,33223
34,58,61549
34,59,203039
34,60,8687
34,61,16499
34,62,368367
34,63,22728
34,64,22703
34,65,93371
34,66,9996
34,67,29448
34,68,38559
34,69,9728
34,70,15030
34,71,784977
34,72,7804
34,73,7124
34,74,702853
34,75,6586
34,76,37313
34,77,9102
34,78,13830
34,79,34711
34,80,32685
34,81,10452
34,82,22174
34,83,58192
34,84,55738
34,85,6653
34,86,1744724
34,87,15769
34,88,96513
34,89,10672
34,90,26211
34,91,24402
34,92,39965
34,93,173358
34,94,12756
34,95,354530
34,96,11792
34,97,13603
34,98,30001
34,99,7862
34,100,19491
34,101,16641
34,102,20537
34,103,10426
34,104,32497
34,105,43304
34,106,14355
34,107,9997
34,108,6538
34,109,12199
34,110,140520
34,111,22971
34,112,6382
34,113,13357
34,114,7760
34,115,39652
34,116,18751
34,117,37824
34,118,20254
34,119,187305
34,120,37156
34,121,11794
34,122,121632
34,123,341088
34,124,46577
34,125,18708
34,126,14269
34,127,10367
35,0,646940
35,1,22321
35,2,35022
35,3,37380
35,4,8946
35,5,34771
35,6,46626
35,7,172923
35,8,16456
35,9,8460
35,10,45198
35,11,12930
35,12,12092
35,13,91587
35,14,174674
35,15,8307
35,16,9907
35,17,19541
35,18,6599
35,19,23955
35,20,6737
35,21,266753
35,22,133836
35,23,10582
35,24,10093
35,25,16780
35,26,8633
35,27,24347
35,28,1006837
35,29,63760
35,30,56739
35,31,15745
35,32,348397
35,33,21334
35,34,269761
35,36,27408
35,37,54217
35,38,16759
35,39,13393
35,40,73109
35,41,51089
35,42,108328
35,43,595785
35,44,265862
35,45,39977
35,46,7617
35,47,42777
35,48,15341
35,49,37858
35,50,6355
35,51,78521
35,52,369903
35,53,11409
35,54,11746
35,55,10556
35,56,9970
35,57,9416
35,58,13576
35,59,7124
35,60,43681
35,61,8979
35,62,12655
35,63,8421
35,64,11124
35,65,34210
35,66,11753
35,67,123013
35,68,35093
35,69,1558559
35,70,53106
35,71,12032
35,72,9267
35,73,49322
35,74,3321342
35,75,11969
35,76,11697
35,77,7459
35,78,9048
35,79,201723
35,80,17130
35,81,7366
35,82,29669
35,83,101181
35,84,31371
35,85,72526824
35,86,281721
35,87,125430
35,88,13158
35,89,45824
35,90,13133
35,91,1184920
35,92,81442
35,93,10946
35,94,11026
35,95,21579
35,96,6443
35,97,10012
35,98,13914
35,99,6584
35,100,7126
35,101,652193
35,102,10965
35,103,13363
35,104,8485
35,105,117868
35,106,14032
35,107,6534
35,108,37641
35,109,296358
35,110,445555
35,111,51051
35,112,78482
35,113,194467
35,114,8273
35,115,40461
35,116,157033
35,117,18063
35,118,14134
35,119,52704
35,120,267650
35,121,154721
35,122,109264
35,123,37493
35,124,28270
35,125,10927
35,126,14023
35,127,19025
36,0,9804
36,1,426635
36,2,219806
36,3,15094
36,4,16560
36,5,15942
36,6,701358
36,7,29869
36,8,21268
36,9,11255
36,10,27948
36,11,7703
36,12,84768
36,13,33131
36,14,44982606
36,15,16433
36,16,489510
36,17,8778
36,18,11593
36,19,50938
36,20,39990
36,21,67318
36,22,23398
36,23,23444
36,24,17963
36,25,134214
36,26,7580
36,27,9546
36,28,9325
36,29,8198
36,30,7086
36,31,29569
36,32,10822
36,33,13058
36,34,22393
36,35,15300
36,37,7841
36,38,18269
36,39,21692
36,40,10431
36,41,5923116
36,42,19453
36,43,67228
36,44,9170
36,45,49250
36,46,7261
36,47,207466
36,48,7807
36,49,175857
36,50,7998
36,51,53904711
36,52,6980
36,53,17649
36,54,755335
36,55,8182
36,56,15639
36,57,29931
36,58,7049
36,59,8754
36,60,7154
36,61,10103
36,62,16890
36,63,75625
36,64,17498
36,65,8327
36,66,7693
36,67,20132
36,68,10717
36,69,74331
36,70,8225
36,71,9074
36,72,40397
36,73,19560
36,74,12341
36,75,17552
36,76,15532
36,77,13875
36,78,10485
36,79,175709
36,80,8737
36,81,12503
36,82,15498
36,83,13867
36,84,46822
36,85,7200
36,86,19898
36,87,2382274
36,88,10891
36,89,10882
36,90,77904
36,91,8838
36,92,14475
36,93,7063
36,94,6607
36,95,7591
36,96,41917
36,97,7475
36,98,42706
36,99,54427
36,100,48773
36,101,26725
36,102,7324
36,103,35700
36,104,20005
36,105,7131
36,106,7382
36,107,10820
36,108,31489
36,109,13280
36,110,822413
36,111,8450
36,112,63732
36,113,100475
36,114,12409
36,115,8569
36,116,25286
36,117,7185
36,118,45903
36,119,11189
36,120,12327
36,121,9152
36,122,45075
36,123,23046
36,124,15191
36,125,9826
36,126,53843
36,127,14714
37,0,51032
37,1,38311
37,2,148676
37,3,6465
37,4,12668
37,5,27761
37,6,13982
37,7,35215
37,8,10172
37,9,9863830
37,10,36551
37,11,15579
37,12,323892
37,13,6610
37,14,18039
37,15,29493
37,16,51298
37,17,51548
37,18,16235
37,19,11169
37,20,8349
37,21,34503
37,22,162614
37,23,15346
37,24,16333
37,25,14741
37,26,407202
37,27,7865
37,28,68724
37,29,47218
37,30,11761
37,31,288715
37,32,9499
37,33,10341
37,34,22029
37,35,6628
37,36,51146
37,38,7565
37,39,7617
37,40,9057
37,41,2359550
37,42,6476
37,43,9870
37,44,12140
37,45,7725
37,46,14426
37,47,11178
37,48,2251159
37,49,12788
37,50,7567
37,51,92651
37,52,20351
37,53,185991
37,54,313865
37,55,6686
37,56,7491
37,57,279130
37,58,8629
37,59,12126
37,60,37335
37,61,6728
37,62,44182
37,63,31899
37,64,35266
37,65,11623
37,66,33920
37,67,17014
37,68,55411
37,69,37034
37,70,2489199
37,71,53698
37,72,7023
37,73,8888
37,74,16712
37,75,20628
37,76,35276
37,77,7266
37,78,7158
37,79,8025
37,80,1094528
37,81,11117
37,82,12963
37,83,10668
37,84,15091
37,85,12782
37,86,19831
37,87,9888
37,88,15847
37,89,39777
37,90,327633
37,91,36956
37,92,17170
37,93,440008
37,94,6420
37,95,8049
37,96,15605
37,97,22331
37,98,70243
37,99,6784
37,100,18407
37,101,23950
37,102,17428
37,103,816610
37,104,7827
37,105,46773
37,106,18497
37,107,114440
37,108,100534
37,109,80705
37,110,23913
37,111,41754
37,112,8637
37,113,7612
37,114,219375
37,115,19749
37,116,135939
37,117,11372
37,118,9877
37,119,20454
37,120,24237
37,121,37045
37,122,486250
37,123,47586
37,124,8646
37,125,8444
37,126,10255
37,127,28031
38,0,25696
38,1,50526
38,2,18595
38,3,165530
38,4,1389192
38,5,9186
38,6,8214
38,7,22891
38,8,19507
38,9,21036
38,10,8516
38,11,6868
38,12,7836
38,13,24524
38,14,7084
38,15,20286
38,16,218731
38,17,8907
38,18,70114
38,19,47654
38,20,21959
38,21,8948
38,22,25897
38,23,29021
38,24,4408269
38,25,12255
38,26,15212
38,27,15189
38,28,13921
38,29,33039
38,30,21784
38,31,12627
38,32,102136
38,33,11062
38,34,58786
38,35,7252
38,36,10619
38,37,7284
38,39,11047
38,40,15089
38,41,641758
38,42,8143
38,43,6560
38,44,13849
38,45,7288
38,46,8500
38,47,17785
38,48,6870
38,49,15777
38,50,43203
38,51,7292
38,52,17041
38,53,6669
38,54,60959
38,55,65071
38,56,6365
38,57,3382036
38,58,12812
38,59,14017
38,60,9647
38,61,48011
38,62,1091402
38,63,35256
38,64,8938
38,65,7741
38,66,7346
38,67,15904
38,68,8591
38,69,43060
38,70,10935
38,71,6730
38,72,101241
38,73,16896
38,74,11830
38,75,6639
38,76,8955
38,77,9252
38,78,11287
38,79,7657
38,80,23026
38,81,10768
38,82,355489
38,83,43376
38,84,308094
38,85,164061
38,86,12400
38,87,9205
38,88,28291
38,89,7329
38,90,9513
38,91,8725
38,92,90890
38,93,75117
38,94,8641
38,95,17315
38,96,7203
38,97,17200
38,98,6921
38,99,7204
38,100,41646
38,101,26539
38,102,81607
38,103,19291
38,104,50359
38,105,12626
38,106,81939
38,107,9538
38,108,94681
38,109,140112
38,110,17723
38,111,25654
38,112,6690
38,113,900041
38,114,8026
38,115,8461
38,116,12745
38,117,28519
38,118,10533
38,119,92294
38,120,55870
38,121,26168
38,122,25775
38,123,14596
38,124,85882
38,125,97506
38,126,33186
38,127,23705
39,0,9429
39,1,8258
39,2,1009569
39,3,11246
39,4,15925
39,5,277531
39,6,12996
39,7,710408
39,8,24435
39,9,182930
39,10,7821
39,11,9174
39,12,93735
39,13,18452
39,14,28052
39,15,28707
39,16,10381
39,17,19033
39,18,13826
39,19,21715
39,20,54092
39,21,11925
39,22,19014
39,23,12242
39,24,9390
39,25,8573
39,26,249292
39,27,12750
39,28,292843
39,29,24513
39,30,13095
39,31,23011
39,32,8555
39,33,45792
39,34,300671
39,35,7709
39,36,547065
39,37,7768
39,38,40628
39,40,7783
39,41,11391
39,42,10589
39,43,144609
39,44,16427
39,45,53946
39,46,6644
39,47,16407
39,48,106239
39,49,9022
39,50,94417
39,51,14101
39,52,6790
39,53,230819
39,54,8189
39,55,47119
39,56,7372
39,57,9382
39,58,51625
39,59,8977
39,60,6437
39,61,283690
39,62,1240661
39,63,46642
39,64,23203
39,65,10544
39,66,140214
39,67,19062
39,68,16268
39,69,7851
39,70,8587
39,71,12967
39,72,14085
39,73,6680
39,74,22122
39,75,50769
39,76,27768
39,77,14934
39,78,12332
39,79,15227
39,80,18546
39,81,1150037
39,82,9693
39,83,48476
39,84,64257
39,85,6422
39,86,27037
39,87,32884
39,88,14303
39,89,11567
39,90,14774
39,91,12004
39,92,8929
39,93,11955
39,94,10336
39,95,7423
39,96,6874
39,97,8379
39,98,15348
39,99,227809
39,100,10826
39,101,20241
39,102,9101
39,103,7758738
39,104,7181
39,105,63161
39,106,12114
39,107,11641
39,108,7987
39,109,9337
39,110,8206
39,111,18602
39,112,6672
39,113,14863
39,114,14888
39,115,78989
39,116,8130
39,117,92142
39,118,7943
39,119,14658
39,120,7206
39,121,19036
39,122,7138
39,123,15022
39,124,7120
39,125,6973
39,126,26406
39,127,10254
40,0,8470
40,1,7726
40,2,10685
40,3,9508042
40,4,6394
40,5,25884
40,6,55023
40,7,10394
40,8,55563
40,9,4107088
40,10,12598
40,11,27782
40,12,32748
40,13,101004
40,14,13858
40,15,24806
40,16,7161
40,17,7940
40,18,13180
40,19,13869
40,20,23559
40,21,7937
40,22,47772
40,23,254436
40,24,12873
40,25,27892
40,26,66135
40,27,19691
40,28,51528
40,29,14842
40,30,3838706
40,31,110555
40,32,22911
40,33,28087
40,34,2220251
40,35,8639
40,36,29440
40,37,8799
40,38,66900
40,39,8837
40,41,12653
40,42,10904
40,43,30718
40,44,814690
40,45,11167
40,46,10934
40,47,8221
40,48,13043
40,49,28911
40,50,6780
40,51,8559
40,52,380421
40,53,17671
40,54,8085
40,55,135457
40,56,10896
40,57,7647
40,58,18171
40,59,137209
40,60,40994
40,61,11199
40,62,8445
40,63,38229
40,64,6338
40,65,168395
40,66,72800
40,67,70696
40,68,6029200
40,69,8280
40,70,11862
40,71,401246
40,72,110008
40,73,8976
40,74,43089
40,75,14653
40,76,22312
40,77,7811
40,78,16956
40,79,14892
40,80,10568
40,81,9193
40,82,76956
40,83,7133
40,84,11051
40,85,80341
40,86,11500
40,87,309998
40,88,21620
40,89,40603
40,90,46707
40,91,11053
40,92,243294
40,93,6797
40,94,26712
40,95,11529
40,96,7556
40,97,7997
40,98,18086
40,99,7671
40,100,667010
40,101,7901
40,102,17623
40,103,16467
40,104,20319
40,105,11494
40,106,9650
40,107,8897
40,108,14772
40,109,56380
40,110,25333
40,111,8702
40,112,10681
40,113,374576
40,114,8030
40,115,16522
40,116,6458
40,117,18321
40,118,15550
40,119,14110
40,120,6494
40,121,24603
40,122,14559
40,123,155083
40,124,8933
40,125,7486
40,126,17700
40,127,12380
41,0,29036
41,1,10144
41,2,7635
41,3,9675
41,4,16857
41,5,9399
41,6,9428
41,7,19158
41,8,8005
41,9,23228
41,10,18869
41,11,15955
41,12,25630
41,13,15652
41,14,7425
41,15,18448
41,16,7494
41,17,35794
41,18,23864
41,19,21281
41,20,2617714
41,21,7368
41,22,69954
41,23,8317
41,24,75226
41,25,74651
41,26,67589
41,27,10495
41,28,15542
41,29,13908
41,30,69413
41,31,32506
41,32,8922
41,33,13962
41,34,14273
41,35,120514
41,36,17969
41,37,8104
41,38,18613
41,39,8091
41,40,78832
41,42,10604
41,43,7932
41,44,45229
41,45,116432
41,46,409017
41,47,33428
41,48,39466
41,49,1946352
41,50,29222
41,51,318613
41,52,7593
41,53,9744
41,54,6526
41,55,53248
41,56,12744517
41,57,63323
41,58,25421
41,59,68973
41,60,35523
41,61,10166
41,62,7964
41,63,55804
41,64,23331
41,65,6982
41,66,24653
41,67,12724
41,68,82737
41,69,7587
41,70,44647
41,71,5260135
41,72,6336
41,73,43046
41,74,91487
41,75,6511
41,76,6596
41,77,7018
41,78,283031
41,79,21638
41,80,15584
41,81,10324
41,82,6860
41,83,9981
41,84,197859
41,85,7493
41,86,6829
41,87,59537
41,88,7402
41,89,9410
41,90,16992
41,91,12674
41,92,104465
41,93,7245
41,94,12831
41,95,102076
41,96,34346
41,97,57470
41,98,10640
41,99,108995
41,100,11915
41,101,8875
41,102,7380
41,103,14929
41,104,476685
41,105,43246
41,106,38476
41,107,484634
41,108,17479
41,109,1276239
41,110,7034
41,111,7778
41,112,12818
41,113,7307
41,114,13531
41,115,41985
41,116,9676
41,117,17514
41,118,56425
41,119,88944
41,120,16482
41,121,7029
41,122,15764
41,123,87903
41,124,8378
41,125,45307
41,126,125345
41,127,23700
42,0,6683
42,1,14608
42,2,14549
42,3,36616
42,4,8439
42,5,947240
42,6,8666
42,7,9518
42,8,8299
42,9,10263
42,10,9199
42,11,8842
42,12,14079
42,13,826320
42,14,21316
42,15,7295
42,16,8825
42,17,10813
42,18,12631
42,19,5134063
42,20,2112752
42,21,12837
42,22,6363
42,23,18641
42,24,7401
42,25,54873
42,26,20729
42,27,9054
42,28,21711
42,29,210241
42,30,132898
42,31,194116
42,32,125261
42,33,13379
42,34,379347
42,35,28852
42,36,56358
42,37,42748
42,38,13381
42,39,12450
42,40,7898
42,41,7984
42,43,9413
42,44,94259
42,45,13401
42,46,12517
42,47,274379
42,48,11249
42,49,9245
42,50,128808
42,51,14705
42,52,144717
42,53,69986
42,54,8693
42,55,7045
42,56,19318
42,57,3149735
42,58,92804
42,59,23982
42,60,8543
42,61,83077
42,62,9228
42,63,37346
42,64,110968
42,65,6466
42,66,13246
42,67,14627
42,68,79422
42,69,18358
42,70,795905
42,71,8590
42,72,11976
42,73,46399
42,74,43842
42,75,10469
42,76,96897
42,77,30229
42,78,12302
42,79,9235
42,80,10479
42,81,30340
42,82,33692
42,83,8339
42,84,19243
42,85,6999
42,86,24983
42,87,10718
42,88,8601
42,89,25012
42,90,23859
42,91,6440
42,92,18393
42,93,11375
42,94,26431
42,95,20666
42,96,71023
42,97,8134
42,98,95321
42,99,12942
42,100,19591
42,101,13899
42,102,30048
42,103,92702
42,104,7685
42,105,57585
42,106,6406
42,107,7426
42,108,9769
42,109,10519
42,110,20512
42,111,9486
42,112,18808
42,113,27435
42,114,7055
42,115,33353
42,116,8705
42,117,20533
42,118,24586
42,119,7318
42,120,36239
42,121,9104
42,122,8618
42,123,97898
42,124,10510
42,125,105030061
42,126,25799
42,127,8361
43,0,19000
43,1,84856
43,2,66048
43,3,26488
43,4,12689
43,5,897784
43,6,168811
43,7,9686
43,8,93423
43,9,32240
43,10,12378660
43,11,11442
43,12,519660
43,13,45509
43,14,8457
43,15,9530
43,16,12264
43,17,45619
43,18,1519849
43,19,21848
43,20,6861
43,21,8873
43,22,27228
43,23,17755
43,24,10664
43,25,75771
43,26,8157
43,27,9419
43,28,6984
43,29,325131
43,30,8855
43,31,14566
43,32,20520
43,33,22460
43,34,6859
43,35,19102
43,36,7959
43,37,120118
43,38,69698
43,39,25522
43,40,88469
43,41,36605
43,42,12052
43,44,41849
43,45,37744
43,46,23470
43,47,15812
43,48,23590
43,49,84548
43,50,19914
43,51,120197
43,52,15017
43,53,18927
43,54,6443
43,55,87857
43,56,59147
43,57,11102
43,58,20380
43,59,32319
43,60,7139
43,61,105791
43,62,29110
43,63,8923
43,64,69035
43,65,8193
43,66,7052
43,67,6616
43,68,13502
43,69,6442
43,70,7543
43,71,16869
43,72,6895
43,73,11832
43,74,9455
43,75,16542
43,76,15809
43,77,95107
43,78,8191
43,79,57841
43,80,6767
43,81,45478
43,82,660206
43,83,17111
43,84,10625
43,85,12545
43,86,7439
43,87,564270
43,88,12537
43,89,15866
43,90,31103
43,91,15724
43,92,7625
43,93,21890
43,94,491154
43,95,79028
43,96,10198
43,97,21312
43,98,19564
43,99,328475
43,100,11028
43,101,409625
43,102,9624229
43,103,20229
43,104,45090
43,105,25350
43,106,32479
43,107,10643
43,108,137801
43,109,425335
43,110,70372
43,111,14660
43,112,11924
43,113,13564
43,114,11937
43,115,6591
43,116,15834
43,117,311150
43,118,31295
43,119,27402
43,120,7824
43,121,9876
43,122,1133232
43,123,9757
43,124,10282
43,125,7336
43,126,8510
43,127,491979
44,0,86426
44,1,9831
44,2,24292
44,3,7365
44,4,7095
44,5,1195730
44,6,55065
44,7,21516
44,8,15134
44,9,23315
44,10,21197
44,11,104092
44,12,7231
44,13,17973
44,14,6787
44,15,13316
44,16,42260
44,17,30791
44,18,99777
44,19,6809
44,20,76919
44,21,7639
44,22,9083
44,23,252793
44,24,558096
44,25,16577
44,26,8776
44,27,11885
44,28,7700
44,29,7263
44,30,9657
44,31,41377
44,32,8513
44,33,50488
44,34,35472
44,35,11085
44,36,9385
44,37,10893
44,38,10636
44,39,10588
44,40,71056
44,41,16154
44,42,41007
44,43,15280
44,45,8246
44,46,16076
44,47,28670
44,48,50844
44,49,11597
44,50,64986
44,51,10742
44,52,21697
44,53,6734
44,54,115171
44,55,12961
44,56,3864212
44,57,14253
44,58,208056
44,59,1890478
44,60,46871
44,61,15571
44,62,30783
44,63,21765
44,64,6785
44,65,45540
44,66,9350
44,67,75370
44,68,4896522
44,69,10973
44,70,18687
44,71,75262
44,72,8767
44,73,61913
44,74,6529
44,75,719654
44,76,27043
44,77,7442080
44,78,10366
44,79,6848
44,80,23501
44,81,29861
44,82,26305
44,83,82907
44,84,12497
44,85,9029
44,86,8054
44,87,24693
44,88,212464
44,89,26945
44,90,23945
44,91,15576
44,92,62758
44,93,15871
44,94,8789
44,95,46593
44,96,14092
44,97,26368
44,98,6413
44,99,16682
44,100,6376
44,101,502065
44,102,127578
44,103,7188
44,104,25409
44,105,45059
44,106,12348
44,107,6398
44,108,18532
44,109,47704
44,110,9548
44,111,16382
44,112,268250
44,113,144181
44,114,7087
44,115,6969
44,116,9821
44,117,35627
44,118,11549
44,119,16724
44,120,9689
44,121,19209
44,122,7092
44,123,8625
44,124,26731
44,125,71419
44,126,17626
44,127,73628
45,0,17485
45,1,6421
45,2,67923
45,3,49681
45,4,228728
45,5,49772
45,6,7673
45,7,10261
45,8,81113
45,9,16082
45,10,16878
45,11,25909
45,12,135649
45,13,9062
45,14,8114
45,15,9201
45,16,8696
45,17,9259
45,18,57309
45,19,43492
45,20,13080
45,21,9132
45,22,27368
45,23,11929
45,24,10421
45,25,19419
45,26,23907
45,27,61061
45,28,14282
45,29,27129
45,30,9446
45,31,76620
45,32,7717
45,33,7873
45,34,9923
45,35,6388
45,36,7078
45,37,8473
45,38,6815
45,39,146674
45,40,17148
45,41,11858
45,42,19442
45,43,11959
45,44,189643
45,46,10889
45,47,526062
45,48,15072
45,49,19088
45,50,9872
45,51,7750
45,52,11508
45,53,7752
45,54,6403
45,55,90791
45,56,45136
45,57,84592
45,58,19851
45,59,303974
45,60,80220
45,61,52327
45,62,18046
45,63,27920
45,64,7576
45,65,20738
45,66,7275
45,67,27659
45,68,13804
45,69,403610
45,70,102923
45,71,45152
45,72,11733
45,73,12073
45,74,1072956
45,75,39503
45,76,75407
45,77,7654
45,78,28206
45,79,95214
45,80,48424
45,81,19457
45,82,11164
45,83,12936
45,84,257777
45,85,9309
45,86,16947
45,87,15139
45,88,9237
45,89,15423
45,90,7810
45,91,4193754
45,92,4973631
45,93,10362
45,94,152348
45,95,21820
45,96,33892
45,97,322252
45,98,1793542
45,99,88374
45,100,34084
45,101,12820
45,102,275318
45,103,6361
45,104,9457
45,105,12578
45,106,13045
45,107,9936
45,108,26577
45,109,27591
45,110,64535
45,111,9099
45,112,68137
45,113,26450
45,114,8019
45,115,6439
45,116,12128
45,117,218091
45,118,122931
45,119,22782
45,120,37721
45,121,142488
45,122,12366
45,123,70991
45,124,13936
45,125,92498
45,126,8965
45,127,35012137
46,0,8041
46,1,25576
46,2,44093
46,3,145148
46,4,26501
46,5,17256
46,6,836223
46,7,29342
46,8,12267
46,9,12253
46,10,11136
46,11,13882
46,12,626619
46,13,7985
46,14,63952
46,15,26355
46,16,9762
46,17,12494
46,18,8010
46,19,13148
46,20,37425
46,21,7333
46,22,116059
46,23,45245
46,24,6615
46,25,97118
46,26,718099
46,27,105156
46,28,27208
46,29,27017
46,30,11644
46,31,18417
46,32,27878
46,33,15676
46,34,114368
46,35,13141
46,36,93787
46,37,26673
46,38,11166
46,39,7409
46,40,6856
46,41,7144
46,42,37904
46,43,52170
46,44,17378
46,45,13647
46,47,9226
46,48,7099
46,49,21597
46,50,14454
46,51,15451
46,52,11604
46,53,7358
46,54,6930
46,55,147669
46,56,27321
46,57,21570
46,58,13639
46,59,9219
46,60,11530
46,61,23173
46,62,68817
46,63,6947
46,64,25386
46,65,13749
46,66,7627
46,67,8434
46,68,10058
46,69,73247
46,70,7604
46,71,37459
46,72,12192
46,73,7501
46,74,8940
46,75,8978
46,76,8012
46,77,21876
46,78,11306
46,79,7847
46,80,10304
46,81,21303
46,82,14136
46,83,9622
46,84,246132
46,85,29915
46,86,21899
46,87,201163
46,88,10073
46,89,36703
46,90,8152
46,91,56807
46,92,280097092
46,93,30484
46,94,25469
46,95,87997
46,96,18083
46,97,48045
46,98,7496
46,99,10915
46,100,13454
46,101,12567
46,102,36303
46,103,20771
46,104,1052084
46,105,299222
46,106,15433
46,107,8121
46,108,1317808
46,109,31045
46,110,6812
46,111,48913
46,112,10909
46,113,8841
46,114,8995
46,115,7841
46,116,7842
46,117,269155
46,118,6727
46,119,212668
46,120,437958
46,121,8547
46,122,25769
46,123,30947
46,124,38512
46,125,17166
46,126,67832
46,127,54154
47,0,12423
47,1,12737
47,2,28882
47,3,76064
47,4,174968
47,5,8301
47,6,42219
47,7,20912
47,8,12773
47,9,329319
47,10,12352
47,11,10483
47,12,18093
47,13,37516
47,14,153290
47,15,8960641
47,16,7696
47,17,7191
47,18,7011
47,19,11458
47,20,17176
47,21,97395
47,22,7375
47,23,7038
47,24,21171
47,25,7973
47,26,7877
47,27,11720
47,28,46675
47,29,9425
47,30,67378
47,31,10949
47,32,14114
47,33,7417
47,34,33475
47,35,9405
47,36,9364
47,37,35596
47,38,9902
47,39,7394
47,40,88753
47,41,10540
47,42,17275
47,43,85166
47,44,16571
47,45,8701
47,46,10976
47,48,7016
47,49,111523
47,50,4934825
47,51,15217
47,52,7664
47,53,455546
47,54,7663
47,55,7993
47,56,146784
47,57,14442
47,58,1800702
47,59,7575
47,60,22753
47,61,14507
47,62,18003
47,63,9254
47,64,32766
47,65,14995
47,66,22956
47,67,89183
47,68,8047
47,69,46740
47,70,61575
47,71,12862
47,72,153409
47,73,11667
47,74,15877
47,75,35931
47,76,44845
47,77,15392
47,78,57240
47,79,31506
47,80,12023
47,81,15713
47,82,138497
47,83,11907
47,84,13993
47,85,34132
47,86,9281
47,87,8575
47,88,20557
47,89,7035
47,90,14061
47,91,45167
47,92,15587
47,93,5217543
47,94,404802
47,95,15915
47,96,6457
47,97,41767
47,98,86883
47,99,312697
47,100,50119
47,101,261191
47,102,36410
47,103,7783
47,104,79740
47,105,6516
47,106,118405
47,107,49286
47,108,80462
47,109,6575
47,110,12001
47,111,29947
47,112,7996
47,113,12711
47,114,69161
47,115,9222
47,116,38714
47,117,21834
47,118,54915
47,119,12276
47,120,357421
47,121,11044
47,122,56492
47,123,41165
47,124,6550
47,125,11486
47,126,15377
47,127,10551
48,0,17397
48,1,151765
48,2,61705
48,3,25588
48,4,14636
48,5,11402
48,6,18127
48,7,81154
48,8,3009239
48,9,9447
48,10,6380
48,11,86608
48,12,6508
48,13,38702
48,14,12074
48,15,8945
48,16,31095
48,17,6675
48,18,805206
48,19,23758
48,20,72222
48,21,8499
48,22,12971
48,23,6852
48,24,7059
48,25,448372
48,26,191001
48,27,8954
48,28,29200
48,29,34055
48,30,64424
48,31,11007
48,32,306210
48,33,555051
48,34,6949
48,35,7438
48,36,90152
48,37,15282
48,38,7007
48,39,60378
48,40,69858
48,41,28476
48,42,24336
48,43,55892
48,44,61965
48,45,6685
48,46,8669
48,47,29699
48,49,16569
48,50,17179
48,51,7770
48,52,46351
48,53,7535
48,54,4641717
48,55,8039
48,56,8562
48,57,33978
48,58,20217
48,59,10139
48,60,14634
48,61,35804
48,62,8187
48,63,11075
48,64,48808
48,65,9837
48,66,26205
48,67,8762
48,68,9664
48,69,434576
48,70,34672
48,71,83505
48,72,26971
48,73,7749
48,74,19718
48,75,6364
48,76,11176
48,77,12418
48,78,10790
48,79,10617
48,80,36454
48,81,28533
48,82,332735
48,83,11428
48,84,77789
48,85,4607120
48,86,51721
48,87,19776
48,88,7934
48,89,10285
48,90,2817198
48,91,356453
48,92,85344
48,93,12765
48,94,109062
48,95,73908
48,96,8703
48,97,10089
48,98,1393867
48,99,148339
48,100,12066
48,101,11143
48,102,11769
48,103,14015
48,104,31303
48,105,121391
48,106,12129
48,107,9922
48,108,18198
48,109,496979
48,110,389760
48,111,25251
48,112,506369
48,113,36835
48,114,29653
48,115,3553258
48,116,8876
48,117,19985
48,118,11330
48,119,12519
48,120,11773
48,121,28242
48,122,26174
48,123,17492
48,124,15703
48,125,7175
48,126,10069
48,127,22916
49,0,83634
49,1,33541
49,2,25451
49,3,47185
49,4,11596
49,5,40641
49,6,25939
49,7,9453
49,8,418301
49,9,51108
49,10,91889
49,11,82357
49,12,11488
49,13,23886
49,14,8106
49,15,9881
49,16,8615
49,17,35679
49,18,13322
49,19,1408050
49,20,7630
49,21,12467
49,22,11300
49,23,6609
49,24,7789
49,25,17435
49,26,65642
49,27,1653480
49,28,11585
49,29,17587
49,30,10830
49,31,84154
49,32,133553
49,33,11538
49,34,19989
49,35,33863
49,36,13354
49,37,487062
49,38,49501
49,39,12707
49,40,38008
49,41,31212
49,42,72188
49,43,76323
49,44,41205
49,45,144932
49,46,7022
49,47,5820107
49,48,16566
49,50,19472
49,51,16917
49,52,14357
49,53,7909
49,54,6570
49,55,14686
49,56,16848
49,57,458469
49,58,14803
49,59,16280
49,60,22946
49,61,28469
49,62,9449
49,63,9251
49,64,59220
49,65,30881
49,66,11717
49,67,35910
49,68,8967
49,69,75552
49,70,30189
49,71,22876
49,72,8831
49,73,19664
49,74,28143
49,75,7136
49,76,7625
49,77,80300
49,78,6522
49,79,20092
49,80,29768
49,81,46855
49,82,77675
49,83,14271
49,84,8144
49,85,15766
49,86,8652
49,87,8279
49,88,10000
49,89,26463
49,90,8634
49,91,25374
49,92,7739
49,93,11875
49,94,1296746
49,95,15687
49,96,33437
49,97,36649
49,98,9535
49,99,35773
49,100,21246
49,101,31684
49,102,3739432
49,103,6699
49,104,27823
49,105,6737
49,106,11163
49,107,21945026
49,108,14326
49,109,7514
49,110,10265
49,111,1139904
49,112,24491
49,113,12377
49,114,30588
49,115,17331
49,116,9508
49,117,1232979
49,118,82779
49,119,8682
49,120,22610
49,121,112012
49,122,12541
49,123,12771
49,124,251978
49,125,26274
49,126,48268
49,127,27248
50,0,11400
50,1,20044
50,2,20780
50,3,7469
50,4,84724
50,5,111037
50,6,13234
50,7,25309
50,8,70050
50,9,14208
50,10,8540
50,11,27789
50,12,15166
50,13,1244532
50,14,10120
50,15,14622
50,16,6566
50,17,18747
50,18,102377
50,19,10153
50,20,4283512
50,21,49197
50,22,92041
50,23,6544
50,24,38382
50,25,24715
50,26,16007
50,27,8537
50,28,12470
50,29,17943
50,30,10645765
50,31,19247
50,32,50137
50,33,30653
50,34,212260
50,35,7276
50,36,8243
50,37,17681
50,38,18697
50,39,113430
50,40,10899
50,41,11814
50,42,11954
50,43,258623
50,44,12986
50,45,11114
50,46,30284
50,47,10160
50,48,107145
50,49,7203
50,51,19117
50,52,7129
50,53,29954
50,54,6626
50,55,58906
50,56,21032
50,57,197497
50,58,24074
50,59,7033
50,60,13224
50,61,83677
50,62,113144
50,63,8817
50,64,24863
50,65,6574
50,66,23998
50,67,23449
50,68,11518
50,69,6913
50,70,65413
50,71,121471
50,72,11336
50,73,31822
50,74,7891
50,75,6512
50,76,7549
50,77,6396
50,78,11502
50,79,67862
50,80,6491
50,81,9158
50,82,28455
50,83,10489
50,84,429914
50,85,26494
50,86,50787
50,87,9814
50,88,21062
50,89,11441
50,90,370933
50,91,72154
50,92,9832
50,93,14132
50,94,50229
50,95,40836
50,96,106561
50,97,6582
50,98,14484
50,99,22274
50,100,35846
50,101,10922
50,102,87950
50,103,11079
50,104,38500
50,105,223082
50,106,9473
50,107,68507
50,108,17163
50,109,27748
50,110,8469
50,111,85747
50,112,31813
50,113,22264
50,114,21307
50,115,109196
50,116,8195
50,117,8858
50,118,727513
50,119,15742
50,120,8348
50,121,14121
50,122,20413
50,123,35297
50,124,19303
50,125,14662
50,126,10710
50,127,9939
51,0,7764
51,1,53677
51,2,49936
51,3,18676
51,4,13123
51,5,128631
51,6,38288
51,7,29058
51,8,128985
51,9,36443
51,10,15994
51,11,23418
51,12,3341370
51,13,13186
51,14,18147
51,15,14002
51,16,21756
51,17,23833
51,18,179952
51,19,32577
51,20,70275
51,21,9781
51,22,8062
51,23,79107
51,24,8414
51,25,2293500
51,26,7226
51,27,39343
51,28,6736
51,29,16989
51,30,6781
51,31,15519
51,32,11019
51,33,6441
51,34,8057
51,35,24817
51,36,15101
51,37,9214
51,38,23117
51,39,12020
51,40,24530
51,41,63080
51,42,34454
51,43,210441
51,44,11492
51,45,17565
51,46,18191
51,47,35721
51,48,81359
51,49,8864
51,50,34200
51,52,15272
51,53,32381
51,54,12183
51,55,40863
51,56,26841
51,57,6486
51,58,7483
51,59,6475
51,60,30396
51,61,23362
51,62,695431
51,63,15684
51,64,18133
51,65,6640
51,66,18815
51,67,11756
51,68,7363
51,69,79264
51,70,15480
51,71,9335
51,72,1079046
51,73,7694
51,74,6523
51,75,16703
51,76,32622
51,77,18884
51,78,39429
51,79,38159
51,80,9052
51,81,27261
51,82,12888
51,83,10105
51,84,9310
51,85,68910
51,86,10389
51,87,8589
51,88,101597
51,89,8991
51,90,181353
51,91,9096
51,92,11379799
51,93,64312
51,94,461424
51,95,8529
51,96,22951
51,97,13518
51,98,7546
51,99,13473
51,100,9451
51,101,155931
51,102,39727
51,103,14054
51,104,33796
51,105,8131
51,106,8137
51,107,17219
51,108,24139
51,109,62360
51,110,24519
51,111,790409
51,112,100886
51,113,52130
51,114,19310
51,115,656179
51,116,21908
51,117,1906166
51,118,10901
51,119,10233
51,120,9437
51,121,23843
51,122,9133
51,123,13479
51,124,9065853
51,125,30213
51,126,16249
51,127,13999
52,0,43333
52,1,13988
52,2,9869
52,3,290080
52,4,19870
52,5,14396
52,6,121954
52,7,13633
52,8,14547
52,9,7097
52,10,8341
52,11,40745
52,12,22188
52,13,26149
52,14,6548291
52,15,23923
52,16,14139
52,17,13174
52,18,1004117
52,19,15049
52,20,7375
52,21,6899
52,22,11151
52,23,7248
52,24,6462
52,25,554042
52,26,31337
52,27,539268
52,28,187140
52,29,7720
52,30,7719
52,31,8567
52,32,27564
52,33,6897
52,34,8675
52,35,10992
52,36,18876
52,37,294944
52,38,9846
52,39,12135
52,40,27455
52,41,152700
52,42,9791
52,43,6556
52,44,7680
52,45,19446
52,46,70501
52,47,16983
52,48,5391452
52,49,7434
52,50,386974
52,51,43768
52,53,16385
52,54,10219
52,55,407805
52,56,1472384
52,57,12672
52,58,15413
52,59,69445
52,60,38043
52,61,18303
52,62,13745
52,63,8315
52,64,59099
52,65,6515
52,66,10613
52,67,13956
52,68,10532
52,69,414546
52,70,15689
52,71,11004
52,72,10117
52,73,9495
52,74,6566
52,75,8960
52,76,11743
52,77,19404
52,78,296714
52,79,11278
52,80,341988
52,81,6793
52,82,25666
52,83,6817
52,84,55541
52,85,35920
52,86,6601
52,87,56830
52,88,13407
52,89,6409
52,90,21843
52,91,255264
52,92,11003
52,93,37403
52,94,11307
52,95,14030
52,96,39814
52,97,13568
52,98,32161
52,99,109736
52,100,38882
52,101,34801
52,102,7497
52,103,62651
52,104,7499
52,105,27604
52,106,7174
52,107,23522
52,108,15647
52,109,21215
52,110,25933
52,111,21023
52,112,293890
52,113,54596
52,114,21615
52,115,8306
52,116,16162
52,117,14276
52,118,41218
52,119,65873
52,120,87810
52,121,12702
52,122,10665
52,123,23455
52,124,13489
52,125,8510
52,126,10545
52,127,6606
53,0,376684
53,1,10521
53,2,18697476
53,3,86063
53,4,23880
53,5,18053
53,6,73040
53,7,38738
53,8,12331
53,9,20985
53,10,8400
53,11,37789
53,12,10106
53,13,194292
53,14,16176
53,15,13469
53,16,19614
53,17,33466
53,18,102741
53,19,932655
53,20,10991
53,21,7916
53,22,16356
53,23,8181
53,24,7101
53,25,24659
53,26,8097
53,27,6553
53,28,29516
53,29,247968
53,30,53147
53,31,7415
53,32,8056
53,33,18690
53,34,115688
53,35,14203
53,36,8506
53,37,8671
53,38,13734
53,39,6712
53,40,9318
53,41,12748
53,42,10799
53,43,18891
53,44,2847764
53,45,99144
53,46,10850
53,47,88611
53,48,315434
53,49,20499
53,50,16393
53,51,21356
53,52,16010
53,54,6353
53,55,12384
53,56,6858
53,57,31472
53,58,13471
53,59,147336
53,60,8577
53,61,16908
53,62,503779
53,63,19843
53,64,7979
53,65,99029277
53,66,7330
53,67,64368
53,68,24738
53,69,20882
53,70,19106
53,71,47368
53,72,15249
53,73,71819
53,74,21058
53,75,21702
53,76,10700
53,77,6904
53,78,19823
53,79,9338
53,80,12207
53,81,10280
53,82,10342
53,83,18184
53,84,117792
53,85,2013657
53,86,9004
53,87,32875
53,88,7467
53,89,26654
53,90,10346
53,91,9314
53,92,173795
53,93,7933
53,94,9322
53,95,21250
53,96,13242
53,97,23811
53,98,25024
53,99,112223
53,100,6636
53,101,6869
53,102,8570
53,103,10639
53,104,8102
53,105,73873
53,106,5436443
53,107,7867
53,108,102619
53,109,7868
53,110,159025
53,111,31540
53,112,10852
53,113,143436
53,114,1564223
53,115,7293
53,116,9283
53,117,9182
53,118,10238
53,119,17096
53,120,9498
53,121,10956
53,122,211448
53,123,9649
53,124,19629
53,125,17913
53,126,19645
53,127,13504
54,0,47637
54,1,36346
54,2,41498
54,3,20616
54,4,34811
54,5,7550
54,6,11551
54,7,7524
54,8,32488
54,9,328897
54,10,32399
54,11,11477
54,12,35482
54,13,9503
54,14,13747
54,15,7413
54,16,8748
54,17,14179
54,18,15336
54,19,7042
54,20,136425
54,21,7568
54,22,24063
54,23,52072
54,24,7669
54,25,9304
54,26,63650
54,27,10350
54,28,52684
54,29,220238
54,30,22542
54,31,9489
54,32,14185
54,33,770791
54,34,223970
54,35,6822
54,36,52565
54,37,48165
54,38,52784
54,39,8120
54,40,10709
54,41,11882
54,42,6954
54,43,6375
54,44,14844
54,45,9717
54,46,37652
54,47,6357
54,48,44286
54,49,7532
54,50,10786147
54,51,77523
54,52,21228
54,53,102317
54,55,24079
54,56,6783
54,57,19878
54,58,8934
54,59,24281
54,60,7005
54,61,105855
54,62,154122
54,63,110418
54,64,154242
54,65,10827
54,66,25499
54,67,7523
54,68,89088
54,69,14617
54,70,18570
54,71,21561
54,72,22137
54,73,14415
54,74,20920
54,75,11678
54,76,6427
54,77,24458
54,78,12422
54,79,8389
54,80,34181
54,81,13282
54,82,27523
54,83,151069
54,84,198221
54,85,8688
54,86,206102
54,87,48755
54,88,22441
54,89,16505
54,90,28678
54,91,7167
54,92,1136560
54,93,15104
54,94,20633
54,95,27241
54,96,20963
54,97,10445
54,98,17844
54,99,25726
54,100,241516
54,101,7711
54,102,12574
54,103,99488
54,104,6933
54,105,42904
54,106,16005
54,107,20980
54,108,56966
54,109,15666
54,110,32021
54,111,377214
54,112,17665
54,113,34016
54,114,15958
54,115,6411
54,116,12443
54,117,231288
54,118,36335
54,119,13871
54,120,202098
54,121,22886
54,122,14813
54,123,6769
54,124,31153
54,125,7305
54,126,12611
54,127,9295
55,0,8926
55,1,9953
55,2,39902
55,3,6952
55,4,159151
55,5,187305378
55,6,40512
55,7,7923
55,8,164593
55,9,15820
55,10,10853
55,11,18130
55,12,14681
55,13,8021
55,14,13064
55,15,18382
55,16,10250
55,17,13721
55,18,22099
55,19,6937236
55,20,17733
55,21,51818
55,22,141137
55,23,20620
55,24,151998
55,25,8942
55,26,13052
55,27,15732
55,28,8452
55,29,19288
55,30,206880
55,31,11350
55,32,31608
55,33,7020
55,34,124504
55,35,12552
55,36,32012
55,37,206296
55,38,6419
55,39,224640
55,40,6714
55,41,13549
55,42,4641716752
55,43,18992
55,44,18120
55,45,8987
55,46,8740
55,47,41258
55,48,6701
55,49,13671
55,50,102197
55,51,54681
55,52,41351
55,53,61939
55,54,33578
55,56,46953
55,57,12483
55,58,11411
55,59,8245
55,60,7835
55,61,14902
55,62,7199
55,63,17620
55,64,13884
55,65,9892
55,66,11850
55,67,138099
55,68,140010
55,69,12260
55,70,20060
55,71,16120
55,72,721215
55,73,294592
55,74,44708
55,75,19040
55,76,16768
55,77,40771
55,78,7338
55,79,7673
55,80,12033
55,81,47235
55,82,47874
55,83,21141
55,84,6619
55,85,25751
55,86,416416
55,87,16845
55,88,30832
55,89,15521
55,90,7187
55,91,33503
55,92,6617
55,93,54469
55,94,10671
55,95,42594
55,96,19683
55,97,18362
55,98,22996
55,99,8055
55,100,7169
55,101,6522
55,102,6479
55,103,58239
55,104,320626
55,105,13779
55,106,8285
55,107,90446
55,108,834227
55,109,6530
55,110,134025
55,111,279452
55,112,128454
55,113,7097
55,114,70631
55,115,6873
55,116,17600
55,117,16563
55,118,12510
55,119,53781
55,120,16595
55,121,10088
55,122,29753
55,123,142803
55,124,15318
55,125,7775
55,126,6497
55,127,8686
56,0,11111
56,1,11096
56,2,10745
56,3,12718
56,4,8022
56,5,55108
56,6,79819
56,7,39270
56,8,136718
56,9,5093155
56,10,7340
56,11,15144
56,12,8612
56,13,11485
56,14,18473
56,15,14470
56,16,11301
56,17,50600
56,18,19499
56,19,6592
56,20,8654
56,21,11023
56,22,21743
56,23,8319
56,24,6972
56,25,19051
56,26,18310
56,27,6627
56,28,18438
56,29,16715
56,30,9387
56,31,8125
56,32,75844
56,33,10488
56,34,225988708
56,35,27069
56,36,8663
56,37,13272
56,38,7119
56,39,22127
56,40,8468
56,41,17318
56,42,17837
56,43,17284
56,44,11097
56,45,571619
56,46,67109
56,47,177356
56,48,60756
56,49,13514
56,50,7393
56,51,16941
56,52,6756
56,53,41713
56,54,14026
56,55,13560
56,57,22827
56,58,6866
56,59,19503
56,60,157404
56,61,8105
56,62,112647
56,63,9035
56,64,11158
56,65,150264
56,66,95428
56,67,9312
56,68,17668
56,69,279774
56,70,304345
56,71,26387
56,72,8252
56,73,14150
56,74,16266
56,75,6906
56,76,139301
56,77,21175
56,78,8369
56,79,42890
56,80,52545
56,81,15673
56,82,11591
56,83,12059
56,84,23264
56,85,6571
56,86,974987
56,87,48738
56,88,6455
56,89,18658
56,90,15636467
56,91,20266
56,92,12683
56,93,37618
56,94,105346
56,95,6337
56,96,10806
56,97,309616
56,98,33030
56,99,10143
56,100,22976
56,101,7463
56,102,8059
56,103,29923
56,104,6696
56,105,169229
56,106,14762
56,107,9566
56,108,17749
56,109,17340
56,110,34602
56,111,6943
56,112,32739
56,113,12979
56,114,25427
56,115,36693
56,116,181981
56,117,9610
56,118,29207
56,119,269457
56,120,9529
56,121,2578019
56,122,18637
56,123,9247
56,124,79859
56,125,18913
56,126,15618
56,127,10438
57,0,8161
57,1,6674
57,2,11719
57,3,444855
57,4,13391
57,5,17381
57,6,9483
57,7,14123
57,8,7729
57,9,6426652
57,10,119334
57,11,68942
57,12,19344
57,13,8309
57,14,12459
57,15,8956
57,16,16195
57,17,2370867
57,18,88706
57,19,15449
57,20,1666022
57,21,23122
57,22,18480
57,23,298502
57,24,8106
57,25,6605
57,26,16485
57,27,20776
57,28,65671
57,29,23413
57,30,13076
57,31,26533
57,32,13772
57,33,129430
57,34,109669
57,35,163929
57,36,296004
57,37,22513
57,38,12445
57,39,6392
57,40,11466
57,41,9638
57,42,750298
57,43,17903
57,44,26162
57,45,7733
57,46,40243
57,47,13182
57,48,7606
57,49,634113
57,50,15376584
57,51,18769
57,52,14985
57,53,8462
57,54,111732
57,55,13562
57,56,12563
57,58,954676
57,59,30072
57,60,13940
57,61,48096
57,62,30412
57,63,8628
57,64,21097
57,65,468189
57,66,90939
57,67,12159
57,68,8796
57,69,33251
57,70,6431
57,71,6889
57,72,10823
57,73,23506
57,74,337088
57,75,9266
57,76,25327
57,77,17546
57,78,8783
57,79,289055
57,80,8160
57,81,34268
57,82,8407
57,83,53925
57,84,57401
57,85,29539
57,86,28426
57,87,8869
57,88,6694
57,89,1628863
57,90,6405
57,91,286687
57,92,7954
57,93,17259
57,94,101478
57,95,37414
57,96,24391
57,97,18427
57,98,8197
57,99,8832
57,100,299583
57,101,28685
57,102,679555
57,103,7235
57,104,70599
57,105,11134
57,106,14849
57,107,52664
57,108,6747
57,109,8326
57,110,23178
57,111,7168
57,112,7198
57,113,6664
57,114,28234
57,115,8549
57,116,31170
57,117,38276
57,118,11705
57,119,35328
57,120,15679
57,121,7974
57,122,11601
57,123,302131
57,124,66693
57,125,18080
57,126,20145
57,127,767311
58,0,25321
58,1,6956
58,2,52426
58,3,331447
58,4,17501
58,5,18787
58,6,6660
58,7,9964
58,8,9291
58,9,33749
58,10,6753
58,11,34288
58,12,204945
58,13,19348
58,14,21006
58,15,1938202
58,16,22723
58,17,55958
58,18,14837
58,19,18790
58,20,179336
58,21,21954
58,22,10536
58,23,7485
58,24,9645
58,25,24419
58,26,11470
58,27,44814
58,28,6789
58,29,11872
58,30,72425
58,31,217878
58,32,179489
58,33,195883
58,34,9532
58,35,13873
58,36,20376
58,37,8998
58,38,15953
58,39,323481
58,40,8081
58,41,82695
58,42,12869
58,43,17457
58,44,6533
58,45,9212
58,46,27989
58,47,365327
58,48,13405
58,49,14147
58,50,59586
58,51,24452
58,52,70469
58,53,64007
58,54,21480
58,55,47553
58,56,9581
58,57,964742
58,59,7720
58,60,15991
58,61,73281
58,62,22841
58,63,14181
58,64,111176
58,65,17334
58,66,282375
58,67,22151
58,68,17391
58,69,17752
58,70,6802
58,71,8588
58,72,31856
58,73,92091
58,74,420836
58,75,45260
58,76,6803401
58,77,8887
58,78,97562
58,79,12793
58,80,65327
58,81,155566
58,82,14466
58,83,2141196
58,84,11389
58,85,8263
58,86,6991
58,87,36562
58,88,11128
58,89,19150
58,90,636644
58,91,17632
58,92,48633
58,93,18606
58,94,54050
58,95,27462
58,96,6806
58,97,13618
58,98,14796
58,99,16598
58,100,155688
58,101,30758
58,102,23137
58,103,8563
58,104,10371
58,105,6871
58,106,9056
58,107,9490
58,108,13698
58,109,15825
58,110,9733
58,111,13532702
58,112,150608
58,113,11809
58,114,6546
58,115,8911
58,116,17409
58,117,10063
58,118,21476
58,119,6984
58,120,20343
58,121,13543
58,122,13854
58,123,8015
58,124,7994
58,125,17463
58,126,333166
58,127,50433
59,0,8287
59,1,36486
59,2,56202
59,3,98010
59,4,10472
59,5,214727
59,6,8383
59,7,12829
59,8,22359
59,9,29357
59,10,22422
59,11,6595
59,12,35669
59,13,94311
59,14,14561
59,15,9640
59,16,134785
59,17,43857
59,18,17185
59,19,260044
59,20,10683
59,21,10603
59,22,13216
59,23,20942
59,24,295296
59,25,6756
59,26,25805
59,27,6889
59,28,14360
59,29,25528
59,30,15727
59,31,6726
59,32,10228
59,33,10077
59,34,20025
59,35,60454
59,36,14145
59,37,334465
59,38,258058
59,39,15400
59,40,6572
59,41,24117
59,42,6722
59,43,83591
59,44,14815
59,45,9442
59,46,8215
59,47,13302
59,48,10229
59,49,7224
59,50,28874
59,51,13093
59,52,28305
59,53,12324
59,54,89908
59,55,13172
59,56,114951
59,57,22288
59,58,962209
59,60,14369
59,61,21400
59,62,9730
59,63,6607
59,64,44906
59,65,29103
59,66,7656
59,67,6710
59,68,17297
59,69,9796
59,70,8571
59,71,390321
59,72,14076
59,73,251437
59,74,7563
59,75,344710
59,76,6882
59,77,737135
59,78,16212
59,79,10035
59,80,285683
59,81,10101
59,82,137406
59,83,165395
59,84,13348
59,85,7711
59,86,19993
59,87,10498
59,88,10633
59,89,12195
59,90,9711
59,91,20282
59,92,40680
59,93,10511
59,94,16609
59,95,8530
59,96,37778
59,97,33048
59,98,20112
59,99,9613
59,100,9352
59,101,9150
59,102,7066
59,103,8492
59,104,22591
59,105,4345144
59,106,9135
59,107,9231
59,108,7002
59,109,13365
59,110,10189
59,111,17591
59,112,12080
59,113,90054
59,114,6632
59,115,105409
59,116,14877909
59,117,17322
59,118,735517
59,119,9110
59,120,6507
59,121,89665
59,122,12587
59,123,138999
59,124,67409
59,125,869284
59,126,15852
59,127,8481
60,0,322661
60,1,260617
60,2,72902
60,3,114150
60,4,10601
60,5,8865
60,6,24687
60,7,12692
60,8,53187
60,9,171629
60,10,9167
60,11,35441
60,12,10301
60,13,1284376
60,14,134976
60,15,48182
60,16,6738089
60,17,13170
60,18,46110
60,19,7830
60,20,7316
60,21,7454
60,22,48130
60,23,9999
60,24,26899
60,25,88849
60,26,6705
60,27,29761
60,28,7811
60,29,43608
60,30,130781
60,31,1898295
60,32,9450
60,33,9049
60,34,26628
60,35,21343
60,36,21927
60,37,249027
60,38,143968
60,39,6750
60,40,31362
60,41,41552
60,42,106432
60,43,24144
60,44,8153
60,45,9509
60,46,73978
60,47,15589
60,48,1447071
60,49,10151
60,50,24949
60,51,8209
60,52,224193
60,53,19378
60,54,7592
60,55,16404
60,56,9452
60,57,57981
60,58,6424
60,59,27927
60,61,10291
60,62,82610
60,63,7221
60,64,977577
60,65,8912
60,66,21816
60,67,32604
60,68,34612
60,69,30150
60,70,118713
60,71,10825
60,72,123837
60,73,50995
60,74,10855
60,75,9061
60,76,14591
60,77,222201
60,78,7559
60,79,42650
60,80,10713
60,81,35689
60,82,19886
60,83,11735
60,84,12220
60,85,8089
60,86,7349
60,87,12180
60,88,913782
60,89,13496
60,90,7106
60,91,50303
60,92,16618
60,93,23193
60,94,18455
60,95,260330
60,96,39258
60,97,156297
60,98,87484
60,99,76175
60,100,6967
60,101,22446
60,102,16115
60,103,11835
60,104,19660
60,105,11461
60,106,36228
60,107,25720
60,108,21656
60,109,45276
60,110,12301
60,111,18307
60,112,886641
60,113,22374
60,114,22141
60,115,44769
60,116,25733
60,117,6658
60,118,31839
60,119,7677496
60,120,7653
60,121,145799
60,122,7071
60,123,11088
60,124,12081
60,125,7020
60,126,148901
60,127,18338
61,0,57125
61,1,10434
61,2,6629
61,3,7481
61,4,18259
61,5,8311
61,6,11474
61,7,16257
61,8,17850
61,9,14119
61,10,6634
61,11,26381
61,12,14401
61,13,740390
61,14,742026
61,15,6589
61,16,17864
61,17,12162
61,18,11917
61,19,60328
61,20,7512
61,21,307716
61,22,9938
61,23,11353
61,24,35710
61,25,29486
61,26,236310
61,27,6900
61,28,7282
61,29,20637
61,30,25582
61,31,12709
61,32,36780
61,33,22807
61,34,1339447
61,35,11445
61,36,41191
61,37,28326
61,38,2700230
61,39,48790
61,40,8210
61,41,92345
61,42,13060
61,43,46512
61,44,14679
61,45,6987
61,46,24308
61,47,7924
61,48,9191
61,49,7927
61,50,6718
61,51,29118
61,52,26243
61,53,13958
61,54,8679
61,55,8779
61,56,25116
61,57,7051
61,58,6914
61,59,12452
61,60,326796
61,62,8895
61,63,25964
61,64,16554
61,65,14316
61,66,66222
61,67,29463
61,68,53391
61,69,115910
61,70,91138
61,71,7917
61,72,20603
61,73,6692
61,74,12035
61,75,266456
61,76,13656
61,77,13152
61,78,9830
61,79,7408
61,80,20591
61,81,45808
61,82,7336
61,83,23041
61,84,20653
61,85,31480
61,86,7077
61,87,17451
61,88,138298
61,89,10608
61,90,6929
61,91,192375
61,92,1040458
61,93,19450
61,94,11380
61,95,37675
61,96,12879
61,97,9476
61,98,11039
61,99,6535
61,100,6691
61,101,9564
61,102,6868
61,103,395433
61,104,8126
61,105,73524
61,106,12272
61,107,10222
61,108,43289
61,109,35952
61,110,195173
61,111,16049
61,112,8689
61,113,128102
61,114,11412
61,115,12911
61,116,579128
61,117,757027
61,118,18365
61,119,118636
61,120,692499
61,121,7880
61,122,11513
61,123,6486996
61,124,29274
61,125,10288
61,126,24670
61,127,24204
62,0,7332
62,1,14650
62,2,39627
62,3,44617
62,4,9246
62,5,15668
62,6,500360
62,7,34103
62,8,31891
62,9,186154
62,10,13119
62,11,86654
62,12,59659
62,13,153884
62,14,6762
62,15,18466
62,16,8980
62,17,23183
62,18,15338
62,19,11223
62,20,7555
62,21,7623
62,22,14413
62,23,14387
62,24,20245
62,25,9265
62,26,96349
62,27,20562
62,28,9319
62,29,26236
62,30,11776
62,31,18049
62,32,6496
62,33,56943
62,34,10626
62,35,3890002
62,36,6839
62,37,7412
62,38,18683
62,39,7780
62,40,40538
62,41,48949
62,42,31430
62,43,7184
62,44,90989
62,45,41659
62,46,131510
62,47,12309
62,48,21237
62,49,1366205
62,50,7302
62,51,31379
62,52,20013
62,53,12741
62,54,7386
62,55,14629
62,56,46142
62,57,207271
62,58,255542
62,59,21978
62,60,447665
62,61,11986
62,63,300307
62,64,36967
62,65,78638
62,66,8581
62,67,130871
62,68,7900
62,69,8659
62,70,9305
62,71,7540
62,72,9103
62,73,306962
62,74,7090
62,75,21747
62,76,75734
62,77,6513
62,78,7121
62,79,13762
62,80,10308
62,81,2863255
62,82,8792
62,83,22155
62,84,902307
62,85,34861
62,86,16362
62,87,6954
62,88,23249
62,89,1717814
62,90,6340
62,91,28699
62,92,9951
62,93,8176
62,94,27168
62,95,37012
62,96,6590
62,97,58810
62,98,8664
62,99,580215
62,100,33122
62,101,10690
62,102,13002
62,103,9886
62,104,12523
62,105,24020
62,106,9885
62,107,19839
62,108,13945
62,109,189138
62,110,9827
62,111,8731
62,112,65014
62,113,15136
62,114,19847
62,115,63459
62,116,7011
62,117,23779
62,118,11423
62,119,7742
62,120,7229
62,121,8920
62,122,13535
62,123,7762
62,124,9365
62,125,9632
62,126,7232
62,127,35369
63,0,10078
63,1,126196
63,2,16336
63,3,78405
63,4,8129
63,5,12088
63,6,1987969
63,7,24620
63,8,14830
63,9,9140
63,10,7515
63,11,18855
63,12,6352
63,13,385318
63,14,40616
63,15,6801
63,16,6611
63,17,31387
63,18,13082
63,19,8640
63,20,105982
63,21,24254
63,22,19336
63,23,183727
63,24,59807
63,25,45029
63,26,164993
63,27,192895
63,28,37056
63,29,45935
63,30,16615
63,31,129609
63,32,132340
63,33,7659
63,34,12320
63,35,12841
63,36,10758
63,37,31112
63,38,12512
63,39,4440407
63,40,6638
63,41,23585
63,42,11810
63,43,8985
63,44,15581
63,45,730697
63,46,7410
63,47,19545
63,48,573748
63,49,18019
63,50,48079
63,51,102559
63,52,27355
63,53,14519
63,54,12576
63,55,159656
63,56,21525
63,57,43275
63,58,19269
63,59,19910
63,60,7697
63,61,7855
63,62,252521
63,64,10347
63,65,13500
63,66,25215
63,67,89424
63,68,9550
63,69,95536
63,70,14004
63,71,2103411
63,72,13143
63,73,6723
63,74,15901
63,75,68692
63,76,220671
63,77,30221
63,78,6500
63,79,6501
63,80,553036
63,81,36857
63,82,17403
63,83,11436
63,84,236066
63,85,15331
63,86,708886276
63,87,16875
63,88,860817
63,89,6461
63,90,26056
63,91,40104
63,92,13973
63,93,8447
63,94,11183
63,95,25927
63,96,15828
63,97,6579
63,98,21365
63,99,8411
63,100,10039
63,101,17182
63,102,89714
63,103,10317
63,104,9200
63,105,7991
63,106,497821
63,107,16367
63,108,6426
63,109,12864
63,110,63350
63,111,16305
63,112,8234
63,113,15529
63,114,125515
63,115,9217
63,116,8787
63,117,14956
63,118,51222
63,119,11982
63,120,139099
63,121,67139
63,122,241264
63,123,11464
63,124,12325
63,125,51954
63,126,36978
63,127,1177803
64,0,29133
64,1,163007
64,2,220889
64,3,31995
64,4,8325
64,5,11433
64,6,285349
64,7,8504
64,8,7159
64,9,17562
64,10,21652
64,11,252249
64,12,109533
64,13,498665
64,14,29081
64,15,10763
64,16,6665
64,17,137999
64,18,28758
64,19,39640
64,20,6624
64,21,125684
64,22,154842
64,23,13314
64,24,1417639
64,25,52985
64,26,1313550
64,27,13934
64,28,41958
64,29,12388
64,30,8448
64,31,33607
64,32,10223
64,33,490331
64,34,225312
64,35,7210
64,36,1012313
64,37,33522
64,38,9433
64,39,758725
64,40,8490
64,41,10732
64,42,31599
64,43,8846
64,44,7400
64,45,906868
64,46,11450
64,47,8810
64,48,157900
64,49,9402
64,50,132432
64,51,61368
64,52,31354
64,53,23223
64,54,7529
64,55,1569921
64,56,105473
64,57,13220
64,58,95482
64,59,7214
64,60,36923
64,61,19235
64,62,6480
64,63,14556
64,65,27496
64,66,32047
64,67,8087
64,68,11532
64,69,18934
64,70,15756
64,71,22169
64,72,42095
64,73,7381
64,74,7792
64,75,54134
64,76,8075
64,77,21045
64,78,14589
64,79,11883
64,80,19139
64,81,10021
64,82,16215
64,83,17508
64,84,6893
64,85,13270
64,86,16370
64,87,109872
64,88,16851
64,89,6892
64,90,6599
64,91,25356
64,92,1292601
64,93,42232
64,94,7264
64,95,9046
64,96,28598
64,97,8970
64,98,12637
64,99,222861
64,100,17238
64,101,8835
64,102,185015
64,103,48528
64,104,7802
64,105,19073
64,106,16462
64,107,11213
64,108,27700
64,109,29508
64,110,32186933
64,111,20181
64,112,8346
64,113,9847
64,114,21779
64,115,11736
64,116,103782
64,117,49108
64,118,8627
64,119,6940
64,120,451935
64,121,169648
64,122,59002
64,123,8656
64,124,7769
64,125,11326
64,126,14399
64,127,7226
65,0,17824
65,1,151532
65,2,32354
65,3,9257
65,4,6520
65,5,78793
65,6,24857
65,7,15972
65,8,8323
65,9,23939
65,10,20687
65,11,41999
65,12,6767
65,13,37067
65,14,9343
65,15,882248
65,16,25070
65,17,8928
65,18,48337
65,19,6556
65,20,11725
65,21,129878
65,22,11847
65,23,10140
65,24,8076
65,25,7561
65,26,6454
65,27,7458
65,28,29140
65,29,11545
65,30,29892
65,31,22832
65,32,106367
65,33,10731
65,34,38253
65,35,116582
65,36,205137
65,37,7760
65,38,746971
65,39,15939
65,40,65931
65,41,25866
65,42,126884
65,43,63486
65,44,13450
65,45,213282
65,46,397162
65,47,8761
65,48,576966
65,49,339301
65,50,33644
65,51,10661
65,52,12112
65,53,13160
65,54,15179
65,55,109940
65,56,472791
65,57,15823
65,58,11988
65,59,91437
65,60,72391
65,61,23036
65,62,171915435
65,63,26143
65,64,21802
65,66,18324
65,67,13822
65,68,6732
65,69,6673
65,70,22669
65,71,44738
65,72,8715
65,73,38183
65,74,17996
65,75,6842
65,76,13606
65,77,1384544
65,78,23393
65,79,12633
65,80,15831
65,81,7642
65,82,14486
65,83,11157
65,84,13964
65,85,6749
65,86,29600
65,87,20843
65,88,12679
65,89,14221
65,90,12042
65,91,36813
65,92,15315
65,93,9857
65,94,6631
65,95,11688
65,96,41876
65,97,20886
65,98,480632
65,99,247441
65,100,254712
65,101,45462
65,102,38918
65,103,6558
65,104,477470
65,105,48303
65,106,9634
65,107,21028
65,108,50656
65,109,16697
65,110,24025
65,111,24749
65,112,10062
65,113,6371
65,114,529780
65,115,13046
65,116,250629147
65,117,55716
65,118,14152
65,119,7721
65,120,8813
65,121,74902
65,122,25878
65,123,43189
65,124,15608
65,125,13824
65,126,16762
65,127,26038
66,0,1203029
66,1,11320
66,2,320222
66,3,9935
66,4,24880
66,5,26912
66,6,46062
66,7,35658
66,8,22523
66,9,39380
66,10,15064
66,11,19416
66,12,9897
66,13,19945
66,14,24424
66,15,63296
66,16,60228
66,17,51279
66,18,6561
66,19,40758
66,20,1120080
66,21,16514
66,22,56447
66,23,110486
66,24,161060
66,25,27489
66,26,199683
66,27,143861
66,28,52150
66,29,102802
66,30,1229167
66,31,8623
66,32,2802119
66,33,12188
66,34,6625
66,35,19730
66,36,6336
66,37,9898
66,38,206685
66,39,1357188
66,40,61112
66,41,118559
66,42,66634
66,43,9028
66,44,2894662
66,45,12097
66,46,12940
66,47,15111
66,48,8036
66,49,8004
66,50,11406
66,51,235098
66,52,38810
66,53,10183
66,54,22001
66,55,7384
66,56,11204
66,57,149466
66,58,64873
66,59,18567
66,60,6911
66,61,13232
66,62,1288478
66,63,32117
66,64,12657
66,65,12025
66,67,11686
66,68,217030
66,69,11190
66,70,27741
66,71,15524
66,72,8328
66,73,14584
66,74,12347
66,75,44557
66,76,6642
66,77,23198
66,78,37939
66,79,22010
66,80,8496
66,81,63405
66,82,39184
66,83,16601
66,84,22615
66,85,18113
66,86,170493
66,87,6648
66,88,12011
66,89,46496
66,90,12629
66,91,30556
66,92,18898
66,93,156175
66,94,24161
66,95,28045
66,96,104778
66,97,8695
66,98,25157
66,99,440695
66,100,13361
66,101,13880
66,102,39063
66,103,17746
66,104,6794
66,105,7015
66,106,28743
66,107,72697
66,108,80583
66,109,16410
66,110,42246
66,111,418933
66,112,21839
66,113,32169
66,114,12809
66,115,6418
66,116,9225
66,117,19753
66,118,91788
66,119,49845
66,120,14777
66,121,40577
66,122,289396
66,123,21458
66,124,26590
66,125,606167
66,126,16240
66,127,7195
67,0,38942
67,1,50008962
67,2,7914
67,3,124170
67,4,13236
67,5,7687
67,6,3078152
67,7,25339
67,8,19382
67,9,59366
67,10,60203
67,11,6568
67,12,31986
67,13,9240
67,14,11333
67,15,10287
67,16,39852
67,17,41632
67,18,494468
67,19,9230
67,20,16038
67,21,1192109
67,22,36185
67,23,16316
67,24,19333
67,25,10215
67,26,11745
67,27,216398
67,28,21019
67,29,302498
67,30,8443
67,31,99258
67,32,171059
67,33,24926
67,34,93061
67,35,136231
67,36,19929
67,37,37145
67,38,13685
67,39,9007
67,40,28369
67,41,99719
67,42,79067
67,43,17444
67,44,9630
67,45,98066
67,46,10796
67,47,7116
67,48,16439
67,49,769048
67,50,8146
67,51,35815
67,52,8373
67,53,76138
67,54,35225
67,55,116657
67,56,14971
67,57,16691
67,58,34921
67,59,20205
67,60,242529
67,61,23902
67,62,13334
67,63,176604
67,64,35358
67,65,28926
67,66,17642
67,68,3060679
67,69,12283
67,70,366336
67,71,13304
67,72,17482
67,73,12992
67,74,6472
67,75,37301
67,76,34258
67,77,15156
67,78,631598
67,79,475121
67,80,7610
67,81,32408
67,82,10969
67,83,17400
67,84,59269
67,85,7080
67,86,10026
67,87,9618
67,88,599213
67,89,1593065
67,90,11056
67,91,7287
67,92,36046937
67,93,46046
67,94,7061
67,95,19808
67,96,7104
67,97,10033
67,98,10246
67,99,24408
67,100,7982
67,101,11312
67,102,45525
67,103,6548
67,104,9290
67,105,6909
67,106,90250
67,107,10755
67,108,11971
67,109,14242
67,110,6358
67,111,10391
67,112,27632
67,113,6580
67,114,7488
67,115,15047
67,116,696905
67,117,8018
67,118,32649
67,119,31969
67,120,76545
67,121,12613
67,122,33882
67,123,7938
67,124,707370
67,125,7942
67,126,50266
67,127,13442
68,0,7633
68,1,7065
68,2,34327
68,3,16291
68,4,12827
68,5,22718
68,6,8554
68,7,15054
68,8,14156
68,9,6448
68,10,53760
68,11,7742
68,12,11860
68,13,8937
68,14,45106
68,15,9972
68,16,34444
68,17,72868
68,18,10512
68,19,10738
68,20,13953
68,21,77069
68,22,8043
68,23,65298
68,24,98517
68,25,45587
68,26,7504
68,27,79501
68,28,47671
68,29,8269
68,30,28341
68,31,7250
68,32,27076
68,33,12605
68,34,17956
68,35,40889
68,36,18103
68,37,1085195
68,38,6611
68,39,7554
68,40,12030
68,41,13420
68,42,53575
68,43,6924
68,44,41431
68,45,112717
68,46,118791
68,47,6919
68,48,19047
68,49,9588
68,50,30799
68,51,6690
68,52,34992
68,53,7304
68,54,49304
68,55,8714
68,56,603834
68,57,317415
68,58,12251
68,59,38583
68,60,116807
68,61,6513
68,62,24897
68,63,331020
68,64,32082
68,65,8828
68,66,11957
68,67,25105
68,69,261767
68,70,6606
68,71,7961
68,72,19495
68,73,8282
68,74,14493
68,75,8077
68,76,8839
68,77,10815
68,78,79939
68,79,9671
68,80,10232
68,81,137307
68,82,16887
68,83,16753
68,84,21575
68,85,132991
68,86,16866
68,87,63705
68,88,15560
68,89,6704
68,90,47569
68,91,42371
68,92,57148
68,93,13250
68,94,22881
68,95,32957
68,96,24232
68,97,14212
68,98,20495
68,99,7545
68,100,8751
68,101,8253
68,102,18245
68,103,7129
68,104,8101
68,105,82064
68,106,28073
68,107,49019
68,108,10441
68,109,7311
68,110,18772
68,111,13593
68,112,7802
68,113,27775
68,114,10986
68,115,460682
68,116,11562
68,117,73768
68,118,6516
68,119,8093
68,120,10130
68,121,6754
68,122,8486
68,123,17860
68,124,116283
68,125,15124
68,126,6931
68,127,23595
69,0,51877
69,1,1678724
69,2,7831
69,3,8377
69,4,1017840
69,5,346085
69,6,70925
69,7,23259
69,8,7820
69,9,65527
69,10,37664
69,11,12190
69,12,824362
69,13,8791
69,14,8595
69,15,8222
69,16,14287
69,17,704353
69,18,50174
69,19,8239
69,20,46318
69,21,9644
69,22,7278
69,23,1066922
69,24,17604
69,25,22061
69,26,19882
69,27,9786
69,28,15602
69,29,67439
69,30,20549
69,31,147780
69,32,15503
69,33,12776
69,34,28157
69,35,20805
69,36,10839
69,37,134404
69,38,10461
69,39,8297
69,40,147892
69,41,7342
69,42,8857
69,43,11073
69,44,84989
69,45,8710
69,46,18016
69,47,9655
69,48,8220
69,49,8366
69,50,7286
69,51,6584
69,52,24892
69,53,235339
69,54,27382
69,55,168950
69,56,16453
69,57,47857
69,58,10662
69,59,131327
69,60,8600
69,61,46270
69,62,62439
69,63,92856
69,64,14496
69,65,11286
69,66,9172
69,67,19183
69,68,20327
69,70,12152
69,71,23006
69,72,20582
69,73,1020622
69,74,7519
69,75,16288
69,76,14745
69,77,9298
69,78,21075
69,79,7955
69,80,321845
69,81,11145
69,82,21931
69,83,14353
69,84,8818
69,85,11642
69,86,16854
69,87,23056
69,88,93683
69,89,6361
69,90,7149
69,91,7843
69,92,499511
69,93,6755
69,94,8882
69,95,49037
69,96,8074
69,97,422113
69,98,14335
69,99,10812
69,100,10782
69,101,37584
69,102,10300
69,103,7343
69,104,7949
69,105,46920
69,106,7569
69,107,11041
69,108,7112
69,109,26032
69,110,15799
69,111,9175
69,112,35994
69,113,11827
69,114,8893
69,115,18355
69,116,6728
69,117,14757
69,118,25398
69,119,422754
69,120,20818
69,121,1641095
69,122,18208
69,123,170776
69,124,33242
69,125,20315
69,126,16032
69,127,26552
70,0,38762
70,1,89617
70,2,10114
70,3,345626
70,4,6729
70,5,7317
70,6,127404
70,7,9738
70,8,7562
70,9,64063
70,10,10365
70,11,30750
70,12,6474
70,13,13062
70,14,13424
70,15,28192
70,16,21811
70,17,23081
70,18,14924
70,19,15446
70,20,21351
70,21,13785
70,22,190830
70,23,24243
70,24,9089
70,25,17694
70,26,8494
70,27,14264
70,28,11186
70,29,15305
70,30,19855
70,31,40218
70,32,21054
70,33,8043
70,34,8795
70,35,1063927
70,36,21862
70,37,6992
70,38,15610
70,39,64146
70,40,6355
70,41,8363
70,42,7751
70,43,59635
70,44,11222
70,45,514274
70,46,6858
70,47,54343
70,48,11272
70,49,20566
70,50,222641
70,51,27235
70,52,123506
70,53,26393
70,54,10004
70,55,6594
70,56,8177
70,57,23538
70,58,103229
70,59,8647
70,60,13491
70,61,18204
70,62,43886
70,63,20258
70,64,7518
70,65,24960
70,66,147115
70,67,106111
70,68,13029
70,69,233896
70,71,16359
70,72,74937
70,73,11952
70,74,24852
70,75,8044
70,76,14914
70,77,8971
70,78,13019
70,79,9854
70,80,7598
70,81,48285
70,82,16339
70,83,24727
70,84,6348
70,85,9063
70,86,10236
70,87,441384
70,88,10622
70,89,8904
70,90,301765
70,91,9882
70,92,9097
70,93,63787
70,94,46190
70,95,541200
70,96,199316
70,97,7303
70,98,61601
70,99,7152
70,100,51586
70,101,15436
70,102,97842
70,103,128542
70,104,15020
70,105,7616
70,106,9648
70,107,159403
70,108,28433
70,109,327214
70,110,384769
70,111,14390
70,112,14789
70,113,235824
70,114,7218455
70,115,583494
70,116,10954
70,117,83894
70,118,10019
70,119,6911
70,120,8718
70,121,8771
70,122,162223
70,123,13890
70,124,47908
70,125,8750
70,126,10924
70,127,45400
71,0,33419
71,1,9969
71,2,11665
71,3,9202
71,4,17160
71,5,99835
71,6,13162
71,7,6903
71,8,40371
71,9,12609
71,10,17056
71,11,12871
71,12,9467
71,13,6932
71,14,19276
71,15,45044
71,16,25297
71,17,592391
71,18,8336
71,19,49899
71,20,52905
71,21,6463
71,22,12297
71,23,8918
71,24,33768
71,25,41271
71,26,6432
71,27,42861
71,28,11979
71,29,52585
71,30,14034
71,31,114805
71,32,35287
71,33,160292
71,34,49232
71,35,7205
71,36,6708
71,37,9250
71,38,65758
71,39,24989
71,40,15775
71,41,263801
71,42,16057
71,43,12733
71,44,7823
71,45,10517
71,46,10902
71,47,35575
71,48,23929
71,49,12505
71,50,12375
71,51,7649
71,52,89376
71,53,20831
71,54,119725
71,55,9576
71,56,8925
71,57,10676
71,58,19906
71,59,57864
71,60,6838
71,61,618060
71,62,691041
71,63,229653
71,64,8233
71,65,8836
71,66,6725
71,67,23336
71,68,7480
71,69,9752
71,70,64957
71,72,91337
71,73,10029
71,74,72121
71,75,1043345
71,76,24552
71,77,13781
71,78,435924
71,79,104403
71,80,10010
71,81,9209
71,82,538307
71,83,43261
71,84,8604
71,85,13218
71,86,19792
71,87,7887
71,88,8834
71,89,29433
71,90,19514
71,91,52347
71,92,14963
71,93,8141
71,94,8255
71,95,556063
71,96,33326
71,97,6731
71,98,11408
71,99,11728
71,100,14456
71,101,103106
71,102,59172
71,103,74438
71,104,8001
71,105,8149
71,106,273134
71,107,12559
71,108,25642105
71,109,12068
71,110,8098508
71,111,52307
71,112,9764
71,113,17489
71,114,8532
71,115,20822
71,116,97229
71,117,10450
71,118,423397
71,119,24508
71,120,7690
71,121,7547
71,122,30661
71,123,528846
71,124,18297
71,125,7157
71,126,43871
71,127,93475
72,0,48251
72,1,9605
72,2,20933
72,3,94841
72,4,77751
72,5,100768
72,6,82864
72,7,6540
72,8,107275
72,9,82949
72,10,9770
72,11,17117
72,12,13977
72,13,23408
72,14,10646
72,15,8250
72,16,7205
72,17,42482
72,18,54385
72,19,64929
72,20,8808
72,21,33901
72,22,10644
72,23,7686
72,24,8482
72,25,43564
72,26,888851
72,27,7572
72,28,6577
72,29,6794
72,30,115319
72,31,8401
72,32,17454
72,33,39927
72,34,15343
72,35,10413
72,36,61861
72,37,197678
72,38,442075
72,39,93892
72,40,22518
72,41,6545
72,42,17989
72,43,211246
72,44,44937
72,45,16314
72,46,49718
72,47,8523
72,48,27906
72,49,6597
72,50,7364
72,51,108661
72,52,143330
72,53,42678
72,54,9019
72,55,20068
72,56,9810
72,57,56179
72,58,13230
72,59,29155
72,60,7054
72,61,8174
72,62,30420
72,63,456273
72,64,193591
72,65,9761
72,66,13198
72,67,37962
72,68,70566
72,69,10145
72,70,7682
72,71,400658
72,73,26343
72,74,16872
72,75,7234
72,76,79899074
72,77,47285
72,78,54660
72,79,7390
72,80,55585
72,81,36508
72,82,139705
72,83,6910
72,84,12228
72,85,303604
72,86,139200
72,87,35565
72,88,61086
72,89,48234
72,90,17575
72,91,1452075
72,92,44921
72,93,344254
72,94,8079
72,95,32966
72,96,15869
72,97,77981
72,98,67258
72,99,44078
72,100,27503
72,101,21647
72,102,49591
72,103,7746
72,104,368878
72,105,15420
72,106,60179
72,107,9477
72,108,6760
72,109,208846
72,110,1647268
72,111,8011
72,112,9155
72,113,7027
72,114,11950
72,115,9459
72,116,17959
72,117,11414
72,118,42191
72,119,25505
72,120,9131
72,121,9491
72,122,75189
72,123,15410
72,124,40980
72,125,6445
72,126,208648
72,127,14936
73,0,10807
73,1,22684
73,2,9579
73,3,14008
73,4,245872
73,5,14239
73,6,9329
73,7,11343
73,8,8801
73,9,6349
73,10,9583
73,11,11155
73,12,7177
73,13,36791
73,14,67954
73,15,10649
73,16,28577
73,17,80624
73,18,57748
73,19,15592
73,20,11522
73,21,18848
73,22,19941
73,23,10496
73,24,32372
73,25,7589
73,26,14868
73,27,17939
73,28,12003
73,29,6916
73,30,257215
73,31,10789
73,32,9913
73,33,20899
73,34,12093
73,35,28736
73,36,13428
73,37,10332
73,38,23721
73,39,10563
73,40,11467
73,41,20021
73,42,6989
73,43,14568
73,44,4858711
73,45,2180126
73,46,13641
73,47,9012
73,48,107799
73,49,39368
73,50,36260
73,51,30126
73,52,9637
73,53,13342
73,54,19656
73,55,44587
73,56,71953
73,57,18985
73,58,13711
73,59,18518
73,60,44361
73,61,21325
73,62,8211
73,63,26118
73,64,31727
73,65,12977
73,66,30276
73,67,11699
73,68,26069
73,69,111314
73,70,93944
73,71,10577
73,72,195706
73,74,13620
73,75,7836
73,76,14524
73,77,26399
73,78,16311
73,79,8643
73,80,7797
73,81,93996
73,82,96787
73,83,11819
73,84,17225
73,85,65184
73,86,70307
73,87,12363
73,88,6493
73,89,2975742
73,90,29470
73,91,8139
73,92,6764
73,93,41862
73,94,176754
73,95,19121
73,96,14294
73,97,128366
73,98,11589
73,99,18887
73,100,6688
73,101,6877
73,102,15753
73,103,11696
73,104,10007
73,105,838228
73,106,154962
73,107,10034
73,108,8058
73,109,6416
73,110,9596
73,111,20064
73,112,466671
73,113,27858
73,114,7970
73,115,9125
73,116,43535
73,117,8826
73,118,50731
73,119,93527
73,120,33949
73,121,33673
73,122,8029
73,123,40797
73,124,9223
73,125,25648
73,126,16422
73,127,75807
74,0,19385
74,1,13121
74,2,23377
74,3,226896
74,4,8410
74,5,10429
74,6,13951
74,7,7602
74,8,1370752
74,9,135360
74,10,14310
74,11,63568
74,12,9195
74,13,18744
74,14,38894
74,15,18858
74,16,10921
74,17,9880
74,18,48028
74,19,10011
74,20,19480
74,21,9079
74,22,10607
74,23,19606
74,24,7437
74,25,6895
74,26,28171
74,27,100710
74,28,15573
74,29,8982
74,30,6817
74,31,63404716
74,32,6852
74,33,8613
74,34,56224
74,35,2658439
74,36,11704
74,37,6481
74,38,13895
74,39,8673
74,40,17059
74,41,221543
74,42,77485
74,43,7422
74,44,46888
74,45,7388
74,46,60731
74,47,6894
74,48,70146
74,49,13099
74,50,17265
74,51,53046
74,52,8883
74,53,28889
74,54,13483
74,55,15002
74,56,10353
74,57,378812
74,58,6769
74,59,28584
74,60,13204
74,61,23918
74,62,141654
74,63,12345
74,64,53329
74,65,13260
74,66,43930
74,67,113358
74,68,47251
74,69,14477
74,70,35752
74,71,6758
74,72,14817
74,73,186646
74,75,38090
74,76,14230
74,77,779607
74,78,8632
74,79,13252
74,80,34982
74,81,25245
74,82,24123
74,83,24772
74,84,7357
74,85,776060
74,86,12061
74,87,62070
74,88,71386
74,89,27913
74,90,28940
74,91,218945
74,92,7814
74,93,16073
74,94,58882
74,95,32893
74,96,22465
74,97,16519
74,98,12476
74,99,68321
74,100,403017
74,101,15328
74,102,6528
74,103,16980
74,104,14998
74,105,42081080
74,106,8966
74,107,9991
74,108,6747
74,109,54196
74,110,8321
74,111,82822
74,112,11130
74,113,10086
74,114,11511
74,115,7785
74,116,2501573
74,117,52052
74,118,10793
74,119,26815
74,120,537348
74,121,71919
74,122,13637
74,123,34356
74,124,6810
74,125,76397
74,126,35002
74,127,21071
75,0,25292
75,1,8900
75,2,16842
75,3,1610798
75,4,7511
75,5,227351
75,6,122197
75,7,7977
75,8,2084933
75,9,6341
75,10,513386
75,11,6407
75,12,39160
75,13,77828
75,14,44331
75,15,545098
75,16,66811
75,17,7661
75,18,7889
75,19,26112
75,20,12602
75,21,15740
75,22,2552109
75,23,231523
75,24,23086
75,25,9363
75,26,2048778
75,27,24761
75,28,7227
75,29,24166
75,30,25823
75,31,6436
75,32,35585
75,33,18137
75,34,119647
75,35,511617
75,36,346545
75,37,25145
75,38,47036
75,39,6505
75,40,9189
75,41,355009
75,42,6706
75,43,30119
75,44,139503
75,45,7121
75,46,18167
75,47,15772
75,48,23993
75,49,26635
75,50,48233602
75,51,29970
75,52,8560
75,53,7104
75,54,114513
75,55,10266
75,56,82399
75,57,141034
75,58,7980
75,59,75334
75,60,13164
75,61,119804
75,62,8364
75,63,9404
75,64,15893
75,65,1305103
75,66,7060
75,67,19921
75,68,16516
75,69,72595
75,70,7131
75,71,85033
75,72,8113
75,73,16002
75,74,286017
75,76,12299
75,77,36747
75,78,55498
75,79,16342
75,80,11226365
75,81,36540
75,82,25186
75,83,10959
75,84,112153
75,85,34405
75,86,7566
75,87,1015071
75,88,9094
75,89,381501
75,90,12934259
75,91,96294
75,92,44197
75,93,13645
75,94,13578
75,95,7846
75,96,6588
75,97,7995
75,98,30300
75,99,428597
75,100,12013
75,101,7845
75,102,525139
75,103,43827
75,104,39877
75,105,10765
75,106,253886
75,107,2230474
75,108,280745
75,109,6377
75,110,67650
75,111,28750
75,112,27155
75,113,4023367
75,114,3667751
75,115,31693
75,116,1100824
75,117,196240
75,118,13658
75,119,8558
75,120,8800
75,121,8458
75,122,49537
75,123,13310
75,124,12530
75,125,8687
75,126,11842
75,127,34851
76,0,61317
76,1,7457
76,2,12716
76,3,19706
76,4,518756
76,5,117033
76,6,11447
76,7,163269
76,8,812779
76,9,74973
76,10,18123
76,11,27754
76,12,7209
76,13,35195
76,14,39417
76,15,13105
76,16,788592
76,17,124420
76,18,21798
76,19,832238
76,20,53719
76,21,15500
76,22,65470
76,23,6614
76,24,7366270
76,25,42399
76,26,32073
76,27,7960
76,28,9492
76,29,8952
76,30,12006
76,31,96131
76,32,66870
76,33,9625
76,34,100827
76,35,7371
76,36,27023
76,37,7026
76,38,6586
76,39,43710
76,40,11210
76,41,8385
76,42,15785
76,43,9064
76,44,316224
76,45,28405
76,46,22451
76,47,14832
76,48,17795
76,49,8550
76,50,201910
76,51,17976
76,52,241769
76,53,6901
76,54,11564
76,55,14251
76,56,91188
76,57,50675
76,58,27809
76,59,10242374
76,60,31565
76,61,40040
76,62,16274
76,63,96077
76,64,11673
76,65,12386
76,66,10460
76,67,335336
76,68,35867
76,69,41391
76,70,13107
76,71,410235
76,72,12824
76,73,151184
76,74,13980
76,75,32222
76,77,6848
76,78,920784
76,79,253612
76,80,245353
76,81,8840
76,82,186975
76,83,12147
76,84,291802
76,85,11361
76,86,364824
76,87,22455
76,88,219160
76,89,110899
76,90,23785
76,91,28816
76,92,7183
76,93,23711
76,94,153646
76,95,10962
76,96,22926
76,97,7946
76,98,10584
76,99,9253
76,100,13929
76,101,820471
76,102,6633
76,103,13477
76,104,22650
76,105,7452
76,106,8606
76,107,6338
76,108,30865
76,109,29192
76,110,31548
76,111,12246
76,112,29312
76,113,4712223
76,114,25836
76,115,30158
76,116,12952
76,117,8080
76,118,7515
76,119,11422
76,120,7241
76,121,24096
76,122,18314
76,123,867155
76,124,48511
76,125,48878
76,126,12405
76,127,10070
77,0,9879
77,1,10817
77,2,76994
77,3,25064
77,4,8316
77,5,34932
77,6,830258
77,7,16603
77,8,10245
77,9,39553
77,10,10714
77,11,7243
77,12,566354
77,13,205329
77,14,17720
77,15,6582
77,16,152466
77,17,126625
77,18,60353
77,19,7645
77,20,31054
77,21,358882
77,22,13610
77,23,13127
77,24,6962
77,25,50396
77,26,15395
77,27,10776
77,28,12076
77,29,9475
77,30,8617
77,31,72493
77,32,6951
77,33,8037
77,34,12698
77,35,15692
77,36,9595
77,37,8435
77,38,62812
77,39,34761
77,40,12044
77,41,8477
77,42,21534
77,43,77561
77,44,23606
77,45,32930
77,46,9859
77,47,7591
77,48,15964
77,49,14510
77,50,2200036
77,51,305462
77,52,12622
77,53,8114
77,54,5575242
77,55,72971
77,56,10762
77,57,12285
77,58,45682
77,59,801464
77,60,27679
77,61,9474
77,62,17993
77,63,25192
77,64,17936
77,65,28605
77,66,18056
77,67,6414
77,68,676734
77,69,10982
77,70,6799
77,71,50507
77,72,85568
77,73,16738
77,74,52229
77,75,14376
77,76,6878
77,78,7435
77,79,142279
77,80,84198
77,81,42946
77,82,86700
77,83,328054
77,84,83162
77,85,14280
77,86,11609
77,87,156542
77,88,22837
77,89,7904
77,90,6492
77,91,42440
77,92,12778
77,93,8807
77,94,18630
77,95,13340
77,96,8028
77,97,10119
77,98,19510
77,99,11629
77,100,64118
77,101,21987
77,102,8100
77,103,7291738
77,104,8330
77,105,6497
77,106,10224
77,107,11431
77,108,80990
77,109,6821
77,110,17707
77,111,114223
77,112,8958
77,113,19321
77,114,10329
77,115,163796
77,116,95375
77,117,49519
77,118,9067
77,119,246393
77,120,10502
77,121,7675
77,122,242022
77,123,7698
77,124,63980
77,125,20658
77,126,363823
77,127,16246
78,0,20993
78,1,11099
78,2,11131
78,3,8814
78,4,8526
78,5,14526
78,6,9398
78,7,87021
78,8,11998
78,9,10895
78,10,170917
78,11,13328180
78,12,9005
78,13,11607
78,14,178723
78,15,98235
78,16,17093
78,17,24369
78,18,11123
78,19,14939
78,20,78058
78,21,28115
78,22,7753
78,23,51895971
78,24,6805
78,25,54259
78,26,7052
78,27,650873
78,28,64284
78,29,9617
78,30,184853
78,31,6587
78,32,22412
78,33,181040
78,34,7143
78,35,21706
78,36,7264
78,37,33484
78,38,16348
78,39,661558
78,40,608515
78,41,9749
78,42,136816
78,43,7114
78,44,34425
78,45,103968
78,46,6662
78,47,22547
78,48,16905
78,49,15000
78,50,26622
78,51,35731
78,52,8213
78,53,16134
78,54,10082
78,55,19314
78,56,136914
78,57,49429
78,58,198403
78,59,9785
78,60,24270
78,61,104154
78,62,7797
78,63,10147
78,64,9861
78,65,19902
78,66,26919
78,67,9642
78,68,13154
78,69,14307
78,70,6552
78,71,10917
78,72,6840
78,73,6445
78,74,14941
78,75,7074
78,76,151416
78,77,7787
78,79,3763846
78,80,83807
78,81,11378
78,82,10040
78,83,6425
78,84,6337
78,85,56024
78,86,16243
78,87,8353
78,88,131236
78,89,14736
78,90,10599
78,91,14228
78,92,14580
78,93,6777
78,94,14233
78,95,68076
78,96,8742
78,97,47721
78,98,8827
78,99,8278
78,100,35307
78,101,80786
78,102,610878
78,103,11727
78,104,30436
78,105,8879
78,106,12124
78,107,7544
78,108,7779
78,109,8784
78,110,12329
78,111,8908
78,112,110830
78,113,32275
78,114,20429
78,115,22052
78,116,7963
78,117,6946
78,118,58500
78,119,400072
78,120,8983
78,121,63242
78,122,7238
78,123,18493
78,124,13626
78,125,7025
78,126,11636
78,127,20599
79,0,8051
79,1,14587
79,2,7912
79,3,10606
79,4,7374
79,5,6598
79,6,33806
79,7,12370
79,8,29531
79,9,13943
79,10,11022
79,11,11198
79,12,208450
79,13,8660
79,14,17053
79,15,111453
79,16,28447
79,17,22427
79,18,70958
79,19,18331
79,20,31262
79,21,96185
79,22,46254
79,23,19518
79,24,508109
79,25,16774
79,26,52644
79,27,12040
79,28,51779
79,29,43347
79,30,65960
79,31,17068
79,32,66077
79,33,30174
79,34,23674
79,35,607339
79,36,15791
79,37,20578
79,38,13188
79,39,12416
79,40,7213
79,41,16688
79,42,9554
79,43,9525
79,44,30693
79,45,10025
79,46,420200
79,47,9030
79,48,14406
79,49,73143
79,50,9112
79,51,12854
79,52,8441
79,53,37437
79,54,14351
79,55,8016
79,56,66989
79,57,7644
79,58,10720
79,59,56898
79,60,40333
79,61,8699
79,62,11257
79,63,10966
79,64,10205
79,65,105030
79,66,6569
79,67,6836
79,68,24375
79,69,28955
79,70,7096
79,71,9824
79,72,16229
79,73,82526
79,74,46937
79,75,10571
79,76,78096
79,77,18960
79,78,7975
79,80,44256
79,81,15890
79,82,7391
79,83,15265
79,84,12133
79,85,7259
79,86,41020
79,87,6345
79,88,7173
79,89,6602
79,90,8793
79,91,9418
79,92,8050
79,93,11613
79,94,6433
79,95,22226
79,96,7154
79,97,21422
79,98,220454
79,99,23016
79,100,174821
79,101,7588
79,102,6813
79,103,6402
79,104,12852
79,105,130509
79,106,71618
79,107,185828
79,108,23896
79,109,33730
79,110,19329
79,111,55476
79,112,42385
79,113,21219
79,114,6876
79,115,7702
79,116,13768
79,117,967287
79,118,126367
79,119,10771
79,120,83721
79,121,23732
79,122,15909
79,123,52446
79,124,8271
79,125,297427
79,126,7551
79,127,8432
80,0,29592
80,1,9995
80,2,19239
80,3,8162
80,4,568450
80,5,10947
80,6,8658
80,7,3509119
80,8,33409
80,9,7692
80,10,41795
80,11,24665
80,12,110076
80,13,11455
80,14,439323
80,15,10098
80,16,16129
80,17,20421
80,18,13258
80,19,40129
80,20,40409
80,21,11059
80,22,44799
80,23,18238
80,24,11275
80,25,6825
80,26,504640
80,27,15252
80,28,26437
80,29,28066
80,30,61523
80,31,7091
80,32,19652
80,33,32948
80,34,82106
80,35,23569
80,36,7614
80,37,194996
80,38,46367
80,39,6383
80,40,75661
80,41,315828821
80,42,14688
80,43,8042
80,44,240761
80,45,12934
80,46,214934
80,47,16986
80,48,7595
80,49,163664
80,50,124923
80,51,9330
80,52,9002
80,53,6962
80,54,6907
80,55,7907
80,56,14922
80,57,19633
80,58,45713
80,59,18242
80,60,76806
80,61,10795
80,62,23321
80,63,12913
80,64,12230
80,65,474342
80,66,82484
80,67,20491
80,68,13897
80,69,8736
80,70,13150
80,71,17281
80,72,196062
80,73,9021
80,74,1272202
80,75,132062
80,76,7436
80,77,6419
80,78,8884
80,79,51896
80,81,1143265
80,82,6941
80,83,10134
80,84,106690
80,85,6799
80,86,37538
80,87,6526
80,88,8355
80,89,7788
80,90,6494
80,91,6521
80,92,44346
80,93,10053
80,94,9224
80,95,16396
80,96,8760
80,97,9614
80,98,16209
80,99,6344
80,100,49072
80,101,6373
80,102,574817
80,103,20405
80,104,89280
80,105,30677
80,106,452653
80,107,28398
80,108,11610
80,109,53905
80,110,31523
80,111,16809
80,112,12274
80,113,9682
80,114,50046
80,115,34901
80,116,6502
80,117,9918
80,118,12136
80,119,16729
80,120,16700
80,121,41578
80,122,14408
80,123,17050
80,124,7348
80,125,11001
80,126,9641
80,127,88658
81,0,16540
81,1,2743128
81,2,6996
81,3,45603
81,4,15151
81,5,12959
81,6,21903
81,7,15842
81,8,9795
81,9,10009
81,10,20209
81,11,10433
81,12,275633
81,13,26860
81,14,9087
81,15,26834
81,16,18403
81,17,10573
81,18,15462
81,19,13072
81,20,76249
81,21,9896
81,22,8713
81,23,8819
81,24,25111
81,25,298861
81,26,14866
81,27,21688
81,28,12213
81,29,18177
81,30,627857
81,31,8927
81,32,14533
81,33,8636
81,34,13585
81,35,10631
81,36,9500
81,37,7532
81,38,16035
81,39,32866
81,40,1622804
81,41,21454
81,42,8048
81,43,20076
81,44,8753
81,45,13481
81,46,11315
81,47,6908
81,48,31633
81,49,7631
81,50,396008
81,51,9380
81,52,6965
81,53,7331
81,54,375627
81,55,8014
81,56,65787
81,57,16062
81,58,10111
81,59,7081
81,60,18424
81,61,12407
81,62,20712
81,63,34151
81,64,58954
81,65,176454
81,66,213899
81,67,16263
81,68,7232
81,69,21088
81,70,6377
81,71,23280
81,72,15545
81,73,14154
81,74,13070
81,75,7216
81,76,8288
81,77,262926
81,78,29646
81,79,495303
81,80,10785
81,82,136620
81,83,259190
81,84,453373
81,85,13717
81,86,10481
81,87,14919
81,88,9621
81,89,10279
81,90,211045
81,91,8624
81,92,167568
81,93,8809
81,94,129341
81,95,66193
81,96,26892804
81,97,6959
81,98,29730
81,99,153765
81,100,9742802
81,101,6415
81,102,337970
81,103,61035
81,104,8533
81,105,17511
81,106,33067
81,107,6948
81,108,21503
81,109,10218
81,110,26218
81,111,29244
81,112,15025
81,113,13723
81,114,6462
81,115,7795
81,116,10272
81,117,10162
81,118,175412
81,119,13766
81,120,31882
81,121,11935
81,122,10154
81,123,7528
81,124,11974
81,125,228959
81,126,150723
81,127,11796
82,0,13008
82,1,8769
82,2,10358
82,3,13352
82,4,7378
82,5,8655
82,6,23870
82,7,71287
82,8,74296
82,9,56537
82,10,47318
82,11,104716
82,12,6927
82,13,51993
82,14,39136
82,15,7841424
82,16,39233
82,17,7682
82,18,37927
82,19,38834
82,20,4505867
82,21,178265
82,22,97451
82,23,10030
82,24,23208
82,25,28809
82,26,14655
82,27,8417
82,28,363323
82,29,70729
82,30,7966
82,31,19769
82,32,18905
82,33,48615
82,34,6456
82,35,37190
82,36,7276
82,37,13194
82,38,37974
82,39,12906
82,40,12763
82,41,13828
82,42,25030
82,43,12164
82,44,10943
82,45,14197
82,46,7256
82,47,10886
82,48,43074
82,49,20784
82,50,12596
82,51,47385
82,52,120752
82,53,254988
82,54,13023
82,55,14517
82,56,46658
82,57,11681
82,58,19610
82,59,8949
82,60,324304
82,61,15171
82,62,28362
82,63,34366
82,64,10170
82,65,201536
82,66,7904
82,67,22302
82,68,12432
82,69,9301
82,70,62254
82,71,10730
82,72,37089
82,73,15467
82,74,8943
82,75,415791
82,76,59439
82,77,29577
82,78,186482
82,79,262636
82,80,21123
82,81,244835
82,83,9745
82,84,12572
82,85,20225
82,86,122441
82,87,10772
82,88,4050955
82,89,375101
82,90,24625
82,91,1859739
82,92,12944
82,93,7072
82,94,13403
82,95,2405366
82,96,7403
82,97,6818
82,98,15456
82,99,75009
82,100,9331
82,101,13485
82,102,15629
82,103,6714
82,104,9601
82,105,18880
82,106,97674
82,107,17759
82,108,216608
82,109,40002
82,110,15035
82,111,3715281
82,112,9522
82,113,19602
82,114,47959
82,115,88280
82,116,10249
82,117,78134
82,118,19815
82,119,1641094696
82,120,11505
82,121,98858
82,122,7424
82,123,24846
82,124,9239
82,125,20458
82,126,14037
82,127,8265
83,0,93320
83,1,22596
83,2,17827
83,3,9843
83,4,10756
83,5,7421
83,6,18833
83,7,22931
83,8,8610
83,9,6673
83,10,17559
83,11,354052
83,12,31079
83,13,15928
83,14,33701
83,15,13901
83,16,14065
83,17,62705
83,18,96952
83,19,123672
83,20,92549
83,21,78715
83,22,15077
83,23,1503747
83,24,9656
83,25,72937
83,26,13324
83,27,6410
83,28,20120
83,29,15613
83,30,15084
83,31,34171
83,32,18822
83,33,9033
83,34,9122
83,35,7251
83,36,9572
83,37,52624
83,38,12618
83,39,6869776
83,40,2832412
83,41,9465
83,42,8356
83,43,62999
83,44,935059
83,45,10769
83,46,61679
83,47,147447
83,48,6527
83,49,8649
83,50,22217
83,51,163138
83,52,7399
83,53,16302
83,54,14973
83,55,227580
83,56,198585
83,57,11121
83,58,10087
83,59,51356
83,60,21149
83,61,377745
83,62,280421
83,63,178417
83,64,21202
83,65,7624
83,66,16592
83,67,160037
83,68,35420
83,69,6679
83,70,23157
83,71,7169
83,72,9774
83,73,358394
83,74,686696
83,75,31514
83,76,10744
83,77,10116
83,78,1107181
83,79,7776
83,80,10422
83,81,9919
83,82,16496
83,84,18779
83,85,98687
83,86,27116
83,87,14463
83,88,10931
83,89,366842
83,90,22748
83,91,33494
83,92,10703
83,93,9403
83,94,31421
83,95,12234
83,96,6555
83,97,11416
83,98,13572
83,99,15804
83,100,6464
83,101,49179
83,102,6400
83,103,9471
83,104,7377
83,105,24004
83,106,8092
83,107,15012
83,108,267949
83,109,184369
83,110,14235
83,111,19258
83,112,21015
83,113,37686
83,114,557078
83,115,139604
83,116,6971
83,117,19637
83,118,73212
83,119,8046
83,120,11344
83,121,12867
83,122,6425
83,123,8109
83,124,54766
83,125,7443
83,126,17053153
83,127,13422
84,0,76844
84,1,485441
84,2,12758
84,3,165934
84,4,6834
84,5,552033
84,6,18634
84,7,382585
84,8,8902
84,9,14781
84,10,17930
84,11,523302
84,12,19784
84,13,12700
84,14,10592
84,15,12875
84,16,9775
84,17,21770
84,18,14643
84,19,110349
84,20,9274
84,21,38642
84,22,19819
84,23,23690
84,24,10611
84,25,383129
84,26,7352
84,27,11118
84,28,125599
84,29,7245
84,30,24915
84,31,69635
84,32,15882
84,33,35042
84,34,6978
84,35,12397
84,36,29380
84,37,128719
84,38,1214116
84,39,1361684
84,40,39940
84,41,13037
84,42,8574
84,43,11932
84,44,30332
84,45,13300
84,46,20856
84,47,7354
84,48,13000
84,49,11994
84,50,14724
84,51,11750
84,52,689587
84,53,28419
84,54,28627
84,55,9850
84,56,71752
84,57,7324
84,58,14050
84,59,14172
84,60,8802
84,61,23274
84,62,7240
84,63,8677
84,64,64479
84,65,16650
84,66,7462
84,67,40823
84,68,30452
84,69,6678
84,70,7280
84,71,14405616
84,72,68291
84,73,7341
84,74,26718
84,75,11094
84,76,6989
84,77,9344
84,78,7342
84,79,12373
84,80,9965
84,81,14503
84,82,7455
84,83,9844
84,85,8518
84,86,1598939
84,87,9088
84,88,6669
84,89,1541770
84,90,12589
84,91,8344
84,92,8017
84,93,10575
84,94,7733
84,95,23424
84,96,59684
84,97,15194
84,98,11838
84,99,7447
84,100,308854
84,101,22762
84,102,600362
84,103,90840
84,104,11521
84,105,6604
84,106,19058
84,107,25891
84,108,16493
84,109,7039
84,110,67469
84,111,15988
84,112,16944
84,113,88091
84,114,8536
84,115,8508
84,116,307338
84,117,63595
84,118,6798
84,119,59856
84,120,111662
84,121,11219
84,122,44122
84,123,1181353
84,124,21449
84,125,30388
84,126,6670
84,127,22094
85,0,15547
85,1,127665
85,2,22896
85,3,221107
85,4,9378
85,5,10442
85,6,33261
85,7,19095
85,8,15079
85,9,8661
85,10,10707
85,11,12826
85,12,16029
85,13,10508
85,14,57887
85,15,6778
85,16,7134
85,17,86380
85,18,13967
85,19,1160320
85,20,9192
85,21,8268
85,22,233180
85,23,9567
85,24,266158
85,25,19154
85,26,133365
85,27,26667
85,28,12953
85,29,61835
85,30,8286
85,31,67802
85,32,12904
85,33,160803
85,34,15159
85,35,14217
85,36,12585
85,37,13017
85,38,52091
85,39,101776
85,40,16476
85,41,287698
85,42,562200
85,43,7828
85,44,1971146
85,45,22856
85,46,12554
85,47,72629
85,48,9819
85,49,54071
85,50,6364
85,51,12720
85,52,10654
85,53,7794
85,54,22038
85,55,10692
85,56,10157
85,57,8463
85,58,11848
85,59,23827
85,60,21347
85,61,34249
85,62,27142
85,63,13418
85,64,124587
85,65,44137
85,66,13696
85,67,12797
85,68,41673
85,69,996030
85,70,54448
85,71,9113
85,72,80543
85,73,9277
85,74,8145
85,75,9153
85,76,349796
85,77,14875
85,78,73489
85,79,8708
85,80,7972
85,81,7306
85,82,9608
85,83,9051
85,84,443461
85,86,14641
85,87,6791
85,88,69540
85,89,1126624
85,90,13910
85,91,7171
85,92,9940
85,93,8891
85,94,104841
85,95,69381
85,96,13631
85,97,15361
85,98,1037585
85,99,7149
85,100,10912
85,101,6399
85,102,16806
85,103,37391
85,104,11020
85,105,9017
85,106,13276
85,107,9805
85,108,9950
85,109,36079
85,110,38630
85,111,3262442
85,112,325546
85,113,48406
85,114,39615
85,115,18076
85,116,405999
85,117,98122
85,118,60807
85,119,909163
85,120,150150
85,121,100651
85,122,7367
85,123,13367
85,124,6939
85,125,8303
85,126,14540
85,127,14691
86,0,12965
86,1,6412
86,2,14165
86,3,76694
86,4,32003
86,5,38136
86,6,20128
86,7,6955
86,8,25612
86,9,9835
86,10,43232
86,11,8127
86,12,6478
86,13,7456
86,14,21498
86,15,17568
86,16,29615
86,17,18978
86,18,131694
86,19,45183
86,20,9816
86,21,8849
86,22,173213
86,23,7715
86,24,20040
86,25,7935
86,26,11714
86,27,8202
86,28,6459
86,29,7398
86,30,3361601
86,31,45729
86,32,22255
86,33,12395
86,34,6656
86,35,34036
86,36,1123344
86,37,438640
86,38,12754
86,39,1786430
86,40,43550
86,41,11499
86,42,81648
86,43,24564
86,44,9273
86,45,5347078
86,46,11160
86,47,70082
86,48,18758
86,49,1457108
86,50,28298
86,51,8539
86,52,24303
86,53,90495
86,54,47789
86,55,402425
86,56,7727
86,57,18376
86,58,297784
86,59,16156
86,60,107931
86,61,13520
86,62,11581
86,63,12705
86,64,178570
86,65,319818
86,66,248496
86,67,7939
86,68,72357
86,69,15109
86,70,23961
86,71,42876
86,72,9600
86,73,17923
86,74,22664
86,75,42150
86,76,7320
86,77,189812
86,78,21775
86,79,6700
86,80,3243195
86,81,34741
86,82,27577
86,83,4164529
86,84,6431
86,85,26482
86,87,9736
86,88,9445
86,89,9943
86,90,8522
86,91,43491547
86,92,9982
86,93,8036
86,94,14378
86,95,14192
86,96,18033
86,97,7894
86,98,33058
86,99,51184
86,100,12078
86,101,61783
86,102,20088
86,103,8333
86,104,22340
86,105,58169
86,106,10628
86,107,330593
86,108,60303
86,109,21720
86,110,324718
86,111,22504
86,112,17035
86,113,17441
86,114,9000
86,115,8454
86,116,32152
86,117,19595
86,118,34074
86,119,23637
86,120,6360
86,121,27584
86,122,7354
86,123,88563
86,124,2282791
86,125,28319
86,126,95698
86,127,14606
87,0,11323
87,1,58216
87,2,2452683
87,3,19146
87,4,9838
87,5,21285
87,6,37257
87,7,28656
87,8,18483
87,9,1509083
87,10,25787
87,11,6621
87,12,8597
87,13,6630
87,14,10094
87,15,13475
87,16,6891
87,17,13128757566
87,18,171344
87,19,12514
87,20,27295
87,21,6492
87,22,11625
87,23,16204
87,24,18588
87,25,8224
87,26,7022
87,27,11556
87,28,58619
87,29,31187
87,30,25970
87,31,9100
87,32,58075
87,33,15898
87,34,137702
87,35,150379
87,36,18783
87,37,7385
87,38,9987
87,39,13385
87,40,174233
87,41,50806
87,42,23753
87,43,87670
87,44,166748
87,45,101657
87,46,359861
87,47,26475
87,48,7766
87,49,7090
87,50,26124
87,51,9293
87,52,73594
87,53,12241
87,54,9427
87,55,22207
87,56,10615
87,57,168257
87,58,58738
87,59,10258
87,60,11013
87,61,237532
87,62,19618
87,63,26186
87,64,1221603
87,65,13813
87,66,115025
87,67,283360
87,68,20793
87,69,39282
87,70,6928
87,71,48580
87,72,11127
87,73,102680
87,74,7445
87,75,380960
87,76,74830
87,77,9562
87,78,7221
87,79,6502
87,80,7641
87,81,405399
87,82,1170758
87,83,12635
87,84,22871
87,85,1026225
87,86,17652
87,88,20339
87,89,36432
87,90,6667
87,91,14459
87,92,619271
87,93,136328
87,94,10193
87,95,24704
87,96,9989
87,97,277213
87,98,44891
87,99,33168
87,100,7767
87,101,713468
87,102,9366
87,103,10027
87,104,18500
87,105,8272
87,106,127840
87,107,7295
87,108,29738
87,109,7791
87,110,6351
87,111,27720
87,112,15658
87,113,81773
87,114,194820
87,115,10597
87,116,22708
87,117,6354
87,118,16226
87,119,64090
87,120,15977
87,121,10548
87,122,9956
87,123,10809
87,124,20504
87,125,6371
87,126,13715
87,127,35836
88,0,7449
88,1,9537
88,2,253066
88,3,7628
88,4,7125
88,5,7477
88,6,216819
88,7,8545
88,8,50192
88,9,16624
88,10,27844
88,11,8095
88,12,154601
88,13,7218
88,14,42288
88,15,37847
88,16,7031
88,17,45776
88,18,8314
88,19,46724
88,20,6351
88,21,214106
88,22,7312
88,23,8229
88,24,29410
88,25,7270
88,26,20096
88,27,9157
88,28,36271
88,29,57934
88,30,7991
88,31,16735
88,32,10125
88,33,530716
88,34,53207
88,35,8200
88,36,154361
88,37,7525
88,38,17818
88,39,8161
88,40,14163
88,41,12594
88,42,9593
88,43,34122
88,44,100241
88,45,24840
88,46,12921
88,47,21067
88,48,11638
88,49,76028
88,50,48966
88,51,7878
88,52,38406
88,53,95914
88,54,26280
88,55,12850
88,56,134881
88,57,7867
88,58,69318
88,59,27885
88,60,37870
88,61,184048
88,62,90544
88,63,12715
88,64,17495
88,65,8630
88,66,9767
88,67,39221
88,68,9909
88,69,35430
88,70,11934
88,71,9411
88,72,29365
88,73,53884
88,74,91688
88,75,57794
88,76,20662
88,77,7431
88,78,6499
88,79,76881
88,80,30182
88,81,11220
88,82,11543
88,83,12884
88,84,884440
88,85,317017
88,86,27188
88,87,40205
88,89,70210
88,90,194643
88,91,8302
88,92,96677
88,93,61394
88,94,25921
88,95,15116
88,96,10702
88,97,24052
88,98,6434
88,99,12490
88,100,89859
88,101,103844
88,102,8548
88,103,8053
88,104,20036
88,105,79581
88,106,10235
88,107,6659
88,108,34701
88,109,17384
88,110,118868
88,111,180572
88,112,183567
88,113,8192
88,114,33298
88,115,6725
88,116,76101
88,117,137504
88,118,16016
88,119,8856
88,120,7464
88,121,12117
88,122,32363
88,123,7958
88,124,17026
88,125,243550
88,126,7156
88,127,17191
89,0,11229
89,1,582397
89,2,47993
89,3,7764
89,4,315829
89,5,19273
89,6,281069
89,7,37023
89,8,17081
89,9,12281
89,10,19741
89,11,9506
89,12,36196
89,13,109466
89,14,6387
89,15,9092
89,16,8419
89,17,40422
89,18,24226
89,19,27375
89,20,26984
89,21,7014
89,22,127317
89,23,20972
89,24,9348
89,25,13932
89,26,12646
89,27,6608
89,28,24199
89,29,14452
89,30,8217
89,31,18830
89,32,31908
89,33,83205
89,34,9068
89,35,6635
89,36,9276
89,37,9134
89,38,11535
89,39,7236
89,40,19172
89,41,187968
89,42,575890
89,43,11358
89,44,22104
89,45,10836
89,46,7248
89,47,13583
89,48,13679
89,49,7207
89,50,85300
89,51,79185
89,52,30508
89,53,22509
89,54,28541
89,55,32143
89,56,11201
89,57,156053
89,58,6820
89,59,47688
89,60,19815418
89,61,8338
89,62,1822470
89,63,25122
89,64,9684
89,65,9324
89,66,78754
89,67,10122
89,68,62465
89,69,8531
89,70,28933
89,71,15980
89,72,32730
89,73,8950
89,74,19434
89,75,7818
89,76,60554
89,77,11063
89,78,16789
89,79,16143
89,80,7951
89,81,28129
89,82,20839
89,83,7225
89,84,10530
89,85,25830
89,86,7345
89,87,10686
89,88,18160
89,90,22767
89,91,7471
89,92,44662
89,93,237287
89,94,7217
89,95,7853
89,96,44004
89,97,10504
89,98,14337
89,99,7826
89,100,6459
89,101,8916
89,102,8678
89,103,569503
89,104,16145
89,105,55303
89,106,16863
89,107,7029
89,108,507238
89,109,16106
89,110,6880
89,111,9557
89,112,7171
89,113,10716
89,114,55936
89,115,457003
89,116,88044
89,117,17136
89,118,472019
89,119,32099
89,120,11381
89,121,112505
89,122,9141
89,123,20161
89,124,24569
89,125,10858
89,126,17979
89,127,7983
90,0,8431
90,1,44952
90,2,38113
90,3,9146
90,4,22640
90,5,27089
90,6,51644
90,7,10688
90,8,15950
90,9,436600
90,10,15660
90,11,146783972
90,12,53025
90,13,52189
90,14,8605
90,15,28548
90,16,49808
90,17,6748
90,18,107471
90,19,49447
90,20,23642
90,21,389200
90,22,56920
90,23,65441
90,24,12218
90,25,200421
90,26,38954
90,27,14753
90,28,6863
90,29,1260219
90,30,25481
90,31,15912
90,32,55216
90,33,7412
90,34,6885
90,35,33844
90,36,9233
90,37,117945
90,38,9469
90,39,13524
90,40,43103
90,41,28969808
90,42,11594
90,43,6347
90,44,74155
90,45,188803
90,46,9213
90,47,9041
90,48,18981
90,49,114732
90,50,46838
90,51,13461
90,52,6847
90,53,74225
90,54,7117
90,55,25303
90,56,70404
90,57,26776
90,58,18100
90,59,10084
90,60,16479
90,61,20733
90,62,8068
90,63,200236
90,64,8684
90,65,82568
90,66,185340
90,67,6720
90,68,7641
90,69,290767
90,70,41178
90,71,45666
90,72,39075
90,73,20704
90,74,6834
90,75,13654
90,76,6655
90,77,10660
90,78,74794
90,79,19438
90,80,117260
90,81,8984
90,82,1049157
90,83,6519
90,84,60253
90,85,419565
90,86,1772345
90,87,1954558
90,88,13726
90,89,8073
90,91,8165
90,92,14440
90,93,20462
90,94,215978
90,95,28227
90,96,343799
90,97,11170
90,98,6792
90,99,6752
90,100,80908
90,101,62919
90,102,291456
90,103,114078
90,104,551034
90,105,22071
90,106,10112
90,107,14201
90,108,6811
90,109,14907
90,110,15839
90,111,60504
90,112,170211
90,113,6634
90,114,20396
90,115,13991
90,116,8997
90,117,27550
90,118,6538
90,119,517854
90,120,12501
90,121,57286
90,122,28801
90,123,7922
90,124,12969
90,125,7477
90,126,12413
90,127,14703
91,0,37595
91,1,21254
91,2,7202
91,3,250629
91,4,12810
91,5,36725
91,6,14019
91,7,8277806
91,8,28383
91,9,6577
91,10,38148
91,11,6775
91,12,45697
91,13,7078
91,14,7440
91,15,760429
91,16,46222
91,17,8374
91,18,27102
91,19,6813
91,20,10310
91,21,7312
91,22,8045
91,23,12262
91,24,24069
91,25,15141
91,26,9628
91,27,7634
91,28,11216
91,29,130328
91,30,22203
91,31,8340
91,32,10832
91,33,9356
91,34,31195
91,35,21738
91,36,19737
91,37,9377
91,38,13430
91,39,9320
91,40,15389
91,41,1807910
91,42,6654
91,43,13278
91,44,7111
91,45,1300913
91,46,226668
91,47,13292
91,48,15354
91,49,24177
91,50,22475
91,51,509858
91,52,26137
91,53,7383
91,54,12447
91,55,15239
91,56,47976
91,57,8667
91,58,137900
91,59,77295
91,60,25128
91,61,6436
91,62,6504
91,63,95161
91,64,22307
91,65,2315170
91,66,56672
91,67,12173
91,68,95590
91,69,7378
91,70,24463
91,71,12651
91,72,40967
91,73,7083
91,74,58028
91,75,15961
91,76,6474
91,77,176006
91,78,42426
91,79,6530
91,80,72527
91,81,3621226
91,82,8657
91,83,6486
91,84,41781
91,85,11109
91,86,18581
91,87,19949
91,88,44754
91,89,17629
91,90,8744
91,92,15074
91,93,1412831
91,94,14127
91,95,8986
91,96,6402
91,97,72323
91,98,31228
91,99,463660
91,100,7433
91,101,6583
91,102,12372
91,103,12644
91,104,38619
91,105,73663
91,106,8886
91,107,44983
91,108,31145
91,109,16165
91,110,156664
91,111,121070
91,112,36497
91,113,10878
91,114,15663
91,115,7059
91,116,18006
91,117,8292
91,118,7926
91,119,10361
91,120,13268
91,121,101300
91,122,36573
91,123,9400
91,124,6423
91,125,8596
91,126,29792
91,127,28526
92,0,7929
92,1,17002
92,2,27149
92,3,45556
92,4,50825
92,5,6593
92,6,13206
92,7,6717
92,8,16612
92,9,7004
92,10,7665
92,11,8770
92,12,40384
92,13,47536
92,14,189306
92,15,37358
92,16,6862
92,17,50900
92,18,24058
92,19,41244
92,20,7043
92,21,14087
92,22,52525
92,23,6713
92,24,42664
92,25,7071
92,26,289738
92,27,129788
92,28,168672
92,29,29237
92,30,7460
92,31,16935
92,32,26044
92,33,15801
92,34,65099
92,35,7323
92,36,37951
92,37,81814
92,38,32187
92,39,9426
92,40,7076
92,41,74049
92,42,7291
92,43,33085
92,44,19393
92,45,20294
92,46,10213
92,47,53595
92,48,7470
92,49,51567
92,50,8889
92,51,7863
92,52,19796
92,53,13506
92,54,6860
92,55,31574
92,56,6389
92,57,6543
92,58,20746
92,59,14498
92,60,7582
92,61,25404
92,62,8690
92,63,29478
92,64,12334
92,65,314256
92,66,2992412
92,67,46970
92,68,6661
92,69,6637
92,70,725930
92,71,7189
92,72,862921
92,73,61291
92,74,70018
92,75,50694
92,76,1758444
92,77,12456
92,78,34791
92,79,15297
92,80,12570
92,81,6506
92,82,7281
92,83,15099
92,84,14805
92,85,18252
92,86,15975
92,87,20475
92,88,20335
92,89,251707
92,90,161317
92,91,140931
92,93,8609
92,94,11076348
92,95,41364
92,96,107537
92,97,13294
92,98,16881
92,99,12696
92,100,33344
92,101,14719
92,102,45369
92,103,8471
92,104,449081
92,105,173068
92,106,8164
92,107,20310
92,108,6902
92,109,18762
92,110,27727
92,111,13728
92,112,6418
92,113,32205
92,114,16376
92,115,11154
92,116,31779
92,117,99201
92,118,6482
92,119,9040
92,120,53513
92,121,44678
92,122,58122
92,123,7676
92,124,28794
92,125,880065
92,126,7710
92,127,90299
93,0,8251
93,1,7782
93,2,43739
93,3,61653
93,4,113002
93,5,26374
93,6,9799
93,7,10564
93,8,8507
93,9,7826
93,10,45431
93,11,37766
93,12,14039
93,13,13912
93,14,6626
93,15,55782
93,16,6374
93,17,32231
93,18,7953
93,19,9359
93,20,24710
93,21,7754
93,22,9683
93,23,9520
93,24,28642
93,25,50976
93,26,16027
93,27,30324
93,28,1174272
93,29,6385
93,30,29784
93,31,9929
93,32,8231
93,33,47738
93,34,61991
93,35,6438
93,36,17356
93,37,8451
93,38,16706
93,39,50957
93,40,10409
93,41,23092
93,42,4376517
93,43,7228
93,44,130057
93,45,7186
93,46,68199
93,47,23838
93,48,13558
93,49,8564
93,50,33834
93,51,159277
93,52,69255
93,53,20388
93,54,12122
93,55,14013
93,56,24112
93,57,13650
93,58,8004
93,59,11709
93,60,9517
93,61,11452
93,62,29939
93,63,98915
93,64,9308
93,65,121712
93,66,40167
93,67,88896
93,68,10297
93,69,7645
93,70,6920
93,71,7192
93,72,6545
93,73,22921
93,74,12681
93,75,63215
93,76,21110
93,77,23102
93,78,69730
93,79,1156875
93,80,28992
93,81,207075
93,82,12355
93,83,8704
93,84,43506
93,85,54301
93,86,16531
93,87,459205
93,88,17680838
93,89,274067
93,90,60630
93,91,16054
93,92,9289
93,94,17011
93,95,8294
93,96,22240
93,97,11710
93,98,340192
93,99,2304292
93,100,396584
93,101,29776
93,102,9727
93,103,7846
93,104,305836
93,105,42932
93,106,10618
93,107,15454
93,108,6758
93,109,6916
93,110,9946
93,111,11741
93,112,188135
93,113,1422475
93,114,38571
93,115,685258
93,116,12877
93,117,14856
93,118,9299
93,119,14993
93,120,15224
93,121,55368
93,122,20157
93,123,18539
93,124,14385
93,125,10578
93,126,24597
93,127,7557
94,0,6601
94,1,12527
94,2,189981
94,3,19161
94,4,34464
94,5,35784
94,6,6827
94,7,6621
94,8,21761
94,9,22108
94,10,1057978
94,11,7874
94,12,32310
94,13,19679
94,14,16974
94,15,19918
94,16,111942
94,17,10547
94,18,6370
94,19,7128
94,20,16271
94,21,250093
94,22,24580
94,23,26019
94,24,7404
94,25,533541
94,26,29282
94,27,46904
94,28,18414
94,29,44227
94,30,10905
94,31,66516
94,32,36164
94,33,7870
94,34,8359
94,35,6603
94,36,55760
94,37,295650
94,38,12957
94,39,35544
94,40,15364
94,41,122278
94,42,8171
94,43,29230
94,44,17946
94,45,6993
94,46,26299
94,47,66752
94,48,42989
94,49,22586
94,50,11290
94,51,17325
94,52,49972
94,53,11010
94,54,52288
94,55,19765
94,56,8228
94,57,10068
94,58,9162
94,59,6535
94,60,11430
94,61,158900
94,62,6485
94,63,10169
94,64,45634
94,65,9355
94,66,6952
94,67,7740
94,68,49991
94,69,535439
94,70,17062
94,71,6636
94,72,6815
94,73,8685
94,74,54175
94,75,10754
94,76,75479
94,77,103536
94,78,15290
94,79,12249
94,80,30710
94,81,36026
94,82,26545
94,83,60705
94,84,11260
94,85,8351
94,86,17188
94,87,17241
94,88,84329
94,89,35742
94,90,1616782
94,91,24413
94,92,37916
94,93,115466
94,95,7660
94,96,8651
94,97,7134
94,98,23632
94,99,144502
94,100,6782
94,101,10097
94,102,30889
94,103,858722
94,104,10484
94,105,10268
94,106,56335
94,107,7539
94,108,11701
94,109,10526
94,110,35637
94,111,9501
94,112,7434
94,113,32676
94,114,24642
94,115,6414
94,116,7102
94,117,47435
94,118,23254
94,119,36111
94,120,153054
94,121,59708
94,122,9778
94,123,13687
94,124,60579
94,125,11861728
94,126,56785
94,127,7229
95,0,34142
95,1,664274
95,2,92243
95,3,10766
95,4,20674
95,5,17769
95,6,465915
95,7,17353
95,8,7418
95,9,7490
95,10,6343
95,11,143225
95,12,34652
95,13,8137
95,14,21557
95,15,11000
95,16,15059
95,17,6391
95,18,7613
95,19,42580
95,20,21136
95,21,14028
95,22,226215
95,23,10065
95,24,32784
95,25,6928
95,26,43725
95,27,11660
95,28,168119
95,29,26230
95,30,12187
95,31,14731
95,32,14491
95,33,84241
95,34,55087
95,35,21206
95,36,18266
95,37,15477
95,38,197137
95,39,64901
95,40,33140
95,41,26081
95,42,35534
95,43,19099
95,44,11152
95,45,10860
95,46,11439
95,47,66018
95,48,98801
95,49,31710
95,50,8463820
95,51,11546
95,52,11805
95,53,9306
95,54,39148
95,55,7632
95,56,27707
95,57,9008
95,58,74367
95,59,23285
95,60,31787
95,61,7447
95,62,18945
95,63,79620
95,64,17691
95,65,83120
95,66,7182
95,67,58978
95,68,25457
95,69,13338
95,70,113502
95,71,11646
95,72,161446
95,73,29877
95,74,14871
95,75,15244
95,76,10200
95,77,71353
95,78,30742
95,79,23142
95,80,7076
95,81,11029
95,82,10133
95,83,9674
95,84,7270
95,85,138698
95,86,9232
95,87,22777
95,88,18840
95,89,972409
95,90,19366
95,91,250898
95,92,62946
95,93,23127
95,94,11787
95,96,12316
95,97,11991
95,98,9636
95,99,9391
95,100,470481
95,101,24330
95,102,84111
95,103,71320
95,104,111384
95,105,31237
95,106,6653
95,107,46528
95,108,43812
95,109,365831
95,110,6935
95,111,7054
95,112,36901
95,113,30596
95,114,15983
95,115,763857
95,116,12927
95,117,12206
95,118,44572
95,119,35399
95,120,151648
95,121,13529
95,122,7369
95,123,17029
95,124,10275
95,125,9652
95,126,8953
95,127,87577
96,0,274691
96,1,14043
96,2,67168
96,3,85523
96,4,16331
96,5,21507
96,6,11419
96,7,6460
96,8,7598
96,9,9584
96,10,9080
96,11,24783
96,12,22961
96,13,13176
96,14,100067
96,15,26571
96,16,146454
96,17,23653
96,18,1256267
96,19,31531
96,20,73420
96,21,7508
96,22,8078
96,23,42847
96,24,6559
96,25,25564
96,26,6655
96,27,12037
96,28,15508
96,29,19306
96,30,10016
96,31,42274
96,32,9944
96,33,57632
96,34,8009
96,35,8350
96,36,26893
96,37,51760
96,38,11868
96,39,16727
96,40,14424
96,41,8390
96,42,12021
96,43,10196
96,44,19280
96,45,9874
96,46,6836
96,47,6922
96,48,10555
96,49,179029
96,50,9420
96,51,49161
96,52,2122163
96,53,13448
96,54,11087
96,55,7024
96,56,229421
96,57,42136
96,58,22193
96,59,7965
96,60,10667
96,61,43798
96,62,12948
96,63,7903
96,64,63026
96,65,9216
96,66,20237
96,67,12485
96,68,6967
96,69,60832
96,70,6657
96,71,34563
96,72,2672249
96,73,34721
96,74,17005
96,75,73803
96,76,14224
96,77,6421
96,78,9095
96,79,7127
96,80,24829
96,81,347469
96,82,23356
96,83,34642
96,84,7070
96,85,35983
96,86,43390
96,87,20691
96,88,24995
96,89,28376
96,90,8805
96,91,46756
96,92,99950
96,93,18737
96,94,19431
96,95,367858
96,97,88138
96,98,56091
96,99,54809
96,100,7048
96,101,7595
96,102,25811
96,103,160419
96,104,79343
96,105,25570
96,106,6579
96,107,15836
96,108,13210
96,109,7031
96,110,197317
96,111,35617
96,112,13373
96,113,16101
96,114,11754
96,115,83850
96,116,10499
96,117,7652
96,118,9515
96,119,22991
96,120,8437
96,121,14339
96,122,275005
96,123,16511
96,124,4572951
96,125,224863
96,126,28613
96,127,15441
97,0,32443
97,1,10044
97,2,147558
97,3,23611
97,4,7883
97,5,42329
97,6,32346
97,7,130147
97,8,15737
97,9,8376
97,10,30492
97,11,6680
97,12,6562
97,13,8295
97,14,57539
97,15,7387
97,16,8116
97,17,11374
97,18,88992
97,19,8241
97,20,9198
97,21,8147
97,22,24341
97,23,13681
97,24,56157
97,25,7926
97,26,7574
97,27,22533
97,28,13622
97,29,14820
97,30,12441
97,31,6527
97,32,159783
97,33,792234
97,34,8436
97,35,13738
97,36,56514
97,37,14190
97,38,10637
97,39,12650
97,40,44526
97,41,64201
97,42,5769717
97,43,22198
97,44,21670
97,45,7708
97,46,9899
97,47,13326
97,48,678142
97,49,14380
97,50,107734
97,51,40307
97,52,16187
97,53,49700
97,54,7003
97,55,10185
97,56,16325
97,57,19973
97,58,8681
97,59,11271
97,60,50881
97,61,8069
97,62,1217850
97,63,162876
97,64,22015
97,65,15232
97,66,24474
97,67,361338
97,68,41822
97,69,3916080
97,70,30253
97,71,11149
97,72,65614
97,73,18154
97,74,30025
97,75,8881
97,76,6532
97,77,77866
97,78,16953
97,79,41619
97,80,7116
97,81,123754
97,82,6510
97,83,7446
97,84,6821
97,85,76657
97,86,14693
97,87,367349
97,88,41284
97,89,16252
97,90,449791
97,91,57608
97,92,8376
97,93,7007
97,94,26425
97,95,10161
97,96,12361
97,98,8863
97,99,113861
97,100,738759
97,101,8067
97,102,137603
97,103,17306
97,104,249559
97,105,10135
97,106,62175
97,107,10020
97,108,8535
97,109,6415
97,110,6592
97,111,13375
97,112,174527
97,113,47925
97,114,8919
97,115,59463
97,116,20624
97,117,68260
97,118,25439
97,119,81565
97,120,11504
97,121,431902
97,122,26293
97,123,71685
97,124,25380
97,125,7724
97,126,17607
97,127,6761
98,0,2131644
98,1,616853
98,2,6138489
98,3,43579
98,4,50712
98,5,12694
98,6,167157
98,7,13809
98,8,62228
98,9,9960
98,10,51432
98,11,22080
98,12,7615
98,13,128896
98,14,8121
98,15,48984
98,16,22160
98,17,250361
98,18,9117
98,19,7579
98,20,1031879
98,21,17071
98,22,7857
98,23,164327
98,24,349329
98,25,17736
98,26,16350
98,27,9725
98,28,6460
98,29,134690
98,30,89569
98,31,34751
98,32,6742
98,33,52268
98,34,10207
98,35,22379
98,36,6643
98,37,34523
98,38,24966
98,39,27268
98,40,9384
98,41,7118
98,42,85478
98,43,12145
98,44,12062
98,45,9248
98,46,16254
98,47,8115
98,48,23795
98,49,1153448
98,50,10406
98,51,106046
98,52,14966
98,53,28178
98,54,724353
98,55,12176
98,56,6849
98,57,13819
98,58,1088291
98,59,10137
98,60,9603
98,61,56852
98,62,26526
98,63,30905
98,64,8756
98,65,18386
98,66,44316
98,67,34493
98,68,13328
98,69,11067
98,70,18400
98,71,238271
98,72,43974
98,73,11663
98,74,12642
98,75,31070
98,76,101063
98,77,16470
98,78,21588
98,79,13570
98,80,6801
98,81,38846
98,82,6564
98,83,51509
98,84,31865
98,85,25817
98,86,21391
98,87,51260
98,88,188635
98,89,18469
98,90,25594
98,91,383674
98,92,8721
98,93,18719
98,94,40294
98,95,152231
98,96,18232
98,97,302866
98,99,28199
98,100,7849
98,101,132525
98,102,10050
98,103,34415
98,104,6631
98,105,47085
98,106,40053
98,107,8403
98,108,16965
98,109,10739
98,110,36879
98,111,24397
98,112,334900
98,113,2526631
98,114,8593
98,115,32417
98,116,30372
98,117,482226
98,118,9285
98,119,172346
98,120,41931
98,121,34026
98,122,27388
98,123,60029
98,124,12731
98,125,6835
98,126,8727
98,127,106949
99,0,7089
99,1,149921
99,2,113717
99,3,6470
99,4,6692
99,5,92753
99,6,122849
99,7,39245
99,8,54980
99,9,41972
99,10,12461
99,11,24314
99,12,17834
99,13,13413
99,14,149353
99,15,67288
99,16,74014
99,17,786781
99,18,24886
99,19,117412
99,20,138398
99,21,7808
99,22,7069
99,23,7348
99,24,34484
99,25,12780
99,26,24932
99,27,29993
99,28,31278
99,29,12414
99,30,58714
99,31,12580
99,32,17906
99,33,71785
99,34,14912
99,35,20409
99,36,6780
99,37,127927
99,38,53309
99,39,38822
99,40,9561
99,41,58524
99,42,6765
99,43,14291
99,44,11922
99,45,11580
99,46,54490
99,47,37448
99,48,23269
99,49,1711194
99,50,7856
99,51,25035
99,52,7132
99,53,7273
99,54,11332
99,55,19007
99,56,427942
99,57,31753
99,58,12607
99,59,33815
99,60,17791
99,61,9743
99,62,12029978
99,63,22250
99,64,17543
99,65,134499
99,66,12306
99,67,23066
99,68,28412
99,69,7531
99,70,14183
99,71,37470
99,72,39209
99,73,7403
99,74,11231
99,75,10415
99,76,53822
99,77,39739
99,78,122604
99,79,12420
99,80,9681
99,81,26007
99,82,12425
99,83,11670
99,84,8203
99,85,62865
99,86,1097668
99,87,8388
99,88,16668
99,89,133178
99,90,7713
99,91,6381
99,92,11489
99,93,17704
99,94,26520
99,95,8322
99,96,98348
99,97,11578
99,98,44542
99,100,7414
99,101,40091
99,102,516059
99,103,20149
99,104,156419
99,105,9407
99,106,15758
99,107,11217
99,108,126711
99,109,8843
99,110,11115
99,111,19583
99,112,48389
99,113,7053
99,114,97730
99,115,7242
99,116,9264
99,117,22484
99,118,41700
99,119,16065
99,120,24134
99,121,13389
99,122,9262
99,123,9422
99,124,30245
99,125,8235
99,126,107602
99,127,14573
100,0,199500
100,1,8512
100,2,66841
100,3,675330
100,4,19579
100,5,12201
100,6,23977
100,7,6342
100,8,22802
100,9,41471
100,10,62838
100,11,7876
100,12,6344
100,13,6878
100,14,8186
100,15,74616
100,16,9700
100,17,342439
100,18,18644
100,19,19484
100,20,29417
100,21,65816
100,22,25854
100,23,7581
100,24,9722
100,25,74723
100,26,19165
100,27,36671
100,28,9438
100,29,7164
100,30,24614
100,31,26938
100,32,16285
100,33,20869
100,34,33682
100,35,6750
100,36,352624
100,37,7681
100,38,7840
100,39,201350
100,40,13166
100,41,28150
100,42,62386
100,43,50248
100,44,23290
100,45,41538
100,46,13436
100,47,12295
100,48,18754
100,49,28263
100,50,36758
100,51,143013
100,52,6719
100,53,131602
100,54,48458
100,55,14890
100,56,71452
100,57,15181
100,58,28440
100,59,5303310
100,60,4253239
100,61,27109
100,62,56582
100,63,58334
100,64,8035
100,65,11316
100,66,120355
100,67,69826
100,68,20347
100,69,373007
100,70,31404
100,71,233418
100,72,6668
100,73,15615
100,74,12244
100,75,53268
100,76,19113
100,77,8283
100,78,56469
100,79,11266
100,80,10149
100,81,27004
100,82,4223322
100,83,10387
100,84,22085
100,85,12848
100,86,23971
100,87,21472
100,88,50619
100,89,33012
100,90,7064
100,91,10833
100,92,9073
100,93,151881
100,94,15379
100,95,61240
100,96,25946
100,97,2272165
100,98,8360
100,99,386421
100,101,124671
100,102,8007
100,103,9975
100,104,30380
100,105,8167
100,106,41099
100,107,22336
100,108,15636
100,109,11472
100,110,12454
100,111,1530744
100,112,483027
100,113,29007
100,114,16884
100,115,6689
100,116,11880
100,117,7144
100,118,54787
100,119,15711
100,120,241012
100,121,195350
100,122,7271
100,123,8415
100,124,7492
100,125,64563
100,126,13732
100,127,57701
101,0,105536
101,1,59341
101,2,7724
101,3,340640
101,4,23496
101,5,133084
101,6,12194
101,7,14344
101,8,8782
101,9,59610
101,10,9244
101,11,82652
101,12,37893
101,13,64844
101,14,6585
101,15,9395
101,16,467429
101,17,9662
101,18,16557
101,19,39039
101,20,11877
101,21,246654
101,22,31616
101,23,7066
101,24,10305
101,25,11912
101,26,40256
101,27,13662
101,28,2539317
101,29,96458
101,30,11575
101,31,6797
101,32,34731
101,33,27469
101,34,29607
101,35,24430
101,36,7763
101,37,10398
101,38,13865
101,39,36292
101,40,29822
101,41,8476
101,42,12090
101,43,297070
101,44,16190
101,45,26886
101,46,6372
101,47,8830
101,48,32293
101,49,7888
101,50,145908
101,51,15204
101,52,8913
101,53,2261621
101,54,8611
101,55,90741
101,56,65902
101,57,7509
101,58,23517
101,59,8968
101,60,9559
101,61,25534
101,62,10581
101,63,158149
101,64,12336
101,65,176155
101,66,146345
101,67,84636
101,68,232704
101,69,24031
101,70,97340
101,71,657517
101,72,38595
101,73,7109
101,74,8111
101,75,8071
101,76,8735
101,77,9712
101,78,69476
101,79,9904
101,80,35857
101,81,1248423
101,82,8010
101,83,21489
101,84,8412
101,85,32091
101,86,546080
101,87,7083
101,88,68848
101,89,33335
101,90,17678
101,91,18249
101,92,11161
101,93,11845
101,94,8354
101,95,11920
101,96,6451
101,97,20433
101,98,28462
101,99,25433
101,100,7237
101,102,15695
101,103,22090
101,104,12592
101,105,29562
101,106,8823
101,107,8274
101,108,17578
101,109,9703
101,110,7920
101,111,7355
101,112,13262
101,113,7190
101,114,309234
101,115,27221
101,116,37607
101,117,13202
101,118,125007
101,119,47603
101,120,9901
101,121,11148
101,122,385869
101,123,9484
101,124,12919
101,125,9782
101,126,10593
101,127,120276
102,0,567400
102,1,7040
102,2,80868
102,3,10800
102,4,26584
102,5,12313
102,6,66663
102,7,14859
102,8,65241
102,9,51605
102,10,27422
102,11,22738
102,12,620485
102,13,8394
102,14,10393
102,15,105600
102,16,31736
102,17,18420
102,18,17269
102,19,43521
102,20,160164
102,21,15069
102,22,410846
102,23,31253
102,24,6918
102,25,990699
102,26,23434
102,27,228498
102,28,2787174
102,29,11425
102,30,13432
102,31,51318
102,32,6888
102,33,7621
102,34,18967
102,35,26564
102,36,8489
102,37,6978
102,38,8094
102,39,22403
102,40,20989
102,41,74084
102,42,16977
102,43,205522
102,44,645638
102,45,6646
102,46,14505
102,47,18794
102,48,12938
102,49,12216
102,50,6490
102,51,7572
102,52,17406
102,53,8857448
102,54,161704
102,55,16445
102,56,7281
102,57,166205
102,58,24364
102,59,19587
102,60,29304
102,61,19537
102,62,28101
102,63,11680
102,64,16387
102,65,32703
102,66,30613
102,67,55346
102,68,16491
102,69,22345
102,70,39590
102,71,69287
102,72,6619
102,73,9971
102,74,97954
102,75,9014
102,76,14260
102,77,9166
102,78,454096
102,79,18372
102,80,39565
102,81,35174
102,82,21950
102,83,102016
102,84,13066
102,85,54322
102,86,10314
102,87,87298
102,88,11245
102,89,10928
102,90,8310
102,91,9961
102,92,7989
102,93,17032
102,94,937474
102,95,31328643
102,96,14422
102,97,6734
102,98,11774
102,99,23764
102,100,15697
102,101,7405
102,103,8947
102,104,7978
102,105,23486
102,106,6563
102,107,14278
102,108,10849
102,109,59782
102,110,24920
102,111,46286
102,112,86335
102,113,12816
102,114,13039
102,115,14341
102,116,772541
102,117,648247
102,118,7292
102,119,10562
102,120,9623
102,121,25714
102,122,10868
102,123,45214
102,124,35492
102,125,39026
102,126,22851
102,127,17854
103,0,8238
103,1,159910
103,2,6463
103,3,8248
103,4,7666
103,5,15007
103,6,69098
103,7,16893
103,8,6886
103,9,9128
103,10,8910
103,11,41059
103,12,7166
103,13,8086
103,14,10500
103,15,7988
103,16,7896
103,17,42538
103,18,13947
103,19,7678
103,20,11759
103,21,25180
103,22,57655
103,23,28962
103,24,8386
103,25,8395
103,26,53411
103,27,753650
103,28,91038
103,29,1867345
103,30,11038
103,31,421474
103,32,25256
103,33,16436
103,34,29722247
103,35,6368
103,36,37234
103,37,38774
103,38,6491
103,39,36421
103,40,251167
103,41,50544
103,42,7210
103,43,30404
103,44,61731
103,45,9768
103,46,6353
103,47,10783
103,48,144288
103,49,11964
103,50,16968
103,51,10395
103,52,57493
103,53,7319
103,54,12569
103,55,89957
103,56,10390
103,57,6646
103,58,6986
103,59,6881
103,60,10674
103,61,55629
103,62,6339
103,63,6348
103,64,6830
103,65,22278
103,66,12214
103,67,98404
103,68,29395
103,69,16140
103,70,303235
103,71,37078
103,72,120991
103,73,9544
103,74,180417
103,75,424041
103,76,19195
103,77,8544
103,78,9394
103,79,19217
103,80,7772
103,81,11060
103,82,14226
103,83,10997
103,84,8456
103,85,15482
103,86,8619
103,87,11298
103,88,10953
103,89,54575
103,90,8418
103,91,7756
103,92,21945
103,93,27796
103,94,46126
103,95,7812
103,96,9218
103,97,19695
103,98,30079
103,99,10621
103,100,232231
103,101,11125
103,102,282703
103,104,10423
103,105,14090
103,106,112788
103,107,71585
103,108,29962
103,109,173649
103,110,7337
103,111,10051
103,112,42315
103,113,6551
103,114,7699
103,115,12098
103,116,88610785
103,117,27255
103,118,95806
103,119,50009
103,120,16827
103,121,87344
103,122,9820
103,123,9184
103,124,226441
103,125,119961
103,126,9268
103,127,7194
104,0,21387
104,1,17394
104,2,14112
104,3,7000
104,4,18043
104,5,19710
104,6,82022
104,7,19389
104,8,11394
104,9,59415
104,10,23346
104,11,141862
104,12,10299
104,13,8405
104,14,9910
104,15,6657
104,16,177205
104,17,39802
104,18,29147
104,19,6862
104,20,158024
104,21,19423
104,22,49918
104,23,26311
104,24,6717
104,25,82992
104,26,6387
104,27,188970
104,28,16830
104,29,14846
104,30,38786
104,31,28918
104,32,11893
104,33,10334
104,34,13938
104,35,10465
104,36,26001
104,37,8108
104,38,15219
104,39,49393
104,40,209243
104,41,38547
104,42,12154
104,43,89328
104,44,10735
104,45,8602
104,46,6776
104,47,683825
104,48,249826
104,49,7955
104,50,6537
104,51,9792
104,52,10385
104,53,32064
104,54,11357
104,55,7844
104,56,11649
104,57,33076
104,58,7736
104,59,376155
104,60,10410
104,61,7126
104,62,103351
104,63,21982
104,64,86244
104,65,38488
104,66,28390
104,67,10614
104,68,34513
104,69,35825
104,70,6739
104,71,7182
104,72,10981
104,73,124755
104,74,23429
104,75,111245
104,76,16534
104,77,17253
104,78,682397
104,79,81318
104,80,82232
104,81,7607
104,82,49663
104,83,15037
104,84,50750
104,85,6629
104,86,2514050
104,87,87716
104,88,20262
104,89,147004
104,90,14449
104,91,10458
104,92,2686179
104,93,48685
104,94,13056
104,95,56268
104,96,6743
104,97,18507
104,98,7009
104,99,10237
104,100,133272
104,101,126798
104,102,22047
104,103,12925
104,105,12391
104,106,12311
104,107,8475
104,108,14990
104,109,593519
104,110,182296
104,111,6489
104,112,13359
104,113,114586
104,114,13755
104,115,9615
104,116,14808
104,117,11962
104,118,9373
104,119,8989
104,120,17303
104,121,157280
104,122,7860
104,123,29799
104,124,18066
104,125,7048
104,126,10559
104,127,24972
105,0,11371
105,1,18669
105,2,200606
105,3,11526
105,4,6969
105,5,33739
105,6,6483
105,7,7661
105,8,9297
105,9,36846
105,10,9980
105,11,20809
105,12,9604
105,13,8515
105,14,13467
105,15,169089
105,16,9990
105,17,20865
105,18,25239
105,19,55281
105,20,71254
105,21,11048
105,22,14332
105,23,75153
105,24,614451
105,25,13845
105,26,9542
105,27,8271
105,28,24183
105,29,26349
105,30,28772
105,31,30364
105,32,15222
105,33,12784
105,34,18812
105,35,10006
105,36,1837227
105,37,12666
105,38,124337
105,39,291111
105,40,8040
105,41,16365
105,42,37527
105,43,6925
105,44,6576
105,45,19862
105,46,11738
105,47,11140
105,48,43477
105,49,20750
105,50,19299
105,51,25618
105,52,7662
105,53,7196
105,54,7244
105,55,435249
105,56,62785
105,57,1487928
105,58,8524
105,59,21338
105,60,10244
105,61,7990
105,62,16390
105,63,58476
105,64,38347
105,65,7444
105,66,10318
105,67,31329
105,68,20201
105,69,119882
105,70,15356
105,71,95054
105,72,3224136
105,73,6827
105,74,312309
105,75,9734
105,76,8119
105,77,135843
105,78,149127
105,79,21189
105,80,22212
105,81,30032
105,82,28220
105,83,38441
105,84,7366
105,85,11602
105,86,23234
105,87,877891
105,88,7260
105,89,12556
105,90,1103995
105,91,35348
105,92,62518
105,93,80180
105,94,1604850
105,95,9721
105,96,13456
105,97,20298
105,98,7507
105,99,72731
105,100,8425
105,101,8426
105,102,55694
105,103,149693
105,104,120911
105,106,26958
105,107,177054
105,108,15164
105,109,17798
105,110,16583
105,111,20959
105,112,18256
105,113,8352
105,114,52111
105,115,10650
105,116,8038
105,117,30572
105,118,30166
105,119,34942
105,120,8429
105,121,1875003
105,122,13113
105,123,11895
105,124,8179
105,125,7694
105,126,6578
105,127,12499
106,0,9784
106,1,85837
106,2,40706
106,3,12258
106,4,6832
106,5,56002
106,6,28999
106,7,7310
106,8,94049
106,9,9979
106,10,112293
106,11,11369
106,12,14125
106,13,81690
106,14,6561
106,15,60278
106,16,10041
106,17,911467
106,18,53452
106,19,15308
106,20,7115
106,21,24558
106,22,33104
106,23,32993
106,24,23532
106,25,26796
106,26,13740
106,27,20607
106,28,8083
106,29,8561
106,30,20274
106,31,7470
106,32,18705
106,33,35962
106,34,18013
106,35,35888
106,36,25053
106,37,278489
106,38,15325
106,39,14632
106,40,10775
106,41,73455
106,42,36989
106,43,13125
106,44,22355
106,45,13860
106,46,16815
106,47,27899
106,48,76360
106,49,204179
106,50,19772
106,51,15371
106,52,54958
106,53,19703
106,54,895537
106,55,6647
106,56,246916
106,57,6378
106,58,430575
106,59,9031
106,60,54554
106,61,21041
106,62,42763
106,63,457735
106,64,78911
106,65,170352
106,66,122767
106,67,10397
106,68,370417
106,69,15796
106,70,36389
106,71,42552
106,72,11751
106,73,7105
106,74,9507
106,75,34881
106,76,329743
106,77,123920
106,78,21382
106,79,43318
106,80,6779
106,81,292148
106,82,10152
106,83,11910
106,84,7774
106,85,9161
106,86,52386
106,87,57194
106,88,17425
106,89,7882
106,90,9977
106,91,18733
106,92,6677
106,93,6367238
106,94,25678
106,95,13101
106,96,11383
106,97,63541
106,98,21683
106,99,18553
106,100,9436
106,101,81277
106,102,20372
106,103,22557
106,104,14667
106,105,25227
106,107,20446
106,108,6838
106,109,1432229
106,110,536392
106,111,8061
106,112,6400
106,113,40810
106,114,185177
106,115,285016
106,116,14059
106,117,24480
106,118,57057
106,119,110692
106,120,8063
106,121,34662
106,122,19066
106,123,9059
106,124,22901
106,125,19890
106,126,47152
106,127,12600
107,0,11537
107,1,10191
107,2,30685
107,3,630347
107,4,20587
107,5,13597
107,6,22635
107,7,7599
107,8,19859
107,9,42805
107,10,18584
107,11,40590
107,12,11817
107,13,19058193
107,14,15858
107,15,55195
107,16,79979
107,17,23748
107,18,62545
107,19,17890
107,20,23152
107,21,22552
107,22,803332
107,23,10100
107,24,271899
107,25,11999
107,26,12402
107,27,53863
107,28,14684
107,29,7701
107,30,10906
107,31,69004
107,32,50340
107,33,30476
107,34,11192
107,35,446256
107,36,18963
107,37,29289
107,38,272825
107,39,11945
107,40,19080
107,41,102984
107,42,6703
107,43,38218
107,44,8797
107,45,216188
107,46,17157
107,47,10102
107,48,65844
107,49,9462
107,50,13266
107,51,11070
107,52,9479
107,53,112859
107,54,10786
107,55,9386
107,56,23031
107,57,12278
107,58,23465
107,59,36367
107,60,23769
107,61,7284
107,62,29684
107,63,7102
107,64,16694
107,65,24106
107,66,94788
107,67,10203
107,68,17729
107,69,6553
107,70,13587
107,71,116882
107,72,17447
107,73,41138
107,74,38370
107,75,12472
107,76,12536
107,77,19370
107,78,17831
107,79,2604370
107,80,8289
107,81,29838
107,82,29297
107,83,11542
107,84,16328
107,85,40876
107,86,11944
107,87,13168
107,88,8231
107,89,108063
107,90,44301
107,91,16586
107,92,6711
107,93,62333
107,94,12814
107,95,7915
107,96,34972
107,97,93010
107,98,64507
107,99,18410
107,100,7002
107,101,14081
107,102,11420
107,103,41125
107,104,17337
107,105,16465
107,106,6778
107,108,40693
107,109,6397
107,110,6716
107,111,28248589
107,112,479838
107,113,6673815
107,114,9241
107,115,18826
107,116,31960
107,117,10888
107,118,54894
107,119,13041
107,120,262346
107,121,7992
107,122,11668
107,123,526987
107,124,225088
107,125,6369
107,126,73385
107,127,18327
108,0,44376
108,1,9229
108,2,12204
108,3,24943
108,4,432568
108,5,10048
108,6,165261
108,7,10810
108,8,18952
108,9,14905
108,10,6389
108,11,11930
108,12,21467
108,13,17216
108,14,22297
108,15,7839
108,16,13764
108,17,21002
108,18,28896
108,19,22165
108,20,6678
108,21,9883
108,22,20479
108,23,43218
108,24,14116
108,25,21145
108,26,13556
108,27,29661
108,28,8747
108,29,15285
108,30,23939299
108,31,11799
108,32,10538
108,33,6645
108,34,9163
108,35,437278
108,36,20017
108,37,134309
108,38,9740
108,39,20516
108,40,9006
108,41,237042
108,42,7038
108,43,36475
108,44,6194378
108,45,23147
108,46,35053
108,47,10798
108,48,34632
108,49,7119
108,50,20916
108,51,8896
108,52,29073
108,53,10600
108,54,38101
108,55,7396
108,56,11184
108,57,9828
108,58,70178
108,59,8242
108,60,8816
108,61,11293
108,62,97786
108,63,9055
108,64,9374
108,65,36047
108,66,10978
108,67,53967
108,68,7139
108,69,15201
108,70,140418
108,71,9748
108,72,7258
108,73,10373966
108,74,12104
108,75,11181
108,76,91839
108,77,842261
108,78,63378
108,79,34962
108,80,28024
108,81,18694
108,82,77031
108,83,10192
108,84,7527
108,85,16151
108,86,1146643
108,87,93839
108,88,8519
108,89,6741
108,90,12010
108,91,1659732
108,92,8262
108,93,40028
108,94,8572
108,95,7999
108,96,66398
108,97,9256
108,98,55173
108,99,161834
108,100,15287
108,101,98291
108,102,6857
108,103,14665
108,104,11583
108,105,7301
108,106,11313
108,107,12057
108,109,44406
108,110,37997
108,111,27975
108,112,88516
108,113,21584
108,114,6529
108,115,7945
108,116,15855
108,117,8988
108,118,21894
108,119,8962
108,120,162093
108,121,44967
108,122,6917
108,123,14672
108,124,30292
108,125,11398
108,126,74119
108,127,42177
109,0,15384
109,1,19965
109,2,68229
109,3,215142
109,4,11035
109,5,959687
109,6,154003
109,7,38055
109,8,70534
109,9,9552
109,10,8006
109,11,39392
109,12,97173
109,13,73074
109,14,26854
109,15,6483
109,16,90005
109,17,6770
109,18,24150
109,19,7723
109,20,923138
109,21,30428
109,22,11812
109,23,200792
109,24,21853
109,25,985415
109,26,8806
109,27,8382
109,28,12479
109,29,64591
109,30,9933
109,31,10734
109,32,5622826
109,33,10124
109,34,11569
109,35,7219
109,36,4472938
109,37,14851
109,38,8223
109,39,287024
109,40,6926
109,41,213077
109,42,223304
109,43,11873
109,44,26686
109,45,15555
109,46,59196
109,47,11025
109,48,69667
109,49,24800
109,50,6748
109,51,171915
109,52,1779364
109,53,11655
109,54,190660
109,55,31137
109,56,31659
109,57,916106
109,58,9396
109,59,33456
109,60,10866
109,61,41740
109,62,12318
109,63,10274
109,64,930260
109,65,24358
109,66,37835
109,67,6434
109,68,24874
109,69,8885
109,70,15042
109,71,16747
109,72,13971
109,73,218517
109,74,1498443
109,75,6845
109,76,32857
109,77,11081
109,78,473566
109,79,6472
109,80,7201
109,81,32595
109,82,14873
109,83,14431
109,84,8868
109,85,13409
109,86,9994
109,87,9234
109,88,442767
109,89,9776
109,90,21272
109,91,57332
109,92,10252
109,93,6994
109,94,9383
109,95,16528
109,96,7307
109,97,8049
109,98,29044
109,99,31925
109,100,81031
109,101,6451
109,102,16803
109,103,103659
109,104,8589
109,105,42918
109,106,19568
109,107,234856
109,108,6360
109,110,13903
109,111,10632
109,112,7669
109,113,84504
109,114,7944
109,115,644340
109,116,12583
109,117,30142
109,118,8709
109,119,68568
109,120,10493
109,121,117336
109,122,2039903
109,123,12858
109,124,46610
109,125,47268
109,126,28663
109,127,280097
110,0,50638
110,1,19722
110,2,7657
110,3,11557
110,4,32434
110,5,60403
110,6,7345
110,7,6743
110,8,65384
110,9,7502
110,10,7861
110,11,10837
110,12,19363
110,13,51127
110,14,9160
110,15,6864
110,16,6623
110,17,6340
110,18,262056
110,19,32793
110,20,131145
110,21,7399
110,22,10951
110,23,8720
110,24,14988
110,25,7801
110,26,48199
110,27,308474
110,28,8122
110,29,28185
110,30,14367
110,31,41444
110,32,12990
110,33,8749
110,34,12016
110,35,8743
110,36,12436
110,37,7000
110,38,8422
110,39,133459
110,40,75881
110,41,113789
110,42,244320
110,43,25600
110,44,49268
110,45,9206
110,46,50451
110,47,12308
110,48,22936
110,49,72459
110,50,12465
110,51,43960
110,52,36868
110,53,688139
110,54,231994
110,55,36519
110,56,9793
110,57,15844
110,58,7573
110,59,66575
110,60,36143
110,61,6573
110,62,11676
110,63,31744
110,64,16606
110,65,10937
110,66,13031
110,67,56113
110,68,11815
110,69,12988
110,70,72765
110,71,7557
110,72,264387
110,73,182139
110,74,6357
110,75,160675
110,76,8334
110,77,10957
110,78,10355
110,79,8527
110,80,12478
110,81,8277
110,82,6624
110,83,38020
110,84,13677
110,85,23679
110,86,10941
110,87,26155
110,88,6650
110,89,5528326
110,90,12064
110,91,8650
110,92,8620
110,93,281395
110,94,22431
110,95,26255
110,96,11106
110,97,580214594
110,98,27556806
110,99,17870
110,100,16662
110,101,715006
110,102,88232
110,103,10194
110,104,38358
110,105,6540
110,106,24215
110,107,10163
110,108,7482
110,109,77220
110,111,7583
110,112,8583
110,113,132804
110,114,23512
110,115,30914
110,116,11235
110,117,16223
110,118,131970
110,119,33853
110,120,58762
110,121,301035
110,122,2631173
110,123,129074
110,124,71089
110,125,6881
110,126,14839
110,127,7541
111,0,6918
111,1,10138
111,2,7428
111,3,45760
111,4,29319
111,5,25510
111,6,378278
111,7,30702
111,8,34474
111,9,10727
111,10,51452
111,11,103045
111,12,591266
111,13,18389
111,14,119023
111,15,12767
111,16,25001
111,17,12227
111,18,23616
111,19,11496
111,20,8240
111,21,25516
111,22,5482064
111,23,42081
111,24,33625
111,25,6532
111,26,116958
111,27,6732
111,28,7100
111,29,8002
111,30,8338
111,31,9371
111,32,6473
111,33,7898
111,34,17953
111,35,8440
111,36,549043
111,37,9663
111,38,8466
111,39,46030
111,40,10107
111,41,8877
111,42,20306
111,43,15015
111,44,116732
111,45,8963
111,46,6499
111,47,10476
111,48,12803
111,49,17517
111,50,8781
111,51,8266
111,52,7915
111,53,26660
111,54,14949
111,55,496140
111,56,17867
111,57,8416
111,58,161963
111,59,91990
111,60,8578
111,61,799604
111,62,11853
111,63,76732
111,64,203798
111,65,10525
111,66,10325
111,67,13660
111,68,34871
111,69,7018
111,70,68755
111,71,153527
111,72,59980
111,73,81731
111,74,6841
111,75,83980
111,76,31004
111,77,46561
111,78,9755
111,79,64704
111,80,19221
111,81,37178
111,82,6467
111,83,6856
111,84,78173
111,85,15506
111,86,957176
111,87,3301513
111,88,38666
111,89,10382
111,90,199867
111,91,7441
111,92,53801
111,93,23305
111,94,9441
111,95,19224
111,96,318212
111,97,9927
111,98,21593
111,99,8207
111,100,81524
111,101,6825
111,102,9871
111,103,9602
111,104,14500
111,105,13787
111,106,54617
111,107,13377
111,108,25392
111,109,6346
111,110,16060
111,112,29815
111,113,180884
111,114,28094
111,115,145364
111,116,7046
111,117,7088
111,118,128015
111,119,11634
111,120,69224
111,121,6828
111,122,142174
111,123,60655
111,124,22057
111,125,19668
111,126,278809
111,127,10843
112,0,399487
112,1,8256
112,2,7728
112,3,16621
112,4,7932
112,5,52824
112,6,17065
112,7,23774
112,8,314648
112,9,11843
112,10,7651
112,11,15906
112,12,6865
112,13,23213
112,14,10022
112,15,89520
112,16,31320
112,17,68015
112,18,15516
112,19,6571
112,20,382042
112,21,17814
112,22,7722
112,23,69130
112,24,58452
112,25,9340
112,26,9394174
112,27,175264
112,28,104278
112,29,6909
112,30,18599
112,31,12860
112,32,8941
112,33,9701
112,34,11631
112,35,33635
112,36,7415
112,37,13986
112,38,17087
112,39,9677
112,40,8728
112,41,7177
112,42,19003
112,43,17231
112,44,7833
112,45,157157
112,46,10049
112,47,47452
112,48,585697
112,49,12169
112,50,10187
112,51,20029
112,52,96403
112,53,9858
112,54,190320
112,55,9731
112,56,42109
112,57,20595
112,58,86471
112,59,13792
112,60,42205
112,61,23218
112,62,65356
112,63,9127
112,64,31873
112,65,108527
112,66,6872
112,67,8665
112,68,9801
112,69,7765
112,70,49357
112,71,6433
112,72,7881
112,73,9696
112,74,17023
112,75,7036
112,76,8734
112,77,9699
112,78,8428
112,79,115540
112,80,26106
112,81,22326
112,82,170634
112,83,15121
112,84,23021
112,85,6853
112,86,200977
112,87,20946
112,88,111593
112,89,11016
112,90,7043
112,91,13856
112,92,8218
112,93,23167
112,94,27865
112,95,12525
112,96,39087
112,97,12338
112,98,14436
112,99,37812
112,100,10240
112,101,6945
112,102,13713
112,103,6719
112,104,8525
112,105,14068
112,106,18441
112,107,41046
112,108,18073
112,109,7103
112,110,29630
112,111,7387
112,113,14301
112,114,6442
112,115,6988
112,116,7911
112,117,17674
112,118,6991
112,119,10925
112,120,100945
112,121,7738
112,122,93113
112,123,20001
112,124,95644
112,125,16995
112,126,42636
112,127,10975
113,0,56246
113,1,13789
113,2,6715
113,3,90103
113,4,12685
113,5,988051
113,6,18776
113,7,17739
113,8,7665
113,9,6641
113,10,39914
113,11,46560855
113,12,53472
113,13,113215
113,14,55044
113,15,27962
113,16,10658
113,17,6981
113,18,29546
113,19,532597
113,20,21414
113,21,11392
113,22,12856
113,23,7174
113,24,7351
113,25,52605
113,26,13117
113,27,8766
113,28,23966
113,29,18989
113,30,16677
113,31,6477
113,32,7161
113,33,6768
113,34,7269
113,35,18347996
113,36,1829824
113,37,17742
113,38,635377
113,39,427287
113,40,10697
113,41,8371
113,42,71652
113,43,347932
113,44,59831
113,45,8296
113,46,6391
113,47,8480
113,48,1379921
113,49,7146
113,50,10307
113,51,13668
113,52,32134
113,53,15879
113,54,214519
113,55,28010
113,56,11437
113,57,11878
113,58,11732
113,59,23684
113,60,26249
113,61,371450
113,62,108594
113,63,19476
113,64,12235
113,65,7474
113,66,8194
113,67,8016
113,68,32126
113,69,18923
113,70,15418
113,71,8107
113,72,17658
113,73,11892
113,74,10835
113,75,231758
113,76,7976
113,77,7034
113,78,9694
113,79,11180
113,80,6383
113,81,51915
113,82,10989
113,83,10689
113,84,7466
113,85,13643
113,86,3186574
113,87,196598
113,88,99603
113,89,38417
113,90,10487
113,91,10036
113,92,14951
113,93,47620
113,94,27816
113,95,17105
113,96,146235
113,97,8380
113,98,7886
113,99,13196
113,100,8033
113,101,353574
113,102,10741
113,103,27713
113,104,13692
113,105,22005
113,106,9300
113,107,39578
113,108,72020
113,109,765581
113,110,64452
113,111,9697
113,112,6620
113,114,10045
113,115,94628
113,116,12343
113,117,36249
113,118,37279
113,119,21445
113,120,20541
113,121,9673
113,122,7909
113,123,145581
113,124,41418
113,125,17309
113,126,143648
113,127,1552929
114,0,7208
114,1,584594
114,2,13841
114,3,8430
114,4,846327
114,5,6850
114,6,8226
114,7,20141
114,8,6618
114,9,92600
114,10,90643
114,11,8201
114,12,33597
114,13,7420
114,14,18140
114,15,11252
114,16,6453
114,17,11045
114,18,13078
114,19,12670
114,20,904583
114,21,1225376
114,22,30316
114,23,6867
114,24,6536
114,25,10711
114,26,167020
114,27,27281
114,28,8136
114,29,46806
114,30,7218
114,31,15387
114,32,99431
114,33,220021
114,34,19400
114,35,11764
114,36,19022
114,37,44998
114,38,18525
114,39,15644
114,40,6705
114,41,23727
114,42,11042
114,43,7506
114,44,40192
114,45,25198
114,46,11076
114,47,12835
114,48,7620
114,49,11870
114,50,36638
114,51,18666
114,52,13222
114,53,11347
114,54,58358
114,55,96842
114,56,2910581
114,57,45982
114,58,14417
114,59,9084
114,60,478257
114,61,35103
114,62,18279
114,63,33085141
114,64,40435
114,65,63869
114,66,7099
114,67,7273
114,68,212872
114,69,22269
114,70,17145
114,71,44212
114,72,850425
114,73,29455
114,74,7016
114,75,487876
114,76,154481
114,77,17369
114,78,22659
114,79,8204
114,80,15748
114,81,24909
114,82,6503
114,83,28498
114,84,26808
114,85,25175
114,86,45493
114,87,7239
114,88,123095
114,89,12095
114,90,25989
114,91,24835
114,92,14722
114,93,15052
114,94,7918
114,95,15631
114,96,6707
114,97,8498
114,98,10419
114,99,13128758
114,100,16353
114,101,55848
114,102,14083
114,103,9620
114,104,8023
114,105,17775
114,106,24497
114,107,18187
114,108,5175523
114,109,12357
114,110,9066
114,111,12449
114,112,31762
114,113,18476
114,115,13770
114,116,39664
114,117,16283
114,118,9204
114,119,25745
114,120,22118
114,121,13254
114,122,114878
114,123,15405
114,124,23716
114,125,8343
114,126,14489
114,127,7328
115,0,17127
115,1,2160515
115,2,13886
115,3,12917
115,4,86108
115,5,6574
115,6,11559
115,7,193068
115,8,146564
115,9,30056
115,10,9903
115,11,206490
115,12,11008
115,13,6335
115,14,6819
115,15,9864
115,16,17533
115,17,15807
115,18,7062
115,19,70762
115,20,9183
115,21,9635
115,22,107340
115,23,12141
115,24,29170
115,25,91287
115,26,6397
115,27,21830
115,28,8232
115,29,9494
115,30,7197
115,31,8110
115,32,12438
115,33,103474
115,34,6380
115,35,11707
115,36,12290
115,37,8091
115,38,21396
115,39,60857
115,40,7716
115,41,9894
115,42,22489
115,43,9720
115,44,59317
115,45,19699
115,46,210642
115,47,7030
115,48,1163782
115,49,68045
115,50,43463
115,51,87437
115,52,124087
115,53,11639
115,54,9511
115,55,68537
115,56,187802
115,57,7114
115,58,12795
115,59,7150
115,60,11497
115,61,45338
115,62,16932
115,63,58858
115,64,43146
115,65,24441
115,66,103720
115,67,6662
115,68,398322
115,69,7650
115,70,17778
115,71,20967
115,72,22572
115,73,13156
115,74,6514
115,75,9258
115,76,9197
115,77,19757
115,78,11852
115,79,7962
115,80,31650
115,81,7877
115,82,36934
115,83,8870
115,84,7967
115,85,24036
115,86,142698
115,87,415167768
115,88,9667
115,89,9120
115,90,29051
115,91,15923
115,92,13438
115,93,12508
115,94,19359
115,95,479047
115,96,42122
115,97,9611
115,98,15511
115,99,6396
115,100,8644
115,101,276579
115,102,11554
115,103,34841
115,104,7360
115,105,61163
115,106,56627
115,107,1110382
115,108,7648
115,109,14880
115,110,16104
115,111,8497
115,112,9458
115,113,32266
115,114,30500
115,116,50563
115,117,20570
115,118,16525
115,119,10960
115,120,49143
115,121,32559
115,122,10312
115,123,10737
115,124,13192
115,125,1815165
115,126,7679
115,127,14983
116,0,6736
116,1,23326
116,2,20574
116,3,9126
116,4,8746
116,5,22231
116,6,45871
116,7,21294
116,8,20032
116,9,13434
116,10,243039
116,11,7503
116,12,82273
116,13,21049381
116,14,24352
116,15,6390
116,16,9955
116,17,6850
116,18,669764
116,19,45966
116,20,99086
116,21,1264192
116,22,63897
116,23,10541
116,24,59488
116,25,8861
116,26,6567
116,27,50064
116,28,45887
116,29,12591
116,30,19953
116,31,157775
116,32,8764
116,33,65989
116,34,7539
116,35,11139
116,36,6482
116,37,334031
116,38,44496
116,39,54364
116,40,106496
116,41,60934
116,42,29372
116,43,7605
116,44,9540
116,45,21162
116,46,20331
116,47,11254
116,48,6358
116,49,7594
116,50,424687
116,51,40448
116,52,18916
116,53,7344
116,54,30856
116,55,7919
116,56,7467
116,57,11364
116,58,10373
116,59,38870
116,60,207663
116,61,8249
116,62,27645
116,63,66106
116,64,39714
116,65,263217
116,66,388642
116,67,8023
116,68,28284
116,69,30308
116,70,11524
116,71,8903
116,72,7677
116,73,186811
116,74,6905
116,75,13995
116,76,10005
116,77,10407
116,78,7243
116,79,8420
116,80,50285
116,81,37324
116,82,78599
116,83,30669
116,84,10446
116,85,6343
116,86,48216
116,87,39764
116,88,58004
116,89,7277
116,90,7480
116,91,36314
116,92,21431
116,93,29425
116,94,14296
116,95,2714405
116,96,18609
116,97,55259
116,98,27162
116,99,12739
116,100,8598
116,101,24812
116,102,23372
116,103,31951
116,104,242784
116,105,23543
116,106,18300
116,107,13997
116,108,7518
116,109,9574
116,110,6394
116,111,18616
116,112,7180
116,113,7107
116,114,6715
116,115,40499
116,117,18712
116,118,7216
116,119,7425
116,120,462913
116,121,141550
116,122,14726
116,123,20185
116,124,20100
116,125,29066
116,126,27598
116,127,11615
117,0,6800
117,1,46302
117,2,80949
117,3,6439
117,4,18804
117,5,33930
117,6,23579
117,7,42791
117,8,446960
117,9,32257
117,10,27871
117,11,9493
117,12,25493
117,13,14063
117,14,41835
117,15,223525
117,16,8397
117,17,8090
117,18,11855
117,19,16709
117,20,55389
117,21,6963
117,22,6915
117,23,9708
117,24,501211
117,25,398904
117,26,7560
117,27,11309
117,28,96732
117,29,92959
117,30,224416
117,31,286352
117,32,180262
117,33,63432
117,34,25702
117,35,14362
117,36,12368
117,37,14738
117,38,86837
117,39,11112
117,40,8509
117,41,72561
117,42,38323
117,43,12955
117,44,24085
117,45,20084
117,46,14433
117,47,149240
117,48,188301
117,49,338856
117,50,25540
117,51,6666
117,52,29524
117,53,14473
117,54,31178
117,55,7147
117,56,27328
117,57,24128
117,58,6604
117,59,6823
117,60,60680
117,61,192202
117,62,8135
117,63,9497
117,64,7608
117,65,6745
117,66,8408
117,67,122522
117,68,24325
117,69,14170
117,70,1129920
117,71,43132
117,72,23076
117,73,14883
117,74,8365
117,75,43637
117,76,8692
117,77,8020
117,78,84680
117,79,71155
117,80,36005
117,81,191686
117,82,34007
117,83,14010
117,84,26224
117,85,34161
117,86,93216
117,87,6823
117,88,19572
117,89,1046244
117,90,13256
117,91,6519
117,92,22822
117,93,59512
117,94,21548
117,95,8992
117,96,7333
117,97,29387
117,98,7686
117,99,68661
117,100,86289
117,101,7885
117,102,10549
117,103,8890
117,104,6610556
117,105,13796
117,106,7163
117,107,12279
117,108,20679
117,109,10064
117,110,15896
117,111,55001
117,112,20826
117,113,12202243
117,114,118021
117,115,17616
117,116,5975766
117,118,112082
117,119,9528
117,120,13798
117,121,13616
117,122,42013
117,123,27536
117,124,83376
117,125,16902
117,126,21880
117,127,21940
118,0,55672
118,1,21298
118,2,7558
118,3,11240
118,4,10322
118,5,13906
118,6,219590
118,7,8098
118,8,8726
118,9,13318
118,10,131053
118,11,7968
118,12,25445
118,13,26507
118,14,9058
118,15,25860
118,16,10209
118,17,6503
118,18,15323
118,19,326378
118,20,200052
118,21,35083
118,22,137110
118,23,22494
118,24,14364
118,25,17710
118,26,9906
118,27,384221
118,28,99316
118,29,114659
118,30,6416
118,31,66164
118,32,17883
118,33,25268
118,34,16148
118,35,7200
118,36,7603
118,37,15708
118,38,57378
118,39,1403296
118,40,157527
118,41,9294
118,42,7356
118,43,19011
118,44,11267
118,45,11405
118,46,21633
118,47,6831
118,48,37698
118,49,62972
118,50,16021
118,51,21866
118,52,699869
118,53,6376
118,54,10316
118,55,77144
118,56,21643
118,57,19202
118,58,8821
118,59,118251
118,60,204370
118,61,18150
118,62,7122
118,63,14854
118,64,14403
118,65,88421
118,66,37881
118,67,19355
118,68,12116
118,69,28505
118,70,17413
118,71,42622
118,72,10883
118,73,17530
118,74,11989
118,75,22986
118,76,30996
118,77,30087
118,78,25915
118,79,9136
118,80,28059
118,81,6399
118,82,57516
118,83,7504
118,84,35389
118,85,12404
118,86,7165
118,87,136036
118,88,1691588
118,89,32038
118,90,30348
118,91,11225
118,92,70860
118,93,11510
118,94,12664
118,95,20708
118,96,2757681
118,97,14801
118,98,38194
118,99,11905
118,100,133647
118,101,49863
118,102,359860850
118,103,84285
118,104,13487
118,105,1914092
118,106,10349
118,107,11519
118,108,9328
118,109,10675
118,110,57562
118,111,77107
118,112,12398
118,113,44167
118,114,22470
118,115,7831
118,116,79660
118,117,7590
118,119,55980
118,120,9168
118,121,12760
118,122,7112
118,123,127491
118,124,8337
118,125,9236
118,126,36714
118,127,28490
119,0,11363
119,1,8331
119,2,49609
119,3,19575
119,4,64732
119,5,27934
119,6,7301
119,7,75045
119,8,16792
119,9,9435
119,10,8259
119,11,14482
119,12,29252
119,13,11807
119,14,6559
119,15,612065
119,16,6702
119,17,10092
119,18,13306
119,19,26131
119,20,48545
119,21,33363
119,22,1309315
119,23,26013
119,24,6782
119,25,25475
119,26,209641
119,27,6480
119,28,10558
119,29,11620
119,30,43032
119,31,7156
119,32,27030
119,33,49754
119,34,8732
119,35,68630
119,36,3043370
119,37,11837
119,38,12028
119,39,29978
119,40,27570
119,41,21539
119,42,33094
119,43,8517
119,44,182454
119,45,28038
119,46,15119
119,47,10695
119,48,86198
119,49,20683
119,50,11283
119,51,19526
119,52,8790
119,53,85077
119,54,28249
119,55,10803
119,56,7438
119,57,9920
119,58,20528
119,59,8489
119,60,102257
119,61,7240
119,62,75298
119,63,25781
119,64,17222
119,65,20998
119,66,198768
119,67,232467
119,68,13923
119,69,36464
119,70,57171
119,71,7548
119,72,46206
119,73,9130
119,74,11981
119,75,106625
119,76,10470
119,77,39677
119,78,191858
119,79,37245
119,80,7505
119,81,33447
119,82,63188
119,83,337529
119,84,22981
119,85,112576
119,86,10309
119,87,138597
119,88,2644747
119,89,7027
119,90,17645
119,91,15096
119,92,9333
119,93,33758
119,94,173503
119,95,810875
119,96,49736
119,97,21674
119,98,13969
119,99,181196
119,100,16753102
119,101,7308
119,102,15568
119,103,19800
119,104,144824
119,105,54238
119,106,69067
119,107,310765
119,108,211651
119,109,7525
119,110,10529
119,111,28823
119,112,11066
119,113,13139
119,114,66310
119,115,8824
119,116,6944
119,117,13238
119,118,9345
119,120,12975
119,121,14219
119,122,33003
119,123,9591
119,124,17762
119,125,40954
119,126,41033
119,127,10017
120,0,8844
120,1,11456
120,2,18341
120,3,39952
120,4,11172
120,5,32848
120,6,120040
120,7,158273
120,8,32541
120,9,2591138
120,10,108195
120,11,8077
120,12,25958
120,13,6687
120,14,74473
120,15,12286
120,16,16413
120,17,117564
120,18,22132
120,19,18560
120,20,7536
120,21,33279
120,22,29715
120,23,10462
120,24,130599
120,25,9336
120,26,16024
120,27,7758
120,28,625384
120,29,8312
120,30,14674
120,31,12047
120,32,7363
120,33,20425
120,34,8222
120,35,9392
120,36,14601
120,37,9013
120,38,17207
120,39,16207
120,40,6866
120,41,993358
120,42,16630
120,43,11050
120,44,44421
120,45,451219
120,46,1055024
120,47,11966
120,48,7411
120,49,9039
120,50,13839
120,51,7075517
120,52,32056
120,53,9523
120,54,110624
120,55,107406
120,56,13516
120,57,12150
120,58,15174
120,59,9085
120,60,9631
120,61,10585
120,62,205909
120,63,8024
120,64,26821
120,65,7737
120,66,115392
120,67,16911
120,68,30988
120,69,9568
120,70,11972
120,71,15947
120,72,24937
120,73,11927
120,74,16459
120,75,464410
120,76,11553
120,77,7113
120,78,11100
120,79,8032
120,80,18293
120,81,95000
120,82,25546
120,83,60781285
120,84,14298
120,85,7267
120,86,9695
120,87,18726
120,88,27996
120,89,37134
120,90,8585
120,91,6406
120,92,11633
120,93,17594
120,94,9147
120,95,26880
120,96,240259
120,97,7895
120,98,21011
120,99,80381
120,100,31702
120,101,16084
120,102,7230
120,103,13683
120,104,2337185
120,105,18680
120,106,47891
120,107,265270
120,108,9986
120,109,12143
120,110,10083
120,111,8438
120,112,31582
120,113,7931
120,114,11766
120,115,145040
120,116,10847
120,117,16938
120,118,13415
120,119,9797
120,121,16685
120,122,46174
120,123,10402
120,124,11120
120,125,9658
120,126,8117
120,127,23527
121,0,38300
121,1,6368
121,2,325962
121,3,16238
121,4,32802
121,5,6950
121,6,21729
121,7,20197
121,8,9143
121,9,949708
121,10,9580
121,11,91940
121,12,21374
121,13,13332
121,14,105727
121,15,42067
121,16,6937
121,17,21606
121,18,7310
121,19,26873
121,20,60054
121,21,20249
121,22,24541
121,23,522387
121,24,120593
121,25,46078
121,26,20508
121,27,25315
121,28,61420
121,29,46431
121,30,13228
121,31,44019
121,32,20553
121,33,8236
121,34,18620
121,35,38858
121,36,32829
121,37,6378
121,38,27308
121,39,31345
121,40,10699
121,41,6824
121,42,12354
121,43,28977
121,44,7187
121,45,34781
121,46,14610
121,47,70340
121,48,20861
121,49,7487
121,50,16297
121,51,101836
121,52,6676
121,53,401835
121,54,19374
121,55,15558
121,56,10425
121,57,9179
121,58,32284
121,59,22388
121,60,11890
121,61,11908
121,62,6565
121,63,80099
121,64,15169
121,65,9311
121,66,6744
121,67,11463
121,68,9043
121,69,6437
121,70,53431
121,71,6424
121,72,10126
121,73,14262
121,74,6543
121,75,18542
121,76,66339
121,77,7655
121,78,115762
121,79,10869
121,80,8260
121,81,19408
121,82,6251120
121,83,11292
121,84,17716
121,85,21552
121,86,49827
121,87,10313
121,88,1280297
121,89,42692
121,90,9434
121,91,14531
121,92,7141
121,93,55454
121,94,8308
121,95,18740
121,96,8614
121,97,29088
121,98,9263
121,99,23460
121,100,16447
121,101,26757
121,102,10374
121,103,178113
121,104,7601
121,105,9924
121,106,9545
121,107,8170
121,108,9070
121,109,27611
121,110,927876
121,111,515166
121,112,12269
121,113,11031
121,114,26456
121,115,18345
121,116,952186
121,117,7705
121,118,83034
121,119,572682
121,120,15154
121,122,19937
121,123,7253
121,124,24380
121,125,11675
121,126,7649
121,127,8758
122,0,160547
122,1,33196
122,2,16079
122,3,6884
122,4,12339
122,5,6814
122,6,745316
122,7,6602
122,8,54639
122,9,95268
122,10,19866
122,11,56046466
122,12,12008
122,13,13212
122,14,10449
122,15,203418
122,16,229886
122,17,30971
122,18,51070
122,19,19556
122,20,33159
122,21,13350
122,22,12492
122,23,17933
122,24,77942
122,25,31625
122,26,7005808
122,27,6517
122,28,61627
122,29,26261
122,30,33021
122,31,10473
122,32,45291
122,33,17008
122,34,8267
122,35,10002
122,36,8393
122,37,27666
122,38,9105
122,39,89136
122,40,8973
122,41,11573
122,42,6531
122,43,15885
122,44,6751
122,45,8112
122,46,12197
122,47,15761
122,48,31128
122,49,9275
122,50,24193
122,51,148003
122,52,193941
122,53,6412
122,54,82190
122,55,46383
122,56,36207
122,57,21440
122,58,11902
122,59,565310
122,60,9106
122,61,136133
122,62,11825
122,63,32178
122,64,77371
122,65,40915
122,66,14927
122,67,6671
122,68,29185
122,69,6796
122,70,6411
122,71,198950
122,72,7450
122,73,12890
122,74,11768
122,75,7087
122,76,1188505
122,77,11469
122,78,11239
122,79,10188
122,80,33911
122,81,14810
122,82,9569
122,83,13330
122,84,7095
122,85,7653
122,86,19169
122,87,348862
122,88,12468
122,89,25280
122,90,171772
122,91,79146
122,92,11137
122,93,13753
122,94,34572
122,95,21973
122,96,9047
122,97,65156
122,98,23548
122,99,130418
122,100,11784
122,101,6923
122,102,8177
122,103,115614
122,104,7036
122,105,83333
122,106,158523
122,107,10043
122,108,2170284
122,109,34064
122,110,14447
122,111,167431
122,112,47519
122,113,91088
122,114,332305
122,115,37732
122,116,66281
122,117,10278
122,118,9261
122,119,22812
122,120,8261
122,121,43175
122,123,74402
122,124,6796
122,125,120831
122,126,94470
122,127,131419
123,0,19198
123,1,27215
123,2,14577
123,3,74190
123,4,27686
123,5,29722
123,6,18701
123,7,23934
123,8,11900
123,9,14094
123,10,10377
123,11,15469
123,12,14760
123,13,9709
123,14,3487391
123,15,6594
123,16,26965
123,17,7251
123,18,32775
123,19,19552
123,20,7626
123,21,78212
123,22,9818
123,23,6703
123,24,90201
123,25,15369
123,26,92447
123,27,6829
123,28,20545
123,29,21378
123,30,8159
123,31,8576
123,32,69890
123,33,9808
123,34,20955
123,35,13709
123,36,11366
123,37,17262
123,38,9890
123,39,134594
123,40,9145
123,41,10015
123,42,7262
123,43,6500
123,44,16777
123,45,26199
123,46,98574
123,47,7254
123,48,39051
123,49,7806
123,50,733904
123,51,15650
123,52,12929
123,53,8314
123,54,125092
123,55,14717
123,56,313475
123,57,43989
123,58,7731
123,59,9751
123,60,9010
123,61,8502
123,62,13011
123,63,191172
123,64,21409
123,65,25087
123,66,7309
123,67,12843
123,68,7019
123,69,12883
123,70,7956
123,71,63623
123,72,6334
123,73,33512
123,74,7431
123,75,9139
123,76,6724
123,77,76286
123,78,7971
123,79,60781
123,80,15277
123,81,9208
123,82,17466
123,83,21329
123,84,6471
123,85,8974
123,86,236797
123,87,12898
123,88,3575676
123,89,8915
123,90,37755
123,91,8467
123,92,14130
123,93,109398
123,94,10514
123,95,71519
123,96,76471
123,97,7451
123,98,8060
123,99,39319
123,100,14438
123,101,19465
123,102,135264
123,103,13089
123,104,6811
123,105,1844680
123,106,43945
123,107,75991
123,108,12659
123,109,43117
123,110,13664
123,111,16137
123,112,7373
123,113,1082113
123,114,13690
123,115,23695
123,116,16277
123,117,23564
123,118,11621
123,119,8169
123,120,28838
123,121,32108
123,122,6440
123,124,37123
123,125,8423
123,126,8070
123,127,44242
124,0,72834
124,1,32337
124,2,93631
124,3,19430659
124,4,33616
124,5,8372
124,6,6356
124,7,12833
124,8,8964
124,9,13184
124,10,7137
124,11,96240
124,12,13395
124,13,8103
124,14,13599
124,15,124839
124,16,10635
124,17,9948
124,18,13702
124,19,12487
124,20,11694
124,21,7534
124,22,7906
124,23,6786
124,24,18026
124,25,32532
124,26,9354
124,27,46691
124,28,16545
124,29,63514
124,30,117716
124,31,46334
124,32,177809
124,33,171487
124,34,6807
124,35,30064
124,36,9962
124,37,158649
124,38,140725
124,39,26513
124,40,7079
124,41,77257
124,42,11360
124,43,11967
124,44,8848
124,45,22733
124,46,14648
124,47,17527
124,48,169369
124,49,6698
124,50,7969
124,51,8820
124,52,7211
124,53,17114
124,54,28213
124,55,20417
124,56,10227
124,57,7640
124,58,66369
124,59,108129
124,60,6660
124,61,52209
124,62,7937
124,63,11304
124,64,10055
124,65,8752
124,66,7809
124,67,103413
124,68,35973
124,69,17536
124,70,8854
124,71,8118
124,72,15917
124,73,160931
124,74,15634
124,75,29638
124,76,13399
124,77,30532
124,78,17359
124,79,11146
124,80,18069
124,81,30621
124,82,8402
124,83,26330
124,84,360845
124,85,17524
124,86,42734
124,87,27955
124,88,57103
124,89,1206706
124,90,7879
124,91,14710
124,92,12581
124,93,7716
124,94,19055
124,95,7516
124,96,7882
124,97,10115
124,98,15903753
124,99,4135643
124,100,1493170
124,101,16018
124,102,10046
124,103,53228
124,104,55607
124,105,15259
124,106,6643
124,107,156787
124,108,12532
124,109,130237
124,110,6362
124,111,7468
124,112,16068
124,113,16860
124,114,43901
124,115,11481
124,116,8901
124,117,9207
124,118,15295
124,119,39889
124,120,6696
124,121,8565
124,122,74509
124,123,7279
124,125,7533
124,126,148115
124,127,126025
125,0,14695
125,1,15671
125,2,6381
125,3,10430
125,4,13526
125,5,31413
125,6,9912
125,7,8603
125,8,73733
125,9,43405
125,10,10225
125,11,7585
125,12,72256
125,13,17873
125,14,11586
125,15,6547
125,16,21224
125,17,10892
125,18,8013
125,19,643047
125,20,43160
125,21,9724
125,22,16442
125,23,6395
125,24,26075
125,25,11702
125,26,53657
125,27,6484
125,28,17877
125,29,34434
125,30,8716
125,31,12474
125,32,59244
125,33,10283
125,34,11939
125,35,34681
125,36,17350
125,37,57034
125,38,1922073
125,39,20903
125,40,505504
125,41,82442
125,42,27982
125,43,10570
125,44,46447
125,45,18511
125,46,10840
125,47,22576
125,48,27056
125,49,8204
125,50,19687
125,51,10080
125,52,9714
125,53,323071
125,54,13694
125,55,777830
125,56,14554
125,57,10220
125,58,13200
125,59,3026225
125,60,27301
125,61,8514
125,62,14582
125,63,173941
125,64,19812
125,65,7013
125,66,199133
125,67,51935
125,68,7674
125,69,141343
125,70,88327
125,71,27543
125,72,10178
125,73,27638
125,74,1704617
125,75,34229
125,76,301400
125,77,9533
125,78,6477
125,79,8866
125,80,44271
125,81,40551
125,82,26087
125,83,7145
125,84,35941
125,85,6965
125,86,6914
125,87,40902
125,88,18949
125,89,177961
125,90,59906
125,91,14445
125,92,9307
125,93,7432
125,94,7908
125,95,175116
125,96,20976
125,97,54406
125,98,590145
125,99,13033
125,100,844290
125,101,9098
125,102,9974
125,103,85927
125,104,21611
125,105,59733
125,106,124003
125,107,22606
125,108,22906
125,109,84944
125,110,16786
125,111,9822
125,112,8186
125,113,58643
125,114,11898
125,115,2878887
125,116,32712
125,117,9597
125,118,12237
125,119,287361
125,120,6365
125,121,7478
125,122,14958
125,123,36068
125,124,18819
125,126,20524
125,127,17949
126,0,7487
126,1,560142
126,2,38930
126,3,8452
126,4,7813
126,5,20153
126,6,58287
126,7,26770
126,8,10289
126,9,10963
126,10,7166
126,11,65729
126,12,39099
126,13,11448
126,14,23341
126,15,9090
126,16,13035
126,17,260903
126,18,26978
126,19,808978
126,20,9389
126,21,80139
126,22,16373
126,23,781390
126,24,12119
126,25,14394
126,26,7268
126,27,21913
126,28,125855
126,29,17661
126,30,33997
126,31,15044
126,32,14946
126,33,17247
126,34,90348
126,35,19641
126,36,24259
126,37,261479
126,38,10181
126,39,350265
126,40,10464
126,41,6659
126,42,69508
126,43,9573
126,44,17655
126,45,8396
126,46,143755
126,47,52485
126,48,29846
126,49,130962
126,50,145473
126,51,7021
126,52,26609
126,53,57771
126,54,12690
126,55,9036
126,56,7069
126,57,23188
126,58,13774
126,59,167981
126,60,3969119
126,61,8730
126,62,14552
126,63,22620
126,64,129519
126,65,49465
126,66,19761
126,67,12256
126,68,9780
126,69,56559
126,70,49340
126,71,8520
126,72,20907
126,73,9270
126,74,30103
126,75,25210
126,76,23071
126,77,61343
126,78,7489
126,79,15196
126,80,6409
126,81,875726
126,82,19110
126,83,18574
126,84,47823
126,85,80019
126,86,84900
126,87,6792
126,88,18862
126,89,9444
126,90,654846
126,91,6650
126,92,298143
126,93,6581
126,94,8064
126,95,35144
126,96,67771
126,97,20108
126,98,18276
126,99,8786
126,100,259759
126,101,6761
126,102,30824
126,103,7315
126,104,53126
126,105,8541
126,106,8538
126,107,8166
126,108,24592
126,109,18514
126,110,13444
126,111,9016
126,112,7805
126,113,13847
126,114,9521
126,115,25624
126,116,15597
126,117,6541
126,118,732298
126,119,11133
126,120,1113599
126,121,8362
126,122,8298
126,123,12950
126,124,6468
126,125,18117
126,127,129163
127,0,21857
127,1,9358
127,2,26737
127,3,6616
127,4,62412
127,5,10669
127,6,41592
127,7,81236
127,8,29334
127,9,55914
127,10,32667
127,11,24090
127,12,7859
127,13,7472
127,14,7821
127,15,30205
127,16,6854
127,17,31917
127,18,19894
127,19,9914
127,20,8216
127,21,33531
127,22,7838
127,23,25463
127,24,15566
127,25,12225
127,26,35154
127,27,93165
127,28,124253
127,29,8768
127,30,16109
127,31,15705
127,32,6697
127,33,68107
127,34,8350
127,35,89762
127,36,12550
127,37,18996
127,38,6449
127,39,8178
127,40,8898
127,41,38465
127,42,18174
127,43,39702
127,44,14021
127,45,17154
127,46,20009
127,47,9034
127,48,7272
127,49,53289
127,50,42566
127,51,39478603
127,52,1547332
127,53,8780
127,54,17422
127,55,12932
127,56,16783
127,57,19340
127,58,47469
127,59,11791
127,60,8027
127,61,8404
127,62,8568
127,63,17470
127,64,6763
127,65,28721
127,66,9984
127,67,12292
127,68,271592
127,69,12161
127,70,126111
127,71,60129
127,72,221981
127,73,9346
127,74,6973
127,75,83937
127,76,44830
127,77,18938
127,78,9278
127,79,8387
127,80,14321
127,81,7869
127,82,10129
127,83,23475
127,84,71221
127,85,6998
127,86,8132
127,87,6997
127,88,37504
127,89,61189
127,90,413307
127,91,8129
127,92,15750
127,93,19213
127,94,510736
127,95,149807
127,96,22364
127,97,14305
127,98,8003
127,99,14861
127,100,128278
127,101,2022343
127,102,172779
127,103,9825
127,104,6745
127,105,7350
127,106,10929643
127,107,561169
127,108,32461
127,109,103290
127,110,21512
127,111,186318
127,112,38524
127,113,18110
127,114,27672
127,115,622927
127,116,16756
127,117,205136837
127,118,12807
127,119,15996
127,120,47418
127,121,14878
127,122,37561
127,123,18627
127,124,7522
127,125,17419
127,126,7457
