Total batches, 35762, Processed Batches, 2
Layer, Type, start time, end time, duration, Bytes to be transferred, Collective type, Parallelism, Locality, Degree
'FWD_MHA', 'Compute', 0, 12.93839201560506, 12.93839201560506, 'NONE', 'NONE', 'NONE', 0
'FWD_TP_COMM_INTRA', 'Comm', 12.93839201560506, 12.952708583258394, 0.014316567653333332, 51539607552.0, 'ALLREDUCE', 'TP', 'INTRA', 2
'FWD_FFN', 'Compute', 12.952708583258394, 20.401908710550547, 7.449200127292153, 'NONE', 'NONE', 'NONE', 0
'FWD_TP_COMM_INTRA', 'Comm', 20.401908710550547, 20.416225278203882, 0.014316567653333332, 51539607552.0, 'ALLREDUCE', 'TP', 'INTRA', 2
'FWD_MHA', 'Compute', 20.416225278203882, 33.35461729380894, 12.93839201560506, 'NONE', 'NONE', 'NONE', 0
'FWD_TP_COMM_INTRA', 'Comm', 33.35461729380894, 33.368933861462274, 0.014316567653333332, 51539607552.0, 'ALLREDUCE', 'TP', 'INTRA', 2
'FWD_FFN', 'Compute', 33.368933861462274, 40.818133988754425, 7.449200127292153, 'NONE', 'NONE', 'NONE', 0
'FWD_TP_COMM_INTRA', 'Comm', 40.818133988754425, 40.83245055640776, 0.014316567653333332, 51539607552.0, 'ALLREDUCE', 'TP', 'INTRA', 2
'FWD_MHA', 'Compute', 40.83245055640776, 53.77084257201282, 12.93839201560506, 'NONE', 'NONE', 'NONE', 0
'FWD_TP_COMM_INTRA', 'Comm', 53.77084257201282, 53.78515913966615, 0.014316567653333332, 51539607552.0, 'ALLREDUCE', 'TP', 'INTRA', 2
'FWD_FFN', 'Compute', 53.78515913966615, 61.2343592669583, 7.449200127292153, 'NONE', 'NONE', 'NONE', 0
'FWD_TP_COMM_INTRA', 'Comm', 61.2343592669583, 61.24867583461163, 0.014316567653333332, 51539607552.0, 'ALLREDUCE', 'TP', 'INTRA', 2
'FWD_MHA', 'Compute', 61.24867583461163, 74.18706785021669, 12.93839201560506, 'NONE', 'NONE', 'NONE', 0
'FWD_TP_COMM_INTRA', 'Comm', 74.18706785021669, 74.20138441787003, 0.014316567653333332, 51539607552.0, 'ALLREDUCE', 'TP', 'INTRA', 2
'FWD_FFN', 'Compute', 74.20138441787003, 81.65058454516219, 7.449200127292153, 'NONE', 'NONE', 'NONE', 0
'FWD_TP_COMM_INTRA', 'Comm', 81.65058454516219, 81.66490111281553, 0.014316567653333332, 51539607552.0, 'ALLREDUCE', 'TP', 'INTRA', 2
'FWD_MHA', 'Compute', 81.66490111281553, 94.60329312842059, 12.93839201560506, 'NONE', 'NONE', 'NONE', 0
'FWD_TP_COMM_INTRA', 'Comm', 94.60329312842059, 94.61760969607393, 0.014316567653333332, 51539607552.0, 'ALLREDUCE', 'TP', 'INTRA', 2
'FWD_FFN', 'Compute', 94.61760969607393, 102.06680982336609, 7.449200127292153, 'NONE', 'NONE', 'NONE', 0
'FWD_TP_COMM_INTRA', 'Comm', 102.06680982336609, 102.08112639101942, 0.014316567653333332, 51539607552.0, 'ALLREDUCE', 'TP', 'INTRA', 2
'FWD_MHA', 'Compute', 102.08112639101942, 115.01951840662448, 12.93839201560506, 'NONE', 'NONE', 'NONE', 0
'FWD_TP_COMM_INTRA', 'Comm', 115.01951840662448, 115.03383497427782, 0.014316567653333332, 51539607552.0, 'ALLREDUCE', 'TP', 'INTRA', 2
'FWD_FFN', 'Compute', 115.03383497427782, 122.48303510156998, 7.449200127292153, 'NONE', 'NONE', 'NONE', 0
'FWD_TP_COMM_INTRA', 'Comm', 122.48303510156998, 122.49735166922332, 0.014316567653333332, 51539607552.0, 'ALLREDUCE', 'TP', 'INTRA', 2
'FWD_MHA', 'Compute', 122.49735166922332, 135.43574368482837, 12.93839201560506, 'NONE', 'NONE', 'NONE', 0
'FWD_TP_COMM_INTRA', 'Comm', 135.43574368482837, 135.4500602524817, 0.014316567653333332, 51539607552.0, 'ALLREDUCE', 'TP', 'INTRA', 2
'FWD_FFN', 'Compute', 135.4500602524817, 142.89926037977386, 7.449200127292153, 'NONE', 'NONE', 'NONE', 0
'FWD_TP_COMM_INTRA', 'Comm', 142.89926037977386, 142.9135769474272, 0.014316567653333332, 51539607552.0, 'ALLREDUCE', 'TP', 'INTRA', 2
'FWD_MHA', 'Compute', 142.9135769474272, 155.85196896303228, 12.93839201560506, 'NONE', 'NONE', 'NONE', 0
'FWD_TP_COMM_INTRA', 'Comm', 155.85196896303228, 155.86628553068562, 0.014316567653333332, 51539607552.0, 'ALLREDUCE', 'TP', 'INTRA', 2
'FWD_FFN', 'Compute', 155.86628553068562, 163.31548565797777, 7.449200127292153, 'NONE', 'NONE', 'NONE', 0
'FWD_TP_COMM_INTRA', 'Comm', 163.31548565797777, 163.3298022256311, 0.014316567653333332, 51539607552.0, 'ALLREDUCE', 'TP', 'INTRA', 2
'FWD_MHA', 'Compute', 163.3298022256311, 176.2681942412362, 12.93839201560506, 'NONE', 'NONE', 'NONE', 0
'FWD_TP_COMM_INTRA', 'Comm', 176.2681942412362, 176.28251080888953, 0.014316567653333332, 51539607552.0, 'ALLREDUCE', 'TP', 'INTRA', 2
'FWD_FFN', 'Compute', 176.28251080888953, 183.73171093618168, 7.449200127292153, 'NONE', 'NONE', 'NONE', 0
'FWD_TP_COMM_INTRA', 'Comm', 183.73171093618168, 183.74602750383502, 0.014316567653333332, 51539607552.0, 'ALLREDUCE', 'TP', 'INTRA', 2
'FWD_MHA', 'Compute', 183.74602750383502, 196.6844195194401, 12.93839201560506, 'NONE', 'NONE', 'NONE', 0
'FWD_TP_COMM_INTRA', 'Comm', 196.6844195194401, 196.69873608709344, 0.014316567653333332, 51539607552.0, 'ALLREDUCE', 'TP', 'INTRA', 2
'FWD_FFN', 'Compute', 196.69873608709344, 204.1479362143856, 7.449200127292153, 'NONE', 'NONE', 'NONE', 0
'FWD_TP_COMM_INTRA', 'Comm', 204.1479362143856, 204.16225278203893, 0.014316567653333332, 51539607552.0, 'ALLREDUCE', 'TP', 'INTRA', 2
'FWD_MHA', 'Compute', 204.16225278203893, 217.100644797644, 12.93839201560506, 'NONE', 'NONE', 'NONE', 0
'FWD_TP_COMM_INTRA', 'Comm', 217.100644797644, 217.11496136529735, 0.014316567653333332, 51539607552.0, 'ALLREDUCE', 'TP', 'INTRA', 2
'FWD_FFN', 'Compute', 217.11496136529735, 224.5641614925895, 7.449200127292153, 'NONE', 'NONE', 'NONE', 0
'FWD_TP_COMM_INTRA', 'Comm', 224.5641614925895, 224.57847806024284, 0.014316567653333332, 51539607552.0, 'ALLREDUCE', 'TP', 'INTRA', 2
'FWD_MHA', 'Compute', 224.57847806024284, 237.51687007584792, 12.93839201560506, 'NONE', 'NONE', 'NONE', 0
'FWD_TP_COMM_INTRA', 'Comm', 237.51687007584792, 237.53118664350126, 0.014316567653333332, 51539607552.0, 'ALLREDUCE', 'TP', 'INTRA', 2
'FWD_FFN', 'Compute', 237.53118664350126, 244.98038677079342, 7.449200127292153, 'NONE', 'NONE', 'NONE', 0
'FWD_TP_COMM_INTRA', 'Comm', 244.98038677079342, 244.99470333844675, 0.014316567653333332, 51539607552.0, 'ALLREDUCE', 'TP', 'INTRA', 2
'FWD_MHA', 'Compute', 244.99470333844675, 257.93309535405183, 12.93839201560506, 'NONE', 'NONE', 'NONE', 0
'FWD_TP_COMM_INTRA', 'Comm', 257.93309535405183, 257.94741192170517, 0.014316567653333332, 51539607552.0, 'ALLREDUCE', 'TP', 'INTRA', 2
'FWD_FFN', 'Compute', 257.94741192170517, 265.3966120489973, 7.449200127292153, 'NONE', 'NONE', 'NONE', 0
'FWD_TP_COMM_INTRA', 'Comm', 265.3966120489973, 265.41092861665066, 0.014316567653333332, 51539607552.0, 'ALLREDUCE', 'TP', 'INTRA', 2
'FWD_MHA', 'Compute', 265.41092861665066, 278.34932063225574, 12.93839201560506, 'NONE', 'NONE', 'NONE', 0
'FWD_TP_COMM_INTRA', 'Comm', 278.34932063225574, 278.3636371999091, 0.014316567653333332, 51539607552.0, 'ALLREDUCE', 'TP', 'INTRA', 2
'FWD_FFN', 'Compute', 278.3636371999091, 285.81283732720124, 7.449200127292153, 'NONE', 'NONE', 'NONE', 0
'FWD_TP_COMM_INTRA', 'Comm', 285.81283732720124, 285.8271538948546, 0.014316567653333332, 51539607552.0, 'ALLREDUCE', 'TP', 'INTRA', 2
'FWD_MHA', 'Compute', 285.8271538948546, 298.76554591045965, 12.93839201560506, 'NONE', 'NONE', 'NONE', 0
'FWD_TP_COMM_INTRA', 'Comm', 298.76554591045965, 298.779862478113, 0.014316567653333332, 51539607552.0, 'ALLREDUCE', 'TP', 'INTRA', 2
'FWD_FFN', 'Compute', 298.779862478113, 306.22906260540515, 7.449200127292153, 'NONE', 'NONE', 'NONE', 0
'FWD_TP_COMM_INTRA', 'Comm', 306.22906260540515, 306.2433791730585, 0.014316567653333332, 51539607552.0, 'ALLREDUCE', 'TP', 'INTRA', 2
'FWD_MHA', 'Compute', 306.2433791730585, 319.18177118866356, 12.93839201560506, 'NONE', 'NONE', 'NONE', 0
'FWD_TP_COMM_INTRA', 'Comm', 319.18177118866356, 319.1960877563169, 0.014316567653333332, 51539607552.0, 'ALLREDUCE', 'TP', 'INTRA', 2
'FWD_FFN', 'Compute', 319.1960877563169, 326.64528788360906, 7.449200127292153, 'NONE', 'NONE', 'NONE', 0
'FWD_TP_COMM_INTRA', 'Comm', 326.64528788360906, 326.6596044512624, 0.014316567653333332, 51539607552.0, 'ALLREDUCE', 'TP', 'INTRA', 2
'FWD_MHA', 'Compute', 326.6596044512624, 339.59799646686747, 12.93839201560506, 'NONE', 'NONE', 'NONE', 0
'FWD_TP_COMM_INTRA', 'Comm', 339.59799646686747, 339.6123130345208, 0.014316567653333332, 51539607552.0, 'ALLREDUCE', 'TP', 'INTRA', 2
'FWD_FFN', 'Compute', 339.6123130345208, 347.06151316181297, 7.449200127292153, 'NONE', 'NONE', 'NONE', 0
'FWD_TP_COMM_INTRA', 'Comm', 347.06151316181297, 347.0758297294663, 0.014316567653333332, 51539607552.0, 'ALLREDUCE', 'TP', 'INTRA', 2
'FWD_MHA', 'Compute', 347.0758297294663, 360.0142217450714, 12.93839201560506, 'NONE', 'NONE', 'NONE', 0
'FWD_TP_COMM_INTRA', 'Comm', 360.0142217450714, 360.0285383127247, 0.014316567653333332, 51539607552.0, 'ALLREDUCE', 'TP', 'INTRA', 2
'FWD_FFN', 'Compute', 360.0285383127247, 367.4777384400169, 7.449200127292153, 'NONE', 'NONE', 'NONE', 0
'FWD_TP_COMM_INTRA', 'Comm', 367.4777384400169, 367.4920550076702, 0.014316567653333332, 51539607552.0, 'ALLREDUCE', 'TP', 'INTRA', 2
'FWD_MHA', 'Compute', 367.4920550076702, 380.4304470232753, 12.93839201560506, 'NONE', 'NONE', 'NONE', 0
'FWD_TP_COMM_INTRA', 'Comm', 380.4304470232753, 380.44476359092863, 0.014316567653333332, 51539607552.0, 'ALLREDUCE', 'TP', 'INTRA', 2
'FWD_FFN', 'Compute', 380.44476359092863, 387.8939637182208, 7.449200127292153, 'NONE', 'NONE', 'NONE', 0
'FWD_TP_COMM_INTRA', 'Comm', 387.8939637182208, 387.9082802858741, 0.014316567653333332, 51539607552.0, 'ALLREDUCE', 'TP', 'INTRA', 2
'FWD_MHA', 'Compute', 387.9082802858741, 400.8466723014792, 12.93839201560506, 'NONE', 'NONE', 'NONE', 0
'FWD_TP_COMM_INTRA', 'Comm', 400.8466723014792, 400.86098886913254, 0.014316567653333332, 51539607552.0, 'ALLREDUCE', 'TP', 'INTRA', 2
'FWD_FFN', 'Compute', 400.86098886913254, 408.3101889964247, 7.449200127292153, 'NONE', 'NONE', 'NONE', 0
'FWD_TP_COMM_INTRA', 'Comm', 408.3101889964247, 408.32450556407804, 0.014316567653333332, 51539607552.0, 'ALLREDUCE', 'TP', 'INTRA', 2
'FWD_MHA', 'Compute', 408.32450556407804, 421.2628975796831, 12.93839201560506, 'NONE', 'NONE', 'NONE', 0
'FWD_TP_COMM_INTRA', 'Comm', 421.2628975796831, 421.27721414733645, 0.014316567653333332, 51539607552.0, 'ALLREDUCE', 'TP', 'INTRA', 2
'FWD_FFN', 'Compute', 421.27721414733645, 428.7264142746286, 7.449200127292153, 'NONE', 'NONE', 'NONE', 0
'FWD_TP_COMM_INTRA', 'Comm', 428.7264142746286, 428.74073084228195, 0.014316567653333332, 51539607552.0, 'ALLREDUCE', 'TP', 'INTRA', 2
'FWD_MHA', 'Compute', 428.74073084228195, 441.679122857887, 12.93839201560506, 'NONE', 'NONE', 'NONE', 0
'FWD_TP_COMM_INTRA', 'Comm', 441.679122857887, 441.69343942554036, 0.014316567653333332, 51539607552.0, 'ALLREDUCE', 'TP', 'INTRA', 2
'FWD_FFN', 'Compute', 441.69343942554036, 449.1426395528325, 7.449200127292153, 'NONE', 'NONE', 'NONE', 0
'FWD_TP_COMM_INTRA', 'Comm', 449.1426395528325, 449.15695612048586, 0.014316567653333332, 51539607552.0, 'ALLREDUCE', 'TP', 'INTRA', 2
'FWD_MHA', 'Compute', 449.15695612048586, 462.09534813609093, 12.93839201560506, 'NONE', 'NONE', 'NONE', 0
'FWD_TP_COMM_INTRA', 'Comm', 462.09534813609093, 462.1096647037443, 0.014316567653333332, 51539607552.0, 'ALLREDUCE', 'TP', 'INTRA', 2
'FWD_FFN', 'Compute', 462.1096647037443, 469.55886483103643, 7.449200127292153, 'NONE', 'NONE', 'NONE', 0
'FWD_TP_COMM_INTRA', 'Comm', 469.55886483103643, 469.57318139868977, 0.014316567653333332, 51539607552.0, 'ALLREDUCE', 'TP', 'INTRA', 2
'FWD_MHA', 'Compute', 469.57318139868977, 482.51157341429484, 12.93839201560506, 'NONE', 'NONE', 'NONE', 0
'FWD_TP_COMM_INTRA', 'Comm', 482.51157341429484, 482.5258899819482, 0.014316567653333332, 51539607552.0, 'ALLREDUCE', 'TP', 'INTRA', 2
'FWD_FFN', 'Compute', 482.5258899819482, 489.97509010924034, 7.449200127292153, 'NONE', 'NONE', 'NONE', 0
'FWD_TP_COMM_INTRA', 'Comm', 489.97509010924034, 489.9894066768937, 0.014316567653333332, 51539607552.0, 'ALLREDUCE', 'TP', 'INTRA', 2
'FWD_MHA', 'Compute', 489.9894066768937, 502.92779869249875, 12.93839201560506, 'NONE', 'NONE', 'NONE', 0
'FWD_TP_COMM_INTRA', 'Comm', 502.92779869249875, 502.9421152601521, 0.014316567653333332, 51539607552.0, 'ALLREDUCE', 'TP', 'INTRA', 2
'FWD_FFN', 'Compute', 502.9421152601521, 510.39131538744425, 7.449200127292153, 'NONE', 'NONE', 'NONE', 0
'FWD_TP_COMM_INTRA', 'Comm', 510.39131538744425, 510.4056319550976, 0.014316567653333332, 51539607552.0, 'ALLREDUCE', 'TP', 'INTRA', 2
'FWD_MHA', 'Compute', 510.4056319550976, 523.3440239707027, 12.93839201560506, 'NONE', 'NONE', 'NONE', 0
'FWD_TP_COMM_INTRA', 'Comm', 523.3440239707027, 523.358340538356, 0.014316567653333332, 51539607552.0, 'ALLREDUCE', 'TP', 'INTRA', 2
'FWD_FFN', 'Compute', 523.358340538356, 530.807540665648, 7.449200127292153, 'NONE', 'NONE', 'NONE', 0
'FWD_TP_COMM_INTRA', 'Comm', 530.807540665648, 530.8218572333013, 0.014316567653333332, 51539607552.0, 'ALLREDUCE', 'TP', 'INTRA', 2
'FWD_MHA', 'Compute', 530.8218572333013, 543.7602492489063, 12.93839201560506, 'NONE', 'NONE', 'NONE', 0
'FWD_TP_COMM_INTRA', 'Comm', 543.7602492489063, 543.7745658165596, 0.014316567653333332, 51539607552.0, 'ALLREDUCE', 'TP', 'INTRA', 2
'FWD_FFN', 'Compute', 543.7745658165596, 551.2237659438517, 7.449200127292153, 'NONE', 'NONE', 'NONE', 0
'FWD_TP_COMM_INTRA', 'Comm', 551.2237659438517, 551.238082511505, 0.014316567653333332, 51539607552.0, 'ALLREDUCE', 'TP', 'INTRA', 2
'FWD_MHA', 'Compute', 551.238082511505, 564.17647452711, 12.93839201560506, 'NONE', 'NONE', 'NONE', 0
'FWD_TP_COMM_INTRA', 'Comm', 564.17647452711, 564.1907910947633, 0.014316567653333332, 51539607552.0, 'ALLREDUCE', 'TP', 'INTRA', 2
'FWD_FFN', 'Compute', 564.1907910947633, 571.6399912220554, 7.449200127292153, 'NONE', 'NONE', 'NONE', 0
'FWD_TP_COMM_INTRA', 'Comm', 571.6399912220554, 571.6543077897087, 0.014316567653333332, 51539607552.0, 'ALLREDUCE', 'TP', 'INTRA', 2
'FWD_MHA', 'Compute', 571.6543077897087, 584.5926998053137, 12.93839201560506, 'NONE', 'NONE', 'NONE', 0
'FWD_TP_COMM_INTRA', 'Comm', 584.5926998053137, 584.607016372967, 0.014316567653333332, 51539607552.0, 'ALLREDUCE', 'TP', 'INTRA', 2
'FWD_FFN', 'Compute', 584.607016372967, 592.0562165002591, 7.449200127292153, 'NONE', 'NONE', 'NONE', 0
'FWD_TP_COMM_INTRA', 'Comm', 592.0562165002591, 592.0705330679124, 0.014316567653333332, 51539607552.0, 'ALLREDUCE', 'TP', 'INTRA', 2
'FWD_MHA', 'Compute', 592.0705330679124, 605.0089250835174, 12.93839201560506, 'NONE', 'NONE', 'NONE', 0
'FWD_TP_COMM_INTRA', 'Comm', 605.0089250835174, 605.0232416511707, 0.014316567653333332, 51539607552.0, 'ALLREDUCE', 'TP', 'INTRA', 2
'FWD_FFN', 'Compute', 605.0232416511707, 612.4724417784628, 7.449200127292153, 'NONE', 'NONE', 'NONE', 0
'FWD_TP_COMM_INTRA', 'Comm', 612.4724417784628, 612.4867583461161, 0.014316567653333332, 51539607552.0, 'ALLREDUCE', 'TP', 'INTRA', 2
'FWD_MHA', 'Compute', 612.4867583461161, 625.4251503617211, 12.93839201560506, 'NONE', 'NONE', 'NONE', 0
'FWD_TP_COMM_INTRA', 'Comm', 625.4251503617211, 625.4394669293744, 0.014316567653333332, 51539607552.0, 'ALLREDUCE', 'TP', 'INTRA', 2
'FWD_FFN', 'Compute', 625.4394669293744, 632.8886670566665, 7.449200127292153, 'NONE', 'NONE', 'NONE', 0
'FWD_TP_COMM_INTRA', 'Comm', 632.8886670566665, 632.9029836243197, 0.014316567653333332, 51539607552.0, 'ALLREDUCE', 'TP', 'INTRA', 2
'FWD_MHA', 'Compute', 632.9029836243197, 645.8413756399248, 12.93839201560506, 'NONE', 'NONE', 'NONE', 0
'FWD_TP_COMM_INTRA', 'Comm', 645.8413756399248, 645.855692207578, 0.014316567653333332, 51539607552.0, 'ALLREDUCE', 'TP', 'INTRA', 2
'FWD_FFN', 'Compute', 645.855692207578, 653.3048923348701, 7.449200127292153, 'NONE', 'NONE', 'NONE', 0
'FWD_TP_COMM_INTRA', 'Comm', 653.3048923348701, 653.3192089025234, 0.014316567653333332, 51539607552.0, 'ALLREDUCE', 'TP', 'INTRA', 2
'FWD_MHA', 'Compute', 653.3192089025234, 666.2576009181284, 12.93839201560506, 'NONE', 'NONE', 'NONE', 0
'FWD_TP_COMM_INTRA', 'Comm', 666.2576009181284, 666.2719174857817, 0.014316567653333332, 51539607552.0, 'ALLREDUCE', 'TP', 'INTRA', 2
'FWD_FFN', 'Compute', 666.2719174857817, 673.7211176130738, 7.449200127292153, 'NONE', 'NONE', 'NONE', 0
'FWD_TP_COMM_INTRA', 'Comm', 673.7211176130738, 673.7354341807271, 0.014316567653333332, 51539607552.0, 'ALLREDUCE', 'TP', 'INTRA', 2
'FWD_MHA', 'Compute', 673.7354341807271, 686.6738261963321, 12.93839201560506, 'NONE', 'NONE', 'NONE', 0
'FWD_TP_COMM_INTRA', 'Comm', 686.6738261963321, 686.6881427639854, 0.014316567653333332, 51539607552.0, 'ALLREDUCE', 'TP', 'INTRA', 2
'FWD_FFN', 'Compute', 686.6881427639854, 694.1373428912775, 7.449200127292153, 'NONE', 'NONE', 'NONE', 0
'FWD_TP_COMM_INTRA', 'Comm', 694.1373428912775, 694.1516594589308, 0.014316567653333332, 51539607552.0, 'ALLREDUCE', 'TP', 'INTRA', 2
'FWD_MHA', 'Compute', 694.1516594589308, 707.0900514745358, 12.93839201560506, 'NONE', 'NONE', 'NONE', 0
'FWD_TP_COMM_INTRA', 'Comm', 707.0900514745358, 707.1043680421891, 0.014316567653333332, 51539607552.0, 'ALLREDUCE', 'TP', 'INTRA', 2
'FWD_FFN', 'Compute', 707.1043680421891, 714.5535681694812, 7.449200127292153, 'NONE', 'NONE', 'NONE', 0
'FWD_TP_COMM_INTRA', 'Comm', 714.5535681694812, 714.5678847371345, 0.014316567653333332, 51539607552.0, 'ALLREDUCE', 'TP', 'INTRA', 2
'FWD_MHA', 'Compute', 714.5678847371345, 727.5062767527395, 12.93839201560506, 'NONE', 'NONE', 'NONE', 0
'FWD_TP_COMM_INTRA', 'Comm', 727.5062767527395, 727.5205933203928, 0.014316567653333332, 51539607552.0, 'ALLREDUCE', 'TP', 'INTRA', 2
'FWD_FFN', 'Compute', 727.5205933203928, 734.9697934476849, 7.449200127292153, 'NONE', 'NONE', 'NONE', 0
'FWD_TP_COMM_INTRA', 'Comm', 734.9697934476849, 734.9841100153382, 0.014316567653333332, 51539607552.0, 'ALLREDUCE', 'TP', 'INTRA', 2
'FWD_MHA', 'Compute', 734.9841100153382, 747.9225020309432, 12.93839201560506, 'NONE', 'NONE', 'NONE', 0
'FWD_TP_COMM_INTRA', 'Comm', 747.9225020309432, 747.9368185985965, 0.014316567653333332, 51539607552.0, 'ALLREDUCE', 'TP', 'INTRA', 2
'FWD_FFN', 'Compute', 747.9368185985965, 755.3860187258886, 7.449200127292153, 'NONE', 'NONE', 'NONE', 0
'FWD_TP_COMM_INTRA', 'Comm', 755.3860187258886, 755.4003352935418, 0.014316567653333332, 51539607552.0, 'ALLREDUCE', 'TP', 'INTRA', 2
'FWD_MHA', 'Compute', 755.4003352935418, 768.3387273091469, 12.93839201560506, 'NONE', 'NONE', 'NONE', 0
'FWD_TP_COMM_INTRA', 'Comm', 768.3387273091469, 768.3530438768001, 0.014316567653333332, 51539607552.0, 'ALLREDUCE', 'TP', 'INTRA', 2
'FWD_FFN', 'Compute', 768.3530438768001, 775.8022440040922, 7.449200127292153, 'NONE', 'NONE', 'NONE', 0
'FWD_TP_COMM_INTRA', 'Comm', 775.8022440040922, 775.8165605717455, 0.014316567653333332, 51539607552.0, 'ALLREDUCE', 'TP', 'INTRA', 2
'FWD_MHA', 'Compute', 775.8165605717455, 788.7549525873505, 12.93839201560506, 'NONE', 'NONE', 'NONE', 0
'FWD_TP_COMM_INTRA', 'Comm', 788.7549525873505, 788.7692691550038, 0.014316567653333332, 51539607552.0, 'ALLREDUCE', 'TP', 'INTRA', 2
'FWD_FFN', 'Compute', 788.7692691550038, 796.2184692822959, 7.449200127292153, 'NONE', 'NONE', 'NONE', 0
'FWD_TP_COMM_INTRA', 'Comm', 796.2184692822959, 796.2327858499492, 0.014316567653333332, 51539607552.0, 'ALLREDUCE', 'TP', 'INTRA', 2
'FWD_MHA', 'Compute', 796.2327858499492, 809.1711778655542, 12.93839201560506, 'NONE', 'NONE', 'NONE', 0
'FWD_TP_COMM_INTRA', 'Comm', 809.1711778655542, 809.1854944332075, 0.014316567653333332, 51539607552.0, 'ALLREDUCE', 'TP', 'INTRA', 2
'FWD_FFN', 'Compute', 809.1854944332075, 816.6346945604996, 7.449200127292153, 'NONE', 'NONE', 'NONE', 0
'FWD_TP_COMM_INTRA', 'Comm', 816.6346945604996, 816.6490111281529, 0.014316567653333332, 51539607552.0, 'ALLREDUCE', 'TP', 'INTRA', 2
'FWD_MHA', 'Compute', 816.6490111281529, 829.5874031437579, 12.93839201560506, 'NONE', 'NONE', 'NONE', 0
'FWD_TP_COMM_INTRA', 'Comm', 829.5874031437579, 829.6017197114112, 0.014316567653333332, 51539607552.0, 'ALLREDUCE', 'TP', 'INTRA', 2
'FWD_FFN', 'Compute', 829.6017197114112, 837.0509198387033, 7.449200127292153, 'NONE', 'NONE', 'NONE', 0
'FWD_TP_COMM_INTRA', 'Comm', 837.0509198387033, 837.0652364063566, 0.014316567653333332, 51539607552.0, 'ALLREDUCE', 'TP', 'INTRA', 2
'FWD_MHA', 'Compute', 837.0652364063566, 850.0036284219616, 12.93839201560506, 'NONE', 'NONE', 'NONE', 0
'FWD_TP_COMM_INTRA', 'Comm', 850.0036284219616, 850.0179449896149, 0.014316567653333332, 51539607552.0, 'ALLREDUCE', 'TP', 'INTRA', 2
'FWD_FFN', 'Compute', 850.0179449896149, 857.467145116907, 7.449200127292153, 'NONE', 'NONE', 'NONE', 0
'FWD_TP_COMM_INTRA', 'Comm', 857.467145116907, 857.4814616845603, 0.014316567653333332, 51539607552.0, 'ALLREDUCE', 'TP', 'INTRA', 2
'FWD_MHA', 'Compute', 857.4814616845603, 870.4198537001653, 12.93839201560506, 'NONE', 'NONE', 'NONE', 0
'FWD_TP_COMM_INTRA', 'Comm', 870.4198537001653, 870.4341702678186, 0.014316567653333332, 51539607552.0, 'ALLREDUCE', 'TP', 'INTRA', 2
'FWD_FFN', 'Compute', 870.4341702678186, 877.8833703951107, 7.449200127292153, 'NONE', 'NONE', 'NONE', 0
'FWD_TP_COMM_INTRA', 'Comm', 877.8833703951107, 877.8976869627639, 0.014316567653333332, 51539607552.0, 'ALLREDUCE', 'TP', 'INTRA', 2
'FWD_MHA', 'Compute', 877.8976869627639, 890.836078978369, 12.93839201560506, 'NONE', 'NONE', 'NONE', 0
'FWD_TP_COMM_INTRA', 'Comm', 890.836078978369, 890.8503955460222, 0.014316567653333332, 51539607552.0, 'ALLREDUCE', 'TP', 'INTRA', 2
'FWD_FFN', 'Compute', 890.8503955460222, 898.2995956733143, 7.449200127292153, 'NONE', 'NONE', 'NONE', 0
'FWD_TP_COMM_INTRA', 'Comm', 898.2995956733143, 898.3139122409676, 0.014316567653333332, 51539607552.0, 'ALLREDUCE', 'TP', 'INTRA', 2
'FWD_MHA', 'Compute', 898.3139122409676, 911.2523042565726, 12.93839201560506, 'NONE', 'NONE', 'NONE', 0
'FWD_TP_COMM_INTRA', 'Comm', 911.2523042565726, 911.2666208242259, 0.014316567653333332, 51539607552.0, 'ALLREDUCE', 'TP', 'INTRA', 2
'FWD_FFN', 'Compute', 911.2666208242259, 918.715820951518, 7.449200127292153, 'NONE', 'NONE', 'NONE', 0
'FWD_TP_COMM_INTRA', 'Comm', 918.715820951518, 918.7301375191713, 0.014316567653333332, 51539607552.0, 'ALLREDUCE', 'TP', 'INTRA', 2
'FWD_MHA', 'Compute', 918.7301375191713, 931.6685295347763, 12.93839201560506, 'NONE', 'NONE', 'NONE', 0
'FWD_TP_COMM_INTRA', 'Comm', 931.6685295347763, 931.6828461024296, 0.014316567653333332, 51539607552.0, 'ALLREDUCE', 'TP', 'INTRA', 2
'FWD_FFN', 'Compute', 931.6828461024296, 939.1320462297217, 7.449200127292153, 'NONE', 'NONE', 'NONE', 0
'FWD_TP_COMM_INTRA', 'Comm', 939.1320462297217, 939.146362797375, 0.014316567653333332, 51539607552.0, 'ALLREDUCE', 'TP', 'INTRA', 2
'FWD_MHA', 'Compute', 939.146362797375, 952.08475481298, 12.93839201560506, 'NONE', 'NONE', 'NONE', 0
'FWD_TP_COMM_INTRA', 'Comm', 952.08475481298, 952.0990713806333, 0.014316567653333332, 51539607552.0, 'ALLREDUCE', 'TP', 'INTRA', 2
'FWD_FFN', 'Compute', 952.0990713806333, 959.5482715079254, 7.449200127292153, 'NONE', 'NONE', 'NONE', 0
'FWD_TP_COMM_INTRA', 'Comm', 959.5482715079254, 959.5625880755787, 0.014316567653333332, 51539607552.0, 'ALLREDUCE', 'TP', 'INTRA', 2
'FWD_MHA', 'Compute', 959.5625880755787, 972.5009800911837, 12.93839201560506, 'NONE', 'NONE', 'NONE', 0
'FWD_TP_COMM_INTRA', 'Comm', 972.5009800911837, 972.515296658837, 0.014316567653333332, 51539607552.0, 'ALLREDUCE', 'TP', 'INTRA', 2
'FWD_FFN', 'Compute', 972.515296658837, 979.9644967861291, 7.449200127292153, 'NONE', 'NONE', 'NONE', 0
'FWD_TP_COMM_INTRA', 'Comm', 979.9644967861291, 979.9788133537824, 0.014316567653333332, 51539607552.0, 'ALLREDUCE', 'TP', 'INTRA', 2
'FWD_PP_COMM_INTRA', 'Comm', 979.9788133537824, 979.9789624846954, 0.00014913091305555554, 51539607552.0, 'P2P', 'PP', 'INTRA', 2
'FWD_MHA', 'Compute', 979.9789624846954, 992.9173545003005, 12.93839201560506, 'NONE', 'NONE', 'NONE', 0
'FWD_TP_COMM_INTRA', 'Comm', 992.9173545003005, 992.9316710679537, 0.014316567653333332, 51539607552.0, 'ALLREDUCE', 'TP', 'INTRA', 2
'FWD_FFN', 'Compute', 992.9316710679537, 1000.3808711952458, 7.449200127292153, 'NONE', 'NONE', 'NONE', 0
'FWD_TP_COMM_INTRA', 'Comm', 1000.3808711952458, 1000.3951877628991, 0.014316567653333332, 51539607552.0, 'ALLREDUCE', 'TP', 'INTRA', 2
'FWD_MHA', 'Compute', 1000.3951877628991, 1013.3335797785041, 12.93839201560506, 'NONE', 'NONE', 'NONE', 0
'FWD_TP_COMM_INTRA', 'Comm', 1013.3335797785041, 1013.3478963461574, 0.014316567653333332, 51539607552.0, 'ALLREDUCE', 'TP', 'INTRA', 2
'FWD_FFN', 'Compute', 1013.3478963461574, 1020.7970964734495, 7.449200127292153, 'NONE', 'NONE', 'NONE', 0
'FWD_TP_COMM_INTRA', 'Comm', 1020.7970964734495, 1020.8114130411028, 0.014316567653333332, 51539607552.0, 'ALLREDUCE', 'TP', 'INTRA', 2
'FWD_MHA', 'Compute', 1020.8114130411028, 1033.7498050567078, 12.93839201560506, 'NONE', 'NONE', 'NONE', 0
'FWD_TP_COMM_INTRA', 'Comm', 1033.7498050567078, 1033.7641216243612, 0.014316567653333332, 51539607552.0, 'ALLREDUCE', 'TP', 'INTRA', 2
'FWD_FFN', 'Compute', 1033.7641216243612, 1041.2133217516534, 7.449200127292153, 'NONE', 'NONE', 'NONE', 0
'FWD_TP_COMM_INTRA', 'Comm', 1041.2133217516534, 1041.2276383193068, 0.014316567653333332, 51539607552.0, 'ALLREDUCE', 'TP', 'INTRA', 2
'FWD_MHA', 'Compute', 1041.2276383193068, 1054.166030334912, 12.93839201560506, 'NONE', 'NONE', 'NONE', 0
'FWD_TP_COMM_INTRA', 'Comm', 1054.166030334912, 1054.1803469025654, 0.014316567653333332, 51539607552.0, 'ALLREDUCE', 'TP', 'INTRA', 2
'FWD_FFN', 'Compute', 1054.1803469025654, 1061.6295470298576, 7.449200127292153, 'NONE', 'NONE', 'NONE', 0
'FWD_TP_COMM_INTRA', 'Comm', 1061.6295470298576, 1061.643863597511, 0.014316567653333332, 51539607552.0, 'ALLREDUCE', 'TP', 'INTRA', 2
'FWD_MHA', 'Compute', 1061.643863597511, 1074.582255613116, 12.93839201560506, 'NONE', 'NONE', 'NONE', 0
'FWD_TP_COMM_INTRA', 'Comm', 1074.582255613116, 1074.5965721807695, 0.014316567653333332, 51539607552.0, 'ALLREDUCE', 'TP', 'INTRA', 2
'FWD_FFN', 'Compute', 1074.5965721807695, 1082.0457723080617, 7.449200127292153, 'NONE', 'NONE', 'NONE', 0
'FWD_TP_COMM_INTRA', 'Comm', 1082.0457723080617, 1082.060088875715, 0.014316567653333332, 51539607552.0, 'ALLREDUCE', 'TP', 'INTRA', 2
'FWD_MHA', 'Compute', 1082.060088875715, 1094.9984808913202, 12.93839201560506, 'NONE', 'NONE', 'NONE', 0
'FWD_TP_COMM_INTRA', 'Comm', 1094.9984808913202, 1095.0127974589736, 0.014316567653333332, 51539607552.0, 'ALLREDUCE', 'TP', 'INTRA', 2
'FWD_FFN', 'Compute', 1095.0127974589736, 1102.4619975862659, 7.449200127292153, 'NONE', 'NONE', 'NONE', 0
'FWD_TP_COMM_INTRA', 'Comm', 1102.4619975862659, 1102.4763141539192, 0.014316567653333332, 51539607552.0, 'ALLREDUCE', 'TP', 'INTRA', 2
'FWD_MHA', 'Compute', 1102.4763141539192, 1115.4147061695244, 12.93839201560506, 'NONE', 'NONE', 'NONE', 0
'FWD_TP_COMM_INTRA', 'Comm', 1115.4147061695244, 1115.4290227371778, 0.014316567653333332, 51539607552.0, 'ALLREDUCE', 'TP', 'INTRA', 2
'FWD_FFN', 'Compute', 1115.4290227371778, 1122.87822286447, 7.449200127292153, 'NONE', 'NONE', 'NONE', 0
'FWD_TP_COMM_INTRA', 'Comm', 1122.87822286447, 1122.8925394321234, 0.014316567653333332, 51539607552.0, 'ALLREDUCE', 'TP', 'INTRA', 2
'FWD_MHA', 'Compute', 1122.8925394321234, 1135.8309314477285, 12.93839201560506, 'NONE', 'NONE', 'NONE', 0
'FWD_TP_COMM_INTRA', 'Comm', 1135.8309314477285, 1135.845248015382, 0.014316567653333332, 51539607552.0, 'ALLREDUCE', 'TP', 'INTRA', 2
'FWD_FFN', 'Compute', 1135.845248015382, 1143.2944481426741, 7.449200127292153, 'NONE', 'NONE', 'NONE', 0
'FWD_TP_COMM_INTRA', 'Comm', 1143.2944481426741, 1143.3087647103275, 0.014316567653333332, 51539607552.0, 'ALLREDUCE', 'TP', 'INTRA', 2
'FWD_MHA', 'Compute', 1143.3087647103275, 1156.2471567259327, 12.93839201560506, 'NONE', 'NONE', 'NONE', 0
'FWD_TP_COMM_INTRA', 'Comm', 1156.2471567259327, 1156.261473293586, 0.014316567653333332, 51539607552.0, 'ALLREDUCE', 'TP', 'INTRA', 2
'FWD_FFN', 'Compute', 1156.261473293586, 1163.7106734208783, 7.449200127292153, 'NONE', 'NONE', 'NONE', 0
'FWD_TP_COMM_INTRA', 'Comm', 1163.7106734208783, 1163.7249899885317, 0.014316567653333332, 51539607552.0, 'ALLREDUCE', 'TP', 'INTRA', 2
'FWD_MHA', 'Compute', 1163.7249899885317, 1176.6633820041368, 12.93839201560506, 'NONE', 'NONE', 'NONE', 0
'FWD_TP_COMM_INTRA', 'Comm', 1176.6633820041368, 1176.6776985717902, 0.014316567653333332, 51539607552.0, 'ALLREDUCE', 'TP', 'INTRA', 2
'FWD_FFN', 'Compute', 1176.6776985717902, 1184.1268986990824, 7.449200127292153, 'NONE', 'NONE', 'NONE', 0
'FWD_TP_COMM_INTRA', 'Comm', 1184.1268986990824, 1184.1412152667358, 0.014316567653333332, 51539607552.0, 'ALLREDUCE', 'TP', 'INTRA', 2
'FWD_MHA', 'Compute', 1184.1412152667358, 1197.079607282341, 12.93839201560506, 'NONE', 'NONE', 'NONE', 0
'FWD_TP_COMM_INTRA', 'Comm', 1197.079607282341, 1197.0939238499943, 0.014316567653333332, 51539607552.0, 'ALLREDUCE', 'TP', 'INTRA', 2
'FWD_FFN', 'Compute', 1197.0939238499943, 1204.5431239772865, 7.449200127292153, 'NONE', 'NONE', 'NONE', 0
'FWD_TP_COMM_INTRA', 'Comm', 1204.5431239772865, 1204.55744054494, 0.014316567653333332, 51539607552.0, 'ALLREDUCE', 'TP', 'INTRA', 2
'FWD_MHA', 'Compute', 1204.55744054494, 1217.495832560545, 12.93839201560506, 'NONE', 'NONE', 'NONE', 0
'FWD_TP_COMM_INTRA', 'Comm', 1217.495832560545, 1217.5101491281985, 0.014316567653333332, 51539607552.0, 'ALLREDUCE', 'TP', 'INTRA', 2
'FWD_FFN', 'Compute', 1217.5101491281985, 1224.9593492554907, 7.449200127292153, 'NONE', 'NONE', 'NONE', 0
'FWD_TP_COMM_INTRA', 'Comm', 1224.9593492554907, 1224.973665823144, 0.014316567653333332, 51539607552.0, 'ALLREDUCE', 'TP', 'INTRA', 2
'FWD_MHA', 'Compute', 1224.973665823144, 1237.9120578387492, 12.93839201560506, 'NONE', 'NONE', 'NONE', 0
'FWD_TP_COMM_INTRA', 'Comm', 1237.9120578387492, 1237.9263744064026, 0.014316567653333332, 51539607552.0, 'ALLREDUCE', 'TP', 'INTRA', 2
'FWD_FFN', 'Compute', 1237.9263744064026, 1245.3755745336948, 7.449200127292153, 'NONE', 'NONE', 'NONE', 0
'FWD_TP_COMM_INTRA', 'Comm', 1245.3755745336948, 1245.3898911013482, 0.014316567653333332, 51539607552.0, 'ALLREDUCE', 'TP', 'INTRA', 2
'FWD_MHA', 'Compute', 1245.3898911013482, 1258.3282831169533, 12.93839201560506, 'NONE', 'NONE', 'NONE', 0
'FWD_TP_COMM_INTRA', 'Comm', 1258.3282831169533, 1258.3425996846067, 0.014316567653333332, 51539607552.0, 'ALLREDUCE', 'TP', 'INTRA', 2
'FWD_FFN', 'Compute', 1258.3425996846067, 1265.791799811899, 7.449200127292153, 'NONE', 'NONE', 'NONE', 0
'FWD_TP_COMM_INTRA', 'Comm', 1265.791799811899, 1265.8061163795523, 0.014316567653333332, 51539607552.0, 'ALLREDUCE', 'TP', 'INTRA', 2
'FWD_MHA', 'Compute', 1265.8061163795523, 1278.7445083951575, 12.93839201560506, 'NONE', 'NONE', 'NONE', 0
'FWD_TP_COMM_INTRA', 'Comm', 1278.7445083951575, 1278.7588249628109, 0.014316567653333332, 51539607552.0, 'ALLREDUCE', 'TP', 'INTRA', 2
'FWD_FFN', 'Compute', 1278.7588249628109, 1286.208025090103, 7.449200127292153, 'NONE', 'NONE', 'NONE', 0
'FWD_TP_COMM_INTRA', 'Comm', 1286.208025090103, 1286.2223416577565, 0.014316567653333332, 51539607552.0, 'ALLREDUCE', 'TP', 'INTRA', 2
'FWD_MHA', 'Compute', 1286.2223416577565, 1299.1607336733616, 12.93839201560506, 'NONE', 'NONE', 'NONE', 0
'FWD_TP_COMM_INTRA', 'Comm', 1299.1607336733616, 1299.175050241015, 0.014316567653333332, 51539607552.0, 'ALLREDUCE', 'TP', 'INTRA', 2
'FWD_FFN', 'Compute', 1299.175050241015, 1306.6242503683072, 7.449200127292153, 'NONE', 'NONE', 'NONE', 0
'FWD_TP_COMM_INTRA', 'Comm', 1306.6242503683072, 1306.6385669359606, 0.014316567653333332, 51539607552.0, 'ALLREDUCE', 'TP', 'INTRA', 2
'FWD_MHA', 'Compute', 1306.6385669359606, 1319.5769589515658, 12.93839201560506, 'NONE', 'NONE', 'NONE', 0
'FWD_TP_COMM_INTRA', 'Comm', 1319.5769589515658, 1319.5912755192192, 0.014316567653333332, 51539607552.0, 'ALLREDUCE', 'TP', 'INTRA', 2
'FWD_FFN', 'Compute', 1319.5912755192192, 1327.0404756465114, 7.449200127292153, 'NONE', 'NONE', 'NONE', 0
'FWD_TP_COMM_INTRA', 'Comm', 1327.0404756465114, 1327.0547922141648, 0.014316567653333332, 51539607552.0, 'ALLREDUCE', 'TP', 'INTRA', 2
'FWD_MHA', 'Compute', 1327.0547922141648, 1339.99318422977, 12.93839201560506, 'NONE', 'NONE', 'NONE', 0
'FWD_TP_COMM_INTRA', 'Comm', 1339.99318422977, 1340.0075007974233, 0.014316567653333332, 51539607552.0, 'ALLREDUCE', 'TP', 'INTRA', 2
'FWD_FFN', 'Compute', 1340.0075007974233, 1347.4567009247155, 7.449200127292153, 'NONE', 'NONE', 'NONE', 0
'FWD_TP_COMM_INTRA', 'Comm', 1347.4567009247155, 1347.471017492369, 0.014316567653333332, 51539607552.0, 'ALLREDUCE', 'TP', 'INTRA', 2
'FWD_MHA', 'Compute', 1347.471017492369, 1360.409409507974, 12.93839201560506, 'NONE', 'NONE', 'NONE', 0
'FWD_TP_COMM_INTRA', 'Comm', 1360.409409507974, 1360.4237260756274, 0.014316567653333332, 51539607552.0, 'ALLREDUCE', 'TP', 'INTRA', 2
'FWD_FFN', 'Compute', 1360.4237260756274, 1367.8729262029196, 7.449200127292153, 'NONE', 'NONE', 'NONE', 0
'FWD_TP_COMM_INTRA', 'Comm', 1367.8729262029196, 1367.887242770573, 0.014316567653333332, 51539607552.0, 'ALLREDUCE', 'TP', 'INTRA', 2
'FWD_MHA', 'Compute', 1367.887242770573, 1380.8256347861782, 12.93839201560506, 'NONE', 'NONE', 'NONE', 0
'FWD_TP_COMM_INTRA', 'Comm', 1380.8256347861782, 1380.8399513538316, 0.014316567653333332, 51539607552.0, 'ALLREDUCE', 'TP', 'INTRA', 2
'FWD_FFN', 'Compute', 1380.8399513538316, 1388.2891514811238, 7.449200127292153, 'NONE', 'NONE', 'NONE', 0
'FWD_TP_COMM_INTRA', 'Comm', 1388.2891514811238, 1388.3034680487772, 0.014316567653333332, 51539607552.0, 'ALLREDUCE', 'TP', 'INTRA', 2
'FWD_MHA', 'Compute', 1388.3034680487772, 1401.2418600643823, 12.93839201560506, 'NONE', 'NONE', 'NONE', 0
'FWD_TP_COMM_INTRA', 'Comm', 1401.2418600643823, 1401.2561766320357, 0.014316567653333332, 51539607552.0, 'ALLREDUCE', 'TP', 'INTRA', 2
'FWD_FFN', 'Compute', 1401.2561766320357, 1408.705376759328, 7.449200127292153, 'NONE', 'NONE', 'NONE', 0
'FWD_TP_COMM_INTRA', 'Comm', 1408.705376759328, 1408.7196933269813, 0.014316567653333332, 51539607552.0, 'ALLREDUCE', 'TP', 'INTRA', 2
'FWD_MHA', 'Compute', 1408.7196933269813, 1421.6580853425864, 12.93839201560506, 'NONE', 'NONE', 'NONE', 0
'FWD_TP_COMM_INTRA', 'Comm', 1421.6580853425864, 1421.6724019102398, 0.014316567653333332, 51539607552.0, 'ALLREDUCE', 'TP', 'INTRA', 2
'FWD_FFN', 'Compute', 1421.6724019102398, 1429.121602037532, 7.449200127292153, 'NONE', 'NONE', 'NONE', 0
'FWD_TP_COMM_INTRA', 'Comm', 1429.121602037532, 1429.1359186051855, 0.014316567653333332, 51539607552.0, 'ALLREDUCE', 'TP', 'INTRA', 2
'FWD_MHA', 'Compute', 1429.1359186051855, 1442.0743106207906, 12.93839201560506, 'NONE', 'NONE', 'NONE', 0
'FWD_TP_COMM_INTRA', 'Comm', 1442.0743106207906, 1442.088627188444, 0.014316567653333332, 51539607552.0, 'ALLREDUCE', 'TP', 'INTRA', 2
'FWD_FFN', 'Compute', 1442.088627188444, 1449.5378273157362, 7.449200127292153, 'NONE', 'NONE', 'NONE', 0
'FWD_TP_COMM_INTRA', 'Comm', 1449.5378273157362, 1449.5521438833896, 0.014316567653333332, 51539607552.0, 'ALLREDUCE', 'TP', 'INTRA', 2
'FWD_MHA', 'Compute', 1449.5521438833896, 1462.4905358989947, 12.93839201560506, 'NONE', 'NONE', 'NONE', 0
'FWD_TP_COMM_INTRA', 'Comm', 1462.4905358989947, 1462.5048524666481, 0.014316567653333332, 51539607552.0, 'ALLREDUCE', 'TP', 'INTRA', 2
'FWD_FFN', 'Compute', 1462.5048524666481, 1469.9540525939403, 7.449200127292153, 'NONE', 'NONE', 'NONE', 0
'FWD_TP_COMM_INTRA', 'Comm', 1469.9540525939403, 1469.9683691615937, 0.014316567653333332, 51539607552.0, 'ALLREDUCE', 'TP', 'INTRA', 2
'FWD_MHA', 'Compute', 1469.9683691615937, 1482.9067611771989, 12.93839201560506, 'NONE', 'NONE', 'NONE', 0
'FWD_TP_COMM_INTRA', 'Comm', 1482.9067611771989, 1482.9210777448523, 0.014316567653333332, 51539607552.0, 'ALLREDUCE', 'TP', 'INTRA', 2
'FWD_FFN', 'Compute', 1482.9210777448523, 1490.3702778721445, 7.449200127292153, 'NONE', 'NONE', 'NONE', 0
'FWD_TP_COMM_INTRA', 'Comm', 1490.3702778721445, 1490.3845944397979, 0.014316567653333332, 51539607552.0, 'ALLREDUCE', 'TP', 'INTRA', 2
'FWD_MHA', 'Compute', 1490.3845944397979, 1503.322986455403, 12.93839201560506, 'NONE', 'NONE', 'NONE', 0
'FWD_TP_COMM_INTRA', 'Comm', 1503.322986455403, 1503.3373030230564, 0.014316567653333332, 51539607552.0, 'ALLREDUCE', 'TP', 'INTRA', 2
'FWD_FFN', 'Compute', 1503.3373030230564, 1510.7865031503486, 7.449200127292153, 'NONE', 'NONE', 'NONE', 0
'FWD_TP_COMM_INTRA', 'Comm', 1510.7865031503486, 1510.800819718002, 0.014316567653333332, 51539607552.0, 'ALLREDUCE', 'TP', 'INTRA', 2
'FWD_MHA', 'Compute', 1510.800819718002, 1523.7392117336071, 12.93839201560506, 'NONE', 'NONE', 'NONE', 0
'FWD_TP_COMM_INTRA', 'Comm', 1523.7392117336071, 1523.7535283012605, 0.014316567653333332, 51539607552.0, 'ALLREDUCE', 'TP', 'INTRA', 2
'FWD_FFN', 'Compute', 1523.7535283012605, 1531.2027284285527, 7.449200127292153, 'NONE', 'NONE', 'NONE', 0
'FWD_TP_COMM_INTRA', 'Comm', 1531.2027284285527, 1531.2170449962061, 0.014316567653333332, 51539607552.0, 'ALLREDUCE', 'TP', 'INTRA', 2
'FWD_MHA', 'Compute', 1531.2170449962061, 1544.1554370118113, 12.93839201560506, 'NONE', 'NONE', 'NONE', 0
'FWD_TP_COMM_INTRA', 'Comm', 1544.1554370118113, 1544.1697535794647, 0.014316567653333332, 51539607552.0, 'ALLREDUCE', 'TP', 'INTRA', 2
'FWD_FFN', 'Compute', 1544.1697535794647, 1551.6189537067569, 7.449200127292153, 'NONE', 'NONE', 'NONE', 0
'FWD_TP_COMM_INTRA', 'Comm', 1551.6189537067569, 1551.6332702744103, 0.014316567653333332, 51539607552.0, 'ALLREDUCE', 'TP', 'INTRA', 2
'FWD_MHA', 'Compute', 1551.6332702744103, 1564.5716622900154, 12.93839201560506, 'NONE', 'NONE', 'NONE', 0
'FWD_TP_COMM_INTRA', 'Comm', 1564.5716622900154, 1564.5859788576688, 0.014316567653333332, 51539607552.0, 'ALLREDUCE', 'TP', 'INTRA', 2
'FWD_FFN', 'Compute', 1564.5859788576688, 1572.035178984961, 7.449200127292153, 'NONE', 'NONE', 'NONE', 0
'FWD_TP_COMM_INTRA', 'Comm', 1572.035178984961, 1572.0494955526144, 0.014316567653333332, 51539607552.0, 'ALLREDUCE', 'TP', 'INTRA', 2
'FWD_MHA', 'Compute', 1572.0494955526144, 1584.9878875682195, 12.93839201560506, 'NONE', 'NONE', 'NONE', 0
'FWD_TP_COMM_INTRA', 'Comm', 1584.9878875682195, 1585.002204135873, 0.014316567653333332, 51539607552.0, 'ALLREDUCE', 'TP', 'INTRA', 2
'FWD_FFN', 'Compute', 1585.002204135873, 1592.4514042631652, 7.449200127292153, 'NONE', 'NONE', 'NONE', 0
'FWD_TP_COMM_INTRA', 'Comm', 1592.4514042631652, 1592.4657208308186, 0.014316567653333332, 51539607552.0, 'ALLREDUCE', 'TP', 'INTRA', 2
'FWD_MHA', 'Compute', 1592.4657208308186, 1605.4041128464237, 12.93839201560506, 'NONE', 'NONE', 'NONE', 0
'FWD_TP_COMM_INTRA', 'Comm', 1605.4041128464237, 1605.418429414077, 0.014316567653333332, 51539607552.0, 'ALLREDUCE', 'TP', 'INTRA', 2
'FWD_FFN', 'Compute', 1605.418429414077, 1612.8676295413693, 7.449200127292153, 'NONE', 'NONE', 'NONE', 0
'FWD_TP_COMM_INTRA', 'Comm', 1612.8676295413693, 1612.8819461090227, 0.014316567653333332, 51539607552.0, 'ALLREDUCE', 'TP', 'INTRA', 2
'FWD_MHA', 'Compute', 1612.8819461090227, 1625.8203381246278, 12.93839201560506, 'NONE', 'NONE', 'NONE', 0
'FWD_TP_COMM_INTRA', 'Comm', 1625.8203381246278, 1625.8346546922812, 0.014316567653333332, 51539607552.0, 'ALLREDUCE', 'TP', 'INTRA', 2
'FWD_FFN', 'Compute', 1625.8346546922812, 1633.2838548195734, 7.449200127292153, 'NONE', 'NONE', 'NONE', 0
'FWD_TP_COMM_INTRA', 'Comm', 1633.2838548195734, 1633.2981713872268, 0.014316567653333332, 51539607552.0, 'ALLREDUCE', 'TP', 'INTRA', 2
'FWD_MHA', 'Compute', 1633.2981713872268, 1646.236563402832, 12.93839201560506, 'NONE', 'NONE', 'NONE', 0
'FWD_TP_COMM_INTRA', 'Comm', 1646.236563402832, 1646.2508799704854, 0.014316567653333332, 51539607552.0, 'ALLREDUCE', 'TP', 'INTRA', 2
'FWD_FFN', 'Compute', 1646.2508799704854, 1653.7000800977776, 7.449200127292153, 'NONE', 'NONE', 'NONE', 0
'FWD_TP_COMM_INTRA', 'Comm', 1653.7000800977776, 1653.714396665431, 0.014316567653333332, 51539607552.0, 'ALLREDUCE', 'TP', 'INTRA', 2
'FWD_MHA', 'Compute', 1653.714396665431, 1666.652788681036, 12.93839201560506, 'NONE', 'NONE', 'NONE', 0
'FWD_TP_COMM_INTRA', 'Comm', 1666.652788681036, 1666.6671052486895, 0.014316567653333332, 51539607552.0, 'ALLREDUCE', 'TP', 'INTRA', 2
'FWD_FFN', 'Compute', 1666.6671052486895, 1674.1163053759817, 7.449200127292153, 'NONE', 'NONE', 'NONE', 0
'FWD_TP_COMM_INTRA', 'Comm', 1674.1163053759817, 1674.130621943635, 0.014316567653333332, 51539607552.0, 'ALLREDUCE', 'TP', 'INTRA', 2
'FWD_MHA', 'Compute', 1674.130621943635, 1687.0690139592402, 12.93839201560506, 'NONE', 'NONE', 'NONE', 0
'FWD_TP_COMM_INTRA', 'Comm', 1687.0690139592402, 1687.0833305268936, 0.014316567653333332, 51539607552.0, 'ALLREDUCE', 'TP', 'INTRA', 2
'FWD_FFN', 'Compute', 1687.0833305268936, 1694.5325306541858, 7.449200127292153, 'NONE', 'NONE', 'NONE', 0
'FWD_TP_COMM_INTRA', 'Comm', 1694.5325306541858, 1694.5468472218392, 0.014316567653333332, 51539607552.0, 'ALLREDUCE', 'TP', 'INTRA', 2
'FWD_MHA', 'Compute', 1694.5468472218392, 1707.4852392374444, 12.93839201560506, 'NONE', 'NONE', 'NONE', 0
'FWD_TP_COMM_INTRA', 'Comm', 1707.4852392374444, 1707.4995558050978, 0.014316567653333332, 51539607552.0, 'ALLREDUCE', 'TP', 'INTRA', 2
'FWD_FFN', 'Compute', 1707.4995558050978, 1714.94875593239, 7.449200127292153, 'NONE', 'NONE', 'NONE', 0
'FWD_TP_COMM_INTRA', 'Comm', 1714.94875593239, 1714.9630725000434, 0.014316567653333332, 51539607552.0, 'ALLREDUCE', 'TP', 'INTRA', 2
'FWD_MHA', 'Compute', 1714.9630725000434, 1727.9014645156485, 12.93839201560506, 'NONE', 'NONE', 'NONE', 0
'FWD_TP_COMM_INTRA', 'Comm', 1727.9014645156485, 1727.915781083302, 0.014316567653333332, 51539607552.0, 'ALLREDUCE', 'TP', 'INTRA', 2
'FWD_FFN', 'Compute', 1727.915781083302, 1735.3649812105941, 7.449200127292153, 'NONE', 'NONE', 'NONE', 0
'FWD_TP_COMM_INTRA', 'Comm', 1735.3649812105941, 1735.3792977782475, 0.014316567653333332, 51539607552.0, 'ALLREDUCE', 'TP', 'INTRA', 2
'FWD_MHA', 'Compute', 1735.3792977782475, 1748.3176897938527, 12.93839201560506, 'NONE', 'NONE', 'NONE', 0
'FWD_TP_COMM_INTRA', 'Comm', 1748.3176897938527, 1748.332006361506, 0.014316567653333332, 51539607552.0, 'ALLREDUCE', 'TP', 'INTRA', 2
'FWD_FFN', 'Compute', 1748.332006361506, 1755.7812064887983, 7.449200127292153, 'NONE', 'NONE', 'NONE', 0
'FWD_TP_COMM_INTRA', 'Comm', 1755.7812064887983, 1755.7955230564517, 0.014316567653333332, 51539607552.0, 'ALLREDUCE', 'TP', 'INTRA', 2
'FWD_MHA', 'Compute', 1755.7955230564517, 1768.7339150720568, 12.93839201560506, 'NONE', 'NONE', 'NONE', 0
'FWD_TP_COMM_INTRA', 'Comm', 1768.7339150720568, 1768.7482316397102, 0.014316567653333332, 51539607552.0, 'ALLREDUCE', 'TP', 'INTRA', 2
'FWD_FFN', 'Compute', 1768.7482316397102, 1776.1974317670024, 7.449200127292153, 'NONE', 'NONE', 'NONE', 0
'FWD_TP_COMM_INTRA', 'Comm', 1776.1974317670024, 1776.2117483346558, 0.014316567653333332, 51539607552.0, 'ALLREDUCE', 'TP', 'INTRA', 2
'FWD_MHA', 'Compute', 1776.2117483346558, 1789.150140350261, 12.93839201560506, 'NONE', 'NONE', 'NONE', 0
'FWD_TP_COMM_INTRA', 'Comm', 1789.150140350261, 1789.1644569179143, 0.014316567653333332, 51539607552.0, 'ALLREDUCE', 'TP', 'INTRA', 2
'FWD_FFN', 'Compute', 1789.1644569179143, 1796.6136570452065, 7.449200127292153, 'NONE', 'NONE', 'NONE', 0
'FWD_TP_COMM_INTRA', 'Comm', 1796.6136570452065, 1796.62797361286, 0.014316567653333332, 51539607552.0, 'ALLREDUCE', 'TP', 'INTRA', 2
'FWD_MHA', 'Compute', 1796.62797361286, 1809.566365628465, 12.93839201560506, 'NONE', 'NONE', 'NONE', 0
'FWD_TP_COMM_INTRA', 'Comm', 1809.566365628465, 1809.5806821961185, 0.014316567653333332, 51539607552.0, 'ALLREDUCE', 'TP', 'INTRA', 2
'FWD_FFN', 'Compute', 1809.5806821961185, 1817.0298823234107, 7.449200127292153, 'NONE', 'NONE', 'NONE', 0
'FWD_TP_COMM_INTRA', 'Comm', 1817.0298823234107, 1817.044198891064, 0.014316567653333332, 51539607552.0, 'ALLREDUCE', 'TP', 'INTRA', 2
'FWD_MHA', 'Compute', 1817.044198891064, 1829.9825909066692, 12.93839201560506, 'NONE', 'NONE', 'NONE', 0
'FWD_TP_COMM_INTRA', 'Comm', 1829.9825909066692, 1829.9969074743226, 0.014316567653333332, 51539607552.0, 'ALLREDUCE', 'TP', 'INTRA', 2
'FWD_FFN', 'Compute', 1829.9969074743226, 1837.4461076016148, 7.449200127292153, 'NONE', 'NONE', 'NONE', 0
'FWD_TP_COMM_INTRA', 'Comm', 1837.4461076016148, 1837.4604241692682, 0.014316567653333332, 51539607552.0, 'ALLREDUCE', 'TP', 'INTRA', 2
'FWD_MHA', 'Compute', 1837.4604241692682, 1850.3988161848733, 12.93839201560506, 'NONE', 'NONE', 'NONE', 0
'FWD_TP_COMM_INTRA', 'Comm', 1850.3988161848733, 1850.4131327525267, 0.014316567653333332, 51539607552.0, 'ALLREDUCE', 'TP', 'INTRA', 2
'FWD_FFN', 'Compute', 1850.4131327525267, 1857.862332879819, 7.449200127292153, 'NONE', 'NONE', 'NONE', 0
'FWD_TP_COMM_INTRA', 'Comm', 1857.862332879819, 1857.8766494474723, 0.014316567653333332, 51539607552.0, 'ALLREDUCE', 'TP', 'INTRA', 2
'FWD_MHA', 'Compute', 1857.8766494474723, 1870.8150414630775, 12.93839201560506, 'NONE', 'NONE', 'NONE', 0
'FWD_TP_COMM_INTRA', 'Comm', 1870.8150414630775, 1870.8293580307309, 0.014316567653333332, 51539607552.0, 'ALLREDUCE', 'TP', 'INTRA', 2
'FWD_FFN', 'Compute', 1870.8293580307309, 1878.278558158023, 7.449200127292153, 'NONE', 'NONE', 'NONE', 0
'FWD_TP_COMM_INTRA', 'Comm', 1878.278558158023, 1878.2928747256765, 0.014316567653333332, 51539607552.0, 'ALLREDUCE', 'TP', 'INTRA', 2
'FWD_MHA', 'Compute', 1878.2928747256765, 1891.2312667412816, 12.93839201560506, 'NONE', 'NONE', 'NONE', 0
'FWD_TP_COMM_INTRA', 'Comm', 1891.2312667412816, 1891.245583308935, 0.014316567653333332, 51539607552.0, 'ALLREDUCE', 'TP', 'INTRA', 2
'FWD_FFN', 'Compute', 1891.245583308935, 1898.6947834362272, 7.449200127292153, 'NONE', 'NONE', 'NONE', 0
'FWD_TP_COMM_INTRA', 'Comm', 1898.6947834362272, 1898.7091000038806, 0.014316567653333332, 51539607552.0, 'ALLREDUCE', 'TP', 'INTRA', 2
'FWD_MHA', 'Compute', 1898.7091000038806, 1911.6474920194858, 12.93839201560506, 'NONE', 'NONE', 'NONE', 0
'FWD_TP_COMM_INTRA', 'Comm', 1911.6474920194858, 1911.6618085871391, 0.014316567653333332, 51539607552.0, 'ALLREDUCE', 'TP', 'INTRA', 2
'FWD_FFN', 'Compute', 1911.6618085871391, 1919.1110087144314, 7.449200127292153, 'NONE', 'NONE', 'NONE', 0
'FWD_TP_COMM_INTRA', 'Comm', 1919.1110087144314, 1919.1253252820848, 0.014316567653333332, 51539607552.0, 'ALLREDUCE', 'TP', 'INTRA', 2
'FWD_MHA', 'Compute', 1919.1253252820848, 1932.06371729769, 12.93839201560506, 'NONE', 'NONE', 'NONE', 0
'FWD_TP_COMM_INTRA', 'Comm', 1932.06371729769, 1932.0780338653433, 0.014316567653333332, 51539607552.0, 'ALLREDUCE', 'TP', 'INTRA', 2
'FWD_FFN', 'Compute', 1932.0780338653433, 1939.5272339926355, 7.449200127292153, 'NONE', 'NONE', 'NONE', 0
'FWD_TP_COMM_INTRA', 'Comm', 1939.5272339926355, 1939.541550560289, 0.014316567653333332, 51539607552.0, 'ALLREDUCE', 'TP', 'INTRA', 2
'FWD_MHA', 'Compute', 1939.541550560289, 1952.479942575894, 12.93839201560506, 'NONE', 'NONE', 'NONE', 0
'FWD_TP_COMM_INTRA', 'Comm', 1952.479942575894, 1952.4942591435474, 0.014316567653333332, 51539607552.0, 'ALLREDUCE', 'TP', 'INTRA', 2
'FWD_FFN', 'Compute', 1952.4942591435474, 1959.9434592708396, 7.449200127292153, 'NONE', 'NONE', 'NONE', 0
'FWD_TP_COMM_INTRA', 'Comm', 1959.9434592708396, 1959.957775838493, 0.014316567653333332, 51539607552.0, 'ALLREDUCE', 'TP', 'INTRA', 2
'FWD_PP_COMM_INTRA', 'Comm', 1959.957775838493, 1959.9579249694061, 0.00014913091305555554, 51539607552.0, 'P2P', 'PP', 'INTRA', 2
'BWD_MHA', 'Compute', 1959.9579249694061, 1972.8963169850113, 12.93839201560506, 'NONE', 'NONE', 'NONE', 0
'BWD_TP_COMM_INTRA', 'Comm', 1972.8963169850113, 1972.9106335526646, 0.014316567653333332, 51539607552.0, 'ALLREDUCE', 'TP', 'INTRA', 2
'BWD_FFN', 'Compute', 1972.9106335526646, 1980.3598336799569, 7.449200127292153, 'NONE', 'NONE', 'NONE', 0
'BWD_TP_COMM_INTRA', 'Comm', 1980.3598336799569, 1980.3741502476103, 0.014316567653333332, 51539607552.0, 'ALLREDUCE', 'TP', 'INTRA', 2
'BWD_MHA', 'Compute', 1980.3741502476103, 1993.3125422632154, 12.93839201560506, 'NONE', 'NONE', 'NONE', 0
'BWD_TP_COMM_INTRA', 'Comm', 1993.3125422632154, 1993.3268588308688, 0.014316567653333332, 51539607552.0, 'ALLREDUCE', 'TP', 'INTRA', 2
'BWD_FFN', 'Compute', 1993.3268588308688, 2000.776058958161, 7.449200127292153, 'NONE', 'NONE', 'NONE', 0
'BWD_TP_COMM_INTRA', 'Comm', 2000.776058958161, 2000.7903755258144, 0.014316567653333332, 51539607552.0, 'ALLREDUCE', 'TP', 'INTRA', 2
'BWD_MHA', 'Compute', 2000.7903755258144, 2013.7287675414195, 12.93839201560506, 'NONE', 'NONE', 'NONE', 0
'BWD_TP_COMM_INTRA', 'Comm', 2013.7287675414195, 2013.743084109073, 0.014316567653333332, 51539607552.0, 'ALLREDUCE', 'TP', 'INTRA', 2
'BWD_FFN', 'Compute', 2013.743084109073, 2021.1922842363651, 7.449200127292153, 'NONE', 'NONE', 'NONE', 0
'BWD_TP_COMM_INTRA', 'Comm', 2021.1922842363651, 2021.2066008040185, 0.014316567653333332, 51539607552.0, 'ALLREDUCE', 'TP', 'INTRA', 2
'BWD_MHA', 'Compute', 2021.2066008040185, 2034.1449928196237, 12.93839201560506, 'NONE', 'NONE', 'NONE', 0
'BWD_TP_COMM_INTRA', 'Comm', 2034.1449928196237, 2034.159309387277, 0.014316567653333332, 51539607552.0, 'ALLREDUCE', 'TP', 'INTRA', 2
'BWD_FFN', 'Compute', 2034.159309387277, 2041.6085095145693, 7.449200127292153, 'NONE', 'NONE', 'NONE', 0
'BWD_TP_COMM_INTRA', 'Comm', 2041.6085095145693, 2041.6228260822227, 0.014316567653333332, 51539607552.0, 'ALLREDUCE', 'TP', 'INTRA', 2
'BWD_MHA', 'Compute', 2041.6228260822227, 2054.561218097828, 12.93839201560506, 'NONE', 'NONE', 'NONE', 0
'BWD_TP_COMM_INTRA', 'Comm', 2054.561218097828, 2054.575534665481, 0.014316567653333332, 51539607552.0, 'ALLREDUCE', 'TP', 'INTRA', 2
'BWD_FFN', 'Compute', 2054.575534665481, 2062.024734792773, 7.449200127292153, 'NONE', 'NONE', 'NONE', 0
'BWD_TP_COMM_INTRA', 'Comm', 2062.024734792773, 2062.039051360426, 0.014316567653333332, 51539607552.0, 'ALLREDUCE', 'TP', 'INTRA', 2
'BWD_MHA', 'Compute', 2062.039051360426, 2074.9774433760313, 12.93839201560506, 'NONE', 'NONE', 'NONE', 0
'BWD_TP_COMM_INTRA', 'Comm', 2074.9774433760313, 2074.9917599436844, 0.014316567653333332, 51539607552.0, 'ALLREDUCE', 'TP', 'INTRA', 2
'BWD_FFN', 'Compute', 2074.9917599436844, 2082.4409600709764, 7.449200127292153, 'NONE', 'NONE', 'NONE', 0
'BWD_TP_COMM_INTRA', 'Comm', 2082.4409600709764, 2082.4552766386296, 0.014316567653333332, 51539607552.0, 'ALLREDUCE', 'TP', 'INTRA', 2
'BWD_MHA', 'Compute', 2082.4552766386296, 2095.3936686542347, 12.93839201560506, 'NONE', 'NONE', 'NONE', 0
'BWD_TP_COMM_INTRA', 'Comm', 2095.3936686542347, 2095.407985221888, 0.014316567653333332, 51539607552.0, 'ALLREDUCE', 'TP', 'INTRA', 2
'BWD_FFN', 'Compute', 2095.407985221888, 2102.85718534918, 7.449200127292153, 'NONE', 'NONE', 'NONE', 0
'BWD_TP_COMM_INTRA', 'Comm', 2102.85718534918, 2102.871501916833, 0.014316567653333332, 51539607552.0, 'ALLREDUCE', 'TP', 'INTRA', 2
'BWD_MHA', 'Compute', 2102.871501916833, 2115.809893932438, 12.93839201560506, 'NONE', 'NONE', 'NONE', 0
'BWD_TP_COMM_INTRA', 'Comm', 2115.809893932438, 2115.8242105000913, 0.014316567653333332, 51539607552.0, 'ALLREDUCE', 'TP', 'INTRA', 2
'BWD_FFN', 'Compute', 2115.8242105000913, 2123.2734106273833, 7.449200127292153, 'NONE', 'NONE', 'NONE', 0
'BWD_TP_COMM_INTRA', 'Comm', 2123.2734106273833, 2123.2877271950365, 0.014316567653333332, 51539607552.0, 'ALLREDUCE', 'TP', 'INTRA', 2
'BWD_MHA', 'Compute', 2123.2877271950365, 2136.2261192106416, 12.93839201560506, 'NONE', 'NONE', 'NONE', 0
'BWD_TP_COMM_INTRA', 'Comm', 2136.2261192106416, 2136.240435778295, 0.014316567653333332, 51539607552.0, 'ALLREDUCE', 'TP', 'INTRA', 2
'BWD_FFN', 'Compute', 2136.240435778295, 2143.689635905587, 7.449200127292153, 'NONE', 'NONE', 'NONE', 0
'BWD_TP_COMM_INTRA', 'Comm', 2143.689635905587, 2143.70395247324, 0.014316567653333332, 51539607552.0, 'ALLREDUCE', 'TP', 'INTRA', 2
'BWD_MHA', 'Compute', 2143.70395247324, 2156.642344488845, 12.93839201560506, 'NONE', 'NONE', 'NONE', 0
'BWD_TP_COMM_INTRA', 'Comm', 2156.642344488845, 2156.6566610564983, 0.014316567653333332, 51539607552.0, 'ALLREDUCE', 'TP', 'INTRA', 2
'BWD_FFN', 'Compute', 2156.6566610564983, 2164.1058611837902, 7.449200127292153, 'NONE', 'NONE', 'NONE', 0
'BWD_TP_COMM_INTRA', 'Comm', 2164.1058611837902, 2164.1201777514434, 0.014316567653333332, 51539607552.0, 'ALLREDUCE', 'TP', 'INTRA', 2
'BWD_MHA', 'Compute', 2164.1201777514434, 2177.0585697670485, 12.93839201560506, 'NONE', 'NONE', 'NONE', 0
'BWD_TP_COMM_INTRA', 'Comm', 2177.0585697670485, 2177.0728863347017, 0.014316567653333332, 51539607552.0, 'ALLREDUCE', 'TP', 'INTRA', 2
'BWD_FFN', 'Compute', 2177.0728863347017, 2184.5220864619937, 7.449200127292153, 'NONE', 'NONE', 'NONE', 0
'BWD_TP_COMM_INTRA', 'Comm', 2184.5220864619937, 2184.536403029647, 0.014316567653333332, 51539607552.0, 'ALLREDUCE', 'TP', 'INTRA', 2
'BWD_MHA', 'Compute', 2184.536403029647, 2197.474795045252, 12.93839201560506, 'NONE', 'NONE', 'NONE', 0
'BWD_TP_COMM_INTRA', 'Comm', 2197.474795045252, 2197.489111612905, 0.014316567653333332, 51539607552.0, 'ALLREDUCE', 'TP', 'INTRA', 2
'BWD_FFN', 'Compute', 2197.489111612905, 2204.938311740197, 7.449200127292153, 'NONE', 'NONE', 'NONE', 0
'BWD_TP_COMM_INTRA', 'Comm', 2204.938311740197, 2204.9526283078503, 0.014316567653333332, 51539607552.0, 'ALLREDUCE', 'TP', 'INTRA', 2
'BWD_MHA', 'Compute', 2204.9526283078503, 2217.8910203234555, 12.93839201560506, 'NONE', 'NONE', 'NONE', 0
'BWD_TP_COMM_INTRA', 'Comm', 2217.8910203234555, 2217.9053368911086, 0.014316567653333332, 51539607552.0, 'ALLREDUCE', 'TP', 'INTRA', 2
'BWD_FFN', 'Compute', 2217.9053368911086, 2225.3545370184006, 7.449200127292153, 'NONE', 'NONE', 'NONE', 0
'BWD_TP_COMM_INTRA', 'Comm', 2225.3545370184006, 2225.368853586054, 0.014316567653333332, 51539607552.0, 'ALLREDUCE', 'TP', 'INTRA', 2
'BWD_MHA', 'Compute', 2225.368853586054, 2238.307245601659, 12.93839201560506, 'NONE', 'NONE', 'NONE', 0
'BWD_TP_COMM_INTRA', 'Comm', 2238.307245601659, 2238.321562169312, 0.014316567653333332, 51539607552.0, 'ALLREDUCE', 'TP', 'INTRA', 2
'BWD_FFN', 'Compute', 2238.321562169312, 2245.770762296604, 7.449200127292153, 'NONE', 'NONE', 'NONE', 0
'BWD_TP_COMM_INTRA', 'Comm', 2245.770762296604, 2245.7850788642572, 0.014316567653333332, 51539607552.0, 'ALLREDUCE', 'TP', 'INTRA', 2
'BWD_MHA', 'Compute', 2245.7850788642572, 2258.7234708798624, 12.93839201560506, 'NONE', 'NONE', 'NONE', 0
'BWD_TP_COMM_INTRA', 'Comm', 2258.7234708798624, 2258.7377874475155, 0.014316567653333332, 51539607552.0, 'ALLREDUCE', 'TP', 'INTRA', 2
'BWD_FFN', 'Compute', 2258.7377874475155, 2266.1869875748075, 7.449200127292153, 'NONE', 'NONE', 'NONE', 0
'BWD_TP_COMM_INTRA', 'Comm', 2266.1869875748075, 2266.2013041424607, 0.014316567653333332, 51539607552.0, 'ALLREDUCE', 'TP', 'INTRA', 2
'BWD_MHA', 'Compute', 2266.2013041424607, 2279.139696158066, 12.93839201560506, 'NONE', 'NONE', 'NONE', 0
'BWD_TP_COMM_INTRA', 'Comm', 2279.139696158066, 2279.154012725719, 0.014316567653333332, 51539607552.0, 'ALLREDUCE', 'TP', 'INTRA', 2
'BWD_FFN', 'Compute', 2279.154012725719, 2286.603212853011, 7.449200127292153, 'NONE', 'NONE', 'NONE', 0
'BWD_TP_COMM_INTRA', 'Comm', 2286.603212853011, 2286.617529420664, 0.014316567653333332, 51539607552.0, 'ALLREDUCE', 'TP', 'INTRA', 2
'BWD_MHA', 'Compute', 2286.617529420664, 2299.5559214362693, 12.93839201560506, 'NONE', 'NONE', 'NONE', 0
'BWD_TP_COMM_INTRA', 'Comm', 2299.5559214362693, 2299.5702380039224, 0.014316567653333332, 51539607552.0, 'ALLREDUCE', 'TP', 'INTRA', 2
'BWD_FFN', 'Compute', 2299.5702380039224, 2307.0194381312144, 7.449200127292153, 'NONE', 'NONE', 'NONE', 0
'BWD_TP_COMM_INTRA', 'Comm', 2307.0194381312144, 2307.0337546988676, 0.014316567653333332, 51539607552.0, 'ALLREDUCE', 'TP', 'INTRA', 2
'BWD_MHA', 'Compute', 2307.0337546988676, 2319.9721467144727, 12.93839201560506, 'NONE', 'NONE', 'NONE', 0
'BWD_TP_COMM_INTRA', 'Comm', 2319.9721467144727, 2319.986463282126, 0.014316567653333332, 51539607552.0, 'ALLREDUCE', 'TP', 'INTRA', 2
'BWD_FFN', 'Compute', 2319.986463282126, 2327.435663409418, 7.449200127292153, 'NONE', 'NONE', 'NONE', 0
'BWD_TP_COMM_INTRA', 'Comm', 2327.435663409418, 2327.449979977071, 0.014316567653333332, 51539607552.0, 'ALLREDUCE', 'TP', 'INTRA', 2
'BWD_MHA', 'Compute', 2327.449979977071, 2340.388371992676, 12.93839201560506, 'NONE', 'NONE', 'NONE', 0
'BWD_TP_COMM_INTRA', 'Comm', 2340.388371992676, 2340.4026885603294, 0.014316567653333332, 51539607552.0, 'ALLREDUCE', 'TP', 'INTRA', 2
'BWD_FFN', 'Compute', 2340.4026885603294, 2347.8518886876213, 7.449200127292153, 'NONE', 'NONE', 'NONE', 0
'BWD_TP_COMM_INTRA', 'Comm', 2347.8518886876213, 2347.8662052552745, 0.014316567653333332, 51539607552.0, 'ALLREDUCE', 'TP', 'INTRA', 2
'BWD_MHA', 'Compute', 2347.8662052552745, 2360.8045972708796, 12.93839201560506, 'NONE', 'NONE', 'NONE', 0
'BWD_TP_COMM_INTRA', 'Comm', 2360.8045972708796, 2360.818913838533, 0.014316567653333332, 51539607552.0, 'ALLREDUCE', 'TP', 'INTRA', 2
'BWD_FFN', 'Compute', 2360.818913838533, 2368.268113965825, 7.449200127292153, 'NONE', 'NONE', 'NONE', 0
'BWD_TP_COMM_INTRA', 'Comm', 2368.268113965825, 2368.282430533478, 0.014316567653333332, 51539607552.0, 'ALLREDUCE', 'TP', 'INTRA', 2
'BWD_MHA', 'Compute', 2368.282430533478, 2381.220822549083, 12.93839201560506, 'NONE', 'NONE', 'NONE', 0
'BWD_TP_COMM_INTRA', 'Comm', 2381.220822549083, 2381.2351391167363, 0.014316567653333332, 51539607552.0, 'ALLREDUCE', 'TP', 'INTRA', 2
'BWD_FFN', 'Compute', 2381.2351391167363, 2388.6843392440283, 7.449200127292153, 'NONE', 'NONE', 'NONE', 0
'BWD_TP_COMM_INTRA', 'Comm', 2388.6843392440283, 2388.6986558116814, 0.014316567653333332, 51539607552.0, 'ALLREDUCE', 'TP', 'INTRA', 2
'BWD_MHA', 'Compute', 2388.6986558116814, 2401.6370478272866, 12.93839201560506, 'NONE', 'NONE', 'NONE', 0
'BWD_TP_COMM_INTRA', 'Comm', 2401.6370478272866, 2401.6513643949397, 0.014316567653333332, 51539607552.0, 'ALLREDUCE', 'TP', 'INTRA', 2
'BWD_FFN', 'Compute', 2401.6513643949397, 2409.1005645222317, 7.449200127292153, 'NONE', 'NONE', 'NONE', 0
'BWD_TP_COMM_INTRA', 'Comm', 2409.1005645222317, 2409.114881089885, 0.014316567653333332, 51539607552.0, 'ALLREDUCE', 'TP', 'INTRA', 2
'BWD_MHA', 'Compute', 2409.114881089885, 2422.05327310549, 12.93839201560506, 'NONE', 'NONE', 'NONE', 0
'BWD_TP_COMM_INTRA', 'Comm', 2422.05327310549, 2422.067589673143, 0.014316567653333332, 51539607552.0, 'ALLREDUCE', 'TP', 'INTRA', 2
'BWD_FFN', 'Compute', 2422.067589673143, 2429.516789800435, 7.449200127292153, 'NONE', 'NONE', 'NONE', 0
'BWD_TP_COMM_INTRA', 'Comm', 2429.516789800435, 2429.5311063680883, 0.014316567653333332, 51539607552.0, 'ALLREDUCE', 'TP', 'INTRA', 2
'BWD_MHA', 'Compute', 2429.5311063680883, 2442.4694983836935, 12.93839201560506, 'NONE', 'NONE', 'NONE', 0
'BWD_TP_COMM_INTRA', 'Comm', 2442.4694983836935, 2442.4838149513466, 0.014316567653333332, 51539607552.0, 'ALLREDUCE', 'TP', 'INTRA', 2
'BWD_FFN', 'Compute', 2442.4838149513466, 2449.9330150786386, 7.449200127292153, 'NONE', 'NONE', 'NONE', 0
'BWD_TP_COMM_INTRA', 'Comm', 2449.9330150786386, 2449.947331646292, 0.014316567653333332, 51539607552.0, 'ALLREDUCE', 'TP', 'INTRA', 2
'BWD_MHA', 'Compute', 2449.947331646292, 2462.885723661897, 12.93839201560506, 'NONE', 'NONE', 'NONE', 0
'BWD_TP_COMM_INTRA', 'Comm', 2462.885723661897, 2462.90004022955, 0.014316567653333332, 51539607552.0, 'ALLREDUCE', 'TP', 'INTRA', 2
'BWD_FFN', 'Compute', 2462.90004022955, 2470.349240356842, 7.449200127292153, 'NONE', 'NONE', 'NONE', 0
'BWD_TP_COMM_INTRA', 'Comm', 2470.349240356842, 2470.3635569244952, 0.014316567653333332, 51539607552.0, 'ALLREDUCE', 'TP', 'INTRA', 2
'BWD_MHA', 'Compute', 2470.3635569244952, 2483.3019489401004, 12.93839201560506, 'NONE', 'NONE', 'NONE', 0
'BWD_TP_COMM_INTRA', 'Comm', 2483.3019489401004, 2483.3162655077535, 0.014316567653333332, 51539607552.0, 'ALLREDUCE', 'TP', 'INTRA', 2
'BWD_FFN', 'Compute', 2483.3162655077535, 2490.7654656350455, 7.449200127292153, 'NONE', 'NONE', 'NONE', 0
'BWD_TP_COMM_INTRA', 'Comm', 2490.7654656350455, 2490.7797822026987, 0.014316567653333332, 51539607552.0, 'ALLREDUCE', 'TP', 'INTRA', 2
'BWD_MHA', 'Compute', 2490.7797822026987, 2503.718174218304, 12.93839201560506, 'NONE', 'NONE', 'NONE', 0
'BWD_TP_COMM_INTRA', 'Comm', 2503.718174218304, 2503.732490785957, 0.014316567653333332, 51539607552.0, 'ALLREDUCE', 'TP', 'INTRA', 2
'BWD_FFN', 'Compute', 2503.732490785957, 2511.181690913249, 7.449200127292153, 'NONE', 'NONE', 'NONE', 0
'BWD_TP_COMM_INTRA', 'Comm', 2511.181690913249, 2511.196007480902, 0.014316567653333332, 51539607552.0, 'ALLREDUCE', 'TP', 'INTRA', 2
'BWD_MHA', 'Compute', 2511.196007480902, 2524.1343994965073, 12.93839201560506, 'NONE', 'NONE', 'NONE', 0
'BWD_TP_COMM_INTRA', 'Comm', 2524.1343994965073, 2524.1487160641605, 0.014316567653333332, 51539607552.0, 'ALLREDUCE', 'TP', 'INTRA', 2
'BWD_FFN', 'Compute', 2524.1487160641605, 2531.5979161914524, 7.449200127292153, 'NONE', 'NONE', 'NONE', 0
'BWD_TP_COMM_INTRA', 'Comm', 2531.5979161914524, 2531.6122327591056, 0.014316567653333332, 51539607552.0, 'ALLREDUCE', 'TP', 'INTRA', 2
'BWD_MHA', 'Compute', 2531.6122327591056, 2544.5506247747107, 12.93839201560506, 'NONE', 'NONE', 'NONE', 0
'BWD_TP_COMM_INTRA', 'Comm', 2544.5506247747107, 2544.564941342364, 0.014316567653333332, 51539607552.0, 'ALLREDUCE', 'TP', 'INTRA', 2
'BWD_FFN', 'Compute', 2544.564941342364, 2552.014141469656, 7.449200127292153, 'NONE', 'NONE', 'NONE', 0
'BWD_TP_COMM_INTRA', 'Comm', 2552.014141469656, 2552.028458037309, 0.014316567653333332, 51539607552.0, 'ALLREDUCE', 'TP', 'INTRA', 2
'BWD_MHA', 'Compute', 2552.028458037309, 2564.966850052914, 12.93839201560506, 'NONE', 'NONE', 'NONE', 0
'BWD_TP_COMM_INTRA', 'Comm', 2564.966850052914, 2564.9811666205674, 0.014316567653333332, 51539607552.0, 'ALLREDUCE', 'TP', 'INTRA', 2
'BWD_FFN', 'Compute', 2564.9811666205674, 2572.4303667478594, 7.449200127292153, 'NONE', 'NONE', 'NONE', 0
'BWD_TP_COMM_INTRA', 'Comm', 2572.4303667478594, 2572.4446833155125, 0.014316567653333332, 51539607552.0, 'ALLREDUCE', 'TP', 'INTRA', 2
'BWD_MHA', 'Compute', 2572.4446833155125, 2585.3830753311177, 12.93839201560506, 'NONE', 'NONE', 'NONE', 0
'BWD_TP_COMM_INTRA', 'Comm', 2585.3830753311177, 2585.397391898771, 0.014316567653333332, 51539607552.0, 'ALLREDUCE', 'TP', 'INTRA', 2
'BWD_FFN', 'Compute', 2585.397391898771, 2592.846592026063, 7.449200127292153, 'NONE', 'NONE', 'NONE', 0
'BWD_TP_COMM_INTRA', 'Comm', 2592.846592026063, 2592.860908593716, 0.014316567653333332, 51539607552.0, 'ALLREDUCE', 'TP', 'INTRA', 2
'BWD_MHA', 'Compute', 2592.860908593716, 2605.799300609321, 12.93839201560506, 'NONE', 'NONE', 'NONE', 0
'BWD_TP_COMM_INTRA', 'Comm', 2605.799300609321, 2605.8136171769743, 0.014316567653333332, 51539607552.0, 'ALLREDUCE', 'TP', 'INTRA', 2
'BWD_FFN', 'Compute', 2605.8136171769743, 2613.2628173042663, 7.449200127292153, 'NONE', 'NONE', 'NONE', 0
'BWD_TP_COMM_INTRA', 'Comm', 2613.2628173042663, 2613.2771338719194, 0.014316567653333332, 51539607552.0, 'ALLREDUCE', 'TP', 'INTRA', 2
'BWD_MHA', 'Compute', 2613.2771338719194, 2626.2155258875246, 12.93839201560506, 'NONE', 'NONE', 'NONE', 0
'BWD_TP_COMM_INTRA', 'Comm', 2626.2155258875246, 2626.2298424551777, 0.014316567653333332, 51539607552.0, 'ALLREDUCE', 'TP', 'INTRA', 2
'BWD_FFN', 'Compute', 2626.2298424551777, 2633.6790425824697, 7.449200127292153, 'NONE', 'NONE', 'NONE', 0
'BWD_TP_COMM_INTRA', 'Comm', 2633.6790425824697, 2633.693359150123, 0.014316567653333332, 51539607552.0, 'ALLREDUCE', 'TP', 'INTRA', 2
'BWD_MHA', 'Compute', 2633.693359150123, 2646.631751165728, 12.93839201560506, 'NONE', 'NONE', 'NONE', 0
'BWD_TP_COMM_INTRA', 'Comm', 2646.631751165728, 2646.646067733381, 0.014316567653333332, 51539607552.0, 'ALLREDUCE', 'TP', 'INTRA', 2
'BWD_FFN', 'Compute', 2646.646067733381, 2654.095267860673, 7.449200127292153, 'NONE', 'NONE', 'NONE', 0
'BWD_TP_COMM_INTRA', 'Comm', 2654.095267860673, 2654.1095844283263, 0.014316567653333332, 51539607552.0, 'ALLREDUCE', 'TP', 'INTRA', 2
'BWD_MHA', 'Compute', 2654.1095844283263, 2667.0479764439315, 12.93839201560506, 'NONE', 'NONE', 'NONE', 0
'BWD_TP_COMM_INTRA', 'Comm', 2667.0479764439315, 2667.0622930115846, 0.014316567653333332, 51539607552.0, 'ALLREDUCE', 'TP', 'INTRA', 2
'BWD_FFN', 'Compute', 2667.0622930115846, 2674.5114931388766, 7.449200127292153, 'NONE', 'NONE', 'NONE', 0
'BWD_TP_COMM_INTRA', 'Comm', 2674.5114931388766, 2674.52580970653, 0.014316567653333332, 51539607552.0, 'ALLREDUCE', 'TP', 'INTRA', 2
'BWD_MHA', 'Compute', 2674.52580970653, 2687.464201722135, 12.93839201560506, 'NONE', 'NONE', 'NONE', 0
'BWD_TP_COMM_INTRA', 'Comm', 2687.464201722135, 2687.478518289788, 0.014316567653333332, 51539607552.0, 'ALLREDUCE', 'TP', 'INTRA', 2
'BWD_FFN', 'Compute', 2687.478518289788, 2694.92771841708, 7.449200127292153, 'NONE', 'NONE', 'NONE', 0
'BWD_TP_COMM_INTRA', 'Comm', 2694.92771841708, 2694.9420349847333, 0.014316567653333332, 51539607552.0, 'ALLREDUCE', 'TP', 'INTRA', 2
'BWD_MHA', 'Compute', 2694.9420349847333, 2707.8804270003384, 12.93839201560506, 'NONE', 'NONE', 'NONE', 0
'BWD_TP_COMM_INTRA', 'Comm', 2707.8804270003384, 2707.8947435679916, 0.014316567653333332, 51539607552.0, 'ALLREDUCE', 'TP', 'INTRA', 2
'BWD_FFN', 'Compute', 2707.8947435679916, 2715.3439436952835, 7.449200127292153, 'NONE', 'NONE', 'NONE', 0
'BWD_TP_COMM_INTRA', 'Comm', 2715.3439436952835, 2715.3582602629367, 0.014316567653333332, 51539607552.0, 'ALLREDUCE', 'TP', 'INTRA', 2
'BWD_MHA', 'Compute', 2715.3582602629367, 2728.296652278542, 12.93839201560506, 'NONE', 'NONE', 'NONE', 0
'BWD_TP_COMM_INTRA', 'Comm', 2728.296652278542, 2728.310968846195, 0.014316567653333332, 51539607552.0, 'ALLREDUCE', 'TP', 'INTRA', 2
'BWD_FFN', 'Compute', 2728.310968846195, 2735.760168973487, 7.449200127292153, 'NONE', 'NONE', 'NONE', 0
'BWD_TP_COMM_INTRA', 'Comm', 2735.760168973487, 2735.77448554114, 0.014316567653333332, 51539607552.0, 'ALLREDUCE', 'TP', 'INTRA', 2
'BWD_MHA', 'Compute', 2735.77448554114, 2748.7128775567453, 12.93839201560506, 'NONE', 'NONE', 'NONE', 0
'BWD_TP_COMM_INTRA', 'Comm', 2748.7128775567453, 2748.7271941243985, 0.014316567653333332, 51539607552.0, 'ALLREDUCE', 'TP', 'INTRA', 2
'BWD_FFN', 'Compute', 2748.7271941243985, 2756.1763942516905, 7.449200127292153, 'NONE', 'NONE', 'NONE', 0
'BWD_TP_COMM_INTRA', 'Comm', 2756.1763942516905, 2756.1907108193436, 0.014316567653333332, 51539607552.0, 'ALLREDUCE', 'TP', 'INTRA', 2
'BWD_MHA', 'Compute', 2756.1907108193436, 2769.1291028349488, 12.93839201560506, 'NONE', 'NONE', 'NONE', 0
'BWD_TP_COMM_INTRA', 'Comm', 2769.1291028349488, 2769.143419402602, 0.014316567653333332, 51539607552.0, 'ALLREDUCE', 'TP', 'INTRA', 2
'BWD_FFN', 'Compute', 2769.143419402602, 2776.592619529894, 7.449200127292153, 'NONE', 'NONE', 'NONE', 0
'BWD_TP_COMM_INTRA', 'Comm', 2776.592619529894, 2776.606936097547, 0.014316567653333332, 51539607552.0, 'ALLREDUCE', 'TP', 'INTRA', 2
'BWD_MHA', 'Compute', 2776.606936097547, 2789.545328113152, 12.93839201560506, 'NONE', 'NONE', 'NONE', 0
'BWD_TP_COMM_INTRA', 'Comm', 2789.545328113152, 2789.5596446808054, 0.014316567653333332, 51539607552.0, 'ALLREDUCE', 'TP', 'INTRA', 2
'BWD_FFN', 'Compute', 2789.5596446808054, 2797.0088448080974, 7.449200127292153, 'NONE', 'NONE', 'NONE', 0
'BWD_TP_COMM_INTRA', 'Comm', 2797.0088448080974, 2797.0231613757505, 0.014316567653333332, 51539607552.0, 'ALLREDUCE', 'TP', 'INTRA', 2
'BWD_MHA', 'Compute', 2797.0231613757505, 2809.9615533913557, 12.93839201560506, 'NONE', 'NONE', 'NONE', 0
'BWD_TP_COMM_INTRA', 'Comm', 2809.9615533913557, 2809.975869959009, 0.014316567653333332, 51539607552.0, 'ALLREDUCE', 'TP', 'INTRA', 2
'BWD_FFN', 'Compute', 2809.975869959009, 2817.425070086301, 7.449200127292153, 'NONE', 'NONE', 'NONE', 0
'BWD_TP_COMM_INTRA', 'Comm', 2817.425070086301, 2817.439386653954, 0.014316567653333332, 51539607552.0, 'ALLREDUCE', 'TP', 'INTRA', 2
'BWD_MHA', 'Compute', 2817.439386653954, 2830.377778669559, 12.93839201560506, 'NONE', 'NONE', 'NONE', 0
'BWD_TP_COMM_INTRA', 'Comm', 2830.377778669559, 2830.3920952372123, 0.014316567653333332, 51539607552.0, 'ALLREDUCE', 'TP', 'INTRA', 2
'BWD_FFN', 'Compute', 2830.3920952372123, 2837.8412953645043, 7.449200127292153, 'NONE', 'NONE', 'NONE', 0
'BWD_TP_COMM_INTRA', 'Comm', 2837.8412953645043, 2837.8556119321574, 0.014316567653333332, 51539607552.0, 'ALLREDUCE', 'TP', 'INTRA', 2
'BWD_MHA', 'Compute', 2837.8556119321574, 2850.7940039477626, 12.93839201560506, 'NONE', 'NONE', 'NONE', 0
'BWD_TP_COMM_INTRA', 'Comm', 2850.7940039477626, 2850.8083205154157, 0.014316567653333332, 51539607552.0, 'ALLREDUCE', 'TP', 'INTRA', 2
'BWD_FFN', 'Compute', 2850.8083205154157, 2858.2575206427077, 7.449200127292153, 'NONE', 'NONE', 'NONE', 0
'BWD_TP_COMM_INTRA', 'Comm', 2858.2575206427077, 2858.271837210361, 0.014316567653333332, 51539607552.0, 'ALLREDUCE', 'TP', 'INTRA', 2
'BWD_MHA', 'Compute', 2858.271837210361, 2871.210229225966, 12.93839201560506, 'NONE', 'NONE', 'NONE', 0
'BWD_TP_COMM_INTRA', 'Comm', 2871.210229225966, 2871.224545793619, 0.014316567653333332, 51539607552.0, 'ALLREDUCE', 'TP', 'INTRA', 2
'BWD_FFN', 'Compute', 2871.224545793619, 2878.673745920911, 7.449200127292153, 'NONE', 'NONE', 'NONE', 0
'BWD_TP_COMM_INTRA', 'Comm', 2878.673745920911, 2878.6880624885644, 0.014316567653333332, 51539607552.0, 'ALLREDUCE', 'TP', 'INTRA', 2
'BWD_MHA', 'Compute', 2878.6880624885644, 2891.6264545041695, 12.93839201560506, 'NONE', 'NONE', 'NONE', 0
'BWD_TP_COMM_INTRA', 'Comm', 2891.6264545041695, 2891.6407710718227, 0.014316567653333332, 51539607552.0, 'ALLREDUCE', 'TP', 'INTRA', 2
'BWD_FFN', 'Compute', 2891.6407710718227, 2899.0899711991146, 7.449200127292153, 'NONE', 'NONE', 'NONE', 0
'BWD_TP_COMM_INTRA', 'Comm', 2899.0899711991146, 2899.104287766768, 0.014316567653333332, 51539607552.0, 'ALLREDUCE', 'TP', 'INTRA', 2
'BWD_MHA', 'Compute', 2899.104287766768, 2912.042679782373, 12.93839201560506, 'NONE', 'NONE', 'NONE', 0
'BWD_TP_COMM_INTRA', 'Comm', 2912.042679782373, 2912.056996350026, 0.014316567653333332, 51539607552.0, 'ALLREDUCE', 'TP', 'INTRA', 2
'BWD_FFN', 'Compute', 2912.056996350026, 2919.506196477318, 7.449200127292153, 'NONE', 'NONE', 'NONE', 0
'BWD_TP_COMM_INTRA', 'Comm', 2919.506196477318, 2919.5205130449713, 0.014316567653333332, 51539607552.0, 'ALLREDUCE', 'TP', 'INTRA', 2
'BWD_MHA', 'Compute', 2919.5205130449713, 2932.4589050605764, 12.93839201560506, 'NONE', 'NONE', 'NONE', 0
'BWD_TP_COMM_INTRA', 'Comm', 2932.4589050605764, 2932.4732216282296, 0.014316567653333332, 51539607552.0, 'ALLREDUCE', 'TP', 'INTRA', 2
'BWD_FFN', 'Compute', 2932.4732216282296, 2939.9224217555216, 7.449200127292153, 'NONE', 'NONE', 'NONE', 0
'BWD_TP_COMM_INTRA', 'Comm', 2939.9224217555216, 2939.9367383231747, 0.014316567653333332, 51539607552.0, 'ALLREDUCE', 'TP', 'INTRA', 2
'BWD_PP_COMM_INTRA', 'Comm', 2939.9367383231747, 2939.936887454088, 0.00014913091305555554, 51539607552.0, 'P2P', 'PP', 'INTRA', 2
'BWD_MHA', 'Compute', 2939.936887454088, 2952.875279469693, 12.93839201560506, 'NONE', 'NONE', 'NONE', 0
'BWD_TP_COMM_INTRA', 'Comm', 2952.875279469693, 2952.889596037346, 0.014316567653333332, 51539607552.0, 'ALLREDUCE', 'TP', 'INTRA', 2
'BWD_FFN', 'Compute', 2952.889596037346, 2960.338796164638, 7.449200127292153, 'NONE', 'NONE', 'NONE', 0
'BWD_TP_COMM_INTRA', 'Comm', 2960.338796164638, 2960.3531127322913, 0.014316567653333332, 51539607552.0, 'ALLREDUCE', 'TP', 'INTRA', 2
'BWD_MHA', 'Compute', 2960.3531127322913, 2973.2915047478964, 12.93839201560506, 'NONE', 'NONE', 'NONE', 0
'BWD_TP_COMM_INTRA', 'Comm', 2973.2915047478964, 2973.3058213155496, 0.014316567653333332, 51539607552.0, 'ALLREDUCE', 'TP', 'INTRA', 2
'BWD_FFN', 'Compute', 2973.3058213155496, 2980.7550214428416, 7.449200127292153, 'NONE', 'NONE', 'NONE', 0
'BWD_TP_COMM_INTRA', 'Comm', 2980.7550214428416, 2980.7693380104947, 0.014316567653333332, 51539607552.0, 'ALLREDUCE', 'TP', 'INTRA', 2
'BWD_MHA', 'Compute', 2980.7693380104947, 2993.7077300261, 12.93839201560506, 'NONE', 'NONE', 'NONE', 0
'BWD_TP_COMM_INTRA', 'Comm', 2993.7077300261, 2993.722046593753, 0.014316567653333332, 51539607552.0, 'ALLREDUCE', 'TP', 'INTRA', 2
'BWD_FFN', 'Compute', 2993.722046593753, 3001.171246721045, 7.449200127292153, 'NONE', 'NONE', 'NONE', 0
'BWD_TP_COMM_INTRA', 'Comm', 3001.171246721045, 3001.185563288698, 0.014316567653333332, 51539607552.0, 'ALLREDUCE', 'TP', 'INTRA', 2
'BWD_MHA', 'Compute', 3001.185563288698, 3014.1239553043033, 12.93839201560506, 'NONE', 'NONE', 'NONE', 0
'BWD_TP_COMM_INTRA', 'Comm', 3014.1239553043033, 3014.1382718719565, 0.014316567653333332, 51539607552.0, 'ALLREDUCE', 'TP', 'INTRA', 2
'BWD_FFN', 'Compute', 3014.1382718719565, 3021.5874719992485, 7.449200127292153, 'NONE', 'NONE', 'NONE', 0
'BWD_TP_COMM_INTRA', 'Comm', 3021.5874719992485, 3021.6017885669016, 0.014316567653333332, 51539607552.0, 'ALLREDUCE', 'TP', 'INTRA', 2
'BWD_MHA', 'Compute', 3021.6017885669016, 3034.5401805825068, 12.93839201560506, 'NONE', 'NONE', 'NONE', 0
'BWD_TP_COMM_INTRA', 'Comm', 3034.5401805825068, 3034.55449715016, 0.014316567653333332, 51539607552.0, 'ALLREDUCE', 'TP', 'INTRA', 2
'BWD_FFN', 'Compute', 3034.55449715016, 3042.003697277452, 7.449200127292153, 'NONE', 'NONE', 'NONE', 0
'BWD_TP_COMM_INTRA', 'Comm', 3042.003697277452, 3042.018013845105, 0.014316567653333332, 51539607552.0, 'ALLREDUCE', 'TP', 'INTRA', 2
'BWD_MHA', 'Compute', 3042.018013845105, 3054.95640586071, 12.93839201560506, 'NONE', 'NONE', 'NONE', 0
'BWD_TP_COMM_INTRA', 'Comm', 3054.95640586071, 3054.9707224283634, 0.014316567653333332, 51539607552.0, 'ALLREDUCE', 'TP', 'INTRA', 2
'BWD_FFN', 'Compute', 3054.9707224283634, 3062.4199225556554, 7.449200127292153, 'NONE', 'NONE', 'NONE', 0
'BWD_TP_COMM_INTRA', 'Comm', 3062.4199225556554, 3062.4342391233085, 0.014316567653333332, 51539607552.0, 'ALLREDUCE', 'TP', 'INTRA', 2
'BWD_MHA', 'Compute', 3062.4342391233085, 3075.3726311389137, 12.93839201560506, 'NONE', 'NONE', 'NONE', 0
'BWD_TP_COMM_INTRA', 'Comm', 3075.3726311389137, 3075.386947706567, 0.014316567653333332, 51539607552.0, 'ALLREDUCE', 'TP', 'INTRA', 2
'BWD_FFN', 'Compute', 3075.386947706567, 3082.836147833859, 7.449200127292153, 'NONE', 'NONE', 'NONE', 0
'BWD_TP_COMM_INTRA', 'Comm', 3082.836147833859, 3082.850464401512, 0.014316567653333332, 51539607552.0, 'ALLREDUCE', 'TP', 'INTRA', 2
'BWD_MHA', 'Compute', 3082.850464401512, 3095.788856417117, 12.93839201560506, 'NONE', 'NONE', 'NONE', 0
'BWD_TP_COMM_INTRA', 'Comm', 3095.788856417117, 3095.8031729847703, 0.014316567653333332, 51539607552.0, 'ALLREDUCE', 'TP', 'INTRA', 2
'BWD_FFN', 'Compute', 3095.8031729847703, 3103.2523731120623, 7.449200127292153, 'NONE', 'NONE', 'NONE', 0
'BWD_TP_COMM_INTRA', 'Comm', 3103.2523731120623, 3103.2666896797155, 0.014316567653333332, 51539607552.0, 'ALLREDUCE', 'TP', 'INTRA', 2
'BWD_MHA', 'Compute', 3103.2666896797155, 3116.2050816953206, 12.93839201560506, 'NONE', 'NONE', 'NONE', 0
'BWD_TP_COMM_INTRA', 'Comm', 3116.2050816953206, 3116.2193982629738, 0.014316567653333332, 51539607552.0, 'ALLREDUCE', 'TP', 'INTRA', 2
'BWD_FFN', 'Compute', 3116.2193982629738, 3123.6685983902657, 7.449200127292153, 'NONE', 'NONE', 'NONE', 0
'BWD_TP_COMM_INTRA', 'Comm', 3123.6685983902657, 3123.682914957919, 0.014316567653333332, 51539607552.0, 'ALLREDUCE', 'TP', 'INTRA', 2
'BWD_MHA', 'Compute', 3123.682914957919, 3136.621306973524, 12.93839201560506, 'NONE', 'NONE', 'NONE', 0
'BWD_TP_COMM_INTRA', 'Comm', 3136.621306973524, 3136.635623541177, 0.014316567653333332, 51539607552.0, 'ALLREDUCE', 'TP', 'INTRA', 2
'BWD_FFN', 'Compute', 3136.635623541177, 3144.084823668469, 7.449200127292153, 'NONE', 'NONE', 'NONE', 0
'BWD_TP_COMM_INTRA', 'Comm', 3144.084823668469, 3144.0991402361224, 0.014316567653333332, 51539607552.0, 'ALLREDUCE', 'TP', 'INTRA', 2
'BWD_MHA', 'Compute', 3144.0991402361224, 3157.0375322517275, 12.93839201560506, 'NONE', 'NONE', 'NONE', 0
'BWD_TP_COMM_INTRA', 'Comm', 3157.0375322517275, 3157.0518488193807, 0.014316567653333332, 51539607552.0, 'ALLREDUCE', 'TP', 'INTRA', 2
'BWD_FFN', 'Compute', 3157.0518488193807, 3164.5010489466727, 7.449200127292153, 'NONE', 'NONE', 'NONE', 0
'BWD_TP_COMM_INTRA', 'Comm', 3164.5010489466727, 3164.515365514326, 0.014316567653333332, 51539607552.0, 'ALLREDUCE', 'TP', 'INTRA', 2
'BWD_MHA', 'Compute', 3164.515365514326, 3177.453757529931, 12.93839201560506, 'NONE', 'NONE', 'NONE', 0
'BWD_TP_COMM_INTRA', 'Comm', 3177.453757529931, 3177.468074097584, 0.014316567653333332, 51539607552.0, 'ALLREDUCE', 'TP', 'INTRA', 2
'BWD_FFN', 'Compute', 3177.468074097584, 3184.917274224876, 7.449200127292153, 'NONE', 'NONE', 'NONE', 0
'BWD_TP_COMM_INTRA', 'Comm', 3184.917274224876, 3184.9315907925293, 0.014316567653333332, 51539607552.0, 'ALLREDUCE', 'TP', 'INTRA', 2
'BWD_MHA', 'Compute', 3184.9315907925293, 3197.8699828081344, 12.93839201560506, 'NONE', 'NONE', 'NONE', 0
'BWD_TP_COMM_INTRA', 'Comm', 3197.8699828081344, 3197.8842993757876, 0.014316567653333332, 51539607552.0, 'ALLREDUCE', 'TP', 'INTRA', 2
'BWD_FFN', 'Compute', 3197.8842993757876, 3205.3334995030796, 7.449200127292153, 'NONE', 'NONE', 'NONE', 0
'BWD_TP_COMM_INTRA', 'Comm', 3205.3334995030796, 3205.3478160707327, 0.014316567653333332, 51539607552.0, 'ALLREDUCE', 'TP', 'INTRA', 2
'BWD_MHA', 'Compute', 3205.3478160707327, 3218.286208086338, 12.93839201560506, 'NONE', 'NONE', 'NONE', 0
'BWD_TP_COMM_INTRA', 'Comm', 3218.286208086338, 3218.300524653991, 0.014316567653333332, 51539607552.0, 'ALLREDUCE', 'TP', 'INTRA', 2
'BWD_FFN', 'Compute', 3218.300524653991, 3225.749724781283, 7.449200127292153, 'NONE', 'NONE', 'NONE', 0
'BWD_TP_COMM_INTRA', 'Comm', 3225.749724781283, 3225.764041348936, 0.014316567653333332, 51539607552.0, 'ALLREDUCE', 'TP', 'INTRA', 2
'BWD_MHA', 'Compute', 3225.764041348936, 3238.7024333645413, 12.93839201560506, 'NONE', 'NONE', 'NONE', 0
'BWD_TP_COMM_INTRA', 'Comm', 3238.7024333645413, 3238.7167499321945, 0.014316567653333332, 51539607552.0, 'ALLREDUCE', 'TP', 'INTRA', 2
'BWD_FFN', 'Compute', 3238.7167499321945, 3246.1659500594865, 7.449200127292153, 'NONE', 'NONE', 'NONE', 0
'BWD_TP_COMM_INTRA', 'Comm', 3246.1659500594865, 3246.1802666271396, 0.014316567653333332, 51539607552.0, 'ALLREDUCE', 'TP', 'INTRA', 2
'BWD_MHA', 'Compute', 3246.1802666271396, 3259.118658642745, 12.93839201560506, 'NONE', 'NONE', 'NONE', 0
'BWD_TP_COMM_INTRA', 'Comm', 3259.118658642745, 3259.132975210398, 0.014316567653333332, 51539607552.0, 'ALLREDUCE', 'TP', 'INTRA', 2
'BWD_FFN', 'Compute', 3259.132975210398, 3266.58217533769, 7.449200127292153, 'NONE', 'NONE', 'NONE', 0
'BWD_TP_COMM_INTRA', 'Comm', 3266.58217533769, 3266.596491905343, 0.014316567653333332, 51539607552.0, 'ALLREDUCE', 'TP', 'INTRA', 2
'BWD_MHA', 'Compute', 3266.596491905343, 3279.5348839209482, 12.93839201560506, 'NONE', 'NONE', 'NONE', 0
'BWD_TP_COMM_INTRA', 'Comm', 3279.5348839209482, 3279.5492004886014, 0.014316567653333332, 51539607552.0, 'ALLREDUCE', 'TP', 'INTRA', 2
'BWD_FFN', 'Compute', 3279.5492004886014, 3286.9984006158934, 7.449200127292153, 'NONE', 'NONE', 'NONE', 0
'BWD_TP_COMM_INTRA', 'Comm', 3286.9984006158934, 3287.0127171835466, 0.014316567653333332, 51539607552.0, 'ALLREDUCE', 'TP', 'INTRA', 2
'BWD_MHA', 'Compute', 3287.0127171835466, 3299.9511091991517, 12.93839201560506, 'NONE', 'NONE', 'NONE', 0
'BWD_TP_COMM_INTRA', 'Comm', 3299.9511091991517, 3299.965425766805, 0.014316567653333332, 51539607552.0, 'ALLREDUCE', 'TP', 'INTRA', 2
'BWD_FFN', 'Compute', 3299.965425766805, 3307.414625894097, 7.449200127292153, 'NONE', 'NONE', 'NONE', 0
'BWD_TP_COMM_INTRA', 'Comm', 3307.414625894097, 3307.42894246175, 0.014316567653333332, 51539607552.0, 'ALLREDUCE', 'TP', 'INTRA', 2
'BWD_MHA', 'Compute', 3307.42894246175, 3320.367334477355, 12.93839201560506, 'NONE', 'NONE', 'NONE', 0
'BWD_TP_COMM_INTRA', 'Comm', 3320.367334477355, 3320.3816510450083, 0.014316567653333332, 51539607552.0, 'ALLREDUCE', 'TP', 'INTRA', 2
'BWD_FFN', 'Compute', 3320.3816510450083, 3327.8308511723003, 7.449200127292153, 'NONE', 'NONE', 'NONE', 0
'BWD_TP_COMM_INTRA', 'Comm', 3327.8308511723003, 3327.8451677399535, 0.014316567653333332, 51539607552.0, 'ALLREDUCE', 'TP', 'INTRA', 2
'BWD_MHA', 'Compute', 3327.8451677399535, 3340.7835597555586, 12.93839201560506, 'NONE', 'NONE', 'NONE', 0
'BWD_TP_COMM_INTRA', 'Comm', 3340.7835597555586, 3340.7978763232118, 0.014316567653333332, 51539607552.0, 'ALLREDUCE', 'TP', 'INTRA', 2
'BWD_FFN', 'Compute', 3340.7978763232118, 3348.2470764505038, 7.449200127292153, 'NONE', 'NONE', 'NONE', 0
'BWD_TP_COMM_INTRA', 'Comm', 3348.2470764505038, 3348.261393018157, 0.014316567653333332, 51539607552.0, 'ALLREDUCE', 'TP', 'INTRA', 2
'BWD_MHA', 'Compute', 3348.261393018157, 3361.199785033762, 12.93839201560506, 'NONE', 'NONE', 'NONE', 0
'BWD_TP_COMM_INTRA', 'Comm', 3361.199785033762, 3361.214101601415, 0.014316567653333332, 51539607552.0, 'ALLREDUCE', 'TP', 'INTRA', 2
'BWD_FFN', 'Compute', 3361.214101601415, 3368.663301728707, 7.449200127292153, 'NONE', 'NONE', 'NONE', 0
'BWD_TP_COMM_INTRA', 'Comm', 3368.663301728707, 3368.6776182963604, 0.014316567653333332, 51539607552.0, 'ALLREDUCE', 'TP', 'INTRA', 2
'BWD_MHA', 'Compute', 3368.6776182963604, 3381.6160103119655, 12.93839201560506, 'NONE', 'NONE', 'NONE', 0
'BWD_TP_COMM_INTRA', 'Comm', 3381.6160103119655, 3381.6303268796187, 0.014316567653333332, 51539607552.0, 'ALLREDUCE', 'TP', 'INTRA', 2
'BWD_FFN', 'Compute', 3381.6303268796187, 3389.0795270069107, 7.449200127292153, 'NONE', 'NONE', 'NONE', 0
'BWD_TP_COMM_INTRA', 'Comm', 3389.0795270069107, 3389.093843574564, 0.014316567653333332, 51539607552.0, 'ALLREDUCE', 'TP', 'INTRA', 2
'BWD_MHA', 'Compute', 3389.093843574564, 3402.032235590169, 12.93839201560506, 'NONE', 'NONE', 'NONE', 0
'BWD_TP_COMM_INTRA', 'Comm', 3402.032235590169, 3402.046552157822, 0.014316567653333332, 51539607552.0, 'ALLREDUCE', 'TP', 'INTRA', 2
'BWD_FFN', 'Compute', 3402.046552157822, 3409.495752285114, 7.449200127292153, 'NONE', 'NONE', 'NONE', 0
'BWD_TP_COMM_INTRA', 'Comm', 3409.495752285114, 3409.5100688527673, 0.014316567653333332, 51539607552.0, 'ALLREDUCE', 'TP', 'INTRA', 2
'BWD_MHA', 'Compute', 3409.5100688527673, 3422.4484608683724, 12.93839201560506, 'NONE', 'NONE', 'NONE', 0
'BWD_TP_COMM_INTRA', 'Comm', 3422.4484608683724, 3422.4627774360256, 0.014316567653333332, 51539607552.0, 'ALLREDUCE', 'TP', 'INTRA', 2
'BWD_FFN', 'Compute', 3422.4627774360256, 3429.9119775633176, 7.449200127292153, 'NONE', 'NONE', 'NONE', 0
'BWD_TP_COMM_INTRA', 'Comm', 3429.9119775633176, 3429.9262941309707, 0.014316567653333332, 51539607552.0, 'ALLREDUCE', 'TP', 'INTRA', 2
'BWD_MHA', 'Compute', 3429.9262941309707, 3442.864686146576, 12.93839201560506, 'NONE', 'NONE', 'NONE', 0
'BWD_TP_COMM_INTRA', 'Comm', 3442.864686146576, 3442.879002714229, 0.014316567653333332, 51539607552.0, 'ALLREDUCE', 'TP', 'INTRA', 2
'BWD_FFN', 'Compute', 3442.879002714229, 3450.328202841521, 7.449200127292153, 'NONE', 'NONE', 'NONE', 0
'BWD_TP_COMM_INTRA', 'Comm', 3450.328202841521, 3450.342519409174, 0.014316567653333332, 51539607552.0, 'ALLREDUCE', 'TP', 'INTRA', 2
'BWD_MHA', 'Compute', 3450.342519409174, 3463.2809114247793, 12.93839201560506, 'NONE', 'NONE', 'NONE', 0
'BWD_TP_COMM_INTRA', 'Comm', 3463.2809114247793, 3463.2952279924325, 0.014316567653333332, 51539607552.0, 'ALLREDUCE', 'TP', 'INTRA', 2
'BWD_FFN', 'Compute', 3463.2952279924325, 3470.7444281197245, 7.449200127292153, 'NONE', 'NONE', 'NONE', 0
'BWD_TP_COMM_INTRA', 'Comm', 3470.7444281197245, 3470.7587446873777, 0.014316567653333332, 51539607552.0, 'ALLREDUCE', 'TP', 'INTRA', 2
'BWD_MHA', 'Compute', 3470.7587446873777, 3483.697136702983, 12.93839201560506, 'NONE', 'NONE', 'NONE', 0
'BWD_TP_COMM_INTRA', 'Comm', 3483.697136702983, 3483.711453270636, 0.014316567653333332, 51539607552.0, 'ALLREDUCE', 'TP', 'INTRA', 2
'BWD_FFN', 'Compute', 3483.711453270636, 3491.160653397928, 7.449200127292153, 'NONE', 'NONE', 'NONE', 0
'BWD_TP_COMM_INTRA', 'Comm', 3491.160653397928, 3491.174969965581, 0.014316567653333332, 51539607552.0, 'ALLREDUCE', 'TP', 'INTRA', 2
'BWD_MHA', 'Compute', 3491.174969965581, 3504.1133619811862, 12.93839201560506, 'NONE', 'NONE', 'NONE', 0
'BWD_TP_COMM_INTRA', 'Comm', 3504.1133619811862, 3504.1276785488394, 0.014316567653333332, 51539607552.0, 'ALLREDUCE', 'TP', 'INTRA', 2
'BWD_FFN', 'Compute', 3504.1276785488394, 3511.5768786761314, 7.449200127292153, 'NONE', 'NONE', 'NONE', 0
'BWD_TP_COMM_INTRA', 'Comm', 3511.5768786761314, 3511.5911952437846, 0.014316567653333332, 51539607552.0, 'ALLREDUCE', 'TP', 'INTRA', 2
'BWD_MHA', 'Compute', 3511.5911952437846, 3524.5295872593897, 12.93839201560506, 'NONE', 'NONE', 'NONE', 0
'BWD_TP_COMM_INTRA', 'Comm', 3524.5295872593897, 3524.543903827043, 0.014316567653333332, 51539607552.0, 'ALLREDUCE', 'TP', 'INTRA', 2
'BWD_FFN', 'Compute', 3524.543903827043, 3531.993103954335, 7.449200127292153, 'NONE', 'NONE', 'NONE', 0
'BWD_TP_COMM_INTRA', 'Comm', 3531.993103954335, 3532.007420521988, 0.014316567653333332, 51539607552.0, 'ALLREDUCE', 'TP', 'INTRA', 2
'BWD_MHA', 'Compute', 3532.007420521988, 3544.945812537593, 12.93839201560506, 'NONE', 'NONE', 'NONE', 0
'BWD_TP_COMM_INTRA', 'Comm', 3544.945812537593, 3544.9601291052463, 0.014316567653333332, 51539607552.0, 'ALLREDUCE', 'TP', 'INTRA', 2
'BWD_FFN', 'Compute', 3544.9601291052463, 3552.4093292325383, 7.449200127292153, 'NONE', 'NONE', 'NONE', 0
'BWD_TP_COMM_INTRA', 'Comm', 3552.4093292325383, 3552.4236458001915, 0.014316567653333332, 51539607552.0, 'ALLREDUCE', 'TP', 'INTRA', 2
'BWD_MHA', 'Compute', 3552.4236458001915, 3565.3620378157966, 12.93839201560506, 'NONE', 'NONE', 'NONE', 0
'BWD_TP_COMM_INTRA', 'Comm', 3565.3620378157966, 3565.37635438345, 0.014316567653333332, 51539607552.0, 'ALLREDUCE', 'TP', 'INTRA', 2
'BWD_FFN', 'Compute', 3565.37635438345, 3572.8255545107418, 7.449200127292153, 'NONE', 'NONE', 'NONE', 0
'BWD_TP_COMM_INTRA', 'Comm', 3572.8255545107418, 3572.839871078395, 0.014316567653333332, 51539607552.0, 'ALLREDUCE', 'TP', 'INTRA', 2
'BWD_MHA', 'Compute', 3572.839871078395, 3585.778263094, 12.93839201560506, 'NONE', 'NONE', 'NONE', 0
'BWD_TP_COMM_INTRA', 'Comm', 3585.778263094, 3585.7925796616532, 0.014316567653333332, 51539607552.0, 'ALLREDUCE', 'TP', 'INTRA', 2
'BWD_FFN', 'Compute', 3585.7925796616532, 3593.241779788945, 7.449200127292153, 'NONE', 'NONE', 'NONE', 0
'BWD_TP_COMM_INTRA', 'Comm', 3593.241779788945, 3593.2560963565984, 0.014316567653333332, 51539607552.0, 'ALLREDUCE', 'TP', 'INTRA', 2
'BWD_MHA', 'Compute', 3593.2560963565984, 3606.1944883722035, 12.93839201560506, 'NONE', 'NONE', 'NONE', 0
'BWD_TP_COMM_INTRA', 'Comm', 3606.1944883722035, 3606.2088049398567, 0.014316567653333332, 51539607552.0, 'ALLREDUCE', 'TP', 'INTRA', 2
'BWD_FFN', 'Compute', 3606.2088049398567, 3613.6580050671487, 7.449200127292153, 'NONE', 'NONE', 'NONE', 0
'BWD_TP_COMM_INTRA', 'Comm', 3613.6580050671487, 3613.672321634802, 0.014316567653333332, 51539607552.0, 'ALLREDUCE', 'TP', 'INTRA', 2
'BWD_MHA', 'Compute', 3613.672321634802, 3626.610713650407, 12.93839201560506, 'NONE', 'NONE', 'NONE', 0
'BWD_TP_COMM_INTRA', 'Comm', 3626.610713650407, 3626.62503021806, 0.014316567653333332, 51539607552.0, 'ALLREDUCE', 'TP', 'INTRA', 2
'BWD_FFN', 'Compute', 3626.62503021806, 3634.074230345352, 7.449200127292153, 'NONE', 'NONE', 'NONE', 0
'BWD_TP_COMM_INTRA', 'Comm', 3634.074230345352, 3634.0885469130053, 0.014316567653333332, 51539607552.0, 'ALLREDUCE', 'TP', 'INTRA', 2
'BWD_MHA', 'Compute', 3634.0885469130053, 3647.0269389286104, 12.93839201560506, 'NONE', 'NONE', 'NONE', 0
'BWD_TP_COMM_INTRA', 'Comm', 3647.0269389286104, 3647.0412554962636, 0.014316567653333332, 51539607552.0, 'ALLREDUCE', 'TP', 'INTRA', 2
'BWD_FFN', 'Compute', 3647.0412554962636, 3654.4904556235556, 7.449200127292153, 'NONE', 'NONE', 'NONE', 0
'BWD_TP_COMM_INTRA', 'Comm', 3654.4904556235556, 3654.5047721912088, 0.014316567653333332, 51539607552.0, 'ALLREDUCE', 'TP', 'INTRA', 2
'BWD_MHA', 'Compute', 3654.5047721912088, 3667.443164206814, 12.93839201560506, 'NONE', 'NONE', 'NONE', 0
'BWD_TP_COMM_INTRA', 'Comm', 3667.443164206814, 3667.457480774467, 0.014316567653333332, 51539607552.0, 'ALLREDUCE', 'TP', 'INTRA', 2
'BWD_FFN', 'Compute', 3667.457480774467, 3674.906680901759, 7.449200127292153, 'NONE', 'NONE', 'NONE', 0
'BWD_TP_COMM_INTRA', 'Comm', 3674.906680901759, 3674.920997469412, 0.014316567653333332, 51539607552.0, 'ALLREDUCE', 'TP', 'INTRA', 2
'BWD_MHA', 'Compute', 3674.920997469412, 3687.8593894850173, 12.93839201560506, 'NONE', 'NONE', 'NONE', 0
'BWD_TP_COMM_INTRA', 'Comm', 3687.8593894850173, 3687.8737060526705, 0.014316567653333332, 51539607552.0, 'ALLREDUCE', 'TP', 'INTRA', 2
'BWD_FFN', 'Compute', 3687.8737060526705, 3695.3229061799625, 7.449200127292153, 'NONE', 'NONE', 'NONE', 0
'BWD_TP_COMM_INTRA', 'Comm', 3695.3229061799625, 3695.3372227476157, 0.014316567653333332, 51539607552.0, 'ALLREDUCE', 'TP', 'INTRA', 2
'BWD_MHA', 'Compute', 3695.3372227476157, 3708.275614763221, 12.93839201560506, 'NONE', 'NONE', 'NONE', 0
'BWD_TP_COMM_INTRA', 'Comm', 3708.275614763221, 3708.289931330874, 0.014316567653333332, 51539607552.0, 'ALLREDUCE', 'TP', 'INTRA', 2
'BWD_FFN', 'Compute', 3708.289931330874, 3715.739131458166, 7.449200127292153, 'NONE', 'NONE', 'NONE', 0
'BWD_TP_COMM_INTRA', 'Comm', 3715.739131458166, 3715.753448025819, 0.014316567653333332, 51539607552.0, 'ALLREDUCE', 'TP', 'INTRA', 2
'BWD_MHA', 'Compute', 3715.753448025819, 3728.6918400414243, 12.93839201560506, 'NONE', 'NONE', 'NONE', 0
'BWD_TP_COMM_INTRA', 'Comm', 3728.6918400414243, 3728.7061566090774, 0.014316567653333332, 51539607552.0, 'ALLREDUCE', 'TP', 'INTRA', 2
'BWD_FFN', 'Compute', 3728.7061566090774, 3736.1553567363694, 7.449200127292153, 'NONE', 'NONE', 'NONE', 0
'BWD_TP_COMM_INTRA', 'Comm', 3736.1553567363694, 3736.1696733040226, 0.014316567653333332, 51539607552.0, 'ALLREDUCE', 'TP', 'INTRA', 2
'BWD_MHA', 'Compute', 3736.1696733040226, 3749.1080653196277, 12.93839201560506, 'NONE', 'NONE', 'NONE', 0
'BWD_TP_COMM_INTRA', 'Comm', 3749.1080653196277, 3749.122381887281, 0.014316567653333332, 51539607552.0, 'ALLREDUCE', 'TP', 'INTRA', 2
'BWD_FFN', 'Compute', 3749.122381887281, 3756.571582014573, 7.449200127292153, 'NONE', 'NONE', 'NONE', 0
'BWD_TP_COMM_INTRA', 'Comm', 3756.571582014573, 3756.585898582226, 0.014316567653333332, 51539607552.0, 'ALLREDUCE', 'TP', 'INTRA', 2
'BWD_MHA', 'Compute', 3756.585898582226, 3769.524290597831, 12.93839201560506, 'NONE', 'NONE', 'NONE', 0
'BWD_TP_COMM_INTRA', 'Comm', 3769.524290597831, 3769.5386071654843, 0.014316567653333332, 51539607552.0, 'ALLREDUCE', 'TP', 'INTRA', 2
'BWD_FFN', 'Compute', 3769.5386071654843, 3776.9878072927763, 7.449200127292153, 'NONE', 'NONE', 'NONE', 0
'BWD_TP_COMM_INTRA', 'Comm', 3776.9878072927763, 3777.0021238604295, 0.014316567653333332, 51539607552.0, 'ALLREDUCE', 'TP', 'INTRA', 2
'BWD_MHA', 'Compute', 3777.0021238604295, 3789.9405158760346, 12.93839201560506, 'NONE', 'NONE', 'NONE', 0
'BWD_TP_COMM_INTRA', 'Comm', 3789.9405158760346, 3789.954832443688, 0.014316567653333332, 51539607552.0, 'ALLREDUCE', 'TP', 'INTRA', 2
'BWD_FFN', 'Compute', 3789.954832443688, 3797.40403257098, 7.449200127292153, 'NONE', 'NONE', 'NONE', 0
'BWD_TP_COMM_INTRA', 'Comm', 3797.40403257098, 3797.418349138633, 0.014316567653333332, 51539607552.0, 'ALLREDUCE', 'TP', 'INTRA', 2
'BWD_MHA', 'Compute', 3797.418349138633, 3810.356741154238, 12.93839201560506, 'NONE', 'NONE', 'NONE', 0
'BWD_TP_COMM_INTRA', 'Comm', 3810.356741154238, 3810.3710577218912, 0.014316567653333332, 51539607552.0, 'ALLREDUCE', 'TP', 'INTRA', 2
'BWD_FFN', 'Compute', 3810.3710577218912, 3817.8202578491832, 7.449200127292153, 'NONE', 'NONE', 'NONE', 0
'BWD_TP_COMM_INTRA', 'Comm', 3817.8202578491832, 3817.8345744168364, 0.014316567653333332, 51539607552.0, 'ALLREDUCE', 'TP', 'INTRA', 2
'BWD_MHA', 'Compute', 3817.8345744168364, 3830.7729664324415, 12.93839201560506, 'NONE', 'NONE', 'NONE', 0
'BWD_TP_COMM_INTRA', 'Comm', 3830.7729664324415, 3830.7872830000947, 0.014316567653333332, 51539607552.0, 'ALLREDUCE', 'TP', 'INTRA', 2
'BWD_FFN', 'Compute', 3830.7872830000947, 3838.2364831273867, 7.449200127292153, 'NONE', 'NONE', 'NONE', 0
'BWD_TP_COMM_INTRA', 'Comm', 3838.2364831273867, 3838.25079969504, 0.014316567653333332, 51539607552.0, 'ALLREDUCE', 'TP', 'INTRA', 2
'BWD_MHA', 'Compute', 3838.25079969504, 3851.189191710645, 12.93839201560506, 'NONE', 'NONE', 'NONE', 0
'BWD_TP_COMM_INTRA', 'Comm', 3851.189191710645, 3851.203508278298, 0.014316567653333332, 51539607552.0, 'ALLREDUCE', 'TP', 'INTRA', 2
'BWD_FFN', 'Compute', 3851.203508278298, 3858.65270840559, 7.449200127292153, 'NONE', 'NONE', 'NONE', 0
'BWD_TP_COMM_INTRA', 'Comm', 3858.65270840559, 3858.6670249732433, 0.014316567653333332, 51539607552.0, 'ALLREDUCE', 'TP', 'INTRA', 2
'BWD_MHA', 'Compute', 3858.6670249732433, 3871.6054169888484, 12.93839201560506, 'NONE', 'NONE', 'NONE', 0
'BWD_TP_COMM_INTRA', 'Comm', 3871.6054169888484, 3871.6197335565016, 0.014316567653333332, 51539607552.0, 'ALLREDUCE', 'TP', 'INTRA', 2
'BWD_FFN', 'Compute', 3871.6197335565016, 3879.0689336837936, 7.449200127292153, 'NONE', 'NONE', 'NONE', 0
'BWD_TP_COMM_INTRA', 'Comm', 3879.0689336837936, 3879.0832502514468, 0.014316567653333332, 51539607552.0, 'ALLREDUCE', 'TP', 'INTRA', 2
'BWD_MHA', 'Compute', 3879.0832502514468, 3892.021642267052, 12.93839201560506, 'NONE', 'NONE', 'NONE', 0
'BWD_TP_COMM_INTRA', 'Comm', 3892.021642267052, 3892.035958834705, 0.014316567653333332, 51539607552.0, 'ALLREDUCE', 'TP', 'INTRA', 2
'BWD_FFN', 'Compute', 3892.035958834705, 3899.485158961997, 7.449200127292153, 'NONE', 'NONE', 'NONE', 0
'BWD_TP_COMM_INTRA', 'Comm', 3899.485158961997, 3899.49947552965, 0.014316567653333332, 51539607552.0, 'ALLREDUCE', 'TP', 'INTRA', 2
'BWD_MHA', 'Compute', 3899.49947552965, 3912.4378675452554, 12.93839201560506, 'NONE', 'NONE', 'NONE', 0
'BWD_TP_COMM_INTRA', 'Comm', 3912.4378675452554, 3912.4521841129085, 0.014316567653333332, 51539607552.0, 'ALLREDUCE', 'TP', 'INTRA', 2
'BWD_FFN', 'Compute', 3912.4521841129085, 3919.9013842402005, 7.449200127292153, 'NONE', 'NONE', 'NONE', 0
'BWD_TP_COMM_INTRA', 'Comm', 3919.9013842402005, 3919.9157008078537, 0.014316567653333332, 51539607552.0, 'ALLREDUCE', 'TP', 'INTRA', 2
'BWD_PP_COMM_INTRA', 'Comm', 3919.9157008078537, 3919.9158499387668, 0.00014913091305555554, 51539607552.0, 'P2P', 'PP', 'INTRA', 2
'BWD_DP_COMM_INTRA', 'Comm', 3919.9158499387668, 3919.9400955771134, 0.024245638346666668, 87284226048.0, 'ALLREDUCE', 'DP', 'INTRA', 2
'FWD_DP_COMM_INTRA_ZERO', 'Comm', 3919.9400955771134, 3919.96872871242, 0.028633135306666665, 25861992903.11111, 'ALLREDUCE', 'DP', 'INTRA', 2
'Weight_update', 'Compute', 3919.96872871242, 3956.559151134343, 36.59042242192299, 'NONE', 'NONE', 'NONE', 0
'Weight_update', 'Compute', 3956.559151134343, 3993.149573556266, 36.59042242192299, 'NONE', 'NONE', 'NONE', 0
'Weight_update', 'Compute', 3993.149573556266, 4029.739995978189, 36.59042242192299, 'NONE', 'NONE', 'NONE', 0
'Weight_update', 'Compute', 4029.739995978189, 4066.330418400112, 36.59042242192299, 'NONE', 'NONE', 'NONE', 0
'Weight_update', 'Compute', 4066.330418400112, 4102.920840822035, 36.59042242192299, 'NONE', 'NONE', 'NONE', 0
'Weight_update', 'Compute', 4102.920840822035, 4139.511263243958, 36.59042242192299, 'NONE', 'NONE', 'NONE', 0
'Weight_update', 'Compute', 4139.511263243958, 4176.101685665881, 36.59042242192299, 'NONE', 'NONE', 'NONE', 0
'Weight_update', 'Compute', 4176.101685665881, 4212.692108087804, 36.59042242192299, 'NONE', 'NONE', 'NONE', 0
'Weight_update', 'Compute', 4212.692108087804, 4249.282530509727, 36.59042242192299, 'NONE', 'NONE', 'NONE', 0
'Weight_update', 'Compute', 4249.282530509727, 4285.87295293165, 36.59042242192299, 'NONE', 'NONE', 'NONE', 0
'Weight_update', 'Compute', 4285.87295293165, 4322.463375353573, 36.59042242192299, 'NONE', 'NONE', 'NONE', 0
'Weight_update', 'Compute', 4322.463375353573, 4359.053797775496, 36.59042242192299, 'NONE', 'NONE', 'NONE', 0
'Weight_update', 'Compute', 4359.053797775496, 4395.644220197419, 36.59042242192299, 'NONE', 'NONE', 'NONE', 0
'Weight_update', 'Compute', 4395.644220197419, 4432.234642619342, 36.59042242192299, 'NONE', 'NONE', 'NONE', 0
'Weight_update', 'Compute', 4432.234642619342, 4468.825065041265, 36.59042242192299, 'NONE', 'NONE', 'NONE', 0
'Weight_update', 'Compute', 4468.825065041265, 4505.415487463188, 36.59042242192299, 'NONE', 'NONE', 'NONE', 0
'Weight_update', 'Compute', 4505.415487463188, 4542.005909885111, 36.59042242192299, 'NONE', 'NONE', 'NONE', 0
'Weight_update', 'Compute', 4542.005909885111, 4578.596332307034, 36.59042242192299, 'NONE', 'NONE', 'NONE', 0
'Weight_update', 'Compute', 4578.596332307034, 4615.186754728957, 36.59042242192299, 'NONE', 'NONE', 'NONE', 0
'Weight_update', 'Compute', 4615.186754728957, 4651.77717715088, 36.59042242192299, 'NONE', 'NONE', 'NONE', 0
'Weight_update', 'Compute', 4651.77717715088, 4688.367599572803, 36.59042242192299, 'NONE', 'NONE', 'NONE', 0
'Weight_update', 'Compute', 4688.367599572803, 4724.958021994726, 36.59042242192299, 'NONE', 'NONE', 'NONE', 0
'Weight_update', 'Compute', 4724.958021994726, 4761.548444416649, 36.59042242192299, 'NONE', 'NONE', 'NONE', 0
'Weight_update', 'Compute', 4761.548444416649, 4798.138866838572, 36.59042242192299, 'NONE', 'NONE', 'NONE', 0
'Weight_update', 'Compute', 4798.138866838572, 4834.729289260495, 36.59042242192299, 'NONE', 'NONE', 'NONE', 0
'Weight_update', 'Compute', 4834.729289260495, 4871.319711682418, 36.59042242192299, 'NONE', 'NONE', 'NONE', 0
'Weight_update', 'Compute', 4871.319711682418, 4907.910134104341, 36.59042242192299, 'NONE', 'NONE', 'NONE', 0
'Weight_update', 'Compute', 4907.910134104341, 4944.500556526264, 36.59042242192299, 'NONE', 'NONE', 'NONE', 0
'Weight_update', 'Compute', 4944.500556526264, 4981.090978948187, 36.59042242192299, 'NONE', 'NONE', 'NONE', 0
'Weight_update', 'Compute', 4981.090978948187, 5017.68140137011, 36.59042242192299, 'NONE', 'NONE', 'NONE', 0
'Weight_update', 'Compute', 5017.68140137011, 5054.271823792033, 36.59042242192299, 'NONE', 'NONE', 'NONE', 0
'Weight_update', 'Compute', 5054.271823792033, 5090.862246213956, 36.59042242192299, 'NONE', 'NONE', 'NONE', 0
'Weight_update', 'Compute', 5090.862246213956, 5127.452668635879, 36.59042242192299, 'NONE', 'NONE', 'NONE', 0
'Weight_update', 'Compute', 5127.452668635879, 5164.043091057802, 36.59042242192299, 'NONE', 'NONE', 'NONE', 0
'Weight_update', 'Compute', 5164.043091057802, 5200.633513479725, 36.59042242192299, 'NONE', 'NONE', 'NONE', 0
'Weight_update', 'Compute', 5200.633513479725, 5237.223935901648, 36.59042242192299, 'NONE', 'NONE', 'NONE', 0
'Weight_update', 'Compute', 5237.223935901648, 5273.814358323571, 36.59042242192299, 'NONE', 'NONE', 'NONE', 0
'Weight_update', 'Compute', 5273.814358323571, 5310.404780745494, 36.59042242192299, 'NONE', 'NONE', 'NONE', 0
'Weight_update', 'Compute', 5310.404780745494, 5346.995203167417, 36.59042242192299, 'NONE', 'NONE', 'NONE', 0
'Weight_update', 'Compute', 5346.995203167417, 5383.5856255893395, 36.59042242192299, 'NONE', 'NONE', 'NONE', 0
'Weight_update', 'Compute', 5383.5856255893395, 5420.1760480112625, 36.59042242192299, 'NONE', 'NONE', 'NONE', 0
'Weight_update', 'Compute', 5420.1760480112625, 5456.7664704331855, 36.59042242192299, 'NONE', 'NONE', 'NONE', 0
'Weight_update', 'Compute', 5456.7664704331855, 5493.3568928551085, 36.59042242192299, 'NONE', 'NONE', 'NONE', 0
'Weight_update', 'Compute', 5493.3568928551085, 5529.9473152770315, 36.59042242192299, 'NONE', 'NONE', 'NONE', 0
'Weight_update', 'Compute', 5529.9473152770315, 5566.5377376989545, 36.59042242192299, 'NONE', 'NONE', 'NONE', 0
'Weight_update', 'Compute', 5566.5377376989545, 5603.1281601208775, 36.59042242192299, 'NONE', 'NONE', 'NONE', 0
'Weight_update', 'Compute', 5603.1281601208775, 5639.7185825428005, 36.59042242192299, 'NONE', 'NONE', 'NONE', 0
'Weight_update', 'Compute', 5639.7185825428005, 5676.3090049647235, 36.59042242192299, 'NONE', 'NONE', 'NONE', 0
'Weight_update', 'Compute', 5676.3090049647235, 5712.8994273866465, 36.59042242192299, 'NONE', 'NONE', 'NONE', 0
'Weight_update', 'Compute', 5712.8994273866465, 5749.4898498085695, 36.59042242192299, 'NONE', 'NONE', 'NONE', 0
'Weight_update', 'Compute', 5749.4898498085695, 5786.0802722304925, 36.59042242192299, 'NONE', 'NONE', 'NONE', 0
'Weight_update', 'Compute', 5786.0802722304925, 5822.6706946524155, 36.59042242192299, 'NONE', 'NONE', 'NONE', 0
'Weight_update', 'Compute', 5822.6706946524155, 5859.2611170743385, 36.59042242192299, 'NONE', 'NONE', 'NONE', 0
'Weight_update', 'Compute', 5859.2611170743385, 5895.8515394962615, 36.59042242192299, 'NONE', 'NONE', 'NONE', 0
'Weight_update', 'Compute', 5895.8515394962615, 5932.4419619181845, 36.59042242192299, 'NONE', 'NONE', 'NONE', 0
'Weight_update', 'Compute', 5932.4419619181845, 5969.0323843401075, 36.59042242192299, 'NONE', 'NONE', 'NONE', 0
'Weight_update', 'Compute', 5969.0323843401075, 6005.62280676203, 36.59042242192299, 'NONE', 'NONE', 'NONE', 0
'Weight_update', 'Compute', 6005.62280676203, 6042.213229183953, 36.59042242192299, 'NONE', 'NONE', 'NONE', 0
'Weight_update', 'Compute', 6042.213229183953, 6078.803651605876, 36.59042242192299, 'NONE', 'NONE', 'NONE', 0
'Weight_update', 'Compute', 6078.803651605876, 6115.394074027799, 36.59042242192299, 'NONE', 'NONE', 'NONE', 0
'Weight_update', 'Compute', 6115.394074027799, 6151.984496449722, 36.59042242192299, 'NONE', 'NONE', 'NONE', 0
'Weight_update', 'Compute', 6151.984496449722, 6188.574918871645, 36.59042242192299, 'NONE', 'NONE', 'NONE', 0
'Weight_update', 'Compute', 6188.574918871645, 6225.165341293568, 36.59042242192299, 'NONE', 'NONE', 'NONE', 0
'Weight_update', 'Compute', 6225.165341293568, 6261.755763715491, 36.59042242192299, 'NONE', 'NONE', 'NONE', 0
'Weight_update', 'Compute', 6261.755763715491, 6298.346186137414, 36.59042242192299, 'NONE', 'NONE', 'NONE', 0
'Weight_update', 'Compute', 6298.346186137414, 6334.936608559337, 36.59042242192299, 'NONE', 'NONE', 'NONE', 0
'Weight_update', 'Compute', 6334.936608559337, 6371.52703098126, 36.59042242192299, 'NONE', 'NONE', 'NONE', 0
'Weight_update', 'Compute', 6371.52703098126, 6408.117453403183, 36.59042242192299, 'NONE', 'NONE', 'NONE', 0
'Weight_update', 'Compute', 6408.117453403183, 6444.707875825106, 36.59042242192299, 'NONE', 'NONE', 'NONE', 0
'Weight_update', 'Compute', 6444.707875825106, 6481.298298247029, 36.59042242192299, 'NONE', 'NONE', 'NONE', 0
'Weight_update', 'Compute', 6481.298298247029, 6517.888720668952, 36.59042242192299, 'NONE', 'NONE', 'NONE', 0
'Weight_update', 'Compute', 6517.888720668952, 6554.479143090875, 36.59042242192299, 'NONE', 'NONE', 'NONE', 0
'Weight_update', 'Compute', 6554.479143090875, 6591.069565512798, 36.59042242192299, 'NONE', 'NONE', 'NONE', 0
'Weight_update', 'Compute', 6591.069565512798, 6627.659987934721, 36.59042242192299, 'NONE', 'NONE', 'NONE', 0
'Weight_update', 'Compute', 6627.659987934721, 6664.250410356644, 36.59042242192299, 'NONE', 'NONE', 'NONE', 0
'Weight_update', 'Compute', 6664.250410356644, 6700.840832778567, 36.59042242192299, 'NONE', 'NONE', 'NONE', 0
'Weight_update', 'Compute', 6700.840832778567, 6737.43125520049, 36.59042242192299, 'NONE', 'NONE', 'NONE', 0
'Weight_update', 'Compute', 6737.43125520049, 6774.021677622413, 36.59042242192299, 'NONE', 'NONE', 'NONE', 0
'Weight_update', 'Compute', 6774.021677622413, 6810.612100044336, 36.59042242192299, 'NONE', 'NONE', 'NONE', 0
'Weight_update', 'Compute', 6810.612100044336, 6847.202522466259, 36.59042242192299, 'NONE', 'NONE', 'NONE', 0
'Weight_update', 'Compute', 6847.202522466259, 6883.792944888182, 36.59042242192299, 'NONE', 'NONE', 'NONE', 0
'Weight_update', 'Compute', 6883.792944888182, 6920.383367310105, 36.59042242192299, 'NONE', 'NONE', 'NONE', 0
'Weight_update', 'Compute', 6920.383367310105, 6956.973789732028, 36.59042242192299, 'NONE', 'NONE', 'NONE', 0
'Weight_update', 'Compute', 6956.973789732028, 6993.564212153951, 36.59042242192299, 'NONE', 'NONE', 'NONE', 0
'Weight_update', 'Compute', 6993.564212153951, 7030.154634575874, 36.59042242192299, 'NONE', 'NONE', 'NONE', 0
'Weight_update', 'Compute', 7030.154634575874, 7066.745056997797, 36.59042242192299, 'NONE', 'NONE', 'NONE', 0
'Weight_update', 'Compute', 7066.745056997797, 7103.33547941972, 36.59042242192299, 'NONE', 'NONE', 'NONE', 0
'Weight_update', 'Compute', 7103.33547941972, 7139.925901841643, 36.59042242192299, 'NONE', 'NONE', 'NONE', 0
'Weight_update', 'Compute', 7139.925901841643, 7176.516324263566, 36.59042242192299, 'NONE', 'NONE', 'NONE', 0
'Weight_update', 'Compute', 7176.516324263566, 7213.106746685489, 36.59042242192299, 'NONE', 'NONE', 'NONE', 0
'Weight_update', 'Compute', 7213.106746685489, 7249.697169107412, 36.59042242192299, 'NONE', 'NONE', 'NONE', 0
'Weight_update', 'Compute', 7249.697169107412, 7286.287591529335, 36.59042242192299, 'NONE', 'NONE', 'NONE', 0
'Weight_update', 'Compute', 7286.287591529335, 7322.878013951258, 36.59042242192299, 'NONE', 'NONE', 'NONE', 0
'Weight_update', 'Compute', 7322.878013951258, 7359.468436373181, 36.59042242192299, 'NONE', 'NONE', 'NONE', 0
'Weight_update', 'Compute', 7359.468436373181, 7396.058858795104, 36.59042242192299, 'NONE', 'NONE', 'NONE', 0
'Weight_update', 'Compute', 7396.058858795104, 7432.649281217027, 36.59042242192299, 'NONE', 'NONE', 'NONE', 0
'FWD_MHA', 'Compute', 7432.649281217027, 7445.587673232632, 12.93839201560506, 'NONE', 'NONE', 'NONE', 0
'FWD_TP_COMM_INTRA', 'Comm', 7445.587673232632, 7445.601989800286, 0.014316567653333332, 51539607552.0, 'ALLREDUCE', 'TP', 'INTRA', 2
'FWD_FFN', 'Compute', 7445.601989800286, 7453.051189927578, 7.449200127292153, 'NONE', 'NONE', 'NONE', 0
'FWD_TP_COMM_INTRA', 'Comm', 7453.051189927578, 7453.065506495232, 0.014316567653333332, 51539607552.0, 'ALLREDUCE', 'TP', 'INTRA', 2
'FWD_MHA', 'Compute', 7453.065506495232, 7466.003898510837, 12.93839201560506, 'NONE', 'NONE', 'NONE', 0
'FWD_TP_COMM_INTRA', 'Comm', 7466.003898510837, 7466.01821507849, 0.014316567653333332, 51539607552.0, 'ALLREDUCE', 'TP', 'INTRA', 2
'FWD_FFN', 'Compute', 7466.01821507849, 7473.467415205782, 7.449200127292153, 'NONE', 'NONE', 'NONE', 0
'FWD_TP_COMM_INTRA', 'Comm', 7473.467415205782, 7473.481731773436, 0.014316567653333332, 51539607552.0, 'ALLREDUCE', 'TP', 'INTRA', 2
'FWD_MHA', 'Compute', 7473.481731773436, 7486.420123789041, 12.93839201560506, 'NONE', 'NONE', 'NONE', 0
'FWD_TP_COMM_INTRA', 'Comm', 7486.420123789041, 7486.434440356695, 0.014316567653333332, 51539607552.0, 'ALLREDUCE', 'TP', 'INTRA', 2
'FWD_FFN', 'Compute', 7486.434440356695, 7493.883640483987, 7.449200127292153, 'NONE', 'NONE', 'NONE', 0
'FWD_TP_COMM_INTRA', 'Comm', 7493.883640483987, 7493.89795705164, 0.014316567653333332, 51539607552.0, 'ALLREDUCE', 'TP', 'INTRA', 2
'FWD_MHA', 'Compute', 7493.89795705164, 7506.8363490672455, 12.93839201560506, 'NONE', 'NONE', 'NONE', 0
'FWD_TP_COMM_INTRA', 'Comm', 7506.8363490672455, 7506.850665634899, 0.014316567653333332, 51539607552.0, 'ALLREDUCE', 'TP', 'INTRA', 2
'FWD_FFN', 'Compute', 7506.850665634899, 7514.299865762191, 7.449200127292153, 'NONE', 'NONE', 'NONE', 0
'FWD_TP_COMM_INTRA', 'Comm', 7514.299865762191, 7514.314182329845, 0.014316567653333332, 51539607552.0, 'ALLREDUCE', 'TP', 'INTRA', 2
'FWD_MHA', 'Compute', 7514.314182329845, 7527.25257434545, 12.93839201560506, 'NONE', 'NONE', 'NONE', 0
'FWD_TP_COMM_INTRA', 'Comm', 7527.25257434545, 7527.266890913103, 0.014316567653333332, 51539607552.0, 'ALLREDUCE', 'TP', 'INTRA', 2
'FWD_FFN', 'Compute', 7527.266890913103, 7534.716091040395, 7.449200127292153, 'NONE', 'NONE', 'NONE', 0
'FWD_TP_COMM_INTRA', 'Comm', 7534.716091040395, 7534.730407608049, 0.014316567653333332, 51539607552.0, 'ALLREDUCE', 'TP', 'INTRA', 2
'FWD_MHA', 'Compute', 7534.730407608049, 7547.668799623654, 12.93839201560506, 'NONE', 'NONE', 'NONE', 0
'FWD_TP_COMM_INTRA', 'Comm', 7547.668799623654, 7547.683116191308, 0.014316567653333332, 51539607552.0, 'ALLREDUCE', 'TP', 'INTRA', 2
'FWD_FFN', 'Compute', 7547.683116191308, 7555.1323163186, 7.449200127292153, 'NONE', 'NONE', 'NONE', 0
'FWD_TP_COMM_INTRA', 'Comm', 7555.1323163186, 7555.146632886253, 0.014316567653333332, 51539607552.0, 'ALLREDUCE', 'TP', 'INTRA', 2
'FWD_MHA', 'Compute', 7555.146632886253, 7568.085024901859, 12.93839201560506, 'NONE', 'NONE', 'NONE', 0
'FWD_TP_COMM_INTRA', 'Comm', 7568.085024901859, 7568.099341469512, 0.014316567653333332, 51539607552.0, 'ALLREDUCE', 'TP', 'INTRA', 2
'FWD_FFN', 'Compute', 7568.099341469512, 7575.548541596804, 7.449200127292153, 'NONE', 'NONE', 'NONE', 0
'FWD_TP_COMM_INTRA', 'Comm', 7575.548541596804, 7575.562858164458, 0.014316567653333332, 51539607552.0, 'ALLREDUCE', 'TP', 'INTRA', 2
'FWD_MHA', 'Compute', 7575.562858164458, 7588.501250180063, 12.93839201560506, 'NONE', 'NONE', 'NONE', 0
'FWD_TP_COMM_INTRA', 'Comm', 7588.501250180063, 7588.515566747717, 0.014316567653333332, 51539607552.0, 'ALLREDUCE', 'TP', 'INTRA', 2
'FWD_FFN', 'Compute', 7588.515566747717, 7595.9647668750085, 7.449200127292153, 'NONE', 'NONE', 'NONE', 0
'FWD_TP_COMM_INTRA', 'Comm', 7595.9647668750085, 7595.979083442662, 0.014316567653333332, 51539607552.0, 'ALLREDUCE', 'TP', 'INTRA', 2
'FWD_MHA', 'Compute', 7595.979083442662, 7608.917475458267, 12.93839201560506, 'NONE', 'NONE', 'NONE', 0
'FWD_TP_COMM_INTRA', 'Comm', 7608.917475458267, 7608.931792025921, 0.014316567653333332, 51539607552.0, 'ALLREDUCE', 'TP', 'INTRA', 2
'FWD_FFN', 'Compute', 7608.931792025921, 7616.380992153213, 7.449200127292153, 'NONE', 'NONE', 'NONE', 0
'FWD_TP_COMM_INTRA', 'Comm', 7616.380992153213, 7616.3953087208665, 0.014316567653333332, 51539607552.0, 'ALLREDUCE', 'TP', 'INTRA', 2
'FWD_MHA', 'Compute', 7616.3953087208665, 7629.333700736472, 12.93839201560506, 'NONE', 'NONE', 'NONE', 0
'FWD_TP_COMM_INTRA', 'Comm', 7629.333700736472, 7629.348017304125, 0.014316567653333332, 51539607552.0, 'ALLREDUCE', 'TP', 'INTRA', 2
'FWD_FFN', 'Compute', 7629.348017304125, 7636.797217431417, 7.449200127292153, 'NONE', 'NONE', 'NONE', 0
'FWD_TP_COMM_INTRA', 'Comm', 7636.797217431417, 7636.811533999071, 0.014316567653333332, 51539607552.0, 'ALLREDUCE', 'TP', 'INTRA', 2
'FWD_MHA', 'Compute', 7636.811533999071, 7649.749926014676, 12.93839201560506, 'NONE', 'NONE', 'NONE', 0
'FWD_TP_COMM_INTRA', 'Comm', 7649.749926014676, 7649.76424258233, 0.014316567653333332, 51539607552.0, 'ALLREDUCE', 'TP', 'INTRA', 2
'FWD_FFN', 'Compute', 7649.76424258233, 7657.213442709622, 7.449200127292153, 'NONE', 'NONE', 'NONE', 0
'FWD_TP_COMM_INTRA', 'Comm', 7657.213442709622, 7657.227759277275, 0.014316567653333332, 51539607552.0, 'ALLREDUCE', 'TP', 'INTRA', 2
'FWD_MHA', 'Compute', 7657.227759277275, 7670.16615129288, 12.93839201560506, 'NONE', 'NONE', 'NONE', 0
'FWD_TP_COMM_INTRA', 'Comm', 7670.16615129288, 7670.180467860534, 0.014316567653333332, 51539607552.0, 'ALLREDUCE', 'TP', 'INTRA', 2
'FWD_FFN', 'Compute', 7670.180467860534, 7677.629667987826, 7.449200127292153, 'NONE', 'NONE', 'NONE', 0
'FWD_TP_COMM_INTRA', 'Comm', 7677.629667987826, 7677.64398455548, 0.014316567653333332, 51539607552.0, 'ALLREDUCE', 'TP', 'INTRA', 2
'FWD_MHA', 'Compute', 7677.64398455548, 7690.582376571085, 12.93839201560506, 'NONE', 'NONE', 'NONE', 0
'FWD_TP_COMM_INTRA', 'Comm', 7690.582376571085, 7690.596693138738, 0.014316567653333332, 51539607552.0, 'ALLREDUCE', 'TP', 'INTRA', 2
'FWD_FFN', 'Compute', 7690.596693138738, 7698.04589326603, 7.449200127292153, 'NONE', 'NONE', 'NONE', 0
'FWD_TP_COMM_INTRA', 'Comm', 7698.04589326603, 7698.060209833684, 0.014316567653333332, 51539607552.0, 'ALLREDUCE', 'TP', 'INTRA', 2
'FWD_MHA', 'Compute', 7698.060209833684, 7710.998601849289, 12.93839201560506, 'NONE', 'NONE', 'NONE', 0
'FWD_TP_COMM_INTRA', 'Comm', 7710.998601849289, 7711.012918416943, 0.014316567653333332, 51539607552.0, 'ALLREDUCE', 'TP', 'INTRA', 2
'FWD_FFN', 'Compute', 7711.012918416943, 7718.462118544235, 7.449200127292153, 'NONE', 'NONE', 'NONE', 0
'FWD_TP_COMM_INTRA', 'Comm', 7718.462118544235, 7718.476435111888, 0.014316567653333332, 51539607552.0, 'ALLREDUCE', 'TP', 'INTRA', 2
'FWD_MHA', 'Compute', 7718.476435111888, 7731.4148271274935, 12.93839201560506, 'NONE', 'NONE', 'NONE', 0
'FWD_TP_COMM_INTRA', 'Comm', 7731.4148271274935, 7731.429143695147, 0.014316567653333332, 51539607552.0, 'ALLREDUCE', 'TP', 'INTRA', 2
'FWD_FFN', 'Compute', 7731.429143695147, 7738.878343822439, 7.449200127292153, 'NONE', 'NONE', 'NONE', 0
'FWD_TP_COMM_INTRA', 'Comm', 7738.878343822439, 7738.892660390093, 0.014316567653333332, 51539607552.0, 'ALLREDUCE', 'TP', 'INTRA', 2
'FWD_MHA', 'Compute', 7738.892660390093, 7751.831052405698, 12.93839201560506, 'NONE', 'NONE', 'NONE', 0
'FWD_TP_COMM_INTRA', 'Comm', 7751.831052405698, 7751.8453689733515, 0.014316567653333332, 51539607552.0, 'ALLREDUCE', 'TP', 'INTRA', 2
'FWD_FFN', 'Compute', 7751.8453689733515, 7759.2945691006435, 7.449200127292153, 'NONE', 'NONE', 'NONE', 0
'FWD_TP_COMM_INTRA', 'Comm', 7759.2945691006435, 7759.308885668297, 0.014316567653333332, 51539607552.0, 'ALLREDUCE', 'TP', 'INTRA', 2
'FWD_MHA', 'Compute', 7759.308885668297, 7772.247277683902, 12.93839201560506, 'NONE', 'NONE', 'NONE', 0
'FWD_TP_COMM_INTRA', 'Comm', 7772.247277683902, 7772.261594251556, 0.014316567653333332, 51539607552.0, 'ALLREDUCE', 'TP', 'INTRA', 2
'FWD_FFN', 'Compute', 7772.261594251556, 7779.710794378848, 7.449200127292153, 'NONE', 'NONE', 'NONE', 0
'FWD_TP_COMM_INTRA', 'Comm', 7779.710794378848, 7779.725110946501, 0.014316567653333332, 51539607552.0, 'ALLREDUCE', 'TP', 'INTRA', 2
'FWD_MHA', 'Compute', 7779.725110946501, 7792.663502962107, 12.93839201560506, 'NONE', 'NONE', 'NONE', 0
'FWD_TP_COMM_INTRA', 'Comm', 7792.663502962107, 7792.67781952976, 0.014316567653333332, 51539607552.0, 'ALLREDUCE', 'TP', 'INTRA', 2
'FWD_FFN', 'Compute', 7792.67781952976, 7800.127019657052, 7.449200127292153, 'NONE', 'NONE', 'NONE', 0
'FWD_TP_COMM_INTRA', 'Comm', 7800.127019657052, 7800.141336224706, 0.014316567653333332, 51539607552.0, 'ALLREDUCE', 'TP', 'INTRA', 2
'FWD_MHA', 'Compute', 7800.141336224706, 7813.079728240311, 12.93839201560506, 'NONE', 'NONE', 'NONE', 0
'FWD_TP_COMM_INTRA', 'Comm', 7813.079728240311, 7813.094044807965, 0.014316567653333332, 51539607552.0, 'ALLREDUCE', 'TP', 'INTRA', 2
'FWD_FFN', 'Compute', 7813.094044807965, 7820.543244935257, 7.449200127292153, 'NONE', 'NONE', 'NONE', 0
'FWD_TP_COMM_INTRA', 'Comm', 7820.543244935257, 7820.55756150291, 0.014316567653333332, 51539607552.0, 'ALLREDUCE', 'TP', 'INTRA', 2
'FWD_MHA', 'Compute', 7820.55756150291, 7833.495953518515, 12.93839201560506, 'NONE', 'NONE', 'NONE', 0
'FWD_TP_COMM_INTRA', 'Comm', 7833.495953518515, 7833.510270086169, 0.014316567653333332, 51539607552.0, 'ALLREDUCE', 'TP', 'INTRA', 2
'FWD_FFN', 'Compute', 7833.510270086169, 7840.959470213461, 7.449200127292153, 'NONE', 'NONE', 'NONE', 0
'FWD_TP_COMM_INTRA', 'Comm', 7840.959470213461, 7840.9737867811145, 0.014316567653333332, 51539607552.0, 'ALLREDUCE', 'TP', 'INTRA', 2
'FWD_MHA', 'Compute', 7840.9737867811145, 7853.91217879672, 12.93839201560506, 'NONE', 'NONE', 'NONE', 0
'FWD_TP_COMM_INTRA', 'Comm', 7853.91217879672, 7853.926495364373, 0.014316567653333332, 51539607552.0, 'ALLREDUCE', 'TP', 'INTRA', 2
'FWD_FFN', 'Compute', 7853.926495364373, 7861.375695491665, 7.449200127292153, 'NONE', 'NONE', 'NONE', 0
'FWD_TP_COMM_INTRA', 'Comm', 7861.375695491665, 7861.390012059319, 0.014316567653333332, 51539607552.0, 'ALLREDUCE', 'TP', 'INTRA', 2
'FWD_MHA', 'Compute', 7861.390012059319, 7874.328404074924, 12.93839201560506, 'NONE', 'NONE', 'NONE', 0
'FWD_TP_COMM_INTRA', 'Comm', 7874.328404074924, 7874.342720642578, 0.014316567653333332, 51539607552.0, 'ALLREDUCE', 'TP', 'INTRA', 2
'FWD_FFN', 'Compute', 7874.342720642578, 7881.79192076987, 7.449200127292153, 'NONE', 'NONE', 'NONE', 0
'FWD_TP_COMM_INTRA', 'Comm', 7881.79192076987, 7881.806237337523, 0.014316567653333332, 51539607552.0, 'ALLREDUCE', 'TP', 'INTRA', 2
'FWD_MHA', 'Compute', 7881.806237337523, 7894.744629353128, 12.93839201560506, 'NONE', 'NONE', 'NONE', 0
'FWD_TP_COMM_INTRA', 'Comm', 7894.744629353128, 7894.758945920782, 0.014316567653333332, 51539607552.0, 'ALLREDUCE', 'TP', 'INTRA', 2
'FWD_FFN', 'Compute', 7894.758945920782, 7902.208146048074, 7.449200127292153, 'NONE', 'NONE', 'NONE', 0
'FWD_TP_COMM_INTRA', 'Comm', 7902.208146048074, 7902.222462615728, 0.014316567653333332, 51539607552.0, 'ALLREDUCE', 'TP', 'INTRA', 2
'FWD_MHA', 'Compute', 7902.222462615728, 7915.160854631333, 12.93839201560506, 'NONE', 'NONE', 'NONE', 0
'FWD_TP_COMM_INTRA', 'Comm', 7915.160854631333, 7915.175171198986, 0.014316567653333332, 51539607552.0, 'ALLREDUCE', 'TP', 'INTRA', 2
'FWD_FFN', 'Compute', 7915.175171198986, 7922.624371326278, 7.449200127292153, 'NONE', 'NONE', 'NONE', 0
'FWD_TP_COMM_INTRA', 'Comm', 7922.624371326278, 7922.638687893932, 0.014316567653333332, 51539607552.0, 'ALLREDUCE', 'TP', 'INTRA', 2
'FWD_MHA', 'Compute', 7922.638687893932, 7935.577079909537, 12.93839201560506, 'NONE', 'NONE', 'NONE', 0
'FWD_TP_COMM_INTRA', 'Comm', 7935.577079909537, 7935.591396477191, 0.014316567653333332, 51539607552.0, 'ALLREDUCE', 'TP', 'INTRA', 2
'FWD_FFN', 'Compute', 7935.591396477191, 7943.040596604483, 7.449200127292153, 'NONE', 'NONE', 'NONE', 0
'FWD_TP_COMM_INTRA', 'Comm', 7943.040596604483, 7943.054913172136, 0.014316567653333332, 51539607552.0, 'ALLREDUCE', 'TP', 'INTRA', 2
'FWD_MHA', 'Compute', 7943.054913172136, 7955.9933051877415, 12.93839201560506, 'NONE', 'NONE', 'NONE', 0
'FWD_TP_COMM_INTRA', 'Comm', 7955.9933051877415, 7956.007621755395, 0.014316567653333332, 51539607552.0, 'ALLREDUCE', 'TP', 'INTRA', 2
'FWD_FFN', 'Compute', 7956.007621755395, 7963.456821882687, 7.449200127292153, 'NONE', 'NONE', 'NONE', 0
'FWD_TP_COMM_INTRA', 'Comm', 7963.456821882687, 7963.471138450341, 0.014316567653333332, 51539607552.0, 'ALLREDUCE', 'TP', 'INTRA', 2
'FWD_MHA', 'Compute', 7963.471138450341, 7976.409530465946, 12.93839201560506, 'NONE', 'NONE', 'NONE', 0
'FWD_TP_COMM_INTRA', 'Comm', 7976.409530465946, 7976.4238470335995, 0.014316567653333332, 51539607552.0, 'ALLREDUCE', 'TP', 'INTRA', 2
'FWD_FFN', 'Compute', 7976.4238470335995, 7983.8730471608915, 7.449200127292153, 'NONE', 'NONE', 'NONE', 0
'FWD_TP_COMM_INTRA', 'Comm', 7983.8730471608915, 7983.887363728545, 0.014316567653333332, 51539607552.0, 'ALLREDUCE', 'TP', 'INTRA', 2
'FWD_MHA', 'Compute', 7983.887363728545, 7996.82575574415, 12.93839201560506, 'NONE', 'NONE', 'NONE', 0
'FWD_TP_COMM_INTRA', 'Comm', 7996.82575574415, 7996.840072311804, 0.014316567653333332, 51539607552.0, 'ALLREDUCE', 'TP', 'INTRA', 2
'FWD_FFN', 'Compute', 7996.840072311804, 8004.289272439096, 7.449200127292153, 'NONE', 'NONE', 'NONE', 0
'FWD_TP_COMM_INTRA', 'Comm', 8004.289272439096, 8004.3035890067495, 0.014316567653333332, 51539607552.0, 'ALLREDUCE', 'TP', 'INTRA', 2
'FWD_MHA', 'Compute', 8004.3035890067495, 8017.241981022355, 12.93839201560506, 'NONE', 'NONE', 'NONE', 0
'FWD_TP_COMM_INTRA', 'Comm', 8017.241981022355, 8017.256297590008, 0.014316567653333332, 51539607552.0, 'ALLREDUCE', 'TP', 'INTRA', 2
'FWD_FFN', 'Compute', 8017.256297590008, 8024.7054977173, 7.449200127292153, 'NONE', 'NONE', 'NONE', 0
'FWD_TP_COMM_INTRA', 'Comm', 8024.7054977173, 8024.719814284954, 0.014316567653333332, 51539607552.0, 'ALLREDUCE', 'TP', 'INTRA', 2
'FWD_MHA', 'Compute', 8024.719814284954, 8037.658206300559, 12.93839201560506, 'NONE', 'NONE', 'NONE', 0
'FWD_TP_COMM_INTRA', 'Comm', 8037.658206300559, 8037.672522868213, 0.014316567653333332, 51539607552.0, 'ALLREDUCE', 'TP', 'INTRA', 2
'FWD_FFN', 'Compute', 8037.672522868213, 8045.121722995505, 7.449200127292153, 'NONE', 'NONE', 'NONE', 0
'FWD_TP_COMM_INTRA', 'Comm', 8045.121722995505, 8045.136039563158, 0.014316567653333332, 51539607552.0, 'ALLREDUCE', 'TP', 'INTRA', 2
'FWD_MHA', 'Compute', 8045.136039563158, 8058.074431578763, 12.93839201560506, 'NONE', 'NONE', 'NONE', 0
'FWD_TP_COMM_INTRA', 'Comm', 8058.074431578763, 8058.088748146417, 0.014316567653333332, 51539607552.0, 'ALLREDUCE', 'TP', 'INTRA', 2
'FWD_FFN', 'Compute', 8058.088748146417, 8065.537948273709, 7.449200127292153, 'NONE', 'NONE', 'NONE', 0
'FWD_TP_COMM_INTRA', 'Comm', 8065.537948273709, 8065.552264841363, 0.014316567653333332, 51539607552.0, 'ALLREDUCE', 'TP', 'INTRA', 2
'FWD_MHA', 'Compute', 8065.552264841363, 8078.490656856968, 12.93839201560506, 'NONE', 'NONE', 'NONE', 0
'FWD_TP_COMM_INTRA', 'Comm', 8078.490656856968, 8078.504973424621, 0.014316567653333332, 51539607552.0, 'ALLREDUCE', 'TP', 'INTRA', 2
'FWD_FFN', 'Compute', 8078.504973424621, 8085.954173551913, 7.449200127292153, 'NONE', 'NONE', 'NONE', 0
'FWD_TP_COMM_INTRA', 'Comm', 8085.954173551913, 8085.968490119567, 0.014316567653333332, 51539607552.0, 'ALLREDUCE', 'TP', 'INTRA', 2
'FWD_MHA', 'Compute', 8085.968490119567, 8098.906882135172, 12.93839201560506, 'NONE', 'NONE', 'NONE', 0
'FWD_TP_COMM_INTRA', 'Comm', 8098.906882135172, 8098.921198702826, 0.014316567653333332, 51539607552.0, 'ALLREDUCE', 'TP', 'INTRA', 2
'FWD_FFN', 'Compute', 8098.921198702826, 8106.370398830118, 7.449200127292153, 'NONE', 'NONE', 'NONE', 0
'FWD_TP_COMM_INTRA', 'Comm', 8106.370398830118, 8106.384715397771, 0.014316567653333332, 51539607552.0, 'ALLREDUCE', 'TP', 'INTRA', 2
'FWD_MHA', 'Compute', 8106.384715397771, 8119.323107413376, 12.93839201560506, 'NONE', 'NONE', 'NONE', 0
'FWD_TP_COMM_INTRA', 'Comm', 8119.323107413376, 8119.33742398103, 0.014316567653333332, 51539607552.0, 'ALLREDUCE', 'TP', 'INTRA', 2
'FWD_FFN', 'Compute', 8119.33742398103, 8126.786624108322, 7.449200127292153, 'NONE', 'NONE', 'NONE', 0
'FWD_TP_COMM_INTRA', 'Comm', 8126.786624108322, 8126.800940675976, 0.014316567653333332, 51539607552.0, 'ALLREDUCE', 'TP', 'INTRA', 2
'FWD_MHA', 'Compute', 8126.800940675976, 8139.739332691581, 12.93839201560506, 'NONE', 'NONE', 'NONE', 0
'FWD_TP_COMM_INTRA', 'Comm', 8139.739332691581, 8139.753649259234, 0.014316567653333332, 51539607552.0, 'ALLREDUCE', 'TP', 'INTRA', 2
'FWD_FFN', 'Compute', 8139.753649259234, 8147.202849386526, 7.449200127292153, 'NONE', 'NONE', 'NONE', 0
'FWD_TP_COMM_INTRA', 'Comm', 8147.202849386526, 8147.21716595418, 0.014316567653333332, 51539607552.0, 'ALLREDUCE', 'TP', 'INTRA', 2
'FWD_MHA', 'Compute', 8147.21716595418, 8160.155557969785, 12.93839201560506, 'NONE', 'NONE', 'NONE', 0
'FWD_TP_COMM_INTRA', 'Comm', 8160.155557969785, 8160.169874537439, 0.014316567653333332, 51539607552.0, 'ALLREDUCE', 'TP', 'INTRA', 2
'FWD_FFN', 'Compute', 8160.169874537439, 8167.619074664731, 7.449200127292153, 'NONE', 'NONE', 'NONE', 0
'FWD_TP_COMM_INTRA', 'Comm', 8167.619074664731, 8167.633391232384, 0.014316567653333332, 51539607552.0, 'ALLREDUCE', 'TP', 'INTRA', 2
'FWD_MHA', 'Compute', 8167.633391232384, 8180.5717832479895, 12.93839201560506, 'NONE', 'NONE', 'NONE', 0
'FWD_TP_COMM_INTRA', 'Comm', 8180.5717832479895, 8180.586099815643, 0.014316567653333332, 51539607552.0, 'ALLREDUCE', 'TP', 'INTRA', 2
'FWD_FFN', 'Compute', 8180.586099815643, 8188.035299942935, 7.449200127292153, 'NONE', 'NONE', 'NONE', 0
'FWD_TP_COMM_INTRA', 'Comm', 8188.035299942935, 8188.049616510589, 0.014316567653333332, 51539607552.0, 'ALLREDUCE', 'TP', 'INTRA', 2
'FWD_MHA', 'Compute', 8188.049616510589, 8200.988008526194, 12.93839201560506, 'NONE', 'NONE', 'NONE', 0
'FWD_TP_COMM_INTRA', 'Comm', 8200.988008526194, 8201.002325093847, 0.014316567653333332, 51539607552.0, 'ALLREDUCE', 'TP', 'INTRA', 2
'FWD_FFN', 'Compute', 8201.002325093847, 8208.451525221139, 7.449200127292153, 'NONE', 'NONE', 'NONE', 0
'FWD_TP_COMM_INTRA', 'Comm', 8208.451525221139, 8208.465841788791, 0.014316567653333332, 51539607552.0, 'ALLREDUCE', 'TP', 'INTRA', 2
'FWD_MHA', 'Compute', 8208.465841788791, 8221.404233804396, 12.93839201560506, 'NONE', 'NONE', 'NONE', 0
'FWD_TP_COMM_INTRA', 'Comm', 8221.404233804396, 8221.41855037205, 0.014316567653333332, 51539607552.0, 'ALLREDUCE', 'TP', 'INTRA', 2
'FWD_FFN', 'Compute', 8221.41855037205, 8228.867750499341, 7.449200127292153, 'NONE', 'NONE', 'NONE', 0
'FWD_TP_COMM_INTRA', 'Comm', 8228.867750499341, 8228.882067066994, 0.014316567653333332, 51539607552.0, 'ALLREDUCE', 'TP', 'INTRA', 2
'FWD_MHA', 'Compute', 8228.882067066994, 8241.820459082599, 12.93839201560506, 'NONE', 'NONE', 'NONE', 0
'FWD_TP_COMM_INTRA', 'Comm', 8241.820459082599, 8241.834775650252, 0.014316567653333332, 51539607552.0, 'ALLREDUCE', 'TP', 'INTRA', 2
'FWD_FFN', 'Compute', 8241.834775650252, 8249.283975777544, 7.449200127292153, 'NONE', 'NONE', 'NONE', 0
'FWD_TP_COMM_INTRA', 'Comm', 8249.283975777544, 8249.298292345196, 0.014316567653333332, 51539607552.0, 'ALLREDUCE', 'TP', 'INTRA', 2
'FWD_MHA', 'Compute', 8249.298292345196, 8262.236684360802, 12.93839201560506, 'NONE', 'NONE', 'NONE', 0
'FWD_TP_COMM_INTRA', 'Comm', 8262.236684360802, 8262.251000928454, 0.014316567653333332, 51539607552.0, 'ALLREDUCE', 'TP', 'INTRA', 2
'FWD_FFN', 'Compute', 8262.251000928454, 8269.700201055746, 7.449200127292153, 'NONE', 'NONE', 'NONE', 0
'FWD_TP_COMM_INTRA', 'Comm', 8269.700201055746, 8269.714517623399, 0.014316567653333332, 51539607552.0, 'ALLREDUCE', 'TP', 'INTRA', 2
'FWD_MHA', 'Compute', 8269.714517623399, 8282.652909639004, 12.93839201560506, 'NONE', 'NONE', 'NONE', 0
'FWD_TP_COMM_INTRA', 'Comm', 8282.652909639004, 8282.667226206657, 0.014316567653333332, 51539607552.0, 'ALLREDUCE', 'TP', 'INTRA', 2
'FWD_FFN', 'Compute', 8282.667226206657, 8290.116426333949, 7.449200127292153, 'NONE', 'NONE', 'NONE', 0
'FWD_TP_COMM_INTRA', 'Comm', 8290.116426333949, 8290.130742901601, 0.014316567653333332, 51539607552.0, 'ALLREDUCE', 'TP', 'INTRA', 2
'FWD_MHA', 'Compute', 8290.130742901601, 8303.069134917207, 12.93839201560506, 'NONE', 'NONE', 'NONE', 0
'FWD_TP_COMM_INTRA', 'Comm', 8303.069134917207, 8303.08345148486, 0.014316567653333332, 51539607552.0, 'ALLREDUCE', 'TP', 'INTRA', 2
'FWD_FFN', 'Compute', 8303.08345148486, 8310.532651612151, 7.449200127292153, 'NONE', 'NONE', 'NONE', 0
'FWD_TP_COMM_INTRA', 'Comm', 8310.532651612151, 8310.546968179804, 0.014316567653333332, 51539607552.0, 'ALLREDUCE', 'TP', 'INTRA', 2
'FWD_MHA', 'Compute', 8310.546968179804, 8323.48536019541, 12.93839201560506, 'NONE', 'NONE', 'NONE', 0
'FWD_TP_COMM_INTRA', 'Comm', 8323.48536019541, 8323.499676763062, 0.014316567653333332, 51539607552.0, 'ALLREDUCE', 'TP', 'INTRA', 2
'FWD_FFN', 'Compute', 8323.499676763062, 8330.948876890354, 7.449200127292153, 'NONE', 'NONE', 'NONE', 0
'FWD_TP_COMM_INTRA', 'Comm', 8330.948876890354, 8330.963193458007, 0.014316567653333332, 51539607552.0, 'ALLREDUCE', 'TP', 'INTRA', 2
'FWD_MHA', 'Compute', 8330.963193458007, 8343.901585473612, 12.93839201560506, 'NONE', 'NONE', 'NONE', 0
'FWD_TP_COMM_INTRA', 'Comm', 8343.901585473612, 8343.915902041264, 0.014316567653333332, 51539607552.0, 'ALLREDUCE', 'TP', 'INTRA', 2
'FWD_FFN', 'Compute', 8343.915902041264, 8351.365102168556, 7.449200127292153, 'NONE', 'NONE', 'NONE', 0
'FWD_TP_COMM_INTRA', 'Comm', 8351.365102168556, 8351.37941873621, 0.014316567653333332, 51539607552.0, 'ALLREDUCE', 'TP', 'INTRA', 2
'FWD_MHA', 'Compute', 8351.37941873621, 8364.317810751814, 12.93839201560506, 'NONE', 'NONE', 'NONE', 0
'FWD_TP_COMM_INTRA', 'Comm', 8364.317810751814, 8364.332127319467, 0.014316567653333332, 51539607552.0, 'ALLREDUCE', 'TP', 'INTRA', 2
'FWD_FFN', 'Compute', 8364.332127319467, 8371.781327446759, 7.449200127292153, 'NONE', 'NONE', 'NONE', 0
'FWD_TP_COMM_INTRA', 'Comm', 8371.781327446759, 8371.795644014412, 0.014316567653333332, 51539607552.0, 'ALLREDUCE', 'TP', 'INTRA', 2
'FWD_MHA', 'Compute', 8371.795644014412, 8384.734036030017, 12.93839201560506, 'NONE', 'NONE', 'NONE', 0
'FWD_TP_COMM_INTRA', 'Comm', 8384.734036030017, 8384.74835259767, 0.014316567653333332, 51539607552.0, 'ALLREDUCE', 'TP', 'INTRA', 2
'FWD_FFN', 'Compute', 8384.74835259767, 8392.197552724961, 7.449200127292153, 'NONE', 'NONE', 'NONE', 0
'FWD_TP_COMM_INTRA', 'Comm', 8392.197552724961, 8392.211869292614, 0.014316567653333332, 51539607552.0, 'ALLREDUCE', 'TP', 'INTRA', 2
'FWD_MHA', 'Compute', 8392.211869292614, 8405.15026130822, 12.93839201560506, 'NONE', 'NONE', 'NONE', 0
'FWD_TP_COMM_INTRA', 'Comm', 8405.15026130822, 8405.164577875872, 0.014316567653333332, 51539607552.0, 'ALLREDUCE', 'TP', 'INTRA', 2
'FWD_FFN', 'Compute', 8405.164577875872, 8412.613778003164, 7.449200127292153, 'NONE', 'NONE', 'NONE', 0
'FWD_TP_COMM_INTRA', 'Comm', 8412.613778003164, 8412.628094570817, 0.014316567653333332, 51539607552.0, 'ALLREDUCE', 'TP', 'INTRA', 2
'FWD_PP_COMM_INTRA', 'Comm', 8412.628094570817, 8412.628243701729, 0.00014913091305555554, 51539607552.0, 'P2P', 'PP', 'INTRA', 2
'FWD_MHA', 'Compute', 8412.628243701729, 8425.566635717334, 12.93839201560506, 'NONE', 'NONE', 'NONE', 0
'FWD_TP_COMM_INTRA', 'Comm', 8425.566635717334, 8425.580952284987, 0.014316567653333332, 51539607552.0, 'ALLREDUCE', 'TP', 'INTRA', 2
'FWD_FFN', 'Compute', 8425.580952284987, 8433.030152412279, 7.449200127292153, 'NONE', 'NONE', 'NONE', 0
'FWD_TP_COMM_INTRA', 'Comm', 8433.030152412279, 8433.044468979931, 0.014316567653333332, 51539607552.0, 'ALLREDUCE', 'TP', 'INTRA', 2
'FWD_MHA', 'Compute', 8433.044468979931, 8445.982860995537, 12.93839201560506, 'NONE', 'NONE', 'NONE', 0
'FWD_TP_COMM_INTRA', 'Comm', 8445.982860995537, 8445.99717756319, 0.014316567653333332, 51539607552.0, 'ALLREDUCE', 'TP', 'INTRA', 2
'FWD_FFN', 'Compute', 8445.99717756319, 8453.446377690481, 7.449200127292153, 'NONE', 'NONE', 'NONE', 0
'FWD_TP_COMM_INTRA', 'Comm', 8453.446377690481, 8453.460694258134, 0.014316567653333332, 51539607552.0, 'ALLREDUCE', 'TP', 'INTRA', 2
'FWD_MHA', 'Compute', 8453.460694258134, 8466.39908627374, 12.93839201560506, 'NONE', 'NONE', 'NONE', 0
'FWD_TP_COMM_INTRA', 'Comm', 8466.39908627374, 8466.413402841392, 0.014316567653333332, 51539607552.0, 'ALLREDUCE', 'TP', 'INTRA', 2
'FWD_FFN', 'Compute', 8466.413402841392, 8473.862602968684, 7.449200127292153, 'NONE', 'NONE', 'NONE', 0
'FWD_TP_COMM_INTRA', 'Comm', 8473.862602968684, 8473.876919536337, 0.014316567653333332, 51539607552.0, 'ALLREDUCE', 'TP', 'INTRA', 2
'FWD_MHA', 'Compute', 8473.876919536337, 8486.815311551942, 12.93839201560506, 'NONE', 'NONE', 'NONE', 0
'FWD_TP_COMM_INTRA', 'Comm', 8486.815311551942, 8486.829628119594, 0.014316567653333332, 51539607552.0, 'ALLREDUCE', 'TP', 'INTRA', 2
'FWD_FFN', 'Compute', 8486.829628119594, 8494.278828246886, 7.449200127292153, 'NONE', 'NONE', 'NONE', 0
'FWD_TP_COMM_INTRA', 'Comm', 8494.278828246886, 8494.29314481454, 0.014316567653333332, 51539607552.0, 'ALLREDUCE', 'TP', 'INTRA', 2
'FWD_MHA', 'Compute', 8494.29314481454, 8507.231536830144, 12.93839201560506, 'NONE', 'NONE', 'NONE', 0
'FWD_TP_COMM_INTRA', 'Comm', 8507.231536830144, 8507.245853397797, 0.014316567653333332, 51539607552.0, 'ALLREDUCE', 'TP', 'INTRA', 2
'FWD_FFN', 'Compute', 8507.245853397797, 8514.695053525089, 7.449200127292153, 'NONE', 'NONE', 'NONE', 0
'FWD_TP_COMM_INTRA', 'Comm', 8514.695053525089, 8514.709370092742, 0.014316567653333332, 51539607552.0, 'ALLREDUCE', 'TP', 'INTRA', 2
'FWD_MHA', 'Compute', 8514.709370092742, 8527.647762108347, 12.93839201560506, 'NONE', 'NONE', 'NONE', 0
'FWD_TP_COMM_INTRA', 'Comm', 8527.647762108347, 8527.662078676, 0.014316567653333332, 51539607552.0, 'ALLREDUCE', 'TP', 'INTRA', 2
'FWD_FFN', 'Compute', 8527.662078676, 8535.111278803291, 7.449200127292153, 'NONE', 'NONE', 'NONE', 0
'FWD_TP_COMM_INTRA', 'Comm', 8535.111278803291, 8535.125595370944, 0.014316567653333332, 51539607552.0, 'ALLREDUCE', 'TP', 'INTRA', 2
'FWD_MHA', 'Compute', 8535.125595370944, 8548.06398738655, 12.93839201560506, 'NONE', 'NONE', 'NONE', 0
'FWD_TP_COMM_INTRA', 'Comm', 8548.06398738655, 8548.078303954202, 0.014316567653333332, 51539607552.0, 'ALLREDUCE', 'TP', 'INTRA', 2
'FWD_FFN', 'Compute', 8548.078303954202, 8555.527504081494, 7.449200127292153, 'NONE', 'NONE', 'NONE', 0
'FWD_TP_COMM_INTRA', 'Comm', 8555.527504081494, 8555.541820649147, 0.014316567653333332, 51539607552.0, 'ALLREDUCE', 'TP', 'INTRA', 2
'FWD_MHA', 'Compute', 8555.541820649147, 8568.480212664752, 12.93839201560506, 'NONE', 'NONE', 'NONE', 0
'FWD_TP_COMM_INTRA', 'Comm', 8568.480212664752, 8568.494529232405, 0.014316567653333332, 51539607552.0, 'ALLREDUCE', 'TP', 'INTRA', 2
'FWD_FFN', 'Compute', 8568.494529232405, 8575.943729359697, 7.449200127292153, 'NONE', 'NONE', 'NONE', 0
'FWD_TP_COMM_INTRA', 'Comm', 8575.943729359697, 8575.95804592735, 0.014316567653333332, 51539607552.0, 'ALLREDUCE', 'TP', 'INTRA', 2
'FWD_MHA', 'Compute', 8575.95804592735, 8588.896437942954, 12.93839201560506, 'NONE', 'NONE', 'NONE', 0
'FWD_TP_COMM_INTRA', 'Comm', 8588.896437942954, 8588.910754510607, 0.014316567653333332, 51539607552.0, 'ALLREDUCE', 'TP', 'INTRA', 2
'FWD_FFN', 'Compute', 8588.910754510607, 8596.3599546379, 7.449200127292153, 'NONE', 'NONE', 'NONE', 0
'FWD_TP_COMM_INTRA', 'Comm', 8596.3599546379, 8596.374271205552, 0.014316567653333332, 51539607552.0, 'ALLREDUCE', 'TP', 'INTRA', 2
'FWD_MHA', 'Compute', 8596.374271205552, 8609.312663221157, 12.93839201560506, 'NONE', 'NONE', 'NONE', 0
'FWD_TP_COMM_INTRA', 'Comm', 8609.312663221157, 8609.32697978881, 0.014316567653333332, 51539607552.0, 'ALLREDUCE', 'TP', 'INTRA', 2
'FWD_FFN', 'Compute', 8609.32697978881, 8616.776179916102, 7.449200127292153, 'NONE', 'NONE', 'NONE', 0
'FWD_TP_COMM_INTRA', 'Comm', 8616.776179916102, 8616.790496483754, 0.014316567653333332, 51539607552.0, 'ALLREDUCE', 'TP', 'INTRA', 2
'FWD_MHA', 'Compute', 8616.790496483754, 8629.72888849936, 12.93839201560506, 'NONE', 'NONE', 'NONE', 0
'FWD_TP_COMM_INTRA', 'Comm', 8629.72888849936, 8629.743205067012, 0.014316567653333332, 51539607552.0, 'ALLREDUCE', 'TP', 'INTRA', 2
'FWD_FFN', 'Compute', 8629.743205067012, 8637.192405194304, 7.449200127292153, 'NONE', 'NONE', 'NONE', 0
'FWD_TP_COMM_INTRA', 'Comm', 8637.192405194304, 8637.206721761957, 0.014316567653333332, 51539607552.0, 'ALLREDUCE', 'TP', 'INTRA', 2
'FWD_MHA', 'Compute', 8637.206721761957, 8650.145113777562, 12.93839201560506, 'NONE', 'NONE', 'NONE', 0
'FWD_TP_COMM_INTRA', 'Comm', 8650.145113777562, 8650.159430345215, 0.014316567653333332, 51539607552.0, 'ALLREDUCE', 'TP', 'INTRA', 2
'FWD_FFN', 'Compute', 8650.159430345215, 8657.608630472507, 7.449200127292153, 'NONE', 'NONE', 'NONE', 0
'FWD_TP_COMM_INTRA', 'Comm', 8657.608630472507, 8657.62294704016, 0.014316567653333332, 51539607552.0, 'ALLREDUCE', 'TP', 'INTRA', 2
'FWD_MHA', 'Compute', 8657.62294704016, 8670.561339055765, 12.93839201560506, 'NONE', 'NONE', 'NONE', 0
'FWD_TP_COMM_INTRA', 'Comm', 8670.561339055765, 8670.575655623417, 0.014316567653333332, 51539607552.0, 'ALLREDUCE', 'TP', 'INTRA', 2
'FWD_FFN', 'Compute', 8670.575655623417, 8678.02485575071, 7.449200127292153, 'NONE', 'NONE', 'NONE', 0
'FWD_TP_COMM_INTRA', 'Comm', 8678.02485575071, 8678.039172318362, 0.014316567653333332, 51539607552.0, 'ALLREDUCE', 'TP', 'INTRA', 2
'FWD_MHA', 'Compute', 8678.039172318362, 8690.977564333967, 12.93839201560506, 'NONE', 'NONE', 'NONE', 0
'FWD_TP_COMM_INTRA', 'Comm', 8690.977564333967, 8690.99188090162, 0.014316567653333332, 51539607552.0, 'ALLREDUCE', 'TP', 'INTRA', 2
'FWD_FFN', 'Compute', 8690.99188090162, 8698.441081028912, 7.449200127292153, 'NONE', 'NONE', 'NONE', 0
'FWD_TP_COMM_INTRA', 'Comm', 8698.441081028912, 8698.455397596565, 0.014316567653333332, 51539607552.0, 'ALLREDUCE', 'TP', 'INTRA', 2
'FWD_MHA', 'Compute', 8698.455397596565, 8711.39378961217, 12.93839201560506, 'NONE', 'NONE', 'NONE', 0
'FWD_TP_COMM_INTRA', 'Comm', 8711.39378961217, 8711.408106179822, 0.014316567653333332, 51539607552.0, 'ALLREDUCE', 'TP', 'INTRA', 2
'FWD_FFN', 'Compute', 8711.408106179822, 8718.857306307114, 7.449200127292153, 'NONE', 'NONE', 'NONE', 0
'FWD_TP_COMM_INTRA', 'Comm', 8718.857306307114, 8718.871622874767, 0.014316567653333332, 51539607552.0, 'ALLREDUCE', 'TP', 'INTRA', 2
'FWD_MHA', 'Compute', 8718.871622874767, 8731.810014890372, 12.93839201560506, 'NONE', 'NONE', 'NONE', 0
'FWD_TP_COMM_INTRA', 'Comm', 8731.810014890372, 8731.824331458025, 0.014316567653333332, 51539607552.0, 'ALLREDUCE', 'TP', 'INTRA', 2
'FWD_FFN', 'Compute', 8731.824331458025, 8739.273531585317, 7.449200127292153, 'NONE', 'NONE', 'NONE', 0
'FWD_TP_COMM_INTRA', 'Comm', 8739.273531585317, 8739.28784815297, 0.014316567653333332, 51539607552.0, 'ALLREDUCE', 'TP', 'INTRA', 2
'FWD_MHA', 'Compute', 8739.28784815297, 8752.226240168575, 12.93839201560506, 'NONE', 'NONE', 'NONE', 0
'FWD_TP_COMM_INTRA', 'Comm', 8752.226240168575, 8752.240556736228, 0.014316567653333332, 51539607552.0, 'ALLREDUCE', 'TP', 'INTRA', 2
'FWD_FFN', 'Compute', 8752.240556736228, 8759.68975686352, 7.449200127292153, 'NONE', 'NONE', 'NONE', 0
'FWD_TP_COMM_INTRA', 'Comm', 8759.68975686352, 8759.704073431172, 0.014316567653333332, 51539607552.0, 'ALLREDUCE', 'TP', 'INTRA', 2
'FWD_MHA', 'Compute', 8759.704073431172, 8772.642465446777, 12.93839201560506, 'NONE', 'NONE', 'NONE', 0
'FWD_TP_COMM_INTRA', 'Comm', 8772.642465446777, 8772.65678201443, 0.014316567653333332, 51539607552.0, 'ALLREDUCE', 'TP', 'INTRA', 2
'FWD_FFN', 'Compute', 8772.65678201443, 8780.105982141722, 7.449200127292153, 'NONE', 'NONE', 'NONE', 0
'FWD_TP_COMM_INTRA', 'Comm', 8780.105982141722, 8780.120298709375, 0.014316567653333332, 51539607552.0, 'ALLREDUCE', 'TP', 'INTRA', 2
'FWD_MHA', 'Compute', 8780.120298709375, 8793.05869072498, 12.93839201560506, 'NONE', 'NONE', 'NONE', 0
'FWD_TP_COMM_INTRA', 'Comm', 8793.05869072498, 8793.073007292633, 0.014316567653333332, 51539607552.0, 'ALLREDUCE', 'TP', 'INTRA', 2
'FWD_FFN', 'Compute', 8793.073007292633, 8800.522207419925, 7.449200127292153, 'NONE', 'NONE', 'NONE', 0
'FWD_TP_COMM_INTRA', 'Comm', 8800.522207419925, 8800.536523987577, 0.014316567653333332, 51539607552.0, 'ALLREDUCE', 'TP', 'INTRA', 2
'FWD_MHA', 'Compute', 8800.536523987577, 8813.474916003182, 12.93839201560506, 'NONE', 'NONE', 'NONE', 0
'FWD_TP_COMM_INTRA', 'Comm', 8813.474916003182, 8813.489232570835, 0.014316567653333332, 51539607552.0, 'ALLREDUCE', 'TP', 'INTRA', 2
'FWD_FFN', 'Compute', 8813.489232570835, 8820.938432698127, 7.449200127292153, 'NONE', 'NONE', 'NONE', 0
'FWD_TP_COMM_INTRA', 'Comm', 8820.938432698127, 8820.95274926578, 0.014316567653333332, 51539607552.0, 'ALLREDUCE', 'TP', 'INTRA', 2
'FWD_MHA', 'Compute', 8820.95274926578, 8833.891141281385, 12.93839201560506, 'NONE', 'NONE', 'NONE', 0
'FWD_TP_COMM_INTRA', 'Comm', 8833.891141281385, 8833.905457849038, 0.014316567653333332, 51539607552.0, 'ALLREDUCE', 'TP', 'INTRA', 2
'FWD_FFN', 'Compute', 8833.905457849038, 8841.35465797633, 7.449200127292153, 'NONE', 'NONE', 'NONE', 0
'FWD_TP_COMM_INTRA', 'Comm', 8841.35465797633, 8841.368974543982, 0.014316567653333332, 51539607552.0, 'ALLREDUCE', 'TP', 'INTRA', 2
'FWD_MHA', 'Compute', 8841.368974543982, 8854.307366559588, 12.93839201560506, 'NONE', 'NONE', 'NONE', 0
'FWD_TP_COMM_INTRA', 'Comm', 8854.307366559588, 8854.32168312724, 0.014316567653333332, 51539607552.0, 'ALLREDUCE', 'TP', 'INTRA', 2
'FWD_FFN', 'Compute', 8854.32168312724, 8861.770883254532, 7.449200127292153, 'NONE', 'NONE', 'NONE', 0
'FWD_TP_COMM_INTRA', 'Comm', 8861.770883254532, 8861.785199822185, 0.014316567653333332, 51539607552.0, 'ALLREDUCE', 'TP', 'INTRA', 2
'FWD_MHA', 'Compute', 8861.785199822185, 8874.72359183779, 12.93839201560506, 'NONE', 'NONE', 'NONE', 0
'FWD_TP_COMM_INTRA', 'Comm', 8874.72359183779, 8874.737908405443, 0.014316567653333332, 51539607552.0, 'ALLREDUCE', 'TP', 'INTRA', 2
'FWD_FFN', 'Compute', 8874.737908405443, 8882.187108532735, 7.449200127292153, 'NONE', 'NONE', 'NONE', 0
'FWD_TP_COMM_INTRA', 'Comm', 8882.187108532735, 8882.201425100387, 0.014316567653333332, 51539607552.0, 'ALLREDUCE', 'TP', 'INTRA', 2
'FWD_MHA', 'Compute', 8882.201425100387, 8895.139817115993, 12.93839201560506, 'NONE', 'NONE', 'NONE', 0
'FWD_TP_COMM_INTRA', 'Comm', 8895.139817115993, 8895.154133683645, 0.014316567653333332, 51539607552.0, 'ALLREDUCE', 'TP', 'INTRA', 2
'FWD_FFN', 'Compute', 8895.154133683645, 8902.603333810937, 7.449200127292153, 'NONE', 'NONE', 'NONE', 0
'FWD_TP_COMM_INTRA', 'Comm', 8902.603333810937, 8902.61765037859, 0.014316567653333332, 51539607552.0, 'ALLREDUCE', 'TP', 'INTRA', 2
'FWD_MHA', 'Compute', 8902.61765037859, 8915.556042394195, 12.93839201560506, 'NONE', 'NONE', 'NONE', 0
'FWD_TP_COMM_INTRA', 'Comm', 8915.556042394195, 8915.570358961848, 0.014316567653333332, 51539607552.0, 'ALLREDUCE', 'TP', 'INTRA', 2
'FWD_FFN', 'Compute', 8915.570358961848, 8923.01955908914, 7.449200127292153, 'NONE', 'NONE', 'NONE', 0
'FWD_TP_COMM_INTRA', 'Comm', 8923.01955908914, 8923.033875656793, 0.014316567653333332, 51539607552.0, 'ALLREDUCE', 'TP', 'INTRA', 2
'FWD_MHA', 'Compute', 8923.033875656793, 8935.972267672398, 12.93839201560506, 'NONE', 'NONE', 'NONE', 0
'FWD_TP_COMM_INTRA', 'Comm', 8935.972267672398, 8935.98658424005, 0.014316567653333332, 51539607552.0, 'ALLREDUCE', 'TP', 'INTRA', 2
'FWD_FFN', 'Compute', 8935.98658424005, 8943.435784367342, 7.449200127292153, 'NONE', 'NONE', 'NONE', 0
'FWD_TP_COMM_INTRA', 'Comm', 8943.435784367342, 8943.450100934995, 0.014316567653333332, 51539607552.0, 'ALLREDUCE', 'TP', 'INTRA', 2
'FWD_MHA', 'Compute', 8943.450100934995, 8956.3884929506, 12.93839201560506, 'NONE', 'NONE', 'NONE', 0
'FWD_TP_COMM_INTRA', 'Comm', 8956.3884929506, 8956.402809518253, 0.014316567653333332, 51539607552.0, 'ALLREDUCE', 'TP', 'INTRA', 2
'FWD_FFN', 'Compute', 8956.402809518253, 8963.852009645545, 7.449200127292153, 'NONE', 'NONE', 'NONE', 0
'FWD_TP_COMM_INTRA', 'Comm', 8963.852009645545, 8963.866326213198, 0.014316567653333332, 51539607552.0, 'ALLREDUCE', 'TP', 'INTRA', 2
'FWD_MHA', 'Compute', 8963.866326213198, 8976.804718228803, 12.93839201560506, 'NONE', 'NONE', 'NONE', 0
'FWD_TP_COMM_INTRA', 'Comm', 8976.804718228803, 8976.819034796456, 0.014316567653333332, 51539607552.0, 'ALLREDUCE', 'TP', 'INTRA', 2
'FWD_FFN', 'Compute', 8976.819034796456, 8984.268234923748, 7.449200127292153, 'NONE', 'NONE', 'NONE', 0
'FWD_TP_COMM_INTRA', 'Comm', 8984.268234923748, 8984.2825514914, 0.014316567653333332, 51539607552.0, 'ALLREDUCE', 'TP', 'INTRA', 2
'FWD_MHA', 'Compute', 8984.2825514914, 8997.220943507005, 12.93839201560506, 'NONE', 'NONE', 'NONE', 0
'FWD_TP_COMM_INTRA', 'Comm', 8997.220943507005, 8997.235260074658, 0.014316567653333332, 51539607552.0, 'ALLREDUCE', 'TP', 'INTRA', 2
'FWD_FFN', 'Compute', 8997.235260074658, 9004.68446020195, 7.449200127292153, 'NONE', 'NONE', 'NONE', 0
'FWD_TP_COMM_INTRA', 'Comm', 9004.68446020195, 9004.698776769603, 0.014316567653333332, 51539607552.0, 'ALLREDUCE', 'TP', 'INTRA', 2
'FWD_MHA', 'Compute', 9004.698776769603, 9017.637168785208, 12.93839201560506, 'NONE', 'NONE', 'NONE', 0
'FWD_TP_COMM_INTRA', 'Comm', 9017.637168785208, 9017.65148535286, 0.014316567653333332, 51539607552.0, 'ALLREDUCE', 'TP', 'INTRA', 2
'FWD_FFN', 'Compute', 9017.65148535286, 9025.100685480153, 7.449200127292153, 'NONE', 'NONE', 'NONE', 0
'FWD_TP_COMM_INTRA', 'Comm', 9025.100685480153, 9025.115002047805, 0.014316567653333332, 51539607552.0, 'ALLREDUCE', 'TP', 'INTRA', 2
'FWD_MHA', 'Compute', 9025.115002047805, 9038.05339406341, 12.93839201560506, 'NONE', 'NONE', 'NONE', 0
'FWD_TP_COMM_INTRA', 'Comm', 9038.05339406341, 9038.067710631063, 0.014316567653333332, 51539607552.0, 'ALLREDUCE', 'TP', 'INTRA', 2
'FWD_FFN', 'Compute', 9038.067710631063, 9045.516910758355, 7.449200127292153, 'NONE', 'NONE', 'NONE', 0
'FWD_TP_COMM_INTRA', 'Comm', 9045.516910758355, 9045.531227326008, 0.014316567653333332, 51539607552.0, 'ALLREDUCE', 'TP', 'INTRA', 2
'FWD_MHA', 'Compute', 9045.531227326008, 9058.469619341613, 12.93839201560506, 'NONE', 'NONE', 'NONE', 0
'FWD_TP_COMM_INTRA', 'Comm', 9058.469619341613, 9058.483935909266, 0.014316567653333332, 51539607552.0, 'ALLREDUCE', 'TP', 'INTRA', 2
'FWD_FFN', 'Compute', 9058.483935909266, 9065.933136036558, 7.449200127292153, 'NONE', 'NONE', 'NONE', 0
'FWD_TP_COMM_INTRA', 'Comm', 9065.933136036558, 9065.94745260421, 0.014316567653333332, 51539607552.0, 'ALLREDUCE', 'TP', 'INTRA', 2
'FWD_MHA', 'Compute', 9065.94745260421, 9078.885844619816, 12.93839201560506, 'NONE', 'NONE', 'NONE', 0
'FWD_TP_COMM_INTRA', 'Comm', 9078.885844619816, 9078.900161187468, 0.014316567653333332, 51539607552.0, 'ALLREDUCE', 'TP', 'INTRA', 2
'FWD_FFN', 'Compute', 9078.900161187468, 9086.34936131476, 7.449200127292153, 'NONE', 'NONE', 'NONE', 0
'FWD_TP_COMM_INTRA', 'Comm', 9086.34936131476, 9086.363677882413, 0.014316567653333332, 51539607552.0, 'ALLREDUCE', 'TP', 'INTRA', 2
'FWD_MHA', 'Compute', 9086.363677882413, 9099.302069898018, 12.93839201560506, 'NONE', 'NONE', 'NONE', 0
'FWD_TP_COMM_INTRA', 'Comm', 9099.302069898018, 9099.31638646567, 0.014316567653333332, 51539607552.0, 'ALLREDUCE', 'TP', 'INTRA', 2
'FWD_FFN', 'Compute', 9099.31638646567, 9106.765586592963, 7.449200127292153, 'NONE', 'NONE', 'NONE', 0
'FWD_TP_COMM_INTRA', 'Comm', 9106.765586592963, 9106.779903160616, 0.014316567653333332, 51539607552.0, 'ALLREDUCE', 'TP', 'INTRA', 2
'FWD_MHA', 'Compute', 9106.779903160616, 9119.71829517622, 12.93839201560506, 'NONE', 'NONE', 'NONE', 0
'FWD_TP_COMM_INTRA', 'Comm', 9119.71829517622, 9119.732611743873, 0.014316567653333332, 51539607552.0, 'ALLREDUCE', 'TP', 'INTRA', 2
'FWD_FFN', 'Compute', 9119.732611743873, 9127.181811871165, 7.449200127292153, 'NONE', 'NONE', 'NONE', 0
'FWD_TP_COMM_INTRA', 'Comm', 9127.181811871165, 9127.196128438818, 0.014316567653333332, 51539607552.0, 'ALLREDUCE', 'TP', 'INTRA', 2
'FWD_MHA', 'Compute', 9127.196128438818, 9140.134520454423, 12.93839201560506, 'NONE', 'NONE', 'NONE', 0
'FWD_TP_COMM_INTRA', 'Comm', 9140.134520454423, 9140.148837022076, 0.014316567653333332, 51539607552.0, 'ALLREDUCE', 'TP', 'INTRA', 2
'FWD_FFN', 'Compute', 9140.148837022076, 9147.598037149368, 7.449200127292153, 'NONE', 'NONE', 'NONE', 0
'FWD_TP_COMM_INTRA', 'Comm', 9147.598037149368, 9147.61235371702, 0.014316567653333332, 51539607552.0, 'ALLREDUCE', 'TP', 'INTRA', 2
'FWD_MHA', 'Compute', 9147.61235371702, 9160.550745732626, 12.93839201560506, 'NONE', 'NONE', 'NONE', 0
'FWD_TP_COMM_INTRA', 'Comm', 9160.550745732626, 9160.565062300278, 0.014316567653333332, 51539607552.0, 'ALLREDUCE', 'TP', 'INTRA', 2
'FWD_FFN', 'Compute', 9160.565062300278, 9168.01426242757, 7.449200127292153, 'NONE', 'NONE', 'NONE', 0
'FWD_TP_COMM_INTRA', 'Comm', 9168.01426242757, 9168.028578995223, 0.014316567653333332, 51539607552.0, 'ALLREDUCE', 'TP', 'INTRA', 2
'FWD_MHA', 'Compute', 9168.028578995223, 9180.966971010828, 12.93839201560506, 'NONE', 'NONE', 'NONE', 0
'FWD_TP_COMM_INTRA', 'Comm', 9180.966971010828, 9180.981287578481, 0.014316567653333332, 51539607552.0, 'ALLREDUCE', 'TP', 'INTRA', 2
'FWD_FFN', 'Compute', 9180.981287578481, 9188.430487705773, 7.449200127292153, 'NONE', 'NONE', 'NONE', 0
'FWD_TP_COMM_INTRA', 'Comm', 9188.430487705773, 9188.444804273426, 0.014316567653333332, 51539607552.0, 'ALLREDUCE', 'TP', 'INTRA', 2
'FWD_MHA', 'Compute', 9188.444804273426, 9201.38319628903, 12.93839201560506, 'NONE', 'NONE', 'NONE', 0
'FWD_TP_COMM_INTRA', 'Comm', 9201.38319628903, 9201.397512856684, 0.014316567653333332, 51539607552.0, 'ALLREDUCE', 'TP', 'INTRA', 2
'FWD_FFN', 'Compute', 9201.397512856684, 9208.846712983976, 7.449200127292153, 'NONE', 'NONE', 'NONE', 0
'FWD_TP_COMM_INTRA', 'Comm', 9208.846712983976, 9208.861029551628, 0.014316567653333332, 51539607552.0, 'ALLREDUCE', 'TP', 'INTRA', 2
'FWD_MHA', 'Compute', 9208.861029551628, 9221.799421567233, 12.93839201560506, 'NONE', 'NONE', 'NONE', 0
'FWD_TP_COMM_INTRA', 'Comm', 9221.799421567233, 9221.813738134886, 0.014316567653333332, 51539607552.0, 'ALLREDUCE', 'TP', 'INTRA', 2
'FWD_FFN', 'Compute', 9221.813738134886, 9229.262938262178, 7.449200127292153, 'NONE', 'NONE', 'NONE', 0
'FWD_TP_COMM_INTRA', 'Comm', 9229.262938262178, 9229.27725482983, 0.014316567653333332, 51539607552.0, 'ALLREDUCE', 'TP', 'INTRA', 2
'FWD_MHA', 'Compute', 9229.27725482983, 9242.215646845436, 12.93839201560506, 'NONE', 'NONE', 'NONE', 0
'FWD_TP_COMM_INTRA', 'Comm', 9242.215646845436, 9242.229963413089, 0.014316567653333332, 51539607552.0, 'ALLREDUCE', 'TP', 'INTRA', 2
'FWD_FFN', 'Compute', 9242.229963413089, 9249.67916354038, 7.449200127292153, 'NONE', 'NONE', 'NONE', 0
'FWD_TP_COMM_INTRA', 'Comm', 9249.67916354038, 9249.693480108033, 0.014316567653333332, 51539607552.0, 'ALLREDUCE', 'TP', 'INTRA', 2
'FWD_MHA', 'Compute', 9249.693480108033, 9262.631872123638, 12.93839201560506, 'NONE', 'NONE', 'NONE', 0
'FWD_TP_COMM_INTRA', 'Comm', 9262.631872123638, 9262.646188691291, 0.014316567653333332, 51539607552.0, 'ALLREDUCE', 'TP', 'INTRA', 2
'FWD_FFN', 'Compute', 9262.646188691291, 9270.095388818583, 7.449200127292153, 'NONE', 'NONE', 'NONE', 0
'FWD_TP_COMM_INTRA', 'Comm', 9270.095388818583, 9270.109705386236, 0.014316567653333332, 51539607552.0, 'ALLREDUCE', 'TP', 'INTRA', 2
'FWD_MHA', 'Compute', 9270.109705386236, 9283.048097401841, 12.93839201560506, 'NONE', 'NONE', 'NONE', 0
'FWD_TP_COMM_INTRA', 'Comm', 9283.048097401841, 9283.062413969494, 0.014316567653333332, 51539607552.0, 'ALLREDUCE', 'TP', 'INTRA', 2
'FWD_FFN', 'Compute', 9283.062413969494, 9290.511614096786, 7.449200127292153, 'NONE', 'NONE', 'NONE', 0
'FWD_TP_COMM_INTRA', 'Comm', 9290.511614096786, 9290.525930664438, 0.014316567653333332, 51539607552.0, 'ALLREDUCE', 'TP', 'INTRA', 2
'FWD_MHA', 'Compute', 9290.525930664438, 9303.464322680044, 12.93839201560506, 'NONE', 'NONE', 'NONE', 0
'FWD_TP_COMM_INTRA', 'Comm', 9303.464322680044, 9303.478639247696, 0.014316567653333332, 51539607552.0, 'ALLREDUCE', 'TP', 'INTRA', 2
'FWD_FFN', 'Compute', 9303.478639247696, 9310.927839374988, 7.449200127292153, 'NONE', 'NONE', 'NONE', 0
'FWD_TP_COMM_INTRA', 'Comm', 9310.927839374988, 9310.942155942641, 0.014316567653333332, 51539607552.0, 'ALLREDUCE', 'TP', 'INTRA', 2
'FWD_MHA', 'Compute', 9310.942155942641, 9323.880547958246, 12.93839201560506, 'NONE', 'NONE', 'NONE', 0
'FWD_TP_COMM_INTRA', 'Comm', 9323.880547958246, 9323.894864525899, 0.014316567653333332, 51539607552.0, 'ALLREDUCE', 'TP', 'INTRA', 2
'FWD_FFN', 'Compute', 9323.894864525899, 9331.34406465319, 7.449200127292153, 'NONE', 'NONE', 'NONE', 0
'FWD_TP_COMM_INTRA', 'Comm', 9331.34406465319, 9331.358381220844, 0.014316567653333332, 51539607552.0, 'ALLREDUCE', 'TP', 'INTRA', 2
'FWD_MHA', 'Compute', 9331.358381220844, 9344.296773236449, 12.93839201560506, 'NONE', 'NONE', 'NONE', 0
'FWD_TP_COMM_INTRA', 'Comm', 9344.296773236449, 9344.311089804101, 0.014316567653333332, 51539607552.0, 'ALLREDUCE', 'TP', 'INTRA', 2
'FWD_FFN', 'Compute', 9344.311089804101, 9351.760289931393, 7.449200127292153, 'NONE', 'NONE', 'NONE', 0
'FWD_TP_COMM_INTRA', 'Comm', 9351.760289931393, 9351.774606499046, 0.014316567653333332, 51539607552.0, 'ALLREDUCE', 'TP', 'INTRA', 2
'FWD_MHA', 'Compute', 9351.774606499046, 9364.712998514651, 12.93839201560506, 'NONE', 'NONE', 'NONE', 0
'FWD_TP_COMM_INTRA', 'Comm', 9364.712998514651, 9364.727315082304, 0.014316567653333332, 51539607552.0, 'ALLREDUCE', 'TP', 'INTRA', 2
'FWD_FFN', 'Compute', 9364.727315082304, 9372.176515209596, 7.449200127292153, 'NONE', 'NONE', 'NONE', 0
'FWD_TP_COMM_INTRA', 'Comm', 9372.176515209596, 9372.190831777249, 0.014316567653333332, 51539607552.0, 'ALLREDUCE', 'TP', 'INTRA', 2
'FWD_MHA', 'Compute', 9372.190831777249, 9385.129223792854, 12.93839201560506, 'NONE', 'NONE', 'NONE', 0
'FWD_TP_COMM_INTRA', 'Comm', 9385.129223792854, 9385.143540360506, 0.014316567653333332, 51539607552.0, 'ALLREDUCE', 'TP', 'INTRA', 2
'FWD_FFN', 'Compute', 9385.143540360506, 9392.592740487798, 7.449200127292153, 'NONE', 'NONE', 'NONE', 0
'FWD_TP_COMM_INTRA', 'Comm', 9392.592740487798, 9392.607057055451, 0.014316567653333332, 51539607552.0, 'ALLREDUCE', 'TP', 'INTRA', 2
'FWD_PP_COMM_INTRA', 'Comm', 9392.607057055451, 9392.607206186363, 0.00014913091305555554, 51539607552.0, 'P2P', 'PP', 'INTRA', 2
'BWD_MHA', 'Compute', 9392.607206186363, 9405.545598201968, 12.93839201560506, 'NONE', 'NONE', 'NONE', 0
'BWD_TP_COMM_INTRA', 'Comm', 9405.545598201968, 9405.559914769621, 0.014316567653333332, 51539607552.0, 'ALLREDUCE', 'TP', 'INTRA', 2
'BWD_FFN', 'Compute', 9405.559914769621, 9413.009114896913, 7.449200127292153, 'NONE', 'NONE', 'NONE', 0
'BWD_TP_COMM_INTRA', 'Comm', 9413.009114896913, 9413.023431464566, 0.014316567653333332, 51539607552.0, 'ALLREDUCE', 'TP', 'INTRA', 2
'BWD_MHA', 'Compute', 9413.023431464566, 9425.961823480171, 12.93839201560506, 'NONE', 'NONE', 'NONE', 0
'BWD_TP_COMM_INTRA', 'Comm', 9425.961823480171, 9425.976140047824, 0.014316567653333332, 51539607552.0, 'ALLREDUCE', 'TP', 'INTRA', 2
'BWD_FFN', 'Compute', 9425.976140047824, 9433.425340175116, 7.449200127292153, 'NONE', 'NONE', 'NONE', 0
'BWD_TP_COMM_INTRA', 'Comm', 9433.425340175116, 9433.439656742768, 0.014316567653333332, 51539607552.0, 'ALLREDUCE', 'TP', 'INTRA', 2
'BWD_MHA', 'Compute', 9433.439656742768, 9446.378048758374, 12.93839201560506, 'NONE', 'NONE', 'NONE', 0
'BWD_TP_COMM_INTRA', 'Comm', 9446.378048758374, 9446.392365326026, 0.014316567653333332, 51539607552.0, 'ALLREDUCE', 'TP', 'INTRA', 2
'BWD_FFN', 'Compute', 9446.392365326026, 9453.841565453318, 7.449200127292153, 'NONE', 'NONE', 'NONE', 0
'BWD_TP_COMM_INTRA', 'Comm', 9453.841565453318, 9453.855882020971, 0.014316567653333332, 51539607552.0, 'ALLREDUCE', 'TP', 'INTRA', 2
'BWD_MHA', 'Compute', 9453.855882020971, 9466.794274036576, 12.93839201560506, 'NONE', 'NONE', 'NONE', 0
'BWD_TP_COMM_INTRA', 'Comm', 9466.794274036576, 9466.808590604229, 0.014316567653333332, 51539607552.0, 'ALLREDUCE', 'TP', 'INTRA', 2
'BWD_FFN', 'Compute', 9466.808590604229, 9474.25779073152, 7.449200127292153, 'NONE', 'NONE', 'NONE', 0
'BWD_TP_COMM_INTRA', 'Comm', 9474.25779073152, 9474.272107299174, 0.014316567653333332, 51539607552.0, 'ALLREDUCE', 'TP', 'INTRA', 2
'BWD_MHA', 'Compute', 9474.272107299174, 9487.210499314779, 12.93839201560506, 'NONE', 'NONE', 'NONE', 0
'BWD_TP_COMM_INTRA', 'Comm', 9487.210499314779, 9487.224815882431, 0.014316567653333332, 51539607552.0, 'ALLREDUCE', 'TP', 'INTRA', 2
'BWD_FFN', 'Compute', 9487.224815882431, 9494.674016009723, 7.449200127292153, 'NONE', 'NONE', 'NONE', 0
'BWD_TP_COMM_INTRA', 'Comm', 9494.674016009723, 9494.688332577376, 0.014316567653333332, 51539607552.0, 'ALLREDUCE', 'TP', 'INTRA', 2
'BWD_MHA', 'Compute', 9494.688332577376, 9507.626724592981, 12.93839201560506, 'NONE', 'NONE', 'NONE', 0
'BWD_TP_COMM_INTRA', 'Comm', 9507.626724592981, 9507.641041160634, 0.014316567653333332, 51539607552.0, 'ALLREDUCE', 'TP', 'INTRA', 2
'BWD_FFN', 'Compute', 9507.641041160634, 9515.090241287926, 7.449200127292153, 'NONE', 'NONE', 'NONE', 0
'BWD_TP_COMM_INTRA', 'Comm', 9515.090241287926, 9515.104557855579, 0.014316567653333332, 51539607552.0, 'ALLREDUCE', 'TP', 'INTRA', 2
'BWD_MHA', 'Compute', 9515.104557855579, 9528.042949871184, 12.93839201560506, 'NONE', 'NONE', 'NONE', 0
'BWD_TP_COMM_INTRA', 'Comm', 9528.042949871184, 9528.057266438836, 0.014316567653333332, 51539607552.0, 'ALLREDUCE', 'TP', 'INTRA', 2
'BWD_FFN', 'Compute', 9528.057266438836, 9535.506466566128, 7.449200127292153, 'NONE', 'NONE', 'NONE', 0
'BWD_TP_COMM_INTRA', 'Comm', 9535.506466566128, 9535.520783133781, 0.014316567653333332, 51539607552.0, 'ALLREDUCE', 'TP', 'INTRA', 2
'BWD_MHA', 'Compute', 9535.520783133781, 9548.459175149386, 12.93839201560506, 'NONE', 'NONE', 'NONE', 0
'BWD_TP_COMM_INTRA', 'Comm', 9548.459175149386, 9548.473491717039, 0.014316567653333332, 51539607552.0, 'ALLREDUCE', 'TP', 'INTRA', 2
'BWD_FFN', 'Compute', 9548.473491717039, 9555.922691844331, 7.449200127292153, 'NONE', 'NONE', 'NONE', 0
'BWD_TP_COMM_INTRA', 'Comm', 9555.922691844331, 9555.937008411984, 0.014316567653333332, 51539607552.0, 'ALLREDUCE', 'TP', 'INTRA', 2
'BWD_MHA', 'Compute', 9555.937008411984, 9568.875400427589, 12.93839201560506, 'NONE', 'NONE', 'NONE', 0
'BWD_TP_COMM_INTRA', 'Comm', 9568.875400427589, 9568.889716995242, 0.014316567653333332, 51539607552.0, 'ALLREDUCE', 'TP', 'INTRA', 2
'BWD_FFN', 'Compute', 9568.889716995242, 9576.338917122534, 7.449200127292153, 'NONE', 'NONE', 'NONE', 0
'BWD_TP_COMM_INTRA', 'Comm', 9576.338917122534, 9576.353233690186, 0.014316567653333332, 51539607552.0, 'ALLREDUCE', 'TP', 'INTRA', 2
'BWD_MHA', 'Compute', 9576.353233690186, 9589.291625705791, 12.93839201560506, 'NONE', 'NONE', 'NONE', 0
'BWD_TP_COMM_INTRA', 'Comm', 9589.291625705791, 9589.305942273444, 0.014316567653333332, 51539607552.0, 'ALLREDUCE', 'TP', 'INTRA', 2
'BWD_FFN', 'Compute', 9589.305942273444, 9596.755142400736, 7.449200127292153, 'NONE', 'NONE', 'NONE', 0
'BWD_TP_COMM_INTRA', 'Comm', 9596.755142400736, 9596.769458968389, 0.014316567653333332, 51539607552.0, 'ALLREDUCE', 'TP', 'INTRA', 2
'BWD_MHA', 'Compute', 9596.769458968389, 9609.707850983994, 12.93839201560506, 'NONE', 'NONE', 'NONE', 0
'BWD_TP_COMM_INTRA', 'Comm', 9609.707850983994, 9609.722167551647, 0.014316567653333332, 51539607552.0, 'ALLREDUCE', 'TP', 'INTRA', 2
'BWD_FFN', 'Compute', 9609.722167551647, 9617.171367678939, 7.449200127292153, 'NONE', 'NONE', 'NONE', 0
'BWD_TP_COMM_INTRA', 'Comm', 9617.171367678939, 9617.185684246591, 0.014316567653333332, 51539607552.0, 'ALLREDUCE', 'TP', 'INTRA', 2
'BWD_MHA', 'Compute', 9617.185684246591, 9630.124076262196, 12.93839201560506, 'NONE', 'NONE', 'NONE', 0
'BWD_TP_COMM_INTRA', 'Comm', 9630.124076262196, 9630.13839282985, 0.014316567653333332, 51539607552.0, 'ALLREDUCE', 'TP', 'INTRA', 2
'BWD_FFN', 'Compute', 9630.13839282985, 9637.587592957141, 7.449200127292153, 'NONE', 'NONE', 'NONE', 0
'BWD_TP_COMM_INTRA', 'Comm', 9637.587592957141, 9637.601909524794, 0.014316567653333332, 51539607552.0, 'ALLREDUCE', 'TP', 'INTRA', 2
'BWD_MHA', 'Compute', 9637.601909524794, 9650.540301540399, 12.93839201560506, 'NONE', 'NONE', 'NONE', 0
'BWD_TP_COMM_INTRA', 'Comm', 9650.540301540399, 9650.554618108052, 0.014316567653333332, 51539607552.0, 'ALLREDUCE', 'TP', 'INTRA', 2
'BWD_FFN', 'Compute', 9650.554618108052, 9658.003818235344, 7.449200127292153, 'NONE', 'NONE', 'NONE', 0
'BWD_TP_COMM_INTRA', 'Comm', 9658.003818235344, 9658.018134802996, 0.014316567653333332, 51539607552.0, 'ALLREDUCE', 'TP', 'INTRA', 2
'BWD_MHA', 'Compute', 9658.018134802996, 9670.956526818602, 12.93839201560506, 'NONE', 'NONE', 'NONE', 0
'BWD_TP_COMM_INTRA', 'Comm', 9670.956526818602, 9670.970843386254, 0.014316567653333332, 51539607552.0, 'ALLREDUCE', 'TP', 'INTRA', 2
'BWD_FFN', 'Compute', 9670.970843386254, 9678.420043513546, 7.449200127292153, 'NONE', 'NONE', 'NONE', 0
'BWD_TP_COMM_INTRA', 'Comm', 9678.420043513546, 9678.434360081199, 0.014316567653333332, 51539607552.0, 'ALLREDUCE', 'TP', 'INTRA', 2
'BWD_MHA', 'Compute', 9678.434360081199, 9691.372752096804, 12.93839201560506, 'NONE', 'NONE', 'NONE', 0
'BWD_TP_COMM_INTRA', 'Comm', 9691.372752096804, 9691.387068664457, 0.014316567653333332, 51539607552.0, 'ALLREDUCE', 'TP', 'INTRA', 2
'BWD_FFN', 'Compute', 9691.387068664457, 9698.836268791749, 7.449200127292153, 'NONE', 'NONE', 'NONE', 0
'BWD_TP_COMM_INTRA', 'Comm', 9698.836268791749, 9698.850585359402, 0.014316567653333332, 51539607552.0, 'ALLREDUCE', 'TP', 'INTRA', 2
'BWD_MHA', 'Compute', 9698.850585359402, 9711.788977375007, 12.93839201560506, 'NONE', 'NONE', 'NONE', 0
'BWD_TP_COMM_INTRA', 'Comm', 9711.788977375007, 9711.80329394266, 0.014316567653333332, 51539607552.0, 'ALLREDUCE', 'TP', 'INTRA', 2
'BWD_FFN', 'Compute', 9711.80329394266, 9719.252494069951, 7.449200127292153, 'NONE', 'NONE', 'NONE', 0
'BWD_TP_COMM_INTRA', 'Comm', 9719.252494069951, 9719.266810637604, 0.014316567653333332, 51539607552.0, 'ALLREDUCE', 'TP', 'INTRA', 2
'BWD_MHA', 'Compute', 9719.266810637604, 9732.20520265321, 12.93839201560506, 'NONE', 'NONE', 'NONE', 0
'BWD_TP_COMM_INTRA', 'Comm', 9732.20520265321, 9732.219519220862, 0.014316567653333332, 51539607552.0, 'ALLREDUCE', 'TP', 'INTRA', 2
'BWD_FFN', 'Compute', 9732.219519220862, 9739.668719348154, 7.449200127292153, 'NONE', 'NONE', 'NONE', 0
'BWD_TP_COMM_INTRA', 'Comm', 9739.668719348154, 9739.683035915807, 0.014316567653333332, 51539607552.0, 'ALLREDUCE', 'TP', 'INTRA', 2
'BWD_MHA', 'Compute', 9739.683035915807, 9752.621427931412, 12.93839201560506, 'NONE', 'NONE', 'NONE', 0
'BWD_TP_COMM_INTRA', 'Comm', 9752.621427931412, 9752.635744499064, 0.014316567653333332, 51539607552.0, 'ALLREDUCE', 'TP', 'INTRA', 2
'BWD_FFN', 'Compute', 9752.635744499064, 9760.084944626356, 7.449200127292153, 'NONE', 'NONE', 'NONE', 0
'BWD_TP_COMM_INTRA', 'Comm', 9760.084944626356, 9760.09926119401, 0.014316567653333332, 51539607552.0, 'ALLREDUCE', 'TP', 'INTRA', 2
'BWD_MHA', 'Compute', 9760.09926119401, 9773.037653209614, 12.93839201560506, 'NONE', 'NONE', 'NONE', 0
'BWD_TP_COMM_INTRA', 'Comm', 9773.037653209614, 9773.051969777267, 0.014316567653333332, 51539607552.0, 'ALLREDUCE', 'TP', 'INTRA', 2
'BWD_FFN', 'Compute', 9773.051969777267, 9780.501169904559, 7.449200127292153, 'NONE', 'NONE', 'NONE', 0
'BWD_TP_COMM_INTRA', 'Comm', 9780.501169904559, 9780.515486472212, 0.014316567653333332, 51539607552.0, 'ALLREDUCE', 'TP', 'INTRA', 2
'BWD_MHA', 'Compute', 9780.515486472212, 9793.453878487817, 12.93839201560506, 'NONE', 'NONE', 'NONE', 0
'BWD_TP_COMM_INTRA', 'Comm', 9793.453878487817, 9793.46819505547, 0.014316567653333332, 51539607552.0, 'ALLREDUCE', 'TP', 'INTRA', 2
'BWD_FFN', 'Compute', 9793.46819505547, 9800.917395182762, 7.449200127292153, 'NONE', 'NONE', 'NONE', 0
'BWD_TP_COMM_INTRA', 'Comm', 9800.917395182762, 9800.931711750414, 0.014316567653333332, 51539607552.0, 'ALLREDUCE', 'TP', 'INTRA', 2
'BWD_MHA', 'Compute', 9800.931711750414, 9813.87010376602, 12.93839201560506, 'NONE', 'NONE', 'NONE', 0
'BWD_TP_COMM_INTRA', 'Comm', 9813.87010376602, 9813.884420333672, 0.014316567653333332, 51539607552.0, 'ALLREDUCE', 'TP', 'INTRA', 2
'BWD_FFN', 'Compute', 9813.884420333672, 9821.333620460964, 7.449200127292153, 'NONE', 'NONE', 'NONE', 0
'BWD_TP_COMM_INTRA', 'Comm', 9821.333620460964, 9821.347937028617, 0.014316567653333332, 51539607552.0, 'ALLREDUCE', 'TP', 'INTRA', 2
'BWD_MHA', 'Compute', 9821.347937028617, 9834.286329044222, 12.93839201560506, 'NONE', 'NONE', 'NONE', 0
'BWD_TP_COMM_INTRA', 'Comm', 9834.286329044222, 9834.300645611875, 0.014316567653333332, 51539607552.0, 'ALLREDUCE', 'TP', 'INTRA', 2
'BWD_FFN', 'Compute', 9834.300645611875, 9841.749845739167, 7.449200127292153, 'NONE', 'NONE', 'NONE', 0
'BWD_TP_COMM_INTRA', 'Comm', 9841.749845739167, 9841.76416230682, 0.014316567653333332, 51539607552.0, 'ALLREDUCE', 'TP', 'INTRA', 2
'BWD_MHA', 'Compute', 9841.76416230682, 9854.702554322424, 12.93839201560506, 'NONE', 'NONE', 'NONE', 0
'BWD_TP_COMM_INTRA', 'Comm', 9854.702554322424, 9854.716870890077, 0.014316567653333332, 51539607552.0, 'ALLREDUCE', 'TP', 'INTRA', 2
'BWD_FFN', 'Compute', 9854.716870890077, 9862.16607101737, 7.449200127292153, 'NONE', 'NONE', 'NONE', 0
'BWD_TP_COMM_INTRA', 'Comm', 9862.16607101737, 9862.180387585022, 0.014316567653333332, 51539607552.0, 'ALLREDUCE', 'TP', 'INTRA', 2
'BWD_MHA', 'Compute', 9862.180387585022, 9875.118779600627, 12.93839201560506, 'NONE', 'NONE', 'NONE', 0
'BWD_TP_COMM_INTRA', 'Comm', 9875.118779600627, 9875.13309616828, 0.014316567653333332, 51539607552.0, 'ALLREDUCE', 'TP', 'INTRA', 2
'BWD_FFN', 'Compute', 9875.13309616828, 9882.582296295572, 7.449200127292153, 'NONE', 'NONE', 'NONE', 0
'BWD_TP_COMM_INTRA', 'Comm', 9882.582296295572, 9882.596612863224, 0.014316567653333332, 51539607552.0, 'ALLREDUCE', 'TP', 'INTRA', 2
'BWD_MHA', 'Compute', 9882.596612863224, 9895.53500487883, 12.93839201560506, 'NONE', 'NONE', 'NONE', 0
'BWD_TP_COMM_INTRA', 'Comm', 9895.53500487883, 9895.549321446482, 0.014316567653333332, 51539607552.0, 'ALLREDUCE', 'TP', 'INTRA', 2
'BWD_FFN', 'Compute', 9895.549321446482, 9902.998521573774, 7.449200127292153, 'NONE', 'NONE', 'NONE', 0
'BWD_TP_COMM_INTRA', 'Comm', 9902.998521573774, 9903.012838141427, 0.014316567653333332, 51539607552.0, 'ALLREDUCE', 'TP', 'INTRA', 2
'BWD_MHA', 'Compute', 9903.012838141427, 9915.951230157032, 12.93839201560506, 'NONE', 'NONE', 'NONE', 0
'BWD_TP_COMM_INTRA', 'Comm', 9915.951230157032, 9915.965546724685, 0.014316567653333332, 51539607552.0, 'ALLREDUCE', 'TP', 'INTRA', 2
'BWD_FFN', 'Compute', 9915.965546724685, 9923.414746851977, 7.449200127292153, 'NONE', 'NONE', 'NONE', 0
'BWD_TP_COMM_INTRA', 'Comm', 9923.414746851977, 9923.42906341963, 0.014316567653333332, 51539607552.0, 'ALLREDUCE', 'TP', 'INTRA', 2
'BWD_MHA', 'Compute', 9923.42906341963, 9936.367455435235, 12.93839201560506, 'NONE', 'NONE', 'NONE', 0
'BWD_TP_COMM_INTRA', 'Comm', 9936.367455435235, 9936.381772002887, 0.014316567653333332, 51539607552.0, 'ALLREDUCE', 'TP', 'INTRA', 2
'BWD_FFN', 'Compute', 9936.381772002887, 9943.83097213018, 7.449200127292153, 'NONE', 'NONE', 'NONE', 0
'BWD_TP_COMM_INTRA', 'Comm', 9943.83097213018, 9943.845288697832, 0.014316567653333332, 51539607552.0, 'ALLREDUCE', 'TP', 'INTRA', 2
'BWD_MHA', 'Compute', 9943.845288697832, 9956.783680713437, 12.93839201560506, 'NONE', 'NONE', 'NONE', 0
'BWD_TP_COMM_INTRA', 'Comm', 9956.783680713437, 9956.79799728109, 0.014316567653333332, 51539607552.0, 'ALLREDUCE', 'TP', 'INTRA', 2
'BWD_FFN', 'Compute', 9956.79799728109, 9964.247197408382, 7.449200127292153, 'NONE', 'NONE', 'NONE', 0
'BWD_TP_COMM_INTRA', 'Comm', 9964.247197408382, 9964.261513976035, 0.014316567653333332, 51539607552.0, 'ALLREDUCE', 'TP', 'INTRA', 2
'BWD_MHA', 'Compute', 9964.261513976035, 9977.19990599164, 12.93839201560506, 'NONE', 'NONE', 'NONE', 0
'BWD_TP_COMM_INTRA', 'Comm', 9977.19990599164, 9977.214222559292, 0.014316567653333332, 51539607552.0, 'ALLREDUCE', 'TP', 'INTRA', 2
'BWD_FFN', 'Compute', 9977.214222559292, 9984.663422686584, 7.449200127292153, 'NONE', 'NONE', 'NONE', 0
'BWD_TP_COMM_INTRA', 'Comm', 9984.663422686584, 9984.677739254237, 0.014316567653333332, 51539607552.0, 'ALLREDUCE', 'TP', 'INTRA', 2
'BWD_MHA', 'Compute', 9984.677739254237, 9997.616131269842, 12.93839201560506, 'NONE', 'NONE', 'NONE', 0
'BWD_TP_COMM_INTRA', 'Comm', 9997.616131269842, 9997.630447837495, 0.014316567653333332, 51539607552.0, 'ALLREDUCE', 'TP', 'INTRA', 2
'BWD_FFN', 'Compute', 9997.630447837495, 10005.079647964787, 7.449200127292153, 'NONE', 'NONE', 'NONE', 0
'BWD_TP_COMM_INTRA', 'Comm', 10005.079647964787, 10005.09396453244, 0.014316567653333332, 51539607552.0, 'ALLREDUCE', 'TP', 'INTRA', 2
'BWD_MHA', 'Compute', 10005.09396453244, 10018.032356548045, 12.93839201560506, 'NONE', 'NONE', 'NONE', 0
'BWD_TP_COMM_INTRA', 'Comm', 10018.032356548045, 10018.046673115698, 0.014316567653333332, 51539607552.0, 'ALLREDUCE', 'TP', 'INTRA', 2
'BWD_FFN', 'Compute', 10018.046673115698, 10025.49587324299, 7.449200127292153, 'NONE', 'NONE', 'NONE', 0
'BWD_TP_COMM_INTRA', 'Comm', 10025.49587324299, 10025.510189810642, 0.014316567653333332, 51539607552.0, 'ALLREDUCE', 'TP', 'INTRA', 2
'BWD_MHA', 'Compute', 10025.510189810642, 10038.448581826247, 12.93839201560506, 'NONE', 'NONE', 'NONE', 0
'BWD_TP_COMM_INTRA', 'Comm', 10038.448581826247, 10038.4628983939, 0.014316567653333332, 51539607552.0, 'ALLREDUCE', 'TP', 'INTRA', 2
'BWD_FFN', 'Compute', 10038.4628983939, 10045.912098521192, 7.449200127292153, 'NONE', 'NONE', 'NONE', 0
'BWD_TP_COMM_INTRA', 'Comm', 10045.912098521192, 10045.926415088845, 0.014316567653333332, 51539607552.0, 'ALLREDUCE', 'TP', 'INTRA', 2
'BWD_MHA', 'Compute', 10045.926415088845, 10058.86480710445, 12.93839201560506, 'NONE', 'NONE', 'NONE', 0
'BWD_TP_COMM_INTRA', 'Comm', 10058.86480710445, 10058.879123672103, 0.014316567653333332, 51539607552.0, 'ALLREDUCE', 'TP', 'INTRA', 2
'BWD_FFN', 'Compute', 10058.879123672103, 10066.328323799395, 7.449200127292153, 'NONE', 'NONE', 'NONE', 0
'BWD_TP_COMM_INTRA', 'Comm', 10066.328323799395, 10066.342640367047, 0.014316567653333332, 51539607552.0, 'ALLREDUCE', 'TP', 'INTRA', 2
'BWD_MHA', 'Compute', 10066.342640367047, 10079.281032382652, 12.93839201560506, 'NONE', 'NONE', 'NONE', 0
'BWD_TP_COMM_INTRA', 'Comm', 10079.281032382652, 10079.295348950305, 0.014316567653333332, 51539607552.0, 'ALLREDUCE', 'TP', 'INTRA', 2
'BWD_FFN', 'Compute', 10079.295348950305, 10086.744549077597, 7.449200127292153, 'NONE', 'NONE', 'NONE', 0
'BWD_TP_COMM_INTRA', 'Comm', 10086.744549077597, 10086.75886564525, 0.014316567653333332, 51539607552.0, 'ALLREDUCE', 'TP', 'INTRA', 2
'BWD_MHA', 'Compute', 10086.75886564525, 10099.697257660855, 12.93839201560506, 'NONE', 'NONE', 'NONE', 0
'BWD_TP_COMM_INTRA', 'Comm', 10099.697257660855, 10099.711574228508, 0.014316567653333332, 51539607552.0, 'ALLREDUCE', 'TP', 'INTRA', 2
'BWD_FFN', 'Compute', 10099.711574228508, 10107.1607743558, 7.449200127292153, 'NONE', 'NONE', 'NONE', 0
'BWD_TP_COMM_INTRA', 'Comm', 10107.1607743558, 10107.175090923452, 0.014316567653333332, 51539607552.0, 'ALLREDUCE', 'TP', 'INTRA', 2
'BWD_MHA', 'Compute', 10107.175090923452, 10120.113482939058, 12.93839201560506, 'NONE', 'NONE', 'NONE', 0
'BWD_TP_COMM_INTRA', 'Comm', 10120.113482939058, 10120.12779950671, 0.014316567653333332, 51539607552.0, 'ALLREDUCE', 'TP', 'INTRA', 2
'BWD_FFN', 'Compute', 10120.12779950671, 10127.576999634002, 7.449200127292153, 'NONE', 'NONE', 'NONE', 0
'BWD_TP_COMM_INTRA', 'Comm', 10127.576999634002, 10127.591316201655, 0.014316567653333332, 51539607552.0, 'ALLREDUCE', 'TP', 'INTRA', 2
'BWD_MHA', 'Compute', 10127.591316201655, 10140.52970821726, 12.93839201560506, 'NONE', 'NONE', 'NONE', 0
'BWD_TP_COMM_INTRA', 'Comm', 10140.52970821726, 10140.544024784913, 0.014316567653333332, 51539607552.0, 'ALLREDUCE', 'TP', 'INTRA', 2
'BWD_FFN', 'Compute', 10140.544024784913, 10147.993224912205, 7.449200127292153, 'NONE', 'NONE', 'NONE', 0
'BWD_TP_COMM_INTRA', 'Comm', 10147.993224912205, 10148.007541479858, 0.014316567653333332, 51539607552.0, 'ALLREDUCE', 'TP', 'INTRA', 2
'BWD_MHA', 'Compute', 10148.007541479858, 10160.945933495463, 12.93839201560506, 'NONE', 'NONE', 'NONE', 0
'BWD_TP_COMM_INTRA', 'Comm', 10160.945933495463, 10160.960250063115, 0.014316567653333332, 51539607552.0, 'ALLREDUCE', 'TP', 'INTRA', 2
'BWD_FFN', 'Compute', 10160.960250063115, 10168.409450190407, 7.449200127292153, 'NONE', 'NONE', 'NONE', 0
'BWD_TP_COMM_INTRA', 'Comm', 10168.409450190407, 10168.42376675806, 0.014316567653333332, 51539607552.0, 'ALLREDUCE', 'TP', 'INTRA', 2
'BWD_MHA', 'Compute', 10168.42376675806, 10181.362158773665, 12.93839201560506, 'NONE', 'NONE', 'NONE', 0
'BWD_TP_COMM_INTRA', 'Comm', 10181.362158773665, 10181.376475341318, 0.014316567653333332, 51539607552.0, 'ALLREDUCE', 'TP', 'INTRA', 2
'BWD_FFN', 'Compute', 10181.376475341318, 10188.82567546861, 7.449200127292153, 'NONE', 'NONE', 'NONE', 0
'BWD_TP_COMM_INTRA', 'Comm', 10188.82567546861, 10188.839992036263, 0.014316567653333332, 51539607552.0, 'ALLREDUCE', 'TP', 'INTRA', 2
'BWD_MHA', 'Compute', 10188.839992036263, 10201.778384051868, 12.93839201560506, 'NONE', 'NONE', 'NONE', 0
'BWD_TP_COMM_INTRA', 'Comm', 10201.778384051868, 10201.79270061952, 0.014316567653333332, 51539607552.0, 'ALLREDUCE', 'TP', 'INTRA', 2
'BWD_FFN', 'Compute', 10201.79270061952, 10209.241900746812, 7.449200127292153, 'NONE', 'NONE', 'NONE', 0
'BWD_TP_COMM_INTRA', 'Comm', 10209.241900746812, 10209.256217314465, 0.014316567653333332, 51539607552.0, 'ALLREDUCE', 'TP', 'INTRA', 2
'BWD_MHA', 'Compute', 10209.256217314465, 10222.19460933007, 12.93839201560506, 'NONE', 'NONE', 'NONE', 0
'BWD_TP_COMM_INTRA', 'Comm', 10222.19460933007, 10222.208925897723, 0.014316567653333332, 51539607552.0, 'ALLREDUCE', 'TP', 'INTRA', 2
'BWD_FFN', 'Compute', 10222.208925897723, 10229.658126025015, 7.449200127292153, 'NONE', 'NONE', 'NONE', 0
'BWD_TP_COMM_INTRA', 'Comm', 10229.658126025015, 10229.672442592668, 0.014316567653333332, 51539607552.0, 'ALLREDUCE', 'TP', 'INTRA', 2
'BWD_MHA', 'Compute', 10229.672442592668, 10242.610834608273, 12.93839201560506, 'NONE', 'NONE', 'NONE', 0
'BWD_TP_COMM_INTRA', 'Comm', 10242.610834608273, 10242.625151175926, 0.014316567653333332, 51539607552.0, 'ALLREDUCE', 'TP', 'INTRA', 2
'BWD_FFN', 'Compute', 10242.625151175926, 10250.074351303218, 7.449200127292153, 'NONE', 'NONE', 'NONE', 0
'BWD_TP_COMM_INTRA', 'Comm', 10250.074351303218, 10250.08866787087, 0.014316567653333332, 51539607552.0, 'ALLREDUCE', 'TP', 'INTRA', 2
'BWD_MHA', 'Compute', 10250.08866787087, 10263.027059886475, 12.93839201560506, 'NONE', 'NONE', 'NONE', 0
'BWD_TP_COMM_INTRA', 'Comm', 10263.027059886475, 10263.041376454128, 0.014316567653333332, 51539607552.0, 'ALLREDUCE', 'TP', 'INTRA', 2
'BWD_FFN', 'Compute', 10263.041376454128, 10270.49057658142, 7.449200127292153, 'NONE', 'NONE', 'NONE', 0
'BWD_TP_COMM_INTRA', 'Comm', 10270.49057658142, 10270.504893149073, 0.014316567653333332, 51539607552.0, 'ALLREDUCE', 'TP', 'INTRA', 2
'BWD_MHA', 'Compute', 10270.504893149073, 10283.443285164678, 12.93839201560506, 'NONE', 'NONE', 'NONE', 0
'BWD_TP_COMM_INTRA', 'Comm', 10283.443285164678, 10283.45760173233, 0.014316567653333332, 51539607552.0, 'ALLREDUCE', 'TP', 'INTRA', 2
'BWD_FFN', 'Compute', 10283.45760173233, 10290.906801859623, 7.449200127292153, 'NONE', 'NONE', 'NONE', 0
'BWD_TP_COMM_INTRA', 'Comm', 10290.906801859623, 10290.921118427275, 0.014316567653333332, 51539607552.0, 'ALLREDUCE', 'TP', 'INTRA', 2
'BWD_MHA', 'Compute', 10290.921118427275, 10303.85951044288, 12.93839201560506, 'NONE', 'NONE', 'NONE', 0
'BWD_TP_COMM_INTRA', 'Comm', 10303.85951044288, 10303.873827010533, 0.014316567653333332, 51539607552.0, 'ALLREDUCE', 'TP', 'INTRA', 2
'BWD_FFN', 'Compute', 10303.873827010533, 10311.323027137825, 7.449200127292153, 'NONE', 'NONE', 'NONE', 0
'BWD_TP_COMM_INTRA', 'Comm', 10311.323027137825, 10311.337343705478, 0.014316567653333332, 51539607552.0, 'ALLREDUCE', 'TP', 'INTRA', 2
'BWD_MHA', 'Compute', 10311.337343705478, 10324.275735721083, 12.93839201560506, 'NONE', 'NONE', 'NONE', 0
'BWD_TP_COMM_INTRA', 'Comm', 10324.275735721083, 10324.290052288736, 0.014316567653333332, 51539607552.0, 'ALLREDUCE', 'TP', 'INTRA', 2
'BWD_FFN', 'Compute', 10324.290052288736, 10331.739252416028, 7.449200127292153, 'NONE', 'NONE', 'NONE', 0
'BWD_TP_COMM_INTRA', 'Comm', 10331.739252416028, 10331.75356898368, 0.014316567653333332, 51539607552.0, 'ALLREDUCE', 'TP', 'INTRA', 2
'BWD_MHA', 'Compute', 10331.75356898368, 10344.691960999286, 12.93839201560506, 'NONE', 'NONE', 'NONE', 0
'BWD_TP_COMM_INTRA', 'Comm', 10344.691960999286, 10344.706277566938, 0.014316567653333332, 51539607552.0, 'ALLREDUCE', 'TP', 'INTRA', 2
'BWD_FFN', 'Compute', 10344.706277566938, 10352.15547769423, 7.449200127292153, 'NONE', 'NONE', 'NONE', 0
'BWD_TP_COMM_INTRA', 'Comm', 10352.15547769423, 10352.169794261883, 0.014316567653333332, 51539607552.0, 'ALLREDUCE', 'TP', 'INTRA', 2
'BWD_MHA', 'Compute', 10352.169794261883, 10365.108186277488, 12.93839201560506, 'NONE', 'NONE', 'NONE', 0
'BWD_TP_COMM_INTRA', 'Comm', 10365.108186277488, 10365.12250284514, 0.014316567653333332, 51539607552.0, 'ALLREDUCE', 'TP', 'INTRA', 2
'BWD_FFN', 'Compute', 10365.12250284514, 10372.571702972433, 7.449200127292153, 'NONE', 'NONE', 'NONE', 0
'BWD_TP_COMM_INTRA', 'Comm', 10372.571702972433, 10372.586019540086, 0.014316567653333332, 51539607552.0, 'ALLREDUCE', 'TP', 'INTRA', 2
'BWD_PP_COMM_INTRA', 'Comm', 10372.586019540086, 10372.586168670998, 0.00014913091305555554, 51539607552.0, 'P2P', 'PP', 'INTRA', 2
'BWD_MHA', 'Compute', 10372.586168670998, 10385.524560686603, 12.93839201560506, 'NONE', 'NONE', 'NONE', 0
'BWD_TP_COMM_INTRA', 'Comm', 10385.524560686603, 10385.538877254256, 0.014316567653333332, 51539607552.0, 'ALLREDUCE', 'TP', 'INTRA', 2
'BWD_FFN', 'Compute', 10385.538877254256, 10392.988077381548, 7.449200127292153, 'NONE', 'NONE', 'NONE', 0
'BWD_TP_COMM_INTRA', 'Comm', 10392.988077381548, 10393.0023939492, 0.014316567653333332, 51539607552.0, 'ALLREDUCE', 'TP', 'INTRA', 2
'BWD_MHA', 'Compute', 10393.0023939492, 10405.940785964805, 12.93839201560506, 'NONE', 'NONE', 'NONE', 0
'BWD_TP_COMM_INTRA', 'Comm', 10405.940785964805, 10405.955102532458, 0.014316567653333332, 51539607552.0, 'ALLREDUCE', 'TP', 'INTRA', 2
'BWD_FFN', 'Compute', 10405.955102532458, 10413.40430265975, 7.449200127292153, 'NONE', 'NONE', 'NONE', 0
'BWD_TP_COMM_INTRA', 'Comm', 10413.40430265975, 10413.418619227403, 0.014316567653333332, 51539607552.0, 'ALLREDUCE', 'TP', 'INTRA', 2
'BWD_MHA', 'Compute', 10413.418619227403, 10426.357011243008, 12.93839201560506, 'NONE', 'NONE', 'NONE', 0
'BWD_TP_COMM_INTRA', 'Comm', 10426.357011243008, 10426.37132781066, 0.014316567653333332, 51539607552.0, 'ALLREDUCE', 'TP', 'INTRA', 2
'BWD_FFN', 'Compute', 10426.37132781066, 10433.820527937953, 7.449200127292153, 'NONE', 'NONE', 'NONE', 0
'BWD_TP_COMM_INTRA', 'Comm', 10433.820527937953, 10433.834844505605, 0.014316567653333332, 51539607552.0, 'ALLREDUCE', 'TP', 'INTRA', 2
'BWD_MHA', 'Compute', 10433.834844505605, 10446.77323652121, 12.93839201560506, 'NONE', 'NONE', 'NONE', 0
'BWD_TP_COMM_INTRA', 'Comm', 10446.77323652121, 10446.787553088863, 0.014316567653333332, 51539607552.0, 'ALLREDUCE', 'TP', 'INTRA', 2
'BWD_FFN', 'Compute', 10446.787553088863, 10454.236753216155, 7.449200127292153, 'NONE', 'NONE', 'NONE', 0
'BWD_TP_COMM_INTRA', 'Comm', 10454.236753216155, 10454.251069783808, 0.014316567653333332, 51539607552.0, 'ALLREDUCE', 'TP', 'INTRA', 2
'BWD_MHA', 'Compute', 10454.251069783808, 10467.189461799413, 12.93839201560506, 'NONE', 'NONE', 'NONE', 0
'BWD_TP_COMM_INTRA', 'Comm', 10467.189461799413, 10467.203778367066, 0.014316567653333332, 51539607552.0, 'ALLREDUCE', 'TP', 'INTRA', 2
'BWD_FFN', 'Compute', 10467.203778367066, 10474.652978494358, 7.449200127292153, 'NONE', 'NONE', 'NONE', 0
'BWD_TP_COMM_INTRA', 'Comm', 10474.652978494358, 10474.66729506201, 0.014316567653333332, 51539607552.0, 'ALLREDUCE', 'TP', 'INTRA', 2
'BWD_MHA', 'Compute', 10474.66729506201, 10487.605687077616, 12.93839201560506, 'NONE', 'NONE', 'NONE', 0
'BWD_TP_COMM_INTRA', 'Comm', 10487.605687077616, 10487.620003645268, 0.014316567653333332, 51539607552.0, 'ALLREDUCE', 'TP', 'INTRA', 2
'BWD_FFN', 'Compute', 10487.620003645268, 10495.06920377256, 7.449200127292153, 'NONE', 'NONE', 'NONE', 0
'BWD_TP_COMM_INTRA', 'Comm', 10495.06920377256, 10495.083520340213, 0.014316567653333332, 51539607552.0, 'ALLREDUCE', 'TP', 'INTRA', 2
'BWD_MHA', 'Compute', 10495.083520340213, 10508.021912355818, 12.93839201560506, 'NONE', 'NONE', 'NONE', 0
'BWD_TP_COMM_INTRA', 'Comm', 10508.021912355818, 10508.03622892347, 0.014316567653333332, 51539607552.0, 'ALLREDUCE', 'TP', 'INTRA', 2
'BWD_FFN', 'Compute', 10508.03622892347, 10515.485429050763, 7.449200127292153, 'NONE', 'NONE', 'NONE', 0
'BWD_TP_COMM_INTRA', 'Comm', 10515.485429050763, 10515.499745618416, 0.014316567653333332, 51539607552.0, 'ALLREDUCE', 'TP', 'INTRA', 2
'BWD_MHA', 'Compute', 10515.499745618416, 10528.43813763402, 12.93839201560506, 'NONE', 'NONE', 'NONE', 0
'BWD_TP_COMM_INTRA', 'Comm', 10528.43813763402, 10528.452454201673, 0.014316567653333332, 51539607552.0, 'ALLREDUCE', 'TP', 'INTRA', 2
'BWD_FFN', 'Compute', 10528.452454201673, 10535.901654328965, 7.449200127292153, 'NONE', 'NONE', 'NONE', 0
'BWD_TP_COMM_INTRA', 'Comm', 10535.901654328965, 10535.915970896618, 0.014316567653333332, 51539607552.0, 'ALLREDUCE', 'TP', 'INTRA', 2
'BWD_MHA', 'Compute', 10535.915970896618, 10548.854362912223, 12.93839201560506, 'NONE', 'NONE', 'NONE', 0
'BWD_TP_COMM_INTRA', 'Comm', 10548.854362912223, 10548.868679479876, 0.014316567653333332, 51539607552.0, 'ALLREDUCE', 'TP', 'INTRA', 2
'BWD_FFN', 'Compute', 10548.868679479876, 10556.317879607168, 7.449200127292153, 'NONE', 'NONE', 'NONE', 0
'BWD_TP_COMM_INTRA', 'Comm', 10556.317879607168, 10556.33219617482, 0.014316567653333332, 51539607552.0, 'ALLREDUCE', 'TP', 'INTRA', 2
'BWD_MHA', 'Compute', 10556.33219617482, 10569.270588190426, 12.93839201560506, 'NONE', 'NONE', 'NONE', 0
'BWD_TP_COMM_INTRA', 'Comm', 10569.270588190426, 10569.284904758078, 0.014316567653333332, 51539607552.0, 'ALLREDUCE', 'TP', 'INTRA', 2
'BWD_FFN', 'Compute', 10569.284904758078, 10576.73410488537, 7.449200127292153, 'NONE', 'NONE', 'NONE', 0
'BWD_TP_COMM_INTRA', 'Comm', 10576.73410488537, 10576.748421453023, 0.014316567653333332, 51539607552.0, 'ALLREDUCE', 'TP', 'INTRA', 2
'BWD_MHA', 'Compute', 10576.748421453023, 10589.686813468628, 12.93839201560506, 'NONE', 'NONE', 'NONE', 0
'BWD_TP_COMM_INTRA', 'Comm', 10589.686813468628, 10589.701130036281, 0.014316567653333332, 51539607552.0, 'ALLREDUCE', 'TP', 'INTRA', 2
'BWD_FFN', 'Compute', 10589.701130036281, 10597.150330163573, 7.449200127292153, 'NONE', 'NONE', 'NONE', 0
'BWD_TP_COMM_INTRA', 'Comm', 10597.150330163573, 10597.164646731226, 0.014316567653333332, 51539607552.0, 'ALLREDUCE', 'TP', 'INTRA', 2
'BWD_MHA', 'Compute', 10597.164646731226, 10610.10303874683, 12.93839201560506, 'NONE', 'NONE', 'NONE', 0
'BWD_TP_COMM_INTRA', 'Comm', 10610.10303874683, 10610.117355314484, 0.014316567653333332, 51539607552.0, 'ALLREDUCE', 'TP', 'INTRA', 2
'BWD_FFN', 'Compute', 10610.117355314484, 10617.566555441776, 7.449200127292153, 'NONE', 'NONE', 'NONE', 0
'BWD_TP_COMM_INTRA', 'Comm', 10617.566555441776, 10617.580872009428, 0.014316567653333332, 51539607552.0, 'ALLREDUCE', 'TP', 'INTRA', 2
'BWD_MHA', 'Compute', 10617.580872009428, 10630.519264025033, 12.93839201560506, 'NONE', 'NONE', 'NONE', 0
'BWD_TP_COMM_INTRA', 'Comm', 10630.519264025033, 10630.533580592686, 0.014316567653333332, 51539607552.0, 'ALLREDUCE', 'TP', 'INTRA', 2
'BWD_FFN', 'Compute', 10630.533580592686, 10637.982780719978, 7.449200127292153, 'NONE', 'NONE', 'NONE', 0
'BWD_TP_COMM_INTRA', 'Comm', 10637.982780719978, 10637.99709728763, 0.014316567653333332, 51539607552.0, 'ALLREDUCE', 'TP', 'INTRA', 2
'BWD_MHA', 'Compute', 10637.99709728763, 10650.935489303236, 12.93839201560506, 'NONE', 'NONE', 'NONE', 0
'BWD_TP_COMM_INTRA', 'Comm', 10650.935489303236, 10650.949805870889, 0.014316567653333332, 51539607552.0, 'ALLREDUCE', 'TP', 'INTRA', 2
'BWD_FFN', 'Compute', 10650.949805870889, 10658.39900599818, 7.449200127292153, 'NONE', 'NONE', 'NONE', 0
'BWD_TP_COMM_INTRA', 'Comm', 10658.39900599818, 10658.413322565833, 0.014316567653333332, 51539607552.0, 'ALLREDUCE', 'TP', 'INTRA', 2
'BWD_MHA', 'Compute', 10658.413322565833, 10671.351714581439, 12.93839201560506, 'NONE', 'NONE', 'NONE', 0
'BWD_TP_COMM_INTRA', 'Comm', 10671.351714581439, 10671.366031149091, 0.014316567653333332, 51539607552.0, 'ALLREDUCE', 'TP', 'INTRA', 2
'BWD_FFN', 'Compute', 10671.366031149091, 10678.815231276383, 7.449200127292153, 'NONE', 'NONE', 'NONE', 0
'BWD_TP_COMM_INTRA', 'Comm', 10678.815231276383, 10678.829547844036, 0.014316567653333332, 51539607552.0, 'ALLREDUCE', 'TP', 'INTRA', 2
'BWD_MHA', 'Compute', 10678.829547844036, 10691.767939859641, 12.93839201560506, 'NONE', 'NONE', 'NONE', 0
'BWD_TP_COMM_INTRA', 'Comm', 10691.767939859641, 10691.782256427294, 0.014316567653333332, 51539607552.0, 'ALLREDUCE', 'TP', 'INTRA', 2
'BWD_FFN', 'Compute', 10691.782256427294, 10699.231456554586, 7.449200127292153, 'NONE', 'NONE', 'NONE', 0
'BWD_TP_COMM_INTRA', 'Comm', 10699.231456554586, 10699.245773122238, 0.014316567653333332, 51539607552.0, 'ALLREDUCE', 'TP', 'INTRA', 2
'BWD_MHA', 'Compute', 10699.245773122238, 10712.184165137844, 12.93839201560506, 'NONE', 'NONE', 'NONE', 0
'BWD_TP_COMM_INTRA', 'Comm', 10712.184165137844, 10712.198481705496, 0.014316567653333332, 51539607552.0, 'ALLREDUCE', 'TP', 'INTRA', 2
'BWD_FFN', 'Compute', 10712.198481705496, 10719.647681832788, 7.449200127292153, 'NONE', 'NONE', 'NONE', 0
'BWD_TP_COMM_INTRA', 'Comm', 10719.647681832788, 10719.661998400441, 0.014316567653333332, 51539607552.0, 'ALLREDUCE', 'TP', 'INTRA', 2
'BWD_MHA', 'Compute', 10719.661998400441, 10732.600390416046, 12.93839201560506, 'NONE', 'NONE', 'NONE', 0
'BWD_TP_COMM_INTRA', 'Comm', 10732.600390416046, 10732.614706983699, 0.014316567653333332, 51539607552.0, 'ALLREDUCE', 'TP', 'INTRA', 2
'BWD_FFN', 'Compute', 10732.614706983699, 10740.06390711099, 7.449200127292153, 'NONE', 'NONE', 'NONE', 0
'BWD_TP_COMM_INTRA', 'Comm', 10740.06390711099, 10740.078223678644, 0.014316567653333332, 51539607552.0, 'ALLREDUCE', 'TP', 'INTRA', 2
'BWD_MHA', 'Compute', 10740.078223678644, 10753.016615694249, 12.93839201560506, 'NONE', 'NONE', 'NONE', 0
'BWD_TP_COMM_INTRA', 'Comm', 10753.016615694249, 10753.030932261901, 0.014316567653333332, 51539607552.0, 'ALLREDUCE', 'TP', 'INTRA', 2
'BWD_FFN', 'Compute', 10753.030932261901, 10760.480132389193, 7.449200127292153, 'NONE', 'NONE', 'NONE', 0
'BWD_TP_COMM_INTRA', 'Comm', 10760.480132389193, 10760.494448956846, 0.014316567653333332, 51539607552.0, 'ALLREDUCE', 'TP', 'INTRA', 2
'BWD_MHA', 'Compute', 10760.494448956846, 10773.432840972451, 12.93839201560506, 'NONE', 'NONE', 'NONE', 0
'BWD_TP_COMM_INTRA', 'Comm', 10773.432840972451, 10773.447157540104, 0.014316567653333332, 51539607552.0, 'ALLREDUCE', 'TP', 'INTRA', 2
'BWD_FFN', 'Compute', 10773.447157540104, 10780.896357667396, 7.449200127292153, 'NONE', 'NONE', 'NONE', 0
'BWD_TP_COMM_INTRA', 'Comm', 10780.896357667396, 10780.910674235049, 0.014316567653333332, 51539607552.0, 'ALLREDUCE', 'TP', 'INTRA', 2
'BWD_MHA', 'Compute', 10780.910674235049, 10793.849066250654, 12.93839201560506, 'NONE', 'NONE', 'NONE', 0
'BWD_TP_COMM_INTRA', 'Comm', 10793.849066250654, 10793.863382818306, 0.014316567653333332, 51539607552.0, 'ALLREDUCE', 'TP', 'INTRA', 2
'BWD_FFN', 'Compute', 10793.863382818306, 10801.312582945598, 7.449200127292153, 'NONE', 'NONE', 'NONE', 0
'BWD_TP_COMM_INTRA', 'Comm', 10801.312582945598, 10801.326899513251, 0.014316567653333332, 51539607552.0, 'ALLREDUCE', 'TP', 'INTRA', 2
'BWD_MHA', 'Compute', 10801.326899513251, 10814.265291528856, 12.93839201560506, 'NONE', 'NONE', 'NONE', 0
'BWD_TP_COMM_INTRA', 'Comm', 10814.265291528856, 10814.279608096509, 0.014316567653333332, 51539607552.0, 'ALLREDUCE', 'TP', 'INTRA', 2
'BWD_FFN', 'Compute', 10814.279608096509, 10821.728808223801, 7.449200127292153, 'NONE', 'NONE', 'NONE', 0
'BWD_TP_COMM_INTRA', 'Comm', 10821.728808223801, 10821.743124791454, 0.014316567653333332, 51539607552.0, 'ALLREDUCE', 'TP', 'INTRA', 2
'BWD_MHA', 'Compute', 10821.743124791454, 10834.681516807059, 12.93839201560506, 'NONE', 'NONE', 'NONE', 0
'BWD_TP_COMM_INTRA', 'Comm', 10834.681516807059, 10834.695833374712, 0.014316567653333332, 51539607552.0, 'ALLREDUCE', 'TP', 'INTRA', 2
'BWD_FFN', 'Compute', 10834.695833374712, 10842.145033502004, 7.449200127292153, 'NONE', 'NONE', 'NONE', 0
'BWD_TP_COMM_INTRA', 'Comm', 10842.145033502004, 10842.159350069656, 0.014316567653333332, 51539607552.0, 'ALLREDUCE', 'TP', 'INTRA', 2
'BWD_MHA', 'Compute', 10842.159350069656, 10855.097742085261, 12.93839201560506, 'NONE', 'NONE', 'NONE', 0
'BWD_TP_COMM_INTRA', 'Comm', 10855.097742085261, 10855.112058652914, 0.014316567653333332, 51539607552.0, 'ALLREDUCE', 'TP', 'INTRA', 2
'BWD_FFN', 'Compute', 10855.112058652914, 10862.561258780206, 7.449200127292153, 'NONE', 'NONE', 'NONE', 0
'BWD_TP_COMM_INTRA', 'Comm', 10862.561258780206, 10862.575575347859, 0.014316567653333332, 51539607552.0, 'ALLREDUCE', 'TP', 'INTRA', 2
'BWD_MHA', 'Compute', 10862.575575347859, 10875.513967363464, 12.93839201560506, 'NONE', 'NONE', 'NONE', 0
'BWD_TP_COMM_INTRA', 'Comm', 10875.513967363464, 10875.528283931117, 0.014316567653333332, 51539607552.0, 'ALLREDUCE', 'TP', 'INTRA', 2
'BWD_FFN', 'Compute', 10875.528283931117, 10882.977484058409, 7.449200127292153, 'NONE', 'NONE', 'NONE', 0
'BWD_TP_COMM_INTRA', 'Comm', 10882.977484058409, 10882.991800626061, 0.014316567653333332, 51539607552.0, 'ALLREDUCE', 'TP', 'INTRA', 2
'BWD_MHA', 'Compute', 10882.991800626061, 10895.930192641667, 12.93839201560506, 'NONE', 'NONE', 'NONE', 0
'BWD_TP_COMM_INTRA', 'Comm', 10895.930192641667, 10895.94450920932, 0.014316567653333332, 51539607552.0, 'ALLREDUCE', 'TP', 'INTRA', 2
'BWD_FFN', 'Compute', 10895.94450920932, 10903.393709336611, 7.449200127292153, 'NONE', 'NONE', 'NONE', 0
'BWD_TP_COMM_INTRA', 'Comm', 10903.393709336611, 10903.408025904264, 0.014316567653333332, 51539607552.0, 'ALLREDUCE', 'TP', 'INTRA', 2
'BWD_MHA', 'Compute', 10903.408025904264, 10916.346417919869, 12.93839201560506, 'NONE', 'NONE', 'NONE', 0
'BWD_TP_COMM_INTRA', 'Comm', 10916.346417919869, 10916.360734487522, 0.014316567653333332, 51539607552.0, 'ALLREDUCE', 'TP', 'INTRA', 2
'BWD_FFN', 'Compute', 10916.360734487522, 10923.809934614814, 7.449200127292153, 'NONE', 'NONE', 'NONE', 0
'BWD_TP_COMM_INTRA', 'Comm', 10923.809934614814, 10923.824251182466, 0.014316567653333332, 51539607552.0, 'ALLREDUCE', 'TP', 'INTRA', 2
'BWD_MHA', 'Compute', 10923.824251182466, 10936.762643198072, 12.93839201560506, 'NONE', 'NONE', 'NONE', 0
'BWD_TP_COMM_INTRA', 'Comm', 10936.762643198072, 10936.776959765724, 0.014316567653333332, 51539607552.0, 'ALLREDUCE', 'TP', 'INTRA', 2
'BWD_FFN', 'Compute', 10936.776959765724, 10944.226159893016, 7.449200127292153, 'NONE', 'NONE', 'NONE', 0
'BWD_TP_COMM_INTRA', 'Comm', 10944.226159893016, 10944.240476460669, 0.014316567653333332, 51539607552.0, 'ALLREDUCE', 'TP', 'INTRA', 2
'BWD_MHA', 'Compute', 10944.240476460669, 10957.178868476274, 12.93839201560506, 'NONE', 'NONE', 'NONE', 0
'BWD_TP_COMM_INTRA', 'Comm', 10957.178868476274, 10957.193185043927, 0.014316567653333332, 51539607552.0, 'ALLREDUCE', 'TP', 'INTRA', 2
'BWD_FFN', 'Compute', 10957.193185043927, 10964.642385171219, 7.449200127292153, 'NONE', 'NONE', 'NONE', 0
'BWD_TP_COMM_INTRA', 'Comm', 10964.642385171219, 10964.656701738872, 0.014316567653333332, 51539607552.0, 'ALLREDUCE', 'TP', 'INTRA', 2
'BWD_MHA', 'Compute', 10964.656701738872, 10977.595093754477, 12.93839201560506, 'NONE', 'NONE', 'NONE', 0
'BWD_TP_COMM_INTRA', 'Comm', 10977.595093754477, 10977.60941032213, 0.014316567653333332, 51539607552.0, 'ALLREDUCE', 'TP', 'INTRA', 2
'BWD_FFN', 'Compute', 10977.60941032213, 10985.058610449421, 7.449200127292153, 'NONE', 'NONE', 'NONE', 0
'BWD_TP_COMM_INTRA', 'Comm', 10985.058610449421, 10985.072927017074, 0.014316567653333332, 51539607552.0, 'ALLREDUCE', 'TP', 'INTRA', 2
'BWD_MHA', 'Compute', 10985.072927017074, 10998.01131903268, 12.93839201560506, 'NONE', 'NONE', 'NONE', 0
'BWD_TP_COMM_INTRA', 'Comm', 10998.01131903268, 10998.025635600332, 0.014316567653333332, 51539607552.0, 'ALLREDUCE', 'TP', 'INTRA', 2
'BWD_FFN', 'Compute', 10998.025635600332, 11005.474835727624, 7.449200127292153, 'NONE', 'NONE', 'NONE', 0
'BWD_TP_COMM_INTRA', 'Comm', 11005.474835727624, 11005.489152295277, 0.014316567653333332, 51539607552.0, 'ALLREDUCE', 'TP', 'INTRA', 2
'BWD_MHA', 'Compute', 11005.489152295277, 11018.427544310882, 12.93839201560506, 'NONE', 'NONE', 'NONE', 0
'BWD_TP_COMM_INTRA', 'Comm', 11018.427544310882, 11018.441860878534, 0.014316567653333332, 51539607552.0, 'ALLREDUCE', 'TP', 'INTRA', 2
'BWD_FFN', 'Compute', 11018.441860878534, 11025.891061005826, 7.449200127292153, 'NONE', 'NONE', 'NONE', 0
'BWD_TP_COMM_INTRA', 'Comm', 11025.891061005826, 11025.90537757348, 0.014316567653333332, 51539607552.0, 'ALLREDUCE', 'TP', 'INTRA', 2
'BWD_MHA', 'Compute', 11025.90537757348, 11038.843769589084, 12.93839201560506, 'NONE', 'NONE', 'NONE', 0
'BWD_TP_COMM_INTRA', 'Comm', 11038.843769589084, 11038.858086156737, 0.014316567653333332, 51539607552.0, 'ALLREDUCE', 'TP', 'INTRA', 2
'BWD_FFN', 'Compute', 11038.858086156737, 11046.307286284029, 7.449200127292153, 'NONE', 'NONE', 'NONE', 0
'BWD_TP_COMM_INTRA', 'Comm', 11046.307286284029, 11046.321602851682, 0.014316567653333332, 51539607552.0, 'ALLREDUCE', 'TP', 'INTRA', 2
'BWD_MHA', 'Compute', 11046.321602851682, 11059.259994867287, 12.93839201560506, 'NONE', 'NONE', 'NONE', 0
'BWD_TP_COMM_INTRA', 'Comm', 11059.259994867287, 11059.27431143494, 0.014316567653333332, 51539607552.0, 'ALLREDUCE', 'TP', 'INTRA', 2
'BWD_FFN', 'Compute', 11059.27431143494, 11066.723511562232, 7.449200127292153, 'NONE', 'NONE', 'NONE', 0
'BWD_TP_COMM_INTRA', 'Comm', 11066.723511562232, 11066.737828129884, 0.014316567653333332, 51539607552.0, 'ALLREDUCE', 'TP', 'INTRA', 2
'BWD_MHA', 'Compute', 11066.737828129884, 11079.67622014549, 12.93839201560506, 'NONE', 'NONE', 'NONE', 0
'BWD_TP_COMM_INTRA', 'Comm', 11079.67622014549, 11079.690536713142, 0.014316567653333332, 51539607552.0, 'ALLREDUCE', 'TP', 'INTRA', 2
'BWD_FFN', 'Compute', 11079.690536713142, 11087.139736840434, 7.449200127292153, 'NONE', 'NONE', 'NONE', 0
'BWD_TP_COMM_INTRA', 'Comm', 11087.139736840434, 11087.154053408087, 0.014316567653333332, 51539607552.0, 'ALLREDUCE', 'TP', 'INTRA', 2
'BWD_MHA', 'Compute', 11087.154053408087, 11100.092445423692, 12.93839201560506, 'NONE', 'NONE', 'NONE', 0
'BWD_TP_COMM_INTRA', 'Comm', 11100.092445423692, 11100.106761991345, 0.014316567653333332, 51539607552.0, 'ALLREDUCE', 'TP', 'INTRA', 2
'BWD_FFN', 'Compute', 11100.106761991345, 11107.555962118637, 7.449200127292153, 'NONE', 'NONE', 'NONE', 0
'BWD_TP_COMM_INTRA', 'Comm', 11107.555962118637, 11107.57027868629, 0.014316567653333332, 51539607552.0, 'ALLREDUCE', 'TP', 'INTRA', 2
'BWD_MHA', 'Compute', 11107.57027868629, 11120.508670701895, 12.93839201560506, 'NONE', 'NONE', 'NONE', 0
'BWD_TP_COMM_INTRA', 'Comm', 11120.508670701895, 11120.522987269547, 0.014316567653333332, 51539607552.0, 'ALLREDUCE', 'TP', 'INTRA', 2
'BWD_FFN', 'Compute', 11120.522987269547, 11127.97218739684, 7.449200127292153, 'NONE', 'NONE', 'NONE', 0
'BWD_TP_COMM_INTRA', 'Comm', 11127.97218739684, 11127.986503964492, 0.014316567653333332, 51539607552.0, 'ALLREDUCE', 'TP', 'INTRA', 2
'BWD_MHA', 'Compute', 11127.986503964492, 11140.924895980097, 12.93839201560506, 'NONE', 'NONE', 'NONE', 0
'BWD_TP_COMM_INTRA', 'Comm', 11140.924895980097, 11140.93921254775, 0.014316567653333332, 51539607552.0, 'ALLREDUCE', 'TP', 'INTRA', 2
'BWD_FFN', 'Compute', 11140.93921254775, 11148.388412675042, 7.449200127292153, 'NONE', 'NONE', 'NONE', 0
'BWD_TP_COMM_INTRA', 'Comm', 11148.388412675042, 11148.402729242694, 0.014316567653333332, 51539607552.0, 'ALLREDUCE', 'TP', 'INTRA', 2
'BWD_MHA', 'Compute', 11148.402729242694, 11161.3411212583, 12.93839201560506, 'NONE', 'NONE', 'NONE', 0
'BWD_TP_COMM_INTRA', 'Comm', 11161.3411212583, 11161.355437825952, 0.014316567653333332, 51539607552.0, 'ALLREDUCE', 'TP', 'INTRA', 2
'BWD_FFN', 'Compute', 11161.355437825952, 11168.804637953244, 7.449200127292153, 'NONE', 'NONE', 'NONE', 0
'BWD_TP_COMM_INTRA', 'Comm', 11168.804637953244, 11168.818954520897, 0.014316567653333332, 51539607552.0, 'ALLREDUCE', 'TP', 'INTRA', 2
'BWD_MHA', 'Compute', 11168.818954520897, 11181.757346536502, 12.93839201560506, 'NONE', 'NONE', 'NONE', 0
'BWD_TP_COMM_INTRA', 'Comm', 11181.757346536502, 11181.771663104155, 0.014316567653333332, 51539607552.0, 'ALLREDUCE', 'TP', 'INTRA', 2
'BWD_FFN', 'Compute', 11181.771663104155, 11189.220863231447, 7.449200127292153, 'NONE', 'NONE', 'NONE', 0
'BWD_TP_COMM_INTRA', 'Comm', 11189.220863231447, 11189.2351797991, 0.014316567653333332, 51539607552.0, 'ALLREDUCE', 'TP', 'INTRA', 2
'BWD_MHA', 'Compute', 11189.2351797991, 11202.173571814705, 12.93839201560506, 'NONE', 'NONE', 'NONE', 0
'BWD_TP_COMM_INTRA', 'Comm', 11202.173571814705, 11202.187888382357, 0.014316567653333332, 51539607552.0, 'ALLREDUCE', 'TP', 'INTRA', 2
'BWD_FFN', 'Compute', 11202.187888382357, 11209.63708850965, 7.449200127292153, 'NONE', 'NONE', 'NONE', 0
'BWD_TP_COMM_INTRA', 'Comm', 11209.63708850965, 11209.651405077302, 0.014316567653333332, 51539607552.0, 'ALLREDUCE', 'TP', 'INTRA', 2
'BWD_MHA', 'Compute', 11209.651405077302, 11222.589797092907, 12.93839201560506, 'NONE', 'NONE', 'NONE', 0
'BWD_TP_COMM_INTRA', 'Comm', 11222.589797092907, 11222.60411366056, 0.014316567653333332, 51539607552.0, 'ALLREDUCE', 'TP', 'INTRA', 2
'BWD_FFN', 'Compute', 11222.60411366056, 11230.053313787852, 7.449200127292153, 'NONE', 'NONE', 'NONE', 0
'BWD_TP_COMM_INTRA', 'Comm', 11230.053313787852, 11230.067630355505, 0.014316567653333332, 51539607552.0, 'ALLREDUCE', 'TP', 'INTRA', 2
'BWD_MHA', 'Compute', 11230.067630355505, 11243.00602237111, 12.93839201560506, 'NONE', 'NONE', 'NONE', 0
'BWD_TP_COMM_INTRA', 'Comm', 11243.00602237111, 11243.020338938763, 0.014316567653333332, 51539607552.0, 'ALLREDUCE', 'TP', 'INTRA', 2
'BWD_FFN', 'Compute', 11243.020338938763, 11250.469539066054, 7.449200127292153, 'NONE', 'NONE', 'NONE', 0
'BWD_TP_COMM_INTRA', 'Comm', 11250.469539066054, 11250.483855633707, 0.014316567653333332, 51539607552.0, 'ALLREDUCE', 'TP', 'INTRA', 2
'BWD_MHA', 'Compute', 11250.483855633707, 11263.422247649312, 12.93839201560506, 'NONE', 'NONE', 'NONE', 0
'BWD_TP_COMM_INTRA', 'Comm', 11263.422247649312, 11263.436564216965, 0.014316567653333332, 51539607552.0, 'ALLREDUCE', 'TP', 'INTRA', 2
'BWD_FFN', 'Compute', 11263.436564216965, 11270.885764344257, 7.449200127292153, 'NONE', 'NONE', 'NONE', 0
'BWD_TP_COMM_INTRA', 'Comm', 11270.885764344257, 11270.90008091191, 0.014316567653333332, 51539607552.0, 'ALLREDUCE', 'TP', 'INTRA', 2
'BWD_MHA', 'Compute', 11270.90008091191, 11283.838472927515, 12.93839201560506, 'NONE', 'NONE', 'NONE', 0
'BWD_TP_COMM_INTRA', 'Comm', 11283.838472927515, 11283.852789495168, 0.014316567653333332, 51539607552.0, 'ALLREDUCE', 'TP', 'INTRA', 2
'BWD_FFN', 'Compute', 11283.852789495168, 11291.30198962246, 7.449200127292153, 'NONE', 'NONE', 'NONE', 0
'BWD_TP_COMM_INTRA', 'Comm', 11291.30198962246, 11291.316306190112, 0.014316567653333332, 51539607552.0, 'ALLREDUCE', 'TP', 'INTRA', 2
'BWD_MHA', 'Compute', 11291.316306190112, 11304.254698205717, 12.93839201560506, 'NONE', 'NONE', 'NONE', 0
'BWD_TP_COMM_INTRA', 'Comm', 11304.254698205717, 11304.26901477337, 0.014316567653333332, 51539607552.0, 'ALLREDUCE', 'TP', 'INTRA', 2
'BWD_FFN', 'Compute', 11304.26901477337, 11311.718214900662, 7.449200127292153, 'NONE', 'NONE', 'NONE', 0
'BWD_TP_COMM_INTRA', 'Comm', 11311.718214900662, 11311.732531468315, 0.014316567653333332, 51539607552.0, 'ALLREDUCE', 'TP', 'INTRA', 2
'BWD_MHA', 'Compute', 11311.732531468315, 11324.67092348392, 12.93839201560506, 'NONE', 'NONE', 'NONE', 0
'BWD_TP_COMM_INTRA', 'Comm', 11324.67092348392, 11324.685240051573, 0.014316567653333332, 51539607552.0, 'ALLREDUCE', 'TP', 'INTRA', 2
'BWD_FFN', 'Compute', 11324.685240051573, 11332.134440178865, 7.449200127292153, 'NONE', 'NONE', 'NONE', 0
'BWD_TP_COMM_INTRA', 'Comm', 11332.134440178865, 11332.148756746517, 0.014316567653333332, 51539607552.0, 'ALLREDUCE', 'TP', 'INTRA', 2
'BWD_MHA', 'Compute', 11332.148756746517, 11345.087148762123, 12.93839201560506, 'NONE', 'NONE', 'NONE', 0
'BWD_TP_COMM_INTRA', 'Comm', 11345.087148762123, 11345.101465329775, 0.014316567653333332, 51539607552.0, 'ALLREDUCE', 'TP', 'INTRA', 2
'BWD_FFN', 'Compute', 11345.101465329775, 11352.550665457067, 7.449200127292153, 'NONE', 'NONE', 'NONE', 0
'BWD_TP_COMM_INTRA', 'Comm', 11352.550665457067, 11352.56498202472, 0.014316567653333332, 51539607552.0, 'ALLREDUCE', 'TP', 'INTRA', 2
'BWD_PP_COMM_INTRA', 'Comm', 11352.56498202472, 11352.565131155632, 0.00014913091305555554, 51539607552.0, 'P2P', 'PP', 'INTRA', 2
'BWD_DP_COMM_INTRA', 'Comm', 11352.565131155632, 11352.58937679398, 0.024245638346666668, 87284226048.0, 'ALLREDUCE', 'DP', 'INTRA', 2
'FWD_DP_COMM_INTRA_ZERO', 'Comm', 11352.58937679398, 11352.618009929287, 0.028633135306666665, 25861992903.11111, 'ALLREDUCE', 'DP', 'INTRA', 2
'Weight_update', 'Compute', 11352.618009929287, 11389.20843235121, 36.59042242192299, 'NONE', 'NONE', 'NONE', 0
'Weight_update', 'Compute', 11389.20843235121, 11425.798854773133, 36.59042242192299, 'NONE', 'NONE', 'NONE', 0
'Weight_update', 'Compute', 11425.798854773133, 11462.389277195056, 36.59042242192299, 'NONE', 'NONE', 'NONE', 0
'Weight_update', 'Compute', 11462.389277195056, 11498.979699616979, 36.59042242192299, 'NONE', 'NONE', 'NONE', 0
'Weight_update', 'Compute', 11498.979699616979, 11535.570122038902, 36.59042242192299, 'NONE', 'NONE', 'NONE', 0
'Weight_update', 'Compute', 11535.570122038902, 11572.160544460825, 36.59042242192299, 'NONE', 'NONE', 'NONE', 0
'Weight_update', 'Compute', 11572.160544460825, 11608.750966882748, 36.59042242192299, 'NONE', 'NONE', 'NONE', 0
'Weight_update', 'Compute', 11608.750966882748, 11645.34138930467, 36.59042242192299, 'NONE', 'NONE', 'NONE', 0
'Weight_update', 'Compute', 11645.34138930467, 11681.931811726594, 36.59042242192299, 'NONE', 'NONE', 'NONE', 0
'Weight_update', 'Compute', 11681.931811726594, 11718.522234148517, 36.59042242192299, 'NONE', 'NONE', 'NONE', 0
'Weight_update', 'Compute', 11718.522234148517, 11755.11265657044, 36.59042242192299, 'NONE', 'NONE', 'NONE', 0
'Weight_update', 'Compute', 11755.11265657044, 11791.703078992363, 36.59042242192299, 'NONE', 'NONE', 'NONE', 0
'Weight_update', 'Compute', 11791.703078992363, 11828.293501414286, 36.59042242192299, 'NONE', 'NONE', 'NONE', 0
'Weight_update', 'Compute', 11828.293501414286, 11864.883923836209, 36.59042242192299, 'NONE', 'NONE', 'NONE', 0
'Weight_update', 'Compute', 11864.883923836209, 11901.474346258132, 36.59042242192299, 'NONE', 'NONE', 'NONE', 0
'Weight_update', 'Compute', 11901.474346258132, 11938.064768680055, 36.59042242192299, 'NONE', 'NONE', 'NONE', 0
'Weight_update', 'Compute', 11938.064768680055, 11974.655191101978, 36.59042242192299, 'NONE', 'NONE', 'NONE', 0
'Weight_update', 'Compute', 11974.655191101978, 12011.2456135239, 36.59042242192299, 'NONE', 'NONE', 'NONE', 0
'Weight_update', 'Compute', 12011.2456135239, 12047.836035945824, 36.59042242192299, 'NONE', 'NONE', 'NONE', 0
'Weight_update', 'Compute', 12047.836035945824, 12084.426458367747, 36.59042242192299, 'NONE', 'NONE', 'NONE', 0
'Weight_update', 'Compute', 12084.426458367747, 12121.01688078967, 36.59042242192299, 'NONE', 'NONE', 'NONE', 0
'Weight_update', 'Compute', 12121.01688078967, 12157.607303211593, 36.59042242192299, 'NONE', 'NONE', 'NONE', 0
'Weight_update', 'Compute', 12157.607303211593, 12194.197725633516, 36.59042242192299, 'NONE', 'NONE', 'NONE', 0
'Weight_update', 'Compute', 12194.197725633516, 12230.788148055439, 36.59042242192299, 'NONE', 'NONE', 'NONE', 0
'Weight_update', 'Compute', 12230.788148055439, 12267.378570477362, 36.59042242192299, 'NONE', 'NONE', 'NONE', 0
'Weight_update', 'Compute', 12267.378570477362, 12303.968992899285, 36.59042242192299, 'NONE', 'NONE', 'NONE', 0
'Weight_update', 'Compute', 12303.968992899285, 12340.559415321208, 36.59042242192299, 'NONE', 'NONE', 'NONE', 0
'Weight_update', 'Compute', 12340.559415321208, 12377.14983774313, 36.59042242192299, 'NONE', 'NONE', 'NONE', 0
'Weight_update', 'Compute', 12377.14983774313, 12413.740260165054, 36.59042242192299, 'NONE', 'NONE', 'NONE', 0
'Weight_update', 'Compute', 12413.740260165054, 12450.330682586977, 36.59042242192299, 'NONE', 'NONE', 'NONE', 0
'Weight_update', 'Compute', 12450.330682586977, 12486.9211050089, 36.59042242192299, 'NONE', 'NONE', 'NONE', 0
'Weight_update', 'Compute', 12486.9211050089, 12523.511527430823, 36.59042242192299, 'NONE', 'NONE', 'NONE', 0
'Weight_update', 'Compute', 12523.511527430823, 12560.101949852746, 36.59042242192299, 'NONE', 'NONE', 'NONE', 0
'Weight_update', 'Compute', 12560.101949852746, 12596.692372274669, 36.59042242192299, 'NONE', 'NONE', 'NONE', 0
'Weight_update', 'Compute', 12596.692372274669, 12633.282794696592, 36.59042242192299, 'NONE', 'NONE', 'NONE', 0
'Weight_update', 'Compute', 12633.282794696592, 12669.873217118515, 36.59042242192299, 'NONE', 'NONE', 'NONE', 0
'Weight_update', 'Compute', 12669.873217118515, 12706.463639540438, 36.59042242192299, 'NONE', 'NONE', 'NONE', 0
'Weight_update', 'Compute', 12706.463639540438, 12743.05406196236, 36.59042242192299, 'NONE', 'NONE', 'NONE', 0
'Weight_update', 'Compute', 12743.05406196236, 12779.644484384284, 36.59042242192299, 'NONE', 'NONE', 'NONE', 0
'Weight_update', 'Compute', 12779.644484384284, 12816.234906806207, 36.59042242192299, 'NONE', 'NONE', 'NONE', 0
'Weight_update', 'Compute', 12816.234906806207, 12852.82532922813, 36.59042242192299, 'NONE', 'NONE', 'NONE', 0
'Weight_update', 'Compute', 12852.82532922813, 12889.415751650053, 36.59042242192299, 'NONE', 'NONE', 'NONE', 0
'Weight_update', 'Compute', 12889.415751650053, 12926.006174071976, 36.59042242192299, 'NONE', 'NONE', 'NONE', 0
'Weight_update', 'Compute', 12926.006174071976, 12962.596596493899, 36.59042242192299, 'NONE', 'NONE', 'NONE', 0
'Weight_update', 'Compute', 12962.596596493899, 12999.187018915822, 36.59042242192299, 'NONE', 'NONE', 'NONE', 0
'Weight_update', 'Compute', 12999.187018915822, 13035.777441337745, 36.59042242192299, 'NONE', 'NONE', 'NONE', 0
'Weight_update', 'Compute', 13035.777441337745, 13072.367863759668, 36.59042242192299, 'NONE', 'NONE', 'NONE', 0
'Weight_update', 'Compute', 13072.367863759668, 13108.95828618159, 36.59042242192299, 'NONE', 'NONE', 'NONE', 0
'Weight_update', 'Compute', 13108.95828618159, 13145.548708603514, 36.59042242192299, 'NONE', 'NONE', 'NONE', 0
'Weight_update', 'Compute', 13145.548708603514, 13182.139131025437, 36.59042242192299, 'NONE', 'NONE', 'NONE', 0
'Weight_update', 'Compute', 13182.139131025437, 13218.72955344736, 36.59042242192299, 'NONE', 'NONE', 'NONE', 0
'Weight_update', 'Compute', 13218.72955344736, 13255.319975869283, 36.59042242192299, 'NONE', 'NONE', 'NONE', 0
'Weight_update', 'Compute', 13255.319975869283, 13291.910398291206, 36.59042242192299, 'NONE', 'NONE', 'NONE', 0
'Weight_update', 'Compute', 13291.910398291206, 13328.500820713129, 36.59042242192299, 'NONE', 'NONE', 'NONE', 0
'Weight_update', 'Compute', 13328.500820713129, 13365.091243135052, 36.59042242192299, 'NONE', 'NONE', 'NONE', 0
'Weight_update', 'Compute', 13365.091243135052, 13401.681665556975, 36.59042242192299, 'NONE', 'NONE', 'NONE', 0
'Weight_update', 'Compute', 13401.681665556975, 13438.272087978898, 36.59042242192299, 'NONE', 'NONE', 'NONE', 0
'Weight_update', 'Compute', 13438.272087978898, 13474.86251040082, 36.59042242192299, 'NONE', 'NONE', 'NONE', 0
'Weight_update', 'Compute', 13474.86251040082, 13511.452932822744, 36.59042242192299, 'NONE', 'NONE', 'NONE', 0
'Weight_update', 'Compute', 13511.452932822744, 13548.043355244667, 36.59042242192299, 'NONE', 'NONE', 'NONE', 0
'Weight_update', 'Compute', 13548.043355244667, 13584.63377766659, 36.59042242192299, 'NONE', 'NONE', 'NONE', 0
'Weight_update', 'Compute', 13584.63377766659, 13621.224200088513, 36.59042242192299, 'NONE', 'NONE', 'NONE', 0
'Weight_update', 'Compute', 13621.224200088513, 13657.814622510436, 36.59042242192299, 'NONE', 'NONE', 'NONE', 0
'Weight_update', 'Compute', 13657.814622510436, 13694.405044932359, 36.59042242192299, 'NONE', 'NONE', 'NONE', 0
'Weight_update', 'Compute', 13694.405044932359, 13730.995467354282, 36.59042242192299, 'NONE', 'NONE', 'NONE', 0
'Weight_update', 'Compute', 13730.995467354282, 13767.585889776205, 36.59042242192299, 'NONE', 'NONE', 'NONE', 0
'Weight_update', 'Compute', 13767.585889776205, 13804.176312198128, 36.59042242192299, 'NONE', 'NONE', 'NONE', 0
'Weight_update', 'Compute', 13804.176312198128, 13840.76673462005, 36.59042242192299, 'NONE', 'NONE', 'NONE', 0
'Weight_update', 'Compute', 13840.76673462005, 13877.357157041974, 36.59042242192299, 'NONE', 'NONE', 'NONE', 0
'Weight_update', 'Compute', 13877.357157041974, 13913.947579463897, 36.59042242192299, 'NONE', 'NONE', 'NONE', 0
'Weight_update', 'Compute', 13913.947579463897, 13950.53800188582, 36.59042242192299, 'NONE', 'NONE', 'NONE', 0
'Weight_update', 'Compute', 13950.53800188582, 13987.128424307743, 36.59042242192299, 'NONE', 'NONE', 'NONE', 0
'Weight_update', 'Compute', 13987.128424307743, 14023.718846729666, 36.59042242192299, 'NONE', 'NONE', 'NONE', 0
'Weight_update', 'Compute', 14023.718846729666, 14060.309269151589, 36.59042242192299, 'NONE', 'NONE', 'NONE', 0
'Weight_update', 'Compute', 14060.309269151589, 14096.899691573512, 36.59042242192299, 'NONE', 'NONE', 'NONE', 0
'Weight_update', 'Compute', 14096.899691573512, 14133.490113995435, 36.59042242192299, 'NONE', 'NONE', 'NONE', 0
'Weight_update', 'Compute', 14133.490113995435, 14170.080536417358, 36.59042242192299, 'NONE', 'NONE', 'NONE', 0
'Weight_update', 'Compute', 14170.080536417358, 14206.67095883928, 36.59042242192299, 'NONE', 'NONE', 'NONE', 0
'Weight_update', 'Compute', 14206.67095883928, 14243.261381261203, 36.59042242192299, 'NONE', 'NONE', 'NONE', 0
'Weight_update', 'Compute', 14243.261381261203, 14279.851803683126, 36.59042242192299, 'NONE', 'NONE', 'NONE', 0
'Weight_update', 'Compute', 14279.851803683126, 14316.44222610505, 36.59042242192299, 'NONE', 'NONE', 'NONE', 0
'Weight_update', 'Compute', 14316.44222610505, 14353.032648526972, 36.59042242192299, 'NONE', 'NONE', 'NONE', 0
'Weight_update', 'Compute', 14353.032648526972, 14389.623070948895, 36.59042242192299, 'NONE', 'NONE', 'NONE', 0
'Weight_update', 'Compute', 14389.623070948895, 14426.213493370818, 36.59042242192299, 'NONE', 'NONE', 'NONE', 0
'Weight_update', 'Compute', 14426.213493370818, 14462.803915792741, 36.59042242192299, 'NONE', 'NONE', 'NONE', 0
'Weight_update', 'Compute', 14462.803915792741, 14499.394338214664, 36.59042242192299, 'NONE', 'NONE', 'NONE', 0
'Weight_update', 'Compute', 14499.394338214664, 14535.984760636587, 36.59042242192299, 'NONE', 'NONE', 'NONE', 0
'Weight_update', 'Compute', 14535.984760636587, 14572.57518305851, 36.59042242192299, 'NONE', 'NONE', 'NONE', 0
'Weight_update', 'Compute', 14572.57518305851, 14609.165605480433, 36.59042242192299, 'NONE', 'NONE', 'NONE', 0
'Weight_update', 'Compute', 14609.165605480433, 14645.756027902356, 36.59042242192299, 'NONE', 'NONE', 'NONE', 0
'Weight_update', 'Compute', 14645.756027902356, 14682.34645032428, 36.59042242192299, 'NONE', 'NONE', 'NONE', 0
'Weight_update', 'Compute', 14682.34645032428, 14718.936872746202, 36.59042242192299, 'NONE', 'NONE', 'NONE', 0
'Weight_update', 'Compute', 14718.936872746202, 14755.527295168125, 36.59042242192299, 'NONE', 'NONE', 'NONE', 0
'Weight_update', 'Compute', 14755.527295168125, 14792.117717590048, 36.59042242192299, 'NONE', 'NONE', 'NONE', 0
'Weight_update', 'Compute', 14792.117717590048, 14828.708140011971, 36.59042242192299, 'NONE', 'NONE', 'NONE', 0
'Weight_update', 'Compute', 14828.708140011971, 14865.298562433894, 36.59042242192299, 'NONE', 'NONE', 'NONE', 0
