src,dst,bytes
0,1,2097152
0,2,2097152
0,3,2097152
0,4,2097152
0,5,2097152
0,6,2097152
0,7,2097152
0,8,2097152
0,9,2097152
0,10,2097152
0,11,2097152
0,12,2097152
0,13,2097152
0,14,2097152
0,15,2097152
0,16,2097152
0,17,2097152
0,18,2097152
0,19,2097152
0,20,2097152
0,21,2097152
0,22,2097152
0,23,2097152
0,24,2097152
0,25,2097152
0,26,2097152
0,27,2097152
0,28,2097152
0,29,2097152
0,30,2097152
0,31,2097152
0,32,2097152
0,33,2097152
0,34,2097152
0,35,2097152
0,36,2097152
0,37,2097152
0,38,2097152
0,39,2097152
0,40,2097152
0,41,2097152
0,42,2097152
0,43,2097152
0,44,2097152
0,45,2097152
0,46,2097152
0,47,2097152
0,48,2097152
0,49,2097152
0,50,2097152
0,51,2097152
0,52,2097152
0,53,2097152
0,54,2097152
0,55,2097152
0,56,2097152
0,57,2097152
0,58,2097152
0,59,2097152
0,60,2097152
0,61,2097152
0,62,2097152
0,63,2097152
0,64,2097152
0,65,2097152
0,66,2097152
0,67,2097152
0,68,2097152
0,69,2097152
0,70,2097152
0,71,2097152
0,72,2097152
0,73,2097152
0,74,2097152
0,75,2097152
0,76,2097152
0,77,2097152
0,78,2097152
0,79,2097152
0,80,2097152
0,81,2097152
0,82,2097152
0,83,2097152
0,84,2097152
0,85,2097152
0,86,2097152
0,87,2097152
0,88,2097152
0,89,2097152
0,90,2097152
0,91,2097152
0,92,2097152
0,93,2097152
0,94,2097152
0,95,2097152
0,96,2097152
0,97,2097152
0,98,2097152
0,99,2097152
0,100,2097152
0,101,2097152
0,102,2097152
0,103,2097152
0,104,2097152
0,105,2097152
0,106,2097152
0,107,2097152
0,108,2097152
0,109,2097152
0,110,2097152
0,111,2097152
0,112,2097152
0,113,2097152
0,114,2097152
0,115,2097152
0,116,2097152
0,117,2097152
0,118,2097152
0,119,2097152
0,120,2097152
0,121,2097152
0,122,2097152
0,123,2097152
0,124,2097152
0,125,2097152
0,126,2097152
0,127,2097152
1,0,2097152
1,2,2097152
1,3,2097152
1,4,2097152
1,5,2097152
1,6,2097152
1,7,2097152
1,8,2097152
1,9,2097152
1,10,2097152
1,11,2097152
1,12,2097152
1,13,2097152
1,14,2097152
1,15,2097152
1,16,2097152
1,17,2097152
1,18,2097152
1,19,2097152
1,20,2097152
1,21,2097152
1,22,2097152
1,23,2097152
1,24,2097152
1,25,2097152
1,26,2097152
1,27,2097152
1,28,2097152
1,29,2097152
1,30,2097152
1,31,2097152
1,32,2097152
1,33,2097152
1,34,2097152
1,35,2097152
1,36,2097152
1,37,2097152
1,38,2097152
1,39,2097152
1,40,2097152
1,41,2097152
1,42,2097152
1,43,2097152
1,44,2097152
1,45,2097152
1,46,2097152
1,47,2097152
1,48,2097152
1,49,2097152
1,50,2097152
1,51,2097152
1,52,2097152
1,53,2097152
1,54,2097152
1,55,2097152
1,56,2097152
1,57,2097152
1,58,2097152
1,59,2097152
1,60,2097152
1,61,2097152
1,62,2097152
1,63,2097152
1,64,2097152
1,65,2097152
1,66,2097152
1,67,2097152
1,68,2097152
1,69,2097152
1,70,2097152
1,71,2097152
1,72,2097152
1,73,2097152
1,74,2097152
1,75,2097152
1,76,2097152
1,77,2097152
1,78,2097152
1,79,2097152
1,80,2097152
1,81,2097152
1,82,2097152
1,83,2097152
1,84,2097152
1,85,2097152
1,86,2097152
1,87,2097152
1,88,2097152
1,89,2097152
1,90,2097152
1,91,2097152
1,92,2097152
1,93,2097152
1,94,2097152
1,95,2097152
1,96,2097152
1,97,2097152
1,98,2097152
1,99,2097152
1,100,2097152
1,101,2097152
1,102,2097152
1,103,2097152
1,104,2097152
1,105,2097152
1,106,2097152
1,107,2097152
1,108,2097152
1,109,2097152
1,110,2097152
1,111,2097152
1,112,2097152
1,113,2097152
1,114,2097152
1,115,2097152
1,116,2097152
1,117,2097152
1,118,2097152
1,119,2097152
1,120,2097152
1,121,2097152
1,122,2097152
1,123,2097152
1,124,2097152
1,125,2097152
1,126,2097152
1,127,2097152
2,0,2097152
2,1,2097152
2,3,2097152
2,4,2097152
2,5,2097152
2,6,2097152
2,7,2097152
2,8,2097152
2,9,2097152
2,10,2097152
2,11,2097152
2,12,2097152
2,13,2097152
2,14,2097152
2,15,2097152
2,16,2097152
2,17,2097152
2,18,2097152
2,19,2097152
2,20,2097152
2,21,2097152
2,22,2097152
2,23,2097152
2,24,2097152
2,25,2097152
2,26,2097152
2,27,2097152
2,28,2097152
2,29,2097152
2,30,2097152
2,31,2097152
2,32,2097152
2,33,2097152
2,34,2097152
2,35,2097152
2,36,2097152
2,37,2097152
2,38,2097152
2,39,2097152
2,40,2097152
2,41,2097152
2,42,2097152
2,43,2097152
2,44,2097152
2,45,2097152
2,46,2097152
2,47,2097152
2,48,2097152
2,49,2097152
2,50,2097152
2,51,2097152
2,52,2097152
2,53,2097152
2,54,2097152
2,55,2097152
2,56,2097152
2,57,2097152
2,58,2097152
2,59,2097152
2,60,2097152
2,61,2097152
2,62,2097152
2,63,2097152
2,64,2097152
2,65,2097152
2,66,2097152
2,67,2097152
2,68,2097152
2,69,2097152
2,70,2097152
2,71,2097152
2,72,2097152
2,73,2097152
2,74,2097152
2,75,2097152
2,76,2097152
2,77,2097152
2,78,2097152
2,79,2097152
2,80,2097152
2,81,2097152
2,82,2097152
2,83,2097152
2,84,2097152
2,85,2097152
2,86,2097152
2,87,2097152
2,88,2097152
2,89,2097152
2,90,2097152
2,91,2097152
2,92,2097152
2,93,2097152
2,94,2097152
2,95,2097152
2,96,2097152
2,97,2097152
2,98,2097152
2,99,2097152
2,100,2097152
2,101,2097152
2,102,2097152
2,103,2097152
2,104,2097152
2,105,2097152
2,106,2097152
2,107,2097152
2,108,2097152
2,109,2097152
2,110,2097152
2,111,2097152
2,112,2097152
2,113,2097152
2,114,2097152
2,115,2097152
2,116,2097152
2,117,2097152
2,118,2097152
2,119,2097152
2,120,2097152
2,121,2097152
2,122,2097152
2,123,2097152
2,124,2097152
2,125,2097152
2,126,2097152
2,127,2097152
3,0,2097152
3,1,2097152
3,2,2097152
3,4,2097152
3,5,2097152
3,6,2097152
3,7,2097152
3,8,2097152
3,9,2097152
3,10,2097152
3,11,2097152
3,12,2097152
3,13,2097152
3,14,2097152
3,15,2097152
3,16,2097152
3,17,2097152
3,18,2097152
3,19,2097152
3,20,2097152
3,21,2097152
3,22,2097152
3,23,2097152
3,24,2097152
3,25,2097152
3,26,2097152
3,27,2097152
3,28,2097152
3,29,2097152
3,30,2097152
3,31,2097152
3,32,2097152
3,33,2097152
3,34,2097152
3,35,2097152
3,36,2097152
3,37,2097152
3,38,2097152
3,39,2097152
3,40,2097152
3,41,2097152
3,42,2097152
3,43,2097152
3,44,2097152
3,45,2097152
3,46,2097152
3,47,2097152
3,48,2097152
3,49,2097152
3,50,2097152
3,51,2097152
3,52,2097152
3,53,2097152
3,54,2097152
3,55,2097152
3,56,2097152
3,57,2097152
3,58,2097152
3,59,2097152
3,60,2097152
3,61,2097152
3,62,2097152
3,63,2097152
3,64,2097152
3,65,2097152
3,66,2097152
3,67,2097152
3,68,2097152
3,69,2097152
3,70,2097152
3,71,2097152
3,72,2097152
3,73,2097152
3,74,2097152
3,75,2097152
3,76,2097152
3,77,2097152
3,78,2097152
3,79,2097152
3,80,2097152
3,81,2097152
3,82,2097152
3,83,2097152
3,84,2097152
3,85,2097152
3,86,2097152
3,87,2097152
3,88,2097152
3,89,2097152
3,90,2097152
3,91,2097152
3,92,2097152
3,93,2097152
3,94,2097152
3,95,2097152
3,96,2097152
3,97,2097152
3,98,2097152
3,99,2097152
3,100,2097152
3,101,2097152
3,102,2097152
3,103,2097152
3,104,2097152
3,105,2097152
3,106,2097152
3,107,2097152
3,108,2097152
3,109,2097152
3,110,2097152
3,111,2097152
3,112,2097152
3,113,2097152
3,114,2097152
3,115,2097152
3,116,2097152
3,117,2097152
3,118,2097152
3,119,2097152
3,120,2097152
3,121,2097152
3,122,2097152
3,123,2097152
3,124,2097152
3,125,2097152
3,126,2097152
3,127,2097152
4,0,2097152
4,1,2097152
4,2,2097152
4,3,2097152
4,5,2097152
4,6,2097152
4,7,2097152
4,8,2097152
4,9,2097152
4,10,2097152
4,11,2097152
4,12,2097152
4,13,2097152
4,14,2097152
4,15,2097152
4,16,2097152
4,17,2097152
4,18,2097152
4,19,2097152
4,20,2097152
4,21,2097152
4,22,2097152
4,23,2097152
4,24,2097152
4,25,2097152
4,26,2097152
4,27,2097152
4,28,2097152
4,29,2097152
4,30,2097152
4,31,2097152
4,32,2097152
4,33,2097152
4,34,2097152
4,35,2097152
4,36,2097152
4,37,2097152
4,38,2097152
4,39,2097152
4,40,2097152
4,41,2097152
4,42,2097152
4,43,2097152
4,44,2097152
4,45,2097152
4,46,2097152
4,47,2097152
4,48,2097152
4,49,2097152
4,50,2097152
4,51,2097152
4,52,2097152
4,53,2097152
4,54,2097152
4,55,2097152
4,56,2097152
4,57,2097152
4,58,2097152
4,59,2097152
4,60,2097152
4,61,2097152
4,62,2097152
4,63,2097152
4,64,2097152
4,65,2097152
4,66,2097152
4,67,2097152
4,68,2097152
4,69,2097152
4,70,2097152
4,71,2097152
4,72,2097152
4,73,2097152
4,74,2097152
4,75,2097152
4,76,2097152
4,77,2097152
4,78,2097152
4,79,2097152
4,80,2097152
4,81,2097152
4,82,2097152
4,83,2097152
4,84,2097152
4,85,2097152
4,86,2097152
4,87,2097152
4,88,2097152
4,89,2097152
4,90,2097152
4,91,2097152
4,92,2097152
4,93,2097152
4,94,2097152
4,95,2097152
4,96,2097152
4,97,2097152
4,98,2097152
4,99,2097152
4,100,2097152
4,101,2097152
4,102,2097152
4,103,2097152
4,104,2097152
4,105,2097152
4,106,2097152
4,107,2097152
4,108,2097152
4,109,2097152
4,110,2097152
4,111,2097152
4,112,2097152
4,113,2097152
4,114,2097152
4,115,2097152
4,116,2097152
4,117,2097152
4,118,2097152
4,119,2097152
4,120,2097152
4,121,2097152
4,122,2097152
4,123,2097152
4,124,2097152
4,125,2097152
4,126,2097152
4,127,2097152
5,0,2097152
5,1,2097152
5,2,2097152
5,3,2097152
5,4,2097152
5,6,2097152
5,7,2097152
5,8,2097152
5,9,2097152
5,10,2097152
5,11,2097152
5,12,2097152
5,13,2097152
5,14,2097152
5,15,2097152
5,16,2097152
5,17,2097152
5,18,2097152
5,19,2097152
5,20,2097152
5,21,2097152
5,22,2097152
5,23,2097152
5,24,2097152
5,25,2097152
5,26,2097152
5,27,2097152
5,28,2097152
5,29,2097152
5,30,2097152
5,31,2097152
5,32,2097152
5,33,2097152
5,34,2097152
5,35,2097152
5,36,2097152
5,37,2097152
5,38,2097152
5,39,2097152
5,40,2097152
5,41,2097152
5,42,2097152
5,43,2097152
5,44,2097152
5,45,2097152
5,46,2097152
5,47,2097152
5,48,2097152
5,49,2097152
5,50,2097152
5,51,2097152
5,52,2097152
5,53,2097152
5,54,2097152
5,55,2097152
5,56,2097152
5,57,2097152
5,58,2097152
5,59,2097152
5,60,2097152
5,61,2097152
5,62,2097152
5,63,2097152
5,64,2097152
5,65,2097152
5,66,2097152
5,67,2097152
5,68,2097152
5,69,2097152
5,70,2097152
5,71,2097152
5,72,2097152
5,73,2097152
5,74,2097152
5,75,2097152
5,76,2097152
5,77,2097152
5,78,2097152
5,79,2097152
5,80,2097152
5,81,2097152
5,82,2097152
5,83,2097152
5,84,2097152
5,85,2097152
5,86,2097152
5,87,2097152
5,88,2097152
5,89,2097152
5,90,2097152
5,91,2097152
5,92,2097152
5,93,2097152
5,94,2097152
5,95,2097152
5,96,2097152
5,97,2097152
5,98,2097152
5,99,2097152
5,100,2097152
5,101,2097152
5,102,2097152
5,103,2097152
5,104,2097152
5,105,2097152
5,106,2097152
5,107,2097152
5,108,2097152
5,109,2097152
5,110,2097152
5,111,2097152
5,112,2097152
5,113,2097152
5,114,2097152
5,115,2097152
5,116,2097152
5,117,2097152
5,118,2097152
5,119,2097152
5,120,2097152
5,121,2097152
5,122,2097152
5,123,2097152
5,124,2097152
5,125,2097152
5,126,2097152
5,127,2097152
6,0,2097152
6,1,2097152
6,2,2097152
6,3,2097152
6,4,2097152
6,5,2097152
6,7,2097152
6,8,2097152
6,9,2097152
6,10,2097152
6,11,2097152
6,12,2097152
6,13,2097152
6,14,2097152
6,15,2097152
6,16,2097152
6,17,2097152
6,18,2097152
6,19,2097152
6,20,2097152
6,21,2097152
6,22,2097152
6,23,2097152
6,24,2097152
6,25,2097152
6,26,2097152
6,27,2097152
6,28,2097152
6,29,2097152
6,30,2097152
6,31,2097152
6,32,2097152
6,33,2097152
6,34,2097152
6,35,2097152
6,36,2097152
6,37,2097152
6,38,2097152
6,39,2097152
6,40,2097152
6,41,2097152
6,42,2097152
6,43,2097152
6,44,2097152
6,45,2097152
6,46,2097152
6,47,2097152
6,48,2097152
6,49,2097152
6,50,2097152
6,51,2097152
6,52,2097152
6,53,2097152
6,54,2097152
6,55,2097152
6,56,2097152
6,57,2097152
6,58,2097152
6,59,2097152
6,60,2097152
6,61,2097152
6,62,2097152
6,63,2097152
6,64,2097152
6,65,2097152
6,66,2097152
6,67,2097152
6,68,2097152
6,69,2097152
6,70,2097152
6,71,2097152
6,72,2097152
6,73,2097152
6,74,2097152
6,75,2097152
6,76,2097152
6,77,2097152
6,78,2097152
6,79,2097152
6,80,2097152
6,81,2097152
6,82,2097152
6,83,2097152
6,84,2097152
6,85,2097152
6,86,2097152
6,87,2097152
6,88,2097152
6,89,2097152
6,90,2097152
6,91,2097152
6,92,2097152
6,93,2097152
6,94,2097152
6,95,2097152
6,96,2097152
6,97,2097152
6,98,2097152
6,99,2097152
6,100,2097152
6,101,2097152
6,102,2097152
6,103,2097152
6,104,2097152
6,105,2097152
6,106,2097152
6,107,2097152
6,108,2097152
6,109,2097152
6,110,2097152
6,111,2097152
6,112,2097152
6,113,2097152
6,114,2097152
6,115,2097152
6,116,2097152
6,117,2097152
6,118,2097152
6,119,2097152
6,120,2097152
6,121,2097152
6,122,2097152
6,123,2097152
6,124,2097152
6,125,2097152
6,126,2097152
6,127,2097152
7,0,2097152
7,1,2097152
7,2,2097152
7,3,2097152
7,4,2097152
7,5,2097152
7,6,2097152
7,8,2097152
7,9,2097152
7,10,2097152
7,11,2097152
7,12,2097152
7,13,2097152
7,14,2097152
7,15,2097152
7,16,2097152
7,17,2097152
7,18,2097152
7,19,2097152
7,20,2097152
7,21,2097152
7,22,2097152
7,23,2097152
7,24,2097152
7,25,2097152
7,26,2097152
7,27,2097152
7,28,2097152
7,29,2097152
7,30,2097152
7,31,2097152
7,32,2097152
7,33,2097152
7,34,2097152
7,35,2097152
7,36,2097152
7,37,2097152
7,38,2097152
7,39,2097152
7,40,2097152
7,41,2097152
7,42,2097152
7,43,2097152
7,44,2097152
7,45,2097152
7,46,2097152
7,47,2097152
7,48,2097152
7,49,2097152
7,50,2097152
7,51,2097152
7,52,2097152
7,53,2097152
7,54,2097152
7,55,2097152
7,56,2097152
7,57,2097152
7,58,2097152
7,59,2097152
7,60,2097152
7,61,2097152
7,62,2097152
7,63,2097152
7,64,2097152
7,65,2097152
7,66,2097152
7,67,2097152
7,68,2097152
7,69,2097152
7,70,2097152
7,71,2097152
7,72,2097152
7,73,2097152
7,74,2097152
7,75,2097152
7,76,2097152
7,77,2097152
7,78,2097152
7,79,2097152
7,80,2097152
7,81,2097152
7,82,2097152
7,83,2097152
7,84,2097152
7,85,2097152
7,86,2097152
7,87,2097152
7,88,2097152
7,89,2097152
7,90,2097152
7,91,2097152
7,92,2097152
7,93,2097152
7,94,2097152
7,95,2097152
7,96,2097152
7,97,2097152
7,98,2097152
7,99,2097152
7,100,2097152
7,101,2097152
7,102,2097152
7,103,2097152
7,104,2097152
7,105,2097152
7,106,2097152
7,107,2097152
7,108,2097152
7,109,2097152
7,110,2097152
7,111,2097152
7,112,2097152
7,113,2097152
7,114,2097152
7,115,2097152
7,116,2097152
7,117,2097152
7,118,2097152
7,119,2097152
7,120,2097152
7,121,2097152
7,122,2097152
7,123,2097152
7,124,2097152
7,125,2097152
7,126,2097152
7,127,2097152
8,0,2097152
8,1,2097152
8,2,2097152
8,3,2097152
8,4,2097152
8,5,2097152
8,6,2097152
8,7,2097152
8,9,2097152
8,10,2097152
8,11,2097152
8,12,2097152
8,13,2097152
8,14,2097152
8,15,2097152
8,16,2097152
8,17,2097152
8,18,2097152
8,19,2097152
8,20,2097152
8,21,2097152
8,22,2097152
8,23,2097152
8,24,2097152
8,25,2097152
8,26,2097152
8,27,2097152
8,28,2097152
8,29,2097152
8,30,2097152
8,31,2097152
8,32,2097152
8,33,2097152
8,34,2097152
8,35,2097152
8,36,2097152
8,37,2097152
8,38,2097152
8,39,2097152
8,40,2097152
8,41,2097152
8,42,2097152
8,43,2097152
8,44,2097152
8,45,2097152
8,46,2097152
8,47,2097152
8,48,2097152
8,49,2097152
8,50,2097152
8,51,2097152
8,52,2097152
8,53,2097152
8,54,2097152
8,55,2097152
8,56,2097152
8,57,2097152
8,58,2097152
8,59,2097152
8,60,2097152
8,61,2097152
8,62,2097152
8,63,2097152
8,64,2097152
8,65,2097152
8,66,2097152
8,67,2097152
8,68,2097152
8,69,2097152
8,70,2097152
8,71,2097152
8,72,2097152
8,73,2097152
8,74,2097152
8,75,2097152
8,76,2097152
8,77,2097152
8,78,2097152
8,79,2097152
8,80,2097152
8,81,2097152
8,82,2097152
8,83,2097152
8,84,2097152
8,85,2097152
8,86,2097152
8,87,2097152
8,88,2097152
8,89,2097152
8,90,2097152
8,91,2097152
8,92,2097152
8,93,2097152
8,94,2097152
8,95,2097152
8,96,2097152
8,97,2097152
8,98,2097152
8,99,2097152
8,100,2097152
8,101,2097152
8,102,2097152
8,103,2097152
8,104,2097152
8,105,2097152
8,106,2097152
8,107,2097152
8,108,2097152
8,109,2097152
8,110,2097152
8,111,2097152
8,112,2097152
8,113,2097152
8,114,2097152
8,115,2097152
8,116,2097152
8,117,2097152
8,118,2097152
8,119,2097152
8,120,2097152
8,121,2097152
8,122,2097152
8,123,2097152
8,124,2097152
8,125,2097152
8,126,2097152
8,127,2097152
9,0,2097152
9,1,2097152
9,2,2097152
9,3,2097152
9,4,2097152
9,5,2097152
9,6,2097152
9,7,2097152
9,8,2097152
9,10,2097152
9,11,2097152
9,12,2097152
9,13,2097152
9,14,2097152
9,15,2097152
9,16,2097152
9,17,2097152
9,18,2097152
9,19,2097152
9,20,2097152
9,21,2097152
9,22,2097152
9,23,2097152
9,24,2097152
9,25,2097152
9,26,2097152
9,27,2097152
9,28,2097152
9,29,2097152
9,30,2097152
9,31,2097152
9,32,2097152
9,33,2097152
9,34,2097152
9,35,2097152
9,36,2097152
9,37,2097152
9,38,2097152
9,39,2097152
9,40,2097152
9,41,2097152
9,42,2097152
9,43,2097152
9,44,2097152
9,45,2097152
9,46,2097152
9,47,2097152
9,48,2097152
9,49,2097152
9,50,2097152
9,51,2097152
9,52,2097152
9,53,2097152
9,54,2097152
9,55,2097152
9,56,2097152
9,57,2097152
9,58,2097152
9,59,2097152
9,60,2097152
9,61,2097152
9,62,2097152
9,63,2097152
9,64,2097152
9,65,2097152
9,66,2097152
9,67,2097152
9,68,2097152
9,69,2097152
9,70,2097152
9,71,2097152
9,72,2097152
9,73,2097152
9,74,2097152
9,75,2097152
9,76,2097152
9,77,2097152
9,78,2097152
9,79,2097152
9,80,2097152
9,81,2097152
9,82,2097152
9,83,2097152
9,84,2097152
9,85,2097152
9,86,2097152
9,87,2097152
9,88,2097152
9,89,2097152
9,90,2097152
9,91,2097152
9,92,2097152
9,93,2097152
9,94,2097152
9,95,2097152
9,96,2097152
9,97,2097152
9,98,2097152
9,99,2097152
9,100,2097152
9,101,2097152
9,102,2097152
9,103,2097152
9,104,2097152
9,105,2097152
9,106,2097152
9,107,2097152
9,108,2097152
9,109,2097152
9,110,2097152
9,111,2097152
9,112,2097152
9,113,2097152
9,114,2097152
9,115,2097152
9,116,2097152
9,117,2097152
9,118,2097152
9,119,2097152
9,120,2097152
9,121,2097152
9,122,2097152
9,123,2097152
9,124,2097152
9,125,2097152
9,126,2097152
9,127,2097152
10,0,2097152
10,1,2097152
10,2,2097152
10,3,2097152
10,4,2097152
10,5,2097152
10,6,2097152
10,7,2097152
10,8,2097152
10,9,2097152
10,11,2097152
10,12,2097152
10,13,2097152
10,14,2097152
10,15,2097152
10,16,2097152
10,17,2097152
10,18,2097152
10,19,2097152
10,20,2097152
10,21,2097152
10,22,2097152
10,23,2097152
10,24,2097152
10,25,2097152
10,26,2097152
10,27,2097152
10,28,2097152
10,29,2097152
10,30,2097152
10,31,2097152
10,32,2097152
10,33,2097152
10,34,2097152
10,35,2097152
10,36,2097152
10,37,2097152
10,38,2097152
10,39,2097152
10,40,2097152
10,41,2097152
10,42,2097152
10,43,2097152
10,44,2097152
10,45,2097152
10,46,2097152
10,47,2097152
10,48,2097152
10,49,2097152
10,50,2097152
10,51,2097152
10,52,2097152
10,53,2097152
10,54,2097152
10,55,2097152
10,56,2097152
10,57,2097152
10,58,2097152
10,59,2097152
10,60,2097152
10,61,2097152
10,62,2097152
10,63,2097152
10,64,2097152
10,65,2097152
10,66,2097152
10,67,2097152
10,68,2097152
10,69,2097152
10,70,2097152
10,71,2097152
10,72,2097152
10,73,2097152
10,74,2097152
10,75,2097152
10,76,2097152
10,77,2097152
10,78,2097152
10,79,2097152
10,80,2097152
10,81,2097152
10,82,2097152
10,83,2097152
10,84,2097152
10,85,2097152
10,86,2097152
10,87,2097152
10,88,2097152
10,89,2097152
10,90,2097152
10,91,2097152
10,92,2097152
10,93,2097152
10,94,2097152
10,95,2097152
10,96,2097152
10,97,2097152
10,98,2097152
10,99,2097152
10,100,2097152
10,101,2097152
10,102,2097152
10,103,2097152
10,104,2097152
10,105,2097152
10,106,2097152
10,107,2097152
10,108,2097152
10,109,2097152
10,110,2097152
10,111,2097152
10,112,2097152
10,113,2097152
10,114,2097152
10,115,2097152
10,116,2097152
10,117,2097152
10,118,2097152
10,119,2097152
10,120,2097152
10,121,2097152
10,122,2097152
10,123,2097152
10,124,2097152
10,125,2097152
10,126,2097152
10,127,2097152
11,0,2097152
11,1,2097152
11,2,2097152
11,3,2097152
11,4,2097152
11,5,2097152
11,6,2097152
11,7,2097152
11,8,2097152
11,9,2097152
11,10,2097152
11,12,2097152
11,13,2097152
11,14,2097152
11,15,2097152
11,16,2097152
11,17,2097152
11,18,2097152
11,19,2097152
11,20,2097152
11,21,2097152
11,22,2097152
11,23,2097152
11,24,2097152
11,25,2097152
11,26,2097152
11,27,2097152
11,28,2097152
11,29,2097152
11,30,2097152
11,31,2097152
11,32,2097152
11,33,2097152
11,34,2097152
11,35,2097152
11,36,2097152
11,37,2097152
11,38,2097152
11,39,2097152
11,40,2097152
11,41,2097152
11,42,2097152
11,43,2097152
11,44,2097152
11,45,2097152
11,46,2097152
11,47,2097152
11,48,2097152
11,49,2097152
11,50,2097152
11,51,2097152
11,52,2097152
11,53,2097152
11,54,2097152
11,55,2097152
11,56,2097152
11,57,2097152
11,58,2097152
11,59,2097152
11,60,2097152
11,61,2097152
11,62,2097152
11,63,2097152
11,64,2097152
11,65,2097152
11,66,2097152
11,67,2097152
11,68,2097152
11,69,2097152
11,70,2097152
11,71,2097152
11,72,2097152
11,73,2097152
11,74,2097152
11,75,2097152
11,76,2097152
11,77,2097152
11,78,2097152
11,79,2097152
11,80,2097152
11,81,2097152
11,82,2097152
11,83,2097152
11,84,2097152
11,85,2097152
11,86,2097152
11,87,2097152
11,88,2097152
11,89,2097152
11,90,2097152
11,91,2097152
11,92,2097152
11,93,2097152
11,94,2097152
11,95,2097152
11,96,2097152
11,97,2097152
11,98,2097152
11,99,2097152
11,100,2097152
11,101,2097152
11,102,2097152
11,103,2097152
11,104,2097152
11,105,2097152
11,106,2097152
11,107,2097152
11,108,2097152
11,109,2097152
11,110,2097152
11,111,2097152
11,112,2097152
11,113,2097152
11,114,2097152
11,115,2097152
11,116,2097152
11,117,2097152
11,118,2097152
11,119,2097152
11,120,2097152
11,121,2097152
11,122,2097152
11,123,2097152
11,124,2097152
11,125,2097152
11,126,2097152
11,127,2097152
12,0,2097152
12,1,2097152
12,2,2097152
12,3,2097152
12,4,2097152
12,5,2097152
12,6,2097152
12,7,2097152
12,8,2097152
12,9,2097152
12,10,2097152
12,11,2097152
12,13,2097152
12,14,2097152
12,15,2097152
12,16,2097152
12,17,2097152
12,18,2097152
12,19,2097152
12,20,2097152
12,21,2097152
12,22,2097152
12,23,2097152
12,24,2097152
12,25,2097152
12,26,2097152
12,27,2097152
12,28,2097152
12,29,2097152
12,30,2097152
12,31,2097152
12,32,2097152
12,33,2097152
12,34,2097152
12,35,2097152
12,36,2097152
12,37,2097152
12,38,2097152
12,39,2097152
12,40,2097152
12,41,2097152
12,42,2097152
12,43,2097152
12,44,2097152
12,45,2097152
12,46,2097152
12,47,2097152
12,48,2097152
12,49,2097152
12,50,2097152
12,51,2097152
12,52,2097152
12,53,2097152
12,54,2097152
12,55,2097152
12,56,2097152
12,57,2097152
12,58,2097152
12,59,2097152
12,60,2097152
12,61,2097152
12,62,2097152
12,63,2097152
12,64,2097152
12,65,2097152
12,66,2097152
12,67,2097152
12,68,2097152
12,69,2097152
12,70,2097152
12,71,2097152
12,72,2097152
12,73,2097152
12,74,2097152
12,75,2097152
12,76,2097152
12,77,2097152
12,78,2097152
12,79,2097152
12,80,2097152
12,81,2097152
12,82,2097152
12,83,2097152
12,84,2097152
12,85,2097152
12,86,2097152
12,87,2097152
12,88,2097152
12,89,2097152
12,90,2097152
12,91,2097152
12,92,2097152
12,93,2097152
12,94,2097152
12,95,2097152
12,96,2097152
12,97,2097152
12,98,2097152
12,99,2097152
12,100,2097152
12,101,2097152
12,102,2097152
12,103,2097152
12,104,2097152
12,105,2097152
12,106,2097152
12,107,2097152
12,108,2097152
12,109,2097152
12,110,2097152
12,111,2097152
12,112,2097152
12,113,2097152
12,114,2097152
12,115,2097152
12,116,2097152
12,117,2097152
12,118,2097152
12,119,2097152
12,120,2097152
12,121,2097152
12,122,2097152
12,123,2097152
12,124,2097152
12,125,2097152
12,126,2097152
12,127,2097152
13,0,2097152
13,1,2097152
13,2,2097152
13,3,2097152
13,4,2097152
13,5,2097152
13,6,2097152
13,7,2097152
13,8,2097152
13,9,2097152
13,10,2097152
13,11,2097152
13,12,2097152
13,14,2097152
13,15,2097152
13,16,2097152
13,17,2097152
13,18,2097152
13,19,2097152
13,20,2097152
13,21,2097152
13,22,2097152
13,23,2097152
13,24,2097152
13,25,2097152
13,26,2097152
13,27,2097152
13,28,2097152
13,29,2097152
13,30,2097152
13,31,2097152
13,32,2097152
13,33,2097152
13,34,2097152
13,35,2097152
13,36,2097152
13,37,2097152
13,38,2097152
13,39,2097152
13,40,2097152
13,41,2097152
13,42,2097152
13,43,2097152
13,44,2097152
13,45,2097152
13,46,2097152
13,47,2097152
13,48,2097152
13,49,2097152
13,50,2097152
13,51,2097152
13,52,2097152
13,53,2097152
13,54,2097152
13,55,2097152
13,56,2097152
13,57,2097152
13,58,2097152
13,59,2097152
13,60,2097152
13,61,2097152
13,62,2097152
13,63,2097152
13,64,2097152
13,65,2097152
13,66,2097152
13,67,2097152
13,68,2097152
13,69,2097152
13,70,2097152
13,71,2097152
13,72,2097152
13,73,2097152
13,74,2097152
13,75,2097152
13,76,2097152
13,77,2097152
13,78,2097152
13,79,2097152
13,80,2097152
13,81,2097152
13,82,2097152
13,83,2097152
13,84,2097152
13,85,2097152
13,86,2097152
13,87,2097152
13,88,2097152
13,89,2097152
13,90,2097152
13,91,2097152
13,92,2097152
13,93,2097152
13,94,2097152
13,95,2097152
13,96,2097152
13,97,2097152
13,98,2097152
13,99,2097152
13,100,2097152
13,101,2097152
13,102,2097152
13,103,2097152
13,104,2097152
13,105,2097152
13,106,2097152
13,107,2097152
13,108,2097152
13,109,2097152
13,110,2097152
13,111,2097152
13,112,2097152
13,113,2097152
13,114,2097152
13,115,2097152
13,116,2097152
13,117,2097152
13,118,2097152
13,119,2097152
13,120,2097152
13,121,2097152
13,122,2097152
13,123,2097152
13,124,2097152
13,125,2097152
13,126,2097152
13,127,2097152
14,0,2097152
14,1,2097152
14,2,2097152
14,3,2097152
14,4,2097152
14,5,2097152
14,6,2097152
14,7,2097152
14,8,2097152
14,9,2097152
14,10,2097152
14,11,2097152
14,12,2097152
14,13,2097152
14,15,2097152
14,16,2097152
14,17,2097152
14,18,2097152
14,19,2097152
14,20,2097152
14,21,2097152
14,22,2097152
14,23,2097152
14,24,2097152
14,25,2097152
14,26,2097152
14,27,2097152
14,28,2097152
14,29,2097152
14,30,2097152
14,31,2097152
14,32,2097152
14,33,2097152
14,34,2097152
14,35,2097152
14,36,2097152
14,37,2097152
14,38,2097152
14,39,2097152
14,40,2097152
14,41,2097152
14,42,2097152
14,43,2097152
14,44,2097152
14,45,2097152
14,46,2097152
14,47,2097152
14,48,2097152
14,49,2097152
14,50,2097152
14,51,2097152
14,52,2097152
14,53,2097152
14,54,2097152
14,55,2097152
14,56,2097152
14,57,2097152
14,58,2097152
14,59,2097152
14,60,2097152
14,61,2097152
14,62,2097152
14,63,2097152
14,64,2097152
14,65,2097152
14,66,2097152
14,67,2097152
14,68,2097152
14,69,2097152
14,70,2097152
14,71,2097152
14,72,2097152
14,73,2097152
14,74,2097152
14,75,2097152
14,76,2097152
14,77,2097152
14,78,2097152
14,79,2097152
14,80,2097152
14,81,2097152
14,82,2097152
14,83,2097152
14,84,2097152
14,85,2097152
14,86,2097152
14,87,2097152
14,88,2097152
14,89,2097152
14,90,2097152
14,91,2097152
14,92,2097152
14,93,2097152
14,94,2097152
14,95,2097152
14,96,2097152
14,97,2097152
14,98,2097152
14,99,2097152
14,100,2097152
14,101,2097152
14,102,2097152
14,103,2097152
14,104,2097152
14,105,2097152
14,106,2097152
14,107,2097152
14,108,2097152
14,109,2097152
14,110,2097152
14,111,2097152
14,112,2097152
14,113,2097152
14,114,2097152
14,115,2097152
14,116,2097152
14,117,2097152
14,118,2097152
14,119,2097152
14,120,2097152
14,121,2097152
14,122,2097152
14,123,2097152
14,124,2097152
14,125,2097152
14,126,2097152
14,127,2097152
15,0,2097152
15,1,2097152
15,2,2097152
15,3,2097152
15,4,2097152
15,5,2097152
15,6,2097152
15,7,2097152
15,8,2097152
15,9,2097152
15,10,2097152
15,11,2097152
15,12,2097152
15,13,2097152
15,14,2097152
15,16,2097152
15,17,2097152
15,18,2097152
15,19,2097152
15,20,2097152
15,21,2097152
15,22,2097152
15,23,2097152
15,24,2097152
15,25,2097152
15,26,2097152
15,27,2097152
15,28,2097152
15,29,2097152
15,30,2097152
15,31,2097152
15,32,2097152
15,33,2097152
15,34,2097152
15,35,2097152
15,36,2097152
15,37,2097152
15,38,2097152
15,39,2097152
15,40,2097152
15,41,2097152
15,42,2097152
15,43,2097152
15,44,2097152
15,45,2097152
15,46,2097152
15,47,2097152
15,48,2097152
15,49,2097152
15,50,2097152
15,51,2097152
15,52,2097152
15,53,2097152
15,54,2097152
15,55,2097152
15,56,2097152
15,57,2097152
15,58,2097152
15,59,2097152
15,60,2097152
15,61,2097152
15,62,2097152
15,63,2097152
15,64,2097152
15,65,2097152
15,66,2097152
15,67,2097152
15,68,2097152
15,69,2097152
15,70,2097152
15,71,2097152
15,72,2097152
15,73,2097152
15,74,2097152
15,75,2097152
15,76,2097152
15,77,2097152
15,78,2097152
15,79,2097152
15,80,2097152
15,81,2097152
15,82,2097152
15,83,2097152
15,84,2097152
15,85,2097152
15,86,2097152
15,87,2097152
15,88,2097152
15,89,2097152
15,90,2097152
15,91,2097152
15,92,2097152
15,93,2097152
15,94,2097152
15,95,2097152
15,96,2097152
15,97,2097152
15,98,2097152
15,99,2097152
15,100,2097152
15,101,2097152
15,102,2097152
15,103,2097152
15,104,2097152
15,105,2097152
15,106,2097152
15,107,2097152
15,108,2097152
15,109,2097152
15,110,2097152
15,111,2097152
15,112,2097152
15,113,2097152
15,114,2097152
15,115,2097152
15,116,2097152
15,117,2097152
15,118,2097152
15,119,2097152
15,120,2097152
15,121,2097152
15,122,2097152
15,123,2097152
15,124,2097152
15,125,2097152
15,126,2097152
15,127,2097152
16,0,2097152
16,1,2097152
16,2,2097152
16,3,2097152
16,4,2097152
16,5,2097152
16,6,2097152
16,7,2097152
16,8,2097152
16,9,2097152
16,10,2097152
16,11,2097152
16,12,2097152
16,13,2097152
16,14,2097152
16,15,2097152
16,17,2097152
16,18,2097152
16,19,2097152
16,20,2097152
16,21,2097152
16,22,2097152
16,23,2097152
16,24,2097152
16,25,2097152
16,26,2097152
16,27,2097152
16,28,2097152
16,29,2097152
16,30,2097152
16,31,2097152
16,32,2097152
16,33,2097152
16,34,2097152
16,35,2097152
16,36,2097152
16,37,2097152
16,38,2097152
16,39,2097152
16,40,2097152
16,41,2097152
16,42,2097152
16,43,2097152
16,44,2097152
16,45,2097152
16,46,2097152
16,47,2097152
16,48,2097152
16,49,2097152
16,50,2097152
16,51,2097152
16,52,2097152
16,53,2097152
16,54,2097152
16,55,2097152
16,56,2097152
16,57,2097152
16,58,2097152
16,59,2097152
16,60,2097152
16,61,2097152
16,62,2097152
16,63,2097152
16,64,2097152
16,65,2097152
16,66,2097152
16,67,2097152
16,68,2097152
16,69,2097152
16,70,2097152
16,71,2097152
16,72,2097152
16,73,2097152
16,74,2097152
16,75,2097152
16,76,2097152
16,77,2097152
16,78,2097152
16,79,2097152
16,80,2097152
16,81,2097152
16,82,2097152
16,83,2097152
16,84,2097152
16,85,2097152
16,86,2097152
16,87,2097152
16,88,2097152
16,89,2097152
16,90,2097152
16,91,2097152
16,92,2097152
16,93,2097152
16,94,2097152
16,95,2097152
16,96,2097152
16,97,2097152
16,98,2097152
16,99,2097152
16,100,2097152
16,101,2097152
16,102,2097152
16,103,2097152
16,104,2097152
16,105,2097152
16,106,2097152
16,107,2097152
16,108,2097152
16,109,2097152
16,110,2097152
16,111,2097152
16,112,2097152
16,113,2097152
16,114,2097152
16,115,2097152
16,116,2097152
16,117,2097152
16,118,2097152
16,119,2097152
16,120,2097152
16,121,2097152
16,122,2097152
16,123,2097152
16,124,2097152
16,125,2097152
16,126,2097152
16,127,2097152
17,0,2097152
17,1,2097152
17,2,2097152
17,3,2097152
17,4,2097152
17,5,2097152
17,6,2097152
17,7,2097152
17,8,2097152
17,9,2097152
17,10,2097152
17,11,2097152
17,12,2097152
17,13,2097152
17,14,2097152
17,15,2097152
17,16,2097152
17,18,2097152
17,19,2097152
17,20,2097152
17,21,2097152
17,22,2097152
17,23,2097152
17,24,2097152
17,25,2097152
17,26,2097152
17,27,2097152
17,28,2097152
17,29,2097152
17,30,2097152
17,31,2097152
17,32,2097152
17,33,2097152
17,34,2097152
17,35,2097152
17,36,2097152
17,37,2097152
17,38,2097152
17,39,2097152
17,40,2097152
17,41,2097152
17,42,2097152
17,43,2097152
17,44,2097152
17,45,2097152
17,46,2097152
17,47,2097152
17,48,2097152
17,49,2097152
17,50,2097152
17,51,2097152
17,52,2097152
17,53,2097152
17,54,2097152
17,55,2097152
17,56,2097152
17,57,2097152
17,58,2097152
17,59,2097152
17,60,2097152
17,61,2097152
17,62,2097152
17,63,2097152
17,64,2097152
17,65,2097152
17,66,2097152
17,67,2097152
17,68,2097152
17,69,2097152
17,70,2097152
17,71,2097152
17,72,2097152
17,73,2097152
17,74,2097152
17,75,2097152
17,76,2097152
17,77,2097152
17,78,2097152
17,79,2097152
17,80,2097152
17,81,2097152
17,82,2097152
17,83,2097152
17,84,2097152
17,85,2097152
17,86,2097152
17,87,2097152
17,88,2097152
17,89,2097152
17,90,2097152
17,91,2097152
17,92,2097152
17,93,2097152
17,94,2097152
17,95,2097152
17,96,2097152
17,97,2097152
17,98,2097152
17,99,2097152
17,100,2097152
17,101,2097152
17,102,2097152
17,103,2097152
17,104,2097152
17,105,2097152
17,106,2097152
17,107,2097152
17,108,2097152
17,109,2097152
17,110,2097152
17,111,2097152
17,112,2097152
17,113,2097152
17,114,2097152
17,115,2097152
17,116,2097152
17,117,2097152
17,118,2097152
17,119,2097152
17,120,2097152
17,121,2097152
17,122,2097152
17,123,2097152
17,124,2097152
17,125,2097152
17,126,2097152
17,127,2097152
18,0,2097152
18,1,2097152
18,2,2097152
18,3,2097152
18,4,2097152
18,5,2097152
18,6,2097152
18,7,2097152
18,8,2097152
18,9,2097152
18,10,2097152
18,11,2097152
18,12,2097152
18,13,2097152
18,14,2097152
18,15,2097152
18,16,2097152
18,17,2097152
18,19,2097152
18,20,2097152
18,21,2097152
18,22,2097152
18,23,2097152
18,24,2097152
18,25,2097152
18,26,2097152
18,27,2097152
18,28,2097152
18,29,2097152
18,30,2097152
18,31,2097152
18,32,2097152
18,33,2097152
18,34,2097152
18,35,2097152
18,36,2097152
18,37,2097152
18,38,2097152
18,39,2097152
18,40,2097152
18,41,2097152
18,42,2097152
18,43,2097152
18,44,2097152
18,45,2097152
18,46,2097152
18,47,2097152
18,48,2097152
18,49,2097152
18,50,2097152
18,51,2097152
18,52,2097152
18,53,2097152
18,54,2097152
18,55,2097152
18,56,2097152
18,57,2097152
18,58,2097152
18,59,2097152
18,60,2097152
18,61,2097152
18,62,2097152
18,63,2097152
18,64,2097152
18,65,2097152
18,66,2097152
18,67,2097152
18,68,2097152
18,69,2097152
18,70,2097152
18,71,2097152
18,72,2097152
18,73,2097152
18,74,2097152
18,75,2097152
18,76,2097152
18,77,2097152
18,78,2097152
18,79,2097152
18,80,2097152
18,81,2097152
18,82,2097152
18,83,2097152
18,84,2097152
18,85,2097152
18,86,2097152
18,87,2097152
18,88,2097152
18,89,2097152
18,90,2097152
18,91,2097152
18,92,2097152
18,93,2097152
18,94,2097152
18,95,2097152
18,96,2097152
18,97,2097152
18,98,2097152
18,99,2097152
18,100,2097152
18,101,2097152
18,102,2097152
18,103,2097152
18,104,2097152
18,105,2097152
18,106,2097152
18,107,2097152
18,108,2097152
18,109,2097152
18,110,2097152
18,111,2097152
18,112,2097152
18,113,2097152
18,114,2097152
18,115,2097152
18,116,2097152
18,117,2097152
18,118,2097152
18,119,2097152
18,120,2097152
18,121,2097152
18,122,2097152
18,123,2097152
18,124,2097152
18,125,2097152
18,126,2097152
18,127,2097152
19,0,2097152
19,1,2097152
19,2,2097152
19,3,2097152
19,4,2097152
19,5,2097152
19,6,2097152
19,7,2097152
19,8,2097152
19,9,2097152
19,10,2097152
19,11,2097152
19,12,2097152
19,13,2097152
19,14,2097152
19,15,2097152
19,16,2097152
19,17,2097152
19,18,2097152
19,20,2097152
19,21,2097152
19,22,2097152
19,23,2097152
19,24,2097152
19,25,2097152
19,26,2097152
19,27,2097152
19,28,2097152
19,29,2097152
19,30,2097152
19,31,2097152
19,32,2097152
19,33,2097152
19,34,2097152
19,35,2097152
19,36,2097152
19,37,2097152
19,38,2097152
19,39,2097152
19,40,2097152
19,41,2097152
19,42,2097152
19,43,2097152
19,44,2097152
19,45,2097152
19,46,2097152
19,47,2097152
19,48,2097152
19,49,2097152
19,50,2097152
19,51,2097152
19,52,2097152
19,53,2097152
19,54,2097152
19,55,2097152
19,56,2097152
19,57,2097152
19,58,2097152
19,59,2097152
19,60,2097152
19,61,2097152
19,62,2097152
19,63,2097152
19,64,2097152
19,65,2097152
19,66,2097152
19,67,2097152
19,68,2097152
19,69,2097152
19,70,2097152
19,71,2097152
19,72,2097152
19,73,2097152
19,74,2097152
19,75,2097152
19,76,2097152
19,77,2097152
19,78,2097152
19,79,2097152
19,80,2097152
19,81,2097152
19,82,2097152
19,83,2097152
19,84,2097152
19,85,2097152
19,86,2097152
19,87,2097152
19,88,2097152
19,89,2097152
19,90,2097152
19,91,2097152
19,92,2097152
19,93,2097152
19,94,2097152
19,95,2097152
19,96,2097152
19,97,2097152
19,98,2097152
19,99,2097152
19,100,2097152
19,101,2097152
19,102,2097152
19,103,2097152
19,104,2097152
19,105,2097152
19,106,2097152
19,107,2097152
19,108,2097152
19,109,2097152
19,110,2097152
19,111,2097152
19,112,2097152
19,113,2097152
19,114,2097152
19,115,2097152
19,116,2097152
19,117,2097152
19,118,2097152
19,119,2097152
19,120,2097152
19,121,2097152
19,122,2097152
19,123,2097152
19,124,2097152
19,125,2097152
19,126,2097152
19,127,2097152
20,0,2097152
20,1,2097152
20,2,2097152
20,3,2097152
20,4,2097152
20,5,2097152
20,6,2097152
20,7,2097152
20,8,2097152
20,9,2097152
20,10,2097152
20,11,2097152
20,12,2097152
20,13,2097152
20,14,2097152
20,15,2097152
20,16,2097152
20,17,2097152
20,18,2097152
20,19,2097152
20,21,2097152
20,22,2097152
20,23,2097152
20,24,2097152
20,25,2097152
20,26,2097152
20,27,2097152
20,28,2097152
20,29,2097152
20,30,2097152
20,31,2097152
20,32,2097152
20,33,2097152
20,34,2097152
20,35,2097152
20,36,2097152
20,37,2097152
20,38,2097152
20,39,2097152
20,40,2097152
20,41,2097152
20,42,2097152
20,43,2097152
20,44,2097152
20,45,2097152
20,46,2097152
20,47,2097152
20,48,2097152
20,49,2097152
20,50,2097152
20,51,2097152
20,52,2097152
20,53,2097152
20,54,2097152
20,55,2097152
20,56,2097152
20,57,2097152
20,58,2097152
20,59,2097152
20,60,2097152
20,61,2097152
20,62,2097152
20,63,2097152
20,64,2097152
20,65,2097152
20,66,2097152
20,67,2097152
20,68,2097152
20,69,2097152
20,70,2097152
20,71,2097152
20,72,2097152
20,73,2097152
20,74,2097152
20,75,2097152
20,76,2097152
20,77,2097152
20,78,2097152
20,79,2097152
20,80,2097152
20,81,2097152
20,82,2097152
20,83,2097152
20,84,2097152
20,85,2097152
20,86,2097152
20,87,2097152
20,88,2097152
20,89,2097152
20,90,2097152
20,91,2097152
20,92,2097152
20,93,2097152
20,94,2097152
20,95,2097152
20,96,2097152
20,97,2097152
20,98,2097152
20,99,2097152
20,100,2097152
20,101,2097152
20,102,2097152
20,103,2097152
20,104,2097152
20,105,2097152
20,106,2097152
20,107,2097152
20,108,2097152
20,109,2097152
20,110,2097152
20,111,2097152
20,112,2097152
20,113,2097152
20,114,2097152
20,115,2097152
20,116,2097152
20,117,2097152
20,118,2097152
20,119,2097152
20,120,2097152
20,121,2097152
20,122,2097152
20,123,2097152
20,124,2097152
20,125,2097152
20,126,2097152
20,127,2097152
21,0,2097152
21,1,2097152
21,2,2097152
21,3,2097152
21,4,2097152
21,5,2097152
21,6,2097152
21,7,2097152
21,8,2097152
21,9,2097152
21,10,2097152
21,11,2097152
21,12,2097152
21,13,2097152
21,14,2097152
21,15,2097152
21,16,2097152
21,17,2097152
21,18,2097152
21,19,2097152
21,20,2097152
21,22,2097152
21,23,2097152
21,24,2097152
21,25,2097152
21,26,2097152
21,27,2097152
21,28,2097152
21,29,2097152
21,30,2097152
21,31,2097152
21,32,2097152
21,33,2097152
21,34,2097152
21,35,2097152
21,36,2097152
21,37,2097152
21,38,2097152
21,39,2097152
21,40,2097152
21,41,2097152
21,42,2097152
21,43,2097152
21,44,2097152
21,45,2097152
21,46,2097152
21,47,2097152
21,48,2097152
21,49,2097152
21,50,2097152
21,51,2097152
21,52,2097152
21,53,2097152
21,54,2097152
21,55,2097152
21,56,2097152
21,57,2097152
21,58,2097152
21,59,2097152
21,60,2097152
21,61,2097152
21,62,2097152
21,63,2097152
21,64,2097152
21,65,2097152
21,66,2097152
21,67,2097152
21,68,2097152
21,69,2097152
21,70,2097152
21,71,2097152
21,72,2097152
21,73,2097152
21,74,2097152
21,75,2097152
21,76,2097152
21,77,2097152
21,78,2097152
21,79,2097152
21,80,2097152
21,81,2097152
21,82,2097152
21,83,2097152
21,84,2097152
21,85,2097152
21,86,2097152
21,87,2097152
21,88,2097152
21,89,2097152
21,90,2097152
21,91,2097152
21,92,2097152
21,93,2097152
21,94,2097152
21,95,2097152
21,96,2097152
21,97,2097152
21,98,2097152
21,99,2097152
21,100,2097152
21,101,2097152
21,102,2097152
21,103,2097152
21,104,2097152
21,105,2097152
21,106,2097152
21,107,2097152
21,108,2097152
21,109,2097152
21,110,2097152
21,111,2097152
21,112,2097152
21,113,2097152
21,114,2097152
21,115,2097152
21,116,2097152
21,117,2097152
21,118,2097152
21,119,2097152
21,120,2097152
21,121,2097152
21,122,2097152
21,123,2097152
21,124,2097152
21,125,2097152
21,126,2097152
21,127,2097152
22,0,2097152
22,1,2097152
22,2,2097152
22,3,2097152
22,4,2097152
22,5,2097152
22,6,2097152
22,7,2097152
22,8,2097152
22,9,2097152
22,10,2097152
22,11,2097152
22,12,2097152
22,13,2097152
22,14,2097152
22,15,2097152
22,16,2097152
22,17,2097152
22,18,2097152
22,19,2097152
22,20,2097152
22,21,2097152
22,23,2097152
22,24,2097152
22,25,2097152
22,26,2097152
22,27,2097152
22,28,2097152
22,29,2097152
22,30,2097152
22,31,2097152
22,32,2097152
22,33,2097152
22,34,2097152
22,35,2097152
22,36,2097152
22,37,2097152
22,38,2097152
22,39,2097152
22,40,2097152
22,41,2097152
22,42,2097152
22,43,2097152
22,44,2097152
22,45,2097152
22,46,2097152
22,47,2097152
22,48,2097152
22,49,2097152
22,50,2097152
22,51,2097152
22,52,2097152
22,53,2097152
22,54,2097152
22,55,2097152
22,56,2097152
22,57,2097152
22,58,2097152
22,59,2097152
22,60,2097152
22,61,2097152
22,62,2097152
22,63,2097152
22,64,2097152
22,65,2097152
22,66,2097152
22,67,2097152
22,68,2097152
22,69,2097152
22,70,2097152
22,71,2097152
22,72,2097152
22,73,2097152
22,74,2097152
22,75,2097152
22,76,2097152
22,77,2097152
22,78,2097152
22,79,2097152
22,80,2097152
22,81,2097152
22,82,2097152
22,83,2097152
22,84,2097152
22,85,2097152
22,86,2097152
22,87,2097152
22,88,2097152
22,89,2097152
22,90,2097152
22,91,2097152
22,92,2097152
22,93,2097152
22,94,2097152
22,95,2097152
22,96,2097152
22,97,2097152
22,98,2097152
22,99,2097152
22,100,2097152
22,101,2097152
22,102,2097152
22,103,2097152
22,104,2097152
22,105,2097152
22,106,2097152
22,107,2097152
22,108,2097152
22,109,2097152
22,110,2097152
22,111,2097152
22,112,2097152
22,113,2097152
22,114,2097152
22,115,2097152
22,116,2097152
22,117,2097152
22,118,2097152
22,119,2097152
22,120,2097152
22,121,2097152
22,122,2097152
22,123,2097152
22,124,2097152
22,125,2097152
22,126,2097152
22,127,2097152
23,0,2097152
23,1,2097152
23,2,2097152
23,3,2097152
23,4,2097152
23,5,2097152
23,6,2097152
23,7,2097152
23,8,2097152
23,9,2097152
23,10,2097152
23,11,2097152
23,12,2097152
23,13,2097152
23,14,2097152
23,15,2097152
23,16,2097152
23,17,2097152
23,18,2097152
23,19,2097152
23,20,2097152
23,21,2097152
23,22,2097152
23,24,2097152
23,25,2097152
23,26,2097152
23,27,2097152
23,28,2097152
23,29,2097152
23,30,2097152
23,31,2097152
23,32,2097152
23,33,2097152
23,34,2097152
23,35,2097152
23,36,2097152
23,37,2097152
23,38,2097152
23,39,2097152
23,40,2097152
23,41,2097152
23,42,2097152
23,43,2097152
23,44,2097152
23,45,2097152
23,46,2097152
23,47,2097152
23,48,2097152
23,49,2097152
23,50,2097152
23,51,2097152
23,52,2097152
23,53,2097152
23,54,2097152
23,55,2097152
23,56,2097152
23,57,2097152
23,58,2097152
23,59,2097152
23,60,2097152
23,61,2097152
23,62,2097152
23,63,2097152
23,64,2097152
23,65,2097152
23,66,2097152
23,67,2097152
23,68,2097152
23,69,2097152
23,70,2097152
23,71,2097152
23,72,2097152
23,73,2097152
23,74,2097152
23,75,2097152
23,76,2097152
23,77,2097152
23,78,2097152
23,79,2097152
23,80,2097152
23,81,2097152
23,82,2097152
23,83,2097152
23,84,2097152
23,85,2097152
23,86,2097152
23,87,2097152
23,88,2097152
23,89,2097152
23,90,2097152
23,91,2097152
23,92,2097152
23,93,2097152
23,94,2097152
23,95,2097152
23,96,2097152
23,97,2097152
23,98,2097152
23,99,2097152
23,100,2097152
23,101,2097152
23,102,2097152
23,103,2097152
23,104,2097152
23,105,2097152
23,106,2097152
23,107,2097152
23,108,2097152
23,109,2097152
23,110,2097152
23,111,2097152
23,112,2097152
23,113,2097152
23,114,2097152
23,115,2097152
23,116,2097152
23,117,2097152
23,118,2097152
23,119,2097152
23,120,2097152
23,121,2097152
23,122,2097152
23,123,2097152
23,124,2097152
23,125,2097152
23,126,2097152
23,127,2097152
24,0,2097152
24,1,2097152
24,2,2097152
24,3,2097152
24,4,2097152
24,5,2097152
24,6,2097152
24,7,2097152
24,8,2097152
24,9,2097152
24,10,2097152
24,11,2097152
24,12,2097152
24,13,2097152
24,14,2097152
24,15,2097152
24,16,2097152
24,17,2097152
24,18,2097152
24,19,2097152
24,20,2097152
24,21,2097152
24,22,2097152
24,23,2097152
24,25,2097152
24,26,2097152
24,27,2097152
24,28,2097152
24,29,2097152
24,30,2097152
24,31,2097152
24,32,2097152
24,33,2097152
24,34,2097152
24,35,2097152
24,36,2097152
24,37,2097152
24,38,2097152
24,39,2097152
24,40,2097152
24,41,2097152
24,42,2097152
24,43,2097152
24,44,2097152
24,45,2097152
24,46,2097152
24,47,2097152
24,48,2097152
24,49,2097152
24,50,2097152
24,51,2097152
24,52,2097152
24,53,2097152
24,54,2097152
24,55,2097152
24,56,2097152
24,57,2097152
24,58,2097152
24,59,2097152
24,60,2097152
24,61,2097152
24,62,2097152
24,63,2097152
24,64,2097152
24,65,2097152
24,66,2097152
24,67,2097152
24,68,2097152
24,69,2097152
24,70,2097152
24,71,2097152
24,72,2097152
24,73,2097152
24,74,2097152
24,75,2097152
24,76,2097152
24,77,2097152
24,78,2097152
24,79,2097152
24,80,2097152
24,81,2097152
24,82,2097152
24,83,2097152
24,84,2097152
24,85,2097152
24,86,2097152
24,87,2097152
24,88,2097152
24,89,2097152
24,90,2097152
24,91,2097152
24,92,2097152
24,93,2097152
24,94,2097152
24,95,2097152
24,96,2097152
24,97,2097152
24,98,2097152
24,99,2097152
24,100,2097152
24,101,2097152
24,102,2097152
24,103,2097152
24,104,2097152
24,105,2097152
24,106,2097152
24,107,2097152
24,108,2097152
24,109,2097152
24,110,2097152
24,111,2097152
24,112,2097152
24,113,2097152
24,114,2097152
24,115,2097152
24,116,2097152
24,117,2097152
24,118,2097152
24,119,2097152
24,120,2097152
24,121,2097152
24,122,2097152
24,123,2097152
24,124,2097152
24,125,2097152
24,126,2097152
24,127,2097152
25,0,2097152
25,1,2097152
25,2,2097152
25,3,2097152
25,4,2097152
25,5,2097152
25,6,2097152
25,7,2097152
25,8,2097152
25,9,2097152
25,10,2097152
25,11,2097152
25,12,2097152
25,13,2097152
25,14,2097152
25,15,2097152
25,16,2097152
25,17,2097152
25,18,2097152
25,19,2097152
25,20,2097152
25,21,2097152
25,22,2097152
25,23,2097152
25,24,2097152
25,26,2097152
25,27,2097152
25,28,2097152
25,29,2097152
25,30,2097152
25,31,2097152
25,32,2097152
25,33,2097152
25,34,2097152
25,35,2097152
25,36,2097152
25,37,2097152
25,38,2097152
25,39,2097152
25,40,2097152
25,41,2097152
25,42,2097152
25,43,2097152
25,44,2097152
25,45,2097152
25,46,2097152
25,47,2097152
25,48,2097152
25,49,2097152
25,50,2097152
25,51,2097152
25,52,2097152
25,53,2097152
25,54,2097152
25,55,2097152
25,56,2097152
25,57,2097152
25,58,2097152
25,59,2097152
25,60,2097152
25,61,2097152
25,62,2097152
25,63,2097152
25,64,2097152
25,65,2097152
25,66,2097152
25,67,2097152
25,68,2097152
25,69,2097152
25,70,2097152
25,71,2097152
25,72,2097152
25,73,2097152
25,74,2097152
25,75,2097152
25,76,2097152
25,77,2097152
25,78,2097152
25,79,2097152
25,80,2097152
25,81,2097152
25,82,2097152
25,83,2097152
25,84,2097152
25,85,2097152
25,86,2097152
25,87,2097152
25,88,2097152
25,89,2097152
25,90,2097152
25,91,2097152
25,92,2097152
25,93,2097152
25,94,2097152
25,95,2097152
25,96,2097152
25,97,2097152
25,98,2097152
25,99,2097152
25,100,2097152
25,101,2097152
25,102,2097152
25,103,2097152
25,104,2097152
25,105,2097152
25,106,2097152
25,107,2097152
25,108,2097152
25,109,2097152
25,110,2097152
25,111,2097152
25,112,2097152
25,113,2097152
25,114,2097152
25,115,2097152
25,116,2097152
25,117,2097152
25,118,2097152
25,119,2097152
25,120,2097152
25,121,2097152
25,122,2097152
25,123,2097152
25,124,2097152
25,125,2097152
25,126,2097152
25,127,2097152
26,0,2097152
26,1,2097152
26,2,2097152
26,3,2097152
26,4,2097152
26,5,2097152
26,6,2097152
26,7,2097152
26,8,2097152
26,9,2097152
26,10,2097152
26,11,2097152
26,12,2097152
26,13,2097152
26,14,2097152
26,15,2097152
26,16,2097152
26,17,2097152
26,18,2097152
26,19,2097152
26,20,2097152
26,21,2097152
26,22,2097152
26,23,2097152
26,24,2097152
26,25,2097152
26,27,2097152
26,28,2097152
26,29,2097152
26,30,2097152
26,31,2097152
26,32,2097152
26,33,2097152
26,34,2097152
26,35,2097152
26,36,2097152
26,37,2097152
26,38,2097152
26,39,2097152
26,40,2097152
26,41,2097152
26,42,2097152
26,43,2097152
26,44,2097152
26,45,2097152
26,46,2097152
26,47,2097152
26,48,2097152
26,49,2097152
26,50,2097152
26,51,2097152
26,52,2097152
26,53,2097152
26,54,2097152
26,55,2097152
26,56,2097152
26,57,2097152
26,58,2097152
26,59,2097152
26,60,2097152
26,61,2097152
26,62,2097152
26,63,2097152
26,64,2097152
26,65,2097152
26,66,2097152
26,67,2097152
26,68,2097152
26,69,2097152
26,70,2097152
26,71,2097152
26,72,2097152
26,73,2097152
26,74,2097152
26,75,2097152
26,76,2097152
26,77,2097152
26,78,2097152
26,79,2097152
26,80,2097152
26,81,2097152
26,82,2097152
26,83,2097152
26,84,2097152
26,85,2097152
26,86,2097152
26,87,2097152
26,88,2097152
26,89,2097152
26,90,2097152
26,91,2097152
26,92,2097152
26,93,2097152
26,94,2097152
26,95,2097152
26,96,2097152
26,97,2097152
26,98,2097152
26,99,2097152
26,100,2097152
26,101,2097152
26,102,2097152
26,103,2097152
26,104,2097152
26,105,2097152
26,106,2097152
26,107,2097152
26,108,2097152
26,109,2097152
26,110,2097152
26,111,2097152
26,112,2097152
26,113,2097152
26,114,2097152
26,115,2097152
26,116,2097152
26,117,2097152
26,118,2097152
26,119,2097152
26,120,2097152
26,121,2097152
26,122,2097152
26,123,2097152
26,124,2097152
26,125,2097152
26,126,2097152
26,127,2097152
27,0,2097152
27,1,2097152
27,2,2097152
27,3,2097152
27,4,2097152
27,5,2097152
27,6,2097152
27,7,2097152
27,8,2097152
27,9,2097152
27,10,2097152
27,11,2097152
27,12,2097152
27,13,2097152
27,14,2097152
27,15,2097152
27,16,2097152
27,17,2097152
27,18,2097152
27,19,2097152
27,20,2097152
27,21,2097152
27,22,2097152
27,23,2097152
27,24,2097152
27,25,2097152
27,26,2097152
27,28,2097152
27,29,2097152
27,30,2097152
27,31,2097152
27,32,2097152
27,33,2097152
27,34,2097152
27,35,2097152
27,36,2097152
27,37,2097152
27,38,2097152
27,39,2097152
27,40,2097152
27,41,2097152
27,42,2097152
27,43,2097152
27,44,2097152
27,45,2097152
27,46,2097152
27,47,2097152
27,48,2097152
27,49,2097152
27,50,2097152
27,51,2097152
27,52,2097152
27,53,2097152
27,54,2097152
27,55,2097152
27,56,2097152
27,57,2097152
27,58,2097152
27,59,2097152
27,60,2097152
27,61,2097152
27,62,2097152
27,63,2097152
27,64,2097152
27,65,2097152
27,66,2097152
27,67,2097152
27,68,2097152
27,69,2097152
27,70,2097152
27,71,2097152
27,72,2097152
27,73,2097152
27,74,2097152
27,75,2097152
27,76,2097152
27,77,2097152
27,78,2097152
27,79,2097152
27,80,2097152
27,81,2097152
27,82,2097152
27,83,2097152
27,84,2097152
27,85,2097152
27,86,2097152
27,87,2097152
27,88,2097152
27,89,2097152
27,90,2097152
27,91,2097152
27,92,2097152
27,93,2097152
27,94,2097152
27,95,2097152
27,96,2097152
27,97,2097152
27,98,2097152
27,99,2097152
27,100,2097152
27,101,2097152
27,102,2097152
27,103,2097152
27,104,2097152
27,105,2097152
27,106,2097152
27,107,2097152
27,108,2097152
27,109,2097152
27,110,2097152
27,111,2097152
27,112,2097152
27,113,2097152
27,114,2097152
27,115,2097152
27,116,2097152
27,117,2097152
27,118,2097152
27,119,2097152
27,120,2097152
27,121,2097152
27,122,2097152
27,123,2097152
27,124,2097152
27,125,2097152
27,126,2097152
27,127,2097152
28,0,2097152
28,1,2097152
28,2,2097152
28,3,2097152
28,4,2097152
28,5,2097152
28,6,2097152
28,7,2097152
28,8,2097152
28,9,2097152
28,10,2097152
28,11,2097152
28,12,2097152
28,13,2097152
28,14,2097152
28,15,2097152
28,16,2097152
28,17,2097152
28,18,2097152
28,19,2097152
28,20,2097152
28,21,2097152
28,22,2097152
28,23,2097152
28,24,2097152
28,25,2097152
28,26,2097152
28,27,2097152
28,29,2097152
28,30,2097152
28,31,2097152
28,32,2097152
28,33,2097152
28,34,2097152
28,35,2097152
28,36,2097152
28,37,2097152
28,38,2097152
28,39,2097152
28,40,2097152
28,41,2097152
28,42,2097152
28,43,2097152
28,44,2097152
28,45,2097152
28,46,2097152
28,47,2097152
28,48,2097152
28,49,2097152
28,50,2097152
28,51,2097152
28,52,2097152
28,53,2097152
28,54,2097152
28,55,2097152
28,56,2097152
28,57,2097152
28,58,2097152
28,59,2097152
28,60,2097152
28,61,2097152
28,62,2097152
28,63,2097152
28,64,2097152
28,65,2097152
28,66,2097152
28,67,2097152
28,68,2097152
28,69,2097152
28,70,2097152
28,71,2097152
28,72,2097152
28,73,2097152
28,74,2097152
28,75,2097152
28,76,2097152
28,77,2097152
28,78,2097152
28,79,2097152
28,80,2097152
28,81,2097152
28,82,2097152
28,83,2097152
28,84,2097152
28,85,2097152
28,86,2097152
28,87,2097152
28,88,2097152
28,89,2097152
28,90,2097152
28,91,2097152
28,92,2097152
28,93,2097152
28,94,2097152
28,95,2097152
28,96,2097152
28,97,2097152
28,98,2097152
28,99,2097152
28,100,2097152
28,101,2097152
28,102,2097152
28,103,2097152
28,104,2097152
28,105,2097152
28,106,2097152
28,107,2097152
28,108,2097152
28,109,2097152
28,110,2097152
28,111,2097152
28,112,2097152
28,113,2097152
28,114,2097152
28,115,2097152
28,116,2097152
28,117,2097152
28,118,2097152
28,119,2097152
28,120,2097152
28,121,2097152
28,122,2097152
28,123,2097152
28,124,2097152
28,125,2097152
28,126,2097152
28,127,2097152
29,0,2097152
29,1,2097152
29,2,2097152
29,3,2097152
29,4,2097152
29,5,2097152
29,6,2097152
29,7,2097152
29,8,2097152
29,9,2097152
29,10,2097152
29,11,2097152
29,12,2097152
29,13,2097152
29,14,2097152
29,15,2097152
29,16,2097152
29,17,2097152
29,18,2097152
29,19,2097152
29,20,2097152
29,21,2097152
29,22,2097152
29,23,2097152
29,24,2097152
29,25,2097152
29,26,2097152
29,27,2097152
29,28,2097152
29,30,2097152
29,31,2097152
29,32,2097152
29,33,2097152
29,34,2097152
29,35,2097152
29,36,2097152
29,37,2097152
29,38,2097152
29,39,2097152
29,40,2097152
29,41,2097152
29,42,2097152
29,43,2097152
29,44,2097152
29,45,2097152
29,46,2097152
29,47,2097152
29,48,2097152
29,49,2097152
29,50,2097152
29,51,2097152
29,52,2097152
29,53,2097152
29,54,2097152
29,55,2097152
29,56,2097152
29,57,2097152
29,58,2097152
29,59,2097152
29,60,2097152
29,61,2097152
29,62,2097152
29,63,2097152
29,64,2097152
29,65,2097152
29,66,2097152
29,67,2097152
29,68,2097152
29,69,2097152
29,70,2097152
29,71,2097152
29,72,2097152
29,73,2097152
29,74,2097152
29,75,2097152
29,76,2097152
29,77,2097152
29,78,2097152
29,79,2097152
29,80,2097152
29,81,2097152
29,82,2097152
29,83,2097152
29,84,2097152
29,85,2097152
29,86,2097152
29,87,2097152
29,88,2097152
29,89,2097152
29,90,2097152
29,91,2097152
29,92,2097152
29,93,2097152
29,94,2097152
29,95,2097152
29,96,2097152
29,97,2097152
29,98,2097152
29,99,2097152
29,100,2097152
29,101,2097152
29,102,2097152
29,103,2097152
29,104,2097152
29,105,2097152
29,106,2097152
29,107,2097152
29,108,2097152
29,109,2097152
29,110,2097152
29,111,2097152
29,112,2097152
29,113,2097152
29,114,2097152
29,115,2097152
29,116,2097152
29,117,2097152
29,118,2097152
29,119,2097152
29,120,2097152
29,121,2097152
29,122,2097152
29,123,2097152
29,124,2097152
29,125,2097152
29,126,2097152
29,127,2097152
30,0,2097152
30,1,2097152
30,2,2097152
30,3,2097152
30,4,2097152
30,5,2097152
30,6,2097152
30,7,2097152
30,8,2097152
30,9,2097152
30,10,2097152
30,11,2097152
30,12,2097152
30,13,2097152
30,14,2097152
30,15,2097152
30,16,2097152
30,17,2097152
30,18,2097152
30,19,2097152
30,20,2097152
30,21,2097152
30,22,2097152
30,23,2097152
30,24,2097152
30,25,2097152
30,26,2097152
30,27,2097152
30,28,2097152
30,29,2097152
30,31,2097152
30,32,2097152
30,33,2097152
30,34,2097152
30,35,2097152
30,36,2097152
30,37,2097152
30,38,2097152
30,39,2097152
30,40,2097152
30,41,2097152
30,42,2097152
30,43,2097152
30,44,2097152
30,45,2097152
30,46,2097152
30,47,2097152
30,48,2097152
30,49,2097152
30,50,2097152
30,51,2097152
30,52,2097152
30,53,2097152
30,54,2097152
30,55,2097152
30,56,2097152
30,57,2097152
30,58,2097152
30,59,2097152
30,60,2097152
30,61,2097152
30,62,2097152
30,63,2097152
30,64,2097152
30,65,2097152
30,66,2097152
30,67,2097152
30,68,2097152
30,69,2097152
30,70,2097152
30,71,2097152
30,72,2097152
30,73,2097152
30,74,2097152
30,75,2097152
30,76,2097152
30,77,2097152
30,78,2097152
30,79,2097152
30,80,2097152
30,81,2097152
30,82,2097152
30,83,2097152
30,84,2097152
30,85,2097152
30,86,2097152
30,87,2097152
30,88,2097152
30,89,2097152
30,90,2097152
30,91,2097152
30,92,2097152
30,93,2097152
30,94,2097152
30,95,2097152
30,96,2097152
30,97,2097152
30,98,2097152
30,99,2097152
30,100,2097152
30,101,2097152
30,102,2097152
30,103,2097152
30,104,2097152
30,105,2097152
30,106,2097152
30,107,2097152
30,108,2097152
30,109,2097152
30,110,2097152
30,111,2097152
30,112,2097152
30,113,2097152
30,114,2097152
30,115,2097152
30,116,2097152
30,117,2097152
30,118,2097152
30,119,2097152
30,120,2097152
30,121,2097152
30,122,2097152
30,123,2097152
30,124,2097152
30,125,2097152
30,126,2097152
30,127,2097152
31,0,2097152
31,1,2097152
31,2,2097152
31,3,2097152
31,4,2097152
31,5,2097152
31,6,2097152
31,7,2097152
31,8,2097152
31,9,2097152
31,10,2097152
31,11,2097152
31,12,2097152
31,13,2097152
31,14,2097152
31,15,2097152
31,16,2097152
31,17,2097152
31,18,2097152
31,19,2097152
31,20,2097152
31,21,2097152
31,22,2097152
31,23,2097152
31,24,2097152
31,25,2097152
31,26,2097152
31,27,2097152
31,28,2097152
31,29,2097152
31,30,2097152
31,32,2097152
31,33,2097152
31,34,2097152
31,35,2097152
31,36,2097152
31,37,2097152
31,38,2097152
31,39,2097152
31,40,2097152
31,41,2097152
31,42,2097152
31,43,2097152
31,44,2097152
31,45,2097152
31,46,2097152
31,47,2097152
31,48,2097152
31,49,2097152
31,50,2097152
31,51,2097152
31,52,2097152
31,53,2097152
31,54,2097152
31,55,2097152
31,56,2097152
31,57,2097152
31,58,2097152
31,59,2097152
31,60,2097152
31,61,2097152
31,62,2097152
31,63,2097152
31,64,2097152
31,65,2097152
31,66,2097152
31,67,2097152
31,68,2097152
31,69,2097152
31,70,2097152
31,71,2097152
31,72,2097152
31,73,2097152
31,74,2097152
31,75,2097152
31,76,2097152
31,77,2097152
31,78,2097152
31,79,2097152
31,80,2097152
31,81,2097152
31,82,2097152
31,83,2097152
31,84,2097152
31,85,2097152
31,86,2097152
31,87,2097152
31,88,2097152
31,89,2097152
31,90,2097152
31,91,2097152
31,92,2097152
31,93,2097152
31,94,2097152
31,95,2097152
31,96,2097152
31,97,2097152
31,98,2097152
31,99,2097152
31,100,2097152
31,101,2097152
31,102,2097152
31,103,2097152
31,104,2097152
31,105,2097152
31,106,2097152
31,107,2097152
31,108,2097152
31,109,2097152
31,110,2097152
31,111,2097152
31,112,2097152
31,113,2097152
31,114,2097152
31,115,2097152
31,116,2097152
31,117,2097152
31,118,2097152
31,119,2097152
31,120,2097152
31,121,2097152
31,122,2097152
31,123,2097152
31,124,2097152
31,125,2097152
31,126,2097152
31,127,2097152
32,0,2097152
32,1,2097152
32,2,2097152
32,3,2097152
32,4,2097152
32,5,2097152
32,6,2097152
32,7,2097152
32,8,2097152
32,9,2097152
32,10,2097152
32,11,2097152
32,12,2097152
32,13,2097152
32,14,2097152
32,15,2097152
32,16,2097152
32,17,2097152
32,18,2097152
32,19,2097152
32,20,2097152
32,21,2097152
32,22,2097152
32,23,2097152
32,24,2097152
32,25,2097152
32,26,2097152
32,27,2097152
32,28,2097152
32,29,2097152
32,30,2097152
32,31,2097152
32,33,2097152
32,34,2097152
32,35,2097152
32,36,2097152
32,37,2097152
32,38,2097152
32,39,2097152
32,40,2097152
32,41,2097152
32,42,2097152
32,43,2097152
32,44,2097152
32,45,2097152
32,46,2097152
32,47,2097152
32,48,2097152
32,49,2097152
32,50,2097152
32,51,2097152
32,52,2097152
32,53,2097152
32,54,2097152
32,55,2097152
32,56,2097152
32,57,2097152
32,58,2097152
32,59,2097152
32,60,2097152
32,61,2097152
32,62,2097152
32,63,2097152
32,64,2097152
32,65,2097152
32,66,2097152
32,67,2097152
32,68,2097152
32,69,2097152
32,70,2097152
32,71,2097152
32,72,2097152
32,73,2097152
32,74,2097152
32,75,2097152
32,76,2097152
32,77,2097152
32,78,2097152
32,79,2097152
32,80,2097152
32,81,2097152
32,82,2097152
32,83,2097152
32,84,2097152
32,85,2097152
32,86,2097152
32,87,2097152
32,88,2097152
32,89,2097152
32,90,2097152
32,91,2097152
32,92,2097152
32,93,2097152
32,94,2097152
32,95,2097152
32,96,2097152
32,97,2097152
32,98,2097152
32,99,2097152
32,100,2097152
32,101,2097152
32,102,2097152
32,103,2097152
32,104,2097152
32,105,2097152
32,106,2097152
32,107,2097152
32,108,2097152
32,109,2097152
32,110,2097152
32,111,2097152
32,112,2097152
32,113,2097152
32,114,2097152
32,115,2097152
32,116,2097152
32,117,2097152
32,118,2097152
32,119,2097152
32,120,2097152
32,121,2097152
32,122,2097152
32,123,2097152
32,124,2097152
32,125,2097152
32,126,2097152
32,127,2097152
33,0,2097152
33,1,2097152
33,2,2097152
33,3,2097152
33,4,2097152
33,5,2097152
33,6,2097152
33,7,2097152
33,8,2097152
33,9,2097152
33,10,2097152
33,11,2097152
33,12,2097152
33,13,2097152
33,14,2097152
33,15,2097152
33,16,2097152
33,17,2097152
33,18,2097152
33,19,2097152
33,20,2097152
33,21,2097152
33,22,2097152
33,23,2097152
33,24,2097152
33,25,2097152
33,26,2097152
33,27,2097152
33,28,2097152
33,29,2097152
33,30,2097152
33,31,2097152
33,32,2097152
33,34,2097152
33,35,2097152
33,36,2097152
33,37,2097152
33,38,2097152
33,39,2097152
33,40,2097152
33,41,2097152
33,42,2097152
33,43,2097152
33,44,2097152
33,45,2097152
33,46,2097152
33,47,2097152
33,48,2097152
33,49,2097152
33,50,2097152
33,51,2097152
33,52,2097152
33,53,2097152
33,54,2097152
33,55,2097152
33,56,2097152
33,57,2097152
33,58,2097152
33,59,2097152
33,60,2097152
33,61,2097152
33,62,2097152
33,63,2097152
33,64,2097152
33,65,2097152
33,66,2097152
33,67,2097152
33,68,2097152
33,69,2097152
33,70,2097152
33,71,2097152
33,72,2097152
33,73,2097152
33,74,2097152
33,75,2097152
33,76,2097152
33,77,2097152
33,78,2097152
33,79,2097152
33,80,2097152
33,81,2097152
33,82,2097152
33,83,2097152
33,84,2097152
33,85,2097152
33,86,2097152
33,87,2097152
33,88,2097152
33,89,2097152
33,90,2097152
33,91,2097152
33,92,2097152
33,93,2097152
33,94,2097152
33,95,2097152
33,96,2097152
33,97,2097152
33,98,2097152
33,99,2097152
33,100,2097152
33,101,2097152
33,102,2097152
33,103,2097152
33,104,2097152
33,105,2097152
33,106,2097152
33,107,2097152
33,108,2097152
33,109,2097152
33,110,2097152
33,111,2097152
33,112,2097152
33,113,2097152
33,114,2097152
33,115,2097152
33,116,2097152
33,117,2097152
33,118,2097152
33,119,2097152
33,120,2097152
33,121,2097152
33,122,2097152
33,123,2097152
33,124,2097152
33,125,2097152
33,126,2097152
33,127,2097152
34,0,2097152
34,1,2097152
34,2,2097152
34,3,2097152
34,4,2097152
34,5,2097152
34,6,2097152
34,7,2097152
34,8,2097152
34,9,2097152
34,10,2097152
34,11,2097152
34,12,2097152
34,13,2097152
34,14,2097152
34,15,2097152
34,16,2097152
34,17,2097152
34,18,2097152
34,19,2097152
34,20,2097152
34,21,2097152
34,22,2097152
34,23,2097152
34,24,2097152
34,25,2097152
34,26,2097152
34,27,2097152
34,28,2097152
34,29,2097152
34,30,2097152
34,31,2097152
34,32,2097152
34,33,2097152
34,35,2097152
34,36,2097152
34,37,2097152
34,38,2097152
34,39,2097152
34,40,2097152
34,41,2097152
34,42,2097152
34,43,2097152
34,44,2097152
34,45,2097152
34,46,2097152
34,47,2097152
34,48,2097152
34,49,2097152
34,50,2097152
34,51,2097152
34,52,2097152
34,53,2097152
34,54,2097152
34,55,2097152
34,56,2097152
34,57,2097152
34,58,2097152
34,59,2097152
34,60,2097152
34,61,2097152
34,62,2097152
34,63,2097152
34,64,2097152
34,65,2097152
34,66,2097152
34,67,2097152
34,68,2097152
34,69,2097152
34,70,2097152
34,71,2097152
34,72,2097152
34,73,2097152
34,74,2097152
34,75,2097152
34,76,2097152
34,77,2097152
34,78,2097152
34,79,2097152
34,80,2097152
34,81,2097152
34,82,2097152
34,83,2097152
34,84,2097152
34,85,2097152
34,86,2097152
34,87,2097152
34,88,2097152
34,89,2097152
34,90,2097152
34,91,2097152
34,92,2097152
34,93,2097152
34,94,2097152
34,95,2097152
34,96,2097152
34,97,2097152
34,98,2097152
34,99,2097152
34,100,2097152
34,101,2097152
34,102,2097152
34,103,2097152
34,104,2097152
34,105,2097152
34,106,2097152
34,107,2097152
34,108,2097152
34,109,2097152
34,110,2097152
34,111,2097152
34,112,2097152
34,113,2097152
34,114,2097152
34,115,2097152
34,116,2097152
34,117,2097152
34,118,2097152
34,119,2097152
34,120,2097152
34,121,2097152
34,122,2097152
34,123,2097152
34,124,2097152
34,125,2097152
34,126,2097152
34,127,2097152
35,0,2097152
35,1,2097152
35,2,2097152
35,3,2097152
35,4,2097152
35,5,2097152
35,6,2097152
35,7,2097152
35,8,2097152
35,9,2097152
35,10,2097152
35,11,2097152
35,12,2097152
35,13,2097152
35,14,2097152
35,15,2097152
35,16,2097152
35,17,2097152
35,18,2097152
35,19,2097152
35,20,2097152
35,21,2097152
35,22,2097152
35,23,2097152
35,24,2097152
35,25,2097152
35,26,2097152
35,27,2097152
35,28,2097152
35,29,2097152
35,30,2097152
35,31,2097152
35,32,2097152
35,33,2097152
35,34,2097152
35,36,2097152
35,37,2097152
35,38,2097152
35,39,2097152
35,40,2097152
35,41,2097152
35,42,2097152
35,43,2097152
35,44,2097152
35,45,2097152
35,46,2097152
35,47,2097152
35,48,2097152
35,49,2097152
35,50,2097152
35,51,2097152
35,52,2097152
35,53,2097152
35,54,2097152
35,55,2097152
35,56,2097152
35,57,2097152
35,58,2097152
35,59,2097152
35,60,2097152
35,61,2097152
35,62,2097152
35,63,2097152
35,64,2097152
35,65,2097152
35,66,2097152
35,67,2097152
35,68,2097152
35,69,2097152
35,70,2097152
35,71,2097152
35,72,2097152
35,73,2097152
35,74,2097152
35,75,2097152
35,76,2097152
35,77,2097152
35,78,2097152
35,79,2097152
35,80,2097152
35,81,2097152
35,82,2097152
35,83,2097152
35,84,2097152
35,85,2097152
35,86,2097152
35,87,2097152
35,88,2097152
35,89,2097152
35,90,2097152
35,91,2097152
35,92,2097152
35,93,2097152
35,94,2097152
35,95,2097152
35,96,2097152
35,97,2097152
35,98,2097152
35,99,2097152
35,100,2097152
35,101,2097152
35,102,2097152
35,103,2097152
35,104,2097152
35,105,2097152
35,106,2097152
35,107,2097152
35,108,2097152
35,109,2097152
35,110,2097152
35,111,2097152
35,112,2097152
35,113,2097152
35,114,2097152
35,115,2097152
35,116,2097152
35,117,2097152
35,118,2097152
35,119,2097152
35,120,2097152
35,121,2097152
35,122,2097152
35,123,2097152
35,124,2097152
35,125,2097152
35,126,2097152
35,127,2097152
36,0,2097152
36,1,2097152
36,2,2097152
36,3,2097152
36,4,2097152
36,5,2097152
36,6,2097152
36,7,2097152
36,8,2097152
36,9,2097152
36,10,2097152
36,11,2097152
36,12,2097152
36,13,2097152
36,14,2097152
36,15,2097152
36,16,2097152
36,17,2097152
36,18,2097152
36,19,2097152
36,20,2097152
36,21,2097152
36,22,2097152
36,23,2097152
36,24,2097152
36,25,2097152
36,26,2097152
36,27,2097152
36,28,2097152
36,29,2097152
36,30,2097152
36,31,2097152
36,32,2097152
36,33,2097152
36,34,2097152
36,35,2097152
36,37,2097152
36,38,2097152
36,39,2097152
36,40,2097152
36,41,2097152
36,42,2097152
36,43,2097152
36,44,2097152
36,45,2097152
36,46,2097152
36,47,2097152
36,48,2097152
36,49,2097152
36,50,2097152
36,51,2097152
36,52,2097152
36,53,2097152
36,54,2097152
36,55,2097152
36,56,2097152
36,57,2097152
36,58,2097152
36,59,2097152
36,60,2097152
36,61,2097152
36,62,2097152
36,63,2097152
36,64,2097152
36,65,2097152
36,66,2097152
36,67,2097152
36,68,2097152
36,69,2097152
36,70,2097152
36,71,2097152
36,72,2097152
36,73,2097152
36,74,2097152
36,75,2097152
36,76,2097152
36,77,2097152
36,78,2097152
36,79,2097152
36,80,2097152
36,81,2097152
36,82,2097152
36,83,2097152
36,84,2097152
36,85,2097152
36,86,2097152
36,87,2097152
36,88,2097152
36,89,2097152
36,90,2097152
36,91,2097152
36,92,2097152
36,93,2097152
36,94,2097152
36,95,2097152
36,96,2097152
36,97,2097152
36,98,2097152
36,99,2097152
36,100,2097152
36,101,2097152
36,102,2097152
36,103,2097152
36,104,2097152
36,105,2097152
36,106,2097152
36,107,2097152
36,108,2097152
36,109,2097152
36,110,2097152
36,111,2097152
36,112,2097152
36,113,2097152
36,114,2097152
36,115,2097152
36,116,2097152
36,117,2097152
36,118,2097152
36,119,2097152
36,120,2097152
36,121,2097152
36,122,2097152
36,123,2097152
36,124,2097152
36,125,2097152
36,126,2097152
36,127,2097152
37,0,2097152
37,1,2097152
37,2,2097152
37,3,2097152
37,4,2097152
37,5,2097152
37,6,2097152
37,7,2097152
37,8,2097152
37,9,2097152
37,10,2097152
37,11,2097152
37,12,2097152
37,13,2097152
37,14,2097152
37,15,2097152
37,16,2097152
37,17,2097152
37,18,2097152
37,19,2097152
37,20,2097152
37,21,2097152
37,22,2097152
37,23,2097152
37,24,2097152
37,25,2097152
37,26,2097152
37,27,2097152
37,28,2097152
37,29,2097152
37,30,2097152
37,31,2097152
37,32,2097152
37,33,2097152
37,34,2097152
37,35,2097152
37,36,2097152
37,38,2097152
37,39,2097152
37,40,2097152
37,41,2097152
37,42,2097152
37,43,2097152
37,44,2097152
37,45,2097152
37,46,2097152
37,47,2097152
37,48,2097152
37,49,2097152
37,50,2097152
37,51,2097152
37,52,2097152
37,53,2097152
37,54,2097152
37,55,2097152
37,56,2097152
37,57,2097152
37,58,2097152
37,59,2097152
37,60,2097152
37,61,2097152
37,62,2097152
37,63,2097152
37,64,2097152
37,65,2097152
37,66,2097152
37,67,2097152
37,68,2097152
37,69,2097152
37,70,2097152
37,71,2097152
37,72,2097152
37,73,2097152
37,74,2097152
37,75,2097152
37,76,2097152
37,77,2097152
37,78,2097152
37,79,2097152
37,80,2097152
37,81,2097152
37,82,2097152
37,83,2097152
37,84,2097152
37,85,2097152
37,86,2097152
37,87,2097152
37,88,2097152
37,89,2097152
37,90,2097152
37,91,2097152
37,92,2097152
37,93,2097152
37,94,2097152
37,95,2097152
37,96,2097152
37,97,2097152
37,98,2097152
37,99,2097152
37,100,2097152
37,101,2097152
37,102,2097152
37,103,2097152
37,104,2097152
37,105,2097152
37,106,2097152
37,107,2097152
37,108,2097152
37,109,2097152
37,110,2097152
37,111,2097152
37,112,2097152
37,113,2097152
37,114,2097152
37,115,2097152
37,116,2097152
37,117,2097152
37,118,2097152
37,119,2097152
37,120,2097152
37,121,2097152
37,122,2097152
37,123,2097152
37,124,2097152
37,125,2097152
37,126,2097152
37,127,2097152
38,0,2097152
38,1,2097152
38,2,2097152
38,3,2097152
38,4,2097152
38,5,2097152
38,6,2097152
38,7,2097152
38,8,2097152
38,9,2097152
38,10,2097152
38,11,2097152
38,12,2097152
38,13,2097152
38,14,2097152
38,15,2097152
38,16,2097152
38,17,2097152
38,18,2097152
38,19,2097152
38,20,2097152
38,21,2097152
38,22,2097152
38,23,2097152
38,24,2097152
38,25,2097152
38,26,2097152
38,27,2097152
38,28,2097152
38,29,2097152
38,30,2097152
38,31,2097152
38,32,2097152
38,33,2097152
38,34,2097152
38,35,2097152
38,36,2097152
38,37,2097152
38,39,2097152
38,40,2097152
38,41,2097152
38,42,2097152
38,43,2097152
38,44,2097152
38,45,2097152
38,46,2097152
38,47,2097152
38,48,2097152
38,49,2097152
38,50,2097152
38,51,2097152
38,52,2097152
38,53,2097152
38,54,2097152
38,55,2097152
38,56,2097152
38,57,2097152
38,58,2097152
38,59,2097152
38,60,2097152
38,61,2097152
38,62,2097152
38,63,2097152
38,64,2097152
38,65,2097152
38,66,2097152
38,67,2097152
38,68,2097152
38,69,2097152
38,70,2097152
38,71,2097152
38,72,2097152
38,73,2097152
38,74,2097152
38,75,2097152
38,76,2097152
38,77,2097152
38,78,2097152
38,79,2097152
38,80,2097152
38,81,2097152
38,82,2097152
38,83,2097152
38,84,2097152
38,85,2097152
38,86,2097152
38,87,2097152
38,88,2097152
38,89,2097152
38,90,2097152
38,91,2097152
38,92,2097152
38,93,2097152
38,94,2097152
38,95,2097152
38,96,2097152
38,97,2097152
38,98,2097152
38,99,2097152
38,100,2097152
38,101,2097152
38,102,2097152
38,103,2097152
38,104,2097152
38,105,2097152
38,106,2097152
38,107,2097152
38,108,2097152
38,109,2097152
38,110,2097152
38,111,2097152
38,112,2097152
38,113,2097152
38,114,2097152
38,115,2097152
38,116,2097152
38,117,2097152
38,118,2097152
38,119,2097152
38,120,2097152
38,121,2097152
38,122,2097152
38,123,2097152
38,124,2097152
38,125,2097152
38,126,2097152
38,127,2097152
39,0,2097152
39,1,2097152
39,2,2097152
39,3,2097152
39,4,2097152
39,5,2097152
39,6,2097152
39,7,2097152
39,8,2097152
39,9,2097152
39,10,2097152
39,11,2097152
39,12,2097152
39,13,2097152
39,14,2097152
39,15,2097152
39,16,2097152
39,17,2097152
39,18,2097152
39,19,2097152
39,20,2097152
39,21,2097152
39,22,2097152
39,23,2097152
39,24,2097152
39,25,2097152
39,26,2097152
39,27,2097152
39,28,2097152
39,29,2097152
39,30,2097152
39,31,2097152
39,32,2097152
39,33,2097152
39,34,2097152
39,35,2097152
39,36,2097152
39,37,2097152
39,38,2097152
39,40,2097152
39,41,2097152
39,42,2097152
39,43,2097152
39,44,2097152
39,45,2097152
39,46,2097152
39,47,2097152
39,48,2097152
39,49,2097152
39,50,2097152
39,51,2097152
39,52,2097152
39,53,2097152
39,54,2097152
39,55,2097152
39,56,2097152
39,57,2097152
39,58,2097152
39,59,2097152
39,60,2097152
39,61,2097152
39,62,2097152
39,63,2097152
39,64,2097152
39,65,2097152
39,66,2097152
39,67,2097152
39,68,2097152
39,69,2097152
39,70,2097152
39,71,2097152
39,72,2097152
39,73,2097152
39,74,2097152
39,75,2097152
39,76,2097152
39,77,2097152
39,78,2097152
39,79,2097152
39,80,2097152
39,81,2097152
39,82,2097152
39,83,2097152
39,84,2097152
39,85,2097152
39,86,2097152
39,87,2097152
39,88,2097152
39,89,2097152
39,90,2097152
39,91,2097152
39,92,2097152
39,93,2097152
39,94,2097152
39,95,2097152
39,96,2097152
39,97,2097152
39,98,2097152
39,99,2097152
39,100,2097152
39,101,2097152
39,102,2097152
39,103,2097152
39,104,2097152
39,105,2097152
39,106,2097152
39,107,2097152
39,108,2097152
39,109,2097152
39,110,2097152
39,111,2097152
39,112,2097152
39,113,2097152
39,114,2097152
39,115,2097152
39,116,2097152
39,117,2097152
39,118,2097152
39,119,2097152
39,120,2097152
39,121,2097152
39,122,2097152
39,123,2097152
39,124,2097152
39,125,2097152
39,126,2097152
39,127,2097152
40,0,2097152
40,1,2097152
40,2,2097152
40,3,2097152
40,4,2097152
40,5,2097152
40,6,2097152
40,7,2097152
40,8,2097152
40,9,2097152
40,10,2097152
40,11,2097152
40,12,2097152
40,13,2097152
40,14,2097152
40,15,2097152
40,16,2097152
40,17,2097152
40,18,2097152
40,19,2097152
40,20,2097152
40,21,2097152
40,22,2097152
40,23,2097152
40,24,2097152
40,25,2097152
40,26,2097152
40,27,2097152
40,28,2097152
40,29,2097152
40,30,2097152
40,31,2097152
40,32,2097152
40,33,2097152
40,34,2097152
40,35,2097152
40,36,2097152
40,37,2097152
40,38,2097152
40,39,2097152
40,41,2097152
40,42,2097152
40,43,2097152
40,44,2097152
40,45,2097152
40,46,2097152
40,47,2097152
40,48,2097152
40,49,2097152
40,50,2097152
40,51,2097152
40,52,2097152
40,53,2097152
40,54,2097152
40,55,2097152
40,56,2097152
40,57,2097152
40,58,2097152
40,59,2097152
40,60,2097152
40,61,2097152
40,62,2097152
40,63,2097152
40,64,2097152
40,65,2097152
40,66,2097152
40,67,2097152
40,68,2097152
40,69,2097152
40,70,2097152
40,71,2097152
40,72,2097152
40,73,2097152
40,74,2097152
40,75,2097152
40,76,2097152
40,77,2097152
40,78,2097152
40,79,2097152
40,80,2097152
40,81,2097152
40,82,2097152
40,83,2097152
40,84,2097152
40,85,2097152
40,86,2097152
40,87,2097152
40,88,2097152
40,89,2097152
40,90,2097152
40,91,2097152
40,92,2097152
40,93,2097152
40,94,2097152
40,95,2097152
40,96,2097152
40,97,2097152
40,98,2097152
40,99,2097152
40,100,2097152
40,101,2097152
40,102,2097152
40,103,2097152
40,104,2097152
40,105,2097152
40,106,2097152
40,107,2097152
40,108,2097152
40,109,2097152
40,110,2097152
40,111,2097152
40,112,2097152
40,113,2097152
40,114,2097152
40,115,2097152
40,116,2097152
40,117,2097152
40,118,2097152
40,119,2097152
40,120,2097152
40,121,2097152
40,122,2097152
40,123,2097152
40,124,2097152
40,125,2097152
40,126,2097152
40,127,2097152
41,0,2097152
41,1,2097152
41,2,2097152
41,3,2097152
41,4,2097152
41,5,2097152
41,6,2097152
41,7,2097152
41,8,2097152
41,9,2097152
41,10,2097152
41,11,2097152
41,12,2097152
41,13,2097152
41,14,2097152
41,15,2097152
41,16,2097152
41,17,2097152
41,18,2097152
41,19,2097152
41,20,2097152
41,21,2097152
41,22,2097152
41,23,2097152
41,24,2097152
41,25,2097152
41,26,2097152
41,27,2097152
41,28,2097152
41,29,2097152
41,30,2097152
41,31,2097152
41,32,2097152
41,33,2097152
41,34,2097152
41,35,2097152
41,36,2097152
41,37,2097152
41,38,2097152
41,39,2097152
41,40,2097152
41,42,2097152
41,43,2097152
41,44,2097152
41,45,2097152
41,46,2097152
41,47,2097152
41,48,2097152
41,49,2097152
41,50,2097152
41,51,2097152
41,52,2097152
41,53,2097152
41,54,2097152
41,55,2097152
41,56,2097152
41,57,2097152
41,58,2097152
41,59,2097152
41,60,2097152
41,61,2097152
41,62,2097152
41,63,2097152
41,64,2097152
41,65,2097152
41,66,2097152
41,67,2097152
41,68,2097152
41,69,2097152
41,70,2097152
41,71,2097152
41,72,2097152
41,73,2097152
41,74,2097152
41,75,2097152
41,76,2097152
41,77,2097152
41,78,2097152
41,79,2097152
41,80,2097152
41,81,2097152
41,82,2097152
41,83,2097152
41,84,2097152
41,85,2097152
41,86,2097152
41,87,2097152
41,88,2097152
41,89,2097152
41,90,2097152
41,91,2097152
41,92,2097152
41,93,2097152
41,94,2097152
41,95,2097152
41,96,2097152
41,97,2097152
41,98,2097152
41,99,2097152
41,100,2097152
41,101,2097152
41,102,2097152
41,103,2097152
41,104,2097152
41,105,2097152
41,106,2097152
41,107,2097152
41,108,2097152
41,109,2097152
41,110,2097152
41,111,2097152
41,112,2097152
41,113,2097152
41,114,2097152
41,115,2097152
41,116,2097152
41,117,2097152
41,118,2097152
41,119,2097152
41,120,2097152
41,121,2097152
41,122,2097152
41,123,2097152
41,124,2097152
41,125,2097152
41,126,2097152
41,127,2097152
42,0,2097152
42,1,2097152
42,2,2097152
42,3,2097152
42,4,2097152
42,5,2097152
42,6,2097152
42,7,2097152
42,8,2097152
42,9,2097152
42,10,2097152
42,11,2097152
42,12,2097152
42,13,2097152
42,14,2097152
42,15,2097152
42,16,2097152
42,17,2097152
42,18,2097152
42,19,2097152
42,20,2097152
42,21,2097152
42,22,2097152
42,23,2097152
42,24,2097152
42,25,2097152
42,26,2097152
42,27,2097152
42,28,2097152
42,29,2097152
42,30,2097152
42,31,2097152
42,32,2097152
42,33,2097152
42,34,2097152
42,35,2097152
42,36,2097152
42,37,2097152
42,38,2097152
42,39,2097152
42,40,2097152
42,41,2097152
42,43,2097152
42,44,2097152
42,45,2097152
42,46,2097152
42,47,2097152
42,48,2097152
42,49,2097152
42,50,2097152
42,51,2097152
42,52,2097152
42,53,2097152
42,54,2097152
42,55,2097152
42,56,2097152
42,57,2097152
42,58,2097152
42,59,2097152
42,60,2097152
42,61,2097152
42,62,2097152
42,63,2097152
42,64,2097152
42,65,2097152
42,66,2097152
42,67,2097152
42,68,2097152
42,69,2097152
42,70,2097152
42,71,2097152
42,72,2097152
42,73,2097152
42,74,2097152
42,75,2097152
42,76,2097152
42,77,2097152
42,78,2097152
42,79,2097152
42,80,2097152
42,81,2097152
42,82,2097152
42,83,2097152
42,84,2097152
42,85,2097152
42,86,2097152
42,87,2097152
42,88,2097152
42,89,2097152
42,90,2097152
42,91,2097152
42,92,2097152
42,93,2097152
42,94,2097152
42,95,2097152
42,96,2097152
42,97,2097152
42,98,2097152
42,99,2097152
42,100,2097152
42,101,2097152
42,102,2097152
42,103,2097152
42,104,2097152
42,105,2097152
42,106,2097152
42,107,2097152
42,108,2097152
42,109,2097152
42,110,2097152
42,111,2097152
42,112,2097152
42,113,2097152
42,114,2097152
42,115,2097152
42,116,2097152
42,117,2097152
42,118,2097152
42,119,2097152
42,120,2097152
42,121,2097152
42,122,2097152
42,123,2097152
42,124,2097152
42,125,2097152
42,126,2097152
42,127,2097152
43,0,2097152
43,1,2097152
43,2,2097152
43,3,2097152
43,4,2097152
43,5,2097152
43,6,2097152
43,7,2097152
43,8,2097152
43,9,2097152
43,10,2097152
43,11,2097152
43,12,2097152
43,13,2097152
43,14,2097152
43,15,2097152
43,16,2097152
43,17,2097152
43,18,2097152
43,19,2097152
43,20,2097152
43,21,2097152
43,22,2097152
43,23,2097152
43,24,2097152
43,25,2097152
43,26,2097152
43,27,2097152
43,28,2097152
43,29,2097152
43,30,2097152
43,31,2097152
43,32,2097152
43,33,2097152
43,34,2097152
43,35,2097152
43,36,2097152
43,37,2097152
43,38,2097152
43,39,2097152
43,40,2097152
43,41,2097152
43,42,2097152
43,44,2097152
43,45,2097152
43,46,2097152
43,47,2097152
43,48,2097152
43,49,2097152
43,50,2097152
43,51,2097152
43,52,2097152
43,53,2097152
43,54,2097152
43,55,2097152
43,56,2097152
43,57,2097152
43,58,2097152
43,59,2097152
43,60,2097152
43,61,2097152
43,62,2097152
43,63,2097152
43,64,2097152
43,65,2097152
43,66,2097152
43,67,2097152
43,68,2097152
43,69,2097152
43,70,2097152
43,71,2097152
43,72,2097152
43,73,2097152
43,74,2097152
43,75,2097152
43,76,2097152
43,77,2097152
43,78,2097152
43,79,2097152
43,80,2097152
43,81,2097152
43,82,2097152
43,83,2097152
43,84,2097152
43,85,2097152
43,86,2097152
43,87,2097152
43,88,2097152
43,89,2097152
43,90,2097152
43,91,2097152
43,92,2097152
43,93,2097152
43,94,2097152
43,95,2097152
43,96,2097152
43,97,2097152
43,98,2097152
43,99,2097152
43,100,2097152
43,101,2097152
43,102,2097152
43,103,2097152
43,104,2097152
43,105,2097152
43,106,2097152
43,107,2097152
43,108,2097152
43,109,2097152
43,110,2097152
43,111,2097152
43,112,2097152
43,113,2097152
43,114,2097152
43,115,2097152
43,116,2097152
43,117,2097152
43,118,2097152
43,119,2097152
43,120,2097152
43,121,2097152
43,122,2097152
43,123,2097152
43,124,2097152
43,125,2097152
43,126,2097152
43,127,2097152
44,0,2097152
44,1,2097152
44,2,2097152
44,3,2097152
44,4,2097152
44,5,2097152
44,6,2097152
44,7,2097152
44,8,2097152
44,9,2097152
44,10,2097152
44,11,2097152
44,12,2097152
44,13,2097152
44,14,2097152
44,15,2097152
44,16,2097152
44,17,2097152
44,18,2097152
44,19,2097152
44,20,2097152
44,21,2097152
44,22,2097152
44,23,2097152
44,24,2097152
44,25,2097152
44,26,2097152
44,27,2097152
44,28,2097152
44,29,2097152
44,30,2097152
44,31,2097152
44,32,2097152
44,33,2097152
44,34,2097152
44,35,2097152
44,36,2097152
44,37,2097152
44,38,2097152
44,39,2097152
44,40,2097152
44,41,2097152
44,42,2097152
44,43,2097152
44,45,2097152
44,46,2097152
44,47,2097152
44,48,2097152
44,49,2097152
44,50,2097152
44,51,2097152
44,52,2097152
44,53,2097152
44,54,2097152
44,55,2097152
44,56,2097152
44,57,2097152
44,58,2097152
44,59,2097152
44,60,2097152
44,61,2097152
44,62,2097152
44,63,2097152
44,64,2097152
44,65,2097152
44,66,2097152
44,67,2097152
44,68,2097152
44,69,2097152
44,70,2097152
44,71,2097152
44,72,2097152
44,73,2097152
44,74,2097152
44,75,2097152
44,76,2097152
44,77,2097152
44,78,2097152
44,79,2097152
44,80,2097152
44,81,2097152
44,82,2097152
44,83,2097152
44,84,2097152
44,85,2097152
44,86,2097152
44,87,2097152
44,88,2097152
44,89,2097152
44,90,2097152
44,91,2097152
44,92,2097152
44,93,2097152
44,94,2097152
44,95,2097152
44,96,2097152
44,97,2097152
44,98,2097152
44,99,2097152
44,100,2097152
44,101,2097152
44,102,2097152
44,103,2097152
44,104,2097152
44,105,2097152
44,106,2097152
44,107,2097152
44,108,2097152
44,109,2097152
44,110,2097152
44,111,2097152
44,112,2097152
44,113,2097152
44,114,2097152
44,115,2097152
44,116,2097152
44,117,2097152
44,118,2097152
44,119,2097152
44,120,2097152
44,121,2097152
44,122,2097152
44,123,2097152
44,124,2097152
44,125,2097152
44,126,2097152
44,127,2097152
45,0,2097152
45,1,2097152
45,2,2097152
45,3,2097152
45,4,2097152
45,5,2097152
45,6,2097152
45,7,2097152
45,8,2097152
45,9,2097152
45,10,2097152
45,11,2097152
45,12,2097152
45,13,2097152
45,14,2097152
45,15,2097152
45,16,2097152
45,17,2097152
45,18,2097152
45,19,2097152
45,20,2097152
45,21,2097152
45,22,2097152
45,23,2097152
45,24,2097152
45,25,2097152
45,26,2097152
45,27,2097152
45,28,2097152
45,29,2097152
45,30,2097152
45,31,2097152
45,32,2097152
45,33,2097152
45,34,2097152
45,35,2097152
45,36,2097152
45,37,2097152
45,38,2097152
45,39,2097152
45,40,2097152
45,41,2097152
45,42,2097152
45,43,2097152
45,44,2097152
45,46,2097152
45,47,2097152
45,48,2097152
45,49,2097152
45,50,2097152
45,51,2097152
45,52,2097152
45,53,2097152
45,54,2097152
45,55,2097152
45,56,2097152
45,57,2097152
45,58,2097152
45,59,2097152
45,60,2097152
45,61,2097152
45,62,2097152
45,63,2097152
45,64,2097152
45,65,2097152
45,66,2097152
45,67,2097152
45,68,2097152
45,69,2097152
45,70,2097152
45,71,2097152
45,72,2097152
45,73,2097152
45,74,2097152
45,75,2097152
45,76,2097152
45,77,2097152
45,78,2097152
45,79,2097152
45,80,2097152
45,81,2097152
45,82,2097152
45,83,2097152
45,84,2097152
45,85,2097152
45,86,2097152
45,87,2097152
45,88,2097152
45,89,2097152
45,90,2097152
45,91,2097152
45,92,2097152
45,93,2097152
45,94,2097152
45,95,2097152
45,96,2097152
45,97,2097152
45,98,2097152
45,99,2097152
45,100,2097152
45,101,2097152
45,102,2097152
45,103,2097152
45,104,2097152
45,105,2097152
45,106,2097152
45,107,2097152
45,108,2097152
45,109,2097152
45,110,2097152
45,111,2097152
45,112,2097152
45,113,2097152
45,114,2097152
45,115,2097152
45,116,2097152
45,117,2097152
45,118,2097152
45,119,2097152
45,120,2097152
45,121,2097152
45,122,2097152
45,123,2097152
45,124,2097152
45,125,2097152
45,126,2097152
45,127,2097152
46,0,2097152
46,1,2097152
46,2,2097152
46,3,2097152
46,4,2097152
46,5,2097152
46,6,2097152
46,7,2097152
46,8,2097152
46,9,2097152
46,10,2097152
46,11,2097152
46,12,2097152
46,13,2097152
46,14,2097152
46,15,2097152
46,16,2097152
46,17,2097152
46,18,2097152
46,19,2097152
46,20,2097152
46,21,2097152
46,22,2097152
46,23,2097152
46,24,2097152
46,25,2097152
46,26,2097152
46,27,2097152
46,28,2097152
46,29,2097152
46,30,2097152
46,31,2097152
46,32,2097152
46,33,2097152
46,34,2097152
46,35,2097152
46,36,2097152
46,37,2097152
46,38,2097152
46,39,2097152
46,40,2097152
46,41,2097152
46,42,2097152
46,43,2097152
46,44,2097152
46,45,2097152
46,47,2097152
46,48,2097152
46,49,2097152
46,50,2097152
46,51,2097152
46,52,2097152
46,53,2097152
46,54,2097152
46,55,2097152
46,56,2097152
46,57,2097152
46,58,2097152
46,59,2097152
46,60,2097152
46,61,2097152
46,62,2097152
46,63,2097152
46,64,2097152
46,65,2097152
46,66,2097152
46,67,2097152
46,68,2097152
46,69,2097152
46,70,2097152
46,71,2097152
46,72,2097152
46,73,2097152
46,74,2097152
46,75,2097152
46,76,2097152
46,77,2097152
46,78,2097152
46,79,2097152
46,80,2097152
46,81,2097152
46,82,2097152
46,83,2097152
46,84,2097152
46,85,2097152
46,86,2097152
46,87,2097152
46,88,2097152
46,89,2097152
46,90,2097152
46,91,2097152
46,92,2097152
46,93,2097152
46,94,2097152
46,95,2097152
46,96,2097152
46,97,2097152
46,98,2097152
46,99,2097152
46,100,2097152
46,101,2097152
46,102,2097152
46,103,2097152
46,104,2097152
46,105,2097152
46,106,2097152
46,107,2097152
46,108,2097152
46,109,2097152
46,110,2097152
46,111,2097152
46,112,2097152
46,113,2097152
46,114,2097152
46,115,2097152
46,116,2097152
46,117,2097152
46,118,2097152
46,119,2097152
46,120,2097152
46,121,2097152
46,122,2097152
46,123,2097152
46,124,2097152
46,125,2097152
46,126,2097152
46,127,2097152
47,0,2097152
47,1,2097152
47,2,2097152
47,3,2097152
47,4,2097152
47,5,2097152
47,6,2097152
47,7,2097152
47,8,2097152
47,9,2097152
47,10,2097152
47,11,2097152
47,12,2097152
47,13,2097152
47,14,2097152
47,15,2097152
47,16,2097152
47,17,2097152
47,18,2097152
47,19,2097152
47,20,2097152
47,21,2097152
47,22,2097152
47,23,2097152
47,24,2097152
47,25,2097152
47,26,2097152
47,27,2097152
47,28,2097152
47,29,2097152
47,30,2097152
47,31,2097152
47,32,2097152
47,33,2097152
47,34,2097152
47,35,2097152
47,36,2097152
47,37,2097152
47,38,2097152
47,39,2097152
47,40,2097152
47,41,2097152
47,42,2097152
47,43,2097152
47,44,2097152
47,45,2097152
47,46,2097152
47,48,2097152
47,49,2097152
47,50,2097152
47,51,2097152
47,52,2097152
47,53,2097152
47,54,2097152
47,55,2097152
47,56,2097152
47,57,2097152
47,58,2097152
47,59,2097152
47,60,2097152
47,61,2097152
47,62,2097152
47,63,2097152
47,64,2097152
47,65,2097152
47,66,2097152
47,67,2097152
47,68,2097152
47,69,2097152
47,70,2097152
47,71,2097152
47,72,2097152
47,73,2097152
47,74,2097152
47,75,2097152
47,76,2097152
47,77,2097152
47,78,2097152
47,79,2097152
47,80,2097152
47,81,2097152
47,82,2097152
47,83,2097152
47,84,2097152
47,85,2097152
47,86,2097152
47,87,2097152
47,88,2097152
47,89,2097152
47,90,2097152
47,91,2097152
47,92,2097152
47,93,2097152
47,94,2097152
47,95,2097152
47,96,2097152
47,97,2097152
47,98,2097152
47,99,2097152
47,100,2097152
47,101,2097152
47,102,2097152
47,103,2097152
47,104,2097152
47,105,2097152
47,106,2097152
47,107,2097152
47,108,2097152
47,109,2097152
47,110,2097152
47,111,2097152
47,112,2097152
47,113,2097152
47,114,2097152
47,115,2097152
47,116,2097152
47,117,2097152
47,118,2097152
47,119,2097152
47,120,2097152
47,121,2097152
47,122,2097152
47,123,2097152
47,124,2097152
47,125,2097152
47,126,2097152
47,127,2097152
48,0,2097152
48,1,2097152
48,2,2097152
48,3,2097152
48,4,2097152
48,5,2097152
48,6,2097152
48,7,2097152
48,8,2097152
48,9,2097152
48,10,2097152
48,11,2097152
48,12,2097152
48,13,2097152
48,14,2097152
48,15,2097152
48,16,2097152
48,17,2097152
48,18,2097152
48,19,2097152
48,20,2097152
48,21,2097152
48,22,2097152
48,23,2097152
48,24,2097152
48,25,2097152
48,26,2097152
48,27,2097152
48,28,2097152
48,29,2097152
48,30,2097152
48,31,2097152
48,32,2097152
48,33,2097152
48,34,2097152
48,35,2097152
48,36,2097152
48,37,2097152
48,38,2097152
48,39,2097152
48,40,2097152
48,41,2097152
48,42,2097152
48,43,2097152
48,44,2097152
48,45,2097152
48,46,2097152
48,47,2097152
48,49,2097152
48,50,2097152
48,51,2097152
48,52,2097152
48,53,2097152
48,54,2097152
48,55,2097152
48,56,2097152
48,57,2097152
48,58,2097152
48,59,2097152
48,60,2097152
48,61,2097152
48,62,2097152
48,63,2097152
48,64,2097152
48,65,2097152
48,66,2097152
48,67,2097152
48,68,2097152
48,69,2097152
48,70,2097152
48,71,2097152
48,72,2097152
48,73,2097152
48,74,2097152
48,75,2097152
48,76,2097152
48,77,2097152
48,78,2097152
48,79,2097152
48,80,2097152
48,81,2097152
48,82,2097152
48,83,2097152
48,84,2097152
48,85,2097152
48,86,2097152
48,87,2097152
48,88,2097152
48,89,2097152
48,90,2097152
48,91,2097152
48,92,2097152
48,93,2097152
48,94,2097152
48,95,2097152
48,96,2097152
48,97,2097152
48,98,2097152
48,99,2097152
48,100,2097152
48,101,2097152
48,102,2097152
48,103,2097152
48,104,2097152
48,105,2097152
48,106,2097152
48,107,2097152
48,108,2097152
48,109,2097152
48,110,2097152
48,111,2097152
48,112,2097152
48,113,2097152
48,114,2097152
48,115,2097152
48,116,2097152
48,117,2097152
48,118,2097152
48,119,2097152
48,120,2097152
48,121,2097152
48,122,2097152
48,123,2097152
48,124,2097152
48,125,2097152
48,126,2097152
48,127,2097152
49,0,2097152
49,1,2097152
49,2,2097152
49,3,2097152
49,4,2097152
49,5,2097152
49,6,2097152
49,7,2097152
49,8,2097152
49,9,2097152
49,10,2097152
49,11,2097152
49,12,2097152
49,13,2097152
49,14,2097152
49,15,2097152
49,16,2097152
49,17,2097152
49,18,2097152
49,19,2097152
49,20,2097152
49,21,2097152
49,22,2097152
49,23,2097152
49,24,2097152
49,25,2097152
49,26,2097152
49,27,2097152
49,28,2097152
49,29,2097152
49,30,2097152
49,31,2097152
49,32,2097152
49,33,2097152
49,34,2097152
49,35,2097152
49,36,2097152
49,37,2097152
49,38,2097152
49,39,2097152
49,40,2097152
49,41,2097152
49,42,2097152
49,43,2097152
49,44,2097152
49,45,2097152
49,46,2097152
49,47,2097152
49,48,2097152
49,50,2097152
49,51,2097152
49,52,2097152
49,53,2097152
49,54,2097152
49,55,2097152
49,56,2097152
49,57,2097152
49,58,2097152
49,59,2097152
49,60,2097152
49,61,2097152
49,62,2097152
49,63,2097152
49,64,2097152
49,65,2097152
49,66,2097152
49,67,2097152
49,68,2097152
49,69,2097152
49,70,2097152
49,71,2097152
49,72,2097152
49,73,2097152
49,74,2097152
49,75,2097152
49,76,2097152
49,77,2097152
49,78,2097152
49,79,2097152
49,80,2097152
49,81,2097152
49,82,2097152
49,83,2097152
49,84,2097152
49,85,2097152
49,86,2097152
49,87,2097152
49,88,2097152
49,89,2097152
49,90,2097152
49,91,2097152
49,92,2097152
49,93,2097152
49,94,2097152
49,95,2097152
49,96,2097152
49,97,2097152
49,98,2097152
49,99,2097152
49,100,2097152
49,101,2097152
49,102,2097152
49,103,2097152
49,104,2097152
49,105,2097152
49,106,2097152
49,107,2097152
49,108,2097152
49,109,2097152
49,110,2097152
49,111,2097152
49,112,2097152
49,113,2097152
49,114,2097152
49,115,2097152
49,116,2097152
49,117,2097152
49,118,2097152
49,119,2097152
49,120,2097152
49,121,2097152
49,122,2097152
49,123,2097152
49,124,2097152
49,125,2097152
49,126,2097152
49,127,2097152
50,0,2097152
50,1,2097152
50,2,2097152
50,3,2097152
50,4,2097152
50,5,2097152
50,6,2097152
50,7,2097152
50,8,2097152
50,9,2097152
50,10,2097152
50,11,2097152
50,12,2097152
50,13,2097152
50,14,2097152
50,15,2097152
50,16,2097152
50,17,2097152
50,18,2097152
50,19,2097152
50,20,2097152
50,21,2097152
50,22,2097152
50,23,2097152
50,24,2097152
50,25,2097152
50,26,2097152
50,27,2097152
50,28,2097152
50,29,2097152
50,30,2097152
50,31,2097152
50,32,2097152
50,33,2097152
50,34,2097152
50,35,2097152
50,36,2097152
50,37,2097152
50,38,2097152
50,39,2097152
50,40,2097152
50,41,2097152
50,42,2097152
50,43,2097152
50,44,2097152
50,45,2097152
50,46,2097152
50,47,2097152
50,48,2097152
50,49,2097152
50,51,2097152
50,52,2097152
50,53,2097152
50,54,2097152
50,55,2097152
50,56,2097152
50,57,2097152
50,58,2097152
50,59,2097152
50,60,2097152
50,61,2097152
50,62,2097152
50,63,2097152
50,64,2097152
50,65,2097152
50,66,2097152
50,67,2097152
50,68,2097152
50,69,2097152
50,70,2097152
50,71,2097152
50,72,2097152
50,73,2097152
50,74,2097152
50,75,2097152
50,76,2097152
50,77,2097152
50,78,2097152
50,79,2097152
50,80,2097152
50,81,2097152
50,82,2097152
50,83,2097152
50,84,2097152
50,85,2097152
50,86,2097152
50,87,2097152
50,88,2097152
50,89,2097152
50,90,2097152
50,91,2097152
50,92,2097152
50,93,2097152
50,94,2097152
50,95,2097152
50,96,2097152
50,97,2097152
50,98,2097152
50,99,2097152
50,100,2097152
50,101,2097152
50,102,2097152
50,103,2097152
50,104,2097152
50,105,2097152
50,106,2097152
50,107,2097152
50,108,2097152
50,109,2097152
50,110,2097152
50,111,2097152
50,112,2097152
50,113,2097152
50,114,2097152
50,115,2097152
50,116,2097152
50,117,2097152
50,118,2097152
50,119,2097152
50,120,2097152
50,121,2097152
50,122,2097152
50,123,2097152
50,124,2097152
50,125,2097152
50,126,2097152
50,127,2097152
51,0,2097152
51,1,2097152
51,2,2097152
51,3,2097152
51,4,2097152
51,5,2097152
51,6,2097152
51,7,2097152
51,8,2097152
51,9,2097152
51,10,2097152
51,11,2097152
51,12,2097152
51,13,2097152
51,14,2097152
51,15,2097152
51,16,2097152
51,17,2097152
51,18,2097152
51,19,2097152
51,20,2097152
51,21,2097152
51,22,2097152
51,23,2097152
51,24,2097152
51,25,2097152
51,26,2097152
51,27,2097152
51,28,2097152
51,29,2097152
51,30,2097152
51,31,2097152
51,32,2097152
51,33,2097152
51,34,2097152
51,35,2097152
51,36,2097152
51,37,2097152
51,38,2097152
51,39,2097152
51,40,2097152
51,41,2097152
51,42,2097152
51,43,2097152
51,44,2097152
51,45,2097152
51,46,2097152
51,47,2097152
51,48,2097152
51,49,2097152
51,50,2097152
51,52,2097152
51,53,2097152
51,54,2097152
51,55,2097152
51,56,2097152
51,57,2097152
51,58,2097152
51,59,2097152
51,60,2097152
51,61,2097152
51,62,2097152
51,63,2097152
51,64,2097152
51,65,2097152
51,66,2097152
51,67,2097152
51,68,2097152
51,69,2097152
51,70,2097152
51,71,2097152
51,72,2097152
51,73,2097152
51,74,2097152
51,75,2097152
51,76,2097152
51,77,2097152
51,78,2097152
51,79,2097152
51,80,2097152
51,81,2097152
51,82,2097152
51,83,2097152
51,84,2097152
51,85,2097152
51,86,2097152
51,87,2097152
51,88,2097152
51,89,2097152
51,90,2097152
51,91,2097152
51,92,2097152
51,93,2097152
51,94,2097152
51,95,2097152
51,96,2097152
51,97,2097152
51,98,2097152
51,99,2097152
51,100,2097152
51,101,2097152
51,102,2097152
51,103,2097152
51,104,2097152
51,105,2097152
51,106,2097152
51,107,2097152
51,108,2097152
51,109,2097152
51,110,2097152
51,111,2097152
51,112,2097152
51,113,2097152
51,114,2097152
51,115,2097152
51,116,2097152
51,117,2097152
51,118,2097152
51,119,2097152
51,120,2097152
51,121,2097152
51,122,2097152
51,123,2097152
51,124,2097152
51,125,2097152
51,126,2097152
51,127,2097152
52,0,2097152
52,1,2097152
52,2,2097152
52,3,2097152
52,4,2097152
52,5,2097152
52,6,2097152
52,7,2097152
52,8,2097152
52,9,2097152
52,10,2097152
52,11,2097152
52,12,2097152
52,13,2097152
52,14,2097152
52,15,2097152
52,16,2097152
52,17,2097152
52,18,2097152
52,19,2097152
52,20,2097152
52,21,2097152
52,22,2097152
52,23,2097152
52,24,2097152
52,25,2097152
52,26,2097152
52,27,2097152
52,28,2097152
52,29,2097152
52,30,2097152
52,31,2097152
52,32,2097152
52,33,2097152
52,34,2097152
52,35,2097152
52,36,2097152
52,37,2097152
52,38,2097152
52,39,2097152
52,40,2097152
52,41,2097152
52,42,2097152
52,43,2097152
52,44,2097152
52,45,2097152
52,46,2097152
52,47,2097152
52,48,2097152
52,49,2097152
52,50,2097152
52,51,2097152
52,53,2097152
52,54,2097152
52,55,2097152
52,56,2097152
52,57,2097152
52,58,2097152
52,59,2097152
52,60,2097152
52,61,2097152
52,62,2097152
52,63,2097152
52,64,2097152
52,65,2097152
52,66,2097152
52,67,2097152
52,68,2097152
52,69,2097152
52,70,2097152
52,71,2097152
52,72,2097152
52,73,2097152
52,74,2097152
52,75,2097152
52,76,2097152
52,77,2097152
52,78,2097152
52,79,2097152
52,80,2097152
52,81,2097152
52,82,2097152
52,83,2097152
52,84,2097152
52,85,2097152
52,86,2097152
52,87,2097152
52,88,2097152
52,89,2097152
52,90,2097152
52,91,2097152
52,92,2097152
52,93,2097152
52,94,2097152
52,95,2097152
52,96,2097152
52,97,2097152
52,98,2097152
52,99,2097152
52,100,2097152
52,101,2097152
52,102,2097152
52,103,2097152
52,104,2097152
52,105,2097152
52,106,2097152
52,107,2097152
52,108,2097152
52,109,2097152
52,110,2097152
52,111,2097152
52,112,2097152
52,113,2097152
52,114,2097152
52,115,2097152
52,116,2097152
52,117,2097152
52,118,2097152
52,119,2097152
52,120,2097152
52,121,2097152
52,122,2097152
52,123,2097152
52,124,2097152
52,125,2097152
52,126,2097152
52,127,2097152
53,0,2097152
53,1,2097152
53,2,2097152
53,3,2097152
53,4,2097152
53,5,2097152
53,6,2097152
53,7,2097152
53,8,2097152
53,9,2097152
53,10,2097152
53,11,2097152
53,12,2097152
53,13,2097152
53,14,2097152
53,15,2097152
53,16,2097152
53,17,2097152
53,18,2097152
53,19,2097152
53,20,2097152
53,21,2097152
53,22,2097152
53,23,2097152
53,24,2097152
53,25,2097152
53,26,2097152
53,27,2097152
53,28,2097152
53,29,2097152
53,30,2097152
53,31,2097152
53,32,2097152
53,33,2097152
53,34,2097152
53,35,2097152
53,36,2097152
53,37,2097152
53,38,2097152
53,39,2097152
53,40,2097152
53,41,2097152
53,42,2097152
53,43,2097152
53,44,2097152
53,45,2097152
53,46,2097152
53,47,2097152
53,48,2097152
53,49,2097152
53,50,2097152
53,51,2097152
53,52,2097152
53,54,2097152
53,55,2097152
53,56,2097152
53,57,2097152
53,58,2097152
53,59,2097152
53,60,2097152
53,61,2097152
53,62,2097152
53,63,2097152
53,64,2097152
53,65,2097152
53,66,2097152
53,67,2097152
53,68,2097152
53,69,2097152
53,70,2097152
53,71,2097152
53,72,2097152
53,73,2097152
53,74,2097152
53,75,2097152
53,76,2097152
53,77,2097152
53,78,2097152
53,79,2097152
53,80,2097152
53,81,2097152
53,82,2097152
53,83,2097152
53,84,2097152
53,85,2097152
53,86,2097152
53,87,2097152
53,88,2097152
53,89,2097152
53,90,2097152
53,91,2097152
53,92,2097152
53,93,2097152
53,94,2097152
53,95,2097152
53,96,2097152
53,97,2097152
53,98,2097152
53,99,2097152
53,100,2097152
53,101,2097152
53,102,2097152
53,103,2097152
53,104,2097152
53,105,2097152
53,106,2097152
53,107,2097152
53,108,2097152
53,109,2097152
53,110,2097152
53,111,2097152
53,112,2097152
53,113,2097152
53,114,2097152
53,115,2097152
53,116,2097152
53,117,2097152
53,118,2097152
53,119,2097152
53,120,2097152
53,121,2097152
53,122,2097152
53,123,2097152
53,124,2097152
53,125,2097152
53,126,2097152
53,127,2097152
54,0,2097152
54,1,2097152
54,2,2097152
54,3,2097152
54,4,2097152
54,5,2097152
54,6,2097152
54,7,2097152
54,8,2097152
54,9,2097152
54,10,2097152
54,11,2097152
54,12,2097152
54,13,2097152
54,14,2097152
54,15,2097152
54,16,2097152
54,17,2097152
54,18,2097152
54,19,2097152
54,20,2097152
54,21,2097152
54,22,2097152
54,23,2097152
54,24,2097152
54,25,2097152
54,26,2097152
54,27,2097152
54,28,2097152
54,29,2097152
54,30,2097152
54,31,2097152
54,32,2097152
54,33,2097152
54,34,2097152
54,35,2097152
54,36,2097152
54,37,2097152
54,38,2097152
54,39,2097152
54,40,2097152
54,41,2097152
54,42,2097152
54,43,2097152
54,44,2097152
54,45,2097152
54,46,2097152
54,47,2097152
54,48,2097152
54,49,2097152
54,50,2097152
54,51,2097152
54,52,2097152
54,53,2097152
54,55,2097152
54,56,2097152
54,57,2097152
54,58,2097152
54,59,2097152
54,60,2097152
54,61,2097152
54,62,2097152
54,63,2097152
54,64,2097152
54,65,2097152
54,66,2097152
54,67,2097152
54,68,2097152
54,69,2097152
54,70,2097152
54,71,2097152
54,72,2097152
54,73,2097152
54,74,2097152
54,75,2097152
54,76,2097152
54,77,2097152
54,78,2097152
54,79,2097152
54,80,2097152
54,81,2097152
54,82,2097152
54,83,2097152
54,84,2097152
54,85,2097152
54,86,2097152
54,87,2097152
54,88,2097152
54,89,2097152
54,90,2097152
54,91,2097152
54,92,2097152
54,93,2097152
54,94,2097152
54,95,2097152
54,96,2097152
54,97,2097152
54,98,2097152
54,99,2097152
54,100,2097152
54,101,2097152
54,102,2097152
54,103,2097152
54,104,2097152
54,105,2097152
54,106,2097152
54,107,2097152
54,108,2097152
54,109,2097152
54,110,2097152
54,111,2097152
54,112,2097152
54,113,2097152
54,114,2097152
54,115,2097152
54,116,2097152
54,117,2097152
54,118,2097152
54,119,2097152
54,120,2097152
54,121,2097152
54,122,2097152
54,123,2097152
54,124,2097152
54,125,2097152
54,126,2097152
54,127,2097152
55,0,2097152
55,1,2097152
55,2,2097152
55,3,2097152
55,4,2097152
55,5,2097152
55,6,2097152
55,7,2097152
55,8,2097152
55,9,2097152
55,10,2097152
55,11,2097152
55,12,2097152
55,13,2097152
55,14,2097152
55,15,2097152
55,16,2097152
55,17,2097152
55,18,2097152
55,19,2097152
55,20,2097152
55,21,2097152
55,22,2097152
55,23,2097152
55,24,2097152
55,25,2097152
55,26,2097152
55,27,2097152
55,28,2097152
55,29,2097152
55,30,2097152
55,31,2097152
55,32,2097152
55,33,2097152
55,34,2097152
55,35,2097152
55,36,2097152
55,37,2097152
55,38,2097152
55,39,2097152
55,40,2097152
55,41,2097152
55,42,2097152
55,43,2097152
55,44,2097152
55,45,2097152
55,46,2097152
55,47,2097152
55,48,2097152
55,49,2097152
55,50,2097152
55,51,2097152
55,52,2097152
55,53,2097152
55,54,2097152
55,56,2097152
55,57,2097152
55,58,2097152
55,59,2097152
55,60,2097152
55,61,2097152
55,62,2097152
55,63,2097152
55,64,2097152
55,65,2097152
55,66,2097152
55,67,2097152
55,68,2097152
55,69,2097152
55,70,2097152
55,71,2097152
55,72,2097152
55,73,2097152
55,74,2097152
55,75,2097152
55,76,2097152
55,77,2097152
55,78,2097152
55,79,2097152
55,80,2097152
55,81,2097152
55,82,2097152
55,83,2097152
55,84,2097152
55,85,2097152
55,86,2097152
55,87,2097152
55,88,2097152
55,89,2097152
55,90,2097152
55,91,2097152
55,92,2097152
55,93,2097152
55,94,2097152
55,95,2097152
55,96,2097152
55,97,2097152
55,98,2097152
55,99,2097152
55,100,2097152
55,101,2097152
55,102,2097152
55,103,2097152
55,104,2097152
55,105,2097152
55,106,2097152
55,107,2097152
55,108,2097152
55,109,2097152
55,110,2097152
55,111,2097152
55,112,2097152
55,113,2097152
55,114,2097152
55,115,2097152
55,116,2097152
55,117,2097152
55,118,2097152
55,119,2097152
55,120,2097152
55,121,2097152
55,122,2097152
55,123,2097152
55,124,2097152
55,125,2097152
55,126,2097152
55,127,2097152
56,0,2097152
56,1,2097152
56,2,2097152
56,3,2097152
56,4,2097152
56,5,2097152
56,6,2097152
56,7,2097152
56,8,2097152
56,9,2097152
56,10,2097152
56,11,2097152
56,12,2097152
56,13,2097152
56,14,2097152
56,15,2097152
56,16,2097152
56,17,2097152
56,18,2097152
56,19,2097152
56,20,2097152
56,21,2097152
56,22,2097152
56,23,2097152
56,24,2097152
56,25,2097152
56,26,2097152
56,27,2097152
56,28,2097152
56,29,2097152
56,30,2097152
56,31,2097152
56,32,2097152
56,33,2097152
56,34,2097152
56,35,2097152
56,36,2097152
56,37,2097152
56,38,2097152
56,39,2097152
56,40,2097152
56,41,2097152
56,42,2097152
56,43,2097152
56,44,2097152
56,45,2097152
56,46,2097152
56,47,2097152
56,48,2097152
56,49,2097152
56,50,2097152
56,51,2097152
56,52,2097152
56,53,2097152
56,54,2097152
56,55,2097152
56,57,2097152
56,58,2097152
56,59,2097152
56,60,2097152
56,61,2097152
56,62,2097152
56,63,2097152
56,64,2097152
56,65,2097152
56,66,2097152
56,67,2097152
56,68,2097152
56,69,2097152
56,70,2097152
56,71,2097152
56,72,2097152
56,73,2097152
56,74,2097152
56,75,2097152
56,76,2097152
56,77,2097152
56,78,2097152
56,79,2097152
56,80,2097152
56,81,2097152
56,82,2097152
56,83,2097152
56,84,2097152
56,85,2097152
56,86,2097152
56,87,2097152
56,88,2097152
56,89,2097152
56,90,2097152
56,91,2097152
56,92,2097152
56,93,2097152
56,94,2097152
56,95,2097152
56,96,2097152
56,97,2097152
56,98,2097152
56,99,2097152
56,100,2097152
56,101,2097152
56,102,2097152
56,103,2097152
56,104,2097152
56,105,2097152
56,106,2097152
56,107,2097152
56,108,2097152
56,109,2097152
56,110,2097152
56,111,2097152
56,112,2097152
56,113,2097152
56,114,2097152
56,115,2097152
56,116,2097152
56,117,2097152
56,118,2097152
56,119,2097152
56,120,2097152
56,121,2097152
56,122,2097152
56,123,2097152
56,124,2097152
56,125,2097152
56,126,2097152
56,127,2097152
57,0,2097152
57,1,2097152
57,2,2097152
57,3,2097152
57,4,2097152
57,5,2097152
57,6,2097152
57,7,2097152
57,8,2097152
57,9,2097152
57,10,2097152
57,11,2097152
57,12,2097152
57,13,2097152
57,14,2097152
57,15,2097152
57,16,2097152
57,17,2097152
57,18,2097152
57,19,2097152
57,20,2097152
57,21,2097152
57,22,2097152
57,23,2097152
57,24,2097152
57,25,2097152
57,26,2097152
57,27,2097152
57,28,2097152
57,29,2097152
57,30,2097152
57,31,2097152
57,32,2097152
57,33,2097152
57,34,2097152
57,35,2097152
57,36,2097152
57,37,2097152
57,38,2097152
57,39,2097152
57,40,2097152
57,41,2097152
57,42,2097152
57,43,2097152
57,44,2097152
57,45,2097152
57,46,2097152
57,47,2097152
57,48,2097152
57,49,2097152
57,50,2097152
57,51,2097152
57,52,2097152
57,53,2097152
57,54,2097152
57,55,2097152
57,56,2097152
57,58,2097152
57,59,2097152
57,60,2097152
57,61,2097152
57,62,2097152
57,63,2097152
57,64,2097152
57,65,2097152
57,66,2097152
57,67,2097152
57,68,2097152
57,69,2097152
57,70,2097152
57,71,2097152
57,72,2097152
57,73,2097152
57,74,2097152
57,75,2097152
57,76,2097152
57,77,2097152
57,78,2097152
57,79,2097152
57,80,2097152
57,81,2097152
57,82,2097152
57,83,2097152
57,84,2097152
57,85,2097152
57,86,2097152
57,87,2097152
57,88,2097152
57,89,2097152
57,90,2097152
57,91,2097152
57,92,2097152
57,93,2097152
57,94,2097152
57,95,2097152
57,96,2097152
57,97,2097152
57,98,2097152
57,99,2097152
57,100,2097152
57,101,2097152
57,102,2097152
57,103,2097152
57,104,2097152
57,105,2097152
57,106,2097152
57,107,2097152
57,108,2097152
57,109,2097152
57,110,2097152
57,111,2097152
57,112,2097152
57,113,2097152
57,114,2097152
57,115,2097152
57,116,2097152
57,117,2097152
57,118,2097152
57,119,2097152
57,120,2097152
57,121,2097152
57,122,2097152
57,123,2097152
57,124,2097152
57,125,2097152
57,126,2097152
57,127,2097152
58,0,2097152
58,1,2097152
58,2,2097152
58,3,2097152
58,4,2097152
58,5,2097152
58,6,2097152
58,7,2097152
58,8,2097152
58,9,2097152
58,10,2097152
58,11,2097152
58,12,2097152
58,13,2097152
58,14,2097152
58,15,2097152
58,16,2097152
58,17,2097152
58,18,2097152
58,19,2097152
58,20,2097152
58,21,2097152
58,22,2097152
58,23,2097152
58,24,2097152
58,25,2097152
58,26,2097152
58,27,2097152
58,28,2097152
58,29,2097152
58,30,2097152
58,31,2097152
58,32,2097152
58,33,2097152
58,34,2097152
58,35,2097152
58,36,2097152
58,37,2097152
58,38,2097152
58,39,2097152
58,40,2097152
58,41,2097152
58,42,2097152
58,43,2097152
58,44,2097152
58,45,2097152
58,46,2097152
58,47,2097152
58,48,2097152
58,49,2097152
58,50,2097152
58,51,2097152
58,52,2097152
58,53,2097152
58,54,2097152
58,55,2097152
58,56,2097152
58,57,2097152
58,59,2097152
58,60,2097152
58,61,2097152
58,62,2097152
58,63,2097152
58,64,2097152
58,65,2097152
58,66,2097152
58,67,2097152
58,68,2097152
58,69,2097152
58,70,2097152
58,71,2097152
58,72,2097152
58,73,2097152
58,74,2097152
58,75,2097152
58,76,2097152
58,77,2097152
58,78,2097152
58,79,2097152
58,80,2097152
58,81,2097152
58,82,2097152
58,83,2097152
58,84,2097152
58,85,2097152
58,86,2097152
58,87,2097152
58,88,2097152
58,89,2097152
58,90,2097152
58,91,2097152
58,92,2097152
58,93,2097152
58,94,2097152
58,95,2097152
58,96,2097152
58,97,2097152
58,98,2097152
58,99,2097152
58,100,2097152
58,101,2097152
58,102,2097152
58,103,2097152
58,104,2097152
58,105,2097152
58,106,2097152
58,107,2097152
58,108,2097152
58,109,2097152
58,110,2097152
58,111,2097152
58,112,2097152
58,113,2097152
58,114,2097152
58,115,2097152
58,116,2097152
58,117,2097152
58,118,2097152
58,119,2097152
58,120,2097152
58,121,2097152
58,122,2097152
58,123,2097152
58,124,2097152
58,125,2097152
58,126,2097152
58,127,2097152
59,0,2097152
59,1,2097152
59,2,2097152
59,3,2097152
59,4,2097152
59,5,2097152
59,6,2097152
59,7,2097152
59,8,2097152
59,9,2097152
59,10,2097152
59,11,2097152
59,12,2097152
59,13,2097152
59,14,2097152
59,15,2097152
59,16,2097152
59,17,2097152
59,18,2097152
59,19,2097152
59,20,2097152
59,21,2097152
59,22,2097152
59,23,2097152
59,24,2097152
59,25,2097152
59,26,2097152
59,27,2097152
59,28,2097152
59,29,2097152
59,30,2097152
59,31,2097152
59,32,2097152
59,33,2097152
59,34,2097152
59,35,2097152
59,36,2097152
59,37,2097152
59,38,2097152
59,39,2097152
59,40,2097152
59,41,2097152
59,42,2097152
59,43,2097152
59,44,2097152
59,45,2097152
59,46,2097152
59,47,2097152
59,48,2097152
59,49,2097152
59,50,2097152
59,51,2097152
59,52,2097152
59,53,2097152
59,54,2097152
59,55,2097152
59,56,2097152
59,57,2097152
59,58,2097152
59,60,2097152
59,61,2097152
59,62,2097152
59,63,2097152
59,64,2097152
59,65,2097152
59,66,2097152
59,67,2097152
59,68,2097152
59,69,2097152
59,70,2097152
59,71,2097152
59,72,2097152
59,73,2097152
59,74,2097152
59,75,2097152
59,76,2097152
59,77,2097152
59,78,2097152
59,79,2097152
59,80,2097152
59,81,2097152
59,82,2097152
59,83,2097152
59,84,2097152
59,85,2097152
59,86,2097152
59,87,2097152
59,88,2097152
59,89,2097152
59,90,2097152
59,91,2097152
59,92,2097152
59,93,2097152
59,94,2097152
59,95,2097152
59,96,2097152
59,97,2097152
59,98,2097152
59,99,2097152
59,100,2097152
59,101,2097152
59,102,2097152
59,103,2097152
59,104,2097152
59,105,2097152
59,106,2097152
59,107,2097152
59,108,2097152
59,109,2097152
59,110,2097152
59,111,2097152
59,112,2097152
59,113,2097152
59,114,2097152
59,115,2097152
59,116,2097152
59,117,2097152
59,118,2097152
59,119,2097152
59,120,2097152
59,121,2097152
59,122,2097152
59,123,2097152
59,124,2097152
59,125,2097152
59,126,2097152
59,127,2097152
60,0,2097152
60,1,2097152
60,2,2097152
60,3,2097152
60,4,2097152
60,5,2097152
60,6,2097152
60,7,2097152
60,8,2097152
60,9,2097152
60,10,2097152
60,11,2097152
60,12,2097152
60,13,2097152
60,14,2097152
60,15,2097152
60,16,2097152
60,17,2097152
60,18,2097152
60,19,2097152
60,20,2097152
60,21,2097152
60,22,2097152
60,23,2097152
60,24,2097152
60,25,2097152
60,26,2097152
60,27,2097152
60,28,2097152
60,29,2097152
60,30,2097152
60,31,2097152
60,32,2097152
60,33,2097152
60,34,2097152
60,35,2097152
60,36,2097152
60,37,2097152
60,38,2097152
60,39,2097152
60,40,2097152
60,41,2097152
60,42,2097152
60,43,2097152
60,44,2097152
60,45,2097152
60,46,2097152
60,47,2097152
60,48,2097152
60,49,2097152
60,50,2097152
60,51,2097152
60,52,2097152
60,53,2097152
60,54,2097152
60,55,2097152
60,56,2097152
60,57,2097152
60,58,2097152
60,59,2097152
60,61,2097152
60,62,2097152
60,63,2097152
60,64,2097152
60,65,2097152
60,66,2097152
60,67,2097152
60,68,2097152
60,69,2097152
60,70,2097152
60,71,2097152
60,72,2097152
60,73,2097152
60,74,2097152
60,75,2097152
60,76,2097152
60,77,2097152
60,78,2097152
60,79,2097152
60,80,2097152
60,81,2097152
60,82,2097152
60,83,2097152
60,84,2097152
60,85,2097152
60,86,2097152
60,87,2097152
60,88,2097152
60,89,2097152
60,90,2097152
60,91,2097152
60,92,2097152
60,93,2097152
60,94,2097152
60,95,2097152
60,96,2097152
60,97,2097152
60,98,2097152
60,99,2097152
60,100,2097152
60,101,2097152
60,102,2097152
60,103,2097152
60,104,2097152
60,105,2097152
60,106,2097152
60,107,2097152
60,108,2097152
60,109,2097152
60,110,2097152
60,111,2097152
60,112,2097152
60,113,2097152
60,114,2097152
60,115,2097152
60,116,2097152
60,117,2097152
60,118,2097152
60,119,2097152
60,120,2097152
60,121,2097152
60,122,2097152
60,123,2097152
60,124,2097152
60,125,2097152
60,126,2097152
60,127,2097152
61,0,2097152
61,1,2097152
61,2,2097152
61,3,2097152
61,4,2097152
61,5,2097152
61,6,2097152
61,7,2097152
61,8,2097152
61,9,2097152
61,10,2097152
61,11,2097152
61,12,2097152
61,13,2097152
61,14,2097152
61,15,2097152
61,16,2097152
61,17,2097152
61,18,2097152
61,19,2097152
61,20,2097152
61,21,2097152
61,22,2097152
61,23,2097152
61,24,2097152
61,25,2097152
61,26,2097152
61,27,2097152
61,28,2097152
61,29,2097152
61,30,2097152
61,31,2097152
61,32,2097152
61,33,2097152
61,34,2097152
61,35,2097152
61,36,2097152
61,37,2097152
61,38,2097152
61,39,2097152
61,40,2097152
61,41,2097152
61,42,2097152
61,43,2097152
61,44,2097152
61,45,2097152
61,46,2097152
61,47,2097152
61,48,2097152
61,49,2097152
61,50,2097152
61,51,2097152
61,52,2097152
61,53,2097152
61,54,2097152
61,55,2097152
61,56,2097152
61,57,2097152
61,58,2097152
61,59,2097152
61,60,2097152
61,62,2097152
61,63,2097152
61,64,2097152
61,65,2097152
61,66,2097152
61,67,2097152
61,68,2097152
61,69,2097152
61,70,2097152
61,71,2097152
61,72,2097152
61,73,2097152
61,74,2097152
61,75,2097152
61,76,2097152
61,77,2097152
61,78,2097152
61,79,2097152
61,80,2097152
61,81,2097152
61,82,2097152
61,83,2097152
61,84,2097152
61,85,2097152
61,86,2097152
61,87,2097152
61,88,2097152
61,89,2097152
61,90,2097152
61,91,2097152
61,92,2097152
61,93,2097152
61,94,2097152
61,95,2097152
61,96,2097152
61,97,2097152
61,98,2097152
61,99,2097152
61,100,2097152
61,101,2097152
61,102,2097152
61,103,2097152
61,104,2097152
61,105,2097152
61,106,2097152
61,107,2097152
61,108,2097152
61,109,2097152
61,110,2097152
61,111,2097152
61,112,2097152
61,113,2097152
61,114,2097152
61,115,2097152
61,116,2097152
61,117,2097152
61,118,2097152
61,119,2097152
61,120,2097152
61,121,2097152
61,122,2097152
61,123,2097152
61,124,2097152
61,125,2097152
61,126,2097152
61,127,2097152
62,0,2097152
62,1,2097152
62,2,2097152
62,3,2097152
62,4,2097152
62,5,2097152
62,6,2097152
62,7,2097152
62,8,2097152
62,9,2097152
62,10,2097152
62,11,2097152
62,12,2097152
62,13,2097152
62,14,2097152
62,15,2097152
62,16,2097152
62,17,2097152
62,18,2097152
62,19,2097152
62,20,2097152
62,21,2097152
62,22,2097152
62,23,2097152
62,24,2097152
62,25,2097152
62,26,2097152
62,27,2097152
62,28,2097152
62,29,2097152
62,30,2097152
62,31,2097152
62,32,2097152
62,33,2097152
62,34,2097152
62,35,2097152
62,36,2097152
62,37,2097152
62,38,2097152
62,39,2097152
62,40,2097152
62,41,2097152
62,42,2097152
62,43,2097152
62,44,2097152
62,45,2097152
62,46,2097152
62,47,2097152
62,48,2097152
62,49,2097152
62,50,2097152
62,51,2097152
62,52,2097152
62,53,2097152
62,54,2097152
62,55,2097152
62,56,2097152
62,57,2097152
62,58,2097152
62,59,2097152
62,60,2097152
62,61,2097152
62,63,2097152
62,64,2097152
62,65,2097152
62,66,2097152
62,67,2097152
62,68,2097152
62,69,2097152
62,70,2097152
62,71,2097152
62,72,2097152
62,73,2097152
62,74,2097152
62,75,2097152
62,76,2097152
62,77,2097152
62,78,2097152
62,79,2097152
62,80,2097152
62,81,2097152
62,82,2097152
62,83,2097152
62,84,2097152
62,85,2097152
62,86,2097152
62,87,2097152
62,88,2097152
62,89,2097152
62,90,2097152
62,91,2097152
62,92,2097152
62,93,2097152
62,94,2097152
62,95,2097152
62,96,2097152
62,97,2097152
62,98,2097152
62,99,2097152
62,100,2097152
62,101,2097152
62,102,2097152
62,103,2097152
62,104,2097152
62,105,2097152
62,106,2097152
62,107,2097152
62,108,2097152
62,109,2097152
62,110,2097152
62,111,2097152
62,112,2097152
62,113,2097152
62,114,2097152
62,115,2097152
62,116,2097152
62,117,2097152
62,118,2097152
62,119,2097152
62,120,2097152
62,121,2097152
62,122,2097152
62,123,2097152
62,124,2097152
62,125,2097152
62,126,2097152
62,127,2097152
63,0,2097152
63,1,2097152
63,2,2097152
63,3,2097152
63,4,2097152
63,5,2097152
63,6,2097152
63,7,2097152
63,8,2097152
63,9,2097152
63,10,2097152
63,11,2097152
63,12,2097152
63,13,2097152
63,14,2097152
63,15,2097152
63,16,2097152
63,17,2097152
63,18,2097152
63,19,2097152
63,20,2097152
63,21,2097152
63,22,2097152
63,23,2097152
63,24,2097152
63,25,2097152
63,26,2097152
63,27,2097152
63,28,2097152
63,29,2097152
63,30,2097152
63,31,2097152
63,32,2097152
63,33,2097152
63,34,2097152
63,35,2097152
63,36,2097152
63,37,2097152
63,38,2097152
63,39,2097152
63,40,2097152
63,41,2097152
63,42,2097152
63,43,2097152
63,44,2097152
63,45,2097152
63,46,2097152
63,47,2097152
63,48,2097152
63,49,2097152
63,50,2097152
63,51,2097152
63,52,2097152
63,53,2097152
63,54,2097152
63,55,2097152
63,56,2097152
63,57,2097152
63,58,2097152
63,59,2097152
63,60,2097152
63,61,2097152
63,62,2097152
63,64,2097152
63,65,2097152
63,66,2097152
63,67,2097152
63,68,2097152
63,69,2097152
63,70,2097152
63,71,2097152
63,72,2097152
63,73,2097152
63,74,2097152
63,75,2097152
63,76,2097152
63,77,2097152
63,78,2097152
63,79,2097152
63,80,2097152
63,81,2097152
63,82,2097152
63,83,2097152
63,84,2097152
63,85,2097152
63,86,2097152
63,87,2097152
63,88,2097152
63,89,2097152
63,90,2097152
63,91,2097152
63,92,2097152
63,93,2097152
63,94,2097152
63,95,2097152
63,96,2097152
63,97,2097152
63,98,2097152
63,99,2097152
63,100,2097152
63,101,2097152
63,102,2097152
63,103,2097152
63,104,2097152
63,105,2097152
63,106,2097152
63,107,2097152
63,108,2097152
63,109,2097152
63,110,2097152
63,111,2097152
63,112,2097152
63,113,2097152
63,114,2097152
63,115,2097152
63,116,2097152
63,117,2097152
63,118,2097152
63,119,2097152
63,120,2097152
63,121,2097152
63,122,2097152
63,123,2097152
63,124,2097152
63,125,2097152
63,126,2097152
63,127,2097152
64,0,2097152
64,1,2097152
64,2,2097152
64,3,2097152
64,4,2097152
64,5,2097152
64,6,2097152
64,7,2097152
64,8,2097152
64,9,2097152
64,10,2097152
64,11,2097152
64,12,2097152
64,13,2097152
64,14,2097152
64,15,2097152
64,16,2097152
64,17,2097152
64,18,2097152
64,19,2097152
64,20,2097152
64,21,2097152
64,22,2097152
64,23,2097152
64,24,2097152
64,25,2097152
64,26,2097152
64,27,2097152
64,28,2097152
64,29,2097152
64,30,2097152
64,31,2097152
64,32,2097152
64,33,2097152
64,34,2097152
64,35,2097152
64,36,2097152
64,37,2097152
64,38,2097152
64,39,2097152
64,40,2097152
64,41,2097152
64,42,2097152
64,43,2097152
64,44,2097152
64,45,2097152
64,46,2097152
64,47,2097152
64,48,2097152
64,49,2097152
64,50,2097152
64,51,2097152
64,52,2097152
64,53,2097152
64,54,2097152
64,55,2097152
64,56,2097152
64,57,2097152
64,58,2097152
64,59,2097152
64,60,2097152
64,61,2097152
64,62,2097152
64,63,2097152
64,65,2097152
64,66,2097152
64,67,2097152
64,68,2097152
64,69,2097152
64,70,2097152
64,71,2097152
64,72,2097152
64,73,2097152
64,74,2097152
64,75,2097152
64,76,2097152
64,77,2097152
64,78,2097152
64,79,2097152
64,80,2097152
64,81,2097152
64,82,2097152
64,83,2097152
64,84,2097152
64,85,2097152
64,86,2097152
64,87,2097152
64,88,2097152
64,89,2097152
64,90,2097152
64,91,2097152
64,92,2097152
64,93,2097152
64,94,2097152
64,95,2097152
64,96,2097152
64,97,2097152
64,98,2097152
64,99,2097152
64,100,2097152
64,101,2097152
64,102,2097152
64,103,2097152
64,104,2097152
64,105,2097152
64,106,2097152
64,107,2097152
64,108,2097152
64,109,2097152
64,110,2097152
64,111,2097152
64,112,2097152
64,113,2097152
64,114,2097152
64,115,2097152
64,116,2097152
64,117,2097152
64,118,2097152
64,119,2097152
64,120,2097152
64,121,2097152
64,122,2097152
64,123,2097152
64,124,2097152
64,125,2097152
64,126,2097152
64,127,2097152
65,0,2097152
65,1,2097152
65,2,2097152
65,3,2097152
65,4,2097152
65,5,2097152
65,6,2097152
65,7,2097152
65,8,2097152
65,9,2097152
65,10,2097152
65,11,2097152
65,12,2097152
65,13,2097152
65,14,2097152
65,15,2097152
65,16,2097152
65,17,2097152
65,18,2097152
65,19,2097152
65,20,2097152
65,21,2097152
65,22,2097152
65,23,2097152
65,24,2097152
65,25,2097152
65,26,2097152
65,27,2097152
65,28,2097152
65,29,2097152
65,30,2097152
65,31,2097152
65,32,2097152
65,33,2097152
65,34,2097152
65,35,2097152
65,36,2097152
65,37,2097152
65,38,2097152
65,39,2097152
65,40,2097152
65,41,2097152
65,42,2097152
65,43,2097152
65,44,2097152
65,45,2097152
65,46,2097152
65,47,2097152
65,48,2097152
65,49,2097152
65,50,2097152
65,51,2097152
65,52,2097152
65,53,2097152
65,54,2097152
65,55,2097152
65,56,2097152
65,57,2097152
65,58,2097152
65,59,2097152
65,60,2097152
65,61,2097152
65,62,2097152
65,63,2097152
65,64,2097152
65,66,2097152
65,67,2097152
65,68,2097152
65,69,2097152
65,70,2097152
65,71,2097152
65,72,2097152
65,73,2097152
65,74,2097152
65,75,2097152
65,76,2097152
65,77,2097152
65,78,2097152
65,79,2097152
65,80,2097152
65,81,2097152
65,82,2097152
65,83,2097152
65,84,2097152
65,85,2097152
65,86,2097152
65,87,2097152
65,88,2097152
65,89,2097152
65,90,2097152
65,91,2097152
65,92,2097152
65,93,2097152
65,94,2097152
65,95,2097152
65,96,2097152
65,97,2097152
65,98,2097152
65,99,2097152
65,100,2097152
65,101,2097152
65,102,2097152
65,103,2097152
65,104,2097152
65,105,2097152
65,106,2097152
65,107,2097152
65,108,2097152
65,109,2097152
65,110,2097152
65,111,2097152
65,112,2097152
65,113,2097152
65,114,2097152
65,115,2097152
65,116,2097152
65,117,2097152
65,118,2097152
65,119,2097152
65,120,2097152
65,121,2097152
65,122,2097152
65,123,2097152
65,124,2097152
65,125,2097152
65,126,2097152
65,127,2097152
66,0,2097152
66,1,2097152
66,2,2097152
66,3,2097152
66,4,2097152
66,5,2097152
66,6,2097152
66,7,2097152
66,8,2097152
66,9,2097152
66,10,2097152
66,11,2097152
66,12,2097152
66,13,2097152
66,14,2097152
66,15,2097152
66,16,2097152
66,17,2097152
66,18,2097152
66,19,2097152
66,20,2097152
66,21,2097152
66,22,2097152
66,23,2097152
66,24,2097152
66,25,2097152
66,26,2097152
66,27,2097152
66,28,2097152
66,29,2097152
66,30,2097152
66,31,2097152
66,32,2097152
66,33,2097152
66,34,2097152
66,35,2097152
66,36,2097152
66,37,2097152
66,38,2097152
66,39,2097152
66,40,2097152
66,41,2097152
66,42,2097152
66,43,2097152
66,44,2097152
66,45,2097152
66,46,2097152
66,47,2097152
66,48,2097152
66,49,2097152
66,50,2097152
66,51,2097152
66,52,2097152
66,53,2097152
66,54,2097152
66,55,2097152
66,56,2097152
66,57,2097152
66,58,2097152
66,59,2097152
66,60,2097152
66,61,2097152
66,62,2097152
66,63,2097152
66,64,2097152
66,65,2097152
66,67,2097152
66,68,2097152
66,69,2097152
66,70,2097152
66,71,2097152
66,72,2097152
66,73,2097152
66,74,2097152
66,75,2097152
66,76,2097152
66,77,2097152
66,78,2097152
66,79,2097152
66,80,2097152
66,81,2097152
66,82,2097152
66,83,2097152
66,84,2097152
66,85,2097152
66,86,2097152
66,87,2097152
66,88,2097152
66,89,2097152
66,90,2097152
66,91,2097152
66,92,2097152
66,93,2097152
66,94,2097152
66,95,2097152
66,96,2097152
66,97,2097152
66,98,2097152
66,99,2097152
66,100,2097152
66,101,2097152
66,102,2097152
66,103,2097152
66,104,2097152
66,105,2097152
66,106,2097152
66,107,2097152
66,108,2097152
66,109,2097152
66,110,2097152
66,111,2097152
66,112,2097152
66,113,2097152
66,114,2097152
66,115,2097152
66,116,2097152
66,117,2097152
66,118,2097152
66,119,2097152
66,120,2097152
66,121,2097152
66,122,2097152
66,123,2097152
66,124,2097152
66,125,2097152
66,126,2097152
66,127,2097152
67,0,2097152
67,1,2097152
67,2,2097152
67,3,2097152
67,4,2097152
67,5,2097152
67,6,2097152
67,7,2097152
67,8,2097152
67,9,2097152
67,10,2097152
67,11,2097152
67,12,2097152
67,13,2097152
67,14,2097152
67,15,2097152
67,16,2097152
67,17,2097152
67,18,2097152
67,19,2097152
67,20,2097152
67,21,2097152
67,22,2097152
67,23,2097152
67,24,2097152
67,25,2097152
67,26,2097152
67,27,2097152
67,28,2097152
67,29,2097152
67,30,2097152
67,31,2097152
67,32,2097152
67,33,2097152
67,34,2097152
67,35,2097152
67,36,2097152
67,37,2097152
67,38,2097152
67,39,2097152
67,40,2097152
67,41,2097152
67,42,2097152
67,43,2097152
67,44,2097152
67,45,2097152
67,46,2097152
67,47,2097152
67,48,2097152
67,49,2097152
67,50,2097152
67,51,2097152
67,52,2097152
67,53,2097152
67,54,2097152
67,55,2097152
67,56,2097152
67,57,2097152
67,58,2097152
67,59,2097152
67,60,2097152
67,61,2097152
67,62,2097152
67,63,2097152
67,64,2097152
67,65,2097152
67,66,2097152
67,68,2097152
67,69,2097152
67,70,2097152
67,71,2097152
67,72,2097152
67,73,2097152
67,74,2097152
67,75,2097152
67,76,2097152
67,77,2097152
67,78,2097152
67,79,2097152
67,80,2097152
67,81,2097152
67,82,2097152
67,83,2097152
67,84,2097152
67,85,2097152
67,86,2097152
67,87,2097152
67,88,2097152
67,89,2097152
67,90,2097152
67,91,2097152
67,92,2097152
67,93,2097152
67,94,2097152
67,95,2097152
67,96,2097152
67,97,2097152
67,98,2097152
67,99,2097152
67,100,2097152
67,101,2097152
67,102,2097152
67,103,2097152
67,104,2097152
67,105,2097152
67,106,2097152
67,107,2097152
67,108,2097152
67,109,2097152
67,110,2097152
67,111,2097152
67,112,2097152
67,113,2097152
67,114,2097152
67,115,2097152
67,116,2097152
67,117,2097152
67,118,2097152
67,119,2097152
67,120,2097152
67,121,2097152
67,122,2097152
67,123,2097152
67,124,2097152
67,125,2097152
67,126,2097152
67,127,2097152
68,0,2097152
68,1,2097152
68,2,2097152
68,3,2097152
68,4,2097152
68,5,2097152
68,6,2097152
68,7,2097152
68,8,2097152
68,9,2097152
68,10,2097152
68,11,2097152
68,12,2097152
68,13,2097152
68,14,2097152
68,15,2097152
68,16,2097152
68,17,2097152
68,18,2097152
68,19,2097152
68,20,2097152
68,21,2097152
68,22,2097152
68,23,2097152
68,24,2097152
68,25,2097152
68,26,2097152
68,27,2097152
68,28,2097152
68,29,2097152
68,30,2097152
68,31,2097152
68,32,2097152
68,33,2097152
68,34,2097152
68,35,2097152
68,36,2097152
68,37,2097152
68,38,2097152
68,39,2097152
68,40,2097152
68,41,2097152
68,42,2097152
68,43,2097152
68,44,2097152
68,45,2097152
68,46,2097152
68,47,2097152
68,48,2097152
68,49,2097152
68,50,2097152
68,51,2097152
68,52,2097152
68,53,2097152
68,54,2097152
68,55,2097152
68,56,2097152
68,57,2097152
68,58,2097152
68,59,2097152
68,60,2097152
68,61,2097152
68,62,2097152
68,63,2097152
68,64,2097152
68,65,2097152
68,66,2097152
68,67,2097152
68,69,2097152
68,70,2097152
68,71,2097152
68,72,2097152
68,73,2097152
68,74,2097152
68,75,2097152
68,76,2097152
68,77,2097152
68,78,2097152
68,79,2097152
68,80,2097152
68,81,2097152
68,82,2097152
68,83,2097152
68,84,2097152
68,85,2097152
68,86,2097152
68,87,2097152
68,88,2097152
68,89,2097152
68,90,2097152
68,91,2097152
68,92,2097152
68,93,2097152
68,94,2097152
68,95,2097152
68,96,2097152
68,97,2097152
68,98,2097152
68,99,2097152
68,100,2097152
68,101,2097152
68,102,2097152
68,103,2097152
68,104,2097152
68,105,2097152
68,106,2097152
68,107,2097152
68,108,2097152
68,109,2097152
68,110,2097152
68,111,2097152
68,112,2097152
68,113,2097152
68,114,2097152
68,115,2097152
68,116,2097152
68,117,2097152
68,118,2097152
68,119,2097152
68,120,2097152
68,121,2097152
68,122,2097152
68,123,2097152
68,124,2097152
68,125,2097152
68,126,2097152
68,127,2097152
69,0,2097152
69,1,2097152
69,2,2097152
69,3,2097152
69,4,2097152
69,5,2097152
69,6,2097152
69,7,2097152
69,8,2097152
69,9,2097152
69,10,2097152
69,11,2097152
69,12,2097152
69,13,2097152
69,14,2097152
69,15,2097152
69,16,2097152
69,17,2097152
69,18,2097152
69,19,2097152
69,20,2097152
69,21,2097152
69,22,2097152
69,23,2097152
69,24,2097152
69,25,2097152
69,26,2097152
69,27,2097152
69,28,2097152
69,29,2097152
69,30,2097152
69,31,2097152
69,32,2097152
69,33,2097152
69,34,2097152
69,35,2097152
69,36,2097152
69,37,2097152
69,38,2097152
69,39,2097152
69,40,2097152
69,41,2097152
69,42,2097152
69,43,2097152
69,44,2097152
69,45,2097152
69,46,2097152
69,47,2097152
69,48,2097152
69,49,2097152
69,50,2097152
69,51,2097152
69,52,2097152
69,53,2097152
69,54,2097152
69,55,2097152
69,56,2097152
69,57,2097152
69,58,2097152
69,59,2097152
69,60,2097152
69,61,2097152
69,62,2097152
69,63,2097152
69,64,2097152
69,65,2097152
69,66,2097152
69,67,2097152
69,68,2097152
69,70,2097152
69,71,2097152
69,72,2097152
69,73,2097152
69,74,2097152
69,75,2097152
69,76,2097152
69,77,2097152
69,78,2097152
69,79,2097152
69,80,2097152
69,81,2097152
69,82,2097152
69,83,2097152
69,84,2097152
69,85,2097152
69,86,2097152
69,87,2097152
69,88,2097152
69,89,2097152
69,90,2097152
69,91,2097152
69,92,2097152
69,93,2097152
69,94,2097152
69,95,2097152
69,96,2097152
69,97,2097152
69,98,2097152
69,99,2097152
69,100,2097152
69,101,2097152
69,102,2097152
69,103,2097152
69,104,2097152
69,105,2097152
69,106,2097152
69,107,2097152
69,108,2097152
69,109,2097152
69,110,2097152
69,111,2097152
69,112,2097152
69,113,2097152
69,114,2097152
69,115,2097152
69,116,2097152
69,117,2097152
69,118,2097152
69,119,2097152
69,120,2097152
69,121,2097152
69,122,2097152
69,123,2097152
69,124,2097152
69,125,2097152
69,126,2097152
69,127,2097152
70,0,2097152
70,1,2097152
70,2,2097152
70,3,2097152
70,4,2097152
70,5,2097152
70,6,2097152
70,7,2097152
70,8,2097152
70,9,2097152
70,10,2097152
70,11,2097152
70,12,2097152
70,13,2097152
70,14,2097152
70,15,2097152
70,16,2097152
70,17,2097152
70,18,2097152
70,19,2097152
70,20,2097152
70,21,2097152
70,22,2097152
70,23,2097152
70,24,2097152
70,25,2097152
70,26,2097152
70,27,2097152
70,28,2097152
70,29,2097152
70,30,2097152
70,31,2097152
70,32,2097152
70,33,2097152
70,34,2097152
70,35,2097152
70,36,2097152
70,37,2097152
70,38,2097152
70,39,2097152
70,40,2097152
70,41,2097152
70,42,2097152
70,43,2097152
70,44,2097152
70,45,2097152
70,46,2097152
70,47,2097152
70,48,2097152
70,49,2097152
70,50,2097152
70,51,2097152
70,52,2097152
70,53,2097152
70,54,2097152
70,55,2097152
70,56,2097152
70,57,2097152
70,58,2097152
70,59,2097152
70,60,2097152
70,61,2097152
70,62,2097152
70,63,2097152
70,64,2097152
70,65,2097152
70,66,2097152
70,67,2097152
70,68,2097152
70,69,2097152
70,71,2097152
70,72,2097152
70,73,2097152
70,74,2097152
70,75,2097152
70,76,2097152
70,77,2097152
70,78,2097152
70,79,2097152
70,80,2097152
70,81,2097152
70,82,2097152
70,83,2097152
70,84,2097152
70,85,2097152
70,86,2097152
70,87,2097152
70,88,2097152
70,89,2097152
70,90,2097152
70,91,2097152
70,92,2097152
70,93,2097152
70,94,2097152
70,95,2097152
70,96,2097152
70,97,2097152
70,98,2097152
70,99,2097152
70,100,2097152
70,101,2097152
70,102,2097152
70,103,2097152
70,104,2097152
70,105,2097152
70,106,2097152
70,107,2097152
70,108,2097152
70,109,2097152
70,110,2097152
70,111,2097152
70,112,2097152
70,113,2097152
70,114,2097152
70,115,2097152
70,116,2097152
70,117,2097152
70,118,2097152
70,119,2097152
70,120,2097152
70,121,2097152
70,122,2097152
70,123,2097152
70,124,2097152
70,125,2097152
70,126,2097152
70,127,2097152
71,0,2097152
71,1,2097152
71,2,2097152
71,3,2097152
71,4,2097152
71,5,2097152
71,6,2097152
71,7,2097152
71,8,2097152
71,9,2097152
71,10,2097152
71,11,2097152
71,12,2097152
71,13,2097152
71,14,2097152
71,15,2097152
71,16,2097152
71,17,2097152
71,18,2097152
71,19,2097152
71,20,2097152
71,21,2097152
71,22,2097152
71,23,2097152
71,24,2097152
71,25,2097152
71,26,2097152
71,27,2097152
71,28,2097152
71,29,2097152
71,30,2097152
71,31,2097152
71,32,2097152
71,33,2097152
71,34,2097152
71,35,2097152
71,36,2097152
71,37,2097152
71,38,2097152
71,39,2097152
71,40,2097152
71,41,2097152
71,42,2097152
71,43,2097152
71,44,2097152
71,45,2097152
71,46,2097152
71,47,2097152
71,48,2097152
71,49,2097152
71,50,2097152
71,51,2097152
71,52,2097152
71,53,2097152
71,54,2097152
71,55,2097152
71,56,2097152
71,57,2097152
71,58,2097152
71,59,2097152
71,60,2097152
71,61,2097152
71,62,2097152
71,63,2097152
71,64,2097152
71,65,2097152
71,66,2097152
71,67,2097152
71,68,2097152
71,69,2097152
71,70,2097152
71,72,2097152
71,73,2097152
71,74,2097152
71,75,2097152
71,76,2097152
71,77,2097152
71,78,2097152
71,79,2097152
71,80,2097152
71,81,2097152
71,82,2097152
71,83,2097152
71,84,2097152
71,85,2097152
71,86,2097152
71,87,2097152
71,88,2097152
71,89,2097152
71,90,2097152
71,91,2097152
71,92,2097152
71,93,2097152
71,94,2097152
71,95,2097152
71,96,2097152
71,97,2097152
71,98,2097152
71,99,2097152
71,100,2097152
71,101,2097152
71,102,2097152
71,103,2097152
71,104,2097152
71,105,2097152
71,106,2097152
71,107,2097152
71,108,2097152
71,109,2097152
71,110,2097152
71,111,2097152
71,112,2097152
71,113,2097152
71,114,2097152
71,115,2097152
71,116,2097152
71,117,2097152
71,118,2097152
71,119,2097152
71,120,2097152
71,121,2097152
71,122,2097152
71,123,2097152
71,124,2097152
71,125,2097152
71,126,2097152
71,127,2097152
72,0,2097152
72,1,2097152
72,2,2097152
72,3,2097152
72,4,2097152
72,5,2097152
72,6,2097152
72,7,2097152
72,8,2097152
72,9,2097152
72,10,2097152
72,11,2097152
72,12,2097152
72,13,2097152
72,14,2097152
72,15,2097152
72,16,2097152
72,17,2097152
72,18,2097152
72,19,2097152
72,20,2097152
72,21,2097152
72,22,2097152
72,23,2097152
72,24,2097152
72,25,2097152
72,26,2097152
72,27,2097152
72,28,2097152
72,29,2097152
72,30,2097152
72,31,2097152
72,32,2097152
72,33,2097152
72,34,2097152
72,35,2097152
72,36,2097152
72,37,2097152
72,38,2097152
72,39,2097152
72,40,2097152
72,41,2097152
72,42,2097152
72,43,2097152
72,44,2097152
72,45,2097152
72,46,2097152
72,47,2097152
72,48,2097152
72,49,2097152
72,50,2097152
72,51,2097152
72,52,2097152
72,53,2097152
72,54,2097152
72,55,2097152
72,56,2097152
72,57,2097152
72,58,2097152
72,59,2097152
72,60,2097152
72,61,2097152
72,62,2097152
72,63,2097152
72,64,2097152
72,65,2097152
72,66,2097152
72,67,2097152
72,68,2097152
72,69,2097152
72,70,2097152
72,71,2097152
72,73,2097152
72,74,2097152
72,75,2097152
72,76,2097152
72,77,2097152
72,78,2097152
72,79,2097152
72,80,2097152
72,81,2097152
72,82,2097152
72,83,2097152
72,84,2097152
72,85,2097152
72,86,2097152
72,87,2097152
72,88,2097152
72,89,2097152
72,90,2097152
72,91,2097152
72,92,2097152
72,93,2097152
72,94,2097152
72,95,2097152
72,96,2097152
72,97,2097152
72,98,2097152
72,99,2097152
72,100,2097152
72,101,2097152
72,102,2097152
72,103,2097152
72,104,2097152
72,105,2097152
72,106,2097152
72,107,2097152
72,108,2097152
72,109,2097152
72,110,2097152
72,111,2097152
72,112,2097152
72,113,2097152
72,114,2097152
72,115,2097152
72,116,2097152
72,117,2097152
72,118,2097152
72,119,2097152
72,120,2097152
72,121,2097152
72,122,2097152
72,123,2097152
72,124,2097152
72,125,2097152
72,126,2097152
72,127,2097152
73,0,2097152
73,1,2097152
73,2,2097152
73,3,2097152
73,4,2097152
73,5,2097152
73,6,2097152
73,7,2097152
73,8,2097152
73,9,2097152
73,10,2097152
73,11,2097152
73,12,2097152
73,13,2097152
73,14,2097152
73,15,2097152
73,16,2097152
73,17,2097152
73,18,2097152
73,19,2097152
73,20,2097152
73,21,2097152
73,22,2097152
73,23,2097152
73,24,2097152
73,25,2097152
73,26,2097152
73,27,2097152
73,28,2097152
73,29,2097152
73,30,2097152
73,31,2097152
73,32,2097152
73,33,2097152
73,34,2097152
73,35,2097152
73,36,2097152
73,37,2097152
73,38,2097152
73,39,2097152
73,40,2097152
73,41,2097152
73,42,2097152
73,43,2097152
73,44,2097152
73,45,2097152
73,46,2097152
73,47,2097152
73,48,2097152
73,49,2097152
73,50,2097152
73,51,2097152
73,52,2097152
73,53,2097152
73,54,2097152
73,55,2097152
73,56,2097152
73,57,2097152
73,58,2097152
73,59,2097152
73,60,2097152
73,61,2097152
73,62,2097152
73,63,2097152
73,64,2097152
73,65,2097152
73,66,2097152
73,67,2097152
73,68,2097152
73,69,2097152
73,70,2097152
73,71,2097152
73,72,2097152
73,74,2097152
73,75,2097152
73,76,2097152
73,77,2097152
73,78,2097152
73,79,2097152
73,80,2097152
73,81,2097152
73,82,2097152
73,83,2097152
73,84,2097152
73,85,2097152
73,86,2097152
73,87,2097152
73,88,2097152
73,89,2097152
73,90,2097152
73,91,2097152
73,92,2097152
73,93,2097152
73,94,2097152
73,95,2097152
73,96,2097152
73,97,2097152
73,98,2097152
73,99,2097152
73,100,2097152
73,101,2097152
73,102,2097152
73,103,2097152
73,104,2097152
73,105,2097152
73,106,2097152
73,107,2097152
73,108,2097152
73,109,2097152
73,110,2097152
73,111,2097152
73,112,2097152
73,113,2097152
73,114,2097152
73,115,2097152
73,116,2097152
73,117,2097152
73,118,2097152
73,119,2097152
73,120,2097152
73,121,2097152
73,122,2097152
73,123,2097152
73,124,2097152
73,125,2097152
73,126,2097152
73,127,2097152
74,0,2097152
74,1,2097152
74,2,2097152
74,3,2097152
74,4,2097152
74,5,2097152
74,6,2097152
74,7,2097152
74,8,2097152
74,9,2097152
74,10,2097152
74,11,2097152
74,12,2097152
74,13,2097152
74,14,2097152
74,15,2097152
74,16,2097152
74,17,2097152
74,18,2097152
74,19,2097152
74,20,2097152
74,21,2097152
74,22,2097152
74,23,2097152
74,24,2097152
74,25,2097152
74,26,2097152
74,27,2097152
74,28,2097152
74,29,2097152
74,30,2097152
74,31,2097152
74,32,2097152
74,33,2097152
74,34,2097152
74,35,2097152
74,36,2097152
74,37,2097152
74,38,2097152
74,39,2097152
74,40,2097152
74,41,2097152
74,42,2097152
74,43,2097152
74,44,2097152
74,45,2097152
74,46,2097152
74,47,2097152
74,48,2097152
74,49,2097152
74,50,2097152
74,51,2097152
74,52,2097152
74,53,2097152
74,54,2097152
74,55,2097152
74,56,2097152
74,57,2097152
74,58,2097152
74,59,2097152
74,60,2097152
74,61,2097152
74,62,2097152
74,63,2097152
74,64,2097152
74,65,2097152
74,66,2097152
74,67,2097152
74,68,2097152
74,69,2097152
74,70,2097152
74,71,2097152
74,72,2097152
74,73,2097152
74,75,2097152
74,76,2097152
74,77,2097152
74,78,2097152
74,79,2097152
74,80,2097152
74,81,2097152
74,82,2097152
74,83,2097152
74,84,2097152
74,85,2097152
74,86,2097152
74,87,2097152
74,88,2097152
74,89,2097152
74,90,2097152
74,91,2097152
74,92,2097152
74,93,2097152
74,94,2097152
74,95,2097152
74,96,2097152
74,97,2097152
74,98,2097152
74,99,2097152
74,100,2097152
74,101,2097152
74,102,2097152
74,103,2097152
74,104,2097152
74,105,2097152
74,106,2097152
74,107,2097152
74,108,2097152
74,109,2097152
74,110,2097152
74,111,2097152
74,112,2097152
74,113,2097152
74,114,2097152
74,115,2097152
74,116,2097152
74,117,2097152
74,118,2097152
74,119,2097152
74,120,2097152
74,121,2097152
74,122,2097152
74,123,2097152
74,124,2097152
74,125,2097152
74,126,2097152
74,127,2097152
75,0,2097152
75,1,2097152
75,2,2097152
75,3,2097152
75,4,2097152
75,5,2097152
75,6,2097152
75,7,2097152
75,8,2097152
75,9,2097152
75,10,2097152
75,11,2097152
75,12,2097152
75,13,2097152
75,14,2097152
75,15,2097152
75,16,2097152
75,17,2097152
75,18,2097152
75,19,2097152
75,20,2097152
75,21,2097152
75,22,2097152
75,23,2097152
75,24,2097152
75,25,2097152
75,26,2097152
75,27,2097152
75,28,2097152
75,29,2097152
75,30,2097152
75,31,2097152
75,32,2097152
75,33,2097152
75,34,2097152
75,35,2097152
75,36,2097152
75,37,2097152
75,38,2097152
75,39,2097152
75,40,2097152
75,41,2097152
75,42,2097152
75,43,2097152
75,44,2097152
75,45,2097152
75,46,2097152
75,47,2097152
75,48,2097152
75,49,2097152
75,50,2097152
75,51,2097152
75,52,2097152
75,53,2097152
75,54,2097152
75,55,2097152
75,56,2097152
75,57,2097152
75,58,2097152
75,59,2097152
75,60,2097152
75,61,2097152
75,62,2097152
75,63,2097152
75,64,2097152
75,65,2097152
75,66,2097152
75,67,2097152
75,68,2097152
75,69,2097152
75,70,2097152
75,71,2097152
75,72,2097152
75,73,2097152
75,74,2097152
75,76,2097152
75,77,2097152
75,78,2097152
75,79,2097152
75,80,2097152
75,81,2097152
75,82,2097152
75,83,2097152
75,84,2097152
75,85,2097152
75,86,2097152
75,87,2097152
75,88,2097152
75,89,2097152
75,90,2097152
75,91,2097152
75,92,2097152
75,93,2097152
75,94,2097152
75,95,2097152
75,96,2097152
75,97,2097152
75,98,2097152
75,99,2097152
75,100,2097152
75,101,2097152
75,102,2097152
75,103,2097152
75,104,2097152
75,105,2097152
75,106,2097152
75,107,2097152
75,108,2097152
75,109,2097152
75,110,2097152
75,111,2097152
75,112,2097152
75,113,2097152
75,114,2097152
75,115,2097152
75,116,2097152
75,117,2097152
75,118,2097152
75,119,2097152
75,120,2097152
75,121,2097152
75,122,2097152
75,123,2097152
75,124,2097152
75,125,2097152
75,126,2097152
75,127,2097152
76,0,2097152
76,1,2097152
76,2,2097152
76,3,2097152
76,4,2097152
76,5,2097152
76,6,2097152
76,7,2097152
76,8,2097152
76,9,2097152
76,10,2097152
76,11,2097152
76,12,2097152
76,13,2097152
76,14,2097152
76,15,2097152
76,16,2097152
76,17,2097152
76,18,2097152
76,19,2097152
76,20,2097152
76,21,2097152
76,22,2097152
76,23,2097152
76,24,2097152
76,25,2097152
76,26,2097152
76,27,2097152
76,28,2097152
76,29,2097152
76,30,2097152
76,31,2097152
76,32,2097152
76,33,2097152
76,34,2097152
76,35,2097152
76,36,2097152
76,37,2097152
76,38,2097152
76,39,2097152
76,40,2097152
76,41,2097152
76,42,2097152
76,43,2097152
76,44,2097152
76,45,2097152
76,46,2097152
76,47,2097152
76,48,2097152
76,49,2097152
76,50,2097152
76,51,2097152
76,52,2097152
76,53,2097152
76,54,2097152
76,55,2097152
76,56,2097152
76,57,2097152
76,58,2097152
76,59,2097152
76,60,2097152
76,61,2097152
76,62,2097152
76,63,2097152
76,64,2097152
76,65,2097152
76,66,2097152
76,67,2097152
76,68,2097152
76,69,2097152
76,70,2097152
76,71,2097152
76,72,2097152
76,73,2097152
76,74,2097152
76,75,2097152
76,77,2097152
76,78,2097152
76,79,2097152
76,80,2097152
76,81,2097152
76,82,2097152
76,83,2097152
76,84,2097152
76,85,2097152
76,86,2097152
76,87,2097152
76,88,2097152
76,89,2097152
76,90,2097152
76,91,2097152
76,92,2097152
76,93,2097152
76,94,2097152
76,95,2097152
76,96,2097152
76,97,2097152
76,98,2097152
76,99,2097152
76,100,2097152
76,101,2097152
76,102,2097152
76,103,2097152
76,104,2097152
76,105,2097152
76,106,2097152
76,107,2097152
76,108,2097152
76,109,2097152
76,110,2097152
76,111,2097152
76,112,2097152
76,113,2097152
76,114,2097152
76,115,2097152
76,116,2097152
76,117,2097152
76,118,2097152
76,119,2097152
76,120,2097152
76,121,2097152
76,122,2097152
76,123,2097152
76,124,2097152
76,125,2097152
76,126,2097152
76,127,2097152
77,0,2097152
77,1,2097152
77,2,2097152
77,3,2097152
77,4,2097152
77,5,2097152
77,6,2097152
77,7,2097152
77,8,2097152
77,9,2097152
77,10,2097152
77,11,2097152
77,12,2097152
77,13,2097152
77,14,2097152
77,15,2097152
77,16,2097152
77,17,2097152
77,18,2097152
77,19,2097152
77,20,2097152
77,21,2097152
77,22,2097152
77,23,2097152
77,24,2097152
77,25,2097152
77,26,2097152
77,27,2097152
77,28,2097152
77,29,2097152
77,30,2097152
77,31,2097152
77,32,2097152
77,33,2097152
77,34,2097152
77,35,2097152
77,36,2097152
77,37,2097152
77,38,2097152
77,39,2097152
77,40,2097152
77,41,2097152
77,42,2097152
77,43,2097152
77,44,2097152
77,45,2097152
77,46,2097152
77,47,2097152
77,48,2097152
77,49,2097152
77,50,2097152
77,51,2097152
77,52,2097152
77,53,2097152
77,54,2097152
77,55,2097152
77,56,2097152
77,57,2097152
77,58,2097152
77,59,2097152
77,60,2097152
77,61,2097152
77,62,2097152
77,63,2097152
77,64,2097152
77,65,2097152
77,66,2097152
77,67,2097152
77,68,2097152
77,69,2097152
77,70,2097152
77,71,2097152
77,72,2097152
77,73,2097152
77,74,2097152
77,75,2097152
77,76,2097152
77,78,2097152
77,79,2097152
77,80,2097152
77,81,2097152
77,82,2097152
77,83,2097152
77,84,2097152
77,85,2097152
77,86,2097152
77,87,2097152
77,88,2097152
77,89,2097152
77,90,2097152
77,91,2097152
77,92,2097152
77,93,2097152
77,94,2097152
77,95,2097152
77,96,2097152
77,97,2097152
77,98,2097152
77,99,2097152
77,100,2097152
77,101,2097152
77,102,2097152
77,103,2097152
77,104,2097152
77,105,2097152
77,106,2097152
77,107,2097152
77,108,2097152
77,109,2097152
77,110,2097152
77,111,2097152
77,112,2097152
77,113,2097152
77,114,2097152
77,115,2097152
77,116,2097152
77,117,2097152
77,118,2097152
77,119,2097152
77,120,2097152
77,121,2097152
77,122,2097152
77,123,2097152
77,124,2097152
77,125,2097152
77,126,2097152
77,127,2097152
78,0,2097152
78,1,2097152
78,2,2097152
78,3,2097152
78,4,2097152
78,5,2097152
78,6,2097152
78,7,2097152
78,8,2097152
78,9,2097152
78,10,2097152
78,11,2097152
78,12,2097152
78,13,2097152
78,14,2097152
78,15,2097152
78,16,2097152
78,17,2097152
78,18,2097152
78,19,2097152
78,20,2097152
78,21,2097152
78,22,2097152
78,23,2097152
78,24,2097152
78,25,2097152
78,26,2097152
78,27,2097152
78,28,2097152
78,29,2097152
78,30,2097152
78,31,2097152
78,32,2097152
78,33,2097152
78,34,2097152
78,35,2097152
78,36,2097152
78,37,2097152
78,38,2097152
78,39,2097152
78,40,2097152
78,41,2097152
78,42,2097152
78,43,2097152
78,44,2097152
78,45,2097152
78,46,2097152
78,47,2097152
78,48,2097152
78,49,2097152
78,50,2097152
78,51,2097152
78,52,2097152
78,53,2097152
78,54,2097152
78,55,2097152
78,56,2097152
78,57,2097152
78,58,2097152
78,59,2097152
78,60,2097152
78,61,2097152
78,62,2097152
78,63,2097152
78,64,2097152
78,65,2097152
78,66,2097152
78,67,2097152
78,68,2097152
78,69,2097152
78,70,2097152
78,71,2097152
78,72,2097152
78,73,2097152
78,74,2097152
78,75,2097152
78,76,2097152
78,77,2097152
78,79,2097152
78,80,2097152
78,81,2097152
78,82,2097152
78,83,2097152
78,84,2097152
78,85,2097152
78,86,2097152
78,87,2097152
78,88,2097152
78,89,2097152
78,90,2097152
78,91,2097152
78,92,2097152
78,93,2097152
78,94,2097152
78,95,2097152
78,96,2097152
78,97,2097152
78,98,2097152
78,99,2097152
78,100,2097152
78,101,2097152
78,102,2097152
78,103,2097152
78,104,2097152
78,105,2097152
78,106,2097152
78,107,2097152
78,108,2097152
78,109,2097152
78,110,2097152
78,111,2097152
78,112,2097152
78,113,2097152
78,114,2097152
78,115,2097152
78,116,2097152
78,117,2097152
78,118,2097152
78,119,2097152
78,120,2097152
78,121,2097152
78,122,2097152
78,123,2097152
78,124,2097152
78,125,2097152
78,126,2097152
78,127,2097152
79,0,2097152
79,1,2097152
79,2,2097152
79,3,2097152
79,4,2097152
79,5,2097152
79,6,2097152
79,7,2097152
79,8,2097152
79,9,2097152
79,10,2097152
79,11,2097152
79,12,2097152
79,13,2097152
79,14,2097152
79,15,2097152
79,16,2097152
79,17,2097152
79,18,2097152
79,19,2097152
79,20,2097152
79,21,2097152
79,22,2097152
79,23,2097152
79,24,2097152
79,25,2097152
79,26,2097152
79,27,2097152
79,28,2097152
79,29,2097152
79,30,2097152
79,31,2097152
79,32,2097152
79,33,2097152
79,34,2097152
79,35,2097152
79,36,2097152
79,37,2097152
79,38,2097152
79,39,2097152
79,40,2097152
79,41,2097152
79,42,2097152
79,43,2097152
79,44,2097152
79,45,2097152
79,46,2097152
79,47,2097152
79,48,2097152
79,49,2097152
79,50,2097152
79,51,2097152
79,52,2097152
79,53,2097152
79,54,2097152
79,55,2097152
79,56,2097152
79,57,2097152
79,58,2097152
79,59,2097152
79,60,2097152
79,61,2097152
79,62,2097152
79,63,2097152
79,64,2097152
79,65,2097152
79,66,2097152
79,67,2097152
79,68,2097152
79,69,2097152
79,70,2097152
79,71,2097152
79,72,2097152
79,73,2097152
79,74,2097152
79,75,2097152
79,76,2097152
79,77,2097152
79,78,2097152
79,80,2097152
79,81,2097152
79,82,2097152
79,83,2097152
79,84,2097152
79,85,2097152
79,86,2097152
79,87,2097152
79,88,2097152
79,89,2097152
79,90,2097152
79,91,2097152
79,92,2097152
79,93,2097152
79,94,2097152
79,95,2097152
79,96,2097152
79,97,2097152
79,98,2097152
79,99,2097152
79,100,2097152
79,101,2097152
79,102,2097152
79,103,2097152
79,104,2097152
79,105,2097152
79,106,2097152
79,107,2097152
79,108,2097152
79,109,2097152
79,110,2097152
79,111,2097152
79,112,2097152
79,113,2097152
79,114,2097152
79,115,2097152
79,116,2097152
79,117,2097152
79,118,2097152
79,119,2097152
79,120,2097152
79,121,2097152
79,122,2097152
79,123,2097152
79,124,2097152
79,125,2097152
79,126,2097152
79,127,2097152
80,0,2097152
80,1,2097152
80,2,2097152
80,3,2097152
80,4,2097152
80,5,2097152
80,6,2097152
80,7,2097152
80,8,2097152
80,9,2097152
80,10,2097152
80,11,2097152
80,12,2097152
80,13,2097152
80,14,2097152
80,15,2097152
80,16,2097152
80,17,2097152
80,18,2097152
80,19,2097152
80,20,2097152
80,21,2097152
80,22,2097152
80,23,2097152
80,24,2097152
80,25,2097152
80,26,2097152
80,27,2097152
80,28,2097152
80,29,2097152
80,30,2097152
80,31,2097152
80,32,2097152
80,33,2097152
80,34,2097152
80,35,2097152
80,36,2097152
80,37,2097152
80,38,2097152
80,39,2097152
80,40,2097152
80,41,2097152
80,42,2097152
80,43,2097152
80,44,2097152
80,45,2097152
80,46,2097152
80,47,2097152
80,48,2097152
80,49,2097152
80,50,2097152
80,51,2097152
80,52,2097152
80,53,2097152
80,54,2097152
80,55,2097152
80,56,2097152
80,57,2097152
80,58,2097152
80,59,2097152
80,60,2097152
80,61,2097152
80,62,2097152
80,63,2097152
80,64,2097152
80,65,2097152
80,66,2097152
80,67,2097152
80,68,2097152
80,69,2097152
80,70,2097152
80,71,2097152
80,72,2097152
80,73,2097152
80,74,2097152
80,75,2097152
80,76,2097152
80,77,2097152
80,78,2097152
80,79,2097152
80,81,2097152
80,82,2097152
80,83,2097152
80,84,2097152
80,85,2097152
80,86,2097152
80,87,2097152
80,88,2097152
80,89,2097152
80,90,2097152
80,91,2097152
80,92,2097152
80,93,2097152
80,94,2097152
80,95,2097152
80,96,2097152
80,97,2097152
80,98,2097152
80,99,2097152
80,100,2097152
80,101,2097152
80,102,2097152
80,103,2097152
80,104,2097152
80,105,2097152
80,106,2097152
80,107,2097152
80,108,2097152
80,109,2097152
80,110,2097152
80,111,2097152
80,112,2097152
80,113,2097152
80,114,2097152
80,115,2097152
80,116,2097152
80,117,2097152
80,118,2097152
80,119,2097152
80,120,2097152
80,121,2097152
80,122,2097152
80,123,2097152
80,124,2097152
80,125,2097152
80,126,2097152
80,127,2097152
81,0,2097152
81,1,2097152
81,2,2097152
81,3,2097152
81,4,2097152
81,5,2097152
81,6,2097152
81,7,2097152
81,8,2097152
81,9,2097152
81,10,2097152
81,11,2097152
81,12,2097152
81,13,2097152
81,14,2097152
81,15,2097152
81,16,2097152
81,17,2097152
81,18,2097152
81,19,2097152
81,20,2097152
81,21,2097152
81,22,2097152
81,23,2097152
81,24,2097152
81,25,2097152
81,26,2097152
81,27,2097152
81,28,2097152
81,29,2097152
81,30,2097152
81,31,2097152
81,32,2097152
81,33,2097152
81,34,2097152
81,35,2097152
81,36,2097152
81,37,2097152
81,38,2097152
81,39,2097152
81,40,2097152
81,41,2097152
81,42,2097152
81,43,2097152
81,44,2097152
81,45,2097152
81,46,2097152
81,47,2097152
81,48,2097152
81,49,2097152
81,50,2097152
81,51,2097152
81,52,2097152
81,53,2097152
81,54,2097152
81,55,2097152
81,56,2097152
81,57,2097152
81,58,2097152
81,59,2097152
81,60,2097152
81,61,2097152
81,62,2097152
81,63,2097152
81,64,2097152
81,65,2097152
81,66,2097152
81,67,2097152
81,68,2097152
81,69,2097152
81,70,2097152
81,71,2097152
81,72,2097152
81,73,2097152
81,74,2097152
81,75,2097152
81,76,2097152
81,77,2097152
81,78,2097152
81,79,2097152
81,80,2097152
81,82,2097152
81,83,2097152
81,84,2097152
81,85,2097152
81,86,2097152
81,87,2097152
81,88,2097152
81,89,2097152
81,90,2097152
81,91,2097152
81,92,2097152
81,93,2097152
81,94,2097152
81,95,2097152
81,96,2097152
81,97,2097152
81,98,2097152
81,99,2097152
81,100,2097152
81,101,2097152
81,102,2097152
81,103,2097152
81,104,2097152
81,105,2097152
81,106,2097152
81,107,2097152
81,108,2097152
81,109,2097152
81,110,2097152
81,111,2097152
81,112,2097152
81,113,2097152
81,114,2097152
81,115,2097152
81,116,2097152
81,117,2097152
81,118,2097152
81,119,2097152
81,120,2097152
81,121,2097152
81,122,2097152
81,123,2097152
81,124,2097152
81,125,2097152
81,126,2097152
81,127,2097152
82,0,2097152
82,1,2097152
82,2,2097152
82,3,2097152
82,4,2097152
82,5,2097152
82,6,2097152
82,7,2097152
82,8,2097152
82,9,2097152
82,10,2097152
82,11,2097152
82,12,2097152
82,13,2097152
82,14,2097152
82,15,2097152
82,16,2097152
82,17,2097152
82,18,2097152
82,19,2097152
82,20,2097152
82,21,2097152
82,22,2097152
82,23,2097152
82,24,2097152
82,25,2097152
82,26,2097152
82,27,2097152
82,28,2097152
82,29,2097152
82,30,2097152
82,31,2097152
82,32,2097152
82,33,2097152
82,34,2097152
82,35,2097152
82,36,2097152
82,37,2097152
82,38,2097152
82,39,2097152
82,40,2097152
82,41,2097152
82,42,2097152
82,43,2097152
82,44,2097152
82,45,2097152
82,46,2097152
82,47,2097152
82,48,2097152
82,49,2097152
82,50,2097152
82,51,2097152
82,52,2097152
82,53,2097152
82,54,2097152
82,55,2097152
82,56,2097152
82,57,2097152
82,58,2097152
82,59,2097152
82,60,2097152
82,61,2097152
82,62,2097152
82,63,2097152
82,64,2097152
82,65,2097152
82,66,2097152
82,67,2097152
82,68,2097152
82,69,2097152
82,70,2097152
82,71,2097152
82,72,2097152
82,73,2097152
82,74,2097152
82,75,2097152
82,76,2097152
82,77,2097152
82,78,2097152
82,79,2097152
82,80,2097152
82,81,2097152
82,83,2097152
82,84,2097152
82,85,2097152
82,86,2097152
82,87,2097152
82,88,2097152
82,89,2097152
82,90,2097152
82,91,2097152
82,92,2097152
82,93,2097152
82,94,2097152
82,95,2097152
82,96,2097152
82,97,2097152
82,98,2097152
82,99,2097152
82,100,2097152
82,101,2097152
82,102,2097152
82,103,2097152
82,104,2097152
82,105,2097152
82,106,2097152
82,107,2097152
82,108,2097152
82,109,2097152
82,110,2097152
82,111,2097152
82,112,2097152
82,113,2097152
82,114,2097152
82,115,2097152
82,116,2097152
82,117,2097152
82,118,2097152
82,119,2097152
82,120,2097152
82,121,2097152
82,122,2097152
82,123,2097152
82,124,2097152
82,125,2097152
82,126,2097152
82,127,2097152
83,0,2097152
83,1,2097152
83,2,2097152
83,3,2097152
83,4,2097152
83,5,2097152
83,6,2097152
83,7,2097152
83,8,2097152
83,9,2097152
83,10,2097152
83,11,2097152
83,12,2097152
83,13,2097152
83,14,2097152
83,15,2097152
83,16,2097152
83,17,2097152
83,18,2097152
83,19,2097152
83,20,2097152
83,21,2097152
83,22,2097152
83,23,2097152
83,24,2097152
83,25,2097152
83,26,2097152
83,27,2097152
83,28,2097152
83,29,2097152
83,30,2097152
83,31,2097152
83,32,2097152
83,33,2097152
83,34,2097152
83,35,2097152
83,36,2097152
83,37,2097152
83,38,2097152
83,39,2097152
83,40,2097152
83,41,2097152
83,42,2097152
83,43,2097152
83,44,2097152
83,45,2097152
83,46,2097152
83,47,2097152
83,48,2097152
83,49,2097152
83,50,2097152
83,51,2097152
83,52,2097152
83,53,2097152
83,54,2097152
83,55,2097152
83,56,2097152
83,57,2097152
83,58,2097152
83,59,2097152
83,60,2097152
83,61,2097152
83,62,2097152
83,63,2097152
83,64,2097152
83,65,2097152
83,66,2097152
83,67,2097152
83,68,2097152
83,69,2097152
83,70,2097152
83,71,2097152
83,72,2097152
83,73,2097152
83,74,2097152
83,75,2097152
83,76,2097152
83,77,2097152
83,78,2097152
83,79,2097152
83,80,2097152
83,81,2097152
83,82,2097152
83,84,2097152
83,85,2097152
83,86,2097152
83,87,2097152
83,88,2097152
83,89,2097152
83,90,2097152
83,91,2097152
83,92,2097152
83,93,2097152
83,94,2097152
83,95,2097152
83,96,2097152
83,97,2097152
83,98,2097152
83,99,2097152
83,100,2097152
83,101,2097152
83,102,2097152
83,103,2097152
83,104,2097152
83,105,2097152
83,106,2097152
83,107,2097152
83,108,2097152
83,109,2097152
83,110,2097152
83,111,2097152
83,112,2097152
83,113,2097152
83,114,2097152
83,115,2097152
83,116,2097152
83,117,2097152
83,118,2097152
83,119,2097152
83,120,2097152
83,121,2097152
83,122,2097152
83,123,2097152
83,124,2097152
83,125,2097152
83,126,2097152
83,127,2097152
84,0,2097152
84,1,2097152
84,2,2097152
84,3,2097152
84,4,2097152
84,5,2097152
84,6,2097152
84,7,2097152
84,8,2097152
84,9,2097152
84,10,2097152
84,11,2097152
84,12,2097152
84,13,2097152
84,14,2097152
84,15,2097152
84,16,2097152
84,17,2097152
84,18,2097152
84,19,2097152
84,20,2097152
84,21,2097152
84,22,2097152
84,23,2097152
84,24,2097152
84,25,2097152
84,26,2097152
84,27,2097152
84,28,2097152
84,29,2097152
84,30,2097152
84,31,2097152
84,32,2097152
84,33,2097152
84,34,2097152
84,35,2097152
84,36,2097152
84,37,2097152
84,38,2097152
84,39,2097152
84,40,2097152
84,41,2097152
84,42,2097152
84,43,2097152
84,44,2097152
84,45,2097152
84,46,2097152
84,47,2097152
84,48,2097152
84,49,2097152
84,50,2097152
84,51,2097152
84,52,2097152
84,53,2097152
84,54,2097152
84,55,2097152
84,56,2097152
84,57,2097152
84,58,2097152
84,59,2097152
84,60,2097152
84,61,2097152
84,62,2097152
84,63,2097152
84,64,2097152
84,65,2097152
84,66,2097152
84,67,2097152
84,68,2097152
84,69,2097152
84,70,2097152
84,71,2097152
84,72,2097152
84,73,2097152
84,74,2097152
84,75,2097152
84,76,2097152
84,77,2097152
84,78,2097152
84,79,2097152
84,80,2097152
84,81,2097152
84,82,2097152
84,83,2097152
84,85,2097152
84,86,2097152
84,87,2097152
84,88,2097152
84,89,2097152
84,90,2097152
84,91,2097152
84,92,2097152
84,93,2097152
84,94,2097152
84,95,2097152
84,96,2097152
84,97,2097152
84,98,2097152
84,99,2097152
84,100,2097152
84,101,2097152
84,102,2097152
84,103,2097152
84,104,2097152
84,105,2097152
84,106,2097152
84,107,2097152
84,108,2097152
84,109,2097152
84,110,2097152
84,111,2097152
84,112,2097152
84,113,2097152
84,114,2097152
84,115,2097152
84,116,2097152
84,117,2097152
84,118,2097152
84,119,2097152
84,120,2097152
84,121,2097152
84,122,2097152
84,123,2097152
84,124,2097152
84,125,2097152
84,126,2097152
84,127,2097152
85,0,2097152
85,1,2097152
85,2,2097152
85,3,2097152
85,4,2097152
85,5,2097152
85,6,2097152
85,7,2097152
85,8,2097152
85,9,2097152
85,10,2097152
85,11,2097152
85,12,2097152
85,13,2097152
85,14,2097152
85,15,2097152
85,16,2097152
85,17,2097152
85,18,2097152
85,19,2097152
85,20,2097152
85,21,2097152
85,22,2097152
85,23,2097152
85,24,2097152
85,25,2097152
85,26,2097152
85,27,2097152
85,28,2097152
85,29,2097152
85,30,2097152
85,31,2097152
85,32,2097152
85,33,2097152
85,34,2097152
85,35,2097152
85,36,2097152
85,37,2097152
85,38,2097152
85,39,2097152
85,40,2097152
85,41,2097152
85,42,2097152
85,43,2097152
85,44,2097152
85,45,2097152
85,46,2097152
85,47,2097152
85,48,2097152
85,49,2097152
85,50,2097152
85,51,2097152
85,52,2097152
85,53,2097152
85,54,2097152
85,55,2097152
85,56,2097152
85,57,2097152
85,58,2097152
85,59,2097152
85,60,2097152
85,61,2097152
85,62,2097152
85,63,2097152
85,64,2097152
85,65,2097152
85,66,2097152
85,67,2097152
85,68,2097152
85,69,2097152
85,70,2097152
85,71,2097152
85,72,2097152
85,73,2097152
85,74,2097152
85,75,2097152
85,76,2097152
85,77,2097152
85,78,2097152
85,79,2097152
85,80,2097152
85,81,2097152
85,82,2097152
85,83,2097152
85,84,2097152
85,86,2097152
85,87,2097152
85,88,2097152
85,89,2097152
85,90,2097152
85,91,2097152
85,92,2097152
85,93,2097152
85,94,2097152
85,95,2097152
85,96,2097152
85,97,2097152
85,98,2097152
85,99,2097152
85,100,2097152
85,101,2097152
85,102,2097152
85,103,2097152
85,104,2097152
85,105,2097152
85,106,2097152
85,107,2097152
85,108,2097152
85,109,2097152
85,110,2097152
85,111,2097152
85,112,2097152
85,113,2097152
85,114,2097152
85,115,2097152
85,116,2097152
85,117,2097152
85,118,2097152
85,119,2097152
85,120,2097152
85,121,2097152
85,122,2097152
85,123,2097152
85,124,2097152
85,125,2097152
85,126,2097152
85,127,2097152
86,0,2097152
86,1,2097152
86,2,2097152
86,3,2097152
86,4,2097152
86,5,2097152
86,6,2097152
86,7,2097152
86,8,2097152
86,9,2097152
86,10,2097152
86,11,2097152
86,12,2097152
86,13,2097152
86,14,2097152
86,15,2097152
86,16,2097152
86,17,2097152
86,18,2097152
86,19,2097152
86,20,2097152
86,21,2097152
86,22,2097152
86,23,2097152
86,24,2097152
86,25,2097152
86,26,2097152
86,27,2097152
86,28,2097152
86,29,2097152
86,30,2097152
86,31,2097152
86,32,2097152
86,33,2097152
86,34,2097152
86,35,2097152
86,36,2097152
86,37,2097152
86,38,2097152
86,39,2097152
86,40,2097152
86,41,2097152
86,42,2097152
86,43,2097152
86,44,2097152
86,45,2097152
86,46,2097152
86,47,2097152
86,48,2097152
86,49,2097152
86,50,2097152
86,51,2097152
86,52,2097152
86,53,2097152
86,54,2097152
86,55,2097152
86,56,2097152
86,57,2097152
86,58,2097152
86,59,2097152
86,60,2097152
86,61,2097152
86,62,2097152
86,63,2097152
86,64,2097152
86,65,2097152
86,66,2097152
86,67,2097152
86,68,2097152
86,69,2097152
86,70,2097152
86,71,2097152
86,72,2097152
86,73,2097152
86,74,2097152
86,75,2097152
86,76,2097152
86,77,2097152
86,78,2097152
86,79,2097152
86,80,2097152
86,81,2097152
86,82,2097152
86,83,2097152
86,84,2097152
86,85,2097152
86,87,2097152
86,88,2097152
86,89,2097152
86,90,2097152
86,91,2097152
86,92,2097152
86,93,2097152
86,94,2097152
86,95,2097152
86,96,2097152
86,97,2097152
86,98,2097152
86,99,2097152
86,100,2097152
86,101,2097152
86,102,2097152
86,103,2097152
86,104,2097152
86,105,2097152
86,106,2097152
86,107,2097152
86,108,2097152
86,109,2097152
86,110,2097152
86,111,2097152
86,112,2097152
86,113,2097152
86,114,2097152
86,115,2097152
86,116,2097152
86,117,2097152
86,118,2097152
86,119,2097152
86,120,2097152
86,121,2097152
86,122,2097152
86,123,2097152
86,124,2097152
86,125,2097152
86,126,2097152
86,127,2097152
87,0,2097152
87,1,2097152
87,2,2097152
87,3,2097152
87,4,2097152
87,5,2097152
87,6,2097152
87,7,2097152
87,8,2097152
87,9,2097152
87,10,2097152
87,11,2097152
87,12,2097152
87,13,2097152
87,14,2097152
87,15,2097152
87,16,2097152
87,17,2097152
87,18,2097152
87,19,2097152
87,20,2097152
87,21,2097152
87,22,2097152
87,23,2097152
87,24,2097152
87,25,2097152
87,26,2097152
87,27,2097152
87,28,2097152
87,29,2097152
87,30,2097152
87,31,2097152
87,32,2097152
87,33,2097152
87,34,2097152
87,35,2097152
87,36,2097152
87,37,2097152
87,38,2097152
87,39,2097152
87,40,2097152
87,41,2097152
87,42,2097152
87,43,2097152
87,44,2097152
87,45,2097152
87,46,2097152
87,47,2097152
87,48,2097152
87,49,2097152
87,50,2097152
87,51,2097152
87,52,2097152
87,53,2097152
87,54,2097152
87,55,2097152
87,56,2097152
87,57,2097152
87,58,2097152
87,59,2097152
87,60,2097152
87,61,2097152
87,62,2097152
87,63,2097152
87,64,2097152
87,65,2097152
87,66,2097152
87,67,2097152
87,68,2097152
87,69,2097152
87,70,2097152
87,71,2097152
87,72,2097152
87,73,2097152
87,74,2097152
87,75,2097152
87,76,2097152
87,77,2097152
87,78,2097152
87,79,2097152
87,80,2097152
87,81,2097152
87,82,2097152
87,83,2097152
87,84,2097152
87,85,2097152
87,86,2097152
87,88,2097152
87,89,2097152
87,90,2097152
87,91,2097152
87,92,2097152
87,93,2097152
87,94,2097152
87,95,2097152
87,96,2097152
87,97,2097152
87,98,2097152
87,99,2097152
87,100,2097152
87,101,2097152
87,102,2097152
87,103,2097152
87,104,2097152
87,105,2097152
87,106,2097152
87,107,2097152
87,108,2097152
87,109,2097152
87,110,2097152
87,111,2097152
87,112,2097152
87,113,2097152
87,114,2097152
87,115,2097152
87,116,2097152
87,117,2097152
87,118,2097152
87,119,2097152
87,120,2097152
87,121,2097152
87,122,2097152
87,123,2097152
87,124,2097152
87,125,2097152
87,126,2097152
87,127,2097152
88,0,2097152
88,1,2097152
88,2,2097152
88,3,2097152
88,4,2097152
88,5,2097152
88,6,2097152
88,7,2097152
88,8,2097152
88,9,2097152
88,10,2097152
88,11,2097152
88,12,2097152
88,13,2097152
88,14,2097152
88,15,2097152
88,16,2097152
88,17,2097152
88,18,2097152
88,19,2097152
88,20,2097152
88,21,2097152
88,22,2097152
88,23,2097152
88,24,2097152
88,25,2097152
88,26,2097152
88,27,2097152
88,28,2097152
88,29,2097152
88,30,2097152
88,31,2097152
88,32,2097152
88,33,2097152
88,34,2097152
88,35,2097152
88,36,2097152
88,37,2097152
88,38,2097152
88,39,2097152
88,40,2097152
88,41,2097152
88,42,2097152
88,43,2097152
88,44,2097152
88,45,2097152
88,46,2097152
88,47,2097152
88,48,2097152
88,49,2097152
88,50,2097152
88,51,2097152
88,52,2097152
88,53,2097152
88,54,2097152
88,55,2097152
88,56,2097152
88,57,2097152
88,58,2097152
88,59,2097152
88,60,2097152
88,61,2097152
88,62,2097152
88,63,2097152
88,64,2097152
88,65,2097152
88,66,2097152
88,67,2097152
88,68,2097152
88,69,2097152
88,70,2097152
88,71,2097152
88,72,2097152
88,73,2097152
88,74,2097152
88,75,2097152
88,76,2097152
88,77,2097152
88,78,2097152
88,79,2097152
88,80,2097152
88,81,2097152
88,82,2097152
88,83,2097152
88,84,2097152
88,85,2097152
88,86,2097152
88,87,2097152
88,89,2097152
88,90,2097152
88,91,2097152
88,92,2097152
88,93,2097152
88,94,2097152
88,95,2097152
88,96,2097152
88,97,2097152
88,98,2097152
88,99,2097152
88,100,2097152
88,101,2097152
88,102,2097152
88,103,2097152
88,104,2097152
88,105,2097152
88,106,2097152
88,107,2097152
88,108,2097152
88,109,2097152
88,110,2097152
88,111,2097152
88,112,2097152
88,113,2097152
88,114,2097152
88,115,2097152
88,116,2097152
88,117,2097152
88,118,2097152
88,119,2097152
88,120,2097152
88,121,2097152
88,122,2097152
88,123,2097152
88,124,2097152
88,125,2097152
88,126,2097152
88,127,2097152
89,0,2097152
89,1,2097152
89,2,2097152
89,3,2097152
89,4,2097152
89,5,2097152
89,6,2097152
89,7,2097152
89,8,2097152
89,9,2097152
89,10,2097152
89,11,2097152
89,12,2097152
89,13,2097152
89,14,2097152
89,15,2097152
89,16,2097152
89,17,2097152
89,18,2097152
89,19,2097152
89,20,2097152
89,21,2097152
89,22,2097152
89,23,2097152
89,24,2097152
89,25,2097152
89,26,2097152
89,27,2097152
89,28,2097152
89,29,2097152
89,30,2097152
89,31,2097152
89,32,2097152
89,33,2097152
89,34,2097152
89,35,2097152
89,36,2097152
89,37,2097152
89,38,2097152
89,39,2097152
89,40,2097152
89,41,2097152
89,42,2097152
89,43,2097152
89,44,2097152
89,45,2097152
89,46,2097152
89,47,2097152
89,48,2097152
89,49,2097152
89,50,2097152
89,51,2097152
89,52,2097152
89,53,2097152
89,54,2097152
89,55,2097152
89,56,2097152
89,57,2097152
89,58,2097152
89,59,2097152
89,60,2097152
89,61,2097152
89,62,2097152
89,63,2097152
89,64,2097152
89,65,2097152
89,66,2097152
89,67,2097152
89,68,2097152
89,69,2097152
89,70,2097152
89,71,2097152
89,72,2097152
89,73,2097152
89,74,2097152
89,75,2097152
89,76,2097152
89,77,2097152
89,78,2097152
89,79,2097152
89,80,2097152
89,81,2097152
89,82,2097152
89,83,2097152
89,84,2097152
89,85,2097152
89,86,2097152
89,87,2097152
89,88,2097152
89,90,2097152
89,91,2097152
89,92,2097152
89,93,2097152
89,94,2097152
89,95,2097152
89,96,2097152
89,97,2097152
89,98,2097152
89,99,2097152
89,100,2097152
89,101,2097152
89,102,2097152
89,103,2097152
89,104,2097152
89,105,2097152
89,106,2097152
89,107,2097152
89,108,2097152
89,109,2097152
89,110,2097152
89,111,2097152
89,112,2097152
89,113,2097152
89,114,2097152
89,115,2097152
89,116,2097152
89,117,2097152
89,118,2097152
89,119,2097152
89,120,2097152
89,121,2097152
89,122,2097152
89,123,2097152
89,124,2097152
89,125,2097152
89,126,2097152
89,127,2097152
90,0,2097152
90,1,2097152
90,2,2097152
90,3,2097152
90,4,2097152
90,5,2097152
90,6,2097152
90,7,2097152
90,8,2097152
90,9,2097152
90,10,2097152
90,11,2097152
90,12,2097152
90,13,2097152
90,14,2097152
90,15,2097152
90,16,2097152
90,17,2097152
90,18,2097152
90,19,2097152
90,20,2097152
90,21,2097152
90,22,2097152
90,23,2097152
90,24,2097152
90,25,2097152
90,26,2097152
90,27,2097152
90,28,2097152
90,29,2097152
90,30,2097152
90,31,2097152
90,32,2097152
90,33,2097152
90,34,2097152
90,35,2097152
90,36,2097152
90,37,2097152
90,38,2097152
90,39,2097152
90,40,2097152
90,41,2097152
90,42,2097152
90,43,2097152
90,44,2097152
90,45,2097152
90,46,2097152
90,47,2097152
90,48,2097152
90,49,2097152
90,50,2097152
90,51,2097152
90,52,2097152
90,53,2097152
90,54,2097152
90,55,2097152
90,56,2097152
90,57,2097152
90,58,2097152
90,59,2097152
90,60,2097152
90,61,2097152
90,62,2097152
90,63,2097152
90,64,2097152
90,65,2097152
90,66,2097152
90,67,2097152
90,68,2097152
90,69,2097152
90,70,2097152
90,71,2097152
90,72,2097152
90,73,2097152
90,74,2097152
90,75,2097152
90,76,2097152
90,77,2097152
90,78,2097152
90,79,2097152
90,80,2097152
90,81,2097152
90,82,2097152
90,83,2097152
90,84,2097152
90,85,2097152
90,86,2097152
90,87,2097152
90,88,2097152
90,89,2097152
90,91,2097152
90,92,2097152
90,93,2097152
90,94,2097152
90,95,2097152
90,96,2097152
90,97,2097152
90,98,2097152
90,99,2097152
90,100,2097152
90,101,2097152
90,102,2097152
90,103,2097152
90,104,2097152
90,105,2097152
90,106,2097152
90,107,2097152
90,108,2097152
90,109,2097152
90,110,2097152
90,111,2097152
90,112,2097152
90,113,2097152
90,114,2097152
90,115,2097152
90,116,2097152
90,117,2097152
90,118,2097152
90,119,2097152
90,120,2097152
90,121,2097152
90,122,2097152
90,123,2097152
90,124,2097152
90,125,2097152
90,126,2097152
90,127,2097152
91,0,2097152
91,1,2097152
91,2,2097152
91,3,2097152
91,4,2097152
91,5,2097152
91,6,2097152
91,7,2097152
91,8,2097152
91,9,2097152
91,10,2097152
91,11,2097152
91,12,2097152
91,13,2097152
91,14,2097152
91,15,2097152
91,16,2097152
91,17,2097152
91,18,2097152
91,19,2097152
91,20,2097152
91,21,2097152
91,22,2097152
91,23,2097152
91,24,2097152
91,25,2097152
91,26,2097152
91,27,2097152
91,28,2097152
91,29,2097152
91,30,2097152
91,31,2097152
91,32,2097152
91,33,2097152
91,34,2097152
91,35,2097152
91,36,2097152
91,37,2097152
91,38,2097152
91,39,2097152
91,40,2097152
91,41,2097152
91,42,2097152
91,43,2097152
91,44,2097152
91,45,2097152
91,46,2097152
91,47,2097152
91,48,2097152
91,49,2097152
91,50,2097152
91,51,2097152
91,52,2097152
91,53,2097152
91,54,2097152
91,55,2097152
91,56,2097152
91,57,2097152
91,58,2097152
91,59,2097152
91,60,2097152
91,61,2097152
91,62,2097152
91,63,2097152
91,64,2097152
91,65,2097152
91,66,2097152
91,67,2097152
91,68,2097152
91,69,2097152
91,70,2097152
91,71,2097152
91,72,2097152
91,73,2097152
91,74,2097152
91,75,2097152
91,76,2097152
91,77,2097152
91,78,2097152
91,79,2097152
91,80,2097152
91,81,2097152
91,82,2097152
91,83,2097152
91,84,2097152
91,85,2097152
91,86,2097152
91,87,2097152
91,88,2097152
91,89,2097152
91,90,2097152
91,92,2097152
91,93,2097152
91,94,2097152
91,95,2097152
91,96,2097152
91,97,2097152
91,98,2097152
91,99,2097152
91,100,2097152
91,101,2097152
91,102,2097152
91,103,2097152
91,104,2097152
91,105,2097152
91,106,2097152
91,107,2097152
91,108,2097152
91,109,2097152
91,110,2097152
91,111,2097152
91,112,2097152
91,113,2097152
91,114,2097152
91,115,2097152
91,116,2097152
91,117,2097152
91,118,2097152
91,119,2097152
91,120,2097152
91,121,2097152
91,122,2097152
91,123,2097152
91,124,2097152
91,125,2097152
91,126,2097152
91,127,2097152
92,0,2097152
92,1,2097152
92,2,2097152
92,3,2097152
92,4,2097152
92,5,2097152
92,6,2097152
92,7,2097152
92,8,2097152
92,9,2097152
92,10,2097152
92,11,2097152
92,12,2097152
92,13,2097152
92,14,2097152
92,15,2097152
92,16,2097152
92,17,2097152
92,18,2097152
92,19,2097152
92,20,2097152
92,21,2097152
92,22,2097152
92,23,2097152
92,24,2097152
92,25,2097152
92,26,2097152
92,27,2097152
92,28,2097152
92,29,2097152
92,30,2097152
92,31,2097152
92,32,2097152
92,33,2097152
92,34,2097152
92,35,2097152
92,36,2097152
92,37,2097152
92,38,2097152
92,39,2097152
92,40,2097152
92,41,2097152
92,42,2097152
92,43,2097152
92,44,2097152
92,45,2097152
92,46,2097152
92,47,2097152
92,48,2097152
92,49,2097152
92,50,2097152
92,51,2097152
92,52,2097152
92,53,2097152
92,54,2097152
92,55,2097152
92,56,2097152
92,57,2097152
92,58,2097152
92,59,2097152
92,60,2097152
92,61,2097152
92,62,2097152
92,63,2097152
92,64,2097152
92,65,2097152
92,66,2097152
92,67,2097152
92,68,2097152
92,69,2097152
92,70,2097152
92,71,2097152
92,72,2097152
92,73,2097152
92,74,2097152
92,75,2097152
92,76,2097152
92,77,2097152
92,78,2097152
92,79,2097152
92,80,2097152
92,81,2097152
92,82,2097152
92,83,2097152
92,84,2097152
92,85,2097152
92,86,2097152
92,87,2097152
92,88,2097152
92,89,2097152
92,90,2097152
92,91,2097152
92,93,2097152
92,94,2097152
92,95,2097152
92,96,2097152
92,97,2097152
92,98,2097152
92,99,2097152
92,100,2097152
92,101,2097152
92,102,2097152
92,103,2097152
92,104,2097152
92,105,2097152
92,106,2097152
92,107,2097152
92,108,2097152
92,109,2097152
92,110,2097152
92,111,2097152
92,112,2097152
92,113,2097152
92,114,2097152
92,115,2097152
92,116,2097152
92,117,2097152
92,118,2097152
92,119,2097152
92,120,2097152
92,121,2097152
92,122,2097152
92,123,2097152
92,124,2097152
92,125,2097152
92,126,2097152
92,127,2097152
93,0,2097152
93,1,2097152
93,2,2097152
93,3,2097152
93,4,2097152
93,5,2097152
93,6,2097152
93,7,2097152
93,8,2097152
93,9,2097152
93,10,2097152
93,11,2097152
93,12,2097152
93,13,2097152
93,14,2097152
93,15,2097152
93,16,2097152
93,17,2097152
93,18,2097152
93,19,2097152
93,20,2097152
93,21,2097152
93,22,2097152
93,23,2097152
93,24,2097152
93,25,2097152
93,26,2097152
93,27,2097152
93,28,2097152
93,29,2097152
93,30,2097152
93,31,2097152
93,32,2097152
93,33,2097152
93,34,2097152
93,35,2097152
93,36,2097152
93,37,2097152
93,38,2097152
93,39,2097152
93,40,2097152
93,41,2097152
93,42,2097152
93,43,2097152
93,44,2097152
93,45,2097152
93,46,2097152
93,47,2097152
93,48,2097152
93,49,2097152
93,50,2097152
93,51,2097152
93,52,2097152
93,53,2097152
93,54,2097152
93,55,2097152
93,56,2097152
93,57,2097152
93,58,2097152
93,59,2097152
93,60,2097152
93,61,2097152
93,62,2097152
93,63,2097152
93,64,2097152
93,65,2097152
93,66,2097152
93,67,2097152
93,68,2097152
93,69,2097152
93,70,2097152
93,71,2097152
93,72,2097152
93,73,2097152
93,74,2097152
93,75,2097152
93,76,2097152
93,77,2097152
93,78,2097152
93,79,2097152
93,80,2097152
93,81,2097152
93,82,2097152
93,83,2097152
93,84,2097152
93,85,2097152
93,86,2097152
93,87,2097152
93,88,2097152
93,89,2097152
93,90,2097152
93,91,2097152
93,92,2097152
93,94,2097152
93,95,2097152
93,96,2097152
93,97,2097152
93,98,2097152
93,99,2097152
93,100,2097152
93,101,2097152
93,102,2097152
93,103,2097152
93,104,2097152
93,105,2097152
93,106,2097152
93,107,2097152
93,108,2097152
93,109,2097152
93,110,2097152
93,111,2097152
93,112,2097152
93,113,2097152
93,114,2097152
93,115,2097152
93,116,2097152
93,117,2097152
93,118,2097152
93,119,2097152
93,120,2097152
93,121,2097152
93,122,2097152
93,123,2097152
93,124,2097152
93,125,2097152
93,126,2097152
93,127,2097152
94,0,2097152
94,1,2097152
94,2,2097152
94,3,2097152
94,4,2097152
94,5,2097152
94,6,2097152
94,7,2097152
94,8,2097152
94,9,2097152
94,10,2097152
94,11,2097152
94,12,2097152
94,13,2097152
94,14,2097152
94,15,2097152
94,16,2097152
94,17,2097152
94,18,2097152
94,19,2097152
94,20,2097152
94,21,2097152
94,22,2097152
94,23,2097152
94,24,2097152
94,25,2097152
94,26,2097152
94,27,2097152
94,28,2097152
94,29,2097152
94,30,2097152
94,31,2097152
94,32,2097152
94,33,2097152
94,34,2097152
94,35,2097152
94,36,2097152
94,37,2097152
94,38,2097152
94,39,2097152
94,40,2097152
94,41,2097152
94,42,2097152
94,43,2097152
94,44,2097152
94,45,2097152
94,46,2097152
94,47,2097152
94,48,2097152
94,49,2097152
94,50,2097152
94,51,2097152
94,52,2097152
94,53,2097152
94,54,2097152
94,55,2097152
94,56,2097152
94,57,2097152
94,58,2097152
94,59,2097152
94,60,2097152
94,61,2097152
94,62,2097152
94,63,2097152
94,64,2097152
94,65,2097152
94,66,2097152
94,67,2097152
94,68,2097152
94,69,2097152
94,70,2097152
94,71,2097152
94,72,2097152
94,73,2097152
94,74,2097152
94,75,2097152
94,76,2097152
94,77,2097152
94,78,2097152
94,79,2097152
94,80,2097152
94,81,2097152
94,82,2097152
94,83,2097152
94,84,2097152
94,85,2097152
94,86,2097152
94,87,2097152
94,88,2097152
94,89,2097152
94,90,2097152
94,91,2097152
94,92,2097152
94,93,2097152
94,95,2097152
94,96,2097152
94,97,2097152
94,98,2097152
94,99,2097152
94,100,2097152
94,101,2097152
94,102,2097152
94,103,2097152
94,104,2097152
94,105,2097152
94,106,2097152
94,107,2097152
94,108,2097152
94,109,2097152
94,110,2097152
94,111,2097152
94,112,2097152
94,113,2097152
94,114,2097152
94,115,2097152
94,116,2097152
94,117,2097152
94,118,2097152
94,119,2097152
94,120,2097152
94,121,2097152
94,122,2097152
94,123,2097152
94,124,2097152
94,125,2097152
94,126,2097152
94,127,2097152
95,0,2097152
95,1,2097152
95,2,2097152
95,3,2097152
95,4,2097152
95,5,2097152
95,6,2097152
95,7,2097152
95,8,2097152
95,9,2097152
95,10,2097152
95,11,2097152
95,12,2097152
95,13,2097152
95,14,2097152
95,15,2097152
95,16,2097152
95,17,2097152
95,18,2097152
95,19,2097152
95,20,2097152
95,21,2097152
95,22,2097152
95,23,2097152
95,24,2097152
95,25,2097152
95,26,2097152
95,27,2097152
95,28,2097152
95,29,2097152
95,30,2097152
95,31,2097152
95,32,2097152
95,33,2097152
95,34,2097152
95,35,2097152
95,36,2097152
95,37,2097152
95,38,2097152
95,39,2097152
95,40,2097152
95,41,2097152
95,42,2097152
95,43,2097152
95,44,2097152
95,45,2097152
95,46,2097152
95,47,2097152
95,48,2097152
95,49,2097152
95,50,2097152
95,51,2097152
95,52,2097152
95,53,2097152
95,54,2097152
95,55,2097152
95,56,2097152
95,57,2097152
95,58,2097152
95,59,2097152
95,60,2097152
95,61,2097152
95,62,2097152
95,63,2097152
95,64,2097152
95,65,2097152
95,66,2097152
95,67,2097152
95,68,2097152
95,69,2097152
95,70,2097152
95,71,2097152
95,72,2097152
95,73,2097152
95,74,2097152
95,75,2097152
95,76,2097152
95,77,2097152
95,78,2097152
95,79,2097152
95,80,2097152
95,81,2097152
95,82,2097152
95,83,2097152
95,84,2097152
95,85,2097152
95,86,2097152
95,87,2097152
95,88,2097152
95,89,2097152
95,90,2097152
95,91,2097152
95,92,2097152
95,93,2097152
95,94,2097152
95,96,2097152
95,97,2097152
95,98,2097152
95,99,2097152
95,100,2097152
95,101,2097152
95,102,2097152
95,103,2097152
95,104,2097152
95,105,2097152
95,106,2097152
95,107,2097152
95,108,2097152
95,109,2097152
95,110,2097152
95,111,2097152
95,112,2097152
95,113,2097152
95,114,2097152
95,115,2097152
95,116,2097152
95,117,2097152
95,118,2097152
95,119,2097152
95,120,2097152
95,121,2097152
95,122,2097152
95,123,2097152
95,124,2097152
95,125,2097152
95,126,2097152
95,127,2097152
96,0,2097152
96,1,2097152
96,2,2097152
96,3,2097152
96,4,2097152
96,5,2097152
96,6,2097152
96,7,2097152
96,8,2097152
96,9,2097152
96,10,2097152
96,11,2097152
96,12,2097152
96,13,2097152
96,14,2097152
96,15,2097152
96,16,2097152
96,17,2097152
96,18,2097152
96,19,2097152
96,20,2097152
96,21,2097152
96,22,2097152
96,23,2097152
96,24,2097152
96,25,2097152
96,26,2097152
96,27,2097152
96,28,2097152
96,29,2097152
96,30,2097152
96,31,2097152
96,32,2097152
96,33,2097152
96,34,2097152
96,35,2097152
96,36,2097152
96,37,2097152
96,38,2097152
96,39,2097152
96,40,2097152
96,41,2097152
96,42,2097152
96,43,2097152
96,44,2097152
96,45,2097152
96,46,2097152
96,47,2097152
96,48,2097152
96,49,2097152
96,50,2097152
96,51,2097152
96,52,2097152
96,53,2097152
96,54,2097152
96,55,2097152
96,56,2097152
96,57,2097152
96,58,2097152
96,59,2097152
96,60,2097152
96,61,2097152
96,62,2097152
96,63,2097152
96,64,2097152
96,65,2097152
96,66,2097152
96,67,2097152
96,68,2097152
96,69,2097152
96,70,2097152
96,71,2097152
96,72,2097152
96,73,2097152
96,74,2097152
96,75,2097152
96,76,2097152
96,77,2097152
96,78,2097152
96,79,2097152
96,80,2097152
96,81,2097152
96,82,2097152
96,83,2097152
96,84,2097152
96,85,2097152
96,86,2097152
96,87,2097152
96,88,2097152
96,89,2097152
96,90,2097152
96,91,2097152
96,92,2097152
96,93,2097152
96,94,2097152
96,95,2097152
96,97,2097152
96,98,2097152
96,99,2097152
96,100,2097152
96,101,2097152
96,102,2097152
96,103,2097152
96,104,2097152
96,105,2097152
96,106,2097152
96,107,2097152
96,108,2097152
96,109,2097152
96,110,2097152
96,111,2097152
96,112,2097152
96,113,2097152
96,114,2097152
96,115,2097152
96,116,2097152
96,117,2097152
96,118,2097152
96,119,2097152
96,120,2097152
96,121,2097152
96,122,2097152
96,123,2097152
96,124,2097152
96,125,2097152
96,126,2097152
96,127,2097152
97,0,2097152
97,1,2097152
97,2,2097152
97,3,2097152
97,4,2097152
97,5,2097152
97,6,2097152
97,7,2097152
97,8,2097152
97,9,2097152
97,10,2097152
97,11,2097152
97,12,2097152
97,13,2097152
97,14,2097152
97,15,2097152
97,16,2097152
97,17,2097152
97,18,2097152
97,19,2097152
97,20,2097152
97,21,2097152
97,22,2097152
97,23,2097152
97,24,2097152
97,25,2097152
97,26,2097152
97,27,2097152
97,28,2097152
97,29,2097152
97,30,2097152
97,31,2097152
97,32,2097152
97,33,2097152
97,34,2097152
97,35,2097152
97,36,2097152
97,37,2097152
97,38,2097152
97,39,2097152
97,40,2097152
97,41,2097152
97,42,2097152
97,43,2097152
97,44,2097152
97,45,2097152
97,46,2097152
97,47,2097152
97,48,2097152
97,49,2097152
97,50,2097152
97,51,2097152
97,52,2097152
97,53,2097152
97,54,2097152
97,55,2097152
97,56,2097152
97,57,2097152
97,58,2097152
97,59,2097152
97,60,2097152
97,61,2097152
97,62,2097152
97,63,2097152
97,64,2097152
97,65,2097152
97,66,2097152
97,67,2097152
97,68,2097152
97,69,2097152
97,70,2097152
97,71,2097152
97,72,2097152
97,73,2097152
97,74,2097152
97,75,2097152
97,76,2097152
97,77,2097152
97,78,2097152
97,79,2097152
97,80,2097152
97,81,2097152
97,82,2097152
97,83,2097152
97,84,2097152
97,85,2097152
97,86,2097152
97,87,2097152
97,88,2097152
97,89,2097152
97,90,2097152
97,91,2097152
97,92,2097152
97,93,2097152
97,94,2097152
97,95,2097152
97,96,2097152
97,98,2097152
97,99,2097152
97,100,2097152
97,101,2097152
97,102,2097152
97,103,2097152
97,104,2097152
97,105,2097152
97,106,2097152
97,107,2097152
97,108,2097152
97,109,2097152
97,110,2097152
97,111,2097152
97,112,2097152
97,113,2097152
97,114,2097152
97,115,2097152
97,116,2097152
97,117,2097152
97,118,2097152
97,119,2097152
97,120,2097152
97,121,2097152
97,122,2097152
97,123,2097152
97,124,2097152
97,125,2097152
97,126,2097152
97,127,2097152
98,0,2097152
98,1,2097152
98,2,2097152
98,3,2097152
98,4,2097152
98,5,2097152
98,6,2097152
98,7,2097152
98,8,2097152
98,9,2097152
98,10,2097152
98,11,2097152
98,12,2097152
98,13,2097152
98,14,2097152
98,15,2097152
98,16,2097152
98,17,2097152
98,18,2097152
98,19,2097152
98,20,2097152
98,21,2097152
98,22,2097152
98,23,2097152
98,24,2097152
98,25,2097152
98,26,2097152
98,27,2097152
98,28,2097152
98,29,2097152
98,30,2097152
98,31,2097152
98,32,2097152
98,33,2097152
98,34,2097152
98,35,2097152
98,36,2097152
98,37,2097152
98,38,2097152
98,39,2097152
98,40,2097152
98,41,2097152
98,42,2097152
98,43,2097152
98,44,2097152
98,45,2097152
98,46,2097152
98,47,2097152
98,48,2097152
98,49,2097152
98,50,2097152
98,51,2097152
98,52,2097152
98,53,2097152
98,54,2097152
98,55,2097152
98,56,2097152
98,57,2097152
98,58,2097152
98,59,2097152
98,60,2097152
98,61,2097152
98,62,2097152
98,63,2097152
98,64,2097152
98,65,2097152
98,66,2097152
98,67,2097152
98,68,2097152
98,69,2097152
98,70,2097152
98,71,2097152
98,72,2097152
98,73,2097152
98,74,2097152
98,75,2097152
98,76,2097152
98,77,2097152
98,78,2097152
98,79,2097152
98,80,2097152
98,81,2097152
98,82,2097152
98,83,2097152
98,84,2097152
98,85,2097152
98,86,2097152
98,87,2097152
98,88,2097152
98,89,2097152
98,90,2097152
98,91,2097152
98,92,2097152
98,93,2097152
98,94,2097152
98,95,2097152
98,96,2097152
98,97,2097152
98,99,2097152
98,100,2097152
98,101,2097152
98,102,2097152
98,103,2097152
98,104,2097152
98,105,2097152
98,106,2097152
98,107,2097152
98,108,2097152
98,109,2097152
98,110,2097152
98,111,2097152
98,112,2097152
98,113,2097152
98,114,2097152
98,115,2097152
98,116,2097152
98,117,2097152
98,118,2097152
98,119,2097152
98,120,2097152
98,121,2097152
98,122,2097152
98,123,2097152
98,124,2097152
98,125,2097152
98,126,2097152
98,127,2097152
99,0,2097152
99,1,2097152
99,2,2097152
99,3,2097152
99,4,2097152
99,5,2097152
99,6,2097152
99,7,2097152
99,8,2097152
99,9,2097152
99,10,2097152
99,11,2097152
99,12,2097152
99,13,2097152
99,14,2097152
99,15,2097152
99,16,2097152
99,17,2097152
99,18,2097152
99,19,2097152
99,20,2097152
99,21,2097152
99,22,2097152
99,23,2097152
99,24,2097152
99,25,2097152
99,26,2097152
99,27,2097152
99,28,2097152
99,29,2097152
99,30,2097152
99,31,2097152
99,32,2097152
99,33,2097152
99,34,2097152
99,35,2097152
99,36,2097152
99,37,2097152
99,38,2097152
99,39,2097152
99,40,2097152
99,41,2097152
99,42,2097152
99,43,2097152
99,44,2097152
99,45,2097152
99,46,2097152
99,47,2097152
99,48,2097152
99,49,2097152
99,50,2097152
99,51,2097152
99,52,2097152
99,53,2097152
99,54,2097152
99,55,2097152
99,56,2097152
99,57,2097152
99,58,2097152
99,59,2097152
99,60,2097152
99,61,2097152
99,62,2097152
99,63,2097152
99,64,2097152
99,65,2097152
99,66,2097152
99,67,2097152
99,68,2097152
99,69,2097152
99,70,2097152
99,71,2097152
99,72,2097152
99,73,2097152
99,74,2097152
99,75,2097152
99,76,2097152
99,77,2097152
99,78,2097152
99,79,2097152
99,80,2097152
99,81,2097152
99,82,2097152
99,83,2097152
99,84,2097152
99,85,2097152
99,86,2097152
99,87,2097152
99,88,2097152
99,89,2097152
99,90,2097152
99,91,2097152
99,92,2097152
99,93,2097152
99,94,2097152
99,95,2097152
99,96,2097152
99,97,2097152
99,98,2097152
99,100,2097152
99,101,2097152
99,102,2097152
99,103,2097152
99,104,2097152
99,105,2097152
99,106,2097152
99,107,2097152
99,108,2097152
99,109,2097152
99,110,2097152
99,111,2097152
99,112,2097152
99,113,2097152
99,114,2097152
99,115,2097152
99,116,2097152
99,117,2097152
99,118,2097152
99,119,2097152
99,120,2097152
99,121,2097152
99,122,2097152
99,123,2097152
99,124,2097152
99,125,2097152
99,126,2097152
99,127,2097152
100,0,2097152
100,1,2097152
100,2,2097152
100,3,2097152
100,4,2097152
100,5,2097152
100,6,2097152
100,7,2097152
100,8,2097152
100,9,2097152
100,10,2097152
100,11,2097152
100,12,2097152
100,13,2097152
100,14,2097152
100,15,2097152
100,16,2097152
100,17,2097152
100,18,2097152
100,19,2097152
100,20,2097152
100,21,2097152
100,22,2097152
100,23,2097152
100,24,2097152
100,25,2097152
100,26,2097152
100,27,2097152
100,28,2097152
100,29,2097152
100,30,2097152
100,31,2097152
100,32,2097152
100,33,2097152
100,34,2097152
100,35,2097152
100,36,2097152
100,37,2097152
100,38,2097152
100,39,2097152
100,40,2097152
100,41,2097152
100,42,2097152
100,43,2097152
100,44,2097152
100,45,2097152
100,46,2097152
100,47,2097152
100,48,2097152
100,49,2097152
100,50,2097152
100,51,2097152
100,52,2097152
100,53,2097152
100,54,2097152
100,55,2097152
100,56,2097152
100,57,2097152
100,58,2097152
100,59,2097152
100,60,2097152
100,61,2097152
100,62,2097152
100,63,2097152
100,64,2097152
100,65,2097152
100,66,2097152
100,67,2097152
100,68,2097152
100,69,2097152
100,70,2097152
100,71,2097152
100,72,2097152
100,73,2097152
100,74,2097152
100,75,2097152
100,76,2097152
100,77,2097152
100,78,2097152
100,79,2097152
100,80,2097152
100,81,2097152
100,82,2097152
100,83,2097152
100,84,2097152
100,85,2097152
100,86,2097152
100,87,2097152
100,88,2097152
100,89,2097152
100,90,2097152
100,91,2097152
100,92,2097152
100,93,2097152
100,94,2097152
100,95,2097152
100,96,2097152
100,97,2097152
100,98,2097152
100,99,2097152
100,101,2097152
100,102,2097152
100,103,2097152
100,104,2097152
100,105,2097152
100,106,2097152
100,107,2097152
100,108,2097152
100,109,2097152
100,110,2097152
100,111,2097152
100,112,2097152
100,113,2097152
100,114,2097152
100,115,2097152
100,116,2097152
100,117,2097152
100,118,2097152
100,119,2097152
100,120,2097152
100,121,2097152
100,122,2097152
100,123,2097152
100,124,2097152
100,125,2097152
100,126,2097152
100,127,2097152
101,0,2097152
101,1,2097152
101,2,2097152
101,3,2097152
101,4,2097152
101,5,2097152
101,6,2097152
101,7,2097152
101,8,2097152
101,9,2097152
101,10,2097152
101,11,2097152
101,12,2097152
101,13,2097152
101,14,2097152
101,15,2097152
101,16,2097152
101,17,2097152
101,18,2097152
101,19,2097152
101,20,2097152
101,21,2097152
101,22,2097152
101,23,2097152
101,24,2097152
101,25,2097152
101,26,2097152
101,27,2097152
101,28,2097152
101,29,2097152
101,30,2097152
101,31,2097152
101,32,2097152
101,33,2097152
101,34,2097152
101,35,2097152
101,36,2097152
101,37,2097152
101,38,2097152
101,39,2097152
101,40,2097152
101,41,2097152
101,42,2097152
101,43,2097152
101,44,2097152
101,45,2097152
101,46,2097152
101,47,2097152
101,48,2097152
101,49,2097152
101,50,2097152
101,51,2097152
101,52,2097152
101,53,2097152
101,54,2097152
101,55,2097152
101,56,2097152
101,57,2097152
101,58,2097152
101,59,2097152
101,60,2097152
101,61,2097152
101,62,2097152
101,63,2097152
101,64,2097152
101,65,2097152
101,66,2097152
101,67,2097152
101,68,2097152
101,69,2097152
101,70,2097152
101,71,2097152
101,72,2097152
101,73,2097152
101,74,2097152
101,75,2097152
101,76,2097152
101,77,2097152
101,78,2097152
101,79,2097152
101,80,2097152
101,81,2097152
101,82,2097152
101,83,2097152
101,84,2097152
101,85,2097152
101,86,2097152
101,87,2097152
101,88,2097152
101,89,2097152
101,90,2097152
101,91,2097152
101,92,2097152
101,93,2097152
101,94,2097152
101,95,2097152
101,96,2097152
101,97,2097152
101,98,2097152
101,99,2097152
101,100,2097152
101,102,2097152
101,103,2097152
101,104,2097152
101,105,2097152
101,106,2097152
101,107,2097152
101,108,2097152
101,109,2097152
101,110,2097152
101,111,2097152
101,112,2097152
101,113,2097152
101,114,2097152
101,115,2097152
101,116,2097152
101,117,2097152
101,118,2097152
101,119,2097152
101,120,2097152
101,121,2097152
101,122,2097152
101,123,2097152
101,124,2097152
101,125,2097152
101,126,2097152
101,127,2097152
102,0,2097152
102,1,2097152
102,2,2097152
102,3,2097152
102,4,2097152
102,5,2097152
102,6,2097152
102,7,2097152
102,8,2097152
102,9,2097152
102,10,2097152
102,11,2097152
102,12,2097152
102,13,2097152
102,14,2097152
102,15,2097152
102,16,2097152
102,17,2097152
102,18,2097152
102,19,2097152
102,20,2097152
102,21,2097152
102,22,2097152
102,23,2097152
102,24,2097152
102,25,2097152
102,26,2097152
102,27,2097152
102,28,2097152
102,29,2097152
102,30,2097152
102,31,2097152
102,32,2097152
102,33,2097152
102,34,2097152
102,35,2097152
102,36,2097152
102,37,2097152
102,38,2097152
102,39,2097152
102,40,2097152
102,41,2097152
102,42,2097152
102,43,2097152
102,44,2097152
102,45,2097152
102,46,2097152
102,47,2097152
102,48,2097152
102,49,2097152
102,50,2097152
102,51,2097152
102,52,2097152
102,53,2097152
102,54,2097152
102,55,2097152
102,56,2097152
102,57,2097152
102,58,2097152
102,59,2097152
102,60,2097152
102,61,2097152
102,62,2097152
102,63,2097152
102,64,2097152
102,65,2097152
102,66,2097152
102,67,2097152
102,68,2097152
102,69,2097152
102,70,2097152
102,71,2097152
102,72,2097152
102,73,2097152
102,74,2097152
102,75,2097152
102,76,2097152
102,77,2097152
102,78,2097152
102,79,2097152
102,80,2097152
102,81,2097152
102,82,2097152
102,83,2097152
102,84,2097152
102,85,2097152
102,86,2097152
102,87,2097152
102,88,2097152
102,89,2097152
102,90,2097152
102,91,2097152
102,92,2097152
102,93,2097152
102,94,2097152
102,95,2097152
102,96,2097152
102,97,2097152
102,98,2097152
102,99,2097152
102,100,2097152
102,101,2097152
102,103,2097152
102,104,2097152
102,105,2097152
102,106,2097152
102,107,2097152
102,108,2097152
102,109,2097152
102,110,2097152
102,111,2097152
102,112,2097152
102,113,2097152
102,114,2097152
102,115,2097152
102,116,2097152
102,117,2097152
102,118,2097152
102,119,2097152
102,120,2097152
102,121,2097152
102,122,2097152
102,123,2097152
102,124,2097152
102,125,2097152
102,126,2097152
102,127,2097152
103,0,2097152
103,1,2097152
103,2,2097152
103,3,2097152
103,4,2097152
103,5,2097152
103,6,2097152
103,7,2097152
103,8,2097152
103,9,2097152
103,10,2097152
103,11,2097152
103,12,2097152
103,13,2097152
103,14,2097152
103,15,2097152
103,16,2097152
103,17,2097152
103,18,2097152
103,19,2097152
103,20,2097152
103,21,2097152
103,22,2097152
103,23,2097152
103,24,2097152
103,25,2097152
103,26,2097152
103,27,2097152
103,28,2097152
103,29,2097152
103,30,2097152
103,31,2097152
103,32,2097152
103,33,2097152
103,34,2097152
103,35,2097152
103,36,2097152
103,37,2097152
103,38,2097152
103,39,2097152
103,40,2097152
103,41,2097152
103,42,2097152
103,43,2097152
103,44,2097152
103,45,2097152
103,46,2097152
103,47,2097152
103,48,2097152
103,49,2097152
103,50,2097152
103,51,2097152
103,52,2097152
103,53,2097152
103,54,2097152
103,55,2097152
103,56,2097152
103,57,2097152
103,58,2097152
103,59,2097152
103,60,2097152
103,61,2097152
103,62,2097152
103,63,2097152
103,64,2097152
103,65,2097152
103,66,2097152
103,67,2097152
103,68,2097152
103,69,2097152
103,70,2097152
103,71,2097152
103,72,2097152
103,73,2097152
103,74,2097152
103,75,2097152
103,76,2097152
103,77,2097152
103,78,2097152
103,79,2097152
103,80,2097152
103,81,2097152
103,82,2097152
103,83,2097152
103,84,2097152
103,85,2097152
103,86,2097152
103,87,2097152
103,88,2097152
103,89,2097152
103,90,2097152
103,91,2097152
103,92,2097152
103,93,2097152
103,94,2097152
103,95,2097152
103,96,2097152
103,97,2097152
103,98,2097152
103,99,2097152
103,100,2097152
103,101,2097152
103,102,2097152
103,104,2097152
103,105,2097152
103,106,2097152
103,107,2097152
103,108,2097152
103,109,2097152
103,110,2097152
103,111,2097152
103,112,2097152
103,113,2097152
103,114,2097152
103,115,2097152
103,116,2097152
103,117,2097152
103,118,2097152
103,119,2097152
103,120,2097152
103,121,2097152
103,122,2097152
103,123,2097152
103,124,2097152
103,125,2097152
103,126,2097152
103,127,2097152
104,0,2097152
104,1,2097152
104,2,2097152
104,3,2097152
104,4,2097152
104,5,2097152
104,6,2097152
104,7,2097152
104,8,2097152
104,9,2097152
104,10,2097152
104,11,2097152
104,12,2097152
104,13,2097152
104,14,2097152
104,15,2097152
104,16,2097152
104,17,2097152
104,18,2097152
104,19,2097152
104,20,2097152
104,21,2097152
104,22,2097152
104,23,2097152
104,24,2097152
104,25,2097152
104,26,2097152
104,27,2097152
104,28,2097152
104,29,2097152
104,30,2097152
104,31,2097152
104,32,2097152
104,33,2097152
104,34,2097152
104,35,2097152
104,36,2097152
104,37,2097152
104,38,2097152
104,39,2097152
104,40,2097152
104,41,2097152
104,42,2097152
104,43,2097152
104,44,2097152
104,45,2097152
104,46,2097152
104,47,2097152
104,48,2097152
104,49,2097152
104,50,2097152
104,51,2097152
104,52,2097152
104,53,2097152
104,54,2097152
104,55,2097152
104,56,2097152
104,57,2097152
104,58,2097152
104,59,2097152
104,60,2097152
104,61,2097152
104,62,2097152
104,63,2097152
104,64,2097152
104,65,2097152
104,66,2097152
104,67,2097152
104,68,2097152
104,69,2097152
104,70,2097152
104,71,2097152
104,72,2097152
104,73,2097152
104,74,2097152
104,75,2097152
104,76,2097152
104,77,2097152
104,78,2097152
104,79,2097152
104,80,2097152
104,81,2097152
104,82,2097152
104,83,2097152
104,84,2097152
104,85,2097152
104,86,2097152
104,87,2097152
104,88,2097152
104,89,2097152
104,90,2097152
104,91,2097152
104,92,2097152
104,93,2097152
104,94,2097152
104,95,2097152
104,96,2097152
104,97,2097152
104,98,2097152
104,99,2097152
104,100,2097152
104,101,2097152
104,102,2097152
104,103,2097152
104,105,2097152
104,106,2097152
104,107,2097152
104,108,2097152
104,109,2097152
104,110,2097152
104,111,2097152
104,112,2097152
104,113,2097152
104,114,2097152
104,115,2097152
104,116,2097152
104,117,2097152
104,118,2097152
104,119,2097152
104,120,2097152
104,121,2097152
104,122,2097152
104,123,2097152
104,124,2097152
104,125,2097152
104,126,2097152
104,127,2097152
105,0,2097152
105,1,2097152
105,2,2097152
105,3,2097152
105,4,2097152
105,5,2097152
105,6,2097152
105,7,2097152
105,8,2097152
105,9,2097152
105,10,2097152
105,11,2097152
105,12,2097152
105,13,2097152
105,14,2097152
105,15,2097152
105,16,2097152
105,17,2097152
105,18,2097152
105,19,2097152
105,20,2097152
105,21,2097152
105,22,2097152
105,23,2097152
105,24,2097152
105,25,2097152
105,26,2097152
105,27,2097152
105,28,2097152
105,29,2097152
105,30,2097152
105,31,2097152
105,32,2097152
105,33,2097152
105,34,2097152
105,35,2097152
105,36,2097152
105,37,2097152
105,38,2097152
105,39,2097152
105,40,2097152
105,41,2097152
105,42,2097152
105,43,2097152
105,44,2097152
105,45,2097152
105,46,2097152
105,47,2097152
105,48,2097152
105,49,2097152
105,50,2097152
105,51,2097152
105,52,2097152
105,53,2097152
105,54,2097152
105,55,2097152
105,56,2097152
105,57,2097152
105,58,2097152
105,59,2097152
105,60,2097152
105,61,2097152
105,62,2097152
105,63,2097152
105,64,2097152
105,65,2097152
105,66,2097152
105,67,2097152
105,68,2097152
105,69,2097152
105,70,2097152
105,71,2097152
105,72,2097152
105,73,2097152
105,74,2097152
105,75,2097152
105,76,2097152
105,77,2097152
105,78,2097152
105,79,2097152
105,80,2097152
105,81,2097152
105,82,2097152
105,83,2097152
105,84,2097152
105,85,2097152
105,86,2097152
105,87,2097152
105,88,2097152
105,89,2097152
105,90,2097152
105,91,2097152
105,92,2097152
105,93,2097152
105,94,2097152
105,95,2097152
105,96,2097152
105,97,2097152
105,98,2097152
105,99,2097152
105,100,2097152
105,101,2097152
105,102,2097152
105,103,2097152
105,104,2097152
105,106,2097152
105,107,2097152
105,108,2097152
105,109,2097152
105,110,2097152
105,111,2097152
105,112,2097152
105,113,2097152
105,114,2097152
105,115,2097152
105,116,2097152
105,117,2097152
105,118,2097152
105,119,2097152
105,120,2097152
105,121,2097152
105,122,2097152
105,123,2097152
105,124,2097152
105,125,2097152
105,126,2097152
105,127,2097152
106,0,2097152
106,1,2097152
106,2,2097152
106,3,2097152
106,4,2097152
106,5,2097152
106,6,2097152
106,7,2097152
106,8,2097152
106,9,2097152
106,10,2097152
106,11,2097152
106,12,2097152
106,13,2097152
106,14,2097152
106,15,2097152
106,16,2097152
106,17,2097152
106,18,2097152
106,19,2097152
106,20,2097152
106,21,2097152
106,22,2097152
106,23,2097152
106,24,2097152
106,25,2097152
106,26,2097152
106,27,2097152
106,28,2097152
106,29,2097152
106,30,2097152
106,31,2097152
106,32,2097152
106,33,2097152
106,34,2097152
106,35,2097152
106,36,2097152
106,37,2097152
106,38,2097152
106,39,2097152
106,40,2097152
106,41,2097152
106,42,2097152
106,43,2097152
106,44,2097152
106,45,2097152
106,46,2097152
106,47,2097152
106,48,2097152
106,49,2097152
106,50,2097152
106,51,2097152
106,52,2097152
106,53,2097152
106,54,2097152
106,55,2097152
106,56,2097152
106,57,2097152
106,58,2097152
106,59,2097152
106,60,2097152
106,61,2097152
106,62,2097152
106,63,2097152
106,64,2097152
106,65,2097152
106,66,2097152
106,67,2097152
106,68,2097152
106,69,2097152
106,70,2097152
106,71,2097152
106,72,2097152
106,73,2097152
106,74,2097152
106,75,2097152
106,76,2097152
106,77,2097152
106,78,2097152
106,79,2097152
106,80,2097152
106,81,2097152
106,82,2097152
106,83,2097152
106,84,2097152
106,85,2097152
106,86,2097152
106,87,2097152
106,88,2097152
106,89,2097152
106,90,2097152
106,91,2097152
106,92,2097152
106,93,2097152
106,94,2097152
106,95,2097152
106,96,2097152
106,97,2097152
106,98,2097152
106,99,2097152
106,100,2097152
106,101,2097152
106,102,2097152
106,103,2097152
106,104,2097152
106,105,2097152
106,107,2097152
106,108,2097152
106,109,2097152
106,110,2097152
106,111,2097152
106,112,2097152
106,113,2097152
106,114,2097152
106,115,2097152
106,116,2097152
106,117,2097152
106,118,2097152
106,119,2097152
106,120,2097152
106,121,2097152
106,122,2097152
106,123,2097152
106,124,2097152
106,125,2097152
106,126,2097152
106,127,2097152
107,0,2097152
107,1,2097152
107,2,2097152
107,3,2097152
107,4,2097152
107,5,2097152
107,6,2097152
107,7,2097152
107,8,2097152
107,9,2097152
107,10,2097152
107,11,2097152
107,12,2097152
107,13,2097152
107,14,2097152
107,15,2097152
107,16,2097152
107,17,2097152
107,18,2097152
107,19,2097152
107,20,2097152
107,21,2097152
107,22,2097152
107,23,2097152
107,24,2097152
107,25,2097152
107,26,2097152
107,27,2097152
107,28,2097152
107,29,2097152
107,30,2097152
107,31,2097152
107,32,2097152
107,33,2097152
107,34,2097152
107,35,2097152
107,36,2097152
107,37,2097152
107,38,2097152
107,39,2097152
107,40,2097152
107,41,2097152
107,42,2097152
107,43,2097152
107,44,2097152
107,45,2097152
107,46,2097152
107,47,2097152
107,48,2097152
107,49,2097152
107,50,2097152
107,51,2097152
107,52,2097152
107,53,2097152
107,54,2097152
107,55,2097152
107,56,2097152
107,57,2097152
107,58,2097152
107,59,2097152
107,60,2097152
107,61,2097152
107,62,2097152
107,63,2097152
107,64,2097152
107,65,2097152
107,66,2097152
107,67,2097152
107,68,2097152
107,69,2097152
107,70,2097152
107,71,2097152
107,72,2097152
107,73,2097152
107,74,2097152
107,75,2097152
107,76,2097152
107,77,2097152
107,78,2097152
107,79,2097152
107,80,2097152
107,81,2097152
107,82,2097152
107,83,2097152
107,84,2097152
107,85,2097152
107,86,2097152
107,87,2097152
107,88,2097152
107,89,2097152
107,90,2097152
107,91,2097152
107,92,2097152
107,93,2097152
107,94,2097152
107,95,2097152
107,96,2097152
107,97,2097152
107,98,2097152
107,99,2097152
107,100,2097152
107,101,2097152
107,102,2097152
107,103,2097152
107,104,2097152
107,105,2097152
107,106,2097152
107,108,2097152
107,109,2097152
107,110,2097152
107,111,2097152
107,112,2097152
107,113,2097152
107,114,2097152
107,115,2097152
107,116,2097152
107,117,2097152
107,118,2097152
107,119,2097152
107,120,2097152
107,121,2097152
107,122,2097152
107,123,2097152
107,124,2097152
107,125,2097152
107,126,2097152
107,127,2097152
108,0,2097152
108,1,2097152
108,2,2097152
108,3,2097152
108,4,2097152
108,5,2097152
108,6,2097152
108,7,2097152
108,8,2097152
108,9,2097152
108,10,2097152
108,11,2097152
108,12,2097152
108,13,2097152
108,14,2097152
108,15,2097152
108,16,2097152
108,17,2097152
108,18,2097152
108,19,2097152
108,20,2097152
108,21,2097152
108,22,2097152
108,23,2097152
108,24,2097152
108,25,2097152
108,26,2097152
108,27,2097152
108,28,2097152
108,29,2097152
108,30,2097152
108,31,2097152
108,32,2097152
108,33,2097152
108,34,2097152
108,35,2097152
108,36,2097152
108,37,2097152
108,38,2097152
108,39,2097152
108,40,2097152
108,41,2097152
108,42,2097152
108,43,2097152
108,44,2097152
108,45,2097152
108,46,2097152
108,47,2097152
108,48,2097152
108,49,2097152
108,50,2097152
108,51,2097152
108,52,2097152
108,53,2097152
108,54,2097152
108,55,2097152
108,56,2097152
108,57,2097152
108,58,2097152
108,59,2097152
108,60,2097152
108,61,2097152
108,62,2097152
108,63,2097152
108,64,2097152
108,65,2097152
108,66,2097152
108,67,2097152
108,68,2097152
108,69,2097152
108,70,2097152
108,71,2097152
108,72,2097152
108,73,2097152
108,74,2097152
108,75,2097152
108,76,2097152
108,77,2097152
108,78,2097152
108,79,2097152
108,80,2097152
108,81,2097152
108,82,2097152
108,83,2097152
108,84,2097152
108,85,2097152
108,86,2097152
108,87,2097152
108,88,2097152
108,89,2097152
108,90,2097152
108,91,2097152
108,92,2097152
108,93,2097152
108,94,2097152
108,95,2097152
108,96,2097152
108,97,2097152
108,98,2097152
108,99,2097152
108,100,2097152
108,101,2097152
108,102,2097152
108,103,2097152
108,104,2097152
108,105,2097152
108,106,2097152
108,107,2097152
108,109,2097152
108,110,2097152
108,111,2097152
108,112,2097152
108,113,2097152
108,114,2097152
108,115,2097152
108,116,2097152
108,117,2097152
108,118,2097152
108,119,2097152
108,120,2097152
108,121,2097152
108,122,2097152
108,123,2097152
108,124,2097152
108,125,2097152
108,126,2097152
108,127,2097152
109,0,2097152
109,1,2097152
109,2,2097152
109,3,2097152
109,4,2097152
109,5,2097152
109,6,2097152
109,7,2097152
109,8,2097152
109,9,2097152
109,10,2097152
109,11,2097152
109,12,2097152
109,13,2097152
109,14,2097152
109,15,2097152
109,16,2097152
109,17,2097152
109,18,2097152
109,19,2097152
109,20,2097152
109,21,2097152
109,22,2097152
109,23,2097152
109,24,2097152
109,25,2097152
109,26,2097152
109,27,2097152
109,28,2097152
109,29,2097152
109,30,2097152
109,31,2097152
109,32,2097152
109,33,2097152
109,34,2097152
109,35,2097152
109,36,2097152
109,37,2097152
109,38,2097152
109,39,2097152
109,40,2097152
109,41,2097152
109,42,2097152
109,43,2097152
109,44,2097152
109,45,2097152
109,46,2097152
109,47,2097152
109,48,2097152
109,49,2097152
109,50,2097152
109,51,2097152
109,52,2097152
109,53,2097152
109,54,2097152
109,55,2097152
109,56,2097152
109,57,2097152
109,58,2097152
109,59,2097152
109,60,2097152
109,61,2097152
109,62,2097152
109,63,2097152
109,64,2097152
109,65,2097152
109,66,2097152
109,67,2097152
109,68,2097152
109,69,2097152
109,70,2097152
109,71,2097152
109,72,2097152
109,73,2097152
109,74,2097152
109,75,2097152
109,76,2097152
109,77,2097152
109,78,2097152
109,79,2097152
109,80,2097152
109,81,2097152
109,82,2097152
109,83,2097152
109,84,2097152
109,85,2097152
109,86,2097152
109,87,2097152
109,88,2097152
109,89,2097152
109,90,2097152
109,91,2097152
109,92,2097152
109,93,2097152
109,94,2097152
109,95,2097152
109,96,2097152
109,97,2097152
109,98,2097152
109,99,2097152
109,100,2097152
109,101,2097152
109,102,2097152
109,103,2097152
109,104,2097152
109,105,2097152
109,106,2097152
109,107,2097152
109,108,2097152
109,110,2097152
109,111,2097152
109,112,2097152
109,113,2097152
109,114,2097152
109,115,2097152
109,116,2097152
109,117,2097152
109,118,2097152
109,119,2097152
109,120,2097152
109,121,2097152
109,122,2097152
109,123,2097152
109,124,2097152
109,125,2097152
109,126,2097152
109,127,2097152
110,0,2097152
110,1,2097152
110,2,2097152
110,3,2097152
110,4,2097152
110,5,2097152
110,6,2097152
110,7,2097152
110,8,2097152
110,9,2097152
110,10,2097152
110,11,2097152
110,12,2097152
110,13,2097152
110,14,2097152
110,15,2097152
110,16,2097152
110,17,2097152
110,18,2097152
110,19,2097152
110,20,2097152
110,21,2097152
110,22,2097152
110,23,2097152
110,24,2097152
110,25,2097152
110,26,2097152
110,27,2097152
110,28,2097152
110,29,2097152
110,30,2097152
110,31,2097152
110,32,2097152
110,33,2097152
110,34,2097152
110,35,2097152
110,36,2097152
110,37,2097152
110,38,2097152
110,39,2097152
110,40,2097152
110,41,2097152
110,42,2097152
110,43,2097152
110,44,2097152
110,45,2097152
110,46,2097152
110,47,2097152
110,48,2097152
110,49,2097152
110,50,2097152
110,51,2097152
110,52,2097152
110,53,2097152
110,54,2097152
110,55,2097152
110,56,2097152
110,57,2097152
110,58,2097152
110,59,2097152
110,60,2097152
110,61,2097152
110,62,2097152
110,63,2097152
110,64,2097152
110,65,2097152
110,66,2097152
110,67,2097152
110,68,2097152
110,69,2097152
110,70,2097152
110,71,2097152
110,72,2097152
110,73,2097152
110,74,2097152
110,75,2097152
110,76,2097152
110,77,2097152
110,78,2097152
110,79,2097152
110,80,2097152
110,81,2097152
110,82,2097152
110,83,2097152
110,84,2097152
110,85,2097152
110,86,2097152
110,87,2097152
110,88,2097152
110,89,2097152
110,90,2097152
110,91,2097152
110,92,2097152
110,93,2097152
110,94,2097152
110,95,2097152
110,96,2097152
110,97,2097152
110,98,2097152
110,99,2097152
110,100,2097152
110,101,2097152
110,102,2097152
110,103,2097152
110,104,2097152
110,105,2097152
110,106,2097152
110,107,2097152
110,108,2097152
110,109,2097152
110,111,2097152
110,112,2097152
110,113,2097152
110,114,2097152
110,115,2097152
110,116,2097152
110,117,2097152
110,118,2097152
110,119,2097152
110,120,2097152
110,121,2097152
110,122,2097152
110,123,2097152
110,124,2097152
110,125,2097152
110,126,2097152
110,127,2097152
111,0,2097152
111,1,2097152
111,2,2097152
111,3,2097152
111,4,2097152
111,5,2097152
111,6,2097152
111,7,2097152
111,8,2097152
111,9,2097152
111,10,2097152
111,11,2097152
111,12,2097152
111,13,2097152
111,14,2097152
111,15,2097152
111,16,2097152
111,17,2097152
111,18,2097152
111,19,2097152
111,20,2097152
111,21,2097152
111,22,2097152
111,23,2097152
111,24,2097152
111,25,2097152
111,26,2097152
111,27,2097152
111,28,2097152
111,29,2097152
111,30,2097152
111,31,2097152
111,32,2097152
111,33,2097152
111,34,2097152
111,35,2097152
111,36,2097152
111,37,2097152
111,38,2097152
111,39,2097152
111,40,2097152
111,41,2097152
111,42,2097152
111,43,2097152
111,44,2097152
111,45,2097152
111,46,2097152
111,47,2097152
111,48,2097152
111,49,2097152
111,50,2097152
111,51,2097152
111,52,2097152
111,53,2097152
111,54,2097152
111,55,2097152
111,56,2097152
111,57,2097152
111,58,2097152
111,59,2097152
111,60,2097152
111,61,2097152
111,62,2097152
111,63,2097152
111,64,2097152
111,65,2097152
111,66,2097152
111,67,2097152
111,68,2097152
111,69,2097152
111,70,2097152
111,71,2097152
111,72,2097152
111,73,2097152
111,74,2097152
111,75,2097152
111,76,2097152
111,77,2097152
111,78,2097152
111,79,2097152
111,80,2097152
111,81,2097152
111,82,2097152
111,83,2097152
111,84,2097152
111,85,2097152
111,86,2097152
111,87,2097152
111,88,2097152
111,89,2097152
111,90,2097152
111,91,2097152
111,92,2097152
111,93,2097152
111,94,2097152
111,95,2097152
111,96,2097152
111,97,2097152
111,98,2097152
111,99,2097152
111,100,2097152
111,101,2097152
111,102,2097152
111,103,2097152
111,104,2097152
111,105,2097152
111,106,2097152
111,107,2097152
111,108,2097152
111,109,2097152
111,110,2097152
111,112,2097152
111,113,2097152
111,114,2097152
111,115,2097152
111,116,2097152
111,117,2097152
111,118,2097152
111,119,2097152
111,120,2097152
111,121,2097152
111,122,2097152
111,123,2097152
111,124,2097152
111,125,2097152
111,126,2097152
111,127,2097152
112,0,2097152
112,1,2097152
112,2,2097152
112,3,2097152
112,4,2097152
112,5,2097152
112,6,2097152
112,7,2097152
112,8,2097152
112,9,2097152
112,10,2097152
112,11,2097152
112,12,2097152
112,13,2097152
112,14,2097152
112,15,2097152
112,16,2097152
112,17,2097152
112,18,2097152
112,19,2097152
112,20,2097152
112,21,2097152
112,22,2097152
112,23,2097152
112,24,2097152
112,25,2097152
112,26,2097152
112,27,2097152
112,28,2097152
112,29,2097152
112,30,2097152
112,31,2097152
112,32,2097152
112,33,2097152
112,34,2097152
112,35,2097152
112,36,2097152
112,37,2097152
112,38,2097152
112,39,2097152
112,40,2097152
112,41,2097152
112,42,2097152
112,43,2097152
112,44,2097152
112,45,2097152
112,46,2097152
112,47,2097152
112,48,2097152
112,49,2097152
112,50,2097152
112,51,2097152
112,52,2097152
112,53,2097152
112,54,2097152
112,55,2097152
112,56,2097152
112,57,2097152
112,58,2097152
112,59,2097152
112,60,2097152
112,61,2097152
112,62,2097152
112,63,2097152
112,64,2097152
112,65,2097152
112,66,2097152
112,67,2097152
112,68,2097152
112,69,2097152
112,70,2097152
112,71,2097152
112,72,2097152
112,73,2097152
112,74,2097152
112,75,2097152
112,76,2097152
112,77,2097152
112,78,2097152
112,79,2097152
112,80,2097152
112,81,2097152
112,82,2097152
112,83,2097152
112,84,2097152
112,85,2097152
112,86,2097152
112,87,2097152
112,88,2097152
112,89,2097152
112,90,2097152
112,91,2097152
112,92,2097152
112,93,2097152
112,94,2097152
112,95,2097152
112,96,2097152
112,97,2097152
112,98,2097152
112,99,2097152
112,100,2097152
112,101,2097152
112,102,2097152
112,103,2097152
112,104,2097152
112,105,2097152
112,106,2097152
112,107,2097152
112,108,2097152
112,109,2097152
112,110,2097152
112,111,2097152
112,113,2097152
112,114,2097152
112,115,2097152
112,116,2097152
112,117,2097152
112,118,2097152
112,119,2097152
112,120,2097152
112,121,2097152
112,122,2097152
112,123,2097152
112,124,2097152
112,125,2097152
112,126,2097152
112,127,2097152
113,0,2097152
113,1,2097152
113,2,2097152
113,3,2097152
113,4,2097152
113,5,2097152
113,6,2097152
113,7,2097152
113,8,2097152
113,9,2097152
113,10,2097152
113,11,2097152
113,12,2097152
113,13,2097152
113,14,2097152
113,15,2097152
113,16,2097152
113,17,2097152
113,18,2097152
113,19,2097152
113,20,2097152
113,21,2097152
113,22,2097152
113,23,2097152
113,24,2097152
113,25,2097152
113,26,2097152
113,27,2097152
113,28,2097152
113,29,2097152
113,30,2097152
113,31,2097152
113,32,2097152
113,33,2097152
113,34,2097152
113,35,2097152
113,36,2097152
113,37,2097152
113,38,2097152
113,39,2097152
113,40,2097152
113,41,2097152
113,42,2097152
113,43,2097152
113,44,2097152
113,45,2097152
113,46,2097152
113,47,2097152
113,48,2097152
113,49,2097152
113,50,2097152
113,51,2097152
113,52,2097152
113,53,2097152
113,54,2097152
113,55,2097152
113,56,2097152
113,57,2097152
113,58,2097152
113,59,2097152
113,60,2097152
113,61,2097152
113,62,2097152
113,63,2097152
113,64,2097152
113,65,2097152
113,66,2097152
113,67,2097152
113,68,2097152
113,69,2097152
113,70,2097152
113,71,2097152
113,72,2097152
113,73,2097152
113,74,2097152
113,75,2097152
113,76,2097152
113,77,2097152
113,78,2097152
113,79,2097152
113,80,2097152
113,81,2097152
113,82,2097152
113,83,2097152
113,84,2097152
113,85,2097152
113,86,2097152
113,87,2097152
113,88,2097152
113,89,2097152
113,90,2097152
113,91,2097152
113,92,2097152
113,93,2097152
113,94,2097152
113,95,2097152
113,96,2097152
113,97,2097152
113,98,2097152
113,99,2097152
113,100,2097152
113,101,2097152
113,102,2097152
113,103,2097152
113,104,2097152
113,105,2097152
113,106,2097152
113,107,2097152
113,108,2097152
113,109,2097152
113,110,2097152
113,111,2097152
113,112,2097152
113,114,2097152
113,115,2097152
113,116,2097152
113,117,2097152
113,118,2097152
113,119,2097152
113,120,2097152
113,121,2097152
113,122,2097152
113,123,2097152
113,124,2097152
113,125,2097152
113,126,2097152
113,127,2097152
114,0,2097152
114,1,2097152
114,2,2097152
114,3,2097152
114,4,2097152
114,5,2097152
114,6,2097152
114,7,2097152
114,8,2097152
114,9,2097152
114,10,2097152
114,11,2097152
114,12,2097152
114,13,2097152
114,14,2097152
114,15,2097152
114,16,2097152
114,17,2097152
114,18,2097152
114,19,2097152
114,20,2097152
114,21,2097152
114,22,2097152
114,23,2097152
114,24,2097152
114,25,2097152
114,26,2097152
114,27,2097152
114,28,2097152
114,29,2097152
114,30,2097152
114,31,2097152
114,32,2097152
114,33,2097152
114,34,2097152
114,35,2097152
114,36,2097152
114,37,2097152
114,38,2097152
114,39,2097152
114,40,2097152
114,41,2097152
114,42,2097152
114,43,2097152
114,44,2097152
114,45,2097152
114,46,2097152
114,47,2097152
114,48,2097152
114,49,2097152
114,50,2097152
114,51,2097152
114,52,2097152
114,53,2097152
114,54,2097152
114,55,2097152
114,56,2097152
114,57,2097152
114,58,2097152
114,59,2097152
114,60,2097152
114,61,2097152
114,62,2097152
114,63,2097152
114,64,2097152
114,65,2097152
114,66,2097152
114,67,2097152
114,68,2097152
114,69,2097152
114,70,2097152
114,71,2097152
114,72,2097152
114,73,2097152
114,74,2097152
114,75,2097152
114,76,2097152
114,77,2097152
114,78,2097152
114,79,2097152
114,80,2097152
114,81,2097152
114,82,2097152
114,83,2097152
114,84,2097152
114,85,2097152
114,86,2097152
114,87,2097152
114,88,2097152
114,89,2097152
114,90,2097152
114,91,2097152
114,92,2097152
114,93,2097152
114,94,2097152
114,95,2097152
114,96,2097152
114,97,2097152
114,98,2097152
114,99,2097152
114,100,2097152
114,101,2097152
114,102,2097152
114,103,2097152
114,104,2097152
114,105,2097152
114,106,2097152
114,107,2097152
114,108,2097152
114,109,2097152
114,110,2097152
114,111,2097152
114,112,2097152
114,113,2097152
114,115,2097152
114,116,2097152
114,117,2097152
114,118,2097152
114,119,2097152
114,120,2097152
114,121,2097152
114,122,2097152
114,123,2097152
114,124,2097152
114,125,2097152
114,126,2097152
114,127,2097152
115,0,2097152
115,1,2097152
115,2,2097152
115,3,2097152
115,4,2097152
115,5,2097152
115,6,2097152
115,7,2097152
115,8,2097152
115,9,2097152
115,10,2097152
115,11,2097152
115,12,2097152
115,13,2097152
115,14,2097152
115,15,2097152
115,16,2097152
115,17,2097152
115,18,2097152
115,19,2097152
115,20,2097152
115,21,2097152
115,22,2097152
115,23,2097152
115,24,2097152
115,25,2097152
115,26,2097152
115,27,2097152
115,28,2097152
115,29,2097152
115,30,2097152
115,31,2097152
115,32,2097152
115,33,2097152
115,34,2097152
115,35,2097152
115,36,2097152
115,37,2097152
115,38,2097152
115,39,2097152
115,40,2097152
115,41,2097152
115,42,2097152
115,43,2097152
115,44,2097152
115,45,2097152
115,46,2097152
115,47,2097152
115,48,2097152
115,49,2097152
115,50,2097152
115,51,2097152
115,52,2097152
115,53,2097152
115,54,2097152
115,55,2097152
115,56,2097152
115,57,2097152
115,58,2097152
115,59,2097152
115,60,2097152
115,61,2097152
115,62,2097152
115,63,2097152
115,64,2097152
115,65,2097152
115,66,2097152
115,67,2097152
115,68,2097152
115,69,2097152
115,70,2097152
115,71,2097152
115,72,2097152
115,73,2097152
115,74,2097152
115,75,2097152
115,76,2097152
115,77,2097152
115,78,2097152
115,79,2097152
115,80,2097152
115,81,2097152
115,82,2097152
115,83,2097152
115,84,2097152
115,85,2097152
115,86,2097152
115,87,2097152
115,88,2097152
115,89,2097152
115,90,2097152
115,91,2097152
115,92,2097152
115,93,2097152
115,94,2097152
115,95,2097152
115,96,2097152
115,97,2097152
115,98,2097152
115,99,2097152
115,100,2097152
115,101,2097152
115,102,2097152
115,103,2097152
115,104,2097152
115,105,2097152
115,106,2097152
115,107,2097152
115,108,2097152
115,109,2097152
115,110,2097152
115,111,2097152
115,112,2097152
115,113,2097152
115,114,2097152
115,116,2097152
115,117,2097152
115,118,2097152
115,119,2097152
115,120,2097152
115,121,2097152
115,122,2097152
115,123,2097152
115,124,2097152
115,125,2097152
115,126,2097152
115,127,2097152
116,0,2097152
116,1,2097152
116,2,2097152
116,3,2097152
116,4,2097152
116,5,2097152
116,6,2097152
116,7,2097152
116,8,2097152
116,9,2097152
116,10,2097152
116,11,2097152
116,12,2097152
116,13,2097152
116,14,2097152
116,15,2097152
116,16,2097152
116,17,2097152
116,18,2097152
116,19,2097152
116,20,2097152
116,21,2097152
116,22,2097152
116,23,2097152
116,24,2097152
116,25,2097152
116,26,2097152
116,27,2097152
116,28,2097152
116,29,2097152
116,30,2097152
116,31,2097152
116,32,2097152
116,33,2097152
116,34,2097152
116,35,2097152
116,36,2097152
116,37,2097152
116,38,2097152
116,39,2097152
116,40,2097152
116,41,2097152
116,42,2097152
116,43,2097152
116,44,2097152
116,45,2097152
116,46,2097152
116,47,2097152
116,48,2097152
116,49,2097152
116,50,2097152
116,51,2097152
116,52,2097152
116,53,2097152
116,54,2097152
116,55,2097152
116,56,2097152
116,57,2097152
116,58,2097152
116,59,2097152
116,60,2097152
116,61,2097152
116,62,2097152
116,63,2097152
116,64,2097152
116,65,2097152
116,66,2097152
116,67,2097152
116,68,2097152
116,69,2097152
116,70,2097152
116,71,2097152
116,72,2097152
116,73,2097152
116,74,2097152
116,75,2097152
116,76,2097152
116,77,2097152
116,78,2097152
116,79,2097152
116,80,2097152
116,81,2097152
116,82,2097152
116,83,2097152
116,84,2097152
116,85,2097152
116,86,2097152
116,87,2097152
116,88,2097152
116,89,2097152
116,90,2097152
116,91,2097152
116,92,2097152
116,93,2097152
116,94,2097152
116,95,2097152
116,96,2097152
116,97,2097152
116,98,2097152
116,99,2097152
116,100,2097152
116,101,2097152
116,102,2097152
116,103,2097152
116,104,2097152
116,105,2097152
116,106,2097152
116,107,2097152
116,108,2097152
116,109,2097152
116,110,2097152
116,111,2097152
116,112,2097152
116,113,2097152
116,114,2097152
116,115,2097152
116,117,2097152
116,118,2097152
116,119,2097152
116,120,2097152
116,121,2097152
116,122,2097152
116,123,2097152
116,124,2097152
116,125,2097152
116,126,2097152
116,127,2097152
117,0,2097152
117,1,2097152
117,2,2097152
117,3,2097152
117,4,2097152
117,5,2097152
117,6,2097152
117,7,2097152
117,8,2097152
117,9,2097152
117,10,2097152
117,11,2097152
117,12,2097152
117,13,2097152
117,14,2097152
117,15,2097152
117,16,2097152
117,17,2097152
117,18,2097152
117,19,2097152
117,20,2097152
117,21,2097152
117,22,2097152
117,23,2097152
117,24,2097152
117,25,2097152
117,26,2097152
117,27,2097152
117,28,2097152
117,29,2097152
117,30,2097152
117,31,2097152
117,32,2097152
117,33,2097152
117,34,2097152
117,35,2097152
117,36,2097152
117,37,2097152
117,38,2097152
117,39,2097152
117,40,2097152
117,41,2097152
117,42,2097152
117,43,2097152
117,44,2097152
117,45,2097152
117,46,2097152
117,47,2097152
117,48,2097152
117,49,2097152
117,50,2097152
117,51,2097152
117,52,2097152
117,53,2097152
117,54,2097152
117,55,2097152
117,56,2097152
117,57,2097152
117,58,2097152
117,59,2097152
117,60,2097152
117,61,2097152
117,62,2097152
117,63,2097152
117,64,2097152
117,65,2097152
117,66,2097152
117,67,2097152
117,68,2097152
117,69,2097152
117,70,2097152
117,71,2097152
117,72,2097152
117,73,2097152
117,74,2097152
117,75,2097152
117,76,2097152
117,77,2097152
117,78,2097152
117,79,2097152
117,80,2097152
117,81,2097152
117,82,2097152
117,83,2097152
117,84,2097152
117,85,2097152
117,86,2097152
117,87,2097152
117,88,2097152
117,89,2097152
117,90,2097152
117,91,2097152
117,92,2097152
117,93,2097152
117,94,2097152
117,95,2097152
117,96,2097152
117,97,2097152
117,98,2097152
117,99,2097152
117,100,2097152
117,101,2097152
117,102,2097152
117,103,2097152
117,104,2097152
117,105,2097152
117,106,2097152
117,107,2097152
117,108,2097152
117,109,2097152
117,110,2097152
117,111,2097152
117,112,2097152
117,113,2097152
117,114,2097152
117,115,2097152
117,116,2097152
117,118,2097152
117,119,2097152
117,120,2097152
117,121,2097152
117,122,2097152
117,123,2097152
117,124,2097152
117,125,2097152
117,126,2097152
117,127,2097152
118,0,2097152
118,1,2097152
118,2,2097152
118,3,2097152
118,4,2097152
118,5,2097152
118,6,2097152
118,7,2097152
118,8,2097152
118,9,2097152
118,10,2097152
118,11,2097152
118,12,2097152
118,13,2097152
118,14,2097152
118,15,2097152
118,16,2097152
118,17,2097152
118,18,2097152
118,19,2097152
118,20,2097152
118,21,2097152
118,22,2097152
118,23,2097152
118,24,2097152
118,25,2097152
118,26,2097152
118,27,2097152
118,28,2097152
118,29,2097152
118,30,2097152
118,31,2097152
118,32,2097152
118,33,2097152
118,34,2097152
118,35,2097152
118,36,2097152
118,37,2097152
118,38,2097152
118,39,2097152
118,40,2097152
118,41,2097152
118,42,2097152
118,43,2097152
118,44,2097152
118,45,2097152
118,46,2097152
118,47,2097152
118,48,2097152
118,49,2097152
118,50,2097152
118,51,2097152
118,52,2097152
118,53,2097152
118,54,2097152
118,55,2097152
118,56,2097152
118,57,2097152
118,58,2097152
118,59,2097152
118,60,2097152
118,61,2097152
118,62,2097152
118,63,2097152
118,64,2097152
118,65,2097152
118,66,2097152
118,67,2097152
118,68,2097152
118,69,2097152
118,70,2097152
118,71,2097152
118,72,2097152
118,73,2097152
118,74,2097152
118,75,2097152
118,76,2097152
118,77,2097152
118,78,2097152
118,79,2097152
118,80,2097152
118,81,2097152
118,82,2097152
118,83,2097152
118,84,2097152
118,85,2097152
118,86,2097152
118,87,2097152
118,88,2097152
118,89,2097152
118,90,2097152
118,91,2097152
118,92,2097152
118,93,2097152
118,94,2097152
118,95,2097152
118,96,2097152
118,97,2097152
118,98,2097152
118,99,2097152
118,100,2097152
118,101,2097152
118,102,2097152
118,103,2097152
118,104,2097152
118,105,2097152
118,106,2097152
118,107,2097152
118,108,2097152
118,109,2097152
118,110,2097152
118,111,2097152
118,112,2097152
118,113,2097152
118,114,2097152
118,115,2097152
118,116,2097152
118,117,2097152
118,119,2097152
118,120,2097152
118,121,2097152
118,122,2097152
118,123,2097152
118,124,2097152
118,125,2097152
118,126,2097152
118,127,2097152
119,0,2097152
119,1,2097152
119,2,2097152
119,3,2097152
119,4,2097152
119,5,2097152
119,6,2097152
119,7,2097152
119,8,2097152
119,9,2097152
119,10,2097152
119,11,2097152
119,12,2097152
119,13,2097152
119,14,2097152
119,15,2097152
119,16,2097152
119,17,2097152
119,18,2097152
119,19,2097152
119,20,2097152
119,21,2097152
119,22,2097152
119,23,2097152
119,24,2097152
119,25,2097152
119,26,2097152
119,27,2097152
119,28,2097152
119,29,2097152
119,30,2097152
119,31,2097152
119,32,2097152
119,33,2097152
119,34,2097152
119,35,2097152
119,36,2097152
119,37,2097152
119,38,2097152
119,39,2097152
119,40,2097152
119,41,2097152
119,42,2097152
119,43,2097152
119,44,2097152
119,45,2097152
119,46,2097152
119,47,2097152
119,48,2097152
119,49,2097152
119,50,2097152
119,51,2097152
119,52,2097152
119,53,2097152
119,54,2097152
119,55,2097152
119,56,2097152
119,57,2097152
119,58,2097152
119,59,2097152
119,60,2097152
119,61,2097152
119,62,2097152
119,63,2097152
119,64,2097152
119,65,2097152
119,66,2097152
119,67,2097152
119,68,2097152
119,69,2097152
119,70,2097152
119,71,2097152
119,72,2097152
119,73,2097152
119,74,2097152
119,75,2097152
119,76,2097152
119,77,2097152
119,78,2097152
119,79,2097152
119,80,2097152
119,81,2097152
119,82,2097152
119,83,2097152
119,84,2097152
119,85,2097152
119,86,2097152
119,87,2097152
119,88,2097152
119,89,2097152
119,90,2097152
119,91,2097152
119,92,2097152
119,93,2097152
119,94,2097152
119,95,2097152
119,96,2097152
119,97,2097152
119,98,2097152
119,99,2097152
119,100,2097152
119,101,2097152
119,102,2097152
119,103,2097152
119,104,2097152
119,105,2097152
119,106,2097152
119,107,2097152
119,108,2097152
119,109,2097152
119,110,2097152
119,111,2097152
119,112,2097152
119,113,2097152
119,114,2097152
119,115,2097152
119,116,2097152
119,117,2097152
119,118,2097152
119,120,2097152
119,121,2097152
119,122,2097152
119,123,2097152
119,124,2097152
119,125,2097152
119,126,2097152
119,127,2097152
120,0,2097152
120,1,2097152
120,2,2097152
120,3,2097152
120,4,2097152
120,5,2097152
120,6,2097152
120,7,2097152
120,8,2097152
120,9,2097152
120,10,2097152
120,11,2097152
120,12,2097152
120,13,2097152
120,14,2097152
120,15,2097152
120,16,2097152
120,17,2097152
120,18,2097152
120,19,2097152
120,20,2097152
120,21,2097152
120,22,2097152
120,23,2097152
120,24,2097152
120,25,2097152
120,26,2097152
120,27,2097152
120,28,2097152
120,29,2097152
120,30,2097152
120,31,2097152
120,32,2097152
120,33,2097152
120,34,2097152
120,35,2097152
120,36,2097152
120,37,2097152
120,38,2097152
120,39,2097152
120,40,2097152
120,41,2097152
120,42,2097152
120,43,2097152
120,44,2097152
120,45,2097152
120,46,2097152
120,47,2097152
120,48,2097152
120,49,2097152
120,50,2097152
120,51,2097152
120,52,2097152
120,53,2097152
120,54,2097152
120,55,2097152
120,56,2097152
120,57,2097152
120,58,2097152
120,59,2097152
120,60,2097152
120,61,2097152
120,62,2097152
120,63,2097152
120,64,2097152
120,65,2097152
120,66,2097152
120,67,2097152
120,68,2097152
120,69,2097152
120,70,2097152
120,71,2097152
120,72,2097152
120,73,2097152
120,74,2097152
120,75,2097152
120,76,2097152
120,77,2097152
120,78,2097152
120,79,2097152
120,80,2097152
120,81,2097152
120,82,2097152
120,83,2097152
120,84,2097152
120,85,2097152
120,86,2097152
120,87,2097152
120,88,2097152
120,89,2097152
120,90,2097152
120,91,2097152
120,92,2097152
120,93,2097152
120,94,2097152
120,95,2097152
120,96,2097152
120,97,2097152
120,98,2097152
120,99,2097152
120,100,2097152
120,101,2097152
120,102,2097152
120,103,2097152
120,104,2097152
120,105,2097152
120,106,2097152
120,107,2097152
120,108,2097152
120,109,2097152
120,110,2097152
120,111,2097152
120,112,2097152
120,113,2097152
120,114,2097152
120,115,2097152
120,116,2097152
120,117,2097152
120,118,2097152
120,119,2097152
120,121,2097152
120,122,2097152
120,123,2097152
120,124,2097152
120,125,2097152
120,126,2097152
120,127,2097152
121,0,2097152
121,1,2097152
121,2,2097152
121,3,2097152
121,4,2097152
121,5,2097152
121,6,2097152
121,7,2097152
121,8,2097152
121,9,2097152
121,10,2097152
121,11,2097152
121,12,2097152
121,13,2097152
121,14,2097152
121,15,2097152
121,16,2097152
121,17,2097152
121,18,2097152
121,19,2097152
121,20,2097152
121,21,2097152
121,22,2097152
121,23,2097152
121,24,2097152
121,25,2097152
121,26,2097152
121,27,2097152
121,28,2097152
121,29,2097152
121,30,2097152
121,31,2097152
121,32,2097152
121,33,2097152
121,34,2097152
121,35,2097152
121,36,2097152
121,37,2097152
121,38,2097152
121,39,2097152
121,40,2097152
121,41,2097152
121,42,2097152
121,43,2097152
121,44,2097152
121,45,2097152
121,46,2097152
121,47,2097152
121,48,2097152
121,49,2097152
121,50,2097152
121,51,2097152
121,52,2097152
121,53,2097152
121,54,2097152
121,55,2097152
121,56,2097152
121,57,2097152
121,58,2097152
121,59,2097152
121,60,2097152
121,61,2097152
121,62,2097152
121,63,2097152
121,64,2097152
121,65,2097152
121,66,2097152
121,67,2097152
121,68,2097152
121,69,2097152
121,70,2097152
121,71,2097152
121,72,2097152
121,73,2097152
121,74,2097152
121,75,2097152
121,76,2097152
121,77,2097152
121,78,2097152
121,79,2097152
121,80,2097152
121,81,2097152
121,82,2097152
121,83,2097152
121,84,2097152
121,85,2097152
121,86,2097152
121,87,2097152
121,88,2097152
121,89,2097152
121,90,2097152
121,91,2097152
121,92,2097152
121,93,2097152
121,94,2097152
121,95,2097152
121,96,2097152
121,97,2097152
121,98,2097152
121,99,2097152
121,100,2097152
121,101,2097152
121,102,2097152
121,103,2097152
121,104,2097152
121,105,2097152
121,106,2097152
121,107,2097152
121,108,2097152
121,109,2097152
121,110,2097152
121,111,2097152
121,112,2097152
121,113,2097152
121,114,2097152
121,115,2097152
121,116,2097152
121,117,2097152
121,118,2097152
121,119,2097152
121,120,2097152
121,122,2097152
121,123,2097152
121,124,2097152
121,125,2097152
121,126,2097152
121,127,2097152
122,0,2097152
122,1,2097152
122,2,2097152
122,3,2097152
122,4,2097152
122,5,2097152
122,6,2097152
122,7,2097152
122,8,2097152
122,9,2097152
122,10,2097152
122,11,2097152
122,12,2097152
122,13,2097152
122,14,2097152
122,15,2097152
122,16,2097152
122,17,2097152
122,18,2097152
122,19,2097152
122,20,2097152
122,21,2097152
122,22,2097152
122,23,2097152
122,24,2097152
122,25,2097152
122,26,2097152
122,27,2097152
122,28,2097152
122,29,2097152
122,30,2097152
122,31,2097152
122,32,2097152
122,33,2097152
122,34,2097152
122,35,2097152
122,36,2097152
122,37,2097152
122,38,2097152
122,39,2097152
122,40,2097152
122,41,2097152
122,42,2097152
122,43,2097152
122,44,2097152
122,45,2097152
122,46,2097152
122,47,2097152
122,48,2097152
122,49,2097152
122,50,2097152
122,51,2097152
122,52,2097152
122,53,2097152
122,54,2097152
122,55,2097152
122,56,2097152
122,57,2097152
122,58,2097152
122,59,2097152
122,60,2097152
122,61,2097152
122,62,2097152
122,63,2097152
122,64,2097152
122,65,2097152
122,66,2097152
122,67,2097152
122,68,2097152
122,69,2097152
122,70,2097152
122,71,2097152
122,72,2097152
122,73,2097152
122,74,2097152
122,75,2097152
122,76,2097152
122,77,2097152
122,78,2097152
122,79,2097152
122,80,2097152
122,81,2097152
122,82,2097152
122,83,2097152
122,84,2097152
122,85,2097152
122,86,2097152
122,87,2097152
122,88,2097152
122,89,2097152
122,90,2097152
122,91,2097152
122,92,2097152
122,93,2097152
122,94,2097152
122,95,2097152
122,96,2097152
122,97,2097152
122,98,2097152
122,99,2097152
122,100,2097152
122,101,2097152
122,102,2097152
122,103,2097152
122,104,2097152
122,105,2097152
122,106,2097152
122,107,2097152
122,108,2097152
122,109,2097152
122,110,2097152
122,111,2097152
122,112,2097152
122,113,2097152
122,114,2097152
122,115,2097152
122,116,2097152
122,117,2097152
122,118,2097152
122,119,2097152
122,120,2097152
122,121,2097152
122,123,2097152
122,124,2097152
122,125,2097152
122,126,2097152
122,127,2097152
123,0,2097152
123,1,2097152
123,2,2097152
123,3,2097152
123,4,2097152
123,5,2097152
123,6,2097152
123,7,2097152
123,8,2097152
123,9,2097152
123,10,2097152
123,11,2097152
123,12,2097152
123,13,2097152
123,14,2097152
123,15,2097152
123,16,2097152
123,17,2097152
123,18,2097152
123,19,2097152
123,20,2097152
123,21,2097152
123,22,2097152
123,23,2097152
123,24,2097152
123,25,2097152
123,26,2097152
123,27,2097152
123,28,2097152
123,29,2097152
123,30,2097152
123,31,2097152
123,32,2097152
123,33,2097152
123,34,2097152
123,35,2097152
123,36,2097152
123,37,2097152
123,38,2097152
123,39,2097152
123,40,2097152
123,41,2097152
123,42,2097152
123,43,2097152
123,44,2097152
123,45,2097152
123,46,2097152
123,47,2097152
123,48,2097152
123,49,2097152
123,50,2097152
123,51,2097152
123,52,2097152
123,53,2097152
123,54,2097152
123,55,2097152
123,56,2097152
123,57,2097152
123,58,2097152
123,59,2097152
123,60,2097152
123,61,2097152
123,62,2097152
123,63,2097152
123,64,2097152
123,65,2097152
123,66,2097152
123,67,2097152
123,68,2097152
123,69,2097152
123,70,2097152
123,71,2097152
123,72,2097152
123,73,2097152
123,74,2097152
123,75,2097152
123,76,2097152
123,77,2097152
123,78,2097152
123,79,2097152
123,80,2097152
123,81,2097152
123,82,2097152
123,83,2097152
123,84,2097152
123,85,2097152
123,86,2097152
123,87,2097152
123,88,2097152
123,89,2097152
123,90,2097152
123,91,2097152
123,92,2097152
123,93,2097152
123,94,2097152
123,95,2097152
123,96,2097152
123,97,2097152
123,98,2097152
123,99,2097152
123,100,2097152
123,101,2097152
123,102,2097152
123,103,2097152
123,104,2097152
123,105,2097152
123,106,2097152
123,107,2097152
123,108,2097152
123,109,2097152
123,110,2097152
123,111,2097152
123,112,2097152
123,113,2097152
123,114,2097152
123,115,2097152
123,116,2097152
123,117,2097152
123,118,2097152
123,119,2097152
123,120,2097152
123,121,2097152
123,122,2097152
123,124,2097152
123,125,2097152
123,126,2097152
123,127,2097152
124,0,2097152
124,1,2097152
124,2,2097152
124,3,2097152
124,4,2097152
124,5,2097152
124,6,2097152
124,7,2097152
124,8,2097152
124,9,2097152
124,10,2097152
124,11,2097152
124,12,2097152
124,13,2097152
124,14,2097152
124,15,2097152
124,16,2097152
124,17,2097152
124,18,2097152
124,19,2097152
124,20,2097152
124,21,2097152
124,22,2097152
124,23,2097152
124,24,2097152
124,25,2097152
124,26,2097152
124,27,2097152
124,28,2097152
124,29,2097152
124,30,2097152
124,31,2097152
124,32,2097152
124,33,2097152
124,34,2097152
124,35,2097152
124,36,2097152
124,37,2097152
124,38,2097152
124,39,2097152
124,40,2097152
124,41,2097152
124,42,2097152
124,43,2097152
124,44,2097152
124,45,2097152
124,46,2097152
124,47,2097152
124,48,2097152
124,49,2097152
124,50,2097152
124,51,2097152
124,52,2097152
124,53,2097152
124,54,2097152
124,55,2097152
124,56,2097152
124,57,2097152
124,58,2097152
124,59,2097152
124,60,2097152
124,61,2097152
124,62,2097152
124,63,2097152
124,64,2097152
124,65,2097152
124,66,2097152
124,67,2097152
124,68,2097152
124,69,2097152
124,70,2097152
124,71,2097152
124,72,2097152
124,73,2097152
124,74,2097152
124,75,2097152
124,76,2097152
124,77,2097152
124,78,2097152
124,79,2097152
124,80,2097152
124,81,2097152
124,82,2097152
124,83,2097152
124,84,2097152
124,85,2097152
124,86,2097152
124,87,2097152
124,88,2097152
124,89,2097152
124,90,2097152
124,91,2097152
124,92,2097152
124,93,2097152
124,94,2097152
124,95,2097152
124,96,2097152
124,97,2097152
124,98,2097152
124,99,2097152
124,100,2097152
124,101,2097152
124,102,2097152
124,103,2097152
124,104,2097152
124,105,2097152
124,106,2097152
124,107,2097152
124,108,2097152
124,109,2097152
124,110,2097152
124,111,2097152
124,112,2097152
124,113,2097152
124,114,2097152
124,115,2097152
124,116,2097152
124,117,2097152
124,118,2097152
124,119,2097152
124,120,2097152
124,121,2097152
124,122,2097152
124,123,2097152
124,125,2097152
124,126,2097152
124,127,2097152
125,0,2097152
125,1,2097152
125,2,2097152
125,3,2097152
125,4,2097152
125,5,2097152
125,6,2097152
125,7,2097152
125,8,2097152
125,9,2097152
125,10,2097152
125,11,2097152
125,12,2097152
125,13,2097152
125,14,2097152
125,15,2097152
125,16,2097152
125,17,2097152
125,18,2097152
125,19,2097152
125,20,2097152
125,21,2097152
125,22,2097152
125,23,2097152
125,24,2097152
125,25,2097152
125,26,2097152
125,27,2097152
125,28,2097152
125,29,2097152
125,30,2097152
125,31,2097152
125,32,2097152
125,33,2097152
125,34,2097152
125,35,2097152
125,36,2097152
125,37,2097152
125,38,2097152
125,39,2097152
125,40,2097152
125,41,2097152
125,42,2097152
125,43,2097152
125,44,2097152
125,45,2097152
125,46,2097152
125,47,2097152
125,48,2097152
125,49,2097152
125,50,2097152
125,51,2097152
125,52,2097152
125,53,2097152
125,54,2097152
125,55,2097152
125,56,2097152
125,57,2097152
125,58,2097152
125,59,2097152
125,60,2097152
125,61,2097152
125,62,2097152
125,63,2097152
125,64,2097152
125,65,2097152
125,66,2097152
125,67,2097152
125,68,2097152
125,69,2097152
125,70,2097152
125,71,2097152
125,72,2097152
125,73,2097152
125,74,2097152
125,75,2097152
125,76,2097152
125,77,2097152
125,78,2097152
125,79,2097152
125,80,2097152
125,81,2097152
125,82,2097152
125,83,2097152
125,84,2097152
125,85,2097152
125,86,2097152
125,87,2097152
125,88,2097152
125,89,2097152
125,90,2097152
125,91,2097152
125,92,2097152
125,93,2097152
125,94,2097152
125,95,2097152
125,96,2097152
125,97,2097152
125,98,2097152
125,99,2097152
125,100,2097152
125,101,2097152
125,102,2097152
125,103,2097152
125,104,2097152
125,105,2097152
125,106,2097152
125,107,2097152
125,108,2097152
125,109,2097152
125,110,2097152
125,111,2097152
125,112,2097152
125,113,2097152
125,114,2097152
125,115,2097152
125,116,2097152
125,117,2097152
125,118,2097152
125,119,2097152
125,120,2097152
125,121,2097152
125,122,2097152
125,123,2097152
125,124,2097152
125,126,2097152
125,127,2097152
126,0,2097152
126,1,2097152
126,2,2097152
126,3,2097152
126,4,2097152
126,5,2097152
126,6,2097152
126,7,2097152
126,8,2097152
126,9,2097152
126,10,2097152
126,11,2097152
126,12,2097152
126,13,2097152
126,14,2097152
126,15,2097152
126,16,2097152
126,17,2097152
126,18,2097152
126,19,2097152
126,20,2097152
126,21,2097152
126,22,2097152
126,23,2097152
126,24,2097152
126,25,2097152
126,26,2097152
126,27,2097152
126,28,2097152
126,29,2097152
126,30,2097152
126,31,2097152
126,32,2097152
126,33,2097152
126,34,2097152
126,35,2097152
126,36,2097152
126,37,2097152
126,38,2097152
126,39,2097152
126,40,2097152
126,41,2097152
126,42,2097152
126,43,2097152
126,44,2097152
126,45,2097152
126,46,2097152
126,47,2097152
126,48,2097152
126,49,2097152
126,50,2097152
126,51,2097152
126,52,2097152
126,53,2097152
126,54,2097152
126,55,2097152
126,56,2097152
126,57,2097152
126,58,2097152
126,59,2097152
126,60,2097152
126,61,2097152
126,62,2097152
126,63,2097152
126,64,2097152
126,65,2097152
126,66,2097152
126,67,2097152
126,68,2097152
126,69,2097152
126,70,2097152
126,71,2097152
126,72,2097152
126,73,2097152
126,74,2097152
126,75,2097152
126,76,2097152
126,77,2097152
126,78,2097152
126,79,2097152
126,80,2097152
126,81,2097152
126,82,2097152
126,83,2097152
126,84,2097152
126,85,2097152
126,86,2097152
126,87,2097152
126,88,2097152
126,89,2097152
126,90,2097152
126,91,2097152
126,92,2097152
126,93,2097152
126,94,2097152
126,95,2097152
126,96,2097152
126,97,2097152
126,98,2097152
126,99,2097152
126,100,2097152
126,101,2097152
126,102,2097152
126,103,2097152
126,104,2097152
126,105,2097152
126,106,2097152
126,107,2097152
126,108,2097152
126,109,2097152
126,110,2097152
126,111,2097152
126,112,2097152
126,113,2097152
126,114,2097152
126,115,2097152
126,116,2097152
126,117,2097152
126,118,2097152
126,119,2097152
126,120,2097152
126,121,2097152
126,122,2097152
126,123,2097152
126,124,2097152
126,125,2097152
126,127,2097152
127,0,2097152
127,1,2097152
127,2,2097152
127,3,2097152
127,4,2097152
127,5,2097152
127,6,2097152
127,7,2097152
127,8,2097152
127,9,2097152
127,10,2097152
127,11,2097152
127,12,2097152
127,13,2097152
127,14,2097152
127,15,2097152
127,16,2097152
127,17,2097152
127,18,2097152
127,19,2097152
127,20,2097152
127,21,2097152
127,22,2097152
127,23,2097152
127,24,2097152
127,25,2097152
127,26,2097152
127,27,2097152
127,28,2097152
127,29,2097152
127,30,2097152
127,31,2097152
127,32,2097152
127,33,2097152
127,34,2097152
127,35,2097152
127,36,2097152
127,37,2097152
127,38,2097152
127,39,2097152
127,40,2097152
127,41,2097152
127,42,2097152
127,43,2097152
127,44,2097152
127,45,2097152
127,46,2097152
127,47,2097152
127,48,2097152
127,49,2097152
127,50,2097152
127,51,2097152
127,52,2097152
127,53,2097152
127,54,2097152
127,55,2097152
127,56,2097152
127,57,2097152
127,58,2097152
127,59,2097152
127,60,2097152
127,61,2097152
127,62,2097152
127,63,2097152
127,64,2097152
127,65,2097152
127,66,2097152
127,67,2097152
127,68,2097152
127,69,2097152
127,70,2097152
127,71,2097152
127,72,2097152
127,73,2097152
127,74,2097152
127,75,2097152
127,76,2097152
127,77,2097152
127,78,2097152
127,79,2097152
127,80,2097152
127,81,2097152
127,82,2097152
127,83,2097152
127,84,2097152
127,85,2097152
127,86,2097152
127,87,2097152
127,88,2097152
127,89,2097152
127,90,2097152
127,91,2097152
127,92,2097152
127,93,2097152
127,94,2097152
127,95,2097152
127,96,2097152
127,97,2097152
127,98,2097152
127,99,2097152
127,100,2097152
127,101,2097152
127,102,2097152
127,103,2097152
127,104,2097152
127,105,2097152
127,106,2097152
127,107,2097152
127,108,2097152
127,109,2097152
127,110,2097152
127,111,2097152
127,112,2097152
127,113,2097152
127,114,2097152
127,115,2097152
127,116,2097152
127,117,2097152
127,118,2097152
127,119,2097152
127,120,2097152
127,121,2097152
127,122,2097152
127,123,2097152
127,124,2097152
127,125,2097152
127,126,2097152
