Layer, Type, start time, end time, duration, Bytes to be transferred, Collective type, Parallelism, Locality, Degree, SRC, DEST
'FWD_MHA', 'Compute', 0, 25.84830125214084, 25.84830125214084, 'NONE', 'NONE', 'NONE', 0
'FWD_TP_COMM_INTRA_0', 'Comm', 25.84830125214084, 25.851880396554172, 0.0035791444133333335, 51539607552.0, 'P2P', 'TP', 'INTRA', 4, 2, 3
'FWD_TP_COMM_INTRA_1', 'Comm', 25.84830125214084, 25.851880396554172, 0.0035791444133333335, 51539607552.0, 'P2P', 'TP', 'INTRA', 4, 2, 3
'FWD_TP_COMM_INTRA_2', 'Comm', 25.84830125214084, 25.851880396554172, 0.0035791444133333335, 51539607552.0, 'P2P', 'TP', 'INTRA', 4, 2, 3
'FWD_TP_COMM_INTRA_3', 'Comm', 25.84830125214084, 25.851880396554172, 0.0035791444133333335, 51539607552.0, 'P2P', 'TP', 'INTRA', 4, 2, 3
'FWD_TP_COMM_INTRA_4', 'Comm', 25.84830125214084, 25.851880396554172, 0.0035791444133333335, 51539607552.0, 'P2P', 'TP', 'INTRA', 4, 2, 3
'FWD_TP_COMM_INTRA_5', 'Comm', 25.84830125214084, 25.851880396554172, 0.0035791444133333335, 51539607552.0, 'P2P', 'TP', 'INTRA', 4, 2, 3
'FWD_FFN', 'Compute', 25.869776118620837, 33.31836999129194, 7.4485938726711, 'NONE', 'NONE', 'NONE', 0
'FWD_TP_COMM_INTRA_0', 'Comm', 33.31836999129194, 33.321949135705275, 0.0035791444133333335, 51539607552.0, 'P2P', 'TP', 'INTRA', 4, 2, 3
'FWD_TP_COMM_INTRA_1', 'Comm', 33.31836999129194, 33.321949135705275, 0.0035791444133333335, 51539607552.0, 'P2P', 'TP', 'INTRA', 4, 2, 3
'FWD_TP_COMM_INTRA_2', 'Comm', 33.31836999129194, 33.321949135705275, 0.0035791444133333335, 51539607552.0, 'P2P', 'TP', 'INTRA', 4, 2, 3
'FWD_TP_COMM_INTRA_3', 'Comm', 33.31836999129194, 33.321949135705275, 0.0035791444133333335, 51539607552.0, 'P2P', 'TP', 'INTRA', 4, 2, 3
'FWD_TP_COMM_INTRA_4', 'Comm', 33.31836999129194, 33.321949135705275, 0.0035791444133333335, 51539607552.0, 'P2P', 'TP', 'INTRA', 4, 2, 3
'FWD_TP_COMM_INTRA_5', 'Comm', 33.31836999129194, 33.321949135705275, 0.0035791444133333335, 51539607552.0, 'P2P', 'TP', 'INTRA', 4, 2, 3
'FWD_MHA', 'Compute', 33.339844857771936, 59.18814610991278, 25.84830125214084, 'NONE', 'NONE', 'NONE', 0
'FWD_TP_COMM_INTRA_0', 'Comm', 59.18814610991278, 59.191725254326116, 0.0035791444133333335, 51539607552.0, 'P2P', 'TP', 'INTRA', 4, 2, 3
'FWD_TP_COMM_INTRA_1', 'Comm', 59.18814610991278, 59.191725254326116, 0.0035791444133333335, 51539607552.0, 'P2P', 'TP', 'INTRA', 4, 2, 3
'FWD_TP_COMM_INTRA_2', 'Comm', 59.18814610991278, 59.191725254326116, 0.0035791444133333335, 51539607552.0, 'P2P', 'TP', 'INTRA', 4, 2, 3
'FWD_TP_COMM_INTRA_3', 'Comm', 59.18814610991278, 59.191725254326116, 0.0035791444133333335, 51539607552.0, 'P2P', 'TP', 'INTRA', 4, 2, 3
'FWD_TP_COMM_INTRA_4', 'Comm', 59.18814610991278, 59.191725254326116, 0.0035791444133333335, 51539607552.0, 'P2P', 'TP', 'INTRA', 4, 2, 3
'FWD_TP_COMM_INTRA_5', 'Comm', 59.18814610991278, 59.191725254326116, 0.0035791444133333335, 51539607552.0, 'P2P', 'TP', 'INTRA', 4, 2, 3
'FWD_FFN', 'Compute', 59.20962097639278, 66.65821484906388, 7.4485938726711, 'NONE', 'NONE', 'NONE', 0
'FWD_TP_COMM_INTRA_0', 'Comm', 66.65821484906388, 66.66179399347722, 0.0035791444133333335, 51539607552.0, 'P2P', 'TP', 'INTRA', 4, 2, 3
'FWD_TP_COMM_INTRA_1', 'Comm', 66.65821484906388, 66.66179399347722, 0.0035791444133333335, 51539607552.0, 'P2P', 'TP', 'INTRA', 4, 2, 3
'FWD_TP_COMM_INTRA_2', 'Comm', 66.65821484906388, 66.66179399347722, 0.0035791444133333335, 51539607552.0, 'P2P', 'TP', 'INTRA', 4, 2, 3
'FWD_TP_COMM_INTRA_3', 'Comm', 66.65821484906388, 66.66179399347722, 0.0035791444133333335, 51539607552.0, 'P2P', 'TP', 'INTRA', 4, 2, 3
'FWD_TP_COMM_INTRA_4', 'Comm', 66.65821484906388, 66.66179399347722, 0.0035791444133333335, 51539607552.0, 'P2P', 'TP', 'INTRA', 4, 2, 3
'FWD_TP_COMM_INTRA_5', 'Comm', 66.65821484906388, 66.66179399347722, 0.0035791444133333335, 51539607552.0, 'P2P', 'TP', 'INTRA', 4, 2, 3
'FWD_MHA', 'Compute', 66.67968971554389, 92.52799096768473, 25.84830125214084, 'NONE', 'NONE', 'NONE', 0
'FWD_TP_COMM_INTRA_0', 'Comm', 92.52799096768473, 92.53157011209807, 0.0035791444133333335, 51539607552.0, 'P2P', 'TP', 'INTRA', 4, 2, 3
'FWD_TP_COMM_INTRA_1', 'Comm', 92.52799096768473, 92.53157011209807, 0.0035791444133333335, 51539607552.0, 'P2P', 'TP', 'INTRA', 4, 2, 3
'FWD_TP_COMM_INTRA_2', 'Comm', 92.52799096768473, 92.53157011209807, 0.0035791444133333335, 51539607552.0, 'P2P', 'TP', 'INTRA', 4, 2, 3
'FWD_TP_COMM_INTRA_3', 'Comm', 92.52799096768473, 92.53157011209807, 0.0035791444133333335, 51539607552.0, 'P2P', 'TP', 'INTRA', 4, 2, 3
'FWD_TP_COMM_INTRA_4', 'Comm', 92.52799096768473, 92.53157011209807, 0.0035791444133333335, 51539607552.0, 'P2P', 'TP', 'INTRA', 4, 2, 3
'FWD_TP_COMM_INTRA_5', 'Comm', 92.52799096768473, 92.53157011209807, 0.0035791444133333335, 51539607552.0, 'P2P', 'TP', 'INTRA', 4, 2, 3
'FWD_FFN', 'Compute', 92.54946583416474, 99.99805970683583, 7.4485938726711, 'NONE', 'NONE', 'NONE', 0
'FWD_TP_COMM_INTRA_0', 'Comm', 99.99805970683583, 100.00163885124917, 0.0035791444133333335, 51539607552.0, 'P2P', 'TP', 'INTRA', 4, 2, 3
'FWD_TP_COMM_INTRA_1', 'Comm', 99.99805970683583, 100.00163885124917, 0.0035791444133333335, 51539607552.0, 'P2P', 'TP', 'INTRA', 4, 2, 3
'FWD_TP_COMM_INTRA_2', 'Comm', 99.99805970683583, 100.00163885124917, 0.0035791444133333335, 51539607552.0, 'P2P', 'TP', 'INTRA', 4, 2, 3
'FWD_TP_COMM_INTRA_3', 'Comm', 99.99805970683583, 100.00163885124917, 0.0035791444133333335, 51539607552.0, 'P2P', 'TP', 'INTRA', 4, 2, 3
'FWD_TP_COMM_INTRA_4', 'Comm', 99.99805970683583, 100.00163885124917, 0.0035791444133333335, 51539607552.0, 'P2P', 'TP', 'INTRA', 4, 2, 3
'FWD_TP_COMM_INTRA_5', 'Comm', 99.99805970683583, 100.00163885124917, 0.0035791444133333335, 51539607552.0, 'P2P', 'TP', 'INTRA', 4, 2, 3
'FWD_MHA', 'Compute', 100.01953457331584, 125.86783582545668, 25.84830125214084, 'NONE', 'NONE', 'NONE', 0
'FWD_TP_COMM_INTRA_0', 'Comm', 125.86783582545668, 125.87141496987002, 0.0035791444133333335, 51539607552.0, 'P2P', 'TP', 'INTRA', 4, 2, 3
'FWD_TP_COMM_INTRA_1', 'Comm', 125.86783582545668, 125.87141496987002, 0.0035791444133333335, 51539607552.0, 'P2P', 'TP', 'INTRA', 4, 2, 3
'FWD_TP_COMM_INTRA_2', 'Comm', 125.86783582545668, 125.87141496987002, 0.0035791444133333335, 51539607552.0, 'P2P', 'TP', 'INTRA', 4, 2, 3
'FWD_TP_COMM_INTRA_3', 'Comm', 125.86783582545668, 125.87141496987002, 0.0035791444133333335, 51539607552.0, 'P2P', 'TP', 'INTRA', 4, 2, 3
'FWD_TP_COMM_INTRA_4', 'Comm', 125.86783582545668, 125.87141496987002, 0.0035791444133333335, 51539607552.0, 'P2P', 'TP', 'INTRA', 4, 2, 3
'FWD_TP_COMM_INTRA_5', 'Comm', 125.86783582545668, 125.87141496987002, 0.0035791444133333335, 51539607552.0, 'P2P', 'TP', 'INTRA', 4, 2, 3
'FWD_FFN', 'Compute', 125.88931069193669, 133.33790456460778, 7.4485938726711, 'NONE', 'NONE', 'NONE', 0
'FWD_TP_COMM_INTRA_0', 'Comm', 133.33790456460778, 133.3414837090211, 0.0035791444133333335, 51539607552.0, 'P2P', 'TP', 'INTRA', 4, 2, 3
'FWD_TP_COMM_INTRA_1', 'Comm', 133.33790456460778, 133.3414837090211, 0.0035791444133333335, 51539607552.0, 'P2P', 'TP', 'INTRA', 4, 2, 3
'FWD_TP_COMM_INTRA_2', 'Comm', 133.33790456460778, 133.3414837090211, 0.0035791444133333335, 51539607552.0, 'P2P', 'TP', 'INTRA', 4, 2, 3
'FWD_TP_COMM_INTRA_3', 'Comm', 133.33790456460778, 133.3414837090211, 0.0035791444133333335, 51539607552.0, 'P2P', 'TP', 'INTRA', 4, 2, 3
'FWD_TP_COMM_INTRA_4', 'Comm', 133.33790456460778, 133.3414837090211, 0.0035791444133333335, 51539607552.0, 'P2P', 'TP', 'INTRA', 4, 2, 3
'FWD_TP_COMM_INTRA_5', 'Comm', 133.33790456460778, 133.3414837090211, 0.0035791444133333335, 51539607552.0, 'P2P', 'TP', 'INTRA', 4, 2, 3
'FWD_MHA', 'Compute', 133.35937943108777, 159.2076806832286, 25.84830125214084, 'NONE', 'NONE', 'NONE', 0
'FWD_TP_COMM_INTRA_0', 'Comm', 159.2076806832286, 159.21125982764192, 0.0035791444133333335, 51539607552.0, 'P2P', 'TP', 'INTRA', 4, 2, 3
'FWD_TP_COMM_INTRA_1', 'Comm', 159.2076806832286, 159.21125982764192, 0.0035791444133333335, 51539607552.0, 'P2P', 'TP', 'INTRA', 4, 2, 3
'FWD_TP_COMM_INTRA_2', 'Comm', 159.2076806832286, 159.21125982764192, 0.0035791444133333335, 51539607552.0, 'P2P', 'TP', 'INTRA', 4, 2, 3
'FWD_TP_COMM_INTRA_3', 'Comm', 159.2076806832286, 159.21125982764192, 0.0035791444133333335, 51539607552.0, 'P2P', 'TP', 'INTRA', 4, 2, 3
'FWD_TP_COMM_INTRA_4', 'Comm', 159.2076806832286, 159.21125982764192, 0.0035791444133333335, 51539607552.0, 'P2P', 'TP', 'INTRA', 4, 2, 3
'FWD_TP_COMM_INTRA_5', 'Comm', 159.2076806832286, 159.21125982764192, 0.0035791444133333335, 51539607552.0, 'P2P', 'TP', 'INTRA', 4, 2, 3
'FWD_FFN', 'Compute', 159.2291555497086, 166.6777494223797, 7.4485938726711, 'NONE', 'NONE', 'NONE', 0
'FWD_TP_COMM_INTRA_0', 'Comm', 166.6777494223797, 166.681328566793, 0.0035791444133333335, 51539607552.0, 'P2P', 'TP', 'INTRA', 4, 2, 3
'FWD_TP_COMM_INTRA_1', 'Comm', 166.6777494223797, 166.681328566793, 0.0035791444133333335, 51539607552.0, 'P2P', 'TP', 'INTRA', 4, 2, 3
'FWD_TP_COMM_INTRA_2', 'Comm', 166.6777494223797, 166.681328566793, 0.0035791444133333335, 51539607552.0, 'P2P', 'TP', 'INTRA', 4, 2, 3
'FWD_TP_COMM_INTRA_3', 'Comm', 166.6777494223797, 166.681328566793, 0.0035791444133333335, 51539607552.0, 'P2P', 'TP', 'INTRA', 4, 2, 3
'FWD_TP_COMM_INTRA_4', 'Comm', 166.6777494223797, 166.681328566793, 0.0035791444133333335, 51539607552.0, 'P2P', 'TP', 'INTRA', 4, 2, 3
'FWD_TP_COMM_INTRA_5', 'Comm', 166.6777494223797, 166.681328566793, 0.0035791444133333335, 51539607552.0, 'P2P', 'TP', 'INTRA', 4, 2, 3
'FWD_MHA', 'Compute', 166.69922428885968, 192.5475255410005, 25.84830125214084, 'NONE', 'NONE', 'NONE', 0
'FWD_TP_COMM_INTRA_0', 'Comm', 192.5475255410005, 192.55110468541383, 0.0035791444133333335, 51539607552.0, 'P2P', 'TP', 'INTRA', 4, 2, 3
'FWD_TP_COMM_INTRA_1', 'Comm', 192.5475255410005, 192.55110468541383, 0.0035791444133333335, 51539607552.0, 'P2P', 'TP', 'INTRA', 4, 2, 3
'FWD_TP_COMM_INTRA_2', 'Comm', 192.5475255410005, 192.55110468541383, 0.0035791444133333335, 51539607552.0, 'P2P', 'TP', 'INTRA', 4, 2, 3
'FWD_TP_COMM_INTRA_3', 'Comm', 192.5475255410005, 192.55110468541383, 0.0035791444133333335, 51539607552.0, 'P2P', 'TP', 'INTRA', 4, 2, 3
'FWD_TP_COMM_INTRA_4', 'Comm', 192.5475255410005, 192.55110468541383, 0.0035791444133333335, 51539607552.0, 'P2P', 'TP', 'INTRA', 4, 2, 3
'FWD_TP_COMM_INTRA_5', 'Comm', 192.5475255410005, 192.55110468541383, 0.0035791444133333335, 51539607552.0, 'P2P', 'TP', 'INTRA', 4, 2, 3
'FWD_FFN', 'Compute', 192.5690004074805, 200.0175942801516, 7.4485938726711, 'NONE', 'NONE', 'NONE', 0
'FWD_TP_COMM_INTRA_0', 'Comm', 200.0175942801516, 200.02117342456492, 0.0035791444133333335, 51539607552.0, 'P2P', 'TP', 'INTRA', 4, 2, 3
'FWD_TP_COMM_INTRA_1', 'Comm', 200.0175942801516, 200.02117342456492, 0.0035791444133333335, 51539607552.0, 'P2P', 'TP', 'INTRA', 4, 2, 3
'FWD_TP_COMM_INTRA_2', 'Comm', 200.0175942801516, 200.02117342456492, 0.0035791444133333335, 51539607552.0, 'P2P', 'TP', 'INTRA', 4, 2, 3
'FWD_TP_COMM_INTRA_3', 'Comm', 200.0175942801516, 200.02117342456492, 0.0035791444133333335, 51539607552.0, 'P2P', 'TP', 'INTRA', 4, 2, 3
'FWD_TP_COMM_INTRA_4', 'Comm', 200.0175942801516, 200.02117342456492, 0.0035791444133333335, 51539607552.0, 'P2P', 'TP', 'INTRA', 4, 2, 3
'FWD_TP_COMM_INTRA_5', 'Comm', 200.0175942801516, 200.02117342456492, 0.0035791444133333335, 51539607552.0, 'P2P', 'TP', 'INTRA', 4, 2, 3
'FWD_MHA', 'Compute', 200.0390691466316, 225.88737039877242, 25.84830125214084, 'NONE', 'NONE', 'NONE', 0
'FWD_TP_COMM_INTRA_0', 'Comm', 225.88737039877242, 225.89094954318574, 0.0035791444133333335, 51539607552.0, 'P2P', 'TP', 'INTRA', 4, 2, 3
'FWD_TP_COMM_INTRA_1', 'Comm', 225.88737039877242, 225.89094954318574, 0.0035791444133333335, 51539607552.0, 'P2P', 'TP', 'INTRA', 4, 2, 3
'FWD_TP_COMM_INTRA_2', 'Comm', 225.88737039877242, 225.89094954318574, 0.0035791444133333335, 51539607552.0, 'P2P', 'TP', 'INTRA', 4, 2, 3
'FWD_TP_COMM_INTRA_3', 'Comm', 225.88737039877242, 225.89094954318574, 0.0035791444133333335, 51539607552.0, 'P2P', 'TP', 'INTRA', 4, 2, 3
'FWD_TP_COMM_INTRA_4', 'Comm', 225.88737039877242, 225.89094954318574, 0.0035791444133333335, 51539607552.0, 'P2P', 'TP', 'INTRA', 4, 2, 3
'FWD_TP_COMM_INTRA_5', 'Comm', 225.88737039877242, 225.89094954318574, 0.0035791444133333335, 51539607552.0, 'P2P', 'TP', 'INTRA', 4, 2, 3
'FWD_FFN', 'Compute', 225.9088452652524, 233.3574391379235, 7.4485938726711, 'NONE', 'NONE', 'NONE', 0
'FWD_TP_COMM_INTRA_0', 'Comm', 233.3574391379235, 233.36101828233683, 0.0035791444133333335, 51539607552.0, 'P2P', 'TP', 'INTRA', 4, 2, 3
'FWD_TP_COMM_INTRA_1', 'Comm', 233.3574391379235, 233.36101828233683, 0.0035791444133333335, 51539607552.0, 'P2P', 'TP', 'INTRA', 4, 2, 3
'FWD_TP_COMM_INTRA_2', 'Comm', 233.3574391379235, 233.36101828233683, 0.0035791444133333335, 51539607552.0, 'P2P', 'TP', 'INTRA', 4, 2, 3
'FWD_TP_COMM_INTRA_3', 'Comm', 233.3574391379235, 233.36101828233683, 0.0035791444133333335, 51539607552.0, 'P2P', 'TP', 'INTRA', 4, 2, 3
'FWD_TP_COMM_INTRA_4', 'Comm', 233.3574391379235, 233.36101828233683, 0.0035791444133333335, 51539607552.0, 'P2P', 'TP', 'INTRA', 4, 2, 3
'FWD_TP_COMM_INTRA_5', 'Comm', 233.3574391379235, 233.36101828233683, 0.0035791444133333335, 51539607552.0, 'P2P', 'TP', 'INTRA', 4, 2, 3
'FWD_MHA', 'Compute', 233.3789140044035, 259.22721525654435, 25.84830125214084, 'NONE', 'NONE', 'NONE', 0
'FWD_TP_COMM_INTRA_0', 'Comm', 259.22721525654435, 259.2307944009577, 0.0035791444133333335, 51539607552.0, 'P2P', 'TP', 'INTRA', 4, 2, 3
'FWD_TP_COMM_INTRA_1', 'Comm', 259.22721525654435, 259.2307944009577, 0.0035791444133333335, 51539607552.0, 'P2P', 'TP', 'INTRA', 4, 2, 3
'FWD_TP_COMM_INTRA_2', 'Comm', 259.22721525654435, 259.2307944009577, 0.0035791444133333335, 51539607552.0, 'P2P', 'TP', 'INTRA', 4, 2, 3
'FWD_TP_COMM_INTRA_3', 'Comm', 259.22721525654435, 259.2307944009577, 0.0035791444133333335, 51539607552.0, 'P2P', 'TP', 'INTRA', 4, 2, 3
'FWD_TP_COMM_INTRA_4', 'Comm', 259.22721525654435, 259.2307944009577, 0.0035791444133333335, 51539607552.0, 'P2P', 'TP', 'INTRA', 4, 2, 3
'FWD_TP_COMM_INTRA_5', 'Comm', 259.22721525654435, 259.2307944009577, 0.0035791444133333335, 51539607552.0, 'P2P', 'TP', 'INTRA', 4, 2, 3
'FWD_FFN', 'Compute', 259.24869012302435, 266.69728399569544, 7.4485938726711, 'NONE', 'NONE', 'NONE', 0
'FWD_TP_COMM_INTRA_0', 'Comm', 266.69728399569544, 266.70086314010877, 0.0035791444133333335, 51539607552.0, 'P2P', 'TP', 'INTRA', 4, 2, 3
'FWD_TP_COMM_INTRA_1', 'Comm', 266.69728399569544, 266.70086314010877, 0.0035791444133333335, 51539607552.0, 'P2P', 'TP', 'INTRA', 4, 2, 3
'FWD_TP_COMM_INTRA_2', 'Comm', 266.69728399569544, 266.70086314010877, 0.0035791444133333335, 51539607552.0, 'P2P', 'TP', 'INTRA', 4, 2, 3
'FWD_TP_COMM_INTRA_3', 'Comm', 266.69728399569544, 266.70086314010877, 0.0035791444133333335, 51539607552.0, 'P2P', 'TP', 'INTRA', 4, 2, 3
'FWD_TP_COMM_INTRA_4', 'Comm', 266.69728399569544, 266.70086314010877, 0.0035791444133333335, 51539607552.0, 'P2P', 'TP', 'INTRA', 4, 2, 3
'FWD_TP_COMM_INTRA_5', 'Comm', 266.69728399569544, 266.70086314010877, 0.0035791444133333335, 51539607552.0, 'P2P', 'TP', 'INTRA', 4, 2, 3
'FWD_MHA', 'Compute', 266.71875886217543, 292.5670601143163, 25.84830125214084, 'NONE', 'NONE', 'NONE', 0
'FWD_TP_COMM_INTRA_0', 'Comm', 292.5670601143163, 292.5706392587296, 0.0035791444133333335, 51539607552.0, 'P2P', 'TP', 'INTRA', 4, 2, 3
'FWD_TP_COMM_INTRA_1', 'Comm', 292.5670601143163, 292.5706392587296, 0.0035791444133333335, 51539607552.0, 'P2P', 'TP', 'INTRA', 4, 2, 3
'FWD_TP_COMM_INTRA_2', 'Comm', 292.5670601143163, 292.5706392587296, 0.0035791444133333335, 51539607552.0, 'P2P', 'TP', 'INTRA', 4, 2, 3
'FWD_TP_COMM_INTRA_3', 'Comm', 292.5670601143163, 292.5706392587296, 0.0035791444133333335, 51539607552.0, 'P2P', 'TP', 'INTRA', 4, 2, 3
'FWD_TP_COMM_INTRA_4', 'Comm', 292.5670601143163, 292.5706392587296, 0.0035791444133333335, 51539607552.0, 'P2P', 'TP', 'INTRA', 4, 2, 3
'FWD_TP_COMM_INTRA_5', 'Comm', 292.5670601143163, 292.5706392587296, 0.0035791444133333335, 51539607552.0, 'P2P', 'TP', 'INTRA', 4, 2, 3
'FWD_FFN', 'Compute', 292.5885349807963, 300.0371288534674, 7.4485938726711, 'NONE', 'NONE', 'NONE', 0
'FWD_TP_COMM_INTRA_0', 'Comm', 300.0371288534674, 300.0407079978807, 0.0035791444133333335, 51539607552.0, 'P2P', 'TP', 'INTRA', 4, 2, 3
'FWD_TP_COMM_INTRA_1', 'Comm', 300.0371288534674, 300.0407079978807, 0.0035791444133333335, 51539607552.0, 'P2P', 'TP', 'INTRA', 4, 2, 3
'FWD_TP_COMM_INTRA_2', 'Comm', 300.0371288534674, 300.0407079978807, 0.0035791444133333335, 51539607552.0, 'P2P', 'TP', 'INTRA', 4, 2, 3
'FWD_TP_COMM_INTRA_3', 'Comm', 300.0371288534674, 300.0407079978807, 0.0035791444133333335, 51539607552.0, 'P2P', 'TP', 'INTRA', 4, 2, 3
'FWD_TP_COMM_INTRA_4', 'Comm', 300.0371288534674, 300.0407079978807, 0.0035791444133333335, 51539607552.0, 'P2P', 'TP', 'INTRA', 4, 2, 3
'FWD_TP_COMM_INTRA_5', 'Comm', 300.0371288534674, 300.0407079978807, 0.0035791444133333335, 51539607552.0, 'P2P', 'TP', 'INTRA', 4, 2, 3
'FWD_MHA', 'Compute', 300.05860371994737, 325.9069049720882, 25.84830125214084, 'NONE', 'NONE', 'NONE', 0
'FWD_TP_COMM_INTRA_0', 'Comm', 325.9069049720882, 325.91048411650155, 0.0035791444133333335, 51539607552.0, 'P2P', 'TP', 'INTRA', 4, 2, 3
'FWD_TP_COMM_INTRA_1', 'Comm', 325.9069049720882, 325.91048411650155, 0.0035791444133333335, 51539607552.0, 'P2P', 'TP', 'INTRA', 4, 2, 3
'FWD_TP_COMM_INTRA_2', 'Comm', 325.9069049720882, 325.91048411650155, 0.0035791444133333335, 51539607552.0, 'P2P', 'TP', 'INTRA', 4, 2, 3
'FWD_TP_COMM_INTRA_3', 'Comm', 325.9069049720882, 325.91048411650155, 0.0035791444133333335, 51539607552.0, 'P2P', 'TP', 'INTRA', 4, 2, 3
'FWD_TP_COMM_INTRA_4', 'Comm', 325.9069049720882, 325.91048411650155, 0.0035791444133333335, 51539607552.0, 'P2P', 'TP', 'INTRA', 4, 2, 3
'FWD_TP_COMM_INTRA_5', 'Comm', 325.9069049720882, 325.91048411650155, 0.0035791444133333335, 51539607552.0, 'P2P', 'TP', 'INTRA', 4, 2, 3
'FWD_FFN', 'Compute', 325.9283798385682, 333.3769737112393, 7.4485938726711, 'NONE', 'NONE', 'NONE', 0
'FWD_TP_COMM_INTRA_0', 'Comm', 333.3769737112393, 333.38055285565264, 0.0035791444133333335, 51539607552.0, 'P2P', 'TP', 'INTRA', 4, 2, 3
'FWD_TP_COMM_INTRA_1', 'Comm', 333.3769737112393, 333.38055285565264, 0.0035791444133333335, 51539607552.0, 'P2P', 'TP', 'INTRA', 4, 2, 3
'FWD_TP_COMM_INTRA_2', 'Comm', 333.3769737112393, 333.38055285565264, 0.0035791444133333335, 51539607552.0, 'P2P', 'TP', 'INTRA', 4, 2, 3
'FWD_TP_COMM_INTRA_3', 'Comm', 333.3769737112393, 333.38055285565264, 0.0035791444133333335, 51539607552.0, 'P2P', 'TP', 'INTRA', 4, 2, 3
'FWD_TP_COMM_INTRA_4', 'Comm', 333.3769737112393, 333.38055285565264, 0.0035791444133333335, 51539607552.0, 'P2P', 'TP', 'INTRA', 4, 2, 3
'FWD_TP_COMM_INTRA_5', 'Comm', 333.3769737112393, 333.38055285565264, 0.0035791444133333335, 51539607552.0, 'P2P', 'TP', 'INTRA', 4, 2, 3
'FWD_MHA', 'Compute', 333.3984485777193, 359.24674982986016, 25.84830125214084, 'NONE', 'NONE', 'NONE', 0
'FWD_TP_COMM_INTRA_0', 'Comm', 359.24674982986016, 359.2503289742735, 0.0035791444133333335, 51539607552.0, 'P2P', 'TP', 'INTRA', 4, 2, 3
'FWD_TP_COMM_INTRA_1', 'Comm', 359.24674982986016, 359.2503289742735, 0.0035791444133333335, 51539607552.0, 'P2P', 'TP', 'INTRA', 4, 2, 3
'FWD_TP_COMM_INTRA_2', 'Comm', 359.24674982986016, 359.2503289742735, 0.0035791444133333335, 51539607552.0, 'P2P', 'TP', 'INTRA', 4, 2, 3
'FWD_TP_COMM_INTRA_3', 'Comm', 359.24674982986016, 359.2503289742735, 0.0035791444133333335, 51539607552.0, 'P2P', 'TP', 'INTRA', 4, 2, 3
'FWD_TP_COMM_INTRA_4', 'Comm', 359.24674982986016, 359.2503289742735, 0.0035791444133333335, 51539607552.0, 'P2P', 'TP', 'INTRA', 4, 2, 3
'FWD_TP_COMM_INTRA_5', 'Comm', 359.24674982986016, 359.2503289742735, 0.0035791444133333335, 51539607552.0, 'P2P', 'TP', 'INTRA', 4, 2, 3
'FWD_FFN', 'Compute', 359.26822469634016, 366.71681856901125, 7.4485938726711, 'NONE', 'NONE', 'NONE', 0
'FWD_TP_COMM_INTRA_0', 'Comm', 366.71681856901125, 366.7203977134246, 0.0035791444133333335, 51539607552.0, 'P2P', 'TP', 'INTRA', 4, 2, 3
'FWD_TP_COMM_INTRA_1', 'Comm', 366.71681856901125, 366.7203977134246, 0.0035791444133333335, 51539607552.0, 'P2P', 'TP', 'INTRA', 4, 2, 3
'FWD_TP_COMM_INTRA_2', 'Comm', 366.71681856901125, 366.7203977134246, 0.0035791444133333335, 51539607552.0, 'P2P', 'TP', 'INTRA', 4, 2, 3
'FWD_TP_COMM_INTRA_3', 'Comm', 366.71681856901125, 366.7203977134246, 0.0035791444133333335, 51539607552.0, 'P2P', 'TP', 'INTRA', 4, 2, 3
'FWD_TP_COMM_INTRA_4', 'Comm', 366.71681856901125, 366.7203977134246, 0.0035791444133333335, 51539607552.0, 'P2P', 'TP', 'INTRA', 4, 2, 3
'FWD_TP_COMM_INTRA_5', 'Comm', 366.71681856901125, 366.7203977134246, 0.0035791444133333335, 51539607552.0, 'P2P', 'TP', 'INTRA', 4, 2, 3
'FWD_MHA', 'Compute', 366.73829343549124, 392.5865946876321, 25.84830125214084, 'NONE', 'NONE', 'NONE', 0
'FWD_TP_COMM_INTRA_0', 'Comm', 392.5865946876321, 392.5901738320454, 0.0035791444133333335, 51539607552.0, 'P2P', 'TP', 'INTRA', 4, 2, 3
'FWD_TP_COMM_INTRA_1', 'Comm', 392.5865946876321, 392.5901738320454, 0.0035791444133333335, 51539607552.0, 'P2P', 'TP', 'INTRA', 4, 2, 3
'FWD_TP_COMM_INTRA_2', 'Comm', 392.5865946876321, 392.5901738320454, 0.0035791444133333335, 51539607552.0, 'P2P', 'TP', 'INTRA', 4, 2, 3
'FWD_TP_COMM_INTRA_3', 'Comm', 392.5865946876321, 392.5901738320454, 0.0035791444133333335, 51539607552.0, 'P2P', 'TP', 'INTRA', 4, 2, 3
'FWD_TP_COMM_INTRA_4', 'Comm', 392.5865946876321, 392.5901738320454, 0.0035791444133333335, 51539607552.0, 'P2P', 'TP', 'INTRA', 4, 2, 3
'FWD_TP_COMM_INTRA_5', 'Comm', 392.5865946876321, 392.5901738320454, 0.0035791444133333335, 51539607552.0, 'P2P', 'TP', 'INTRA', 4, 2, 3
'FWD_FFN', 'Compute', 392.6080695541121, 400.0566634267832, 7.4485938726711, 'NONE', 'NONE', 'NONE', 0
'FWD_TP_COMM_INTRA_0', 'Comm', 400.0566634267832, 400.0602425711965, 0.0035791444133333335, 51539607552.0, 'P2P', 'TP', 'INTRA', 4, 2, 3
'FWD_TP_COMM_INTRA_1', 'Comm', 400.0566634267832, 400.0602425711965, 0.0035791444133333335, 51539607552.0, 'P2P', 'TP', 'INTRA', 4, 2, 3
'FWD_TP_COMM_INTRA_2', 'Comm', 400.0566634267832, 400.0602425711965, 0.0035791444133333335, 51539607552.0, 'P2P', 'TP', 'INTRA', 4, 2, 3
'FWD_TP_COMM_INTRA_3', 'Comm', 400.0566634267832, 400.0602425711965, 0.0035791444133333335, 51539607552.0, 'P2P', 'TP', 'INTRA', 4, 2, 3
'FWD_TP_COMM_INTRA_4', 'Comm', 400.0566634267832, 400.0602425711965, 0.0035791444133333335, 51539607552.0, 'P2P', 'TP', 'INTRA', 4, 2, 3
'FWD_TP_COMM_INTRA_5', 'Comm', 400.0566634267832, 400.0602425711965, 0.0035791444133333335, 51539607552.0, 'P2P', 'TP', 'INTRA', 4, 2, 3
'FWD_MHA', 'Compute', 400.0781382932632, 425.92643954540404, 25.84830125214084, 'NONE', 'NONE', 'NONE', 0
'FWD_TP_COMM_INTRA_0', 'Comm', 425.92643954540404, 425.93001868981736, 0.0035791444133333335, 51539607552.0, 'P2P', 'TP', 'INTRA', 4, 2, 3
'FWD_TP_COMM_INTRA_1', 'Comm', 425.92643954540404, 425.93001868981736, 0.0035791444133333335, 51539607552.0, 'P2P', 'TP', 'INTRA', 4, 2, 3
'FWD_TP_COMM_INTRA_2', 'Comm', 425.92643954540404, 425.93001868981736, 0.0035791444133333335, 51539607552.0, 'P2P', 'TP', 'INTRA', 4, 2, 3
'FWD_TP_COMM_INTRA_3', 'Comm', 425.92643954540404, 425.93001868981736, 0.0035791444133333335, 51539607552.0, 'P2P', 'TP', 'INTRA', 4, 2, 3
'FWD_TP_COMM_INTRA_4', 'Comm', 425.92643954540404, 425.93001868981736, 0.0035791444133333335, 51539607552.0, 'P2P', 'TP', 'INTRA', 4, 2, 3
'FWD_TP_COMM_INTRA_5', 'Comm', 425.92643954540404, 425.93001868981736, 0.0035791444133333335, 51539607552.0, 'P2P', 'TP', 'INTRA', 4, 2, 3
'FWD_FFN', 'Compute', 425.947914411884, 433.3965082845551, 7.4485938726711, 'NONE', 'NONE', 'NONE', 0
'FWD_TP_COMM_INTRA_0', 'Comm', 433.3965082845551, 433.40008742896845, 0.0035791444133333335, 51539607552.0, 'P2P', 'TP', 'INTRA', 4, 2, 3
'FWD_TP_COMM_INTRA_1', 'Comm', 433.3965082845551, 433.40008742896845, 0.0035791444133333335, 51539607552.0, 'P2P', 'TP', 'INTRA', 4, 2, 3
'FWD_TP_COMM_INTRA_2', 'Comm', 433.3965082845551, 433.40008742896845, 0.0035791444133333335, 51539607552.0, 'P2P', 'TP', 'INTRA', 4, 2, 3
'FWD_TP_COMM_INTRA_3', 'Comm', 433.3965082845551, 433.40008742896845, 0.0035791444133333335, 51539607552.0, 'P2P', 'TP', 'INTRA', 4, 2, 3
'FWD_TP_COMM_INTRA_4', 'Comm', 433.3965082845551, 433.40008742896845, 0.0035791444133333335, 51539607552.0, 'P2P', 'TP', 'INTRA', 4, 2, 3
'FWD_TP_COMM_INTRA_5', 'Comm', 433.3965082845551, 433.40008742896845, 0.0035791444133333335, 51539607552.0, 'P2P', 'TP', 'INTRA', 4, 2, 3
'FWD_MHA', 'Compute', 433.4179831510351, 459.266284403176, 25.84830125214084, 'NONE', 'NONE', 'NONE', 0
'FWD_TP_COMM_INTRA_0', 'Comm', 459.266284403176, 459.2698635475893, 0.0035791444133333335, 51539607552.0, 'P2P', 'TP', 'INTRA', 4, 2, 3
'FWD_TP_COMM_INTRA_1', 'Comm', 459.266284403176, 459.2698635475893, 0.0035791444133333335, 51539607552.0, 'P2P', 'TP', 'INTRA', 4, 2, 3
'FWD_TP_COMM_INTRA_2', 'Comm', 459.266284403176, 459.2698635475893, 0.0035791444133333335, 51539607552.0, 'P2P', 'TP', 'INTRA', 4, 2, 3
'FWD_TP_COMM_INTRA_3', 'Comm', 459.266284403176, 459.2698635475893, 0.0035791444133333335, 51539607552.0, 'P2P', 'TP', 'INTRA', 4, 2, 3
'FWD_TP_COMM_INTRA_4', 'Comm', 459.266284403176, 459.2698635475893, 0.0035791444133333335, 51539607552.0, 'P2P', 'TP', 'INTRA', 4, 2, 3
'FWD_TP_COMM_INTRA_5', 'Comm', 459.266284403176, 459.2698635475893, 0.0035791444133333335, 51539607552.0, 'P2P', 'TP', 'INTRA', 4, 2, 3
'FWD_FFN', 'Compute', 459.28775926965596, 466.73635314232706, 7.4485938726711, 'NONE', 'NONE', 'NONE', 0
'FWD_TP_COMM_INTRA_0', 'Comm', 466.73635314232706, 466.7399322867404, 0.0035791444133333335, 51539607552.0, 'P2P', 'TP', 'INTRA', 4, 2, 3
'FWD_TP_COMM_INTRA_1', 'Comm', 466.73635314232706, 466.7399322867404, 0.0035791444133333335, 51539607552.0, 'P2P', 'TP', 'INTRA', 4, 2, 3
'FWD_TP_COMM_INTRA_2', 'Comm', 466.73635314232706, 466.7399322867404, 0.0035791444133333335, 51539607552.0, 'P2P', 'TP', 'INTRA', 4, 2, 3
'FWD_TP_COMM_INTRA_3', 'Comm', 466.73635314232706, 466.7399322867404, 0.0035791444133333335, 51539607552.0, 'P2P', 'TP', 'INTRA', 4, 2, 3
'FWD_TP_COMM_INTRA_4', 'Comm', 466.73635314232706, 466.7399322867404, 0.0035791444133333335, 51539607552.0, 'P2P', 'TP', 'INTRA', 4, 2, 3
'FWD_TP_COMM_INTRA_5', 'Comm', 466.73635314232706, 466.7399322867404, 0.0035791444133333335, 51539607552.0, 'P2P', 'TP', 'INTRA', 4, 2, 3
'FWD_MHA', 'Compute', 466.75782800880705, 492.6061292609479, 25.84830125214084, 'NONE', 'NONE', 'NONE', 0
'FWD_TP_COMM_INTRA_0', 'Comm', 492.6061292609479, 492.60970840536123, 0.0035791444133333335, 51539607552.0, 'P2P', 'TP', 'INTRA', 4, 2, 3
'FWD_TP_COMM_INTRA_1', 'Comm', 492.6061292609479, 492.60970840536123, 0.0035791444133333335, 51539607552.0, 'P2P', 'TP', 'INTRA', 4, 2, 3
'FWD_TP_COMM_INTRA_2', 'Comm', 492.6061292609479, 492.60970840536123, 0.0035791444133333335, 51539607552.0, 'P2P', 'TP', 'INTRA', 4, 2, 3
'FWD_TP_COMM_INTRA_3', 'Comm', 492.6061292609479, 492.60970840536123, 0.0035791444133333335, 51539607552.0, 'P2P', 'TP', 'INTRA', 4, 2, 3
'FWD_TP_COMM_INTRA_4', 'Comm', 492.6061292609479, 492.60970840536123, 0.0035791444133333335, 51539607552.0, 'P2P', 'TP', 'INTRA', 4, 2, 3
'FWD_TP_COMM_INTRA_5', 'Comm', 492.6061292609479, 492.60970840536123, 0.0035791444133333335, 51539607552.0, 'P2P', 'TP', 'INTRA', 4, 2, 3
'FWD_FFN', 'Compute', 492.6276041274279, 500.076198000099, 7.4485938726711, 'NONE', 'NONE', 'NONE', 0
'FWD_TP_COMM_INTRA_0', 'Comm', 500.076198000099, 500.0797771445123, 0.0035791444133333335, 51539607552.0, 'P2P', 'TP', 'INTRA', 4, 2, 3
'FWD_TP_COMM_INTRA_1', 'Comm', 500.076198000099, 500.0797771445123, 0.0035791444133333335, 51539607552.0, 'P2P', 'TP', 'INTRA', 4, 2, 3
'FWD_TP_COMM_INTRA_2', 'Comm', 500.076198000099, 500.0797771445123, 0.0035791444133333335, 51539607552.0, 'P2P', 'TP', 'INTRA', 4, 2, 3
'FWD_TP_COMM_INTRA_3', 'Comm', 500.076198000099, 500.0797771445123, 0.0035791444133333335, 51539607552.0, 'P2P', 'TP', 'INTRA', 4, 2, 3
'FWD_TP_COMM_INTRA_4', 'Comm', 500.076198000099, 500.0797771445123, 0.0035791444133333335, 51539607552.0, 'P2P', 'TP', 'INTRA', 4, 2, 3
'FWD_TP_COMM_INTRA_5', 'Comm', 500.076198000099, 500.0797771445123, 0.0035791444133333335, 51539607552.0, 'P2P', 'TP', 'INTRA', 4, 2, 3
'FWD_MHA', 'Compute', 500.097672866579, 525.9459741187198, 25.84830125214084, 'NONE', 'NONE', 'NONE', 0
'FWD_TP_COMM_INTRA_0', 'Comm', 525.9459741187198, 525.9495532631332, 0.0035791444133333335, 51539607552.0, 'P2P', 'TP', 'INTRA', 4, 2, 3
'FWD_TP_COMM_INTRA_1', 'Comm', 525.9459741187198, 525.9495532631332, 0.0035791444133333335, 51539607552.0, 'P2P', 'TP', 'INTRA', 4, 2, 3
'FWD_TP_COMM_INTRA_2', 'Comm', 525.9459741187198, 525.9495532631332, 0.0035791444133333335, 51539607552.0, 'P2P', 'TP', 'INTRA', 4, 2, 3
'FWD_TP_COMM_INTRA_3', 'Comm', 525.9459741187198, 525.9495532631332, 0.0035791444133333335, 51539607552.0, 'P2P', 'TP', 'INTRA', 4, 2, 3
'FWD_TP_COMM_INTRA_4', 'Comm', 525.9459741187198, 525.9495532631332, 0.0035791444133333335, 51539607552.0, 'P2P', 'TP', 'INTRA', 4, 2, 3
'FWD_TP_COMM_INTRA_5', 'Comm', 525.9459741187198, 525.9495532631332, 0.0035791444133333335, 51539607552.0, 'P2P', 'TP', 'INTRA', 4, 2, 3
'FWD_FFN', 'Compute', 525.9674489851999, 533.416042857871, 7.4485938726711, 'NONE', 'NONE', 'NONE', 0
'FWD_TP_COMM_INTRA_0', 'Comm', 533.416042857871, 533.4196220022844, 0.0035791444133333335, 51539607552.0, 'P2P', 'TP', 'INTRA', 4, 2, 3
'FWD_TP_COMM_INTRA_1', 'Comm', 533.416042857871, 533.4196220022844, 0.0035791444133333335, 51539607552.0, 'P2P', 'TP', 'INTRA', 4, 2, 3
'FWD_TP_COMM_INTRA_2', 'Comm', 533.416042857871, 533.4196220022844, 0.0035791444133333335, 51539607552.0, 'P2P', 'TP', 'INTRA', 4, 2, 3
'FWD_TP_COMM_INTRA_3', 'Comm', 533.416042857871, 533.4196220022844, 0.0035791444133333335, 51539607552.0, 'P2P', 'TP', 'INTRA', 4, 2, 3
'FWD_TP_COMM_INTRA_4', 'Comm', 533.416042857871, 533.4196220022844, 0.0035791444133333335, 51539607552.0, 'P2P', 'TP', 'INTRA', 4, 2, 3
'FWD_TP_COMM_INTRA_5', 'Comm', 533.416042857871, 533.4196220022844, 0.0035791444133333335, 51539607552.0, 'P2P', 'TP', 'INTRA', 4, 2, 3
'FWD_MHA', 'Compute', 533.4375177243511, 559.2858189764919, 25.84830125214084, 'NONE', 'NONE', 'NONE', 0
'FWD_TP_COMM_INTRA_0', 'Comm', 559.2858189764919, 559.2893981209053, 0.0035791444133333335, 51539607552.0, 'P2P', 'TP', 'INTRA', 4, 2, 3
'FWD_TP_COMM_INTRA_1', 'Comm', 559.2858189764919, 559.2893981209053, 0.0035791444133333335, 51539607552.0, 'P2P', 'TP', 'INTRA', 4, 2, 3
'FWD_TP_COMM_INTRA_2', 'Comm', 559.2858189764919, 559.2893981209053, 0.0035791444133333335, 51539607552.0, 'P2P', 'TP', 'INTRA', 4, 2, 3
'FWD_TP_COMM_INTRA_3', 'Comm', 559.2858189764919, 559.2893981209053, 0.0035791444133333335, 51539607552.0, 'P2P', 'TP', 'INTRA', 4, 2, 3
'FWD_TP_COMM_INTRA_4', 'Comm', 559.2858189764919, 559.2893981209053, 0.0035791444133333335, 51539607552.0, 'P2P', 'TP', 'INTRA', 4, 2, 3
'FWD_TP_COMM_INTRA_5', 'Comm', 559.2858189764919, 559.2893981209053, 0.0035791444133333335, 51539607552.0, 'P2P', 'TP', 'INTRA', 4, 2, 3
'FWD_FFN', 'Compute', 559.307293842972, 566.7558877156431, 7.4485938726711, 'NONE', 'NONE', 'NONE', 0
'FWD_TP_COMM_INTRA_0', 'Comm', 566.7558877156431, 566.7594668600565, 0.0035791444133333335, 51539607552.0, 'P2P', 'TP', 'INTRA', 4, 2, 3
'FWD_TP_COMM_INTRA_1', 'Comm', 566.7558877156431, 566.7594668600565, 0.0035791444133333335, 51539607552.0, 'P2P', 'TP', 'INTRA', 4, 2, 3
'FWD_TP_COMM_INTRA_2', 'Comm', 566.7558877156431, 566.7594668600565, 0.0035791444133333335, 51539607552.0, 'P2P', 'TP', 'INTRA', 4, 2, 3
'FWD_TP_COMM_INTRA_3', 'Comm', 566.7558877156431, 566.7594668600565, 0.0035791444133333335, 51539607552.0, 'P2P', 'TP', 'INTRA', 4, 2, 3
'FWD_TP_COMM_INTRA_4', 'Comm', 566.7558877156431, 566.7594668600565, 0.0035791444133333335, 51539607552.0, 'P2P', 'TP', 'INTRA', 4, 2, 3
'FWD_TP_COMM_INTRA_5', 'Comm', 566.7558877156431, 566.7594668600565, 0.0035791444133333335, 51539607552.0, 'P2P', 'TP', 'INTRA', 4, 2, 3
'FWD_MHA', 'Compute', 566.7773625821231, 592.625663834264, 25.84830125214084, 'NONE', 'NONE', 'NONE', 0
'FWD_TP_COMM_INTRA_0', 'Comm', 592.625663834264, 592.6292429786773, 0.0035791444133333335, 51539607552.0, 'P2P', 'TP', 'INTRA', 4, 2, 3
'FWD_TP_COMM_INTRA_1', 'Comm', 592.625663834264, 592.6292429786773, 0.0035791444133333335, 51539607552.0, 'P2P', 'TP', 'INTRA', 4, 2, 3
'FWD_TP_COMM_INTRA_2', 'Comm', 592.625663834264, 592.6292429786773, 0.0035791444133333335, 51539607552.0, 'P2P', 'TP', 'INTRA', 4, 2, 3
'FWD_TP_COMM_INTRA_3', 'Comm', 592.625663834264, 592.6292429786773, 0.0035791444133333335, 51539607552.0, 'P2P', 'TP', 'INTRA', 4, 2, 3
'FWD_TP_COMM_INTRA_4', 'Comm', 592.625663834264, 592.6292429786773, 0.0035791444133333335, 51539607552.0, 'P2P', 'TP', 'INTRA', 4, 2, 3
'FWD_TP_COMM_INTRA_5', 'Comm', 592.625663834264, 592.6292429786773, 0.0035791444133333335, 51539607552.0, 'P2P', 'TP', 'INTRA', 4, 2, 3
'FWD_FFN', 'Compute', 592.647138700744, 600.0957325734151, 7.4485938726711, 'NONE', 'NONE', 'NONE', 0
'FWD_TP_COMM_INTRA_0', 'Comm', 600.0957325734151, 600.0993117178285, 0.0035791444133333335, 51539607552.0, 'P2P', 'TP', 'INTRA', 4, 2, 3
'FWD_TP_COMM_INTRA_1', 'Comm', 600.0957325734151, 600.0993117178285, 0.0035791444133333335, 51539607552.0, 'P2P', 'TP', 'INTRA', 4, 2, 3
'FWD_TP_COMM_INTRA_2', 'Comm', 600.0957325734151, 600.0993117178285, 0.0035791444133333335, 51539607552.0, 'P2P', 'TP', 'INTRA', 4, 2, 3
'FWD_TP_COMM_INTRA_3', 'Comm', 600.0957325734151, 600.0993117178285, 0.0035791444133333335, 51539607552.0, 'P2P', 'TP', 'INTRA', 4, 2, 3
'FWD_TP_COMM_INTRA_4', 'Comm', 600.0957325734151, 600.0993117178285, 0.0035791444133333335, 51539607552.0, 'P2P', 'TP', 'INTRA', 4, 2, 3
'FWD_TP_COMM_INTRA_5', 'Comm', 600.0957325734151, 600.0993117178285, 0.0035791444133333335, 51539607552.0, 'P2P', 'TP', 'INTRA', 4, 2, 3
'FWD_MHA', 'Compute', 600.1172074398952, 625.965508692036, 25.84830125214084, 'NONE', 'NONE', 'NONE', 0
'FWD_TP_COMM_INTRA_0', 'Comm', 625.965508692036, 625.9690878364494, 0.0035791444133333335, 51539607552.0, 'P2P', 'TP', 'INTRA', 4, 2, 3
'FWD_TP_COMM_INTRA_1', 'Comm', 625.965508692036, 625.9690878364494, 0.0035791444133333335, 51539607552.0, 'P2P', 'TP', 'INTRA', 4, 2, 3
'FWD_TP_COMM_INTRA_2', 'Comm', 625.965508692036, 625.9690878364494, 0.0035791444133333335, 51539607552.0, 'P2P', 'TP', 'INTRA', 4, 2, 3
'FWD_TP_COMM_INTRA_3', 'Comm', 625.965508692036, 625.9690878364494, 0.0035791444133333335, 51539607552.0, 'P2P', 'TP', 'INTRA', 4, 2, 3
'FWD_TP_COMM_INTRA_4', 'Comm', 625.965508692036, 625.9690878364494, 0.0035791444133333335, 51539607552.0, 'P2P', 'TP', 'INTRA', 4, 2, 3
'FWD_TP_COMM_INTRA_5', 'Comm', 625.965508692036, 625.9690878364494, 0.0035791444133333335, 51539607552.0, 'P2P', 'TP', 'INTRA', 4, 2, 3
'FWD_FFN', 'Compute', 625.986983558516, 633.4355774311872, 7.4485938726711, 'NONE', 'NONE', 'NONE', 0
'FWD_TP_COMM_INTRA_0', 'Comm', 633.4355774311872, 633.4391565756006, 0.0035791444133333335, 51539607552.0, 'P2P', 'TP', 'INTRA', 4, 2, 3
'FWD_TP_COMM_INTRA_1', 'Comm', 633.4355774311872, 633.4391565756006, 0.0035791444133333335, 51539607552.0, 'P2P', 'TP', 'INTRA', 4, 2, 3
'FWD_TP_COMM_INTRA_2', 'Comm', 633.4355774311872, 633.4391565756006, 0.0035791444133333335, 51539607552.0, 'P2P', 'TP', 'INTRA', 4, 2, 3
'FWD_TP_COMM_INTRA_3', 'Comm', 633.4355774311872, 633.4391565756006, 0.0035791444133333335, 51539607552.0, 'P2P', 'TP', 'INTRA', 4, 2, 3
'FWD_TP_COMM_INTRA_4', 'Comm', 633.4355774311872, 633.4391565756006, 0.0035791444133333335, 51539607552.0, 'P2P', 'TP', 'INTRA', 4, 2, 3
'FWD_TP_COMM_INTRA_5', 'Comm', 633.4355774311872, 633.4391565756006, 0.0035791444133333335, 51539607552.0, 'P2P', 'TP', 'INTRA', 4, 2, 3
'FWD_MHA', 'Compute', 633.4570522976672, 659.305353549808, 25.84830125214084, 'NONE', 'NONE', 'NONE', 0
'FWD_TP_COMM_INTRA_0', 'Comm', 659.305353549808, 659.3089326942214, 0.0035791444133333335, 51539607552.0, 'P2P', 'TP', 'INTRA', 4, 2, 3
'FWD_TP_COMM_INTRA_1', 'Comm', 659.305353549808, 659.3089326942214, 0.0035791444133333335, 51539607552.0, 'P2P', 'TP', 'INTRA', 4, 2, 3
'FWD_TP_COMM_INTRA_2', 'Comm', 659.305353549808, 659.3089326942214, 0.0035791444133333335, 51539607552.0, 'P2P', 'TP', 'INTRA', 4, 2, 3
'FWD_TP_COMM_INTRA_3', 'Comm', 659.305353549808, 659.3089326942214, 0.0035791444133333335, 51539607552.0, 'P2P', 'TP', 'INTRA', 4, 2, 3
'FWD_TP_COMM_INTRA_4', 'Comm', 659.305353549808, 659.3089326942214, 0.0035791444133333335, 51539607552.0, 'P2P', 'TP', 'INTRA', 4, 2, 3
'FWD_TP_COMM_INTRA_5', 'Comm', 659.305353549808, 659.3089326942214, 0.0035791444133333335, 51539607552.0, 'P2P', 'TP', 'INTRA', 4, 2, 3
'FWD_FFN', 'Compute', 659.3268284162881, 666.7754222889592, 7.4485938726711, 'NONE', 'NONE', 'NONE', 0
'FWD_TP_COMM_INTRA_0', 'Comm', 666.7754222889592, 666.7790014333726, 0.0035791444133333335, 51539607552.0, 'P2P', 'TP', 'INTRA', 4, 2, 3
'FWD_TP_COMM_INTRA_1', 'Comm', 666.7754222889592, 666.7790014333726, 0.0035791444133333335, 51539607552.0, 'P2P', 'TP', 'INTRA', 4, 2, 3
'FWD_TP_COMM_INTRA_2', 'Comm', 666.7754222889592, 666.7790014333726, 0.0035791444133333335, 51539607552.0, 'P2P', 'TP', 'INTRA', 4, 2, 3
'FWD_TP_COMM_INTRA_3', 'Comm', 666.7754222889592, 666.7790014333726, 0.0035791444133333335, 51539607552.0, 'P2P', 'TP', 'INTRA', 4, 2, 3
'FWD_TP_COMM_INTRA_4', 'Comm', 666.7754222889592, 666.7790014333726, 0.0035791444133333335, 51539607552.0, 'P2P', 'TP', 'INTRA', 4, 2, 3
'FWD_TP_COMM_INTRA_5', 'Comm', 666.7754222889592, 666.7790014333726, 0.0035791444133333335, 51539607552.0, 'P2P', 'TP', 'INTRA', 4, 2, 3
'FWD_MHA', 'Compute', 666.7968971554393, 692.6451984075801, 25.84830125214084, 'NONE', 'NONE', 'NONE', 0
'FWD_TP_COMM_INTRA_0', 'Comm', 692.6451984075801, 692.6487775519935, 0.0035791444133333335, 51539607552.0, 'P2P', 'TP', 'INTRA', 4, 2, 3
'FWD_TP_COMM_INTRA_1', 'Comm', 692.6451984075801, 692.6487775519935, 0.0035791444133333335, 51539607552.0, 'P2P', 'TP', 'INTRA', 4, 2, 3
'FWD_TP_COMM_INTRA_2', 'Comm', 692.6451984075801, 692.6487775519935, 0.0035791444133333335, 51539607552.0, 'P2P', 'TP', 'INTRA', 4, 2, 3
'FWD_TP_COMM_INTRA_3', 'Comm', 692.6451984075801, 692.6487775519935, 0.0035791444133333335, 51539607552.0, 'P2P', 'TP', 'INTRA', 4, 2, 3
'FWD_TP_COMM_INTRA_4', 'Comm', 692.6451984075801, 692.6487775519935, 0.0035791444133333335, 51539607552.0, 'P2P', 'TP', 'INTRA', 4, 2, 3
'FWD_TP_COMM_INTRA_5', 'Comm', 692.6451984075801, 692.6487775519935, 0.0035791444133333335, 51539607552.0, 'P2P', 'TP', 'INTRA', 4, 2, 3
'FWD_FFN', 'Compute', 692.6666732740601, 700.1152671467313, 7.4485938726711, 'NONE', 'NONE', 'NONE', 0
'FWD_TP_COMM_INTRA_0', 'Comm', 700.1152671467313, 700.1188462911447, 0.0035791444133333335, 51539607552.0, 'P2P', 'TP', 'INTRA', 4, 2, 3
'FWD_TP_COMM_INTRA_1', 'Comm', 700.1152671467313, 700.1188462911447, 0.0035791444133333335, 51539607552.0, 'P2P', 'TP', 'INTRA', 4, 2, 3
'FWD_TP_COMM_INTRA_2', 'Comm', 700.1152671467313, 700.1188462911447, 0.0035791444133333335, 51539607552.0, 'P2P', 'TP', 'INTRA', 4, 2, 3
'FWD_TP_COMM_INTRA_3', 'Comm', 700.1152671467313, 700.1188462911447, 0.0035791444133333335, 51539607552.0, 'P2P', 'TP', 'INTRA', 4, 2, 3
'FWD_TP_COMM_INTRA_4', 'Comm', 700.1152671467313, 700.1188462911447, 0.0035791444133333335, 51539607552.0, 'P2P', 'TP', 'INTRA', 4, 2, 3
'FWD_TP_COMM_INTRA_5', 'Comm', 700.1152671467313, 700.1188462911447, 0.0035791444133333335, 51539607552.0, 'P2P', 'TP', 'INTRA', 4, 2, 3
'FWD_MHA', 'Compute', 700.1367420132113, 725.9850432653521, 25.84830125214084, 'NONE', 'NONE', 'NONE', 0
'FWD_TP_COMM_INTRA_0', 'Comm', 725.9850432653521, 725.9886224097655, 0.0035791444133333335, 51539607552.0, 'P2P', 'TP', 'INTRA', 4, 2, 3
'FWD_TP_COMM_INTRA_1', 'Comm', 725.9850432653521, 725.9886224097655, 0.0035791444133333335, 51539607552.0, 'P2P', 'TP', 'INTRA', 4, 2, 3
'FWD_TP_COMM_INTRA_2', 'Comm', 725.9850432653521, 725.9886224097655, 0.0035791444133333335, 51539607552.0, 'P2P', 'TP', 'INTRA', 4, 2, 3
'FWD_TP_COMM_INTRA_3', 'Comm', 725.9850432653521, 725.9886224097655, 0.0035791444133333335, 51539607552.0, 'P2P', 'TP', 'INTRA', 4, 2, 3
'FWD_TP_COMM_INTRA_4', 'Comm', 725.9850432653521, 725.9886224097655, 0.0035791444133333335, 51539607552.0, 'P2P', 'TP', 'INTRA', 4, 2, 3
'FWD_TP_COMM_INTRA_5', 'Comm', 725.9850432653521, 725.9886224097655, 0.0035791444133333335, 51539607552.0, 'P2P', 'TP', 'INTRA', 4, 2, 3
'FWD_FFN', 'Compute', 726.0065181318322, 733.4551120045033, 7.4485938726711, 'NONE', 'NONE', 'NONE', 0
'FWD_TP_COMM_INTRA_0', 'Comm', 733.4551120045033, 733.4586911489167, 0.0035791444133333335, 51539607552.0, 'P2P', 'TP', 'INTRA', 4, 2, 3
'FWD_TP_COMM_INTRA_1', 'Comm', 733.4551120045033, 733.4586911489167, 0.0035791444133333335, 51539607552.0, 'P2P', 'TP', 'INTRA', 4, 2, 3
'FWD_TP_COMM_INTRA_2', 'Comm', 733.4551120045033, 733.4586911489167, 0.0035791444133333335, 51539607552.0, 'P2P', 'TP', 'INTRA', 4, 2, 3
'FWD_TP_COMM_INTRA_3', 'Comm', 733.4551120045033, 733.4586911489167, 0.0035791444133333335, 51539607552.0, 'P2P', 'TP', 'INTRA', 4, 2, 3
'FWD_TP_COMM_INTRA_4', 'Comm', 733.4551120045033, 733.4586911489167, 0.0035791444133333335, 51539607552.0, 'P2P', 'TP', 'INTRA', 4, 2, 3
'FWD_TP_COMM_INTRA_5', 'Comm', 733.4551120045033, 733.4586911489167, 0.0035791444133333335, 51539607552.0, 'P2P', 'TP', 'INTRA', 4, 2, 3
'FWD_MHA', 'Compute', 733.4765868709834, 759.3248881231242, 25.84830125214084, 'NONE', 'NONE', 'NONE', 0
'FWD_TP_COMM_INTRA_0', 'Comm', 759.3248881231242, 759.3284672675376, 0.0035791444133333335, 51539607552.0, 'P2P', 'TP', 'INTRA', 4, 2, 3
'FWD_TP_COMM_INTRA_1', 'Comm', 759.3248881231242, 759.3284672675376, 0.0035791444133333335, 51539607552.0, 'P2P', 'TP', 'INTRA', 4, 2, 3
'FWD_TP_COMM_INTRA_2', 'Comm', 759.3248881231242, 759.3284672675376, 0.0035791444133333335, 51539607552.0, 'P2P', 'TP', 'INTRA', 4, 2, 3
'FWD_TP_COMM_INTRA_3', 'Comm', 759.3248881231242, 759.3284672675376, 0.0035791444133333335, 51539607552.0, 'P2P', 'TP', 'INTRA', 4, 2, 3
'FWD_TP_COMM_INTRA_4', 'Comm', 759.3248881231242, 759.3284672675376, 0.0035791444133333335, 51539607552.0, 'P2P', 'TP', 'INTRA', 4, 2, 3
'FWD_TP_COMM_INTRA_5', 'Comm', 759.3248881231242, 759.3284672675376, 0.0035791444133333335, 51539607552.0, 'P2P', 'TP', 'INTRA', 4, 2, 3
'FWD_FFN', 'Compute', 759.3463629896042, 766.7949568622754, 7.4485938726711, 'NONE', 'NONE', 'NONE', 0
'FWD_TP_COMM_INTRA_0', 'Comm', 766.7949568622754, 766.7985360066888, 0.0035791444133333335, 51539607552.0, 'P2P', 'TP', 'INTRA', 4, 2, 3
'FWD_TP_COMM_INTRA_1', 'Comm', 766.7949568622754, 766.7985360066888, 0.0035791444133333335, 51539607552.0, 'P2P', 'TP', 'INTRA', 4, 2, 3
'FWD_TP_COMM_INTRA_2', 'Comm', 766.7949568622754, 766.7985360066888, 0.0035791444133333335, 51539607552.0, 'P2P', 'TP', 'INTRA', 4, 2, 3
'FWD_TP_COMM_INTRA_3', 'Comm', 766.7949568622754, 766.7985360066888, 0.0035791444133333335, 51539607552.0, 'P2P', 'TP', 'INTRA', 4, 2, 3
'FWD_TP_COMM_INTRA_4', 'Comm', 766.7949568622754, 766.7985360066888, 0.0035791444133333335, 51539607552.0, 'P2P', 'TP', 'INTRA', 4, 2, 3
'FWD_TP_COMM_INTRA_5', 'Comm', 766.7949568622754, 766.7985360066888, 0.0035791444133333335, 51539607552.0, 'P2P', 'TP', 'INTRA', 4, 2, 3
'FWD_MHA', 'Compute', 766.8164317287554, 792.6647329808962, 25.84830125214084, 'NONE', 'NONE', 'NONE', 0
'FWD_TP_COMM_INTRA_0', 'Comm', 792.6647329808962, 792.6683121253096, 0.0035791444133333335, 51539607552.0, 'P2P', 'TP', 'INTRA', 4, 2, 3
'FWD_TP_COMM_INTRA_1', 'Comm', 792.6647329808962, 792.6683121253096, 0.0035791444133333335, 51539607552.0, 'P2P', 'TP', 'INTRA', 4, 2, 3
'FWD_TP_COMM_INTRA_2', 'Comm', 792.6647329808962, 792.6683121253096, 0.0035791444133333335, 51539607552.0, 'P2P', 'TP', 'INTRA', 4, 2, 3
'FWD_TP_COMM_INTRA_3', 'Comm', 792.6647329808962, 792.6683121253096, 0.0035791444133333335, 51539607552.0, 'P2P', 'TP', 'INTRA', 4, 2, 3
'FWD_TP_COMM_INTRA_4', 'Comm', 792.6647329808962, 792.6683121253096, 0.0035791444133333335, 51539607552.0, 'P2P', 'TP', 'INTRA', 4, 2, 3
'FWD_TP_COMM_INTRA_5', 'Comm', 792.6647329808962, 792.6683121253096, 0.0035791444133333335, 51539607552.0, 'P2P', 'TP', 'INTRA', 4, 2, 3
'FWD_FFN', 'Compute', 792.6862078473763, 800.1348017200474, 7.4485938726711, 'NONE', 'NONE', 'NONE', 0
'FWD_TP_COMM_INTRA_0', 'Comm', 800.1348017200474, 800.1383808644608, 0.0035791444133333335, 51539607552.0, 'P2P', 'TP', 'INTRA', 4, 2, 3
'FWD_TP_COMM_INTRA_1', 'Comm', 800.1348017200474, 800.1383808644608, 0.0035791444133333335, 51539607552.0, 'P2P', 'TP', 'INTRA', 4, 2, 3
'FWD_TP_COMM_INTRA_2', 'Comm', 800.1348017200474, 800.1383808644608, 0.0035791444133333335, 51539607552.0, 'P2P', 'TP', 'INTRA', 4, 2, 3
'FWD_TP_COMM_INTRA_3', 'Comm', 800.1348017200474, 800.1383808644608, 0.0035791444133333335, 51539607552.0, 'P2P', 'TP', 'INTRA', 4, 2, 3
'FWD_TP_COMM_INTRA_4', 'Comm', 800.1348017200474, 800.1383808644608, 0.0035791444133333335, 51539607552.0, 'P2P', 'TP', 'INTRA', 4, 2, 3
'FWD_TP_COMM_INTRA_5', 'Comm', 800.1348017200474, 800.1383808644608, 0.0035791444133333335, 51539607552.0, 'P2P', 'TP', 'INTRA', 4, 2, 3
'FWD_MHA', 'Compute', 800.1562765865275, 826.0045778386683, 25.84830125214084, 'NONE', 'NONE', 'NONE', 0
'FWD_TP_COMM_INTRA_0', 'Comm', 826.0045778386683, 826.0081569830817, 0.0035791444133333335, 51539607552.0, 'P2P', 'TP', 'INTRA', 4, 2, 3
'FWD_TP_COMM_INTRA_1', 'Comm', 826.0045778386683, 826.0081569830817, 0.0035791444133333335, 51539607552.0, 'P2P', 'TP', 'INTRA', 4, 2, 3
'FWD_TP_COMM_INTRA_2', 'Comm', 826.0045778386683, 826.0081569830817, 0.0035791444133333335, 51539607552.0, 'P2P', 'TP', 'INTRA', 4, 2, 3
'FWD_TP_COMM_INTRA_3', 'Comm', 826.0045778386683, 826.0081569830817, 0.0035791444133333335, 51539607552.0, 'P2P', 'TP', 'INTRA', 4, 2, 3
'FWD_TP_COMM_INTRA_4', 'Comm', 826.0045778386683, 826.0081569830817, 0.0035791444133333335, 51539607552.0, 'P2P', 'TP', 'INTRA', 4, 2, 3
'FWD_TP_COMM_INTRA_5', 'Comm', 826.0045778386683, 826.0081569830817, 0.0035791444133333335, 51539607552.0, 'P2P', 'TP', 'INTRA', 4, 2, 3
'FWD_FFN', 'Compute', 826.0260527051483, 833.4746465778195, 7.4485938726711, 'NONE', 'NONE', 'NONE', 0
'FWD_TP_COMM_INTRA_0', 'Comm', 833.4746465778195, 833.4782257222329, 0.0035791444133333335, 51539607552.0, 'P2P', 'TP', 'INTRA', 4, 2, 3
'FWD_TP_COMM_INTRA_1', 'Comm', 833.4746465778195, 833.4782257222329, 0.0035791444133333335, 51539607552.0, 'P2P', 'TP', 'INTRA', 4, 2, 3
'FWD_TP_COMM_INTRA_2', 'Comm', 833.4746465778195, 833.4782257222329, 0.0035791444133333335, 51539607552.0, 'P2P', 'TP', 'INTRA', 4, 2, 3
'FWD_TP_COMM_INTRA_3', 'Comm', 833.4746465778195, 833.4782257222329, 0.0035791444133333335, 51539607552.0, 'P2P', 'TP', 'INTRA', 4, 2, 3
'FWD_TP_COMM_INTRA_4', 'Comm', 833.4746465778195, 833.4782257222329, 0.0035791444133333335, 51539607552.0, 'P2P', 'TP', 'INTRA', 4, 2, 3
'FWD_TP_COMM_INTRA_5', 'Comm', 833.4746465778195, 833.4782257222329, 0.0035791444133333335, 51539607552.0, 'P2P', 'TP', 'INTRA', 4, 2, 3
'FWD_MHA', 'Compute', 833.4961214442995, 859.3444226964403, 25.84830125214084, 'NONE', 'NONE', 'NONE', 0
'FWD_TP_COMM_INTRA_0', 'Comm', 859.3444226964403, 859.3480018408537, 0.0035791444133333335, 51539607552.0, 'P2P', 'TP', 'INTRA', 4, 2, 3
'FWD_TP_COMM_INTRA_1', 'Comm', 859.3444226964403, 859.3480018408537, 0.0035791444133333335, 51539607552.0, 'P2P', 'TP', 'INTRA', 4, 2, 3
'FWD_TP_COMM_INTRA_2', 'Comm', 859.3444226964403, 859.3480018408537, 0.0035791444133333335, 51539607552.0, 'P2P', 'TP', 'INTRA', 4, 2, 3
'FWD_TP_COMM_INTRA_3', 'Comm', 859.3444226964403, 859.3480018408537, 0.0035791444133333335, 51539607552.0, 'P2P', 'TP', 'INTRA', 4, 2, 3
'FWD_TP_COMM_INTRA_4', 'Comm', 859.3444226964403, 859.3480018408537, 0.0035791444133333335, 51539607552.0, 'P2P', 'TP', 'INTRA', 4, 2, 3
'FWD_TP_COMM_INTRA_5', 'Comm', 859.3444226964403, 859.3480018408537, 0.0035791444133333335, 51539607552.0, 'P2P', 'TP', 'INTRA', 4, 2, 3
'FWD_FFN', 'Compute', 859.3658975629204, 866.8144914355915, 7.4485938726711, 'NONE', 'NONE', 'NONE', 0
'FWD_TP_COMM_INTRA_0', 'Comm', 866.8144914355915, 866.8180705800049, 0.0035791444133333335, 51539607552.0, 'P2P', 'TP', 'INTRA', 4, 2, 3
'FWD_TP_COMM_INTRA_1', 'Comm', 866.8144914355915, 866.8180705800049, 0.0035791444133333335, 51539607552.0, 'P2P', 'TP', 'INTRA', 4, 2, 3
'FWD_TP_COMM_INTRA_2', 'Comm', 866.8144914355915, 866.8180705800049, 0.0035791444133333335, 51539607552.0, 'P2P', 'TP', 'INTRA', 4, 2, 3
'FWD_TP_COMM_INTRA_3', 'Comm', 866.8144914355915, 866.8180705800049, 0.0035791444133333335, 51539607552.0, 'P2P', 'TP', 'INTRA', 4, 2, 3
'FWD_TP_COMM_INTRA_4', 'Comm', 866.8144914355915, 866.8180705800049, 0.0035791444133333335, 51539607552.0, 'P2P', 'TP', 'INTRA', 4, 2, 3
'FWD_TP_COMM_INTRA_5', 'Comm', 866.8144914355915, 866.8180705800049, 0.0035791444133333335, 51539607552.0, 'P2P', 'TP', 'INTRA', 4, 2, 3
'FWD_MHA', 'Compute', 866.8359663020716, 892.6842675542124, 25.84830125214084, 'NONE', 'NONE', 'NONE', 0
'FWD_TP_COMM_INTRA_0', 'Comm', 892.6842675542124, 892.6878466986258, 0.0035791444133333335, 51539607552.0, 'P2P', 'TP', 'INTRA', 4, 2, 3
'FWD_TP_COMM_INTRA_1', 'Comm', 892.6842675542124, 892.6878466986258, 0.0035791444133333335, 51539607552.0, 'P2P', 'TP', 'INTRA', 4, 2, 3
'FWD_TP_COMM_INTRA_2', 'Comm', 892.6842675542124, 892.6878466986258, 0.0035791444133333335, 51539607552.0, 'P2P', 'TP', 'INTRA', 4, 2, 3
'FWD_TP_COMM_INTRA_3', 'Comm', 892.6842675542124, 892.6878466986258, 0.0035791444133333335, 51539607552.0, 'P2P', 'TP', 'INTRA', 4, 2, 3
'FWD_TP_COMM_INTRA_4', 'Comm', 892.6842675542124, 892.6878466986258, 0.0035791444133333335, 51539607552.0, 'P2P', 'TP', 'INTRA', 4, 2, 3
'FWD_TP_COMM_INTRA_5', 'Comm', 892.6842675542124, 892.6878466986258, 0.0035791444133333335, 51539607552.0, 'P2P', 'TP', 'INTRA', 4, 2, 3
'FWD_FFN', 'Compute', 892.7057424206924, 900.1543362933636, 7.4485938726711, 'NONE', 'NONE', 'NONE', 0
'FWD_TP_COMM_INTRA_0', 'Comm', 900.1543362933636, 900.157915437777, 0.0035791444133333335, 51539607552.0, 'P2P', 'TP', 'INTRA', 4, 2, 3
'FWD_TP_COMM_INTRA_1', 'Comm', 900.1543362933636, 900.157915437777, 0.0035791444133333335, 51539607552.0, 'P2P', 'TP', 'INTRA', 4, 2, 3
'FWD_TP_COMM_INTRA_2', 'Comm', 900.1543362933636, 900.157915437777, 0.0035791444133333335, 51539607552.0, 'P2P', 'TP', 'INTRA', 4, 2, 3
'FWD_TP_COMM_INTRA_3', 'Comm', 900.1543362933636, 900.157915437777, 0.0035791444133333335, 51539607552.0, 'P2P', 'TP', 'INTRA', 4, 2, 3
'FWD_TP_COMM_INTRA_4', 'Comm', 900.1543362933636, 900.157915437777, 0.0035791444133333335, 51539607552.0, 'P2P', 'TP', 'INTRA', 4, 2, 3
'FWD_TP_COMM_INTRA_5', 'Comm', 900.1543362933636, 900.157915437777, 0.0035791444133333335, 51539607552.0, 'P2P', 'TP', 'INTRA', 4, 2, 3
'FWD_MHA', 'Compute', 900.1758111598436, 926.0241124119844, 25.84830125214084, 'NONE', 'NONE', 'NONE', 0
'FWD_TP_COMM_INTRA_0', 'Comm', 926.0241124119844, 926.0276915563978, 0.0035791444133333335, 51539607552.0, 'P2P', 'TP', 'INTRA', 4, 2, 3
'FWD_TP_COMM_INTRA_1', 'Comm', 926.0241124119844, 926.0276915563978, 0.0035791444133333335, 51539607552.0, 'P2P', 'TP', 'INTRA', 4, 2, 3
'FWD_TP_COMM_INTRA_2', 'Comm', 926.0241124119844, 926.0276915563978, 0.0035791444133333335, 51539607552.0, 'P2P', 'TP', 'INTRA', 4, 2, 3
'FWD_TP_COMM_INTRA_3', 'Comm', 926.0241124119844, 926.0276915563978, 0.0035791444133333335, 51539607552.0, 'P2P', 'TP', 'INTRA', 4, 2, 3
'FWD_TP_COMM_INTRA_4', 'Comm', 926.0241124119844, 926.0276915563978, 0.0035791444133333335, 51539607552.0, 'P2P', 'TP', 'INTRA', 4, 2, 3
'FWD_TP_COMM_INTRA_5', 'Comm', 926.0241124119844, 926.0276915563978, 0.0035791444133333335, 51539607552.0, 'P2P', 'TP', 'INTRA', 4, 2, 3
'FWD_FFN', 'Compute', 926.0455872784645, 933.4941811511356, 7.4485938726711, 'NONE', 'NONE', 'NONE', 0
'FWD_TP_COMM_INTRA_0', 'Comm', 933.4941811511356, 933.497760295549, 0.0035791444133333335, 51539607552.0, 'P2P', 'TP', 'INTRA', 4, 2, 3
'FWD_TP_COMM_INTRA_1', 'Comm', 933.4941811511356, 933.497760295549, 0.0035791444133333335, 51539607552.0, 'P2P', 'TP', 'INTRA', 4, 2, 3
'FWD_TP_COMM_INTRA_2', 'Comm', 933.4941811511356, 933.497760295549, 0.0035791444133333335, 51539607552.0, 'P2P', 'TP', 'INTRA', 4, 2, 3
'FWD_TP_COMM_INTRA_3', 'Comm', 933.4941811511356, 933.497760295549, 0.0035791444133333335, 51539607552.0, 'P2P', 'TP', 'INTRA', 4, 2, 3
'FWD_TP_COMM_INTRA_4', 'Comm', 933.4941811511356, 933.497760295549, 0.0035791444133333335, 51539607552.0, 'P2P', 'TP', 'INTRA', 4, 2, 3
'FWD_TP_COMM_INTRA_5', 'Comm', 933.4941811511356, 933.497760295549, 0.0035791444133333335, 51539607552.0, 'P2P', 'TP', 'INTRA', 4, 2, 3
'FWD_MHA', 'Compute', 933.5156560176157, 959.3639572697565, 25.84830125214084, 'NONE', 'NONE', 'NONE', 0
'FWD_TP_COMM_INTRA_0', 'Comm', 959.3639572697565, 959.3675364141699, 0.0035791444133333335, 51539607552.0, 'P2P', 'TP', 'INTRA', 4, 2, 3
'FWD_TP_COMM_INTRA_1', 'Comm', 959.3639572697565, 959.3675364141699, 0.0035791444133333335, 51539607552.0, 'P2P', 'TP', 'INTRA', 4, 2, 3
'FWD_TP_COMM_INTRA_2', 'Comm', 959.3639572697565, 959.3675364141699, 0.0035791444133333335, 51539607552.0, 'P2P', 'TP', 'INTRA', 4, 2, 3
'FWD_TP_COMM_INTRA_3', 'Comm', 959.3639572697565, 959.3675364141699, 0.0035791444133333335, 51539607552.0, 'P2P', 'TP', 'INTRA', 4, 2, 3
'FWD_TP_COMM_INTRA_4', 'Comm', 959.3639572697565, 959.3675364141699, 0.0035791444133333335, 51539607552.0, 'P2P', 'TP', 'INTRA', 4, 2, 3
'FWD_TP_COMM_INTRA_5', 'Comm', 959.3639572697565, 959.3675364141699, 0.0035791444133333335, 51539607552.0, 'P2P', 'TP', 'INTRA', 4, 2, 3
'FWD_FFN', 'Compute', 959.3854321362365, 966.8340260089077, 7.4485938726711, 'NONE', 'NONE', 'NONE', 0
'FWD_TP_COMM_INTRA_0', 'Comm', 966.8340260089077, 966.8376051533211, 0.0035791444133333335, 51539607552.0, 'P2P', 'TP', 'INTRA', 4, 2, 3
'FWD_TP_COMM_INTRA_1', 'Comm', 966.8340260089077, 966.8376051533211, 0.0035791444133333335, 51539607552.0, 'P2P', 'TP', 'INTRA', 4, 2, 3
'FWD_TP_COMM_INTRA_2', 'Comm', 966.8340260089077, 966.8376051533211, 0.0035791444133333335, 51539607552.0, 'P2P', 'TP', 'INTRA', 4, 2, 3
'FWD_TP_COMM_INTRA_3', 'Comm', 966.8340260089077, 966.8376051533211, 0.0035791444133333335, 51539607552.0, 'P2P', 'TP', 'INTRA', 4, 2, 3
'FWD_TP_COMM_INTRA_4', 'Comm', 966.8340260089077, 966.8376051533211, 0.0035791444133333335, 51539607552.0, 'P2P', 'TP', 'INTRA', 4, 2, 3
'FWD_TP_COMM_INTRA_5', 'Comm', 966.8340260089077, 966.8376051533211, 0.0035791444133333335, 51539607552.0, 'P2P', 'TP', 'INTRA', 4, 2, 3
'FWD_MHA', 'Compute', 966.8555008753877, 992.7038021275285, 25.84830125214084, 'NONE', 'NONE', 'NONE', 0
'FWD_TP_COMM_INTRA_0', 'Comm', 992.7038021275285, 992.7073812719419, 0.0035791444133333335, 51539607552.0, 'P2P', 'TP', 'INTRA', 4, 2, 3
'FWD_TP_COMM_INTRA_1', 'Comm', 992.7038021275285, 992.7073812719419, 0.0035791444133333335, 51539607552.0, 'P2P', 'TP', 'INTRA', 4, 2, 3
'FWD_TP_COMM_INTRA_2', 'Comm', 992.7038021275285, 992.7073812719419, 0.0035791444133333335, 51539607552.0, 'P2P', 'TP', 'INTRA', 4, 2, 3
'FWD_TP_COMM_INTRA_3', 'Comm', 992.7038021275285, 992.7073812719419, 0.0035791444133333335, 51539607552.0, 'P2P', 'TP', 'INTRA', 4, 2, 3
'FWD_TP_COMM_INTRA_4', 'Comm', 992.7038021275285, 992.7073812719419, 0.0035791444133333335, 51539607552.0, 'P2P', 'TP', 'INTRA', 4, 2, 3
'FWD_TP_COMM_INTRA_5', 'Comm', 992.7038021275285, 992.7073812719419, 0.0035791444133333335, 51539607552.0, 'P2P', 'TP', 'INTRA', 4, 2, 3
'FWD_FFN', 'Compute', 992.7252769940086, 1000.1738708666797, 7.4485938726711, 'NONE', 'NONE', 'NONE', 0
'FWD_TP_COMM_INTRA_0', 'Comm', 1000.1738708666797, 1000.1774500110931, 0.0035791444133333335, 51539607552.0, 'P2P', 'TP', 'INTRA', 4, 2, 3
'FWD_TP_COMM_INTRA_1', 'Comm', 1000.1738708666797, 1000.1774500110931, 0.0035791444133333335, 51539607552.0, 'P2P', 'TP', 'INTRA', 4, 2, 3
'FWD_TP_COMM_INTRA_2', 'Comm', 1000.1738708666797, 1000.1774500110931, 0.0035791444133333335, 51539607552.0, 'P2P', 'TP', 'INTRA', 4, 2, 3
'FWD_TP_COMM_INTRA_3', 'Comm', 1000.1738708666797, 1000.1774500110931, 0.0035791444133333335, 51539607552.0, 'P2P', 'TP', 'INTRA', 4, 2, 3
'FWD_TP_COMM_INTRA_4', 'Comm', 1000.1738708666797, 1000.1774500110931, 0.0035791444133333335, 51539607552.0, 'P2P', 'TP', 'INTRA', 4, 2, 3
'FWD_TP_COMM_INTRA_5', 'Comm', 1000.1738708666797, 1000.1774500110931, 0.0035791444133333335, 51539607552.0, 'P2P', 'TP', 'INTRA', 4, 2, 3
'FWD_MHA', 'Compute', 1000.1953457331598, 1026.0436469853007, 25.84830125214084, 'NONE', 'NONE', 'NONE', 0
'FWD_TP_COMM_INTRA_0', 'Comm', 1026.0436469853007, 1026.047226129714, 0.0035791444133333335, 51539607552.0, 'P2P', 'TP', 'INTRA', 4, 2, 3
'FWD_TP_COMM_INTRA_1', 'Comm', 1026.0436469853007, 1026.047226129714, 0.0035791444133333335, 51539607552.0, 'P2P', 'TP', 'INTRA', 4, 2, 3
'FWD_TP_COMM_INTRA_2', 'Comm', 1026.0436469853007, 1026.047226129714, 0.0035791444133333335, 51539607552.0, 'P2P', 'TP', 'INTRA', 4, 2, 3
'FWD_TP_COMM_INTRA_3', 'Comm', 1026.0436469853007, 1026.047226129714, 0.0035791444133333335, 51539607552.0, 'P2P', 'TP', 'INTRA', 4, 2, 3
'FWD_TP_COMM_INTRA_4', 'Comm', 1026.0436469853007, 1026.047226129714, 0.0035791444133333335, 51539607552.0, 'P2P', 'TP', 'INTRA', 4, 2, 3
'FWD_TP_COMM_INTRA_5', 'Comm', 1026.0436469853007, 1026.047226129714, 0.0035791444133333335, 51539607552.0, 'P2P', 'TP', 'INTRA', 4, 2, 3
'FWD_FFN', 'Compute', 1026.0651218517808, 1033.513715724452, 7.4485938726711, 'NONE', 'NONE', 'NONE', 0
'FWD_TP_COMM_INTRA_0', 'Comm', 1033.513715724452, 1033.5172948688653, 0.0035791444133333335, 51539607552.0, 'P2P', 'TP', 'INTRA', 4, 2, 3
'FWD_TP_COMM_INTRA_1', 'Comm', 1033.513715724452, 1033.5172948688653, 0.0035791444133333335, 51539607552.0, 'P2P', 'TP', 'INTRA', 4, 2, 3
'FWD_TP_COMM_INTRA_2', 'Comm', 1033.513715724452, 1033.5172948688653, 0.0035791444133333335, 51539607552.0, 'P2P', 'TP', 'INTRA', 4, 2, 3
'FWD_TP_COMM_INTRA_3', 'Comm', 1033.513715724452, 1033.5172948688653, 0.0035791444133333335, 51539607552.0, 'P2P', 'TP', 'INTRA', 4, 2, 3
'FWD_TP_COMM_INTRA_4', 'Comm', 1033.513715724452, 1033.5172948688653, 0.0035791444133333335, 51539607552.0, 'P2P', 'TP', 'INTRA', 4, 2, 3
'FWD_TP_COMM_INTRA_5', 'Comm', 1033.513715724452, 1033.5172948688653, 0.0035791444133333335, 51539607552.0, 'P2P', 'TP', 'INTRA', 4, 2, 3
'FWD_MHA', 'Compute', 1033.535190590932, 1059.3834918430728, 25.84830125214084, 'NONE', 'NONE', 'NONE', 0
'FWD_TP_COMM_INTRA_0', 'Comm', 1059.3834918430728, 1059.3870709874861, 0.0035791444133333335, 51539607552.0, 'P2P', 'TP', 'INTRA', 4, 2, 3
'FWD_TP_COMM_INTRA_1', 'Comm', 1059.3834918430728, 1059.3870709874861, 0.0035791444133333335, 51539607552.0, 'P2P', 'TP', 'INTRA', 4, 2, 3
'FWD_TP_COMM_INTRA_2', 'Comm', 1059.3834918430728, 1059.3870709874861, 0.0035791444133333335, 51539607552.0, 'P2P', 'TP', 'INTRA', 4, 2, 3
'FWD_TP_COMM_INTRA_3', 'Comm', 1059.3834918430728, 1059.3870709874861, 0.0035791444133333335, 51539607552.0, 'P2P', 'TP', 'INTRA', 4, 2, 3
'FWD_TP_COMM_INTRA_4', 'Comm', 1059.3834918430728, 1059.3870709874861, 0.0035791444133333335, 51539607552.0, 'P2P', 'TP', 'INTRA', 4, 2, 3
'FWD_TP_COMM_INTRA_5', 'Comm', 1059.3834918430728, 1059.3870709874861, 0.0035791444133333335, 51539607552.0, 'P2P', 'TP', 'INTRA', 4, 2, 3
'FWD_FFN', 'Compute', 1059.4049667095528, 1066.853560582224, 7.4485938726711, 'NONE', 'NONE', 'NONE', 0
'FWD_TP_COMM_INTRA_0', 'Comm', 1066.853560582224, 1066.8571397266373, 0.0035791444133333335, 51539607552.0, 'P2P', 'TP', 'INTRA', 4, 2, 3
'FWD_TP_COMM_INTRA_1', 'Comm', 1066.853560582224, 1066.8571397266373, 0.0035791444133333335, 51539607552.0, 'P2P', 'TP', 'INTRA', 4, 2, 3
'FWD_TP_COMM_INTRA_2', 'Comm', 1066.853560582224, 1066.8571397266373, 0.0035791444133333335, 51539607552.0, 'P2P', 'TP', 'INTRA', 4, 2, 3
'FWD_TP_COMM_INTRA_3', 'Comm', 1066.853560582224, 1066.8571397266373, 0.0035791444133333335, 51539607552.0, 'P2P', 'TP', 'INTRA', 4, 2, 3
'FWD_TP_COMM_INTRA_4', 'Comm', 1066.853560582224, 1066.8571397266373, 0.0035791444133333335, 51539607552.0, 'P2P', 'TP', 'INTRA', 4, 2, 3
'FWD_TP_COMM_INTRA_5', 'Comm', 1066.853560582224, 1066.8571397266373, 0.0035791444133333335, 51539607552.0, 'P2P', 'TP', 'INTRA', 4, 2, 3
'FWD_MHA', 'Compute', 1066.875035448704, 1092.7233367008448, 25.84830125214084, 'NONE', 'NONE', 'NONE', 0
'FWD_TP_COMM_INTRA_0', 'Comm', 1092.7233367008448, 1092.7269158452582, 0.0035791444133333335, 51539607552.0, 'P2P', 'TP', 'INTRA', 4, 2, 3
'FWD_TP_COMM_INTRA_1', 'Comm', 1092.7233367008448, 1092.7269158452582, 0.0035791444133333335, 51539607552.0, 'P2P', 'TP', 'INTRA', 4, 2, 3
'FWD_TP_COMM_INTRA_2', 'Comm', 1092.7233367008448, 1092.7269158452582, 0.0035791444133333335, 51539607552.0, 'P2P', 'TP', 'INTRA', 4, 2, 3
'FWD_TP_COMM_INTRA_3', 'Comm', 1092.7233367008448, 1092.7269158452582, 0.0035791444133333335, 51539607552.0, 'P2P', 'TP', 'INTRA', 4, 2, 3
'FWD_TP_COMM_INTRA_4', 'Comm', 1092.7233367008448, 1092.7269158452582, 0.0035791444133333335, 51539607552.0, 'P2P', 'TP', 'INTRA', 4, 2, 3
'FWD_TP_COMM_INTRA_5', 'Comm', 1092.7233367008448, 1092.7269158452582, 0.0035791444133333335, 51539607552.0, 'P2P', 'TP', 'INTRA', 4, 2, 3
'FWD_FFN', 'Compute', 1092.7448115673249, 1100.193405439996, 7.4485938726711, 'NONE', 'NONE', 'NONE', 0
'FWD_TP_COMM_INTRA_0', 'Comm', 1100.193405439996, 1100.1969845844094, 0.0035791444133333335, 51539607552.0, 'P2P', 'TP', 'INTRA', 4, 2, 3
'FWD_TP_COMM_INTRA_1', 'Comm', 1100.193405439996, 1100.1969845844094, 0.0035791444133333335, 51539607552.0, 'P2P', 'TP', 'INTRA', 4, 2, 3
'FWD_TP_COMM_INTRA_2', 'Comm', 1100.193405439996, 1100.1969845844094, 0.0035791444133333335, 51539607552.0, 'P2P', 'TP', 'INTRA', 4, 2, 3
'FWD_TP_COMM_INTRA_3', 'Comm', 1100.193405439996, 1100.1969845844094, 0.0035791444133333335, 51539607552.0, 'P2P', 'TP', 'INTRA', 4, 2, 3
'FWD_TP_COMM_INTRA_4', 'Comm', 1100.193405439996, 1100.1969845844094, 0.0035791444133333335, 51539607552.0, 'P2P', 'TP', 'INTRA', 4, 2, 3
'FWD_TP_COMM_INTRA_5', 'Comm', 1100.193405439996, 1100.1969845844094, 0.0035791444133333335, 51539607552.0, 'P2P', 'TP', 'INTRA', 4, 2, 3
'FWD_MHA', 'Compute', 1100.214880306476, 1126.0631815586169, 25.84830125214084, 'NONE', 'NONE', 'NONE', 0
'FWD_TP_COMM_INTRA_0', 'Comm', 1126.0631815586169, 1126.0667607030302, 0.0035791444133333335, 51539607552.0, 'P2P', 'TP', 'INTRA', 4, 2, 3
'FWD_TP_COMM_INTRA_1', 'Comm', 1126.0631815586169, 1126.0667607030302, 0.0035791444133333335, 51539607552.0, 'P2P', 'TP', 'INTRA', 4, 2, 3
'FWD_TP_COMM_INTRA_2', 'Comm', 1126.0631815586169, 1126.0667607030302, 0.0035791444133333335, 51539607552.0, 'P2P', 'TP', 'INTRA', 4, 2, 3
'FWD_TP_COMM_INTRA_3', 'Comm', 1126.0631815586169, 1126.0667607030302, 0.0035791444133333335, 51539607552.0, 'P2P', 'TP', 'INTRA', 4, 2, 3
'FWD_TP_COMM_INTRA_4', 'Comm', 1126.0631815586169, 1126.0667607030302, 0.0035791444133333335, 51539607552.0, 'P2P', 'TP', 'INTRA', 4, 2, 3
'FWD_TP_COMM_INTRA_5', 'Comm', 1126.0631815586169, 1126.0667607030302, 0.0035791444133333335, 51539607552.0, 'P2P', 'TP', 'INTRA', 4, 2, 3
'FWD_FFN', 'Compute', 1126.084656425097, 1133.533250297768, 7.4485938726711, 'NONE', 'NONE', 'NONE', 0
'FWD_TP_COMM_INTRA_0', 'Comm', 1133.533250297768, 1133.5368294421814, 0.0035791444133333335, 51539607552.0, 'P2P', 'TP', 'INTRA', 4, 2, 3
'FWD_TP_COMM_INTRA_1', 'Comm', 1133.533250297768, 1133.5368294421814, 0.0035791444133333335, 51539607552.0, 'P2P', 'TP', 'INTRA', 4, 2, 3
'FWD_TP_COMM_INTRA_2', 'Comm', 1133.533250297768, 1133.5368294421814, 0.0035791444133333335, 51539607552.0, 'P2P', 'TP', 'INTRA', 4, 2, 3
'FWD_TP_COMM_INTRA_3', 'Comm', 1133.533250297768, 1133.5368294421814, 0.0035791444133333335, 51539607552.0, 'P2P', 'TP', 'INTRA', 4, 2, 3
'FWD_TP_COMM_INTRA_4', 'Comm', 1133.533250297768, 1133.5368294421814, 0.0035791444133333335, 51539607552.0, 'P2P', 'TP', 'INTRA', 4, 2, 3
'FWD_TP_COMM_INTRA_5', 'Comm', 1133.533250297768, 1133.5368294421814, 0.0035791444133333335, 51539607552.0, 'P2P', 'TP', 'INTRA', 4, 2, 3
'FWD_MHA', 'Compute', 1133.554725164248, 1159.403026416389, 25.84830125214084, 'NONE', 'NONE', 'NONE', 0
'FWD_TP_COMM_INTRA_0', 'Comm', 1159.403026416389, 1159.4066055608023, 0.0035791444133333335, 51539607552.0, 'P2P', 'TP', 'INTRA', 4, 2, 3
'FWD_TP_COMM_INTRA_1', 'Comm', 1159.403026416389, 1159.4066055608023, 0.0035791444133333335, 51539607552.0, 'P2P', 'TP', 'INTRA', 4, 2, 3
'FWD_TP_COMM_INTRA_2', 'Comm', 1159.403026416389, 1159.4066055608023, 0.0035791444133333335, 51539607552.0, 'P2P', 'TP', 'INTRA', 4, 2, 3
'FWD_TP_COMM_INTRA_3', 'Comm', 1159.403026416389, 1159.4066055608023, 0.0035791444133333335, 51539607552.0, 'P2P', 'TP', 'INTRA', 4, 2, 3
'FWD_TP_COMM_INTRA_4', 'Comm', 1159.403026416389, 1159.4066055608023, 0.0035791444133333335, 51539607552.0, 'P2P', 'TP', 'INTRA', 4, 2, 3
'FWD_TP_COMM_INTRA_5', 'Comm', 1159.403026416389, 1159.4066055608023, 0.0035791444133333335, 51539607552.0, 'P2P', 'TP', 'INTRA', 4, 2, 3
'FWD_FFN', 'Compute', 1159.424501282869, 1166.87309515554, 7.4485938726711, 'NONE', 'NONE', 'NONE', 0
'FWD_TP_COMM_INTRA_0', 'Comm', 1166.87309515554, 1166.8766742999535, 0.0035791444133333335, 51539607552.0, 'P2P', 'TP', 'INTRA', 4, 2, 3
'FWD_TP_COMM_INTRA_1', 'Comm', 1166.87309515554, 1166.8766742999535, 0.0035791444133333335, 51539607552.0, 'P2P', 'TP', 'INTRA', 4, 2, 3
'FWD_TP_COMM_INTRA_2', 'Comm', 1166.87309515554, 1166.8766742999535, 0.0035791444133333335, 51539607552.0, 'P2P', 'TP', 'INTRA', 4, 2, 3
'FWD_TP_COMM_INTRA_3', 'Comm', 1166.87309515554, 1166.8766742999535, 0.0035791444133333335, 51539607552.0, 'P2P', 'TP', 'INTRA', 4, 2, 3
'FWD_TP_COMM_INTRA_4', 'Comm', 1166.87309515554, 1166.8766742999535, 0.0035791444133333335, 51539607552.0, 'P2P', 'TP', 'INTRA', 4, 2, 3
'FWD_TP_COMM_INTRA_5', 'Comm', 1166.87309515554, 1166.8766742999535, 0.0035791444133333335, 51539607552.0, 'P2P', 'TP', 'INTRA', 4, 2, 3
'FWD_MHA', 'Compute', 1166.8945700220202, 1192.742871274161, 25.84830125214084, 'NONE', 'NONE', 'NONE', 0
'FWD_TP_COMM_INTRA_0', 'Comm', 1192.742871274161, 1192.7464504185743, 0.0035791444133333335, 51539607552.0, 'P2P', 'TP', 'INTRA', 4, 2, 3
'FWD_TP_COMM_INTRA_1', 'Comm', 1192.742871274161, 1192.7464504185743, 0.0035791444133333335, 51539607552.0, 'P2P', 'TP', 'INTRA', 4, 2, 3
'FWD_TP_COMM_INTRA_2', 'Comm', 1192.742871274161, 1192.7464504185743, 0.0035791444133333335, 51539607552.0, 'P2P', 'TP', 'INTRA', 4, 2, 3
'FWD_TP_COMM_INTRA_3', 'Comm', 1192.742871274161, 1192.7464504185743, 0.0035791444133333335, 51539607552.0, 'P2P', 'TP', 'INTRA', 4, 2, 3
'FWD_TP_COMM_INTRA_4', 'Comm', 1192.742871274161, 1192.7464504185743, 0.0035791444133333335, 51539607552.0, 'P2P', 'TP', 'INTRA', 4, 2, 3
'FWD_TP_COMM_INTRA_5', 'Comm', 1192.742871274161, 1192.7464504185743, 0.0035791444133333335, 51539607552.0, 'P2P', 'TP', 'INTRA', 4, 2, 3
'FWD_FFN', 'Compute', 1192.764346140641, 1200.2129400133122, 7.4485938726711, 'NONE', 'NONE', 'NONE', 0
'FWD_TP_COMM_INTRA_0', 'Comm', 1200.2129400133122, 1200.2165191577255, 0.0035791444133333335, 51539607552.0, 'P2P', 'TP', 'INTRA', 4, 2, 3
'FWD_TP_COMM_INTRA_1', 'Comm', 1200.2129400133122, 1200.2165191577255, 0.0035791444133333335, 51539607552.0, 'P2P', 'TP', 'INTRA', 4, 2, 3
'FWD_TP_COMM_INTRA_2', 'Comm', 1200.2129400133122, 1200.2165191577255, 0.0035791444133333335, 51539607552.0, 'P2P', 'TP', 'INTRA', 4, 2, 3
'FWD_TP_COMM_INTRA_3', 'Comm', 1200.2129400133122, 1200.2165191577255, 0.0035791444133333335, 51539607552.0, 'P2P', 'TP', 'INTRA', 4, 2, 3
'FWD_TP_COMM_INTRA_4', 'Comm', 1200.2129400133122, 1200.2165191577255, 0.0035791444133333335, 51539607552.0, 'P2P', 'TP', 'INTRA', 4, 2, 3
'FWD_TP_COMM_INTRA_5', 'Comm', 1200.2129400133122, 1200.2165191577255, 0.0035791444133333335, 51539607552.0, 'P2P', 'TP', 'INTRA', 4, 2, 3
'FWD_MHA', 'Compute', 1200.2344148797922, 1226.082716131933, 25.84830125214084, 'NONE', 'NONE', 'NONE', 0
'FWD_TP_COMM_INTRA_0', 'Comm', 1226.082716131933, 1226.0862952763464, 0.0035791444133333335, 51539607552.0, 'P2P', 'TP', 'INTRA', 4, 2, 3
'FWD_TP_COMM_INTRA_1', 'Comm', 1226.082716131933, 1226.0862952763464, 0.0035791444133333335, 51539607552.0, 'P2P', 'TP', 'INTRA', 4, 2, 3
'FWD_TP_COMM_INTRA_2', 'Comm', 1226.082716131933, 1226.0862952763464, 0.0035791444133333335, 51539607552.0, 'P2P', 'TP', 'INTRA', 4, 2, 3
'FWD_TP_COMM_INTRA_3', 'Comm', 1226.082716131933, 1226.0862952763464, 0.0035791444133333335, 51539607552.0, 'P2P', 'TP', 'INTRA', 4, 2, 3
'FWD_TP_COMM_INTRA_4', 'Comm', 1226.082716131933, 1226.0862952763464, 0.0035791444133333335, 51539607552.0, 'P2P', 'TP', 'INTRA', 4, 2, 3
'FWD_TP_COMM_INTRA_5', 'Comm', 1226.082716131933, 1226.0862952763464, 0.0035791444133333335, 51539607552.0, 'P2P', 'TP', 'INTRA', 4, 2, 3
'FWD_FFN', 'Compute', 1226.104190998413, 1233.5527848710842, 7.4485938726711, 'NONE', 'NONE', 'NONE', 0
'FWD_TP_COMM_INTRA_0', 'Comm', 1233.5527848710842, 1233.5563640154976, 0.0035791444133333335, 51539607552.0, 'P2P', 'TP', 'INTRA', 4, 2, 3
'FWD_TP_COMM_INTRA_1', 'Comm', 1233.5527848710842, 1233.5563640154976, 0.0035791444133333335, 51539607552.0, 'P2P', 'TP', 'INTRA', 4, 2, 3
'FWD_TP_COMM_INTRA_2', 'Comm', 1233.5527848710842, 1233.5563640154976, 0.0035791444133333335, 51539607552.0, 'P2P', 'TP', 'INTRA', 4, 2, 3
'FWD_TP_COMM_INTRA_3', 'Comm', 1233.5527848710842, 1233.5563640154976, 0.0035791444133333335, 51539607552.0, 'P2P', 'TP', 'INTRA', 4, 2, 3
'FWD_TP_COMM_INTRA_4', 'Comm', 1233.5527848710842, 1233.5563640154976, 0.0035791444133333335, 51539607552.0, 'P2P', 'TP', 'INTRA', 4, 2, 3
'FWD_TP_COMM_INTRA_5', 'Comm', 1233.5527848710842, 1233.5563640154976, 0.0035791444133333335, 51539607552.0, 'P2P', 'TP', 'INTRA', 4, 2, 3
'FWD_MHA', 'Compute', 1233.5742597375643, 1259.422560989705, 25.84830125214084, 'NONE', 'NONE', 'NONE', 0
'FWD_TP_COMM_INTRA_0', 'Comm', 1259.422560989705, 1259.4261401341184, 0.0035791444133333335, 51539607552.0, 'P2P', 'TP', 'INTRA', 4, 2, 3
'FWD_TP_COMM_INTRA_1', 'Comm', 1259.422560989705, 1259.4261401341184, 0.0035791444133333335, 51539607552.0, 'P2P', 'TP', 'INTRA', 4, 2, 3
'FWD_TP_COMM_INTRA_2', 'Comm', 1259.422560989705, 1259.4261401341184, 0.0035791444133333335, 51539607552.0, 'P2P', 'TP', 'INTRA', 4, 2, 3
'FWD_TP_COMM_INTRA_3', 'Comm', 1259.422560989705, 1259.4261401341184, 0.0035791444133333335, 51539607552.0, 'P2P', 'TP', 'INTRA', 4, 2, 3
'FWD_TP_COMM_INTRA_4', 'Comm', 1259.422560989705, 1259.4261401341184, 0.0035791444133333335, 51539607552.0, 'P2P', 'TP', 'INTRA', 4, 2, 3
'FWD_TP_COMM_INTRA_5', 'Comm', 1259.422560989705, 1259.4261401341184, 0.0035791444133333335, 51539607552.0, 'P2P', 'TP', 'INTRA', 4, 2, 3
'FWD_FFN', 'Compute', 1259.444035856185, 1266.8926297288563, 7.4485938726711, 'NONE', 'NONE', 'NONE', 0
'FWD_TP_COMM_INTRA_0', 'Comm', 1266.8926297288563, 1266.8962088732696, 0.0035791444133333335, 51539607552.0, 'P2P', 'TP', 'INTRA', 4, 2, 3
'FWD_TP_COMM_INTRA_1', 'Comm', 1266.8926297288563, 1266.8962088732696, 0.0035791444133333335, 51539607552.0, 'P2P', 'TP', 'INTRA', 4, 2, 3
'FWD_TP_COMM_INTRA_2', 'Comm', 1266.8926297288563, 1266.8962088732696, 0.0035791444133333335, 51539607552.0, 'P2P', 'TP', 'INTRA', 4, 2, 3
'FWD_TP_COMM_INTRA_3', 'Comm', 1266.8926297288563, 1266.8962088732696, 0.0035791444133333335, 51539607552.0, 'P2P', 'TP', 'INTRA', 4, 2, 3
'FWD_TP_COMM_INTRA_4', 'Comm', 1266.8926297288563, 1266.8962088732696, 0.0035791444133333335, 51539607552.0, 'P2P', 'TP', 'INTRA', 4, 2, 3
'FWD_TP_COMM_INTRA_5', 'Comm', 1266.8926297288563, 1266.8962088732696, 0.0035791444133333335, 51539607552.0, 'P2P', 'TP', 'INTRA', 4, 2, 3
'FWD_MHA', 'Compute', 1266.9141045953363, 1292.762405847477, 25.84830125214084, 'NONE', 'NONE', 'NONE', 0
'FWD_TP_COMM_INTRA_0', 'Comm', 1292.762405847477, 1292.7659849918905, 0.0035791444133333335, 51539607552.0, 'P2P', 'TP', 'INTRA', 4, 2, 3
'FWD_TP_COMM_INTRA_1', 'Comm', 1292.762405847477, 1292.7659849918905, 0.0035791444133333335, 51539607552.0, 'P2P', 'TP', 'INTRA', 4, 2, 3
'FWD_TP_COMM_INTRA_2', 'Comm', 1292.762405847477, 1292.7659849918905, 0.0035791444133333335, 51539607552.0, 'P2P', 'TP', 'INTRA', 4, 2, 3
'FWD_TP_COMM_INTRA_3', 'Comm', 1292.762405847477, 1292.7659849918905, 0.0035791444133333335, 51539607552.0, 'P2P', 'TP', 'INTRA', 4, 2, 3
'FWD_TP_COMM_INTRA_4', 'Comm', 1292.762405847477, 1292.7659849918905, 0.0035791444133333335, 51539607552.0, 'P2P', 'TP', 'INTRA', 4, 2, 3
'FWD_TP_COMM_INTRA_5', 'Comm', 1292.762405847477, 1292.7659849918905, 0.0035791444133333335, 51539607552.0, 'P2P', 'TP', 'INTRA', 4, 2, 3
'FWD_FFN', 'Compute', 1292.7838807139572, 1300.2324745866283, 7.4485938726711, 'NONE', 'NONE', 'NONE', 0
'FWD_TP_COMM_INTRA_0', 'Comm', 1300.2324745866283, 1300.2360537310417, 0.0035791444133333335, 51539607552.0, 'P2P', 'TP', 'INTRA', 4, 2, 3
'FWD_TP_COMM_INTRA_1', 'Comm', 1300.2324745866283, 1300.2360537310417, 0.0035791444133333335, 51539607552.0, 'P2P', 'TP', 'INTRA', 4, 2, 3
'FWD_TP_COMM_INTRA_2', 'Comm', 1300.2324745866283, 1300.2360537310417, 0.0035791444133333335, 51539607552.0, 'P2P', 'TP', 'INTRA', 4, 2, 3
'FWD_TP_COMM_INTRA_3', 'Comm', 1300.2324745866283, 1300.2360537310417, 0.0035791444133333335, 51539607552.0, 'P2P', 'TP', 'INTRA', 4, 2, 3
'FWD_TP_COMM_INTRA_4', 'Comm', 1300.2324745866283, 1300.2360537310417, 0.0035791444133333335, 51539607552.0, 'P2P', 'TP', 'INTRA', 4, 2, 3
'FWD_TP_COMM_INTRA_5', 'Comm', 1300.2324745866283, 1300.2360537310417, 0.0035791444133333335, 51539607552.0, 'P2P', 'TP', 'INTRA', 4, 2, 3
'FWD_MHA', 'Compute', 1300.2539494531084, 1326.1022507052492, 25.84830125214084, 'NONE', 'NONE', 'NONE', 0
'FWD_TP_COMM_INTRA_0', 'Comm', 1326.1022507052492, 1326.1058298496625, 0.0035791444133333335, 51539607552.0, 'P2P', 'TP', 'INTRA', 4, 2, 3
'FWD_TP_COMM_INTRA_1', 'Comm', 1326.1022507052492, 1326.1058298496625, 0.0035791444133333335, 51539607552.0, 'P2P', 'TP', 'INTRA', 4, 2, 3
'FWD_TP_COMM_INTRA_2', 'Comm', 1326.1022507052492, 1326.1058298496625, 0.0035791444133333335, 51539607552.0, 'P2P', 'TP', 'INTRA', 4, 2, 3
'FWD_TP_COMM_INTRA_3', 'Comm', 1326.1022507052492, 1326.1058298496625, 0.0035791444133333335, 51539607552.0, 'P2P', 'TP', 'INTRA', 4, 2, 3
'FWD_TP_COMM_INTRA_4', 'Comm', 1326.1022507052492, 1326.1058298496625, 0.0035791444133333335, 51539607552.0, 'P2P', 'TP', 'INTRA', 4, 2, 3
'FWD_TP_COMM_INTRA_5', 'Comm', 1326.1022507052492, 1326.1058298496625, 0.0035791444133333335, 51539607552.0, 'P2P', 'TP', 'INTRA', 4, 2, 3
'FWD_FFN', 'Compute', 1326.1237255717292, 1333.5723194444004, 7.4485938726711, 'NONE', 'NONE', 'NONE', 0
'FWD_TP_COMM_INTRA_0', 'Comm', 1333.5723194444004, 1333.5758985888137, 0.0035791444133333335, 51539607552.0, 'P2P', 'TP', 'INTRA', 4, 2, 3
'FWD_TP_COMM_INTRA_1', 'Comm', 1333.5723194444004, 1333.5758985888137, 0.0035791444133333335, 51539607552.0, 'P2P', 'TP', 'INTRA', 4, 2, 3
'FWD_TP_COMM_INTRA_2', 'Comm', 1333.5723194444004, 1333.5758985888137, 0.0035791444133333335, 51539607552.0, 'P2P', 'TP', 'INTRA', 4, 2, 3
'FWD_TP_COMM_INTRA_3', 'Comm', 1333.5723194444004, 1333.5758985888137, 0.0035791444133333335, 51539607552.0, 'P2P', 'TP', 'INTRA', 4, 2, 3
'FWD_TP_COMM_INTRA_4', 'Comm', 1333.5723194444004, 1333.5758985888137, 0.0035791444133333335, 51539607552.0, 'P2P', 'TP', 'INTRA', 4, 2, 3
'FWD_TP_COMM_INTRA_5', 'Comm', 1333.5723194444004, 1333.5758985888137, 0.0035791444133333335, 51539607552.0, 'P2P', 'TP', 'INTRA', 4, 2, 3
'FWD_MHA', 'Compute', 1333.5937943108804, 1359.4420955630212, 25.84830125214084, 'NONE', 'NONE', 'NONE', 0
'FWD_TP_COMM_INTRA_0', 'Comm', 1359.4420955630212, 1359.4456747074346, 0.0035791444133333335, 51539607552.0, 'P2P', 'TP', 'INTRA', 4, 2, 3
'FWD_TP_COMM_INTRA_1', 'Comm', 1359.4420955630212, 1359.4456747074346, 0.0035791444133333335, 51539607552.0, 'P2P', 'TP', 'INTRA', 4, 2, 3
'FWD_TP_COMM_INTRA_2', 'Comm', 1359.4420955630212, 1359.4456747074346, 0.0035791444133333335, 51539607552.0, 'P2P', 'TP', 'INTRA', 4, 2, 3
'FWD_TP_COMM_INTRA_3', 'Comm', 1359.4420955630212, 1359.4456747074346, 0.0035791444133333335, 51539607552.0, 'P2P', 'TP', 'INTRA', 4, 2, 3
'FWD_TP_COMM_INTRA_4', 'Comm', 1359.4420955630212, 1359.4456747074346, 0.0035791444133333335, 51539607552.0, 'P2P', 'TP', 'INTRA', 4, 2, 3
'FWD_TP_COMM_INTRA_5', 'Comm', 1359.4420955630212, 1359.4456747074346, 0.0035791444133333335, 51539607552.0, 'P2P', 'TP', 'INTRA', 4, 2, 3
'FWD_FFN', 'Compute', 1359.4635704295013, 1366.9121643021724, 7.4485938726711, 'NONE', 'NONE', 'NONE', 0
'FWD_TP_COMM_INTRA_0', 'Comm', 1366.9121643021724, 1366.9157434465858, 0.0035791444133333335, 51539607552.0, 'P2P', 'TP', 'INTRA', 4, 2, 3
'FWD_TP_COMM_INTRA_1', 'Comm', 1366.9121643021724, 1366.9157434465858, 0.0035791444133333335, 51539607552.0, 'P2P', 'TP', 'INTRA', 4, 2, 3
'FWD_TP_COMM_INTRA_2', 'Comm', 1366.9121643021724, 1366.9157434465858, 0.0035791444133333335, 51539607552.0, 'P2P', 'TP', 'INTRA', 4, 2, 3
'FWD_TP_COMM_INTRA_3', 'Comm', 1366.9121643021724, 1366.9157434465858, 0.0035791444133333335, 51539607552.0, 'P2P', 'TP', 'INTRA', 4, 2, 3
'FWD_TP_COMM_INTRA_4', 'Comm', 1366.9121643021724, 1366.9157434465858, 0.0035791444133333335, 51539607552.0, 'P2P', 'TP', 'INTRA', 4, 2, 3
'FWD_TP_COMM_INTRA_5', 'Comm', 1366.9121643021724, 1366.9157434465858, 0.0035791444133333335, 51539607552.0, 'P2P', 'TP', 'INTRA', 4, 2, 3
'FWD_MHA', 'Compute', 1366.9336391686525, 1392.7819404207933, 25.84830125214084, 'NONE', 'NONE', 'NONE', 0
'FWD_TP_COMM_INTRA_0', 'Comm', 1392.7819404207933, 1392.7855195652066, 0.0035791444133333335, 51539607552.0, 'P2P', 'TP', 'INTRA', 4, 2, 3
'FWD_TP_COMM_INTRA_1', 'Comm', 1392.7819404207933, 1392.7855195652066, 0.0035791444133333335, 51539607552.0, 'P2P', 'TP', 'INTRA', 4, 2, 3
'FWD_TP_COMM_INTRA_2', 'Comm', 1392.7819404207933, 1392.7855195652066, 0.0035791444133333335, 51539607552.0, 'P2P', 'TP', 'INTRA', 4, 2, 3
'FWD_TP_COMM_INTRA_3', 'Comm', 1392.7819404207933, 1392.7855195652066, 0.0035791444133333335, 51539607552.0, 'P2P', 'TP', 'INTRA', 4, 2, 3
'FWD_TP_COMM_INTRA_4', 'Comm', 1392.7819404207933, 1392.7855195652066, 0.0035791444133333335, 51539607552.0, 'P2P', 'TP', 'INTRA', 4, 2, 3
'FWD_TP_COMM_INTRA_5', 'Comm', 1392.7819404207933, 1392.7855195652066, 0.0035791444133333335, 51539607552.0, 'P2P', 'TP', 'INTRA', 4, 2, 3
'FWD_FFN', 'Compute', 1392.8034152872733, 1400.2520091599445, 7.4485938726711, 'NONE', 'NONE', 'NONE', 0
'FWD_TP_COMM_INTRA_0', 'Comm', 1400.2520091599445, 1400.2555883043578, 0.0035791444133333335, 51539607552.0, 'P2P', 'TP', 'INTRA', 4, 2, 3
'FWD_TP_COMM_INTRA_1', 'Comm', 1400.2520091599445, 1400.2555883043578, 0.0035791444133333335, 51539607552.0, 'P2P', 'TP', 'INTRA', 4, 2, 3
'FWD_TP_COMM_INTRA_2', 'Comm', 1400.2520091599445, 1400.2555883043578, 0.0035791444133333335, 51539607552.0, 'P2P', 'TP', 'INTRA', 4, 2, 3
'FWD_TP_COMM_INTRA_3', 'Comm', 1400.2520091599445, 1400.2555883043578, 0.0035791444133333335, 51539607552.0, 'P2P', 'TP', 'INTRA', 4, 2, 3
'FWD_TP_COMM_INTRA_4', 'Comm', 1400.2520091599445, 1400.2555883043578, 0.0035791444133333335, 51539607552.0, 'P2P', 'TP', 'INTRA', 4, 2, 3
'FWD_TP_COMM_INTRA_5', 'Comm', 1400.2520091599445, 1400.2555883043578, 0.0035791444133333335, 51539607552.0, 'P2P', 'TP', 'INTRA', 4, 2, 3
'FWD_MHA', 'Compute', 1400.2734840264245, 1426.1217852785653, 25.84830125214084, 'NONE', 'NONE', 'NONE', 0
'FWD_TP_COMM_INTRA_0', 'Comm', 1426.1217852785653, 1426.1253644229787, 0.0035791444133333335, 51539607552.0, 'P2P', 'TP', 'INTRA', 4, 2, 3
'FWD_TP_COMM_INTRA_1', 'Comm', 1426.1217852785653, 1426.1253644229787, 0.0035791444133333335, 51539607552.0, 'P2P', 'TP', 'INTRA', 4, 2, 3
'FWD_TP_COMM_INTRA_2', 'Comm', 1426.1217852785653, 1426.1253644229787, 0.0035791444133333335, 51539607552.0, 'P2P', 'TP', 'INTRA', 4, 2, 3
'FWD_TP_COMM_INTRA_3', 'Comm', 1426.1217852785653, 1426.1253644229787, 0.0035791444133333335, 51539607552.0, 'P2P', 'TP', 'INTRA', 4, 2, 3
'FWD_TP_COMM_INTRA_4', 'Comm', 1426.1217852785653, 1426.1253644229787, 0.0035791444133333335, 51539607552.0, 'P2P', 'TP', 'INTRA', 4, 2, 3
'FWD_TP_COMM_INTRA_5', 'Comm', 1426.1217852785653, 1426.1253644229787, 0.0035791444133333335, 51539607552.0, 'P2P', 'TP', 'INTRA', 4, 2, 3
'FWD_FFN', 'Compute', 1426.1432601450454, 1433.5918540177165, 7.4485938726711, 'NONE', 'NONE', 'NONE', 0
'FWD_TP_COMM_INTRA_0', 'Comm', 1433.5918540177165, 1433.59543316213, 0.0035791444133333335, 51539607552.0, 'P2P', 'TP', 'INTRA', 4, 2, 3
'FWD_TP_COMM_INTRA_1', 'Comm', 1433.5918540177165, 1433.59543316213, 0.0035791444133333335, 51539607552.0, 'P2P', 'TP', 'INTRA', 4, 2, 3
'FWD_TP_COMM_INTRA_2', 'Comm', 1433.5918540177165, 1433.59543316213, 0.0035791444133333335, 51539607552.0, 'P2P', 'TP', 'INTRA', 4, 2, 3
'FWD_TP_COMM_INTRA_3', 'Comm', 1433.5918540177165, 1433.59543316213, 0.0035791444133333335, 51539607552.0, 'P2P', 'TP', 'INTRA', 4, 2, 3
'FWD_TP_COMM_INTRA_4', 'Comm', 1433.5918540177165, 1433.59543316213, 0.0035791444133333335, 51539607552.0, 'P2P', 'TP', 'INTRA', 4, 2, 3
'FWD_TP_COMM_INTRA_5', 'Comm', 1433.5918540177165, 1433.59543316213, 0.0035791444133333335, 51539607552.0, 'P2P', 'TP', 'INTRA', 4, 2, 3
'FWD_MHA', 'Compute', 1433.6133288841966, 1459.4616301363374, 25.84830125214084, 'NONE', 'NONE', 'NONE', 0
'FWD_TP_COMM_INTRA_0', 'Comm', 1459.4616301363374, 1459.4652092807507, 0.0035791444133333335, 51539607552.0, 'P2P', 'TP', 'INTRA', 4, 2, 3
'FWD_TP_COMM_INTRA_1', 'Comm', 1459.4616301363374, 1459.4652092807507, 0.0035791444133333335, 51539607552.0, 'P2P', 'TP', 'INTRA', 4, 2, 3
'FWD_TP_COMM_INTRA_2', 'Comm', 1459.4616301363374, 1459.4652092807507, 0.0035791444133333335, 51539607552.0, 'P2P', 'TP', 'INTRA', 4, 2, 3
'FWD_TP_COMM_INTRA_3', 'Comm', 1459.4616301363374, 1459.4652092807507, 0.0035791444133333335, 51539607552.0, 'P2P', 'TP', 'INTRA', 4, 2, 3
'FWD_TP_COMM_INTRA_4', 'Comm', 1459.4616301363374, 1459.4652092807507, 0.0035791444133333335, 51539607552.0, 'P2P', 'TP', 'INTRA', 4, 2, 3
'FWD_TP_COMM_INTRA_5', 'Comm', 1459.4616301363374, 1459.4652092807507, 0.0035791444133333335, 51539607552.0, 'P2P', 'TP', 'INTRA', 4, 2, 3
'FWD_FFN', 'Compute', 1459.4831050028174, 1466.9316988754886, 7.4485938726711, 'NONE', 'NONE', 'NONE', 0
'FWD_TP_COMM_INTRA_0', 'Comm', 1466.9316988754886, 1466.935278019902, 0.0035791444133333335, 51539607552.0, 'P2P', 'TP', 'INTRA', 4, 2, 3
'FWD_TP_COMM_INTRA_1', 'Comm', 1466.9316988754886, 1466.935278019902, 0.0035791444133333335, 51539607552.0, 'P2P', 'TP', 'INTRA', 4, 2, 3
'FWD_TP_COMM_INTRA_2', 'Comm', 1466.9316988754886, 1466.935278019902, 0.0035791444133333335, 51539607552.0, 'P2P', 'TP', 'INTRA', 4, 2, 3
'FWD_TP_COMM_INTRA_3', 'Comm', 1466.9316988754886, 1466.935278019902, 0.0035791444133333335, 51539607552.0, 'P2P', 'TP', 'INTRA', 4, 2, 3
'FWD_TP_COMM_INTRA_4', 'Comm', 1466.9316988754886, 1466.935278019902, 0.0035791444133333335, 51539607552.0, 'P2P', 'TP', 'INTRA', 4, 2, 3
'FWD_TP_COMM_INTRA_5', 'Comm', 1466.9316988754886, 1466.935278019902, 0.0035791444133333335, 51539607552.0, 'P2P', 'TP', 'INTRA', 4, 2, 3
'FWD_MHA', 'Compute', 1466.9531737419686, 1492.8014749941094, 25.84830125214084, 'NONE', 'NONE', 'NONE', 0
'FWD_TP_COMM_INTRA_0', 'Comm', 1492.8014749941094, 1492.8050541385228, 0.0035791444133333335, 51539607552.0, 'P2P', 'TP', 'INTRA', 4, 2, 3
'FWD_TP_COMM_INTRA_1', 'Comm', 1492.8014749941094, 1492.8050541385228, 0.0035791444133333335, 51539607552.0, 'P2P', 'TP', 'INTRA', 4, 2, 3
'FWD_TP_COMM_INTRA_2', 'Comm', 1492.8014749941094, 1492.8050541385228, 0.0035791444133333335, 51539607552.0, 'P2P', 'TP', 'INTRA', 4, 2, 3
'FWD_TP_COMM_INTRA_3', 'Comm', 1492.8014749941094, 1492.8050541385228, 0.0035791444133333335, 51539607552.0, 'P2P', 'TP', 'INTRA', 4, 2, 3
'FWD_TP_COMM_INTRA_4', 'Comm', 1492.8014749941094, 1492.8050541385228, 0.0035791444133333335, 51539607552.0, 'P2P', 'TP', 'INTRA', 4, 2, 3
'FWD_TP_COMM_INTRA_5', 'Comm', 1492.8014749941094, 1492.8050541385228, 0.0035791444133333335, 51539607552.0, 'P2P', 'TP', 'INTRA', 4, 2, 3
'FWD_FFN', 'Compute', 1492.8229498605895, 1500.2715437332606, 7.4485938726711, 'NONE', 'NONE', 'NONE', 0
'FWD_TP_COMM_INTRA_0', 'Comm', 1500.2715437332606, 1500.275122877674, 0.0035791444133333335, 51539607552.0, 'P2P', 'TP', 'INTRA', 4, 2, 3
'FWD_TP_COMM_INTRA_1', 'Comm', 1500.2715437332606, 1500.275122877674, 0.0035791444133333335, 51539607552.0, 'P2P', 'TP', 'INTRA', 4, 2, 3
'FWD_TP_COMM_INTRA_2', 'Comm', 1500.2715437332606, 1500.275122877674, 0.0035791444133333335, 51539607552.0, 'P2P', 'TP', 'INTRA', 4, 2, 3
'FWD_TP_COMM_INTRA_3', 'Comm', 1500.2715437332606, 1500.275122877674, 0.0035791444133333335, 51539607552.0, 'P2P', 'TP', 'INTRA', 4, 2, 3
'FWD_TP_COMM_INTRA_4', 'Comm', 1500.2715437332606, 1500.275122877674, 0.0035791444133333335, 51539607552.0, 'P2P', 'TP', 'INTRA', 4, 2, 3
'FWD_TP_COMM_INTRA_5', 'Comm', 1500.2715437332606, 1500.275122877674, 0.0035791444133333335, 51539607552.0, 'P2P', 'TP', 'INTRA', 4, 2, 3
'FWD_MHA', 'Compute', 1500.2930185997407, 1526.1413198518815, 25.84830125214084, 'NONE', 'NONE', 'NONE', 0
'FWD_TP_COMM_INTRA_0', 'Comm', 1526.1413198518815, 1526.1448989962948, 0.0035791444133333335, 51539607552.0, 'P2P', 'TP', 'INTRA', 4, 2, 3
'FWD_TP_COMM_INTRA_1', 'Comm', 1526.1413198518815, 1526.1448989962948, 0.0035791444133333335, 51539607552.0, 'P2P', 'TP', 'INTRA', 4, 2, 3
'FWD_TP_COMM_INTRA_2', 'Comm', 1526.1413198518815, 1526.1448989962948, 0.0035791444133333335, 51539607552.0, 'P2P', 'TP', 'INTRA', 4, 2, 3
'FWD_TP_COMM_INTRA_3', 'Comm', 1526.1413198518815, 1526.1448989962948, 0.0035791444133333335, 51539607552.0, 'P2P', 'TP', 'INTRA', 4, 2, 3
'FWD_TP_COMM_INTRA_4', 'Comm', 1526.1413198518815, 1526.1448989962948, 0.0035791444133333335, 51539607552.0, 'P2P', 'TP', 'INTRA', 4, 2, 3
'FWD_TP_COMM_INTRA_5', 'Comm', 1526.1413198518815, 1526.1448989962948, 0.0035791444133333335, 51539607552.0, 'P2P', 'TP', 'INTRA', 4, 2, 3
'FWD_FFN', 'Compute', 1526.1627947183615, 1533.6113885910327, 7.4485938726711, 'NONE', 'NONE', 'NONE', 0
'FWD_TP_COMM_INTRA_0', 'Comm', 1533.6113885910327, 1533.614967735446, 0.0035791444133333335, 51539607552.0, 'P2P', 'TP', 'INTRA', 4, 2, 3
'FWD_TP_COMM_INTRA_1', 'Comm', 1533.6113885910327, 1533.614967735446, 0.0035791444133333335, 51539607552.0, 'P2P', 'TP', 'INTRA', 4, 2, 3
'FWD_TP_COMM_INTRA_2', 'Comm', 1533.6113885910327, 1533.614967735446, 0.0035791444133333335, 51539607552.0, 'P2P', 'TP', 'INTRA', 4, 2, 3
'FWD_TP_COMM_INTRA_3', 'Comm', 1533.6113885910327, 1533.614967735446, 0.0035791444133333335, 51539607552.0, 'P2P', 'TP', 'INTRA', 4, 2, 3
'FWD_TP_COMM_INTRA_4', 'Comm', 1533.6113885910327, 1533.614967735446, 0.0035791444133333335, 51539607552.0, 'P2P', 'TP', 'INTRA', 4, 2, 3
'FWD_TP_COMM_INTRA_5', 'Comm', 1533.6113885910327, 1533.614967735446, 0.0035791444133333335, 51539607552.0, 'P2P', 'TP', 'INTRA', 4, 2, 3
'FWD_MHA', 'Compute', 1533.6328634575127, 1559.4811647096535, 25.84830125214084, 'NONE', 'NONE', 'NONE', 0
'FWD_TP_COMM_INTRA_0', 'Comm', 1559.4811647096535, 1559.484743854067, 0.0035791444133333335, 51539607552.0, 'P2P', 'TP', 'INTRA', 4, 2, 3
'FWD_TP_COMM_INTRA_1', 'Comm', 1559.4811647096535, 1559.484743854067, 0.0035791444133333335, 51539607552.0, 'P2P', 'TP', 'INTRA', 4, 2, 3
'FWD_TP_COMM_INTRA_2', 'Comm', 1559.4811647096535, 1559.484743854067, 0.0035791444133333335, 51539607552.0, 'P2P', 'TP', 'INTRA', 4, 2, 3
'FWD_TP_COMM_INTRA_3', 'Comm', 1559.4811647096535, 1559.484743854067, 0.0035791444133333335, 51539607552.0, 'P2P', 'TP', 'INTRA', 4, 2, 3
'FWD_TP_COMM_INTRA_4', 'Comm', 1559.4811647096535, 1559.484743854067, 0.0035791444133333335, 51539607552.0, 'P2P', 'TP', 'INTRA', 4, 2, 3
'FWD_TP_COMM_INTRA_5', 'Comm', 1559.4811647096535, 1559.484743854067, 0.0035791444133333335, 51539607552.0, 'P2P', 'TP', 'INTRA', 4, 2, 3
'FWD_FFN', 'Compute', 1559.5026395761336, 1566.9512334488047, 7.4485938726711, 'NONE', 'NONE', 'NONE', 0
'FWD_TP_COMM_INTRA_0', 'Comm', 1566.9512334488047, 1566.954812593218, 0.0035791444133333335, 51539607552.0, 'P2P', 'TP', 'INTRA', 4, 2, 3
'FWD_TP_COMM_INTRA_1', 'Comm', 1566.9512334488047, 1566.954812593218, 0.0035791444133333335, 51539607552.0, 'P2P', 'TP', 'INTRA', 4, 2, 3
'FWD_TP_COMM_INTRA_2', 'Comm', 1566.9512334488047, 1566.954812593218, 0.0035791444133333335, 51539607552.0, 'P2P', 'TP', 'INTRA', 4, 2, 3
'FWD_TP_COMM_INTRA_3', 'Comm', 1566.9512334488047, 1566.954812593218, 0.0035791444133333335, 51539607552.0, 'P2P', 'TP', 'INTRA', 4, 2, 3
'FWD_TP_COMM_INTRA_4', 'Comm', 1566.9512334488047, 1566.954812593218, 0.0035791444133333335, 51539607552.0, 'P2P', 'TP', 'INTRA', 4, 2, 3
'FWD_TP_COMM_INTRA_5', 'Comm', 1566.9512334488047, 1566.954812593218, 0.0035791444133333335, 51539607552.0, 'P2P', 'TP', 'INTRA', 4, 2, 3
'FWD_MHA', 'Compute', 1566.9727083152848, 1592.8210095674256, 25.84830125214084, 'NONE', 'NONE', 'NONE', 0
'FWD_TP_COMM_INTRA_0', 'Comm', 1592.8210095674256, 1592.824588711839, 0.0035791444133333335, 51539607552.0, 'P2P', 'TP', 'INTRA', 4, 2, 3
'FWD_TP_COMM_INTRA_1', 'Comm', 1592.8210095674256, 1592.824588711839, 0.0035791444133333335, 51539607552.0, 'P2P', 'TP', 'INTRA', 4, 2, 3
'FWD_TP_COMM_INTRA_2', 'Comm', 1592.8210095674256, 1592.824588711839, 0.0035791444133333335, 51539607552.0, 'P2P', 'TP', 'INTRA', 4, 2, 3
'FWD_TP_COMM_INTRA_3', 'Comm', 1592.8210095674256, 1592.824588711839, 0.0035791444133333335, 51539607552.0, 'P2P', 'TP', 'INTRA', 4, 2, 3
'FWD_TP_COMM_INTRA_4', 'Comm', 1592.8210095674256, 1592.824588711839, 0.0035791444133333335, 51539607552.0, 'P2P', 'TP', 'INTRA', 4, 2, 3
'FWD_TP_COMM_INTRA_5', 'Comm', 1592.8210095674256, 1592.824588711839, 0.0035791444133333335, 51539607552.0, 'P2P', 'TP', 'INTRA', 4, 2, 3
'FWD_FFN', 'Compute', 1592.8424844339056, 1600.2910783065768, 7.4485938726711, 'NONE', 'NONE', 'NONE', 0
'FWD_TP_COMM_INTRA_0', 'Comm', 1600.2910783065768, 1600.2946574509901, 0.0035791444133333335, 51539607552.0, 'P2P', 'TP', 'INTRA', 4, 2, 3
'FWD_TP_COMM_INTRA_1', 'Comm', 1600.2910783065768, 1600.2946574509901, 0.0035791444133333335, 51539607552.0, 'P2P', 'TP', 'INTRA', 4, 2, 3
'FWD_TP_COMM_INTRA_2', 'Comm', 1600.2910783065768, 1600.2946574509901, 0.0035791444133333335, 51539607552.0, 'P2P', 'TP', 'INTRA', 4, 2, 3
'FWD_TP_COMM_INTRA_3', 'Comm', 1600.2910783065768, 1600.2946574509901, 0.0035791444133333335, 51539607552.0, 'P2P', 'TP', 'INTRA', 4, 2, 3
'FWD_TP_COMM_INTRA_4', 'Comm', 1600.2910783065768, 1600.2946574509901, 0.0035791444133333335, 51539607552.0, 'P2P', 'TP', 'INTRA', 4, 2, 3
'FWD_TP_COMM_INTRA_5', 'Comm', 1600.2910783065768, 1600.2946574509901, 0.0035791444133333335, 51539607552.0, 'P2P', 'TP', 'INTRA', 4, 2, 3
'FWD_MHA', 'Compute', 1600.3125531730568, 1626.1608544251976, 25.84830125214084, 'NONE', 'NONE', 'NONE', 0
'FWD_TP_COMM_INTRA_0', 'Comm', 1626.1608544251976, 1626.164433569611, 0.0035791444133333335, 51539607552.0, 'P2P', 'TP', 'INTRA', 4, 2, 3
'FWD_TP_COMM_INTRA_1', 'Comm', 1626.1608544251976, 1626.164433569611, 0.0035791444133333335, 51539607552.0, 'P2P', 'TP', 'INTRA', 4, 2, 3
'FWD_TP_COMM_INTRA_2', 'Comm', 1626.1608544251976, 1626.164433569611, 0.0035791444133333335, 51539607552.0, 'P2P', 'TP', 'INTRA', 4, 2, 3
'FWD_TP_COMM_INTRA_3', 'Comm', 1626.1608544251976, 1626.164433569611, 0.0035791444133333335, 51539607552.0, 'P2P', 'TP', 'INTRA', 4, 2, 3
'FWD_TP_COMM_INTRA_4', 'Comm', 1626.1608544251976, 1626.164433569611, 0.0035791444133333335, 51539607552.0, 'P2P', 'TP', 'INTRA', 4, 2, 3
'FWD_TP_COMM_INTRA_5', 'Comm', 1626.1608544251976, 1626.164433569611, 0.0035791444133333335, 51539607552.0, 'P2P', 'TP', 'INTRA', 4, 2, 3
'FWD_FFN', 'Compute', 1626.1823292916777, 1633.6309231643488, 7.4485938726711, 'NONE', 'NONE', 'NONE', 0
'FWD_TP_COMM_INTRA_0', 'Comm', 1633.6309231643488, 1633.6345023087622, 0.0035791444133333335, 51539607552.0, 'P2P', 'TP', 'INTRA', 4, 2, 3
'FWD_TP_COMM_INTRA_1', 'Comm', 1633.6309231643488, 1633.6345023087622, 0.0035791444133333335, 51539607552.0, 'P2P', 'TP', 'INTRA', 4, 2, 3
'FWD_TP_COMM_INTRA_2', 'Comm', 1633.6309231643488, 1633.6345023087622, 0.0035791444133333335, 51539607552.0, 'P2P', 'TP', 'INTRA', 4, 2, 3
'FWD_TP_COMM_INTRA_3', 'Comm', 1633.6309231643488, 1633.6345023087622, 0.0035791444133333335, 51539607552.0, 'P2P', 'TP', 'INTRA', 4, 2, 3
'FWD_TP_COMM_INTRA_4', 'Comm', 1633.6309231643488, 1633.6345023087622, 0.0035791444133333335, 51539607552.0, 'P2P', 'TP', 'INTRA', 4, 2, 3
'FWD_TP_COMM_INTRA_5', 'Comm', 1633.6309231643488, 1633.6345023087622, 0.0035791444133333335, 51539607552.0, 'P2P', 'TP', 'INTRA', 4, 2, 3
'FWD_MHA', 'Compute', 1633.6523980308289, 1659.5006992829697, 25.84830125214084, 'NONE', 'NONE', 'NONE', 0
'FWD_TP_COMM_INTRA_0', 'Comm', 1659.5006992829697, 1659.504278427383, 0.0035791444133333335, 51539607552.0, 'P2P', 'TP', 'INTRA', 4, 2, 3
'FWD_TP_COMM_INTRA_1', 'Comm', 1659.5006992829697, 1659.504278427383, 0.0035791444133333335, 51539607552.0, 'P2P', 'TP', 'INTRA', 4, 2, 3
'FWD_TP_COMM_INTRA_2', 'Comm', 1659.5006992829697, 1659.504278427383, 0.0035791444133333335, 51539607552.0, 'P2P', 'TP', 'INTRA', 4, 2, 3
'FWD_TP_COMM_INTRA_3', 'Comm', 1659.5006992829697, 1659.504278427383, 0.0035791444133333335, 51539607552.0, 'P2P', 'TP', 'INTRA', 4, 2, 3
'FWD_TP_COMM_INTRA_4', 'Comm', 1659.5006992829697, 1659.504278427383, 0.0035791444133333335, 51539607552.0, 'P2P', 'TP', 'INTRA', 4, 2, 3
'FWD_TP_COMM_INTRA_5', 'Comm', 1659.5006992829697, 1659.504278427383, 0.0035791444133333335, 51539607552.0, 'P2P', 'TP', 'INTRA', 4, 2, 3
'FWD_FFN', 'Compute', 1659.5221741494497, 1666.9707680221209, 7.4485938726711, 'NONE', 'NONE', 'NONE', 0
'FWD_TP_COMM_INTRA_0', 'Comm', 1666.9707680221209, 1666.9743471665342, 0.0035791444133333335, 51539607552.0, 'P2P', 'TP', 'INTRA', 4, 2, 3
'FWD_TP_COMM_INTRA_1', 'Comm', 1666.9707680221209, 1666.9743471665342, 0.0035791444133333335, 51539607552.0, 'P2P', 'TP', 'INTRA', 4, 2, 3
'FWD_TP_COMM_INTRA_2', 'Comm', 1666.9707680221209, 1666.9743471665342, 0.0035791444133333335, 51539607552.0, 'P2P', 'TP', 'INTRA', 4, 2, 3
'FWD_TP_COMM_INTRA_3', 'Comm', 1666.9707680221209, 1666.9743471665342, 0.0035791444133333335, 51539607552.0, 'P2P', 'TP', 'INTRA', 4, 2, 3
'FWD_TP_COMM_INTRA_4', 'Comm', 1666.9707680221209, 1666.9743471665342, 0.0035791444133333335, 51539607552.0, 'P2P', 'TP', 'INTRA', 4, 2, 3
'FWD_TP_COMM_INTRA_5', 'Comm', 1666.9707680221209, 1666.9743471665342, 0.0035791444133333335, 51539607552.0, 'P2P', 'TP', 'INTRA', 4, 2, 3
'FWD_MHA', 'Compute', 1666.992242888601, 1692.8405441407417, 25.84830125214084, 'NONE', 'NONE', 'NONE', 0
'FWD_TP_COMM_INTRA_0', 'Comm', 1692.8405441407417, 1692.844123285155, 0.0035791444133333335, 51539607552.0, 'P2P', 'TP', 'INTRA', 4, 2, 3
'FWD_TP_COMM_INTRA_1', 'Comm', 1692.8405441407417, 1692.844123285155, 0.0035791444133333335, 51539607552.0, 'P2P', 'TP', 'INTRA', 4, 2, 3
'FWD_TP_COMM_INTRA_2', 'Comm', 1692.8405441407417, 1692.844123285155, 0.0035791444133333335, 51539607552.0, 'P2P', 'TP', 'INTRA', 4, 2, 3
'FWD_TP_COMM_INTRA_3', 'Comm', 1692.8405441407417, 1692.844123285155, 0.0035791444133333335, 51539607552.0, 'P2P', 'TP', 'INTRA', 4, 2, 3
'FWD_TP_COMM_INTRA_4', 'Comm', 1692.8405441407417, 1692.844123285155, 0.0035791444133333335, 51539607552.0, 'P2P', 'TP', 'INTRA', 4, 2, 3
'FWD_TP_COMM_INTRA_5', 'Comm', 1692.8405441407417, 1692.844123285155, 0.0035791444133333335, 51539607552.0, 'P2P', 'TP', 'INTRA', 4, 2, 3
'FWD_FFN', 'Compute', 1692.8620190072218, 1700.310612879893, 7.4485938726711, 'NONE', 'NONE', 'NONE', 0
'FWD_TP_COMM_INTRA_0', 'Comm', 1700.310612879893, 1700.3141920243063, 0.0035791444133333335, 51539607552.0, 'P2P', 'TP', 'INTRA', 4, 2, 3
'FWD_TP_COMM_INTRA_1', 'Comm', 1700.310612879893, 1700.3141920243063, 0.0035791444133333335, 51539607552.0, 'P2P', 'TP', 'INTRA', 4, 2, 3
'FWD_TP_COMM_INTRA_2', 'Comm', 1700.310612879893, 1700.3141920243063, 0.0035791444133333335, 51539607552.0, 'P2P', 'TP', 'INTRA', 4, 2, 3
'FWD_TP_COMM_INTRA_3', 'Comm', 1700.310612879893, 1700.3141920243063, 0.0035791444133333335, 51539607552.0, 'P2P', 'TP', 'INTRA', 4, 2, 3
'FWD_TP_COMM_INTRA_4', 'Comm', 1700.310612879893, 1700.3141920243063, 0.0035791444133333335, 51539607552.0, 'P2P', 'TP', 'INTRA', 4, 2, 3
'FWD_TP_COMM_INTRA_5', 'Comm', 1700.310612879893, 1700.3141920243063, 0.0035791444133333335, 51539607552.0, 'P2P', 'TP', 'INTRA', 4, 2, 3
'FWD_MHA', 'Compute', 1700.332087746373, 1726.1803889985138, 25.84830125214084, 'NONE', 'NONE', 'NONE', 0
'FWD_TP_COMM_INTRA_0', 'Comm', 1726.1803889985138, 1726.1839681429271, 0.0035791444133333335, 51539607552.0, 'P2P', 'TP', 'INTRA', 4, 2, 3
'FWD_TP_COMM_INTRA_1', 'Comm', 1726.1803889985138, 1726.1839681429271, 0.0035791444133333335, 51539607552.0, 'P2P', 'TP', 'INTRA', 4, 2, 3
'FWD_TP_COMM_INTRA_2', 'Comm', 1726.1803889985138, 1726.1839681429271, 0.0035791444133333335, 51539607552.0, 'P2P', 'TP', 'INTRA', 4, 2, 3
'FWD_TP_COMM_INTRA_3', 'Comm', 1726.1803889985138, 1726.1839681429271, 0.0035791444133333335, 51539607552.0, 'P2P', 'TP', 'INTRA', 4, 2, 3
'FWD_TP_COMM_INTRA_4', 'Comm', 1726.1803889985138, 1726.1839681429271, 0.0035791444133333335, 51539607552.0, 'P2P', 'TP', 'INTRA', 4, 2, 3
'FWD_TP_COMM_INTRA_5', 'Comm', 1726.1803889985138, 1726.1839681429271, 0.0035791444133333335, 51539607552.0, 'P2P', 'TP', 'INTRA', 4, 2, 3
'FWD_FFN', 'Compute', 1726.2018638649938, 1733.650457737665, 7.4485938726711, 'NONE', 'NONE', 'NONE', 0
'FWD_TP_COMM_INTRA_0', 'Comm', 1733.650457737665, 1733.6540368820783, 0.0035791444133333335, 51539607552.0, 'P2P', 'TP', 'INTRA', 4, 2, 3
'FWD_TP_COMM_INTRA_1', 'Comm', 1733.650457737665, 1733.6540368820783, 0.0035791444133333335, 51539607552.0, 'P2P', 'TP', 'INTRA', 4, 2, 3
'FWD_TP_COMM_INTRA_2', 'Comm', 1733.650457737665, 1733.6540368820783, 0.0035791444133333335, 51539607552.0, 'P2P', 'TP', 'INTRA', 4, 2, 3
'FWD_TP_COMM_INTRA_3', 'Comm', 1733.650457737665, 1733.6540368820783, 0.0035791444133333335, 51539607552.0, 'P2P', 'TP', 'INTRA', 4, 2, 3
'FWD_TP_COMM_INTRA_4', 'Comm', 1733.650457737665, 1733.6540368820783, 0.0035791444133333335, 51539607552.0, 'P2P', 'TP', 'INTRA', 4, 2, 3
'FWD_TP_COMM_INTRA_5', 'Comm', 1733.650457737665, 1733.6540368820783, 0.0035791444133333335, 51539607552.0, 'P2P', 'TP', 'INTRA', 4, 2, 3
'FWD_MHA', 'Compute', 1733.671932604145, 1759.5202338562858, 25.84830125214084, 'NONE', 'NONE', 'NONE', 0
'FWD_TP_COMM_INTRA_0', 'Comm', 1759.5202338562858, 1759.5238130006992, 0.0035791444133333335, 51539607552.0, 'P2P', 'TP', 'INTRA', 4, 2, 3
'FWD_TP_COMM_INTRA_1', 'Comm', 1759.5202338562858, 1759.5238130006992, 0.0035791444133333335, 51539607552.0, 'P2P', 'TP', 'INTRA', 4, 2, 3
'FWD_TP_COMM_INTRA_2', 'Comm', 1759.5202338562858, 1759.5238130006992, 0.0035791444133333335, 51539607552.0, 'P2P', 'TP', 'INTRA', 4, 2, 3
'FWD_TP_COMM_INTRA_3', 'Comm', 1759.5202338562858, 1759.5238130006992, 0.0035791444133333335, 51539607552.0, 'P2P', 'TP', 'INTRA', 4, 2, 3
'FWD_TP_COMM_INTRA_4', 'Comm', 1759.5202338562858, 1759.5238130006992, 0.0035791444133333335, 51539607552.0, 'P2P', 'TP', 'INTRA', 4, 2, 3
'FWD_TP_COMM_INTRA_5', 'Comm', 1759.5202338562858, 1759.5238130006992, 0.0035791444133333335, 51539607552.0, 'P2P', 'TP', 'INTRA', 4, 2, 3
'FWD_FFN', 'Compute', 1759.5417087227659, 1766.990302595437, 7.4485938726711, 'NONE', 'NONE', 'NONE', 0
'FWD_TP_COMM_INTRA_0', 'Comm', 1766.990302595437, 1766.9938817398504, 0.0035791444133333335, 51539607552.0, 'P2P', 'TP', 'INTRA', 4, 2, 3
'FWD_TP_COMM_INTRA_1', 'Comm', 1766.990302595437, 1766.9938817398504, 0.0035791444133333335, 51539607552.0, 'P2P', 'TP', 'INTRA', 4, 2, 3
'FWD_TP_COMM_INTRA_2', 'Comm', 1766.990302595437, 1766.9938817398504, 0.0035791444133333335, 51539607552.0, 'P2P', 'TP', 'INTRA', 4, 2, 3
'FWD_TP_COMM_INTRA_3', 'Comm', 1766.990302595437, 1766.9938817398504, 0.0035791444133333335, 51539607552.0, 'P2P', 'TP', 'INTRA', 4, 2, 3
'FWD_TP_COMM_INTRA_4', 'Comm', 1766.990302595437, 1766.9938817398504, 0.0035791444133333335, 51539607552.0, 'P2P', 'TP', 'INTRA', 4, 2, 3
'FWD_TP_COMM_INTRA_5', 'Comm', 1766.990302595437, 1766.9938817398504, 0.0035791444133333335, 51539607552.0, 'P2P', 'TP', 'INTRA', 4, 2, 3
'FWD_MHA', 'Compute', 1767.011777461917, 1792.8600787140579, 25.84830125214084, 'NONE', 'NONE', 'NONE', 0
'FWD_TP_COMM_INTRA_0', 'Comm', 1792.8600787140579, 1792.8636578584712, 0.0035791444133333335, 51539607552.0, 'P2P', 'TP', 'INTRA', 4, 2, 3
'FWD_TP_COMM_INTRA_1', 'Comm', 1792.8600787140579, 1792.8636578584712, 0.0035791444133333335, 51539607552.0, 'P2P', 'TP', 'INTRA', 4, 2, 3
'FWD_TP_COMM_INTRA_2', 'Comm', 1792.8600787140579, 1792.8636578584712, 0.0035791444133333335, 51539607552.0, 'P2P', 'TP', 'INTRA', 4, 2, 3
'FWD_TP_COMM_INTRA_3', 'Comm', 1792.8600787140579, 1792.8636578584712, 0.0035791444133333335, 51539607552.0, 'P2P', 'TP', 'INTRA', 4, 2, 3
'FWD_TP_COMM_INTRA_4', 'Comm', 1792.8600787140579, 1792.8636578584712, 0.0035791444133333335, 51539607552.0, 'P2P', 'TP', 'INTRA', 4, 2, 3
'FWD_TP_COMM_INTRA_5', 'Comm', 1792.8600787140579, 1792.8636578584712, 0.0035791444133333335, 51539607552.0, 'P2P', 'TP', 'INTRA', 4, 2, 3
'FWD_FFN', 'Compute', 1792.881553580538, 1800.330147453209, 7.4485938726711, 'NONE', 'NONE', 'NONE', 0
'FWD_TP_COMM_INTRA_0', 'Comm', 1800.330147453209, 1800.3337265976224, 0.0035791444133333335, 51539607552.0, 'P2P', 'TP', 'INTRA', 4, 2, 3
'FWD_TP_COMM_INTRA_1', 'Comm', 1800.330147453209, 1800.3337265976224, 0.0035791444133333335, 51539607552.0, 'P2P', 'TP', 'INTRA', 4, 2, 3
'FWD_TP_COMM_INTRA_2', 'Comm', 1800.330147453209, 1800.3337265976224, 0.0035791444133333335, 51539607552.0, 'P2P', 'TP', 'INTRA', 4, 2, 3
'FWD_TP_COMM_INTRA_3', 'Comm', 1800.330147453209, 1800.3337265976224, 0.0035791444133333335, 51539607552.0, 'P2P', 'TP', 'INTRA', 4, 2, 3
'FWD_TP_COMM_INTRA_4', 'Comm', 1800.330147453209, 1800.3337265976224, 0.0035791444133333335, 51539607552.0, 'P2P', 'TP', 'INTRA', 4, 2, 3
'FWD_TP_COMM_INTRA_5', 'Comm', 1800.330147453209, 1800.3337265976224, 0.0035791444133333335, 51539607552.0, 'P2P', 'TP', 'INTRA', 4, 2, 3
'FWD_MHA', 'Compute', 1800.351622319689, 1826.19992357183, 25.84830125214084, 'NONE', 'NONE', 'NONE', 0
'FWD_TP_COMM_INTRA_0', 'Comm', 1826.19992357183, 1826.2035027162433, 0.0035791444133333335, 51539607552.0, 'P2P', 'TP', 'INTRA', 4, 2, 3
'FWD_TP_COMM_INTRA_1', 'Comm', 1826.19992357183, 1826.2035027162433, 0.0035791444133333335, 51539607552.0, 'P2P', 'TP', 'INTRA', 4, 2, 3
'FWD_TP_COMM_INTRA_2', 'Comm', 1826.19992357183, 1826.2035027162433, 0.0035791444133333335, 51539607552.0, 'P2P', 'TP', 'INTRA', 4, 2, 3
'FWD_TP_COMM_INTRA_3', 'Comm', 1826.19992357183, 1826.2035027162433, 0.0035791444133333335, 51539607552.0, 'P2P', 'TP', 'INTRA', 4, 2, 3
'FWD_TP_COMM_INTRA_4', 'Comm', 1826.19992357183, 1826.2035027162433, 0.0035791444133333335, 51539607552.0, 'P2P', 'TP', 'INTRA', 4, 2, 3
'FWD_TP_COMM_INTRA_5', 'Comm', 1826.19992357183, 1826.2035027162433, 0.0035791444133333335, 51539607552.0, 'P2P', 'TP', 'INTRA', 4, 2, 3
'FWD_FFN', 'Compute', 1826.22139843831, 1833.6699923109811, 7.4485938726711, 'NONE', 'NONE', 'NONE', 0
'FWD_TP_COMM_INTRA_0', 'Comm', 1833.6699923109811, 1833.6735714553945, 0.0035791444133333335, 51539607552.0, 'P2P', 'TP', 'INTRA', 4, 2, 3
'FWD_TP_COMM_INTRA_1', 'Comm', 1833.6699923109811, 1833.6735714553945, 0.0035791444133333335, 51539607552.0, 'P2P', 'TP', 'INTRA', 4, 2, 3
'FWD_TP_COMM_INTRA_2', 'Comm', 1833.6699923109811, 1833.6735714553945, 0.0035791444133333335, 51539607552.0, 'P2P', 'TP', 'INTRA', 4, 2, 3
'FWD_TP_COMM_INTRA_3', 'Comm', 1833.6699923109811, 1833.6735714553945, 0.0035791444133333335, 51539607552.0, 'P2P', 'TP', 'INTRA', 4, 2, 3
'FWD_TP_COMM_INTRA_4', 'Comm', 1833.6699923109811, 1833.6735714553945, 0.0035791444133333335, 51539607552.0, 'P2P', 'TP', 'INTRA', 4, 2, 3
'FWD_TP_COMM_INTRA_5', 'Comm', 1833.6699923109811, 1833.6735714553945, 0.0035791444133333335, 51539607552.0, 'P2P', 'TP', 'INTRA', 4, 2, 3
'FWD_MHA', 'Compute', 1833.6914671774612, 1859.539768429602, 25.84830125214084, 'NONE', 'NONE', 'NONE', 0
'FWD_TP_COMM_INTRA_0', 'Comm', 1859.539768429602, 1859.5433475740153, 0.0035791444133333335, 51539607552.0, 'P2P', 'TP', 'INTRA', 4, 2, 3
'FWD_TP_COMM_INTRA_1', 'Comm', 1859.539768429602, 1859.5433475740153, 0.0035791444133333335, 51539607552.0, 'P2P', 'TP', 'INTRA', 4, 2, 3
'FWD_TP_COMM_INTRA_2', 'Comm', 1859.539768429602, 1859.5433475740153, 0.0035791444133333335, 51539607552.0, 'P2P', 'TP', 'INTRA', 4, 2, 3
'FWD_TP_COMM_INTRA_3', 'Comm', 1859.539768429602, 1859.5433475740153, 0.0035791444133333335, 51539607552.0, 'P2P', 'TP', 'INTRA', 4, 2, 3
'FWD_TP_COMM_INTRA_4', 'Comm', 1859.539768429602, 1859.5433475740153, 0.0035791444133333335, 51539607552.0, 'P2P', 'TP', 'INTRA', 4, 2, 3
'FWD_TP_COMM_INTRA_5', 'Comm', 1859.539768429602, 1859.5433475740153, 0.0035791444133333335, 51539607552.0, 'P2P', 'TP', 'INTRA', 4, 2, 3
'FWD_FFN', 'Compute', 1859.561243296082, 1867.0098371687532, 7.4485938726711, 'NONE', 'NONE', 'NONE', 0
'FWD_TP_COMM_INTRA_0', 'Comm', 1867.0098371687532, 1867.0134163131665, 0.0035791444133333335, 51539607552.0, 'P2P', 'TP', 'INTRA', 4, 2, 3
'FWD_TP_COMM_INTRA_1', 'Comm', 1867.0098371687532, 1867.0134163131665, 0.0035791444133333335, 51539607552.0, 'P2P', 'TP', 'INTRA', 4, 2, 3
'FWD_TP_COMM_INTRA_2', 'Comm', 1867.0098371687532, 1867.0134163131665, 0.0035791444133333335, 51539607552.0, 'P2P', 'TP', 'INTRA', 4, 2, 3
'FWD_TP_COMM_INTRA_3', 'Comm', 1867.0098371687532, 1867.0134163131665, 0.0035791444133333335, 51539607552.0, 'P2P', 'TP', 'INTRA', 4, 2, 3
'FWD_TP_COMM_INTRA_4', 'Comm', 1867.0098371687532, 1867.0134163131665, 0.0035791444133333335, 51539607552.0, 'P2P', 'TP', 'INTRA', 4, 2, 3
'FWD_TP_COMM_INTRA_5', 'Comm', 1867.0098371687532, 1867.0134163131665, 0.0035791444133333335, 51539607552.0, 'P2P', 'TP', 'INTRA', 4, 2, 3
'FWD_MHA', 'Compute', 1867.0313120352332, 1892.879613287374, 25.84830125214084, 'NONE', 'NONE', 'NONE', 0
'FWD_TP_COMM_INTRA_0', 'Comm', 1892.879613287374, 1892.8831924317874, 0.0035791444133333335, 51539607552.0, 'P2P', 'TP', 'INTRA', 4, 2, 3
'FWD_TP_COMM_INTRA_1', 'Comm', 1892.879613287374, 1892.8831924317874, 0.0035791444133333335, 51539607552.0, 'P2P', 'TP', 'INTRA', 4, 2, 3
'FWD_TP_COMM_INTRA_2', 'Comm', 1892.879613287374, 1892.8831924317874, 0.0035791444133333335, 51539607552.0, 'P2P', 'TP', 'INTRA', 4, 2, 3
'FWD_TP_COMM_INTRA_3', 'Comm', 1892.879613287374, 1892.8831924317874, 0.0035791444133333335, 51539607552.0, 'P2P', 'TP', 'INTRA', 4, 2, 3
'FWD_TP_COMM_INTRA_4', 'Comm', 1892.879613287374, 1892.8831924317874, 0.0035791444133333335, 51539607552.0, 'P2P', 'TP', 'INTRA', 4, 2, 3
'FWD_TP_COMM_INTRA_5', 'Comm', 1892.879613287374, 1892.8831924317874, 0.0035791444133333335, 51539607552.0, 'P2P', 'TP', 'INTRA', 4, 2, 3
'FWD_FFN', 'Compute', 1892.901088153854, 1900.3496820265252, 7.4485938726711, 'NONE', 'NONE', 'NONE', 0
'FWD_TP_COMM_INTRA_0', 'Comm', 1900.3496820265252, 1900.3532611709386, 0.0035791444133333335, 51539607552.0, 'P2P', 'TP', 'INTRA', 4, 2, 3
'FWD_TP_COMM_INTRA_1', 'Comm', 1900.3496820265252, 1900.3532611709386, 0.0035791444133333335, 51539607552.0, 'P2P', 'TP', 'INTRA', 4, 2, 3
'FWD_TP_COMM_INTRA_2', 'Comm', 1900.3496820265252, 1900.3532611709386, 0.0035791444133333335, 51539607552.0, 'P2P', 'TP', 'INTRA', 4, 2, 3
'FWD_TP_COMM_INTRA_3', 'Comm', 1900.3496820265252, 1900.3532611709386, 0.0035791444133333335, 51539607552.0, 'P2P', 'TP', 'INTRA', 4, 2, 3
'FWD_TP_COMM_INTRA_4', 'Comm', 1900.3496820265252, 1900.3532611709386, 0.0035791444133333335, 51539607552.0, 'P2P', 'TP', 'INTRA', 4, 2, 3
'FWD_TP_COMM_INTRA_5', 'Comm', 1900.3496820265252, 1900.3532611709386, 0.0035791444133333335, 51539607552.0, 'P2P', 'TP', 'INTRA', 4, 2, 3
'FWD_MHA', 'Compute', 1900.3711568930053, 1926.219458145146, 25.84830125214084, 'NONE', 'NONE', 'NONE', 0
'FWD_TP_COMM_INTRA_0', 'Comm', 1926.219458145146, 1926.2230372895594, 0.0035791444133333335, 51539607552.0, 'P2P', 'TP', 'INTRA', 4, 2, 3
'FWD_TP_COMM_INTRA_1', 'Comm', 1926.219458145146, 1926.2230372895594, 0.0035791444133333335, 51539607552.0, 'P2P', 'TP', 'INTRA', 4, 2, 3
'FWD_TP_COMM_INTRA_2', 'Comm', 1926.219458145146, 1926.2230372895594, 0.0035791444133333335, 51539607552.0, 'P2P', 'TP', 'INTRA', 4, 2, 3
'FWD_TP_COMM_INTRA_3', 'Comm', 1926.219458145146, 1926.2230372895594, 0.0035791444133333335, 51539607552.0, 'P2P', 'TP', 'INTRA', 4, 2, 3
'FWD_TP_COMM_INTRA_4', 'Comm', 1926.219458145146, 1926.2230372895594, 0.0035791444133333335, 51539607552.0, 'P2P', 'TP', 'INTRA', 4, 2, 3
'FWD_TP_COMM_INTRA_5', 'Comm', 1926.219458145146, 1926.2230372895594, 0.0035791444133333335, 51539607552.0, 'P2P', 'TP', 'INTRA', 4, 2, 3
'FWD_FFN', 'Compute', 1926.240933011626, 1933.6895268842973, 7.4485938726711, 'NONE', 'NONE', 'NONE', 0
'FWD_TP_COMM_INTRA_0', 'Comm', 1933.6895268842973, 1933.6931060287106, 0.0035791444133333335, 51539607552.0, 'P2P', 'TP', 'INTRA', 4, 2, 3
'FWD_TP_COMM_INTRA_1', 'Comm', 1933.6895268842973, 1933.6931060287106, 0.0035791444133333335, 51539607552.0, 'P2P', 'TP', 'INTRA', 4, 2, 3
'FWD_TP_COMM_INTRA_2', 'Comm', 1933.6895268842973, 1933.6931060287106, 0.0035791444133333335, 51539607552.0, 'P2P', 'TP', 'INTRA', 4, 2, 3
'FWD_TP_COMM_INTRA_3', 'Comm', 1933.6895268842973, 1933.6931060287106, 0.0035791444133333335, 51539607552.0, 'P2P', 'TP', 'INTRA', 4, 2, 3
'FWD_TP_COMM_INTRA_4', 'Comm', 1933.6895268842973, 1933.6931060287106, 0.0035791444133333335, 51539607552.0, 'P2P', 'TP', 'INTRA', 4, 2, 3
'FWD_TP_COMM_INTRA_5', 'Comm', 1933.6895268842973, 1933.6931060287106, 0.0035791444133333335, 51539607552.0, 'P2P', 'TP', 'INTRA', 4, 2, 3
'FWD_MHA', 'Compute', 1933.7110017507773, 1959.559303002918, 25.84830125214084, 'NONE', 'NONE', 'NONE', 0
'FWD_TP_COMM_INTRA_0', 'Comm', 1959.559303002918, 1959.5628821473315, 0.0035791444133333335, 51539607552.0, 'P2P', 'TP', 'INTRA', 4, 2, 3
'FWD_TP_COMM_INTRA_1', 'Comm', 1959.559303002918, 1959.5628821473315, 0.0035791444133333335, 51539607552.0, 'P2P', 'TP', 'INTRA', 4, 2, 3
'FWD_TP_COMM_INTRA_2', 'Comm', 1959.559303002918, 1959.5628821473315, 0.0035791444133333335, 51539607552.0, 'P2P', 'TP', 'INTRA', 4, 2, 3
'FWD_TP_COMM_INTRA_3', 'Comm', 1959.559303002918, 1959.5628821473315, 0.0035791444133333335, 51539607552.0, 'P2P', 'TP', 'INTRA', 4, 2, 3
'FWD_TP_COMM_INTRA_4', 'Comm', 1959.559303002918, 1959.5628821473315, 0.0035791444133333335, 51539607552.0, 'P2P', 'TP', 'INTRA', 4, 2, 3
'FWD_TP_COMM_INTRA_5', 'Comm', 1959.559303002918, 1959.5628821473315, 0.0035791444133333335, 51539607552.0, 'P2P', 'TP', 'INTRA', 4, 2, 3
'FWD_FFN', 'Compute', 1959.5807778693982, 1967.0293717420693, 7.4485938726711, 'NONE', 'NONE', 'NONE', 0
'FWD_TP_COMM_INTRA_0', 'Comm', 1967.0293717420693, 1967.0329508864827, 0.0035791444133333335, 51539607552.0, 'P2P', 'TP', 'INTRA', 4, 2, 3
'FWD_TP_COMM_INTRA_1', 'Comm', 1967.0293717420693, 1967.0329508864827, 0.0035791444133333335, 51539607552.0, 'P2P', 'TP', 'INTRA', 4, 2, 3
'FWD_TP_COMM_INTRA_2', 'Comm', 1967.0293717420693, 1967.0329508864827, 0.0035791444133333335, 51539607552.0, 'P2P', 'TP', 'INTRA', 4, 2, 3
'FWD_TP_COMM_INTRA_3', 'Comm', 1967.0293717420693, 1967.0329508864827, 0.0035791444133333335, 51539607552.0, 'P2P', 'TP', 'INTRA', 4, 2, 3
'FWD_TP_COMM_INTRA_4', 'Comm', 1967.0293717420693, 1967.0329508864827, 0.0035791444133333335, 51539607552.0, 'P2P', 'TP', 'INTRA', 4, 2, 3
'FWD_TP_COMM_INTRA_5', 'Comm', 1967.0293717420693, 1967.0329508864827, 0.0035791444133333335, 51539607552.0, 'P2P', 'TP', 'INTRA', 4, 2, 3
'FWD_MHA', 'Compute', 1967.0508466085494, 1992.8991478606902, 25.84830125214084, 'NONE', 'NONE', 'NONE', 0
'FWD_TP_COMM_INTRA_0', 'Comm', 1992.8991478606902, 1992.9027270051035, 0.0035791444133333335, 51539607552.0, 'P2P', 'TP', 'INTRA', 4, 2, 3
'FWD_TP_COMM_INTRA_1', 'Comm', 1992.8991478606902, 1992.9027270051035, 0.0035791444133333335, 51539607552.0, 'P2P', 'TP', 'INTRA', 4, 2, 3
'FWD_TP_COMM_INTRA_2', 'Comm', 1992.8991478606902, 1992.9027270051035, 0.0035791444133333335, 51539607552.0, 'P2P', 'TP', 'INTRA', 4, 2, 3
'FWD_TP_COMM_INTRA_3', 'Comm', 1992.8991478606902, 1992.9027270051035, 0.0035791444133333335, 51539607552.0, 'P2P', 'TP', 'INTRA', 4, 2, 3
'FWD_TP_COMM_INTRA_4', 'Comm', 1992.8991478606902, 1992.9027270051035, 0.0035791444133333335, 51539607552.0, 'P2P', 'TP', 'INTRA', 4, 2, 3
'FWD_TP_COMM_INTRA_5', 'Comm', 1992.8991478606902, 1992.9027270051035, 0.0035791444133333335, 51539607552.0, 'P2P', 'TP', 'INTRA', 4, 2, 3
'FWD_FFN', 'Compute', 1992.9206227271702, 2000.3692165998414, 7.4485938726711, 'NONE', 'NONE', 'NONE', 0
'FWD_TP_COMM_INTRA_0', 'Comm', 2000.3692165998414, 2000.3727957442547, 0.0035791444133333335, 51539607552.0, 'P2P', 'TP', 'INTRA', 4, 2, 3
'FWD_TP_COMM_INTRA_1', 'Comm', 2000.3692165998414, 2000.3727957442547, 0.0035791444133333335, 51539607552.0, 'P2P', 'TP', 'INTRA', 4, 2, 3
'FWD_TP_COMM_INTRA_2', 'Comm', 2000.3692165998414, 2000.3727957442547, 0.0035791444133333335, 51539607552.0, 'P2P', 'TP', 'INTRA', 4, 2, 3
'FWD_TP_COMM_INTRA_3', 'Comm', 2000.3692165998414, 2000.3727957442547, 0.0035791444133333335, 51539607552.0, 'P2P', 'TP', 'INTRA', 4, 2, 3
'FWD_TP_COMM_INTRA_4', 'Comm', 2000.3692165998414, 2000.3727957442547, 0.0035791444133333335, 51539607552.0, 'P2P', 'TP', 'INTRA', 4, 2, 3
'FWD_TP_COMM_INTRA_5', 'Comm', 2000.3692165998414, 2000.3727957442547, 0.0035791444133333335, 51539607552.0, 'P2P', 'TP', 'INTRA', 4, 2, 3
'FWD_MHA', 'Compute', 2000.3906914663214, 2026.2389927184622, 25.84830125214084, 'NONE', 'NONE', 'NONE', 0
'FWD_TP_COMM_INTRA_0', 'Comm', 2026.2389927184622, 2026.2425718628756, 0.0035791444133333335, 51539607552.0, 'P2P', 'TP', 'INTRA', 4, 2, 3
'FWD_TP_COMM_INTRA_1', 'Comm', 2026.2389927184622, 2026.2425718628756, 0.0035791444133333335, 51539607552.0, 'P2P', 'TP', 'INTRA', 4, 2, 3
'FWD_TP_COMM_INTRA_2', 'Comm', 2026.2389927184622, 2026.2425718628756, 0.0035791444133333335, 51539607552.0, 'P2P', 'TP', 'INTRA', 4, 2, 3
'FWD_TP_COMM_INTRA_3', 'Comm', 2026.2389927184622, 2026.2425718628756, 0.0035791444133333335, 51539607552.0, 'P2P', 'TP', 'INTRA', 4, 2, 3
'FWD_TP_COMM_INTRA_4', 'Comm', 2026.2389927184622, 2026.2425718628756, 0.0035791444133333335, 51539607552.0, 'P2P', 'TP', 'INTRA', 4, 2, 3
'FWD_TP_COMM_INTRA_5', 'Comm', 2026.2389927184622, 2026.2425718628756, 0.0035791444133333335, 51539607552.0, 'P2P', 'TP', 'INTRA', 4, 2, 3
'FWD_FFN', 'Compute', 2026.2604675849423, 2033.7090614576134, 7.4485938726711, 'NONE', 'NONE', 'NONE', 0
'FWD_TP_COMM_INTRA_0', 'Comm', 2033.7090614576134, 2033.7126406020268, 0.0035791444133333335, 51539607552.0, 'P2P', 'TP', 'INTRA', 4, 2, 3
'FWD_TP_COMM_INTRA_1', 'Comm', 2033.7090614576134, 2033.7126406020268, 0.0035791444133333335, 51539607552.0, 'P2P', 'TP', 'INTRA', 4, 2, 3
'FWD_TP_COMM_INTRA_2', 'Comm', 2033.7090614576134, 2033.7126406020268, 0.0035791444133333335, 51539607552.0, 'P2P', 'TP', 'INTRA', 4, 2, 3
'FWD_TP_COMM_INTRA_3', 'Comm', 2033.7090614576134, 2033.7126406020268, 0.0035791444133333335, 51539607552.0, 'P2P', 'TP', 'INTRA', 4, 2, 3
'FWD_TP_COMM_INTRA_4', 'Comm', 2033.7090614576134, 2033.7126406020268, 0.0035791444133333335, 51539607552.0, 'P2P', 'TP', 'INTRA', 4, 2, 3
'FWD_TP_COMM_INTRA_5', 'Comm', 2033.7090614576134, 2033.7126406020268, 0.0035791444133333335, 51539607552.0, 'P2P', 'TP', 'INTRA', 4, 2, 3
'FWD_MHA', 'Compute', 2033.7305363240935, 2059.5788375762345, 25.84830125214084, 'NONE', 'NONE', 'NONE', 0
'FWD_TP_COMM_INTRA_0', 'Comm', 2059.5788375762345, 2059.582416720648, 0.0035791444133333335, 51539607552.0, 'P2P', 'TP', 'INTRA', 4, 2, 3
'FWD_TP_COMM_INTRA_1', 'Comm', 2059.5788375762345, 2059.582416720648, 0.0035791444133333335, 51539607552.0, 'P2P', 'TP', 'INTRA', 4, 2, 3
'FWD_TP_COMM_INTRA_2', 'Comm', 2059.5788375762345, 2059.582416720648, 0.0035791444133333335, 51539607552.0, 'P2P', 'TP', 'INTRA', 4, 2, 3
'FWD_TP_COMM_INTRA_3', 'Comm', 2059.5788375762345, 2059.582416720648, 0.0035791444133333335, 51539607552.0, 'P2P', 'TP', 'INTRA', 4, 2, 3
'FWD_TP_COMM_INTRA_4', 'Comm', 2059.5788375762345, 2059.582416720648, 0.0035791444133333335, 51539607552.0, 'P2P', 'TP', 'INTRA', 4, 2, 3
'FWD_TP_COMM_INTRA_5', 'Comm', 2059.5788375762345, 2059.582416720648, 0.0035791444133333335, 51539607552.0, 'P2P', 'TP', 'INTRA', 4, 2, 3
'FWD_FFN', 'Compute', 2059.6003124427143, 2067.0489063153855, 7.4485938726711, 'NONE', 'NONE', 'NONE', 0
'FWD_TP_COMM_INTRA_0', 'Comm', 2067.0489063153855, 2067.052485459799, 0.0035791444133333335, 51539607552.0, 'P2P', 'TP', 'INTRA', 4, 2, 3
'FWD_TP_COMM_INTRA_1', 'Comm', 2067.0489063153855, 2067.052485459799, 0.0035791444133333335, 51539607552.0, 'P2P', 'TP', 'INTRA', 4, 2, 3
'FWD_TP_COMM_INTRA_2', 'Comm', 2067.0489063153855, 2067.052485459799, 0.0035791444133333335, 51539607552.0, 'P2P', 'TP', 'INTRA', 4, 2, 3
'FWD_TP_COMM_INTRA_3', 'Comm', 2067.0489063153855, 2067.052485459799, 0.0035791444133333335, 51539607552.0, 'P2P', 'TP', 'INTRA', 4, 2, 3
'FWD_TP_COMM_INTRA_4', 'Comm', 2067.0489063153855, 2067.052485459799, 0.0035791444133333335, 51539607552.0, 'P2P', 'TP', 'INTRA', 4, 2, 3
'FWD_TP_COMM_INTRA_5', 'Comm', 2067.0489063153855, 2067.052485459799, 0.0035791444133333335, 51539607552.0, 'P2P', 'TP', 'INTRA', 4, 2, 3
'FWD_MHA', 'Compute', 2067.0703811818653, 2092.9186824340063, 25.84830125214084, 'NONE', 'NONE', 'NONE', 0
'FWD_TP_COMM_INTRA_0', 'Comm', 2092.9186824340063, 2092.9222615784197, 0.0035791444133333335, 51539607552.0, 'P2P', 'TP', 'INTRA', 4, 2, 3
'FWD_TP_COMM_INTRA_1', 'Comm', 2092.9186824340063, 2092.9222615784197, 0.0035791444133333335, 51539607552.0, 'P2P', 'TP', 'INTRA', 4, 2, 3
'FWD_TP_COMM_INTRA_2', 'Comm', 2092.9186824340063, 2092.9222615784197, 0.0035791444133333335, 51539607552.0, 'P2P', 'TP', 'INTRA', 4, 2, 3
'FWD_TP_COMM_INTRA_3', 'Comm', 2092.9186824340063, 2092.9222615784197, 0.0035791444133333335, 51539607552.0, 'P2P', 'TP', 'INTRA', 4, 2, 3
'FWD_TP_COMM_INTRA_4', 'Comm', 2092.9186824340063, 2092.9222615784197, 0.0035791444133333335, 51539607552.0, 'P2P', 'TP', 'INTRA', 4, 2, 3
'FWD_TP_COMM_INTRA_5', 'Comm', 2092.9186824340063, 2092.9222615784197, 0.0035791444133333335, 51539607552.0, 'P2P', 'TP', 'INTRA', 4, 2, 3
'FWD_FFN', 'Compute', 2092.940157300486, 2100.3887511731573, 7.4485938726711, 'NONE', 'NONE', 'NONE', 0
'FWD_TP_COMM_INTRA_0', 'Comm', 2100.3887511731573, 2100.3923303175707, 0.0035791444133333335, 51539607552.0, 'P2P', 'TP', 'INTRA', 4, 2, 3
'FWD_TP_COMM_INTRA_1', 'Comm', 2100.3887511731573, 2100.3923303175707, 0.0035791444133333335, 51539607552.0, 'P2P', 'TP', 'INTRA', 4, 2, 3
'FWD_TP_COMM_INTRA_2', 'Comm', 2100.3887511731573, 2100.3923303175707, 0.0035791444133333335, 51539607552.0, 'P2P', 'TP', 'INTRA', 4, 2, 3
'FWD_TP_COMM_INTRA_3', 'Comm', 2100.3887511731573, 2100.3923303175707, 0.0035791444133333335, 51539607552.0, 'P2P', 'TP', 'INTRA', 4, 2, 3
'FWD_TP_COMM_INTRA_4', 'Comm', 2100.3887511731573, 2100.3923303175707, 0.0035791444133333335, 51539607552.0, 'P2P', 'TP', 'INTRA', 4, 2, 3
'FWD_TP_COMM_INTRA_5', 'Comm', 2100.3887511731573, 2100.3923303175707, 0.0035791444133333335, 51539607552.0, 'P2P', 'TP', 'INTRA', 4, 2, 3
'FWD_MHA', 'Compute', 2100.410226039637, 2126.258527291778, 25.84830125214084, 'NONE', 'NONE', 'NONE', 0
'FWD_TP_COMM_INTRA_0', 'Comm', 2126.258527291778, 2126.2621064361915, 0.0035791444133333335, 51539607552.0, 'P2P', 'TP', 'INTRA', 4, 2, 3
'FWD_TP_COMM_INTRA_1', 'Comm', 2126.258527291778, 2126.2621064361915, 0.0035791444133333335, 51539607552.0, 'P2P', 'TP', 'INTRA', 4, 2, 3
'FWD_TP_COMM_INTRA_2', 'Comm', 2126.258527291778, 2126.2621064361915, 0.0035791444133333335, 51539607552.0, 'P2P', 'TP', 'INTRA', 4, 2, 3
'FWD_TP_COMM_INTRA_3', 'Comm', 2126.258527291778, 2126.2621064361915, 0.0035791444133333335, 51539607552.0, 'P2P', 'TP', 'INTRA', 4, 2, 3
'FWD_TP_COMM_INTRA_4', 'Comm', 2126.258527291778, 2126.2621064361915, 0.0035791444133333335, 51539607552.0, 'P2P', 'TP', 'INTRA', 4, 2, 3
'FWD_TP_COMM_INTRA_5', 'Comm', 2126.258527291778, 2126.2621064361915, 0.0035791444133333335, 51539607552.0, 'P2P', 'TP', 'INTRA', 4, 2, 3
'FWD_FFN', 'Compute', 2126.280002158258, 2133.728596030929, 7.4485938726711, 'NONE', 'NONE', 'NONE', 0
'FWD_TP_COMM_INTRA_0', 'Comm', 2133.728596030929, 2133.7321751753425, 0.0035791444133333335, 51539607552.0, 'P2P', 'TP', 'INTRA', 4, 2, 3
'FWD_TP_COMM_INTRA_1', 'Comm', 2133.728596030929, 2133.7321751753425, 0.0035791444133333335, 51539607552.0, 'P2P', 'TP', 'INTRA', 4, 2, 3
'FWD_TP_COMM_INTRA_2', 'Comm', 2133.728596030929, 2133.7321751753425, 0.0035791444133333335, 51539607552.0, 'P2P', 'TP', 'INTRA', 4, 2, 3
'FWD_TP_COMM_INTRA_3', 'Comm', 2133.728596030929, 2133.7321751753425, 0.0035791444133333335, 51539607552.0, 'P2P', 'TP', 'INTRA', 4, 2, 3
'FWD_TP_COMM_INTRA_4', 'Comm', 2133.728596030929, 2133.7321751753425, 0.0035791444133333335, 51539607552.0, 'P2P', 'TP', 'INTRA', 4, 2, 3
'FWD_TP_COMM_INTRA_5', 'Comm', 2133.728596030929, 2133.7321751753425, 0.0035791444133333335, 51539607552.0, 'P2P', 'TP', 'INTRA', 4, 2, 3
'FWD_MHA', 'Compute', 2133.750070897409, 2159.59837214955, 25.84830125214084, 'NONE', 'NONE', 'NONE', 0
'FWD_TP_COMM_INTRA_0', 'Comm', 2159.59837214955, 2159.6019512939633, 0.0035791444133333335, 51539607552.0, 'P2P', 'TP', 'INTRA', 4, 2, 3
'FWD_TP_COMM_INTRA_1', 'Comm', 2159.59837214955, 2159.6019512939633, 0.0035791444133333335, 51539607552.0, 'P2P', 'TP', 'INTRA', 4, 2, 3
'FWD_TP_COMM_INTRA_2', 'Comm', 2159.59837214955, 2159.6019512939633, 0.0035791444133333335, 51539607552.0, 'P2P', 'TP', 'INTRA', 4, 2, 3
'FWD_TP_COMM_INTRA_3', 'Comm', 2159.59837214955, 2159.6019512939633, 0.0035791444133333335, 51539607552.0, 'P2P', 'TP', 'INTRA', 4, 2, 3
'FWD_TP_COMM_INTRA_4', 'Comm', 2159.59837214955, 2159.6019512939633, 0.0035791444133333335, 51539607552.0, 'P2P', 'TP', 'INTRA', 4, 2, 3
'FWD_TP_COMM_INTRA_5', 'Comm', 2159.59837214955, 2159.6019512939633, 0.0035791444133333335, 51539607552.0, 'P2P', 'TP', 'INTRA', 4, 2, 3
'FWD_FFN', 'Compute', 2159.61984701603, 2167.068440888701, 7.4485938726711, 'NONE', 'NONE', 'NONE', 0
'FWD_TP_COMM_INTRA_0', 'Comm', 2167.068440888701, 2167.0720200331143, 0.0035791444133333335, 51539607552.0, 'P2P', 'TP', 'INTRA', 4, 2, 3
'FWD_TP_COMM_INTRA_1', 'Comm', 2167.068440888701, 2167.0720200331143, 0.0035791444133333335, 51539607552.0, 'P2P', 'TP', 'INTRA', 4, 2, 3
'FWD_TP_COMM_INTRA_2', 'Comm', 2167.068440888701, 2167.0720200331143, 0.0035791444133333335, 51539607552.0, 'P2P', 'TP', 'INTRA', 4, 2, 3
'FWD_TP_COMM_INTRA_3', 'Comm', 2167.068440888701, 2167.0720200331143, 0.0035791444133333335, 51539607552.0, 'P2P', 'TP', 'INTRA', 4, 2, 3
'FWD_TP_COMM_INTRA_4', 'Comm', 2167.068440888701, 2167.0720200331143, 0.0035791444133333335, 51539607552.0, 'P2P', 'TP', 'INTRA', 4, 2, 3
'FWD_TP_COMM_INTRA_5', 'Comm', 2167.068440888701, 2167.0720200331143, 0.0035791444133333335, 51539607552.0, 'P2P', 'TP', 'INTRA', 4, 2, 3
'FWD_MHA', 'Compute', 2167.0899157551808, 2192.938217007322, 25.84830125214084, 'NONE', 'NONE', 'NONE', 0
'FWD_TP_COMM_INTRA_0', 'Comm', 2192.938217007322, 2192.941796151735, 0.0035791444133333335, 51539607552.0, 'P2P', 'TP', 'INTRA', 4, 2, 3
'FWD_TP_COMM_INTRA_1', 'Comm', 2192.938217007322, 2192.941796151735, 0.0035791444133333335, 51539607552.0, 'P2P', 'TP', 'INTRA', 4, 2, 3
'FWD_TP_COMM_INTRA_2', 'Comm', 2192.938217007322, 2192.941796151735, 0.0035791444133333335, 51539607552.0, 'P2P', 'TP', 'INTRA', 4, 2, 3
'FWD_TP_COMM_INTRA_3', 'Comm', 2192.938217007322, 2192.941796151735, 0.0035791444133333335, 51539607552.0, 'P2P', 'TP', 'INTRA', 4, 2, 3
'FWD_TP_COMM_INTRA_4', 'Comm', 2192.938217007322, 2192.941796151735, 0.0035791444133333335, 51539607552.0, 'P2P', 'TP', 'INTRA', 4, 2, 3
'FWD_TP_COMM_INTRA_5', 'Comm', 2192.938217007322, 2192.941796151735, 0.0035791444133333335, 51539607552.0, 'P2P', 'TP', 'INTRA', 4, 2, 3
'FWD_FFN', 'Compute', 2192.9596918738016, 2200.4082857464728, 7.4485938726711, 'NONE', 'NONE', 'NONE', 0
'FWD_TP_COMM_INTRA_0', 'Comm', 2200.4082857464728, 2200.411864890886, 0.0035791444133333335, 51539607552.0, 'P2P', 'TP', 'INTRA', 4, 2, 3
'FWD_TP_COMM_INTRA_1', 'Comm', 2200.4082857464728, 2200.411864890886, 0.0035791444133333335, 51539607552.0, 'P2P', 'TP', 'INTRA', 4, 2, 3
'FWD_TP_COMM_INTRA_2', 'Comm', 2200.4082857464728, 2200.411864890886, 0.0035791444133333335, 51539607552.0, 'P2P', 'TP', 'INTRA', 4, 2, 3
'FWD_TP_COMM_INTRA_3', 'Comm', 2200.4082857464728, 2200.411864890886, 0.0035791444133333335, 51539607552.0, 'P2P', 'TP', 'INTRA', 4, 2, 3
'FWD_TP_COMM_INTRA_4', 'Comm', 2200.4082857464728, 2200.411864890886, 0.0035791444133333335, 51539607552.0, 'P2P', 'TP', 'INTRA', 4, 2, 3
'FWD_TP_COMM_INTRA_5', 'Comm', 2200.4082857464728, 2200.411864890886, 0.0035791444133333335, 51539607552.0, 'P2P', 'TP', 'INTRA', 4, 2, 3
'FWD_MHA', 'Compute', 2200.4297606129526, 2226.2780618650936, 25.84830125214084, 'NONE', 'NONE', 'NONE', 0
'FWD_TP_COMM_INTRA_0', 'Comm', 2226.2780618650936, 2226.281641009507, 0.0035791444133333335, 51539607552.0, 'P2P', 'TP', 'INTRA', 4, 2, 3
'FWD_TP_COMM_INTRA_1', 'Comm', 2226.2780618650936, 2226.281641009507, 0.0035791444133333335, 51539607552.0, 'P2P', 'TP', 'INTRA', 4, 2, 3
'FWD_TP_COMM_INTRA_2', 'Comm', 2226.2780618650936, 2226.281641009507, 0.0035791444133333335, 51539607552.0, 'P2P', 'TP', 'INTRA', 4, 2, 3
'FWD_TP_COMM_INTRA_3', 'Comm', 2226.2780618650936, 2226.281641009507, 0.0035791444133333335, 51539607552.0, 'P2P', 'TP', 'INTRA', 4, 2, 3
'FWD_TP_COMM_INTRA_4', 'Comm', 2226.2780618650936, 2226.281641009507, 0.0035791444133333335, 51539607552.0, 'P2P', 'TP', 'INTRA', 4, 2, 3
'FWD_TP_COMM_INTRA_5', 'Comm', 2226.2780618650936, 2226.281641009507, 0.0035791444133333335, 51539607552.0, 'P2P', 'TP', 'INTRA', 4, 2, 3
'FWD_FFN', 'Compute', 2226.2995367315734, 2233.7481306042446, 7.4485938726711, 'NONE', 'NONE', 'NONE', 0
'FWD_TP_COMM_INTRA_0', 'Comm', 2233.7481306042446, 2233.751709748658, 0.0035791444133333335, 51539607552.0, 'P2P', 'TP', 'INTRA', 4, 2, 3
'FWD_TP_COMM_INTRA_1', 'Comm', 2233.7481306042446, 2233.751709748658, 0.0035791444133333335, 51539607552.0, 'P2P', 'TP', 'INTRA', 4, 2, 3
'FWD_TP_COMM_INTRA_2', 'Comm', 2233.7481306042446, 2233.751709748658, 0.0035791444133333335, 51539607552.0, 'P2P', 'TP', 'INTRA', 4, 2, 3
'FWD_TP_COMM_INTRA_3', 'Comm', 2233.7481306042446, 2233.751709748658, 0.0035791444133333335, 51539607552.0, 'P2P', 'TP', 'INTRA', 4, 2, 3
'FWD_TP_COMM_INTRA_4', 'Comm', 2233.7481306042446, 2233.751709748658, 0.0035791444133333335, 51539607552.0, 'P2P', 'TP', 'INTRA', 4, 2, 3
'FWD_TP_COMM_INTRA_5', 'Comm', 2233.7481306042446, 2233.751709748658, 0.0035791444133333335, 51539607552.0, 'P2P', 'TP', 'INTRA', 4, 2, 3
'FWD_MHA', 'Compute', 2233.7696054707244, 2259.6179067228654, 25.84830125214084, 'NONE', 'NONE', 'NONE', 0
'FWD_TP_COMM_INTRA_0', 'Comm', 2259.6179067228654, 2259.621485867279, 0.0035791444133333335, 51539607552.0, 'P2P', 'TP', 'INTRA', 4, 2, 3
'FWD_TP_COMM_INTRA_1', 'Comm', 2259.6179067228654, 2259.621485867279, 0.0035791444133333335, 51539607552.0, 'P2P', 'TP', 'INTRA', 4, 2, 3
'FWD_TP_COMM_INTRA_2', 'Comm', 2259.6179067228654, 2259.621485867279, 0.0035791444133333335, 51539607552.0, 'P2P', 'TP', 'INTRA', 4, 2, 3
'FWD_TP_COMM_INTRA_3', 'Comm', 2259.6179067228654, 2259.621485867279, 0.0035791444133333335, 51539607552.0, 'P2P', 'TP', 'INTRA', 4, 2, 3
'FWD_TP_COMM_INTRA_4', 'Comm', 2259.6179067228654, 2259.621485867279, 0.0035791444133333335, 51539607552.0, 'P2P', 'TP', 'INTRA', 4, 2, 3
'FWD_TP_COMM_INTRA_5', 'Comm', 2259.6179067228654, 2259.621485867279, 0.0035791444133333335, 51539607552.0, 'P2P', 'TP', 'INTRA', 4, 2, 3
'FWD_FFN', 'Compute', 2259.6393815893452, 2267.0879754620164, 7.4485938726711, 'NONE', 'NONE', 'NONE', 0
'FWD_TP_COMM_INTRA_0', 'Comm', 2267.0879754620164, 2267.09155460643, 0.0035791444133333335, 51539607552.0, 'P2P', 'TP', 'INTRA', 4, 2, 3
'FWD_TP_COMM_INTRA_1', 'Comm', 2267.0879754620164, 2267.09155460643, 0.0035791444133333335, 51539607552.0, 'P2P', 'TP', 'INTRA', 4, 2, 3
'FWD_TP_COMM_INTRA_2', 'Comm', 2267.0879754620164, 2267.09155460643, 0.0035791444133333335, 51539607552.0, 'P2P', 'TP', 'INTRA', 4, 2, 3
'FWD_TP_COMM_INTRA_3', 'Comm', 2267.0879754620164, 2267.09155460643, 0.0035791444133333335, 51539607552.0, 'P2P', 'TP', 'INTRA', 4, 2, 3
'FWD_TP_COMM_INTRA_4', 'Comm', 2267.0879754620164, 2267.09155460643, 0.0035791444133333335, 51539607552.0, 'P2P', 'TP', 'INTRA', 4, 2, 3
'FWD_TP_COMM_INTRA_5', 'Comm', 2267.0879754620164, 2267.09155460643, 0.0035791444133333335, 51539607552.0, 'P2P', 'TP', 'INTRA', 4, 2, 3
'FWD_MHA', 'Compute', 2267.109450328496, 2292.9577515806373, 25.84830125214084, 'NONE', 'NONE', 'NONE', 0
'FWD_TP_COMM_INTRA_0', 'Comm', 2292.9577515806373, 2292.9613307250506, 0.0035791444133333335, 51539607552.0, 'P2P', 'TP', 'INTRA', 4, 2, 3
'FWD_TP_COMM_INTRA_1', 'Comm', 2292.9577515806373, 2292.9613307250506, 0.0035791444133333335, 51539607552.0, 'P2P', 'TP', 'INTRA', 4, 2, 3
'FWD_TP_COMM_INTRA_2', 'Comm', 2292.9577515806373, 2292.9613307250506, 0.0035791444133333335, 51539607552.0, 'P2P', 'TP', 'INTRA', 4, 2, 3
'FWD_TP_COMM_INTRA_3', 'Comm', 2292.9577515806373, 2292.9613307250506, 0.0035791444133333335, 51539607552.0, 'P2P', 'TP', 'INTRA', 4, 2, 3
'FWD_TP_COMM_INTRA_4', 'Comm', 2292.9577515806373, 2292.9613307250506, 0.0035791444133333335, 51539607552.0, 'P2P', 'TP', 'INTRA', 4, 2, 3
'FWD_TP_COMM_INTRA_5', 'Comm', 2292.9577515806373, 2292.9613307250506, 0.0035791444133333335, 51539607552.0, 'P2P', 'TP', 'INTRA', 4, 2, 3
'FWD_FFN', 'Compute', 2292.979226447117, 2300.427820319788, 7.4485938726711, 'NONE', 'NONE', 'NONE', 0
'FWD_TP_COMM_INTRA_0', 'Comm', 2300.427820319788, 2300.4313994642016, 0.0035791444133333335, 51539607552.0, 'P2P', 'TP', 'INTRA', 4, 2, 3
'FWD_TP_COMM_INTRA_1', 'Comm', 2300.427820319788, 2300.4313994642016, 0.0035791444133333335, 51539607552.0, 'P2P', 'TP', 'INTRA', 4, 2, 3
'FWD_TP_COMM_INTRA_2', 'Comm', 2300.427820319788, 2300.4313994642016, 0.0035791444133333335, 51539607552.0, 'P2P', 'TP', 'INTRA', 4, 2, 3
'FWD_TP_COMM_INTRA_3', 'Comm', 2300.427820319788, 2300.4313994642016, 0.0035791444133333335, 51539607552.0, 'P2P', 'TP', 'INTRA', 4, 2, 3
'FWD_TP_COMM_INTRA_4', 'Comm', 2300.427820319788, 2300.4313994642016, 0.0035791444133333335, 51539607552.0, 'P2P', 'TP', 'INTRA', 4, 2, 3
'FWD_TP_COMM_INTRA_5', 'Comm', 2300.427820319788, 2300.4313994642016, 0.0035791444133333335, 51539607552.0, 'P2P', 'TP', 'INTRA', 4, 2, 3
'FWD_MHA', 'Compute', 2300.449295186268, 2326.297596438409, 25.84830125214084, 'NONE', 'NONE', 'NONE', 0
'FWD_TP_COMM_INTRA_0', 'Comm', 2326.297596438409, 2326.3011755828225, 0.0035791444133333335, 51539607552.0, 'P2P', 'TP', 'INTRA', 4, 2, 3
'FWD_TP_COMM_INTRA_1', 'Comm', 2326.297596438409, 2326.3011755828225, 0.0035791444133333335, 51539607552.0, 'P2P', 'TP', 'INTRA', 4, 2, 3
'FWD_TP_COMM_INTRA_2', 'Comm', 2326.297596438409, 2326.3011755828225, 0.0035791444133333335, 51539607552.0, 'P2P', 'TP', 'INTRA', 4, 2, 3
'FWD_TP_COMM_INTRA_3', 'Comm', 2326.297596438409, 2326.3011755828225, 0.0035791444133333335, 51539607552.0, 'P2P', 'TP', 'INTRA', 4, 2, 3
'FWD_TP_COMM_INTRA_4', 'Comm', 2326.297596438409, 2326.3011755828225, 0.0035791444133333335, 51539607552.0, 'P2P', 'TP', 'INTRA', 4, 2, 3
'FWD_TP_COMM_INTRA_5', 'Comm', 2326.297596438409, 2326.3011755828225, 0.0035791444133333335, 51539607552.0, 'P2P', 'TP', 'INTRA', 4, 2, 3
'FWD_FFN', 'Compute', 2326.319071304889, 2333.76766517756, 7.4485938726711, 'NONE', 'NONE', 'NONE', 0
'FWD_TP_COMM_INTRA_0', 'Comm', 2333.76766517756, 2333.7712443219734, 0.0035791444133333335, 51539607552.0, 'P2P', 'TP', 'INTRA', 4, 2, 3
'FWD_TP_COMM_INTRA_1', 'Comm', 2333.76766517756, 2333.7712443219734, 0.0035791444133333335, 51539607552.0, 'P2P', 'TP', 'INTRA', 4, 2, 3
'FWD_TP_COMM_INTRA_2', 'Comm', 2333.76766517756, 2333.7712443219734, 0.0035791444133333335, 51539607552.0, 'P2P', 'TP', 'INTRA', 4, 2, 3
'FWD_TP_COMM_INTRA_3', 'Comm', 2333.76766517756, 2333.7712443219734, 0.0035791444133333335, 51539607552.0, 'P2P', 'TP', 'INTRA', 4, 2, 3
'FWD_TP_COMM_INTRA_4', 'Comm', 2333.76766517756, 2333.7712443219734, 0.0035791444133333335, 51539607552.0, 'P2P', 'TP', 'INTRA', 4, 2, 3
'FWD_TP_COMM_INTRA_5', 'Comm', 2333.76766517756, 2333.7712443219734, 0.0035791444133333335, 51539607552.0, 'P2P', 'TP', 'INTRA', 4, 2, 3
'FWD_MHA', 'Compute', 2333.78914004404, 2359.637441296181, 25.84830125214084, 'NONE', 'NONE', 'NONE', 0
'FWD_TP_COMM_INTRA_0', 'Comm', 2359.637441296181, 2359.6410204405943, 0.0035791444133333335, 51539607552.0, 'P2P', 'TP', 'INTRA', 4, 2, 3
'FWD_TP_COMM_INTRA_1', 'Comm', 2359.637441296181, 2359.6410204405943, 0.0035791444133333335, 51539607552.0, 'P2P', 'TP', 'INTRA', 4, 2, 3
'FWD_TP_COMM_INTRA_2', 'Comm', 2359.637441296181, 2359.6410204405943, 0.0035791444133333335, 51539607552.0, 'P2P', 'TP', 'INTRA', 4, 2, 3
'FWD_TP_COMM_INTRA_3', 'Comm', 2359.637441296181, 2359.6410204405943, 0.0035791444133333335, 51539607552.0, 'P2P', 'TP', 'INTRA', 4, 2, 3
'FWD_TP_COMM_INTRA_4', 'Comm', 2359.637441296181, 2359.6410204405943, 0.0035791444133333335, 51539607552.0, 'P2P', 'TP', 'INTRA', 4, 2, 3
'FWD_TP_COMM_INTRA_5', 'Comm', 2359.637441296181, 2359.6410204405943, 0.0035791444133333335, 51539607552.0, 'P2P', 'TP', 'INTRA', 4, 2, 3
'FWD_FFN', 'Compute', 2359.6589161626607, 2367.107510035332, 7.4485938726711, 'NONE', 'NONE', 'NONE', 0
'FWD_TP_COMM_INTRA_0', 'Comm', 2367.107510035332, 2367.1110891797452, 0.0035791444133333335, 51539607552.0, 'P2P', 'TP', 'INTRA', 4, 2, 3
'FWD_TP_COMM_INTRA_1', 'Comm', 2367.107510035332, 2367.1110891797452, 0.0035791444133333335, 51539607552.0, 'P2P', 'TP', 'INTRA', 4, 2, 3
'FWD_TP_COMM_INTRA_2', 'Comm', 2367.107510035332, 2367.1110891797452, 0.0035791444133333335, 51539607552.0, 'P2P', 'TP', 'INTRA', 4, 2, 3
'FWD_TP_COMM_INTRA_3', 'Comm', 2367.107510035332, 2367.1110891797452, 0.0035791444133333335, 51539607552.0, 'P2P', 'TP', 'INTRA', 4, 2, 3
'FWD_TP_COMM_INTRA_4', 'Comm', 2367.107510035332, 2367.1110891797452, 0.0035791444133333335, 51539607552.0, 'P2P', 'TP', 'INTRA', 4, 2, 3
'FWD_TP_COMM_INTRA_5', 'Comm', 2367.107510035332, 2367.1110891797452, 0.0035791444133333335, 51539607552.0, 'P2P', 'TP', 'INTRA', 4, 2, 3
'FWD_MHA', 'Compute', 2367.1289849018117, 2392.9772861539527, 25.84830125214084, 'NONE', 'NONE', 'NONE', 0
'FWD_TP_COMM_INTRA_0', 'Comm', 2392.9772861539527, 2392.980865298366, 0.0035791444133333335, 51539607552.0, 'P2P', 'TP', 'INTRA', 4, 2, 3
'FWD_TP_COMM_INTRA_1', 'Comm', 2392.9772861539527, 2392.980865298366, 0.0035791444133333335, 51539607552.0, 'P2P', 'TP', 'INTRA', 4, 2, 3
'FWD_TP_COMM_INTRA_2', 'Comm', 2392.9772861539527, 2392.980865298366, 0.0035791444133333335, 51539607552.0, 'P2P', 'TP', 'INTRA', 4, 2, 3
'FWD_TP_COMM_INTRA_3', 'Comm', 2392.9772861539527, 2392.980865298366, 0.0035791444133333335, 51539607552.0, 'P2P', 'TP', 'INTRA', 4, 2, 3
'FWD_TP_COMM_INTRA_4', 'Comm', 2392.9772861539527, 2392.980865298366, 0.0035791444133333335, 51539607552.0, 'P2P', 'TP', 'INTRA', 4, 2, 3
'FWD_TP_COMM_INTRA_5', 'Comm', 2392.9772861539527, 2392.980865298366, 0.0035791444133333335, 51539607552.0, 'P2P', 'TP', 'INTRA', 4, 2, 3
'FWD_FFN', 'Compute', 2392.9987610204325, 2400.4473548931037, 7.4485938726711, 'NONE', 'NONE', 'NONE', 0
'FWD_TP_COMM_INTRA_0', 'Comm', 2400.4473548931037, 2400.450934037517, 0.0035791444133333335, 51539607552.0, 'P2P', 'TP', 'INTRA', 4, 2, 3
'FWD_TP_COMM_INTRA_1', 'Comm', 2400.4473548931037, 2400.450934037517, 0.0035791444133333335, 51539607552.0, 'P2P', 'TP', 'INTRA', 4, 2, 3
'FWD_TP_COMM_INTRA_2', 'Comm', 2400.4473548931037, 2400.450934037517, 0.0035791444133333335, 51539607552.0, 'P2P', 'TP', 'INTRA', 4, 2, 3
'FWD_TP_COMM_INTRA_3', 'Comm', 2400.4473548931037, 2400.450934037517, 0.0035791444133333335, 51539607552.0, 'P2P', 'TP', 'INTRA', 4, 2, 3
'FWD_TP_COMM_INTRA_4', 'Comm', 2400.4473548931037, 2400.450934037517, 0.0035791444133333335, 51539607552.0, 'P2P', 'TP', 'INTRA', 4, 2, 3
'FWD_TP_COMM_INTRA_5', 'Comm', 2400.4473548931037, 2400.450934037517, 0.0035791444133333335, 51539607552.0, 'P2P', 'TP', 'INTRA', 4, 2, 3
'FWD_MHA', 'Compute', 2400.4688297595835, 2426.3171310117245, 25.84830125214084, 'NONE', 'NONE', 'NONE', 0
'FWD_TP_COMM_INTRA_0', 'Comm', 2426.3171310117245, 2426.320710156138, 0.0035791444133333335, 51539607552.0, 'P2P', 'TP', 'INTRA', 4, 2, 3
'FWD_TP_COMM_INTRA_1', 'Comm', 2426.3171310117245, 2426.320710156138, 0.0035791444133333335, 51539607552.0, 'P2P', 'TP', 'INTRA', 4, 2, 3
'FWD_TP_COMM_INTRA_2', 'Comm', 2426.3171310117245, 2426.320710156138, 0.0035791444133333335, 51539607552.0, 'P2P', 'TP', 'INTRA', 4, 2, 3
'FWD_TP_COMM_INTRA_3', 'Comm', 2426.3171310117245, 2426.320710156138, 0.0035791444133333335, 51539607552.0, 'P2P', 'TP', 'INTRA', 4, 2, 3
'FWD_TP_COMM_INTRA_4', 'Comm', 2426.3171310117245, 2426.320710156138, 0.0035791444133333335, 51539607552.0, 'P2P', 'TP', 'INTRA', 4, 2, 3
'FWD_TP_COMM_INTRA_5', 'Comm', 2426.3171310117245, 2426.320710156138, 0.0035791444133333335, 51539607552.0, 'P2P', 'TP', 'INTRA', 4, 2, 3
'FWD_FFN', 'Compute', 2426.3386058782044, 2433.7871997508755, 7.4485938726711, 'NONE', 'NONE', 'NONE', 0
'FWD_TP_COMM_INTRA_0', 'Comm', 2433.7871997508755, 2433.790778895289, 0.0035791444133333335, 51539607552.0, 'P2P', 'TP', 'INTRA', 4, 2, 3
'FWD_TP_COMM_INTRA_1', 'Comm', 2433.7871997508755, 2433.790778895289, 0.0035791444133333335, 51539607552.0, 'P2P', 'TP', 'INTRA', 4, 2, 3
'FWD_TP_COMM_INTRA_2', 'Comm', 2433.7871997508755, 2433.790778895289, 0.0035791444133333335, 51539607552.0, 'P2P', 'TP', 'INTRA', 4, 2, 3
'FWD_TP_COMM_INTRA_3', 'Comm', 2433.7871997508755, 2433.790778895289, 0.0035791444133333335, 51539607552.0, 'P2P', 'TP', 'INTRA', 4, 2, 3
'FWD_TP_COMM_INTRA_4', 'Comm', 2433.7871997508755, 2433.790778895289, 0.0035791444133333335, 51539607552.0, 'P2P', 'TP', 'INTRA', 4, 2, 3
'FWD_TP_COMM_INTRA_5', 'Comm', 2433.7871997508755, 2433.790778895289, 0.0035791444133333335, 51539607552.0, 'P2P', 'TP', 'INTRA', 4, 2, 3
'FWD_MHA', 'Compute', 2433.8086746173553, 2459.6569758694964, 25.84830125214084, 'NONE', 'NONE', 'NONE', 0
'FWD_TP_COMM_INTRA_0', 'Comm', 2459.6569758694964, 2459.6605550139097, 0.0035791444133333335, 51539607552.0, 'P2P', 'TP', 'INTRA', 4, 2, 3
'FWD_TP_COMM_INTRA_1', 'Comm', 2459.6569758694964, 2459.6605550139097, 0.0035791444133333335, 51539607552.0, 'P2P', 'TP', 'INTRA', 4, 2, 3

'FWD_TP_COMM_INTRA_2', 'Comm', 2459.6569758694964, 2459.6605550139097, 0.0035791444133333335, 51539607552.0, 'P2P', 'TP', 'INTRA', 4, 2, 3
'FWD_TP_COMM_INTRA_3', 'Comm', 2459.6569758694964, 2459.6605550139097, 0.0035791444133333335, 51539607552.0, 'P2P', 'TP', 'INTRA', 4, 2, 3
'FWD_TP_COMM_INTRA_4', 'Comm', 2459.6569758694964, 2459.6605550139097, 0.0035791444133333335, 51539607552.0, 'P2P', 'TP', 'INTRA', 4, 2, 3
'FWD_TP_COMM_INTRA_5', 'Comm', 2459.6569758694964, 2459.6605550139097, 0.0035791444133333335, 51539607552.0, 'P2P', 'TP', 'INTRA', 4, 2, 3
'FWD_FFN', 'Compute', 2459.678450735976, 2467.1270446086473, 7.4485938726711, 'NONE', 'NONE', 'NONE', 0
'FWD_TP_COMM_INTRA_0', 'Comm', 2467.1270446086473, 2467.1306237530607, 0.0035791444133333335, 51539607552.0, 'P2P', 'TP', 'INTRA', 4, 2, 3
'FWD_TP_COMM_INTRA_1', 'Comm', 2467.1270446086473, 2467.1306237530607, 0.0035791444133333335, 51539607552.0, 'P2P', 'TP', 'INTRA', 4, 2, 3
'FWD_TP_COMM_INTRA_2', 'Comm', 2467.1270446086473, 2467.1306237530607, 0.0035791444133333335, 51539607552.0, 'P2P', 'TP', 'INTRA', 4, 2, 3
'FWD_TP_COMM_INTRA_3', 'Comm', 2467.1270446086473, 2467.1306237530607, 0.0035791444133333335, 51539607552.0, 'P2P', 'TP', 'INTRA', 4, 2, 3
'FWD_TP_COMM_INTRA_4', 'Comm', 2467.1270446086473, 2467.1306237530607, 0.0035791444133333335, 51539607552.0, 'P2P', 'TP', 'INTRA', 4, 2, 3
'FWD_TP_COMM_INTRA_5', 'Comm', 2467.1270446086473, 2467.1306237530607, 0.0035791444133333335, 51539607552.0, 'P2P', 'TP', 'INTRA', 4, 2, 3
'FWD_MHA', 'Compute', 2467.148519475127, 2492.996820727268, 25.84830125214084, 'NONE', 'NONE', 'NONE', 0
'FWD_TP_COMM_INTRA_0', 'Comm', 2492.996820727268, 2493.0003998716816, 0.0035791444133333335, 51539607552.0, 'P2P', 'TP', 'INTRA', 4, 2, 3
'FWD_TP_COMM_INTRA_1', 'Comm', 2492.996820727268, 2493.0003998716816, 0.0035791444133333335, 51539607552.0, 'P2P', 'TP', 'INTRA', 4, 2, 3
'FWD_TP_COMM_INTRA_2', 'Comm', 2492.996820727268, 2493.0003998716816, 0.0035791444133333335, 51539607552.0, 'P2P', 'TP', 'INTRA', 4, 2, 3
'FWD_TP_COMM_INTRA_3', 'Comm', 2492.996820727268, 2493.0003998716816, 0.0035791444133333335, 51539607552.0, 'P2P', 'TP', 'INTRA', 4, 2, 3
'FWD_TP_COMM_INTRA_4', 'Comm', 2492.996820727268, 2493.0003998716816, 0.0035791444133333335, 51539607552.0, 'P2P', 'TP', 'INTRA', 4, 2, 3
'FWD_TP_COMM_INTRA_5', 'Comm', 2492.996820727268, 2493.0003998716816, 0.0035791444133333335, 51539607552.0, 'P2P', 'TP', 'INTRA', 4, 2, 3
'FWD_FFN', 'Compute', 2493.018295593748, 2500.466889466419, 7.4485938726711, 'NONE', 'NONE', 'NONE', 0
'FWD_TP_COMM_INTRA_0', 'Comm', 2500.466889466419, 2500.4704686108325, 0.0035791444133333335, 51539607552.0, 'P2P', 'TP', 'INTRA', 4, 2, 3
'FWD_TP_COMM_INTRA_1', 'Comm', 2500.466889466419, 2500.4704686108325, 0.0035791444133333335, 51539607552.0, 'P2P', 'TP', 'INTRA', 4, 2, 3
'FWD_TP_COMM_INTRA_2', 'Comm', 2500.466889466419, 2500.4704686108325, 0.0035791444133333335, 51539607552.0, 'P2P', 'TP', 'INTRA', 4, 2, 3
'FWD_TP_COMM_INTRA_3', 'Comm', 2500.466889466419, 2500.4704686108325, 0.0035791444133333335, 51539607552.0, 'P2P', 'TP', 'INTRA', 4, 2, 3
'FWD_TP_COMM_INTRA_4', 'Comm', 2500.466889466419, 2500.4704686108325, 0.0035791444133333335, 51539607552.0, 'P2P', 'TP', 'INTRA', 4, 2, 3
'FWD_TP_COMM_INTRA_5', 'Comm', 2500.466889466419, 2500.4704686108325, 0.0035791444133333335, 51539607552.0, 'P2P', 'TP', 'INTRA', 4, 2, 3
'FWD_MHA', 'Compute', 2500.488364332899, 2526.33666558504, 25.84830125214084, 'NONE', 'NONE', 'NONE', 0
'FWD_TP_COMM_INTRA_0', 'Comm', 2526.33666558504, 2526.3402447294534, 0.0035791444133333335, 51539607552.0, 'P2P', 'TP', 'INTRA', 4, 2, 3
'FWD_TP_COMM_INTRA_1', 'Comm', 2526.33666558504, 2526.3402447294534, 0.0035791444133333335, 51539607552.0, 'P2P', 'TP', 'INTRA', 4, 2, 3
'FWD_TP_COMM_INTRA_2', 'Comm', 2526.33666558504, 2526.3402447294534, 0.0035791444133333335, 51539607552.0, 'P2P', 'TP', 'INTRA', 4, 2, 3
'FWD_TP_COMM_INTRA_3', 'Comm', 2526.33666558504, 2526.3402447294534, 0.0035791444133333335, 51539607552.0, 'P2P', 'TP', 'INTRA', 4, 2, 3
'FWD_TP_COMM_INTRA_4', 'Comm', 2526.33666558504, 2526.3402447294534, 0.0035791444133333335, 51539607552.0, 'P2P', 'TP', 'INTRA', 4, 2, 3
'FWD_TP_COMM_INTRA_5', 'Comm', 2526.33666558504, 2526.3402447294534, 0.0035791444133333335, 51539607552.0, 'P2P', 'TP', 'INTRA', 4, 2, 3
'FWD_FFN', 'Compute', 2526.35814045152, 2533.806734324191, 7.4485938726711, 'NONE', 'NONE', 'NONE', 0
'FWD_TP_COMM_INTRA_0', 'Comm', 2533.806734324191, 2533.8103134686044, 0.0035791444133333335, 51539607552.0, 'P2P', 'TP', 'INTRA', 4, 2, 3
'FWD_TP_COMM_INTRA_1', 'Comm', 2533.806734324191, 2533.8103134686044, 0.0035791444133333335, 51539607552.0, 'P2P', 'TP', 'INTRA', 4, 2, 3
'FWD_TP_COMM_INTRA_2', 'Comm', 2533.806734324191, 2533.8103134686044, 0.0035791444133333335, 51539607552.0, 'P2P', 'TP', 'INTRA', 4, 2, 3
'FWD_TP_COMM_INTRA_3', 'Comm', 2533.806734324191, 2533.8103134686044, 0.0035791444133333335, 51539607552.0, 'P2P', 'TP', 'INTRA', 4, 2, 3
'FWD_TP_COMM_INTRA_4', 'Comm', 2533.806734324191, 2533.8103134686044, 0.0035791444133333335, 51539607552.0, 'P2P', 'TP', 'INTRA', 4, 2, 3
'FWD_TP_COMM_INTRA_5', 'Comm', 2533.806734324191, 2533.8103134686044, 0.0035791444133333335, 51539607552.0, 'P2P', 'TP', 'INTRA', 4, 2, 3
'FWD_MHA', 'Compute', 2533.828209190671, 2559.676510442812, 25.84830125214084, 'NONE', 'NONE', 'NONE', 0
'FWD_TP_COMM_INTRA_0', 'Comm', 2559.676510442812, 2559.680089587225, 0.0035791444133333335, 51539607552.0, 'P2P', 'TP', 'INTRA', 4, 2, 3
'FWD_TP_COMM_INTRA_1', 'Comm', 2559.676510442812, 2559.680089587225, 0.0035791444133333335, 51539607552.0, 'P2P', 'TP', 'INTRA', 4, 2, 3
'FWD_TP_COMM_INTRA_2', 'Comm', 2559.676510442812, 2559.680089587225, 0.0035791444133333335, 51539607552.0, 'P2P', 'TP', 'INTRA', 4, 2, 3
'FWD_TP_COMM_INTRA_3', 'Comm', 2559.676510442812, 2559.680089587225, 0.0035791444133333335, 51539607552.0, 'P2P', 'TP', 'INTRA', 4, 2, 3
'FWD_TP_COMM_INTRA_4', 'Comm', 2559.676510442812, 2559.680089587225, 0.0035791444133333335, 51539607552.0, 'P2P', 'TP', 'INTRA', 4, 2, 3
'FWD_TP_COMM_INTRA_5', 'Comm', 2559.676510442812, 2559.680089587225, 0.0035791444133333335, 51539607552.0, 'P2P', 'TP', 'INTRA', 4, 2, 3
'FWD_FFN', 'Compute', 2559.6979853092917, 2567.146579181963, 7.4485938726711, 'NONE', 'NONE', 'NONE', 0
'FWD_TP_COMM_INTRA_0', 'Comm', 2567.146579181963, 2567.150158326376, 0.0035791444133333335, 51539607552.0, 'P2P', 'TP', 'INTRA', 4, 2, 3
'FWD_TP_COMM_INTRA_1', 'Comm', 2567.146579181963, 2567.150158326376, 0.0035791444133333335, 51539607552.0, 'P2P', 'TP', 'INTRA', 4, 2, 3
'FWD_TP_COMM_INTRA_2', 'Comm', 2567.146579181963, 2567.150158326376, 0.0035791444133333335, 51539607552.0, 'P2P', 'TP', 'INTRA', 4, 2, 3
'FWD_TP_COMM_INTRA_3', 'Comm', 2567.146579181963, 2567.150158326376, 0.0035791444133333335, 51539607552.0, 'P2P', 'TP', 'INTRA', 4, 2, 3
'FWD_TP_COMM_INTRA_4', 'Comm', 2567.146579181963, 2567.150158326376, 0.0035791444133333335, 51539607552.0, 'P2P', 'TP', 'INTRA', 4, 2, 3
'FWD_TP_COMM_INTRA_5', 'Comm', 2567.146579181963, 2567.150158326376, 0.0035791444133333335, 51539607552.0, 'P2P', 'TP', 'INTRA', 4, 2, 3
'FWD_MHA', 'Compute', 2567.1680540484426, 2593.0163553005837, 25.84830125214084, 'NONE', 'NONE', 'NONE', 0
'FWD_TP_COMM_INTRA_0', 'Comm', 2593.0163553005837, 2593.019934444997, 0.0035791444133333335, 51539607552.0, 'P2P', 'TP', 'INTRA', 4, 2, 3
'FWD_TP_COMM_INTRA_1', 'Comm', 2593.0163553005837, 2593.019934444997, 0.0035791444133333335, 51539607552.0, 'P2P', 'TP', 'INTRA', 4, 2, 3
'FWD_TP_COMM_INTRA_2', 'Comm', 2593.0163553005837, 2593.019934444997, 0.0035791444133333335, 51539607552.0, 'P2P', 'TP', 'INTRA', 4, 2, 3
'FWD_TP_COMM_INTRA_3', 'Comm', 2593.0163553005837, 2593.019934444997, 0.0035791444133333335, 51539607552.0, 'P2P', 'TP', 'INTRA', 4, 2, 3
'FWD_TP_COMM_INTRA_4', 'Comm', 2593.0163553005837, 2593.019934444997, 0.0035791444133333335, 51539607552.0, 'P2P', 'TP', 'INTRA', 4, 2, 3
'FWD_TP_COMM_INTRA_5', 'Comm', 2593.0163553005837, 2593.019934444997, 0.0035791444133333335, 51539607552.0, 'P2P', 'TP', 'INTRA', 4, 2, 3
'FWD_FFN', 'Compute', 2593.0378301670635, 2600.4864240397346, 7.4485938726711, 'NONE', 'NONE', 'NONE', 0
'FWD_TP_COMM_INTRA_0', 'Comm', 2600.4864240397346, 2600.490003184148, 0.0035791444133333335, 51539607552.0, 'P2P', 'TP', 'INTRA', 4, 2, 3
'FWD_TP_COMM_INTRA_1', 'Comm', 2600.4864240397346, 2600.490003184148, 0.0035791444133333335, 51539607552.0, 'P2P', 'TP', 'INTRA', 4, 2, 3
'FWD_TP_COMM_INTRA_2', 'Comm', 2600.4864240397346, 2600.490003184148, 0.0035791444133333335, 51539607552.0, 'P2P', 'TP', 'INTRA', 4, 2, 3
'FWD_TP_COMM_INTRA_3', 'Comm', 2600.4864240397346, 2600.490003184148, 0.0035791444133333335, 51539607552.0, 'P2P', 'TP', 'INTRA', 4, 2, 3
'FWD_TP_COMM_INTRA_4', 'Comm', 2600.4864240397346, 2600.490003184148, 0.0035791444133333335, 51539607552.0, 'P2P', 'TP', 'INTRA', 4, 2, 3
'FWD_TP_COMM_INTRA_5', 'Comm', 2600.4864240397346, 2600.490003184148, 0.0035791444133333335, 51539607552.0, 'P2P', 'TP', 'INTRA', 4, 2, 3
'FWD_MHA', 'Compute', 2600.5078989062145, 2626.3562001583555, 25.84830125214084, 'NONE', 'NONE', 'NONE', 0
'FWD_TP_COMM_INTRA_0', 'Comm', 2626.3562001583555, 2626.359779302769, 0.0035791444133333335, 51539607552.0, 'P2P', 'TP', 'INTRA', 4, 2, 3
'FWD_TP_COMM_INTRA_1', 'Comm', 2626.3562001583555, 2626.359779302769, 0.0035791444133333335, 51539607552.0, 'P2P', 'TP', 'INTRA', 4, 2, 3
'FWD_TP_COMM_INTRA_2', 'Comm', 2626.3562001583555, 2626.359779302769, 0.0035791444133333335, 51539607552.0, 'P2P', 'TP', 'INTRA', 4, 2, 3
'FWD_TP_COMM_INTRA_3', 'Comm', 2626.3562001583555, 2626.359779302769, 0.0035791444133333335, 51539607552.0, 'P2P', 'TP', 'INTRA', 4, 2, 3
'FWD_TP_COMM_INTRA_4', 'Comm', 2626.3562001583555, 2626.359779302769, 0.0035791444133333335, 51539607552.0, 'P2P', 'TP', 'INTRA', 4, 2, 3
'FWD_TP_COMM_INTRA_5', 'Comm', 2626.3562001583555, 2626.359779302769, 0.0035791444133333335, 51539607552.0, 'P2P', 'TP', 'INTRA', 4, 2, 3
'FWD_FFN', 'Compute', 2626.3776750248353, 2633.8262688975065, 7.4485938726711, 'NONE', 'NONE', 'NONE', 0
'FWD_TP_COMM_INTRA_0', 'Comm', 2633.8262688975065, 2633.82984804192, 0.0035791444133333335, 51539607552.0, 'P2P', 'TP', 'INTRA', 4, 2, 3
'FWD_TP_COMM_INTRA_1', 'Comm', 2633.8262688975065, 2633.82984804192, 0.0035791444133333335, 51539607552.0, 'P2P', 'TP', 'INTRA', 4, 2, 3
'FWD_TP_COMM_INTRA_2', 'Comm', 2633.8262688975065, 2633.82984804192, 0.0035791444133333335, 51539607552.0, 'P2P', 'TP', 'INTRA', 4, 2, 3
'FWD_TP_COMM_INTRA_3', 'Comm', 2633.8262688975065, 2633.82984804192, 0.0035791444133333335, 51539607552.0, 'P2P', 'TP', 'INTRA', 4, 2, 3
'FWD_TP_COMM_INTRA_4', 'Comm', 2633.8262688975065, 2633.82984804192, 0.0035791444133333335, 51539607552.0, 'P2P', 'TP', 'INTRA', 4, 2, 3
'FWD_TP_COMM_INTRA_5', 'Comm', 2633.8262688975065, 2633.82984804192, 0.0035791444133333335, 51539607552.0, 'P2P', 'TP', 'INTRA', 4, 2, 3
'FWD_MHA', 'Compute', 2633.8477437639863, 2659.6960450161273, 25.84830125214084, 'NONE', 'NONE', 'NONE', 0
'FWD_TP_COMM_INTRA_0', 'Comm', 2659.6960450161273, 2659.6996241605407, 0.0035791444133333335, 51539607552.0, 'P2P', 'TP', 'INTRA', 4, 2, 3
'FWD_TP_COMM_INTRA_1', 'Comm', 2659.6960450161273, 2659.6996241605407, 0.0035791444133333335, 51539607552.0, 'P2P', 'TP', 'INTRA', 4, 2, 3
'FWD_TP_COMM_INTRA_2', 'Comm', 2659.6960450161273, 2659.6996241605407, 0.0035791444133333335, 51539607552.0, 'P2P', 'TP', 'INTRA', 4, 2, 3
'FWD_TP_COMM_INTRA_3', 'Comm', 2659.6960450161273, 2659.6996241605407, 0.0035791444133333335, 51539607552.0, 'P2P', 'TP', 'INTRA', 4, 2, 3
'FWD_TP_COMM_INTRA_4', 'Comm', 2659.6960450161273, 2659.6996241605407, 0.0035791444133333335, 51539607552.0, 'P2P', 'TP', 'INTRA', 4, 2, 3
'FWD_TP_COMM_INTRA_5', 'Comm', 2659.6960450161273, 2659.6996241605407, 0.0035791444133333335, 51539607552.0, 'P2P', 'TP', 'INTRA', 4, 2, 3
'FWD_FFN', 'Compute', 2659.717519882607, 2667.1661137552783, 7.4485938726711, 'NONE', 'NONE', 'NONE', 0
'FWD_TP_COMM_INTRA_0', 'Comm', 2667.1661137552783, 2667.1696928996917, 0.0035791444133333335, 51539607552.0, 'P2P', 'TP', 'INTRA', 4, 2, 3
'FWD_TP_COMM_INTRA_1', 'Comm', 2667.1661137552783, 2667.1696928996917, 0.0035791444133333335, 51539607552.0, 'P2P', 'TP', 'INTRA', 4, 2, 3
'FWD_TP_COMM_INTRA_2', 'Comm', 2667.1661137552783, 2667.1696928996917, 0.0035791444133333335, 51539607552.0, 'P2P', 'TP', 'INTRA', 4, 2, 3
'FWD_TP_COMM_INTRA_3', 'Comm', 2667.1661137552783, 2667.1696928996917, 0.0035791444133333335, 51539607552.0, 'P2P', 'TP', 'INTRA', 4, 2, 3
'FWD_TP_COMM_INTRA_4', 'Comm', 2667.1661137552783, 2667.1696928996917, 0.0035791444133333335, 51539607552.0, 'P2P', 'TP', 'INTRA', 4, 2, 3
'FWD_TP_COMM_INTRA_5', 'Comm', 2667.1661137552783, 2667.1696928996917, 0.0035791444133333335, 51539607552.0, 'P2P', 'TP', 'INTRA', 4, 2, 3
'FWD_MHA', 'Compute', 2667.187588621758, 2693.035889873899, 25.84830125214084, 'NONE', 'NONE', 'NONE', 0
'FWD_TP_COMM_INTRA_0', 'Comm', 2693.035889873899, 2693.0394690183125, 0.0035791444133333335, 51539607552.0, 'P2P', 'TP', 'INTRA', 4, 2, 3
'FWD_TP_COMM_INTRA_1', 'Comm', 2693.035889873899, 2693.0394690183125, 0.0035791444133333335, 51539607552.0, 'P2P', 'TP', 'INTRA', 4, 2, 3
'FWD_TP_COMM_INTRA_2', 'Comm', 2693.035889873899, 2693.0394690183125, 0.0035791444133333335, 51539607552.0, 'P2P', 'TP', 'INTRA', 4, 2, 3
'FWD_TP_COMM_INTRA_3', 'Comm', 2693.035889873899, 2693.0394690183125, 0.0035791444133333335, 51539607552.0, 'P2P', 'TP', 'INTRA', 4, 2, 3
'FWD_TP_COMM_INTRA_4', 'Comm', 2693.035889873899, 2693.0394690183125, 0.0035791444133333335, 51539607552.0, 'P2P', 'TP', 'INTRA', 4, 2, 3
'FWD_TP_COMM_INTRA_5', 'Comm', 2693.035889873899, 2693.0394690183125, 0.0035791444133333335, 51539607552.0, 'P2P', 'TP', 'INTRA', 4, 2, 3
'FWD_FFN', 'Compute', 2693.057364740379, 2700.50595861305, 7.4485938726711, 'NONE', 'NONE', 'NONE', 0
'FWD_TP_COMM_INTRA_0', 'Comm', 2700.50595861305, 2700.5095377574635, 0.0035791444133333335, 51539607552.0, 'P2P', 'TP', 'INTRA', 4, 2, 3
'FWD_TP_COMM_INTRA_1', 'Comm', 2700.50595861305, 2700.5095377574635, 0.0035791444133333335, 51539607552.0, 'P2P', 'TP', 'INTRA', 4, 2, 3
'FWD_TP_COMM_INTRA_2', 'Comm', 2700.50595861305, 2700.5095377574635, 0.0035791444133333335, 51539607552.0, 'P2P', 'TP', 'INTRA', 4, 2, 3
'FWD_TP_COMM_INTRA_3', 'Comm', 2700.50595861305, 2700.5095377574635, 0.0035791444133333335, 51539607552.0, 'P2P', 'TP', 'INTRA', 4, 2, 3
'FWD_TP_COMM_INTRA_4', 'Comm', 2700.50595861305, 2700.5095377574635, 0.0035791444133333335, 51539607552.0, 'P2P', 'TP', 'INTRA', 4, 2, 3
'FWD_TP_COMM_INTRA_5', 'Comm', 2700.50595861305, 2700.5095377574635, 0.0035791444133333335, 51539607552.0, 'P2P', 'TP', 'INTRA', 4, 2, 3
'FWD_MHA', 'Compute', 2700.52743347953, 2726.375734731671, 25.84830125214084, 'NONE', 'NONE', 'NONE', 0
'FWD_TP_COMM_INTRA_0', 'Comm', 2726.375734731671, 2726.3793138760843, 0.0035791444133333335, 51539607552.0, 'P2P', 'TP', 'INTRA', 4, 2, 3
'FWD_TP_COMM_INTRA_1', 'Comm', 2726.375734731671, 2726.3793138760843, 0.0035791444133333335, 51539607552.0, 'P2P', 'TP', 'INTRA', 4, 2, 3
'FWD_TP_COMM_INTRA_2', 'Comm', 2726.375734731671, 2726.3793138760843, 0.0035791444133333335, 51539607552.0, 'P2P', 'TP', 'INTRA', 4, 2, 3
'FWD_TP_COMM_INTRA_3', 'Comm', 2726.375734731671, 2726.3793138760843, 0.0035791444133333335, 51539607552.0, 'P2P', 'TP', 'INTRA', 4, 2, 3
'FWD_TP_COMM_INTRA_4', 'Comm', 2726.375734731671, 2726.3793138760843, 0.0035791444133333335, 51539607552.0, 'P2P', 'TP', 'INTRA', 4, 2, 3
'FWD_TP_COMM_INTRA_5', 'Comm', 2726.375734731671, 2726.3793138760843, 0.0035791444133333335, 51539607552.0, 'P2P', 'TP', 'INTRA', 4, 2, 3
'FWD_FFN', 'Compute', 2726.3972095981508, 2733.845803470822, 7.4485938726711, 'NONE', 'NONE', 'NONE', 0
'FWD_TP_COMM_INTRA_0', 'Comm', 2733.845803470822, 2733.8493826152353, 0.0035791444133333335, 51539607552.0, 'P2P', 'TP', 'INTRA', 4, 2, 3
'FWD_TP_COMM_INTRA_1', 'Comm', 2733.845803470822, 2733.8493826152353, 0.0035791444133333335, 51539607552.0, 'P2P', 'TP', 'INTRA', 4, 2, 3
'FWD_TP_COMM_INTRA_2', 'Comm', 2733.845803470822, 2733.8493826152353, 0.0035791444133333335, 51539607552.0, 'P2P', 'TP', 'INTRA', 4, 2, 3
'FWD_TP_COMM_INTRA_3', 'Comm', 2733.845803470822, 2733.8493826152353, 0.0035791444133333335, 51539607552.0, 'P2P', 'TP', 'INTRA', 4, 2, 3
'FWD_TP_COMM_INTRA_4', 'Comm', 2733.845803470822, 2733.8493826152353, 0.0035791444133333335, 51539607552.0, 'P2P', 'TP', 'INTRA', 4, 2, 3
'FWD_TP_COMM_INTRA_5', 'Comm', 2733.845803470822, 2733.8493826152353, 0.0035791444133333335, 51539607552.0, 'P2P', 'TP', 'INTRA', 4, 2, 3
'FWD_MHA', 'Compute', 2733.8672783373017, 2759.7155795894428, 25.84830125214084, 'NONE', 'NONE', 'NONE', 0
'FWD_TP_COMM_INTRA_0', 'Comm', 2759.7155795894428, 2759.719158733856, 0.0035791444133333335, 51539607552.0, 'P2P', 'TP', 'INTRA', 4, 2, 3
'FWD_TP_COMM_INTRA_1', 'Comm', 2759.7155795894428, 2759.719158733856, 0.0035791444133333335, 51539607552.0, 'P2P', 'TP', 'INTRA', 4, 2, 3
'FWD_TP_COMM_INTRA_2', 'Comm', 2759.7155795894428, 2759.719158733856, 0.0035791444133333335, 51539607552.0, 'P2P', 'TP', 'INTRA', 4, 2, 3
'FWD_TP_COMM_INTRA_3', 'Comm', 2759.7155795894428, 2759.719158733856, 0.0035791444133333335, 51539607552.0, 'P2P', 'TP', 'INTRA', 4, 2, 3
'FWD_TP_COMM_INTRA_4', 'Comm', 2759.7155795894428, 2759.719158733856, 0.0035791444133333335, 51539607552.0, 'P2P', 'TP', 'INTRA', 4, 2, 3
'FWD_TP_COMM_INTRA_5', 'Comm', 2759.7155795894428, 2759.719158733856, 0.0035791444133333335, 51539607552.0, 'P2P', 'TP', 'INTRA', 4, 2, 3
'FWD_FFN', 'Compute', 2759.7370544559226, 2767.1856483285937, 7.4485938726711, 'NONE', 'NONE', 'NONE', 0
'FWD_TP_COMM_INTRA_0', 'Comm', 2767.1856483285937, 2767.189227473007, 0.0035791444133333335, 51539607552.0, 'P2P', 'TP', 'INTRA', 4, 2, 3
'FWD_TP_COMM_INTRA_1', 'Comm', 2767.1856483285937, 2767.189227473007, 0.0035791444133333335, 51539607552.0, 'P2P', 'TP', 'INTRA', 4, 2, 3
'FWD_TP_COMM_INTRA_2', 'Comm', 2767.1856483285937, 2767.189227473007, 0.0035791444133333335, 51539607552.0, 'P2P', 'TP', 'INTRA', 4, 2, 3
'FWD_TP_COMM_INTRA_3', 'Comm', 2767.1856483285937, 2767.189227473007, 0.0035791444133333335, 51539607552.0, 'P2P', 'TP', 'INTRA', 4, 2, 3
'FWD_TP_COMM_INTRA_4', 'Comm', 2767.1856483285937, 2767.189227473007, 0.0035791444133333335, 51539607552.0, 'P2P', 'TP', 'INTRA', 4, 2, 3
'FWD_TP_COMM_INTRA_5', 'Comm', 2767.1856483285937, 2767.189227473007, 0.0035791444133333335, 51539607552.0, 'P2P', 'TP', 'INTRA', 4, 2, 3
'FWD_MHA', 'Compute', 2767.2071231950736, 2793.0554244472146, 25.84830125214084, 'NONE', 'NONE', 'NONE', 0
'FWD_TP_COMM_INTRA_0', 'Comm', 2793.0554244472146, 2793.059003591628, 0.0035791444133333335, 51539607552.0, 'P2P', 'TP', 'INTRA', 4, 2, 3
'FWD_TP_COMM_INTRA_1', 'Comm', 2793.0554244472146, 2793.059003591628, 0.0035791444133333335, 51539607552.0, 'P2P', 'TP', 'INTRA', 4, 2, 3
'FWD_TP_COMM_INTRA_2', 'Comm', 2793.0554244472146, 2793.059003591628, 0.0035791444133333335, 51539607552.0, 'P2P', 'TP', 'INTRA', 4, 2, 3
'FWD_TP_COMM_INTRA_3', 'Comm', 2793.0554244472146, 2793.059003591628, 0.0035791444133333335, 51539607552.0, 'P2P', 'TP', 'INTRA', 4, 2, 3
'FWD_TP_COMM_INTRA_4', 'Comm', 2793.0554244472146, 2793.059003591628, 0.0035791444133333335, 51539607552.0, 'P2P', 'TP', 'INTRA', 4, 2, 3
'FWD_TP_COMM_INTRA_5', 'Comm', 2793.0554244472146, 2793.059003591628, 0.0035791444133333335, 51539607552.0, 'P2P', 'TP', 'INTRA', 4, 2, 3
'FWD_FFN', 'Compute', 2793.0768993136944, 2800.5254931863656, 7.4485938726711, 'NONE', 'NONE', 'NONE', 0
'FWD_TP_COMM_INTRA_0', 'Comm', 2800.5254931863656, 2800.529072330779, 0.0035791444133333335, 51539607552.0, 'P2P', 'TP', 'INTRA', 4, 2, 3
'FWD_TP_COMM_INTRA_1', 'Comm', 2800.5254931863656, 2800.529072330779, 0.0035791444133333335, 51539607552.0, 'P2P', 'TP', 'INTRA', 4, 2, 3
'FWD_TP_COMM_INTRA_2', 'Comm', 2800.5254931863656, 2800.529072330779, 0.0035791444133333335, 51539607552.0, 'P2P', 'TP', 'INTRA', 4, 2, 3
'FWD_TP_COMM_INTRA_3', 'Comm', 2800.5254931863656, 2800.529072330779, 0.0035791444133333335, 51539607552.0, 'P2P', 'TP', 'INTRA', 4, 2, 3
'FWD_TP_COMM_INTRA_4', 'Comm', 2800.5254931863656, 2800.529072330779, 0.0035791444133333335, 51539607552.0, 'P2P', 'TP', 'INTRA', 4, 2, 3
'FWD_TP_COMM_INTRA_5', 'Comm', 2800.5254931863656, 2800.529072330779, 0.0035791444133333335, 51539607552.0, 'P2P', 'TP', 'INTRA', 4, 2, 3
'FWD_MHA', 'Compute', 2800.5469680528454, 2826.3952693049864, 25.84830125214084, 'NONE', 'NONE', 'NONE', 0
'FWD_TP_COMM_INTRA_0', 'Comm', 2826.3952693049864, 2826.3988484494, 0.0035791444133333335, 51539607552.0, 'P2P', 'TP', 'INTRA', 4, 2, 3
'FWD_TP_COMM_INTRA_1', 'Comm', 2826.3952693049864, 2826.3988484494, 0.0035791444133333335, 51539607552.0, 'P2P', 'TP', 'INTRA', 4, 2, 3
'FWD_TP_COMM_INTRA_2', 'Comm', 2826.3952693049864, 2826.3988484494, 0.0035791444133333335, 51539607552.0, 'P2P', 'TP', 'INTRA', 4, 2, 3
'FWD_TP_COMM_INTRA_3', 'Comm', 2826.3952693049864, 2826.3988484494, 0.0035791444133333335, 51539607552.0, 'P2P', 'TP', 'INTRA', 4, 2, 3
'FWD_TP_COMM_INTRA_4', 'Comm', 2826.3952693049864, 2826.3988484494, 0.0035791444133333335, 51539607552.0, 'P2P', 'TP', 'INTRA', 4, 2, 3
'FWD_TP_COMM_INTRA_5', 'Comm', 2826.3952693049864, 2826.3988484494, 0.0035791444133333335, 51539607552.0, 'P2P', 'TP', 'INTRA', 4, 2, 3
'FWD_FFN', 'Compute', 2826.4167441714662, 2833.8653380441374, 7.4485938726711, 'NONE', 'NONE', 'NONE', 0
'FWD_TP_COMM_INTRA_0', 'Comm', 2833.8653380441374, 2833.8689171885508, 0.0035791444133333335, 51539607552.0, 'P2P', 'TP', 'INTRA', 4, 2, 3
'FWD_TP_COMM_INTRA_1', 'Comm', 2833.8653380441374, 2833.8689171885508, 0.0035791444133333335, 51539607552.0, 'P2P', 'TP', 'INTRA', 4, 2, 3
'FWD_TP_COMM_INTRA_2', 'Comm', 2833.8653380441374, 2833.8689171885508, 0.0035791444133333335, 51539607552.0, 'P2P', 'TP', 'INTRA', 4, 2, 3
'FWD_TP_COMM_INTRA_3', 'Comm', 2833.8653380441374, 2833.8689171885508, 0.0035791444133333335, 51539607552.0, 'P2P', 'TP', 'INTRA', 4, 2, 3
'FWD_TP_COMM_INTRA_4', 'Comm', 2833.8653380441374, 2833.8689171885508, 0.0035791444133333335, 51539607552.0, 'P2P', 'TP', 'INTRA', 4, 2, 3
'FWD_TP_COMM_INTRA_5', 'Comm', 2833.8653380441374, 2833.8689171885508, 0.0035791444133333335, 51539607552.0, 'P2P', 'TP', 'INTRA', 4, 2, 3
'FWD_MHA', 'Compute', 2833.886812910617, 2859.7351141627582, 25.84830125214084, 'NONE', 'NONE', 'NONE', 0
'FWD_TP_COMM_INTRA_0', 'Comm', 2859.7351141627582, 2859.7386933071716, 0.0035791444133333335, 51539607552.0, 'P2P', 'TP', 'INTRA', 4, 2, 3
'FWD_TP_COMM_INTRA_1', 'Comm', 2859.7351141627582, 2859.7386933071716, 0.0035791444133333335, 51539607552.0, 'P2P', 'TP', 'INTRA', 4, 2, 3
'FWD_TP_COMM_INTRA_2', 'Comm', 2859.7351141627582, 2859.7386933071716, 0.0035791444133333335, 51539607552.0, 'P2P', 'TP', 'INTRA', 4, 2, 3
'FWD_TP_COMM_INTRA_3', 'Comm', 2859.7351141627582, 2859.7386933071716, 0.0035791444133333335, 51539607552.0, 'P2P', 'TP', 'INTRA', 4, 2, 3
'FWD_TP_COMM_INTRA_4', 'Comm', 2859.7351141627582, 2859.7386933071716, 0.0035791444133333335, 51539607552.0, 'P2P', 'TP', 'INTRA', 4, 2, 3
'FWD_TP_COMM_INTRA_5', 'Comm', 2859.7351141627582, 2859.7386933071716, 0.0035791444133333335, 51539607552.0, 'P2P', 'TP', 'INTRA', 4, 2, 3
'FWD_FFN', 'Compute', 2859.756589029238, 2867.205182901909, 7.4485938726711, 'NONE', 'NONE', 'NONE', 0
'FWD_TP_COMM_INTRA_0', 'Comm', 2867.205182901909, 2867.2087620463226, 0.0035791444133333335, 51539607552.0, 'P2P', 'TP', 'INTRA', 4, 2, 3
'FWD_TP_COMM_INTRA_1', 'Comm', 2867.205182901909, 2867.2087620463226, 0.0035791444133333335, 51539607552.0, 'P2P', 'TP', 'INTRA', 4, 2, 3
'FWD_TP_COMM_INTRA_2', 'Comm', 2867.205182901909, 2867.2087620463226, 0.0035791444133333335, 51539607552.0, 'P2P', 'TP', 'INTRA', 4, 2, 3
'FWD_TP_COMM_INTRA_3', 'Comm', 2867.205182901909, 2867.2087620463226, 0.0035791444133333335, 51539607552.0, 'P2P', 'TP', 'INTRA', 4, 2, 3
'FWD_TP_COMM_INTRA_4', 'Comm', 2867.205182901909, 2867.2087620463226, 0.0035791444133333335, 51539607552.0, 'P2P', 'TP', 'INTRA', 4, 2, 3
'FWD_TP_COMM_INTRA_5', 'Comm', 2867.205182901909, 2867.2087620463226, 0.0035791444133333335, 51539607552.0, 'P2P', 'TP', 'INTRA', 4, 2, 3
'FWD_MHA', 'Compute', 2867.226657768389, 2893.07495902053, 25.84830125214084, 'NONE', 'NONE', 'NONE', 0
'FWD_TP_COMM_INTRA_0', 'Comm', 2893.07495902053, 2893.0785381649434, 0.0035791444133333335, 51539607552.0, 'P2P', 'TP', 'INTRA', 4, 2, 3
'FWD_TP_COMM_INTRA_1', 'Comm', 2893.07495902053, 2893.0785381649434, 0.0035791444133333335, 51539607552.0, 'P2P', 'TP', 'INTRA', 4, 2, 3
'FWD_TP_COMM_INTRA_2', 'Comm', 2893.07495902053, 2893.0785381649434, 0.0035791444133333335, 51539607552.0, 'P2P', 'TP', 'INTRA', 4, 2, 3
'FWD_TP_COMM_INTRA_3', 'Comm', 2893.07495902053, 2893.0785381649434, 0.0035791444133333335, 51539607552.0, 'P2P', 'TP', 'INTRA', 4, 2, 3
'FWD_TP_COMM_INTRA_4', 'Comm', 2893.07495902053, 2893.0785381649434, 0.0035791444133333335, 51539607552.0, 'P2P', 'TP', 'INTRA', 4, 2, 3
'FWD_TP_COMM_INTRA_5', 'Comm', 2893.07495902053, 2893.0785381649434, 0.0035791444133333335, 51539607552.0, 'P2P', 'TP', 'INTRA', 4, 2, 3
'FWD_FFN', 'Compute', 2893.09643388701, 2900.545027759681, 7.4485938726711, 'NONE', 'NONE', 'NONE', 0
'FWD_TP_COMM_INTRA_0', 'Comm', 2900.545027759681, 2900.5486069040944, 0.0035791444133333335, 51539607552.0, 'P2P', 'TP', 'INTRA', 4, 2, 3
'FWD_TP_COMM_INTRA_1', 'Comm', 2900.545027759681, 2900.5486069040944, 0.0035791444133333335, 51539607552.0, 'P2P', 'TP', 'INTRA', 4, 2, 3
'FWD_TP_COMM_INTRA_2', 'Comm', 2900.545027759681, 2900.5486069040944, 0.0035791444133333335, 51539607552.0, 'P2P', 'TP', 'INTRA', 4, 2, 3
'FWD_TP_COMM_INTRA_3', 'Comm', 2900.545027759681, 2900.5486069040944, 0.0035791444133333335, 51539607552.0, 'P2P', 'TP', 'INTRA', 4, 2, 3
'FWD_TP_COMM_INTRA_4', 'Comm', 2900.545027759681, 2900.5486069040944, 0.0035791444133333335, 51539607552.0, 'P2P', 'TP', 'INTRA', 4, 2, 3
'FWD_TP_COMM_INTRA_5', 'Comm', 2900.545027759681, 2900.5486069040944, 0.0035791444133333335, 51539607552.0, 'P2P', 'TP', 'INTRA', 4, 2, 3
'FWD_MHA', 'Compute', 2900.566502626161, 2926.414803878302, 25.84830125214084, 'NONE', 'NONE', 'NONE', 0
'FWD_TP_COMM_INTRA_0', 'Comm', 2926.414803878302, 2926.4183830227153, 0.0035791444133333335, 51539607552.0, 'P2P', 'TP', 'INTRA', 4, 2, 3
'FWD_TP_COMM_INTRA_1', 'Comm', 2926.414803878302, 2926.4183830227153, 0.0035791444133333335, 51539607552.0, 'P2P', 'TP', 'INTRA', 4, 2, 3
'FWD_TP_COMM_INTRA_2', 'Comm', 2926.414803878302, 2926.4183830227153, 0.0035791444133333335, 51539607552.0, 'P2P', 'TP', 'INTRA', 4, 2, 3
'FWD_TP_COMM_INTRA_3', 'Comm', 2926.414803878302, 2926.4183830227153, 0.0035791444133333335, 51539607552.0, 'P2P', 'TP', 'INTRA', 4, 2, 3
'FWD_TP_COMM_INTRA_4', 'Comm', 2926.414803878302, 2926.4183830227153, 0.0035791444133333335, 51539607552.0, 'P2P', 'TP', 'INTRA', 4, 2, 3
'FWD_TP_COMM_INTRA_5', 'Comm', 2926.414803878302, 2926.4183830227153, 0.0035791444133333335, 51539607552.0, 'P2P', 'TP', 'INTRA', 4, 2, 3
'FWD_FFN', 'Compute', 2926.4362787447817, 2933.884872617453, 7.4485938726711, 'NONE', 'NONE', 'NONE', 0
'FWD_TP_COMM_INTRA_0', 'Comm', 2933.884872617453, 2933.8884517618662, 0.0035791444133333335, 51539607552.0, 'P2P', 'TP', 'INTRA', 4, 2, 3
'FWD_TP_COMM_INTRA_1', 'Comm', 2933.884872617453, 2933.8884517618662, 0.0035791444133333335, 51539607552.0, 'P2P', 'TP', 'INTRA', 4, 2, 3
'FWD_TP_COMM_INTRA_2', 'Comm', 2933.884872617453, 2933.8884517618662, 0.0035791444133333335, 51539607552.0, 'P2P', 'TP', 'INTRA', 4, 2, 3
'FWD_TP_COMM_INTRA_3', 'Comm', 2933.884872617453, 2933.8884517618662, 0.0035791444133333335, 51539607552.0, 'P2P', 'TP', 'INTRA', 4, 2, 3
'FWD_TP_COMM_INTRA_4', 'Comm', 2933.884872617453, 2933.8884517618662, 0.0035791444133333335, 51539607552.0, 'P2P', 'TP', 'INTRA', 4, 2, 3
'FWD_TP_COMM_INTRA_5', 'Comm', 2933.884872617453, 2933.8884517618662, 0.0035791444133333335, 51539607552.0, 'P2P', 'TP', 'INTRA', 4, 2, 3
'FWD_MHA', 'Compute', 2933.9063474839327, 2959.7546487360737, 25.84830125214084, 'NONE', 'NONE', 'NONE', 0
'FWD_TP_COMM_INTRA_0', 'Comm', 2959.7546487360737, 2959.758227880487, 0.0035791444133333335, 51539607552.0, 'P2P', 'TP', 'INTRA', 4, 2, 3
'FWD_TP_COMM_INTRA_1', 'Comm', 2959.7546487360737, 2959.758227880487, 0.0035791444133333335, 51539607552.0, 'P2P', 'TP', 'INTRA', 4, 2, 3
'FWD_TP_COMM_INTRA_2', 'Comm', 2959.7546487360737, 2959.758227880487, 0.0035791444133333335, 51539607552.0, 'P2P', 'TP', 'INTRA', 4, 2, 3
'FWD_TP_COMM_INTRA_3', 'Comm', 2959.7546487360737, 2959.758227880487, 0.0035791444133333335, 51539607552.0, 'P2P', 'TP', 'INTRA', 4, 2, 3
'FWD_TP_COMM_INTRA_4', 'Comm', 2959.7546487360737, 2959.758227880487, 0.0035791444133333335, 51539607552.0, 'P2P', 'TP', 'INTRA', 4, 2, 3
'FWD_TP_COMM_INTRA_5', 'Comm', 2959.7546487360737, 2959.758227880487, 0.0035791444133333335, 51539607552.0, 'P2P', 'TP', 'INTRA', 4, 2, 3
'FWD_FFN', 'Compute', 2959.7761236025535, 2967.2247174752247, 7.4485938726711, 'NONE', 'NONE', 'NONE', 0
'FWD_TP_COMM_INTRA_0', 'Comm', 2967.2247174752247, 2967.228296619638, 0.0035791444133333335, 51539607552.0, 'P2P', 'TP', 'INTRA', 4, 2, 3
'FWD_TP_COMM_INTRA_1', 'Comm', 2967.2247174752247, 2967.228296619638, 0.0035791444133333335, 51539607552.0, 'P2P', 'TP', 'INTRA', 4, 2, 3
'FWD_TP_COMM_INTRA_2', 'Comm', 2967.2247174752247, 2967.228296619638, 0.0035791444133333335, 51539607552.0, 'P2P', 'TP', 'INTRA', 4, 2, 3
'FWD_TP_COMM_INTRA_3', 'Comm', 2967.2247174752247, 2967.228296619638, 0.0035791444133333335, 51539607552.0, 'P2P', 'TP', 'INTRA', 4, 2, 3
'FWD_TP_COMM_INTRA_4', 'Comm', 2967.2247174752247, 2967.228296619638, 0.0035791444133333335, 51539607552.0, 'P2P', 'TP', 'INTRA', 4, 2, 3
'FWD_TP_COMM_INTRA_5', 'Comm', 2967.2247174752247, 2967.228296619638, 0.0035791444133333335, 51539607552.0, 'P2P', 'TP', 'INTRA', 4, 2, 3
'FWD_MHA', 'Compute', 2967.2461923417045, 2993.0944935938455, 25.84830125214084, 'NONE', 'NONE', 'NONE', 0
'FWD_TP_COMM_INTRA_0', 'Comm', 2993.0944935938455, 2993.098072738259, 0.0035791444133333335, 51539607552.0, 'P2P', 'TP', 'INTRA', 4, 2, 3
'FWD_TP_COMM_INTRA_1', 'Comm', 2993.0944935938455, 2993.098072738259, 0.0035791444133333335, 51539607552.0, 'P2P', 'TP', 'INTRA', 4, 2, 3
'FWD_TP_COMM_INTRA_2', 'Comm', 2993.0944935938455, 2993.098072738259, 0.0035791444133333335, 51539607552.0, 'P2P', 'TP', 'INTRA', 4, 2, 3
'FWD_TP_COMM_INTRA_3', 'Comm', 2993.0944935938455, 2993.098072738259, 0.0035791444133333335, 51539607552.0, 'P2P', 'TP', 'INTRA', 4, 2, 3
'FWD_TP_COMM_INTRA_4', 'Comm', 2993.0944935938455, 2993.098072738259, 0.0035791444133333335, 51539607552.0, 'P2P', 'TP', 'INTRA', 4, 2, 3
'FWD_TP_COMM_INTRA_5', 'Comm', 2993.0944935938455, 2993.098072738259, 0.0035791444133333335, 51539607552.0, 'P2P', 'TP', 'INTRA', 4, 2, 3
'FWD_FFN', 'Compute', 2993.1159684603253, 3000.5645623329965, 7.4485938726711, 'NONE', 'NONE', 'NONE', 0
'FWD_TP_COMM_INTRA_0', 'Comm', 3000.5645623329965, 3000.56814147741, 0.0035791444133333335, 51539607552.0, 'P2P', 'TP', 'INTRA', 4, 2, 3
'FWD_TP_COMM_INTRA_1', 'Comm', 3000.5645623329965, 3000.56814147741, 0.0035791444133333335, 51539607552.0, 'P2P', 'TP', 'INTRA', 4, 2, 3
'FWD_TP_COMM_INTRA_2', 'Comm', 3000.5645623329965, 3000.56814147741, 0.0035791444133333335, 51539607552.0, 'P2P', 'TP', 'INTRA', 4, 2, 3
'FWD_TP_COMM_INTRA_3', 'Comm', 3000.5645623329965, 3000.56814147741, 0.0035791444133333335, 51539607552.0, 'P2P', 'TP', 'INTRA', 4, 2, 3
'FWD_TP_COMM_INTRA_4', 'Comm', 3000.5645623329965, 3000.56814147741, 0.0035791444133333335, 51539607552.0, 'P2P', 'TP', 'INTRA', 4, 2, 3
'FWD_TP_COMM_INTRA_5', 'Comm', 3000.5645623329965, 3000.56814147741, 0.0035791444133333335, 51539607552.0, 'P2P', 'TP', 'INTRA', 4, 2, 3
'FWD_MHA', 'Compute', 3000.5860371994763, 3026.4343384516174, 25.84830125214084, 'NONE', 'NONE', 'NONE', 0
'FWD_TP_COMM_INTRA_0', 'Comm', 3026.4343384516174, 3026.4379175960307, 0.0035791444133333335, 51539607552.0, 'P2P', 'TP', 'INTRA', 4, 2, 3
'FWD_TP_COMM_INTRA_1', 'Comm', 3026.4343384516174, 3026.4379175960307, 0.0035791444133333335, 51539607552.0, 'P2P', 'TP', 'INTRA', 4, 2, 3
'FWD_TP_COMM_INTRA_2', 'Comm', 3026.4343384516174, 3026.4379175960307, 0.0035791444133333335, 51539607552.0, 'P2P', 'TP', 'INTRA', 4, 2, 3
'FWD_TP_COMM_INTRA_3', 'Comm', 3026.4343384516174, 3026.4379175960307, 0.0035791444133333335, 51539607552.0, 'P2P', 'TP', 'INTRA', 4, 2, 3
'FWD_TP_COMM_INTRA_4', 'Comm', 3026.4343384516174, 3026.4379175960307, 0.0035791444133333335, 51539607552.0, 'P2P', 'TP', 'INTRA', 4, 2, 3
'FWD_TP_COMM_INTRA_5', 'Comm', 3026.4343384516174, 3026.4379175960307, 0.0035791444133333335, 51539607552.0, 'P2P', 'TP', 'INTRA', 4, 2, 3
'FWD_FFN', 'Compute', 3026.455813318097, 3033.9044071907683, 7.4485938726711, 'NONE', 'NONE', 'NONE', 0
'FWD_TP_COMM_INTRA_0', 'Comm', 3033.9044071907683, 3033.9079863351817, 0.0035791444133333335, 51539607552.0, 'P2P', 'TP', 'INTRA', 4, 2, 3
'FWD_TP_COMM_INTRA_1', 'Comm', 3033.9044071907683, 3033.9079863351817, 0.0035791444133333335, 51539607552.0, 'P2P', 'TP', 'INTRA', 4, 2, 3
'FWD_TP_COMM_INTRA_2', 'Comm', 3033.9044071907683, 3033.9079863351817, 0.0035791444133333335, 51539607552.0, 'P2P', 'TP', 'INTRA', 4, 2, 3
'FWD_TP_COMM_INTRA_3', 'Comm', 3033.9044071907683, 3033.9079863351817, 0.0035791444133333335, 51539607552.0, 'P2P', 'TP', 'INTRA', 4, 2, 3
'FWD_TP_COMM_INTRA_4', 'Comm', 3033.9044071907683, 3033.9079863351817, 0.0035791444133333335, 51539607552.0, 'P2P', 'TP', 'INTRA', 4, 2, 3
'FWD_TP_COMM_INTRA_5', 'Comm', 3033.9044071907683, 3033.9079863351817, 0.0035791444133333335, 51539607552.0, 'P2P', 'TP', 'INTRA', 4, 2, 3
'FWD_MHA', 'Compute', 3033.925882057248, 3059.774183309389, 25.84830125214084, 'NONE', 'NONE', 'NONE', 0
'FWD_TP_COMM_INTRA_0', 'Comm', 3059.774183309389, 3059.7777624538026, 0.0035791444133333335, 51539607552.0, 'P2P', 'TP', 'INTRA', 4, 2, 3
'FWD_TP_COMM_INTRA_1', 'Comm', 3059.774183309389, 3059.7777624538026, 0.0035791444133333335, 51539607552.0, 'P2P', 'TP', 'INTRA', 4, 2, 3
'FWD_TP_COMM_INTRA_2', 'Comm', 3059.774183309389, 3059.7777624538026, 0.0035791444133333335, 51539607552.0, 'P2P', 'TP', 'INTRA', 4, 2, 3
'FWD_TP_COMM_INTRA_3', 'Comm', 3059.774183309389, 3059.7777624538026, 0.0035791444133333335, 51539607552.0, 'P2P', 'TP', 'INTRA', 4, 2, 3
'FWD_TP_COMM_INTRA_4', 'Comm', 3059.774183309389, 3059.7777624538026, 0.0035791444133333335, 51539607552.0, 'P2P', 'TP', 'INTRA', 4, 2, 3
'FWD_TP_COMM_INTRA_5', 'Comm', 3059.774183309389, 3059.7777624538026, 0.0035791444133333335, 51539607552.0, 'P2P', 'TP', 'INTRA', 4, 2, 3
'FWD_FFN', 'Compute', 3059.795658175869, 3067.24425204854, 7.4485938726711, 'NONE', 'NONE', 'NONE', 0
'FWD_TP_COMM_INTRA_0', 'Comm', 3067.24425204854, 3067.2478311929535, 0.0035791444133333335, 51539607552.0, 'P2P', 'TP', 'INTRA', 4, 2, 3
'FWD_TP_COMM_INTRA_1', 'Comm', 3067.24425204854, 3067.2478311929535, 0.0035791444133333335, 51539607552.0, 'P2P', 'TP', 'INTRA', 4, 2, 3
'FWD_TP_COMM_INTRA_2', 'Comm', 3067.24425204854, 3067.2478311929535, 0.0035791444133333335, 51539607552.0, 'P2P', 'TP', 'INTRA', 4, 2, 3
'FWD_TP_COMM_INTRA_3', 'Comm', 3067.24425204854, 3067.2478311929535, 0.0035791444133333335, 51539607552.0, 'P2P', 'TP', 'INTRA', 4, 2, 3
'FWD_TP_COMM_INTRA_4', 'Comm', 3067.24425204854, 3067.2478311929535, 0.0035791444133333335, 51539607552.0, 'P2P', 'TP', 'INTRA', 4, 2, 3
'FWD_TP_COMM_INTRA_5', 'Comm', 3067.24425204854, 3067.2478311929535, 0.0035791444133333335, 51539607552.0, 'P2P', 'TP', 'INTRA', 4, 2, 3
'FWD_MHA', 'Compute', 3067.26572691502, 3093.114028167161, 25.84830125214084, 'NONE', 'NONE', 'NONE', 0
'FWD_TP_COMM_INTRA_0', 'Comm', 3093.114028167161, 3093.1176073115744, 0.0035791444133333335, 51539607552.0, 'P2P', 'TP', 'INTRA', 4, 2, 3
'FWD_TP_COMM_INTRA_1', 'Comm', 3093.114028167161, 3093.1176073115744, 0.0035791444133333335, 51539607552.0, 'P2P', 'TP', 'INTRA', 4, 2, 3
'FWD_TP_COMM_INTRA_2', 'Comm', 3093.114028167161, 3093.1176073115744, 0.0035791444133333335, 51539607552.0, 'P2P', 'TP', 'INTRA', 4, 2, 3
'FWD_TP_COMM_INTRA_3', 'Comm', 3093.114028167161, 3093.1176073115744, 0.0035791444133333335, 51539607552.0, 'P2P', 'TP', 'INTRA', 4, 2, 3
'FWD_TP_COMM_INTRA_4', 'Comm', 3093.114028167161, 3093.1176073115744, 0.0035791444133333335, 51539607552.0, 'P2P', 'TP', 'INTRA', 4, 2, 3
'FWD_TP_COMM_INTRA_5', 'Comm', 3093.114028167161, 3093.1176073115744, 0.0035791444133333335, 51539607552.0, 'P2P', 'TP', 'INTRA', 4, 2, 3
'FWD_FFN', 'Compute', 3093.135503033641, 3100.584096906312, 7.4485938726711, 'NONE', 'NONE', 'NONE', 0
'FWD_TP_COMM_INTRA_0', 'Comm', 3100.584096906312, 3100.5876760507253, 0.0035791444133333335, 51539607552.0, 'P2P', 'TP', 'INTRA', 4, 2, 3
'FWD_TP_COMM_INTRA_1', 'Comm', 3100.584096906312, 3100.5876760507253, 0.0035791444133333335, 51539607552.0, 'P2P', 'TP', 'INTRA', 4, 2, 3
'FWD_TP_COMM_INTRA_2', 'Comm', 3100.584096906312, 3100.5876760507253, 0.0035791444133333335, 51539607552.0, 'P2P', 'TP', 'INTRA', 4, 2, 3
'FWD_TP_COMM_INTRA_3', 'Comm', 3100.584096906312, 3100.5876760507253, 0.0035791444133333335, 51539607552.0, 'P2P', 'TP', 'INTRA', 4, 2, 3
'FWD_TP_COMM_INTRA_4', 'Comm', 3100.584096906312, 3100.5876760507253, 0.0035791444133333335, 51539607552.0, 'P2P', 'TP', 'INTRA', 4, 2, 3
'FWD_TP_COMM_INTRA_5', 'Comm', 3100.584096906312, 3100.5876760507253, 0.0035791444133333335, 51539607552.0, 'P2P', 'TP', 'INTRA', 4, 2, 3
'FWD_MHA', 'Compute', 3100.605571772792, 3126.453873024933, 25.84830125214084, 'NONE', 'NONE', 'NONE', 0
'FWD_TP_COMM_INTRA_0', 'Comm', 3126.453873024933, 3126.457452169346, 0.0035791444133333335, 51539607552.0, 'P2P', 'TP', 'INTRA', 4, 2, 3
'FWD_TP_COMM_INTRA_1', 'Comm', 3126.453873024933, 3126.457452169346, 0.0035791444133333335, 51539607552.0, 'P2P', 'TP', 'INTRA', 4, 2, 3
'FWD_TP_COMM_INTRA_2', 'Comm', 3126.453873024933, 3126.457452169346, 0.0035791444133333335, 51539607552.0, 'P2P', 'TP', 'INTRA', 4, 2, 3
'FWD_TP_COMM_INTRA_3', 'Comm', 3126.453873024933, 3126.457452169346, 0.0035791444133333335, 51539607552.0, 'P2P', 'TP', 'INTRA', 4, 2, 3
'FWD_TP_COMM_INTRA_4', 'Comm', 3126.453873024933, 3126.457452169346, 0.0035791444133333335, 51539607552.0, 'P2P', 'TP', 'INTRA', 4, 2, 3
'FWD_TP_COMM_INTRA_5', 'Comm', 3126.453873024933, 3126.457452169346, 0.0035791444133333335, 51539607552.0, 'P2P', 'TP', 'INTRA', 4, 2, 3
'FWD_FFN', 'Compute', 3126.4753478914126, 3133.923941764084, 7.4485938726711, 'NONE', 'NONE', 'NONE', 0
'FWD_TP_COMM_INTRA_0', 'Comm', 3133.923941764084, 3133.927520908497, 0.0035791444133333335, 51539607552.0, 'P2P', 'TP', 'INTRA', 4, 2, 3
'FWD_TP_COMM_INTRA_1', 'Comm', 3133.923941764084, 3133.927520908497, 0.0035791444133333335, 51539607552.0, 'P2P', 'TP', 'INTRA', 4, 2, 3
'FWD_TP_COMM_INTRA_2', 'Comm', 3133.923941764084, 3133.927520908497, 0.0035791444133333335, 51539607552.0, 'P2P', 'TP', 'INTRA', 4, 2, 3
'FWD_TP_COMM_INTRA_3', 'Comm', 3133.923941764084, 3133.927520908497, 0.0035791444133333335, 51539607552.0, 'P2P', 'TP', 'INTRA', 4, 2, 3
'FWD_TP_COMM_INTRA_4', 'Comm', 3133.923941764084, 3133.927520908497, 0.0035791444133333335, 51539607552.0, 'P2P', 'TP', 'INTRA', 4, 2, 3
'FWD_TP_COMM_INTRA_5', 'Comm', 3133.923941764084, 3133.927520908497, 0.0035791444133333335, 51539607552.0, 'P2P', 'TP', 'INTRA', 4, 2, 3
'FWD_MHA', 'Compute', 3133.9454166305636, 3159.7937178827046, 25.84830125214084, 'NONE', 'NONE', 'NONE', 0
'FWD_TP_COMM_INTRA_0', 'Comm', 3159.7937178827046, 3159.797297027118, 0.0035791444133333335, 51539607552.0, 'P2P', 'TP', 'INTRA', 4, 2, 3
'FWD_TP_COMM_INTRA_1', 'Comm', 3159.7937178827046, 3159.797297027118, 0.0035791444133333335, 51539607552.0, 'P2P', 'TP', 'INTRA', 4, 2, 3
'FWD_TP_COMM_INTRA_2', 'Comm', 3159.7937178827046, 3159.797297027118, 0.0035791444133333335, 51539607552.0, 'P2P', 'TP', 'INTRA', 4, 2, 3
'FWD_TP_COMM_INTRA_3', 'Comm', 3159.7937178827046, 3159.797297027118, 0.0035791444133333335, 51539607552.0, 'P2P', 'TP', 'INTRA', 4, 2, 3
'FWD_TP_COMM_INTRA_4', 'Comm', 3159.7937178827046, 3159.797297027118, 0.0035791444133333335, 51539607552.0, 'P2P', 'TP', 'INTRA', 4, 2, 3
'FWD_TP_COMM_INTRA_5', 'Comm', 3159.7937178827046, 3159.797297027118, 0.0035791444133333335, 51539607552.0, 'P2P', 'TP', 'INTRA', 4, 2, 3
'FWD_FFN', 'Compute', 3159.8151927491845, 3167.2637866218556, 7.4485938726711, 'NONE', 'NONE', 'NONE', 0
'FWD_TP_COMM_INTRA_0', 'Comm', 3167.2637866218556, 3167.267365766269, 0.0035791444133333335, 51539607552.0, 'P2P', 'TP', 'INTRA', 4, 2, 3
'FWD_TP_COMM_INTRA_1', 'Comm', 3167.2637866218556, 3167.267365766269, 0.0035791444133333335, 51539607552.0, 'P2P', 'TP', 'INTRA', 4, 2, 3
'FWD_TP_COMM_INTRA_2', 'Comm', 3167.2637866218556, 3167.267365766269, 0.0035791444133333335, 51539607552.0, 'P2P', 'TP', 'INTRA', 4, 2, 3
'FWD_TP_COMM_INTRA_3', 'Comm', 3167.2637866218556, 3167.267365766269, 0.0035791444133333335, 51539607552.0, 'P2P', 'TP', 'INTRA', 4, 2, 3
'FWD_TP_COMM_INTRA_4', 'Comm', 3167.2637866218556, 3167.267365766269, 0.0035791444133333335, 51539607552.0, 'P2P', 'TP', 'INTRA', 4, 2, 3
'FWD_TP_COMM_INTRA_5', 'Comm', 3167.2637866218556, 3167.267365766269, 0.0035791444133333335, 51539607552.0, 'P2P', 'TP', 'INTRA', 4, 2, 3
'FWD_MHA', 'Compute', 3167.2852614883354, 3193.1335627404765, 25.84830125214084, 'NONE', 'NONE', 'NONE', 0
'FWD_TP_COMM_INTRA_0', 'Comm', 3193.1335627404765, 3193.13714188489, 0.0035791444133333335, 51539607552.0, 'P2P', 'TP', 'INTRA', 4, 2, 3
'FWD_TP_COMM_INTRA_1', 'Comm', 3193.1335627404765, 3193.13714188489, 0.0035791444133333335, 51539607552.0, 'P2P', 'TP', 'INTRA', 4, 2, 3
'FWD_TP_COMM_INTRA_2', 'Comm', 3193.1335627404765, 3193.13714188489, 0.0035791444133333335, 51539607552.0, 'P2P', 'TP', 'INTRA', 4, 2, 3
'FWD_TP_COMM_INTRA_3', 'Comm', 3193.1335627404765, 3193.13714188489, 0.0035791444133333335, 51539607552.0, 'P2P', 'TP', 'INTRA', 4, 2, 3
'FWD_TP_COMM_INTRA_4', 'Comm', 3193.1335627404765, 3193.13714188489, 0.0035791444133333335, 51539607552.0, 'P2P', 'TP', 'INTRA', 4, 2, 3
'FWD_TP_COMM_INTRA_5', 'Comm', 3193.1335627404765, 3193.13714188489, 0.0035791444133333335, 51539607552.0, 'P2P', 'TP', 'INTRA', 4, 2, 3
'FWD_FFN', 'Compute', 3193.1550376069563, 3200.6036314796274, 7.4485938726711, 'NONE', 'NONE', 'NONE', 0
'FWD_TP_COMM_INTRA_0', 'Comm', 3200.6036314796274, 3200.607210624041, 0.0035791444133333335, 51539607552.0, 'P2P', 'TP', 'INTRA', 4, 2, 3
'FWD_TP_COMM_INTRA_1', 'Comm', 3200.6036314796274, 3200.607210624041, 0.0035791444133333335, 51539607552.0, 'P2P', 'TP', 'INTRA', 4, 2, 3
'FWD_TP_COMM_INTRA_2', 'Comm', 3200.6036314796274, 3200.607210624041, 0.0035791444133333335, 51539607552.0, 'P2P', 'TP', 'INTRA', 4, 2, 3
'FWD_TP_COMM_INTRA_3', 'Comm', 3200.6036314796274, 3200.607210624041, 0.0035791444133333335, 51539607552.0, 'P2P', 'TP', 'INTRA', 4, 2, 3
'FWD_TP_COMM_INTRA_4', 'Comm', 3200.6036314796274, 3200.607210624041, 0.0035791444133333335, 51539607552.0, 'P2P', 'TP', 'INTRA', 4, 2, 3
'FWD_TP_COMM_INTRA_5', 'Comm', 3200.6036314796274, 3200.607210624041, 0.0035791444133333335, 51539607552.0, 'P2P', 'TP', 'INTRA', 4, 2, 3
'BWD_MHA', 'Compute', 3200.6251063461073, 3226.4734075982483, 25.84830125214084, 'NONE', 'NONE', 'NONE', 0
'BWD_TP_COMM_INTRA_0', 'Comm', 3226.4734075982483, 3226.4769867426617, 0.0035791444133333335, 51539607552.0, 'P2P', 'TP', 'INTRA', 4, 2, 3
'BWD_TP_COMM_INTRA_1', 'Comm', 3226.4734075982483, 3226.4769867426617, 0.0035791444133333335, 51539607552.0, 'P2P', 'TP', 'INTRA', 4, 2, 3
'BWD_TP_COMM_INTRA_2', 'Comm', 3226.4734075982483, 3226.4769867426617, 0.0035791444133333335, 51539607552.0, 'P2P', 'TP', 'INTRA', 4, 2, 3
'BWD_TP_COMM_INTRA_3', 'Comm', 3226.4734075982483, 3226.4769867426617, 0.0035791444133333335, 51539607552.0, 'P2P', 'TP', 'INTRA', 4, 2, 3
'BWD_TP_COMM_INTRA_4', 'Comm', 3226.4734075982483, 3226.4769867426617, 0.0035791444133333335, 51539607552.0, 'P2P', 'TP', 'INTRA', 4, 2, 3
'BWD_TP_COMM_INTRA_5', 'Comm', 3226.4734075982483, 3226.4769867426617, 0.0035791444133333335, 51539607552.0, 'P2P', 'TP', 'INTRA', 4, 2, 3
'BWD_FFN', 'Compute', 3226.494882464728, 3233.9434763373993, 7.4485938726711, 'NONE', 'NONE', 'NONE', 0
'BWD_TP_COMM_INTRA_0', 'Comm', 3233.9434763373993, 3233.9470554818126, 0.0035791444133333335, 51539607552.0, 'P2P', 'TP', 'INTRA', 4, 2, 3
'BWD_TP_COMM_INTRA_1', 'Comm', 3233.9434763373993, 3233.9470554818126, 0.0035791444133333335, 51539607552.0, 'P2P', 'TP', 'INTRA', 4, 2, 3
'BWD_TP_COMM_INTRA_2', 'Comm', 3233.9434763373993, 3233.9470554818126, 0.0035791444133333335, 51539607552.0, 'P2P', 'TP', 'INTRA', 4, 2, 3
'BWD_TP_COMM_INTRA_3', 'Comm', 3233.9434763373993, 3233.9470554818126, 0.0035791444133333335, 51539607552.0, 'P2P', 'TP', 'INTRA', 4, 2, 3
'BWD_TP_COMM_INTRA_4', 'Comm', 3233.9434763373993, 3233.9470554818126, 0.0035791444133333335, 51539607552.0, 'P2P', 'TP', 'INTRA', 4, 2, 3
'BWD_TP_COMM_INTRA_5', 'Comm', 3233.9434763373993, 3233.9470554818126, 0.0035791444133333335, 51539607552.0, 'P2P', 'TP', 'INTRA', 4, 2, 3
'BWD_MHA', 'Compute', 3233.964951203879, 3259.81325245602, 25.84830125214084, 'NONE', 'NONE', 'NONE', 0
'BWD_TP_COMM_INTRA_0', 'Comm', 3259.81325245602, 3259.8168316004335, 0.0035791444133333335, 51539607552.0, 'P2P', 'TP', 'INTRA', 4, 2, 3
'BWD_TP_COMM_INTRA_1', 'Comm', 3259.81325245602, 3259.8168316004335, 0.0035791444133333335, 51539607552.0, 'P2P', 'TP', 'INTRA', 4, 2, 3
'BWD_TP_COMM_INTRA_2', 'Comm', 3259.81325245602, 3259.8168316004335, 0.0035791444133333335, 51539607552.0, 'P2P', 'TP', 'INTRA', 4, 2, 3
'BWD_TP_COMM_INTRA_3', 'Comm', 3259.81325245602, 3259.8168316004335, 0.0035791444133333335, 51539607552.0, 'P2P', 'TP', 'INTRA', 4, 2, 3
'BWD_TP_COMM_INTRA_4', 'Comm', 3259.81325245602, 3259.8168316004335, 0.0035791444133333335, 51539607552.0, 'P2P', 'TP', 'INTRA', 4, 2, 3
'BWD_TP_COMM_INTRA_5', 'Comm', 3259.81325245602, 3259.8168316004335, 0.0035791444133333335, 51539607552.0, 'P2P', 'TP', 'INTRA', 4, 2, 3
'BWD_FFN', 'Compute', 3259.8347273225, 3267.283321195171, 7.4485938726711, 'NONE', 'NONE', 'NONE', 0
'BWD_TP_COMM_INTRA_0', 'Comm', 3267.283321195171, 3267.2869003395845, 0.0035791444133333335, 51539607552.0, 'P2P', 'TP', 'INTRA', 4, 2, 3
'BWD_TP_COMM_INTRA_1', 'Comm', 3267.283321195171, 3267.2869003395845, 0.0035791444133333335, 51539607552.0, 'P2P', 'TP', 'INTRA', 4, 2, 3
'BWD_TP_COMM_INTRA_2', 'Comm', 3267.283321195171, 3267.2869003395845, 0.0035791444133333335, 51539607552.0, 'P2P', 'TP', 'INTRA', 4, 2, 3
'BWD_TP_COMM_INTRA_3', 'Comm', 3267.283321195171, 3267.2869003395845, 0.0035791444133333335, 51539607552.0, 'P2P', 'TP', 'INTRA', 4, 2, 3
'BWD_TP_COMM_INTRA_4', 'Comm', 3267.283321195171, 3267.2869003395845, 0.0035791444133333335, 51539607552.0, 'P2P', 'TP', 'INTRA', 4, 2, 3
'BWD_TP_COMM_INTRA_5', 'Comm', 3267.283321195171, 3267.2869003395845, 0.0035791444133333335, 51539607552.0, 'P2P', 'TP', 'INTRA', 4, 2, 3
'BWD_MHA', 'Compute', 3267.304796061651, 3293.153097313792, 25.84830125214084, 'NONE', 'NONE', 'NONE', 0
'BWD_TP_COMM_INTRA_0', 'Comm', 3293.153097313792, 3293.1566764582053, 0.0035791444133333335, 51539607552.0, 'P2P', 'TP', 'INTRA', 4, 2, 3
'BWD_TP_COMM_INTRA_1', 'Comm', 3293.153097313792, 3293.1566764582053, 0.0035791444133333335, 51539607552.0, 'P2P', 'TP', 'INTRA', 4, 2, 3
'BWD_TP_COMM_INTRA_2', 'Comm', 3293.153097313792, 3293.1566764582053, 0.0035791444133333335, 51539607552.0, 'P2P', 'TP', 'INTRA', 4, 2, 3
'BWD_TP_COMM_INTRA_3', 'Comm', 3293.153097313792, 3293.1566764582053, 0.0035791444133333335, 51539607552.0, 'P2P', 'TP', 'INTRA', 4, 2, 3
'BWD_TP_COMM_INTRA_4', 'Comm', 3293.153097313792, 3293.1566764582053, 0.0035791444133333335, 51539607552.0, 'P2P', 'TP', 'INTRA', 4, 2, 3
'BWD_TP_COMM_INTRA_5', 'Comm', 3293.153097313792, 3293.1566764582053, 0.0035791444133333335, 51539607552.0, 'P2P', 'TP', 'INTRA', 4, 2, 3
'BWD_FFN', 'Compute', 3293.1745721802718, 3300.623166052943, 7.4485938726711, 'NONE', 'NONE', 'NONE', 0
'BWD_TP_COMM_INTRA_0', 'Comm', 3300.623166052943, 3300.6267451973563, 0.0035791444133333335, 51539607552.0, 'P2P', 'TP', 'INTRA', 4, 2, 3
'BWD_TP_COMM_INTRA_1', 'Comm', 3300.623166052943, 3300.6267451973563, 0.0035791444133333335, 51539607552.0, 'P2P', 'TP', 'INTRA', 4, 2, 3
'BWD_TP_COMM_INTRA_2', 'Comm', 3300.623166052943, 3300.6267451973563, 0.0035791444133333335, 51539607552.0, 'P2P', 'TP', 'INTRA', 4, 2, 3
'BWD_TP_COMM_INTRA_3', 'Comm', 3300.623166052943, 3300.6267451973563, 0.0035791444133333335, 51539607552.0, 'P2P', 'TP', 'INTRA', 4, 2, 3
'BWD_TP_COMM_INTRA_4', 'Comm', 3300.623166052943, 3300.6267451973563, 0.0035791444133333335, 51539607552.0, 'P2P', 'TP', 'INTRA', 4, 2, 3
'BWD_TP_COMM_INTRA_5', 'Comm', 3300.623166052943, 3300.6267451973563, 0.0035791444133333335, 51539607552.0, 'P2P', 'TP', 'INTRA', 4, 2, 3
'BWD_MHA', 'Compute', 3300.6446409194227, 3326.4929421715638, 25.84830125214084, 'NONE', 'NONE', 'NONE', 0
'BWD_TP_COMM_INTRA_0', 'Comm', 3326.4929421715638, 3326.496521315977, 0.0035791444133333335, 51539607552.0, 'P2P', 'TP', 'INTRA', 4, 2, 3
'BWD_TP_COMM_INTRA_1', 'Comm', 3326.4929421715638, 3326.496521315977, 0.0035791444133333335, 51539607552.0, 'P2P', 'TP', 'INTRA', 4, 2, 3
'BWD_TP_COMM_INTRA_2', 'Comm', 3326.4929421715638, 3326.496521315977, 0.0035791444133333335, 51539607552.0, 'P2P', 'TP', 'INTRA', 4, 2, 3
'BWD_TP_COMM_INTRA_3', 'Comm', 3326.4929421715638, 3326.496521315977, 0.0035791444133333335, 51539607552.0, 'P2P', 'TP', 'INTRA', 4, 2, 3
'BWD_TP_COMM_INTRA_4', 'Comm', 3326.4929421715638, 3326.496521315977, 0.0035791444133333335, 51539607552.0, 'P2P', 'TP', 'INTRA', 4, 2, 3
'BWD_TP_COMM_INTRA_5', 'Comm', 3326.4929421715638, 3326.496521315977, 0.0035791444133333335, 51539607552.0, 'P2P', 'TP', 'INTRA', 4, 2, 3
'BWD_FFN', 'Compute', 3326.5144170380436, 3333.9630109107147, 7.4485938726711, 'NONE', 'NONE', 'NONE', 0
'BWD_TP_COMM_INTRA_0', 'Comm', 3333.9630109107147, 3333.966590055128, 0.0035791444133333335, 51539607552.0, 'P2P', 'TP', 'INTRA', 4, 2, 3
'BWD_TP_COMM_INTRA_1', 'Comm', 3333.9630109107147, 3333.966590055128, 0.0035791444133333335, 51539607552.0, 'P2P', 'TP', 'INTRA', 4, 2, 3
'BWD_TP_COMM_INTRA_2', 'Comm', 3333.9630109107147, 3333.966590055128, 0.0035791444133333335, 51539607552.0, 'P2P', 'TP', 'INTRA', 4, 2, 3
'BWD_TP_COMM_INTRA_3', 'Comm', 3333.9630109107147, 3333.966590055128, 0.0035791444133333335, 51539607552.0, 'P2P', 'TP', 'INTRA', 4, 2, 3
'BWD_TP_COMM_INTRA_4', 'Comm', 3333.9630109107147, 3333.966590055128, 0.0035791444133333335, 51539607552.0, 'P2P', 'TP', 'INTRA', 4, 2, 3
'BWD_TP_COMM_INTRA_5', 'Comm', 3333.9630109107147, 3333.966590055128, 0.0035791444133333335, 51539607552.0, 'P2P', 'TP', 'INTRA', 4, 2, 3
'BWD_MHA', 'Compute', 3333.9844857771945, 3359.8327870293356, 25.84830125214084, 'NONE', 'NONE', 'NONE', 0
'BWD_TP_COMM_INTRA_0', 'Comm', 3359.8327870293356, 3359.836366173749, 0.0035791444133333335, 51539607552.0, 'P2P', 'TP', 'INTRA', 4, 2, 3
'BWD_TP_COMM_INTRA_1', 'Comm', 3359.8327870293356, 3359.836366173749, 0.0035791444133333335, 51539607552.0, 'P2P', 'TP', 'INTRA', 4, 2, 3
'BWD_TP_COMM_INTRA_2', 'Comm', 3359.8327870293356, 3359.836366173749, 0.0035791444133333335, 51539607552.0, 'P2P', 'TP', 'INTRA', 4, 2, 3
'BWD_TP_COMM_INTRA_3', 'Comm', 3359.8327870293356, 3359.836366173749, 0.0035791444133333335, 51539607552.0, 'P2P', 'TP', 'INTRA', 4, 2, 3
'BWD_TP_COMM_INTRA_4', 'Comm', 3359.8327870293356, 3359.836366173749, 0.0035791444133333335, 51539607552.0, 'P2P', 'TP', 'INTRA', 4, 2, 3
'BWD_TP_COMM_INTRA_5', 'Comm', 3359.8327870293356, 3359.836366173749, 0.0035791444133333335, 51539607552.0, 'P2P', 'TP', 'INTRA', 4, 2, 3
'BWD_FFN', 'Compute', 3359.8542618958154, 3367.3028557684866, 7.4485938726711, 'NONE', 'NONE', 'NONE', 0
'BWD_TP_COMM_INTRA_0', 'Comm', 3367.3028557684866, 3367.3064349129, 0.0035791444133333335, 51539607552.0, 'P2P', 'TP', 'INTRA', 4, 2, 3
'BWD_TP_COMM_INTRA_1', 'Comm', 3367.3028557684866, 3367.3064349129, 0.0035791444133333335, 51539607552.0, 'P2P', 'TP', 'INTRA', 4, 2, 3
'BWD_TP_COMM_INTRA_2', 'Comm', 3367.3028557684866, 3367.3064349129, 0.0035791444133333335, 51539607552.0, 'P2P', 'TP', 'INTRA', 4, 2, 3
'BWD_TP_COMM_INTRA_3', 'Comm', 3367.3028557684866, 3367.3064349129, 0.0035791444133333335, 51539607552.0, 'P2P', 'TP', 'INTRA', 4, 2, 3
'BWD_TP_COMM_INTRA_4', 'Comm', 3367.3028557684866, 3367.3064349129, 0.0035791444133333335, 51539607552.0, 'P2P', 'TP', 'INTRA', 4, 2, 3
'BWD_TP_COMM_INTRA_5', 'Comm', 3367.3028557684866, 3367.3064349129, 0.0035791444133333335, 51539607552.0, 'P2P', 'TP', 'INTRA', 4, 2, 3
'BWD_MHA', 'Compute', 3367.3243306349664, 3393.1726318871074, 25.84830125214084, 'NONE', 'NONE', 'NONE', 0
'BWD_TP_COMM_INTRA_0', 'Comm', 3393.1726318871074, 3393.176211031521, 0.0035791444133333335, 51539607552.0, 'P2P', 'TP', 'INTRA', 4, 2, 3
'BWD_TP_COMM_INTRA_1', 'Comm', 3393.1726318871074, 3393.176211031521, 0.0035791444133333335, 51539607552.0, 'P2P', 'TP', 'INTRA', 4, 2, 3
'BWD_TP_COMM_INTRA_2', 'Comm', 3393.1726318871074, 3393.176211031521, 0.0035791444133333335, 51539607552.0, 'P2P', 'TP', 'INTRA', 4, 2, 3
'BWD_TP_COMM_INTRA_3', 'Comm', 3393.1726318871074, 3393.176211031521, 0.0035791444133333335, 51539607552.0, 'P2P', 'TP', 'INTRA', 4, 2, 3
'BWD_TP_COMM_INTRA_4', 'Comm', 3393.1726318871074, 3393.176211031521, 0.0035791444133333335, 51539607552.0, 'P2P', 'TP', 'INTRA', 4, 2, 3
'BWD_TP_COMM_INTRA_5', 'Comm', 3393.1726318871074, 3393.176211031521, 0.0035791444133333335, 51539607552.0, 'P2P', 'TP', 'INTRA', 4, 2, 3
'BWD_FFN', 'Compute', 3393.194106753587, 3400.6427006262584, 7.4485938726711, 'NONE', 'NONE', 'NONE', 0
'BWD_TP_COMM_INTRA_0', 'Comm', 3400.6427006262584, 3400.6462797706718, 0.0035791444133333335, 51539607552.0, 'P2P', 'TP', 'INTRA', 4, 2, 3
'BWD_TP_COMM_INTRA_1', 'Comm', 3400.6427006262584, 3400.6462797706718, 0.0035791444133333335, 51539607552.0, 'P2P', 'TP', 'INTRA', 4, 2, 3
'BWD_TP_COMM_INTRA_2', 'Comm', 3400.6427006262584, 3400.6462797706718, 0.0035791444133333335, 51539607552.0, 'P2P', 'TP', 'INTRA', 4, 2, 3
'BWD_TP_COMM_INTRA_3', 'Comm', 3400.6427006262584, 3400.6462797706718, 0.0035791444133333335, 51539607552.0, 'P2P', 'TP', 'INTRA', 4, 2, 3
'BWD_TP_COMM_INTRA_4', 'Comm', 3400.6427006262584, 3400.6462797706718, 0.0035791444133333335, 51539607552.0, 'P2P', 'TP', 'INTRA', 4, 2, 3
'BWD_TP_COMM_INTRA_5', 'Comm', 3400.6427006262584, 3400.6462797706718, 0.0035791444133333335, 51539607552.0, 'P2P', 'TP', 'INTRA', 4, 2, 3
'BWD_MHA', 'Compute', 3400.664175492738, 3426.512476744879, 25.84830125214084, 'NONE', 'NONE', 'NONE', 0
'BWD_TP_COMM_INTRA_0', 'Comm', 3426.512476744879, 3426.5160558892926, 0.0035791444133333335, 51539607552.0, 'P2P', 'TP', 'INTRA', 4, 2, 3
'BWD_TP_COMM_INTRA_1', 'Comm', 3426.512476744879, 3426.5160558892926, 0.0035791444133333335, 51539607552.0, 'P2P', 'TP', 'INTRA', 4, 2, 3
'BWD_TP_COMM_INTRA_2', 'Comm', 3426.512476744879, 3426.5160558892926, 0.0035791444133333335, 51539607552.0, 'P2P', 'TP', 'INTRA', 4, 2, 3
'BWD_TP_COMM_INTRA_3', 'Comm', 3426.512476744879, 3426.5160558892926, 0.0035791444133333335, 51539607552.0, 'P2P', 'TP', 'INTRA', 4, 2, 3
'BWD_TP_COMM_INTRA_4', 'Comm', 3426.512476744879, 3426.5160558892926, 0.0035791444133333335, 51539607552.0, 'P2P', 'TP', 'INTRA', 4, 2, 3
'BWD_TP_COMM_INTRA_5', 'Comm', 3426.512476744879, 3426.5160558892926, 0.0035791444133333335, 51539607552.0, 'P2P', 'TP', 'INTRA', 4, 2, 3
'BWD_FFN', 'Compute', 3426.533951611359, 3433.98254548403, 7.4485938726711, 'NONE', 'NONE', 'NONE', 0
'BWD_TP_COMM_INTRA_0', 'Comm', 3433.98254548403, 3433.9861246284436, 0.0035791444133333335, 51539607552.0, 'P2P', 'TP', 'INTRA', 4, 2, 3
'BWD_TP_COMM_INTRA_1', 'Comm', 3433.98254548403, 3433.9861246284436, 0.0035791444133333335, 51539607552.0, 'P2P', 'TP', 'INTRA', 4, 2, 3
'BWD_TP_COMM_INTRA_2', 'Comm', 3433.98254548403, 3433.9861246284436, 0.0035791444133333335, 51539607552.0, 'P2P', 'TP', 'INTRA', 4, 2, 3
'BWD_TP_COMM_INTRA_3', 'Comm', 3433.98254548403, 3433.9861246284436, 0.0035791444133333335, 51539607552.0, 'P2P', 'TP', 'INTRA', 4, 2, 3
'BWD_TP_COMM_INTRA_4', 'Comm', 3433.98254548403, 3433.9861246284436, 0.0035791444133333335, 51539607552.0, 'P2P', 'TP', 'INTRA', 4, 2, 3
'BWD_TP_COMM_INTRA_5', 'Comm', 3433.98254548403, 3433.9861246284436, 0.0035791444133333335, 51539607552.0, 'P2P', 'TP', 'INTRA', 4, 2, 3
'BWD_MHA', 'Compute', 3434.00402035051, 3459.852321602651, 25.84830125214084, 'NONE', 'NONE', 'NONE', 0
'BWD_TP_COMM_INTRA_0', 'Comm', 3459.852321602651, 3459.8559007470644, 0.0035791444133333335, 51539607552.0, 'P2P', 'TP', 'INTRA', 4, 2, 3
'BWD_TP_COMM_INTRA_1', 'Comm', 3459.852321602651, 3459.8559007470644, 0.0035791444133333335, 51539607552.0, 'P2P', 'TP', 'INTRA', 4, 2, 3
'BWD_TP_COMM_INTRA_2', 'Comm', 3459.852321602651, 3459.8559007470644, 0.0035791444133333335, 51539607552.0, 'P2P', 'TP', 'INTRA', 4, 2, 3
'BWD_TP_COMM_INTRA_3', 'Comm', 3459.852321602651, 3459.8559007470644, 0.0035791444133333335, 51539607552.0, 'P2P', 'TP', 'INTRA', 4, 2, 3
'BWD_TP_COMM_INTRA_4', 'Comm', 3459.852321602651, 3459.8559007470644, 0.0035791444133333335, 51539607552.0, 'P2P', 'TP', 'INTRA', 4, 2, 3
'BWD_TP_COMM_INTRA_5', 'Comm', 3459.852321602651, 3459.8559007470644, 0.0035791444133333335, 51539607552.0, 'P2P', 'TP', 'INTRA', 4, 2, 3
'BWD_FFN', 'Compute', 3459.873796469131, 3467.322390341802, 7.4485938726711, 'NONE', 'NONE', 'NONE', 0
'BWD_TP_COMM_INTRA_0', 'Comm', 3467.322390341802, 3467.3259694862154, 0.0035791444133333335, 51539607552.0, 'P2P', 'TP', 'INTRA', 4, 2, 3
'BWD_TP_COMM_INTRA_1', 'Comm', 3467.322390341802, 3467.3259694862154, 0.0035791444133333335, 51539607552.0, 'P2P', 'TP', 'INTRA', 4, 2, 3
'BWD_TP_COMM_INTRA_2', 'Comm', 3467.322390341802, 3467.3259694862154, 0.0035791444133333335, 51539607552.0, 'P2P', 'TP', 'INTRA', 4, 2, 3
'BWD_TP_COMM_INTRA_3', 'Comm', 3467.322390341802, 3467.3259694862154, 0.0035791444133333335, 51539607552.0, 'P2P', 'TP', 'INTRA', 4, 2, 3
'BWD_TP_COMM_INTRA_4', 'Comm', 3467.322390341802, 3467.3259694862154, 0.0035791444133333335, 51539607552.0, 'P2P', 'TP', 'INTRA', 4, 2, 3
'BWD_TP_COMM_INTRA_5', 'Comm', 3467.322390341802, 3467.3259694862154, 0.0035791444133333335, 51539607552.0, 'P2P', 'TP', 'INTRA', 4, 2, 3
'BWD_MHA', 'Compute', 3467.343865208282, 3493.192166460423, 25.84830125214084, 'NONE', 'NONE', 'NONE', 0
'BWD_TP_COMM_INTRA_0', 'Comm', 3493.192166460423, 3493.1957456048362, 0.0035791444133333335, 51539607552.0, 'P2P', 'TP', 'INTRA', 4, 2, 3
'BWD_TP_COMM_INTRA_1', 'Comm', 3493.192166460423, 3493.1957456048362, 0.0035791444133333335, 51539607552.0, 'P2P', 'TP', 'INTRA', 4, 2, 3
'BWD_TP_COMM_INTRA_2', 'Comm', 3493.192166460423, 3493.1957456048362, 0.0035791444133333335, 51539607552.0, 'P2P', 'TP', 'INTRA', 4, 2, 3
'BWD_TP_COMM_INTRA_3', 'Comm', 3493.192166460423, 3493.1957456048362, 0.0035791444133333335, 51539607552.0, 'P2P', 'TP', 'INTRA', 4, 2, 3
'BWD_TP_COMM_INTRA_4', 'Comm', 3493.192166460423, 3493.1957456048362, 0.0035791444133333335, 51539607552.0, 'P2P', 'TP', 'INTRA', 4, 2, 3
'BWD_TP_COMM_INTRA_5', 'Comm', 3493.192166460423, 3493.1957456048362, 0.0035791444133333335, 51539607552.0, 'P2P', 'TP', 'INTRA', 4, 2, 3
'BWD_FFN', 'Compute', 3493.2136413269027, 3500.662235199574, 7.4485938726711, 'NONE', 'NONE', 'NONE', 0
'BWD_TP_COMM_INTRA_0', 'Comm', 3500.662235199574, 3500.665814343987, 0.0035791444133333335, 51539607552.0, 'P2P', 'TP', 'INTRA', 4, 2, 3
'BWD_TP_COMM_INTRA_1', 'Comm', 3500.662235199574, 3500.665814343987, 0.0035791444133333335, 51539607552.0, 'P2P', 'TP', 'INTRA', 4, 2, 3
'BWD_TP_COMM_INTRA_2', 'Comm', 3500.662235199574, 3500.665814343987, 0.0035791444133333335, 51539607552.0, 'P2P', 'TP', 'INTRA', 4, 2, 3
'BWD_TP_COMM_INTRA_3', 'Comm', 3500.662235199574, 3500.665814343987, 0.0035791444133333335, 51539607552.0, 'P2P', 'TP', 'INTRA', 4, 2, 3
'BWD_TP_COMM_INTRA_4', 'Comm', 3500.662235199574, 3500.665814343987, 0.0035791444133333335, 51539607552.0, 'P2P', 'TP', 'INTRA', 4, 2, 3
'BWD_TP_COMM_INTRA_5', 'Comm', 3500.662235199574, 3500.665814343987, 0.0035791444133333335, 51539607552.0, 'P2P', 'TP', 'INTRA', 4, 2, 3
'BWD_MHA', 'Compute', 3500.6837100660537, 3526.5320113181947, 25.84830125214084, 'NONE', 'NONE', 'NONE', 0
'BWD_TP_COMM_INTRA_0', 'Comm', 3526.5320113181947, 3526.535590462608, 0.0035791444133333335, 51539607552.0, 'P2P', 'TP', 'INTRA', 4, 2, 3
'BWD_TP_COMM_INTRA_1', 'Comm', 3526.5320113181947, 3526.535590462608, 0.0035791444133333335, 51539607552.0, 'P2P', 'TP', 'INTRA', 4, 2, 3
'BWD_TP_COMM_INTRA_2', 'Comm', 3526.5320113181947, 3526.535590462608, 0.0035791444133333335, 51539607552.0, 'P2P', 'TP', 'INTRA', 4, 2, 3
'BWD_TP_COMM_INTRA_3', 'Comm', 3526.5320113181947, 3526.535590462608, 0.0035791444133333335, 51539607552.0, 'P2P', 'TP', 'INTRA', 4, 2, 3
'BWD_TP_COMM_INTRA_4', 'Comm', 3526.5320113181947, 3526.535590462608, 0.0035791444133333335, 51539607552.0, 'P2P', 'TP', 'INTRA', 4, 2, 3
'BWD_TP_COMM_INTRA_5', 'Comm', 3526.5320113181947, 3526.535590462608, 0.0035791444133333335, 51539607552.0, 'P2P', 'TP', 'INTRA', 4, 2, 3
'BWD_FFN', 'Compute', 3526.5534861846745, 3534.0020800573457, 7.4485938726711, 'NONE', 'NONE', 'NONE', 0
'BWD_TP_COMM_INTRA_0', 'Comm', 3534.0020800573457, 3534.005659201759, 0.0035791444133333335, 51539607552.0, 'P2P', 'TP', 'INTRA', 4, 2, 3
'BWD_TP_COMM_INTRA_1', 'Comm', 3534.0020800573457, 3534.005659201759, 0.0035791444133333335, 51539607552.0, 'P2P', 'TP', 'INTRA', 4, 2, 3
'BWD_TP_COMM_INTRA_2', 'Comm', 3534.0020800573457, 3534.005659201759, 0.0035791444133333335, 51539607552.0, 'P2P', 'TP', 'INTRA', 4, 2, 3
'BWD_TP_COMM_INTRA_3', 'Comm', 3534.0020800573457, 3534.005659201759, 0.0035791444133333335, 51539607552.0, 'P2P', 'TP', 'INTRA', 4, 2, 3
'BWD_TP_COMM_INTRA_4', 'Comm', 3534.0020800573457, 3534.005659201759, 0.0035791444133333335, 51539607552.0, 'P2P', 'TP', 'INTRA', 4, 2, 3
'BWD_TP_COMM_INTRA_5', 'Comm', 3534.0020800573457, 3534.005659201759, 0.0035791444133333335, 51539607552.0, 'P2P', 'TP', 'INTRA', 4, 2, 3
'BWD_MHA', 'Compute', 3534.0235549238255, 3559.8718561759665, 25.84830125214084, 'NONE', 'NONE', 'NONE', 0
'BWD_TP_COMM_INTRA_0', 'Comm', 3559.8718561759665, 3559.87543532038, 0.0035791444133333335, 51539607552.0, 'P2P', 'TP', 'INTRA', 4, 2, 3
'BWD_TP_COMM_INTRA_1', 'Comm', 3559.8718561759665, 3559.87543532038, 0.0035791444133333335, 51539607552.0, 'P2P', 'TP', 'INTRA', 4, 2, 3
'BWD_TP_COMM_INTRA_2', 'Comm', 3559.8718561759665, 3559.87543532038, 0.0035791444133333335, 51539607552.0, 'P2P', 'TP', 'INTRA', 4, 2, 3
'BWD_TP_COMM_INTRA_3', 'Comm', 3559.8718561759665, 3559.87543532038, 0.0035791444133333335, 51539607552.0, 'P2P', 'TP', 'INTRA', 4, 2, 3
'BWD_TP_COMM_INTRA_4', 'Comm', 3559.8718561759665, 3559.87543532038, 0.0035791444133333335, 51539607552.0, 'P2P', 'TP', 'INTRA', 4, 2, 3
'BWD_TP_COMM_INTRA_5', 'Comm', 3559.8718561759665, 3559.87543532038, 0.0035791444133333335, 51539607552.0, 'P2P', 'TP', 'INTRA', 4, 2, 3
'BWD_FFN', 'Compute', 3559.8933310424463, 3567.3419249151175, 7.4485938726711, 'NONE', 'NONE', 'NONE', 0
'BWD_TP_COMM_INTRA_0', 'Comm', 3567.3419249151175, 3567.345504059531, 0.0035791444133333335, 51539607552.0, 'P2P', 'TP', 'INTRA', 4, 2, 3
'BWD_TP_COMM_INTRA_1', 'Comm', 3567.3419249151175, 3567.345504059531, 0.0035791444133333335, 51539607552.0, 'P2P', 'TP', 'INTRA', 4, 2, 3
'BWD_TP_COMM_INTRA_2', 'Comm', 3567.3419249151175, 3567.345504059531, 0.0035791444133333335, 51539607552.0, 'P2P', 'TP', 'INTRA', 4, 2, 3
'BWD_TP_COMM_INTRA_3', 'Comm', 3567.3419249151175, 3567.345504059531, 0.0035791444133333335, 51539607552.0, 'P2P', 'TP', 'INTRA', 4, 2, 3
'BWD_TP_COMM_INTRA_4', 'Comm', 3567.3419249151175, 3567.345504059531, 0.0035791444133333335, 51539607552.0, 'P2P', 'TP', 'INTRA', 4, 2, 3
'BWD_TP_COMM_INTRA_5', 'Comm', 3567.3419249151175, 3567.345504059531, 0.0035791444133333335, 51539607552.0, 'P2P', 'TP', 'INTRA', 4, 2, 3
'BWD_MHA', 'Compute', 3567.3633997815973, 3593.2117010337383, 25.84830125214084, 'NONE', 'NONE', 'NONE', 0
'BWD_TP_COMM_INTRA_0', 'Comm', 3593.2117010337383, 3593.2152801781517, 0.0035791444133333335, 51539607552.0, 'P2P', 'TP', 'INTRA', 4, 2, 3
'BWD_TP_COMM_INTRA_1', 'Comm', 3593.2117010337383, 3593.2152801781517, 0.0035791444133333335, 51539607552.0, 'P2P', 'TP', 'INTRA', 4, 2, 3
'BWD_TP_COMM_INTRA_2', 'Comm', 3593.2117010337383, 3593.2152801781517, 0.0035791444133333335, 51539607552.0, 'P2P', 'TP', 'INTRA', 4, 2, 3
'BWD_TP_COMM_INTRA_3', 'Comm', 3593.2117010337383, 3593.2152801781517, 0.0035791444133333335, 51539607552.0, 'P2P', 'TP', 'INTRA', 4, 2, 3
'BWD_TP_COMM_INTRA_4', 'Comm', 3593.2117010337383, 3593.2152801781517, 0.0035791444133333335, 51539607552.0, 'P2P', 'TP', 'INTRA', 4, 2, 3
'BWD_TP_COMM_INTRA_5', 'Comm', 3593.2117010337383, 3593.2152801781517, 0.0035791444133333335, 51539607552.0, 'P2P', 'TP', 'INTRA', 4, 2, 3
'BWD_FFN', 'Compute', 3593.233175900218, 3600.6817697728893, 7.4485938726711, 'NONE', 'NONE', 'NONE', 0
'BWD_TP_COMM_INTRA_0', 'Comm', 3600.6817697728893, 3600.6853489173027, 0.0035791444133333335, 51539607552.0, 'P2P', 'TP', 'INTRA', 4, 2, 3
'BWD_TP_COMM_INTRA_1', 'Comm', 3600.6817697728893, 3600.6853489173027, 0.0035791444133333335, 51539607552.0, 'P2P', 'TP', 'INTRA', 4, 2, 3
'BWD_TP_COMM_INTRA_2', 'Comm', 3600.6817697728893, 3600.6853489173027, 0.0035791444133333335, 51539607552.0, 'P2P', 'TP', 'INTRA', 4, 2, 3
'BWD_TP_COMM_INTRA_3', 'Comm', 3600.6817697728893, 3600.6853489173027, 0.0035791444133333335, 51539607552.0, 'P2P', 'TP', 'INTRA', 4, 2, 3
'BWD_TP_COMM_INTRA_4', 'Comm', 3600.6817697728893, 3600.6853489173027, 0.0035791444133333335, 51539607552.0, 'P2P', 'TP', 'INTRA', 4, 2, 3
'BWD_TP_COMM_INTRA_5', 'Comm', 3600.6817697728893, 3600.6853489173027, 0.0035791444133333335, 51539607552.0, 'P2P', 'TP', 'INTRA', 4, 2, 3
'BWD_MHA', 'Compute', 3600.703244639369, 3626.55154589151, 25.84830125214084, 'NONE', 'NONE', 'NONE', 0
'BWD_TP_COMM_INTRA_0', 'Comm', 3626.55154589151, 3626.5551250359235, 0.0035791444133333335, 51539607552.0, 'P2P', 'TP', 'INTRA', 4, 2, 3
'BWD_TP_COMM_INTRA_1', 'Comm', 3626.55154589151, 3626.5551250359235, 0.0035791444133333335, 51539607552.0, 'P2P', 'TP', 'INTRA', 4, 2, 3
'BWD_TP_COMM_INTRA_2', 'Comm', 3626.55154589151, 3626.5551250359235, 0.0035791444133333335, 51539607552.0, 'P2P', 'TP', 'INTRA', 4, 2, 3
'BWD_TP_COMM_INTRA_3', 'Comm', 3626.55154589151, 3626.5551250359235, 0.0035791444133333335, 51539607552.0, 'P2P', 'TP', 'INTRA', 4, 2, 3
'BWD_TP_COMM_INTRA_4', 'Comm', 3626.55154589151, 3626.5551250359235, 0.0035791444133333335, 51539607552.0, 'P2P', 'TP', 'INTRA', 4, 2, 3
'BWD_TP_COMM_INTRA_5', 'Comm', 3626.55154589151, 3626.5551250359235, 0.0035791444133333335, 51539607552.0, 'P2P', 'TP', 'INTRA', 4, 2, 3
'BWD_FFN', 'Compute', 3626.57302075799, 3634.021614630661, 7.4485938726711, 'NONE', 'NONE', 'NONE', 0
'BWD_TP_COMM_INTRA_0', 'Comm', 3634.021614630661, 3634.0251937750745, 0.0035791444133333335, 51539607552.0, 'P2P', 'TP', 'INTRA', 4, 2, 3
'BWD_TP_COMM_INTRA_1', 'Comm', 3634.021614630661, 3634.0251937750745, 0.0035791444133333335, 51539607552.0, 'P2P', 'TP', 'INTRA', 4, 2, 3
'BWD_TP_COMM_INTRA_2', 'Comm', 3634.021614630661, 3634.0251937750745, 0.0035791444133333335, 51539607552.0, 'P2P', 'TP', 'INTRA', 4, 2, 3
'BWD_TP_COMM_INTRA_3', 'Comm', 3634.021614630661, 3634.0251937750745, 0.0035791444133333335, 51539607552.0, 'P2P', 'TP', 'INTRA', 4, 2, 3
'BWD_TP_COMM_INTRA_4', 'Comm', 3634.021614630661, 3634.0251937750745, 0.0035791444133333335, 51539607552.0, 'P2P', 'TP', 'INTRA', 4, 2, 3
'BWD_TP_COMM_INTRA_5', 'Comm', 3634.021614630661, 3634.0251937750745, 0.0035791444133333335, 51539607552.0, 'P2P', 'TP', 'INTRA', 4, 2, 3
'BWD_MHA', 'Compute', 3634.043089497141, 3659.891390749282, 25.84830125214084, 'NONE', 'NONE', 'NONE', 0
'BWD_TP_COMM_INTRA_0', 'Comm', 3659.891390749282, 3659.8949698936954, 0.0035791444133333335, 51539607552.0, 'P2P', 'TP', 'INTRA', 4, 2, 3
'BWD_TP_COMM_INTRA_1', 'Comm', 3659.891390749282, 3659.8949698936954, 0.0035791444133333335, 51539607552.0, 'P2P', 'TP', 'INTRA', 4, 2, 3
'BWD_TP_COMM_INTRA_2', 'Comm', 3659.891390749282, 3659.8949698936954, 0.0035791444133333335, 51539607552.0, 'P2P', 'TP', 'INTRA', 4, 2, 3
'BWD_TP_COMM_INTRA_3', 'Comm', 3659.891390749282, 3659.8949698936954, 0.0035791444133333335, 51539607552.0, 'P2P', 'TP', 'INTRA', 4, 2, 3
'BWD_TP_COMM_INTRA_4', 'Comm', 3659.891390749282, 3659.8949698936954, 0.0035791444133333335, 51539607552.0, 'P2P', 'TP', 'INTRA', 4, 2, 3
'BWD_TP_COMM_INTRA_5', 'Comm', 3659.891390749282, 3659.8949698936954, 0.0035791444133333335, 51539607552.0, 'P2P', 'TP', 'INTRA', 4, 2, 3
'BWD_FFN', 'Compute', 3659.912865615762, 3667.361459488433, 7.4485938726711, 'NONE', 'NONE', 'NONE', 0
'BWD_TP_COMM_INTRA_0', 'Comm', 3667.361459488433, 3667.3650386328463, 0.0035791444133333335, 51539607552.0, 'P2P', 'TP', 'INTRA', 4, 2, 3
'BWD_TP_COMM_INTRA_1', 'Comm', 3667.361459488433, 3667.3650386328463, 0.0035791444133333335, 51539607552.0, 'P2P', 'TP', 'INTRA', 4, 2, 3
'BWD_TP_COMM_INTRA_2', 'Comm', 3667.361459488433, 3667.3650386328463, 0.0035791444133333335, 51539607552.0, 'P2P', 'TP', 'INTRA', 4, 2, 3
'BWD_TP_COMM_INTRA_3', 'Comm', 3667.361459488433, 3667.3650386328463, 0.0035791444133333335, 51539607552.0, 'P2P', 'TP', 'INTRA', 4, 2, 3
'BWD_TP_COMM_INTRA_4', 'Comm', 3667.361459488433, 3667.3650386328463, 0.0035791444133333335, 51539607552.0, 'P2P', 'TP', 'INTRA', 4, 2, 3
'BWD_TP_COMM_INTRA_5', 'Comm', 3667.361459488433, 3667.3650386328463, 0.0035791444133333335, 51539607552.0, 'P2P', 'TP', 'INTRA', 4, 2, 3
'BWD_MHA', 'Compute', 3667.382934354913, 3693.231235607054, 25.84830125214084, 'NONE', 'NONE', 'NONE', 0
'BWD_TP_COMM_INTRA_0', 'Comm', 3693.231235607054, 3693.234814751467, 0.0035791444133333335, 51539607552.0, 'P2P', 'TP', 'INTRA', 4, 2, 3
'BWD_TP_COMM_INTRA_1', 'Comm', 3693.231235607054, 3693.234814751467, 0.0035791444133333335, 51539607552.0, 'P2P', 'TP', 'INTRA', 4, 2, 3
'BWD_TP_COMM_INTRA_2', 'Comm', 3693.231235607054, 3693.234814751467, 0.0035791444133333335, 51539607552.0, 'P2P', 'TP', 'INTRA', 4, 2, 3
'BWD_TP_COMM_INTRA_3', 'Comm', 3693.231235607054, 3693.234814751467, 0.0035791444133333335, 51539607552.0, 'P2P', 'TP', 'INTRA', 4, 2, 3
'BWD_TP_COMM_INTRA_4', 'Comm', 3693.231235607054, 3693.234814751467, 0.0035791444133333335, 51539607552.0, 'P2P', 'TP', 'INTRA', 4, 2, 3
'BWD_TP_COMM_INTRA_5', 'Comm', 3693.231235607054, 3693.234814751467, 0.0035791444133333335, 51539607552.0, 'P2P', 'TP', 'INTRA', 4, 2, 3
'BWD_FFN', 'Compute', 3693.2527104735336, 3700.701304346205, 7.4485938726711, 'NONE', 'NONE', 'NONE', 0
'BWD_TP_COMM_INTRA_0', 'Comm', 3700.701304346205, 3700.704883490618, 0.0035791444133333335, 51539607552.0, 'P2P', 'TP', 'INTRA', 4, 2, 3
'BWD_TP_COMM_INTRA_1', 'Comm', 3700.701304346205, 3700.704883490618, 0.0035791444133333335, 51539607552.0, 'P2P', 'TP', 'INTRA', 4, 2, 3
'BWD_TP_COMM_INTRA_2', 'Comm', 3700.701304346205, 3700.704883490618, 0.0035791444133333335, 51539607552.0, 'P2P', 'TP', 'INTRA', 4, 2, 3
'BWD_TP_COMM_INTRA_3', 'Comm', 3700.701304346205, 3700.704883490618, 0.0035791444133333335, 51539607552.0, 'P2P', 'TP', 'INTRA', 4, 2, 3
'BWD_TP_COMM_INTRA_4', 'Comm', 3700.701304346205, 3700.704883490618, 0.0035791444133333335, 51539607552.0, 'P2P', 'TP', 'INTRA', 4, 2, 3
'BWD_TP_COMM_INTRA_5', 'Comm', 3700.701304346205, 3700.704883490618, 0.0035791444133333335, 51539607552.0, 'P2P', 'TP', 'INTRA', 4, 2, 3
'BWD_MHA', 'Compute', 3700.7227792126846, 3726.5710804648256, 25.84830125214084, 'NONE', 'NONE', 'NONE', 0
'BWD_TP_COMM_INTRA_0', 'Comm', 3726.5710804648256, 3726.574659609239, 0.0035791444133333335, 51539607552.0, 'P2P', 'TP', 'INTRA', 4, 2, 3
'BWD_TP_COMM_INTRA_1', 'Comm', 3726.5710804648256, 3726.574659609239, 0.0035791444133333335, 51539607552.0, 'P2P', 'TP', 'INTRA', 4, 2, 3
'BWD_TP_COMM_INTRA_2', 'Comm', 3726.5710804648256, 3726.574659609239, 0.0035791444133333335, 51539607552.0, 'P2P', 'TP', 'INTRA', 4, 2, 3
'BWD_TP_COMM_INTRA_3', 'Comm', 3726.5710804648256, 3726.574659609239, 0.0035791444133333335, 51539607552.0, 'P2P', 'TP', 'INTRA', 4, 2, 3
'BWD_TP_COMM_INTRA_4', 'Comm', 3726.5710804648256, 3726.574659609239, 0.0035791444133333335, 51539607552.0, 'P2P', 'TP', 'INTRA', 4, 2, 3
'BWD_TP_COMM_INTRA_5', 'Comm', 3726.5710804648256, 3726.574659609239, 0.0035791444133333335, 51539607552.0, 'P2P', 'TP', 'INTRA', 4, 2, 3
'BWD_FFN', 'Compute', 3726.5925553313054, 3734.0411492039766, 7.4485938726711, 'NONE', 'NONE', 'NONE', 0
'BWD_TP_COMM_INTRA_0', 'Comm', 3734.0411492039766, 3734.04472834839, 0.0035791444133333335, 51539607552.0, 'P2P', 'TP', 'INTRA', 4, 2, 3
'BWD_TP_COMM_INTRA_1', 'Comm', 3734.0411492039766, 3734.04472834839, 0.0035791444133333335, 51539607552.0, 'P2P', 'TP', 'INTRA', 4, 2, 3
'BWD_TP_COMM_INTRA_2', 'Comm', 3734.0411492039766, 3734.04472834839, 0.0035791444133333335, 51539607552.0, 'P2P', 'TP', 'INTRA', 4, 2, 3
'BWD_TP_COMM_INTRA_3', 'Comm', 3734.0411492039766, 3734.04472834839, 0.0035791444133333335, 51539607552.0, 'P2P', 'TP', 'INTRA', 4, 2, 3
'BWD_TP_COMM_INTRA_4', 'Comm', 3734.0411492039766, 3734.04472834839, 0.0035791444133333335, 51539607552.0, 'P2P', 'TP', 'INTRA', 4, 2, 3
'BWD_TP_COMM_INTRA_5', 'Comm', 3734.0411492039766, 3734.04472834839, 0.0035791444133333335, 51539607552.0, 'P2P', 'TP', 'INTRA', 4, 2, 3
'BWD_MHA', 'Compute', 3734.0626240704564, 3759.9109253225974, 25.84830125214084, 'NONE', 'NONE', 'NONE', 0
'BWD_TP_COMM_INTRA_0', 'Comm', 3759.9109253225974, 3759.914504467011, 0.0035791444133333335, 51539607552.0, 'P2P', 'TP', 'INTRA', 4, 2, 3
'BWD_TP_COMM_INTRA_1', 'Comm', 3759.9109253225974, 3759.914504467011, 0.0035791444133333335, 51539607552.0, 'P2P', 'TP', 'INTRA', 4, 2, 3
'BWD_TP_COMM_INTRA_2', 'Comm', 3759.9109253225974, 3759.914504467011, 0.0035791444133333335, 51539607552.0, 'P2P', 'TP', 'INTRA', 4, 2, 3
'BWD_TP_COMM_INTRA_3', 'Comm', 3759.9109253225974, 3759.914504467011, 0.0035791444133333335, 51539607552.0, 'P2P', 'TP', 'INTRA', 4, 2, 3
'BWD_TP_COMM_INTRA_4', 'Comm', 3759.9109253225974, 3759.914504467011, 0.0035791444133333335, 51539607552.0, 'P2P', 'TP', 'INTRA', 4, 2, 3
'BWD_TP_COMM_INTRA_5', 'Comm', 3759.9109253225974, 3759.914504467011, 0.0035791444133333335, 51539607552.0, 'P2P', 'TP', 'INTRA', 4, 2, 3
'BWD_FFN', 'Compute', 3759.9324001890773, 3767.3809940617484, 7.4485938726711, 'NONE', 'NONE', 'NONE', 0
'BWD_TP_COMM_INTRA_0', 'Comm', 3767.3809940617484, 3767.384573206162, 0.0035791444133333335, 51539607552.0, 'P2P', 'TP', 'INTRA', 4, 2, 3
'BWD_TP_COMM_INTRA_1', 'Comm', 3767.3809940617484, 3767.384573206162, 0.0035791444133333335, 51539607552.0, 'P2P', 'TP', 'INTRA', 4, 2, 3
'BWD_TP_COMM_INTRA_2', 'Comm', 3767.3809940617484, 3767.384573206162, 0.0035791444133333335, 51539607552.0, 'P2P', 'TP', 'INTRA', 4, 2, 3
'BWD_TP_COMM_INTRA_3', 'Comm', 3767.3809940617484, 3767.384573206162, 0.0035791444133333335, 51539607552.0, 'P2P', 'TP', 'INTRA', 4, 2, 3
'BWD_TP_COMM_INTRA_4', 'Comm', 3767.3809940617484, 3767.384573206162, 0.0035791444133333335, 51539607552.0, 'P2P', 'TP', 'INTRA', 4, 2, 3
'BWD_TP_COMM_INTRA_5', 'Comm', 3767.3809940617484, 3767.384573206162, 0.0035791444133333335, 51539607552.0, 'P2P', 'TP', 'INTRA', 4, 2, 3
'BWD_MHA', 'Compute', 3767.4024689282282, 3793.2507701803693, 25.84830125214084, 'NONE', 'NONE', 'NONE', 0
'BWD_TP_COMM_INTRA_0', 'Comm', 3793.2507701803693, 3793.2543493247827, 0.0035791444133333335, 51539607552.0, 'P2P', 'TP', 'INTRA', 4, 2, 3
'BWD_TP_COMM_INTRA_1', 'Comm', 3793.2507701803693, 3793.2543493247827, 0.0035791444133333335, 51539607552.0, 'P2P', 'TP', 'INTRA', 4, 2, 3
'BWD_TP_COMM_INTRA_2', 'Comm', 3793.2507701803693, 3793.2543493247827, 0.0035791444133333335, 51539607552.0, 'P2P', 'TP', 'INTRA', 4, 2, 3
'BWD_TP_COMM_INTRA_3', 'Comm', 3793.2507701803693, 3793.2543493247827, 0.0035791444133333335, 51539607552.0, 'P2P', 'TP', 'INTRA', 4, 2, 3
'BWD_TP_COMM_INTRA_4', 'Comm', 3793.2507701803693, 3793.2543493247827, 0.0035791444133333335, 51539607552.0, 'P2P', 'TP', 'INTRA', 4, 2, 3
'BWD_TP_COMM_INTRA_5', 'Comm', 3793.2507701803693, 3793.2543493247827, 0.0035791444133333335, 51539607552.0, 'P2P', 'TP', 'INTRA', 4, 2, 3
'BWD_FFN', 'Compute', 3793.272245046849, 3800.7208389195202, 7.4485938726711, 'NONE', 'NONE', 'NONE', 0
'BWD_TP_COMM_INTRA_0', 'Comm', 3800.7208389195202, 3800.7244180639336, 0.0035791444133333335, 51539607552.0, 'P2P', 'TP', 'INTRA', 4, 2, 3
'BWD_TP_COMM_INTRA_1', 'Comm', 3800.7208389195202, 3800.7244180639336, 0.0035791444133333335, 51539607552.0, 'P2P', 'TP', 'INTRA', 4, 2, 3
'BWD_TP_COMM_INTRA_2', 'Comm', 3800.7208389195202, 3800.7244180639336, 0.0035791444133333335, 51539607552.0, 'P2P', 'TP', 'INTRA', 4, 2, 3
'BWD_TP_COMM_INTRA_3', 'Comm', 3800.7208389195202, 3800.7244180639336, 0.0035791444133333335, 51539607552.0, 'P2P', 'TP', 'INTRA', 4, 2, 3
'BWD_TP_COMM_INTRA_4', 'Comm', 3800.7208389195202, 3800.7244180639336, 0.0035791444133333335, 51539607552.0, 'P2P', 'TP', 'INTRA', 4, 2, 3
'BWD_TP_COMM_INTRA_5', 'Comm', 3800.7208389195202, 3800.7244180639336, 0.0035791444133333335, 51539607552.0, 'P2P', 'TP', 'INTRA', 4, 2, 3
'BWD_MHA', 'Compute', 3800.742313786, 3826.590615038141, 25.84830125214084, 'NONE', 'NONE', 'NONE', 0
'BWD_TP_COMM_INTRA_0', 'Comm', 3826.590615038141, 3826.5941941825545, 0.0035791444133333335, 51539607552.0, 'P2P', 'TP', 'INTRA', 4, 2, 3
'BWD_TP_COMM_INTRA_1', 'Comm', 3826.590615038141, 3826.5941941825545, 0.0035791444133333335, 51539607552.0, 'P2P', 'TP', 'INTRA', 4, 2, 3
'BWD_TP_COMM_INTRA_2', 'Comm', 3826.590615038141, 3826.5941941825545, 0.0035791444133333335, 51539607552.0, 'P2P', 'TP', 'INTRA', 4, 2, 3
'BWD_TP_COMM_INTRA_3', 'Comm', 3826.590615038141, 3826.5941941825545, 0.0035791444133333335, 51539607552.0, 'P2P', 'TP', 'INTRA', 4, 2, 3
'BWD_TP_COMM_INTRA_4', 'Comm', 3826.590615038141, 3826.5941941825545, 0.0035791444133333335, 51539607552.0, 'P2P', 'TP', 'INTRA', 4, 2, 3
'BWD_TP_COMM_INTRA_5', 'Comm', 3826.590615038141, 3826.5941941825545, 0.0035791444133333335, 51539607552.0, 'P2P', 'TP', 'INTRA', 4, 2, 3
'BWD_FFN', 'Compute', 3826.612089904621, 3834.060683777292, 7.4485938726711, 'NONE', 'NONE', 'NONE', 0
'BWD_TP_COMM_INTRA_0', 'Comm', 3834.060683777292, 3834.0642629217054, 0.0035791444133333335, 51539607552.0, 'P2P', 'TP', 'INTRA', 4, 2, 3
'BWD_TP_COMM_INTRA_1', 'Comm', 3834.060683777292, 3834.0642629217054, 0.0035791444133333335, 51539607552.0, 'P2P', 'TP', 'INTRA', 4, 2, 3
'BWD_TP_COMM_INTRA_2', 'Comm', 3834.060683777292, 3834.0642629217054, 0.0035791444133333335, 51539607552.0, 'P2P', 'TP', 'INTRA', 4, 2, 3
'BWD_TP_COMM_INTRA_3', 'Comm', 3834.060683777292, 3834.0642629217054, 0.0035791444133333335, 51539607552.0, 'P2P', 'TP', 'INTRA', 4, 2, 3
'BWD_TP_COMM_INTRA_4', 'Comm', 3834.060683777292, 3834.0642629217054, 0.0035791444133333335, 51539607552.0, 'P2P', 'TP', 'INTRA', 4, 2, 3
'BWD_TP_COMM_INTRA_5', 'Comm', 3834.060683777292, 3834.0642629217054, 0.0035791444133333335, 51539607552.0, 'P2P', 'TP', 'INTRA', 4, 2, 3
'BWD_MHA', 'Compute', 3834.082158643772, 3859.930459895913, 25.84830125214084, 'NONE', 'NONE', 'NONE', 0
'BWD_TP_COMM_INTRA_0', 'Comm', 3859.930459895913, 3859.9340390403263, 0.0035791444133333335, 51539607552.0, 'P2P', 'TP', 'INTRA', 4, 2, 3
'BWD_TP_COMM_INTRA_1', 'Comm', 3859.930459895913, 3859.9340390403263, 0.0035791444133333335, 51539607552.0, 'P2P', 'TP', 'INTRA', 4, 2, 3
'BWD_TP_COMM_INTRA_2', 'Comm', 3859.930459895913, 3859.9340390403263, 0.0035791444133333335, 51539607552.0, 'P2P', 'TP', 'INTRA', 4, 2, 3
'BWD_TP_COMM_INTRA_3', 'Comm', 3859.930459895913, 3859.9340390403263, 0.0035791444133333335, 51539607552.0, 'P2P', 'TP', 'INTRA', 4, 2, 3
'BWD_TP_COMM_INTRA_4', 'Comm', 3859.930459895913, 3859.9340390403263, 0.0035791444133333335, 51539607552.0, 'P2P', 'TP', 'INTRA', 4, 2, 3
'BWD_TP_COMM_INTRA_5', 'Comm', 3859.930459895913, 3859.9340390403263, 0.0035791444133333335, 51539607552.0, 'P2P', 'TP', 'INTRA', 4, 2, 3
'BWD_FFN', 'Compute', 3859.9519347623927, 3867.400528635064, 7.4485938726711, 'NONE', 'NONE', 'NONE', 0
'BWD_TP_COMM_INTRA_0', 'Comm', 3867.400528635064, 3867.4041077794773, 0.0035791444133333335, 51539607552.0, 'P2P', 'TP', 'INTRA', 4, 2, 3
'BWD_TP_COMM_INTRA_1', 'Comm', 3867.400528635064, 3867.4041077794773, 0.0035791444133333335, 51539607552.0, 'P2P', 'TP', 'INTRA', 4, 2, 3
'BWD_TP_COMM_INTRA_2', 'Comm', 3867.400528635064, 3867.4041077794773, 0.0035791444133333335, 51539607552.0, 'P2P', 'TP', 'INTRA', 4, 2, 3
'BWD_TP_COMM_INTRA_3', 'Comm', 3867.400528635064, 3867.4041077794773, 0.0035791444133333335, 51539607552.0, 'P2P', 'TP', 'INTRA', 4, 2, 3
'BWD_TP_COMM_INTRA_4', 'Comm', 3867.400528635064, 3867.4041077794773, 0.0035791444133333335, 51539607552.0, 'P2P', 'TP', 'INTRA', 4, 2, 3
'BWD_TP_COMM_INTRA_5', 'Comm', 3867.400528635064, 3867.4041077794773, 0.0035791444133333335, 51539607552.0, 'P2P', 'TP', 'INTRA', 4, 2, 3
'BWD_MHA', 'Compute', 3867.4220035015437, 3893.2703047536847, 25.84830125214084, 'NONE', 'NONE', 'NONE', 0
'BWD_TP_COMM_INTRA_0', 'Comm', 3893.2703047536847, 3893.273883898098, 0.0035791444133333335, 51539607552.0, 'P2P', 'TP', 'INTRA', 4, 2, 3
'BWD_TP_COMM_INTRA_1', 'Comm', 3893.2703047536847, 3893.273883898098, 0.0035791444133333335, 51539607552.0, 'P2P', 'TP', 'INTRA', 4, 2, 3
'BWD_TP_COMM_INTRA_2', 'Comm', 3893.2703047536847, 3893.273883898098, 0.0035791444133333335, 51539607552.0, 'P2P', 'TP', 'INTRA', 4, 2, 3
'BWD_TP_COMM_INTRA_3', 'Comm', 3893.2703047536847, 3893.273883898098, 0.0035791444133333335, 51539607552.0, 'P2P', 'TP', 'INTRA', 4, 2, 3
'BWD_TP_COMM_INTRA_4', 'Comm', 3893.2703047536847, 3893.273883898098, 0.0035791444133333335, 51539607552.0, 'P2P', 'TP', 'INTRA', 4, 2, 3
'BWD_TP_COMM_INTRA_5', 'Comm', 3893.2703047536847, 3893.273883898098, 0.0035791444133333335, 51539607552.0, 'P2P', 'TP', 'INTRA', 4, 2, 3
'BWD_FFN', 'Compute', 3893.2917796201646, 3900.7403734928357, 7.4485938726711, 'NONE', 'NONE', 'NONE', 0
'BWD_TP_COMM_INTRA_0', 'Comm', 3900.7403734928357, 3900.743952637249, 0.0035791444133333335, 51539607552.0, 'P2P', 'TP', 'INTRA', 4, 2, 3
'BWD_TP_COMM_INTRA_1', 'Comm', 3900.7403734928357, 3900.743952637249, 0.0035791444133333335, 51539607552.0, 'P2P', 'TP', 'INTRA', 4, 2, 3
'BWD_TP_COMM_INTRA_2', 'Comm', 3900.7403734928357, 3900.743952637249, 0.0035791444133333335, 51539607552.0, 'P2P', 'TP', 'INTRA', 4, 2, 3
'BWD_TP_COMM_INTRA_3', 'Comm', 3900.7403734928357, 3900.743952637249, 0.0035791444133333335, 51539607552.0, 'P2P', 'TP', 'INTRA', 4, 2, 3
'BWD_TP_COMM_INTRA_4', 'Comm', 3900.7403734928357, 3900.743952637249, 0.0035791444133333335, 51539607552.0, 'P2P', 'TP', 'INTRA', 4, 2, 3
'BWD_TP_COMM_INTRA_5', 'Comm', 3900.7403734928357, 3900.743952637249, 0.0035791444133333335, 51539607552.0, 'P2P', 'TP', 'INTRA', 4, 2, 3
'BWD_MHA', 'Compute', 3900.7618483593155, 3926.6101496114566, 25.84830125214084, 'NONE', 'NONE', 'NONE', 0
'BWD_TP_COMM_INTRA_0', 'Comm', 3926.6101496114566, 3926.61372875587, 0.0035791444133333335, 51539607552.0, 'P2P', 'TP', 'INTRA', 4, 2, 3
'BWD_TP_COMM_INTRA_1', 'Comm', 3926.6101496114566, 3926.61372875587, 0.0035791444133333335, 51539607552.0, 'P2P', 'TP', 'INTRA', 4, 2, 3
'BWD_TP_COMM_INTRA_2', 'Comm', 3926.6101496114566, 3926.61372875587, 0.0035791444133333335, 51539607552.0, 'P2P', 'TP', 'INTRA', 4, 2, 3
'BWD_TP_COMM_INTRA_3', 'Comm', 3926.6101496114566, 3926.61372875587, 0.0035791444133333335, 51539607552.0, 'P2P', 'TP', 'INTRA', 4, 2, 3
'BWD_TP_COMM_INTRA_4', 'Comm', 3926.6101496114566, 3926.61372875587, 0.0035791444133333335, 51539607552.0, 'P2P', 'TP', 'INTRA', 4, 2, 3
'BWD_TP_COMM_INTRA_5', 'Comm', 3926.6101496114566, 3926.61372875587, 0.0035791444133333335, 51539607552.0, 'P2P', 'TP', 'INTRA', 4, 2, 3
'BWD_FFN', 'Compute', 3926.6316244779364, 3934.0802183506075, 7.4485938726711, 'NONE', 'NONE', 'NONE', 0
'BWD_TP_COMM_INTRA_0', 'Comm', 3934.0802183506075, 3934.083797495021, 0.0035791444133333335, 51539607552.0, 'P2P', 'TP', 'INTRA', 4, 2, 3
'BWD_TP_COMM_INTRA_1', 'Comm', 3934.0802183506075, 3934.083797495021, 0.0035791444133333335, 51539607552.0, 'P2P', 'TP', 'INTRA', 4, 2, 3
'BWD_TP_COMM_INTRA_2', 'Comm', 3934.0802183506075, 3934.083797495021, 0.0035791444133333335, 51539607552.0, 'P2P', 'TP', 'INTRA', 4, 2, 3
'BWD_TP_COMM_INTRA_3', 'Comm', 3934.0802183506075, 3934.083797495021, 0.0035791444133333335, 51539607552.0, 'P2P', 'TP', 'INTRA', 4, 2, 3
'BWD_TP_COMM_INTRA_4', 'Comm', 3934.0802183506075, 3934.083797495021, 0.0035791444133333335, 51539607552.0, 'P2P', 'TP', 'INTRA', 4, 2, 3
'BWD_TP_COMM_INTRA_5', 'Comm', 3934.0802183506075, 3934.083797495021, 0.0035791444133333335, 51539607552.0, 'P2P', 'TP', 'INTRA', 4, 2, 3
'BWD_MHA', 'Compute', 3934.1016932170874, 3959.9499944692284, 25.84830125214084, 'NONE', 'NONE', 'NONE', 0
'BWD_TP_COMM_INTRA_0', 'Comm', 3959.9499944692284, 3959.9535736136418, 0.0035791444133333335, 51539607552.0, 'P2P', 'TP', 'INTRA', 4, 2, 3
'BWD_TP_COMM_INTRA_1', 'Comm', 3959.9499944692284, 3959.9535736136418, 0.0035791444133333335, 51539607552.0, 'P2P', 'TP', 'INTRA', 4, 2, 3
'BWD_TP_COMM_INTRA_2', 'Comm', 3959.9499944692284, 3959.9535736136418, 0.0035791444133333335, 51539607552.0, 'P2P', 'TP', 'INTRA', 4, 2, 3
'BWD_TP_COMM_INTRA_3', 'Comm', 3959.9499944692284, 3959.9535736136418, 0.0035791444133333335, 51539607552.0, 'P2P', 'TP', 'INTRA', 4, 2, 3
'BWD_TP_COMM_INTRA_4', 'Comm', 3959.9499944692284, 3959.9535736136418, 0.0035791444133333335, 51539607552.0, 'P2P', 'TP', 'INTRA', 4, 2, 3
'BWD_TP_COMM_INTRA_5', 'Comm', 3959.9499944692284, 3959.9535736136418, 0.0035791444133333335, 51539607552.0, 'P2P', 'TP', 'INTRA', 4, 2, 3
'BWD_FFN', 'Compute', 3959.971469335708, 3967.4200632083794, 7.4485938726711, 'NONE', 'NONE', 'NONE', 0
'BWD_TP_COMM_INTRA_0', 'Comm', 3967.4200632083794, 3967.4236423527927, 0.0035791444133333335, 51539607552.0, 'P2P', 'TP', 'INTRA', 4, 2, 3
'BWD_TP_COMM_INTRA_1', 'Comm', 3967.4200632083794, 3967.4236423527927, 0.0035791444133333335, 51539607552.0, 'P2P', 'TP', 'INTRA', 4, 2, 3
'BWD_TP_COMM_INTRA_2', 'Comm', 3967.4200632083794, 3967.4236423527927, 0.0035791444133333335, 51539607552.0, 'P2P', 'TP', 'INTRA', 4, 2, 3
'BWD_TP_COMM_INTRA_3', 'Comm', 3967.4200632083794, 3967.4236423527927, 0.0035791444133333335, 51539607552.0, 'P2P', 'TP', 'INTRA', 4, 2, 3
'BWD_TP_COMM_INTRA_4', 'Comm', 3967.4200632083794, 3967.4236423527927, 0.0035791444133333335, 51539607552.0, 'P2P', 'TP', 'INTRA', 4, 2, 3
'BWD_TP_COMM_INTRA_5', 'Comm', 3967.4200632083794, 3967.4236423527927, 0.0035791444133333335, 51539607552.0, 'P2P', 'TP', 'INTRA', 4, 2, 3
'BWD_MHA', 'Compute', 3967.441538074859, 3993.289839327, 25.84830125214084, 'NONE', 'NONE', 'NONE', 0
'BWD_TP_COMM_INTRA_0', 'Comm', 3993.289839327, 3993.2934184714136, 0.0035791444133333335, 51539607552.0, 'P2P', 'TP', 'INTRA', 4, 2, 3
'BWD_TP_COMM_INTRA_1', 'Comm', 3993.289839327, 3993.2934184714136, 0.0035791444133333335, 51539607552.0, 'P2P', 'TP', 'INTRA', 4, 2, 3
'BWD_TP_COMM_INTRA_2', 'Comm', 3993.289839327, 3993.2934184714136, 0.0035791444133333335, 51539607552.0, 'P2P', 'TP', 'INTRA', 4, 2, 3
'BWD_TP_COMM_INTRA_3', 'Comm', 3993.289839327, 3993.2934184714136, 0.0035791444133333335, 51539607552.0, 'P2P', 'TP', 'INTRA', 4, 2, 3
'BWD_TP_COMM_INTRA_4', 'Comm', 3993.289839327, 3993.2934184714136, 0.0035791444133333335, 51539607552.0, 'P2P', 'TP', 'INTRA', 4, 2, 3
'BWD_TP_COMM_INTRA_5', 'Comm', 3993.289839327, 3993.2934184714136, 0.0035791444133333335, 51539607552.0, 'P2P', 'TP', 'INTRA', 4, 2, 3
'BWD_FFN', 'Compute', 3993.31131419348, 4000.759908066151, 7.4485938726711, 'NONE', 'NONE', 'NONE', 0
'BWD_TP_COMM_INTRA_0', 'Comm', 4000.759908066151, 4000.7634872105646, 0.0035791444133333335, 51539607552.0, 'P2P', 'TP', 'INTRA', 4, 2, 3
'BWD_TP_COMM_INTRA_1', 'Comm', 4000.759908066151, 4000.7634872105646, 0.0035791444133333335, 51539607552.0, 'P2P', 'TP', 'INTRA', 4, 2, 3
'BWD_TP_COMM_INTRA_2', 'Comm', 4000.759908066151, 4000.7634872105646, 0.0035791444133333335, 51539607552.0, 'P2P', 'TP', 'INTRA', 4, 2, 3
'BWD_TP_COMM_INTRA_3', 'Comm', 4000.759908066151, 4000.7634872105646, 0.0035791444133333335, 51539607552.0, 'P2P', 'TP', 'INTRA', 4, 2, 3
'BWD_TP_COMM_INTRA_4', 'Comm', 4000.759908066151, 4000.7634872105646, 0.0035791444133333335, 51539607552.0, 'P2P', 'TP', 'INTRA', 4, 2, 3
'BWD_TP_COMM_INTRA_5', 'Comm', 4000.759908066151, 4000.7634872105646, 0.0035791444133333335, 51539607552.0, 'P2P', 'TP', 'INTRA', 4, 2, 3
'BWD_MHA', 'Compute', 4000.781382932631, 4026.629684184772, 25.84830125214084, 'NONE', 'NONE', 'NONE', 0
'BWD_TP_COMM_INTRA_0', 'Comm', 4026.629684184772, 4026.6332633291854, 0.0035791444133333335, 51539607552.0, 'P2P', 'TP', 'INTRA', 4, 2, 3
'BWD_TP_COMM_INTRA_1', 'Comm', 4026.629684184772, 4026.6332633291854, 0.0035791444133333335, 51539607552.0, 'P2P', 'TP', 'INTRA', 4, 2, 3
'BWD_TP_COMM_INTRA_2', 'Comm', 4026.629684184772, 4026.6332633291854, 0.0035791444133333335, 51539607552.0, 'P2P', 'TP', 'INTRA', 4, 2, 3
'BWD_TP_COMM_INTRA_3', 'Comm', 4026.629684184772, 4026.6332633291854, 0.0035791444133333335, 51539607552.0, 'P2P', 'TP', 'INTRA', 4, 2, 3
'BWD_TP_COMM_INTRA_4', 'Comm', 4026.629684184772, 4026.6332633291854, 0.0035791444133333335, 51539607552.0, 'P2P', 'TP', 'INTRA', 4, 2, 3
'BWD_TP_COMM_INTRA_5', 'Comm', 4026.629684184772, 4026.6332633291854, 0.0035791444133333335, 51539607552.0, 'P2P', 'TP', 'INTRA', 4, 2, 3
'BWD_FFN', 'Compute', 4026.651159051252, 4034.099752923923, 7.4485938726711, 'NONE', 'NONE', 'NONE', 0
'BWD_TP_COMM_INTRA_0', 'Comm', 4034.099752923923, 4034.1033320683364, 0.0035791444133333335, 51539607552.0, 'P2P', 'TP', 'INTRA', 4, 2, 3
'BWD_TP_COMM_INTRA_1', 'Comm', 4034.099752923923, 4034.1033320683364, 0.0035791444133333335, 51539607552.0, 'P2P', 'TP', 'INTRA', 4, 2, 3
'BWD_TP_COMM_INTRA_2', 'Comm', 4034.099752923923, 4034.1033320683364, 0.0035791444133333335, 51539607552.0, 'P2P', 'TP', 'INTRA', 4, 2, 3
'BWD_TP_COMM_INTRA_3', 'Comm', 4034.099752923923, 4034.1033320683364, 0.0035791444133333335, 51539607552.0, 'P2P', 'TP', 'INTRA', 4, 2, 3
'BWD_TP_COMM_INTRA_4', 'Comm', 4034.099752923923, 4034.1033320683364, 0.0035791444133333335, 51539607552.0, 'P2P', 'TP', 'INTRA', 4, 2, 3
'BWD_TP_COMM_INTRA_5', 'Comm', 4034.099752923923, 4034.1033320683364, 0.0035791444133333335, 51539607552.0, 'P2P', 'TP', 'INTRA', 4, 2, 3
'BWD_MHA', 'Compute', 4034.121227790403, 4059.969529042544, 25.84830125214084, 'NONE', 'NONE', 'NONE', 0
'BWD_TP_COMM_INTRA_0', 'Comm', 4059.969529042544, 4059.9731081869572, 0.0035791444133333335, 51539607552.0, 'P2P', 'TP', 'INTRA', 4, 2, 3
'BWD_TP_COMM_INTRA_1', 'Comm', 4059.969529042544, 4059.9731081869572, 0.0035791444133333335, 51539607552.0, 'P2P', 'TP', 'INTRA', 4, 2, 3
'BWD_TP_COMM_INTRA_2', 'Comm', 4059.969529042544, 4059.9731081869572, 0.0035791444133333335, 51539607552.0, 'P2P', 'TP', 'INTRA', 4, 2, 3
'BWD_TP_COMM_INTRA_3', 'Comm', 4059.969529042544, 4059.9731081869572, 0.0035791444133333335, 51539607552.0, 'P2P', 'TP', 'INTRA', 4, 2, 3
'BWD_TP_COMM_INTRA_4', 'Comm', 4059.969529042544, 4059.9731081869572, 0.0035791444133333335, 51539607552.0, 'P2P', 'TP', 'INTRA', 4, 2, 3
'BWD_TP_COMM_INTRA_5', 'Comm', 4059.969529042544, 4059.9731081869572, 0.0035791444133333335, 51539607552.0, 'P2P', 'TP', 'INTRA', 4, 2, 3
'BWD_FFN', 'Compute', 4059.9910039090237, 4067.439597781695, 7.4485938726711, 'NONE', 'NONE', 'NONE', 0
'BWD_TP_COMM_INTRA_0', 'Comm', 4067.439597781695, 4067.443176926108, 0.0035791444133333335, 51539607552.0, 'P2P', 'TP', 'INTRA', 4, 2, 3
'BWD_TP_COMM_INTRA_1', 'Comm', 4067.439597781695, 4067.443176926108, 0.0035791444133333335, 51539607552.0, 'P2P', 'TP', 'INTRA', 4, 2, 3
'BWD_TP_COMM_INTRA_2', 'Comm', 4067.439597781695, 4067.443176926108, 0.0035791444133333335, 51539607552.0, 'P2P', 'TP', 'INTRA', 4, 2, 3
'BWD_TP_COMM_INTRA_3', 'Comm', 4067.439597781695, 4067.443176926108, 0.0035791444133333335, 51539607552.0, 'P2P', 'TP', 'INTRA', 4, 2, 3
'BWD_TP_COMM_INTRA_4', 'Comm', 4067.439597781695, 4067.443176926108, 0.0035791444133333335, 51539607552.0, 'P2P', 'TP', 'INTRA', 4, 2, 3
'BWD_TP_COMM_INTRA_5', 'Comm', 4067.439597781695, 4067.443176926108, 0.0035791444133333335, 51539607552.0, 'P2P', 'TP', 'INTRA', 4, 2, 3
'BWD_MHA', 'Compute', 4067.4610726481746, 4093.3093739003157, 25.84830125214084, 'NONE', 'NONE', 'NONE', 0
'BWD_TP_COMM_INTRA_0', 'Comm', 4093.3093739003157, 4093.312953044729, 0.0035791444133333335, 51539607552.0, 'P2P', 'TP', 'INTRA', 4, 2, 3
'BWD_TP_COMM_INTRA_1', 'Comm', 4093.3093739003157, 4093.312953044729, 0.0035791444133333335, 51539607552.0, 'P2P', 'TP', 'INTRA', 4, 2, 3
'BWD_TP_COMM_INTRA_2', 'Comm', 4093.3093739003157, 4093.312953044729, 0.0035791444133333335, 51539607552.0, 'P2P', 'TP', 'INTRA', 4, 2, 3
'BWD_TP_COMM_INTRA_3', 'Comm', 4093.3093739003157, 4093.312953044729, 0.0035791444133333335, 51539607552.0, 'P2P', 'TP', 'INTRA', 4, 2, 3
'BWD_TP_COMM_INTRA_4', 'Comm', 4093.3093739003157, 4093.312953044729, 0.0035791444133333335, 51539607552.0, 'P2P', 'TP', 'INTRA', 4, 2, 3
'BWD_TP_COMM_INTRA_5', 'Comm', 4093.3093739003157, 4093.312953044729, 0.0035791444133333335, 51539607552.0, 'P2P', 'TP', 'INTRA', 4, 2, 3
'BWD_FFN', 'Compute', 4093.3308487667955, 4100.779442639467, 7.4485938726711, 'NONE', 'NONE', 'NONE', 0
'BWD_TP_COMM_INTRA_0', 'Comm', 4100.779442639467, 4100.78302178388, 0.0035791444133333335, 51539607552.0, 'P2P', 'TP', 'INTRA', 4, 2, 3
'BWD_TP_COMM_INTRA_1', 'Comm', 4100.779442639467, 4100.78302178388, 0.0035791444133333335, 51539607552.0, 'P2P', 'TP', 'INTRA', 4, 2, 3
'BWD_TP_COMM_INTRA_2', 'Comm', 4100.779442639467, 4100.78302178388, 0.0035791444133333335, 51539607552.0, 'P2P', 'TP', 'INTRA', 4, 2, 3
'BWD_TP_COMM_INTRA_3', 'Comm', 4100.779442639467, 4100.78302178388, 0.0035791444133333335, 51539607552.0, 'P2P', 'TP', 'INTRA', 4, 2, 3
'BWD_TP_COMM_INTRA_4', 'Comm', 4100.779442639467, 4100.78302178388, 0.0035791444133333335, 51539607552.0, 'P2P', 'TP', 'INTRA', 4, 2, 3
'BWD_TP_COMM_INTRA_5', 'Comm', 4100.779442639467, 4100.78302178388, 0.0035791444133333335, 51539607552.0, 'P2P', 'TP', 'INTRA', 4, 2, 3
'BWD_MHA', 'Compute', 4100.800917505947, 4126.649218758088, 25.84830125214084, 'NONE', 'NONE', 'NONE', 0
'BWD_TP_COMM_INTRA_0', 'Comm', 4126.649218758088, 4126.652797902501, 0.0035791444133333335, 51539607552.0, 'P2P', 'TP', 'INTRA', 4, 2, 3
'BWD_TP_COMM_INTRA_1', 'Comm', 4126.649218758088, 4126.652797902501, 0.0035791444133333335, 51539607552.0, 'P2P', 'TP', 'INTRA', 4, 2, 3
'BWD_TP_COMM_INTRA_2', 'Comm', 4126.649218758088, 4126.652797902501, 0.0035791444133333335, 51539607552.0, 'P2P', 'TP', 'INTRA', 4, 2, 3
'BWD_TP_COMM_INTRA_3', 'Comm', 4126.649218758088, 4126.652797902501, 0.0035791444133333335, 51539607552.0, 'P2P', 'TP', 'INTRA', 4, 2, 3
'BWD_TP_COMM_INTRA_4', 'Comm', 4126.649218758088, 4126.652797902501, 0.0035791444133333335, 51539607552.0, 'P2P', 'TP', 'INTRA', 4, 2, 3
'BWD_TP_COMM_INTRA_5', 'Comm', 4126.649218758088, 4126.652797902501, 0.0035791444133333335, 51539607552.0, 'P2P', 'TP', 'INTRA', 4, 2, 3
'BWD_FFN', 'Compute', 4126.670693624568, 4134.119287497239, 7.4485938726711, 'NONE', 'NONE', 'NONE', 0
'BWD_TP_COMM_INTRA_0', 'Comm', 4134.119287497239, 4134.122866641653, 0.0035791444133333335, 51539607552.0, 'P2P', 'TP', 'INTRA', 4, 2, 3
'BWD_TP_COMM_INTRA_1', 'Comm', 4134.119287497239, 4134.122866641653, 0.0035791444133333335, 51539607552.0, 'P2P', 'TP', 'INTRA', 4, 2, 3
'BWD_TP_COMM_INTRA_2', 'Comm', 4134.119287497239, 4134.122866641653, 0.0035791444133333335, 51539607552.0, 'P2P', 'TP', 'INTRA', 4, 2, 3
'BWD_TP_COMM_INTRA_3', 'Comm', 4134.119287497239, 4134.122866641653, 0.0035791444133333335, 51539607552.0, 'P2P', 'TP', 'INTRA', 4, 2, 3
'BWD_TP_COMM_INTRA_4', 'Comm', 4134.119287497239, 4134.122866641653, 0.0035791444133333335, 51539607552.0, 'P2P', 'TP', 'INTRA', 4, 2, 3
'BWD_TP_COMM_INTRA_5', 'Comm', 4134.119287497239, 4134.122866641653, 0.0035791444133333335, 51539607552.0, 'P2P', 'TP', 'INTRA', 4, 2, 3
'BWD_MHA', 'Compute', 4134.14076236372, 4159.989063615861, 25.84830125214084, 'NONE', 'NONE', 'NONE', 0
'BWD_TP_COMM_INTRA_0', 'Comm', 4159.989063615861, 4159.992642760274, 0.0035791444133333335, 51539607552.0, 'P2P', 'TP', 'INTRA', 4, 2, 3
'BWD_TP_COMM_INTRA_1', 'Comm', 4159.989063615861, 4159.992642760274, 0.0035791444133333335, 51539607552.0, 'P2P', 'TP', 'INTRA', 4, 2, 3
'BWD_TP_COMM_INTRA_2', 'Comm', 4159.989063615861, 4159.992642760274, 0.0035791444133333335, 51539607552.0, 'P2P', 'TP', 'INTRA', 4, 2, 3
'BWD_TP_COMM_INTRA_3', 'Comm', 4159.989063615861, 4159.992642760274, 0.0035791444133333335, 51539607552.0, 'P2P', 'TP', 'INTRA', 4, 2, 3
'BWD_TP_COMM_INTRA_4', 'Comm', 4159.989063615861, 4159.992642760274, 0.0035791444133333335, 51539607552.0, 'P2P', 'TP', 'INTRA', 4, 2, 3
'BWD_TP_COMM_INTRA_5', 'Comm', 4159.989063615861, 4159.992642760274, 0.0035791444133333335, 51539607552.0, 'P2P', 'TP', 'INTRA', 4, 2, 3
'BWD_FFN', 'Compute', 4160.010538482341, 4167.459132355012, 7.4485938726711, 'NONE', 'NONE', 'NONE', 0
'BWD_TP_COMM_INTRA_0', 'Comm', 4167.459132355012, 4167.4627114994255, 0.0035791444133333335, 51539607552.0, 'P2P', 'TP', 'INTRA', 4, 2, 3
'BWD_TP_COMM_INTRA_1', 'Comm', 4167.459132355012, 4167.4627114994255, 0.0035791444133333335, 51539607552.0, 'P2P', 'TP', 'INTRA', 4, 2, 3
'BWD_TP_COMM_INTRA_2', 'Comm', 4167.459132355012, 4167.4627114994255, 0.0035791444133333335, 51539607552.0, 'P2P', 'TP', 'INTRA', 4, 2, 3
'BWD_TP_COMM_INTRA_3', 'Comm', 4167.459132355012, 4167.4627114994255, 0.0035791444133333335, 51539607552.0, 'P2P', 'TP', 'INTRA', 4, 2, 3
'BWD_TP_COMM_INTRA_4', 'Comm', 4167.459132355012, 4167.4627114994255, 0.0035791444133333335, 51539607552.0, 'P2P', 'TP', 'INTRA', 4, 2, 3
'BWD_TP_COMM_INTRA_5', 'Comm', 4167.459132355012, 4167.4627114994255, 0.0035791444133333335, 51539607552.0, 'P2P', 'TP', 'INTRA', 4, 2, 3
'BWD_MHA', 'Compute', 4167.480607221492, 4193.328908473633, 25.84830125214084, 'NONE', 'NONE', 'NONE', 0
'BWD_TP_COMM_INTRA_0', 'Comm', 4193.328908473633, 4193.332487618047, 0.0035791444133333335, 51539607552.0, 'P2P', 'TP', 'INTRA', 4, 2, 3
'BWD_TP_COMM_INTRA_1', 'Comm', 4193.328908473633, 4193.332487618047, 0.0035791444133333335, 51539607552.0, 'P2P', 'TP', 'INTRA', 4, 2, 3
'BWD_TP_COMM_INTRA_2', 'Comm', 4193.328908473633, 4193.332487618047, 0.0035791444133333335, 51539607552.0, 'P2P', 'TP', 'INTRA', 4, 2, 3
'BWD_TP_COMM_INTRA_3', 'Comm', 4193.328908473633, 4193.332487618047, 0.0035791444133333335, 51539607552.0, 'P2P', 'TP', 'INTRA', 4, 2, 3
'BWD_TP_COMM_INTRA_4', 'Comm', 4193.328908473633, 4193.332487618047, 0.0035791444133333335, 51539607552.0, 'P2P', 'TP', 'INTRA', 4, 2, 3
'BWD_TP_COMM_INTRA_5', 'Comm', 4193.328908473633, 4193.332487618047, 0.0035791444133333335, 51539607552.0, 'P2P', 'TP', 'INTRA', 4, 2, 3
'BWD_FFN', 'Compute', 4193.350383340114, 4200.798977212785, 7.4485938726711, 'NONE', 'NONE', 'NONE', 0
'BWD_TP_COMM_INTRA_0', 'Comm', 4200.798977212785, 4200.802556357198, 0.0035791444133333335, 51539607552.0, 'P2P', 'TP', 'INTRA', 4, 2, 3
'BWD_TP_COMM_INTRA_1', 'Comm', 4200.798977212785, 4200.802556357198, 0.0035791444133333335, 51539607552.0, 'P2P', 'TP', 'INTRA', 4, 2, 3
'BWD_TP_COMM_INTRA_2', 'Comm', 4200.798977212785, 4200.802556357198, 0.0035791444133333335, 51539607552.0, 'P2P', 'TP', 'INTRA', 4, 2, 3
'BWD_TP_COMM_INTRA_3', 'Comm', 4200.798977212785, 4200.802556357198, 0.0035791444133333335, 51539607552.0, 'P2P', 'TP', 'INTRA', 4, 2, 3
'BWD_TP_COMM_INTRA_4', 'Comm', 4200.798977212785, 4200.802556357198, 0.0035791444133333335, 51539607552.0, 'P2P', 'TP', 'INTRA', 4, 2, 3
'BWD_TP_COMM_INTRA_5', 'Comm', 4200.798977212785, 4200.802556357198, 0.0035791444133333335, 51539607552.0, 'P2P', 'TP', 'INTRA', 4, 2, 3
'BWD_MHA', 'Compute', 4200.820452079265, 4226.668753331406, 25.84830125214084, 'NONE', 'NONE', 'NONE', 0
'BWD_TP_COMM_INTRA_0', 'Comm', 4226.668753331406, 4226.6723324758195, 0.0035791444133333335, 51539607552.0, 'P2P', 'TP', 'INTRA', 4, 2, 3
'BWD_TP_COMM_INTRA_1', 'Comm', 4226.668753331406, 4226.6723324758195, 0.0035791444133333335, 51539607552.0, 'P2P', 'TP', 'INTRA', 4, 2, 3
'BWD_TP_COMM_INTRA_2', 'Comm', 4226.668753331406, 4226.6723324758195, 0.0035791444133333335, 51539607552.0, 'P2P', 'TP', 'INTRA', 4, 2, 3
'BWD_TP_COMM_INTRA_3', 'Comm', 4226.668753331406, 4226.6723324758195, 0.0035791444133333335, 51539607552.0, 'P2P', 'TP', 'INTRA', 4, 2, 3
'BWD_TP_COMM_INTRA_4', 'Comm', 4226.668753331406, 4226.6723324758195, 0.0035791444133333335, 51539607552.0, 'P2P', 'TP', 'INTRA', 4, 2, 3
'BWD_TP_COMM_INTRA_5', 'Comm', 4226.668753331406, 4226.6723324758195, 0.0035791444133333335, 51539607552.0, 'P2P', 'TP', 'INTRA', 4, 2, 3
'BWD_FFN', 'Compute', 4226.690228197886, 4234.138822070558, 7.4485938726711, 'NONE', 'NONE', 'NONE', 0
'BWD_TP_COMM_INTRA_0', 'Comm', 4234.138822070558, 4234.142401214971, 0.0035791444133333335, 51539607552.0, 'P2P', 'TP', 'INTRA', 4, 2, 3
'BWD_TP_COMM_INTRA_1', 'Comm', 4234.138822070558, 4234.142401214971, 0.0035791444133333335, 51539607552.0, 'P2P', 'TP', 'INTRA', 4, 2, 3
'BWD_TP_COMM_INTRA_2', 'Comm', 4234.138822070558, 4234.142401214971, 0.0035791444133333335, 51539607552.0, 'P2P', 'TP', 'INTRA', 4, 2, 3
'BWD_TP_COMM_INTRA_3', 'Comm', 4234.138822070558, 4234.142401214971, 0.0035791444133333335, 51539607552.0, 'P2P', 'TP', 'INTRA', 4, 2, 3
'BWD_TP_COMM_INTRA_4', 'Comm', 4234.138822070558, 4234.142401214971, 0.0035791444133333335, 51539607552.0, 'P2P', 'TP', 'INTRA', 4, 2, 3
'BWD_TP_COMM_INTRA_5', 'Comm', 4234.138822070558, 4234.142401214971, 0.0035791444133333335, 51539607552.0, 'P2P', 'TP', 'INTRA', 4, 2, 3
'BWD_MHA', 'Compute', 4234.160296937038, 4260.008598189179, 25.84830125214084, 'NONE', 'NONE', 'NONE', 0
'BWD_TP_COMM_INTRA_0', 'Comm', 4260.008598189179, 4260.012177333592, 0.0035791444133333335, 51539607552.0, 'P2P', 'TP', 'INTRA', 4, 2, 3
'BWD_TP_COMM_INTRA_1', 'Comm', 4260.008598189179, 4260.012177333592, 0.0035791444133333335, 51539607552.0, 'P2P', 'TP', 'INTRA', 4, 2, 3
'BWD_TP_COMM_INTRA_2', 'Comm', 4260.008598189179, 4260.012177333592, 0.0035791444133333335, 51539607552.0, 'P2P', 'TP', 'INTRA', 4, 2, 3
'BWD_TP_COMM_INTRA_3', 'Comm', 4260.008598189179, 4260.012177333592, 0.0035791444133333335, 51539607552.0, 'P2P', 'TP', 'INTRA', 4, 2, 3
'BWD_TP_COMM_INTRA_4', 'Comm', 4260.008598189179, 4260.012177333592, 0.0035791444133333335, 51539607552.0, 'P2P', 'TP', 'INTRA', 4, 2, 3
'BWD_TP_COMM_INTRA_5', 'Comm', 4260.008598189179, 4260.012177333592, 0.0035791444133333335, 51539607552.0, 'P2P', 'TP', 'INTRA', 4, 2, 3
'BWD_FFN', 'Compute', 4260.030073055659, 4267.47866692833, 7.4485938726711, 'NONE', 'NONE', 'NONE', 0
'BWD_TP_COMM_INTRA_0', 'Comm', 4267.47866692833, 4267.482246072744, 0.0035791444133333335, 51539607552.0, 'P2P', 'TP', 'INTRA', 4, 2, 3
'BWD_TP_COMM_INTRA_1', 'Comm', 4267.47866692833, 4267.482246072744, 0.0035791444133333335, 51539607552.0, 'P2P', 'TP', 'INTRA', 4, 2, 3
'BWD_TP_COMM_INTRA_2', 'Comm', 4267.47866692833, 4267.482246072744, 0.0035791444133333335, 51539607552.0, 'P2P', 'TP', 'INTRA', 4, 2, 3
'BWD_TP_COMM_INTRA_3', 'Comm', 4267.47866692833, 4267.482246072744, 0.0035791444133333335, 51539607552.0, 'P2P', 'TP', 'INTRA', 4, 2, 3
'BWD_TP_COMM_INTRA_4', 'Comm', 4267.47866692833, 4267.482246072744, 0.0035791444133333335, 51539607552.0, 'P2P', 'TP', 'INTRA', 4, 2, 3
'BWD_TP_COMM_INTRA_5', 'Comm', 4267.47866692833, 4267.482246072744, 0.0035791444133333335, 51539607552.0, 'P2P', 'TP', 'INTRA', 4, 2, 3
'BWD_MHA', 'Compute', 4267.500141794811, 4293.348443046952, 25.84830125214084, 'NONE', 'NONE', 'NONE', 0
'BWD_TP_COMM_INTRA_0', 'Comm', 4293.348443046952, 4293.352022191365, 0.0035791444133333335, 51539607552.0, 'P2P', 'TP', 'INTRA', 4, 2, 3
'BWD_TP_COMM_INTRA_1', 'Comm', 4293.348443046952, 4293.352022191365, 0.0035791444133333335, 51539607552.0, 'P2P', 'TP', 'INTRA', 4, 2, 3
'BWD_TP_COMM_INTRA_2', 'Comm', 4293.348443046952, 4293.352022191365, 0.0035791444133333335, 51539607552.0, 'P2P', 'TP', 'INTRA', 4, 2, 3
'BWD_TP_COMM_INTRA_3', 'Comm', 4293.348443046952, 4293.352022191365, 0.0035791444133333335, 51539607552.0, 'P2P', 'TP', 'INTRA', 4, 2, 3
'BWD_TP_COMM_INTRA_4', 'Comm', 4293.348443046952, 4293.352022191365, 0.0035791444133333335, 51539607552.0, 'P2P', 'TP', 'INTRA', 4, 2, 3
'BWD_TP_COMM_INTRA_5', 'Comm', 4293.348443046952, 4293.352022191365, 0.0035791444133333335, 51539607552.0, 'P2P', 'TP', 'INTRA', 4, 2, 3
'BWD_FFN', 'Compute', 4293.369917913432, 4300.818511786103, 7.4485938726711, 'NONE', 'NONE', 'NONE', 0
'BWD_TP_COMM_INTRA_0', 'Comm', 4300.818511786103, 4300.822090930516, 0.0035791444133333335, 51539607552.0, 'P2P', 'TP', 'INTRA', 4, 2, 3
'BWD_TP_COMM_INTRA_1', 'Comm', 4300.818511786103, 4300.822090930516, 0.0035791444133333335, 51539607552.0, 'P2P', 'TP', 'INTRA', 4, 2, 3
'BWD_TP_COMM_INTRA_2', 'Comm', 4300.818511786103, 4300.822090930516, 0.0035791444133333335, 51539607552.0, 'P2P', 'TP', 'INTRA', 4, 2, 3
'BWD_TP_COMM_INTRA_3', 'Comm', 4300.818511786103, 4300.822090930516, 0.0035791444133333335, 51539607552.0, 'P2P', 'TP', 'INTRA', 4, 2, 3
'BWD_TP_COMM_INTRA_4', 'Comm', 4300.818511786103, 4300.822090930516, 0.0035791444133333335, 51539607552.0, 'P2P', 'TP', 'INTRA', 4, 2, 3
'BWD_TP_COMM_INTRA_5', 'Comm', 4300.818511786103, 4300.822090930516, 0.0035791444133333335, 51539607552.0, 'P2P', 'TP', 'INTRA', 4, 2, 3
'BWD_MHA', 'Compute', 4300.839986652583, 4326.688287904724, 25.84830125214084, 'NONE', 'NONE', 'NONE', 0
'BWD_TP_COMM_INTRA_0', 'Comm', 4326.688287904724, 4326.691867049138, 0.0035791444133333335, 51539607552.0, 'P2P', 'TP', 'INTRA', 4, 2, 3
'BWD_TP_COMM_INTRA_1', 'Comm', 4326.688287904724, 4326.691867049138, 0.0035791444133333335, 51539607552.0, 'P2P', 'TP', 'INTRA', 4, 2, 3
'BWD_TP_COMM_INTRA_2', 'Comm', 4326.688287904724, 4326.691867049138, 0.0035791444133333335, 51539607552.0, 'P2P', 'TP', 'INTRA', 4, 2, 3
'BWD_TP_COMM_INTRA_3', 'Comm', 4326.688287904724, 4326.691867049138, 0.0035791444133333335, 51539607552.0, 'P2P', 'TP', 'INTRA', 4, 2, 3
'BWD_TP_COMM_INTRA_4', 'Comm', 4326.688287904724, 4326.691867049138, 0.0035791444133333335, 51539607552.0, 'P2P', 'TP', 'INTRA', 4, 2, 3
'BWD_TP_COMM_INTRA_5', 'Comm', 4326.688287904724, 4326.691867049138, 0.0035791444133333335, 51539607552.0, 'P2P', 'TP', 'INTRA', 4, 2, 3
'BWD_FFN', 'Compute', 4326.709762771205, 4334.158356643876, 7.4485938726711, 'NONE', 'NONE', 'NONE', 0
'BWD_TP_COMM_INTRA_0', 'Comm', 4334.158356643876, 4334.161935788289, 0.0035791444133333335, 51539607552.0, 'P2P', 'TP', 'INTRA', 4, 2, 3
'BWD_TP_COMM_INTRA_1', 'Comm', 4334.158356643876, 4334.161935788289, 0.0035791444133333335, 51539607552.0, 'P2P', 'TP', 'INTRA', 4, 2, 3
'BWD_TP_COMM_INTRA_2', 'Comm', 4334.158356643876, 4334.161935788289, 0.0035791444133333335, 51539607552.0, 'P2P', 'TP', 'INTRA', 4, 2, 3
'BWD_TP_COMM_INTRA_3', 'Comm', 4334.158356643876, 4334.161935788289, 0.0035791444133333335, 51539607552.0, 'P2P', 'TP', 'INTRA', 4, 2, 3
'BWD_TP_COMM_INTRA_4', 'Comm', 4334.158356643876, 4334.161935788289, 0.0035791444133333335, 51539607552.0, 'P2P', 'TP', 'INTRA', 4, 2, 3
'BWD_TP_COMM_INTRA_5', 'Comm', 4334.158356643876, 4334.161935788289, 0.0035791444133333335, 51539607552.0, 'P2P', 'TP', 'INTRA', 4, 2, 3
'BWD_MHA', 'Compute', 4334.179831510356, 4360.028132762497, 25.84830125214084, 'NONE', 'NONE', 'NONE', 0
'BWD_TP_COMM_INTRA_0', 'Comm', 4360.028132762497, 4360.0317119069105, 0.0035791444133333335, 51539607552.0, 'P2P', 'TP', 'INTRA', 4, 2, 3
'BWD_TP_COMM_INTRA_1', 'Comm', 4360.028132762497, 4360.0317119069105, 0.0035791444133333335, 51539607552.0, 'P2P', 'TP', 'INTRA', 4, 2, 3
'BWD_TP_COMM_INTRA_2', 'Comm', 4360.028132762497, 4360.0317119069105, 0.0035791444133333335, 51539607552.0, 'P2P', 'TP', 'INTRA', 4, 2, 3
'BWD_TP_COMM_INTRA_3', 'Comm', 4360.028132762497, 4360.0317119069105, 0.0035791444133333335, 51539607552.0, 'P2P', 'TP', 'INTRA', 4, 2, 3
'BWD_TP_COMM_INTRA_4', 'Comm', 4360.028132762497, 4360.0317119069105, 0.0035791444133333335, 51539607552.0, 'P2P', 'TP', 'INTRA', 4, 2, 3
'BWD_TP_COMM_INTRA_5', 'Comm', 4360.028132762497, 4360.0317119069105, 0.0035791444133333335, 51539607552.0, 'P2P', 'TP', 'INTRA', 4, 2, 3
'BWD_FFN', 'Compute', 4360.049607628977, 4367.4982015016485, 7.4485938726711, 'NONE', 'NONE', 'NONE', 0
'BWD_TP_COMM_INTRA_0', 'Comm', 4367.4982015016485, 4367.501780646062, 0.0035791444133333335, 51539607552.0, 'P2P', 'TP', 'INTRA', 4, 2, 3
'BWD_TP_COMM_INTRA_1', 'Comm', 4367.4982015016485, 4367.501780646062, 0.0035791444133333335, 51539607552.0, 'P2P', 'TP', 'INTRA', 4, 2, 3
'BWD_TP_COMM_INTRA_2', 'Comm', 4367.4982015016485, 4367.501780646062, 0.0035791444133333335, 51539607552.0, 'P2P', 'TP', 'INTRA', 4, 2, 3
'BWD_TP_COMM_INTRA_3', 'Comm', 4367.4982015016485, 4367.501780646062, 0.0035791444133333335, 51539607552.0, 'P2P', 'TP', 'INTRA', 4, 2, 3
'BWD_TP_COMM_INTRA_4', 'Comm', 4367.4982015016485, 4367.501780646062, 0.0035791444133333335, 51539607552.0, 'P2P', 'TP', 'INTRA', 4, 2, 3
'BWD_TP_COMM_INTRA_5', 'Comm', 4367.4982015016485, 4367.501780646062, 0.0035791444133333335, 51539607552.0, 'P2P', 'TP', 'INTRA', 4, 2, 3
'BWD_MHA', 'Compute', 4367.519676368129, 4393.36797762027, 25.84830125214084, 'NONE', 'NONE', 'NONE', 0
'BWD_TP_COMM_INTRA_0', 'Comm', 4393.36797762027, 4393.371556764683, 0.0035791444133333335, 51539607552.0, 'P2P', 'TP', 'INTRA', 4, 2, 3
'BWD_TP_COMM_INTRA_1', 'Comm', 4393.36797762027, 4393.371556764683, 0.0035791444133333335, 51539607552.0, 'P2P', 'TP', 'INTRA', 4, 2, 3
'BWD_TP_COMM_INTRA_2', 'Comm', 4393.36797762027, 4393.371556764683, 0.0035791444133333335, 51539607552.0, 'P2P', 'TP', 'INTRA', 4, 2, 3
'BWD_TP_COMM_INTRA_3', 'Comm', 4393.36797762027, 4393.371556764683, 0.0035791444133333335, 51539607552.0, 'P2P', 'TP', 'INTRA', 4, 2, 3
'BWD_TP_COMM_INTRA_4', 'Comm', 4393.36797762027, 4393.371556764683, 0.0035791444133333335, 51539607552.0, 'P2P', 'TP', 'INTRA', 4, 2, 3
'BWD_TP_COMM_INTRA_5', 'Comm', 4393.36797762027, 4393.371556764683, 0.0035791444133333335, 51539607552.0, 'P2P', 'TP', 'INTRA', 4, 2, 3
'BWD_FFN', 'Compute', 4393.38945248675, 4400.838046359421, 7.4485938726711, 'NONE', 'NONE', 'NONE', 0
'BWD_TP_COMM_INTRA_0', 'Comm', 4400.838046359421, 4400.841625503835, 0.0035791444133333335, 51539607552.0, 'P2P', 'TP', 'INTRA', 4, 2, 3
'BWD_TP_COMM_INTRA_1', 'Comm', 4400.838046359421, 4400.841625503835, 0.0035791444133333335, 51539607552.0, 'P2P', 'TP', 'INTRA', 4, 2, 3
'BWD_TP_COMM_INTRA_2', 'Comm', 4400.838046359421, 4400.841625503835, 0.0035791444133333335, 51539607552.0, 'P2P', 'TP', 'INTRA', 4, 2, 3
'BWD_TP_COMM_INTRA_3', 'Comm', 4400.838046359421, 4400.841625503835, 0.0035791444133333335, 51539607552.0, 'P2P', 'TP', 'INTRA', 4, 2, 3
'BWD_TP_COMM_INTRA_4', 'Comm', 4400.838046359421, 4400.841625503835, 0.0035791444133333335, 51539607552.0, 'P2P', 'TP', 'INTRA', 4, 2, 3
'BWD_TP_COMM_INTRA_5', 'Comm', 4400.838046359421, 4400.841625503835, 0.0035791444133333335, 51539607552.0, 'P2P', 'TP', 'INTRA', 4, 2, 3
'BWD_MHA', 'Compute', 4400.8595212259015, 4426.7078224780425, 25.84830125214084, 'NONE', 'NONE', 'NONE', 0
'BWD_TP_COMM_INTRA_0', 'Comm', 4426.7078224780425, 4426.711401622456, 0.0035791444133333335, 51539607552.0, 'P2P', 'TP', 'INTRA', 4, 2, 3
'BWD_TP_COMM_INTRA_1', 'Comm', 4426.7078224780425, 4426.711401622456, 0.0035791444133333335, 51539607552.0, 'P2P', 'TP', 'INTRA', 4, 2, 3
'BWD_TP_COMM_INTRA_2', 'Comm', 4426.7078224780425, 4426.711401622456, 0.0035791444133333335, 51539607552.0, 'P2P', 'TP', 'INTRA', 4, 2, 3
'BWD_TP_COMM_INTRA_3', 'Comm', 4426.7078224780425, 4426.711401622456, 0.0035791444133333335, 51539607552.0, 'P2P', 'TP', 'INTRA', 4, 2, 3
'BWD_TP_COMM_INTRA_4', 'Comm', 4426.7078224780425, 4426.711401622456, 0.0035791444133333335, 51539607552.0, 'P2P', 'TP', 'INTRA', 4, 2, 3
'BWD_TP_COMM_INTRA_5', 'Comm', 4426.7078224780425, 4426.711401622456, 0.0035791444133333335, 51539607552.0, 'P2P', 'TP', 'INTRA', 4, 2, 3
'BWD_FFN', 'Compute', 4426.729297344523, 4434.177891217194, 7.4485938726711, 'NONE', 'NONE', 'NONE', 0
'BWD_TP_COMM_INTRA_0', 'Comm', 4434.177891217194, 4434.181470361607, 0.0035791444133333335, 51539607552.0, 'P2P', 'TP', 'INTRA', 4, 2, 3
'BWD_TP_COMM_INTRA_1', 'Comm', 4434.177891217194, 4434.181470361607, 0.0035791444133333335, 51539607552.0, 'P2P', 'TP', 'INTRA', 4, 2, 3
'BWD_TP_COMM_INTRA_2', 'Comm', 4434.177891217194, 4434.181470361607, 0.0035791444133333335, 51539607552.0, 'P2P', 'TP', 'INTRA', 4, 2, 3
'BWD_TP_COMM_INTRA_3', 'Comm', 4434.177891217194, 4434.181470361607, 0.0035791444133333335, 51539607552.0, 'P2P', 'TP', 'INTRA', 4, 2, 3
'BWD_TP_COMM_INTRA_4', 'Comm', 4434.177891217194, 4434.181470361607, 0.0035791444133333335, 51539607552.0, 'P2P', 'TP', 'INTRA', 4, 2, 3
'BWD_TP_COMM_INTRA_5', 'Comm', 4434.177891217194, 4434.181470361607, 0.0035791444133333335, 51539607552.0, 'P2P', 'TP', 'INTRA', 4, 2, 3
'BWD_MHA', 'Compute', 4434.199366083674, 4460.047667335815, 25.84830125214084, 'NONE', 'NONE', 'NONE', 0
'BWD_TP_COMM_INTRA_0', 'Comm', 4460.047667335815, 4460.051246480229, 0.0035791444133333335, 51539607552.0, 'P2P', 'TP', 'INTRA', 4, 2, 3
'BWD_TP_COMM_INTRA_1', 'Comm', 4460.047667335815, 4460.051246480229, 0.0035791444133333335, 51539607552.0, 'P2P', 'TP', 'INTRA', 4, 2, 3
'BWD_TP_COMM_INTRA_2', 'Comm', 4460.047667335815, 4460.051246480229, 0.0035791444133333335, 51539607552.0, 'P2P', 'TP', 'INTRA', 4, 2, 3
'BWD_TP_COMM_INTRA_3', 'Comm', 4460.047667335815, 4460.051246480229, 0.0035791444133333335, 51539607552.0, 'P2P', 'TP', 'INTRA', 4, 2, 3
'BWD_TP_COMM_INTRA_4', 'Comm', 4460.047667335815, 4460.051246480229, 0.0035791444133333335, 51539607552.0, 'P2P', 'TP', 'INTRA', 4, 2, 3
'BWD_TP_COMM_INTRA_5', 'Comm', 4460.047667335815, 4460.051246480229, 0.0035791444133333335, 51539607552.0, 'P2P', 'TP', 'INTRA', 4, 2, 3
'BWD_FFN', 'Compute', 4460.069142202296, 4467.517736074967, 7.4485938726711, 'NONE', 'NONE', 'NONE', 0
'BWD_TP_COMM_INTRA_0', 'Comm', 4467.517736074967, 4467.52131521938, 0.0035791444133333335, 51539607552.0, 'P2P', 'TP', 'INTRA', 4, 2, 3
'BWD_TP_COMM_INTRA_1', 'Comm', 4467.517736074967, 4467.52131521938, 0.0035791444133333335, 51539607552.0, 'P2P', 'TP', 'INTRA', 4, 2, 3
'BWD_TP_COMM_INTRA_2', 'Comm', 4467.517736074967, 4467.52131521938, 0.0035791444133333335, 51539607552.0, 'P2P', 'TP', 'INTRA', 4, 2, 3
'BWD_TP_COMM_INTRA_3', 'Comm', 4467.517736074967, 4467.52131521938, 0.0035791444133333335, 51539607552.0, 'P2P', 'TP', 'INTRA', 4, 2, 3
'BWD_TP_COMM_INTRA_4', 'Comm', 4467.517736074967, 4467.52131521938, 0.0035791444133333335, 51539607552.0, 'P2P', 'TP', 'INTRA', 4, 2, 3
'BWD_TP_COMM_INTRA_5', 'Comm', 4467.517736074967, 4467.52131521938, 0.0035791444133333335, 51539607552.0, 'P2P', 'TP', 'INTRA', 4, 2, 3
'BWD_MHA', 'Compute', 4467.539210941447, 4493.387512193588, 25.84830125214084, 'NONE', 'NONE', 'NONE', 0
'BWD_TP_COMM_INTRA_0', 'Comm', 4493.387512193588, 4493.391091338001, 0.0035791444133333335, 51539607552.0, 'P2P', 'TP', 'INTRA', 4, 2, 3
'BWD_TP_COMM_INTRA_1', 'Comm', 4493.387512193588, 4493.391091338001, 0.0035791444133333335, 51539607552.0, 'P2P', 'TP', 'INTRA', 4, 2, 3
'BWD_TP_COMM_INTRA_2', 'Comm', 4493.387512193588, 4493.391091338001, 0.0035791444133333335, 51539607552.0, 'P2P', 'TP', 'INTRA', 4, 2, 3
'BWD_TP_COMM_INTRA_3', 'Comm', 4493.387512193588, 4493.391091338001, 0.0035791444133333335, 51539607552.0, 'P2P', 'TP', 'INTRA', 4, 2, 3
'BWD_TP_COMM_INTRA_4', 'Comm', 4493.387512193588, 4493.391091338001, 0.0035791444133333335, 51539607552.0, 'P2P', 'TP', 'INTRA', 4, 2, 3
'BWD_TP_COMM_INTRA_5', 'Comm', 4493.387512193588, 4493.391091338001, 0.0035791444133333335, 51539607552.0, 'P2P', 'TP', 'INTRA', 4, 2, 3
'BWD_FFN', 'Compute', 4493.408987060068, 4500.857580932739, 7.4485938726711, 'NONE', 'NONE', 'NONE', 0
'BWD_TP_COMM_INTRA_0', 'Comm', 4500.857580932739, 4500.861160077153, 0.0035791444133333335, 51539607552.0, 'P2P', 'TP', 'INTRA', 4, 2, 3
'BWD_TP_COMM_INTRA_1', 'Comm', 4500.857580932739, 4500.861160077153, 0.0035791444133333335, 51539607552.0, 'P2P', 'TP', 'INTRA', 4, 2, 3
'BWD_TP_COMM_INTRA_2', 'Comm', 4500.857580932739, 4500.861160077153, 0.0035791444133333335, 51539607552.0, 'P2P', 'TP', 'INTRA', 4, 2, 3
'BWD_TP_COMM_INTRA_3', 'Comm', 4500.857580932739, 4500.861160077153, 0.0035791444133333335, 51539607552.0, 'P2P', 'TP', 'INTRA', 4, 2, 3
'BWD_TP_COMM_INTRA_4', 'Comm', 4500.857580932739, 4500.861160077153, 0.0035791444133333335, 51539607552.0, 'P2P', 'TP', 'INTRA', 4, 2, 3
'BWD_TP_COMM_INTRA_5', 'Comm', 4500.857580932739, 4500.861160077153, 0.0035791444133333335, 51539607552.0, 'P2P', 'TP', 'INTRA', 4, 2, 3
'BWD_MHA', 'Compute', 4500.87905579922, 4526.727357051361, 25.84830125214084, 'NONE', 'NONE', 'NONE', 0
'BWD_TP_COMM_INTRA_0', 'Comm', 4526.727357051361, 4526.730936195774, 0.0035791444133333335, 51539607552.0, 'P2P', 'TP', 'INTRA', 4, 2, 3
'BWD_TP_COMM_INTRA_1', 'Comm', 4526.727357051361, 4526.730936195774, 0.0035791444133333335, 51539607552.0, 'P2P', 'TP', 'INTRA', 4, 2, 3
'BWD_TP_COMM_INTRA_2', 'Comm', 4526.727357051361, 4526.730936195774, 0.0035791444133333335, 51539607552.0, 'P2P', 'TP', 'INTRA', 4, 2, 3
'BWD_TP_COMM_INTRA_3', 'Comm', 4526.727357051361, 4526.730936195774, 0.0035791444133333335, 51539607552.0, 'P2P', 'TP', 'INTRA', 4, 2, 3
'BWD_TP_COMM_INTRA_4', 'Comm', 4526.727357051361, 4526.730936195774, 0.0035791444133333335, 51539607552.0, 'P2P', 'TP', 'INTRA', 4, 2, 3
'BWD_TP_COMM_INTRA_5', 'Comm', 4526.727357051361, 4526.730936195774, 0.0035791444133333335, 51539607552.0, 'P2P', 'TP', 'INTRA', 4, 2, 3
'BWD_FFN', 'Compute', 4526.748831917841, 4534.197425790512, 7.4485938726711, 'NONE', 'NONE', 'NONE', 0
'BWD_TP_COMM_INTRA_0', 'Comm', 4534.197425790512, 4534.201004934926, 0.0035791444133333335, 51539607552.0, 'P2P', 'TP', 'INTRA', 4, 2, 3
'BWD_TP_COMM_INTRA_1', 'Comm', 4534.197425790512, 4534.201004934926, 0.0035791444133333335, 51539607552.0, 'P2P', 'TP', 'INTRA', 4, 2, 3
'BWD_TP_COMM_INTRA_2', 'Comm', 4534.197425790512, 4534.201004934926, 0.0035791444133333335, 51539607552.0, 'P2P', 'TP', 'INTRA', 4, 2, 3
'BWD_TP_COMM_INTRA_3', 'Comm', 4534.197425790512, 4534.201004934926, 0.0035791444133333335, 51539607552.0, 'P2P', 'TP', 'INTRA', 4, 2, 3
'BWD_TP_COMM_INTRA_4', 'Comm', 4534.197425790512, 4534.201004934926, 0.0035791444133333335, 51539607552.0, 'P2P', 'TP', 'INTRA', 4, 2, 3
'BWD_TP_COMM_INTRA_5', 'Comm', 4534.197425790512, 4534.201004934926, 0.0035791444133333335, 51539607552.0, 'P2P', 'TP', 'INTRA', 4, 2, 3
'BWD_MHA', 'Compute', 4534.218900656992, 4560.0672019091335, 25.84830125214084, 'NONE', 'NONE', 'NONE', 0
'BWD_TP_COMM_INTRA_0', 'Comm', 4560.0672019091335, 4560.070781053547, 0.0035791444133333335, 51539607552.0, 'P2P', 'TP', 'INTRA', 4, 2, 3
'BWD_TP_COMM_INTRA_1', 'Comm', 4560.0672019091335, 4560.070781053547, 0.0035791444133333335, 51539607552.0, 'P2P', 'TP', 'INTRA', 4, 2, 3
'BWD_TP_COMM_INTRA_2', 'Comm', 4560.0672019091335, 4560.070781053547, 0.0035791444133333335, 51539607552.0, 'P2P', 'TP', 'INTRA', 4, 2, 3
'BWD_TP_COMM_INTRA_3', 'Comm', 4560.0672019091335, 4560.070781053547, 0.0035791444133333335, 51539607552.0, 'P2P', 'TP', 'INTRA', 4, 2, 3
'BWD_TP_COMM_INTRA_4', 'Comm', 4560.0672019091335, 4560.070781053547, 0.0035791444133333335, 51539607552.0, 'P2P', 'TP', 'INTRA', 4, 2, 3
'BWD_TP_COMM_INTRA_5', 'Comm', 4560.0672019091335, 4560.070781053547, 0.0035791444133333335, 51539607552.0, 'P2P', 'TP', 'INTRA', 4, 2, 3
'BWD_FFN', 'Compute', 4560.088676775614, 4567.537270648285, 7.4485938726711, 'NONE', 'NONE', 'NONE', 0
'BWD_TP_COMM_INTRA_0', 'Comm', 4567.537270648285, 4567.540849792698, 0.0035791444133333335, 51539607552.0, 'P2P', 'TP', 'INTRA', 4, 2, 3
'BWD_TP_COMM_INTRA_1', 'Comm', 4567.537270648285, 4567.540849792698, 0.0035791444133333335, 51539607552.0, 'P2P', 'TP', 'INTRA', 4, 2, 3
'BWD_TP_COMM_INTRA_2', 'Comm', 4567.537270648285, 4567.540849792698, 0.0035791444133333335, 51539607552.0, 'P2P', 'TP', 'INTRA', 4, 2, 3
'BWD_TP_COMM_INTRA_3', 'Comm', 4567.537270648285, 4567.540849792698, 0.0035791444133333335, 51539607552.0, 'P2P', 'TP', 'INTRA', 4, 2, 3
'BWD_TP_COMM_INTRA_4', 'Comm', 4567.537270648285, 4567.540849792698, 0.0035791444133333335, 51539607552.0, 'P2P', 'TP', 'INTRA', 4, 2, 3
'BWD_TP_COMM_INTRA_5', 'Comm', 4567.537270648285, 4567.540849792698, 0.0035791444133333335, 51539607552.0, 'P2P', 'TP', 'INTRA', 4, 2, 3
'BWD_MHA', 'Compute', 4567.558745514765, 4593.407046766906, 25.84830125214084, 'NONE', 'NONE', 'NONE', 0
'BWD_TP_COMM_INTRA_0', 'Comm', 4593.407046766906, 4593.41062591132, 0.0035791444133333335, 51539607552.0, 'P2P', 'TP', 'INTRA', 4, 2, 3
'BWD_TP_COMM_INTRA_1', 'Comm', 4593.407046766906, 4593.41062591132, 0.0035791444133333335, 51539607552.0, 'P2P', 'TP', 'INTRA', 4, 2, 3
'BWD_TP_COMM_INTRA_2', 'Comm', 4593.407046766906, 4593.41062591132, 0.0035791444133333335, 51539607552.0, 'P2P', 'TP', 'INTRA', 4, 2, 3
'BWD_TP_COMM_INTRA_3', 'Comm', 4593.407046766906, 4593.41062591132, 0.0035791444133333335, 51539607552.0, 'P2P', 'TP', 'INTRA', 4, 2, 3
'BWD_TP_COMM_INTRA_4', 'Comm', 4593.407046766906, 4593.41062591132, 0.0035791444133333335, 51539607552.0, 'P2P', 'TP', 'INTRA', 4, 2, 3
'BWD_TP_COMM_INTRA_5', 'Comm', 4593.407046766906, 4593.41062591132, 0.0035791444133333335, 51539607552.0, 'P2P', 'TP', 'INTRA', 4, 2, 3
'BWD_FFN', 'Compute', 4593.4285216333865, 4600.877115506058, 7.4485938726711, 'NONE', 'NONE', 'NONE', 0
'BWD_TP_COMM_INTRA_0', 'Comm', 4600.877115506058, 4600.880694650471, 0.0035791444133333335, 51539607552.0, 'P2P', 'TP', 'INTRA', 4, 2, 3
'BWD_TP_COMM_INTRA_1', 'Comm', 4600.877115506058, 4600.880694650471, 0.0035791444133333335, 51539607552.0, 'P2P', 'TP', 'INTRA', 4, 2, 3
'BWD_TP_COMM_INTRA_2', 'Comm', 4600.877115506058, 4600.880694650471, 0.0035791444133333335, 51539607552.0, 'P2P', 'TP', 'INTRA', 4, 2, 3
'BWD_TP_COMM_INTRA_3', 'Comm', 4600.877115506058, 4600.880694650471, 0.0035791444133333335, 51539607552.0, 'P2P', 'TP', 'INTRA', 4, 2, 3
'BWD_TP_COMM_INTRA_4', 'Comm', 4600.877115506058, 4600.880694650471, 0.0035791444133333335, 51539607552.0, 'P2P', 'TP', 'INTRA', 4, 2, 3
'BWD_TP_COMM_INTRA_5', 'Comm', 4600.877115506058, 4600.880694650471, 0.0035791444133333335, 51539607552.0, 'P2P', 'TP', 'INTRA', 4, 2, 3
'BWD_MHA', 'Compute', 4600.898590372538, 4626.746891624679, 25.84830125214084, 'NONE', 'NONE', 'NONE', 0
'BWD_TP_COMM_INTRA_0', 'Comm', 4626.746891624679, 4626.750470769092, 0.0035791444133333335, 51539607552.0, 'P2P', 'TP', 'INTRA', 4, 2, 3
'BWD_TP_COMM_INTRA_1', 'Comm', 4626.746891624679, 4626.750470769092, 0.0035791444133333335, 51539607552.0, 'P2P', 'TP', 'INTRA', 4, 2, 3
'BWD_TP_COMM_INTRA_2', 'Comm', 4626.746891624679, 4626.750470769092, 0.0035791444133333335, 51539607552.0, 'P2P', 'TP', 'INTRA', 4, 2, 3
'BWD_TP_COMM_INTRA_3', 'Comm', 4626.746891624679, 4626.750470769092, 0.0035791444133333335, 51539607552.0, 'P2P', 'TP', 'INTRA', 4, 2, 3
'BWD_TP_COMM_INTRA_4', 'Comm', 4626.746891624679, 4626.750470769092, 0.0035791444133333335, 51539607552.0, 'P2P', 'TP', 'INTRA', 4, 2, 3
'BWD_TP_COMM_INTRA_5', 'Comm', 4626.746891624679, 4626.750470769092, 0.0035791444133333335, 51539607552.0, 'P2P', 'TP', 'INTRA', 4, 2, 3
'BWD_FFN', 'Compute', 4626.768366491159, 4634.21696036383, 7.4485938726711, 'NONE', 'NONE', 'NONE', 0
'BWD_TP_COMM_INTRA_0', 'Comm', 4634.21696036383, 4634.220539508244, 0.0035791444133333335, 51539607552.0, 'P2P', 'TP', 'INTRA', 4, 2, 3
'BWD_TP_COMM_INTRA_1', 'Comm', 4634.21696036383, 4634.220539508244, 0.0035791444133333335, 51539607552.0, 'P2P', 'TP', 'INTRA', 4, 2, 3
'BWD_TP_COMM_INTRA_2', 'Comm', 4634.21696036383, 4634.220539508244, 0.0035791444133333335, 51539607552.0, 'P2P', 'TP', 'INTRA', 4, 2, 3
'BWD_TP_COMM_INTRA_3', 'Comm', 4634.21696036383, 4634.220539508244, 0.0035791444133333335, 51539607552.0, 'P2P', 'TP', 'INTRA', 4, 2, 3
'BWD_TP_COMM_INTRA_4', 'Comm', 4634.21696036383, 4634.220539508244, 0.0035791444133333335, 51539607552.0, 'P2P', 'TP', 'INTRA', 4, 2, 3
'BWD_TP_COMM_INTRA_5', 'Comm', 4634.21696036383, 4634.220539508244, 0.0035791444133333335, 51539607552.0, 'P2P', 'TP', 'INTRA', 4, 2, 3
'BWD_MHA', 'Compute', 4634.238435230311, 4660.086736482452, 25.84830125214084, 'NONE', 'NONE', 'NONE', 0
'BWD_TP_COMM_INTRA_0', 'Comm', 4660.086736482452, 4660.090315626865, 0.0035791444133333335, 51539607552.0, 'P2P', 'TP', 'INTRA', 4, 2, 3
'BWD_TP_COMM_INTRA_1', 'Comm', 4660.086736482452, 4660.090315626865, 0.0035791444133333335, 51539607552.0, 'P2P', 'TP', 'INTRA', 4, 2, 3
'BWD_TP_COMM_INTRA_2', 'Comm', 4660.086736482452, 4660.090315626865, 0.0035791444133333335, 51539607552.0, 'P2P', 'TP', 'INTRA', 4, 2, 3
'BWD_TP_COMM_INTRA_3', 'Comm', 4660.086736482452, 4660.090315626865, 0.0035791444133333335, 51539607552.0, 'P2P', 'TP', 'INTRA', 4, 2, 3
'BWD_TP_COMM_INTRA_4', 'Comm', 4660.086736482452, 4660.090315626865, 0.0035791444133333335, 51539607552.0, 'P2P', 'TP', 'INTRA', 4, 2, 3
'BWD_TP_COMM_INTRA_5', 'Comm', 4660.086736482452, 4660.090315626865, 0.0035791444133333335, 51539607552.0, 'P2P', 'TP', 'INTRA', 4, 2, 3
'BWD_FFN', 'Compute', 4660.108211348932, 4667.556805221603, 7.4485938726711, 'NONE', 'NONE', 'NONE', 0
'BWD_TP_COMM_INTRA_0', 'Comm', 4667.556805221603, 4667.5603843660165, 0.0035791444133333335, 51539607552.0, 'P2P', 'TP', 'INTRA', 4, 2, 3
'BWD_TP_COMM_INTRA_1', 'Comm', 4667.556805221603, 4667.5603843660165, 0.0035791444133333335, 51539607552.0, 'P2P', 'TP', 'INTRA', 4, 2, 3
'BWD_TP_COMM_INTRA_2', 'Comm', 4667.556805221603, 4667.5603843660165, 0.0035791444133333335, 51539607552.0, 'P2P', 'TP', 'INTRA', 4, 2, 3
'BWD_TP_COMM_INTRA_3', 'Comm', 4667.556805221603, 4667.5603843660165, 0.0035791444133333335, 51539607552.0, 'P2P', 'TP', 'INTRA', 4, 2, 3
'BWD_TP_COMM_INTRA_4', 'Comm', 4667.556805221603, 4667.5603843660165, 0.0035791444133333335, 51539607552.0, 'P2P', 'TP', 'INTRA', 4, 2, 3
'BWD_TP_COMM_INTRA_5', 'Comm', 4667.556805221603, 4667.5603843660165, 0.0035791444133333335, 51539607552.0, 'P2P', 'TP', 'INTRA', 4, 2, 3
'BWD_MHA', 'Compute', 4667.578280088083, 4693.426581340224, 25.84830125214084, 'NONE', 'NONE', 'NONE', 0
'BWD_TP_COMM_INTRA_0', 'Comm', 4693.426581340224, 4693.430160484638, 0.0035791444133333335, 51539607552.0, 'P2P', 'TP', 'INTRA', 4, 2, 3
'BWD_TP_COMM_INTRA_1', 'Comm', 4693.426581340224, 4693.430160484638, 0.0035791444133333335, 51539607552.0, 'P2P', 'TP', 'INTRA', 4, 2, 3
'BWD_TP_COMM_INTRA_2', 'Comm', 4693.426581340224, 4693.430160484638, 0.0035791444133333335, 51539607552.0, 'P2P', 'TP', 'INTRA', 4, 2, 3
'BWD_TP_COMM_INTRA_3', 'Comm', 4693.426581340224, 4693.430160484638, 0.0035791444133333335, 51539607552.0, 'P2P', 'TP', 'INTRA', 4, 2, 3
'BWD_TP_COMM_INTRA_4', 'Comm', 4693.426581340224, 4693.430160484638, 0.0035791444133333335, 51539607552.0, 'P2P', 'TP', 'INTRA', 4, 2, 3
'BWD_TP_COMM_INTRA_5', 'Comm', 4693.426581340224, 4693.430160484638, 0.0035791444133333335, 51539607552.0, 'P2P', 'TP', 'INTRA', 4, 2, 3
'BWD_FFN', 'Compute', 4693.448056206705, 4700.896650079376, 7.4485938726711, 'NONE', 'NONE', 'NONE', 0
'BWD_TP_COMM_INTRA_0', 'Comm', 4700.896650079376, 4700.900229223789, 0.0035791444133333335, 51539607552.0, 'P2P', 'TP', 'INTRA', 4, 2, 3
'BWD_TP_COMM_INTRA_1', 'Comm', 4700.896650079376, 4700.900229223789, 0.0035791444133333335, 51539607552.0, 'P2P', 'TP', 'INTRA', 4, 2, 3
'BWD_TP_COMM_INTRA_2', 'Comm', 4700.896650079376, 4700.900229223789, 0.0035791444133333335, 51539607552.0, 'P2P', 'TP', 'INTRA', 4, 2, 3
'BWD_TP_COMM_INTRA_3', 'Comm', 4700.896650079376, 4700.900229223789, 0.0035791444133333335, 51539607552.0, 'P2P', 'TP', 'INTRA', 4, 2, 3
'BWD_TP_COMM_INTRA_4', 'Comm', 4700.896650079376, 4700.900229223789, 0.0035791444133333335, 51539607552.0, 'P2P', 'TP', 'INTRA', 4, 2, 3
'BWD_TP_COMM_INTRA_5', 'Comm', 4700.896650079376, 4700.900229223789, 0.0035791444133333335, 51539607552.0, 'P2P', 'TP', 'INTRA', 4, 2, 3
'BWD_MHA', 'Compute', 4700.918124945856, 4726.766426197997, 25.84830125214084, 'NONE', 'NONE', 'NONE', 0
'BWD_TP_COMM_INTRA_0', 'Comm', 4726.766426197997, 4726.7700053424105, 0.0035791444133333335, 51539607552.0, 'P2P', 'TP', 'INTRA', 4, 2, 3
'BWD_TP_COMM_INTRA_1', 'Comm', 4726.766426197997, 4726.7700053424105, 0.0035791444133333335, 51539607552.0, 'P2P', 'TP', 'INTRA', 4, 2, 3
'BWD_TP_COMM_INTRA_2', 'Comm', 4726.766426197997, 4726.7700053424105, 0.0035791444133333335, 51539607552.0, 'P2P', 'TP', 'INTRA', 4, 2, 3
'BWD_TP_COMM_INTRA_3', 'Comm', 4726.766426197997, 4726.7700053424105, 0.0035791444133333335, 51539607552.0, 'P2P', 'TP', 'INTRA', 4, 2, 3
'BWD_TP_COMM_INTRA_4', 'Comm', 4726.766426197997, 4726.7700053424105, 0.0035791444133333335, 51539607552.0, 'P2P', 'TP', 'INTRA', 4, 2, 3
'BWD_TP_COMM_INTRA_5', 'Comm', 4726.766426197997, 4726.7700053424105, 0.0035791444133333335, 51539607552.0, 'P2P', 'TP', 'INTRA', 4, 2, 3
'BWD_FFN', 'Compute', 4726.787901064477, 4734.236494937149, 7.4485938726711, 'NONE', 'NONE', 'NONE', 0
'BWD_TP_COMM_INTRA_0', 'Comm', 4734.236494937149, 4734.240074081562, 0.0035791444133333335, 51539607552.0, 'P2P', 'TP', 'INTRA', 4, 2, 3
'BWD_TP_COMM_INTRA_1', 'Comm', 4734.236494937149, 4734.240074081562, 0.0035791444133333335, 51539607552.0, 'P2P', 'TP', 'INTRA', 4, 2, 3
'BWD_TP_COMM_INTRA_2', 'Comm', 4734.236494937149, 4734.240074081562, 0.0035791444133333335, 51539607552.0, 'P2P', 'TP', 'INTRA', 4, 2, 3
'BWD_TP_COMM_INTRA_3', 'Comm', 4734.236494937149, 4734.240074081562, 0.0035791444133333335, 51539607552.0, 'P2P', 'TP', 'INTRA', 4, 2, 3
'BWD_TP_COMM_INTRA_4', 'Comm', 4734.236494937149, 4734.240074081562, 0.0035791444133333335, 51539607552.0, 'P2P', 'TP', 'INTRA', 4, 2, 3
'BWD_TP_COMM_INTRA_5', 'Comm', 4734.236494937149, 4734.240074081562, 0.0035791444133333335, 51539607552.0, 'P2P', 'TP', 'INTRA', 4, 2, 3
'BWD_MHA', 'Compute', 4734.257969803629, 4760.10627105577, 25.84830125214084, 'NONE', 'NONE', 'NONE', 0
'BWD_TP_COMM_INTRA_0', 'Comm', 4760.10627105577, 4760.109850200183, 0.0035791444133333335, 51539607552.0, 'P2P', 'TP', 'INTRA', 4, 2, 3
'BWD_TP_COMM_INTRA_1', 'Comm', 4760.10627105577, 4760.109850200183, 0.0035791444133333335, 51539607552.0, 'P2P', 'TP', 'INTRA', 4, 2, 3
'BWD_TP_COMM_INTRA_2', 'Comm', 4760.10627105577, 4760.109850200183, 0.0035791444133333335, 51539607552.0, 'P2P', 'TP', 'INTRA', 4, 2, 3
'BWD_TP_COMM_INTRA_3', 'Comm', 4760.10627105577, 4760.109850200183, 0.0035791444133333335, 51539607552.0, 'P2P', 'TP', 'INTRA', 4, 2, 3
'BWD_TP_COMM_INTRA_4', 'Comm', 4760.10627105577, 4760.109850200183, 0.0035791444133333335, 51539607552.0, 'P2P', 'TP', 'INTRA', 4, 2, 3
'BWD_TP_COMM_INTRA_5', 'Comm', 4760.10627105577, 4760.109850200183, 0.0035791444133333335, 51539607552.0, 'P2P', 'TP', 'INTRA', 4, 2, 3
'BWD_FFN', 'Compute', 4760.12774592225, 4767.576339794921, 7.4485938726711, 'NONE', 'NONE', 'NONE', 0
'BWD_TP_COMM_INTRA_0', 'Comm', 4767.576339794921, 4767.579918939335, 0.0035791444133333335, 51539607552.0, 'P2P', 'TP', 'INTRA', 4, 2, 3
'BWD_TP_COMM_INTRA_1', 'Comm', 4767.576339794921, 4767.579918939335, 0.0035791444133333335, 51539607552.0, 'P2P', 'TP', 'INTRA', 4, 2, 3
'BWD_TP_COMM_INTRA_2', 'Comm', 4767.576339794921, 4767.579918939335, 0.0035791444133333335, 51539607552.0, 'P2P', 'TP', 'INTRA', 4, 2, 3
'BWD_TP_COMM_INTRA_3', 'Comm', 4767.576339794921, 4767.579918939335, 0.0035791444133333335, 51539607552.0, 'P2P', 'TP', 'INTRA', 4, 2, 3
'BWD_TP_COMM_INTRA_4', 'Comm', 4767.576339794921, 4767.579918939335, 0.0035791444133333335, 51539607552.0, 'P2P', 'TP', 'INTRA', 4, 2, 3
'BWD_TP_COMM_INTRA_5', 'Comm', 4767.576339794921, 4767.579918939335, 0.0035791444133333335, 51539607552.0, 'P2P', 'TP', 'INTRA', 4, 2, 3
'BWD_MHA', 'Compute', 4767.597814661402, 4793.446115913543, 25.84830125214084, 'NONE', 'NONE', 'NONE', 0
'BWD_TP_COMM_INTRA_0', 'Comm', 4793.446115913543, 4793.449695057956, 0.0035791444133333335, 51539607552.0, 'P2P', 'TP', 'INTRA', 4, 2, 3
'BWD_TP_COMM_INTRA_1', 'Comm', 4793.446115913543, 4793.449695057956, 0.0035791444133333335, 51539607552.0, 'P2P', 'TP', 'INTRA', 4, 2, 3
'BWD_TP_COMM_INTRA_2', 'Comm', 4793.446115913543, 4793.449695057956, 0.0035791444133333335, 51539607552.0, 'P2P', 'TP', 'INTRA', 4, 2, 3
'BWD_TP_COMM_INTRA_3', 'Comm', 4793.446115913543, 4793.449695057956, 0.0035791444133333335, 51539607552.0, 'P2P', 'TP', 'INTRA', 4, 2, 3
'BWD_TP_COMM_INTRA_4', 'Comm', 4793.446115913543, 4793.449695057956, 0.0035791444133333335, 51539607552.0, 'P2P', 'TP', 'INTRA', 4, 2, 3
'BWD_TP_COMM_INTRA_5', 'Comm', 4793.446115913543, 4793.449695057956, 0.0035791444133333335, 51539607552.0, 'P2P', 'TP', 'INTRA', 4, 2, 3
'BWD_FFN', 'Compute', 4793.467590780023, 4800.916184652694, 7.4485938726711, 'NONE', 'NONE', 'NONE', 0
'BWD_TP_COMM_INTRA_0', 'Comm', 4800.916184652694, 4800.919763797107, 0.0035791444133333335, 51539607552.0, 'P2P', 'TP', 'INTRA', 4, 2, 3
'BWD_TP_COMM_INTRA_1', 'Comm', 4800.916184652694, 4800.919763797107, 0.0035791444133333335, 51539607552.0, 'P2P', 'TP', 'INTRA', 4, 2, 3
'BWD_TP_COMM_INTRA_2', 'Comm', 4800.916184652694, 4800.919763797107, 0.0035791444133333335, 51539607552.0, 'P2P', 'TP', 'INTRA', 4, 2, 3
'BWD_TP_COMM_INTRA_3', 'Comm', 4800.916184652694, 4800.919763797107, 0.0035791444133333335, 51539607552.0, 'P2P', 'TP', 'INTRA', 4, 2, 3
'BWD_TP_COMM_INTRA_4', 'Comm', 4800.916184652694, 4800.919763797107, 0.0035791444133333335, 51539607552.0, 'P2P', 'TP', 'INTRA', 4, 2, 3
'BWD_TP_COMM_INTRA_5', 'Comm', 4800.916184652694, 4800.919763797107, 0.0035791444133333335, 51539607552.0, 'P2P', 'TP', 'INTRA', 4, 2, 3
'BWD_MHA', 'Compute', 4800.937659519174, 4826.785960771315, 25.84830125214084, 'NONE', 'NONE', 'NONE', 0
'BWD_TP_COMM_INTRA_0', 'Comm', 4826.785960771315, 4826.789539915729, 0.0035791444133333335, 51539607552.0, 'P2P', 'TP', 'INTRA', 4, 2, 3
'BWD_TP_COMM_INTRA_1', 'Comm', 4826.785960771315, 4826.789539915729, 0.0035791444133333335, 51539607552.0, 'P2P', 'TP', 'INTRA', 4, 2, 3
'BWD_TP_COMM_INTRA_2', 'Comm', 4826.785960771315, 4826.789539915729, 0.0035791444133333335, 51539607552.0, 'P2P', 'TP', 'INTRA', 4, 2, 3
'BWD_TP_COMM_INTRA_3', 'Comm', 4826.785960771315, 4826.789539915729, 0.0035791444133333335, 51539607552.0, 'P2P', 'TP', 'INTRA', 4, 2, 3
'BWD_TP_COMM_INTRA_4', 'Comm', 4826.785960771315, 4826.789539915729, 0.0035791444133333335, 51539607552.0, 'P2P', 'TP', 'INTRA', 4, 2, 3
'BWD_TP_COMM_INTRA_5', 'Comm', 4826.785960771315, 4826.789539915729, 0.0035791444133333335, 51539607552.0, 'P2P', 'TP', 'INTRA', 4, 2, 3
'BWD_FFN', 'Compute', 4826.807435637796, 4834.256029510467, 7.4485938726711, 'NONE', 'NONE', 'NONE', 0
'BWD_TP_COMM_INTRA_0', 'Comm', 4834.256029510467, 4834.25960865488, 0.0035791444133333335, 51539607552.0, 'P2P', 'TP', 'INTRA', 4, 2, 3
'BWD_TP_COMM_INTRA_1', 'Comm', 4834.256029510467, 4834.25960865488, 0.0035791444133333335, 51539607552.0, 'P2P', 'TP', 'INTRA', 4, 2, 3
'BWD_TP_COMM_INTRA_2', 'Comm', 4834.256029510467, 4834.25960865488, 0.0035791444133333335, 51539607552.0, 'P2P', 'TP', 'INTRA', 4, 2, 3
'BWD_TP_COMM_INTRA_3', 'Comm', 4834.256029510467, 4834.25960865488, 0.0035791444133333335, 51539607552.0, 'P2P', 'TP', 'INTRA', 4, 2, 3
'BWD_TP_COMM_INTRA_4', 'Comm', 4834.256029510467, 4834.25960865488, 0.0035791444133333335, 51539607552.0, 'P2P', 'TP', 'INTRA', 4, 2, 3
'BWD_TP_COMM_INTRA_5', 'Comm', 4834.256029510467, 4834.25960865488, 0.0035791444133333335, 51539607552.0, 'P2P', 'TP', 'INTRA', 4, 2, 3
'BWD_MHA', 'Compute', 4834.277504376947, 4860.125805629088, 25.84830125214084, 'NONE', 'NONE', 'NONE', 0
'BWD_TP_COMM_INTRA_0', 'Comm', 4860.125805629088, 4860.129384773501, 0.0035791444133333335, 51539607552.0, 'P2P', 'TP', 'INTRA', 4, 2, 3
'BWD_TP_COMM_INTRA_1', 'Comm', 4860.125805629088, 4860.129384773501, 0.0035791444133333335, 51539607552.0, 'P2P', 'TP', 'INTRA', 4, 2, 3
'BWD_TP_COMM_INTRA_2', 'Comm', 4860.125805629088, 4860.129384773501, 0.0035791444133333335, 51539607552.0, 'P2P', 'TP', 'INTRA', 4, 2, 3
'BWD_TP_COMM_INTRA_3', 'Comm', 4860.125805629088, 4860.129384773501, 0.0035791444133333335, 51539607552.0, 'P2P', 'TP', 'INTRA', 4, 2, 3
'BWD_TP_COMM_INTRA_4', 'Comm', 4860.125805629088, 4860.129384773501, 0.0035791444133333335, 51539607552.0, 'P2P', 'TP', 'INTRA', 4, 2, 3
'BWD_TP_COMM_INTRA_5', 'Comm', 4860.125805629088, 4860.129384773501, 0.0035791444133333335, 51539607552.0, 'P2P', 'TP', 'INTRA', 4, 2, 3
'BWD_FFN', 'Compute', 4860.147280495568, 4867.5958743682395, 7.4485938726711, 'NONE', 'NONE', 'NONE', 0
'BWD_TP_COMM_INTRA_0', 'Comm', 4867.5958743682395, 4867.599453512653, 0.0035791444133333335, 51539607552.0, 'P2P', 'TP', 'INTRA', 4, 2, 3
'BWD_TP_COMM_INTRA_1', 'Comm', 4867.5958743682395, 4867.599453512653, 0.0035791444133333335, 51539607552.0, 'P2P', 'TP', 'INTRA', 4, 2, 3
'BWD_TP_COMM_INTRA_2', 'Comm', 4867.5958743682395, 4867.599453512653, 0.0035791444133333335, 51539607552.0, 'P2P', 'TP', 'INTRA', 4, 2, 3
'BWD_TP_COMM_INTRA_3', 'Comm', 4867.5958743682395, 4867.599453512653, 0.0035791444133333335, 51539607552.0, 'P2P', 'TP', 'INTRA', 4, 2, 3
'BWD_TP_COMM_INTRA_4', 'Comm', 4867.5958743682395, 4867.599453512653, 0.0035791444133333335, 51539607552.0, 'P2P', 'TP', 'INTRA', 4, 2, 3
'BWD_TP_COMM_INTRA_5', 'Comm', 4867.5958743682395, 4867.599453512653, 0.0035791444133333335, 51539607552.0, 'P2P', 'TP', 'INTRA', 4, 2, 3
'BWD_MHA', 'Compute', 4867.61734923472, 4893.465650486861, 25.84830125214084, 'NONE', 'NONE', 'NONE', 0
'BWD_TP_COMM_INTRA_0', 'Comm', 4893.465650486861, 4893.469229631274, 0.0035791444133333335, 51539607552.0, 'P2P', 'TP', 'INTRA', 4, 2, 3
'BWD_TP_COMM_INTRA_1', 'Comm', 4893.465650486861, 4893.469229631274, 0.0035791444133333335, 51539607552.0, 'P2P', 'TP', 'INTRA', 4, 2, 3
'BWD_TP_COMM_INTRA_2', 'Comm', 4893.465650486861, 4893.469229631274, 0.0035791444133333335, 51539607552.0, 'P2P', 'TP', 'INTRA', 4, 2, 3
'BWD_TP_COMM_INTRA_3', 'Comm', 4893.465650486861, 4893.469229631274, 0.0035791444133333335, 51539607552.0, 'P2P', 'TP', 'INTRA', 4, 2, 3
'BWD_TP_COMM_INTRA_4', 'Comm', 4893.465650486861, 4893.469229631274, 0.0035791444133333335, 51539607552.0, 'P2P', 'TP', 'INTRA', 4, 2, 3

'BWD_TP_COMM_INTRA_5', 'Comm', 4893.465650486861, 4893.469229631274, 0.0035791444133333335, 51539607552.0, 'P2P', 'TP', 'INTRA', 4, 2, 3
'BWD_FFN', 'Compute', 4893.487125353341, 4900.935719226012, 7.4485938726711, 'NONE', 'NONE', 'NONE', 0
'BWD_TP_COMM_INTRA_0', 'Comm', 4900.935719226012, 4900.939298370426, 0.0035791444133333335, 51539607552.0, 'P2P', 'TP', 'INTRA', 4, 2, 3
'BWD_TP_COMM_INTRA_1', 'Comm', 4900.935719226012, 4900.939298370426, 0.0035791444133333335, 51539607552.0, 'P2P', 'TP', 'INTRA', 4, 2, 3
'BWD_TP_COMM_INTRA_2', 'Comm', 4900.935719226012, 4900.939298370426, 0.0035791444133333335, 51539607552.0, 'P2P', 'TP', 'INTRA', 4, 2, 3
'BWD_TP_COMM_INTRA_3', 'Comm', 4900.935719226012, 4900.939298370426, 0.0035791444133333335, 51539607552.0, 'P2P', 'TP', 'INTRA', 4, 2, 3
'BWD_TP_COMM_INTRA_4', 'Comm', 4900.935719226012, 4900.939298370426, 0.0035791444133333335, 51539607552.0, 'P2P', 'TP', 'INTRA', 4, 2, 3
'BWD_TP_COMM_INTRA_5', 'Comm', 4900.935719226012, 4900.939298370426, 0.0035791444133333335, 51539607552.0, 'P2P', 'TP', 'INTRA', 4, 2, 3
'BWD_MHA', 'Compute', 4900.9571940924925, 4926.8054953446335, 25.84830125214084, 'NONE', 'NONE', 'NONE', 0
'BWD_TP_COMM_INTRA_0', 'Comm', 4926.8054953446335, 4926.809074489047, 0.0035791444133333335, 51539607552.0, 'P2P', 'TP', 'INTRA', 4, 2, 3
'BWD_TP_COMM_INTRA_1', 'Comm', 4926.8054953446335, 4926.809074489047, 0.0035791444133333335, 51539607552.0, 'P2P', 'TP', 'INTRA', 4, 2, 3
'BWD_TP_COMM_INTRA_2', 'Comm', 4926.8054953446335, 4926.809074489047, 0.0035791444133333335, 51539607552.0, 'P2P', 'TP', 'INTRA', 4, 2, 3
'BWD_TP_COMM_INTRA_3', 'Comm', 4926.8054953446335, 4926.809074489047, 0.0035791444133333335, 51539607552.0, 'P2P', 'TP', 'INTRA', 4, 2, 3
'BWD_TP_COMM_INTRA_4', 'Comm', 4926.8054953446335, 4926.809074489047, 0.0035791444133333335, 51539607552.0, 'P2P', 'TP', 'INTRA', 4, 2, 3
'BWD_TP_COMM_INTRA_5', 'Comm', 4926.8054953446335, 4926.809074489047, 0.0035791444133333335, 51539607552.0, 'P2P', 'TP', 'INTRA', 4, 2, 3
'BWD_FFN', 'Compute', 4926.826970211114, 4934.275564083785, 7.4485938726711, 'NONE', 'NONE', 'NONE', 0
'BWD_TP_COMM_INTRA_0', 'Comm', 4934.275564083785, 4934.279143228198, 0.0035791444133333335, 51539607552.0, 'P2P', 'TP', 'INTRA', 4, 2, 3
'BWD_TP_COMM_INTRA_1', 'Comm', 4934.275564083785, 4934.279143228198, 0.0035791444133333335, 51539607552.0, 'P2P', 'TP', 'INTRA', 4, 2, 3
'BWD_TP_COMM_INTRA_2', 'Comm', 4934.275564083785, 4934.279143228198, 0.0035791444133333335, 51539607552.0, 'P2P', 'TP', 'INTRA', 4, 2, 3
'BWD_TP_COMM_INTRA_3', 'Comm', 4934.275564083785, 4934.279143228198, 0.0035791444133333335, 51539607552.0, 'P2P', 'TP', 'INTRA', 4, 2, 3
'BWD_TP_COMM_INTRA_4', 'Comm', 4934.275564083785, 4934.279143228198, 0.0035791444133333335, 51539607552.0, 'P2P', 'TP', 'INTRA', 4, 2, 3
'BWD_TP_COMM_INTRA_5', 'Comm', 4934.275564083785, 4934.279143228198, 0.0035791444133333335, 51539607552.0, 'P2P', 'TP', 'INTRA', 4, 2, 3
'BWD_MHA', 'Compute', 4934.297038950265, 4960.145340202406, 25.84830125214084, 'NONE', 'NONE', 'NONE', 0
'BWD_TP_COMM_INTRA_0', 'Comm', 4960.145340202406, 4960.14891934682, 0.0035791444133333335, 51539607552.0, 'P2P', 'TP', 'INTRA', 4, 2, 3
'BWD_TP_COMM_INTRA_1', 'Comm', 4960.145340202406, 4960.14891934682, 0.0035791444133333335, 51539607552.0, 'P2P', 'TP', 'INTRA', 4, 2, 3
'BWD_TP_COMM_INTRA_2', 'Comm', 4960.145340202406, 4960.14891934682, 0.0035791444133333335, 51539607552.0, 'P2P', 'TP', 'INTRA', 4, 2, 3
'BWD_TP_COMM_INTRA_3', 'Comm', 4960.145340202406, 4960.14891934682, 0.0035791444133333335, 51539607552.0, 'P2P', 'TP', 'INTRA', 4, 2, 3
'BWD_TP_COMM_INTRA_4', 'Comm', 4960.145340202406, 4960.14891934682, 0.0035791444133333335, 51539607552.0, 'P2P', 'TP', 'INTRA', 4, 2, 3
'BWD_TP_COMM_INTRA_5', 'Comm', 4960.145340202406, 4960.14891934682, 0.0035791444133333335, 51539607552.0, 'P2P', 'TP', 'INTRA', 4, 2, 3
'BWD_FFN', 'Compute', 4960.1668150688865, 4967.615408941558, 7.4485938726711, 'NONE', 'NONE', 'NONE', 0
'BWD_TP_COMM_INTRA_0', 'Comm', 4967.615408941558, 4967.618988085971, 0.0035791444133333335, 51539607552.0, 'P2P', 'TP', 'INTRA', 4, 2, 3
'BWD_TP_COMM_INTRA_1', 'Comm', 4967.615408941558, 4967.618988085971, 0.0035791444133333335, 51539607552.0, 'P2P', 'TP', 'INTRA', 4, 2, 3
'BWD_TP_COMM_INTRA_2', 'Comm', 4967.615408941558, 4967.618988085971, 0.0035791444133333335, 51539607552.0, 'P2P', 'TP', 'INTRA', 4, 2, 3
'BWD_TP_COMM_INTRA_3', 'Comm', 4967.615408941558, 4967.618988085971, 0.0035791444133333335, 51539607552.0, 'P2P', 'TP', 'INTRA', 4, 2, 3
'BWD_TP_COMM_INTRA_4', 'Comm', 4967.615408941558, 4967.618988085971, 0.0035791444133333335, 51539607552.0, 'P2P', 'TP', 'INTRA', 4, 2, 3
'BWD_TP_COMM_INTRA_5', 'Comm', 4967.615408941558, 4967.618988085971, 0.0035791444133333335, 51539607552.0, 'P2P', 'TP', 'INTRA', 4, 2, 3
'BWD_MHA', 'Compute', 4967.636883808038, 4993.485185060179, 25.84830125214084, 'NONE', 'NONE', 'NONE', 0
'BWD_TP_COMM_INTRA_0', 'Comm', 4993.485185060179, 4993.488764204592, 0.0035791444133333335, 51539607552.0, 'P2P', 'TP', 'INTRA', 4, 2, 3
'BWD_TP_COMM_INTRA_1', 'Comm', 4993.485185060179, 4993.488764204592, 0.0035791444133333335, 51539607552.0, 'P2P', 'TP', 'INTRA', 4, 2, 3
'BWD_TP_COMM_INTRA_2', 'Comm', 4993.485185060179, 4993.488764204592, 0.0035791444133333335, 51539607552.0, 'P2P', 'TP', 'INTRA', 4, 2, 3
'BWD_TP_COMM_INTRA_3', 'Comm', 4993.485185060179, 4993.488764204592, 0.0035791444133333335, 51539607552.0, 'P2P', 'TP', 'INTRA', 4, 2, 3
'BWD_TP_COMM_INTRA_4', 'Comm', 4993.485185060179, 4993.488764204592, 0.0035791444133333335, 51539607552.0, 'P2P', 'TP', 'INTRA', 4, 2, 3
'BWD_TP_COMM_INTRA_5', 'Comm', 4993.485185060179, 4993.488764204592, 0.0035791444133333335, 51539607552.0, 'P2P', 'TP', 'INTRA', 4, 2, 3
'BWD_FFN', 'Compute', 4993.506659926659, 5000.95525379933, 7.4485938726711, 'NONE', 'NONE', 'NONE', 0
'BWD_TP_COMM_INTRA_0', 'Comm', 5000.95525379933, 5000.958832943744, 0.0035791444133333335, 51539607552.0, 'P2P', 'TP', 'INTRA', 4, 2, 3
'BWD_TP_COMM_INTRA_1', 'Comm', 5000.95525379933, 5000.958832943744, 0.0035791444133333335, 51539607552.0, 'P2P', 'TP', 'INTRA', 4, 2, 3
'BWD_TP_COMM_INTRA_2', 'Comm', 5000.95525379933, 5000.958832943744, 0.0035791444133333335, 51539607552.0, 'P2P', 'TP', 'INTRA', 4, 2, 3
'BWD_TP_COMM_INTRA_3', 'Comm', 5000.95525379933, 5000.958832943744, 0.0035791444133333335, 51539607552.0, 'P2P', 'TP', 'INTRA', 4, 2, 3
'BWD_TP_COMM_INTRA_4', 'Comm', 5000.95525379933, 5000.958832943744, 0.0035791444133333335, 51539607552.0, 'P2P', 'TP', 'INTRA', 4, 2, 3
'BWD_TP_COMM_INTRA_5', 'Comm', 5000.95525379933, 5000.958832943744, 0.0035791444133333335, 51539607552.0, 'P2P', 'TP', 'INTRA', 4, 2, 3
'BWD_MHA', 'Compute', 5000.976728665811, 5026.825029917952, 25.84830125214084, 'NONE', 'NONE', 'NONE', 0
'BWD_TP_COMM_INTRA_0', 'Comm', 5026.825029917952, 5026.828609062365, 0.0035791444133333335, 51539607552.0, 'P2P', 'TP', 'INTRA', 4, 2, 3
'BWD_TP_COMM_INTRA_1', 'Comm', 5026.825029917952, 5026.828609062365, 0.0035791444133333335, 51539607552.0, 'P2P', 'TP', 'INTRA', 4, 2, 3
'BWD_TP_COMM_INTRA_2', 'Comm', 5026.825029917952, 5026.828609062365, 0.0035791444133333335, 51539607552.0, 'P2P', 'TP', 'INTRA', 4, 2, 3
'BWD_TP_COMM_INTRA_3', 'Comm', 5026.825029917952, 5026.828609062365, 0.0035791444133333335, 51539607552.0, 'P2P', 'TP', 'INTRA', 4, 2, 3
'BWD_TP_COMM_INTRA_4', 'Comm', 5026.825029917952, 5026.828609062365, 0.0035791444133333335, 51539607552.0, 'P2P', 'TP', 'INTRA', 4, 2, 3
'BWD_TP_COMM_INTRA_5', 'Comm', 5026.825029917952, 5026.828609062365, 0.0035791444133333335, 51539607552.0, 'P2P', 'TP', 'INTRA', 4, 2, 3
'BWD_FFN', 'Compute', 5026.846504784432, 5034.295098657103, 7.4485938726711, 'NONE', 'NONE', 'NONE', 0
'BWD_TP_COMM_INTRA_0', 'Comm', 5034.295098657103, 5034.2986778015165, 0.0035791444133333335, 51539607552.0, 'P2P', 'TP', 'INTRA', 4, 2, 3
'BWD_TP_COMM_INTRA_1', 'Comm', 5034.295098657103, 5034.2986778015165, 0.0035791444133333335, 51539607552.0, 'P2P', 'TP', 'INTRA', 4, 2, 3
'BWD_TP_COMM_INTRA_2', 'Comm', 5034.295098657103, 5034.2986778015165, 0.0035791444133333335, 51539607552.0, 'P2P', 'TP', 'INTRA', 4, 2, 3
'BWD_TP_COMM_INTRA_3', 'Comm', 5034.295098657103, 5034.2986778015165, 0.0035791444133333335, 51539607552.0, 'P2P', 'TP', 'INTRA', 4, 2, 3
'BWD_TP_COMM_INTRA_4', 'Comm', 5034.295098657103, 5034.2986778015165, 0.0035791444133333335, 51539607552.0, 'P2P', 'TP', 'INTRA', 4, 2, 3
'BWD_TP_COMM_INTRA_5', 'Comm', 5034.295098657103, 5034.2986778015165, 0.0035791444133333335, 51539607552.0, 'P2P', 'TP', 'INTRA', 4, 2, 3
'BWD_MHA', 'Compute', 5034.316573523583, 5060.1648747757245, 25.84830125214084, 'NONE', 'NONE', 'NONE', 0
'BWD_TP_COMM_INTRA_0', 'Comm', 5060.1648747757245, 5060.168453920138, 0.0035791444133333335, 51539607552.0, 'P2P', 'TP', 'INTRA', 4, 2, 3
'BWD_TP_COMM_INTRA_1', 'Comm', 5060.1648747757245, 5060.168453920138, 0.0035791444133333335, 51539607552.0, 'P2P', 'TP', 'INTRA', 4, 2, 3
'BWD_TP_COMM_INTRA_2', 'Comm', 5060.1648747757245, 5060.168453920138, 0.0035791444133333335, 51539607552.0, 'P2P', 'TP', 'INTRA', 4, 2, 3
'BWD_TP_COMM_INTRA_3', 'Comm', 5060.1648747757245, 5060.168453920138, 0.0035791444133333335, 51539607552.0, 'P2P', 'TP', 'INTRA', 4, 2, 3
'BWD_TP_COMM_INTRA_4', 'Comm', 5060.1648747757245, 5060.168453920138, 0.0035791444133333335, 51539607552.0, 'P2P', 'TP', 'INTRA', 4, 2, 3
'BWD_TP_COMM_INTRA_5', 'Comm', 5060.1648747757245, 5060.168453920138, 0.0035791444133333335, 51539607552.0, 'P2P', 'TP', 'INTRA', 4, 2, 3
'BWD_FFN', 'Compute', 5060.186349642205, 5067.634943514876, 7.4485938726711, 'NONE', 'NONE', 'NONE', 0
'BWD_TP_COMM_INTRA_0', 'Comm', 5067.634943514876, 5067.638522659289, 0.0035791444133333335, 51539607552.0, 'P2P', 'TP', 'INTRA', 4, 2, 3
'BWD_TP_COMM_INTRA_1', 'Comm', 5067.634943514876, 5067.638522659289, 0.0035791444133333335, 51539607552.0, 'P2P', 'TP', 'INTRA', 4, 2, 3
'BWD_TP_COMM_INTRA_2', 'Comm', 5067.634943514876, 5067.638522659289, 0.0035791444133333335, 51539607552.0, 'P2P', 'TP', 'INTRA', 4, 2, 3
'BWD_TP_COMM_INTRA_3', 'Comm', 5067.634943514876, 5067.638522659289, 0.0035791444133333335, 51539607552.0, 'P2P', 'TP', 'INTRA', 4, 2, 3
'BWD_TP_COMM_INTRA_4', 'Comm', 5067.634943514876, 5067.638522659289, 0.0035791444133333335, 51539607552.0, 'P2P', 'TP', 'INTRA', 4, 2, 3
'BWD_TP_COMM_INTRA_5', 'Comm', 5067.634943514876, 5067.638522659289, 0.0035791444133333335, 51539607552.0, 'P2P', 'TP', 'INTRA', 4, 2, 3
'BWD_MHA', 'Compute', 5067.656418381356, 5093.504719633497, 25.84830125214084, 'NONE', 'NONE', 'NONE', 0
'BWD_TP_COMM_INTRA_0', 'Comm', 5093.504719633497, 5093.508298777911, 0.0035791444133333335, 51539607552.0, 'P2P', 'TP', 'INTRA', 4, 2, 3
'BWD_TP_COMM_INTRA_1', 'Comm', 5093.504719633497, 5093.508298777911, 0.0035791444133333335, 51539607552.0, 'P2P', 'TP', 'INTRA', 4, 2, 3
'BWD_TP_COMM_INTRA_2', 'Comm', 5093.504719633497, 5093.508298777911, 0.0035791444133333335, 51539607552.0, 'P2P', 'TP', 'INTRA', 4, 2, 3
'BWD_TP_COMM_INTRA_3', 'Comm', 5093.504719633497, 5093.508298777911, 0.0035791444133333335, 51539607552.0, 'P2P', 'TP', 'INTRA', 4, 2, 3
'BWD_TP_COMM_INTRA_4', 'Comm', 5093.504719633497, 5093.508298777911, 0.0035791444133333335, 51539607552.0, 'P2P', 'TP', 'INTRA', 4, 2, 3
'BWD_TP_COMM_INTRA_5', 'Comm', 5093.504719633497, 5093.508298777911, 0.0035791444133333335, 51539607552.0, 'P2P', 'TP', 'INTRA', 4, 2, 3
'BWD_FFN', 'Compute', 5093.5261944999775, 5100.974788372649, 7.4485938726711, 'NONE', 'NONE', 'NONE', 0
'BWD_TP_COMM_INTRA_0', 'Comm', 5100.974788372649, 5100.978367517062, 0.0035791444133333335, 51539607552.0, 'P2P', 'TP', 'INTRA', 4, 2, 3
'BWD_TP_COMM_INTRA_1', 'Comm', 5100.974788372649, 5100.978367517062, 0.0035791444133333335, 51539607552.0, 'P2P', 'TP', 'INTRA', 4, 2, 3
'BWD_TP_COMM_INTRA_2', 'Comm', 5100.974788372649, 5100.978367517062, 0.0035791444133333335, 51539607552.0, 'P2P', 'TP', 'INTRA', 4, 2, 3
'BWD_TP_COMM_INTRA_3', 'Comm', 5100.974788372649, 5100.978367517062, 0.0035791444133333335, 51539607552.0, 'P2P', 'TP', 'INTRA', 4, 2, 3
'BWD_TP_COMM_INTRA_4', 'Comm', 5100.974788372649, 5100.978367517062, 0.0035791444133333335, 51539607552.0, 'P2P', 'TP', 'INTRA', 4, 2, 3
'BWD_TP_COMM_INTRA_5', 'Comm', 5100.974788372649, 5100.978367517062, 0.0035791444133333335, 51539607552.0, 'P2P', 'TP', 'INTRA', 4, 2, 3
'BWD_MHA', 'Compute', 5100.996263239129, 5126.84456449127, 25.84830125214084, 'NONE', 'NONE', 'NONE', 0
'BWD_TP_COMM_INTRA_0', 'Comm', 5126.84456449127, 5126.848143635683, 0.0035791444133333335, 51539607552.0, 'P2P', 'TP', 'INTRA', 4, 2, 3
'BWD_TP_COMM_INTRA_1', 'Comm', 5126.84456449127, 5126.848143635683, 0.0035791444133333335, 51539607552.0, 'P2P', 'TP', 'INTRA', 4, 2, 3
'BWD_TP_COMM_INTRA_2', 'Comm', 5126.84456449127, 5126.848143635683, 0.0035791444133333335, 51539607552.0, 'P2P', 'TP', 'INTRA', 4, 2, 3
'BWD_TP_COMM_INTRA_3', 'Comm', 5126.84456449127, 5126.848143635683, 0.0035791444133333335, 51539607552.0, 'P2P', 'TP', 'INTRA', 4, 2, 3
'BWD_TP_COMM_INTRA_4', 'Comm', 5126.84456449127, 5126.848143635683, 0.0035791444133333335, 51539607552.0, 'P2P', 'TP', 'INTRA', 4, 2, 3
'BWD_TP_COMM_INTRA_5', 'Comm', 5126.84456449127, 5126.848143635683, 0.0035791444133333335, 51539607552.0, 'P2P', 'TP', 'INTRA', 4, 2, 3
'BWD_FFN', 'Compute', 5126.86603935775, 5134.314633230421, 7.4485938726711, 'NONE', 'NONE', 'NONE', 0
'BWD_TP_COMM_INTRA_0', 'Comm', 5134.314633230421, 5134.318212374835, 0.0035791444133333335, 51539607552.0, 'P2P', 'TP', 'INTRA', 4, 2, 3
'BWD_TP_COMM_INTRA_1', 'Comm', 5134.314633230421, 5134.318212374835, 0.0035791444133333335, 51539607552.0, 'P2P', 'TP', 'INTRA', 4, 2, 3
'BWD_TP_COMM_INTRA_2', 'Comm', 5134.314633230421, 5134.318212374835, 0.0035791444133333335, 51539607552.0, 'P2P', 'TP', 'INTRA', 4, 2, 3
'BWD_TP_COMM_INTRA_3', 'Comm', 5134.314633230421, 5134.318212374835, 0.0035791444133333335, 51539607552.0, 'P2P', 'TP', 'INTRA', 4, 2, 3
'BWD_TP_COMM_INTRA_4', 'Comm', 5134.314633230421, 5134.318212374835, 0.0035791444133333335, 51539607552.0, 'P2P', 'TP', 'INTRA', 4, 2, 3
'BWD_TP_COMM_INTRA_5', 'Comm', 5134.314633230421, 5134.318212374835, 0.0035791444133333335, 51539607552.0, 'P2P', 'TP', 'INTRA', 4, 2, 3
'BWD_MHA', 'Compute', 5134.336108096902, 5160.184409349043, 25.84830125214084, 'NONE', 'NONE', 'NONE', 0
'BWD_TP_COMM_INTRA_0', 'Comm', 5160.184409349043, 5160.187988493456, 0.0035791444133333335, 51539607552.0, 'P2P', 'TP', 'INTRA', 4, 2, 3
'BWD_TP_COMM_INTRA_1', 'Comm', 5160.184409349043, 5160.187988493456, 0.0035791444133333335, 51539607552.0, 'P2P', 'TP', 'INTRA', 4, 2, 3
'BWD_TP_COMM_INTRA_2', 'Comm', 5160.184409349043, 5160.187988493456, 0.0035791444133333335, 51539607552.0, 'P2P', 'TP', 'INTRA', 4, 2, 3
'BWD_TP_COMM_INTRA_3', 'Comm', 5160.184409349043, 5160.187988493456, 0.0035791444133333335, 51539607552.0, 'P2P', 'TP', 'INTRA', 4, 2, 3
'BWD_TP_COMM_INTRA_4', 'Comm', 5160.184409349043, 5160.187988493456, 0.0035791444133333335, 51539607552.0, 'P2P', 'TP', 'INTRA', 4, 2, 3
'BWD_TP_COMM_INTRA_5', 'Comm', 5160.184409349043, 5160.187988493456, 0.0035791444133333335, 51539607552.0, 'P2P', 'TP', 'INTRA', 4, 2, 3
'BWD_FFN', 'Compute', 5160.205884215523, 5167.654478088194, 7.4485938726711, 'NONE', 'NONE', 'NONE', 0
'BWD_TP_COMM_INTRA_0', 'Comm', 5167.654478088194, 5167.6580572326075, 0.0035791444133333335, 51539607552.0, 'P2P', 'TP', 'INTRA', 4, 2, 3
'BWD_TP_COMM_INTRA_1', 'Comm', 5167.654478088194, 5167.6580572326075, 0.0035791444133333335, 51539607552.0, 'P2P', 'TP', 'INTRA', 4, 2, 3
'BWD_TP_COMM_INTRA_2', 'Comm', 5167.654478088194, 5167.6580572326075, 0.0035791444133333335, 51539607552.0, 'P2P', 'TP', 'INTRA', 4, 2, 3
'BWD_TP_COMM_INTRA_3', 'Comm', 5167.654478088194, 5167.6580572326075, 0.0035791444133333335, 51539607552.0, 'P2P', 'TP', 'INTRA', 4, 2, 3
'BWD_TP_COMM_INTRA_4', 'Comm', 5167.654478088194, 5167.6580572326075, 0.0035791444133333335, 51539607552.0, 'P2P', 'TP', 'INTRA', 4, 2, 3
'BWD_TP_COMM_INTRA_5', 'Comm', 5167.654478088194, 5167.6580572326075, 0.0035791444133333335, 51539607552.0, 'P2P', 'TP', 'INTRA', 4, 2, 3
'BWD_MHA', 'Compute', 5167.675952954674, 5193.524254206815, 25.84830125214084, 'NONE', 'NONE', 'NONE', 0
'BWD_TP_COMM_INTRA_0', 'Comm', 5193.524254206815, 5193.527833351229, 0.0035791444133333335, 51539607552.0, 'P2P', 'TP', 'INTRA', 4, 2, 3
'BWD_TP_COMM_INTRA_1', 'Comm', 5193.524254206815, 5193.527833351229, 0.0035791444133333335, 51539607552.0, 'P2P', 'TP', 'INTRA', 4, 2, 3
'BWD_TP_COMM_INTRA_2', 'Comm', 5193.524254206815, 5193.527833351229, 0.0035791444133333335, 51539607552.0, 'P2P', 'TP', 'INTRA', 4, 2, 3
'BWD_TP_COMM_INTRA_3', 'Comm', 5193.524254206815, 5193.527833351229, 0.0035791444133333335, 51539607552.0, 'P2P', 'TP', 'INTRA', 4, 2, 3
'BWD_TP_COMM_INTRA_4', 'Comm', 5193.524254206815, 5193.527833351229, 0.0035791444133333335, 51539607552.0, 'P2P', 'TP', 'INTRA', 4, 2, 3
'BWD_TP_COMM_INTRA_5', 'Comm', 5193.524254206815, 5193.527833351229, 0.0035791444133333335, 51539607552.0, 'P2P', 'TP', 'INTRA', 4, 2, 3
'BWD_FFN', 'Compute', 5193.545729073296, 5200.994322945967, 7.4485938726711, 'NONE', 'NONE', 'NONE', 0
'BWD_TP_COMM_INTRA_0', 'Comm', 5200.994322945967, 5200.99790209038, 0.0035791444133333335, 51539607552.0, 'P2P', 'TP', 'INTRA', 4, 2, 3
'BWD_TP_COMM_INTRA_1', 'Comm', 5200.994322945967, 5200.99790209038, 0.0035791444133333335, 51539607552.0, 'P2P', 'TP', 'INTRA', 4, 2, 3
'BWD_TP_COMM_INTRA_2', 'Comm', 5200.994322945967, 5200.99790209038, 0.0035791444133333335, 51539607552.0, 'P2P', 'TP', 'INTRA', 4, 2, 3
'BWD_TP_COMM_INTRA_3', 'Comm', 5200.994322945967, 5200.99790209038, 0.0035791444133333335, 51539607552.0, 'P2P', 'TP', 'INTRA', 4, 2, 3
'BWD_TP_COMM_INTRA_4', 'Comm', 5200.994322945967, 5200.99790209038, 0.0035791444133333335, 51539607552.0, 'P2P', 'TP', 'INTRA', 4, 2, 3
'BWD_TP_COMM_INTRA_5', 'Comm', 5200.994322945967, 5200.99790209038, 0.0035791444133333335, 51539607552.0, 'P2P', 'TP', 'INTRA', 4, 2, 3
'BWD_MHA', 'Compute', 5201.015797812447, 5226.864099064588, 25.84830125214084, 'NONE', 'NONE', 'NONE', 0
'BWD_TP_COMM_INTRA_0', 'Comm', 5226.864099064588, 5226.8676782090015, 0.0035791444133333335, 51539607552.0, 'P2P', 'TP', 'INTRA', 4, 2, 3
'BWD_TP_COMM_INTRA_1', 'Comm', 5226.864099064588, 5226.8676782090015, 0.0035791444133333335, 51539607552.0, 'P2P', 'TP', 'INTRA', 4, 2, 3
'BWD_TP_COMM_INTRA_2', 'Comm', 5226.864099064588, 5226.8676782090015, 0.0035791444133333335, 51539607552.0, 'P2P', 'TP', 'INTRA', 4, 2, 3
'BWD_TP_COMM_INTRA_3', 'Comm', 5226.864099064588, 5226.8676782090015, 0.0035791444133333335, 51539607552.0, 'P2P', 'TP', 'INTRA', 4, 2, 3
'BWD_TP_COMM_INTRA_4', 'Comm', 5226.864099064588, 5226.8676782090015, 0.0035791444133333335, 51539607552.0, 'P2P', 'TP', 'INTRA', 4, 2, 3
'BWD_TP_COMM_INTRA_5', 'Comm', 5226.864099064588, 5226.8676782090015, 0.0035791444133333335, 51539607552.0, 'P2P', 'TP', 'INTRA', 4, 2, 3
'BWD_FFN', 'Compute', 5226.885573931068, 5234.33416780374, 7.4485938726711, 'NONE', 'NONE', 'NONE', 0
'BWD_TP_COMM_INTRA_0', 'Comm', 5234.33416780374, 5234.337746948153, 0.0035791444133333335, 51539607552.0, 'P2P', 'TP', 'INTRA', 4, 2, 3
'BWD_TP_COMM_INTRA_1', 'Comm', 5234.33416780374, 5234.337746948153, 0.0035791444133333335, 51539607552.0, 'P2P', 'TP', 'INTRA', 4, 2, 3
'BWD_TP_COMM_INTRA_2', 'Comm', 5234.33416780374, 5234.337746948153, 0.0035791444133333335, 51539607552.0, 'P2P', 'TP', 'INTRA', 4, 2, 3
'BWD_TP_COMM_INTRA_3', 'Comm', 5234.33416780374, 5234.337746948153, 0.0035791444133333335, 51539607552.0, 'P2P', 'TP', 'INTRA', 4, 2, 3
'BWD_TP_COMM_INTRA_4', 'Comm', 5234.33416780374, 5234.337746948153, 0.0035791444133333335, 51539607552.0, 'P2P', 'TP', 'INTRA', 4, 2, 3
'BWD_TP_COMM_INTRA_5', 'Comm', 5234.33416780374, 5234.337746948153, 0.0035791444133333335, 51539607552.0, 'P2P', 'TP', 'INTRA', 4, 2, 3
'BWD_MHA', 'Compute', 5234.35564267022, 5260.203943922361, 25.84830125214084, 'NONE', 'NONE', 'NONE', 0
'BWD_TP_COMM_INTRA_0', 'Comm', 5260.203943922361, 5260.207523066774, 0.0035791444133333335, 51539607552.0, 'P2P', 'TP', 'INTRA', 4, 2, 3
'BWD_TP_COMM_INTRA_1', 'Comm', 5260.203943922361, 5260.207523066774, 0.0035791444133333335, 51539607552.0, 'P2P', 'TP', 'INTRA', 4, 2, 3
'BWD_TP_COMM_INTRA_2', 'Comm', 5260.203943922361, 5260.207523066774, 0.0035791444133333335, 51539607552.0, 'P2P', 'TP', 'INTRA', 4, 2, 3
'BWD_TP_COMM_INTRA_3', 'Comm', 5260.203943922361, 5260.207523066774, 0.0035791444133333335, 51539607552.0, 'P2P', 'TP', 'INTRA', 4, 2, 3
'BWD_TP_COMM_INTRA_4', 'Comm', 5260.203943922361, 5260.207523066774, 0.0035791444133333335, 51539607552.0, 'P2P', 'TP', 'INTRA', 4, 2, 3
'BWD_TP_COMM_INTRA_5', 'Comm', 5260.203943922361, 5260.207523066774, 0.0035791444133333335, 51539607552.0, 'P2P', 'TP', 'INTRA', 4, 2, 3
'BWD_FFN', 'Compute', 5260.225418788841, 5267.674012661512, 7.4485938726711, 'NONE', 'NONE', 'NONE', 0
'BWD_TP_COMM_INTRA_0', 'Comm', 5267.674012661512, 5267.677591805926, 0.0035791444133333335, 51539607552.0, 'P2P', 'TP', 'INTRA', 4, 2, 3
'BWD_TP_COMM_INTRA_1', 'Comm', 5267.674012661512, 5267.677591805926, 0.0035791444133333335, 51539607552.0, 'P2P', 'TP', 'INTRA', 4, 2, 3
'BWD_TP_COMM_INTRA_2', 'Comm', 5267.674012661512, 5267.677591805926, 0.0035791444133333335, 51539607552.0, 'P2P', 'TP', 'INTRA', 4, 2, 3
'BWD_TP_COMM_INTRA_3', 'Comm', 5267.674012661512, 5267.677591805926, 0.0035791444133333335, 51539607552.0, 'P2P', 'TP', 'INTRA', 4, 2, 3
'BWD_TP_COMM_INTRA_4', 'Comm', 5267.674012661512, 5267.677591805926, 0.0035791444133333335, 51539607552.0, 'P2P', 'TP', 'INTRA', 4, 2, 3
'BWD_TP_COMM_INTRA_5', 'Comm', 5267.674012661512, 5267.677591805926, 0.0035791444133333335, 51539607552.0, 'P2P', 'TP', 'INTRA', 4, 2, 3
'BWD_MHA', 'Compute', 5267.695487527993, 5293.543788780134, 25.84830125214084, 'NONE', 'NONE', 'NONE', 0
'BWD_TP_COMM_INTRA_0', 'Comm', 5293.543788780134, 5293.547367924547, 0.0035791444133333335, 51539607552.0, 'P2P', 'TP', 'INTRA', 4, 2, 3
'BWD_TP_COMM_INTRA_1', 'Comm', 5293.543788780134, 5293.547367924547, 0.0035791444133333335, 51539607552.0, 'P2P', 'TP', 'INTRA', 4, 2, 3
'BWD_TP_COMM_INTRA_2', 'Comm', 5293.543788780134, 5293.547367924547, 0.0035791444133333335, 51539607552.0, 'P2P', 'TP', 'INTRA', 4, 2, 3
'BWD_TP_COMM_INTRA_3', 'Comm', 5293.543788780134, 5293.547367924547, 0.0035791444133333335, 51539607552.0, 'P2P', 'TP', 'INTRA', 4, 2, 3
'BWD_TP_COMM_INTRA_4', 'Comm', 5293.543788780134, 5293.547367924547, 0.0035791444133333335, 51539607552.0, 'P2P', 'TP', 'INTRA', 4, 2, 3
'BWD_TP_COMM_INTRA_5', 'Comm', 5293.543788780134, 5293.547367924547, 0.0035791444133333335, 51539607552.0, 'P2P', 'TP', 'INTRA', 4, 2, 3
'BWD_FFN', 'Compute', 5293.565263646614, 5301.013857519285, 7.4485938726711, 'NONE', 'NONE', 'NONE', 0
'BWD_TP_COMM_INTRA_0', 'Comm', 5301.013857519285, 5301.017436663698, 0.0035791444133333335, 51539607552.0, 'P2P', 'TP', 'INTRA', 4, 2, 3
'BWD_TP_COMM_INTRA_1', 'Comm', 5301.013857519285, 5301.017436663698, 0.0035791444133333335, 51539607552.0, 'P2P', 'TP', 'INTRA', 4, 2, 3
'BWD_TP_COMM_INTRA_2', 'Comm', 5301.013857519285, 5301.017436663698, 0.0035791444133333335, 51539607552.0, 'P2P', 'TP', 'INTRA', 4, 2, 3
'BWD_TP_COMM_INTRA_3', 'Comm', 5301.013857519285, 5301.017436663698, 0.0035791444133333335, 51539607552.0, 'P2P', 'TP', 'INTRA', 4, 2, 3
'BWD_TP_COMM_INTRA_4', 'Comm', 5301.013857519285, 5301.017436663698, 0.0035791444133333335, 51539607552.0, 'P2P', 'TP', 'INTRA', 4, 2, 3
'BWD_TP_COMM_INTRA_5', 'Comm', 5301.013857519285, 5301.017436663698, 0.0035791444133333335, 51539607552.0, 'P2P', 'TP', 'INTRA', 4, 2, 3
'BWD_MHA', 'Compute', 5301.035332385765, 5326.883633637906, 25.84830125214084, 'NONE', 'NONE', 'NONE', 0
'BWD_TP_COMM_INTRA_0', 'Comm', 5326.883633637906, 5326.88721278232, 0.0035791444133333335, 51539607552.0, 'P2P', 'TP', 'INTRA', 4, 2, 3
'BWD_TP_COMM_INTRA_1', 'Comm', 5326.883633637906, 5326.88721278232, 0.0035791444133333335, 51539607552.0, 'P2P', 'TP', 'INTRA', 4, 2, 3
'BWD_TP_COMM_INTRA_2', 'Comm', 5326.883633637906, 5326.88721278232, 0.0035791444133333335, 51539607552.0, 'P2P', 'TP', 'INTRA', 4, 2, 3
'BWD_TP_COMM_INTRA_3', 'Comm', 5326.883633637906, 5326.88721278232, 0.0035791444133333335, 51539607552.0, 'P2P', 'TP', 'INTRA', 4, 2, 3
'BWD_TP_COMM_INTRA_4', 'Comm', 5326.883633637906, 5326.88721278232, 0.0035791444133333335, 51539607552.0, 'P2P', 'TP', 'INTRA', 4, 2, 3
'BWD_TP_COMM_INTRA_5', 'Comm', 5326.883633637906, 5326.88721278232, 0.0035791444133333335, 51539607552.0, 'P2P', 'TP', 'INTRA', 4, 2, 3
'BWD_FFN', 'Compute', 5326.905108504387, 5334.353702377058, 7.4485938726711, 'NONE', 'NONE', 'NONE', 0
'BWD_TP_COMM_INTRA_0', 'Comm', 5334.353702377058, 5334.357281521471, 0.0035791444133333335, 51539607552.0, 'P2P', 'TP', 'INTRA', 4, 2, 3
'BWD_TP_COMM_INTRA_1', 'Comm', 5334.353702377058, 5334.357281521471, 0.0035791444133333335, 51539607552.0, 'P2P', 'TP', 'INTRA', 4, 2, 3
'BWD_TP_COMM_INTRA_2', 'Comm', 5334.353702377058, 5334.357281521471, 0.0035791444133333335, 51539607552.0, 'P2P', 'TP', 'INTRA', 4, 2, 3
'BWD_TP_COMM_INTRA_3', 'Comm', 5334.353702377058, 5334.357281521471, 0.0035791444133333335, 51539607552.0, 'P2P', 'TP', 'INTRA', 4, 2, 3
'BWD_TP_COMM_INTRA_4', 'Comm', 5334.353702377058, 5334.357281521471, 0.0035791444133333335, 51539607552.0, 'P2P', 'TP', 'INTRA', 4, 2, 3
'BWD_TP_COMM_INTRA_5', 'Comm', 5334.353702377058, 5334.357281521471, 0.0035791444133333335, 51539607552.0, 'P2P', 'TP', 'INTRA', 4, 2, 3
'BWD_MHA', 'Compute', 5334.375177243538, 5360.223478495679, 25.84830125214084, 'NONE', 'NONE', 'NONE', 0
'BWD_TP_COMM_INTRA_0', 'Comm', 5360.223478495679, 5360.227057640092, 0.0035791444133333335, 51539607552.0, 'P2P', 'TP', 'INTRA', 4, 2, 3
'BWD_TP_COMM_INTRA_1', 'Comm', 5360.223478495679, 5360.227057640092, 0.0035791444133333335, 51539607552.0, 'P2P', 'TP', 'INTRA', 4, 2, 3
'BWD_TP_COMM_INTRA_2', 'Comm', 5360.223478495679, 5360.227057640092, 0.0035791444133333335, 51539607552.0, 'P2P', 'TP', 'INTRA', 4, 2, 3
'BWD_TP_COMM_INTRA_3', 'Comm', 5360.223478495679, 5360.227057640092, 0.0035791444133333335, 51539607552.0, 'P2P', 'TP', 'INTRA', 4, 2, 3
'BWD_TP_COMM_INTRA_4', 'Comm', 5360.223478495679, 5360.227057640092, 0.0035791444133333335, 51539607552.0, 'P2P', 'TP', 'INTRA', 4, 2, 3
'BWD_TP_COMM_INTRA_5', 'Comm', 5360.223478495679, 5360.227057640092, 0.0035791444133333335, 51539607552.0, 'P2P', 'TP', 'INTRA', 4, 2, 3
'BWD_FFN', 'Compute', 5360.244953362159, 5367.6935472348305, 7.4485938726711, 'NONE', 'NONE', 'NONE', 0
'BWD_TP_COMM_INTRA_0', 'Comm', 5367.6935472348305, 5367.697126379244, 0.0035791444133333335, 51539607552.0, 'P2P', 'TP', 'INTRA', 4, 2, 3
'BWD_TP_COMM_INTRA_1', 'Comm', 5367.6935472348305, 5367.697126379244, 0.0035791444133333335, 51539607552.0, 'P2P', 'TP', 'INTRA', 4, 2, 3
'BWD_TP_COMM_INTRA_2', 'Comm', 5367.6935472348305, 5367.697126379244, 0.0035791444133333335, 51539607552.0, 'P2P', 'TP', 'INTRA', 4, 2, 3
'BWD_TP_COMM_INTRA_3', 'Comm', 5367.6935472348305, 5367.697126379244, 0.0035791444133333335, 51539607552.0, 'P2P', 'TP', 'INTRA', 4, 2, 3
'BWD_TP_COMM_INTRA_4', 'Comm', 5367.6935472348305, 5367.697126379244, 0.0035791444133333335, 51539607552.0, 'P2P', 'TP', 'INTRA', 4, 2, 3
'BWD_TP_COMM_INTRA_5', 'Comm', 5367.6935472348305, 5367.697126379244, 0.0035791444133333335, 51539607552.0, 'P2P', 'TP', 'INTRA', 4, 2, 3
'BWD_MHA', 'Compute', 5367.715022101311, 5393.563323353452, 25.84830125214084, 'NONE', 'NONE', 'NONE', 0
'BWD_TP_COMM_INTRA_0', 'Comm', 5393.563323353452, 5393.566902497865, 0.0035791444133333335, 51539607552.0, 'P2P', 'TP', 'INTRA', 4, 2, 3
'BWD_TP_COMM_INTRA_1', 'Comm', 5393.563323353452, 5393.566902497865, 0.0035791444133333335, 51539607552.0, 'P2P', 'TP', 'INTRA', 4, 2, 3
'BWD_TP_COMM_INTRA_2', 'Comm', 5393.563323353452, 5393.566902497865, 0.0035791444133333335, 51539607552.0, 'P2P', 'TP', 'INTRA', 4, 2, 3
'BWD_TP_COMM_INTRA_3', 'Comm', 5393.563323353452, 5393.566902497865, 0.0035791444133333335, 51539607552.0, 'P2P', 'TP', 'INTRA', 4, 2, 3
'BWD_TP_COMM_INTRA_4', 'Comm', 5393.563323353452, 5393.566902497865, 0.0035791444133333335, 51539607552.0, 'P2P', 'TP', 'INTRA', 4, 2, 3
'BWD_TP_COMM_INTRA_5', 'Comm', 5393.563323353452, 5393.566902497865, 0.0035791444133333335, 51539607552.0, 'P2P', 'TP', 'INTRA', 4, 2, 3
'BWD_FFN', 'Compute', 5393.584798219932, 5401.033392092603, 7.4485938726711, 'NONE', 'NONE', 'NONE', 0
'BWD_TP_COMM_INTRA_0', 'Comm', 5401.033392092603, 5401.036971237017, 0.0035791444133333335, 51539607552.0, 'P2P', 'TP', 'INTRA', 4, 2, 3
'BWD_TP_COMM_INTRA_1', 'Comm', 5401.033392092603, 5401.036971237017, 0.0035791444133333335, 51539607552.0, 'P2P', 'TP', 'INTRA', 4, 2, 3
'BWD_TP_COMM_INTRA_2', 'Comm', 5401.033392092603, 5401.036971237017, 0.0035791444133333335, 51539607552.0, 'P2P', 'TP', 'INTRA', 4, 2, 3
'BWD_TP_COMM_INTRA_3', 'Comm', 5401.033392092603, 5401.036971237017, 0.0035791444133333335, 51539607552.0, 'P2P', 'TP', 'INTRA', 4, 2, 3
'BWD_TP_COMM_INTRA_4', 'Comm', 5401.033392092603, 5401.036971237017, 0.0035791444133333335, 51539607552.0, 'P2P', 'TP', 'INTRA', 4, 2, 3
'BWD_TP_COMM_INTRA_5', 'Comm', 5401.033392092603, 5401.036971237017, 0.0035791444133333335, 51539607552.0, 'P2P', 'TP', 'INTRA', 4, 2, 3
'BWD_MHA', 'Compute', 5401.0548669590835, 5426.9031682112245, 25.84830125214084, 'NONE', 'NONE', 'NONE', 0
'BWD_TP_COMM_INTRA_0', 'Comm', 5426.9031682112245, 5426.906747355638, 0.0035791444133333335, 51539607552.0, 'P2P', 'TP', 'INTRA', 4, 2, 3
'BWD_TP_COMM_INTRA_1', 'Comm', 5426.9031682112245, 5426.906747355638, 0.0035791444133333335, 51539607552.0, 'P2P', 'TP', 'INTRA', 4, 2, 3
'BWD_TP_COMM_INTRA_2', 'Comm', 5426.9031682112245, 5426.906747355638, 0.0035791444133333335, 51539607552.0, 'P2P', 'TP', 'INTRA', 4, 2, 3
'BWD_TP_COMM_INTRA_3', 'Comm', 5426.9031682112245, 5426.906747355638, 0.0035791444133333335, 51539607552.0, 'P2P', 'TP', 'INTRA', 4, 2, 3
'BWD_TP_COMM_INTRA_4', 'Comm', 5426.9031682112245, 5426.906747355638, 0.0035791444133333335, 51539607552.0, 'P2P', 'TP', 'INTRA', 4, 2, 3
'BWD_TP_COMM_INTRA_5', 'Comm', 5426.9031682112245, 5426.906747355638, 0.0035791444133333335, 51539607552.0, 'P2P', 'TP', 'INTRA', 4, 2, 3
'BWD_FFN', 'Compute', 5426.924643077705, 5434.373236950376, 7.4485938726711, 'NONE', 'NONE', 'NONE', 0
'BWD_TP_COMM_INTRA_0', 'Comm', 5434.373236950376, 5434.376816094789, 0.0035791444133333335, 51539607552.0, 'P2P', 'TP', 'INTRA', 4, 2, 3
'BWD_TP_COMM_INTRA_1', 'Comm', 5434.373236950376, 5434.376816094789, 0.0035791444133333335, 51539607552.0, 'P2P', 'TP', 'INTRA', 4, 2, 3
'BWD_TP_COMM_INTRA_2', 'Comm', 5434.373236950376, 5434.376816094789, 0.0035791444133333335, 51539607552.0, 'P2P', 'TP', 'INTRA', 4, 2, 3
'BWD_TP_COMM_INTRA_3', 'Comm', 5434.373236950376, 5434.376816094789, 0.0035791444133333335, 51539607552.0, 'P2P', 'TP', 'INTRA', 4, 2, 3
'BWD_TP_COMM_INTRA_4', 'Comm', 5434.373236950376, 5434.376816094789, 0.0035791444133333335, 51539607552.0, 'P2P', 'TP', 'INTRA', 4, 2, 3
'BWD_TP_COMM_INTRA_5', 'Comm', 5434.373236950376, 5434.376816094789, 0.0035791444133333335, 51539607552.0, 'P2P', 'TP', 'INTRA', 4, 2, 3
'BWD_MHA', 'Compute', 5434.394711816856, 5460.243013068997, 25.84830125214084, 'NONE', 'NONE', 'NONE', 0
'BWD_TP_COMM_INTRA_0', 'Comm', 5460.243013068997, 5460.246592213411, 0.0035791444133333335, 51539607552.0, 'P2P', 'TP', 'INTRA', 4, 2, 3
'BWD_TP_COMM_INTRA_1', 'Comm', 5460.243013068997, 5460.246592213411, 0.0035791444133333335, 51539607552.0, 'P2P', 'TP', 'INTRA', 4, 2, 3
'BWD_TP_COMM_INTRA_2', 'Comm', 5460.243013068997, 5460.246592213411, 0.0035791444133333335, 51539607552.0, 'P2P', 'TP', 'INTRA', 4, 2, 3
'BWD_TP_COMM_INTRA_3', 'Comm', 5460.243013068997, 5460.246592213411, 0.0035791444133333335, 51539607552.0, 'P2P', 'TP', 'INTRA', 4, 2, 3
'BWD_TP_COMM_INTRA_4', 'Comm', 5460.243013068997, 5460.246592213411, 0.0035791444133333335, 51539607552.0, 'P2P', 'TP', 'INTRA', 4, 2, 3
'BWD_TP_COMM_INTRA_5', 'Comm', 5460.243013068997, 5460.246592213411, 0.0035791444133333335, 51539607552.0, 'P2P', 'TP', 'INTRA', 4, 2, 3
'BWD_FFN', 'Compute', 5460.2644879354775, 5467.713081808149, 7.4485938726711, 'NONE', 'NONE', 'NONE', 0
'BWD_TP_COMM_INTRA_0', 'Comm', 5467.713081808149, 5467.716660952562, 0.0035791444133333335, 51539607552.0, 'P2P', 'TP', 'INTRA', 4, 2, 3
'BWD_TP_COMM_INTRA_1', 'Comm', 5467.713081808149, 5467.716660952562, 0.0035791444133333335, 51539607552.0, 'P2P', 'TP', 'INTRA', 4, 2, 3
'BWD_TP_COMM_INTRA_2', 'Comm', 5467.713081808149, 5467.716660952562, 0.0035791444133333335, 51539607552.0, 'P2P', 'TP', 'INTRA', 4, 2, 3
'BWD_TP_COMM_INTRA_3', 'Comm', 5467.713081808149, 5467.716660952562, 0.0035791444133333335, 51539607552.0, 'P2P', 'TP', 'INTRA', 4, 2, 3
'BWD_TP_COMM_INTRA_4', 'Comm', 5467.713081808149, 5467.716660952562, 0.0035791444133333335, 51539607552.0, 'P2P', 'TP', 'INTRA', 4, 2, 3
'BWD_TP_COMM_INTRA_5', 'Comm', 5467.713081808149, 5467.716660952562, 0.0035791444133333335, 51539607552.0, 'P2P', 'TP', 'INTRA', 4, 2, 3
'BWD_MHA', 'Compute', 5467.734556674629, 5493.58285792677, 25.84830125214084, 'NONE', 'NONE', 'NONE', 0
'BWD_TP_COMM_INTRA_0', 'Comm', 5493.58285792677, 5493.586437071183, 0.0035791444133333335, 51539607552.0, 'P2P', 'TP', 'INTRA', 4, 2, 3
'BWD_TP_COMM_INTRA_1', 'Comm', 5493.58285792677, 5493.586437071183, 0.0035791444133333335, 51539607552.0, 'P2P', 'TP', 'INTRA', 4, 2, 3
'BWD_TP_COMM_INTRA_2', 'Comm', 5493.58285792677, 5493.586437071183, 0.0035791444133333335, 51539607552.0, 'P2P', 'TP', 'INTRA', 4, 2, 3
'BWD_TP_COMM_INTRA_3', 'Comm', 5493.58285792677, 5493.586437071183, 0.0035791444133333335, 51539607552.0, 'P2P', 'TP', 'INTRA', 4, 2, 3
'BWD_TP_COMM_INTRA_4', 'Comm', 5493.58285792677, 5493.586437071183, 0.0035791444133333335, 51539607552.0, 'P2P', 'TP', 'INTRA', 4, 2, 3
'BWD_TP_COMM_INTRA_5', 'Comm', 5493.58285792677, 5493.586437071183, 0.0035791444133333335, 51539607552.0, 'P2P', 'TP', 'INTRA', 4, 2, 3
'BWD_FFN', 'Compute', 5493.60433279325, 5501.052926665921, 7.4485938726711, 'NONE', 'NONE', 'NONE', 0
'BWD_TP_COMM_INTRA_0', 'Comm', 5501.052926665921, 5501.056505810335, 0.0035791444133333335, 51539607552.0, 'P2P', 'TP', 'INTRA', 4, 2, 3
'BWD_TP_COMM_INTRA_1', 'Comm', 5501.052926665921, 5501.056505810335, 0.0035791444133333335, 51539607552.0, 'P2P', 'TP', 'INTRA', 4, 2, 3
'BWD_TP_COMM_INTRA_2', 'Comm', 5501.052926665921, 5501.056505810335, 0.0035791444133333335, 51539607552.0, 'P2P', 'TP', 'INTRA', 4, 2, 3
'BWD_TP_COMM_INTRA_3', 'Comm', 5501.052926665921, 5501.056505810335, 0.0035791444133333335, 51539607552.0, 'P2P', 'TP', 'INTRA', 4, 2, 3
'BWD_TP_COMM_INTRA_4', 'Comm', 5501.052926665921, 5501.056505810335, 0.0035791444133333335, 51539607552.0, 'P2P', 'TP', 'INTRA', 4, 2, 3
'BWD_TP_COMM_INTRA_5', 'Comm', 5501.052926665921, 5501.056505810335, 0.0035791444133333335, 51539607552.0, 'P2P', 'TP', 'INTRA', 4, 2, 3
'BWD_MHA', 'Compute', 5501.074401532402, 5526.922702784543, 25.84830125214084, 'NONE', 'NONE', 'NONE', 0
'BWD_TP_COMM_INTRA_0', 'Comm', 5526.922702784543, 5526.926281928956, 0.0035791444133333335, 51539607552.0, 'P2P', 'TP', 'INTRA', 4, 2, 3
'BWD_TP_COMM_INTRA_1', 'Comm', 5526.922702784543, 5526.926281928956, 0.0035791444133333335, 51539607552.0, 'P2P', 'TP', 'INTRA', 4, 2, 3
'BWD_TP_COMM_INTRA_2', 'Comm', 5526.922702784543, 5526.926281928956, 0.0035791444133333335, 51539607552.0, 'P2P', 'TP', 'INTRA', 4, 2, 3
'BWD_TP_COMM_INTRA_3', 'Comm', 5526.922702784543, 5526.926281928956, 0.0035791444133333335, 51539607552.0, 'P2P', 'TP', 'INTRA', 4, 2, 3
'BWD_TP_COMM_INTRA_4', 'Comm', 5526.922702784543, 5526.926281928956, 0.0035791444133333335, 51539607552.0, 'P2P', 'TP', 'INTRA', 4, 2, 3
'BWD_TP_COMM_INTRA_5', 'Comm', 5526.922702784543, 5526.926281928956, 0.0035791444133333335, 51539607552.0, 'P2P', 'TP', 'INTRA', 4, 2, 3
'BWD_FFN', 'Compute', 5526.944177651023, 5534.392771523694, 7.4485938726711, 'NONE', 'NONE', 'NONE', 0
'BWD_TP_COMM_INTRA_0', 'Comm', 5534.392771523694, 5534.3963506681075, 0.0035791444133333335, 51539607552.0, 'P2P', 'TP', 'INTRA', 4, 2, 3
'BWD_TP_COMM_INTRA_1', 'Comm', 5534.392771523694, 5534.3963506681075, 0.0035791444133333335, 51539607552.0, 'P2P', 'TP', 'INTRA', 4, 2, 3
'BWD_TP_COMM_INTRA_2', 'Comm', 5534.392771523694, 5534.3963506681075, 0.0035791444133333335, 51539607552.0, 'P2P', 'TP', 'INTRA', 4, 2, 3
'BWD_TP_COMM_INTRA_3', 'Comm', 5534.392771523694, 5534.3963506681075, 0.0035791444133333335, 51539607552.0, 'P2P', 'TP', 'INTRA', 4, 2, 3
'BWD_TP_COMM_INTRA_4', 'Comm', 5534.392771523694, 5534.3963506681075, 0.0035791444133333335, 51539607552.0, 'P2P', 'TP', 'INTRA', 4, 2, 3
'BWD_TP_COMM_INTRA_5', 'Comm', 5534.392771523694, 5534.3963506681075, 0.0035791444133333335, 51539607552.0, 'P2P', 'TP', 'INTRA', 4, 2, 3
'BWD_MHA', 'Compute', 5534.414246390174, 5560.262547642315, 25.84830125214084, 'NONE', 'NONE', 'NONE', 0
'BWD_TP_COMM_INTRA_0', 'Comm', 5560.262547642315, 5560.266126786729, 0.0035791444133333335, 51539607552.0, 'P2P', 'TP', 'INTRA', 4, 2, 3
'BWD_TP_COMM_INTRA_1', 'Comm', 5560.262547642315, 5560.266126786729, 0.0035791444133333335, 51539607552.0, 'P2P', 'TP', 'INTRA', 4, 2, 3
'BWD_TP_COMM_INTRA_2', 'Comm', 5560.262547642315, 5560.266126786729, 0.0035791444133333335, 51539607552.0, 'P2P', 'TP', 'INTRA', 4, 2, 3
'BWD_TP_COMM_INTRA_3', 'Comm', 5560.262547642315, 5560.266126786729, 0.0035791444133333335, 51539607552.0, 'P2P', 'TP', 'INTRA', 4, 2, 3
'BWD_TP_COMM_INTRA_4', 'Comm', 5560.262547642315, 5560.266126786729, 0.0035791444133333335, 51539607552.0, 'P2P', 'TP', 'INTRA', 4, 2, 3
'BWD_TP_COMM_INTRA_5', 'Comm', 5560.262547642315, 5560.266126786729, 0.0035791444133333335, 51539607552.0, 'P2P', 'TP', 'INTRA', 4, 2, 3
'BWD_FFN', 'Compute', 5560.284022508796, 5567.732616381467, 7.4485938726711, 'NONE', 'NONE', 'NONE', 0
'BWD_TP_COMM_INTRA_0', 'Comm', 5567.732616381467, 5567.73619552588, 0.0035791444133333335, 51539607552.0, 'P2P', 'TP', 'INTRA', 4, 2, 3
'BWD_TP_COMM_INTRA_1', 'Comm', 5567.732616381467, 5567.73619552588, 0.0035791444133333335, 51539607552.0, 'P2P', 'TP', 'INTRA', 4, 2, 3
'BWD_TP_COMM_INTRA_2', 'Comm', 5567.732616381467, 5567.73619552588, 0.0035791444133333335, 51539607552.0, 'P2P', 'TP', 'INTRA', 4, 2, 3
'BWD_TP_COMM_INTRA_3', 'Comm', 5567.732616381467, 5567.73619552588, 0.0035791444133333335, 51539607552.0, 'P2P', 'TP', 'INTRA', 4, 2, 3
'BWD_TP_COMM_INTRA_4', 'Comm', 5567.732616381467, 5567.73619552588, 0.0035791444133333335, 51539607552.0, 'P2P', 'TP', 'INTRA', 4, 2, 3
'BWD_TP_COMM_INTRA_5', 'Comm', 5567.732616381467, 5567.73619552588, 0.0035791444133333335, 51539607552.0, 'P2P', 'TP', 'INTRA', 4, 2, 3
'BWD_MHA', 'Compute', 5567.754091247947, 5593.602392500088, 25.84830125214084, 'NONE', 'NONE', 'NONE', 0
'BWD_TP_COMM_INTRA_0', 'Comm', 5593.602392500088, 5593.605971644502, 0.0035791444133333335, 51539607552.0, 'P2P', 'TP', 'INTRA', 4, 2, 3
'BWD_TP_COMM_INTRA_1', 'Comm', 5593.602392500088, 5593.605971644502, 0.0035791444133333335, 51539607552.0, 'P2P', 'TP', 'INTRA', 4, 2, 3
'BWD_TP_COMM_INTRA_2', 'Comm', 5593.602392500088, 5593.605971644502, 0.0035791444133333335, 51539607552.0, 'P2P', 'TP', 'INTRA', 4, 2, 3
'BWD_TP_COMM_INTRA_3', 'Comm', 5593.602392500088, 5593.605971644502, 0.0035791444133333335, 51539607552.0, 'P2P', 'TP', 'INTRA', 4, 2, 3
'BWD_TP_COMM_INTRA_4', 'Comm', 5593.602392500088, 5593.605971644502, 0.0035791444133333335, 51539607552.0, 'P2P', 'TP', 'INTRA', 4, 2, 3
'BWD_TP_COMM_INTRA_5', 'Comm', 5593.602392500088, 5593.605971644502, 0.0035791444133333335, 51539607552.0, 'P2P', 'TP', 'INTRA', 4, 2, 3
'BWD_FFN', 'Compute', 5593.623867366568, 5601.07246123924, 7.4485938726711, 'NONE', 'NONE', 'NONE', 0
'BWD_TP_COMM_INTRA_0', 'Comm', 5601.07246123924, 5601.076040383653, 0.0035791444133333335, 51539607552.0, 'P2P', 'TP', 'INTRA', 4, 2, 3
'BWD_TP_COMM_INTRA_1', 'Comm', 5601.07246123924, 5601.076040383653, 0.0035791444133333335, 51539607552.0, 'P2P', 'TP', 'INTRA', 4, 2, 3
'BWD_TP_COMM_INTRA_2', 'Comm', 5601.07246123924, 5601.076040383653, 0.0035791444133333335, 51539607552.0, 'P2P', 'TP', 'INTRA', 4, 2, 3
'BWD_TP_COMM_INTRA_3', 'Comm', 5601.07246123924, 5601.076040383653, 0.0035791444133333335, 51539607552.0, 'P2P', 'TP', 'INTRA', 4, 2, 3
'BWD_TP_COMM_INTRA_4', 'Comm', 5601.07246123924, 5601.076040383653, 0.0035791444133333335, 51539607552.0, 'P2P', 'TP', 'INTRA', 4, 2, 3
'BWD_TP_COMM_INTRA_5', 'Comm', 5601.07246123924, 5601.076040383653, 0.0035791444133333335, 51539607552.0, 'P2P', 'TP', 'INTRA', 4, 2, 3
'BWD_MHA', 'Compute', 5601.09393610572, 5626.942237357861, 25.84830125214084, 'NONE', 'NONE', 'NONE', 0
'BWD_TP_COMM_INTRA_0', 'Comm', 5626.942237357861, 5626.945816502274, 0.0035791444133333335, 51539607552.0, 'P2P', 'TP', 'INTRA', 4, 2, 3
'BWD_TP_COMM_INTRA_1', 'Comm', 5626.942237357861, 5626.945816502274, 0.0035791444133333335, 51539607552.0, 'P2P', 'TP', 'INTRA', 4, 2, 3
'BWD_TP_COMM_INTRA_2', 'Comm', 5626.942237357861, 5626.945816502274, 0.0035791444133333335, 51539607552.0, 'P2P', 'TP', 'INTRA', 4, 2, 3
'BWD_TP_COMM_INTRA_3', 'Comm', 5626.942237357861, 5626.945816502274, 0.0035791444133333335, 51539607552.0, 'P2P', 'TP', 'INTRA', 4, 2, 3
'BWD_TP_COMM_INTRA_4', 'Comm', 5626.942237357861, 5626.945816502274, 0.0035791444133333335, 51539607552.0, 'P2P', 'TP', 'INTRA', 4, 2, 3
'BWD_TP_COMM_INTRA_5', 'Comm', 5626.942237357861, 5626.945816502274, 0.0035791444133333335, 51539607552.0, 'P2P', 'TP', 'INTRA', 4, 2, 3
'BWD_FFN', 'Compute', 5626.963712224341, 5634.412306097012, 7.4485938726711, 'NONE', 'NONE', 'NONE', 0
'BWD_TP_COMM_INTRA_0', 'Comm', 5634.412306097012, 5634.415885241426, 0.0035791444133333335, 51539607552.0, 'P2P', 'TP', 'INTRA', 4, 2, 3
'BWD_TP_COMM_INTRA_1', 'Comm', 5634.412306097012, 5634.415885241426, 0.0035791444133333335, 51539607552.0, 'P2P', 'TP', 'INTRA', 4, 2, 3
'BWD_TP_COMM_INTRA_2', 'Comm', 5634.412306097012, 5634.415885241426, 0.0035791444133333335, 51539607552.0, 'P2P', 'TP', 'INTRA', 4, 2, 3
'BWD_TP_COMM_INTRA_3', 'Comm', 5634.412306097012, 5634.415885241426, 0.0035791444133333335, 51539607552.0, 'P2P', 'TP', 'INTRA', 4, 2, 3
'BWD_TP_COMM_INTRA_4', 'Comm', 5634.412306097012, 5634.415885241426, 0.0035791444133333335, 51539607552.0, 'P2P', 'TP', 'INTRA', 4, 2, 3
'BWD_TP_COMM_INTRA_5', 'Comm', 5634.412306097012, 5634.415885241426, 0.0035791444133333335, 51539607552.0, 'P2P', 'TP', 'INTRA', 4, 2, 3
'BWD_MHA', 'Compute', 5634.433780963493, 5660.282082215634, 25.84830125214084, 'NONE', 'NONE', 'NONE', 0
'BWD_TP_COMM_INTRA_0', 'Comm', 5660.282082215634, 5660.285661360047, 0.0035791444133333335, 51539607552.0, 'P2P', 'TP', 'INTRA', 4, 2, 3
'BWD_TP_COMM_INTRA_1', 'Comm', 5660.282082215634, 5660.285661360047, 0.0035791444133333335, 51539607552.0, 'P2P', 'TP', 'INTRA', 4, 2, 3
'BWD_TP_COMM_INTRA_2', 'Comm', 5660.282082215634, 5660.285661360047, 0.0035791444133333335, 51539607552.0, 'P2P', 'TP', 'INTRA', 4, 2, 3
'BWD_TP_COMM_INTRA_3', 'Comm', 5660.282082215634, 5660.285661360047, 0.0035791444133333335, 51539607552.0, 'P2P', 'TP', 'INTRA', 4, 2, 3
'BWD_TP_COMM_INTRA_4', 'Comm', 5660.282082215634, 5660.285661360047, 0.0035791444133333335, 51539607552.0, 'P2P', 'TP', 'INTRA', 4, 2, 3
'BWD_TP_COMM_INTRA_5', 'Comm', 5660.282082215634, 5660.285661360047, 0.0035791444133333335, 51539607552.0, 'P2P', 'TP', 'INTRA', 4, 2, 3
'BWD_FFN', 'Compute', 5660.303557082114, 5667.752150954785, 7.4485938726711, 'NONE', 'NONE', 'NONE', 0
'BWD_TP_COMM_INTRA_0', 'Comm', 5667.752150954785, 5667.755730099198, 0.0035791444133333335, 51539607552.0, 'P2P', 'TP', 'INTRA', 4, 2, 3
'BWD_TP_COMM_INTRA_1', 'Comm', 5667.752150954785, 5667.755730099198, 0.0035791444133333335, 51539607552.0, 'P2P', 'TP', 'INTRA', 4, 2, 3
'BWD_TP_COMM_INTRA_2', 'Comm', 5667.752150954785, 5667.755730099198, 0.0035791444133333335, 51539607552.0, 'P2P', 'TP', 'INTRA', 4, 2, 3
'BWD_TP_COMM_INTRA_3', 'Comm', 5667.752150954785, 5667.755730099198, 0.0035791444133333335, 51539607552.0, 'P2P', 'TP', 'INTRA', 4, 2, 3
'BWD_TP_COMM_INTRA_4', 'Comm', 5667.752150954785, 5667.755730099198, 0.0035791444133333335, 51539607552.0, 'P2P', 'TP', 'INTRA', 4, 2, 3
'BWD_TP_COMM_INTRA_5', 'Comm', 5667.752150954785, 5667.755730099198, 0.0035791444133333335, 51539607552.0, 'P2P', 'TP', 'INTRA', 4, 2, 3
'BWD_MHA', 'Compute', 5667.773625821265, 5693.621927073406, 25.84830125214084, 'NONE', 'NONE', 'NONE', 0
'BWD_TP_COMM_INTRA_0', 'Comm', 5693.621927073406, 5693.62550621782, 0.0035791444133333335, 51539607552.0, 'P2P', 'TP', 'INTRA', 4, 2, 3
'BWD_TP_COMM_INTRA_1', 'Comm', 5693.621927073406, 5693.62550621782, 0.0035791444133333335, 51539607552.0, 'P2P', 'TP', 'INTRA', 4, 2, 3
'BWD_TP_COMM_INTRA_2', 'Comm', 5693.621927073406, 5693.62550621782, 0.0035791444133333335, 51539607552.0, 'P2P', 'TP', 'INTRA', 4, 2, 3
'BWD_TP_COMM_INTRA_3', 'Comm', 5693.621927073406, 5693.62550621782, 0.0035791444133333335, 51539607552.0, 'P2P', 'TP', 'INTRA', 4, 2, 3
'BWD_TP_COMM_INTRA_4', 'Comm', 5693.621927073406, 5693.62550621782, 0.0035791444133333335, 51539607552.0, 'P2P', 'TP', 'INTRA', 4, 2, 3
'BWD_TP_COMM_INTRA_5', 'Comm', 5693.621927073406, 5693.62550621782, 0.0035791444133333335, 51539607552.0, 'P2P', 'TP', 'INTRA', 4, 2, 3
'BWD_FFN', 'Compute', 5693.643401939887, 5701.091995812558, 7.4485938726711, 'NONE', 'NONE', 'NONE', 0
'BWD_TP_COMM_INTRA_0', 'Comm', 5701.091995812558, 5701.095574956971, 0.0035791444133333335, 51539607552.0, 'P2P', 'TP', 'INTRA', 4, 2, 3
'BWD_TP_COMM_INTRA_1', 'Comm', 5701.091995812558, 5701.095574956971, 0.0035791444133333335, 51539607552.0, 'P2P', 'TP', 'INTRA', 4, 2, 3
'BWD_TP_COMM_INTRA_2', 'Comm', 5701.091995812558, 5701.095574956971, 0.0035791444133333335, 51539607552.0, 'P2P', 'TP', 'INTRA', 4, 2, 3
'BWD_TP_COMM_INTRA_3', 'Comm', 5701.091995812558, 5701.095574956971, 0.0035791444133333335, 51539607552.0, 'P2P', 'TP', 'INTRA', 4, 2, 3
'BWD_TP_COMM_INTRA_4', 'Comm', 5701.091995812558, 5701.095574956971, 0.0035791444133333335, 51539607552.0, 'P2P', 'TP', 'INTRA', 4, 2, 3
'BWD_TP_COMM_INTRA_5', 'Comm', 5701.091995812558, 5701.095574956971, 0.0035791444133333335, 51539607552.0, 'P2P', 'TP', 'INTRA', 4, 2, 3
'BWD_MHA', 'Compute', 5701.113470679038, 5726.961771931179, 25.84830125214084, 'NONE', 'NONE', 'NONE', 0
'BWD_TP_COMM_INTRA_0', 'Comm', 5726.961771931179, 5726.9653510755925, 0.0035791444133333335, 51539607552.0, 'P2P', 'TP', 'INTRA', 4, 2, 3
'BWD_TP_COMM_INTRA_1', 'Comm', 5726.961771931179, 5726.9653510755925, 0.0035791444133333335, 51539607552.0, 'P2P', 'TP', 'INTRA', 4, 2, 3
'BWD_TP_COMM_INTRA_2', 'Comm', 5726.961771931179, 5726.9653510755925, 0.0035791444133333335, 51539607552.0, 'P2P', 'TP', 'INTRA', 4, 2, 3
'BWD_TP_COMM_INTRA_3', 'Comm', 5726.961771931179, 5726.9653510755925, 0.0035791444133333335, 51539607552.0, 'P2P', 'TP', 'INTRA', 4, 2, 3
'BWD_TP_COMM_INTRA_4', 'Comm', 5726.961771931179, 5726.9653510755925, 0.0035791444133333335, 51539607552.0, 'P2P', 'TP', 'INTRA', 4, 2, 3
'BWD_TP_COMM_INTRA_5', 'Comm', 5726.961771931179, 5726.9653510755925, 0.0035791444133333335, 51539607552.0, 'P2P', 'TP', 'INTRA', 4, 2, 3
'BWD_FFN', 'Compute', 5726.983246797659, 5734.4318406703305, 7.4485938726711, 'NONE', 'NONE', 'NONE', 0
'BWD_TP_COMM_INTRA_0', 'Comm', 5734.4318406703305, 5734.435419814744, 0.0035791444133333335, 51539607552.0, 'P2P', 'TP', 'INTRA', 4, 2, 3
'BWD_TP_COMM_INTRA_1', 'Comm', 5734.4318406703305, 5734.435419814744, 0.0035791444133333335, 51539607552.0, 'P2P', 'TP', 'INTRA', 4, 2, 3
'BWD_TP_COMM_INTRA_2', 'Comm', 5734.4318406703305, 5734.435419814744, 0.0035791444133333335, 51539607552.0, 'P2P', 'TP', 'INTRA', 4, 2, 3
'BWD_TP_COMM_INTRA_3', 'Comm', 5734.4318406703305, 5734.435419814744, 0.0035791444133333335, 51539607552.0, 'P2P', 'TP', 'INTRA', 4, 2, 3
'BWD_TP_COMM_INTRA_4', 'Comm', 5734.4318406703305, 5734.435419814744, 0.0035791444133333335, 51539607552.0, 'P2P', 'TP', 'INTRA', 4, 2, 3
'BWD_TP_COMM_INTRA_5', 'Comm', 5734.4318406703305, 5734.435419814744, 0.0035791444133333335, 51539607552.0, 'P2P', 'TP', 'INTRA', 4, 2, 3
'BWD_MHA', 'Compute', 5734.453315536811, 5760.301616788952, 25.84830125214084, 'NONE', 'NONE', 'NONE', 0
'BWD_TP_COMM_INTRA_0', 'Comm', 5760.301616788952, 5760.305195933365, 0.0035791444133333335, 51539607552.0, 'P2P', 'TP', 'INTRA', 4, 2, 3
'BWD_TP_COMM_INTRA_1', 'Comm', 5760.301616788952, 5760.305195933365, 0.0035791444133333335, 51539607552.0, 'P2P', 'TP', 'INTRA', 4, 2, 3
'BWD_TP_COMM_INTRA_2', 'Comm', 5760.301616788952, 5760.305195933365, 0.0035791444133333335, 51539607552.0, 'P2P', 'TP', 'INTRA', 4, 2, 3
'BWD_TP_COMM_INTRA_3', 'Comm', 5760.301616788952, 5760.305195933365, 0.0035791444133333335, 51539607552.0, 'P2P', 'TP', 'INTRA', 4, 2, 3
'BWD_TP_COMM_INTRA_4', 'Comm', 5760.301616788952, 5760.305195933365, 0.0035791444133333335, 51539607552.0, 'P2P', 'TP', 'INTRA', 4, 2, 3
'BWD_TP_COMM_INTRA_5', 'Comm', 5760.301616788952, 5760.305195933365, 0.0035791444133333335, 51539607552.0, 'P2P', 'TP', 'INTRA', 4, 2, 3
'BWD_FFN', 'Compute', 5760.323091655432, 5767.771685528103, 7.4485938726711, 'NONE', 'NONE', 'NONE', 0
'BWD_TP_COMM_INTRA_0', 'Comm', 5767.771685528103, 5767.775264672517, 0.0035791444133333335, 51539607552.0, 'P2P', 'TP', 'INTRA', 4, 2, 3
'BWD_TP_COMM_INTRA_1', 'Comm', 5767.771685528103, 5767.775264672517, 0.0035791444133333335, 51539607552.0, 'P2P', 'TP', 'INTRA', 4, 2, 3
'BWD_TP_COMM_INTRA_2', 'Comm', 5767.771685528103, 5767.775264672517, 0.0035791444133333335, 51539607552.0, 'P2P', 'TP', 'INTRA', 4, 2, 3
'BWD_TP_COMM_INTRA_3', 'Comm', 5767.771685528103, 5767.775264672517, 0.0035791444133333335, 51539607552.0, 'P2P', 'TP', 'INTRA', 4, 2, 3
'BWD_TP_COMM_INTRA_4', 'Comm', 5767.771685528103, 5767.775264672517, 0.0035791444133333335, 51539607552.0, 'P2P', 'TP', 'INTRA', 4, 2, 3
'BWD_TP_COMM_INTRA_5', 'Comm', 5767.771685528103, 5767.775264672517, 0.0035791444133333335, 51539607552.0, 'P2P', 'TP', 'INTRA', 4, 2, 3
'BWD_MHA', 'Compute', 5767.7931603945835, 5793.641461646725, 25.84830125214084, 'NONE', 'NONE', 'NONE', 0
'BWD_TP_COMM_INTRA_0', 'Comm', 5793.641461646725, 5793.645040791138, 0.0035791444133333335, 51539607552.0, 'P2P', 'TP', 'INTRA', 4, 2, 3
'BWD_TP_COMM_INTRA_1', 'Comm', 5793.641461646725, 5793.645040791138, 0.0035791444133333335, 51539607552.0, 'P2P', 'TP', 'INTRA', 4, 2, 3
'BWD_TP_COMM_INTRA_2', 'Comm', 5793.641461646725, 5793.645040791138, 0.0035791444133333335, 51539607552.0, 'P2P', 'TP', 'INTRA', 4, 2, 3
'BWD_TP_COMM_INTRA_3', 'Comm', 5793.641461646725, 5793.645040791138, 0.0035791444133333335, 51539607552.0, 'P2P', 'TP', 'INTRA', 4, 2, 3
'BWD_TP_COMM_INTRA_4', 'Comm', 5793.641461646725, 5793.645040791138, 0.0035791444133333335, 51539607552.0, 'P2P', 'TP', 'INTRA', 4, 2, 3
'BWD_TP_COMM_INTRA_5', 'Comm', 5793.641461646725, 5793.645040791138, 0.0035791444133333335, 51539607552.0, 'P2P', 'TP', 'INTRA', 4, 2, 3
'BWD_FFN', 'Compute', 5793.662936513205, 5801.111530385876, 7.4485938726711, 'NONE', 'NONE', 'NONE', 0
'BWD_TP_COMM_INTRA_0', 'Comm', 5801.111530385876, 5801.115109530289, 0.0035791444133333335, 51539607552.0, 'P2P', 'TP', 'INTRA', 4, 2, 3
'BWD_TP_COMM_INTRA_1', 'Comm', 5801.111530385876, 5801.115109530289, 0.0035791444133333335, 51539607552.0, 'P2P', 'TP', 'INTRA', 4, 2, 3
'BWD_TP_COMM_INTRA_2', 'Comm', 5801.111530385876, 5801.115109530289, 0.0035791444133333335, 51539607552.0, 'P2P', 'TP', 'INTRA', 4, 2, 3
'BWD_TP_COMM_INTRA_3', 'Comm', 5801.111530385876, 5801.115109530289, 0.0035791444133333335, 51539607552.0, 'P2P', 'TP', 'INTRA', 4, 2, 3
'BWD_TP_COMM_INTRA_4', 'Comm', 5801.111530385876, 5801.115109530289, 0.0035791444133333335, 51539607552.0, 'P2P', 'TP', 'INTRA', 4, 2, 3
'BWD_TP_COMM_INTRA_5', 'Comm', 5801.111530385876, 5801.115109530289, 0.0035791444133333335, 51539607552.0, 'P2P', 'TP', 'INTRA', 4, 2, 3
'BWD_MHA', 'Compute', 5801.133005252356, 5826.981306504497, 25.84830125214084, 'NONE', 'NONE', 'NONE', 0
'BWD_TP_COMM_INTRA_0', 'Comm', 5826.981306504497, 5826.984885648911, 0.0035791444133333335, 51539607552.0, 'P2P', 'TP', 'INTRA', 4, 2, 3
'BWD_TP_COMM_INTRA_1', 'Comm', 5826.981306504497, 5826.984885648911, 0.0035791444133333335, 51539607552.0, 'P2P', 'TP', 'INTRA', 4, 2, 3
'BWD_TP_COMM_INTRA_2', 'Comm', 5826.981306504497, 5826.984885648911, 0.0035791444133333335, 51539607552.0, 'P2P', 'TP', 'INTRA', 4, 2, 3
'BWD_TP_COMM_INTRA_3', 'Comm', 5826.981306504497, 5826.984885648911, 0.0035791444133333335, 51539607552.0, 'P2P', 'TP', 'INTRA', 4, 2, 3
'BWD_TP_COMM_INTRA_4', 'Comm', 5826.981306504497, 5826.984885648911, 0.0035791444133333335, 51539607552.0, 'P2P', 'TP', 'INTRA', 4, 2, 3
'BWD_TP_COMM_INTRA_5', 'Comm', 5826.981306504497, 5826.984885648911, 0.0035791444133333335, 51539607552.0, 'P2P', 'TP', 'INTRA', 4, 2, 3
'BWD_FFN', 'Compute', 5827.002781370978, 5834.451375243649, 7.4485938726711, 'NONE', 'NONE', 'NONE', 0
'BWD_TP_COMM_INTRA_0', 'Comm', 5834.451375243649, 5834.454954388062, 0.0035791444133333335, 51539607552.0, 'P2P', 'TP', 'INTRA', 4, 2, 3
'BWD_TP_COMM_INTRA_1', 'Comm', 5834.451375243649, 5834.454954388062, 0.0035791444133333335, 51539607552.0, 'P2P', 'TP', 'INTRA', 4, 2, 3
'BWD_TP_COMM_INTRA_2', 'Comm', 5834.451375243649, 5834.454954388062, 0.0035791444133333335, 51539607552.0, 'P2P', 'TP', 'INTRA', 4, 2, 3
'BWD_TP_COMM_INTRA_3', 'Comm', 5834.451375243649, 5834.454954388062, 0.0035791444133333335, 51539607552.0, 'P2P', 'TP', 'INTRA', 4, 2, 3
'BWD_TP_COMM_INTRA_4', 'Comm', 5834.451375243649, 5834.454954388062, 0.0035791444133333335, 51539607552.0, 'P2P', 'TP', 'INTRA', 4, 2, 3
'BWD_TP_COMM_INTRA_5', 'Comm', 5834.451375243649, 5834.454954388062, 0.0035791444133333335, 51539607552.0, 'P2P', 'TP', 'INTRA', 4, 2, 3
'BWD_MHA', 'Compute', 5834.472850110129, 5860.32115136227, 25.84830125214084, 'NONE', 'NONE', 'NONE', 0
'BWD_TP_COMM_INTRA_0', 'Comm', 5860.32115136227, 5860.324730506683, 0.0035791444133333335, 51539607552.0, 'P2P', 'TP', 'INTRA', 4, 2, 3
'BWD_TP_COMM_INTRA_1', 'Comm', 5860.32115136227, 5860.324730506683, 0.0035791444133333335, 51539607552.0, 'P2P', 'TP', 'INTRA', 4, 2, 3
'BWD_TP_COMM_INTRA_2', 'Comm', 5860.32115136227, 5860.324730506683, 0.0035791444133333335, 51539607552.0, 'P2P', 'TP', 'INTRA', 4, 2, 3
'BWD_TP_COMM_INTRA_3', 'Comm', 5860.32115136227, 5860.324730506683, 0.0035791444133333335, 51539607552.0, 'P2P', 'TP', 'INTRA', 4, 2, 3
'BWD_TP_COMM_INTRA_4', 'Comm', 5860.32115136227, 5860.324730506683, 0.0035791444133333335, 51539607552.0, 'P2P', 'TP', 'INTRA', 4, 2, 3
'BWD_TP_COMM_INTRA_5', 'Comm', 5860.32115136227, 5860.324730506683, 0.0035791444133333335, 51539607552.0, 'P2P', 'TP', 'INTRA', 4, 2, 3
'BWD_FFN', 'Compute', 5860.34262622875, 5867.7912201014215, 7.4485938726711, 'NONE', 'NONE', 'NONE', 0
'BWD_TP_COMM_INTRA_0', 'Comm', 5867.7912201014215, 5867.794799245835, 0.0035791444133333335, 51539607552.0, 'P2P', 'TP', 'INTRA', 4, 2, 3
'BWD_TP_COMM_INTRA_1', 'Comm', 5867.7912201014215, 5867.794799245835, 0.0035791444133333335, 51539607552.0, 'P2P', 'TP', 'INTRA', 4, 2, 3
'BWD_TP_COMM_INTRA_2', 'Comm', 5867.7912201014215, 5867.794799245835, 0.0035791444133333335, 51539607552.0, 'P2P', 'TP', 'INTRA', 4, 2, 3
'BWD_TP_COMM_INTRA_3', 'Comm', 5867.7912201014215, 5867.794799245835, 0.0035791444133333335, 51539607552.0, 'P2P', 'TP', 'INTRA', 4, 2, 3
'BWD_TP_COMM_INTRA_4', 'Comm', 5867.7912201014215, 5867.794799245835, 0.0035791444133333335, 51539607552.0, 'P2P', 'TP', 'INTRA', 4, 2, 3
'BWD_TP_COMM_INTRA_5', 'Comm', 5867.7912201014215, 5867.794799245835, 0.0035791444133333335, 51539607552.0, 'P2P', 'TP', 'INTRA', 4, 2, 3
'BWD_MHA', 'Compute', 5867.812694967902, 5893.660996220043, 25.84830125214084, 'NONE', 'NONE', 'NONE', 0
'BWD_TP_COMM_INTRA_0', 'Comm', 5893.660996220043, 5893.664575364456, 0.0035791444133333335, 51539607552.0, 'P2P', 'TP', 'INTRA', 4, 2, 3
'BWD_TP_COMM_INTRA_1', 'Comm', 5893.660996220043, 5893.664575364456, 0.0035791444133333335, 51539607552.0, 'P2P', 'TP', 'INTRA', 4, 2, 3
'BWD_TP_COMM_INTRA_2', 'Comm', 5893.660996220043, 5893.664575364456, 0.0035791444133333335, 51539607552.0, 'P2P', 'TP', 'INTRA', 4, 2, 3
'BWD_TP_COMM_INTRA_3', 'Comm', 5893.660996220043, 5893.664575364456, 0.0035791444133333335, 51539607552.0, 'P2P', 'TP', 'INTRA', 4, 2, 3
'BWD_TP_COMM_INTRA_4', 'Comm', 5893.660996220043, 5893.664575364456, 0.0035791444133333335, 51539607552.0, 'P2P', 'TP', 'INTRA', 4, 2, 3
'BWD_TP_COMM_INTRA_5', 'Comm', 5893.660996220043, 5893.664575364456, 0.0035791444133333335, 51539607552.0, 'P2P', 'TP', 'INTRA', 4, 2, 3
'BWD_FFN', 'Compute', 5893.682471086523, 5901.131064959194, 7.4485938726711, 'NONE', 'NONE', 'NONE', 0
'BWD_TP_COMM_INTRA_0', 'Comm', 5901.131064959194, 5901.134644103608, 0.0035791444133333335, 51539607552.0, 'P2P', 'TP', 'INTRA', 4, 2, 3
'BWD_TP_COMM_INTRA_1', 'Comm', 5901.131064959194, 5901.134644103608, 0.0035791444133333335, 51539607552.0, 'P2P', 'TP', 'INTRA', 4, 2, 3
'BWD_TP_COMM_INTRA_2', 'Comm', 5901.131064959194, 5901.134644103608, 0.0035791444133333335, 51539607552.0, 'P2P', 'TP', 'INTRA', 4, 2, 3
'BWD_TP_COMM_INTRA_3', 'Comm', 5901.131064959194, 5901.134644103608, 0.0035791444133333335, 51539607552.0, 'P2P', 'TP', 'INTRA', 4, 2, 3
'BWD_TP_COMM_INTRA_4', 'Comm', 5901.131064959194, 5901.134644103608, 0.0035791444133333335, 51539607552.0, 'P2P', 'TP', 'INTRA', 4, 2, 3
'BWD_TP_COMM_INTRA_5', 'Comm', 5901.131064959194, 5901.134644103608, 0.0035791444133333335, 51539607552.0, 'P2P', 'TP', 'INTRA', 4, 2, 3
'BWD_MHA', 'Compute', 5901.1525398256745, 5927.0008410778155, 25.84830125214084, 'NONE', 'NONE', 'NONE', 0
'BWD_TP_COMM_INTRA_0', 'Comm', 5927.0008410778155, 5927.004420222229, 0.0035791444133333335, 51539607552.0, 'P2P', 'TP', 'INTRA', 4, 2, 3
'BWD_TP_COMM_INTRA_1', 'Comm', 5927.0008410778155, 5927.004420222229, 0.0035791444133333335, 51539607552.0, 'P2P', 'TP', 'INTRA', 4, 2, 3
'BWD_TP_COMM_INTRA_2', 'Comm', 5927.0008410778155, 5927.004420222229, 0.0035791444133333335, 51539607552.0, 'P2P', 'TP', 'INTRA', 4, 2, 3
'BWD_TP_COMM_INTRA_3', 'Comm', 5927.0008410778155, 5927.004420222229, 0.0035791444133333335, 51539607552.0, 'P2P', 'TP', 'INTRA', 4, 2, 3
'BWD_TP_COMM_INTRA_4', 'Comm', 5927.0008410778155, 5927.004420222229, 0.0035791444133333335, 51539607552.0, 'P2P', 'TP', 'INTRA', 4, 2, 3
'BWD_TP_COMM_INTRA_5', 'Comm', 5927.0008410778155, 5927.004420222229, 0.0035791444133333335, 51539607552.0, 'P2P', 'TP', 'INTRA', 4, 2, 3
'BWD_FFN', 'Compute', 5927.022315944296, 5934.470909816967, 7.4485938726711, 'NONE', 'NONE', 'NONE', 0
'BWD_TP_COMM_INTRA_0', 'Comm', 5934.470909816967, 5934.47448896138, 0.0035791444133333335, 51539607552.0, 'P2P', 'TP', 'INTRA', 4, 2, 3
'BWD_TP_COMM_INTRA_1', 'Comm', 5934.470909816967, 5934.47448896138, 0.0035791444133333335, 51539607552.0, 'P2P', 'TP', 'INTRA', 4, 2, 3
'BWD_TP_COMM_INTRA_2', 'Comm', 5934.470909816967, 5934.47448896138, 0.0035791444133333335, 51539607552.0, 'P2P', 'TP', 'INTRA', 4, 2, 3
'BWD_TP_COMM_INTRA_3', 'Comm', 5934.470909816967, 5934.47448896138, 0.0035791444133333335, 51539607552.0, 'P2P', 'TP', 'INTRA', 4, 2, 3
'BWD_TP_COMM_INTRA_4', 'Comm', 5934.470909816967, 5934.47448896138, 0.0035791444133333335, 51539607552.0, 'P2P', 'TP', 'INTRA', 4, 2, 3
'BWD_TP_COMM_INTRA_5', 'Comm', 5934.470909816967, 5934.47448896138, 0.0035791444133333335, 51539607552.0, 'P2P', 'TP', 'INTRA', 4, 2, 3
'BWD_MHA', 'Compute', 5934.492384683447, 5960.340685935588, 25.84830125214084, 'NONE', 'NONE', 'NONE', 0
'BWD_TP_COMM_INTRA_0', 'Comm', 5960.340685935588, 5960.344265080002, 0.0035791444133333335, 51539607552.0, 'P2P', 'TP', 'INTRA', 4, 2, 3
'BWD_TP_COMM_INTRA_1', 'Comm', 5960.340685935588, 5960.344265080002, 0.0035791444133333335, 51539607552.0, 'P2P', 'TP', 'INTRA', 4, 2, 3
'BWD_TP_COMM_INTRA_2', 'Comm', 5960.340685935588, 5960.344265080002, 0.0035791444133333335, 51539607552.0, 'P2P', 'TP', 'INTRA', 4, 2, 3
'BWD_TP_COMM_INTRA_3', 'Comm', 5960.340685935588, 5960.344265080002, 0.0035791444133333335, 51539607552.0, 'P2P', 'TP', 'INTRA', 4, 2, 3
'BWD_TP_COMM_INTRA_4', 'Comm', 5960.340685935588, 5960.344265080002, 0.0035791444133333335, 51539607552.0, 'P2P', 'TP', 'INTRA', 4, 2, 3
'BWD_TP_COMM_INTRA_5', 'Comm', 5960.340685935588, 5960.344265080002, 0.0035791444133333335, 51539607552.0, 'P2P', 'TP', 'INTRA', 4, 2, 3
'BWD_FFN', 'Compute', 5960.3621608020685, 5967.81075467474, 7.4485938726711, 'NONE', 'NONE', 'NONE', 0
'BWD_TP_COMM_INTRA_0', 'Comm', 5967.81075467474, 5967.814333819153, 0.0035791444133333335, 51539607552.0, 'P2P', 'TP', 'INTRA', 4, 2, 3
'BWD_TP_COMM_INTRA_1', 'Comm', 5967.81075467474, 5967.814333819153, 0.0035791444133333335, 51539607552.0, 'P2P', 'TP', 'INTRA', 4, 2, 3
'BWD_TP_COMM_INTRA_2', 'Comm', 5967.81075467474, 5967.814333819153, 0.0035791444133333335, 51539607552.0, 'P2P', 'TP', 'INTRA', 4, 2, 3
'BWD_TP_COMM_INTRA_3', 'Comm', 5967.81075467474, 5967.814333819153, 0.0035791444133333335, 51539607552.0, 'P2P', 'TP', 'INTRA', 4, 2, 3
'BWD_TP_COMM_INTRA_4', 'Comm', 5967.81075467474, 5967.814333819153, 0.0035791444133333335, 51539607552.0, 'P2P', 'TP', 'INTRA', 4, 2, 3
'BWD_TP_COMM_INTRA_5', 'Comm', 5967.81075467474, 5967.814333819153, 0.0035791444133333335, 51539607552.0, 'P2P', 'TP', 'INTRA', 4, 2, 3
'BWD_MHA', 'Compute', 5967.83222954122, 5993.680530793361, 25.84830125214084, 'NONE', 'NONE', 'NONE', 0
'BWD_TP_COMM_INTRA_0', 'Comm', 5993.680530793361, 5993.684109937774, 0.0035791444133333335, 51539607552.0, 'P2P', 'TP', 'INTRA', 4, 2, 3
'BWD_TP_COMM_INTRA_1', 'Comm', 5993.680530793361, 5993.684109937774, 0.0035791444133333335, 51539607552.0, 'P2P', 'TP', 'INTRA', 4, 2, 3
'BWD_TP_COMM_INTRA_2', 'Comm', 5993.680530793361, 5993.684109937774, 0.0035791444133333335, 51539607552.0, 'P2P', 'TP', 'INTRA', 4, 2, 3
'BWD_TP_COMM_INTRA_3', 'Comm', 5993.680530793361, 5993.684109937774, 0.0035791444133333335, 51539607552.0, 'P2P', 'TP', 'INTRA', 4, 2, 3
'BWD_TP_COMM_INTRA_4', 'Comm', 5993.680530793361, 5993.684109937774, 0.0035791444133333335, 51539607552.0, 'P2P', 'TP', 'INTRA', 4, 2, 3
'BWD_TP_COMM_INTRA_5', 'Comm', 5993.680530793361, 5993.684109937774, 0.0035791444133333335, 51539607552.0, 'P2P', 'TP', 'INTRA', 4, 2, 3
'BWD_FFN', 'Compute', 5993.702005659841, 6001.150599532512, 7.4485938726711, 'NONE', 'NONE', 'NONE', 0
'BWD_TP_COMM_INTRA_0', 'Comm', 6001.150599532512, 6001.154178676926, 0.0035791444133333335, 51539607552.0, 'P2P', 'TP', 'INTRA', 4, 2, 3
'BWD_TP_COMM_INTRA_1', 'Comm', 6001.150599532512, 6001.154178676926, 0.0035791444133333335, 51539607552.0, 'P2P', 'TP', 'INTRA', 4, 2, 3
'BWD_TP_COMM_INTRA_2', 'Comm', 6001.150599532512, 6001.154178676926, 0.0035791444133333335, 51539607552.0, 'P2P', 'TP', 'INTRA', 4, 2, 3
'BWD_TP_COMM_INTRA_3', 'Comm', 6001.150599532512, 6001.154178676926, 0.0035791444133333335, 51539607552.0, 'P2P', 'TP', 'INTRA', 4, 2, 3
'BWD_TP_COMM_INTRA_4', 'Comm', 6001.150599532512, 6001.154178676926, 0.0035791444133333335, 51539607552.0, 'P2P', 'TP', 'INTRA', 4, 2, 3
'BWD_TP_COMM_INTRA_5', 'Comm', 6001.150599532512, 6001.154178676926, 0.0035791444133333335, 51539607552.0, 'P2P', 'TP', 'INTRA', 4, 2, 3
'BWD_MHA', 'Compute', 6001.172074398993, 6027.020375651134, 25.84830125214084, 'NONE', 'NONE', 'NONE', 0
'BWD_TP_COMM_INTRA_0', 'Comm', 6027.020375651134, 6027.023954795547, 0.0035791444133333335, 51539607552.0, 'P2P', 'TP', 'INTRA', 4, 2, 3
'BWD_TP_COMM_INTRA_1', 'Comm', 6027.020375651134, 6027.023954795547, 0.0035791444133333335, 51539607552.0, 'P2P', 'TP', 'INTRA', 4, 2, 3
'BWD_TP_COMM_INTRA_2', 'Comm', 6027.020375651134, 6027.023954795547, 0.0035791444133333335, 51539607552.0, 'P2P', 'TP', 'INTRA', 4, 2, 3
'BWD_TP_COMM_INTRA_3', 'Comm', 6027.020375651134, 6027.023954795547, 0.0035791444133333335, 51539607552.0, 'P2P', 'TP', 'INTRA', 4, 2, 3
'BWD_TP_COMM_INTRA_4', 'Comm', 6027.020375651134, 6027.023954795547, 0.0035791444133333335, 51539607552.0, 'P2P', 'TP', 'INTRA', 4, 2, 3
'BWD_TP_COMM_INTRA_5', 'Comm', 6027.020375651134, 6027.023954795547, 0.0035791444133333335, 51539607552.0, 'P2P', 'TP', 'INTRA', 4, 2, 3
'BWD_FFN', 'Compute', 6027.041850517614, 6034.490444390285, 7.4485938726711, 'NONE', 'NONE', 'NONE', 0
'BWD_TP_COMM_INTRA_0', 'Comm', 6034.490444390285, 6034.4940235346985, 0.0035791444133333335, 51539607552.0, 'P2P', 'TP', 'INTRA', 4, 2, 3
'BWD_TP_COMM_INTRA_1', 'Comm', 6034.490444390285, 6034.4940235346985, 0.0035791444133333335, 51539607552.0, 'P2P', 'TP', 'INTRA', 4, 2, 3
'BWD_TP_COMM_INTRA_2', 'Comm', 6034.490444390285, 6034.4940235346985, 0.0035791444133333335, 51539607552.0, 'P2P', 'TP', 'INTRA', 4, 2, 3
'BWD_TP_COMM_INTRA_3', 'Comm', 6034.490444390285, 6034.4940235346985, 0.0035791444133333335, 51539607552.0, 'P2P', 'TP', 'INTRA', 4, 2, 3
'BWD_TP_COMM_INTRA_4', 'Comm', 6034.490444390285, 6034.4940235346985, 0.0035791444133333335, 51539607552.0, 'P2P', 'TP', 'INTRA', 4, 2, 3
'BWD_TP_COMM_INTRA_5', 'Comm', 6034.490444390285, 6034.4940235346985, 0.0035791444133333335, 51539607552.0, 'P2P', 'TP', 'INTRA', 4, 2, 3
'BWD_MHA', 'Compute', 6034.511919256765, 6060.360220508906, 25.84830125214084, 'NONE', 'NONE', 'NONE', 0
'BWD_TP_COMM_INTRA_0', 'Comm', 6060.360220508906, 6060.36379965332, 0.0035791444133333335, 51539607552.0, 'P2P', 'TP', 'INTRA', 4, 2, 3
'BWD_TP_COMM_INTRA_1', 'Comm', 6060.360220508906, 6060.36379965332, 0.0035791444133333335, 51539607552.0, 'P2P', 'TP', 'INTRA', 4, 2, 3
'BWD_TP_COMM_INTRA_2', 'Comm', 6060.360220508906, 6060.36379965332, 0.0035791444133333335, 51539607552.0, 'P2P', 'TP', 'INTRA', 4, 2, 3
'BWD_TP_COMM_INTRA_3', 'Comm', 6060.360220508906, 6060.36379965332, 0.0035791444133333335, 51539607552.0, 'P2P', 'TP', 'INTRA', 4, 2, 3
'BWD_TP_COMM_INTRA_4', 'Comm', 6060.360220508906, 6060.36379965332, 0.0035791444133333335, 51539607552.0, 'P2P', 'TP', 'INTRA', 4, 2, 3
'BWD_TP_COMM_INTRA_5', 'Comm', 6060.360220508906, 6060.36379965332, 0.0035791444133333335, 51539607552.0, 'P2P', 'TP', 'INTRA', 4, 2, 3
'BWD_FFN', 'Compute', 6060.381695375387, 6067.830289248058, 7.4485938726711, 'NONE', 'NONE', 'NONE', 0
'BWD_TP_COMM_INTRA_0', 'Comm', 6067.830289248058, 6067.833868392471, 0.0035791444133333335, 51539607552.0, 'P2P', 'TP', 'INTRA', 4, 2, 3
'BWD_TP_COMM_INTRA_1', 'Comm', 6067.830289248058, 6067.833868392471, 0.0035791444133333335, 51539607552.0, 'P2P', 'TP', 'INTRA', 4, 2, 3
'BWD_TP_COMM_INTRA_2', 'Comm', 6067.830289248058, 6067.833868392471, 0.0035791444133333335, 51539607552.0, 'P2P', 'TP', 'INTRA', 4, 2, 3
'BWD_TP_COMM_INTRA_3', 'Comm', 6067.830289248058, 6067.833868392471, 0.0035791444133333335, 51539607552.0, 'P2P', 'TP', 'INTRA', 4, 2, 3
'BWD_TP_COMM_INTRA_4', 'Comm', 6067.830289248058, 6067.833868392471, 0.0035791444133333335, 51539607552.0, 'P2P', 'TP', 'INTRA', 4, 2, 3
'BWD_TP_COMM_INTRA_5', 'Comm', 6067.830289248058, 6067.833868392471, 0.0035791444133333335, 51539607552.0, 'P2P', 'TP', 'INTRA', 4, 2, 3
'BWD_MHA', 'Compute', 6067.851764114538, 6093.700065366679, 25.84830125214084, 'NONE', 'NONE', 'NONE', 0
'BWD_TP_COMM_INTRA_0', 'Comm', 6093.700065366679, 6093.7036445110925, 0.0035791444133333335, 51539607552.0, 'P2P', 'TP', 'INTRA', 4, 2, 3
'BWD_TP_COMM_INTRA_1', 'Comm', 6093.700065366679, 6093.7036445110925, 0.0035791444133333335, 51539607552.0, 'P2P', 'TP', 'INTRA', 4, 2, 3
'BWD_TP_COMM_INTRA_2', 'Comm', 6093.700065366679, 6093.7036445110925, 0.0035791444133333335, 51539607552.0, 'P2P', 'TP', 'INTRA', 4, 2, 3
'BWD_TP_COMM_INTRA_3', 'Comm', 6093.700065366679, 6093.7036445110925, 0.0035791444133333335, 51539607552.0, 'P2P', 'TP', 'INTRA', 4, 2, 3
'BWD_TP_COMM_INTRA_4', 'Comm', 6093.700065366679, 6093.7036445110925, 0.0035791444133333335, 51539607552.0, 'P2P', 'TP', 'INTRA', 4, 2, 3
'BWD_TP_COMM_INTRA_5', 'Comm', 6093.700065366679, 6093.7036445110925, 0.0035791444133333335, 51539607552.0, 'P2P', 'TP', 'INTRA', 4, 2, 3
'BWD_FFN', 'Compute', 6093.721540233159, 6101.170134105831, 7.4485938726711, 'NONE', 'NONE', 'NONE', 0
'BWD_TP_COMM_INTRA_0', 'Comm', 6101.170134105831, 6101.173713250244, 0.0035791444133333335, 51539607552.0, 'P2P', 'TP', 'INTRA', 4, 2, 3
'BWD_TP_COMM_INTRA_1', 'Comm', 6101.170134105831, 6101.173713250244, 0.0035791444133333335, 51539607552.0, 'P2P', 'TP', 'INTRA', 4, 2, 3
'BWD_TP_COMM_INTRA_2', 'Comm', 6101.170134105831, 6101.173713250244, 0.0035791444133333335, 51539607552.0, 'P2P', 'TP', 'INTRA', 4, 2, 3
'BWD_TP_COMM_INTRA_3', 'Comm', 6101.170134105831, 6101.173713250244, 0.0035791444133333335, 51539607552.0, 'P2P', 'TP', 'INTRA', 4, 2, 3
'BWD_TP_COMM_INTRA_4', 'Comm', 6101.170134105831, 6101.173713250244, 0.0035791444133333335, 51539607552.0, 'P2P', 'TP', 'INTRA', 4, 2, 3
'BWD_TP_COMM_INTRA_5', 'Comm', 6101.170134105831, 6101.173713250244, 0.0035791444133333335, 51539607552.0, 'P2P', 'TP', 'INTRA', 4, 2, 3
'BWD_MHA', 'Compute', 6101.191608972311, 6127.039910224452, 25.84830125214084, 'NONE', 'NONE', 'NONE', 0
'BWD_TP_COMM_INTRA_0', 'Comm', 6127.039910224452, 6127.043489368865, 0.0035791444133333335, 51539607552.0, 'P2P', 'TP', 'INTRA', 4, 2, 3
'BWD_TP_COMM_INTRA_1', 'Comm', 6127.039910224452, 6127.043489368865, 0.0035791444133333335, 51539607552.0, 'P2P', 'TP', 'INTRA', 4, 2, 3
'BWD_TP_COMM_INTRA_2', 'Comm', 6127.039910224452, 6127.043489368865, 0.0035791444133333335, 51539607552.0, 'P2P', 'TP', 'INTRA', 4, 2, 3
'BWD_TP_COMM_INTRA_3', 'Comm', 6127.039910224452, 6127.043489368865, 0.0035791444133333335, 51539607552.0, 'P2P', 'TP', 'INTRA', 4, 2, 3
'BWD_TP_COMM_INTRA_4', 'Comm', 6127.039910224452, 6127.043489368865, 0.0035791444133333335, 51539607552.0, 'P2P', 'TP', 'INTRA', 4, 2, 3
'BWD_TP_COMM_INTRA_5', 'Comm', 6127.039910224452, 6127.043489368865, 0.0035791444133333335, 51539607552.0, 'P2P', 'TP', 'INTRA', 4, 2, 3
'BWD_FFN', 'Compute', 6127.061385090932, 6134.509978963603, 7.4485938726711, 'NONE', 'NONE', 'NONE', 0
'BWD_TP_COMM_INTRA_0', 'Comm', 6134.509978963603, 6134.513558108017, 0.0035791444133333335, 51539607552.0, 'P2P', 'TP', 'INTRA', 4, 2, 3
'BWD_TP_COMM_INTRA_1', 'Comm', 6134.509978963603, 6134.513558108017, 0.0035791444133333335, 51539607552.0, 'P2P', 'TP', 'INTRA', 4, 2, 3
'BWD_TP_COMM_INTRA_2', 'Comm', 6134.509978963603, 6134.513558108017, 0.0035791444133333335, 51539607552.0, 'P2P', 'TP', 'INTRA', 4, 2, 3
'BWD_TP_COMM_INTRA_3', 'Comm', 6134.509978963603, 6134.513558108017, 0.0035791444133333335, 51539607552.0, 'P2P', 'TP', 'INTRA', 4, 2, 3
'BWD_TP_COMM_INTRA_4', 'Comm', 6134.509978963603, 6134.513558108017, 0.0035791444133333335, 51539607552.0, 'P2P', 'TP', 'INTRA', 4, 2, 3
'BWD_TP_COMM_INTRA_5', 'Comm', 6134.509978963603, 6134.513558108017, 0.0035791444133333335, 51539607552.0, 'P2P', 'TP', 'INTRA', 4, 2, 3
'BWD_MHA', 'Compute', 6134.531453830084, 6160.379755082225, 25.84830125214084, 'NONE', 'NONE', 'NONE', 0
'BWD_TP_COMM_INTRA_0', 'Comm', 6160.379755082225, 6160.383334226638, 0.0035791444133333335, 51539607552.0, 'P2P', 'TP', 'INTRA', 4, 2, 3
'BWD_TP_COMM_INTRA_1', 'Comm', 6160.379755082225, 6160.383334226638, 0.0035791444133333335, 51539607552.0, 'P2P', 'TP', 'INTRA', 4, 2, 3
'BWD_TP_COMM_INTRA_2', 'Comm', 6160.379755082225, 6160.383334226638, 0.0035791444133333335, 51539607552.0, 'P2P', 'TP', 'INTRA', 4, 2, 3
'BWD_TP_COMM_INTRA_3', 'Comm', 6160.379755082225, 6160.383334226638, 0.0035791444133333335, 51539607552.0, 'P2P', 'TP', 'INTRA', 4, 2, 3
'BWD_TP_COMM_INTRA_4', 'Comm', 6160.379755082225, 6160.383334226638, 0.0035791444133333335, 51539607552.0, 'P2P', 'TP', 'INTRA', 4, 2, 3
'BWD_TP_COMM_INTRA_5', 'Comm', 6160.379755082225, 6160.383334226638, 0.0035791444133333335, 51539607552.0, 'P2P', 'TP', 'INTRA', 4, 2, 3
'BWD_FFN', 'Compute', 6160.401229948705, 6167.849823821376, 7.4485938726711, 'NONE', 'NONE', 'NONE', 0
'BWD_TP_COMM_INTRA_0', 'Comm', 6167.849823821376, 6167.853402965789, 0.0035791444133333335, 51539607552.0, 'P2P', 'TP', 'INTRA', 4, 2, 3
'BWD_TP_COMM_INTRA_1', 'Comm', 6167.849823821376, 6167.853402965789, 0.0035791444133333335, 51539607552.0, 'P2P', 'TP', 'INTRA', 4, 2, 3
'BWD_TP_COMM_INTRA_2', 'Comm', 6167.849823821376, 6167.853402965789, 0.0035791444133333335, 51539607552.0, 'P2P', 'TP', 'INTRA', 4, 2, 3
'BWD_TP_COMM_INTRA_3', 'Comm', 6167.849823821376, 6167.853402965789, 0.0035791444133333335, 51539607552.0, 'P2P', 'TP', 'INTRA', 4, 2, 3
'BWD_TP_COMM_INTRA_4', 'Comm', 6167.849823821376, 6167.853402965789, 0.0035791444133333335, 51539607552.0, 'P2P', 'TP', 'INTRA', 4, 2, 3
'BWD_TP_COMM_INTRA_5', 'Comm', 6167.849823821376, 6167.853402965789, 0.0035791444133333335, 51539607552.0, 'P2P', 'TP', 'INTRA', 4, 2, 3
'BWD_MHA', 'Compute', 6167.871298687856, 6193.719599939997, 25.84830125214084, 'NONE', 'NONE', 'NONE', 0
'BWD_TP_COMM_INTRA_0', 'Comm', 6193.719599939997, 6193.723179084411, 0.0035791444133333335, 51539607552.0, 'P2P', 'TP', 'INTRA', 4, 2, 3
'BWD_TP_COMM_INTRA_1', 'Comm', 6193.719599939997, 6193.723179084411, 0.0035791444133333335, 51539607552.0, 'P2P', 'TP', 'INTRA', 4, 2, 3
'BWD_TP_COMM_INTRA_2', 'Comm', 6193.719599939997, 6193.723179084411, 0.0035791444133333335, 51539607552.0, 'P2P', 'TP', 'INTRA', 4, 2, 3
'BWD_TP_COMM_INTRA_3', 'Comm', 6193.719599939997, 6193.723179084411, 0.0035791444133333335, 51539607552.0, 'P2P', 'TP', 'INTRA', 4, 2, 3
'BWD_TP_COMM_INTRA_4', 'Comm', 6193.719599939997, 6193.723179084411, 0.0035791444133333335, 51539607552.0, 'P2P', 'TP', 'INTRA', 4, 2, 3
'BWD_TP_COMM_INTRA_5', 'Comm', 6193.719599939997, 6193.723179084411, 0.0035791444133333335, 51539607552.0, 'P2P', 'TP', 'INTRA', 4, 2, 3
'BWD_FFN', 'Compute', 6193.741074806478, 6201.189668679149, 7.4485938726711, 'NONE', 'NONE', 'NONE', 0
'BWD_TP_COMM_INTRA_0', 'Comm', 6201.189668679149, 6201.193247823562, 0.0035791444133333335, 51539607552.0, 'P2P', 'TP', 'INTRA', 4, 2, 3
'BWD_TP_COMM_INTRA_1', 'Comm', 6201.189668679149, 6201.193247823562, 0.0035791444133333335, 51539607552.0, 'P2P', 'TP', 'INTRA', 4, 2, 3
'BWD_TP_COMM_INTRA_2', 'Comm', 6201.189668679149, 6201.193247823562, 0.0035791444133333335, 51539607552.0, 'P2P', 'TP', 'INTRA', 4, 2, 3
'BWD_TP_COMM_INTRA_3', 'Comm', 6201.189668679149, 6201.193247823562, 0.0035791444133333335, 51539607552.0, 'P2P', 'TP', 'INTRA', 4, 2, 3
'BWD_TP_COMM_INTRA_4', 'Comm', 6201.189668679149, 6201.193247823562, 0.0035791444133333335, 51539607552.0, 'P2P', 'TP', 'INTRA', 4, 2, 3
'BWD_TP_COMM_INTRA_5', 'Comm', 6201.189668679149, 6201.193247823562, 0.0035791444133333335, 51539607552.0, 'P2P', 'TP', 'INTRA', 4, 2, 3
'BWD_MHA', 'Compute', 6201.211143545629, 6227.05944479777, 25.84830125214084, 'NONE', 'NONE', 'NONE', 0
'BWD_TP_COMM_INTRA_0', 'Comm', 6227.05944479777, 6227.0630239421835, 0.0035791444133333335, 51539607552.0, 'P2P', 'TP', 'INTRA', 4, 2, 3
'BWD_TP_COMM_INTRA_1', 'Comm', 6227.05944479777, 6227.0630239421835, 0.0035791444133333335, 51539607552.0, 'P2P', 'TP', 'INTRA', 4, 2, 3
'BWD_TP_COMM_INTRA_2', 'Comm', 6227.05944479777, 6227.0630239421835, 0.0035791444133333335, 51539607552.0, 'P2P', 'TP', 'INTRA', 4, 2, 3
'BWD_TP_COMM_INTRA_3', 'Comm', 6227.05944479777, 6227.0630239421835, 0.0035791444133333335, 51539607552.0, 'P2P', 'TP', 'INTRA', 4, 2, 3
'BWD_TP_COMM_INTRA_4', 'Comm', 6227.05944479777, 6227.0630239421835, 0.0035791444133333335, 51539607552.0, 'P2P', 'TP', 'INTRA', 4, 2, 3
'BWD_TP_COMM_INTRA_5', 'Comm', 6227.05944479777, 6227.0630239421835, 0.0035791444133333335, 51539607552.0, 'P2P', 'TP', 'INTRA', 4, 2, 3
'BWD_FFN', 'Compute', 6227.08091966425, 6234.5295135369215, 7.4485938726711, 'NONE', 'NONE', 'NONE', 0
'BWD_TP_COMM_INTRA_0', 'Comm', 6234.5295135369215, 6234.533092681335, 0.0035791444133333335, 51539607552.0, 'P2P', 'TP', 'INTRA', 4, 2, 3
'BWD_TP_COMM_INTRA_1', 'Comm', 6234.5295135369215, 6234.533092681335, 0.0035791444133333335, 51539607552.0, 'P2P', 'TP', 'INTRA', 4, 2, 3
'BWD_TP_COMM_INTRA_2', 'Comm', 6234.5295135369215, 6234.533092681335, 0.0035791444133333335, 51539607552.0, 'P2P', 'TP', 'INTRA', 4, 2, 3
'BWD_TP_COMM_INTRA_3', 'Comm', 6234.5295135369215, 6234.533092681335, 0.0035791444133333335, 51539607552.0, 'P2P', 'TP', 'INTRA', 4, 2, 3
'BWD_TP_COMM_INTRA_4', 'Comm', 6234.5295135369215, 6234.533092681335, 0.0035791444133333335, 51539607552.0, 'P2P', 'TP', 'INTRA', 4, 2, 3
'BWD_TP_COMM_INTRA_5', 'Comm', 6234.5295135369215, 6234.533092681335, 0.0035791444133333335, 51539607552.0, 'P2P', 'TP', 'INTRA', 4, 2, 3
'BWD_MHA', 'Compute', 6234.550988403402, 6260.399289655543, 25.84830125214084, 'NONE', 'NONE', 'NONE', 0
'BWD_TP_COMM_INTRA_0', 'Comm', 6260.399289655543, 6260.402868799956, 0.0035791444133333335, 51539607552.0, 'P2P', 'TP', 'INTRA', 4, 2, 3
'BWD_TP_COMM_INTRA_1', 'Comm', 6260.399289655543, 6260.402868799956, 0.0035791444133333335, 51539607552.0, 'P2P', 'TP', 'INTRA', 4, 2, 3
'BWD_TP_COMM_INTRA_2', 'Comm', 6260.399289655543, 6260.402868799956, 0.0035791444133333335, 51539607552.0, 'P2P', 'TP', 'INTRA', 4, 2, 3
'BWD_TP_COMM_INTRA_3', 'Comm', 6260.399289655543, 6260.402868799956, 0.0035791444133333335, 51539607552.0, 'P2P', 'TP', 'INTRA', 4, 2, 3
'BWD_TP_COMM_INTRA_4', 'Comm', 6260.399289655543, 6260.402868799956, 0.0035791444133333335, 51539607552.0, 'P2P', 'TP', 'INTRA', 4, 2, 3
'BWD_TP_COMM_INTRA_5', 'Comm', 6260.399289655543, 6260.402868799956, 0.0035791444133333335, 51539607552.0, 'P2P', 'TP', 'INTRA', 4, 2, 3
'BWD_FFN', 'Compute', 6260.420764522023, 6267.869358394694, 7.4485938726711, 'NONE', 'NONE', 'NONE', 0
'BWD_TP_COMM_INTRA_0', 'Comm', 6267.869358394694, 6267.872937539108, 0.0035791444133333335, 51539607552.0, 'P2P', 'TP', 'INTRA', 4, 2, 3
'BWD_TP_COMM_INTRA_1', 'Comm', 6267.869358394694, 6267.872937539108, 0.0035791444133333335, 51539607552.0, 'P2P', 'TP', 'INTRA', 4, 2, 3
'BWD_TP_COMM_INTRA_2', 'Comm', 6267.869358394694, 6267.872937539108, 0.0035791444133333335, 51539607552.0, 'P2P', 'TP', 'INTRA', 4, 2, 3
'BWD_TP_COMM_INTRA_3', 'Comm', 6267.869358394694, 6267.872937539108, 0.0035791444133333335, 51539607552.0, 'P2P', 'TP', 'INTRA', 4, 2, 3
'BWD_TP_COMM_INTRA_4', 'Comm', 6267.869358394694, 6267.872937539108, 0.0035791444133333335, 51539607552.0, 'P2P', 'TP', 'INTRA', 4, 2, 3
'BWD_TP_COMM_INTRA_5', 'Comm', 6267.869358394694, 6267.872937539108, 0.0035791444133333335, 51539607552.0, 'P2P', 'TP', 'INTRA', 4, 2, 3
'BWD_MHA', 'Compute', 6267.8908332611745, 6293.739134513316, 25.84830125214084, 'NONE', 'NONE', 'NONE', 0
'BWD_TP_COMM_INTRA_0', 'Comm', 6293.739134513316, 6293.742713657729, 0.0035791444133333335, 51539607552.0, 'P2P', 'TP', 'INTRA', 4, 2, 3
'BWD_TP_COMM_INTRA_1', 'Comm', 6293.739134513316, 6293.742713657729, 0.0035791444133333335, 51539607552.0, 'P2P', 'TP', 'INTRA', 4, 2, 3
'BWD_TP_COMM_INTRA_2', 'Comm', 6293.739134513316, 6293.742713657729, 0.0035791444133333335, 51539607552.0, 'P2P', 'TP', 'INTRA', 4, 2, 3
'BWD_TP_COMM_INTRA_3', 'Comm', 6293.739134513316, 6293.742713657729, 0.0035791444133333335, 51539607552.0, 'P2P', 'TP', 'INTRA', 4, 2, 3
'BWD_TP_COMM_INTRA_4', 'Comm', 6293.739134513316, 6293.742713657729, 0.0035791444133333335, 51539607552.0, 'P2P', 'TP', 'INTRA', 4, 2, 3
'BWD_TP_COMM_INTRA_5', 'Comm', 6293.739134513316, 6293.742713657729, 0.0035791444133333335, 51539607552.0, 'P2P', 'TP', 'INTRA', 4, 2, 3
'BWD_FFN', 'Compute', 6293.760609379796, 6301.209203252467, 7.4485938726711, 'NONE', 'NONE', 'NONE', 0
'BWD_TP_COMM_INTRA_0', 'Comm', 6301.209203252467, 6301.21278239688, 0.0035791444133333335, 51539607552.0, 'P2P', 'TP', 'INTRA', 4, 2, 3
'BWD_TP_COMM_INTRA_1', 'Comm', 6301.209203252467, 6301.21278239688, 0.0035791444133333335, 51539607552.0, 'P2P', 'TP', 'INTRA', 4, 2, 3
'BWD_TP_COMM_INTRA_2', 'Comm', 6301.209203252467, 6301.21278239688, 0.0035791444133333335, 51539607552.0, 'P2P', 'TP', 'INTRA', 4, 2, 3
'BWD_TP_COMM_INTRA_3', 'Comm', 6301.209203252467, 6301.21278239688, 0.0035791444133333335, 51539607552.0, 'P2P', 'TP', 'INTRA', 4, 2, 3
'BWD_TP_COMM_INTRA_4', 'Comm', 6301.209203252467, 6301.21278239688, 0.0035791444133333335, 51539607552.0, 'P2P', 'TP', 'INTRA', 4, 2, 3
'BWD_TP_COMM_INTRA_5', 'Comm', 6301.209203252467, 6301.21278239688, 0.0035791444133333335, 51539607552.0, 'P2P', 'TP', 'INTRA', 4, 2, 3
'BWD_MHA', 'Compute', 6301.230678118947, 6327.078979371088, 25.84830125214084, 'NONE', 'NONE', 'NONE', 0
'BWD_TP_COMM_INTRA_0', 'Comm', 6327.078979371088, 6327.082558515502, 0.0035791444133333335, 51539607552.0, 'P2P', 'TP', 'INTRA', 4, 2, 3
'BWD_TP_COMM_INTRA_1', 'Comm', 6327.078979371088, 6327.082558515502, 0.0035791444133333335, 51539607552.0, 'P2P', 'TP', 'INTRA', 4, 2, 3
'BWD_TP_COMM_INTRA_2', 'Comm', 6327.078979371088, 6327.082558515502, 0.0035791444133333335, 51539607552.0, 'P2P', 'TP', 'INTRA', 4, 2, 3
'BWD_TP_COMM_INTRA_3', 'Comm', 6327.078979371088, 6327.082558515502, 0.0035791444133333335, 51539607552.0, 'P2P', 'TP', 'INTRA', 4, 2, 3
'BWD_TP_COMM_INTRA_4', 'Comm', 6327.078979371088, 6327.082558515502, 0.0035791444133333335, 51539607552.0, 'P2P', 'TP', 'INTRA', 4, 2, 3
'BWD_TP_COMM_INTRA_5', 'Comm', 6327.078979371088, 6327.082558515502, 0.0035791444133333335, 51539607552.0, 'P2P', 'TP', 'INTRA', 4, 2, 3
'BWD_FFN', 'Compute', 6327.100454237569, 6334.54904811024, 7.4485938726711, 'NONE', 'NONE', 'NONE', 0
'BWD_TP_COMM_INTRA_0', 'Comm', 6334.54904811024, 6334.552627254653, 0.0035791444133333335, 51539607552.0, 'P2P', 'TP', 'INTRA', 4, 2, 3
'BWD_TP_COMM_INTRA_1', 'Comm', 6334.54904811024, 6334.552627254653, 0.0035791444133333335, 51539607552.0, 'P2P', 'TP', 'INTRA', 4, 2, 3
'BWD_TP_COMM_INTRA_2', 'Comm', 6334.54904811024, 6334.552627254653, 0.0035791444133333335, 51539607552.0, 'P2P', 'TP', 'INTRA', 4, 2, 3
'BWD_TP_COMM_INTRA_3', 'Comm', 6334.54904811024, 6334.552627254653, 0.0035791444133333335, 51539607552.0, 'P2P', 'TP', 'INTRA', 4, 2, 3
'BWD_TP_COMM_INTRA_4', 'Comm', 6334.54904811024, 6334.552627254653, 0.0035791444133333335, 51539607552.0, 'P2P', 'TP', 'INTRA', 4, 2, 3
'BWD_TP_COMM_INTRA_5', 'Comm', 6334.54904811024, 6334.552627254653, 0.0035791444133333335, 51539607552.0, 'P2P', 'TP', 'INTRA', 4, 2, 3
'BWD_MHA', 'Compute', 6334.57052297672, 6360.418824228861, 25.84830125214084, 'NONE', 'NONE', 'NONE', 0
'BWD_TP_COMM_INTRA_0', 'Comm', 6360.418824228861, 6360.422403373274, 0.0035791444133333335, 51539607552.0, 'P2P', 'TP', 'INTRA', 4, 2, 3
'BWD_TP_COMM_INTRA_1', 'Comm', 6360.418824228861, 6360.422403373274, 0.0035791444133333335, 51539607552.0, 'P2P', 'TP', 'INTRA', 4, 2, 3
'BWD_TP_COMM_INTRA_2', 'Comm', 6360.418824228861, 6360.422403373274, 0.0035791444133333335, 51539607552.0, 'P2P', 'TP', 'INTRA', 4, 2, 3
'BWD_TP_COMM_INTRA_3', 'Comm', 6360.418824228861, 6360.422403373274, 0.0035791444133333335, 51539607552.0, 'P2P', 'TP', 'INTRA', 4, 2, 3
'BWD_TP_COMM_INTRA_4', 'Comm', 6360.418824228861, 6360.422403373274, 0.0035791444133333335, 51539607552.0, 'P2P', 'TP', 'INTRA', 4, 2, 3
'BWD_TP_COMM_INTRA_5', 'Comm', 6360.418824228861, 6360.422403373274, 0.0035791444133333335, 51539607552.0, 'P2P', 'TP', 'INTRA', 4, 2, 3
'BWD_FFN', 'Compute', 6360.440299095341, 6367.888892968012, 7.4485938726711, 'NONE', 'NONE', 'NONE', 0
'BWD_TP_COMM_INTRA_0', 'Comm', 6367.888892968012, 6367.892472112426, 0.0035791444133333335, 51539607552.0, 'P2P', 'TP', 'INTRA', 4, 2, 3
'BWD_TP_COMM_INTRA_1', 'Comm', 6367.888892968012, 6367.892472112426, 0.0035791444133333335, 51539607552.0, 'P2P', 'TP', 'INTRA', 4, 2, 3
'BWD_TP_COMM_INTRA_2', 'Comm', 6367.888892968012, 6367.892472112426, 0.0035791444133333335, 51539607552.0, 'P2P', 'TP', 'INTRA', 4, 2, 3
'BWD_TP_COMM_INTRA_3', 'Comm', 6367.888892968012, 6367.892472112426, 0.0035791444133333335, 51539607552.0, 'P2P', 'TP', 'INTRA', 4, 2, 3
'BWD_TP_COMM_INTRA_4', 'Comm', 6367.888892968012, 6367.892472112426, 0.0035791444133333335, 51539607552.0, 'P2P', 'TP', 'INTRA', 4, 2, 3
'BWD_TP_COMM_INTRA_5', 'Comm', 6367.888892968012, 6367.892472112426, 0.0035791444133333335, 51539607552.0, 'P2P', 'TP', 'INTRA', 4, 2, 3
'BWD_MHA', 'Compute', 6367.910367834493, 6393.758669086634, 25.84830125214084, 'NONE', 'NONE', 'NONE', 0
'BWD_TP_COMM_INTRA_0', 'Comm', 6393.758669086634, 6393.762248231047, 0.0035791444133333335, 51539607552.0, 'P2P', 'TP', 'INTRA', 4, 2, 3
'BWD_TP_COMM_INTRA_1', 'Comm', 6393.758669086634, 6393.762248231047, 0.0035791444133333335, 51539607552.0, 'P2P', 'TP', 'INTRA', 4, 2, 3
'BWD_TP_COMM_INTRA_2', 'Comm', 6393.758669086634, 6393.762248231047, 0.0035791444133333335, 51539607552.0, 'P2P', 'TP', 'INTRA', 4, 2, 3
'BWD_TP_COMM_INTRA_3', 'Comm', 6393.758669086634, 6393.762248231047, 0.0035791444133333335, 51539607552.0, 'P2P', 'TP', 'INTRA', 4, 2, 3
'BWD_TP_COMM_INTRA_4', 'Comm', 6393.758669086634, 6393.762248231047, 0.0035791444133333335, 51539607552.0, 'P2P', 'TP', 'INTRA', 4, 2, 3
'BWD_TP_COMM_INTRA_5', 'Comm', 6393.758669086634, 6393.762248231047, 0.0035791444133333335, 51539607552.0, 'P2P', 'TP', 'INTRA', 4, 2, 3
'BWD_FFN', 'Compute', 6393.780143953114, 6401.228737825785, 7.4485938726711, 'NONE', 'NONE', 'NONE', 0
'BWD_TP_COMM_INTRA_0', 'Comm', 6401.228737825785, 6401.232316970199, 0.0035791444133333335, 51539607552.0, 'P2P', 'TP', 'INTRA', 4, 2, 3
'BWD_TP_COMM_INTRA_1', 'Comm', 6401.228737825785, 6401.232316970199, 0.0035791444133333335, 51539607552.0, 'P2P', 'TP', 'INTRA', 4, 2, 3
'BWD_TP_COMM_INTRA_2', 'Comm', 6401.228737825785, 6401.232316970199, 0.0035791444133333335, 51539607552.0, 'P2P', 'TP', 'INTRA', 4, 2, 3
'BWD_TP_COMM_INTRA_3', 'Comm', 6401.228737825785, 6401.232316970199, 0.0035791444133333335, 51539607552.0, 'P2P', 'TP', 'INTRA', 4, 2, 3
'BWD_TP_COMM_INTRA_4', 'Comm', 6401.228737825785, 6401.232316970199, 0.0035791444133333335, 51539607552.0, 'P2P', 'TP', 'INTRA', 4, 2, 3
'BWD_TP_COMM_INTRA_5', 'Comm', 6401.228737825785, 6401.232316970199, 0.0035791444133333335, 51539607552.0, 'P2P', 'TP', 'INTRA', 4, 2, 3
'FWD_DP_COMM_INTRA_ZERO_0', 'Comm', 6401.250212692265, 6401.257370981092, 0.007158288826666667, 21821056512.0, 'P2P', 'DP', 'INTRA', 4, 2, 3
'FWD_DP_COMM_INTRA_ZERO_1', 'Comm', 6401.250212692265, 6401.257370981092, 0.007158288826666667, 21821056512.0, 'P2P', 'DP', 'INTRA', 4, 2, 3
'FWD_DP_COMM_INTRA_ZERO_2', 'Comm', 6401.250212692265, 6401.257370981092, 0.007158288826666667, 21821056512.0, 'P2P', 'DP', 'INTRA', 4, 2, 3
'FWD_DP_COMM_INTRA_ZERO_3', 'Comm', 6401.250212692265, 6401.257370981092, 0.007158288826666667, 21821056512.0, 'P2P', 'DP', 'INTRA', 4, 2, 3
'FWD_DP_COMM_INTRA_ZERO_4', 'Comm', 6401.250212692265, 6401.257370981092, 0.007158288826666667, 21821056512.0, 'P2P', 'DP', 'INTRA', 4, 2, 3
'FWD_DP_COMM_INTRA_ZERO_5', 'Comm', 6401.250212692265, 6401.257370981092, 0.007158288826666667, 21821056512.0, 'P2P', 'DP', 'INTRA', 4, 2, 3
'Weight_update', 'Compute', 6401.293162425225, 6474.474007269071, 73.18084484384597, 'NONE', 'NONE', 'NONE', 0
'Weight_update', 'Compute', 6474.474007269071, 6547.654852112917, 73.18084484384597, 'NONE', 'NONE', 'NONE', 0
'Weight_update', 'Compute', 6547.654852112917, 6620.835696956763, 73.18084484384597, 'NONE', 'NONE', 'NONE', 0
'Weight_update', 'Compute', 6620.835696956763, 6694.016541800609, 73.18084484384597, 'NONE', 'NONE', 'NONE', 0
'Weight_update', 'Compute', 6694.016541800609, 6767.197386644455, 73.18084484384597, 'NONE', 'NONE', 'NONE', 0
'Weight_update', 'Compute', 6767.197386644455, 6840.378231488301, 73.18084484384597, 'NONE', 'NONE', 'NONE', 0
'Weight_update', 'Compute', 6840.378231488301, 6913.559076332147, 73.18084484384597, 'NONE', 'NONE', 'NONE', 0
'Weight_update', 'Compute', 6913.559076332147, 6986.739921175993, 73.18084484384597, 'NONE', 'NONE', 'NONE', 0
'Weight_update', 'Compute', 6986.739921175993, 7059.920766019839, 73.18084484384597, 'NONE', 'NONE', 'NONE', 0
'Weight_update', 'Compute', 7059.920766019839, 7133.101610863685, 73.18084484384597, 'NONE', 'NONE', 'NONE', 0
'Weight_update', 'Compute', 7133.101610863685, 7206.282455707531, 73.18084484384597, 'NONE', 'NONE', 'NONE', 0
'Weight_update', 'Compute', 7206.282455707531, 7279.463300551377, 73.18084484384597, 'NONE', 'NONE', 'NONE', 0
'Weight_update', 'Compute', 7279.463300551377, 7352.644145395223, 73.18084484384597, 'NONE', 'NONE', 'NONE', 0
'Weight_update', 'Compute', 7352.644145395223, 7425.824990239069, 73.18084484384597, 'NONE', 'NONE', 'NONE', 0
'Weight_update', 'Compute', 7425.824990239069, 7499.005835082915, 73.18084484384597, 'NONE', 'NONE', 'NONE', 0
'Weight_update', 'Compute', 7499.005835082915, 7572.186679926761, 73.18084484384597, 'NONE', 'NONE', 'NONE', 0
'Weight_update', 'Compute', 7572.186679926761, 7645.367524770607, 73.18084484384597, 'NONE', 'NONE', 'NONE', 0
'Weight_update', 'Compute', 7645.367524770607, 7718.548369614453, 73.18084484384597, 'NONE', 'NONE', 'NONE', 0
'Weight_update', 'Compute', 7718.548369614453, 7791.729214458299, 73.18084484384597, 'NONE', 'NONE', 'NONE', 0
'Weight_update', 'Compute', 7791.729214458299, 7864.910059302145, 73.18084484384597, 'NONE', 'NONE', 'NONE', 0
'Weight_update', 'Compute', 7864.910059302145, 7938.090904145991, 73.18084484384597, 'NONE', 'NONE', 'NONE', 0
'Weight_update', 'Compute', 7938.090904145991, 8011.271748989837, 73.18084484384597, 'NONE', 'NONE', 'NONE', 0
'Weight_update', 'Compute', 8011.271748989837, 8084.452593833683, 73.18084484384597, 'NONE', 'NONE', 'NONE', 0
'Weight_update', 'Compute', 8084.452593833683, 8157.633438677529, 73.18084484384597, 'NONE', 'NONE', 'NONE', 0
'Weight_update', 'Compute', 8157.633438677529, 8230.814283521375, 73.18084484384597, 'NONE', 'NONE', 'NONE', 0
'Weight_update', 'Compute', 8230.814283521375, 8303.99512836522, 73.18084484384597, 'NONE', 'NONE', 'NONE', 0
'Weight_update', 'Compute', 8303.99512836522, 8377.175973209067, 73.18084484384597, 'NONE', 'NONE', 'NONE', 0
'Weight_update', 'Compute', 8377.175973209067, 8450.356818052913, 73.18084484384597, 'NONE', 'NONE', 'NONE', 0
'Weight_update', 'Compute', 8450.356818052913, 8523.537662896759, 73.18084484384597, 'NONE', 'NONE', 'NONE', 0
'Weight_update', 'Compute', 8523.537662896759, 8596.718507740605, 73.18084484384597, 'NONE', 'NONE', 'NONE', 0
'Weight_update', 'Compute', 8596.718507740605, 8669.89935258445, 73.18084484384597, 'NONE', 'NONE', 'NONE', 0
'Weight_update', 'Compute', 8669.89935258445, 8743.080197428297, 73.18084484384597, 'NONE', 'NONE', 'NONE', 0
'Weight_update', 'Compute', 8743.080197428297, 8816.261042272143, 73.18084484384597, 'NONE', 'NONE', 'NONE', 0
'Weight_update', 'Compute', 8816.261042272143, 8889.441887115989, 73.18084484384597, 'NONE', 'NONE', 'NONE', 0
'Weight_update', 'Compute', 8889.441887115989, 8962.622731959835, 73.18084484384597, 'NONE', 'NONE', 'NONE', 0
'Weight_update', 'Compute', 8962.622731959835, 9035.80357680368, 73.18084484384597, 'NONE', 'NONE', 'NONE', 0
'Weight_update', 'Compute', 9035.80357680368, 9108.984421647527, 73.18084484384597, 'NONE', 'NONE', 'NONE', 0
'Weight_update', 'Compute', 9108.984421647527, 9182.165266491373, 73.18084484384597, 'NONE', 'NONE', 'NONE', 0
'Weight_update', 'Compute', 9182.165266491373, 9255.346111335219, 73.18084484384597, 'NONE', 'NONE', 'NONE', 0
'Weight_update', 'Compute', 9255.346111335219, 9328.526956179065, 73.18084484384597, 'NONE', 'NONE', 'NONE', 0
'Weight_update', 'Compute', 9328.526956179065, 9401.70780102291, 73.18084484384597, 'NONE', 'NONE', 'NONE', 0
'Weight_update', 'Compute', 9401.70780102291, 9474.888645866757, 73.18084484384597, 'NONE', 'NONE', 'NONE', 0
'Weight_update', 'Compute', 9474.888645866757, 9548.069490710603, 73.18084484384597, 'NONE', 'NONE', 'NONE', 0
'Weight_update', 'Compute', 9548.069490710603, 9621.250335554449, 73.18084484384597, 'NONE', 'NONE', 'NONE', 0
'Weight_update', 'Compute', 9621.250335554449, 9694.431180398295, 73.18084484384597, 'NONE', 'NONE', 'NONE', 0
'Weight_update', 'Compute', 9694.431180398295, 9767.61202524214, 73.18084484384597, 'NONE', 'NONE', 'NONE', 0
'Weight_update', 'Compute', 9767.61202524214, 9840.792870085987, 73.18084484384597, 'NONE', 'NONE', 'NONE', 0
'Weight_update', 'Compute', 9840.792870085987, 9913.973714929833, 73.18084484384597, 'NONE', 'NONE', 'NONE', 0
'Weight_update', 'Compute', 9913.973714929833, 9987.154559773679, 73.18084484384597, 'NONE', 'NONE', 'NONE', 0
'Weight_update', 'Compute', 9987.154559773679, 10060.335404617525, 73.18084484384597, 'NONE', 'NONE', 'NONE', 0
'Weight_update', 'Compute', 10060.335404617525, 10133.51624946137, 73.18084484384597, 'NONE', 'NONE', 'NONE', 0
'Weight_update', 'Compute', 10133.51624946137, 10206.697094305217, 73.18084484384597, 'NONE', 'NONE', 'NONE', 0
'Weight_update', 'Compute', 10206.697094305217, 10279.877939149063, 73.18084484384597, 'NONE', 'NONE', 'NONE', 0
'Weight_update', 'Compute', 10279.877939149063, 10353.058783992909, 73.18084484384597, 'NONE', 'NONE', 'NONE', 0
'Weight_update', 'Compute', 10353.058783992909, 10426.239628836754, 73.18084484384597, 'NONE', 'NONE', 'NONE', 0
'Weight_update', 'Compute', 10426.239628836754, 10499.4204736806, 73.18084484384597, 'NONE', 'NONE', 'NONE', 0
'Weight_update', 'Compute', 10499.4204736806, 10572.601318524446, 73.18084484384597, 'NONE', 'NONE', 'NONE', 0
'Weight_update', 'Compute', 10572.601318524446, 10645.782163368292, 73.18084484384597, 'NONE', 'NONE', 'NONE', 0
'Weight_update', 'Compute', 10645.782163368292, 10718.963008212138, 73.18084484384597, 'NONE', 'NONE', 'NONE', 0
'Weight_update', 'Compute', 10718.963008212138, 10792.143853055984, 73.18084484384597, 'NONE', 'NONE', 'NONE', 0
'Weight_update', 'Compute', 10792.143853055984, 10865.32469789983, 73.18084484384597, 'NONE', 'NONE', 'NONE', 0
'Weight_update', 'Compute', 10865.32469789983, 10938.505542743676, 73.18084484384597, 'NONE', 'NONE', 'NONE', 0
'Weight_update', 'Compute', 10938.505542743676, 11011.686387587522, 73.18084484384597, 'NONE', 'NONE', 'NONE', 0
'Weight_update', 'Compute', 11011.686387587522, 11084.867232431368, 73.18084484384597, 'NONE', 'NONE', 'NONE', 0
'Weight_update', 'Compute', 11084.867232431368, 11158.048077275214, 73.18084484384597, 'NONE', 'NONE', 'NONE', 0
'Weight_update', 'Compute', 11158.048077275214, 11231.22892211906, 73.18084484384597, 'NONE', 'NONE', 'NONE', 0
'Weight_update', 'Compute', 11231.22892211906, 11304.409766962906, 73.18084484384597, 'NONE', 'NONE', 'NONE', 0
'Weight_update', 'Compute', 11304.409766962906, 11377.590611806752, 73.18084484384597, 'NONE', 'NONE', 'NONE', 0
'Weight_update', 'Compute', 11377.590611806752, 11450.771456650598, 73.18084484384597, 'NONE', 'NONE', 'NONE', 0
'Weight_update', 'Compute', 11450.771456650598, 11523.952301494444, 73.18084484384597, 'NONE', 'NONE', 'NONE', 0
'Weight_update', 'Compute', 11523.952301494444, 11597.13314633829, 73.18084484384597, 'NONE', 'NONE', 'NONE', 0
'Weight_update', 'Compute', 11597.13314633829, 11670.313991182136, 73.18084484384597, 'NONE', 'NONE', 'NONE', 0
'Weight_update', 'Compute', 11670.313991182136, 11743.494836025982, 73.18084484384597, 'NONE', 'NONE', 'NONE', 0
'Weight_update', 'Compute', 11743.494836025982, 11816.675680869828, 73.18084484384597, 'NONE', 'NONE', 'NONE', 0
'Weight_update', 'Compute', 11816.675680869828, 11889.856525713674, 73.18084484384597, 'NONE', 'NONE', 'NONE', 0
'Weight_update', 'Compute', 11889.856525713674, 11963.03737055752, 73.18084484384597, 'NONE', 'NONE', 'NONE', 0
'Weight_update', 'Compute', 11963.03737055752, 12036.218215401366, 73.18084484384597, 'NONE', 'NONE', 'NONE', 0
'Weight_update', 'Compute', 12036.218215401366, 12109.399060245212, 73.18084484384597, 'NONE', 'NONE', 'NONE', 0
'Weight_update', 'Compute', 12109.399060245212, 12182.579905089058, 73.18084484384597, 'NONE', 'NONE', 'NONE', 0
'Weight_update', 'Compute', 12182.579905089058, 12255.760749932904, 73.18084484384597, 'NONE', 'NONE', 'NONE', 0
'Weight_update', 'Compute', 12255.760749932904, 12328.94159477675, 73.18084484384597, 'NONE', 'NONE', 'NONE', 0
'Weight_update', 'Compute', 12328.94159477675, 12402.122439620596, 73.18084484384597, 'NONE', 'NONE', 'NONE', 0
'Weight_update', 'Compute', 12402.122439620596, 12475.303284464442, 73.18084484384597, 'NONE', 'NONE', 'NONE', 0
'Weight_update', 'Compute', 12475.303284464442, 12548.484129308288, 73.18084484384597, 'NONE', 'NONE', 'NONE', 0
'Weight_update', 'Compute', 12548.484129308288, 12621.664974152134, 73.18084484384597, 'NONE', 'NONE', 'NONE', 0
'Weight_update', 'Compute', 12621.664974152134, 12694.84581899598, 73.18084484384597, 'NONE', 'NONE', 'NONE', 0
'Weight_update', 'Compute', 12694.84581899598, 12768.026663839826, 73.18084484384597, 'NONE', 'NONE', 'NONE', 0
'Weight_update', 'Compute', 12768.026663839826, 12841.207508683672, 73.18084484384597, 'NONE', 'NONE', 'NONE', 0
'Weight_update', 'Compute', 12841.207508683672, 12914.388353527518, 73.18084484384597, 'NONE', 'NONE', 'NONE', 0
'Weight_update', 'Compute', 12914.388353527518, 12987.569198371364, 73.18084484384597, 'NONE', 'NONE', 'NONE', 0
'Weight_update', 'Compute', 12987.569198371364, 13060.75004321521, 73.18084484384597, 'NONE', 'NONE', 'NONE', 0
'Weight_update', 'Compute', 13060.75004321521, 13133.930888059056, 73.18084484384597, 'NONE', 'NONE', 'NONE', 0
'Weight_update', 'Compute', 13133.930888059056, 13207.111732902902, 73.18084484384597, 'NONE', 'NONE', 'NONE', 0
'Weight_update', 'Compute', 13207.111732902902, 13280.292577746748, 73.18084484384597, 'NONE', 'NONE', 'NONE', 0
'Weight_update', 'Compute', 13280.292577746748, 13353.473422590594, 73.18084484384597, 'NONE', 'NONE', 'NONE', 0
'Weight_update', 'Compute', 13353.473422590594, 13426.65426743444, 73.18084484384597, 'NONE', 'NONE', 'NONE', 0
'FWD_MHA', 'Compute', 13426.65426743444, 13452.502568686581, 25.84830125214084, 'NONE', 'NONE', 'NONE', 0
'FWD_TP_COMM_INTRA_0', 'Comm', 13452.502568686581, 13452.506147830994, 0.0035791444133333335, 51539607552.0, 'P2P', 'TP', 'INTRA', 4, 2, 3
'FWD_TP_COMM_INTRA_1', 'Comm', 13452.502568686581, 13452.506147830994, 0.0035791444133333335, 51539607552.0, 'P2P', 'TP', 'INTRA', 4, 2, 3
'FWD_TP_COMM_INTRA_2', 'Comm', 13452.502568686581, 13452.506147830994, 0.0035791444133333335, 51539607552.0, 'P2P', 'TP', 'INTRA', 4, 2, 3
'FWD_TP_COMM_INTRA_3', 'Comm', 13452.502568686581, 13452.506147830994, 0.0035791444133333335, 51539607552.0, 'P2P', 'TP', 'INTRA', 4, 2, 3
'FWD_TP_COMM_INTRA_4', 'Comm', 13452.502568686581, 13452.506147830994, 0.0035791444133333335, 51539607552.0, 'P2P', 'TP', 'INTRA', 4, 2, 3
'FWD_TP_COMM_INTRA_5', 'Comm', 13452.502568686581, 13452.506147830994, 0.0035791444133333335, 51539607552.0, 'P2P', 'TP', 'INTRA', 4, 2, 3
'FWD_FFN', 'Compute', 13452.524043553061, 13459.972637425732, 7.4485938726711, 'NONE', 'NONE', 'NONE', 0
'FWD_TP_COMM_INTRA_0', 'Comm', 13459.972637425732, 13459.976216570145, 0.0035791444133333335, 51539607552.0, 'P2P', 'TP', 'INTRA', 4, 2, 3
'FWD_TP_COMM_INTRA_1', 'Comm', 13459.972637425732, 13459.976216570145, 0.0035791444133333335, 51539607552.0, 'P2P', 'TP', 'INTRA', 4, 2, 3
'FWD_TP_COMM_INTRA_2', 'Comm', 13459.972637425732, 13459.976216570145, 0.0035791444133333335, 51539607552.0, 'P2P', 'TP', 'INTRA', 4, 2, 3
'FWD_TP_COMM_INTRA_3', 'Comm', 13459.972637425732, 13459.976216570145, 0.0035791444133333335, 51539607552.0, 'P2P', 'TP', 'INTRA', 4, 2, 3
'FWD_TP_COMM_INTRA_4', 'Comm', 13459.972637425732, 13459.976216570145, 0.0035791444133333335, 51539607552.0, 'P2P', 'TP', 'INTRA', 4, 2, 3
'FWD_TP_COMM_INTRA_5', 'Comm', 13459.972637425732, 13459.976216570145, 0.0035791444133333335, 51539607552.0, 'P2P', 'TP', 'INTRA', 4, 2, 3
'FWD_MHA', 'Compute', 13459.994112292212, 13485.842413544353, 25.84830125214084, 'NONE', 'NONE', 'NONE', 0
'FWD_TP_COMM_INTRA_0', 'Comm', 13485.842413544353, 13485.845992688766, 0.0035791444133333335, 51539607552.0, 'P2P', 'TP', 'INTRA', 4, 2, 3
'FWD_TP_COMM_INTRA_1', 'Comm', 13485.842413544353, 13485.845992688766, 0.0035791444133333335, 51539607552.0, 'P2P', 'TP', 'INTRA', 4, 2, 3
'FWD_TP_COMM_INTRA_2', 'Comm', 13485.842413544353, 13485.845992688766, 0.0035791444133333335, 51539607552.0, 'P2P', 'TP', 'INTRA', 4, 2, 3
'FWD_TP_COMM_INTRA_3', 'Comm', 13485.842413544353, 13485.845992688766, 0.0035791444133333335, 51539607552.0, 'P2P', 'TP', 'INTRA', 4, 2, 3
'FWD_TP_COMM_INTRA_4', 'Comm', 13485.842413544353, 13485.845992688766, 0.0035791444133333335, 51539607552.0, 'P2P', 'TP', 'INTRA', 4, 2, 3
'FWD_TP_COMM_INTRA_5', 'Comm', 13485.842413544353, 13485.845992688766, 0.0035791444133333335, 51539607552.0, 'P2P', 'TP', 'INTRA', 4, 2, 3
'FWD_FFN', 'Compute', 13485.863888410833, 13493.312482283503, 7.4485938726711, 'NONE', 'NONE', 'NONE', 0
'FWD_TP_COMM_INTRA_0', 'Comm', 13493.312482283503, 13493.316061427917, 0.0035791444133333335, 51539607552.0, 'P2P', 'TP', 'INTRA', 4, 2, 3
'FWD_TP_COMM_INTRA_1', 'Comm', 13493.312482283503, 13493.316061427917, 0.0035791444133333335, 51539607552.0, 'P2P', 'TP', 'INTRA', 4, 2, 3
'FWD_TP_COMM_INTRA_2', 'Comm', 13493.312482283503, 13493.316061427917, 0.0035791444133333335, 51539607552.0, 'P2P', 'TP', 'INTRA', 4, 2, 3
'FWD_TP_COMM_INTRA_3', 'Comm', 13493.312482283503, 13493.316061427917, 0.0035791444133333335, 51539607552.0, 'P2P', 'TP', 'INTRA', 4, 2, 3
'FWD_TP_COMM_INTRA_4', 'Comm', 13493.312482283503, 13493.316061427917, 0.0035791444133333335, 51539607552.0, 'P2P', 'TP', 'INTRA', 4, 2, 3
'FWD_TP_COMM_INTRA_5', 'Comm', 13493.312482283503, 13493.316061427917, 0.0035791444133333335, 51539607552.0, 'P2P', 'TP', 'INTRA', 4, 2, 3
'FWD_MHA', 'Compute', 13493.333957149984, 13519.182258402125, 25.84830125214084, 'NONE', 'NONE', 'NONE', 0
'FWD_TP_COMM_INTRA_0', 'Comm', 13519.182258402125, 13519.185837546538, 0.0035791444133333335, 51539607552.0, 'P2P', 'TP', 'INTRA', 4, 2, 3
'FWD_TP_COMM_INTRA_1', 'Comm', 13519.182258402125, 13519.185837546538, 0.0035791444133333335, 51539607552.0, 'P2P', 'TP', 'INTRA', 4, 2, 3
'FWD_TP_COMM_INTRA_2', 'Comm', 13519.182258402125, 13519.185837546538, 0.0035791444133333335, 51539607552.0, 'P2P', 'TP', 'INTRA', 4, 2, 3
'FWD_TP_COMM_INTRA_3', 'Comm', 13519.182258402125, 13519.185837546538, 0.0035791444133333335, 51539607552.0, 'P2P', 'TP', 'INTRA', 4, 2, 3
'FWD_TP_COMM_INTRA_4', 'Comm', 13519.182258402125, 13519.185837546538, 0.0035791444133333335, 51539607552.0, 'P2P', 'TP', 'INTRA', 4, 2, 3
'FWD_TP_COMM_INTRA_5', 'Comm', 13519.182258402125, 13519.185837546538, 0.0035791444133333335, 51539607552.0, 'P2P', 'TP', 'INTRA', 4, 2, 3
'FWD_FFN', 'Compute', 13519.203733268605, 13526.652327141275, 7.4485938726711, 'NONE', 'NONE', 'NONE', 0
'FWD_TP_COMM_INTRA_0', 'Comm', 13526.652327141275, 13526.655906285689, 0.0035791444133333335, 51539607552.0, 'P2P', 'TP', 'INTRA', 4, 2, 3
'FWD_TP_COMM_INTRA_1', 'Comm', 13526.652327141275, 13526.655906285689, 0.0035791444133333335, 51539607552.0, 'P2P', 'TP', 'INTRA', 4, 2, 3
'FWD_TP_COMM_INTRA_2', 'Comm', 13526.652327141275, 13526.655906285689, 0.0035791444133333335, 51539607552.0, 'P2P', 'TP', 'INTRA', 4, 2, 3
'FWD_TP_COMM_INTRA_3', 'Comm', 13526.652327141275, 13526.655906285689, 0.0035791444133333335, 51539607552.0, 'P2P', 'TP', 'INTRA', 4, 2, 3
'FWD_TP_COMM_INTRA_4', 'Comm', 13526.652327141275, 13526.655906285689, 0.0035791444133333335, 51539607552.0, 'P2P', 'TP', 'INTRA', 4, 2, 3
'FWD_TP_COMM_INTRA_5', 'Comm', 13526.652327141275, 13526.655906285689, 0.0035791444133333335, 51539607552.0, 'P2P', 'TP', 'INTRA', 4, 2, 3
'FWD_MHA', 'Compute', 13526.673802007756, 13552.522103259897, 25.84830125214084, 'NONE', 'NONE', 'NONE', 0
'FWD_TP_COMM_INTRA_0', 'Comm', 13552.522103259897, 13552.52568240431, 0.0035791444133333335, 51539607552.0, 'P2P', 'TP', 'INTRA', 4, 2, 3
'FWD_TP_COMM_INTRA_1', 'Comm', 13552.522103259897, 13552.52568240431, 0.0035791444133333335, 51539607552.0, 'P2P', 'TP', 'INTRA', 4, 2, 3
'FWD_TP_COMM_INTRA_2', 'Comm', 13552.522103259897, 13552.52568240431, 0.0035791444133333335, 51539607552.0, 'P2P', 'TP', 'INTRA', 4, 2, 3
'FWD_TP_COMM_INTRA_3', 'Comm', 13552.522103259897, 13552.52568240431, 0.0035791444133333335, 51539607552.0, 'P2P', 'TP', 'INTRA', 4, 2, 3
'FWD_TP_COMM_INTRA_4', 'Comm', 13552.522103259897, 13552.52568240431, 0.0035791444133333335, 51539607552.0, 'P2P', 'TP', 'INTRA', 4, 2, 3
'FWD_TP_COMM_INTRA_5', 'Comm', 13552.522103259897, 13552.52568240431, 0.0035791444133333335, 51539607552.0, 'P2P', 'TP', 'INTRA', 4, 2, 3
'FWD_FFN', 'Compute', 13552.543578126377, 13559.992171999047, 7.4485938726711, 'NONE', 'NONE', 'NONE', 0
'FWD_TP_COMM_INTRA_0', 'Comm', 13559.992171999047, 13559.99575114346, 0.0035791444133333335, 51539607552.0, 'P2P', 'TP', 'INTRA', 4, 2, 3
'FWD_TP_COMM_INTRA_1', 'Comm', 13559.992171999047, 13559.99575114346, 0.0035791444133333335, 51539607552.0, 'P2P', 'TP', 'INTRA', 4, 2, 3
'FWD_TP_COMM_INTRA_2', 'Comm', 13559.992171999047, 13559.99575114346, 0.0035791444133333335, 51539607552.0, 'P2P', 'TP', 'INTRA', 4, 2, 3
'FWD_TP_COMM_INTRA_3', 'Comm', 13559.992171999047, 13559.99575114346, 0.0035791444133333335, 51539607552.0, 'P2P', 'TP', 'INTRA', 4, 2, 3
'FWD_TP_COMM_INTRA_4', 'Comm', 13559.992171999047, 13559.99575114346, 0.0035791444133333335, 51539607552.0, 'P2P', 'TP', 'INTRA', 4, 2, 3
'FWD_TP_COMM_INTRA_5', 'Comm', 13559.992171999047, 13559.99575114346, 0.0035791444133333335, 51539607552.0, 'P2P', 'TP', 'INTRA', 4, 2, 3
'FWD_MHA', 'Compute', 13560.013646865527, 13585.861948117668, 25.84830125214084, 'NONE', 'NONE', 'NONE', 0
'FWD_TP_COMM_INTRA_0', 'Comm', 13585.861948117668, 13585.865527262082, 0.0035791444133333335, 51539607552.0, 'P2P', 'TP', 'INTRA', 4, 2, 3
'FWD_TP_COMM_INTRA_1', 'Comm', 13585.861948117668, 13585.865527262082, 0.0035791444133333335, 51539607552.0, 'P2P', 'TP', 'INTRA', 4, 2, 3
'FWD_TP_COMM_INTRA_2', 'Comm', 13585.861948117668, 13585.865527262082, 0.0035791444133333335, 51539607552.0, 'P2P', 'TP', 'INTRA', 4, 2, 3
'FWD_TP_COMM_INTRA_3', 'Comm', 13585.861948117668, 13585.865527262082, 0.0035791444133333335, 51539607552.0, 'P2P', 'TP', 'INTRA', 4, 2, 3
'FWD_TP_COMM_INTRA_4', 'Comm', 13585.861948117668, 13585.865527262082, 0.0035791444133333335, 51539607552.0, 'P2P', 'TP', 'INTRA', 4, 2, 3
'FWD_TP_COMM_INTRA_5', 'Comm', 13585.861948117668, 13585.865527262082, 0.0035791444133333335, 51539607552.0, 'P2P', 'TP', 'INTRA', 4, 2, 3
'FWD_FFN', 'Compute', 13585.883422984149, 13593.332016856819, 7.4485938726711, 'NONE', 'NONE', 'NONE', 0
'FWD_TP_COMM_INTRA_0', 'Comm', 13593.332016856819, 13593.335596001232, 0.0035791444133333335, 51539607552.0, 'P2P', 'TP', 'INTRA', 4, 2, 3
'FWD_TP_COMM_INTRA_1', 'Comm', 13593.332016856819, 13593.335596001232, 0.0035791444133333335, 51539607552.0, 'P2P', 'TP', 'INTRA', 4, 2, 3
'FWD_TP_COMM_INTRA_2', 'Comm', 13593.332016856819, 13593.335596001232, 0.0035791444133333335, 51539607552.0, 'P2P', 'TP', 'INTRA', 4, 2, 3
'FWD_TP_COMM_INTRA_3', 'Comm', 13593.332016856819, 13593.335596001232, 0.0035791444133333335, 51539607552.0, 'P2P', 'TP', 'INTRA', 4, 2, 3
'FWD_TP_COMM_INTRA_4', 'Comm', 13593.332016856819, 13593.335596001232, 0.0035791444133333335, 51539607552.0, 'P2P', 'TP', 'INTRA', 4, 2, 3
'FWD_TP_COMM_INTRA_5', 'Comm', 13593.332016856819, 13593.335596001232, 0.0035791444133333335, 51539607552.0, 'P2P', 'TP', 'INTRA', 4, 2, 3
'FWD_MHA', 'Compute', 13593.3534917233, 13619.20179297544, 25.84830125214084, 'NONE', 'NONE', 'NONE', 0
'FWD_TP_COMM_INTRA_0', 'Comm', 13619.20179297544, 13619.205372119854, 0.0035791444133333335, 51539607552.0, 'P2P', 'TP', 'INTRA', 4, 2, 3
'FWD_TP_COMM_INTRA_1', 'Comm', 13619.20179297544, 13619.205372119854, 0.0035791444133333335, 51539607552.0, 'P2P', 'TP', 'INTRA', 4, 2, 3
'FWD_TP_COMM_INTRA_2', 'Comm', 13619.20179297544, 13619.205372119854, 0.0035791444133333335, 51539607552.0, 'P2P', 'TP', 'INTRA', 4, 2, 3
'FWD_TP_COMM_INTRA_3', 'Comm', 13619.20179297544, 13619.205372119854, 0.0035791444133333335, 51539607552.0, 'P2P', 'TP', 'INTRA', 4, 2, 3
'FWD_TP_COMM_INTRA_4', 'Comm', 13619.20179297544, 13619.205372119854, 0.0035791444133333335, 51539607552.0, 'P2P', 'TP', 'INTRA', 4, 2, 3
'FWD_TP_COMM_INTRA_5', 'Comm', 13619.20179297544, 13619.205372119854, 0.0035791444133333335, 51539607552.0, 'P2P', 'TP', 'INTRA', 4, 2, 3
'FWD_FFN', 'Compute', 13619.22326784192, 13626.67186171459, 7.4485938726711, 'NONE', 'NONE', 'NONE', 0
'FWD_TP_COMM_INTRA_0', 'Comm', 13626.67186171459, 13626.675440859004, 0.0035791444133333335, 51539607552.0, 'P2P', 'TP', 'INTRA', 4, 2, 3
'FWD_TP_COMM_INTRA_1', 'Comm', 13626.67186171459, 13626.675440859004, 0.0035791444133333335, 51539607552.0, 'P2P', 'TP', 'INTRA', 4, 2, 3
'FWD_TP_COMM_INTRA_2', 'Comm', 13626.67186171459, 13626.675440859004, 0.0035791444133333335, 51539607552.0, 'P2P', 'TP', 'INTRA', 4, 2, 3
'FWD_TP_COMM_INTRA_3', 'Comm', 13626.67186171459, 13626.675440859004, 0.0035791444133333335, 51539607552.0, 'P2P', 'TP', 'INTRA', 4, 2, 3
'FWD_TP_COMM_INTRA_4', 'Comm', 13626.67186171459, 13626.675440859004, 0.0035791444133333335, 51539607552.0, 'P2P', 'TP', 'INTRA', 4, 2, 3
'FWD_TP_COMM_INTRA_5', 'Comm', 13626.67186171459, 13626.675440859004, 0.0035791444133333335, 51539607552.0, 'P2P', 'TP', 'INTRA', 4, 2, 3
'FWD_MHA', 'Compute', 13626.693336581071, 13652.541637833212, 25.84830125214084, 'NONE', 'NONE', 'NONE', 0
'FWD_TP_COMM_INTRA_0', 'Comm', 13652.541637833212, 13652.545216977625, 0.0035791444133333335, 51539607552.0, 'P2P', 'TP', 'INTRA', 4, 2, 3
'FWD_TP_COMM_INTRA_1', 'Comm', 13652.541637833212, 13652.545216977625, 0.0035791444133333335, 51539607552.0, 'P2P', 'TP', 'INTRA', 4, 2, 3
'FWD_TP_COMM_INTRA_2', 'Comm', 13652.541637833212, 13652.545216977625, 0.0035791444133333335, 51539607552.0, 'P2P', 'TP', 'INTRA', 4, 2, 3
'FWD_TP_COMM_INTRA_3', 'Comm', 13652.541637833212, 13652.545216977625, 0.0035791444133333335, 51539607552.0, 'P2P', 'TP', 'INTRA', 4, 2, 3
'FWD_TP_COMM_INTRA_4', 'Comm', 13652.541637833212, 13652.545216977625, 0.0035791444133333335, 51539607552.0, 'P2P', 'TP', 'INTRA', 4, 2, 3
'FWD_TP_COMM_INTRA_5', 'Comm', 13652.541637833212, 13652.545216977625, 0.0035791444133333335, 51539607552.0, 'P2P', 'TP', 'INTRA', 4, 2, 3
'FWD_FFN', 'Compute', 13652.563112699692, 13660.011706572363, 7.4485938726711, 'NONE', 'NONE', 'NONE', 0
'FWD_TP_COMM_INTRA_0', 'Comm', 13660.011706572363, 13660.015285716776, 0.0035791444133333335, 51539607552.0, 'P2P', 'TP', 'INTRA', 4, 2, 3
'FWD_TP_COMM_INTRA_1', 'Comm', 13660.011706572363, 13660.015285716776, 0.0035791444133333335, 51539607552.0, 'P2P', 'TP', 'INTRA', 4, 2, 3
'FWD_TP_COMM_INTRA_2', 'Comm', 13660.011706572363, 13660.015285716776, 0.0035791444133333335, 51539607552.0, 'P2P', 'TP', 'INTRA', 4, 2, 3
'FWD_TP_COMM_INTRA_3', 'Comm', 13660.011706572363, 13660.015285716776, 0.0035791444133333335, 51539607552.0, 'P2P', 'TP', 'INTRA', 4, 2, 3
'FWD_TP_COMM_INTRA_4', 'Comm', 13660.011706572363, 13660.015285716776, 0.0035791444133333335, 51539607552.0, 'P2P', 'TP', 'INTRA', 4, 2, 3
'FWD_TP_COMM_INTRA_5', 'Comm', 13660.011706572363, 13660.015285716776, 0.0035791444133333335, 51539607552.0, 'P2P', 'TP', 'INTRA', 4, 2, 3
'FWD_MHA', 'Compute', 13660.033181438843, 13685.881482690984, 25.84830125214084, 'NONE', 'NONE', 'NONE', 0
'FWD_TP_COMM_INTRA_0', 'Comm', 13685.881482690984, 13685.885061835397, 0.0035791444133333335, 51539607552.0, 'P2P', 'TP', 'INTRA', 4, 2, 3
'FWD_TP_COMM_INTRA_1', 'Comm', 13685.881482690984, 13685.885061835397, 0.0035791444133333335, 51539607552.0, 'P2P', 'TP', 'INTRA', 4, 2, 3
'FWD_TP_COMM_INTRA_2', 'Comm', 13685.881482690984, 13685.885061835397, 0.0035791444133333335, 51539607552.0, 'P2P', 'TP', 'INTRA', 4, 2, 3
'FWD_TP_COMM_INTRA_3', 'Comm', 13685.881482690984, 13685.885061835397, 0.0035791444133333335, 51539607552.0, 'P2P', 'TP', 'INTRA', 4, 2, 3
'FWD_TP_COMM_INTRA_4', 'Comm', 13685.881482690984, 13685.885061835397, 0.0035791444133333335, 51539607552.0, 'P2P', 'TP', 'INTRA', 4, 2, 3
'FWD_TP_COMM_INTRA_5', 'Comm', 13685.881482690984, 13685.885061835397, 0.0035791444133333335, 51539607552.0, 'P2P', 'TP', 'INTRA', 4, 2, 3
'FWD_FFN', 'Compute', 13685.902957557464, 13693.351551430134, 7.4485938726711, 'NONE', 'NONE', 'NONE', 0
'FWD_TP_COMM_INTRA_0', 'Comm', 13693.351551430134, 13693.355130574548, 0.0035791444133333335, 51539607552.0, 'P2P', 'TP', 'INTRA', 4, 2, 3
'FWD_TP_COMM_INTRA_1', 'Comm', 13693.351551430134, 13693.355130574548, 0.0035791444133333335, 51539607552.0, 'P2P', 'TP', 'INTRA', 4, 2, 3
'FWD_TP_COMM_INTRA_2', 'Comm', 13693.351551430134, 13693.355130574548, 0.0035791444133333335, 51539607552.0, 'P2P', 'TP', 'INTRA', 4, 2, 3
'FWD_TP_COMM_INTRA_3', 'Comm', 13693.351551430134, 13693.355130574548, 0.0035791444133333335, 51539607552.0, 'P2P', 'TP', 'INTRA', 4, 2, 3
'FWD_TP_COMM_INTRA_4', 'Comm', 13693.351551430134, 13693.355130574548, 0.0035791444133333335, 51539607552.0, 'P2P', 'TP', 'INTRA', 4, 2, 3
'FWD_TP_COMM_INTRA_5', 'Comm', 13693.351551430134, 13693.355130574548, 0.0035791444133333335, 51539607552.0, 'P2P', 'TP', 'INTRA', 4, 2, 3
'FWD_MHA', 'Compute', 13693.373026296615, 13719.221327548756, 25.84830125214084, 'NONE', 'NONE', 'NONE', 0
'FWD_TP_COMM_INTRA_0', 'Comm', 13719.221327548756, 13719.224906693169, 0.0035791444133333335, 51539607552.0, 'P2P', 'TP', 'INTRA', 4, 2, 3
'FWD_TP_COMM_INTRA_1', 'Comm', 13719.221327548756, 13719.224906693169, 0.0035791444133333335, 51539607552.0, 'P2P', 'TP', 'INTRA', 4, 2, 3
'FWD_TP_COMM_INTRA_2', 'Comm', 13719.221327548756, 13719.224906693169, 0.0035791444133333335, 51539607552.0, 'P2P', 'TP', 'INTRA', 4, 2, 3
'FWD_TP_COMM_INTRA_3', 'Comm', 13719.221327548756, 13719.224906693169, 0.0035791444133333335, 51539607552.0, 'P2P', 'TP', 'INTRA', 4, 2, 3
'FWD_TP_COMM_INTRA_4', 'Comm', 13719.221327548756, 13719.224906693169, 0.0035791444133333335, 51539607552.0, 'P2P', 'TP', 'INTRA', 4, 2, 3
'FWD_TP_COMM_INTRA_5', 'Comm', 13719.221327548756, 13719.224906693169, 0.0035791444133333335, 51539607552.0, 'P2P', 'TP', 'INTRA', 4, 2, 3
'FWD_FFN', 'Compute', 13719.242802415236, 13726.691396287906, 7.4485938726711, 'NONE', 'NONE', 'NONE', 0
'FWD_TP_COMM_INTRA_0', 'Comm', 13726.691396287906, 13726.69497543232, 0.0035791444133333335, 51539607552.0, 'P2P', 'TP', 'INTRA', 4, 2, 3
'FWD_TP_COMM_INTRA_1', 'Comm', 13726.691396287906, 13726.69497543232, 0.0035791444133333335, 51539607552.0, 'P2P', 'TP', 'INTRA', 4, 2, 3
'FWD_TP_COMM_INTRA_2', 'Comm', 13726.691396287906, 13726.69497543232, 0.0035791444133333335, 51539607552.0, 'P2P', 'TP', 'INTRA', 4, 2, 3
'FWD_TP_COMM_INTRA_3', 'Comm', 13726.691396287906, 13726.69497543232, 0.0035791444133333335, 51539607552.0, 'P2P', 'TP', 'INTRA', 4, 2, 3
'FWD_TP_COMM_INTRA_4', 'Comm', 13726.691396287906, 13726.69497543232, 0.0035791444133333335, 51539607552.0, 'P2P', 'TP', 'INTRA', 4, 2, 3
'FWD_TP_COMM_INTRA_5', 'Comm', 13726.691396287906, 13726.69497543232, 0.0035791444133333335, 51539607552.0, 'P2P', 'TP', 'INTRA', 4, 2, 3
'FWD_MHA', 'Compute', 13726.712871154386, 13752.561172406527, 25.84830125214084, 'NONE', 'NONE', 'NONE', 0
'FWD_TP_COMM_INTRA_0', 'Comm', 13752.561172406527, 13752.56475155094, 0.0035791444133333335, 51539607552.0, 'P2P', 'TP', 'INTRA', 4, 2, 3
'FWD_TP_COMM_INTRA_1', 'Comm', 13752.561172406527, 13752.56475155094, 0.0035791444133333335, 51539607552.0, 'P2P', 'TP', 'INTRA', 4, 2, 3
'FWD_TP_COMM_INTRA_2', 'Comm', 13752.561172406527, 13752.56475155094, 0.0035791444133333335, 51539607552.0, 'P2P', 'TP', 'INTRA', 4, 2, 3
'FWD_TP_COMM_INTRA_3', 'Comm', 13752.561172406527, 13752.56475155094, 0.0035791444133333335, 51539607552.0, 'P2P', 'TP', 'INTRA', 4, 2, 3
'FWD_TP_COMM_INTRA_4', 'Comm', 13752.561172406527, 13752.56475155094, 0.0035791444133333335, 51539607552.0, 'P2P', 'TP', 'INTRA', 4, 2, 3
'FWD_TP_COMM_INTRA_5', 'Comm', 13752.561172406527, 13752.56475155094, 0.0035791444133333335, 51539607552.0, 'P2P', 'TP', 'INTRA', 4, 2, 3
'FWD_FFN', 'Compute', 13752.582647273008, 13760.031241145678, 7.4485938726711, 'NONE', 'NONE', 'NONE', 0
'FWD_TP_COMM_INTRA_0', 'Comm', 13760.031241145678, 13760.034820290091, 0.0035791444133333335, 51539607552.0, 'P2P', 'TP', 'INTRA', 4, 2, 3
'FWD_TP_COMM_INTRA_1', 'Comm', 13760.031241145678, 13760.034820290091, 0.0035791444133333335, 51539607552.0, 'P2P', 'TP', 'INTRA', 4, 2, 3
'FWD_TP_COMM_INTRA_2', 'Comm', 13760.031241145678, 13760.034820290091, 0.0035791444133333335, 51539607552.0, 'P2P', 'TP', 'INTRA', 4, 2, 3
'FWD_TP_COMM_INTRA_3', 'Comm', 13760.031241145678, 13760.034820290091, 0.0035791444133333335, 51539607552.0, 'P2P', 'TP', 'INTRA', 4, 2, 3
'FWD_TP_COMM_INTRA_4', 'Comm', 13760.031241145678, 13760.034820290091, 0.0035791444133333335, 51539607552.0, 'P2P', 'TP', 'INTRA', 4, 2, 3
'FWD_TP_COMM_INTRA_5', 'Comm', 13760.031241145678, 13760.034820290091, 0.0035791444133333335, 51539607552.0, 'P2P', 'TP', 'INTRA', 4, 2, 3
'FWD_MHA', 'Compute', 13760.052716012158, 13785.9010172643, 25.84830125214084, 'NONE', 'NONE', 'NONE', 0
'FWD_TP_COMM_INTRA_0', 'Comm', 13785.9010172643, 13785.904596408713, 0.0035791444133333335, 51539607552.0, 'P2P', 'TP', 'INTRA', 4, 2, 3
'FWD_TP_COMM_INTRA_1', 'Comm', 13785.9010172643, 13785.904596408713, 0.0035791444133333335, 51539607552.0, 'P2P', 'TP', 'INTRA', 4, 2, 3
'FWD_TP_COMM_INTRA_2', 'Comm', 13785.9010172643, 13785.904596408713, 0.0035791444133333335, 51539607552.0, 'P2P', 'TP', 'INTRA', 4, 2, 3
'FWD_TP_COMM_INTRA_3', 'Comm', 13785.9010172643, 13785.904596408713, 0.0035791444133333335, 51539607552.0, 'P2P', 'TP', 'INTRA', 4, 2, 3
'FWD_TP_COMM_INTRA_4', 'Comm', 13785.9010172643, 13785.904596408713, 0.0035791444133333335, 51539607552.0, 'P2P', 'TP', 'INTRA', 4, 2, 3
'FWD_TP_COMM_INTRA_5', 'Comm', 13785.9010172643, 13785.904596408713, 0.0035791444133333335, 51539607552.0, 'P2P', 'TP', 'INTRA', 4, 2, 3
'FWD_FFN', 'Compute', 13785.92249213078, 13793.37108600345, 7.4485938726711, 'NONE', 'NONE', 'NONE', 0
'FWD_TP_COMM_INTRA_0', 'Comm', 13793.37108600345, 13793.374665147863, 0.0035791444133333335, 51539607552.0, 'P2P', 'TP', 'INTRA', 4, 2, 3
'FWD_TP_COMM_INTRA_1', 'Comm', 13793.37108600345, 13793.374665147863, 0.0035791444133333335, 51539607552.0, 'P2P', 'TP', 'INTRA', 4, 2, 3
'FWD_TP_COMM_INTRA_2', 'Comm', 13793.37108600345, 13793.374665147863, 0.0035791444133333335, 51539607552.0, 'P2P', 'TP', 'INTRA', 4, 2, 3
'FWD_TP_COMM_INTRA_3', 'Comm', 13793.37108600345, 13793.374665147863, 0.0035791444133333335, 51539607552.0, 'P2P', 'TP', 'INTRA', 4, 2, 3
'FWD_TP_COMM_INTRA_4', 'Comm', 13793.37108600345, 13793.374665147863, 0.0035791444133333335, 51539607552.0, 'P2P', 'TP', 'INTRA', 4, 2, 3
'FWD_TP_COMM_INTRA_5', 'Comm', 13793.37108600345, 13793.374665147863, 0.0035791444133333335, 51539607552.0, 'P2P', 'TP', 'INTRA', 4, 2, 3
'FWD_MHA', 'Compute', 13793.39256086993, 13819.240862122071, 25.84830125214084, 'NONE', 'NONE', 'NONE', 0
'FWD_TP_COMM_INTRA_0', 'Comm', 13819.240862122071, 13819.244441266485, 0.0035791444133333335, 51539607552.0, 'P2P', 'TP', 'INTRA', 4, 2, 3
'FWD_TP_COMM_INTRA_1', 'Comm', 13819.240862122071, 13819.244441266485, 0.0035791444133333335, 51539607552.0, 'P2P', 'TP', 'INTRA', 4, 2, 3
'FWD_TP_COMM_INTRA_2', 'Comm', 13819.240862122071, 13819.244441266485, 0.0035791444133333335, 51539607552.0, 'P2P', 'TP', 'INTRA', 4, 2, 3
'FWD_TP_COMM_INTRA_3', 'Comm', 13819.240862122071, 13819.244441266485, 0.0035791444133333335, 51539607552.0, 'P2P', 'TP', 'INTRA', 4, 2, 3
'FWD_TP_COMM_INTRA_4', 'Comm', 13819.240862122071, 13819.244441266485, 0.0035791444133333335, 51539607552.0, 'P2P', 'TP', 'INTRA', 4, 2, 3
'FWD_TP_COMM_INTRA_5', 'Comm', 13819.240862122071, 13819.244441266485, 0.0035791444133333335, 51539607552.0, 'P2P', 'TP', 'INTRA', 4, 2, 3
'FWD_FFN', 'Compute', 13819.262336988551, 13826.710930861222, 7.4485938726711, 'NONE', 'NONE', 'NONE', 0
'FWD_TP_COMM_INTRA_0', 'Comm', 13826.710930861222, 13826.714510005635, 0.0035791444133333335, 51539607552.0, 'P2P', 'TP', 'INTRA', 4, 2, 3
'FWD_TP_COMM_INTRA_1', 'Comm', 13826.710930861222, 13826.714510005635, 0.0035791444133333335, 51539607552.0, 'P2P', 'TP', 'INTRA', 4, 2, 3
'FWD_TP_COMM_INTRA_2', 'Comm', 13826.710930861222, 13826.714510005635, 0.0035791444133333335, 51539607552.0, 'P2P', 'TP', 'INTRA', 4, 2, 3
'FWD_TP_COMM_INTRA_3', 'Comm', 13826.710930861222, 13826.714510005635, 0.0035791444133333335, 51539607552.0, 'P2P', 'TP', 'INTRA', 4, 2, 3
'FWD_TP_COMM_INTRA_4', 'Comm', 13826.710930861222, 13826.714510005635, 0.0035791444133333335, 51539607552.0, 'P2P', 'TP', 'INTRA', 4, 2, 3
'FWD_TP_COMM_INTRA_5', 'Comm', 13826.710930861222, 13826.714510005635, 0.0035791444133333335, 51539607552.0, 'P2P', 'TP', 'INTRA', 4, 2, 3
'FWD_MHA', 'Compute', 13826.732405727702, 13852.580706979843, 25.84830125214084, 'NONE', 'NONE', 'NONE', 0
'FWD_TP_COMM_INTRA_0', 'Comm', 13852.580706979843, 13852.584286124256, 0.0035791444133333335, 51539607552.0, 'P2P', 'TP', 'INTRA', 4, 2, 3
'FWD_TP_COMM_INTRA_1', 'Comm', 13852.580706979843, 13852.584286124256, 0.0035791444133333335, 51539607552.0, 'P2P', 'TP', 'INTRA', 4, 2, 3
'FWD_TP_COMM_INTRA_2', 'Comm', 13852.580706979843, 13852.584286124256, 0.0035791444133333335, 51539607552.0, 'P2P', 'TP', 'INTRA', 4, 2, 3
'FWD_TP_COMM_INTRA_3', 'Comm', 13852.580706979843, 13852.584286124256, 0.0035791444133333335, 51539607552.0, 'P2P', 'TP', 'INTRA', 4, 2, 3
'FWD_TP_COMM_INTRA_4', 'Comm', 13852.580706979843, 13852.584286124256, 0.0035791444133333335, 51539607552.0, 'P2P', 'TP', 'INTRA', 4, 2, 3
'FWD_TP_COMM_INTRA_5', 'Comm', 13852.580706979843, 13852.584286124256, 0.0035791444133333335, 51539607552.0, 'P2P', 'TP', 'INTRA', 4, 2, 3
'FWD_FFN', 'Compute', 13852.602181846323, 13860.050775718993, 7.4485938726711, 'NONE', 'NONE', 'NONE', 0
'FWD_TP_COMM_INTRA_0', 'Comm', 13860.050775718993, 13860.054354863407, 0.0035791444133333335, 51539607552.0, 'P2P', 'TP', 'INTRA', 4, 2, 3
'FWD_TP_COMM_INTRA_1', 'Comm', 13860.050775718993, 13860.054354863407, 0.0035791444133333335, 51539607552.0, 'P2P', 'TP', 'INTRA', 4, 2, 3
'FWD_TP_COMM_INTRA_2', 'Comm', 13860.050775718993, 13860.054354863407, 0.0035791444133333335, 51539607552.0, 'P2P', 'TP', 'INTRA', 4, 2, 3
'FWD_TP_COMM_INTRA_3', 'Comm', 13860.050775718993, 13860.054354863407, 0.0035791444133333335, 51539607552.0, 'P2P', 'TP', 'INTRA', 4, 2, 3
'FWD_TP_COMM_INTRA_4', 'Comm', 13860.050775718993, 13860.054354863407, 0.0035791444133333335, 51539607552.0, 'P2P', 'TP', 'INTRA', 4, 2, 3
'FWD_TP_COMM_INTRA_5', 'Comm', 13860.050775718993, 13860.054354863407, 0.0035791444133333335, 51539607552.0, 'P2P', 'TP', 'INTRA', 4, 2, 3
'FWD_MHA', 'Compute', 13860.072250585474, 13885.920551837615, 25.84830125214084, 'NONE', 'NONE', 'NONE', 0
'FWD_TP_COMM_INTRA_0', 'Comm', 13885.920551837615, 13885.924130982028, 0.0035791444133333335, 51539607552.0, 'P2P', 'TP', 'INTRA', 4, 2, 3
'FWD_TP_COMM_INTRA_1', 'Comm', 13885.920551837615, 13885.924130982028, 0.0035791444133333335, 51539607552.0, 'P2P', 'TP', 'INTRA', 4, 2, 3
'FWD_TP_COMM_INTRA_2', 'Comm', 13885.920551837615, 13885.924130982028, 0.0035791444133333335, 51539607552.0, 'P2P', 'TP', 'INTRA', 4, 2, 3
'FWD_TP_COMM_INTRA_3', 'Comm', 13885.920551837615, 13885.924130982028, 0.0035791444133333335, 51539607552.0, 'P2P', 'TP', 'INTRA', 4, 2, 3
'FWD_TP_COMM_INTRA_4', 'Comm', 13885.920551837615, 13885.924130982028, 0.0035791444133333335, 51539607552.0, 'P2P', 'TP', 'INTRA', 4, 2, 3
'FWD_TP_COMM_INTRA_5', 'Comm', 13885.920551837615, 13885.924130982028, 0.0035791444133333335, 51539607552.0, 'P2P', 'TP', 'INTRA', 4, 2, 3
'FWD_FFN', 'Compute', 13885.942026704095, 13893.390620576765, 7.4485938726711, 'NONE', 'NONE', 'NONE', 0
'FWD_TP_COMM_INTRA_0', 'Comm', 13893.390620576765, 13893.394199721179, 0.0035791444133333335, 51539607552.0, 'P2P', 'TP', 'INTRA', 4, 2, 3
'FWD_TP_COMM_INTRA_1', 'Comm', 13893.390620576765, 13893.394199721179, 0.0035791444133333335, 51539607552.0, 'P2P', 'TP', 'INTRA', 4, 2, 3
'FWD_TP_COMM_INTRA_2', 'Comm', 13893.390620576765, 13893.394199721179, 0.0035791444133333335, 51539607552.0, 'P2P', 'TP', 'INTRA', 4, 2, 3
'FWD_TP_COMM_INTRA_3', 'Comm', 13893.390620576765, 13893.394199721179, 0.0035791444133333335, 51539607552.0, 'P2P', 'TP', 'INTRA', 4, 2, 3
'FWD_TP_COMM_INTRA_4', 'Comm', 13893.390620576765, 13893.394199721179, 0.0035791444133333335, 51539607552.0, 'P2P', 'TP', 'INTRA', 4, 2, 3
'FWD_TP_COMM_INTRA_5', 'Comm', 13893.390620576765, 13893.394199721179, 0.0035791444133333335, 51539607552.0, 'P2P', 'TP', 'INTRA', 4, 2, 3
'FWD_MHA', 'Compute', 13893.412095443246, 13919.260396695387, 25.84830125214084, 'NONE', 'NONE', 'NONE', 0
'FWD_TP_COMM_INTRA_0', 'Comm', 13919.260396695387, 13919.2639758398, 0.0035791444133333335, 51539607552.0, 'P2P', 'TP', 'INTRA', 4, 2, 3
'FWD_TP_COMM_INTRA_1', 'Comm', 13919.260396695387, 13919.2639758398, 0.0035791444133333335, 51539607552.0, 'P2P', 'TP', 'INTRA', 4, 2, 3
'FWD_TP_COMM_INTRA_2', 'Comm', 13919.260396695387, 13919.2639758398, 0.0035791444133333335, 51539607552.0, 'P2P', 'TP', 'INTRA', 4, 2, 3
'FWD_TP_COMM_INTRA_3', 'Comm', 13919.260396695387, 13919.2639758398, 0.0035791444133333335, 51539607552.0, 'P2P', 'TP', 'INTRA', 4, 2, 3
'FWD_TP_COMM_INTRA_4', 'Comm', 13919.260396695387, 13919.2639758398, 0.0035791444133333335, 51539607552.0, 'P2P', 'TP', 'INTRA', 4, 2, 3
'FWD_TP_COMM_INTRA_5', 'Comm', 13919.260396695387, 13919.2639758398, 0.0035791444133333335, 51539607552.0, 'P2P', 'TP', 'INTRA', 4, 2, 3
'FWD_FFN', 'Compute', 13919.281871561867, 13926.730465434537, 7.4485938726711, 'NONE', 'NONE', 'NONE', 0
'FWD_TP_COMM_INTRA_0', 'Comm', 13926.730465434537, 13926.73404457895, 0.0035791444133333335, 51539607552.0, 'P2P', 'TP', 'INTRA', 4, 2, 3
'FWD_TP_COMM_INTRA_1', 'Comm', 13926.730465434537, 13926.73404457895, 0.0035791444133333335, 51539607552.0, 'P2P', 'TP', 'INTRA', 4, 2, 3
'FWD_TP_COMM_INTRA_2', 'Comm', 13926.730465434537, 13926.73404457895, 0.0035791444133333335, 51539607552.0, 'P2P', 'TP', 'INTRA', 4, 2, 3
'FWD_TP_COMM_INTRA_3', 'Comm', 13926.730465434537, 13926.73404457895, 0.0035791444133333335, 51539607552.0, 'P2P', 'TP', 'INTRA', 4, 2, 3
'FWD_TP_COMM_INTRA_4', 'Comm', 13926.730465434537, 13926.73404457895, 0.0035791444133333335, 51539607552.0, 'P2P', 'TP', 'INTRA', 4, 2, 3
'FWD_TP_COMM_INTRA_5', 'Comm', 13926.730465434537, 13926.73404457895, 0.0035791444133333335, 51539607552.0, 'P2P', 'TP', 'INTRA', 4, 2, 3
'FWD_MHA', 'Compute', 13926.751940301017, 13952.600241553158, 25.84830125214084, 'NONE', 'NONE', 'NONE', 0
'FWD_TP_COMM_INTRA_0', 'Comm', 13952.600241553158, 13952.603820697572, 0.0035791444133333335, 51539607552.0, 'P2P', 'TP', 'INTRA', 4, 2, 3
'FWD_TP_COMM_INTRA_1', 'Comm', 13952.600241553158, 13952.603820697572, 0.0035791444133333335, 51539607552.0, 'P2P', 'TP', 'INTRA', 4, 2, 3
'FWD_TP_COMM_INTRA_2', 'Comm', 13952.600241553158, 13952.603820697572, 0.0035791444133333335, 51539607552.0, 'P2P', 'TP', 'INTRA', 4, 2, 3
'FWD_TP_COMM_INTRA_3', 'Comm', 13952.600241553158, 13952.603820697572, 0.0035791444133333335, 51539607552.0, 'P2P', 'TP', 'INTRA', 4, 2, 3
'FWD_TP_COMM_INTRA_4', 'Comm', 13952.600241553158, 13952.603820697572, 0.0035791444133333335, 51539607552.0, 'P2P', 'TP', 'INTRA', 4, 2, 3
'FWD_TP_COMM_INTRA_5', 'Comm', 13952.600241553158, 13952.603820697572, 0.0035791444133333335, 51539607552.0, 'P2P', 'TP', 'INTRA', 4, 2, 3
'FWD_FFN', 'Compute', 13952.621716419639, 13960.070310292309, 7.4485938726711, 'NONE', 'NONE', 'NONE', 0
'FWD_TP_COMM_INTRA_0', 'Comm', 13960.070310292309, 13960.073889436722, 0.0035791444133333335, 51539607552.0, 'P2P', 'TP', 'INTRA', 4, 2, 3
'FWD_TP_COMM_INTRA_1', 'Comm', 13960.070310292309, 13960.073889436722, 0.0035791444133333335, 51539607552.0, 'P2P', 'TP', 'INTRA', 4, 2, 3
'FWD_TP_COMM_INTRA_2', 'Comm', 13960.070310292309, 13960.073889436722, 0.0035791444133333335, 51539607552.0, 'P2P', 'TP', 'INTRA', 4, 2, 3
'FWD_TP_COMM_INTRA_3', 'Comm', 13960.070310292309, 13960.073889436722, 0.0035791444133333335, 51539607552.0, 'P2P', 'TP', 'INTRA', 4, 2, 3
'FWD_TP_COMM_INTRA_4', 'Comm', 13960.070310292309, 13960.073889436722, 0.0035791444133333335, 51539607552.0, 'P2P', 'TP', 'INTRA', 4, 2, 3
'FWD_TP_COMM_INTRA_5', 'Comm', 13960.070310292309, 13960.073889436722, 0.0035791444133333335, 51539607552.0, 'P2P', 'TP', 'INTRA', 4, 2, 3
'FWD_MHA', 'Compute', 13960.09178515879, 13985.94008641093, 25.84830125214084, 'NONE', 'NONE', 'NONE', 0
'FWD_TP_COMM_INTRA_0', 'Comm', 13985.94008641093, 13985.943665555344, 0.0035791444133333335, 51539607552.0, 'P2P', 'TP', 'INTRA', 4, 2, 3
'FWD_TP_COMM_INTRA_1', 'Comm', 13985.94008641093, 13985.943665555344, 0.0035791444133333335, 51539607552.0, 'P2P', 'TP', 'INTRA', 4, 2, 3
'FWD_TP_COMM_INTRA_2', 'Comm', 13985.94008641093, 13985.943665555344, 0.0035791444133333335, 51539607552.0, 'P2P', 'TP', 'INTRA', 4, 2, 3
'FWD_TP_COMM_INTRA_3', 'Comm', 13985.94008641093, 13985.943665555344, 0.0035791444133333335, 51539607552.0, 'P2P', 'TP', 'INTRA', 4, 2, 3
'FWD_TP_COMM_INTRA_4', 'Comm', 13985.94008641093, 13985.943665555344, 0.0035791444133333335, 51539607552.0, 'P2P', 'TP', 'INTRA', 4, 2, 3
'FWD_TP_COMM_INTRA_5', 'Comm', 13985.94008641093, 13985.943665555344, 0.0035791444133333335, 51539607552.0, 'P2P', 'TP', 'INTRA', 4, 2, 3
'FWD_FFN', 'Compute', 13985.96156127741, 13993.41015515008, 7.4485938726711, 'NONE', 'NONE', 'NONE', 0
'FWD_TP_COMM_INTRA_0', 'Comm', 13993.41015515008, 13993.413734294494, 0.0035791444133333335, 51539607552.0, 'P2P', 'TP', 'INTRA', 4, 2, 3
'FWD_TP_COMM_INTRA_1', 'Comm', 13993.41015515008, 13993.413734294494, 0.0035791444133333335, 51539607552.0, 'P2P', 'TP', 'INTRA', 4, 2, 3
'FWD_TP_COMM_INTRA_2', 'Comm', 13993.41015515008, 13993.413734294494, 0.0035791444133333335, 51539607552.0, 'P2P', 'TP', 'INTRA', 4, 2, 3
'FWD_TP_COMM_INTRA_3', 'Comm', 13993.41015515008, 13993.413734294494, 0.0035791444133333335, 51539607552.0, 'P2P', 'TP', 'INTRA', 4, 2, 3
'FWD_TP_COMM_INTRA_4', 'Comm', 13993.41015515008, 13993.413734294494, 0.0035791444133333335, 51539607552.0, 'P2P', 'TP', 'INTRA', 4, 2, 3
'FWD_TP_COMM_INTRA_5', 'Comm', 13993.41015515008, 13993.413734294494, 0.0035791444133333335, 51539607552.0, 'P2P', 'TP', 'INTRA', 4, 2, 3
'FWD_MHA', 'Compute', 13993.431630016561, 14019.279931268702, 25.84830125214084, 'NONE', 'NONE', 'NONE', 0
'FWD_TP_COMM_INTRA_0', 'Comm', 14019.279931268702, 14019.283510413115, 0.0035791444133333335, 51539607552.0, 'P2P', 'TP', 'INTRA', 4, 2, 3
'FWD_TP_COMM_INTRA_1', 'Comm', 14019.279931268702, 14019.283510413115, 0.0035791444133333335, 51539607552.0, 'P2P', 'TP', 'INTRA', 4, 2, 3
'FWD_TP_COMM_INTRA_2', 'Comm', 14019.279931268702, 14019.283510413115, 0.0035791444133333335, 51539607552.0, 'P2P', 'TP', 'INTRA', 4, 2, 3
'FWD_TP_COMM_INTRA_3', 'Comm', 14019.279931268702, 14019.283510413115, 0.0035791444133333335, 51539607552.0, 'P2P', 'TP', 'INTRA', 4, 2, 3
'FWD_TP_COMM_INTRA_4', 'Comm', 14019.279931268702, 14019.283510413115, 0.0035791444133333335, 51539607552.0, 'P2P', 'TP', 'INTRA', 4, 2, 3
'FWD_TP_COMM_INTRA_5', 'Comm', 14019.279931268702, 14019.283510413115, 0.0035791444133333335, 51539607552.0, 'P2P', 'TP', 'INTRA', 4, 2, 3
'FWD_FFN', 'Compute', 14019.301406135182, 14026.750000007853, 7.4485938726711, 'NONE', 'NONE', 'NONE', 0
'FWD_TP_COMM_INTRA_0', 'Comm', 14026.750000007853, 14026.753579152266, 0.0035791444133333335, 51539607552.0, 'P2P', 'TP', 'INTRA', 4, 2, 3
'FWD_TP_COMM_INTRA_1', 'Comm', 14026.750000007853, 14026.753579152266, 0.0035791444133333335, 51539607552.0, 'P2P', 'TP', 'INTRA', 4, 2, 3
'FWD_TP_COMM_INTRA_2', 'Comm', 14026.750000007853, 14026.753579152266, 0.0035791444133333335, 51539607552.0, 'P2P', 'TP', 'INTRA', 4, 2, 3
'FWD_TP_COMM_INTRA_3', 'Comm', 14026.750000007853, 14026.753579152266, 0.0035791444133333335, 51539607552.0, 'P2P', 'TP', 'INTRA', 4, 2, 3
'FWD_TP_COMM_INTRA_4', 'Comm', 14026.750000007853, 14026.753579152266, 0.0035791444133333335, 51539607552.0, 'P2P', 'TP', 'INTRA', 4, 2, 3
'FWD_TP_COMM_INTRA_5', 'Comm', 14026.750000007853, 14026.753579152266, 0.0035791444133333335, 51539607552.0, 'P2P', 'TP', 'INTRA', 4, 2, 3
'FWD_MHA', 'Compute', 14026.771474874333, 14052.619776126474, 25.84830125214084, 'NONE', 'NONE', 'NONE', 0
'FWD_TP_COMM_INTRA_0', 'Comm', 14052.619776126474, 14052.623355270887, 0.0035791444133333335, 51539607552.0, 'P2P', 'TP', 'INTRA', 4, 2, 3
'FWD_TP_COMM_INTRA_1', 'Comm', 14052.619776126474, 14052.623355270887, 0.0035791444133333335, 51539607552.0, 'P2P', 'TP', 'INTRA', 4, 2, 3
'FWD_TP_COMM_INTRA_2', 'Comm', 14052.619776126474, 14052.623355270887, 0.0035791444133333335, 51539607552.0, 'P2P', 'TP', 'INTRA', 4, 2, 3
'FWD_TP_COMM_INTRA_3', 'Comm', 14052.619776126474, 14052.623355270887, 0.0035791444133333335, 51539607552.0, 'P2P', 'TP', 'INTRA', 4, 2, 3
'FWD_TP_COMM_INTRA_4', 'Comm', 14052.619776126474, 14052.623355270887, 0.0035791444133333335, 51539607552.0, 'P2P', 'TP', 'INTRA', 4, 2, 3
'FWD_TP_COMM_INTRA_5', 'Comm', 14052.619776126474, 14052.623355270887, 0.0035791444133333335, 51539607552.0, 'P2P', 'TP', 'INTRA', 4, 2, 3
'FWD_FFN', 'Compute', 14052.641250992954, 14060.089844865624, 7.4485938726711, 'NONE', 'NONE', 'NONE', 0
'FWD_TP_COMM_INTRA_0', 'Comm', 14060.089844865624, 14060.093424010038, 0.0035791444133333335, 51539607552.0, 'P2P', 'TP', 'INTRA', 4, 2, 3
'FWD_TP_COMM_INTRA_1', 'Comm', 14060.089844865624, 14060.093424010038, 0.0035791444133333335, 51539607552.0, 'P2P', 'TP', 'INTRA', 4, 2, 3
'FWD_TP_COMM_INTRA_2', 'Comm', 14060.089844865624, 14060.093424010038, 0.0035791444133333335, 51539607552.0, 'P2P', 'TP', 'INTRA', 4, 2, 3
'FWD_TP_COMM_INTRA_3', 'Comm', 14060.089844865624, 14060.093424010038, 0.0035791444133333335, 51539607552.0, 'P2P', 'TP', 'INTRA', 4, 2, 3
'FWD_TP_COMM_INTRA_4', 'Comm', 14060.089844865624, 14060.093424010038, 0.0035791444133333335, 51539607552.0, 'P2P', 'TP', 'INTRA', 4, 2, 3
'FWD_TP_COMM_INTRA_5', 'Comm', 14060.089844865624, 14060.093424010038, 0.0035791444133333335, 51539607552.0, 'P2P', 'TP', 'INTRA', 4, 2, 3
'FWD_MHA', 'Compute', 14060.111319732105, 14085.959620984246, 25.84830125214084, 'NONE', 'NONE', 'NONE', 0
'FWD_TP_COMM_INTRA_0', 'Comm', 14085.959620984246, 14085.963200128659, 0.0035791444133333335, 51539607552.0, 'P2P', 'TP', 'INTRA', 4, 2, 3
'FWD_TP_COMM_INTRA_1', 'Comm', 14085.959620984246, 14085.963200128659, 0.0035791444133333335, 51539607552.0, 'P2P', 'TP', 'INTRA', 4, 2, 3
'FWD_TP_COMM_INTRA_2', 'Comm', 14085.959620984246, 14085.963200128659, 0.0035791444133333335, 51539607552.0, 'P2P', 'TP', 'INTRA', 4, 2, 3
'FWD_TP_COMM_INTRA_3', 'Comm', 14085.959620984246, 14085.963200128659, 0.0035791444133333335, 51539607552.0, 'P2P', 'TP', 'INTRA', 4, 2, 3
'FWD_TP_COMM_INTRA_4', 'Comm', 14085.959620984246, 14085.963200128659, 0.0035791444133333335, 51539607552.0, 'P2P', 'TP', 'INTRA', 4, 2, 3
'FWD_TP_COMM_INTRA_5', 'Comm', 14085.959620984246, 14085.963200128659, 0.0035791444133333335, 51539607552.0, 'P2P', 'TP', 'INTRA', 4, 2, 3
'FWD_FFN', 'Compute', 14085.981095850726, 14093.429689723396, 7.4485938726711, 'NONE', 'NONE', 'NONE', 0
'FWD_TP_COMM_INTRA_0', 'Comm', 14093.429689723396, 14093.43326886781, 0.0035791444133333335, 51539607552.0, 'P2P', 'TP', 'INTRA', 4, 2, 3
'FWD_TP_COMM_INTRA_1', 'Comm', 14093.429689723396, 14093.43326886781, 0.0035791444133333335, 51539607552.0, 'P2P', 'TP', 'INTRA', 4, 2, 3
'FWD_TP_COMM_INTRA_2', 'Comm', 14093.429689723396, 14093.43326886781, 0.0035791444133333335, 51539607552.0, 'P2P', 'TP', 'INTRA', 4, 2, 3
'FWD_TP_COMM_INTRA_3', 'Comm', 14093.429689723396, 14093.43326886781, 0.0035791444133333335, 51539607552.0, 'P2P', 'TP', 'INTRA', 4, 2, 3
'FWD_TP_COMM_INTRA_4', 'Comm', 14093.429689723396, 14093.43326886781, 0.0035791444133333335, 51539607552.0, 'P2P', 'TP', 'INTRA', 4, 2, 3
'FWD_TP_COMM_INTRA_5', 'Comm', 14093.429689723396, 14093.43326886781, 0.0035791444133333335, 51539607552.0, 'P2P', 'TP', 'INTRA', 4, 2, 3
'FWD_MHA', 'Compute', 14093.451164589876, 14119.299465842018, 25.84830125214084, 'NONE', 'NONE', 'NONE', 0
'FWD_TP_COMM_INTRA_0', 'Comm', 14119.299465842018, 14119.30304498643, 0.0035791444133333335, 51539607552.0, 'P2P', 'TP', 'INTRA', 4, 2, 3
'FWD_TP_COMM_INTRA_1', 'Comm', 14119.299465842018, 14119.30304498643, 0.0035791444133333335, 51539607552.0, 'P2P', 'TP', 'INTRA', 4, 2, 3
'FWD_TP_COMM_INTRA_2', 'Comm', 14119.299465842018, 14119.30304498643, 0.0035791444133333335, 51539607552.0, 'P2P', 'TP', 'INTRA', 4, 2, 3
'FWD_TP_COMM_INTRA_3', 'Comm', 14119.299465842018, 14119.30304498643, 0.0035791444133333335, 51539607552.0, 'P2P', 'TP', 'INTRA', 4, 2, 3

'FWD_TP_COMM_INTRA_4', 'Comm', 14119.299465842018, 14119.30304498643, 0.0035791444133333335, 51539607552.0, 'P2P', 'TP', 'INTRA', 4, 2, 3
'FWD_TP_COMM_INTRA_5', 'Comm', 14119.299465842018, 14119.30304498643, 0.0035791444133333335, 51539607552.0, 'P2P', 'TP', 'INTRA', 4, 2, 3
'FWD_FFN', 'Compute', 14119.320940708498, 14126.769534581168, 7.4485938726711, 'NONE', 'NONE', 'NONE', 0
'FWD_TP_COMM_INTRA_0', 'Comm', 14126.769534581168, 14126.773113725581, 0.0035791444133333335, 51539607552.0, 'P2P', 'TP', 'INTRA', 4, 2, 3
'FWD_TP_COMM_INTRA_1', 'Comm', 14126.769534581168, 14126.773113725581, 0.0035791444133333335, 51539607552.0, 'P2P', 'TP', 'INTRA', 4, 2, 3
'FWD_TP_COMM_INTRA_2', 'Comm', 14126.769534581168, 14126.773113725581, 0.0035791444133333335, 51539607552.0, 'P2P', 'TP', 'INTRA', 4, 2, 3
'FWD_TP_COMM_INTRA_3', 'Comm', 14126.769534581168, 14126.773113725581, 0.0035791444133333335, 51539607552.0, 'P2P', 'TP', 'INTRA', 4, 2, 3
'FWD_TP_COMM_INTRA_4', 'Comm', 14126.769534581168, 14126.773113725581, 0.0035791444133333335, 51539607552.0, 'P2P', 'TP', 'INTRA', 4, 2, 3
'FWD_TP_COMM_INTRA_5', 'Comm', 14126.769534581168, 14126.773113725581, 0.0035791444133333335, 51539607552.0, 'P2P', 'TP', 'INTRA', 4, 2, 3
'FWD_MHA', 'Compute', 14126.791009447648, 14152.63931069979, 25.84830125214084, 'NONE', 'NONE', 'NONE', 0
'FWD_TP_COMM_INTRA_0', 'Comm', 14152.63931069979, 14152.642889844203, 0.0035791444133333335, 51539607552.0, 'P2P', 'TP', 'INTRA', 4, 2, 3
'FWD_TP_COMM_INTRA_1', 'Comm', 14152.63931069979, 14152.642889844203, 0.0035791444133333335, 51539607552.0, 'P2P', 'TP', 'INTRA', 4, 2, 3
'FWD_TP_COMM_INTRA_2', 'Comm', 14152.63931069979, 14152.642889844203, 0.0035791444133333335, 51539607552.0, 'P2P', 'TP', 'INTRA', 4, 2, 3
'FWD_TP_COMM_INTRA_3', 'Comm', 14152.63931069979, 14152.642889844203, 0.0035791444133333335, 51539607552.0, 'P2P', 'TP', 'INTRA', 4, 2, 3
'FWD_TP_COMM_INTRA_4', 'Comm', 14152.63931069979, 14152.642889844203, 0.0035791444133333335, 51539607552.0, 'P2P', 'TP', 'INTRA', 4, 2, 3
'FWD_TP_COMM_INTRA_5', 'Comm', 14152.63931069979, 14152.642889844203, 0.0035791444133333335, 51539607552.0, 'P2P', 'TP', 'INTRA', 4, 2, 3
'FWD_FFN', 'Compute', 14152.66078556627, 14160.10937943894, 7.4485938726711, 'NONE', 'NONE', 'NONE', 0
'FWD_TP_COMM_INTRA_0', 'Comm', 14160.10937943894, 14160.112958583353, 0.0035791444133333335, 51539607552.0, 'P2P', 'TP', 'INTRA', 4, 2, 3
'FWD_TP_COMM_INTRA_1', 'Comm', 14160.10937943894, 14160.112958583353, 0.0035791444133333335, 51539607552.0, 'P2P', 'TP', 'INTRA', 4, 2, 3
'FWD_TP_COMM_INTRA_2', 'Comm', 14160.10937943894, 14160.112958583353, 0.0035791444133333335, 51539607552.0, 'P2P', 'TP', 'INTRA', 4, 2, 3
'FWD_TP_COMM_INTRA_3', 'Comm', 14160.10937943894, 14160.112958583353, 0.0035791444133333335, 51539607552.0, 'P2P', 'TP', 'INTRA', 4, 2, 3
'FWD_TP_COMM_INTRA_4', 'Comm', 14160.10937943894, 14160.112958583353, 0.0035791444133333335, 51539607552.0, 'P2P', 'TP', 'INTRA', 4, 2, 3
'FWD_TP_COMM_INTRA_5', 'Comm', 14160.10937943894, 14160.112958583353, 0.0035791444133333335, 51539607552.0, 'P2P', 'TP', 'INTRA', 4, 2, 3
'FWD_MHA', 'Compute', 14160.13085430542, 14185.979155557561, 25.84830125214084, 'NONE', 'NONE', 'NONE', 0
'FWD_TP_COMM_INTRA_0', 'Comm', 14185.979155557561, 14185.982734701975, 0.0035791444133333335, 51539607552.0, 'P2P', 'TP', 'INTRA', 4, 2, 3
'FWD_TP_COMM_INTRA_1', 'Comm', 14185.979155557561, 14185.982734701975, 0.0035791444133333335, 51539607552.0, 'P2P', 'TP', 'INTRA', 4, 2, 3
'FWD_TP_COMM_INTRA_2', 'Comm', 14185.979155557561, 14185.982734701975, 0.0035791444133333335, 51539607552.0, 'P2P', 'TP', 'INTRA', 4, 2, 3
'FWD_TP_COMM_INTRA_3', 'Comm', 14185.979155557561, 14185.982734701975, 0.0035791444133333335, 51539607552.0, 'P2P', 'TP', 'INTRA', 4, 2, 3
'FWD_TP_COMM_INTRA_4', 'Comm', 14185.979155557561, 14185.982734701975, 0.0035791444133333335, 51539607552.0, 'P2P', 'TP', 'INTRA', 4, 2, 3
'FWD_TP_COMM_INTRA_5', 'Comm', 14185.979155557561, 14185.982734701975, 0.0035791444133333335, 51539607552.0, 'P2P', 'TP', 'INTRA', 4, 2, 3
'FWD_FFN', 'Compute', 14186.000630424041, 14193.449224296712, 7.4485938726711, 'NONE', 'NONE', 'NONE', 0
'FWD_TP_COMM_INTRA_0', 'Comm', 14193.449224296712, 14193.452803441125, 0.0035791444133333335, 51539607552.0, 'P2P', 'TP', 'INTRA', 4, 2, 3
'FWD_TP_COMM_INTRA_1', 'Comm', 14193.449224296712, 14193.452803441125, 0.0035791444133333335, 51539607552.0, 'P2P', 'TP', 'INTRA', 4, 2, 3
'FWD_TP_COMM_INTRA_2', 'Comm', 14193.449224296712, 14193.452803441125, 0.0035791444133333335, 51539607552.0, 'P2P', 'TP', 'INTRA', 4, 2, 3
'FWD_TP_COMM_INTRA_3', 'Comm', 14193.449224296712, 14193.452803441125, 0.0035791444133333335, 51539607552.0, 'P2P', 'TP', 'INTRA', 4, 2, 3
'FWD_TP_COMM_INTRA_4', 'Comm', 14193.449224296712, 14193.452803441125, 0.0035791444133333335, 51539607552.0, 'P2P', 'TP', 'INTRA', 4, 2, 3
'FWD_TP_COMM_INTRA_5', 'Comm', 14193.449224296712, 14193.452803441125, 0.0035791444133333335, 51539607552.0, 'P2P', 'TP', 'INTRA', 4, 2, 3
'FWD_MHA', 'Compute', 14193.470699163192, 14219.319000415333, 25.84830125214084, 'NONE', 'NONE', 'NONE', 0
'FWD_TP_COMM_INTRA_0', 'Comm', 14219.319000415333, 14219.322579559746, 0.0035791444133333335, 51539607552.0, 'P2P', 'TP', 'INTRA', 4, 2, 3
'FWD_TP_COMM_INTRA_1', 'Comm', 14219.319000415333, 14219.322579559746, 0.0035791444133333335, 51539607552.0, 'P2P', 'TP', 'INTRA', 4, 2, 3
'FWD_TP_COMM_INTRA_2', 'Comm', 14219.319000415333, 14219.322579559746, 0.0035791444133333335, 51539607552.0, 'P2P', 'TP', 'INTRA', 4, 2, 3
'FWD_TP_COMM_INTRA_3', 'Comm', 14219.319000415333, 14219.322579559746, 0.0035791444133333335, 51539607552.0, 'P2P', 'TP', 'INTRA', 4, 2, 3
'FWD_TP_COMM_INTRA_4', 'Comm', 14219.319000415333, 14219.322579559746, 0.0035791444133333335, 51539607552.0, 'P2P', 'TP', 'INTRA', 4, 2, 3
'FWD_TP_COMM_INTRA_5', 'Comm', 14219.319000415333, 14219.322579559746, 0.0035791444133333335, 51539607552.0, 'P2P', 'TP', 'INTRA', 4, 2, 3
'FWD_FFN', 'Compute', 14219.340475281813, 14226.789069154484, 7.4485938726711, 'NONE', 'NONE', 'NONE', 0
'FWD_TP_COMM_INTRA_0', 'Comm', 14226.789069154484, 14226.792648298897, 0.0035791444133333335, 51539607552.0, 'P2P', 'TP', 'INTRA', 4, 2, 3
'FWD_TP_COMM_INTRA_1', 'Comm', 14226.789069154484, 14226.792648298897, 0.0035791444133333335, 51539607552.0, 'P2P', 'TP', 'INTRA', 4, 2, 3
'FWD_TP_COMM_INTRA_2', 'Comm', 14226.789069154484, 14226.792648298897, 0.0035791444133333335, 51539607552.0, 'P2P', 'TP', 'INTRA', 4, 2, 3
'FWD_TP_COMM_INTRA_3', 'Comm', 14226.789069154484, 14226.792648298897, 0.0035791444133333335, 51539607552.0, 'P2P', 'TP', 'INTRA', 4, 2, 3
'FWD_TP_COMM_INTRA_4', 'Comm', 14226.789069154484, 14226.792648298897, 0.0035791444133333335, 51539607552.0, 'P2P', 'TP', 'INTRA', 4, 2, 3
'FWD_TP_COMM_INTRA_5', 'Comm', 14226.789069154484, 14226.792648298897, 0.0035791444133333335, 51539607552.0, 'P2P', 'TP', 'INTRA', 4, 2, 3
'FWD_MHA', 'Compute', 14226.810544020964, 14252.658845273105, 25.84830125214084, 'NONE', 'NONE', 'NONE', 0
'FWD_TP_COMM_INTRA_0', 'Comm', 14252.658845273105, 14252.662424417518, 0.0035791444133333335, 51539607552.0, 'P2P', 'TP', 'INTRA', 4, 2, 3
'FWD_TP_COMM_INTRA_1', 'Comm', 14252.658845273105, 14252.662424417518, 0.0035791444133333335, 51539607552.0, 'P2P', 'TP', 'INTRA', 4, 2, 3
'FWD_TP_COMM_INTRA_2', 'Comm', 14252.658845273105, 14252.662424417518, 0.0035791444133333335, 51539607552.0, 'P2P', 'TP', 'INTRA', 4, 2, 3
'FWD_TP_COMM_INTRA_3', 'Comm', 14252.658845273105, 14252.662424417518, 0.0035791444133333335, 51539607552.0, 'P2P', 'TP', 'INTRA', 4, 2, 3
'FWD_TP_COMM_INTRA_4', 'Comm', 14252.658845273105, 14252.662424417518, 0.0035791444133333335, 51539607552.0, 'P2P', 'TP', 'INTRA', 4, 2, 3
'FWD_TP_COMM_INTRA_5', 'Comm', 14252.658845273105, 14252.662424417518, 0.0035791444133333335, 51539607552.0, 'P2P', 'TP', 'INTRA', 4, 2, 3
'FWD_FFN', 'Compute', 14252.680320139585, 14260.128914012255, 7.4485938726711, 'NONE', 'NONE', 'NONE', 0
'FWD_TP_COMM_INTRA_0', 'Comm', 14260.128914012255, 14260.132493156669, 0.0035791444133333335, 51539607552.0, 'P2P', 'TP', 'INTRA', 4, 2, 3
'FWD_TP_COMM_INTRA_1', 'Comm', 14260.128914012255, 14260.132493156669, 0.0035791444133333335, 51539607552.0, 'P2P', 'TP', 'INTRA', 4, 2, 3
'FWD_TP_COMM_INTRA_2', 'Comm', 14260.128914012255, 14260.132493156669, 0.0035791444133333335, 51539607552.0, 'P2P', 'TP', 'INTRA', 4, 2, 3
'FWD_TP_COMM_INTRA_3', 'Comm', 14260.128914012255, 14260.132493156669, 0.0035791444133333335, 51539607552.0, 'P2P', 'TP', 'INTRA', 4, 2, 3
'FWD_TP_COMM_INTRA_4', 'Comm', 14260.128914012255, 14260.132493156669, 0.0035791444133333335, 51539607552.0, 'P2P', 'TP', 'INTRA', 4, 2, 3
'FWD_TP_COMM_INTRA_5', 'Comm', 14260.128914012255, 14260.132493156669, 0.0035791444133333335, 51539607552.0, 'P2P', 'TP', 'INTRA', 4, 2, 3
'FWD_MHA', 'Compute', 14260.150388878736, 14285.998690130877, 25.84830125214084, 'NONE', 'NONE', 'NONE', 0
'FWD_TP_COMM_INTRA_0', 'Comm', 14285.998690130877, 14286.00226927529, 0.0035791444133333335, 51539607552.0, 'P2P', 'TP', 'INTRA', 4, 2, 3
'FWD_TP_COMM_INTRA_1', 'Comm', 14285.998690130877, 14286.00226927529, 0.0035791444133333335, 51539607552.0, 'P2P', 'TP', 'INTRA', 4, 2, 3
'FWD_TP_COMM_INTRA_2', 'Comm', 14285.998690130877, 14286.00226927529, 0.0035791444133333335, 51539607552.0, 'P2P', 'TP', 'INTRA', 4, 2, 3
'FWD_TP_COMM_INTRA_3', 'Comm', 14285.998690130877, 14286.00226927529, 0.0035791444133333335, 51539607552.0, 'P2P', 'TP', 'INTRA', 4, 2, 3
'FWD_TP_COMM_INTRA_4', 'Comm', 14285.998690130877, 14286.00226927529, 0.0035791444133333335, 51539607552.0, 'P2P', 'TP', 'INTRA', 4, 2, 3
'FWD_TP_COMM_INTRA_5', 'Comm', 14285.998690130877, 14286.00226927529, 0.0035791444133333335, 51539607552.0, 'P2P', 'TP', 'INTRA', 4, 2, 3
'FWD_FFN', 'Compute', 14286.020164997357, 14293.468758870027, 7.4485938726711, 'NONE', 'NONE', 'NONE', 0
'FWD_TP_COMM_INTRA_0', 'Comm', 14293.468758870027, 14293.47233801444, 0.0035791444133333335, 51539607552.0, 'P2P', 'TP', 'INTRA', 4, 2, 3
'FWD_TP_COMM_INTRA_1', 'Comm', 14293.468758870027, 14293.47233801444, 0.0035791444133333335, 51539607552.0, 'P2P', 'TP', 'INTRA', 4, 2, 3
'FWD_TP_COMM_INTRA_2', 'Comm', 14293.468758870027, 14293.47233801444, 0.0035791444133333335, 51539607552.0, 'P2P', 'TP', 'INTRA', 4, 2, 3
'FWD_TP_COMM_INTRA_3', 'Comm', 14293.468758870027, 14293.47233801444, 0.0035791444133333335, 51539607552.0, 'P2P', 'TP', 'INTRA', 4, 2, 3
'FWD_TP_COMM_INTRA_4', 'Comm', 14293.468758870027, 14293.47233801444, 0.0035791444133333335, 51539607552.0, 'P2P', 'TP', 'INTRA', 4, 2, 3
'FWD_TP_COMM_INTRA_5', 'Comm', 14293.468758870027, 14293.47233801444, 0.0035791444133333335, 51539607552.0, 'P2P', 'TP', 'INTRA', 4, 2, 3
'FWD_MHA', 'Compute', 14293.490233736507, 14319.338534988648, 25.84830125214084, 'NONE', 'NONE', 'NONE', 0
'FWD_TP_COMM_INTRA_0', 'Comm', 14319.338534988648, 14319.342114133062, 0.0035791444133333335, 51539607552.0, 'P2P', 'TP', 'INTRA', 4, 2, 3
'FWD_TP_COMM_INTRA_1', 'Comm', 14319.338534988648, 14319.342114133062, 0.0035791444133333335, 51539607552.0, 'P2P', 'TP', 'INTRA', 4, 2, 3
'FWD_TP_COMM_INTRA_2', 'Comm', 14319.338534988648, 14319.342114133062, 0.0035791444133333335, 51539607552.0, 'P2P', 'TP', 'INTRA', 4, 2, 3
'FWD_TP_COMM_INTRA_3', 'Comm', 14319.338534988648, 14319.342114133062, 0.0035791444133333335, 51539607552.0, 'P2P', 'TP', 'INTRA', 4, 2, 3
'FWD_TP_COMM_INTRA_4', 'Comm', 14319.338534988648, 14319.342114133062, 0.0035791444133333335, 51539607552.0, 'P2P', 'TP', 'INTRA', 4, 2, 3
'FWD_TP_COMM_INTRA_5', 'Comm', 14319.338534988648, 14319.342114133062, 0.0035791444133333335, 51539607552.0, 'P2P', 'TP', 'INTRA', 4, 2, 3
'FWD_FFN', 'Compute', 14319.360009855129, 14326.808603727799, 7.4485938726711, 'NONE', 'NONE', 'NONE', 0
'FWD_TP_COMM_INTRA_0', 'Comm', 14326.808603727799, 14326.812182872212, 0.0035791444133333335, 51539607552.0, 'P2P', 'TP', 'INTRA', 4, 2, 3
'FWD_TP_COMM_INTRA_1', 'Comm', 14326.808603727799, 14326.812182872212, 0.0035791444133333335, 51539607552.0, 'P2P', 'TP', 'INTRA', 4, 2, 3
'FWD_TP_COMM_INTRA_2', 'Comm', 14326.808603727799, 14326.812182872212, 0.0035791444133333335, 51539607552.0, 'P2P', 'TP', 'INTRA', 4, 2, 3
'FWD_TP_COMM_INTRA_3', 'Comm', 14326.808603727799, 14326.812182872212, 0.0035791444133333335, 51539607552.0, 'P2P', 'TP', 'INTRA', 4, 2, 3
'FWD_TP_COMM_INTRA_4', 'Comm', 14326.808603727799, 14326.812182872212, 0.0035791444133333335, 51539607552.0, 'P2P', 'TP', 'INTRA', 4, 2, 3
'FWD_TP_COMM_INTRA_5', 'Comm', 14326.808603727799, 14326.812182872212, 0.0035791444133333335, 51539607552.0, 'P2P', 'TP', 'INTRA', 4, 2, 3
'FWD_MHA', 'Compute', 14326.83007859428, 14352.67837984642, 25.84830125214084, 'NONE', 'NONE', 'NONE', 0
'FWD_TP_COMM_INTRA_0', 'Comm', 14352.67837984642, 14352.681958990834, 0.0035791444133333335, 51539607552.0, 'P2P', 'TP', 'INTRA', 4, 2, 3
'FWD_TP_COMM_INTRA_1', 'Comm', 14352.67837984642, 14352.681958990834, 0.0035791444133333335, 51539607552.0, 'P2P', 'TP', 'INTRA', 4, 2, 3
'FWD_TP_COMM_INTRA_2', 'Comm', 14352.67837984642, 14352.681958990834, 0.0035791444133333335, 51539607552.0, 'P2P', 'TP', 'INTRA', 4, 2, 3
'FWD_TP_COMM_INTRA_3', 'Comm', 14352.67837984642, 14352.681958990834, 0.0035791444133333335, 51539607552.0, 'P2P', 'TP', 'INTRA', 4, 2, 3
'FWD_TP_COMM_INTRA_4', 'Comm', 14352.67837984642, 14352.681958990834, 0.0035791444133333335, 51539607552.0, 'P2P', 'TP', 'INTRA', 4, 2, 3
'FWD_TP_COMM_INTRA_5', 'Comm', 14352.67837984642, 14352.681958990834, 0.0035791444133333335, 51539607552.0, 'P2P', 'TP', 'INTRA', 4, 2, 3
'FWD_FFN', 'Compute', 14352.6998547129, 14360.14844858557, 7.4485938726711, 'NONE', 'NONE', 'NONE', 0
'FWD_TP_COMM_INTRA_0', 'Comm', 14360.14844858557, 14360.152027729984, 0.0035791444133333335, 51539607552.0, 'P2P', 'TP', 'INTRA', 4, 2, 3
'FWD_TP_COMM_INTRA_1', 'Comm', 14360.14844858557, 14360.152027729984, 0.0035791444133333335, 51539607552.0, 'P2P', 'TP', 'INTRA', 4, 2, 3
'FWD_TP_COMM_INTRA_2', 'Comm', 14360.14844858557, 14360.152027729984, 0.0035791444133333335, 51539607552.0, 'P2P', 'TP', 'INTRA', 4, 2, 3
'FWD_TP_COMM_INTRA_3', 'Comm', 14360.14844858557, 14360.152027729984, 0.0035791444133333335, 51539607552.0, 'P2P', 'TP', 'INTRA', 4, 2, 3
'FWD_TP_COMM_INTRA_4', 'Comm', 14360.14844858557, 14360.152027729984, 0.0035791444133333335, 51539607552.0, 'P2P', 'TP', 'INTRA', 4, 2, 3
'FWD_TP_COMM_INTRA_5', 'Comm', 14360.14844858557, 14360.152027729984, 0.0035791444133333335, 51539607552.0, 'P2P', 'TP', 'INTRA', 4, 2, 3
'FWD_MHA', 'Compute', 14360.169923452051, 14386.018224704192, 25.84830125214084, 'NONE', 'NONE', 'NONE', 0
'FWD_TP_COMM_INTRA_0', 'Comm', 14386.018224704192, 14386.021803848605, 0.0035791444133333335, 51539607552.0, 'P2P', 'TP', 'INTRA', 4, 2, 3
'FWD_TP_COMM_INTRA_1', 'Comm', 14386.018224704192, 14386.021803848605, 0.0035791444133333335, 51539607552.0, 'P2P', 'TP', 'INTRA', 4, 2, 3
'FWD_TP_COMM_INTRA_2', 'Comm', 14386.018224704192, 14386.021803848605, 0.0035791444133333335, 51539607552.0, 'P2P', 'TP', 'INTRA', 4, 2, 3
'FWD_TP_COMM_INTRA_3', 'Comm', 14386.018224704192, 14386.021803848605, 0.0035791444133333335, 51539607552.0, 'P2P', 'TP', 'INTRA', 4, 2, 3
'FWD_TP_COMM_INTRA_4', 'Comm', 14386.018224704192, 14386.021803848605, 0.0035791444133333335, 51539607552.0, 'P2P', 'TP', 'INTRA', 4, 2, 3
'FWD_TP_COMM_INTRA_5', 'Comm', 14386.018224704192, 14386.021803848605, 0.0035791444133333335, 51539607552.0, 'P2P', 'TP', 'INTRA', 4, 2, 3
'FWD_FFN', 'Compute', 14386.039699570672, 14393.488293443343, 7.4485938726711, 'NONE', 'NONE', 'NONE', 0
'FWD_TP_COMM_INTRA_0', 'Comm', 14393.488293443343, 14393.491872587756, 0.0035791444133333335, 51539607552.0, 'P2P', 'TP', 'INTRA', 4, 2, 3
'FWD_TP_COMM_INTRA_1', 'Comm', 14393.488293443343, 14393.491872587756, 0.0035791444133333335, 51539607552.0, 'P2P', 'TP', 'INTRA', 4, 2, 3
'FWD_TP_COMM_INTRA_2', 'Comm', 14393.488293443343, 14393.491872587756, 0.0035791444133333335, 51539607552.0, 'P2P', 'TP', 'INTRA', 4, 2, 3
'FWD_TP_COMM_INTRA_3', 'Comm', 14393.488293443343, 14393.491872587756, 0.0035791444133333335, 51539607552.0, 'P2P', 'TP', 'INTRA', 4, 2, 3
'FWD_TP_COMM_INTRA_4', 'Comm', 14393.488293443343, 14393.491872587756, 0.0035791444133333335, 51539607552.0, 'P2P', 'TP', 'INTRA', 4, 2, 3
'FWD_TP_COMM_INTRA_5', 'Comm', 14393.488293443343, 14393.491872587756, 0.0035791444133333335, 51539607552.0, 'P2P', 'TP', 'INTRA', 4, 2, 3
'FWD_MHA', 'Compute', 14393.509768309823, 14419.358069561964, 25.84830125214084, 'NONE', 'NONE', 'NONE', 0
'FWD_TP_COMM_INTRA_0', 'Comm', 14419.358069561964, 14419.361648706377, 0.0035791444133333335, 51539607552.0, 'P2P', 'TP', 'INTRA', 4, 2, 3
'FWD_TP_COMM_INTRA_1', 'Comm', 14419.358069561964, 14419.361648706377, 0.0035791444133333335, 51539607552.0, 'P2P', 'TP', 'INTRA', 4, 2, 3
'FWD_TP_COMM_INTRA_2', 'Comm', 14419.358069561964, 14419.361648706377, 0.0035791444133333335, 51539607552.0, 'P2P', 'TP', 'INTRA', 4, 2, 3
'FWD_TP_COMM_INTRA_3', 'Comm', 14419.358069561964, 14419.361648706377, 0.0035791444133333335, 51539607552.0, 'P2P', 'TP', 'INTRA', 4, 2, 3
'FWD_TP_COMM_INTRA_4', 'Comm', 14419.358069561964, 14419.361648706377, 0.0035791444133333335, 51539607552.0, 'P2P', 'TP', 'INTRA', 4, 2, 3
'FWD_TP_COMM_INTRA_5', 'Comm', 14419.358069561964, 14419.361648706377, 0.0035791444133333335, 51539607552.0, 'P2P', 'TP', 'INTRA', 4, 2, 3
'FWD_FFN', 'Compute', 14419.379544428444, 14426.828138301114, 7.4485938726711, 'NONE', 'NONE', 'NONE', 0
'FWD_TP_COMM_INTRA_0', 'Comm', 14426.828138301114, 14426.831717445528, 0.0035791444133333335, 51539607552.0, 'P2P', 'TP', 'INTRA', 4, 2, 3
'FWD_TP_COMM_INTRA_1', 'Comm', 14426.828138301114, 14426.831717445528, 0.0035791444133333335, 51539607552.0, 'P2P', 'TP', 'INTRA', 4, 2, 3
'FWD_TP_COMM_INTRA_2', 'Comm', 14426.828138301114, 14426.831717445528, 0.0035791444133333335, 51539607552.0, 'P2P', 'TP', 'INTRA', 4, 2, 3
'FWD_TP_COMM_INTRA_3', 'Comm', 14426.828138301114, 14426.831717445528, 0.0035791444133333335, 51539607552.0, 'P2P', 'TP', 'INTRA', 4, 2, 3
'FWD_TP_COMM_INTRA_4', 'Comm', 14426.828138301114, 14426.831717445528, 0.0035791444133333335, 51539607552.0, 'P2P', 'TP', 'INTRA', 4, 2, 3
'FWD_TP_COMM_INTRA_5', 'Comm', 14426.828138301114, 14426.831717445528, 0.0035791444133333335, 51539607552.0, 'P2P', 'TP', 'INTRA', 4, 2, 3
'FWD_MHA', 'Compute', 14426.849613167595, 14452.697914419736, 25.84830125214084, 'NONE', 'NONE', 'NONE', 0
'FWD_TP_COMM_INTRA_0', 'Comm', 14452.697914419736, 14452.70149356415, 0.0035791444133333335, 51539607552.0, 'P2P', 'TP', 'INTRA', 4, 2, 3
'FWD_TP_COMM_INTRA_1', 'Comm', 14452.697914419736, 14452.70149356415, 0.0035791444133333335, 51539607552.0, 'P2P', 'TP', 'INTRA', 4, 2, 3
'FWD_TP_COMM_INTRA_2', 'Comm', 14452.697914419736, 14452.70149356415, 0.0035791444133333335, 51539607552.0, 'P2P', 'TP', 'INTRA', 4, 2, 3
'FWD_TP_COMM_INTRA_3', 'Comm', 14452.697914419736, 14452.70149356415, 0.0035791444133333335, 51539607552.0, 'P2P', 'TP', 'INTRA', 4, 2, 3
'FWD_TP_COMM_INTRA_4', 'Comm', 14452.697914419736, 14452.70149356415, 0.0035791444133333335, 51539607552.0, 'P2P', 'TP', 'INTRA', 4, 2, 3
'FWD_TP_COMM_INTRA_5', 'Comm', 14452.697914419736, 14452.70149356415, 0.0035791444133333335, 51539607552.0, 'P2P', 'TP', 'INTRA', 4, 2, 3
'FWD_FFN', 'Compute', 14452.719389286216, 14460.167983158886, 7.4485938726711, 'NONE', 'NONE', 'NONE', 0
'FWD_TP_COMM_INTRA_0', 'Comm', 14460.167983158886, 14460.1715623033, 0.0035791444133333335, 51539607552.0, 'P2P', 'TP', 'INTRA', 4, 2, 3
'FWD_TP_COMM_INTRA_1', 'Comm', 14460.167983158886, 14460.1715623033, 0.0035791444133333335, 51539607552.0, 'P2P', 'TP', 'INTRA', 4, 2, 3
'FWD_TP_COMM_INTRA_2', 'Comm', 14460.167983158886, 14460.1715623033, 0.0035791444133333335, 51539607552.0, 'P2P', 'TP', 'INTRA', 4, 2, 3
'FWD_TP_COMM_INTRA_3', 'Comm', 14460.167983158886, 14460.1715623033, 0.0035791444133333335, 51539607552.0, 'P2P', 'TP', 'INTRA', 4, 2, 3
'FWD_TP_COMM_INTRA_4', 'Comm', 14460.167983158886, 14460.1715623033, 0.0035791444133333335, 51539607552.0, 'P2P', 'TP', 'INTRA', 4, 2, 3
'FWD_TP_COMM_INTRA_5', 'Comm', 14460.167983158886, 14460.1715623033, 0.0035791444133333335, 51539607552.0, 'P2P', 'TP', 'INTRA', 4, 2, 3
'FWD_MHA', 'Compute', 14460.189458025367, 14486.037759277508, 25.84830125214084, 'NONE', 'NONE', 'NONE', 0
'FWD_TP_COMM_INTRA_0', 'Comm', 14486.037759277508, 14486.041338421921, 0.0035791444133333335, 51539607552.0, 'P2P', 'TP', 'INTRA', 4, 2, 3
'FWD_TP_COMM_INTRA_1', 'Comm', 14486.037759277508, 14486.041338421921, 0.0035791444133333335, 51539607552.0, 'P2P', 'TP', 'INTRA', 4, 2, 3
'FWD_TP_COMM_INTRA_2', 'Comm', 14486.037759277508, 14486.041338421921, 0.0035791444133333335, 51539607552.0, 'P2P', 'TP', 'INTRA', 4, 2, 3
'FWD_TP_COMM_INTRA_3', 'Comm', 14486.037759277508, 14486.041338421921, 0.0035791444133333335, 51539607552.0, 'P2P', 'TP', 'INTRA', 4, 2, 3
'FWD_TP_COMM_INTRA_4', 'Comm', 14486.037759277508, 14486.041338421921, 0.0035791444133333335, 51539607552.0, 'P2P', 'TP', 'INTRA', 4, 2, 3
'FWD_TP_COMM_INTRA_5', 'Comm', 14486.037759277508, 14486.041338421921, 0.0035791444133333335, 51539607552.0, 'P2P', 'TP', 'INTRA', 4, 2, 3
'FWD_FFN', 'Compute', 14486.059234143988, 14493.507828016658, 7.4485938726711, 'NONE', 'NONE', 'NONE', 0
'FWD_TP_COMM_INTRA_0', 'Comm', 14493.507828016658, 14493.511407161071, 0.0035791444133333335, 51539607552.0, 'P2P', 'TP', 'INTRA', 4, 2, 3
'FWD_TP_COMM_INTRA_1', 'Comm', 14493.507828016658, 14493.511407161071, 0.0035791444133333335, 51539607552.0, 'P2P', 'TP', 'INTRA', 4, 2, 3
'FWD_TP_COMM_INTRA_2', 'Comm', 14493.507828016658, 14493.511407161071, 0.0035791444133333335, 51539607552.0, 'P2P', 'TP', 'INTRA', 4, 2, 3
'FWD_TP_COMM_INTRA_3', 'Comm', 14493.507828016658, 14493.511407161071, 0.0035791444133333335, 51539607552.0, 'P2P', 'TP', 'INTRA', 4, 2, 3
'FWD_TP_COMM_INTRA_4', 'Comm', 14493.507828016658, 14493.511407161071, 0.0035791444133333335, 51539607552.0, 'P2P', 'TP', 'INTRA', 4, 2, 3
'FWD_TP_COMM_INTRA_5', 'Comm', 14493.507828016658, 14493.511407161071, 0.0035791444133333335, 51539607552.0, 'P2P', 'TP', 'INTRA', 4, 2, 3
'FWD_MHA', 'Compute', 14493.529302883138, 14519.37760413528, 25.84830125214084, 'NONE', 'NONE', 'NONE', 0
'FWD_TP_COMM_INTRA_0', 'Comm', 14519.37760413528, 14519.381183279693, 0.0035791444133333335, 51539607552.0, 'P2P', 'TP', 'INTRA', 4, 2, 3
'FWD_TP_COMM_INTRA_1', 'Comm', 14519.37760413528, 14519.381183279693, 0.0035791444133333335, 51539607552.0, 'P2P', 'TP', 'INTRA', 4, 2, 3
'FWD_TP_COMM_INTRA_2', 'Comm', 14519.37760413528, 14519.381183279693, 0.0035791444133333335, 51539607552.0, 'P2P', 'TP', 'INTRA', 4, 2, 3
'FWD_TP_COMM_INTRA_3', 'Comm', 14519.37760413528, 14519.381183279693, 0.0035791444133333335, 51539607552.0, 'P2P', 'TP', 'INTRA', 4, 2, 3
'FWD_TP_COMM_INTRA_4', 'Comm', 14519.37760413528, 14519.381183279693, 0.0035791444133333335, 51539607552.0, 'P2P', 'TP', 'INTRA', 4, 2, 3
'FWD_TP_COMM_INTRA_5', 'Comm', 14519.37760413528, 14519.381183279693, 0.0035791444133333335, 51539607552.0, 'P2P', 'TP', 'INTRA', 4, 2, 3
'FWD_FFN', 'Compute', 14519.39907900176, 14526.84767287443, 7.4485938726711, 'NONE', 'NONE', 'NONE', 0
'FWD_TP_COMM_INTRA_0', 'Comm', 14526.84767287443, 14526.851252018843, 0.0035791444133333335, 51539607552.0, 'P2P', 'TP', 'INTRA', 4, 2, 3
'FWD_TP_COMM_INTRA_1', 'Comm', 14526.84767287443, 14526.851252018843, 0.0035791444133333335, 51539607552.0, 'P2P', 'TP', 'INTRA', 4, 2, 3
'FWD_TP_COMM_INTRA_2', 'Comm', 14526.84767287443, 14526.851252018843, 0.0035791444133333335, 51539607552.0, 'P2P', 'TP', 'INTRA', 4, 2, 3
'FWD_TP_COMM_INTRA_3', 'Comm', 14526.84767287443, 14526.851252018843, 0.0035791444133333335, 51539607552.0, 'P2P', 'TP', 'INTRA', 4, 2, 3
'FWD_TP_COMM_INTRA_4', 'Comm', 14526.84767287443, 14526.851252018843, 0.0035791444133333335, 51539607552.0, 'P2P', 'TP', 'INTRA', 4, 2, 3
'FWD_TP_COMM_INTRA_5', 'Comm', 14526.84767287443, 14526.851252018843, 0.0035791444133333335, 51539607552.0, 'P2P', 'TP', 'INTRA', 4, 2, 3
'FWD_MHA', 'Compute', 14526.86914774091, 14552.717448993051, 25.84830125214084, 'NONE', 'NONE', 'NONE', 0
'FWD_TP_COMM_INTRA_0', 'Comm', 14552.717448993051, 14552.721028137465, 0.0035791444133333335, 51539607552.0, 'P2P', 'TP', 'INTRA', 4, 2, 3
'FWD_TP_COMM_INTRA_1', 'Comm', 14552.717448993051, 14552.721028137465, 0.0035791444133333335, 51539607552.0, 'P2P', 'TP', 'INTRA', 4, 2, 3
'FWD_TP_COMM_INTRA_2', 'Comm', 14552.717448993051, 14552.721028137465, 0.0035791444133333335, 51539607552.0, 'P2P', 'TP', 'INTRA', 4, 2, 3
'FWD_TP_COMM_INTRA_3', 'Comm', 14552.717448993051, 14552.721028137465, 0.0035791444133333335, 51539607552.0, 'P2P', 'TP', 'INTRA', 4, 2, 3
'FWD_TP_COMM_INTRA_4', 'Comm', 14552.717448993051, 14552.721028137465, 0.0035791444133333335, 51539607552.0, 'P2P', 'TP', 'INTRA', 4, 2, 3
'FWD_TP_COMM_INTRA_5', 'Comm', 14552.717448993051, 14552.721028137465, 0.0035791444133333335, 51539607552.0, 'P2P', 'TP', 'INTRA', 4, 2, 3
'FWD_FFN', 'Compute', 14552.738923859531, 14560.187517732202, 7.4485938726711, 'NONE', 'NONE', 'NONE', 0
'FWD_TP_COMM_INTRA_0', 'Comm', 14560.187517732202, 14560.191096876615, 0.0035791444133333335, 51539607552.0, 'P2P', 'TP', 'INTRA', 4, 2, 3
'FWD_TP_COMM_INTRA_1', 'Comm', 14560.187517732202, 14560.191096876615, 0.0035791444133333335, 51539607552.0, 'P2P', 'TP', 'INTRA', 4, 2, 3
'FWD_TP_COMM_INTRA_2', 'Comm', 14560.187517732202, 14560.191096876615, 0.0035791444133333335, 51539607552.0, 'P2P', 'TP', 'INTRA', 4, 2, 3
'FWD_TP_COMM_INTRA_3', 'Comm', 14560.187517732202, 14560.191096876615, 0.0035791444133333335, 51539607552.0, 'P2P', 'TP', 'INTRA', 4, 2, 3
'FWD_TP_COMM_INTRA_4', 'Comm', 14560.187517732202, 14560.191096876615, 0.0035791444133333335, 51539607552.0, 'P2P', 'TP', 'INTRA', 4, 2, 3
'FWD_TP_COMM_INTRA_5', 'Comm', 14560.187517732202, 14560.191096876615, 0.0035791444133333335, 51539607552.0, 'P2P', 'TP', 'INTRA', 4, 2, 3
'FWD_MHA', 'Compute', 14560.208992598682, 14586.057293850823, 25.84830125214084, 'NONE', 'NONE', 'NONE', 0
'FWD_TP_COMM_INTRA_0', 'Comm', 14586.057293850823, 14586.060872995236, 0.0035791444133333335, 51539607552.0, 'P2P', 'TP', 'INTRA', 4, 2, 3
'FWD_TP_COMM_INTRA_1', 'Comm', 14586.057293850823, 14586.060872995236, 0.0035791444133333335, 51539607552.0, 'P2P', 'TP', 'INTRA', 4, 2, 3
'FWD_TP_COMM_INTRA_2', 'Comm', 14586.057293850823, 14586.060872995236, 0.0035791444133333335, 51539607552.0, 'P2P', 'TP', 'INTRA', 4, 2, 3
'FWD_TP_COMM_INTRA_3', 'Comm', 14586.057293850823, 14586.060872995236, 0.0035791444133333335, 51539607552.0, 'P2P', 'TP', 'INTRA', 4, 2, 3
'FWD_TP_COMM_INTRA_4', 'Comm', 14586.057293850823, 14586.060872995236, 0.0035791444133333335, 51539607552.0, 'P2P', 'TP', 'INTRA', 4, 2, 3
'FWD_TP_COMM_INTRA_5', 'Comm', 14586.057293850823, 14586.060872995236, 0.0035791444133333335, 51539607552.0, 'P2P', 'TP', 'INTRA', 4, 2, 3
'FWD_FFN', 'Compute', 14586.078768717303, 14593.527362589974, 7.4485938726711, 'NONE', 'NONE', 'NONE', 0
'FWD_TP_COMM_INTRA_0', 'Comm', 14593.527362589974, 14593.530941734387, 0.0035791444133333335, 51539607552.0, 'P2P', 'TP', 'INTRA', 4, 2, 3
'FWD_TP_COMM_INTRA_1', 'Comm', 14593.527362589974, 14593.530941734387, 0.0035791444133333335, 51539607552.0, 'P2P', 'TP', 'INTRA', 4, 2, 3
'FWD_TP_COMM_INTRA_2', 'Comm', 14593.527362589974, 14593.530941734387, 0.0035791444133333335, 51539607552.0, 'P2P', 'TP', 'INTRA', 4, 2, 3
'FWD_TP_COMM_INTRA_3', 'Comm', 14593.527362589974, 14593.530941734387, 0.0035791444133333335, 51539607552.0, 'P2P', 'TP', 'INTRA', 4, 2, 3
'FWD_TP_COMM_INTRA_4', 'Comm', 14593.527362589974, 14593.530941734387, 0.0035791444133333335, 51539607552.0, 'P2P', 'TP', 'INTRA', 4, 2, 3
'FWD_TP_COMM_INTRA_5', 'Comm', 14593.527362589974, 14593.530941734387, 0.0035791444133333335, 51539607552.0, 'P2P', 'TP', 'INTRA', 4, 2, 3
'FWD_MHA', 'Compute', 14593.548837456454, 14619.397138708595, 25.84830125214084, 'NONE', 'NONE', 'NONE', 0
'FWD_TP_COMM_INTRA_0', 'Comm', 14619.397138708595, 14619.400717853008, 0.0035791444133333335, 51539607552.0, 'P2P', 'TP', 'INTRA', 4, 2, 3
'FWD_TP_COMM_INTRA_1', 'Comm', 14619.397138708595, 14619.400717853008, 0.0035791444133333335, 51539607552.0, 'P2P', 'TP', 'INTRA', 4, 2, 3
'FWD_TP_COMM_INTRA_2', 'Comm', 14619.397138708595, 14619.400717853008, 0.0035791444133333335, 51539607552.0, 'P2P', 'TP', 'INTRA', 4, 2, 3
'FWD_TP_COMM_INTRA_3', 'Comm', 14619.397138708595, 14619.400717853008, 0.0035791444133333335, 51539607552.0, 'P2P', 'TP', 'INTRA', 4, 2, 3
'FWD_TP_COMM_INTRA_4', 'Comm', 14619.397138708595, 14619.400717853008, 0.0035791444133333335, 51539607552.0, 'P2P', 'TP', 'INTRA', 4, 2, 3
'FWD_TP_COMM_INTRA_5', 'Comm', 14619.397138708595, 14619.400717853008, 0.0035791444133333335, 51539607552.0, 'P2P', 'TP', 'INTRA', 4, 2, 3
'FWD_FFN', 'Compute', 14619.418613575075, 14626.867207447745, 7.4485938726711, 'NONE', 'NONE', 'NONE', 0
'FWD_TP_COMM_INTRA_0', 'Comm', 14626.867207447745, 14626.870786592159, 0.0035791444133333335, 51539607552.0, 'P2P', 'TP', 'INTRA', 4, 2, 3
'FWD_TP_COMM_INTRA_1', 'Comm', 14626.867207447745, 14626.870786592159, 0.0035791444133333335, 51539607552.0, 'P2P', 'TP', 'INTRA', 4, 2, 3
'FWD_TP_COMM_INTRA_2', 'Comm', 14626.867207447745, 14626.870786592159, 0.0035791444133333335, 51539607552.0, 'P2P', 'TP', 'INTRA', 4, 2, 3
'FWD_TP_COMM_INTRA_3', 'Comm', 14626.867207447745, 14626.870786592159, 0.0035791444133333335, 51539607552.0, 'P2P', 'TP', 'INTRA', 4, 2, 3
'FWD_TP_COMM_INTRA_4', 'Comm', 14626.867207447745, 14626.870786592159, 0.0035791444133333335, 51539607552.0, 'P2P', 'TP', 'INTRA', 4, 2, 3
'FWD_TP_COMM_INTRA_5', 'Comm', 14626.867207447745, 14626.870786592159, 0.0035791444133333335, 51539607552.0, 'P2P', 'TP', 'INTRA', 4, 2, 3
'FWD_MHA', 'Compute', 14626.888682314226, 14652.736983566367, 25.84830125214084, 'NONE', 'NONE', 'NONE', 0
'FWD_TP_COMM_INTRA_0', 'Comm', 14652.736983566367, 14652.74056271078, 0.0035791444133333335, 51539607552.0, 'P2P', 'TP', 'INTRA', 4, 2, 3
'FWD_TP_COMM_INTRA_1', 'Comm', 14652.736983566367, 14652.74056271078, 0.0035791444133333335, 51539607552.0, 'P2P', 'TP', 'INTRA', 4, 2, 3
'FWD_TP_COMM_INTRA_2', 'Comm', 14652.736983566367, 14652.74056271078, 0.0035791444133333335, 51539607552.0, 'P2P', 'TP', 'INTRA', 4, 2, 3
'FWD_TP_COMM_INTRA_3', 'Comm', 14652.736983566367, 14652.74056271078, 0.0035791444133333335, 51539607552.0, 'P2P', 'TP', 'INTRA', 4, 2, 3
'FWD_TP_COMM_INTRA_4', 'Comm', 14652.736983566367, 14652.74056271078, 0.0035791444133333335, 51539607552.0, 'P2P', 'TP', 'INTRA', 4, 2, 3
'FWD_TP_COMM_INTRA_5', 'Comm', 14652.736983566367, 14652.74056271078, 0.0035791444133333335, 51539607552.0, 'P2P', 'TP', 'INTRA', 4, 2, 3
'FWD_FFN', 'Compute', 14652.758458432847, 14660.207052305517, 7.4485938726711, 'NONE', 'NONE', 'NONE', 0
'FWD_TP_COMM_INTRA_0', 'Comm', 14660.207052305517, 14660.21063144993, 0.0035791444133333335, 51539607552.0, 'P2P', 'TP', 'INTRA', 4, 2, 3
'FWD_TP_COMM_INTRA_1', 'Comm', 14660.207052305517, 14660.21063144993, 0.0035791444133333335, 51539607552.0, 'P2P', 'TP', 'INTRA', 4, 2, 3
'FWD_TP_COMM_INTRA_2', 'Comm', 14660.207052305517, 14660.21063144993, 0.0035791444133333335, 51539607552.0, 'P2P', 'TP', 'INTRA', 4, 2, 3
'FWD_TP_COMM_INTRA_3', 'Comm', 14660.207052305517, 14660.21063144993, 0.0035791444133333335, 51539607552.0, 'P2P', 'TP', 'INTRA', 4, 2, 3
'FWD_TP_COMM_INTRA_4', 'Comm', 14660.207052305517, 14660.21063144993, 0.0035791444133333335, 51539607552.0, 'P2P', 'TP', 'INTRA', 4, 2, 3
'FWD_TP_COMM_INTRA_5', 'Comm', 14660.207052305517, 14660.21063144993, 0.0035791444133333335, 51539607552.0, 'P2P', 'TP', 'INTRA', 4, 2, 3
'FWD_MHA', 'Compute', 14660.228527171997, 14686.076828424139, 25.84830125214084, 'NONE', 'NONE', 'NONE', 0
'FWD_TP_COMM_INTRA_0', 'Comm', 14686.076828424139, 14686.080407568552, 0.0035791444133333335, 51539607552.0, 'P2P', 'TP', 'INTRA', 4, 2, 3
'FWD_TP_COMM_INTRA_1', 'Comm', 14686.076828424139, 14686.080407568552, 0.0035791444133333335, 51539607552.0, 'P2P', 'TP', 'INTRA', 4, 2, 3
'FWD_TP_COMM_INTRA_2', 'Comm', 14686.076828424139, 14686.080407568552, 0.0035791444133333335, 51539607552.0, 'P2P', 'TP', 'INTRA', 4, 2, 3
'FWD_TP_COMM_INTRA_3', 'Comm', 14686.076828424139, 14686.080407568552, 0.0035791444133333335, 51539607552.0, 'P2P', 'TP', 'INTRA', 4, 2, 3
'FWD_TP_COMM_INTRA_4', 'Comm', 14686.076828424139, 14686.080407568552, 0.0035791444133333335, 51539607552.0, 'P2P', 'TP', 'INTRA', 4, 2, 3
'FWD_TP_COMM_INTRA_5', 'Comm', 14686.076828424139, 14686.080407568552, 0.0035791444133333335, 51539607552.0, 'P2P', 'TP', 'INTRA', 4, 2, 3
'FWD_FFN', 'Compute', 14686.098303290619, 14693.546897163289, 7.4485938726711, 'NONE', 'NONE', 'NONE', 0
'FWD_TP_COMM_INTRA_0', 'Comm', 14693.546897163289, 14693.550476307702, 0.0035791444133333335, 51539607552.0, 'P2P', 'TP', 'INTRA', 4, 2, 3
'FWD_TP_COMM_INTRA_1', 'Comm', 14693.546897163289, 14693.550476307702, 0.0035791444133333335, 51539607552.0, 'P2P', 'TP', 'INTRA', 4, 2, 3
'FWD_TP_COMM_INTRA_2', 'Comm', 14693.546897163289, 14693.550476307702, 0.0035791444133333335, 51539607552.0, 'P2P', 'TP', 'INTRA', 4, 2, 3
'FWD_TP_COMM_INTRA_3', 'Comm', 14693.546897163289, 14693.550476307702, 0.0035791444133333335, 51539607552.0, 'P2P', 'TP', 'INTRA', 4, 2, 3
'FWD_TP_COMM_INTRA_4', 'Comm', 14693.546897163289, 14693.550476307702, 0.0035791444133333335, 51539607552.0, 'P2P', 'TP', 'INTRA', 4, 2, 3
'FWD_TP_COMM_INTRA_5', 'Comm', 14693.546897163289, 14693.550476307702, 0.0035791444133333335, 51539607552.0, 'P2P', 'TP', 'INTRA', 4, 2, 3
'FWD_MHA', 'Compute', 14693.56837202977, 14719.41667328191, 25.84830125214084, 'NONE', 'NONE', 'NONE', 0
'FWD_TP_COMM_INTRA_0', 'Comm', 14719.41667328191, 14719.420252426324, 0.0035791444133333335, 51539607552.0, 'P2P', 'TP', 'INTRA', 4, 2, 3
'FWD_TP_COMM_INTRA_1', 'Comm', 14719.41667328191, 14719.420252426324, 0.0035791444133333335, 51539607552.0, 'P2P', 'TP', 'INTRA', 4, 2, 3
'FWD_TP_COMM_INTRA_2', 'Comm', 14719.41667328191, 14719.420252426324, 0.0035791444133333335, 51539607552.0, 'P2P', 'TP', 'INTRA', 4, 2, 3
'FWD_TP_COMM_INTRA_3', 'Comm', 14719.41667328191, 14719.420252426324, 0.0035791444133333335, 51539607552.0, 'P2P', 'TP', 'INTRA', 4, 2, 3
'FWD_TP_COMM_INTRA_4', 'Comm', 14719.41667328191, 14719.420252426324, 0.0035791444133333335, 51539607552.0, 'P2P', 'TP', 'INTRA', 4, 2, 3
'FWD_TP_COMM_INTRA_5', 'Comm', 14719.41667328191, 14719.420252426324, 0.0035791444133333335, 51539607552.0, 'P2P', 'TP', 'INTRA', 4, 2, 3
'FWD_FFN', 'Compute', 14719.43814814839, 14726.88674202106, 7.4485938726711, 'NONE', 'NONE', 'NONE', 0
'FWD_TP_COMM_INTRA_0', 'Comm', 14726.88674202106, 14726.890321165474, 0.0035791444133333335, 51539607552.0, 'P2P', 'TP', 'INTRA', 4, 2, 3
'FWD_TP_COMM_INTRA_1', 'Comm', 14726.88674202106, 14726.890321165474, 0.0035791444133333335, 51539607552.0, 'P2P', 'TP', 'INTRA', 4, 2, 3
'FWD_TP_COMM_INTRA_2', 'Comm', 14726.88674202106, 14726.890321165474, 0.0035791444133333335, 51539607552.0, 'P2P', 'TP', 'INTRA', 4, 2, 3
'FWD_TP_COMM_INTRA_3', 'Comm', 14726.88674202106, 14726.890321165474, 0.0035791444133333335, 51539607552.0, 'P2P', 'TP', 'INTRA', 4, 2, 3
'FWD_TP_COMM_INTRA_4', 'Comm', 14726.88674202106, 14726.890321165474, 0.0035791444133333335, 51539607552.0, 'P2P', 'TP', 'INTRA', 4, 2, 3
'FWD_TP_COMM_INTRA_5', 'Comm', 14726.88674202106, 14726.890321165474, 0.0035791444133333335, 51539607552.0, 'P2P', 'TP', 'INTRA', 4, 2, 3
'FWD_MHA', 'Compute', 14726.908216887541, 14752.756518139682, 25.84830125214084, 'NONE', 'NONE', 'NONE', 0
'FWD_TP_COMM_INTRA_0', 'Comm', 14752.756518139682, 14752.760097284096, 0.0035791444133333335, 51539607552.0, 'P2P', 'TP', 'INTRA', 4, 2, 3
'FWD_TP_COMM_INTRA_1', 'Comm', 14752.756518139682, 14752.760097284096, 0.0035791444133333335, 51539607552.0, 'P2P', 'TP', 'INTRA', 4, 2, 3
'FWD_TP_COMM_INTRA_2', 'Comm', 14752.756518139682, 14752.760097284096, 0.0035791444133333335, 51539607552.0, 'P2P', 'TP', 'INTRA', 4, 2, 3
'FWD_TP_COMM_INTRA_3', 'Comm', 14752.756518139682, 14752.760097284096, 0.0035791444133333335, 51539607552.0, 'P2P', 'TP', 'INTRA', 4, 2, 3
'FWD_TP_COMM_INTRA_4', 'Comm', 14752.756518139682, 14752.760097284096, 0.0035791444133333335, 51539607552.0, 'P2P', 'TP', 'INTRA', 4, 2, 3
'FWD_TP_COMM_INTRA_5', 'Comm', 14752.756518139682, 14752.760097284096, 0.0035791444133333335, 51539607552.0, 'P2P', 'TP', 'INTRA', 4, 2, 3
'FWD_FFN', 'Compute', 14752.777993006162, 14760.226586878833, 7.4485938726711, 'NONE', 'NONE', 'NONE', 0
'FWD_TP_COMM_INTRA_0', 'Comm', 14760.226586878833, 14760.230166023246, 0.0035791444133333335, 51539607552.0, 'P2P', 'TP', 'INTRA', 4, 2, 3
'FWD_TP_COMM_INTRA_1', 'Comm', 14760.226586878833, 14760.230166023246, 0.0035791444133333335, 51539607552.0, 'P2P', 'TP', 'INTRA', 4, 2, 3
'FWD_TP_COMM_INTRA_2', 'Comm', 14760.226586878833, 14760.230166023246, 0.0035791444133333335, 51539607552.0, 'P2P', 'TP', 'INTRA', 4, 2, 3
'FWD_TP_COMM_INTRA_3', 'Comm', 14760.226586878833, 14760.230166023246, 0.0035791444133333335, 51539607552.0, 'P2P', 'TP', 'INTRA', 4, 2, 3
'FWD_TP_COMM_INTRA_4', 'Comm', 14760.226586878833, 14760.230166023246, 0.0035791444133333335, 51539607552.0, 'P2P', 'TP', 'INTRA', 4, 2, 3
'FWD_TP_COMM_INTRA_5', 'Comm', 14760.226586878833, 14760.230166023246, 0.0035791444133333335, 51539607552.0, 'P2P', 'TP', 'INTRA', 4, 2, 3
'FWD_MHA', 'Compute', 14760.248061745313, 14786.096362997454, 25.84830125214084, 'NONE', 'NONE', 'NONE', 0
'FWD_TP_COMM_INTRA_0', 'Comm', 14786.096362997454, 14786.099942141867, 0.0035791444133333335, 51539607552.0, 'P2P', 'TP', 'INTRA', 4, 2, 3
'FWD_TP_COMM_INTRA_1', 'Comm', 14786.096362997454, 14786.099942141867, 0.0035791444133333335, 51539607552.0, 'P2P', 'TP', 'INTRA', 4, 2, 3
'FWD_TP_COMM_INTRA_2', 'Comm', 14786.096362997454, 14786.099942141867, 0.0035791444133333335, 51539607552.0, 'P2P', 'TP', 'INTRA', 4, 2, 3
'FWD_TP_COMM_INTRA_3', 'Comm', 14786.096362997454, 14786.099942141867, 0.0035791444133333335, 51539607552.0, 'P2P', 'TP', 'INTRA', 4, 2, 3
'FWD_TP_COMM_INTRA_4', 'Comm', 14786.096362997454, 14786.099942141867, 0.0035791444133333335, 51539607552.0, 'P2P', 'TP', 'INTRA', 4, 2, 3
'FWD_TP_COMM_INTRA_5', 'Comm', 14786.096362997454, 14786.099942141867, 0.0035791444133333335, 51539607552.0, 'P2P', 'TP', 'INTRA', 4, 2, 3
'FWD_FFN', 'Compute', 14786.117837863934, 14793.566431736604, 7.4485938726711, 'NONE', 'NONE', 'NONE', 0
'FWD_TP_COMM_INTRA_0', 'Comm', 14793.566431736604, 14793.570010881018, 0.0035791444133333335, 51539607552.0, 'P2P', 'TP', 'INTRA', 4, 2, 3
'FWD_TP_COMM_INTRA_1', 'Comm', 14793.566431736604, 14793.570010881018, 0.0035791444133333335, 51539607552.0, 'P2P', 'TP', 'INTRA', 4, 2, 3
'FWD_TP_COMM_INTRA_2', 'Comm', 14793.566431736604, 14793.570010881018, 0.0035791444133333335, 51539607552.0, 'P2P', 'TP', 'INTRA', 4, 2, 3
'FWD_TP_COMM_INTRA_3', 'Comm', 14793.566431736604, 14793.570010881018, 0.0035791444133333335, 51539607552.0, 'P2P', 'TP', 'INTRA', 4, 2, 3
'FWD_TP_COMM_INTRA_4', 'Comm', 14793.566431736604, 14793.570010881018, 0.0035791444133333335, 51539607552.0, 'P2P', 'TP', 'INTRA', 4, 2, 3
'FWD_TP_COMM_INTRA_5', 'Comm', 14793.566431736604, 14793.570010881018, 0.0035791444133333335, 51539607552.0, 'P2P', 'TP', 'INTRA', 4, 2, 3
'FWD_MHA', 'Compute', 14793.587906603085, 14819.436207855226, 25.84830125214084, 'NONE', 'NONE', 'NONE', 0
'FWD_TP_COMM_INTRA_0', 'Comm', 14819.436207855226, 14819.43978699964, 0.0035791444133333335, 51539607552.0, 'P2P', 'TP', 'INTRA', 4, 2, 3
'FWD_TP_COMM_INTRA_1', 'Comm', 14819.436207855226, 14819.43978699964, 0.0035791444133333335, 51539607552.0, 'P2P', 'TP', 'INTRA', 4, 2, 3
'FWD_TP_COMM_INTRA_2', 'Comm', 14819.436207855226, 14819.43978699964, 0.0035791444133333335, 51539607552.0, 'P2P', 'TP', 'INTRA', 4, 2, 3
'FWD_TP_COMM_INTRA_3', 'Comm', 14819.436207855226, 14819.43978699964, 0.0035791444133333335, 51539607552.0, 'P2P', 'TP', 'INTRA', 4, 2, 3
'FWD_TP_COMM_INTRA_4', 'Comm', 14819.436207855226, 14819.43978699964, 0.0035791444133333335, 51539607552.0, 'P2P', 'TP', 'INTRA', 4, 2, 3
'FWD_TP_COMM_INTRA_5', 'Comm', 14819.436207855226, 14819.43978699964, 0.0035791444133333335, 51539607552.0, 'P2P', 'TP', 'INTRA', 4, 2, 3
'FWD_FFN', 'Compute', 14819.457682721706, 14826.906276594376, 7.4485938726711, 'NONE', 'NONE', 'NONE', 0
'FWD_TP_COMM_INTRA_0', 'Comm', 14826.906276594376, 14826.90985573879, 0.0035791444133333335, 51539607552.0, 'P2P', 'TP', 'INTRA', 4, 2, 3
'FWD_TP_COMM_INTRA_1', 'Comm', 14826.906276594376, 14826.90985573879, 0.0035791444133333335, 51539607552.0, 'P2P', 'TP', 'INTRA', 4, 2, 3
'FWD_TP_COMM_INTRA_2', 'Comm', 14826.906276594376, 14826.90985573879, 0.0035791444133333335, 51539607552.0, 'P2P', 'TP', 'INTRA', 4, 2, 3
'FWD_TP_COMM_INTRA_3', 'Comm', 14826.906276594376, 14826.90985573879, 0.0035791444133333335, 51539607552.0, 'P2P', 'TP', 'INTRA', 4, 2, 3
'FWD_TP_COMM_INTRA_4', 'Comm', 14826.906276594376, 14826.90985573879, 0.0035791444133333335, 51539607552.0, 'P2P', 'TP', 'INTRA', 4, 2, 3
'FWD_TP_COMM_INTRA_5', 'Comm', 14826.906276594376, 14826.90985573879, 0.0035791444133333335, 51539607552.0, 'P2P', 'TP', 'INTRA', 4, 2, 3
'FWD_MHA', 'Compute', 14826.927751460857, 14852.776052712998, 25.84830125214084, 'NONE', 'NONE', 'NONE', 0
'FWD_TP_COMM_INTRA_0', 'Comm', 14852.776052712998, 14852.779631857411, 0.0035791444133333335, 51539607552.0, 'P2P', 'TP', 'INTRA', 4, 2, 3
'FWD_TP_COMM_INTRA_1', 'Comm', 14852.776052712998, 14852.779631857411, 0.0035791444133333335, 51539607552.0, 'P2P', 'TP', 'INTRA', 4, 2, 3
'FWD_TP_COMM_INTRA_2', 'Comm', 14852.776052712998, 14852.779631857411, 0.0035791444133333335, 51539607552.0, 'P2P', 'TP', 'INTRA', 4, 2, 3
'FWD_TP_COMM_INTRA_3', 'Comm', 14852.776052712998, 14852.779631857411, 0.0035791444133333335, 51539607552.0, 'P2P', 'TP', 'INTRA', 4, 2, 3
'FWD_TP_COMM_INTRA_4', 'Comm', 14852.776052712998, 14852.779631857411, 0.0035791444133333335, 51539607552.0, 'P2P', 'TP', 'INTRA', 4, 2, 3
'FWD_TP_COMM_INTRA_5', 'Comm', 14852.776052712998, 14852.779631857411, 0.0035791444133333335, 51539607552.0, 'P2P', 'TP', 'INTRA', 4, 2, 3
'FWD_FFN', 'Compute', 14852.797527579478, 14860.246121452148, 7.4485938726711, 'NONE', 'NONE', 'NONE', 0
'FWD_TP_COMM_INTRA_0', 'Comm', 14860.246121452148, 14860.249700596562, 0.0035791444133333335, 51539607552.0, 'P2P', 'TP', 'INTRA', 4, 2, 3
'FWD_TP_COMM_INTRA_1', 'Comm', 14860.246121452148, 14860.249700596562, 0.0035791444133333335, 51539607552.0, 'P2P', 'TP', 'INTRA', 4, 2, 3
'FWD_TP_COMM_INTRA_2', 'Comm', 14860.246121452148, 14860.249700596562, 0.0035791444133333335, 51539607552.0, 'P2P', 'TP', 'INTRA', 4, 2, 3
'FWD_TP_COMM_INTRA_3', 'Comm', 14860.246121452148, 14860.249700596562, 0.0035791444133333335, 51539607552.0, 'P2P', 'TP', 'INTRA', 4, 2, 3
'FWD_TP_COMM_INTRA_4', 'Comm', 14860.246121452148, 14860.249700596562, 0.0035791444133333335, 51539607552.0, 'P2P', 'TP', 'INTRA', 4, 2, 3
'FWD_TP_COMM_INTRA_5', 'Comm', 14860.246121452148, 14860.249700596562, 0.0035791444133333335, 51539607552.0, 'P2P', 'TP', 'INTRA', 4, 2, 3
'FWD_MHA', 'Compute', 14860.267596318628, 14886.11589757077, 25.84830125214084, 'NONE', 'NONE', 'NONE', 0
'FWD_TP_COMM_INTRA_0', 'Comm', 14886.11589757077, 14886.119476715183, 0.0035791444133333335, 51539607552.0, 'P2P', 'TP', 'INTRA', 4, 2, 3
'FWD_TP_COMM_INTRA_1', 'Comm', 14886.11589757077, 14886.119476715183, 0.0035791444133333335, 51539607552.0, 'P2P', 'TP', 'INTRA', 4, 2, 3
'FWD_TP_COMM_INTRA_2', 'Comm', 14886.11589757077, 14886.119476715183, 0.0035791444133333335, 51539607552.0, 'P2P', 'TP', 'INTRA', 4, 2, 3
'FWD_TP_COMM_INTRA_3', 'Comm', 14886.11589757077, 14886.119476715183, 0.0035791444133333335, 51539607552.0, 'P2P', 'TP', 'INTRA', 4, 2, 3
'FWD_TP_COMM_INTRA_4', 'Comm', 14886.11589757077, 14886.119476715183, 0.0035791444133333335, 51539607552.0, 'P2P', 'TP', 'INTRA', 4, 2, 3
'FWD_TP_COMM_INTRA_5', 'Comm', 14886.11589757077, 14886.119476715183, 0.0035791444133333335, 51539607552.0, 'P2P', 'TP', 'INTRA', 4, 2, 3
'FWD_FFN', 'Compute', 14886.13737243725, 14893.58596630992, 7.4485938726711, 'NONE', 'NONE', 'NONE', 0
'FWD_TP_COMM_INTRA_0', 'Comm', 14893.58596630992, 14893.589545454333, 0.0035791444133333335, 51539607552.0, 'P2P', 'TP', 'INTRA', 4, 2, 3
'FWD_TP_COMM_INTRA_1', 'Comm', 14893.58596630992, 14893.589545454333, 0.0035791444133333335, 51539607552.0, 'P2P', 'TP', 'INTRA', 4, 2, 3
'FWD_TP_COMM_INTRA_2', 'Comm', 14893.58596630992, 14893.589545454333, 0.0035791444133333335, 51539607552.0, 'P2P', 'TP', 'INTRA', 4, 2, 3
'FWD_TP_COMM_INTRA_3', 'Comm', 14893.58596630992, 14893.589545454333, 0.0035791444133333335, 51539607552.0, 'P2P', 'TP', 'INTRA', 4, 2, 3
'FWD_TP_COMM_INTRA_4', 'Comm', 14893.58596630992, 14893.589545454333, 0.0035791444133333335, 51539607552.0, 'P2P', 'TP', 'INTRA', 4, 2, 3
'FWD_TP_COMM_INTRA_5', 'Comm', 14893.58596630992, 14893.589545454333, 0.0035791444133333335, 51539607552.0, 'P2P', 'TP', 'INTRA', 4, 2, 3
'FWD_MHA', 'Compute', 14893.6074411764, 14919.455742428541, 25.84830125214084, 'NONE', 'NONE', 'NONE', 0
'FWD_TP_COMM_INTRA_0', 'Comm', 14919.455742428541, 14919.459321572955, 0.0035791444133333335, 51539607552.0, 'P2P', 'TP', 'INTRA', 4, 2, 3
'FWD_TP_COMM_INTRA_1', 'Comm', 14919.455742428541, 14919.459321572955, 0.0035791444133333335, 51539607552.0, 'P2P', 'TP', 'INTRA', 4, 2, 3
'FWD_TP_COMM_INTRA_2', 'Comm', 14919.455742428541, 14919.459321572955, 0.0035791444133333335, 51539607552.0, 'P2P', 'TP', 'INTRA', 4, 2, 3
'FWD_TP_COMM_INTRA_3', 'Comm', 14919.455742428541, 14919.459321572955, 0.0035791444133333335, 51539607552.0, 'P2P', 'TP', 'INTRA', 4, 2, 3
'FWD_TP_COMM_INTRA_4', 'Comm', 14919.455742428541, 14919.459321572955, 0.0035791444133333335, 51539607552.0, 'P2P', 'TP', 'INTRA', 4, 2, 3
'FWD_TP_COMM_INTRA_5', 'Comm', 14919.455742428541, 14919.459321572955, 0.0035791444133333335, 51539607552.0, 'P2P', 'TP', 'INTRA', 4, 2, 3
'FWD_FFN', 'Compute', 14919.477217295022, 14926.925811167692, 7.4485938726711, 'NONE', 'NONE', 'NONE', 0
'FWD_TP_COMM_INTRA_0', 'Comm', 14926.925811167692, 14926.929390312105, 0.0035791444133333335, 51539607552.0, 'P2P', 'TP', 'INTRA', 4, 2, 3
'FWD_TP_COMM_INTRA_1', 'Comm', 14926.925811167692, 14926.929390312105, 0.0035791444133333335, 51539607552.0, 'P2P', 'TP', 'INTRA', 4, 2, 3
'FWD_TP_COMM_INTRA_2', 'Comm', 14926.925811167692, 14926.929390312105, 0.0035791444133333335, 51539607552.0, 'P2P', 'TP', 'INTRA', 4, 2, 3
'FWD_TP_COMM_INTRA_3', 'Comm', 14926.925811167692, 14926.929390312105, 0.0035791444133333335, 51539607552.0, 'P2P', 'TP', 'INTRA', 4, 2, 3
'FWD_TP_COMM_INTRA_4', 'Comm', 14926.925811167692, 14926.929390312105, 0.0035791444133333335, 51539607552.0, 'P2P', 'TP', 'INTRA', 4, 2, 3
'FWD_TP_COMM_INTRA_5', 'Comm', 14926.925811167692, 14926.929390312105, 0.0035791444133333335, 51539607552.0, 'P2P', 'TP', 'INTRA', 4, 2, 3
'FWD_MHA', 'Compute', 14926.947286034172, 14952.795587286313, 25.84830125214084, 'NONE', 'NONE', 'NONE', 0
'FWD_TP_COMM_INTRA_0', 'Comm', 14952.795587286313, 14952.799166430726, 0.0035791444133333335, 51539607552.0, 'P2P', 'TP', 'INTRA', 4, 2, 3
'FWD_TP_COMM_INTRA_1', 'Comm', 14952.795587286313, 14952.799166430726, 0.0035791444133333335, 51539607552.0, 'P2P', 'TP', 'INTRA', 4, 2, 3
'FWD_TP_COMM_INTRA_2', 'Comm', 14952.795587286313, 14952.799166430726, 0.0035791444133333335, 51539607552.0, 'P2P', 'TP', 'INTRA', 4, 2, 3
'FWD_TP_COMM_INTRA_3', 'Comm', 14952.795587286313, 14952.799166430726, 0.0035791444133333335, 51539607552.0, 'P2P', 'TP', 'INTRA', 4, 2, 3
'FWD_TP_COMM_INTRA_4', 'Comm', 14952.795587286313, 14952.799166430726, 0.0035791444133333335, 51539607552.0, 'P2P', 'TP', 'INTRA', 4, 2, 3
'FWD_TP_COMM_INTRA_5', 'Comm', 14952.795587286313, 14952.799166430726, 0.0035791444133333335, 51539607552.0, 'P2P', 'TP', 'INTRA', 4, 2, 3
'FWD_FFN', 'Compute', 14952.817062152793, 14960.265656025464, 7.4485938726711, 'NONE', 'NONE', 'NONE', 0
'FWD_TP_COMM_INTRA_0', 'Comm', 14960.265656025464, 14960.269235169877, 0.0035791444133333335, 51539607552.0, 'P2P', 'TP', 'INTRA', 4, 2, 3
'FWD_TP_COMM_INTRA_1', 'Comm', 14960.265656025464, 14960.269235169877, 0.0035791444133333335, 51539607552.0, 'P2P', 'TP', 'INTRA', 4, 2, 3
'FWD_TP_COMM_INTRA_2', 'Comm', 14960.265656025464, 14960.269235169877, 0.0035791444133333335, 51539607552.0, 'P2P', 'TP', 'INTRA', 4, 2, 3
'FWD_TP_COMM_INTRA_3', 'Comm', 14960.265656025464, 14960.269235169877, 0.0035791444133333335, 51539607552.0, 'P2P', 'TP', 'INTRA', 4, 2, 3
'FWD_TP_COMM_INTRA_4', 'Comm', 14960.265656025464, 14960.269235169877, 0.0035791444133333335, 51539607552.0, 'P2P', 'TP', 'INTRA', 4, 2, 3
'FWD_TP_COMM_INTRA_5', 'Comm', 14960.265656025464, 14960.269235169877, 0.0035791444133333335, 51539607552.0, 'P2P', 'TP', 'INTRA', 4, 2, 3
'FWD_MHA', 'Compute', 14960.287130891944, 14986.135432144085, 25.84830125214084, 'NONE', 'NONE', 'NONE', 0
'FWD_TP_COMM_INTRA_0', 'Comm', 14986.135432144085, 14986.139011288498, 0.0035791444133333335, 51539607552.0, 'P2P', 'TP', 'INTRA', 4, 2, 3
'FWD_TP_COMM_INTRA_1', 'Comm', 14986.135432144085, 14986.139011288498, 0.0035791444133333335, 51539607552.0, 'P2P', 'TP', 'INTRA', 4, 2, 3
'FWD_TP_COMM_INTRA_2', 'Comm', 14986.135432144085, 14986.139011288498, 0.0035791444133333335, 51539607552.0, 'P2P', 'TP', 'INTRA', 4, 2, 3
'FWD_TP_COMM_INTRA_3', 'Comm', 14986.135432144085, 14986.139011288498, 0.0035791444133333335, 51539607552.0, 'P2P', 'TP', 'INTRA', 4, 2, 3
'FWD_TP_COMM_INTRA_4', 'Comm', 14986.135432144085, 14986.139011288498, 0.0035791444133333335, 51539607552.0, 'P2P', 'TP', 'INTRA', 4, 2, 3
'FWD_TP_COMM_INTRA_5', 'Comm', 14986.135432144085, 14986.139011288498, 0.0035791444133333335, 51539607552.0, 'P2P', 'TP', 'INTRA', 4, 2, 3
'FWD_FFN', 'Compute', 14986.156907010565, 14993.605500883235, 7.4485938726711, 'NONE', 'NONE', 'NONE', 0
'FWD_TP_COMM_INTRA_0', 'Comm', 14993.605500883235, 14993.609080027649, 0.0035791444133333335, 51539607552.0, 'P2P', 'TP', 'INTRA', 4, 2, 3
'FWD_TP_COMM_INTRA_1', 'Comm', 14993.605500883235, 14993.609080027649, 0.0035791444133333335, 51539607552.0, 'P2P', 'TP', 'INTRA', 4, 2, 3
'FWD_TP_COMM_INTRA_2', 'Comm', 14993.605500883235, 14993.609080027649, 0.0035791444133333335, 51539607552.0, 'P2P', 'TP', 'INTRA', 4, 2, 3
'FWD_TP_COMM_INTRA_3', 'Comm', 14993.605500883235, 14993.609080027649, 0.0035791444133333335, 51539607552.0, 'P2P', 'TP', 'INTRA', 4, 2, 3
'FWD_TP_COMM_INTRA_4', 'Comm', 14993.605500883235, 14993.609080027649, 0.0035791444133333335, 51539607552.0, 'P2P', 'TP', 'INTRA', 4, 2, 3
'FWD_TP_COMM_INTRA_5', 'Comm', 14993.605500883235, 14993.609080027649, 0.0035791444133333335, 51539607552.0, 'P2P', 'TP', 'INTRA', 4, 2, 3
'FWD_MHA', 'Compute', 14993.626975749716, 15019.475277001857, 25.84830125214084, 'NONE', 'NONE', 'NONE', 0
'FWD_TP_COMM_INTRA_0', 'Comm', 15019.475277001857, 15019.47885614627, 0.0035791444133333335, 51539607552.0, 'P2P', 'TP', 'INTRA', 4, 2, 3
'FWD_TP_COMM_INTRA_1', 'Comm', 15019.475277001857, 15019.47885614627, 0.0035791444133333335, 51539607552.0, 'P2P', 'TP', 'INTRA', 4, 2, 3
'FWD_TP_COMM_INTRA_2', 'Comm', 15019.475277001857, 15019.47885614627, 0.0035791444133333335, 51539607552.0, 'P2P', 'TP', 'INTRA', 4, 2, 3
'FWD_TP_COMM_INTRA_3', 'Comm', 15019.475277001857, 15019.47885614627, 0.0035791444133333335, 51539607552.0, 'P2P', 'TP', 'INTRA', 4, 2, 3
'FWD_TP_COMM_INTRA_4', 'Comm', 15019.475277001857, 15019.47885614627, 0.0035791444133333335, 51539607552.0, 'P2P', 'TP', 'INTRA', 4, 2, 3
'FWD_TP_COMM_INTRA_5', 'Comm', 15019.475277001857, 15019.47885614627, 0.0035791444133333335, 51539607552.0, 'P2P', 'TP', 'INTRA', 4, 2, 3
'FWD_FFN', 'Compute', 15019.496751868337, 15026.945345741007, 7.4485938726711, 'NONE', 'NONE', 'NONE', 0
'FWD_TP_COMM_INTRA_0', 'Comm', 15026.945345741007, 15026.94892488542, 0.0035791444133333335, 51539607552.0, 'P2P', 'TP', 'INTRA', 4, 2, 3
'FWD_TP_COMM_INTRA_1', 'Comm', 15026.945345741007, 15026.94892488542, 0.0035791444133333335, 51539607552.0, 'P2P', 'TP', 'INTRA', 4, 2, 3
'FWD_TP_COMM_INTRA_2', 'Comm', 15026.945345741007, 15026.94892488542, 0.0035791444133333335, 51539607552.0, 'P2P', 'TP', 'INTRA', 4, 2, 3
'FWD_TP_COMM_INTRA_3', 'Comm', 15026.945345741007, 15026.94892488542, 0.0035791444133333335, 51539607552.0, 'P2P', 'TP', 'INTRA', 4, 2, 3
'FWD_TP_COMM_INTRA_4', 'Comm', 15026.945345741007, 15026.94892488542, 0.0035791444133333335, 51539607552.0, 'P2P', 'TP', 'INTRA', 4, 2, 3
'FWD_TP_COMM_INTRA_5', 'Comm', 15026.945345741007, 15026.94892488542, 0.0035791444133333335, 51539607552.0, 'P2P', 'TP', 'INTRA', 4, 2, 3
'FWD_MHA', 'Compute', 15026.966820607488, 15052.815121859629, 25.84830125214084, 'NONE', 'NONE', 'NONE', 0
'FWD_TP_COMM_INTRA_0', 'Comm', 15052.815121859629, 15052.818701004042, 0.0035791444133333335, 51539607552.0, 'P2P', 'TP', 'INTRA', 4, 2, 3
'FWD_TP_COMM_INTRA_1', 'Comm', 15052.815121859629, 15052.818701004042, 0.0035791444133333335, 51539607552.0, 'P2P', 'TP', 'INTRA', 4, 2, 3
'FWD_TP_COMM_INTRA_2', 'Comm', 15052.815121859629, 15052.818701004042, 0.0035791444133333335, 51539607552.0, 'P2P', 'TP', 'INTRA', 4, 2, 3
'FWD_TP_COMM_INTRA_3', 'Comm', 15052.815121859629, 15052.818701004042, 0.0035791444133333335, 51539607552.0, 'P2P', 'TP', 'INTRA', 4, 2, 3
'FWD_TP_COMM_INTRA_4', 'Comm', 15052.815121859629, 15052.818701004042, 0.0035791444133333335, 51539607552.0, 'P2P', 'TP', 'INTRA', 4, 2, 3
'FWD_TP_COMM_INTRA_5', 'Comm', 15052.815121859629, 15052.818701004042, 0.0035791444133333335, 51539607552.0, 'P2P', 'TP', 'INTRA', 4, 2, 3
'FWD_FFN', 'Compute', 15052.836596726109, 15060.285190598779, 7.4485938726711, 'NONE', 'NONE', 'NONE', 0
'FWD_TP_COMM_INTRA_0', 'Comm', 15060.285190598779, 15060.288769743192, 0.0035791444133333335, 51539607552.0, 'P2P', 'TP', 'INTRA', 4, 2, 3
'FWD_TP_COMM_INTRA_1', 'Comm', 15060.285190598779, 15060.288769743192, 0.0035791444133333335, 51539607552.0, 'P2P', 'TP', 'INTRA', 4, 2, 3
'FWD_TP_COMM_INTRA_2', 'Comm', 15060.285190598779, 15060.288769743192, 0.0035791444133333335, 51539607552.0, 'P2P', 'TP', 'INTRA', 4, 2, 3
'FWD_TP_COMM_INTRA_3', 'Comm', 15060.285190598779, 15060.288769743192, 0.0035791444133333335, 51539607552.0, 'P2P', 'TP', 'INTRA', 4, 2, 3
'FWD_TP_COMM_INTRA_4', 'Comm', 15060.285190598779, 15060.288769743192, 0.0035791444133333335, 51539607552.0, 'P2P', 'TP', 'INTRA', 4, 2, 3
'FWD_TP_COMM_INTRA_5', 'Comm', 15060.285190598779, 15060.288769743192, 0.0035791444133333335, 51539607552.0, 'P2P', 'TP', 'INTRA', 4, 2, 3
'FWD_MHA', 'Compute', 15060.30666546526, 15086.1549667174, 25.84830125214084, 'NONE', 'NONE', 'NONE', 0
'FWD_TP_COMM_INTRA_0', 'Comm', 15086.1549667174, 15086.158545861814, 0.0035791444133333335, 51539607552.0, 'P2P', 'TP', 'INTRA', 4, 2, 3
'FWD_TP_COMM_INTRA_1', 'Comm', 15086.1549667174, 15086.158545861814, 0.0035791444133333335, 51539607552.0, 'P2P', 'TP', 'INTRA', 4, 2, 3
'FWD_TP_COMM_INTRA_2', 'Comm', 15086.1549667174, 15086.158545861814, 0.0035791444133333335, 51539607552.0, 'P2P', 'TP', 'INTRA', 4, 2, 3
'FWD_TP_COMM_INTRA_3', 'Comm', 15086.1549667174, 15086.158545861814, 0.0035791444133333335, 51539607552.0, 'P2P', 'TP', 'INTRA', 4, 2, 3
'FWD_TP_COMM_INTRA_4', 'Comm', 15086.1549667174, 15086.158545861814, 0.0035791444133333335, 51539607552.0, 'P2P', 'TP', 'INTRA', 4, 2, 3
'FWD_TP_COMM_INTRA_5', 'Comm', 15086.1549667174, 15086.158545861814, 0.0035791444133333335, 51539607552.0, 'P2P', 'TP', 'INTRA', 4, 2, 3
'FWD_FFN', 'Compute', 15086.17644158388, 15093.62503545655, 7.4485938726711, 'NONE', 'NONE', 'NONE', 0
'FWD_TP_COMM_INTRA_0', 'Comm', 15093.62503545655, 15093.628614600964, 0.0035791444133333335, 51539607552.0, 'P2P', 'TP', 'INTRA', 4, 2, 3
'FWD_TP_COMM_INTRA_1', 'Comm', 15093.62503545655, 15093.628614600964, 0.0035791444133333335, 51539607552.0, 'P2P', 'TP', 'INTRA', 4, 2, 3
'FWD_TP_COMM_INTRA_2', 'Comm', 15093.62503545655, 15093.628614600964, 0.0035791444133333335, 51539607552.0, 'P2P', 'TP', 'INTRA', 4, 2, 3
'FWD_TP_COMM_INTRA_3', 'Comm', 15093.62503545655, 15093.628614600964, 0.0035791444133333335, 51539607552.0, 'P2P', 'TP', 'INTRA', 4, 2, 3
'FWD_TP_COMM_INTRA_4', 'Comm', 15093.62503545655, 15093.628614600964, 0.0035791444133333335, 51539607552.0, 'P2P', 'TP', 'INTRA', 4, 2, 3
'FWD_TP_COMM_INTRA_5', 'Comm', 15093.62503545655, 15093.628614600964, 0.0035791444133333335, 51539607552.0, 'P2P', 'TP', 'INTRA', 4, 2, 3
'FWD_MHA', 'Compute', 15093.646510323031, 15119.494811575172, 25.84830125214084, 'NONE', 'NONE', 'NONE', 0
'FWD_TP_COMM_INTRA_0', 'Comm', 15119.494811575172, 15119.498390719586, 0.0035791444133333335, 51539607552.0, 'P2P', 'TP', 'INTRA', 4, 2, 3
'FWD_TP_COMM_INTRA_1', 'Comm', 15119.494811575172, 15119.498390719586, 0.0035791444133333335, 51539607552.0, 'P2P', 'TP', 'INTRA', 4, 2, 3
'FWD_TP_COMM_INTRA_2', 'Comm', 15119.494811575172, 15119.498390719586, 0.0035791444133333335, 51539607552.0, 'P2P', 'TP', 'INTRA', 4, 2, 3
'FWD_TP_COMM_INTRA_3', 'Comm', 15119.494811575172, 15119.498390719586, 0.0035791444133333335, 51539607552.0, 'P2P', 'TP', 'INTRA', 4, 2, 3
'FWD_TP_COMM_INTRA_4', 'Comm', 15119.494811575172, 15119.498390719586, 0.0035791444133333335, 51539607552.0, 'P2P', 'TP', 'INTRA', 4, 2, 3
'FWD_TP_COMM_INTRA_5', 'Comm', 15119.494811575172, 15119.498390719586, 0.0035791444133333335, 51539607552.0, 'P2P', 'TP', 'INTRA', 4, 2, 3
'FWD_FFN', 'Compute', 15119.516286441652, 15126.964880314323, 7.4485938726711, 'NONE', 'NONE', 'NONE', 0
'FWD_TP_COMM_INTRA_0', 'Comm', 15126.964880314323, 15126.968459458736, 0.0035791444133333335, 51539607552.0, 'P2P', 'TP', 'INTRA', 4, 2, 3
'FWD_TP_COMM_INTRA_1', 'Comm', 15126.964880314323, 15126.968459458736, 0.0035791444133333335, 51539607552.0, 'P2P', 'TP', 'INTRA', 4, 2, 3
'FWD_TP_COMM_INTRA_2', 'Comm', 15126.964880314323, 15126.968459458736, 0.0035791444133333335, 51539607552.0, 'P2P', 'TP', 'INTRA', 4, 2, 3
'FWD_TP_COMM_INTRA_3', 'Comm', 15126.964880314323, 15126.968459458736, 0.0035791444133333335, 51539607552.0, 'P2P', 'TP', 'INTRA', 4, 2, 3
'FWD_TP_COMM_INTRA_4', 'Comm', 15126.964880314323, 15126.968459458736, 0.0035791444133333335, 51539607552.0, 'P2P', 'TP', 'INTRA', 4, 2, 3
'FWD_TP_COMM_INTRA_5', 'Comm', 15126.964880314323, 15126.968459458736, 0.0035791444133333335, 51539607552.0, 'P2P', 'TP', 'INTRA', 4, 2, 3
'FWD_MHA', 'Compute', 15126.986355180803, 15152.834656432944, 25.84830125214084, 'NONE', 'NONE', 'NONE', 0
'FWD_TP_COMM_INTRA_0', 'Comm', 15152.834656432944, 15152.838235577357, 0.0035791444133333335, 51539607552.0, 'P2P', 'TP', 'INTRA', 4, 2, 3
'FWD_TP_COMM_INTRA_1', 'Comm', 15152.834656432944, 15152.838235577357, 0.0035791444133333335, 51539607552.0, 'P2P', 'TP', 'INTRA', 4, 2, 3
'FWD_TP_COMM_INTRA_2', 'Comm', 15152.834656432944, 15152.838235577357, 0.0035791444133333335, 51539607552.0, 'P2P', 'TP', 'INTRA', 4, 2, 3
'FWD_TP_COMM_INTRA_3', 'Comm', 15152.834656432944, 15152.838235577357, 0.0035791444133333335, 51539607552.0, 'P2P', 'TP', 'INTRA', 4, 2, 3
'FWD_TP_COMM_INTRA_4', 'Comm', 15152.834656432944, 15152.838235577357, 0.0035791444133333335, 51539607552.0, 'P2P', 'TP', 'INTRA', 4, 2, 3
'FWD_TP_COMM_INTRA_5', 'Comm', 15152.834656432944, 15152.838235577357, 0.0035791444133333335, 51539607552.0, 'P2P', 'TP', 'INTRA', 4, 2, 3
'FWD_FFN', 'Compute', 15152.856131299424, 15160.304725172095, 7.4485938726711, 'NONE', 'NONE', 'NONE', 0
'FWD_TP_COMM_INTRA_0', 'Comm', 15160.304725172095, 15160.308304316508, 0.0035791444133333335, 51539607552.0, 'P2P', 'TP', 'INTRA', 4, 2, 3
'FWD_TP_COMM_INTRA_1', 'Comm', 15160.304725172095, 15160.308304316508, 0.0035791444133333335, 51539607552.0, 'P2P', 'TP', 'INTRA', 4, 2, 3
'FWD_TP_COMM_INTRA_2', 'Comm', 15160.304725172095, 15160.308304316508, 0.0035791444133333335, 51539607552.0, 'P2P', 'TP', 'INTRA', 4, 2, 3
'FWD_TP_COMM_INTRA_3', 'Comm', 15160.304725172095, 15160.308304316508, 0.0035791444133333335, 51539607552.0, 'P2P', 'TP', 'INTRA', 4, 2, 3
'FWD_TP_COMM_INTRA_4', 'Comm', 15160.304725172095, 15160.308304316508, 0.0035791444133333335, 51539607552.0, 'P2P', 'TP', 'INTRA', 4, 2, 3
'FWD_TP_COMM_INTRA_5', 'Comm', 15160.304725172095, 15160.308304316508, 0.0035791444133333335, 51539607552.0, 'P2P', 'TP', 'INTRA', 4, 2, 3
'FWD_MHA', 'Compute', 15160.326200038575, 15186.174501290716, 25.84830125214084, 'NONE', 'NONE', 'NONE', 0
'FWD_TP_COMM_INTRA_0', 'Comm', 15186.174501290716, 15186.17808043513, 0.0035791444133333335, 51539607552.0, 'P2P', 'TP', 'INTRA', 4, 2, 3
'FWD_TP_COMM_INTRA_1', 'Comm', 15186.174501290716, 15186.17808043513, 0.0035791444133333335, 51539607552.0, 'P2P', 'TP', 'INTRA', 4, 2, 3
'FWD_TP_COMM_INTRA_2', 'Comm', 15186.174501290716, 15186.17808043513, 0.0035791444133333335, 51539607552.0, 'P2P', 'TP', 'INTRA', 4, 2, 3
'FWD_TP_COMM_INTRA_3', 'Comm', 15186.174501290716, 15186.17808043513, 0.0035791444133333335, 51539607552.0, 'P2P', 'TP', 'INTRA', 4, 2, 3
'FWD_TP_COMM_INTRA_4', 'Comm', 15186.174501290716, 15186.17808043513, 0.0035791444133333335, 51539607552.0, 'P2P', 'TP', 'INTRA', 4, 2, 3
'FWD_TP_COMM_INTRA_5', 'Comm', 15186.174501290716, 15186.17808043513, 0.0035791444133333335, 51539607552.0, 'P2P', 'TP', 'INTRA', 4, 2, 3
'FWD_FFN', 'Compute', 15186.195976157196, 15193.644570029866, 7.4485938726711, 'NONE', 'NONE', 'NONE', 0
'FWD_TP_COMM_INTRA_0', 'Comm', 15193.644570029866, 15193.64814917428, 0.0035791444133333335, 51539607552.0, 'P2P', 'TP', 'INTRA', 4, 2, 3
'FWD_TP_COMM_INTRA_1', 'Comm', 15193.644570029866, 15193.64814917428, 0.0035791444133333335, 51539607552.0, 'P2P', 'TP', 'INTRA', 4, 2, 3
'FWD_TP_COMM_INTRA_2', 'Comm', 15193.644570029866, 15193.64814917428, 0.0035791444133333335, 51539607552.0, 'P2P', 'TP', 'INTRA', 4, 2, 3
'FWD_TP_COMM_INTRA_3', 'Comm', 15193.644570029866, 15193.64814917428, 0.0035791444133333335, 51539607552.0, 'P2P', 'TP', 'INTRA', 4, 2, 3
'FWD_TP_COMM_INTRA_4', 'Comm', 15193.644570029866, 15193.64814917428, 0.0035791444133333335, 51539607552.0, 'P2P', 'TP', 'INTRA', 4, 2, 3
'FWD_TP_COMM_INTRA_5', 'Comm', 15193.644570029866, 15193.64814917428, 0.0035791444133333335, 51539607552.0, 'P2P', 'TP', 'INTRA', 4, 2, 3
'FWD_MHA', 'Compute', 15193.666044896347, 15219.514346148488, 25.84830125214084, 'NONE', 'NONE', 'NONE', 0
'FWD_TP_COMM_INTRA_0', 'Comm', 15219.514346148488, 15219.517925292901, 0.0035791444133333335, 51539607552.0, 'P2P', 'TP', 'INTRA', 4, 2, 3
'FWD_TP_COMM_INTRA_1', 'Comm', 15219.514346148488, 15219.517925292901, 0.0035791444133333335, 51539607552.0, 'P2P', 'TP', 'INTRA', 4, 2, 3
'FWD_TP_COMM_INTRA_2', 'Comm', 15219.514346148488, 15219.517925292901, 0.0035791444133333335, 51539607552.0, 'P2P', 'TP', 'INTRA', 4, 2, 3
'FWD_TP_COMM_INTRA_3', 'Comm', 15219.514346148488, 15219.517925292901, 0.0035791444133333335, 51539607552.0, 'P2P', 'TP', 'INTRA', 4, 2, 3
'FWD_TP_COMM_INTRA_4', 'Comm', 15219.514346148488, 15219.517925292901, 0.0035791444133333335, 51539607552.0, 'P2P', 'TP', 'INTRA', 4, 2, 3
'FWD_TP_COMM_INTRA_5', 'Comm', 15219.514346148488, 15219.517925292901, 0.0035791444133333335, 51539607552.0, 'P2P', 'TP', 'INTRA', 4, 2, 3
'FWD_FFN', 'Compute', 15219.535821014968, 15226.984414887638, 7.4485938726711, 'NONE', 'NONE', 'NONE', 0
'FWD_TP_COMM_INTRA_0', 'Comm', 15226.984414887638, 15226.987994032052, 0.0035791444133333335, 51539607552.0, 'P2P', 'TP', 'INTRA', 4, 2, 3
'FWD_TP_COMM_INTRA_1', 'Comm', 15226.984414887638, 15226.987994032052, 0.0035791444133333335, 51539607552.0, 'P2P', 'TP', 'INTRA', 4, 2, 3
'FWD_TP_COMM_INTRA_2', 'Comm', 15226.984414887638, 15226.987994032052, 0.0035791444133333335, 51539607552.0, 'P2P', 'TP', 'INTRA', 4, 2, 3
'FWD_TP_COMM_INTRA_3', 'Comm', 15226.984414887638, 15226.987994032052, 0.0035791444133333335, 51539607552.0, 'P2P', 'TP', 'INTRA', 4, 2, 3
'FWD_TP_COMM_INTRA_4', 'Comm', 15226.984414887638, 15226.987994032052, 0.0035791444133333335, 51539607552.0, 'P2P', 'TP', 'INTRA', 4, 2, 3
'FWD_TP_COMM_INTRA_5', 'Comm', 15226.984414887638, 15226.987994032052, 0.0035791444133333335, 51539607552.0, 'P2P', 'TP', 'INTRA', 4, 2, 3
'FWD_MHA', 'Compute', 15227.005889754118, 15252.85419100626, 25.84830125214084, 'NONE', 'NONE', 'NONE', 0
'FWD_TP_COMM_INTRA_0', 'Comm', 15252.85419100626, 15252.857770150673, 0.0035791444133333335, 51539607552.0, 'P2P', 'TP', 'INTRA', 4, 2, 3
'FWD_TP_COMM_INTRA_1', 'Comm', 15252.85419100626, 15252.857770150673, 0.0035791444133333335, 51539607552.0, 'P2P', 'TP', 'INTRA', 4, 2, 3
'FWD_TP_COMM_INTRA_2', 'Comm', 15252.85419100626, 15252.857770150673, 0.0035791444133333335, 51539607552.0, 'P2P', 'TP', 'INTRA', 4, 2, 3
'FWD_TP_COMM_INTRA_3', 'Comm', 15252.85419100626, 15252.857770150673, 0.0035791444133333335, 51539607552.0, 'P2P', 'TP', 'INTRA', 4, 2, 3
'FWD_TP_COMM_INTRA_4', 'Comm', 15252.85419100626, 15252.857770150673, 0.0035791444133333335, 51539607552.0, 'P2P', 'TP', 'INTRA', 4, 2, 3
'FWD_TP_COMM_INTRA_5', 'Comm', 15252.85419100626, 15252.857770150673, 0.0035791444133333335, 51539607552.0, 'P2P', 'TP', 'INTRA', 4, 2, 3
'FWD_FFN', 'Compute', 15252.87566587274, 15260.32425974541, 7.4485938726711, 'NONE', 'NONE', 'NONE', 0
'FWD_TP_COMM_INTRA_0', 'Comm', 15260.32425974541, 15260.327838889823, 0.0035791444133333335, 51539607552.0, 'P2P', 'TP', 'INTRA', 4, 2, 3
'FWD_TP_COMM_INTRA_1', 'Comm', 15260.32425974541, 15260.327838889823, 0.0035791444133333335, 51539607552.0, 'P2P', 'TP', 'INTRA', 4, 2, 3
'FWD_TP_COMM_INTRA_2', 'Comm', 15260.32425974541, 15260.327838889823, 0.0035791444133333335, 51539607552.0, 'P2P', 'TP', 'INTRA', 4, 2, 3
'FWD_TP_COMM_INTRA_3', 'Comm', 15260.32425974541, 15260.327838889823, 0.0035791444133333335, 51539607552.0, 'P2P', 'TP', 'INTRA', 4, 2, 3
'FWD_TP_COMM_INTRA_4', 'Comm', 15260.32425974541, 15260.327838889823, 0.0035791444133333335, 51539607552.0, 'P2P', 'TP', 'INTRA', 4, 2, 3
'FWD_TP_COMM_INTRA_5', 'Comm', 15260.32425974541, 15260.327838889823, 0.0035791444133333335, 51539607552.0, 'P2P', 'TP', 'INTRA', 4, 2, 3
'FWD_MHA', 'Compute', 15260.34573461189, 15286.194035864031, 25.84830125214084, 'NONE', 'NONE', 'NONE', 0
'FWD_TP_COMM_INTRA_0', 'Comm', 15286.194035864031, 15286.197615008445, 0.0035791444133333335, 51539607552.0, 'P2P', 'TP', 'INTRA', 4, 2, 3
'FWD_TP_COMM_INTRA_1', 'Comm', 15286.194035864031, 15286.197615008445, 0.0035791444133333335, 51539607552.0, 'P2P', 'TP', 'INTRA', 4, 2, 3
'FWD_TP_COMM_INTRA_2', 'Comm', 15286.194035864031, 15286.197615008445, 0.0035791444133333335, 51539607552.0, 'P2P', 'TP', 'INTRA', 4, 2, 3
'FWD_TP_COMM_INTRA_3', 'Comm', 15286.194035864031, 15286.197615008445, 0.0035791444133333335, 51539607552.0, 'P2P', 'TP', 'INTRA', 4, 2, 3
'FWD_TP_COMM_INTRA_4', 'Comm', 15286.194035864031, 15286.197615008445, 0.0035791444133333335, 51539607552.0, 'P2P', 'TP', 'INTRA', 4, 2, 3
'FWD_TP_COMM_INTRA_5', 'Comm', 15286.194035864031, 15286.197615008445, 0.0035791444133333335, 51539607552.0, 'P2P', 'TP', 'INTRA', 4, 2, 3
'FWD_FFN', 'Compute', 15286.215510730512, 15293.664104603182, 7.4485938726711, 'NONE', 'NONE', 'NONE', 0
'FWD_TP_COMM_INTRA_0', 'Comm', 15293.664104603182, 15293.667683747595, 0.0035791444133333335, 51539607552.0, 'P2P', 'TP', 'INTRA', 4, 2, 3
'FWD_TP_COMM_INTRA_1', 'Comm', 15293.664104603182, 15293.667683747595, 0.0035791444133333335, 51539607552.0, 'P2P', 'TP', 'INTRA', 4, 2, 3
'FWD_TP_COMM_INTRA_2', 'Comm', 15293.664104603182, 15293.667683747595, 0.0035791444133333335, 51539607552.0, 'P2P', 'TP', 'INTRA', 4, 2, 3
'FWD_TP_COMM_INTRA_3', 'Comm', 15293.664104603182, 15293.667683747595, 0.0035791444133333335, 51539607552.0, 'P2P', 'TP', 'INTRA', 4, 2, 3
'FWD_TP_COMM_INTRA_4', 'Comm', 15293.664104603182, 15293.667683747595, 0.0035791444133333335, 51539607552.0, 'P2P', 'TP', 'INTRA', 4, 2, 3
'FWD_TP_COMM_INTRA_5', 'Comm', 15293.664104603182, 15293.667683747595, 0.0035791444133333335, 51539607552.0, 'P2P', 'TP', 'INTRA', 4, 2, 3
'FWD_MHA', 'Compute', 15293.685579469662, 15319.533880721803, 25.84830125214084, 'NONE', 'NONE', 'NONE', 0
'FWD_TP_COMM_INTRA_0', 'Comm', 15319.533880721803, 15319.537459866217, 0.0035791444133333335, 51539607552.0, 'P2P', 'TP', 'INTRA', 4, 2, 3
'FWD_TP_COMM_INTRA_1', 'Comm', 15319.533880721803, 15319.537459866217, 0.0035791444133333335, 51539607552.0, 'P2P', 'TP', 'INTRA', 4, 2, 3
'FWD_TP_COMM_INTRA_2', 'Comm', 15319.533880721803, 15319.537459866217, 0.0035791444133333335, 51539607552.0, 'P2P', 'TP', 'INTRA', 4, 2, 3
'FWD_TP_COMM_INTRA_3', 'Comm', 15319.533880721803, 15319.537459866217, 0.0035791444133333335, 51539607552.0, 'P2P', 'TP', 'INTRA', 4, 2, 3
'FWD_TP_COMM_INTRA_4', 'Comm', 15319.533880721803, 15319.537459866217, 0.0035791444133333335, 51539607552.0, 'P2P', 'TP', 'INTRA', 4, 2, 3
'FWD_TP_COMM_INTRA_5', 'Comm', 15319.533880721803, 15319.537459866217, 0.0035791444133333335, 51539607552.0, 'P2P', 'TP', 'INTRA', 4, 2, 3
'FWD_FFN', 'Compute', 15319.555355588283, 15327.003949460954, 7.4485938726711, 'NONE', 'NONE', 'NONE', 0
'FWD_TP_COMM_INTRA_0', 'Comm', 15327.003949460954, 15327.007528605367, 0.0035791444133333335, 51539607552.0, 'P2P', 'TP', 'INTRA', 4, 2, 3
'FWD_TP_COMM_INTRA_1', 'Comm', 15327.003949460954, 15327.007528605367, 0.0035791444133333335, 51539607552.0, 'P2P', 'TP', 'INTRA', 4, 2, 3
'FWD_TP_COMM_INTRA_2', 'Comm', 15327.003949460954, 15327.007528605367, 0.0035791444133333335, 51539607552.0, 'P2P', 'TP', 'INTRA', 4, 2, 3
'FWD_TP_COMM_INTRA_3', 'Comm', 15327.003949460954, 15327.007528605367, 0.0035791444133333335, 51539607552.0, 'P2P', 'TP', 'INTRA', 4, 2, 3
'FWD_TP_COMM_INTRA_4', 'Comm', 15327.003949460954, 15327.007528605367, 0.0035791444133333335, 51539607552.0, 'P2P', 'TP', 'INTRA', 4, 2, 3
'FWD_TP_COMM_INTRA_5', 'Comm', 15327.003949460954, 15327.007528605367, 0.0035791444133333335, 51539607552.0, 'P2P', 'TP', 'INTRA', 4, 2, 3
'FWD_MHA', 'Compute', 15327.025424327434, 15352.873725579575, 25.84830125214084, 'NONE', 'NONE', 'NONE', 0
'FWD_TP_COMM_INTRA_0', 'Comm', 15352.873725579575, 15352.877304723988, 0.0035791444133333335, 51539607552.0, 'P2P', 'TP', 'INTRA', 4, 2, 3
'FWD_TP_COMM_INTRA_1', 'Comm', 15352.873725579575, 15352.877304723988, 0.0035791444133333335, 51539607552.0, 'P2P', 'TP', 'INTRA', 4, 2, 3
'FWD_TP_COMM_INTRA_2', 'Comm', 15352.873725579575, 15352.877304723988, 0.0035791444133333335, 51539607552.0, 'P2P', 'TP', 'INTRA', 4, 2, 3
'FWD_TP_COMM_INTRA_3', 'Comm', 15352.873725579575, 15352.877304723988, 0.0035791444133333335, 51539607552.0, 'P2P', 'TP', 'INTRA', 4, 2, 3
'FWD_TP_COMM_INTRA_4', 'Comm', 15352.873725579575, 15352.877304723988, 0.0035791444133333335, 51539607552.0, 'P2P', 'TP', 'INTRA', 4, 2, 3
'FWD_TP_COMM_INTRA_5', 'Comm', 15352.873725579575, 15352.877304723988, 0.0035791444133333335, 51539607552.0, 'P2P', 'TP', 'INTRA', 4, 2, 3
'FWD_FFN', 'Compute', 15352.895200446055, 15360.343794318725, 7.4485938726711, 'NONE', 'NONE', 'NONE', 0
'FWD_TP_COMM_INTRA_0', 'Comm', 15360.343794318725, 15360.347373463139, 0.0035791444133333335, 51539607552.0, 'P2P', 'TP', 'INTRA', 4, 2, 3
'FWD_TP_COMM_INTRA_1', 'Comm', 15360.343794318725, 15360.347373463139, 0.0035791444133333335, 51539607552.0, 'P2P', 'TP', 'INTRA', 4, 2, 3
'FWD_TP_COMM_INTRA_2', 'Comm', 15360.343794318725, 15360.347373463139, 0.0035791444133333335, 51539607552.0, 'P2P', 'TP', 'INTRA', 4, 2, 3
'FWD_TP_COMM_INTRA_3', 'Comm', 15360.343794318725, 15360.347373463139, 0.0035791444133333335, 51539607552.0, 'P2P', 'TP', 'INTRA', 4, 2, 3
'FWD_TP_COMM_INTRA_4', 'Comm', 15360.343794318725, 15360.347373463139, 0.0035791444133333335, 51539607552.0, 'P2P', 'TP', 'INTRA', 4, 2, 3
'FWD_TP_COMM_INTRA_5', 'Comm', 15360.343794318725, 15360.347373463139, 0.0035791444133333335, 51539607552.0, 'P2P', 'TP', 'INTRA', 4, 2, 3
'FWD_MHA', 'Compute', 15360.365269185206, 15386.213570437347, 25.84830125214084, 'NONE', 'NONE', 'NONE', 0
'FWD_TP_COMM_INTRA_0', 'Comm', 15386.213570437347, 15386.21714958176, 0.0035791444133333335, 51539607552.0, 'P2P', 'TP', 'INTRA', 4, 2, 3
'FWD_TP_COMM_INTRA_1', 'Comm', 15386.213570437347, 15386.21714958176, 0.0035791444133333335, 51539607552.0, 'P2P', 'TP', 'INTRA', 4, 2, 3
'FWD_TP_COMM_INTRA_2', 'Comm', 15386.213570437347, 15386.21714958176, 0.0035791444133333335, 51539607552.0, 'P2P', 'TP', 'INTRA', 4, 2, 3
'FWD_TP_COMM_INTRA_3', 'Comm', 15386.213570437347, 15386.21714958176, 0.0035791444133333335, 51539607552.0, 'P2P', 'TP', 'INTRA', 4, 2, 3
'FWD_TP_COMM_INTRA_4', 'Comm', 15386.213570437347, 15386.21714958176, 0.0035791444133333335, 51539607552.0, 'P2P', 'TP', 'INTRA', 4, 2, 3
'FWD_TP_COMM_INTRA_5', 'Comm', 15386.213570437347, 15386.21714958176, 0.0035791444133333335, 51539607552.0, 'P2P', 'TP', 'INTRA', 4, 2, 3
'FWD_FFN', 'Compute', 15386.235045303827, 15393.683639176497, 7.4485938726711, 'NONE', 'NONE', 'NONE', 0
'FWD_TP_COMM_INTRA_0', 'Comm', 15393.683639176497, 15393.68721832091, 0.0035791444133333335, 51539607552.0, 'P2P', 'TP', 'INTRA', 4, 2, 3
'FWD_TP_COMM_INTRA_1', 'Comm', 15393.683639176497, 15393.68721832091, 0.0035791444133333335, 51539607552.0, 'P2P', 'TP', 'INTRA', 4, 2, 3
'FWD_TP_COMM_INTRA_2', 'Comm', 15393.683639176497, 15393.68721832091, 0.0035791444133333335, 51539607552.0, 'P2P', 'TP', 'INTRA', 4, 2, 3
'FWD_TP_COMM_INTRA_3', 'Comm', 15393.683639176497, 15393.68721832091, 0.0035791444133333335, 51539607552.0, 'P2P', 'TP', 'INTRA', 4, 2, 3
'FWD_TP_COMM_INTRA_4', 'Comm', 15393.683639176497, 15393.68721832091, 0.0035791444133333335, 51539607552.0, 'P2P', 'TP', 'INTRA', 4, 2, 3
'FWD_TP_COMM_INTRA_5', 'Comm', 15393.683639176497, 15393.68721832091, 0.0035791444133333335, 51539607552.0, 'P2P', 'TP', 'INTRA', 4, 2, 3
'FWD_MHA', 'Compute', 15393.705114042978, 15419.553415295119, 25.84830125214084, 'NONE', 'NONE', 'NONE', 0
'FWD_TP_COMM_INTRA_0', 'Comm', 15419.553415295119, 15419.556994439532, 0.0035791444133333335, 51539607552.0, 'P2P', 'TP', 'INTRA', 4, 2, 3
'FWD_TP_COMM_INTRA_1', 'Comm', 15419.553415295119, 15419.556994439532, 0.0035791444133333335, 51539607552.0, 'P2P', 'TP', 'INTRA', 4, 2, 3
'FWD_TP_COMM_INTRA_2', 'Comm', 15419.553415295119, 15419.556994439532, 0.0035791444133333335, 51539607552.0, 'P2P', 'TP', 'INTRA', 4, 2, 3
'FWD_TP_COMM_INTRA_3', 'Comm', 15419.553415295119, 15419.556994439532, 0.0035791444133333335, 51539607552.0, 'P2P', 'TP', 'INTRA', 4, 2, 3
'FWD_TP_COMM_INTRA_4', 'Comm', 15419.553415295119, 15419.556994439532, 0.0035791444133333335, 51539607552.0, 'P2P', 'TP', 'INTRA', 4, 2, 3
'FWD_TP_COMM_INTRA_5', 'Comm', 15419.553415295119, 15419.556994439532, 0.0035791444133333335, 51539607552.0, 'P2P', 'TP', 'INTRA', 4, 2, 3
'FWD_FFN', 'Compute', 15419.574890161599, 15427.02348403427, 7.4485938726711, 'NONE', 'NONE', 'NONE', 0
'FWD_TP_COMM_INTRA_0', 'Comm', 15427.02348403427, 15427.027063178683, 0.0035791444133333335, 51539607552.0, 'P2P', 'TP', 'INTRA', 4, 2, 3
'FWD_TP_COMM_INTRA_1', 'Comm', 15427.02348403427, 15427.027063178683, 0.0035791444133333335, 51539607552.0, 'P2P', 'TP', 'INTRA', 4, 2, 3
'FWD_TP_COMM_INTRA_2', 'Comm', 15427.02348403427, 15427.027063178683, 0.0035791444133333335, 51539607552.0, 'P2P', 'TP', 'INTRA', 4, 2, 3
'FWD_TP_COMM_INTRA_3', 'Comm', 15427.02348403427, 15427.027063178683, 0.0035791444133333335, 51539607552.0, 'P2P', 'TP', 'INTRA', 4, 2, 3
'FWD_TP_COMM_INTRA_4', 'Comm', 15427.02348403427, 15427.027063178683, 0.0035791444133333335, 51539607552.0, 'P2P', 'TP', 'INTRA', 4, 2, 3
'FWD_TP_COMM_INTRA_5', 'Comm', 15427.02348403427, 15427.027063178683, 0.0035791444133333335, 51539607552.0, 'P2P', 'TP', 'INTRA', 4, 2, 3
'FWD_MHA', 'Compute', 15427.04495890075, 15452.89326015289, 25.84830125214084, 'NONE', 'NONE', 'NONE', 0
'FWD_TP_COMM_INTRA_0', 'Comm', 15452.89326015289, 15452.896839297304, 0.0035791444133333335, 51539607552.0, 'P2P', 'TP', 'INTRA', 4, 2, 3
'FWD_TP_COMM_INTRA_1', 'Comm', 15452.89326015289, 15452.896839297304, 0.0035791444133333335, 51539607552.0, 'P2P', 'TP', 'INTRA', 4, 2, 3
'FWD_TP_COMM_INTRA_2', 'Comm', 15452.89326015289, 15452.896839297304, 0.0035791444133333335, 51539607552.0, 'P2P', 'TP', 'INTRA', 4, 2, 3
'FWD_TP_COMM_INTRA_3', 'Comm', 15452.89326015289, 15452.896839297304, 0.0035791444133333335, 51539607552.0, 'P2P', 'TP', 'INTRA', 4, 2, 3
'FWD_TP_COMM_INTRA_4', 'Comm', 15452.89326015289, 15452.896839297304, 0.0035791444133333335, 51539607552.0, 'P2P', 'TP', 'INTRA', 4, 2, 3
'FWD_TP_COMM_INTRA_5', 'Comm', 15452.89326015289, 15452.896839297304, 0.0035791444133333335, 51539607552.0, 'P2P', 'TP', 'INTRA', 4, 2, 3
'FWD_FFN', 'Compute', 15452.91473501937, 15460.363328892041, 7.4485938726711, 'NONE', 'NONE', 'NONE', 0
'FWD_TP_COMM_INTRA_0', 'Comm', 15460.363328892041, 15460.366908036454, 0.0035791444133333335, 51539607552.0, 'P2P', 'TP', 'INTRA', 4, 2, 3
'FWD_TP_COMM_INTRA_1', 'Comm', 15460.363328892041, 15460.366908036454, 0.0035791444133333335, 51539607552.0, 'P2P', 'TP', 'INTRA', 4, 2, 3
'FWD_TP_COMM_INTRA_2', 'Comm', 15460.363328892041, 15460.366908036454, 0.0035791444133333335, 51539607552.0, 'P2P', 'TP', 'INTRA', 4, 2, 3
'FWD_TP_COMM_INTRA_3', 'Comm', 15460.363328892041, 15460.366908036454, 0.0035791444133333335, 51539607552.0, 'P2P', 'TP', 'INTRA', 4, 2, 3
'FWD_TP_COMM_INTRA_4', 'Comm', 15460.363328892041, 15460.366908036454, 0.0035791444133333335, 51539607552.0, 'P2P', 'TP', 'INTRA', 4, 2, 3
'FWD_TP_COMM_INTRA_5', 'Comm', 15460.363328892041, 15460.366908036454, 0.0035791444133333335, 51539607552.0, 'P2P', 'TP', 'INTRA', 4, 2, 3
'FWD_MHA', 'Compute', 15460.384803758521, 15486.233105010662, 25.84830125214084, 'NONE', 'NONE', 'NONE', 0
'FWD_TP_COMM_INTRA_0', 'Comm', 15486.233105010662, 15486.236684155076, 0.0035791444133333335, 51539607552.0, 'P2P', 'TP', 'INTRA', 4, 2, 3
'FWD_TP_COMM_INTRA_1', 'Comm', 15486.233105010662, 15486.236684155076, 0.0035791444133333335, 51539607552.0, 'P2P', 'TP', 'INTRA', 4, 2, 3
'FWD_TP_COMM_INTRA_2', 'Comm', 15486.233105010662, 15486.236684155076, 0.0035791444133333335, 51539607552.0, 'P2P', 'TP', 'INTRA', 4, 2, 3
'FWD_TP_COMM_INTRA_3', 'Comm', 15486.233105010662, 15486.236684155076, 0.0035791444133333335, 51539607552.0, 'P2P', 'TP', 'INTRA', 4, 2, 3
'FWD_TP_COMM_INTRA_4', 'Comm', 15486.233105010662, 15486.236684155076, 0.0035791444133333335, 51539607552.0, 'P2P', 'TP', 'INTRA', 4, 2, 3
'FWD_TP_COMM_INTRA_5', 'Comm', 15486.233105010662, 15486.236684155076, 0.0035791444133333335, 51539607552.0, 'P2P', 'TP', 'INTRA', 4, 2, 3
'FWD_FFN', 'Compute', 15486.254579877143, 15493.703173749813, 7.4485938726711, 'NONE', 'NONE', 'NONE', 0
'FWD_TP_COMM_INTRA_0', 'Comm', 15493.703173749813, 15493.706752894226, 0.0035791444133333335, 51539607552.0, 'P2P', 'TP', 'INTRA', 4, 2, 3
'FWD_TP_COMM_INTRA_1', 'Comm', 15493.703173749813, 15493.706752894226, 0.0035791444133333335, 51539607552.0, 'P2P', 'TP', 'INTRA', 4, 2, 3
'FWD_TP_COMM_INTRA_2', 'Comm', 15493.703173749813, 15493.706752894226, 0.0035791444133333335, 51539607552.0, 'P2P', 'TP', 'INTRA', 4, 2, 3
'FWD_TP_COMM_INTRA_3', 'Comm', 15493.703173749813, 15493.706752894226, 0.0035791444133333335, 51539607552.0, 'P2P', 'TP', 'INTRA', 4, 2, 3
'FWD_TP_COMM_INTRA_4', 'Comm', 15493.703173749813, 15493.706752894226, 0.0035791444133333335, 51539607552.0, 'P2P', 'TP', 'INTRA', 4, 2, 3
'FWD_TP_COMM_INTRA_5', 'Comm', 15493.703173749813, 15493.706752894226, 0.0035791444133333335, 51539607552.0, 'P2P', 'TP', 'INTRA', 4, 2, 3
'FWD_MHA', 'Compute', 15493.724648616293, 15519.572949868434, 25.84830125214084, 'NONE', 'NONE', 'NONE', 0
'FWD_TP_COMM_INTRA_0', 'Comm', 15519.572949868434, 15519.576529012847, 0.0035791444133333335, 51539607552.0, 'P2P', 'TP', 'INTRA', 4, 2, 3
'FWD_TP_COMM_INTRA_1', 'Comm', 15519.572949868434, 15519.576529012847, 0.0035791444133333335, 51539607552.0, 'P2P', 'TP', 'INTRA', 4, 2, 3
'FWD_TP_COMM_INTRA_2', 'Comm', 15519.572949868434, 15519.576529012847, 0.0035791444133333335, 51539607552.0, 'P2P', 'TP', 'INTRA', 4, 2, 3
'FWD_TP_COMM_INTRA_3', 'Comm', 15519.572949868434, 15519.576529012847, 0.0035791444133333335, 51539607552.0, 'P2P', 'TP', 'INTRA', 4, 2, 3
'FWD_TP_COMM_INTRA_4', 'Comm', 15519.572949868434, 15519.576529012847, 0.0035791444133333335, 51539607552.0, 'P2P', 'TP', 'INTRA', 4, 2, 3
'FWD_TP_COMM_INTRA_5', 'Comm', 15519.572949868434, 15519.576529012847, 0.0035791444133333335, 51539607552.0, 'P2P', 'TP', 'INTRA', 4, 2, 3
'FWD_FFN', 'Compute', 15519.594424734914, 15527.043018607585, 7.4485938726711, 'NONE', 'NONE', 'NONE', 0
'FWD_TP_COMM_INTRA_0', 'Comm', 15527.043018607585, 15527.046597751998, 0.0035791444133333335, 51539607552.0, 'P2P', 'TP', 'INTRA', 4, 2, 3
'FWD_TP_COMM_INTRA_1', 'Comm', 15527.043018607585, 15527.046597751998, 0.0035791444133333335, 51539607552.0, 'P2P', 'TP', 'INTRA', 4, 2, 3
'FWD_TP_COMM_INTRA_2', 'Comm', 15527.043018607585, 15527.046597751998, 0.0035791444133333335, 51539607552.0, 'P2P', 'TP', 'INTRA', 4, 2, 3
'FWD_TP_COMM_INTRA_3', 'Comm', 15527.043018607585, 15527.046597751998, 0.0035791444133333335, 51539607552.0, 'P2P', 'TP', 'INTRA', 4, 2, 3
'FWD_TP_COMM_INTRA_4', 'Comm', 15527.043018607585, 15527.046597751998, 0.0035791444133333335, 51539607552.0, 'P2P', 'TP', 'INTRA', 4, 2, 3
'FWD_TP_COMM_INTRA_5', 'Comm', 15527.043018607585, 15527.046597751998, 0.0035791444133333335, 51539607552.0, 'P2P', 'TP', 'INTRA', 4, 2, 3
'FWD_MHA', 'Compute', 15527.064493474065, 15552.912794726206, 25.84830125214084, 'NONE', 'NONE', 'NONE', 0
'FWD_TP_COMM_INTRA_0', 'Comm', 15552.912794726206, 15552.91637387062, 0.0035791444133333335, 51539607552.0, 'P2P', 'TP', 'INTRA', 4, 2, 3
'FWD_TP_COMM_INTRA_1', 'Comm', 15552.912794726206, 15552.91637387062, 0.0035791444133333335, 51539607552.0, 'P2P', 'TP', 'INTRA', 4, 2, 3
'FWD_TP_COMM_INTRA_2', 'Comm', 15552.912794726206, 15552.91637387062, 0.0035791444133333335, 51539607552.0, 'P2P', 'TP', 'INTRA', 4, 2, 3
'FWD_TP_COMM_INTRA_3', 'Comm', 15552.912794726206, 15552.91637387062, 0.0035791444133333335, 51539607552.0, 'P2P', 'TP', 'INTRA', 4, 2, 3
'FWD_TP_COMM_INTRA_4', 'Comm', 15552.912794726206, 15552.91637387062, 0.0035791444133333335, 51539607552.0, 'P2P', 'TP', 'INTRA', 4, 2, 3
'FWD_TP_COMM_INTRA_5', 'Comm', 15552.912794726206, 15552.91637387062, 0.0035791444133333335, 51539607552.0, 'P2P', 'TP', 'INTRA', 4, 2, 3
'FWD_FFN', 'Compute', 15552.934269592686, 15560.382863465356, 7.4485938726711, 'NONE', 'NONE', 'NONE', 0
'FWD_TP_COMM_INTRA_0', 'Comm', 15560.382863465356, 15560.38644260977, 0.0035791444133333335, 51539607552.0, 'P2P', 'TP', 'INTRA', 4, 2, 3
'FWD_TP_COMM_INTRA_1', 'Comm', 15560.382863465356, 15560.38644260977, 0.0035791444133333335, 51539607552.0, 'P2P', 'TP', 'INTRA', 4, 2, 3
'FWD_TP_COMM_INTRA_2', 'Comm', 15560.382863465356, 15560.38644260977, 0.0035791444133333335, 51539607552.0, 'P2P', 'TP', 'INTRA', 4, 2, 3
'FWD_TP_COMM_INTRA_3', 'Comm', 15560.382863465356, 15560.38644260977, 0.0035791444133333335, 51539607552.0, 'P2P', 'TP', 'INTRA', 4, 2, 3
'FWD_TP_COMM_INTRA_4', 'Comm', 15560.382863465356, 15560.38644260977, 0.0035791444133333335, 51539607552.0, 'P2P', 'TP', 'INTRA', 4, 2, 3
'FWD_TP_COMM_INTRA_5', 'Comm', 15560.382863465356, 15560.38644260977, 0.0035791444133333335, 51539607552.0, 'P2P', 'TP', 'INTRA', 4, 2, 3
'FWD_MHA', 'Compute', 15560.404338331837, 15586.252639583978, 25.84830125214084, 'NONE', 'NONE', 'NONE', 0
'FWD_TP_COMM_INTRA_0', 'Comm', 15586.252639583978, 15586.256218728391, 0.0035791444133333335, 51539607552.0, 'P2P', 'TP', 'INTRA', 4, 2, 3
'FWD_TP_COMM_INTRA_1', 'Comm', 15586.252639583978, 15586.256218728391, 0.0035791444133333335, 51539607552.0, 'P2P', 'TP', 'INTRA', 4, 2, 3
'FWD_TP_COMM_INTRA_2', 'Comm', 15586.252639583978, 15586.256218728391, 0.0035791444133333335, 51539607552.0, 'P2P', 'TP', 'INTRA', 4, 2, 3
'FWD_TP_COMM_INTRA_3', 'Comm', 15586.252639583978, 15586.256218728391, 0.0035791444133333335, 51539607552.0, 'P2P', 'TP', 'INTRA', 4, 2, 3
'FWD_TP_COMM_INTRA_4', 'Comm', 15586.252639583978, 15586.256218728391, 0.0035791444133333335, 51539607552.0, 'P2P', 'TP', 'INTRA', 4, 2, 3
'FWD_TP_COMM_INTRA_5', 'Comm', 15586.252639583978, 15586.256218728391, 0.0035791444133333335, 51539607552.0, 'P2P', 'TP', 'INTRA', 4, 2, 3
'FWD_FFN', 'Compute', 15586.274114450458, 15593.722708323128, 7.4485938726711, 'NONE', 'NONE', 'NONE', 0
'FWD_TP_COMM_INTRA_0', 'Comm', 15593.722708323128, 15593.726287467542, 0.0035791444133333335, 51539607552.0, 'P2P', 'TP', 'INTRA', 4, 2, 3
'FWD_TP_COMM_INTRA_1', 'Comm', 15593.722708323128, 15593.726287467542, 0.0035791444133333335, 51539607552.0, 'P2P', 'TP', 'INTRA', 4, 2, 3
'FWD_TP_COMM_INTRA_2', 'Comm', 15593.722708323128, 15593.726287467542, 0.0035791444133333335, 51539607552.0, 'P2P', 'TP', 'INTRA', 4, 2, 3
'FWD_TP_COMM_INTRA_3', 'Comm', 15593.722708323128, 15593.726287467542, 0.0035791444133333335, 51539607552.0, 'P2P', 'TP', 'INTRA', 4, 2, 3
'FWD_TP_COMM_INTRA_4', 'Comm', 15593.722708323128, 15593.726287467542, 0.0035791444133333335, 51539607552.0, 'P2P', 'TP', 'INTRA', 4, 2, 3
'FWD_TP_COMM_INTRA_5', 'Comm', 15593.722708323128, 15593.726287467542, 0.0035791444133333335, 51539607552.0, 'P2P', 'TP', 'INTRA', 4, 2, 3
'FWD_MHA', 'Compute', 15593.744183189609, 15619.59248444175, 25.84830125214084, 'NONE', 'NONE', 'NONE', 0
'FWD_TP_COMM_INTRA_0', 'Comm', 15619.59248444175, 15619.596063586163, 0.0035791444133333335, 51539607552.0, 'P2P', 'TP', 'INTRA', 4, 2, 3
'FWD_TP_COMM_INTRA_1', 'Comm', 15619.59248444175, 15619.596063586163, 0.0035791444133333335, 51539607552.0, 'P2P', 'TP', 'INTRA', 4, 2, 3
'FWD_TP_COMM_INTRA_2', 'Comm', 15619.59248444175, 15619.596063586163, 0.0035791444133333335, 51539607552.0, 'P2P', 'TP', 'INTRA', 4, 2, 3
'FWD_TP_COMM_INTRA_3', 'Comm', 15619.59248444175, 15619.596063586163, 0.0035791444133333335, 51539607552.0, 'P2P', 'TP', 'INTRA', 4, 2, 3
'FWD_TP_COMM_INTRA_4', 'Comm', 15619.59248444175, 15619.596063586163, 0.0035791444133333335, 51539607552.0, 'P2P', 'TP', 'INTRA', 4, 2, 3
'FWD_TP_COMM_INTRA_5', 'Comm', 15619.59248444175, 15619.596063586163, 0.0035791444133333335, 51539607552.0, 'P2P', 'TP', 'INTRA', 4, 2, 3
'FWD_FFN', 'Compute', 15619.61395930823, 15627.0625531809, 7.4485938726711, 'NONE', 'NONE', 'NONE', 0
'FWD_TP_COMM_INTRA_0', 'Comm', 15627.0625531809, 15627.066132325313, 0.0035791444133333335, 51539607552.0, 'P2P', 'TP', 'INTRA', 4, 2, 3
'FWD_TP_COMM_INTRA_1', 'Comm', 15627.0625531809, 15627.066132325313, 0.0035791444133333335, 51539607552.0, 'P2P', 'TP', 'INTRA', 4, 2, 3
'FWD_TP_COMM_INTRA_2', 'Comm', 15627.0625531809, 15627.066132325313, 0.0035791444133333335, 51539607552.0, 'P2P', 'TP', 'INTRA', 4, 2, 3
'FWD_TP_COMM_INTRA_3', 'Comm', 15627.0625531809, 15627.066132325313, 0.0035791444133333335, 51539607552.0, 'P2P', 'TP', 'INTRA', 4, 2, 3
'FWD_TP_COMM_INTRA_4', 'Comm', 15627.0625531809, 15627.066132325313, 0.0035791444133333335, 51539607552.0, 'P2P', 'TP', 'INTRA', 4, 2, 3
'FWD_TP_COMM_INTRA_5', 'Comm', 15627.0625531809, 15627.066132325313, 0.0035791444133333335, 51539607552.0, 'P2P', 'TP', 'INTRA', 4, 2, 3
'FWD_MHA', 'Compute', 15627.08402804738, 15652.932329299521, 25.84830125214084, 'NONE', 'NONE', 'NONE', 0
'FWD_TP_COMM_INTRA_0', 'Comm', 15652.932329299521, 15652.935908443935, 0.0035791444133333335, 51539607552.0, 'P2P', 'TP', 'INTRA', 4, 2, 3
'FWD_TP_COMM_INTRA_1', 'Comm', 15652.932329299521, 15652.935908443935, 0.0035791444133333335, 51539607552.0, 'P2P', 'TP', 'INTRA', 4, 2, 3
'FWD_TP_COMM_INTRA_2', 'Comm', 15652.932329299521, 15652.935908443935, 0.0035791444133333335, 51539607552.0, 'P2P', 'TP', 'INTRA', 4, 2, 3
'FWD_TP_COMM_INTRA_3', 'Comm', 15652.932329299521, 15652.935908443935, 0.0035791444133333335, 51539607552.0, 'P2P', 'TP', 'INTRA', 4, 2, 3
'FWD_TP_COMM_INTRA_4', 'Comm', 15652.932329299521, 15652.935908443935, 0.0035791444133333335, 51539607552.0, 'P2P', 'TP', 'INTRA', 4, 2, 3
'FWD_TP_COMM_INTRA_5', 'Comm', 15652.932329299521, 15652.935908443935, 0.0035791444133333335, 51539607552.0, 'P2P', 'TP', 'INTRA', 4, 2, 3
'FWD_FFN', 'Compute', 15652.953804166002, 15660.402398038672, 7.4485938726711, 'NONE', 'NONE', 'NONE', 0
'FWD_TP_COMM_INTRA_0', 'Comm', 15660.402398038672, 15660.405977183085, 0.0035791444133333335, 51539607552.0, 'P2P', 'TP', 'INTRA', 4, 2, 3
'FWD_TP_COMM_INTRA_1', 'Comm', 15660.402398038672, 15660.405977183085, 0.0035791444133333335, 51539607552.0, 'P2P', 'TP', 'INTRA', 4, 2, 3
'FWD_TP_COMM_INTRA_2', 'Comm', 15660.402398038672, 15660.405977183085, 0.0035791444133333335, 51539607552.0, 'P2P', 'TP', 'INTRA', 4, 2, 3
'FWD_TP_COMM_INTRA_3', 'Comm', 15660.402398038672, 15660.405977183085, 0.0035791444133333335, 51539607552.0, 'P2P', 'TP', 'INTRA', 4, 2, 3
'FWD_TP_COMM_INTRA_4', 'Comm', 15660.402398038672, 15660.405977183085, 0.0035791444133333335, 51539607552.0, 'P2P', 'TP', 'INTRA', 4, 2, 3
'FWD_TP_COMM_INTRA_5', 'Comm', 15660.402398038672, 15660.405977183085, 0.0035791444133333335, 51539607552.0, 'P2P', 'TP', 'INTRA', 4, 2, 3
'FWD_MHA', 'Compute', 15660.423872905152, 15686.272174157293, 25.84830125214084, 'NONE', 'NONE', 'NONE', 0
'FWD_TP_COMM_INTRA_0', 'Comm', 15686.272174157293, 15686.275753301707, 0.0035791444133333335, 51539607552.0, 'P2P', 'TP', 'INTRA', 4, 2, 3
'FWD_TP_COMM_INTRA_1', 'Comm', 15686.272174157293, 15686.275753301707, 0.0035791444133333335, 51539607552.0, 'P2P', 'TP', 'INTRA', 4, 2, 3
'FWD_TP_COMM_INTRA_2', 'Comm', 15686.272174157293, 15686.275753301707, 0.0035791444133333335, 51539607552.0, 'P2P', 'TP', 'INTRA', 4, 2, 3
'FWD_TP_COMM_INTRA_3', 'Comm', 15686.272174157293, 15686.275753301707, 0.0035791444133333335, 51539607552.0, 'P2P', 'TP', 'INTRA', 4, 2, 3
'FWD_TP_COMM_INTRA_4', 'Comm', 15686.272174157293, 15686.275753301707, 0.0035791444133333335, 51539607552.0, 'P2P', 'TP', 'INTRA', 4, 2, 3
'FWD_TP_COMM_INTRA_5', 'Comm', 15686.272174157293, 15686.275753301707, 0.0035791444133333335, 51539607552.0, 'P2P', 'TP', 'INTRA', 4, 2, 3
'FWD_FFN', 'Compute', 15686.293649023773, 15693.742242896444, 7.4485938726711, 'NONE', 'NONE', 'NONE', 0
'FWD_TP_COMM_INTRA_0', 'Comm', 15693.742242896444, 15693.745822040857, 0.0035791444133333335, 51539607552.0, 'P2P', 'TP', 'INTRA', 4, 2, 3
'FWD_TP_COMM_INTRA_1', 'Comm', 15693.742242896444, 15693.745822040857, 0.0035791444133333335, 51539607552.0, 'P2P', 'TP', 'INTRA', 4, 2, 3
'FWD_TP_COMM_INTRA_2', 'Comm', 15693.742242896444, 15693.745822040857, 0.0035791444133333335, 51539607552.0, 'P2P', 'TP', 'INTRA', 4, 2, 3
'FWD_TP_COMM_INTRA_3', 'Comm', 15693.742242896444, 15693.745822040857, 0.0035791444133333335, 51539607552.0, 'P2P', 'TP', 'INTRA', 4, 2, 3
'FWD_TP_COMM_INTRA_4', 'Comm', 15693.742242896444, 15693.745822040857, 0.0035791444133333335, 51539607552.0, 'P2P', 'TP', 'INTRA', 4, 2, 3
'FWD_TP_COMM_INTRA_5', 'Comm', 15693.742242896444, 15693.745822040857, 0.0035791444133333335, 51539607552.0, 'P2P', 'TP', 'INTRA', 4, 2, 3
'FWD_MHA', 'Compute', 15693.763717762924, 15719.612019015065, 25.84830125214084, 'NONE', 'NONE', 'NONE', 0
'FWD_TP_COMM_INTRA_0', 'Comm', 15719.612019015065, 15719.615598159478, 0.0035791444133333335, 51539607552.0, 'P2P', 'TP', 'INTRA', 4, 2, 3
'FWD_TP_COMM_INTRA_1', 'Comm', 15719.612019015065, 15719.615598159478, 0.0035791444133333335, 51539607552.0, 'P2P', 'TP', 'INTRA', 4, 2, 3
'FWD_TP_COMM_INTRA_2', 'Comm', 15719.612019015065, 15719.615598159478, 0.0035791444133333335, 51539607552.0, 'P2P', 'TP', 'INTRA', 4, 2, 3
'FWD_TP_COMM_INTRA_3', 'Comm', 15719.612019015065, 15719.615598159478, 0.0035791444133333335, 51539607552.0, 'P2P', 'TP', 'INTRA', 4, 2, 3
'FWD_TP_COMM_INTRA_4', 'Comm', 15719.612019015065, 15719.615598159478, 0.0035791444133333335, 51539607552.0, 'P2P', 'TP', 'INTRA', 4, 2, 3
'FWD_TP_COMM_INTRA_5', 'Comm', 15719.612019015065, 15719.615598159478, 0.0035791444133333335, 51539607552.0, 'P2P', 'TP', 'INTRA', 4, 2, 3
'FWD_FFN', 'Compute', 15719.633493881545, 15727.082087754216, 7.4485938726711, 'NONE', 'NONE', 'NONE', 0
'FWD_TP_COMM_INTRA_0', 'Comm', 15727.082087754216, 15727.085666898629, 0.0035791444133333335, 51539607552.0, 'P2P', 'TP', 'INTRA', 4, 2, 3
'FWD_TP_COMM_INTRA_1', 'Comm', 15727.082087754216, 15727.085666898629, 0.0035791444133333335, 51539607552.0, 'P2P', 'TP', 'INTRA', 4, 2, 3
'FWD_TP_COMM_INTRA_2', 'Comm', 15727.082087754216, 15727.085666898629, 0.0035791444133333335, 51539607552.0, 'P2P', 'TP', 'INTRA', 4, 2, 3
'FWD_TP_COMM_INTRA_3', 'Comm', 15727.082087754216, 15727.085666898629, 0.0035791444133333335, 51539607552.0, 'P2P', 'TP', 'INTRA', 4, 2, 3
'FWD_TP_COMM_INTRA_4', 'Comm', 15727.082087754216, 15727.085666898629, 0.0035791444133333335, 51539607552.0, 'P2P', 'TP', 'INTRA', 4, 2, 3
'FWD_TP_COMM_INTRA_5', 'Comm', 15727.082087754216, 15727.085666898629, 0.0035791444133333335, 51539607552.0, 'P2P', 'TP', 'INTRA', 4, 2, 3
'FWD_MHA', 'Compute', 15727.103562620696, 15752.951863872837, 25.84830125214084, 'NONE', 'NONE', 'NONE', 0
'FWD_TP_COMM_INTRA_0', 'Comm', 15752.951863872837, 15752.95544301725, 0.0035791444133333335, 51539607552.0, 'P2P', 'TP', 'INTRA', 4, 2, 3
'FWD_TP_COMM_INTRA_1', 'Comm', 15752.951863872837, 15752.95544301725, 0.0035791444133333335, 51539607552.0, 'P2P', 'TP', 'INTRA', 4, 2, 3
'FWD_TP_COMM_INTRA_2', 'Comm', 15752.951863872837, 15752.95544301725, 0.0035791444133333335, 51539607552.0, 'P2P', 'TP', 'INTRA', 4, 2, 3
'FWD_TP_COMM_INTRA_3', 'Comm', 15752.951863872837, 15752.95544301725, 0.0035791444133333335, 51539607552.0, 'P2P', 'TP', 'INTRA', 4, 2, 3
'FWD_TP_COMM_INTRA_4', 'Comm', 15752.951863872837, 15752.95544301725, 0.0035791444133333335, 51539607552.0, 'P2P', 'TP', 'INTRA', 4, 2, 3
'FWD_TP_COMM_INTRA_5', 'Comm', 15752.951863872837, 15752.95544301725, 0.0035791444133333335, 51539607552.0, 'P2P', 'TP', 'INTRA', 4, 2, 3
'FWD_FFN', 'Compute', 15752.973338739317, 15760.421932611987, 7.4485938726711, 'NONE', 'NONE', 'NONE', 0
'FWD_TP_COMM_INTRA_0', 'Comm', 15760.421932611987, 15760.4255117564, 0.0035791444133333335, 51539607552.0, 'P2P', 'TP', 'INTRA', 4, 2, 3
'FWD_TP_COMM_INTRA_1', 'Comm', 15760.421932611987, 15760.4255117564, 0.0035791444133333335, 51539607552.0, 'P2P', 'TP', 'INTRA', 4, 2, 3
'FWD_TP_COMM_INTRA_2', 'Comm', 15760.421932611987, 15760.4255117564, 0.0035791444133333335, 51539607552.0, 'P2P', 'TP', 'INTRA', 4, 2, 3
'FWD_TP_COMM_INTRA_3', 'Comm', 15760.421932611987, 15760.4255117564, 0.0035791444133333335, 51539607552.0, 'P2P', 'TP', 'INTRA', 4, 2, 3
'FWD_TP_COMM_INTRA_4', 'Comm', 15760.421932611987, 15760.4255117564, 0.0035791444133333335, 51539607552.0, 'P2P', 'TP', 'INTRA', 4, 2, 3
'FWD_TP_COMM_INTRA_5', 'Comm', 15760.421932611987, 15760.4255117564, 0.0035791444133333335, 51539607552.0, 'P2P', 'TP', 'INTRA', 4, 2, 3
'FWD_MHA', 'Compute', 15760.443407478468, 15786.291708730609, 25.84830125214084, 'NONE', 'NONE', 'NONE', 0
'FWD_TP_COMM_INTRA_0', 'Comm', 15786.291708730609, 15786.295287875022, 0.0035791444133333335, 51539607552.0, 'P2P', 'TP', 'INTRA', 4, 2, 3
'FWD_TP_COMM_INTRA_1', 'Comm', 15786.291708730609, 15786.295287875022, 0.0035791444133333335, 51539607552.0, 'P2P', 'TP', 'INTRA', 4, 2, 3
'FWD_TP_COMM_INTRA_2', 'Comm', 15786.291708730609, 15786.295287875022, 0.0035791444133333335, 51539607552.0, 'P2P', 'TP', 'INTRA', 4, 2, 3
'FWD_TP_COMM_INTRA_3', 'Comm', 15786.291708730609, 15786.295287875022, 0.0035791444133333335, 51539607552.0, 'P2P', 'TP', 'INTRA', 4, 2, 3
'FWD_TP_COMM_INTRA_4', 'Comm', 15786.291708730609, 15786.295287875022, 0.0035791444133333335, 51539607552.0, 'P2P', 'TP', 'INTRA', 4, 2, 3
'FWD_TP_COMM_INTRA_5', 'Comm', 15786.291708730609, 15786.295287875022, 0.0035791444133333335, 51539607552.0, 'P2P', 'TP', 'INTRA', 4, 2, 3
'FWD_FFN', 'Compute', 15786.313183597089, 15793.76177746976, 7.4485938726711, 'NONE', 'NONE', 'NONE', 0
'FWD_TP_COMM_INTRA_0', 'Comm', 15793.76177746976, 15793.765356614173, 0.0035791444133333335, 51539607552.0, 'P2P', 'TP', 'INTRA', 4, 2, 3
'FWD_TP_COMM_INTRA_1', 'Comm', 15793.76177746976, 15793.765356614173, 0.0035791444133333335, 51539607552.0, 'P2P', 'TP', 'INTRA', 4, 2, 3
'FWD_TP_COMM_INTRA_2', 'Comm', 15793.76177746976, 15793.765356614173, 0.0035791444133333335, 51539607552.0, 'P2P', 'TP', 'INTRA', 4, 2, 3
'FWD_TP_COMM_INTRA_3', 'Comm', 15793.76177746976, 15793.765356614173, 0.0035791444133333335, 51539607552.0, 'P2P', 'TP', 'INTRA', 4, 2, 3
'FWD_TP_COMM_INTRA_4', 'Comm', 15793.76177746976, 15793.765356614173, 0.0035791444133333335, 51539607552.0, 'P2P', 'TP', 'INTRA', 4, 2, 3
'FWD_TP_COMM_INTRA_5', 'Comm', 15793.76177746976, 15793.765356614173, 0.0035791444133333335, 51539607552.0, 'P2P', 'TP', 'INTRA', 4, 2, 3
'FWD_MHA', 'Compute', 15793.78325233624, 15819.63155358838, 25.84830125214084, 'NONE', 'NONE', 'NONE', 0
'FWD_TP_COMM_INTRA_0', 'Comm', 15819.63155358838, 15819.635132732794, 0.0035791444133333335, 51539607552.0, 'P2P', 'TP', 'INTRA', 4, 2, 3
'FWD_TP_COMM_INTRA_1', 'Comm', 15819.63155358838, 15819.635132732794, 0.0035791444133333335, 51539607552.0, 'P2P', 'TP', 'INTRA', 4, 2, 3
'FWD_TP_COMM_INTRA_2', 'Comm', 15819.63155358838, 15819.635132732794, 0.0035791444133333335, 51539607552.0, 'P2P', 'TP', 'INTRA', 4, 2, 3
'FWD_TP_COMM_INTRA_3', 'Comm', 15819.63155358838, 15819.635132732794, 0.0035791444133333335, 51539607552.0, 'P2P', 'TP', 'INTRA', 4, 2, 3
'FWD_TP_COMM_INTRA_4', 'Comm', 15819.63155358838, 15819.635132732794, 0.0035791444133333335, 51539607552.0, 'P2P', 'TP', 'INTRA', 4, 2, 3
'FWD_TP_COMM_INTRA_5', 'Comm', 15819.63155358838, 15819.635132732794, 0.0035791444133333335, 51539607552.0, 'P2P', 'TP', 'INTRA', 4, 2, 3
'FWD_FFN', 'Compute', 15819.65302845486, 15827.101622327531, 7.4485938726711, 'NONE', 'NONE', 'NONE', 0
'FWD_TP_COMM_INTRA_0', 'Comm', 15827.101622327531, 15827.105201471944, 0.0035791444133333335, 51539607552.0, 'P2P', 'TP', 'INTRA', 4, 2, 3
'FWD_TP_COMM_INTRA_1', 'Comm', 15827.101622327531, 15827.105201471944, 0.0035791444133333335, 51539607552.0, 'P2P', 'TP', 'INTRA', 4, 2, 3
'FWD_TP_COMM_INTRA_2', 'Comm', 15827.101622327531, 15827.105201471944, 0.0035791444133333335, 51539607552.0, 'P2P', 'TP', 'INTRA', 4, 2, 3
'FWD_TP_COMM_INTRA_3', 'Comm', 15827.101622327531, 15827.105201471944, 0.0035791444133333335, 51539607552.0, 'P2P', 'TP', 'INTRA', 4, 2, 3
'FWD_TP_COMM_INTRA_4', 'Comm', 15827.101622327531, 15827.105201471944, 0.0035791444133333335, 51539607552.0, 'P2P', 'TP', 'INTRA', 4, 2, 3
'FWD_TP_COMM_INTRA_5', 'Comm', 15827.101622327531, 15827.105201471944, 0.0035791444133333335, 51539607552.0, 'P2P', 'TP', 'INTRA', 4, 2, 3
'FWD_MHA', 'Compute', 15827.123097194011, 15852.971398446152, 25.84830125214084, 'NONE', 'NONE', 'NONE', 0
'FWD_TP_COMM_INTRA_0', 'Comm', 15852.971398446152, 15852.974977590566, 0.0035791444133333335, 51539607552.0, 'P2P', 'TP', 'INTRA', 4, 2, 3
'FWD_TP_COMM_INTRA_1', 'Comm', 15852.971398446152, 15852.974977590566, 0.0035791444133333335, 51539607552.0, 'P2P', 'TP', 'INTRA', 4, 2, 3
'FWD_TP_COMM_INTRA_2', 'Comm', 15852.971398446152, 15852.974977590566, 0.0035791444133333335, 51539607552.0, 'P2P', 'TP', 'INTRA', 4, 2, 3
'FWD_TP_COMM_INTRA_3', 'Comm', 15852.971398446152, 15852.974977590566, 0.0035791444133333335, 51539607552.0, 'P2P', 'TP', 'INTRA', 4, 2, 3
'FWD_TP_COMM_INTRA_4', 'Comm', 15852.971398446152, 15852.974977590566, 0.0035791444133333335, 51539607552.0, 'P2P', 'TP', 'INTRA', 4, 2, 3
'FWD_TP_COMM_INTRA_5', 'Comm', 15852.971398446152, 15852.974977590566, 0.0035791444133333335, 51539607552.0, 'P2P', 'TP', 'INTRA', 4, 2, 3
'FWD_FFN', 'Compute', 15852.992873312633, 15860.441467185303, 7.4485938726711, 'NONE', 'NONE', 'NONE', 0
'FWD_TP_COMM_INTRA_0', 'Comm', 15860.441467185303, 15860.445046329716, 0.0035791444133333335, 51539607552.0, 'P2P', 'TP', 'INTRA', 4, 2, 3
'FWD_TP_COMM_INTRA_1', 'Comm', 15860.441467185303, 15860.445046329716, 0.0035791444133333335, 51539607552.0, 'P2P', 'TP', 'INTRA', 4, 2, 3
'FWD_TP_COMM_INTRA_2', 'Comm', 15860.441467185303, 15860.445046329716, 0.0035791444133333335, 51539607552.0, 'P2P', 'TP', 'INTRA', 4, 2, 3
'FWD_TP_COMM_INTRA_3', 'Comm', 15860.441467185303, 15860.445046329716, 0.0035791444133333335, 51539607552.0, 'P2P', 'TP', 'INTRA', 4, 2, 3
'FWD_TP_COMM_INTRA_4', 'Comm', 15860.441467185303, 15860.445046329716, 0.0035791444133333335, 51539607552.0, 'P2P', 'TP', 'INTRA', 4, 2, 3
'FWD_TP_COMM_INTRA_5', 'Comm', 15860.441467185303, 15860.445046329716, 0.0035791444133333335, 51539607552.0, 'P2P', 'TP', 'INTRA', 4, 2, 3
'FWD_MHA', 'Compute', 15860.462942051783, 15886.311243303924, 25.84830125214084, 'NONE', 'NONE', 'NONE', 0
'FWD_TP_COMM_INTRA_0', 'Comm', 15886.311243303924, 15886.314822448338, 0.0035791444133333335, 51539607552.0, 'P2P', 'TP', 'INTRA', 4, 2, 3
'FWD_TP_COMM_INTRA_1', 'Comm', 15886.311243303924, 15886.314822448338, 0.0035791444133333335, 51539607552.0, 'P2P', 'TP', 'INTRA', 4, 2, 3
'FWD_TP_COMM_INTRA_2', 'Comm', 15886.311243303924, 15886.314822448338, 0.0035791444133333335, 51539607552.0, 'P2P', 'TP', 'INTRA', 4, 2, 3
'FWD_TP_COMM_INTRA_3', 'Comm', 15886.311243303924, 15886.314822448338, 0.0035791444133333335, 51539607552.0, 'P2P', 'TP', 'INTRA', 4, 2, 3
'FWD_TP_COMM_INTRA_4', 'Comm', 15886.311243303924, 15886.314822448338, 0.0035791444133333335, 51539607552.0, 'P2P', 'TP', 'INTRA', 4, 2, 3
'FWD_TP_COMM_INTRA_5', 'Comm', 15886.311243303924, 15886.314822448338, 0.0035791444133333335, 51539607552.0, 'P2P', 'TP', 'INTRA', 4, 2, 3
'FWD_FFN', 'Compute', 15886.332718170404, 15893.781312043075, 7.4485938726711, 'NONE', 'NONE', 'NONE', 0
'FWD_TP_COMM_INTRA_0', 'Comm', 15893.781312043075, 15893.784891187488, 0.0035791444133333335, 51539607552.0, 'P2P', 'TP', 'INTRA', 4, 2, 3
'FWD_TP_COMM_INTRA_1', 'Comm', 15893.781312043075, 15893.784891187488, 0.0035791444133333335, 51539607552.0, 'P2P', 'TP', 'INTRA', 4, 2, 3
'FWD_TP_COMM_INTRA_2', 'Comm', 15893.781312043075, 15893.784891187488, 0.0035791444133333335, 51539607552.0, 'P2P', 'TP', 'INTRA', 4, 2, 3
'FWD_TP_COMM_INTRA_3', 'Comm', 15893.781312043075, 15893.784891187488, 0.0035791444133333335, 51539607552.0, 'P2P', 'TP', 'INTRA', 4, 2, 3
'FWD_TP_COMM_INTRA_4', 'Comm', 15893.781312043075, 15893.784891187488, 0.0035791444133333335, 51539607552.0, 'P2P', 'TP', 'INTRA', 4, 2, 3
'FWD_TP_COMM_INTRA_5', 'Comm', 15893.781312043075, 15893.784891187488, 0.0035791444133333335, 51539607552.0, 'P2P', 'TP', 'INTRA', 4, 2, 3
'FWD_MHA', 'Compute', 15893.802786909555, 15919.651088161696, 25.84830125214084, 'NONE', 'NONE', 'NONE', 0
'FWD_TP_COMM_INTRA_0', 'Comm', 15919.651088161696, 15919.65466730611, 0.0035791444133333335, 51539607552.0, 'P2P', 'TP', 'INTRA', 4, 2, 3
'FWD_TP_COMM_INTRA_1', 'Comm', 15919.651088161696, 15919.65466730611, 0.0035791444133333335, 51539607552.0, 'P2P', 'TP', 'INTRA', 4, 2, 3
'FWD_TP_COMM_INTRA_2', 'Comm', 15919.651088161696, 15919.65466730611, 0.0035791444133333335, 51539607552.0, 'P2P', 'TP', 'INTRA', 4, 2, 3
'FWD_TP_COMM_INTRA_3', 'Comm', 15919.651088161696, 15919.65466730611, 0.0035791444133333335, 51539607552.0, 'P2P', 'TP', 'INTRA', 4, 2, 3
'FWD_TP_COMM_INTRA_4', 'Comm', 15919.651088161696, 15919.65466730611, 0.0035791444133333335, 51539607552.0, 'P2P', 'TP', 'INTRA', 4, 2, 3
'FWD_TP_COMM_INTRA_5', 'Comm', 15919.651088161696, 15919.65466730611, 0.0035791444133333335, 51539607552.0, 'P2P', 'TP', 'INTRA', 4, 2, 3
'FWD_FFN', 'Compute', 15919.672563028176, 15927.121156900846, 7.4485938726711, 'NONE', 'NONE', 'NONE', 0
'FWD_TP_COMM_INTRA_0', 'Comm', 15927.121156900846, 15927.12473604526, 0.0035791444133333335, 51539607552.0, 'P2P', 'TP', 'INTRA', 4, 2, 3
'FWD_TP_COMM_INTRA_1', 'Comm', 15927.121156900846, 15927.12473604526, 0.0035791444133333335, 51539607552.0, 'P2P', 'TP', 'INTRA', 4, 2, 3
'FWD_TP_COMM_INTRA_2', 'Comm', 15927.121156900846, 15927.12473604526, 0.0035791444133333335, 51539607552.0, 'P2P', 'TP', 'INTRA', 4, 2, 3
'FWD_TP_COMM_INTRA_3', 'Comm', 15927.121156900846, 15927.12473604526, 0.0035791444133333335, 51539607552.0, 'P2P', 'TP', 'INTRA', 4, 2, 3
'FWD_TP_COMM_INTRA_4', 'Comm', 15927.121156900846, 15927.12473604526, 0.0035791444133333335, 51539607552.0, 'P2P', 'TP', 'INTRA', 4, 2, 3
'FWD_TP_COMM_INTRA_5', 'Comm', 15927.121156900846, 15927.12473604526, 0.0035791444133333335, 51539607552.0, 'P2P', 'TP', 'INTRA', 4, 2, 3
'FWD_MHA', 'Compute', 15927.142631767327, 15952.990933019468, 25.84830125214084, 'NONE', 'NONE', 'NONE', 0
'FWD_TP_COMM_INTRA_0', 'Comm', 15952.990933019468, 15952.994512163881, 0.0035791444133333335, 51539607552.0, 'P2P', 'TP', 'INTRA', 4, 2, 3
'FWD_TP_COMM_INTRA_1', 'Comm', 15952.990933019468, 15952.994512163881, 0.0035791444133333335, 51539607552.0, 'P2P', 'TP', 'INTRA', 4, 2, 3
'FWD_TP_COMM_INTRA_2', 'Comm', 15952.990933019468, 15952.994512163881, 0.0035791444133333335, 51539607552.0, 'P2P', 'TP', 'INTRA', 4, 2, 3
'FWD_TP_COMM_INTRA_3', 'Comm', 15952.990933019468, 15952.994512163881, 0.0035791444133333335, 51539607552.0, 'P2P', 'TP', 'INTRA', 4, 2, 3
'FWD_TP_COMM_INTRA_4', 'Comm', 15952.990933019468, 15952.994512163881, 0.0035791444133333335, 51539607552.0, 'P2P', 'TP', 'INTRA', 4, 2, 3
'FWD_TP_COMM_INTRA_5', 'Comm', 15952.990933019468, 15952.994512163881, 0.0035791444133333335, 51539607552.0, 'P2P', 'TP', 'INTRA', 4, 2, 3
'FWD_FFN', 'Compute', 15953.012407885948, 15960.461001758618, 7.4485938726711, 'NONE', 'NONE', 'NONE', 0
'FWD_TP_COMM_INTRA_0', 'Comm', 15960.461001758618, 15960.464580903032, 0.0035791444133333335, 51539607552.0, 'P2P', 'TP', 'INTRA', 4, 2, 3
'FWD_TP_COMM_INTRA_1', 'Comm', 15960.461001758618, 15960.464580903032, 0.0035791444133333335, 51539607552.0, 'P2P', 'TP', 'INTRA', 4, 2, 3
'FWD_TP_COMM_INTRA_2', 'Comm', 15960.461001758618, 15960.464580903032, 0.0035791444133333335, 51539607552.0, 'P2P', 'TP', 'INTRA', 4, 2, 3
'FWD_TP_COMM_INTRA_3', 'Comm', 15960.461001758618, 15960.464580903032, 0.0035791444133333335, 51539607552.0, 'P2P', 'TP', 'INTRA', 4, 2, 3
'FWD_TP_COMM_INTRA_4', 'Comm', 15960.461001758618, 15960.464580903032, 0.0035791444133333335, 51539607552.0, 'P2P', 'TP', 'INTRA', 4, 2, 3
'FWD_TP_COMM_INTRA_5', 'Comm', 15960.461001758618, 15960.464580903032, 0.0035791444133333335, 51539607552.0, 'P2P', 'TP', 'INTRA', 4, 2, 3
'FWD_MHA', 'Compute', 15960.482476625099, 15986.33077787724, 25.84830125214084, 'NONE', 'NONE', 'NONE', 0
'FWD_TP_COMM_INTRA_0', 'Comm', 15986.33077787724, 15986.334357021653, 0.0035791444133333335, 51539607552.0, 'P2P', 'TP', 'INTRA', 4, 2, 3
'FWD_TP_COMM_INTRA_1', 'Comm', 15986.33077787724, 15986.334357021653, 0.0035791444133333335, 51539607552.0, 'P2P', 'TP', 'INTRA', 4, 2, 3
'FWD_TP_COMM_INTRA_2', 'Comm', 15986.33077787724, 15986.334357021653, 0.0035791444133333335, 51539607552.0, 'P2P', 'TP', 'INTRA', 4, 2, 3
'FWD_TP_COMM_INTRA_3', 'Comm', 15986.33077787724, 15986.334357021653, 0.0035791444133333335, 51539607552.0, 'P2P', 'TP', 'INTRA', 4, 2, 3
'FWD_TP_COMM_INTRA_4', 'Comm', 15986.33077787724, 15986.334357021653, 0.0035791444133333335, 51539607552.0, 'P2P', 'TP', 'INTRA', 4, 2, 3
'FWD_TP_COMM_INTRA_5', 'Comm', 15986.33077787724, 15986.334357021653, 0.0035791444133333335, 51539607552.0, 'P2P', 'TP', 'INTRA', 4, 2, 3
'FWD_FFN', 'Compute', 15986.35225274372, 15993.80084661639, 7.4485938726711, 'NONE', 'NONE', 'NONE', 0
'FWD_TP_COMM_INTRA_0', 'Comm', 15993.80084661639, 15993.804425760803, 0.0035791444133333335, 51539607552.0, 'P2P', 'TP', 'INTRA', 4, 2, 3
'FWD_TP_COMM_INTRA_1', 'Comm', 15993.80084661639, 15993.804425760803, 0.0035791444133333335, 51539607552.0, 'P2P', 'TP', 'INTRA', 4, 2, 3
'FWD_TP_COMM_INTRA_2', 'Comm', 15993.80084661639, 15993.804425760803, 0.0035791444133333335, 51539607552.0, 'P2P', 'TP', 'INTRA', 4, 2, 3
'FWD_TP_COMM_INTRA_3', 'Comm', 15993.80084661639, 15993.804425760803, 0.0035791444133333335, 51539607552.0, 'P2P', 'TP', 'INTRA', 4, 2, 3
'FWD_TP_COMM_INTRA_4', 'Comm', 15993.80084661639, 15993.804425760803, 0.0035791444133333335, 51539607552.0, 'P2P', 'TP', 'INTRA', 4, 2, 3
'FWD_TP_COMM_INTRA_5', 'Comm', 15993.80084661639, 15993.804425760803, 0.0035791444133333335, 51539607552.0, 'P2P', 'TP', 'INTRA', 4, 2, 3
'FWD_MHA', 'Compute', 15993.82232148287, 16019.670622735011, 25.84830125214084, 'NONE', 'NONE', 'NONE', 0
'FWD_TP_COMM_INTRA_0', 'Comm', 16019.670622735011, 16019.674201879425, 0.0035791444133333335, 51539607552.0, 'P2P', 'TP', 'INTRA', 4, 2, 3
'FWD_TP_COMM_INTRA_1', 'Comm', 16019.670622735011, 16019.674201879425, 0.0035791444133333335, 51539607552.0, 'P2P', 'TP', 'INTRA', 4, 2, 3
'FWD_TP_COMM_INTRA_2', 'Comm', 16019.670622735011, 16019.674201879425, 0.0035791444133333335, 51539607552.0, 'P2P', 'TP', 'INTRA', 4, 2, 3
'FWD_TP_COMM_INTRA_3', 'Comm', 16019.670622735011, 16019.674201879425, 0.0035791444133333335, 51539607552.0, 'P2P', 'TP', 'INTRA', 4, 2, 3
'FWD_TP_COMM_INTRA_4', 'Comm', 16019.670622735011, 16019.674201879425, 0.0035791444133333335, 51539607552.0, 'P2P', 'TP', 'INTRA', 4, 2, 3
'FWD_TP_COMM_INTRA_5', 'Comm', 16019.670622735011, 16019.674201879425, 0.0035791444133333335, 51539607552.0, 'P2P', 'TP', 'INTRA', 4, 2, 3
'FWD_FFN', 'Compute', 16019.692097601492, 16027.140691474162, 7.4485938726711, 'NONE', 'NONE', 'NONE', 0
'FWD_TP_COMM_INTRA_0', 'Comm', 16027.140691474162, 16027.144270618575, 0.0035791444133333335, 51539607552.0, 'P2P', 'TP', 'INTRA', 4, 2, 3
'FWD_TP_COMM_INTRA_1', 'Comm', 16027.140691474162, 16027.144270618575, 0.0035791444133333335, 51539607552.0, 'P2P', 'TP', 'INTRA', 4, 2, 3
'FWD_TP_COMM_INTRA_2', 'Comm', 16027.140691474162, 16027.144270618575, 0.0035791444133333335, 51539607552.0, 'P2P', 'TP', 'INTRA', 4, 2, 3
'FWD_TP_COMM_INTRA_3', 'Comm', 16027.140691474162, 16027.144270618575, 0.0035791444133333335, 51539607552.0, 'P2P', 'TP', 'INTRA', 4, 2, 3
'FWD_TP_COMM_INTRA_4', 'Comm', 16027.140691474162, 16027.144270618575, 0.0035791444133333335, 51539607552.0, 'P2P', 'TP', 'INTRA', 4, 2, 3
'FWD_TP_COMM_INTRA_5', 'Comm', 16027.140691474162, 16027.144270618575, 0.0035791444133333335, 51539607552.0, 'P2P', 'TP', 'INTRA', 4, 2, 3
'FWD_MHA', 'Compute', 16027.162166340642, 16053.010467592783, 25.84830125214084, 'NONE', 'NONE', 'NONE', 0
'FWD_TP_COMM_INTRA_0', 'Comm', 16053.010467592783, 16053.014046737197, 0.0035791444133333335, 51539607552.0, 'P2P', 'TP', 'INTRA', 4, 2, 3
'FWD_TP_COMM_INTRA_1', 'Comm', 16053.010467592783, 16053.014046737197, 0.0035791444133333335, 51539607552.0, 'P2P', 'TP', 'INTRA', 4, 2, 3
'FWD_TP_COMM_INTRA_2', 'Comm', 16053.010467592783, 16053.014046737197, 0.0035791444133333335, 51539607552.0, 'P2P', 'TP', 'INTRA', 4, 2, 3
'FWD_TP_COMM_INTRA_3', 'Comm', 16053.010467592783, 16053.014046737197, 0.0035791444133333335, 51539607552.0, 'P2P', 'TP', 'INTRA', 4, 2, 3
'FWD_TP_COMM_INTRA_4', 'Comm', 16053.010467592783, 16053.014046737197, 0.0035791444133333335, 51539607552.0, 'P2P', 'TP', 'INTRA', 4, 2, 3
'FWD_TP_COMM_INTRA_5', 'Comm', 16053.010467592783, 16053.014046737197, 0.0035791444133333335, 51539607552.0, 'P2P', 'TP', 'INTRA', 4, 2, 3
'FWD_FFN', 'Compute', 16053.031942459264, 16060.480536331934, 7.4485938726711, 'NONE', 'NONE', 'NONE', 0
'FWD_TP_COMM_INTRA_0', 'Comm', 16060.480536331934, 16060.484115476347, 0.0035791444133333335, 51539607552.0, 'P2P', 'TP', 'INTRA', 4, 2, 3
'FWD_TP_COMM_INTRA_1', 'Comm', 16060.480536331934, 16060.484115476347, 0.0035791444133333335, 51539607552.0, 'P2P', 'TP', 'INTRA', 4, 2, 3
'FWD_TP_COMM_INTRA_2', 'Comm', 16060.480536331934, 16060.484115476347, 0.0035791444133333335, 51539607552.0, 'P2P', 'TP', 'INTRA', 4, 2, 3
'FWD_TP_COMM_INTRA_3', 'Comm', 16060.480536331934, 16060.484115476347, 0.0035791444133333335, 51539607552.0, 'P2P', 'TP', 'INTRA', 4, 2, 3
'FWD_TP_COMM_INTRA_4', 'Comm', 16060.480536331934, 16060.484115476347, 0.0035791444133333335, 51539607552.0, 'P2P', 'TP', 'INTRA', 4, 2, 3
'FWD_TP_COMM_INTRA_5', 'Comm', 16060.480536331934, 16060.484115476347, 0.0035791444133333335, 51539607552.0, 'P2P', 'TP', 'INTRA', 4, 2, 3
'FWD_MHA', 'Compute', 16060.502011198414, 16086.350312450555, 25.84830125214084, 'NONE', 'NONE', 'NONE', 0
'FWD_TP_COMM_INTRA_0', 'Comm', 16086.350312450555, 16086.353891594968, 0.0035791444133333335, 51539607552.0, 'P2P', 'TP', 'INTRA', 4, 2, 3
'FWD_TP_COMM_INTRA_1', 'Comm', 16086.350312450555, 16086.353891594968, 0.0035791444133333335, 51539607552.0, 'P2P', 'TP', 'INTRA', 4, 2, 3
'FWD_TP_COMM_INTRA_2', 'Comm', 16086.350312450555, 16086.353891594968, 0.0035791444133333335, 51539607552.0, 'P2P', 'TP', 'INTRA', 4, 2, 3
'FWD_TP_COMM_INTRA_3', 'Comm', 16086.350312450555, 16086.353891594968, 0.0035791444133333335, 51539607552.0, 'P2P', 'TP', 'INTRA', 4, 2, 3
'FWD_TP_COMM_INTRA_4', 'Comm', 16086.350312450555, 16086.353891594968, 0.0035791444133333335, 51539607552.0, 'P2P', 'TP', 'INTRA', 4, 2, 3
'FWD_TP_COMM_INTRA_5', 'Comm', 16086.350312450555, 16086.353891594968, 0.0035791444133333335, 51539607552.0, 'P2P', 'TP', 'INTRA', 4, 2, 3
'FWD_FFN', 'Compute', 16086.371787317035, 16093.820381189706, 7.4485938726711, 'NONE', 'NONE', 'NONE', 0
'FWD_TP_COMM_INTRA_0', 'Comm', 16093.820381189706, 16093.823960334119, 0.0035791444133333335, 51539607552.0, 'P2P', 'TP', 'INTRA', 4, 2, 3
'FWD_TP_COMM_INTRA_1', 'Comm', 16093.820381189706, 16093.823960334119, 0.0035791444133333335, 51539607552.0, 'P2P', 'TP', 'INTRA', 4, 2, 3
'FWD_TP_COMM_INTRA_2', 'Comm', 16093.820381189706, 16093.823960334119, 0.0035791444133333335, 51539607552.0, 'P2P', 'TP', 'INTRA', 4, 2, 3
'FWD_TP_COMM_INTRA_3', 'Comm', 16093.820381189706, 16093.823960334119, 0.0035791444133333335, 51539607552.0, 'P2P', 'TP', 'INTRA', 4, 2, 3
'FWD_TP_COMM_INTRA_4', 'Comm', 16093.820381189706, 16093.823960334119, 0.0035791444133333335, 51539607552.0, 'P2P', 'TP', 'INTRA', 4, 2, 3
'FWD_TP_COMM_INTRA_5', 'Comm', 16093.820381189706, 16093.823960334119, 0.0035791444133333335, 51539607552.0, 'P2P', 'TP', 'INTRA', 4, 2, 3
'FWD_MHA', 'Compute', 16093.841856056186, 16119.690157308327, 25.84830125214084, 'NONE', 'NONE', 'NONE', 0
'FWD_TP_COMM_INTRA_0', 'Comm', 16119.690157308327, 16119.69373645274, 0.0035791444133333335, 51539607552.0, 'P2P', 'TP', 'INTRA', 4, 2, 3
'FWD_TP_COMM_INTRA_1', 'Comm', 16119.690157308327, 16119.69373645274, 0.0035791444133333335, 51539607552.0, 'P2P', 'TP', 'INTRA', 4, 2, 3
'FWD_TP_COMM_INTRA_2', 'Comm', 16119.690157308327, 16119.69373645274, 0.0035791444133333335, 51539607552.0, 'P2P', 'TP', 'INTRA', 4, 2, 3
'FWD_TP_COMM_INTRA_3', 'Comm', 16119.690157308327, 16119.69373645274, 0.0035791444133333335, 51539607552.0, 'P2P', 'TP', 'INTRA', 4, 2, 3
'FWD_TP_COMM_INTRA_4', 'Comm', 16119.690157308327, 16119.69373645274, 0.0035791444133333335, 51539607552.0, 'P2P', 'TP', 'INTRA', 4, 2, 3
'FWD_TP_COMM_INTRA_5', 'Comm', 16119.690157308327, 16119.69373645274, 0.0035791444133333335, 51539607552.0, 'P2P', 'TP', 'INTRA', 4, 2, 3
'FWD_FFN', 'Compute', 16119.711632174807, 16127.160226047477, 7.4485938726711, 'NONE', 'NONE', 'NONE', 0
'FWD_TP_COMM_INTRA_0', 'Comm', 16127.160226047477, 16127.16380519189, 0.0035791444133333335, 51539607552.0, 'P2P', 'TP', 'INTRA', 4, 2, 3
'FWD_TP_COMM_INTRA_1', 'Comm', 16127.160226047477, 16127.16380519189, 0.0035791444133333335, 51539607552.0, 'P2P', 'TP', 'INTRA', 4, 2, 3
'FWD_TP_COMM_INTRA_2', 'Comm', 16127.160226047477, 16127.16380519189, 0.0035791444133333335, 51539607552.0, 'P2P', 'TP', 'INTRA', 4, 2, 3
'FWD_TP_COMM_INTRA_3', 'Comm', 16127.160226047477, 16127.16380519189, 0.0035791444133333335, 51539607552.0, 'P2P', 'TP', 'INTRA', 4, 2, 3
'FWD_TP_COMM_INTRA_4', 'Comm', 16127.160226047477, 16127.16380519189, 0.0035791444133333335, 51539607552.0, 'P2P', 'TP', 'INTRA', 4, 2, 3
'FWD_TP_COMM_INTRA_5', 'Comm', 16127.160226047477, 16127.16380519189, 0.0035791444133333335, 51539607552.0, 'P2P', 'TP', 'INTRA', 4, 2, 3
'FWD_MHA', 'Compute', 16127.181700913958, 16153.030002166099, 25.84830125214084, 'NONE', 'NONE', 'NONE', 0
'FWD_TP_COMM_INTRA_0', 'Comm', 16153.030002166099, 16153.033581310512, 0.0035791444133333335, 51539607552.0, 'P2P', 'TP', 'INTRA', 4, 2, 3
'FWD_TP_COMM_INTRA_1', 'Comm', 16153.030002166099, 16153.033581310512, 0.0035791444133333335, 51539607552.0, 'P2P', 'TP', 'INTRA', 4, 2, 3
'FWD_TP_COMM_INTRA_2', 'Comm', 16153.030002166099, 16153.033581310512, 0.0035791444133333335, 51539607552.0, 'P2P', 'TP', 'INTRA', 4, 2, 3
'FWD_TP_COMM_INTRA_3', 'Comm', 16153.030002166099, 16153.033581310512, 0.0035791444133333335, 51539607552.0, 'P2P', 'TP', 'INTRA', 4, 2, 3
'FWD_TP_COMM_INTRA_4', 'Comm', 16153.030002166099, 16153.033581310512, 0.0035791444133333335, 51539607552.0, 'P2P', 'TP', 'INTRA', 4, 2, 3
'FWD_TP_COMM_INTRA_5', 'Comm', 16153.030002166099, 16153.033581310512, 0.0035791444133333335, 51539607552.0, 'P2P', 'TP', 'INTRA', 4, 2, 3
'FWD_FFN', 'Compute', 16153.051477032579, 16160.50007090525, 7.4485938726711, 'NONE', 'NONE', 'NONE', 0
'FWD_TP_COMM_INTRA_0', 'Comm', 16160.50007090525, 16160.503650049663, 0.0035791444133333335, 51539607552.0, 'P2P', 'TP', 'INTRA', 4, 2, 3
'FWD_TP_COMM_INTRA_1', 'Comm', 16160.50007090525, 16160.503650049663, 0.0035791444133333335, 51539607552.0, 'P2P', 'TP', 'INTRA', 4, 2, 3
'FWD_TP_COMM_INTRA_2', 'Comm', 16160.50007090525, 16160.503650049663, 0.0035791444133333335, 51539607552.0, 'P2P', 'TP', 'INTRA', 4, 2, 3
'FWD_TP_COMM_INTRA_3', 'Comm', 16160.50007090525, 16160.503650049663, 0.0035791444133333335, 51539607552.0, 'P2P', 'TP', 'INTRA', 4, 2, 3
'FWD_TP_COMM_INTRA_4', 'Comm', 16160.50007090525, 16160.503650049663, 0.0035791444133333335, 51539607552.0, 'P2P', 'TP', 'INTRA', 4, 2, 3
'FWD_TP_COMM_INTRA_5', 'Comm', 16160.50007090525, 16160.503650049663, 0.0035791444133333335, 51539607552.0, 'P2P', 'TP', 'INTRA', 4, 2, 3
'FWD_MHA', 'Compute', 16160.52154577173, 16186.36984702387, 25.84830125214084, 'NONE', 'NONE', 'NONE', 0
'FWD_TP_COMM_INTRA_0', 'Comm', 16186.36984702387, 16186.373426168284, 0.0035791444133333335, 51539607552.0, 'P2P', 'TP', 'INTRA', 4, 2, 3
'FWD_TP_COMM_INTRA_1', 'Comm', 16186.36984702387, 16186.373426168284, 0.0035791444133333335, 51539607552.0, 'P2P', 'TP', 'INTRA', 4, 2, 3
'FWD_TP_COMM_INTRA_2', 'Comm', 16186.36984702387, 16186.373426168284, 0.0035791444133333335, 51539607552.0, 'P2P', 'TP', 'INTRA', 4, 2, 3
'FWD_TP_COMM_INTRA_3', 'Comm', 16186.36984702387, 16186.373426168284, 0.0035791444133333335, 51539607552.0, 'P2P', 'TP', 'INTRA', 4, 2, 3
'FWD_TP_COMM_INTRA_4', 'Comm', 16186.36984702387, 16186.373426168284, 0.0035791444133333335, 51539607552.0, 'P2P', 'TP', 'INTRA', 4, 2, 3
'FWD_TP_COMM_INTRA_5', 'Comm', 16186.36984702387, 16186.373426168284, 0.0035791444133333335, 51539607552.0, 'P2P', 'TP', 'INTRA', 4, 2, 3
'FWD_FFN', 'Compute', 16186.39132189035, 16193.839915763021, 7.4485938726711, 'NONE', 'NONE', 'NONE', 0
'FWD_TP_COMM_INTRA_0', 'Comm', 16193.839915763021, 16193.843494907434, 0.0035791444133333335, 51539607552.0, 'P2P', 'TP', 'INTRA', 4, 2, 3
'FWD_TP_COMM_INTRA_1', 'Comm', 16193.839915763021, 16193.843494907434, 0.0035791444133333335, 51539607552.0, 'P2P', 'TP', 'INTRA', 4, 2, 3
'FWD_TP_COMM_INTRA_2', 'Comm', 16193.839915763021, 16193.843494907434, 0.0035791444133333335, 51539607552.0, 'P2P', 'TP', 'INTRA', 4, 2, 3
'FWD_TP_COMM_INTRA_3', 'Comm', 16193.839915763021, 16193.843494907434, 0.0035791444133333335, 51539607552.0, 'P2P', 'TP', 'INTRA', 4, 2, 3
'FWD_TP_COMM_INTRA_4', 'Comm', 16193.839915763021, 16193.843494907434, 0.0035791444133333335, 51539607552.0, 'P2P', 'TP', 'INTRA', 4, 2, 3
'FWD_TP_COMM_INTRA_5', 'Comm', 16193.839915763021, 16193.843494907434, 0.0035791444133333335, 51539607552.0, 'P2P', 'TP', 'INTRA', 4, 2, 3
'FWD_MHA', 'Compute', 16193.861390629501, 16219.709691881642, 25.84830125214084, 'NONE', 'NONE', 'NONE', 0
'FWD_TP_COMM_INTRA_0', 'Comm', 16219.709691881642, 16219.713271026056, 0.0035791444133333335, 51539607552.0, 'P2P', 'TP', 'INTRA', 4, 2, 3
'FWD_TP_COMM_INTRA_1', 'Comm', 16219.709691881642, 16219.713271026056, 0.0035791444133333335, 51539607552.0, 'P2P', 'TP', 'INTRA', 4, 2, 3
'FWD_TP_COMM_INTRA_2', 'Comm', 16219.709691881642, 16219.713271026056, 0.0035791444133333335, 51539607552.0, 'P2P', 'TP', 'INTRA', 4, 2, 3
'FWD_TP_COMM_INTRA_3', 'Comm', 16219.709691881642, 16219.713271026056, 0.0035791444133333335, 51539607552.0, 'P2P', 'TP', 'INTRA', 4, 2, 3
'FWD_TP_COMM_INTRA_4', 'Comm', 16219.709691881642, 16219.713271026056, 0.0035791444133333335, 51539607552.0, 'P2P', 'TP', 'INTRA', 4, 2, 3
'FWD_TP_COMM_INTRA_5', 'Comm', 16219.709691881642, 16219.713271026056, 0.0035791444133333335, 51539607552.0, 'P2P', 'TP', 'INTRA', 4, 2, 3
'FWD_FFN', 'Compute', 16219.731166748123, 16227.179760620793, 7.4485938726711, 'NONE', 'NONE', 'NONE', 0
'FWD_TP_COMM_INTRA_0', 'Comm', 16227.179760620793, 16227.183339765206, 0.0035791444133333335, 51539607552.0, 'P2P', 'TP', 'INTRA', 4, 2, 3
'FWD_TP_COMM_INTRA_1', 'Comm', 16227.179760620793, 16227.183339765206, 0.0035791444133333335, 51539607552.0, 'P2P', 'TP', 'INTRA', 4, 2, 3
'FWD_TP_COMM_INTRA_2', 'Comm', 16227.179760620793, 16227.183339765206, 0.0035791444133333335, 51539607552.0, 'P2P', 'TP', 'INTRA', 4, 2, 3
'FWD_TP_COMM_INTRA_3', 'Comm', 16227.179760620793, 16227.183339765206, 0.0035791444133333335, 51539607552.0, 'P2P', 'TP', 'INTRA', 4, 2, 3
'FWD_TP_COMM_INTRA_4', 'Comm', 16227.179760620793, 16227.183339765206, 0.0035791444133333335, 51539607552.0, 'P2P', 'TP', 'INTRA', 4, 2, 3
'FWD_TP_COMM_INTRA_5', 'Comm', 16227.179760620793, 16227.183339765206, 0.0035791444133333335, 51539607552.0, 'P2P', 'TP', 'INTRA', 4, 2, 3
'FWD_MHA', 'Compute', 16227.201235487273, 16253.049536739414, 25.84830125214084, 'NONE', 'NONE', 'NONE', 0
'FWD_TP_COMM_INTRA_0', 'Comm', 16253.049536739414, 16253.053115883828, 0.0035791444133333335, 51539607552.0, 'P2P', 'TP', 'INTRA', 4, 2, 3
'FWD_TP_COMM_INTRA_1', 'Comm', 16253.049536739414, 16253.053115883828, 0.0035791444133333335, 51539607552.0, 'P2P', 'TP', 'INTRA', 4, 2, 3
'FWD_TP_COMM_INTRA_2', 'Comm', 16253.049536739414, 16253.053115883828, 0.0035791444133333335, 51539607552.0, 'P2P', 'TP', 'INTRA', 4, 2, 3
'FWD_TP_COMM_INTRA_3', 'Comm', 16253.049536739414, 16253.053115883828, 0.0035791444133333335, 51539607552.0, 'P2P', 'TP', 'INTRA', 4, 2, 3
'FWD_TP_COMM_INTRA_4', 'Comm', 16253.049536739414, 16253.053115883828, 0.0035791444133333335, 51539607552.0, 'P2P', 'TP', 'INTRA', 4, 2, 3
'FWD_TP_COMM_INTRA_5', 'Comm', 16253.049536739414, 16253.053115883828, 0.0035791444133333335, 51539607552.0, 'P2P', 'TP', 'INTRA', 4, 2, 3
'FWD_FFN', 'Compute', 16253.071011605894, 16260.519605478565, 7.4485938726711, 'NONE', 'NONE', 'NONE', 0
'FWD_TP_COMM_INTRA_0', 'Comm', 16260.519605478565, 16260.523184622978, 0.0035791444133333335, 51539607552.0, 'P2P', 'TP', 'INTRA', 4, 2, 3
'FWD_TP_COMM_INTRA_1', 'Comm', 16260.519605478565, 16260.523184622978, 0.0035791444133333335, 51539607552.0, 'P2P', 'TP', 'INTRA', 4, 2, 3
'FWD_TP_COMM_INTRA_2', 'Comm', 16260.519605478565, 16260.523184622978, 0.0035791444133333335, 51539607552.0, 'P2P', 'TP', 'INTRA', 4, 2, 3
'FWD_TP_COMM_INTRA_3', 'Comm', 16260.519605478565, 16260.523184622978, 0.0035791444133333335, 51539607552.0, 'P2P', 'TP', 'INTRA', 4, 2, 3
'FWD_TP_COMM_INTRA_4', 'Comm', 16260.519605478565, 16260.523184622978, 0.0035791444133333335, 51539607552.0, 'P2P', 'TP', 'INTRA', 4, 2, 3
'FWD_TP_COMM_INTRA_5', 'Comm', 16260.519605478565, 16260.523184622978, 0.0035791444133333335, 51539607552.0, 'P2P', 'TP', 'INTRA', 4, 2, 3
'FWD_MHA', 'Compute', 16260.541080345045, 16286.389381597186, 25.84830125214084, 'NONE', 'NONE', 'NONE', 0
'FWD_TP_COMM_INTRA_0', 'Comm', 16286.389381597186, 16286.3929607416, 0.0035791444133333335, 51539607552.0, 'P2P', 'TP', 'INTRA', 4, 2, 3
'FWD_TP_COMM_INTRA_1', 'Comm', 16286.389381597186, 16286.3929607416, 0.0035791444133333335, 51539607552.0, 'P2P', 'TP', 'INTRA', 4, 2, 3
'FWD_TP_COMM_INTRA_2', 'Comm', 16286.389381597186, 16286.3929607416, 0.0035791444133333335, 51539607552.0, 'P2P', 'TP', 'INTRA', 4, 2, 3
'FWD_TP_COMM_INTRA_3', 'Comm', 16286.389381597186, 16286.3929607416, 0.0035791444133333335, 51539607552.0, 'P2P', 'TP', 'INTRA', 4, 2, 3
'FWD_TP_COMM_INTRA_4', 'Comm', 16286.389381597186, 16286.3929607416, 0.0035791444133333335, 51539607552.0, 'P2P', 'TP', 'INTRA', 4, 2, 3
'FWD_TP_COMM_INTRA_5', 'Comm', 16286.389381597186, 16286.3929607416, 0.0035791444133333335, 51539607552.0, 'P2P', 'TP', 'INTRA', 4, 2, 3
'FWD_FFN', 'Compute', 16286.410856463666, 16293.859450336337, 7.4485938726711, 'NONE', 'NONE', 'NONE', 0
'FWD_TP_COMM_INTRA_0', 'Comm', 16293.859450336337, 16293.86302948075, 0.0035791444133333335, 51539607552.0, 'P2P', 'TP', 'INTRA', 4, 2, 3
'FWD_TP_COMM_INTRA_1', 'Comm', 16293.859450336337, 16293.86302948075, 0.0035791444133333335, 51539607552.0, 'P2P', 'TP', 'INTRA', 4, 2, 3
'FWD_TP_COMM_INTRA_2', 'Comm', 16293.859450336337, 16293.86302948075, 0.0035791444133333335, 51539607552.0, 'P2P', 'TP', 'INTRA', 4, 2, 3
'FWD_TP_COMM_INTRA_3', 'Comm', 16293.859450336337, 16293.86302948075, 0.0035791444133333335, 51539607552.0, 'P2P', 'TP', 'INTRA', 4, 2, 3
'FWD_TP_COMM_INTRA_4', 'Comm', 16293.859450336337, 16293.86302948075, 0.0035791444133333335, 51539607552.0, 'P2P', 'TP', 'INTRA', 4, 2, 3
'FWD_TP_COMM_INTRA_5', 'Comm', 16293.859450336337, 16293.86302948075, 0.0035791444133333335, 51539607552.0, 'P2P', 'TP', 'INTRA', 4, 2, 3
'FWD_MHA', 'Compute', 16293.880925202817, 16319.729226454958, 25.84830125214084, 'NONE', 'NONE', 'NONE', 0
'FWD_TP_COMM_INTRA_0', 'Comm', 16319.729226454958, 16319.732805599371, 0.0035791444133333335, 51539607552.0, 'P2P', 'TP', 'INTRA', 4, 2, 3
'FWD_TP_COMM_INTRA_1', 'Comm', 16319.729226454958, 16319.732805599371, 0.0035791444133333335, 51539607552.0, 'P2P', 'TP', 'INTRA', 4, 2, 3
'FWD_TP_COMM_INTRA_2', 'Comm', 16319.729226454958, 16319.732805599371, 0.0035791444133333335, 51539607552.0, 'P2P', 'TP', 'INTRA', 4, 2, 3
'FWD_TP_COMM_INTRA_3', 'Comm', 16319.729226454958, 16319.732805599371, 0.0035791444133333335, 51539607552.0, 'P2P', 'TP', 'INTRA', 4, 2, 3
'FWD_TP_COMM_INTRA_4', 'Comm', 16319.729226454958, 16319.732805599371, 0.0035791444133333335, 51539607552.0, 'P2P', 'TP', 'INTRA', 4, 2, 3
'FWD_TP_COMM_INTRA_5', 'Comm', 16319.729226454958, 16319.732805599371, 0.0035791444133333335, 51539607552.0, 'P2P', 'TP', 'INTRA', 4, 2, 3
'FWD_FFN', 'Compute', 16319.750701321438, 16327.199295194108, 7.4485938726711, 'NONE', 'NONE', 'NONE', 0
'FWD_TP_COMM_INTRA_0', 'Comm', 16327.199295194108, 16327.202874338522, 0.0035791444133333335, 51539607552.0, 'P2P', 'TP', 'INTRA', 4, 2, 3
'FWD_TP_COMM_INTRA_1', 'Comm', 16327.199295194108, 16327.202874338522, 0.0035791444133333335, 51539607552.0, 'P2P', 'TP', 'INTRA', 4, 2, 3
'FWD_TP_COMM_INTRA_2', 'Comm', 16327.199295194108, 16327.202874338522, 0.0035791444133333335, 51539607552.0, 'P2P', 'TP', 'INTRA', 4, 2, 3
'FWD_TP_COMM_INTRA_3', 'Comm', 16327.199295194108, 16327.202874338522, 0.0035791444133333335, 51539607552.0, 'P2P', 'TP', 'INTRA', 4, 2, 3
'FWD_TP_COMM_INTRA_4', 'Comm', 16327.199295194108, 16327.202874338522, 0.0035791444133333335, 51539607552.0, 'P2P', 'TP', 'INTRA', 4, 2, 3
'FWD_TP_COMM_INTRA_5', 'Comm', 16327.199295194108, 16327.202874338522, 0.0035791444133333335, 51539607552.0, 'P2P', 'TP', 'INTRA', 4, 2, 3
'FWD_MHA', 'Compute', 16327.220770060589, 16353.06907131273, 25.84830125214084, 'NONE', 'NONE', 'NONE', 0
'FWD_TP_COMM_INTRA_0', 'Comm', 16353.06907131273, 16353.072650457143, 0.0035791444133333335, 51539607552.0, 'P2P', 'TP', 'INTRA', 4, 2, 3
'FWD_TP_COMM_INTRA_1', 'Comm', 16353.06907131273, 16353.072650457143, 0.0035791444133333335, 51539607552.0, 'P2P', 'TP', 'INTRA', 4, 2, 3
'FWD_TP_COMM_INTRA_2', 'Comm', 16353.06907131273, 16353.072650457143, 0.0035791444133333335, 51539607552.0, 'P2P', 'TP', 'INTRA', 4, 2, 3
'FWD_TP_COMM_INTRA_3', 'Comm', 16353.06907131273, 16353.072650457143, 0.0035791444133333335, 51539607552.0, 'P2P', 'TP', 'INTRA', 4, 2, 3
'FWD_TP_COMM_INTRA_4', 'Comm', 16353.06907131273, 16353.072650457143, 0.0035791444133333335, 51539607552.0, 'P2P', 'TP', 'INTRA', 4, 2, 3
'FWD_TP_COMM_INTRA_5', 'Comm', 16353.06907131273, 16353.072650457143, 0.0035791444133333335, 51539607552.0, 'P2P', 'TP', 'INTRA', 4, 2, 3
'FWD_FFN', 'Compute', 16353.09054617921, 16360.53914005188, 7.4485938726711, 'NONE', 'NONE', 'NONE', 0
'FWD_TP_COMM_INTRA_0', 'Comm', 16360.53914005188, 16360.542719196294, 0.0035791444133333335, 51539607552.0, 'P2P', 'TP', 'INTRA', 4, 2, 3
'FWD_TP_COMM_INTRA_1', 'Comm', 16360.53914005188, 16360.542719196294, 0.0035791444133333335, 51539607552.0, 'P2P', 'TP', 'INTRA', 4, 2, 3
'FWD_TP_COMM_INTRA_2', 'Comm', 16360.53914005188, 16360.542719196294, 0.0035791444133333335, 51539607552.0, 'P2P', 'TP', 'INTRA', 4, 2, 3
'FWD_TP_COMM_INTRA_3', 'Comm', 16360.53914005188, 16360.542719196294, 0.0035791444133333335, 51539607552.0, 'P2P', 'TP', 'INTRA', 4, 2, 3
'FWD_TP_COMM_INTRA_4', 'Comm', 16360.53914005188, 16360.542719196294, 0.0035791444133333335, 51539607552.0, 'P2P', 'TP', 'INTRA', 4, 2, 3
'FWD_TP_COMM_INTRA_5', 'Comm', 16360.53914005188, 16360.542719196294, 0.0035791444133333335, 51539607552.0, 'P2P', 'TP', 'INTRA', 4, 2, 3
'FWD_MHA', 'Compute', 16360.56061491836, 16386.4089161705, 25.84830125214084, 'NONE', 'NONE', 'NONE', 0
'FWD_TP_COMM_INTRA_0', 'Comm', 16386.4089161705, 16386.412495314915, 0.0035791444133333335, 51539607552.0, 'P2P', 'TP', 'INTRA', 4, 2, 3
'FWD_TP_COMM_INTRA_1', 'Comm', 16386.4089161705, 16386.412495314915, 0.0035791444133333335, 51539607552.0, 'P2P', 'TP', 'INTRA', 4, 2, 3
'FWD_TP_COMM_INTRA_2', 'Comm', 16386.4089161705, 16386.412495314915, 0.0035791444133333335, 51539607552.0, 'P2P', 'TP', 'INTRA', 4, 2, 3
'FWD_TP_COMM_INTRA_3', 'Comm', 16386.4089161705, 16386.412495314915, 0.0035791444133333335, 51539607552.0, 'P2P', 'TP', 'INTRA', 4, 2, 3
'FWD_TP_COMM_INTRA_4', 'Comm', 16386.4089161705, 16386.412495314915, 0.0035791444133333335, 51539607552.0, 'P2P', 'TP', 'INTRA', 4, 2, 3
'FWD_TP_COMM_INTRA_5', 'Comm', 16386.4089161705, 16386.412495314915, 0.0035791444133333335, 51539607552.0, 'P2P', 'TP', 'INTRA', 4, 2, 3
'FWD_FFN', 'Compute', 16386.43039103698, 16393.878984909654, 7.4485938726711, 'NONE', 'NONE', 'NONE', 0
'FWD_TP_COMM_INTRA_0', 'Comm', 16393.878984909654, 16393.882564054067, 0.0035791444133333335, 51539607552.0, 'P2P', 'TP', 'INTRA', 4, 2, 3
'FWD_TP_COMM_INTRA_1', 'Comm', 16393.878984909654, 16393.882564054067, 0.0035791444133333335, 51539607552.0, 'P2P', 'TP', 'INTRA', 4, 2, 3
'FWD_TP_COMM_INTRA_2', 'Comm', 16393.878984909654, 16393.882564054067, 0.0035791444133333335, 51539607552.0, 'P2P', 'TP', 'INTRA', 4, 2, 3
'FWD_TP_COMM_INTRA_3', 'Comm', 16393.878984909654, 16393.882564054067, 0.0035791444133333335, 51539607552.0, 'P2P', 'TP', 'INTRA', 4, 2, 3
'FWD_TP_COMM_INTRA_4', 'Comm', 16393.878984909654, 16393.882564054067, 0.0035791444133333335, 51539607552.0, 'P2P', 'TP', 'INTRA', 4, 2, 3
'FWD_TP_COMM_INTRA_5', 'Comm', 16393.878984909654, 16393.882564054067, 0.0035791444133333335, 51539607552.0, 'P2P', 'TP', 'INTRA', 4, 2, 3
'FWD_MHA', 'Compute', 16393.900459776134, 16419.748761028273, 25.84830125214084, 'NONE', 'NONE', 'NONE', 0
'FWD_TP_COMM_INTRA_0', 'Comm', 16419.748761028273, 16419.752340172687, 0.0035791444133333335, 51539607552.0, 'P2P', 'TP', 'INTRA', 4, 2, 3
'FWD_TP_COMM_INTRA_1', 'Comm', 16419.748761028273, 16419.752340172687, 0.0035791444133333335, 51539607552.0, 'P2P', 'TP', 'INTRA', 4, 2, 3
'FWD_TP_COMM_INTRA_2', 'Comm', 16419.748761028273, 16419.752340172687, 0.0035791444133333335, 51539607552.0, 'P2P', 'TP', 'INTRA', 4, 2, 3
'FWD_TP_COMM_INTRA_3', 'Comm', 16419.748761028273, 16419.752340172687, 0.0035791444133333335, 51539607552.0, 'P2P', 'TP', 'INTRA', 4, 2, 3
'FWD_TP_COMM_INTRA_4', 'Comm', 16419.748761028273, 16419.752340172687, 0.0035791444133333335, 51539607552.0, 'P2P', 'TP', 'INTRA', 4, 2, 3
'FWD_TP_COMM_INTRA_5', 'Comm', 16419.748761028273, 16419.752340172687, 0.0035791444133333335, 51539607552.0, 'P2P', 'TP', 'INTRA', 4, 2, 3
'FWD_FFN', 'Compute', 16419.770235894754, 16427.218829767426, 7.4485938726711, 'NONE', 'NONE', 'NONE', 0
'FWD_TP_COMM_INTRA_0', 'Comm', 16427.218829767426, 16427.22240891184, 0.0035791444133333335, 51539607552.0, 'P2P', 'TP', 'INTRA', 4, 2, 3
'FWD_TP_COMM_INTRA_1', 'Comm', 16427.218829767426, 16427.22240891184, 0.0035791444133333335, 51539607552.0, 'P2P', 'TP', 'INTRA', 4, 2, 3
'FWD_TP_COMM_INTRA_2', 'Comm', 16427.218829767426, 16427.22240891184, 0.0035791444133333335, 51539607552.0, 'P2P', 'TP', 'INTRA', 4, 2, 3
'FWD_TP_COMM_INTRA_3', 'Comm', 16427.218829767426, 16427.22240891184, 0.0035791444133333335, 51539607552.0, 'P2P', 'TP', 'INTRA', 4, 2, 3
'FWD_TP_COMM_INTRA_4', 'Comm', 16427.218829767426, 16427.22240891184, 0.0035791444133333335, 51539607552.0, 'P2P', 'TP', 'INTRA', 4, 2, 3
'FWD_TP_COMM_INTRA_5', 'Comm', 16427.218829767426, 16427.22240891184, 0.0035791444133333335, 51539607552.0, 'P2P', 'TP', 'INTRA', 4, 2, 3
'FWD_MHA', 'Compute', 16427.240304633906, 16453.088605886045, 25.84830125214084, 'NONE', 'NONE', 'NONE', 0
'FWD_TP_COMM_INTRA_0', 'Comm', 16453.088605886045, 16453.09218503046, 0.0035791444133333335, 51539607552.0, 'P2P', 'TP', 'INTRA', 4, 2, 3
'FWD_TP_COMM_INTRA_1', 'Comm', 16453.088605886045, 16453.09218503046, 0.0035791444133333335, 51539607552.0, 'P2P', 'TP', 'INTRA', 4, 2, 3
'FWD_TP_COMM_INTRA_2', 'Comm', 16453.088605886045, 16453.09218503046, 0.0035791444133333335, 51539607552.0, 'P2P', 'TP', 'INTRA', 4, 2, 3
'FWD_TP_COMM_INTRA_3', 'Comm', 16453.088605886045, 16453.09218503046, 0.0035791444133333335, 51539607552.0, 'P2P', 'TP', 'INTRA', 4, 2, 3
'FWD_TP_COMM_INTRA_4', 'Comm', 16453.088605886045, 16453.09218503046, 0.0035791444133333335, 51539607552.0, 'P2P', 'TP', 'INTRA', 4, 2, 3
'FWD_TP_COMM_INTRA_5', 'Comm', 16453.088605886045, 16453.09218503046, 0.0035791444133333335, 51539607552.0, 'P2P', 'TP', 'INTRA', 4, 2, 3
'FWD_FFN', 'Compute', 16453.110080752525, 16460.558674625197, 7.4485938726711, 'NONE', 'NONE', 'NONE', 0
'FWD_TP_COMM_INTRA_0', 'Comm', 16460.558674625197, 16460.56225376961, 0.0035791444133333335, 51539607552.0, 'P2P', 'TP', 'INTRA', 4, 2, 3
'FWD_TP_COMM_INTRA_1', 'Comm', 16460.558674625197, 16460.56225376961, 0.0035791444133333335, 51539607552.0, 'P2P', 'TP', 'INTRA', 4, 2, 3
'FWD_TP_COMM_INTRA_2', 'Comm', 16460.558674625197, 16460.56225376961, 0.0035791444133333335, 51539607552.0, 'P2P', 'TP', 'INTRA', 4, 2, 3
'FWD_TP_COMM_INTRA_3', 'Comm', 16460.558674625197, 16460.56225376961, 0.0035791444133333335, 51539607552.0, 'P2P', 'TP', 'INTRA', 4, 2, 3
'FWD_TP_COMM_INTRA_4', 'Comm', 16460.558674625197, 16460.56225376961, 0.0035791444133333335, 51539607552.0, 'P2P', 'TP', 'INTRA', 4, 2, 3
'FWD_TP_COMM_INTRA_5', 'Comm', 16460.558674625197, 16460.56225376961, 0.0035791444133333335, 51539607552.0, 'P2P', 'TP', 'INTRA', 4, 2, 3
'FWD_MHA', 'Compute', 16460.580149491678, 16486.428450743817, 25.84830125214084, 'NONE', 'NONE', 'NONE', 0
'FWD_TP_COMM_INTRA_0', 'Comm', 16486.428450743817, 16486.43202988823, 0.0035791444133333335, 51539607552.0, 'P2P', 'TP', 'INTRA', 4, 2, 3
'FWD_TP_COMM_INTRA_1', 'Comm', 16486.428450743817, 16486.43202988823, 0.0035791444133333335, 51539607552.0, 'P2P', 'TP', 'INTRA', 4, 2, 3
'FWD_TP_COMM_INTRA_2', 'Comm', 16486.428450743817, 16486.43202988823, 0.0035791444133333335, 51539607552.0, 'P2P', 'TP', 'INTRA', 4, 2, 3
'FWD_TP_COMM_INTRA_3', 'Comm', 16486.428450743817, 16486.43202988823, 0.0035791444133333335, 51539607552.0, 'P2P', 'TP', 'INTRA', 4, 2, 3
'FWD_TP_COMM_INTRA_4', 'Comm', 16486.428450743817, 16486.43202988823, 0.0035791444133333335, 51539607552.0, 'P2P', 'TP', 'INTRA', 4, 2, 3
'FWD_TP_COMM_INTRA_5', 'Comm', 16486.428450743817, 16486.43202988823, 0.0035791444133333335, 51539607552.0, 'P2P', 'TP', 'INTRA', 4, 2, 3
'FWD_FFN', 'Compute', 16486.449925610297, 16493.89851948297, 7.4485938726711, 'NONE', 'NONE', 'NONE', 0
'FWD_TP_COMM_INTRA_0', 'Comm', 16493.89851948297, 16493.902098627383, 0.0035791444133333335, 51539607552.0, 'P2P', 'TP', 'INTRA', 4, 2, 3
'FWD_TP_COMM_INTRA_1', 'Comm', 16493.89851948297, 16493.902098627383, 0.0035791444133333335, 51539607552.0, 'P2P', 'TP', 'INTRA', 4, 2, 3
'FWD_TP_COMM_INTRA_2', 'Comm', 16493.89851948297, 16493.902098627383, 0.0035791444133333335, 51539607552.0, 'P2P', 'TP', 'INTRA', 4, 2, 3
'FWD_TP_COMM_INTRA_3', 'Comm', 16493.89851948297, 16493.902098627383, 0.0035791444133333335, 51539607552.0, 'P2P', 'TP', 'INTRA', 4, 2, 3
'FWD_TP_COMM_INTRA_4', 'Comm', 16493.89851948297, 16493.902098627383, 0.0035791444133333335, 51539607552.0, 'P2P', 'TP', 'INTRA', 4, 2, 3
'FWD_TP_COMM_INTRA_5', 'Comm', 16493.89851948297, 16493.902098627383, 0.0035791444133333335, 51539607552.0, 'P2P', 'TP', 'INTRA', 4, 2, 3
'FWD_MHA', 'Compute', 16493.91999434945, 16519.76829560159, 25.84830125214084, 'NONE', 'NONE', 'NONE', 0
'FWD_TP_COMM_INTRA_0', 'Comm', 16519.76829560159, 16519.771874746002, 0.0035791444133333335, 51539607552.0, 'P2P', 'TP', 'INTRA', 4, 2, 3
'FWD_TP_COMM_INTRA_1', 'Comm', 16519.76829560159, 16519.771874746002, 0.0035791444133333335, 51539607552.0, 'P2P', 'TP', 'INTRA', 4, 2, 3
'FWD_TP_COMM_INTRA_2', 'Comm', 16519.76829560159, 16519.771874746002, 0.0035791444133333335, 51539607552.0, 'P2P', 'TP', 'INTRA', 4, 2, 3
'FWD_TP_COMM_INTRA_3', 'Comm', 16519.76829560159, 16519.771874746002, 0.0035791444133333335, 51539607552.0, 'P2P', 'TP', 'INTRA', 4, 2, 3
'FWD_TP_COMM_INTRA_4', 'Comm', 16519.76829560159, 16519.771874746002, 0.0035791444133333335, 51539607552.0, 'P2P', 'TP', 'INTRA', 4, 2, 3
'FWD_TP_COMM_INTRA_5', 'Comm', 16519.76829560159, 16519.771874746002, 0.0035791444133333335, 51539607552.0, 'P2P', 'TP', 'INTRA', 4, 2, 3
'FWD_FFN', 'Compute', 16519.78977046807, 16527.23836434074, 7.4485938726711, 'NONE', 'NONE', 'NONE', 0
'FWD_TP_COMM_INTRA_0', 'Comm', 16527.23836434074, 16527.241943485154, 0.0035791444133333335, 51539607552.0, 'P2P', 'TP', 'INTRA', 4, 2, 3
'FWD_TP_COMM_INTRA_1', 'Comm', 16527.23836434074, 16527.241943485154, 0.0035791444133333335, 51539607552.0, 'P2P', 'TP', 'INTRA', 4, 2, 3
'FWD_TP_COMM_INTRA_2', 'Comm', 16527.23836434074, 16527.241943485154, 0.0035791444133333335, 51539607552.0, 'P2P', 'TP', 'INTRA', 4, 2, 3
'FWD_TP_COMM_INTRA_3', 'Comm', 16527.23836434074, 16527.241943485154, 0.0035791444133333335, 51539607552.0, 'P2P', 'TP', 'INTRA', 4, 2, 3
'FWD_TP_COMM_INTRA_4', 'Comm', 16527.23836434074, 16527.241943485154, 0.0035791444133333335, 51539607552.0, 'P2P', 'TP', 'INTRA', 4, 2, 3
'FWD_TP_COMM_INTRA_5', 'Comm', 16527.23836434074, 16527.241943485154, 0.0035791444133333335, 51539607552.0, 'P2P', 'TP', 'INTRA', 4, 2, 3
'FWD_MHA', 'Compute', 16527.25983920722, 16553.10814045936, 25.84830125214084, 'NONE', 'NONE', 'NONE', 0
'FWD_TP_COMM_INTRA_0', 'Comm', 16553.10814045936, 16553.111719603774, 0.0035791444133333335, 51539607552.0, 'P2P', 'TP', 'INTRA', 4, 2, 3
'FWD_TP_COMM_INTRA_1', 'Comm', 16553.10814045936, 16553.111719603774, 0.0035791444133333335, 51539607552.0, 'P2P', 'TP', 'INTRA', 4, 2, 3
'FWD_TP_COMM_INTRA_2', 'Comm', 16553.10814045936, 16553.111719603774, 0.0035791444133333335, 51539607552.0, 'P2P', 'TP', 'INTRA', 4, 2, 3
'FWD_TP_COMM_INTRA_3', 'Comm', 16553.10814045936, 16553.111719603774, 0.0035791444133333335, 51539607552.0, 'P2P', 'TP', 'INTRA', 4, 2, 3
'FWD_TP_COMM_INTRA_4', 'Comm', 16553.10814045936, 16553.111719603774, 0.0035791444133333335, 51539607552.0, 'P2P', 'TP', 'INTRA', 4, 2, 3
'FWD_TP_COMM_INTRA_5', 'Comm', 16553.10814045936, 16553.111719603774, 0.0035791444133333335, 51539607552.0, 'P2P', 'TP', 'INTRA', 4, 2, 3
'FWD_FFN', 'Compute', 16553.12961532584, 16560.578209198513, 7.4485938726711, 'NONE', 'NONE', 'NONE', 0

'FWD_TP_COMM_INTRA_0', 'Comm', 16560.578209198513, 16560.581788342926, 0.0035791444133333335, 51539607552.0, 'P2P', 'TP', 'INTRA', 4, 2, 3
'FWD_TP_COMM_INTRA_1', 'Comm', 16560.578209198513, 16560.581788342926, 0.0035791444133333335, 51539607552.0, 'P2P', 'TP', 'INTRA', 4, 2, 3
'FWD_TP_COMM_INTRA_2', 'Comm', 16560.578209198513, 16560.581788342926, 0.0035791444133333335, 51539607552.0, 'P2P', 'TP', 'INTRA', 4, 2, 3
'FWD_TP_COMM_INTRA_3', 'Comm', 16560.578209198513, 16560.581788342926, 0.0035791444133333335, 51539607552.0, 'P2P', 'TP', 'INTRA', 4, 2, 3
'FWD_TP_COMM_INTRA_4', 'Comm', 16560.578209198513, 16560.581788342926, 0.0035791444133333335, 51539607552.0, 'P2P', 'TP', 'INTRA', 4, 2, 3
'FWD_TP_COMM_INTRA_5', 'Comm', 16560.578209198513, 16560.581788342926, 0.0035791444133333335, 51539607552.0, 'P2P', 'TP', 'INTRA', 4, 2, 3
'FWD_MHA', 'Compute', 16560.599684064993, 16586.447985317132, 25.84830125214084, 'NONE', 'NONE', 'NONE', 0
'FWD_TP_COMM_INTRA_0', 'Comm', 16586.447985317132, 16586.451564461546, 0.0035791444133333335, 51539607552.0, 'P2P', 'TP', 'INTRA', 4, 2, 3
'FWD_TP_COMM_INTRA_1', 'Comm', 16586.447985317132, 16586.451564461546, 0.0035791444133333335, 51539607552.0, 'P2P', 'TP', 'INTRA', 4, 2, 3
'FWD_TP_COMM_INTRA_2', 'Comm', 16586.447985317132, 16586.451564461546, 0.0035791444133333335, 51539607552.0, 'P2P', 'TP', 'INTRA', 4, 2, 3
'FWD_TP_COMM_INTRA_3', 'Comm', 16586.447985317132, 16586.451564461546, 0.0035791444133333335, 51539607552.0, 'P2P', 'TP', 'INTRA', 4, 2, 3
'FWD_TP_COMM_INTRA_4', 'Comm', 16586.447985317132, 16586.451564461546, 0.0035791444133333335, 51539607552.0, 'P2P', 'TP', 'INTRA', 4, 2, 3
'FWD_TP_COMM_INTRA_5', 'Comm', 16586.447985317132, 16586.451564461546, 0.0035791444133333335, 51539607552.0, 'P2P', 'TP', 'INTRA', 4, 2, 3
'FWD_FFN', 'Compute', 16586.469460183613, 16593.918054056285, 7.4485938726711, 'NONE', 'NONE', 'NONE', 0
'FWD_TP_COMM_INTRA_0', 'Comm', 16593.918054056285, 16593.921633200698, 0.0035791444133333335, 51539607552.0, 'P2P', 'TP', 'INTRA', 4, 2, 3
'FWD_TP_COMM_INTRA_1', 'Comm', 16593.918054056285, 16593.921633200698, 0.0035791444133333335, 51539607552.0, 'P2P', 'TP', 'INTRA', 4, 2, 3
'FWD_TP_COMM_INTRA_2', 'Comm', 16593.918054056285, 16593.921633200698, 0.0035791444133333335, 51539607552.0, 'P2P', 'TP', 'INTRA', 4, 2, 3
'FWD_TP_COMM_INTRA_3', 'Comm', 16593.918054056285, 16593.921633200698, 0.0035791444133333335, 51539607552.0, 'P2P', 'TP', 'INTRA', 4, 2, 3
'FWD_TP_COMM_INTRA_4', 'Comm', 16593.918054056285, 16593.921633200698, 0.0035791444133333335, 51539607552.0, 'P2P', 'TP', 'INTRA', 4, 2, 3
'FWD_TP_COMM_INTRA_5', 'Comm', 16593.918054056285, 16593.921633200698, 0.0035791444133333335, 51539607552.0, 'P2P', 'TP', 'INTRA', 4, 2, 3
'FWD_MHA', 'Compute', 16593.939528922765, 16619.787830174904, 25.84830125214084, 'NONE', 'NONE', 'NONE', 0
'FWD_TP_COMM_INTRA_0', 'Comm', 16619.787830174904, 16619.791409319318, 0.0035791444133333335, 51539607552.0, 'P2P', 'TP', 'INTRA', 4, 2, 3
'FWD_TP_COMM_INTRA_1', 'Comm', 16619.787830174904, 16619.791409319318, 0.0035791444133333335, 51539607552.0, 'P2P', 'TP', 'INTRA', 4, 2, 3
'FWD_TP_COMM_INTRA_2', 'Comm', 16619.787830174904, 16619.791409319318, 0.0035791444133333335, 51539607552.0, 'P2P', 'TP', 'INTRA', 4, 2, 3
'FWD_TP_COMM_INTRA_3', 'Comm', 16619.787830174904, 16619.791409319318, 0.0035791444133333335, 51539607552.0, 'P2P', 'TP', 'INTRA', 4, 2, 3
'FWD_TP_COMM_INTRA_4', 'Comm', 16619.787830174904, 16619.791409319318, 0.0035791444133333335, 51539607552.0, 'P2P', 'TP', 'INTRA', 4, 2, 3
'FWD_TP_COMM_INTRA_5', 'Comm', 16619.787830174904, 16619.791409319318, 0.0035791444133333335, 51539607552.0, 'P2P', 'TP', 'INTRA', 4, 2, 3
'FWD_FFN', 'Compute', 16619.809305041385, 16627.257898914057, 7.4485938726711, 'NONE', 'NONE', 'NONE', 0
'FWD_TP_COMM_INTRA_0', 'Comm', 16627.257898914057, 16627.26147805847, 0.0035791444133333335, 51539607552.0, 'P2P', 'TP', 'INTRA', 4, 2, 3
'FWD_TP_COMM_INTRA_1', 'Comm', 16627.257898914057, 16627.26147805847, 0.0035791444133333335, 51539607552.0, 'P2P', 'TP', 'INTRA', 4, 2, 3
'FWD_TP_COMM_INTRA_2', 'Comm', 16627.257898914057, 16627.26147805847, 0.0035791444133333335, 51539607552.0, 'P2P', 'TP', 'INTRA', 4, 2, 3
'FWD_TP_COMM_INTRA_3', 'Comm', 16627.257898914057, 16627.26147805847, 0.0035791444133333335, 51539607552.0, 'P2P', 'TP', 'INTRA', 4, 2, 3
'FWD_TP_COMM_INTRA_4', 'Comm', 16627.257898914057, 16627.26147805847, 0.0035791444133333335, 51539607552.0, 'P2P', 'TP', 'INTRA', 4, 2, 3
'FWD_TP_COMM_INTRA_5', 'Comm', 16627.257898914057, 16627.26147805847, 0.0035791444133333335, 51539607552.0, 'P2P', 'TP', 'INTRA', 4, 2, 3
'BWD_MHA', 'Compute', 16627.279373780537, 16653.127675032676, 25.84830125214084, 'NONE', 'NONE', 'NONE', 0
'BWD_TP_COMM_INTRA_0', 'Comm', 16653.127675032676, 16653.13125417709, 0.0035791444133333335, 51539607552.0, 'P2P', 'TP', 'INTRA', 4, 2, 3
'BWD_TP_COMM_INTRA_1', 'Comm', 16653.127675032676, 16653.13125417709, 0.0035791444133333335, 51539607552.0, 'P2P', 'TP', 'INTRA', 4, 2, 3
'BWD_TP_COMM_INTRA_2', 'Comm', 16653.127675032676, 16653.13125417709, 0.0035791444133333335, 51539607552.0, 'P2P', 'TP', 'INTRA', 4, 2, 3
'BWD_TP_COMM_INTRA_3', 'Comm', 16653.127675032676, 16653.13125417709, 0.0035791444133333335, 51539607552.0, 'P2P', 'TP', 'INTRA', 4, 2, 3
'BWD_TP_COMM_INTRA_4', 'Comm', 16653.127675032676, 16653.13125417709, 0.0035791444133333335, 51539607552.0, 'P2P', 'TP', 'INTRA', 4, 2, 3
'BWD_TP_COMM_INTRA_5', 'Comm', 16653.127675032676, 16653.13125417709, 0.0035791444133333335, 51539607552.0, 'P2P', 'TP', 'INTRA', 4, 2, 3
'BWD_FFN', 'Compute', 16653.149149899156, 16660.59774377183, 7.4485938726711, 'NONE', 'NONE', 'NONE', 0
'BWD_TP_COMM_INTRA_0', 'Comm', 16660.59774377183, 16660.60132291624, 0.0035791444133333335, 51539607552.0, 'P2P', 'TP', 'INTRA', 4, 2, 3
'BWD_TP_COMM_INTRA_1', 'Comm', 16660.59774377183, 16660.60132291624, 0.0035791444133333335, 51539607552.0, 'P2P', 'TP', 'INTRA', 4, 2, 3
'BWD_TP_COMM_INTRA_2', 'Comm', 16660.59774377183, 16660.60132291624, 0.0035791444133333335, 51539607552.0, 'P2P', 'TP', 'INTRA', 4, 2, 3
'BWD_TP_COMM_INTRA_3', 'Comm', 16660.59774377183, 16660.60132291624, 0.0035791444133333335, 51539607552.0, 'P2P', 'TP', 'INTRA', 4, 2, 3
'BWD_TP_COMM_INTRA_4', 'Comm', 16660.59774377183, 16660.60132291624, 0.0035791444133333335, 51539607552.0, 'P2P', 'TP', 'INTRA', 4, 2, 3
'BWD_TP_COMM_INTRA_5', 'Comm', 16660.59774377183, 16660.60132291624, 0.0035791444133333335, 51539607552.0, 'P2P', 'TP', 'INTRA', 4, 2, 3
'BWD_MHA', 'Compute', 16660.61921863831, 16686.467519890448, 25.84830125214084, 'NONE', 'NONE', 'NONE', 0
'BWD_TP_COMM_INTRA_0', 'Comm', 16686.467519890448, 16686.47109903486, 0.0035791444133333335, 51539607552.0, 'P2P', 'TP', 'INTRA', 4, 2, 3
'BWD_TP_COMM_INTRA_1', 'Comm', 16686.467519890448, 16686.47109903486, 0.0035791444133333335, 51539607552.0, 'P2P', 'TP', 'INTRA', 4, 2, 3
'BWD_TP_COMM_INTRA_2', 'Comm', 16686.467519890448, 16686.47109903486, 0.0035791444133333335, 51539607552.0, 'P2P', 'TP', 'INTRA', 4, 2, 3
'BWD_TP_COMM_INTRA_3', 'Comm', 16686.467519890448, 16686.47109903486, 0.0035791444133333335, 51539607552.0, 'P2P', 'TP', 'INTRA', 4, 2, 3
'BWD_TP_COMM_INTRA_4', 'Comm', 16686.467519890448, 16686.47109903486, 0.0035791444133333335, 51539607552.0, 'P2P', 'TP', 'INTRA', 4, 2, 3
'BWD_TP_COMM_INTRA_5', 'Comm', 16686.467519890448, 16686.47109903486, 0.0035791444133333335, 51539607552.0, 'P2P', 'TP', 'INTRA', 4, 2, 3
'BWD_FFN', 'Compute', 16686.488994756928, 16693.9375886296, 7.4485938726711, 'NONE', 'NONE', 'NONE', 0
'BWD_TP_COMM_INTRA_0', 'Comm', 16693.9375886296, 16693.941167774014, 0.0035791444133333335, 51539607552.0, 'P2P', 'TP', 'INTRA', 4, 2, 3
'BWD_TP_COMM_INTRA_1', 'Comm', 16693.9375886296, 16693.941167774014, 0.0035791444133333335, 51539607552.0, 'P2P', 'TP', 'INTRA', 4, 2, 3
'BWD_TP_COMM_INTRA_2', 'Comm', 16693.9375886296, 16693.941167774014, 0.0035791444133333335, 51539607552.0, 'P2P', 'TP', 'INTRA', 4, 2, 3
'BWD_TP_COMM_INTRA_3', 'Comm', 16693.9375886296, 16693.941167774014, 0.0035791444133333335, 51539607552.0, 'P2P', 'TP', 'INTRA', 4, 2, 3
'BWD_TP_COMM_INTRA_4', 'Comm', 16693.9375886296, 16693.941167774014, 0.0035791444133333335, 51539607552.0, 'P2P', 'TP', 'INTRA', 4, 2, 3
'BWD_TP_COMM_INTRA_5', 'Comm', 16693.9375886296, 16693.941167774014, 0.0035791444133333335, 51539607552.0, 'P2P', 'TP', 'INTRA', 4, 2, 3
'BWD_MHA', 'Compute', 16693.95906349608, 16719.80736474822, 25.84830125214084, 'NONE', 'NONE', 'NONE', 0
'BWD_TP_COMM_INTRA_0', 'Comm', 16719.80736474822, 16719.810943892633, 0.0035791444133333335, 51539607552.0, 'P2P', 'TP', 'INTRA', 4, 2, 3
'BWD_TP_COMM_INTRA_1', 'Comm', 16719.80736474822, 16719.810943892633, 0.0035791444133333335, 51539607552.0, 'P2P', 'TP', 'INTRA', 4, 2, 3
'BWD_TP_COMM_INTRA_2', 'Comm', 16719.80736474822, 16719.810943892633, 0.0035791444133333335, 51539607552.0, 'P2P', 'TP', 'INTRA', 4, 2, 3
'BWD_TP_COMM_INTRA_3', 'Comm', 16719.80736474822, 16719.810943892633, 0.0035791444133333335, 51539607552.0, 'P2P', 'TP', 'INTRA', 4, 2, 3
'BWD_TP_COMM_INTRA_4', 'Comm', 16719.80736474822, 16719.810943892633, 0.0035791444133333335, 51539607552.0, 'P2P', 'TP', 'INTRA', 4, 2, 3
'BWD_TP_COMM_INTRA_5', 'Comm', 16719.80736474822, 16719.810943892633, 0.0035791444133333335, 51539607552.0, 'P2P', 'TP', 'INTRA', 4, 2, 3
'BWD_FFN', 'Compute', 16719.8288396147, 16727.277433487372, 7.4485938726711, 'NONE', 'NONE', 'NONE', 0
'BWD_TP_COMM_INTRA_0', 'Comm', 16727.277433487372, 16727.281012631785, 0.0035791444133333335, 51539607552.0, 'P2P', 'TP', 'INTRA', 4, 2, 3
'BWD_TP_COMM_INTRA_1', 'Comm', 16727.277433487372, 16727.281012631785, 0.0035791444133333335, 51539607552.0, 'P2P', 'TP', 'INTRA', 4, 2, 3
'BWD_TP_COMM_INTRA_2', 'Comm', 16727.277433487372, 16727.281012631785, 0.0035791444133333335, 51539607552.0, 'P2P', 'TP', 'INTRA', 4, 2, 3
'BWD_TP_COMM_INTRA_3', 'Comm', 16727.277433487372, 16727.281012631785, 0.0035791444133333335, 51539607552.0, 'P2P', 'TP', 'INTRA', 4, 2, 3
'BWD_TP_COMM_INTRA_4', 'Comm', 16727.277433487372, 16727.281012631785, 0.0035791444133333335, 51539607552.0, 'P2P', 'TP', 'INTRA', 4, 2, 3
'BWD_TP_COMM_INTRA_5', 'Comm', 16727.277433487372, 16727.281012631785, 0.0035791444133333335, 51539607552.0, 'P2P', 'TP', 'INTRA', 4, 2, 3
'BWD_MHA', 'Compute', 16727.298908353852, 16753.14720960599, 25.84830125214084, 'NONE', 'NONE', 'NONE', 0
'BWD_TP_COMM_INTRA_0', 'Comm', 16753.14720960599, 16753.150788750405, 0.0035791444133333335, 51539607552.0, 'P2P', 'TP', 'INTRA', 4, 2, 3
'BWD_TP_COMM_INTRA_1', 'Comm', 16753.14720960599, 16753.150788750405, 0.0035791444133333335, 51539607552.0, 'P2P', 'TP', 'INTRA', 4, 2, 3
'BWD_TP_COMM_INTRA_2', 'Comm', 16753.14720960599, 16753.150788750405, 0.0035791444133333335, 51539607552.0, 'P2P', 'TP', 'INTRA', 4, 2, 3
'BWD_TP_COMM_INTRA_3', 'Comm', 16753.14720960599, 16753.150788750405, 0.0035791444133333335, 51539607552.0, 'P2P', 'TP', 'INTRA', 4, 2, 3
'BWD_TP_COMM_INTRA_4', 'Comm', 16753.14720960599, 16753.150788750405, 0.0035791444133333335, 51539607552.0, 'P2P', 'TP', 'INTRA', 4, 2, 3
'BWD_TP_COMM_INTRA_5', 'Comm', 16753.14720960599, 16753.150788750405, 0.0035791444133333335, 51539607552.0, 'P2P', 'TP', 'INTRA', 4, 2, 3
'BWD_FFN', 'Compute', 16753.16868447247, 16760.617278345144, 7.4485938726711, 'NONE', 'NONE', 'NONE', 0
'BWD_TP_COMM_INTRA_0', 'Comm', 16760.617278345144, 16760.620857489557, 0.0035791444133333335, 51539607552.0, 'P2P', 'TP', 'INTRA', 4, 2, 3
'BWD_TP_COMM_INTRA_1', 'Comm', 16760.617278345144, 16760.620857489557, 0.0035791444133333335, 51539607552.0, 'P2P', 'TP', 'INTRA', 4, 2, 3
'BWD_TP_COMM_INTRA_2', 'Comm', 16760.617278345144, 16760.620857489557, 0.0035791444133333335, 51539607552.0, 'P2P', 'TP', 'INTRA', 4, 2, 3
'BWD_TP_COMM_INTRA_3', 'Comm', 16760.617278345144, 16760.620857489557, 0.0035791444133333335, 51539607552.0, 'P2P', 'TP', 'INTRA', 4, 2, 3
'BWD_TP_COMM_INTRA_4', 'Comm', 16760.617278345144, 16760.620857489557, 0.0035791444133333335, 51539607552.0, 'P2P', 'TP', 'INTRA', 4, 2, 3
'BWD_TP_COMM_INTRA_5', 'Comm', 16760.617278345144, 16760.620857489557, 0.0035791444133333335, 51539607552.0, 'P2P', 'TP', 'INTRA', 4, 2, 3
'BWD_MHA', 'Compute', 16760.638753211624, 16786.487054463763, 25.84830125214084, 'NONE', 'NONE', 'NONE', 0
'BWD_TP_COMM_INTRA_0', 'Comm', 16786.487054463763, 16786.490633608177, 0.0035791444133333335, 51539607552.0, 'P2P', 'TP', 'INTRA', 4, 2, 3
'BWD_TP_COMM_INTRA_1', 'Comm', 16786.487054463763, 16786.490633608177, 0.0035791444133333335, 51539607552.0, 'P2P', 'TP', 'INTRA', 4, 2, 3
'BWD_TP_COMM_INTRA_2', 'Comm', 16786.487054463763, 16786.490633608177, 0.0035791444133333335, 51539607552.0, 'P2P', 'TP', 'INTRA', 4, 2, 3
'BWD_TP_COMM_INTRA_3', 'Comm', 16786.487054463763, 16786.490633608177, 0.0035791444133333335, 51539607552.0, 'P2P', 'TP', 'INTRA', 4, 2, 3
'BWD_TP_COMM_INTRA_4', 'Comm', 16786.487054463763, 16786.490633608177, 0.0035791444133333335, 51539607552.0, 'P2P', 'TP', 'INTRA', 4, 2, 3
'BWD_TP_COMM_INTRA_5', 'Comm', 16786.487054463763, 16786.490633608177, 0.0035791444133333335, 51539607552.0, 'P2P', 'TP', 'INTRA', 4, 2, 3
'BWD_FFN', 'Compute', 16786.508529330244, 16793.957123202916, 7.4485938726711, 'NONE', 'NONE', 'NONE', 0
'BWD_TP_COMM_INTRA_0', 'Comm', 16793.957123202916, 16793.96070234733, 0.0035791444133333335, 51539607552.0, 'P2P', 'TP', 'INTRA', 4, 2, 3
'BWD_TP_COMM_INTRA_1', 'Comm', 16793.957123202916, 16793.96070234733, 0.0035791444133333335, 51539607552.0, 'P2P', 'TP', 'INTRA', 4, 2, 3
'BWD_TP_COMM_INTRA_2', 'Comm', 16793.957123202916, 16793.96070234733, 0.0035791444133333335, 51539607552.0, 'P2P', 'TP', 'INTRA', 4, 2, 3
'BWD_TP_COMM_INTRA_3', 'Comm', 16793.957123202916, 16793.96070234733, 0.0035791444133333335, 51539607552.0, 'P2P', 'TP', 'INTRA', 4, 2, 3
'BWD_TP_COMM_INTRA_4', 'Comm', 16793.957123202916, 16793.96070234733, 0.0035791444133333335, 51539607552.0, 'P2P', 'TP', 'INTRA', 4, 2, 3
'BWD_TP_COMM_INTRA_5', 'Comm', 16793.957123202916, 16793.96070234733, 0.0035791444133333335, 51539607552.0, 'P2P', 'TP', 'INTRA', 4, 2, 3
'BWD_MHA', 'Compute', 16793.978598069396, 16819.826899321535, 25.84830125214084, 'NONE', 'NONE', 'NONE', 0
'BWD_TP_COMM_INTRA_0', 'Comm', 16819.826899321535, 16819.83047846595, 0.0035791444133333335, 51539607552.0, 'P2P', 'TP', 'INTRA', 4, 2, 3
'BWD_TP_COMM_INTRA_1', 'Comm', 16819.826899321535, 16819.83047846595, 0.0035791444133333335, 51539607552.0, 'P2P', 'TP', 'INTRA', 4, 2, 3
'BWD_TP_COMM_INTRA_2', 'Comm', 16819.826899321535, 16819.83047846595, 0.0035791444133333335, 51539607552.0, 'P2P', 'TP', 'INTRA', 4, 2, 3
'BWD_TP_COMM_INTRA_3', 'Comm', 16819.826899321535, 16819.83047846595, 0.0035791444133333335, 51539607552.0, 'P2P', 'TP', 'INTRA', 4, 2, 3
'BWD_TP_COMM_INTRA_4', 'Comm', 16819.826899321535, 16819.83047846595, 0.0035791444133333335, 51539607552.0, 'P2P', 'TP', 'INTRA', 4, 2, 3
'BWD_TP_COMM_INTRA_5', 'Comm', 16819.826899321535, 16819.83047846595, 0.0035791444133333335, 51539607552.0, 'P2P', 'TP', 'INTRA', 4, 2, 3
'BWD_FFN', 'Compute', 16819.848374188015, 16827.296968060688, 7.4485938726711, 'NONE', 'NONE', 'NONE', 0
'BWD_TP_COMM_INTRA_0', 'Comm', 16827.296968060688, 16827.3005472051, 0.0035791444133333335, 51539607552.0, 'P2P', 'TP', 'INTRA', 4, 2, 3
'BWD_TP_COMM_INTRA_1', 'Comm', 16827.296968060688, 16827.3005472051, 0.0035791444133333335, 51539607552.0, 'P2P', 'TP', 'INTRA', 4, 2, 3
'BWD_TP_COMM_INTRA_2', 'Comm', 16827.296968060688, 16827.3005472051, 0.0035791444133333335, 51539607552.0, 'P2P', 'TP', 'INTRA', 4, 2, 3
'BWD_TP_COMM_INTRA_3', 'Comm', 16827.296968060688, 16827.3005472051, 0.0035791444133333335, 51539607552.0, 'P2P', 'TP', 'INTRA', 4, 2, 3
'BWD_TP_COMM_INTRA_4', 'Comm', 16827.296968060688, 16827.3005472051, 0.0035791444133333335, 51539607552.0, 'P2P', 'TP', 'INTRA', 4, 2, 3
'BWD_TP_COMM_INTRA_5', 'Comm', 16827.296968060688, 16827.3005472051, 0.0035791444133333335, 51539607552.0, 'P2P', 'TP', 'INTRA', 4, 2, 3
'BWD_MHA', 'Compute', 16827.318442927168, 16853.166744179307, 25.84830125214084, 'NONE', 'NONE', 'NONE', 0
'BWD_TP_COMM_INTRA_0', 'Comm', 16853.166744179307, 16853.17032332372, 0.0035791444133333335, 51539607552.0, 'P2P', 'TP', 'INTRA', 4, 2, 3
'BWD_TP_COMM_INTRA_1', 'Comm', 16853.166744179307, 16853.17032332372, 0.0035791444133333335, 51539607552.0, 'P2P', 'TP', 'INTRA', 4, 2, 3
'BWD_TP_COMM_INTRA_2', 'Comm', 16853.166744179307, 16853.17032332372, 0.0035791444133333335, 51539607552.0, 'P2P', 'TP', 'INTRA', 4, 2, 3
'BWD_TP_COMM_INTRA_3', 'Comm', 16853.166744179307, 16853.17032332372, 0.0035791444133333335, 51539607552.0, 'P2P', 'TP', 'INTRA', 4, 2, 3
'BWD_TP_COMM_INTRA_4', 'Comm', 16853.166744179307, 16853.17032332372, 0.0035791444133333335, 51539607552.0, 'P2P', 'TP', 'INTRA', 4, 2, 3
'BWD_TP_COMM_INTRA_5', 'Comm', 16853.166744179307, 16853.17032332372, 0.0035791444133333335, 51539607552.0, 'P2P', 'TP', 'INTRA', 4, 2, 3
'BWD_FFN', 'Compute', 16853.188219045787, 16860.63681291846, 7.4485938726711, 'NONE', 'NONE', 'NONE', 0
'BWD_TP_COMM_INTRA_0', 'Comm', 16860.63681291846, 16860.640392062873, 0.0035791444133333335, 51539607552.0, 'P2P', 'TP', 'INTRA', 4, 2, 3
'BWD_TP_COMM_INTRA_1', 'Comm', 16860.63681291846, 16860.640392062873, 0.0035791444133333335, 51539607552.0, 'P2P', 'TP', 'INTRA', 4, 2, 3
'BWD_TP_COMM_INTRA_2', 'Comm', 16860.63681291846, 16860.640392062873, 0.0035791444133333335, 51539607552.0, 'P2P', 'TP', 'INTRA', 4, 2, 3
'BWD_TP_COMM_INTRA_3', 'Comm', 16860.63681291846, 16860.640392062873, 0.0035791444133333335, 51539607552.0, 'P2P', 'TP', 'INTRA', 4, 2, 3
'BWD_TP_COMM_INTRA_4', 'Comm', 16860.63681291846, 16860.640392062873, 0.0035791444133333335, 51539607552.0, 'P2P', 'TP', 'INTRA', 4, 2, 3
'BWD_TP_COMM_INTRA_5', 'Comm', 16860.63681291846, 16860.640392062873, 0.0035791444133333335, 51539607552.0, 'P2P', 'TP', 'INTRA', 4, 2, 3
'BWD_MHA', 'Compute', 16860.65828778494, 16886.50658903708, 25.84830125214084, 'NONE', 'NONE', 'NONE', 0
'BWD_TP_COMM_INTRA_0', 'Comm', 16886.50658903708, 16886.510168181492, 0.0035791444133333335, 51539607552.0, 'P2P', 'TP', 'INTRA', 4, 2, 3
'BWD_TP_COMM_INTRA_1', 'Comm', 16886.50658903708, 16886.510168181492, 0.0035791444133333335, 51539607552.0, 'P2P', 'TP', 'INTRA', 4, 2, 3
'BWD_TP_COMM_INTRA_2', 'Comm', 16886.50658903708, 16886.510168181492, 0.0035791444133333335, 51539607552.0, 'P2P', 'TP', 'INTRA', 4, 2, 3
'BWD_TP_COMM_INTRA_3', 'Comm', 16886.50658903708, 16886.510168181492, 0.0035791444133333335, 51539607552.0, 'P2P', 'TP', 'INTRA', 4, 2, 3
'BWD_TP_COMM_INTRA_4', 'Comm', 16886.50658903708, 16886.510168181492, 0.0035791444133333335, 51539607552.0, 'P2P', 'TP', 'INTRA', 4, 2, 3
'BWD_TP_COMM_INTRA_5', 'Comm', 16886.50658903708, 16886.510168181492, 0.0035791444133333335, 51539607552.0, 'P2P', 'TP', 'INTRA', 4, 2, 3
'BWD_FFN', 'Compute', 16886.52806390356, 16893.97665777623, 7.4485938726711, 'NONE', 'NONE', 'NONE', 0
'BWD_TP_COMM_INTRA_0', 'Comm', 16893.97665777623, 16893.980236920645, 0.0035791444133333335, 51539607552.0, 'P2P', 'TP', 'INTRA', 4, 2, 3
'BWD_TP_COMM_INTRA_1', 'Comm', 16893.97665777623, 16893.980236920645, 0.0035791444133333335, 51539607552.0, 'P2P', 'TP', 'INTRA', 4, 2, 3
'BWD_TP_COMM_INTRA_2', 'Comm', 16893.97665777623, 16893.980236920645, 0.0035791444133333335, 51539607552.0, 'P2P', 'TP', 'INTRA', 4, 2, 3
'BWD_TP_COMM_INTRA_3', 'Comm', 16893.97665777623, 16893.980236920645, 0.0035791444133333335, 51539607552.0, 'P2P', 'TP', 'INTRA', 4, 2, 3
'BWD_TP_COMM_INTRA_4', 'Comm', 16893.97665777623, 16893.980236920645, 0.0035791444133333335, 51539607552.0, 'P2P', 'TP', 'INTRA', 4, 2, 3
'BWD_TP_COMM_INTRA_5', 'Comm', 16893.97665777623, 16893.980236920645, 0.0035791444133333335, 51539607552.0, 'P2P', 'TP', 'INTRA', 4, 2, 3
'BWD_MHA', 'Compute', 16893.99813264271, 16919.84643389485, 25.84830125214084, 'NONE', 'NONE', 'NONE', 0
'BWD_TP_COMM_INTRA_0', 'Comm', 16919.84643389485, 16919.850013039264, 0.0035791444133333335, 51539607552.0, 'P2P', 'TP', 'INTRA', 4, 2, 3
'BWD_TP_COMM_INTRA_1', 'Comm', 16919.84643389485, 16919.850013039264, 0.0035791444133333335, 51539607552.0, 'P2P', 'TP', 'INTRA', 4, 2, 3
'BWD_TP_COMM_INTRA_2', 'Comm', 16919.84643389485, 16919.850013039264, 0.0035791444133333335, 51539607552.0, 'P2P', 'TP', 'INTRA', 4, 2, 3
'BWD_TP_COMM_INTRA_3', 'Comm', 16919.84643389485, 16919.850013039264, 0.0035791444133333335, 51539607552.0, 'P2P', 'TP', 'INTRA', 4, 2, 3
'BWD_TP_COMM_INTRA_4', 'Comm', 16919.84643389485, 16919.850013039264, 0.0035791444133333335, 51539607552.0, 'P2P', 'TP', 'INTRA', 4, 2, 3
'BWD_TP_COMM_INTRA_5', 'Comm', 16919.84643389485, 16919.850013039264, 0.0035791444133333335, 51539607552.0, 'P2P', 'TP', 'INTRA', 4, 2, 3
'BWD_FFN', 'Compute', 16919.86790876133, 16927.316502634003, 7.4485938726711, 'NONE', 'NONE', 'NONE', 0
'BWD_TP_COMM_INTRA_0', 'Comm', 16927.316502634003, 16927.320081778416, 0.0035791444133333335, 51539607552.0, 'P2P', 'TP', 'INTRA', 4, 2, 3
'BWD_TP_COMM_INTRA_1', 'Comm', 16927.316502634003, 16927.320081778416, 0.0035791444133333335, 51539607552.0, 'P2P', 'TP', 'INTRA', 4, 2, 3
'BWD_TP_COMM_INTRA_2', 'Comm', 16927.316502634003, 16927.320081778416, 0.0035791444133333335, 51539607552.0, 'P2P', 'TP', 'INTRA', 4, 2, 3
'BWD_TP_COMM_INTRA_3', 'Comm', 16927.316502634003, 16927.320081778416, 0.0035791444133333335, 51539607552.0, 'P2P', 'TP', 'INTRA', 4, 2, 3
'BWD_TP_COMM_INTRA_4', 'Comm', 16927.316502634003, 16927.320081778416, 0.0035791444133333335, 51539607552.0, 'P2P', 'TP', 'INTRA', 4, 2, 3
'BWD_TP_COMM_INTRA_5', 'Comm', 16927.316502634003, 16927.320081778416, 0.0035791444133333335, 51539607552.0, 'P2P', 'TP', 'INTRA', 4, 2, 3
'BWD_MHA', 'Compute', 16927.337977500483, 16953.186278752622, 25.84830125214084, 'NONE', 'NONE', 'NONE', 0
'BWD_TP_COMM_INTRA_0', 'Comm', 16953.186278752622, 16953.189857897036, 0.0035791444133333335, 51539607552.0, 'P2P', 'TP', 'INTRA', 4, 2, 3
'BWD_TP_COMM_INTRA_1', 'Comm', 16953.186278752622, 16953.189857897036, 0.0035791444133333335, 51539607552.0, 'P2P', 'TP', 'INTRA', 4, 2, 3
'BWD_TP_COMM_INTRA_2', 'Comm', 16953.186278752622, 16953.189857897036, 0.0035791444133333335, 51539607552.0, 'P2P', 'TP', 'INTRA', 4, 2, 3
'BWD_TP_COMM_INTRA_3', 'Comm', 16953.186278752622, 16953.189857897036, 0.0035791444133333335, 51539607552.0, 'P2P', 'TP', 'INTRA', 4, 2, 3
'BWD_TP_COMM_INTRA_4', 'Comm', 16953.186278752622, 16953.189857897036, 0.0035791444133333335, 51539607552.0, 'P2P', 'TP', 'INTRA', 4, 2, 3
'BWD_TP_COMM_INTRA_5', 'Comm', 16953.186278752622, 16953.189857897036, 0.0035791444133333335, 51539607552.0, 'P2P', 'TP', 'INTRA', 4, 2, 3
'BWD_FFN', 'Compute', 16953.207753619103, 16960.656347491775, 7.4485938726711, 'NONE', 'NONE', 'NONE', 0
'BWD_TP_COMM_INTRA_0', 'Comm', 16960.656347491775, 16960.659926636188, 0.0035791444133333335, 51539607552.0, 'P2P', 'TP', 'INTRA', 4, 2, 3
'BWD_TP_COMM_INTRA_1', 'Comm', 16960.656347491775, 16960.659926636188, 0.0035791444133333335, 51539607552.0, 'P2P', 'TP', 'INTRA', 4, 2, 3
'BWD_TP_COMM_INTRA_2', 'Comm', 16960.656347491775, 16960.659926636188, 0.0035791444133333335, 51539607552.0, 'P2P', 'TP', 'INTRA', 4, 2, 3
'BWD_TP_COMM_INTRA_3', 'Comm', 16960.656347491775, 16960.659926636188, 0.0035791444133333335, 51539607552.0, 'P2P', 'TP', 'INTRA', 4, 2, 3
'BWD_TP_COMM_INTRA_4', 'Comm', 16960.656347491775, 16960.659926636188, 0.0035791444133333335, 51539607552.0, 'P2P', 'TP', 'INTRA', 4, 2, 3
'BWD_TP_COMM_INTRA_5', 'Comm', 16960.656347491775, 16960.659926636188, 0.0035791444133333335, 51539607552.0, 'P2P', 'TP', 'INTRA', 4, 2, 3
'BWD_MHA', 'Compute', 16960.677822358255, 16986.526123610394, 25.84830125214084, 'NONE', 'NONE', 'NONE', 0
'BWD_TP_COMM_INTRA_0', 'Comm', 16986.526123610394, 16986.529702754808, 0.0035791444133333335, 51539607552.0, 'P2P', 'TP', 'INTRA', 4, 2, 3
'BWD_TP_COMM_INTRA_1', 'Comm', 16986.526123610394, 16986.529702754808, 0.0035791444133333335, 51539607552.0, 'P2P', 'TP', 'INTRA', 4, 2, 3
'BWD_TP_COMM_INTRA_2', 'Comm', 16986.526123610394, 16986.529702754808, 0.0035791444133333335, 51539607552.0, 'P2P', 'TP', 'INTRA', 4, 2, 3
'BWD_TP_COMM_INTRA_3', 'Comm', 16986.526123610394, 16986.529702754808, 0.0035791444133333335, 51539607552.0, 'P2P', 'TP', 'INTRA', 4, 2, 3
'BWD_TP_COMM_INTRA_4', 'Comm', 16986.526123610394, 16986.529702754808, 0.0035791444133333335, 51539607552.0, 'P2P', 'TP', 'INTRA', 4, 2, 3
'BWD_TP_COMM_INTRA_5', 'Comm', 16986.526123610394, 16986.529702754808, 0.0035791444133333335, 51539607552.0, 'P2P', 'TP', 'INTRA', 4, 2, 3
'BWD_FFN', 'Compute', 16986.547598476875, 16993.996192349547, 7.4485938726711, 'NONE', 'NONE', 'NONE', 0
'BWD_TP_COMM_INTRA_0', 'Comm', 16993.996192349547, 16993.99977149396, 0.0035791444133333335, 51539607552.0, 'P2P', 'TP', 'INTRA', 4, 2, 3
'BWD_TP_COMM_INTRA_1', 'Comm', 16993.996192349547, 16993.99977149396, 0.0035791444133333335, 51539607552.0, 'P2P', 'TP', 'INTRA', 4, 2, 3
'BWD_TP_COMM_INTRA_2', 'Comm', 16993.996192349547, 16993.99977149396, 0.0035791444133333335, 51539607552.0, 'P2P', 'TP', 'INTRA', 4, 2, 3
'BWD_TP_COMM_INTRA_3', 'Comm', 16993.996192349547, 16993.99977149396, 0.0035791444133333335, 51539607552.0, 'P2P', 'TP', 'INTRA', 4, 2, 3
'BWD_TP_COMM_INTRA_4', 'Comm', 16993.996192349547, 16993.99977149396, 0.0035791444133333335, 51539607552.0, 'P2P', 'TP', 'INTRA', 4, 2, 3
'BWD_TP_COMM_INTRA_5', 'Comm', 16993.996192349547, 16993.99977149396, 0.0035791444133333335, 51539607552.0, 'P2P', 'TP', 'INTRA', 4, 2, 3
'BWD_MHA', 'Compute', 16994.017667216027, 17019.865968468166, 25.84830125214084, 'NONE', 'NONE', 'NONE', 0
'BWD_TP_COMM_INTRA_0', 'Comm', 17019.865968468166, 17019.86954761258, 0.0035791444133333335, 51539607552.0, 'P2P', 'TP', 'INTRA', 4, 2, 3
'BWD_TP_COMM_INTRA_1', 'Comm', 17019.865968468166, 17019.86954761258, 0.0035791444133333335, 51539607552.0, 'P2P', 'TP', 'INTRA', 4, 2, 3
'BWD_TP_COMM_INTRA_2', 'Comm', 17019.865968468166, 17019.86954761258, 0.0035791444133333335, 51539607552.0, 'P2P', 'TP', 'INTRA', 4, 2, 3
'BWD_TP_COMM_INTRA_3', 'Comm', 17019.865968468166, 17019.86954761258, 0.0035791444133333335, 51539607552.0, 'P2P', 'TP', 'INTRA', 4, 2, 3
'BWD_TP_COMM_INTRA_4', 'Comm', 17019.865968468166, 17019.86954761258, 0.0035791444133333335, 51539607552.0, 'P2P', 'TP', 'INTRA', 4, 2, 3
'BWD_TP_COMM_INTRA_5', 'Comm', 17019.865968468166, 17019.86954761258, 0.0035791444133333335, 51539607552.0, 'P2P', 'TP', 'INTRA', 4, 2, 3
'BWD_FFN', 'Compute', 17019.887443334646, 17027.33603720732, 7.4485938726711, 'NONE', 'NONE', 'NONE', 0
'BWD_TP_COMM_INTRA_0', 'Comm', 17027.33603720732, 17027.339616351732, 0.0035791444133333335, 51539607552.0, 'P2P', 'TP', 'INTRA', 4, 2, 3
'BWD_TP_COMM_INTRA_1', 'Comm', 17027.33603720732, 17027.339616351732, 0.0035791444133333335, 51539607552.0, 'P2P', 'TP', 'INTRA', 4, 2, 3
'BWD_TP_COMM_INTRA_2', 'Comm', 17027.33603720732, 17027.339616351732, 0.0035791444133333335, 51539607552.0, 'P2P', 'TP', 'INTRA', 4, 2, 3
'BWD_TP_COMM_INTRA_3', 'Comm', 17027.33603720732, 17027.339616351732, 0.0035791444133333335, 51539607552.0, 'P2P', 'TP', 'INTRA', 4, 2, 3
'BWD_TP_COMM_INTRA_4', 'Comm', 17027.33603720732, 17027.339616351732, 0.0035791444133333335, 51539607552.0, 'P2P', 'TP', 'INTRA', 4, 2, 3
'BWD_TP_COMM_INTRA_5', 'Comm', 17027.33603720732, 17027.339616351732, 0.0035791444133333335, 51539607552.0, 'P2P', 'TP', 'INTRA', 4, 2, 3
'BWD_MHA', 'Compute', 17027.3575120738, 17053.205813325938, 25.84830125214084, 'NONE', 'NONE', 'NONE', 0
'BWD_TP_COMM_INTRA_0', 'Comm', 17053.205813325938, 17053.20939247035, 0.0035791444133333335, 51539607552.0, 'P2P', 'TP', 'INTRA', 4, 2, 3
'BWD_TP_COMM_INTRA_1', 'Comm', 17053.205813325938, 17053.20939247035, 0.0035791444133333335, 51539607552.0, 'P2P', 'TP', 'INTRA', 4, 2, 3
'BWD_TP_COMM_INTRA_2', 'Comm', 17053.205813325938, 17053.20939247035, 0.0035791444133333335, 51539607552.0, 'P2P', 'TP', 'INTRA', 4, 2, 3
'BWD_TP_COMM_INTRA_3', 'Comm', 17053.205813325938, 17053.20939247035, 0.0035791444133333335, 51539607552.0, 'P2P', 'TP', 'INTRA', 4, 2, 3
'BWD_TP_COMM_INTRA_4', 'Comm', 17053.205813325938, 17053.20939247035, 0.0035791444133333335, 51539607552.0, 'P2P', 'TP', 'INTRA', 4, 2, 3
'BWD_TP_COMM_INTRA_5', 'Comm', 17053.205813325938, 17053.20939247035, 0.0035791444133333335, 51539607552.0, 'P2P', 'TP', 'INTRA', 4, 2, 3
'BWD_FFN', 'Compute', 17053.22728819242, 17060.67588206509, 7.4485938726711, 'NONE', 'NONE', 'NONE', 0
'BWD_TP_COMM_INTRA_0', 'Comm', 17060.67588206509, 17060.679461209504, 0.0035791444133333335, 51539607552.0, 'P2P', 'TP', 'INTRA', 4, 2, 3
'BWD_TP_COMM_INTRA_1', 'Comm', 17060.67588206509, 17060.679461209504, 0.0035791444133333335, 51539607552.0, 'P2P', 'TP', 'INTRA', 4, 2, 3
'BWD_TP_COMM_INTRA_2', 'Comm', 17060.67588206509, 17060.679461209504, 0.0035791444133333335, 51539607552.0, 'P2P', 'TP', 'INTRA', 4, 2, 3
'BWD_TP_COMM_INTRA_3', 'Comm', 17060.67588206509, 17060.679461209504, 0.0035791444133333335, 51539607552.0, 'P2P', 'TP', 'INTRA', 4, 2, 3
'BWD_TP_COMM_INTRA_4', 'Comm', 17060.67588206509, 17060.679461209504, 0.0035791444133333335, 51539607552.0, 'P2P', 'TP', 'INTRA', 4, 2, 3
'BWD_TP_COMM_INTRA_5', 'Comm', 17060.67588206509, 17060.679461209504, 0.0035791444133333335, 51539607552.0, 'P2P', 'TP', 'INTRA', 4, 2, 3
'BWD_MHA', 'Compute', 17060.69735693157, 17086.54565818371, 25.84830125214084, 'NONE', 'NONE', 'NONE', 0
'BWD_TP_COMM_INTRA_0', 'Comm', 17086.54565818371, 17086.549237328123, 0.0035791444133333335, 51539607552.0, 'P2P', 'TP', 'INTRA', 4, 2, 3
'BWD_TP_COMM_INTRA_1', 'Comm', 17086.54565818371, 17086.549237328123, 0.0035791444133333335, 51539607552.0, 'P2P', 'TP', 'INTRA', 4, 2, 3
'BWD_TP_COMM_INTRA_2', 'Comm', 17086.54565818371, 17086.549237328123, 0.0035791444133333335, 51539607552.0, 'P2P', 'TP', 'INTRA', 4, 2, 3
'BWD_TP_COMM_INTRA_3', 'Comm', 17086.54565818371, 17086.549237328123, 0.0035791444133333335, 51539607552.0, 'P2P', 'TP', 'INTRA', 4, 2, 3
'BWD_TP_COMM_INTRA_4', 'Comm', 17086.54565818371, 17086.549237328123, 0.0035791444133333335, 51539607552.0, 'P2P', 'TP', 'INTRA', 4, 2, 3
'BWD_TP_COMM_INTRA_5', 'Comm', 17086.54565818371, 17086.549237328123, 0.0035791444133333335, 51539607552.0, 'P2P', 'TP', 'INTRA', 4, 2, 3
'BWD_FFN', 'Compute', 17086.56713305019, 17094.015726922862, 7.4485938726711, 'NONE', 'NONE', 'NONE', 0
'BWD_TP_COMM_INTRA_0', 'Comm', 17094.015726922862, 17094.019306067275, 0.0035791444133333335, 51539607552.0, 'P2P', 'TP', 'INTRA', 4, 2, 3
'BWD_TP_COMM_INTRA_1', 'Comm', 17094.015726922862, 17094.019306067275, 0.0035791444133333335, 51539607552.0, 'P2P', 'TP', 'INTRA', 4, 2, 3
'BWD_TP_COMM_INTRA_2', 'Comm', 17094.015726922862, 17094.019306067275, 0.0035791444133333335, 51539607552.0, 'P2P', 'TP', 'INTRA', 4, 2, 3
'BWD_TP_COMM_INTRA_3', 'Comm', 17094.015726922862, 17094.019306067275, 0.0035791444133333335, 51539607552.0, 'P2P', 'TP', 'INTRA', 4, 2, 3
'BWD_TP_COMM_INTRA_4', 'Comm', 17094.015726922862, 17094.019306067275, 0.0035791444133333335, 51539607552.0, 'P2P', 'TP', 'INTRA', 4, 2, 3
'BWD_TP_COMM_INTRA_5', 'Comm', 17094.015726922862, 17094.019306067275, 0.0035791444133333335, 51539607552.0, 'P2P', 'TP', 'INTRA', 4, 2, 3
'BWD_MHA', 'Compute', 17094.037201789342, 17119.88550304148, 25.84830125214084, 'NONE', 'NONE', 'NONE', 0
'BWD_TP_COMM_INTRA_0', 'Comm', 17119.88550304148, 17119.889082185895, 0.0035791444133333335, 51539607552.0, 'P2P', 'TP', 'INTRA', 4, 2, 3
'BWD_TP_COMM_INTRA_1', 'Comm', 17119.88550304148, 17119.889082185895, 0.0035791444133333335, 51539607552.0, 'P2P', 'TP', 'INTRA', 4, 2, 3
'BWD_TP_COMM_INTRA_2', 'Comm', 17119.88550304148, 17119.889082185895, 0.0035791444133333335, 51539607552.0, 'P2P', 'TP', 'INTRA', 4, 2, 3
'BWD_TP_COMM_INTRA_3', 'Comm', 17119.88550304148, 17119.889082185895, 0.0035791444133333335, 51539607552.0, 'P2P', 'TP', 'INTRA', 4, 2, 3
'BWD_TP_COMM_INTRA_4', 'Comm', 17119.88550304148, 17119.889082185895, 0.0035791444133333335, 51539607552.0, 'P2P', 'TP', 'INTRA', 4, 2, 3
'BWD_TP_COMM_INTRA_5', 'Comm', 17119.88550304148, 17119.889082185895, 0.0035791444133333335, 51539607552.0, 'P2P', 'TP', 'INTRA', 4, 2, 3
'BWD_FFN', 'Compute', 17119.906977907962, 17127.355571780634, 7.4485938726711, 'NONE', 'NONE', 'NONE', 0
'BWD_TP_COMM_INTRA_0', 'Comm', 17127.355571780634, 17127.359150925047, 0.0035791444133333335, 51539607552.0, 'P2P', 'TP', 'INTRA', 4, 2, 3
'BWD_TP_COMM_INTRA_1', 'Comm', 17127.355571780634, 17127.359150925047, 0.0035791444133333335, 51539607552.0, 'P2P', 'TP', 'INTRA', 4, 2, 3
'BWD_TP_COMM_INTRA_2', 'Comm', 17127.355571780634, 17127.359150925047, 0.0035791444133333335, 51539607552.0, 'P2P', 'TP', 'INTRA', 4, 2, 3
'BWD_TP_COMM_INTRA_3', 'Comm', 17127.355571780634, 17127.359150925047, 0.0035791444133333335, 51539607552.0, 'P2P', 'TP', 'INTRA', 4, 2, 3
'BWD_TP_COMM_INTRA_4', 'Comm', 17127.355571780634, 17127.359150925047, 0.0035791444133333335, 51539607552.0, 'P2P', 'TP', 'INTRA', 4, 2, 3
'BWD_TP_COMM_INTRA_5', 'Comm', 17127.355571780634, 17127.359150925047, 0.0035791444133333335, 51539607552.0, 'P2P', 'TP', 'INTRA', 4, 2, 3
'BWD_MHA', 'Compute', 17127.377046647114, 17153.225347899253, 25.84830125214084, 'NONE', 'NONE', 'NONE', 0
'BWD_TP_COMM_INTRA_0', 'Comm', 17153.225347899253, 17153.228927043667, 0.0035791444133333335, 51539607552.0, 'P2P', 'TP', 'INTRA', 4, 2, 3
'BWD_TP_COMM_INTRA_1', 'Comm', 17153.225347899253, 17153.228927043667, 0.0035791444133333335, 51539607552.0, 'P2P', 'TP', 'INTRA', 4, 2, 3
'BWD_TP_COMM_INTRA_2', 'Comm', 17153.225347899253, 17153.228927043667, 0.0035791444133333335, 51539607552.0, 'P2P', 'TP', 'INTRA', 4, 2, 3
'BWD_TP_COMM_INTRA_3', 'Comm', 17153.225347899253, 17153.228927043667, 0.0035791444133333335, 51539607552.0, 'P2P', 'TP', 'INTRA', 4, 2, 3
'BWD_TP_COMM_INTRA_4', 'Comm', 17153.225347899253, 17153.228927043667, 0.0035791444133333335, 51539607552.0, 'P2P', 'TP', 'INTRA', 4, 2, 3
'BWD_TP_COMM_INTRA_5', 'Comm', 17153.225347899253, 17153.228927043667, 0.0035791444133333335, 51539607552.0, 'P2P', 'TP', 'INTRA', 4, 2, 3
'BWD_FFN', 'Compute', 17153.246822765734, 17160.695416638406, 7.4485938726711, 'NONE', 'NONE', 'NONE', 0
'BWD_TP_COMM_INTRA_0', 'Comm', 17160.695416638406, 17160.69899578282, 0.0035791444133333335, 51539607552.0, 'P2P', 'TP', 'INTRA', 4, 2, 3
'BWD_TP_COMM_INTRA_1', 'Comm', 17160.695416638406, 17160.69899578282, 0.0035791444133333335, 51539607552.0, 'P2P', 'TP', 'INTRA', 4, 2, 3
'BWD_TP_COMM_INTRA_2', 'Comm', 17160.695416638406, 17160.69899578282, 0.0035791444133333335, 51539607552.0, 'P2P', 'TP', 'INTRA', 4, 2, 3
'BWD_TP_COMM_INTRA_3', 'Comm', 17160.695416638406, 17160.69899578282, 0.0035791444133333335, 51539607552.0, 'P2P', 'TP', 'INTRA', 4, 2, 3
'BWD_TP_COMM_INTRA_4', 'Comm', 17160.695416638406, 17160.69899578282, 0.0035791444133333335, 51539607552.0, 'P2P', 'TP', 'INTRA', 4, 2, 3
'BWD_TP_COMM_INTRA_5', 'Comm', 17160.695416638406, 17160.69899578282, 0.0035791444133333335, 51539607552.0, 'P2P', 'TP', 'INTRA', 4, 2, 3
'BWD_MHA', 'Compute', 17160.716891504886, 17186.565192757025, 25.84830125214084, 'NONE', 'NONE', 'NONE', 0
'BWD_TP_COMM_INTRA_0', 'Comm', 17186.565192757025, 17186.56877190144, 0.0035791444133333335, 51539607552.0, 'P2P', 'TP', 'INTRA', 4, 2, 3
'BWD_TP_COMM_INTRA_1', 'Comm', 17186.565192757025, 17186.56877190144, 0.0035791444133333335, 51539607552.0, 'P2P', 'TP', 'INTRA', 4, 2, 3
'BWD_TP_COMM_INTRA_2', 'Comm', 17186.565192757025, 17186.56877190144, 0.0035791444133333335, 51539607552.0, 'P2P', 'TP', 'INTRA', 4, 2, 3
'BWD_TP_COMM_INTRA_3', 'Comm', 17186.565192757025, 17186.56877190144, 0.0035791444133333335, 51539607552.0, 'P2P', 'TP', 'INTRA', 4, 2, 3
'BWD_TP_COMM_INTRA_4', 'Comm', 17186.565192757025, 17186.56877190144, 0.0035791444133333335, 51539607552.0, 'P2P', 'TP', 'INTRA', 4, 2, 3
'BWD_TP_COMM_INTRA_5', 'Comm', 17186.565192757025, 17186.56877190144, 0.0035791444133333335, 51539607552.0, 'P2P', 'TP', 'INTRA', 4, 2, 3
'BWD_FFN', 'Compute', 17186.586667623505, 17194.035261496178, 7.4485938726711, 'NONE', 'NONE', 'NONE', 0
'BWD_TP_COMM_INTRA_0', 'Comm', 17194.035261496178, 17194.03884064059, 0.0035791444133333335, 51539607552.0, 'P2P', 'TP', 'INTRA', 4, 2, 3
'BWD_TP_COMM_INTRA_1', 'Comm', 17194.035261496178, 17194.03884064059, 0.0035791444133333335, 51539607552.0, 'P2P', 'TP', 'INTRA', 4, 2, 3
'BWD_TP_COMM_INTRA_2', 'Comm', 17194.035261496178, 17194.03884064059, 0.0035791444133333335, 51539607552.0, 'P2P', 'TP', 'INTRA', 4, 2, 3
'BWD_TP_COMM_INTRA_3', 'Comm', 17194.035261496178, 17194.03884064059, 0.0035791444133333335, 51539607552.0, 'P2P', 'TP', 'INTRA', 4, 2, 3
'BWD_TP_COMM_INTRA_4', 'Comm', 17194.035261496178, 17194.03884064059, 0.0035791444133333335, 51539607552.0, 'P2P', 'TP', 'INTRA', 4, 2, 3
'BWD_TP_COMM_INTRA_5', 'Comm', 17194.035261496178, 17194.03884064059, 0.0035791444133333335, 51539607552.0, 'P2P', 'TP', 'INTRA', 4, 2, 3
'BWD_MHA', 'Compute', 17194.056736362658, 17219.905037614797, 25.84830125214084, 'NONE', 'NONE', 'NONE', 0
'BWD_TP_COMM_INTRA_0', 'Comm', 17219.905037614797, 17219.90861675921, 0.0035791444133333335, 51539607552.0, 'P2P', 'TP', 'INTRA', 4, 2, 3
'BWD_TP_COMM_INTRA_1', 'Comm', 17219.905037614797, 17219.90861675921, 0.0035791444133333335, 51539607552.0, 'P2P', 'TP', 'INTRA', 4, 2, 3
'BWD_TP_COMM_INTRA_2', 'Comm', 17219.905037614797, 17219.90861675921, 0.0035791444133333335, 51539607552.0, 'P2P', 'TP', 'INTRA', 4, 2, 3
'BWD_TP_COMM_INTRA_3', 'Comm', 17219.905037614797, 17219.90861675921, 0.0035791444133333335, 51539607552.0, 'P2P', 'TP', 'INTRA', 4, 2, 3
'BWD_TP_COMM_INTRA_4', 'Comm', 17219.905037614797, 17219.90861675921, 0.0035791444133333335, 51539607552.0, 'P2P', 'TP', 'INTRA', 4, 2, 3
'BWD_TP_COMM_INTRA_5', 'Comm', 17219.905037614797, 17219.90861675921, 0.0035791444133333335, 51539607552.0, 'P2P', 'TP', 'INTRA', 4, 2, 3
'BWD_FFN', 'Compute', 17219.926512481277, 17227.37510635395, 7.4485938726711, 'NONE', 'NONE', 'NONE', 0
'BWD_TP_COMM_INTRA_0', 'Comm', 17227.37510635395, 17227.378685498363, 0.0035791444133333335, 51539607552.0, 'P2P', 'TP', 'INTRA', 4, 2, 3
'BWD_TP_COMM_INTRA_1', 'Comm', 17227.37510635395, 17227.378685498363, 0.0035791444133333335, 51539607552.0, 'P2P', 'TP', 'INTRA', 4, 2, 3
'BWD_TP_COMM_INTRA_2', 'Comm', 17227.37510635395, 17227.378685498363, 0.0035791444133333335, 51539607552.0, 'P2P', 'TP', 'INTRA', 4, 2, 3
'BWD_TP_COMM_INTRA_3', 'Comm', 17227.37510635395, 17227.378685498363, 0.0035791444133333335, 51539607552.0, 'P2P', 'TP', 'INTRA', 4, 2, 3
'BWD_TP_COMM_INTRA_4', 'Comm', 17227.37510635395, 17227.378685498363, 0.0035791444133333335, 51539607552.0, 'P2P', 'TP', 'INTRA', 4, 2, 3
'BWD_TP_COMM_INTRA_5', 'Comm', 17227.37510635395, 17227.378685498363, 0.0035791444133333335, 51539607552.0, 'P2P', 'TP', 'INTRA', 4, 2, 3
'BWD_MHA', 'Compute', 17227.39658122043, 17253.24488247257, 25.84830125214084, 'NONE', 'NONE', 'NONE', 0
'BWD_TP_COMM_INTRA_0', 'Comm', 17253.24488247257, 17253.248461616982, 0.0035791444133333335, 51539607552.0, 'P2P', 'TP', 'INTRA', 4, 2, 3
'BWD_TP_COMM_INTRA_1', 'Comm', 17253.24488247257, 17253.248461616982, 0.0035791444133333335, 51539607552.0, 'P2P', 'TP', 'INTRA', 4, 2, 3
'BWD_TP_COMM_INTRA_2', 'Comm', 17253.24488247257, 17253.248461616982, 0.0035791444133333335, 51539607552.0, 'P2P', 'TP', 'INTRA', 4, 2, 3
'BWD_TP_COMM_INTRA_3', 'Comm', 17253.24488247257, 17253.248461616982, 0.0035791444133333335, 51539607552.0, 'P2P', 'TP', 'INTRA', 4, 2, 3
'BWD_TP_COMM_INTRA_4', 'Comm', 17253.24488247257, 17253.248461616982, 0.0035791444133333335, 51539607552.0, 'P2P', 'TP', 'INTRA', 4, 2, 3
'BWD_TP_COMM_INTRA_5', 'Comm', 17253.24488247257, 17253.248461616982, 0.0035791444133333335, 51539607552.0, 'P2P', 'TP', 'INTRA', 4, 2, 3
'BWD_FFN', 'Compute', 17253.26635733905, 17260.71495121172, 7.4485938726711, 'NONE', 'NONE', 'NONE', 0
'BWD_TP_COMM_INTRA_0', 'Comm', 17260.71495121172, 17260.718530356135, 0.0035791444133333335, 51539607552.0, 'P2P', 'TP', 'INTRA', 4, 2, 3
'BWD_TP_COMM_INTRA_1', 'Comm', 17260.71495121172, 17260.718530356135, 0.0035791444133333335, 51539607552.0, 'P2P', 'TP', 'INTRA', 4, 2, 3
'BWD_TP_COMM_INTRA_2', 'Comm', 17260.71495121172, 17260.718530356135, 0.0035791444133333335, 51539607552.0, 'P2P', 'TP', 'INTRA', 4, 2, 3
'BWD_TP_COMM_INTRA_3', 'Comm', 17260.71495121172, 17260.718530356135, 0.0035791444133333335, 51539607552.0, 'P2P', 'TP', 'INTRA', 4, 2, 3
'BWD_TP_COMM_INTRA_4', 'Comm', 17260.71495121172, 17260.718530356135, 0.0035791444133333335, 51539607552.0, 'P2P', 'TP', 'INTRA', 4, 2, 3
'BWD_TP_COMM_INTRA_5', 'Comm', 17260.71495121172, 17260.718530356135, 0.0035791444133333335, 51539607552.0, 'P2P', 'TP', 'INTRA', 4, 2, 3
'BWD_MHA', 'Compute', 17260.7364260782, 17286.58472733034, 25.84830125214084, 'NONE', 'NONE', 'NONE', 0
'BWD_TP_COMM_INTRA_0', 'Comm', 17286.58472733034, 17286.588306474754, 0.0035791444133333335, 51539607552.0, 'P2P', 'TP', 'INTRA', 4, 2, 3
'BWD_TP_COMM_INTRA_1', 'Comm', 17286.58472733034, 17286.588306474754, 0.0035791444133333335, 51539607552.0, 'P2P', 'TP', 'INTRA', 4, 2, 3
'BWD_TP_COMM_INTRA_2', 'Comm', 17286.58472733034, 17286.588306474754, 0.0035791444133333335, 51539607552.0, 'P2P', 'TP', 'INTRA', 4, 2, 3
'BWD_TP_COMM_INTRA_3', 'Comm', 17286.58472733034, 17286.588306474754, 0.0035791444133333335, 51539607552.0, 'P2P', 'TP', 'INTRA', 4, 2, 3
'BWD_TP_COMM_INTRA_4', 'Comm', 17286.58472733034, 17286.588306474754, 0.0035791444133333335, 51539607552.0, 'P2P', 'TP', 'INTRA', 4, 2, 3
'BWD_TP_COMM_INTRA_5', 'Comm', 17286.58472733034, 17286.588306474754, 0.0035791444133333335, 51539607552.0, 'P2P', 'TP', 'INTRA', 4, 2, 3
'BWD_FFN', 'Compute', 17286.60620219682, 17294.054796069493, 7.4485938726711, 'NONE', 'NONE', 'NONE', 0
'BWD_TP_COMM_INTRA_0', 'Comm', 17294.054796069493, 17294.058375213906, 0.0035791444133333335, 51539607552.0, 'P2P', 'TP', 'INTRA', 4, 2, 3
'BWD_TP_COMM_INTRA_1', 'Comm', 17294.054796069493, 17294.058375213906, 0.0035791444133333335, 51539607552.0, 'P2P', 'TP', 'INTRA', 4, 2, 3
'BWD_TP_COMM_INTRA_2', 'Comm', 17294.054796069493, 17294.058375213906, 0.0035791444133333335, 51539607552.0, 'P2P', 'TP', 'INTRA', 4, 2, 3
'BWD_TP_COMM_INTRA_3', 'Comm', 17294.054796069493, 17294.058375213906, 0.0035791444133333335, 51539607552.0, 'P2P', 'TP', 'INTRA', 4, 2, 3
'BWD_TP_COMM_INTRA_4', 'Comm', 17294.054796069493, 17294.058375213906, 0.0035791444133333335, 51539607552.0, 'P2P', 'TP', 'INTRA', 4, 2, 3
'BWD_TP_COMM_INTRA_5', 'Comm', 17294.054796069493, 17294.058375213906, 0.0035791444133333335, 51539607552.0, 'P2P', 'TP', 'INTRA', 4, 2, 3
'BWD_MHA', 'Compute', 17294.076270935973, 17319.924572188113, 25.84830125214084, 'NONE', 'NONE', 'NONE', 0
'BWD_TP_COMM_INTRA_0', 'Comm', 17319.924572188113, 17319.928151332526, 0.0035791444133333335, 51539607552.0, 'P2P', 'TP', 'INTRA', 4, 2, 3
'BWD_TP_COMM_INTRA_1', 'Comm', 17319.924572188113, 17319.928151332526, 0.0035791444133333335, 51539607552.0, 'P2P', 'TP', 'INTRA', 4, 2, 3
'BWD_TP_COMM_INTRA_2', 'Comm', 17319.924572188113, 17319.928151332526, 0.0035791444133333335, 51539607552.0, 'P2P', 'TP', 'INTRA', 4, 2, 3
'BWD_TP_COMM_INTRA_3', 'Comm', 17319.924572188113, 17319.928151332526, 0.0035791444133333335, 51539607552.0, 'P2P', 'TP', 'INTRA', 4, 2, 3
'BWD_TP_COMM_INTRA_4', 'Comm', 17319.924572188113, 17319.928151332526, 0.0035791444133333335, 51539607552.0, 'P2P', 'TP', 'INTRA', 4, 2, 3
'BWD_TP_COMM_INTRA_5', 'Comm', 17319.924572188113, 17319.928151332526, 0.0035791444133333335, 51539607552.0, 'P2P', 'TP', 'INTRA', 4, 2, 3
'BWD_FFN', 'Compute', 17319.946047054593, 17327.394640927265, 7.4485938726711, 'NONE', 'NONE', 'NONE', 0
'BWD_TP_COMM_INTRA_0', 'Comm', 17327.394640927265, 17327.39822007168, 0.0035791444133333335, 51539607552.0, 'P2P', 'TP', 'INTRA', 4, 2, 3
'BWD_TP_COMM_INTRA_1', 'Comm', 17327.394640927265, 17327.39822007168, 0.0035791444133333335, 51539607552.0, 'P2P', 'TP', 'INTRA', 4, 2, 3
'BWD_TP_COMM_INTRA_2', 'Comm', 17327.394640927265, 17327.39822007168, 0.0035791444133333335, 51539607552.0, 'P2P', 'TP', 'INTRA', 4, 2, 3
'BWD_TP_COMM_INTRA_3', 'Comm', 17327.394640927265, 17327.39822007168, 0.0035791444133333335, 51539607552.0, 'P2P', 'TP', 'INTRA', 4, 2, 3
'BWD_TP_COMM_INTRA_4', 'Comm', 17327.394640927265, 17327.39822007168, 0.0035791444133333335, 51539607552.0, 'P2P', 'TP', 'INTRA', 4, 2, 3
'BWD_TP_COMM_INTRA_5', 'Comm', 17327.394640927265, 17327.39822007168, 0.0035791444133333335, 51539607552.0, 'P2P', 'TP', 'INTRA', 4, 2, 3
'BWD_MHA', 'Compute', 17327.416115793745, 17353.264417045884, 25.84830125214084, 'NONE', 'NONE', 'NONE', 0
'BWD_TP_COMM_INTRA_0', 'Comm', 17353.264417045884, 17353.267996190298, 0.0035791444133333335, 51539607552.0, 'P2P', 'TP', 'INTRA', 4, 2, 3
'BWD_TP_COMM_INTRA_1', 'Comm', 17353.264417045884, 17353.267996190298, 0.0035791444133333335, 51539607552.0, 'P2P', 'TP', 'INTRA', 4, 2, 3
'BWD_TP_COMM_INTRA_2', 'Comm', 17353.264417045884, 17353.267996190298, 0.0035791444133333335, 51539607552.0, 'P2P', 'TP', 'INTRA', 4, 2, 3
'BWD_TP_COMM_INTRA_3', 'Comm', 17353.264417045884, 17353.267996190298, 0.0035791444133333335, 51539607552.0, 'P2P', 'TP', 'INTRA', 4, 2, 3
'BWD_TP_COMM_INTRA_4', 'Comm', 17353.264417045884, 17353.267996190298, 0.0035791444133333335, 51539607552.0, 'P2P', 'TP', 'INTRA', 4, 2, 3
'BWD_TP_COMM_INTRA_5', 'Comm', 17353.264417045884, 17353.267996190298, 0.0035791444133333335, 51539607552.0, 'P2P', 'TP', 'INTRA', 4, 2, 3
'BWD_FFN', 'Compute', 17353.285891912365, 17360.734485785037, 7.4485938726711, 'NONE', 'NONE', 'NONE', 0
'BWD_TP_COMM_INTRA_0', 'Comm', 17360.734485785037, 17360.73806492945, 0.0035791444133333335, 51539607552.0, 'P2P', 'TP', 'INTRA', 4, 2, 3
'BWD_TP_COMM_INTRA_1', 'Comm', 17360.734485785037, 17360.73806492945, 0.0035791444133333335, 51539607552.0, 'P2P', 'TP', 'INTRA', 4, 2, 3
'BWD_TP_COMM_INTRA_2', 'Comm', 17360.734485785037, 17360.73806492945, 0.0035791444133333335, 51539607552.0, 'P2P', 'TP', 'INTRA', 4, 2, 3
'BWD_TP_COMM_INTRA_3', 'Comm', 17360.734485785037, 17360.73806492945, 0.0035791444133333335, 51539607552.0, 'P2P', 'TP', 'INTRA', 4, 2, 3
'BWD_TP_COMM_INTRA_4', 'Comm', 17360.734485785037, 17360.73806492945, 0.0035791444133333335, 51539607552.0, 'P2P', 'TP', 'INTRA', 4, 2, 3
'BWD_TP_COMM_INTRA_5', 'Comm', 17360.734485785037, 17360.73806492945, 0.0035791444133333335, 51539607552.0, 'P2P', 'TP', 'INTRA', 4, 2, 3
'BWD_MHA', 'Compute', 17360.755960651517, 17386.604261903656, 25.84830125214084, 'NONE', 'NONE', 'NONE', 0
'BWD_TP_COMM_INTRA_0', 'Comm', 17386.604261903656, 17386.60784104807, 0.0035791444133333335, 51539607552.0, 'P2P', 'TP', 'INTRA', 4, 2, 3
'BWD_TP_COMM_INTRA_1', 'Comm', 17386.604261903656, 17386.60784104807, 0.0035791444133333335, 51539607552.0, 'P2P', 'TP', 'INTRA', 4, 2, 3
'BWD_TP_COMM_INTRA_2', 'Comm', 17386.604261903656, 17386.60784104807, 0.0035791444133333335, 51539607552.0, 'P2P', 'TP', 'INTRA', 4, 2, 3
'BWD_TP_COMM_INTRA_3', 'Comm', 17386.604261903656, 17386.60784104807, 0.0035791444133333335, 51539607552.0, 'P2P', 'TP', 'INTRA', 4, 2, 3
'BWD_TP_COMM_INTRA_4', 'Comm', 17386.604261903656, 17386.60784104807, 0.0035791444133333335, 51539607552.0, 'P2P', 'TP', 'INTRA', 4, 2, 3
'BWD_TP_COMM_INTRA_5', 'Comm', 17386.604261903656, 17386.60784104807, 0.0035791444133333335, 51539607552.0, 'P2P', 'TP', 'INTRA', 4, 2, 3
'BWD_FFN', 'Compute', 17386.625736770136, 17394.07433064281, 7.4485938726711, 'NONE', 'NONE', 'NONE', 0
'BWD_TP_COMM_INTRA_0', 'Comm', 17394.07433064281, 17394.077909787222, 0.0035791444133333335, 51539607552.0, 'P2P', 'TP', 'INTRA', 4, 2, 3
'BWD_TP_COMM_INTRA_1', 'Comm', 17394.07433064281, 17394.077909787222, 0.0035791444133333335, 51539607552.0, 'P2P', 'TP', 'INTRA', 4, 2, 3
'BWD_TP_COMM_INTRA_2', 'Comm', 17394.07433064281, 17394.077909787222, 0.0035791444133333335, 51539607552.0, 'P2P', 'TP', 'INTRA', 4, 2, 3
'BWD_TP_COMM_INTRA_3', 'Comm', 17394.07433064281, 17394.077909787222, 0.0035791444133333335, 51539607552.0, 'P2P', 'TP', 'INTRA', 4, 2, 3
'BWD_TP_COMM_INTRA_4', 'Comm', 17394.07433064281, 17394.077909787222, 0.0035791444133333335, 51539607552.0, 'P2P', 'TP', 'INTRA', 4, 2, 3
'BWD_TP_COMM_INTRA_5', 'Comm', 17394.07433064281, 17394.077909787222, 0.0035791444133333335, 51539607552.0, 'P2P', 'TP', 'INTRA', 4, 2, 3
'BWD_MHA', 'Compute', 17394.09580550929, 17419.944106761428, 25.84830125214084, 'NONE', 'NONE', 'NONE', 0
'BWD_TP_COMM_INTRA_0', 'Comm', 17419.944106761428, 17419.94768590584, 0.0035791444133333335, 51539607552.0, 'P2P', 'TP', 'INTRA', 4, 2, 3
'BWD_TP_COMM_INTRA_1', 'Comm', 17419.944106761428, 17419.94768590584, 0.0035791444133333335, 51539607552.0, 'P2P', 'TP', 'INTRA', 4, 2, 3
'BWD_TP_COMM_INTRA_2', 'Comm', 17419.944106761428, 17419.94768590584, 0.0035791444133333335, 51539607552.0, 'P2P', 'TP', 'INTRA', 4, 2, 3
'BWD_TP_COMM_INTRA_3', 'Comm', 17419.944106761428, 17419.94768590584, 0.0035791444133333335, 51539607552.0, 'P2P', 'TP', 'INTRA', 4, 2, 3
'BWD_TP_COMM_INTRA_4', 'Comm', 17419.944106761428, 17419.94768590584, 0.0035791444133333335, 51539607552.0, 'P2P', 'TP', 'INTRA', 4, 2, 3
'BWD_TP_COMM_INTRA_5', 'Comm', 17419.944106761428, 17419.94768590584, 0.0035791444133333335, 51539607552.0, 'P2P', 'TP', 'INTRA', 4, 2, 3
'BWD_FFN', 'Compute', 17419.96558162791, 17427.41417550058, 7.4485938726711, 'NONE', 'NONE', 'NONE', 0
'BWD_TP_COMM_INTRA_0', 'Comm', 17427.41417550058, 17427.417754644994, 0.0035791444133333335, 51539607552.0, 'P2P', 'TP', 'INTRA', 4, 2, 3
'BWD_TP_COMM_INTRA_1', 'Comm', 17427.41417550058, 17427.417754644994, 0.0035791444133333335, 51539607552.0, 'P2P', 'TP', 'INTRA', 4, 2, 3
'BWD_TP_COMM_INTRA_2', 'Comm', 17427.41417550058, 17427.417754644994, 0.0035791444133333335, 51539607552.0, 'P2P', 'TP', 'INTRA', 4, 2, 3
'BWD_TP_COMM_INTRA_3', 'Comm', 17427.41417550058, 17427.417754644994, 0.0035791444133333335, 51539607552.0, 'P2P', 'TP', 'INTRA', 4, 2, 3
'BWD_TP_COMM_INTRA_4', 'Comm', 17427.41417550058, 17427.417754644994, 0.0035791444133333335, 51539607552.0, 'P2P', 'TP', 'INTRA', 4, 2, 3
'BWD_TP_COMM_INTRA_5', 'Comm', 17427.41417550058, 17427.417754644994, 0.0035791444133333335, 51539607552.0, 'P2P', 'TP', 'INTRA', 4, 2, 3
'BWD_MHA', 'Compute', 17427.43565036706, 17453.2839516192, 25.84830125214084, 'NONE', 'NONE', 'NONE', 0
'BWD_TP_COMM_INTRA_0', 'Comm', 17453.2839516192, 17453.287530763613, 0.0035791444133333335, 51539607552.0, 'P2P', 'TP', 'INTRA', 4, 2, 3
'BWD_TP_COMM_INTRA_1', 'Comm', 17453.2839516192, 17453.287530763613, 0.0035791444133333335, 51539607552.0, 'P2P', 'TP', 'INTRA', 4, 2, 3
'BWD_TP_COMM_INTRA_2', 'Comm', 17453.2839516192, 17453.287530763613, 0.0035791444133333335, 51539607552.0, 'P2P', 'TP', 'INTRA', 4, 2, 3
'BWD_TP_COMM_INTRA_3', 'Comm', 17453.2839516192, 17453.287530763613, 0.0035791444133333335, 51539607552.0, 'P2P', 'TP', 'INTRA', 4, 2, 3
'BWD_TP_COMM_INTRA_4', 'Comm', 17453.2839516192, 17453.287530763613, 0.0035791444133333335, 51539607552.0, 'P2P', 'TP', 'INTRA', 4, 2, 3
'BWD_TP_COMM_INTRA_5', 'Comm', 17453.2839516192, 17453.287530763613, 0.0035791444133333335, 51539607552.0, 'P2P', 'TP', 'INTRA', 4, 2, 3
'BWD_FFN', 'Compute', 17453.30542648568, 17460.754020358352, 7.4485938726711, 'NONE', 'NONE', 'NONE', 0
'BWD_TP_COMM_INTRA_0', 'Comm', 17460.754020358352, 17460.757599502766, 0.0035791444133333335, 51539607552.0, 'P2P', 'TP', 'INTRA', 4, 2, 3
'BWD_TP_COMM_INTRA_1', 'Comm', 17460.754020358352, 17460.757599502766, 0.0035791444133333335, 51539607552.0, 'P2P', 'TP', 'INTRA', 4, 2, 3
'BWD_TP_COMM_INTRA_2', 'Comm', 17460.754020358352, 17460.757599502766, 0.0035791444133333335, 51539607552.0, 'P2P', 'TP', 'INTRA', 4, 2, 3
'BWD_TP_COMM_INTRA_3', 'Comm', 17460.754020358352, 17460.757599502766, 0.0035791444133333335, 51539607552.0, 'P2P', 'TP', 'INTRA', 4, 2, 3
'BWD_TP_COMM_INTRA_4', 'Comm', 17460.754020358352, 17460.757599502766, 0.0035791444133333335, 51539607552.0, 'P2P', 'TP', 'INTRA', 4, 2, 3
'BWD_TP_COMM_INTRA_5', 'Comm', 17460.754020358352, 17460.757599502766, 0.0035791444133333335, 51539607552.0, 'P2P', 'TP', 'INTRA', 4, 2, 3
'BWD_MHA', 'Compute', 17460.775495224832, 17486.62379647697, 25.84830125214084, 'NONE', 'NONE', 'NONE', 0
'BWD_TP_COMM_INTRA_0', 'Comm', 17486.62379647697, 17486.627375621385, 0.0035791444133333335, 51539607552.0, 'P2P', 'TP', 'INTRA', 4, 2, 3
'BWD_TP_COMM_INTRA_1', 'Comm', 17486.62379647697, 17486.627375621385, 0.0035791444133333335, 51539607552.0, 'P2P', 'TP', 'INTRA', 4, 2, 3
'BWD_TP_COMM_INTRA_2', 'Comm', 17486.62379647697, 17486.627375621385, 0.0035791444133333335, 51539607552.0, 'P2P', 'TP', 'INTRA', 4, 2, 3
'BWD_TP_COMM_INTRA_3', 'Comm', 17486.62379647697, 17486.627375621385, 0.0035791444133333335, 51539607552.0, 'P2P', 'TP', 'INTRA', 4, 2, 3
'BWD_TP_COMM_INTRA_4', 'Comm', 17486.62379647697, 17486.627375621385, 0.0035791444133333335, 51539607552.0, 'P2P', 'TP', 'INTRA', 4, 2, 3
'BWD_TP_COMM_INTRA_5', 'Comm', 17486.62379647697, 17486.627375621385, 0.0035791444133333335, 51539607552.0, 'P2P', 'TP', 'INTRA', 4, 2, 3
'BWD_FFN', 'Compute', 17486.645271343452, 17494.093865216124, 7.4485938726711, 'NONE', 'NONE', 'NONE', 0
'BWD_TP_COMM_INTRA_0', 'Comm', 17494.093865216124, 17494.097444360537, 0.0035791444133333335, 51539607552.0, 'P2P', 'TP', 'INTRA', 4, 2, 3
'BWD_TP_COMM_INTRA_1', 'Comm', 17494.093865216124, 17494.097444360537, 0.0035791444133333335, 51539607552.0, 'P2P', 'TP', 'INTRA', 4, 2, 3
'BWD_TP_COMM_INTRA_2', 'Comm', 17494.093865216124, 17494.097444360537, 0.0035791444133333335, 51539607552.0, 'P2P', 'TP', 'INTRA', 4, 2, 3
'BWD_TP_COMM_INTRA_3', 'Comm', 17494.093865216124, 17494.097444360537, 0.0035791444133333335, 51539607552.0, 'P2P', 'TP', 'INTRA', 4, 2, 3
'BWD_TP_COMM_INTRA_4', 'Comm', 17494.093865216124, 17494.097444360537, 0.0035791444133333335, 51539607552.0, 'P2P', 'TP', 'INTRA', 4, 2, 3
'BWD_TP_COMM_INTRA_5', 'Comm', 17494.093865216124, 17494.097444360537, 0.0035791444133333335, 51539607552.0, 'P2P', 'TP', 'INTRA', 4, 2, 3
'BWD_MHA', 'Compute', 17494.115340082604, 17519.963641334743, 25.84830125214084, 'NONE', 'NONE', 'NONE', 0
'BWD_TP_COMM_INTRA_0', 'Comm', 17519.963641334743, 17519.967220479157, 0.0035791444133333335, 51539607552.0, 'P2P', 'TP', 'INTRA', 4, 2, 3
'BWD_TP_COMM_INTRA_1', 'Comm', 17519.963641334743, 17519.967220479157, 0.0035791444133333335, 51539607552.0, 'P2P', 'TP', 'INTRA', 4, 2, 3
'BWD_TP_COMM_INTRA_2', 'Comm', 17519.963641334743, 17519.967220479157, 0.0035791444133333335, 51539607552.0, 'P2P', 'TP', 'INTRA', 4, 2, 3
'BWD_TP_COMM_INTRA_3', 'Comm', 17519.963641334743, 17519.967220479157, 0.0035791444133333335, 51539607552.0, 'P2P', 'TP', 'INTRA', 4, 2, 3
'BWD_TP_COMM_INTRA_4', 'Comm', 17519.963641334743, 17519.967220479157, 0.0035791444133333335, 51539607552.0, 'P2P', 'TP', 'INTRA', 4, 2, 3
'BWD_TP_COMM_INTRA_5', 'Comm', 17519.963641334743, 17519.967220479157, 0.0035791444133333335, 51539607552.0, 'P2P', 'TP', 'INTRA', 4, 2, 3
'BWD_FFN', 'Compute', 17519.985116201224, 17527.433710073896, 7.4485938726711, 'NONE', 'NONE', 'NONE', 0
'BWD_TP_COMM_INTRA_0', 'Comm', 17527.433710073896, 17527.43728921831, 0.0035791444133333335, 51539607552.0, 'P2P', 'TP', 'INTRA', 4, 2, 3
'BWD_TP_COMM_INTRA_1', 'Comm', 17527.433710073896, 17527.43728921831, 0.0035791444133333335, 51539607552.0, 'P2P', 'TP', 'INTRA', 4, 2, 3
'BWD_TP_COMM_INTRA_2', 'Comm', 17527.433710073896, 17527.43728921831, 0.0035791444133333335, 51539607552.0, 'P2P', 'TP', 'INTRA', 4, 2, 3
'BWD_TP_COMM_INTRA_3', 'Comm', 17527.433710073896, 17527.43728921831, 0.0035791444133333335, 51539607552.0, 'P2P', 'TP', 'INTRA', 4, 2, 3
'BWD_TP_COMM_INTRA_4', 'Comm', 17527.433710073896, 17527.43728921831, 0.0035791444133333335, 51539607552.0, 'P2P', 'TP', 'INTRA', 4, 2, 3
'BWD_TP_COMM_INTRA_5', 'Comm', 17527.433710073896, 17527.43728921831, 0.0035791444133333335, 51539607552.0, 'P2P', 'TP', 'INTRA', 4, 2, 3
'BWD_MHA', 'Compute', 17527.455184940376, 17553.303486192515, 25.84830125214084, 'NONE', 'NONE', 'NONE', 0
'BWD_TP_COMM_INTRA_0', 'Comm', 17553.303486192515, 17553.30706533693, 0.0035791444133333335, 51539607552.0, 'P2P', 'TP', 'INTRA', 4, 2, 3
'BWD_TP_COMM_INTRA_1', 'Comm', 17553.303486192515, 17553.30706533693, 0.0035791444133333335, 51539607552.0, 'P2P', 'TP', 'INTRA', 4, 2, 3
'BWD_TP_COMM_INTRA_2', 'Comm', 17553.303486192515, 17553.30706533693, 0.0035791444133333335, 51539607552.0, 'P2P', 'TP', 'INTRA', 4, 2, 3
'BWD_TP_COMM_INTRA_3', 'Comm', 17553.303486192515, 17553.30706533693, 0.0035791444133333335, 51539607552.0, 'P2P', 'TP', 'INTRA', 4, 2, 3
'BWD_TP_COMM_INTRA_4', 'Comm', 17553.303486192515, 17553.30706533693, 0.0035791444133333335, 51539607552.0, 'P2P', 'TP', 'INTRA', 4, 2, 3
'BWD_TP_COMM_INTRA_5', 'Comm', 17553.303486192515, 17553.30706533693, 0.0035791444133333335, 51539607552.0, 'P2P', 'TP', 'INTRA', 4, 2, 3
'BWD_FFN', 'Compute', 17553.324961058996, 17560.773554931668, 7.4485938726711, 'NONE', 'NONE', 'NONE', 0
'BWD_TP_COMM_INTRA_0', 'Comm', 17560.773554931668, 17560.77713407608, 0.0035791444133333335, 51539607552.0, 'P2P', 'TP', 'INTRA', 4, 2, 3
'BWD_TP_COMM_INTRA_1', 'Comm', 17560.773554931668, 17560.77713407608, 0.0035791444133333335, 51539607552.0, 'P2P', 'TP', 'INTRA', 4, 2, 3
'BWD_TP_COMM_INTRA_2', 'Comm', 17560.773554931668, 17560.77713407608, 0.0035791444133333335, 51539607552.0, 'P2P', 'TP', 'INTRA', 4, 2, 3
'BWD_TP_COMM_INTRA_3', 'Comm', 17560.773554931668, 17560.77713407608, 0.0035791444133333335, 51539607552.0, 'P2P', 'TP', 'INTRA', 4, 2, 3
'BWD_TP_COMM_INTRA_4', 'Comm', 17560.773554931668, 17560.77713407608, 0.0035791444133333335, 51539607552.0, 'P2P', 'TP', 'INTRA', 4, 2, 3
'BWD_TP_COMM_INTRA_5', 'Comm', 17560.773554931668, 17560.77713407608, 0.0035791444133333335, 51539607552.0, 'P2P', 'TP', 'INTRA', 4, 2, 3
'BWD_MHA', 'Compute', 17560.795029798148, 17586.643331050287, 25.84830125214084, 'NONE', 'NONE', 'NONE', 0
'BWD_TP_COMM_INTRA_0', 'Comm', 17586.643331050287, 17586.6469101947, 0.0035791444133333335, 51539607552.0, 'P2P', 'TP', 'INTRA', 4, 2, 3
'BWD_TP_COMM_INTRA_1', 'Comm', 17586.643331050287, 17586.6469101947, 0.0035791444133333335, 51539607552.0, 'P2P', 'TP', 'INTRA', 4, 2, 3
'BWD_TP_COMM_INTRA_2', 'Comm', 17586.643331050287, 17586.6469101947, 0.0035791444133333335, 51539607552.0, 'P2P', 'TP', 'INTRA', 4, 2, 3
'BWD_TP_COMM_INTRA_3', 'Comm', 17586.643331050287, 17586.6469101947, 0.0035791444133333335, 51539607552.0, 'P2P', 'TP', 'INTRA', 4, 2, 3
'BWD_TP_COMM_INTRA_4', 'Comm', 17586.643331050287, 17586.6469101947, 0.0035791444133333335, 51539607552.0, 'P2P', 'TP', 'INTRA', 4, 2, 3
'BWD_TP_COMM_INTRA_5', 'Comm', 17586.643331050287, 17586.6469101947, 0.0035791444133333335, 51539607552.0, 'P2P', 'TP', 'INTRA', 4, 2, 3
'BWD_FFN', 'Compute', 17586.664805916767, 17594.11339978944, 7.4485938726711, 'NONE', 'NONE', 'NONE', 0
'BWD_TP_COMM_INTRA_0', 'Comm', 17594.11339978944, 17594.116978933853, 0.0035791444133333335, 51539607552.0, 'P2P', 'TP', 'INTRA', 4, 2, 3
'BWD_TP_COMM_INTRA_1', 'Comm', 17594.11339978944, 17594.116978933853, 0.0035791444133333335, 51539607552.0, 'P2P', 'TP', 'INTRA', 4, 2, 3
'BWD_TP_COMM_INTRA_2', 'Comm', 17594.11339978944, 17594.116978933853, 0.0035791444133333335, 51539607552.0, 'P2P', 'TP', 'INTRA', 4, 2, 3
'BWD_TP_COMM_INTRA_3', 'Comm', 17594.11339978944, 17594.116978933853, 0.0035791444133333335, 51539607552.0, 'P2P', 'TP', 'INTRA', 4, 2, 3
'BWD_TP_COMM_INTRA_4', 'Comm', 17594.11339978944, 17594.116978933853, 0.0035791444133333335, 51539607552.0, 'P2P', 'TP', 'INTRA', 4, 2, 3
'BWD_TP_COMM_INTRA_5', 'Comm', 17594.11339978944, 17594.116978933853, 0.0035791444133333335, 51539607552.0, 'P2P', 'TP', 'INTRA', 4, 2, 3
'BWD_MHA', 'Compute', 17594.13487465592, 17619.98317590806, 25.84830125214084, 'NONE', 'NONE', 'NONE', 0
'BWD_TP_COMM_INTRA_0', 'Comm', 17619.98317590806, 17619.986755052472, 0.0035791444133333335, 51539607552.0, 'P2P', 'TP', 'INTRA', 4, 2, 3
'BWD_TP_COMM_INTRA_1', 'Comm', 17619.98317590806, 17619.986755052472, 0.0035791444133333335, 51539607552.0, 'P2P', 'TP', 'INTRA', 4, 2, 3
'BWD_TP_COMM_INTRA_2', 'Comm', 17619.98317590806, 17619.986755052472, 0.0035791444133333335, 51539607552.0, 'P2P', 'TP', 'INTRA', 4, 2, 3
'BWD_TP_COMM_INTRA_3', 'Comm', 17619.98317590806, 17619.986755052472, 0.0035791444133333335, 51539607552.0, 'P2P', 'TP', 'INTRA', 4, 2, 3
'BWD_TP_COMM_INTRA_4', 'Comm', 17619.98317590806, 17619.986755052472, 0.0035791444133333335, 51539607552.0, 'P2P', 'TP', 'INTRA', 4, 2, 3
'BWD_TP_COMM_INTRA_5', 'Comm', 17619.98317590806, 17619.986755052472, 0.0035791444133333335, 51539607552.0, 'P2P', 'TP', 'INTRA', 4, 2, 3
'BWD_FFN', 'Compute', 17620.00465077454, 17627.45324464721, 7.4485938726711, 'NONE', 'NONE', 'NONE', 0
'BWD_TP_COMM_INTRA_0', 'Comm', 17627.45324464721, 17627.456823791625, 0.0035791444133333335, 51539607552.0, 'P2P', 'TP', 'INTRA', 4, 2, 3
'BWD_TP_COMM_INTRA_1', 'Comm', 17627.45324464721, 17627.456823791625, 0.0035791444133333335, 51539607552.0, 'P2P', 'TP', 'INTRA', 4, 2, 3
'BWD_TP_COMM_INTRA_2', 'Comm', 17627.45324464721, 17627.456823791625, 0.0035791444133333335, 51539607552.0, 'P2P', 'TP', 'INTRA', 4, 2, 3
'BWD_TP_COMM_INTRA_3', 'Comm', 17627.45324464721, 17627.456823791625, 0.0035791444133333335, 51539607552.0, 'P2P', 'TP', 'INTRA', 4, 2, 3
'BWD_TP_COMM_INTRA_4', 'Comm', 17627.45324464721, 17627.456823791625, 0.0035791444133333335, 51539607552.0, 'P2P', 'TP', 'INTRA', 4, 2, 3
'BWD_TP_COMM_INTRA_5', 'Comm', 17627.45324464721, 17627.456823791625, 0.0035791444133333335, 51539607552.0, 'P2P', 'TP', 'INTRA', 4, 2, 3
'BWD_MHA', 'Compute', 17627.47471951369, 17653.32302076583, 25.84830125214084, 'NONE', 'NONE', 'NONE', 0
'BWD_TP_COMM_INTRA_0', 'Comm', 17653.32302076583, 17653.326599910244, 0.0035791444133333335, 51539607552.0, 'P2P', 'TP', 'INTRA', 4, 2, 3
'BWD_TP_COMM_INTRA_1', 'Comm', 17653.32302076583, 17653.326599910244, 0.0035791444133333335, 51539607552.0, 'P2P', 'TP', 'INTRA', 4, 2, 3
'BWD_TP_COMM_INTRA_2', 'Comm', 17653.32302076583, 17653.326599910244, 0.0035791444133333335, 51539607552.0, 'P2P', 'TP', 'INTRA', 4, 2, 3
'BWD_TP_COMM_INTRA_3', 'Comm', 17653.32302076583, 17653.326599910244, 0.0035791444133333335, 51539607552.0, 'P2P', 'TP', 'INTRA', 4, 2, 3
'BWD_TP_COMM_INTRA_4', 'Comm', 17653.32302076583, 17653.326599910244, 0.0035791444133333335, 51539607552.0, 'P2P', 'TP', 'INTRA', 4, 2, 3
'BWD_TP_COMM_INTRA_5', 'Comm', 17653.32302076583, 17653.326599910244, 0.0035791444133333335, 51539607552.0, 'P2P', 'TP', 'INTRA', 4, 2, 3
'BWD_FFN', 'Compute', 17653.34449563231, 17660.793089504983, 7.4485938726711, 'NONE', 'NONE', 'NONE', 0
'BWD_TP_COMM_INTRA_0', 'Comm', 17660.793089504983, 17660.796668649396, 0.0035791444133333335, 51539607552.0, 'P2P', 'TP', 'INTRA', 4, 2, 3
'BWD_TP_COMM_INTRA_1', 'Comm', 17660.793089504983, 17660.796668649396, 0.0035791444133333335, 51539607552.0, 'P2P', 'TP', 'INTRA', 4, 2, 3
'BWD_TP_COMM_INTRA_2', 'Comm', 17660.793089504983, 17660.796668649396, 0.0035791444133333335, 51539607552.0, 'P2P', 'TP', 'INTRA', 4, 2, 3
'BWD_TP_COMM_INTRA_3', 'Comm', 17660.793089504983, 17660.796668649396, 0.0035791444133333335, 51539607552.0, 'P2P', 'TP', 'INTRA', 4, 2, 3
'BWD_TP_COMM_INTRA_4', 'Comm', 17660.793089504983, 17660.796668649396, 0.0035791444133333335, 51539607552.0, 'P2P', 'TP', 'INTRA', 4, 2, 3
'BWD_TP_COMM_INTRA_5', 'Comm', 17660.793089504983, 17660.796668649396, 0.0035791444133333335, 51539607552.0, 'P2P', 'TP', 'INTRA', 4, 2, 3
'BWD_MHA', 'Compute', 17660.814564371463, 17686.662865623603, 25.84830125214084, 'NONE', 'NONE', 'NONE', 0
'BWD_TP_COMM_INTRA_0', 'Comm', 17686.662865623603, 17686.666444768016, 0.0035791444133333335, 51539607552.0, 'P2P', 'TP', 'INTRA', 4, 2, 3
'BWD_TP_COMM_INTRA_1', 'Comm', 17686.662865623603, 17686.666444768016, 0.0035791444133333335, 51539607552.0, 'P2P', 'TP', 'INTRA', 4, 2, 3
'BWD_TP_COMM_INTRA_2', 'Comm', 17686.662865623603, 17686.666444768016, 0.0035791444133333335, 51539607552.0, 'P2P', 'TP', 'INTRA', 4, 2, 3
'BWD_TP_COMM_INTRA_3', 'Comm', 17686.662865623603, 17686.666444768016, 0.0035791444133333335, 51539607552.0, 'P2P', 'TP', 'INTRA', 4, 2, 3
'BWD_TP_COMM_INTRA_4', 'Comm', 17686.662865623603, 17686.666444768016, 0.0035791444133333335, 51539607552.0, 'P2P', 'TP', 'INTRA', 4, 2, 3
'BWD_TP_COMM_INTRA_5', 'Comm', 17686.662865623603, 17686.666444768016, 0.0035791444133333335, 51539607552.0, 'P2P', 'TP', 'INTRA', 4, 2, 3
'BWD_FFN', 'Compute', 17686.684340490083, 17694.132934362755, 7.4485938726711, 'NONE', 'NONE', 'NONE', 0
'BWD_TP_COMM_INTRA_0', 'Comm', 17694.132934362755, 17694.13651350717, 0.0035791444133333335, 51539607552.0, 'P2P', 'TP', 'INTRA', 4, 2, 3
'BWD_TP_COMM_INTRA_1', 'Comm', 17694.132934362755, 17694.13651350717, 0.0035791444133333335, 51539607552.0, 'P2P', 'TP', 'INTRA', 4, 2, 3
'BWD_TP_COMM_INTRA_2', 'Comm', 17694.132934362755, 17694.13651350717, 0.0035791444133333335, 51539607552.0, 'P2P', 'TP', 'INTRA', 4, 2, 3
'BWD_TP_COMM_INTRA_3', 'Comm', 17694.132934362755, 17694.13651350717, 0.0035791444133333335, 51539607552.0, 'P2P', 'TP', 'INTRA', 4, 2, 3
'BWD_TP_COMM_INTRA_4', 'Comm', 17694.132934362755, 17694.13651350717, 0.0035791444133333335, 51539607552.0, 'P2P', 'TP', 'INTRA', 4, 2, 3
'BWD_TP_COMM_INTRA_5', 'Comm', 17694.132934362755, 17694.13651350717, 0.0035791444133333335, 51539607552.0, 'P2P', 'TP', 'INTRA', 4, 2, 3
'BWD_MHA', 'Compute', 17694.154409229235, 17720.002710481374, 25.84830125214084, 'NONE', 'NONE', 'NONE', 0
'BWD_TP_COMM_INTRA_0', 'Comm', 17720.002710481374, 17720.006289625788, 0.0035791444133333335, 51539607552.0, 'P2P', 'TP', 'INTRA', 4, 2, 3
'BWD_TP_COMM_INTRA_1', 'Comm', 17720.002710481374, 17720.006289625788, 0.0035791444133333335, 51539607552.0, 'P2P', 'TP', 'INTRA', 4, 2, 3
'BWD_TP_COMM_INTRA_2', 'Comm', 17720.002710481374, 17720.006289625788, 0.0035791444133333335, 51539607552.0, 'P2P', 'TP', 'INTRA', 4, 2, 3
'BWD_TP_COMM_INTRA_3', 'Comm', 17720.002710481374, 17720.006289625788, 0.0035791444133333335, 51539607552.0, 'P2P', 'TP', 'INTRA', 4, 2, 3
'BWD_TP_COMM_INTRA_4', 'Comm', 17720.002710481374, 17720.006289625788, 0.0035791444133333335, 51539607552.0, 'P2P', 'TP', 'INTRA', 4, 2, 3
'BWD_TP_COMM_INTRA_5', 'Comm', 17720.002710481374, 17720.006289625788, 0.0035791444133333335, 51539607552.0, 'P2P', 'TP', 'INTRA', 4, 2, 3
'BWD_FFN', 'Compute', 17720.024185347855, 17727.472779220527, 7.4485938726711, 'NONE', 'NONE', 'NONE', 0
'BWD_TP_COMM_INTRA_0', 'Comm', 17727.472779220527, 17727.47635836494, 0.0035791444133333335, 51539607552.0, 'P2P', 'TP', 'INTRA', 4, 2, 3
'BWD_TP_COMM_INTRA_1', 'Comm', 17727.472779220527, 17727.47635836494, 0.0035791444133333335, 51539607552.0, 'P2P', 'TP', 'INTRA', 4, 2, 3
'BWD_TP_COMM_INTRA_2', 'Comm', 17727.472779220527, 17727.47635836494, 0.0035791444133333335, 51539607552.0, 'P2P', 'TP', 'INTRA', 4, 2, 3
'BWD_TP_COMM_INTRA_3', 'Comm', 17727.472779220527, 17727.47635836494, 0.0035791444133333335, 51539607552.0, 'P2P', 'TP', 'INTRA', 4, 2, 3
'BWD_TP_COMM_INTRA_4', 'Comm', 17727.472779220527, 17727.47635836494, 0.0035791444133333335, 51539607552.0, 'P2P', 'TP', 'INTRA', 4, 2, 3
'BWD_TP_COMM_INTRA_5', 'Comm', 17727.472779220527, 17727.47635836494, 0.0035791444133333335, 51539607552.0, 'P2P', 'TP', 'INTRA', 4, 2, 3
'BWD_MHA', 'Compute', 17727.494254087007, 17753.342555339146, 25.84830125214084, 'NONE', 'NONE', 'NONE', 0
'BWD_TP_COMM_INTRA_0', 'Comm', 17753.342555339146, 17753.34613448356, 0.0035791444133333335, 51539607552.0, 'P2P', 'TP', 'INTRA', 4, 2, 3
'BWD_TP_COMM_INTRA_1', 'Comm', 17753.342555339146, 17753.34613448356, 0.0035791444133333335, 51539607552.0, 'P2P', 'TP', 'INTRA', 4, 2, 3
'BWD_TP_COMM_INTRA_2', 'Comm', 17753.342555339146, 17753.34613448356, 0.0035791444133333335, 51539607552.0, 'P2P', 'TP', 'INTRA', 4, 2, 3
'BWD_TP_COMM_INTRA_3', 'Comm', 17753.342555339146, 17753.34613448356, 0.0035791444133333335, 51539607552.0, 'P2P', 'TP', 'INTRA', 4, 2, 3
'BWD_TP_COMM_INTRA_4', 'Comm', 17753.342555339146, 17753.34613448356, 0.0035791444133333335, 51539607552.0, 'P2P', 'TP', 'INTRA', 4, 2, 3
'BWD_TP_COMM_INTRA_5', 'Comm', 17753.342555339146, 17753.34613448356, 0.0035791444133333335, 51539607552.0, 'P2P', 'TP', 'INTRA', 4, 2, 3
'BWD_FFN', 'Compute', 17753.364030205626, 17760.8126240783, 7.4485938726711, 'NONE', 'NONE', 'NONE', 0
'BWD_TP_COMM_INTRA_0', 'Comm', 17760.8126240783, 17760.816203222712, 0.0035791444133333335, 51539607552.0, 'P2P', 'TP', 'INTRA', 4, 2, 3
'BWD_TP_COMM_INTRA_1', 'Comm', 17760.8126240783, 17760.816203222712, 0.0035791444133333335, 51539607552.0, 'P2P', 'TP', 'INTRA', 4, 2, 3
'BWD_TP_COMM_INTRA_2', 'Comm', 17760.8126240783, 17760.816203222712, 0.0035791444133333335, 51539607552.0, 'P2P', 'TP', 'INTRA', 4, 2, 3
'BWD_TP_COMM_INTRA_3', 'Comm', 17760.8126240783, 17760.816203222712, 0.0035791444133333335, 51539607552.0, 'P2P', 'TP', 'INTRA', 4, 2, 3
'BWD_TP_COMM_INTRA_4', 'Comm', 17760.8126240783, 17760.816203222712, 0.0035791444133333335, 51539607552.0, 'P2P', 'TP', 'INTRA', 4, 2, 3
'BWD_TP_COMM_INTRA_5', 'Comm', 17760.8126240783, 17760.816203222712, 0.0035791444133333335, 51539607552.0, 'P2P', 'TP', 'INTRA', 4, 2, 3
'BWD_MHA', 'Compute', 17760.83409894478, 17786.682400196918, 25.84830125214084, 'NONE', 'NONE', 'NONE', 0
'BWD_TP_COMM_INTRA_0', 'Comm', 17786.682400196918, 17786.68597934133, 0.0035791444133333335, 51539607552.0, 'P2P', 'TP', 'INTRA', 4, 2, 3
'BWD_TP_COMM_INTRA_1', 'Comm', 17786.682400196918, 17786.68597934133, 0.0035791444133333335, 51539607552.0, 'P2P', 'TP', 'INTRA', 4, 2, 3
'BWD_TP_COMM_INTRA_2', 'Comm', 17786.682400196918, 17786.68597934133, 0.0035791444133333335, 51539607552.0, 'P2P', 'TP', 'INTRA', 4, 2, 3
'BWD_TP_COMM_INTRA_3', 'Comm', 17786.682400196918, 17786.68597934133, 0.0035791444133333335, 51539607552.0, 'P2P', 'TP', 'INTRA', 4, 2, 3
'BWD_TP_COMM_INTRA_4', 'Comm', 17786.682400196918, 17786.68597934133, 0.0035791444133333335, 51539607552.0, 'P2P', 'TP', 'INTRA', 4, 2, 3
'BWD_TP_COMM_INTRA_5', 'Comm', 17786.682400196918, 17786.68597934133, 0.0035791444133333335, 51539607552.0, 'P2P', 'TP', 'INTRA', 4, 2, 3
'BWD_FFN', 'Compute', 17786.7038750634, 17794.15246893607, 7.4485938726711, 'NONE', 'NONE', 'NONE', 0
'BWD_TP_COMM_INTRA_0', 'Comm', 17794.15246893607, 17794.156048080484, 0.0035791444133333335, 51539607552.0, 'P2P', 'TP', 'INTRA', 4, 2, 3
'BWD_TP_COMM_INTRA_1', 'Comm', 17794.15246893607, 17794.156048080484, 0.0035791444133333335, 51539607552.0, 'P2P', 'TP', 'INTRA', 4, 2, 3
'BWD_TP_COMM_INTRA_2', 'Comm', 17794.15246893607, 17794.156048080484, 0.0035791444133333335, 51539607552.0, 'P2P', 'TP', 'INTRA', 4, 2, 3
'BWD_TP_COMM_INTRA_3', 'Comm', 17794.15246893607, 17794.156048080484, 0.0035791444133333335, 51539607552.0, 'P2P', 'TP', 'INTRA', 4, 2, 3
'BWD_TP_COMM_INTRA_4', 'Comm', 17794.15246893607, 17794.156048080484, 0.0035791444133333335, 51539607552.0, 'P2P', 'TP', 'INTRA', 4, 2, 3
'BWD_TP_COMM_INTRA_5', 'Comm', 17794.15246893607, 17794.156048080484, 0.0035791444133333335, 51539607552.0, 'P2P', 'TP', 'INTRA', 4, 2, 3
'BWD_MHA', 'Compute', 17794.17394380255, 17820.02224505469, 25.84830125214084, 'NONE', 'NONE', 'NONE', 0
'BWD_TP_COMM_INTRA_0', 'Comm', 17820.02224505469, 17820.025824199103, 0.0035791444133333335, 51539607552.0, 'P2P', 'TP', 'INTRA', 4, 2, 3
'BWD_TP_COMM_INTRA_1', 'Comm', 17820.02224505469, 17820.025824199103, 0.0035791444133333335, 51539607552.0, 'P2P', 'TP', 'INTRA', 4, 2, 3
'BWD_TP_COMM_INTRA_2', 'Comm', 17820.02224505469, 17820.025824199103, 0.0035791444133333335, 51539607552.0, 'P2P', 'TP', 'INTRA', 4, 2, 3
'BWD_TP_COMM_INTRA_3', 'Comm', 17820.02224505469, 17820.025824199103, 0.0035791444133333335, 51539607552.0, 'P2P', 'TP', 'INTRA', 4, 2, 3
'BWD_TP_COMM_INTRA_4', 'Comm', 17820.02224505469, 17820.025824199103, 0.0035791444133333335, 51539607552.0, 'P2P', 'TP', 'INTRA', 4, 2, 3
'BWD_TP_COMM_INTRA_5', 'Comm', 17820.02224505469, 17820.025824199103, 0.0035791444133333335, 51539607552.0, 'P2P', 'TP', 'INTRA', 4, 2, 3
'BWD_FFN', 'Compute', 17820.04371992117, 17827.492313793842, 7.4485938726711, 'NONE', 'NONE', 'NONE', 0
'BWD_TP_COMM_INTRA_0', 'Comm', 17827.492313793842, 17827.495892938256, 0.0035791444133333335, 51539607552.0, 'P2P', 'TP', 'INTRA', 4, 2, 3
'BWD_TP_COMM_INTRA_1', 'Comm', 17827.492313793842, 17827.495892938256, 0.0035791444133333335, 51539607552.0, 'P2P', 'TP', 'INTRA', 4, 2, 3
'BWD_TP_COMM_INTRA_2', 'Comm', 17827.492313793842, 17827.495892938256, 0.0035791444133333335, 51539607552.0, 'P2P', 'TP', 'INTRA', 4, 2, 3
'BWD_TP_COMM_INTRA_3', 'Comm', 17827.492313793842, 17827.495892938256, 0.0035791444133333335, 51539607552.0, 'P2P', 'TP', 'INTRA', 4, 2, 3
'BWD_TP_COMM_INTRA_4', 'Comm', 17827.492313793842, 17827.495892938256, 0.0035791444133333335, 51539607552.0, 'P2P', 'TP', 'INTRA', 4, 2, 3
'BWD_TP_COMM_INTRA_5', 'Comm', 17827.492313793842, 17827.495892938256, 0.0035791444133333335, 51539607552.0, 'P2P', 'TP', 'INTRA', 4, 2, 3
'BWD_MHA', 'Compute', 17827.513788660322, 17853.36208991246, 25.84830125214084, 'NONE', 'NONE', 'NONE', 0
'BWD_TP_COMM_INTRA_0', 'Comm', 17853.36208991246, 17853.365669056875, 0.0035791444133333335, 51539607552.0, 'P2P', 'TP', 'INTRA', 4, 2, 3
'BWD_TP_COMM_INTRA_1', 'Comm', 17853.36208991246, 17853.365669056875, 0.0035791444133333335, 51539607552.0, 'P2P', 'TP', 'INTRA', 4, 2, 3
'BWD_TP_COMM_INTRA_2', 'Comm', 17853.36208991246, 17853.365669056875, 0.0035791444133333335, 51539607552.0, 'P2P', 'TP', 'INTRA', 4, 2, 3
'BWD_TP_COMM_INTRA_3', 'Comm', 17853.36208991246, 17853.365669056875, 0.0035791444133333335, 51539607552.0, 'P2P', 'TP', 'INTRA', 4, 2, 3
'BWD_TP_COMM_INTRA_4', 'Comm', 17853.36208991246, 17853.365669056875, 0.0035791444133333335, 51539607552.0, 'P2P', 'TP', 'INTRA', 4, 2, 3
'BWD_TP_COMM_INTRA_5', 'Comm', 17853.36208991246, 17853.365669056875, 0.0035791444133333335, 51539607552.0, 'P2P', 'TP', 'INTRA', 4, 2, 3
'BWD_FFN', 'Compute', 17853.383564778942, 17860.832158651614, 7.4485938726711, 'NONE', 'NONE', 'NONE', 0
'BWD_TP_COMM_INTRA_0', 'Comm', 17860.832158651614, 17860.835737796027, 0.0035791444133333335, 51539607552.0, 'P2P', 'TP', 'INTRA', 4, 2, 3
'BWD_TP_COMM_INTRA_1', 'Comm', 17860.832158651614, 17860.835737796027, 0.0035791444133333335, 51539607552.0, 'P2P', 'TP', 'INTRA', 4, 2, 3
'BWD_TP_COMM_INTRA_2', 'Comm', 17860.832158651614, 17860.835737796027, 0.0035791444133333335, 51539607552.0, 'P2P', 'TP', 'INTRA', 4, 2, 3
'BWD_TP_COMM_INTRA_3', 'Comm', 17860.832158651614, 17860.835737796027, 0.0035791444133333335, 51539607552.0, 'P2P', 'TP', 'INTRA', 4, 2, 3
'BWD_TP_COMM_INTRA_4', 'Comm', 17860.832158651614, 17860.835737796027, 0.0035791444133333335, 51539607552.0, 'P2P', 'TP', 'INTRA', 4, 2, 3
'BWD_TP_COMM_INTRA_5', 'Comm', 17860.832158651614, 17860.835737796027, 0.0035791444133333335, 51539607552.0, 'P2P', 'TP', 'INTRA', 4, 2, 3
'BWD_MHA', 'Compute', 17860.853633518094, 17886.701934770233, 25.84830125214084, 'NONE', 'NONE', 'NONE', 0
'BWD_TP_COMM_INTRA_0', 'Comm', 17886.701934770233, 17886.705513914647, 0.0035791444133333335, 51539607552.0, 'P2P', 'TP', 'INTRA', 4, 2, 3
'BWD_TP_COMM_INTRA_1', 'Comm', 17886.701934770233, 17886.705513914647, 0.0035791444133333335, 51539607552.0, 'P2P', 'TP', 'INTRA', 4, 2, 3
'BWD_TP_COMM_INTRA_2', 'Comm', 17886.701934770233, 17886.705513914647, 0.0035791444133333335, 51539607552.0, 'P2P', 'TP', 'INTRA', 4, 2, 3
'BWD_TP_COMM_INTRA_3', 'Comm', 17886.701934770233, 17886.705513914647, 0.0035791444133333335, 51539607552.0, 'P2P', 'TP', 'INTRA', 4, 2, 3
'BWD_TP_COMM_INTRA_4', 'Comm', 17886.701934770233, 17886.705513914647, 0.0035791444133333335, 51539607552.0, 'P2P', 'TP', 'INTRA', 4, 2, 3
'BWD_TP_COMM_INTRA_5', 'Comm', 17886.701934770233, 17886.705513914647, 0.0035791444133333335, 51539607552.0, 'P2P', 'TP', 'INTRA', 4, 2, 3
'BWD_FFN', 'Compute', 17886.723409636714, 17894.172003509386, 7.4485938726711, 'NONE', 'NONE', 'NONE', 0
'BWD_TP_COMM_INTRA_0', 'Comm', 17894.172003509386, 17894.1755826538, 0.0035791444133333335, 51539607552.0, 'P2P', 'TP', 'INTRA', 4, 2, 3
'BWD_TP_COMM_INTRA_1', 'Comm', 17894.172003509386, 17894.1755826538, 0.0035791444133333335, 51539607552.0, 'P2P', 'TP', 'INTRA', 4, 2, 3
'BWD_TP_COMM_INTRA_2', 'Comm', 17894.172003509386, 17894.1755826538, 0.0035791444133333335, 51539607552.0, 'P2P', 'TP', 'INTRA', 4, 2, 3
'BWD_TP_COMM_INTRA_3', 'Comm', 17894.172003509386, 17894.1755826538, 0.0035791444133333335, 51539607552.0, 'P2P', 'TP', 'INTRA', 4, 2, 3
'BWD_TP_COMM_INTRA_4', 'Comm', 17894.172003509386, 17894.1755826538, 0.0035791444133333335, 51539607552.0, 'P2P', 'TP', 'INTRA', 4, 2, 3
'BWD_TP_COMM_INTRA_5', 'Comm', 17894.172003509386, 17894.1755826538, 0.0035791444133333335, 51539607552.0, 'P2P', 'TP', 'INTRA', 4, 2, 3
'BWD_MHA', 'Compute', 17894.193478375866, 17920.041779628005, 25.84830125214084, 'NONE', 'NONE', 'NONE', 0
'BWD_TP_COMM_INTRA_0', 'Comm', 17920.041779628005, 17920.04535877242, 0.0035791444133333335, 51539607552.0, 'P2P', 'TP', 'INTRA', 4, 2, 3
'BWD_TP_COMM_INTRA_1', 'Comm', 17920.041779628005, 17920.04535877242, 0.0035791444133333335, 51539607552.0, 'P2P', 'TP', 'INTRA', 4, 2, 3
'BWD_TP_COMM_INTRA_2', 'Comm', 17920.041779628005, 17920.04535877242, 0.0035791444133333335, 51539607552.0, 'P2P', 'TP', 'INTRA', 4, 2, 3
'BWD_TP_COMM_INTRA_3', 'Comm', 17920.041779628005, 17920.04535877242, 0.0035791444133333335, 51539607552.0, 'P2P', 'TP', 'INTRA', 4, 2, 3
'BWD_TP_COMM_INTRA_4', 'Comm', 17920.041779628005, 17920.04535877242, 0.0035791444133333335, 51539607552.0, 'P2P', 'TP', 'INTRA', 4, 2, 3
'BWD_TP_COMM_INTRA_5', 'Comm', 17920.041779628005, 17920.04535877242, 0.0035791444133333335, 51539607552.0, 'P2P', 'TP', 'INTRA', 4, 2, 3
'BWD_FFN', 'Compute', 17920.063254494486, 17927.511848367158, 7.4485938726711, 'NONE', 'NONE', 'NONE', 0
'BWD_TP_COMM_INTRA_0', 'Comm', 17927.511848367158, 17927.51542751157, 0.0035791444133333335, 51539607552.0, 'P2P', 'TP', 'INTRA', 4, 2, 3
'BWD_TP_COMM_INTRA_1', 'Comm', 17927.511848367158, 17927.51542751157, 0.0035791444133333335, 51539607552.0, 'P2P', 'TP', 'INTRA', 4, 2, 3
'BWD_TP_COMM_INTRA_2', 'Comm', 17927.511848367158, 17927.51542751157, 0.0035791444133333335, 51539607552.0, 'P2P', 'TP', 'INTRA', 4, 2, 3
'BWD_TP_COMM_INTRA_3', 'Comm', 17927.511848367158, 17927.51542751157, 0.0035791444133333335, 51539607552.0, 'P2P', 'TP', 'INTRA', 4, 2, 3
'BWD_TP_COMM_INTRA_4', 'Comm', 17927.511848367158, 17927.51542751157, 0.0035791444133333335, 51539607552.0, 'P2P', 'TP', 'INTRA', 4, 2, 3
'BWD_TP_COMM_INTRA_5', 'Comm', 17927.511848367158, 17927.51542751157, 0.0035791444133333335, 51539607552.0, 'P2P', 'TP', 'INTRA', 4, 2, 3
'BWD_MHA', 'Compute', 17927.533323233638, 17953.381624485777, 25.84830125214084, 'NONE', 'NONE', 'NONE', 0
'BWD_TP_COMM_INTRA_0', 'Comm', 17953.381624485777, 17953.38520363019, 0.0035791444133333335, 51539607552.0, 'P2P', 'TP', 'INTRA', 4, 2, 3
'BWD_TP_COMM_INTRA_1', 'Comm', 17953.381624485777, 17953.38520363019, 0.0035791444133333335, 51539607552.0, 'P2P', 'TP', 'INTRA', 4, 2, 3
'BWD_TP_COMM_INTRA_2', 'Comm', 17953.381624485777, 17953.38520363019, 0.0035791444133333335, 51539607552.0, 'P2P', 'TP', 'INTRA', 4, 2, 3
'BWD_TP_COMM_INTRA_3', 'Comm', 17953.381624485777, 17953.38520363019, 0.0035791444133333335, 51539607552.0, 'P2P', 'TP', 'INTRA', 4, 2, 3
'BWD_TP_COMM_INTRA_4', 'Comm', 17953.381624485777, 17953.38520363019, 0.0035791444133333335, 51539607552.0, 'P2P', 'TP', 'INTRA', 4, 2, 3
'BWD_TP_COMM_INTRA_5', 'Comm', 17953.381624485777, 17953.38520363019, 0.0035791444133333335, 51539607552.0, 'P2P', 'TP', 'INTRA', 4, 2, 3
'BWD_FFN', 'Compute', 17953.403099352257, 17960.85169322493, 7.4485938726711, 'NONE', 'NONE', 'NONE', 0
'BWD_TP_COMM_INTRA_0', 'Comm', 17960.85169322493, 17960.855272369343, 0.0035791444133333335, 51539607552.0, 'P2P', 'TP', 'INTRA', 4, 2, 3
'BWD_TP_COMM_INTRA_1', 'Comm', 17960.85169322493, 17960.855272369343, 0.0035791444133333335, 51539607552.0, 'P2P', 'TP', 'INTRA', 4, 2, 3
'BWD_TP_COMM_INTRA_2', 'Comm', 17960.85169322493, 17960.855272369343, 0.0035791444133333335, 51539607552.0, 'P2P', 'TP', 'INTRA', 4, 2, 3
'BWD_TP_COMM_INTRA_3', 'Comm', 17960.85169322493, 17960.855272369343, 0.0035791444133333335, 51539607552.0, 'P2P', 'TP', 'INTRA', 4, 2, 3
'BWD_TP_COMM_INTRA_4', 'Comm', 17960.85169322493, 17960.855272369343, 0.0035791444133333335, 51539607552.0, 'P2P', 'TP', 'INTRA', 4, 2, 3
'BWD_TP_COMM_INTRA_5', 'Comm', 17960.85169322493, 17960.855272369343, 0.0035791444133333335, 51539607552.0, 'P2P', 'TP', 'INTRA', 4, 2, 3
'BWD_MHA', 'Compute', 17960.87316809141, 17986.72146934355, 25.84830125214084, 'NONE', 'NONE', 'NONE', 0
'BWD_TP_COMM_INTRA_0', 'Comm', 17986.72146934355, 17986.725048487962, 0.0035791444133333335, 51539607552.0, 'P2P', 'TP', 'INTRA', 4, 2, 3
'BWD_TP_COMM_INTRA_1', 'Comm', 17986.72146934355, 17986.725048487962, 0.0035791444133333335, 51539607552.0, 'P2P', 'TP', 'INTRA', 4, 2, 3
'BWD_TP_COMM_INTRA_2', 'Comm', 17986.72146934355, 17986.725048487962, 0.0035791444133333335, 51539607552.0, 'P2P', 'TP', 'INTRA', 4, 2, 3
'BWD_TP_COMM_INTRA_3', 'Comm', 17986.72146934355, 17986.725048487962, 0.0035791444133333335, 51539607552.0, 'P2P', 'TP', 'INTRA', 4, 2, 3
'BWD_TP_COMM_INTRA_4', 'Comm', 17986.72146934355, 17986.725048487962, 0.0035791444133333335, 51539607552.0, 'P2P', 'TP', 'INTRA', 4, 2, 3
'BWD_TP_COMM_INTRA_5', 'Comm', 17986.72146934355, 17986.725048487962, 0.0035791444133333335, 51539607552.0, 'P2P', 'TP', 'INTRA', 4, 2, 3
'BWD_FFN', 'Compute', 17986.74294421003, 17994.1915380827, 7.4485938726711, 'NONE', 'NONE', 'NONE', 0
'BWD_TP_COMM_INTRA_0', 'Comm', 17994.1915380827, 17994.195117227115, 0.0035791444133333335, 51539607552.0, 'P2P', 'TP', 'INTRA', 4, 2, 3
'BWD_TP_COMM_INTRA_1', 'Comm', 17994.1915380827, 17994.195117227115, 0.0035791444133333335, 51539607552.0, 'P2P', 'TP', 'INTRA', 4, 2, 3
'BWD_TP_COMM_INTRA_2', 'Comm', 17994.1915380827, 17994.195117227115, 0.0035791444133333335, 51539607552.0, 'P2P', 'TP', 'INTRA', 4, 2, 3
'BWD_TP_COMM_INTRA_3', 'Comm', 17994.1915380827, 17994.195117227115, 0.0035791444133333335, 51539607552.0, 'P2P', 'TP', 'INTRA', 4, 2, 3
'BWD_TP_COMM_INTRA_4', 'Comm', 17994.1915380827, 17994.195117227115, 0.0035791444133333335, 51539607552.0, 'P2P', 'TP', 'INTRA', 4, 2, 3
'BWD_TP_COMM_INTRA_5', 'Comm', 17994.1915380827, 17994.195117227115, 0.0035791444133333335, 51539607552.0, 'P2P', 'TP', 'INTRA', 4, 2, 3
'BWD_MHA', 'Compute', 17994.21301294918, 18020.06131420132, 25.84830125214084, 'NONE', 'NONE', 'NONE', 0
'BWD_TP_COMM_INTRA_0', 'Comm', 18020.06131420132, 18020.064893345734, 0.0035791444133333335, 51539607552.0, 'P2P', 'TP', 'INTRA', 4, 2, 3
'BWD_TP_COMM_INTRA_1', 'Comm', 18020.06131420132, 18020.064893345734, 0.0035791444133333335, 51539607552.0, 'P2P', 'TP', 'INTRA', 4, 2, 3
'BWD_TP_COMM_INTRA_2', 'Comm', 18020.06131420132, 18020.064893345734, 0.0035791444133333335, 51539607552.0, 'P2P', 'TP', 'INTRA', 4, 2, 3
'BWD_TP_COMM_INTRA_3', 'Comm', 18020.06131420132, 18020.064893345734, 0.0035791444133333335, 51539607552.0, 'P2P', 'TP', 'INTRA', 4, 2, 3
'BWD_TP_COMM_INTRA_4', 'Comm', 18020.06131420132, 18020.064893345734, 0.0035791444133333335, 51539607552.0, 'P2P', 'TP', 'INTRA', 4, 2, 3
'BWD_TP_COMM_INTRA_5', 'Comm', 18020.06131420132, 18020.064893345734, 0.0035791444133333335, 51539607552.0, 'P2P', 'TP', 'INTRA', 4, 2, 3
'BWD_FFN', 'Compute', 18020.0827890678, 18027.531382940473, 7.4485938726711, 'NONE', 'NONE', 'NONE', 0
'BWD_TP_COMM_INTRA_0', 'Comm', 18027.531382940473, 18027.534962084887, 0.0035791444133333335, 51539607552.0, 'P2P', 'TP', 'INTRA', 4, 2, 3
'BWD_TP_COMM_INTRA_1', 'Comm', 18027.531382940473, 18027.534962084887, 0.0035791444133333335, 51539607552.0, 'P2P', 'TP', 'INTRA', 4, 2, 3
'BWD_TP_COMM_INTRA_2', 'Comm', 18027.531382940473, 18027.534962084887, 0.0035791444133333335, 51539607552.0, 'P2P', 'TP', 'INTRA', 4, 2, 3
'BWD_TP_COMM_INTRA_3', 'Comm', 18027.531382940473, 18027.534962084887, 0.0035791444133333335, 51539607552.0, 'P2P', 'TP', 'INTRA', 4, 2, 3
'BWD_TP_COMM_INTRA_4', 'Comm', 18027.531382940473, 18027.534962084887, 0.0035791444133333335, 51539607552.0, 'P2P', 'TP', 'INTRA', 4, 2, 3
'BWD_TP_COMM_INTRA_5', 'Comm', 18027.531382940473, 18027.534962084887, 0.0035791444133333335, 51539607552.0, 'P2P', 'TP', 'INTRA', 4, 2, 3
'BWD_MHA', 'Compute', 18027.552857806953, 18053.401159059093, 25.84830125214084, 'NONE', 'NONE', 'NONE', 0
'BWD_TP_COMM_INTRA_0', 'Comm', 18053.401159059093, 18053.404738203506, 0.0035791444133333335, 51539607552.0, 'P2P', 'TP', 'INTRA', 4, 2, 3
'BWD_TP_COMM_INTRA_1', 'Comm', 18053.401159059093, 18053.404738203506, 0.0035791444133333335, 51539607552.0, 'P2P', 'TP', 'INTRA', 4, 2, 3
'BWD_TP_COMM_INTRA_2', 'Comm', 18053.401159059093, 18053.404738203506, 0.0035791444133333335, 51539607552.0, 'P2P', 'TP', 'INTRA', 4, 2, 3
'BWD_TP_COMM_INTRA_3', 'Comm', 18053.401159059093, 18053.404738203506, 0.0035791444133333335, 51539607552.0, 'P2P', 'TP', 'INTRA', 4, 2, 3
'BWD_TP_COMM_INTRA_4', 'Comm', 18053.401159059093, 18053.404738203506, 0.0035791444133333335, 51539607552.0, 'P2P', 'TP', 'INTRA', 4, 2, 3
'BWD_TP_COMM_INTRA_5', 'Comm', 18053.401159059093, 18053.404738203506, 0.0035791444133333335, 51539607552.0, 'P2P', 'TP', 'INTRA', 4, 2, 3
'BWD_FFN', 'Compute', 18053.422633925573, 18060.871227798245, 7.4485938726711, 'NONE', 'NONE', 'NONE', 0
'BWD_TP_COMM_INTRA_0', 'Comm', 18060.871227798245, 18060.87480694266, 0.0035791444133333335, 51539607552.0, 'P2P', 'TP', 'INTRA', 4, 2, 3
'BWD_TP_COMM_INTRA_1', 'Comm', 18060.871227798245, 18060.87480694266, 0.0035791444133333335, 51539607552.0, 'P2P', 'TP', 'INTRA', 4, 2, 3
'BWD_TP_COMM_INTRA_2', 'Comm', 18060.871227798245, 18060.87480694266, 0.0035791444133333335, 51539607552.0, 'P2P', 'TP', 'INTRA', 4, 2, 3
'BWD_TP_COMM_INTRA_3', 'Comm', 18060.871227798245, 18060.87480694266, 0.0035791444133333335, 51539607552.0, 'P2P', 'TP', 'INTRA', 4, 2, 3
'BWD_TP_COMM_INTRA_4', 'Comm', 18060.871227798245, 18060.87480694266, 0.0035791444133333335, 51539607552.0, 'P2P', 'TP', 'INTRA', 4, 2, 3
'BWD_TP_COMM_INTRA_5', 'Comm', 18060.871227798245, 18060.87480694266, 0.0035791444133333335, 51539607552.0, 'P2P', 'TP', 'INTRA', 4, 2, 3
'BWD_MHA', 'Compute', 18060.892702664725, 18086.741003916864, 25.84830125214084, 'NONE', 'NONE', 'NONE', 0
'BWD_TP_COMM_INTRA_0', 'Comm', 18086.741003916864, 18086.744583061278, 0.0035791444133333335, 51539607552.0, 'P2P', 'TP', 'INTRA', 4, 2, 3
'BWD_TP_COMM_INTRA_1', 'Comm', 18086.741003916864, 18086.744583061278, 0.0035791444133333335, 51539607552.0, 'P2P', 'TP', 'INTRA', 4, 2, 3
'BWD_TP_COMM_INTRA_2', 'Comm', 18086.741003916864, 18086.744583061278, 0.0035791444133333335, 51539607552.0, 'P2P', 'TP', 'INTRA', 4, 2, 3
'BWD_TP_COMM_INTRA_3', 'Comm', 18086.741003916864, 18086.744583061278, 0.0035791444133333335, 51539607552.0, 'P2P', 'TP', 'INTRA', 4, 2, 3
'BWD_TP_COMM_INTRA_4', 'Comm', 18086.741003916864, 18086.744583061278, 0.0035791444133333335, 51539607552.0, 'P2P', 'TP', 'INTRA', 4, 2, 3
'BWD_TP_COMM_INTRA_5', 'Comm', 18086.741003916864, 18086.744583061278, 0.0035791444133333335, 51539607552.0, 'P2P', 'TP', 'INTRA', 4, 2, 3
'BWD_FFN', 'Compute', 18086.762478783345, 18094.211072656017, 7.4485938726711, 'NONE', 'NONE', 'NONE', 0
'BWD_TP_COMM_INTRA_0', 'Comm', 18094.211072656017, 18094.21465180043, 0.0035791444133333335, 51539607552.0, 'P2P', 'TP', 'INTRA', 4, 2, 3
'BWD_TP_COMM_INTRA_1', 'Comm', 18094.211072656017, 18094.21465180043, 0.0035791444133333335, 51539607552.0, 'P2P', 'TP', 'INTRA', 4, 2, 3
'BWD_TP_COMM_INTRA_2', 'Comm', 18094.211072656017, 18094.21465180043, 0.0035791444133333335, 51539607552.0, 'P2P', 'TP', 'INTRA', 4, 2, 3
'BWD_TP_COMM_INTRA_3', 'Comm', 18094.211072656017, 18094.21465180043, 0.0035791444133333335, 51539607552.0, 'P2P', 'TP', 'INTRA', 4, 2, 3
'BWD_TP_COMM_INTRA_4', 'Comm', 18094.211072656017, 18094.21465180043, 0.0035791444133333335, 51539607552.0, 'P2P', 'TP', 'INTRA', 4, 2, 3
'BWD_TP_COMM_INTRA_5', 'Comm', 18094.211072656017, 18094.21465180043, 0.0035791444133333335, 51539607552.0, 'P2P', 'TP', 'INTRA', 4, 2, 3
'BWD_MHA', 'Compute', 18094.232547522497, 18120.080848774636, 25.84830125214084, 'NONE', 'NONE', 'NONE', 0
'BWD_TP_COMM_INTRA_0', 'Comm', 18120.080848774636, 18120.08442791905, 0.0035791444133333335, 51539607552.0, 'P2P', 'TP', 'INTRA', 4, 2, 3
'BWD_TP_COMM_INTRA_1', 'Comm', 18120.080848774636, 18120.08442791905, 0.0035791444133333335, 51539607552.0, 'P2P', 'TP', 'INTRA', 4, 2, 3
'BWD_TP_COMM_INTRA_2', 'Comm', 18120.080848774636, 18120.08442791905, 0.0035791444133333335, 51539607552.0, 'P2P', 'TP', 'INTRA', 4, 2, 3
'BWD_TP_COMM_INTRA_3', 'Comm', 18120.080848774636, 18120.08442791905, 0.0035791444133333335, 51539607552.0, 'P2P', 'TP', 'INTRA', 4, 2, 3
'BWD_TP_COMM_INTRA_4', 'Comm', 18120.080848774636, 18120.08442791905, 0.0035791444133333335, 51539607552.0, 'P2P', 'TP', 'INTRA', 4, 2, 3
'BWD_TP_COMM_INTRA_5', 'Comm', 18120.080848774636, 18120.08442791905, 0.0035791444133333335, 51539607552.0, 'P2P', 'TP', 'INTRA', 4, 2, 3
'BWD_FFN', 'Compute', 18120.102323641117, 18127.55091751379, 7.4485938726711, 'NONE', 'NONE', 'NONE', 0
'BWD_TP_COMM_INTRA_0', 'Comm', 18127.55091751379, 18127.554496658202, 0.0035791444133333335, 51539607552.0, 'P2P', 'TP', 'INTRA', 4, 2, 3
'BWD_TP_COMM_INTRA_1', 'Comm', 18127.55091751379, 18127.554496658202, 0.0035791444133333335, 51539607552.0, 'P2P', 'TP', 'INTRA', 4, 2, 3
'BWD_TP_COMM_INTRA_2', 'Comm', 18127.55091751379, 18127.554496658202, 0.0035791444133333335, 51539607552.0, 'P2P', 'TP', 'INTRA', 4, 2, 3
'BWD_TP_COMM_INTRA_3', 'Comm', 18127.55091751379, 18127.554496658202, 0.0035791444133333335, 51539607552.0, 'P2P', 'TP', 'INTRA', 4, 2, 3
'BWD_TP_COMM_INTRA_4', 'Comm', 18127.55091751379, 18127.554496658202, 0.0035791444133333335, 51539607552.0, 'P2P', 'TP', 'INTRA', 4, 2, 3
'BWD_TP_COMM_INTRA_5', 'Comm', 18127.55091751379, 18127.554496658202, 0.0035791444133333335, 51539607552.0, 'P2P', 'TP', 'INTRA', 4, 2, 3
'BWD_MHA', 'Compute', 18127.57239238027, 18153.420693632408, 25.84830125214084, 'NONE', 'NONE', 'NONE', 0
'BWD_TP_COMM_INTRA_0', 'Comm', 18153.420693632408, 18153.42427277682, 0.0035791444133333335, 51539607552.0, 'P2P', 'TP', 'INTRA', 4, 2, 3
'BWD_TP_COMM_INTRA_1', 'Comm', 18153.420693632408, 18153.42427277682, 0.0035791444133333335, 51539607552.0, 'P2P', 'TP', 'INTRA', 4, 2, 3
'BWD_TP_COMM_INTRA_2', 'Comm', 18153.420693632408, 18153.42427277682, 0.0035791444133333335, 51539607552.0, 'P2P', 'TP', 'INTRA', 4, 2, 3
'BWD_TP_COMM_INTRA_3', 'Comm', 18153.420693632408, 18153.42427277682, 0.0035791444133333335, 51539607552.0, 'P2P', 'TP', 'INTRA', 4, 2, 3
'BWD_TP_COMM_INTRA_4', 'Comm', 18153.420693632408, 18153.42427277682, 0.0035791444133333335, 51539607552.0, 'P2P', 'TP', 'INTRA', 4, 2, 3
'BWD_TP_COMM_INTRA_5', 'Comm', 18153.420693632408, 18153.42427277682, 0.0035791444133333335, 51539607552.0, 'P2P', 'TP', 'INTRA', 4, 2, 3
'BWD_FFN', 'Compute', 18153.44216849889, 18160.89076237156, 7.4485938726711, 'NONE', 'NONE', 'NONE', 0
'BWD_TP_COMM_INTRA_0', 'Comm', 18160.89076237156, 18160.894341515974, 0.0035791444133333335, 51539607552.0, 'P2P', 'TP', 'INTRA', 4, 2, 3
'BWD_TP_COMM_INTRA_1', 'Comm', 18160.89076237156, 18160.894341515974, 0.0035791444133333335, 51539607552.0, 'P2P', 'TP', 'INTRA', 4, 2, 3
'BWD_TP_COMM_INTRA_2', 'Comm', 18160.89076237156, 18160.894341515974, 0.0035791444133333335, 51539607552.0, 'P2P', 'TP', 'INTRA', 4, 2, 3
'BWD_TP_COMM_INTRA_3', 'Comm', 18160.89076237156, 18160.894341515974, 0.0035791444133333335, 51539607552.0, 'P2P', 'TP', 'INTRA', 4, 2, 3
'BWD_TP_COMM_INTRA_4', 'Comm', 18160.89076237156, 18160.894341515974, 0.0035791444133333335, 51539607552.0, 'P2P', 'TP', 'INTRA', 4, 2, 3
'BWD_TP_COMM_INTRA_5', 'Comm', 18160.89076237156, 18160.894341515974, 0.0035791444133333335, 51539607552.0, 'P2P', 'TP', 'INTRA', 4, 2, 3
'BWD_MHA', 'Compute', 18160.91223723804, 18186.76053849018, 25.84830125214084, 'NONE', 'NONE', 'NONE', 0
'BWD_TP_COMM_INTRA_0', 'Comm', 18186.76053849018, 18186.764117634593, 0.0035791444133333335, 51539607552.0, 'P2P', 'TP', 'INTRA', 4, 2, 3
'BWD_TP_COMM_INTRA_1', 'Comm', 18186.76053849018, 18186.764117634593, 0.0035791444133333335, 51539607552.0, 'P2P', 'TP', 'INTRA', 4, 2, 3
'BWD_TP_COMM_INTRA_2', 'Comm', 18186.76053849018, 18186.764117634593, 0.0035791444133333335, 51539607552.0, 'P2P', 'TP', 'INTRA', 4, 2, 3
'BWD_TP_COMM_INTRA_3', 'Comm', 18186.76053849018, 18186.764117634593, 0.0035791444133333335, 51539607552.0, 'P2P', 'TP', 'INTRA', 4, 2, 3
'BWD_TP_COMM_INTRA_4', 'Comm', 18186.76053849018, 18186.764117634593, 0.0035791444133333335, 51539607552.0, 'P2P', 'TP', 'INTRA', 4, 2, 3
'BWD_TP_COMM_INTRA_5', 'Comm', 18186.76053849018, 18186.764117634593, 0.0035791444133333335, 51539607552.0, 'P2P', 'TP', 'INTRA', 4, 2, 3
'BWD_FFN', 'Compute', 18186.78201335666, 18194.230607229332, 7.4485938726711, 'NONE', 'NONE', 'NONE', 0
'BWD_TP_COMM_INTRA_0', 'Comm', 18194.230607229332, 18194.234186373746, 0.0035791444133333335, 51539607552.0, 'P2P', 'TP', 'INTRA', 4, 2, 3
'BWD_TP_COMM_INTRA_1', 'Comm', 18194.230607229332, 18194.234186373746, 0.0035791444133333335, 51539607552.0, 'P2P', 'TP', 'INTRA', 4, 2, 3
'BWD_TP_COMM_INTRA_2', 'Comm', 18194.230607229332, 18194.234186373746, 0.0035791444133333335, 51539607552.0, 'P2P', 'TP', 'INTRA', 4, 2, 3
'BWD_TP_COMM_INTRA_3', 'Comm', 18194.230607229332, 18194.234186373746, 0.0035791444133333335, 51539607552.0, 'P2P', 'TP', 'INTRA', 4, 2, 3
'BWD_TP_COMM_INTRA_4', 'Comm', 18194.230607229332, 18194.234186373746, 0.0035791444133333335, 51539607552.0, 'P2P', 'TP', 'INTRA', 4, 2, 3
'BWD_TP_COMM_INTRA_5', 'Comm', 18194.230607229332, 18194.234186373746, 0.0035791444133333335, 51539607552.0, 'P2P', 'TP', 'INTRA', 4, 2, 3
'BWD_MHA', 'Compute', 18194.252082095813, 18220.10038334795, 25.84830125214084, 'NONE', 'NONE', 'NONE', 0
'BWD_TP_COMM_INTRA_0', 'Comm', 18220.10038334795, 18220.103962492365, 0.0035791444133333335, 51539607552.0, 'P2P', 'TP', 'INTRA', 4, 2, 3
'BWD_TP_COMM_INTRA_1', 'Comm', 18220.10038334795, 18220.103962492365, 0.0035791444133333335, 51539607552.0, 'P2P', 'TP', 'INTRA', 4, 2, 3
'BWD_TP_COMM_INTRA_2', 'Comm', 18220.10038334795, 18220.103962492365, 0.0035791444133333335, 51539607552.0, 'P2P', 'TP', 'INTRA', 4, 2, 3
'BWD_TP_COMM_INTRA_3', 'Comm', 18220.10038334795, 18220.103962492365, 0.0035791444133333335, 51539607552.0, 'P2P', 'TP', 'INTRA', 4, 2, 3
'BWD_TP_COMM_INTRA_4', 'Comm', 18220.10038334795, 18220.103962492365, 0.0035791444133333335, 51539607552.0, 'P2P', 'TP', 'INTRA', 4, 2, 3
'BWD_TP_COMM_INTRA_5', 'Comm', 18220.10038334795, 18220.103962492365, 0.0035791444133333335, 51539607552.0, 'P2P', 'TP', 'INTRA', 4, 2, 3
'BWD_FFN', 'Compute', 18220.121858214432, 18227.570452087104, 7.4485938726711, 'NONE', 'NONE', 'NONE', 0
'BWD_TP_COMM_INTRA_0', 'Comm', 18227.570452087104, 18227.574031231517, 0.0035791444133333335, 51539607552.0, 'P2P', 'TP', 'INTRA', 4, 2, 3
'BWD_TP_COMM_INTRA_1', 'Comm', 18227.570452087104, 18227.574031231517, 0.0035791444133333335, 51539607552.0, 'P2P', 'TP', 'INTRA', 4, 2, 3
'BWD_TP_COMM_INTRA_2', 'Comm', 18227.570452087104, 18227.574031231517, 0.0035791444133333335, 51539607552.0, 'P2P', 'TP', 'INTRA', 4, 2, 3
'BWD_TP_COMM_INTRA_3', 'Comm', 18227.570452087104, 18227.574031231517, 0.0035791444133333335, 51539607552.0, 'P2P', 'TP', 'INTRA', 4, 2, 3
'BWD_TP_COMM_INTRA_4', 'Comm', 18227.570452087104, 18227.574031231517, 0.0035791444133333335, 51539607552.0, 'P2P', 'TP', 'INTRA', 4, 2, 3
'BWD_TP_COMM_INTRA_5', 'Comm', 18227.570452087104, 18227.574031231517, 0.0035791444133333335, 51539607552.0, 'P2P', 'TP', 'INTRA', 4, 2, 3
'BWD_MHA', 'Compute', 18227.591926953584, 18253.440228205724, 25.84830125214084, 'NONE', 'NONE', 'NONE', 0
'BWD_TP_COMM_INTRA_0', 'Comm', 18253.440228205724, 18253.443807350137, 0.0035791444133333335, 51539607552.0, 'P2P', 'TP', 'INTRA', 4, 2, 3
'BWD_TP_COMM_INTRA_1', 'Comm', 18253.440228205724, 18253.443807350137, 0.0035791444133333335, 51539607552.0, 'P2P', 'TP', 'INTRA', 4, 2, 3
'BWD_TP_COMM_INTRA_2', 'Comm', 18253.440228205724, 18253.443807350137, 0.0035791444133333335, 51539607552.0, 'P2P', 'TP', 'INTRA', 4, 2, 3
'BWD_TP_COMM_INTRA_3', 'Comm', 18253.440228205724, 18253.443807350137, 0.0035791444133333335, 51539607552.0, 'P2P', 'TP', 'INTRA', 4, 2, 3
'BWD_TP_COMM_INTRA_4', 'Comm', 18253.440228205724, 18253.443807350137, 0.0035791444133333335, 51539607552.0, 'P2P', 'TP', 'INTRA', 4, 2, 3
'BWD_TP_COMM_INTRA_5', 'Comm', 18253.440228205724, 18253.443807350137, 0.0035791444133333335, 51539607552.0, 'P2P', 'TP', 'INTRA', 4, 2, 3
'BWD_FFN', 'Compute', 18253.461703072204, 18260.910296944876, 7.4485938726711, 'NONE', 'NONE', 'NONE', 0
'BWD_TP_COMM_INTRA_0', 'Comm', 18260.910296944876, 18260.91387608929, 0.0035791444133333335, 51539607552.0, 'P2P', 'TP', 'INTRA', 4, 2, 3
'BWD_TP_COMM_INTRA_1', 'Comm', 18260.910296944876, 18260.91387608929, 0.0035791444133333335, 51539607552.0, 'P2P', 'TP', 'INTRA', 4, 2, 3
'BWD_TP_COMM_INTRA_2', 'Comm', 18260.910296944876, 18260.91387608929, 0.0035791444133333335, 51539607552.0, 'P2P', 'TP', 'INTRA', 4, 2, 3
'BWD_TP_COMM_INTRA_3', 'Comm', 18260.910296944876, 18260.91387608929, 0.0035791444133333335, 51539607552.0, 'P2P', 'TP', 'INTRA', 4, 2, 3
'BWD_TP_COMM_INTRA_4', 'Comm', 18260.910296944876, 18260.91387608929, 0.0035791444133333335, 51539607552.0, 'P2P', 'TP', 'INTRA', 4, 2, 3
'BWD_TP_COMM_INTRA_5', 'Comm', 18260.910296944876, 18260.91387608929, 0.0035791444133333335, 51539607552.0, 'P2P', 'TP', 'INTRA', 4, 2, 3
'BWD_MHA', 'Compute', 18260.931771811356, 18286.780073063495, 25.84830125214084, 'NONE', 'NONE', 'NONE', 0
'BWD_TP_COMM_INTRA_0', 'Comm', 18286.780073063495, 18286.78365220791, 0.0035791444133333335, 51539607552.0, 'P2P', 'TP', 'INTRA', 4, 2, 3
'BWD_TP_COMM_INTRA_1', 'Comm', 18286.780073063495, 18286.78365220791, 0.0035791444133333335, 51539607552.0, 'P2P', 'TP', 'INTRA', 4, 2, 3
'BWD_TP_COMM_INTRA_2', 'Comm', 18286.780073063495, 18286.78365220791, 0.0035791444133333335, 51539607552.0, 'P2P', 'TP', 'INTRA', 4, 2, 3
'BWD_TP_COMM_INTRA_3', 'Comm', 18286.780073063495, 18286.78365220791, 0.0035791444133333335, 51539607552.0, 'P2P', 'TP', 'INTRA', 4, 2, 3
'BWD_TP_COMM_INTRA_4', 'Comm', 18286.780073063495, 18286.78365220791, 0.0035791444133333335, 51539607552.0, 'P2P', 'TP', 'INTRA', 4, 2, 3
'BWD_TP_COMM_INTRA_5', 'Comm', 18286.780073063495, 18286.78365220791, 0.0035791444133333335, 51539607552.0, 'P2P', 'TP', 'INTRA', 4, 2, 3
'BWD_FFN', 'Compute', 18286.801547929976, 18294.250141802648, 7.4485938726711, 'NONE', 'NONE', 'NONE', 0
'BWD_TP_COMM_INTRA_0', 'Comm', 18294.250141802648, 18294.25372094706, 0.0035791444133333335, 51539607552.0, 'P2P', 'TP', 'INTRA', 4, 2, 3
'BWD_TP_COMM_INTRA_1', 'Comm', 18294.250141802648, 18294.25372094706, 0.0035791444133333335, 51539607552.0, 'P2P', 'TP', 'INTRA', 4, 2, 3
'BWD_TP_COMM_INTRA_2', 'Comm', 18294.250141802648, 18294.25372094706, 0.0035791444133333335, 51539607552.0, 'P2P', 'TP', 'INTRA', 4, 2, 3
'BWD_TP_COMM_INTRA_3', 'Comm', 18294.250141802648, 18294.25372094706, 0.0035791444133333335, 51539607552.0, 'P2P', 'TP', 'INTRA', 4, 2, 3
'BWD_TP_COMM_INTRA_4', 'Comm', 18294.250141802648, 18294.25372094706, 0.0035791444133333335, 51539607552.0, 'P2P', 'TP', 'INTRA', 4, 2, 3
'BWD_TP_COMM_INTRA_5', 'Comm', 18294.250141802648, 18294.25372094706, 0.0035791444133333335, 51539607552.0, 'P2P', 'TP', 'INTRA', 4, 2, 3
'BWD_MHA', 'Compute', 18294.271616669128, 18320.119917921267, 25.84830125214084, 'NONE', 'NONE', 'NONE', 0
'BWD_TP_COMM_INTRA_0', 'Comm', 18320.119917921267, 18320.12349706568, 0.0035791444133333335, 51539607552.0, 'P2P', 'TP', 'INTRA', 4, 2, 3
'BWD_TP_COMM_INTRA_1', 'Comm', 18320.119917921267, 18320.12349706568, 0.0035791444133333335, 51539607552.0, 'P2P', 'TP', 'INTRA', 4, 2, 3
'BWD_TP_COMM_INTRA_2', 'Comm', 18320.119917921267, 18320.12349706568, 0.0035791444133333335, 51539607552.0, 'P2P', 'TP', 'INTRA', 4, 2, 3
'BWD_TP_COMM_INTRA_3', 'Comm', 18320.119917921267, 18320.12349706568, 0.0035791444133333335, 51539607552.0, 'P2P', 'TP', 'INTRA', 4, 2, 3
'BWD_TP_COMM_INTRA_4', 'Comm', 18320.119917921267, 18320.12349706568, 0.0035791444133333335, 51539607552.0, 'P2P', 'TP', 'INTRA', 4, 2, 3
'BWD_TP_COMM_INTRA_5', 'Comm', 18320.119917921267, 18320.12349706568, 0.0035791444133333335, 51539607552.0, 'P2P', 'TP', 'INTRA', 4, 2, 3
'BWD_FFN', 'Compute', 18320.141392787747, 18327.58998666042, 7.4485938726711, 'NONE', 'NONE', 'NONE', 0
'BWD_TP_COMM_INTRA_0', 'Comm', 18327.58998666042, 18327.593565804833, 0.0035791444133333335, 51539607552.0, 'P2P', 'TP', 'INTRA', 4, 2, 3
'BWD_TP_COMM_INTRA_1', 'Comm', 18327.58998666042, 18327.593565804833, 0.0035791444133333335, 51539607552.0, 'P2P', 'TP', 'INTRA', 4, 2, 3
'BWD_TP_COMM_INTRA_2', 'Comm', 18327.58998666042, 18327.593565804833, 0.0035791444133333335, 51539607552.0, 'P2P', 'TP', 'INTRA', 4, 2, 3
'BWD_TP_COMM_INTRA_3', 'Comm', 18327.58998666042, 18327.593565804833, 0.0035791444133333335, 51539607552.0, 'P2P', 'TP', 'INTRA', 4, 2, 3
'BWD_TP_COMM_INTRA_4', 'Comm', 18327.58998666042, 18327.593565804833, 0.0035791444133333335, 51539607552.0, 'P2P', 'TP', 'INTRA', 4, 2, 3
'BWD_TP_COMM_INTRA_5', 'Comm', 18327.58998666042, 18327.593565804833, 0.0035791444133333335, 51539607552.0, 'P2P', 'TP', 'INTRA', 4, 2, 3
'BWD_MHA', 'Compute', 18327.6114615269, 18353.45976277904, 25.84830125214084, 'NONE', 'NONE', 'NONE', 0
'BWD_TP_COMM_INTRA_0', 'Comm', 18353.45976277904, 18353.463341923452, 0.0035791444133333335, 51539607552.0, 'P2P', 'TP', 'INTRA', 4, 2, 3
'BWD_TP_COMM_INTRA_1', 'Comm', 18353.45976277904, 18353.463341923452, 0.0035791444133333335, 51539607552.0, 'P2P', 'TP', 'INTRA', 4, 2, 3
'BWD_TP_COMM_INTRA_2', 'Comm', 18353.45976277904, 18353.463341923452, 0.0035791444133333335, 51539607552.0, 'P2P', 'TP', 'INTRA', 4, 2, 3
'BWD_TP_COMM_INTRA_3', 'Comm', 18353.45976277904, 18353.463341923452, 0.0035791444133333335, 51539607552.0, 'P2P', 'TP', 'INTRA', 4, 2, 3
'BWD_TP_COMM_INTRA_4', 'Comm', 18353.45976277904, 18353.463341923452, 0.0035791444133333335, 51539607552.0, 'P2P', 'TP', 'INTRA', 4, 2, 3
'BWD_TP_COMM_INTRA_5', 'Comm', 18353.45976277904, 18353.463341923452, 0.0035791444133333335, 51539607552.0, 'P2P', 'TP', 'INTRA', 4, 2, 3
'BWD_FFN', 'Compute', 18353.48123764552, 18360.92983151819, 7.4485938726711, 'NONE', 'NONE', 'NONE', 0
'BWD_TP_COMM_INTRA_0', 'Comm', 18360.92983151819, 18360.933410662605, 0.0035791444133333335, 51539607552.0, 'P2P', 'TP', 'INTRA', 4, 2, 3
'BWD_TP_COMM_INTRA_1', 'Comm', 18360.92983151819, 18360.933410662605, 0.0035791444133333335, 51539607552.0, 'P2P', 'TP', 'INTRA', 4, 2, 3
'BWD_TP_COMM_INTRA_2', 'Comm', 18360.92983151819, 18360.933410662605, 0.0035791444133333335, 51539607552.0, 'P2P', 'TP', 'INTRA', 4, 2, 3
'BWD_TP_COMM_INTRA_3', 'Comm', 18360.92983151819, 18360.933410662605, 0.0035791444133333335, 51539607552.0, 'P2P', 'TP', 'INTRA', 4, 2, 3
'BWD_TP_COMM_INTRA_4', 'Comm', 18360.92983151819, 18360.933410662605, 0.0035791444133333335, 51539607552.0, 'P2P', 'TP', 'INTRA', 4, 2, 3
'BWD_TP_COMM_INTRA_5', 'Comm', 18360.92983151819, 18360.933410662605, 0.0035791444133333335, 51539607552.0, 'P2P', 'TP', 'INTRA', 4, 2, 3
'BWD_MHA', 'Compute', 18360.95130638467, 18386.79960763681, 25.84830125214084, 'NONE', 'NONE', 'NONE', 0
'BWD_TP_COMM_INTRA_0', 'Comm', 18386.79960763681, 18386.803186781224, 0.0035791444133333335, 51539607552.0, 'P2P', 'TP', 'INTRA', 4, 2, 3
'BWD_TP_COMM_INTRA_1', 'Comm', 18386.79960763681, 18386.803186781224, 0.0035791444133333335, 51539607552.0, 'P2P', 'TP', 'INTRA', 4, 2, 3
'BWD_TP_COMM_INTRA_2', 'Comm', 18386.79960763681, 18386.803186781224, 0.0035791444133333335, 51539607552.0, 'P2P', 'TP', 'INTRA', 4, 2, 3
'BWD_TP_COMM_INTRA_3', 'Comm', 18386.79960763681, 18386.803186781224, 0.0035791444133333335, 51539607552.0, 'P2P', 'TP', 'INTRA', 4, 2, 3
'BWD_TP_COMM_INTRA_4', 'Comm', 18386.79960763681, 18386.803186781224, 0.0035791444133333335, 51539607552.0, 'P2P', 'TP', 'INTRA', 4, 2, 3
'BWD_TP_COMM_INTRA_5', 'Comm', 18386.79960763681, 18386.803186781224, 0.0035791444133333335, 51539607552.0, 'P2P', 'TP', 'INTRA', 4, 2, 3
'BWD_FFN', 'Compute', 18386.82108250329, 18394.269676375963, 7.4485938726711, 'NONE', 'NONE', 'NONE', 0
'BWD_TP_COMM_INTRA_0', 'Comm', 18394.269676375963, 18394.273255520377, 0.0035791444133333335, 51539607552.0, 'P2P', 'TP', 'INTRA', 4, 2, 3
'BWD_TP_COMM_INTRA_1', 'Comm', 18394.269676375963, 18394.273255520377, 0.0035791444133333335, 51539607552.0, 'P2P', 'TP', 'INTRA', 4, 2, 3
'BWD_TP_COMM_INTRA_2', 'Comm', 18394.269676375963, 18394.273255520377, 0.0035791444133333335, 51539607552.0, 'P2P', 'TP', 'INTRA', 4, 2, 3
'BWD_TP_COMM_INTRA_3', 'Comm', 18394.269676375963, 18394.273255520377, 0.0035791444133333335, 51539607552.0, 'P2P', 'TP', 'INTRA', 4, 2, 3
'BWD_TP_COMM_INTRA_4', 'Comm', 18394.269676375963, 18394.273255520377, 0.0035791444133333335, 51539607552.0, 'P2P', 'TP', 'INTRA', 4, 2, 3
'BWD_TP_COMM_INTRA_5', 'Comm', 18394.269676375963, 18394.273255520377, 0.0035791444133333335, 51539607552.0, 'P2P', 'TP', 'INTRA', 4, 2, 3
'BWD_MHA', 'Compute', 18394.291151242443, 18420.139452494583, 25.84830125214084, 'NONE', 'NONE', 'NONE', 0
'BWD_TP_COMM_INTRA_0', 'Comm', 18420.139452494583, 18420.143031638996, 0.0035791444133333335, 51539607552.0, 'P2P', 'TP', 'INTRA', 4, 2, 3
'BWD_TP_COMM_INTRA_1', 'Comm', 18420.139452494583, 18420.143031638996, 0.0035791444133333335, 51539607552.0, 'P2P', 'TP', 'INTRA', 4, 2, 3
'BWD_TP_COMM_INTRA_2', 'Comm', 18420.139452494583, 18420.143031638996, 0.0035791444133333335, 51539607552.0, 'P2P', 'TP', 'INTRA', 4, 2, 3
'BWD_TP_COMM_INTRA_3', 'Comm', 18420.139452494583, 18420.143031638996, 0.0035791444133333335, 51539607552.0, 'P2P', 'TP', 'INTRA', 4, 2, 3
'BWD_TP_COMM_INTRA_4', 'Comm', 18420.139452494583, 18420.143031638996, 0.0035791444133333335, 51539607552.0, 'P2P', 'TP', 'INTRA', 4, 2, 3
'BWD_TP_COMM_INTRA_5', 'Comm', 18420.139452494583, 18420.143031638996, 0.0035791444133333335, 51539607552.0, 'P2P', 'TP', 'INTRA', 4, 2, 3
'BWD_FFN', 'Compute', 18420.160927361063, 18427.609521233735, 7.4485938726711, 'NONE', 'NONE', 'NONE', 0
'BWD_TP_COMM_INTRA_0', 'Comm', 18427.609521233735, 18427.61310037815, 0.0035791444133333335, 51539607552.0, 'P2P', 'TP', 'INTRA', 4, 2, 3
'BWD_TP_COMM_INTRA_1', 'Comm', 18427.609521233735, 18427.61310037815, 0.0035791444133333335, 51539607552.0, 'P2P', 'TP', 'INTRA', 4, 2, 3
'BWD_TP_COMM_INTRA_2', 'Comm', 18427.609521233735, 18427.61310037815, 0.0035791444133333335, 51539607552.0, 'P2P', 'TP', 'INTRA', 4, 2, 3
'BWD_TP_COMM_INTRA_3', 'Comm', 18427.609521233735, 18427.61310037815, 0.0035791444133333335, 51539607552.0, 'P2P', 'TP', 'INTRA', 4, 2, 3
'BWD_TP_COMM_INTRA_4', 'Comm', 18427.609521233735, 18427.61310037815, 0.0035791444133333335, 51539607552.0, 'P2P', 'TP', 'INTRA', 4, 2, 3
'BWD_TP_COMM_INTRA_5', 'Comm', 18427.609521233735, 18427.61310037815, 0.0035791444133333335, 51539607552.0, 'P2P', 'TP', 'INTRA', 4, 2, 3
'BWD_MHA', 'Compute', 18427.630996100215, 18453.479297352354, 25.84830125214084, 'NONE', 'NONE', 'NONE', 0
'BWD_TP_COMM_INTRA_0', 'Comm', 18453.479297352354, 18453.482876496768, 0.0035791444133333335, 51539607552.0, 'P2P', 'TP', 'INTRA', 4, 2, 3
'BWD_TP_COMM_INTRA_1', 'Comm', 18453.479297352354, 18453.482876496768, 0.0035791444133333335, 51539607552.0, 'P2P', 'TP', 'INTRA', 4, 2, 3
'BWD_TP_COMM_INTRA_2', 'Comm', 18453.479297352354, 18453.482876496768, 0.0035791444133333335, 51539607552.0, 'P2P', 'TP', 'INTRA', 4, 2, 3
'BWD_TP_COMM_INTRA_3', 'Comm', 18453.479297352354, 18453.482876496768, 0.0035791444133333335, 51539607552.0, 'P2P', 'TP', 'INTRA', 4, 2, 3
'BWD_TP_COMM_INTRA_4', 'Comm', 18453.479297352354, 18453.482876496768, 0.0035791444133333335, 51539607552.0, 'P2P', 'TP', 'INTRA', 4, 2, 3
'BWD_TP_COMM_INTRA_5', 'Comm', 18453.479297352354, 18453.482876496768, 0.0035791444133333335, 51539607552.0, 'P2P', 'TP', 'INTRA', 4, 2, 3
'BWD_FFN', 'Compute', 18453.500772218835, 18460.949366091507, 7.4485938726711, 'NONE', 'NONE', 'NONE', 0
'BWD_TP_COMM_INTRA_0', 'Comm', 18460.949366091507, 18460.95294523592, 0.0035791444133333335, 51539607552.0, 'P2P', 'TP', 'INTRA', 4, 2, 3
'BWD_TP_COMM_INTRA_1', 'Comm', 18460.949366091507, 18460.95294523592, 0.0035791444133333335, 51539607552.0, 'P2P', 'TP', 'INTRA', 4, 2, 3
'BWD_TP_COMM_INTRA_2', 'Comm', 18460.949366091507, 18460.95294523592, 0.0035791444133333335, 51539607552.0, 'P2P', 'TP', 'INTRA', 4, 2, 3
'BWD_TP_COMM_INTRA_3', 'Comm', 18460.949366091507, 18460.95294523592, 0.0035791444133333335, 51539607552.0, 'P2P', 'TP', 'INTRA', 4, 2, 3
'BWD_TP_COMM_INTRA_4', 'Comm', 18460.949366091507, 18460.95294523592, 0.0035791444133333335, 51539607552.0, 'P2P', 'TP', 'INTRA', 4, 2, 3
'BWD_TP_COMM_INTRA_5', 'Comm', 18460.949366091507, 18460.95294523592, 0.0035791444133333335, 51539607552.0, 'P2P', 'TP', 'INTRA', 4, 2, 3
'BWD_MHA', 'Compute', 18460.970840957987, 18486.819142210126, 25.84830125214084, 'NONE', 'NONE', 'NONE', 0
'BWD_TP_COMM_INTRA_0', 'Comm', 18486.819142210126, 18486.82272135454, 0.0035791444133333335, 51539607552.0, 'P2P', 'TP', 'INTRA', 4, 2, 3
'BWD_TP_COMM_INTRA_1', 'Comm', 18486.819142210126, 18486.82272135454, 0.0035791444133333335, 51539607552.0, 'P2P', 'TP', 'INTRA', 4, 2, 3
'BWD_TP_COMM_INTRA_2', 'Comm', 18486.819142210126, 18486.82272135454, 0.0035791444133333335, 51539607552.0, 'P2P', 'TP', 'INTRA', 4, 2, 3
'BWD_TP_COMM_INTRA_3', 'Comm', 18486.819142210126, 18486.82272135454, 0.0035791444133333335, 51539607552.0, 'P2P', 'TP', 'INTRA', 4, 2, 3
'BWD_TP_COMM_INTRA_4', 'Comm', 18486.819142210126, 18486.82272135454, 0.0035791444133333335, 51539607552.0, 'P2P', 'TP', 'INTRA', 4, 2, 3
'BWD_TP_COMM_INTRA_5', 'Comm', 18486.819142210126, 18486.82272135454, 0.0035791444133333335, 51539607552.0, 'P2P', 'TP', 'INTRA', 4, 2, 3
'BWD_FFN', 'Compute', 18486.840617076607, 18494.28921094928, 7.4485938726711, 'NONE', 'NONE', 'NONE', 0
'BWD_TP_COMM_INTRA_0', 'Comm', 18494.28921094928, 18494.292790093692, 0.0035791444133333335, 51539607552.0, 'P2P', 'TP', 'INTRA', 4, 2, 3
'BWD_TP_COMM_INTRA_1', 'Comm', 18494.28921094928, 18494.292790093692, 0.0035791444133333335, 51539607552.0, 'P2P', 'TP', 'INTRA', 4, 2, 3
'BWD_TP_COMM_INTRA_2', 'Comm', 18494.28921094928, 18494.292790093692, 0.0035791444133333335, 51539607552.0, 'P2P', 'TP', 'INTRA', 4, 2, 3
'BWD_TP_COMM_INTRA_3', 'Comm', 18494.28921094928, 18494.292790093692, 0.0035791444133333335, 51539607552.0, 'P2P', 'TP', 'INTRA', 4, 2, 3
'BWD_TP_COMM_INTRA_4', 'Comm', 18494.28921094928, 18494.292790093692, 0.0035791444133333335, 51539607552.0, 'P2P', 'TP', 'INTRA', 4, 2, 3
'BWD_TP_COMM_INTRA_5', 'Comm', 18494.28921094928, 18494.292790093692, 0.0035791444133333335, 51539607552.0, 'P2P', 'TP', 'INTRA', 4, 2, 3
'BWD_MHA', 'Compute', 18494.31068581576, 18520.158987067898, 25.84830125214084, 'NONE', 'NONE', 'NONE', 0
'BWD_TP_COMM_INTRA_0', 'Comm', 18520.158987067898, 18520.16256621231, 0.0035791444133333335, 51539607552.0, 'P2P', 'TP', 'INTRA', 4, 2, 3
'BWD_TP_COMM_INTRA_1', 'Comm', 18520.158987067898, 18520.16256621231, 0.0035791444133333335, 51539607552.0, 'P2P', 'TP', 'INTRA', 4, 2, 3
'BWD_TP_COMM_INTRA_2', 'Comm', 18520.158987067898, 18520.16256621231, 0.0035791444133333335, 51539607552.0, 'P2P', 'TP', 'INTRA', 4, 2, 3
'BWD_TP_COMM_INTRA_3', 'Comm', 18520.158987067898, 18520.16256621231, 0.0035791444133333335, 51539607552.0, 'P2P', 'TP', 'INTRA', 4, 2, 3
'BWD_TP_COMM_INTRA_4', 'Comm', 18520.158987067898, 18520.16256621231, 0.0035791444133333335, 51539607552.0, 'P2P', 'TP', 'INTRA', 4, 2, 3
'BWD_TP_COMM_INTRA_5', 'Comm', 18520.158987067898, 18520.16256621231, 0.0035791444133333335, 51539607552.0, 'P2P', 'TP', 'INTRA', 4, 2, 3
'BWD_FFN', 'Compute', 18520.18046193438, 18527.62905580705, 7.4485938726711, 'NONE', 'NONE', 'NONE', 0
'BWD_TP_COMM_INTRA_0', 'Comm', 18527.62905580705, 18527.632634951464, 0.0035791444133333335, 51539607552.0, 'P2P', 'TP', 'INTRA', 4, 2, 3
'BWD_TP_COMM_INTRA_1', 'Comm', 18527.62905580705, 18527.632634951464, 0.0035791444133333335, 51539607552.0, 'P2P', 'TP', 'INTRA', 4, 2, 3
'BWD_TP_COMM_INTRA_2', 'Comm', 18527.62905580705, 18527.632634951464, 0.0035791444133333335, 51539607552.0, 'P2P', 'TP', 'INTRA', 4, 2, 3
'BWD_TP_COMM_INTRA_3', 'Comm', 18527.62905580705, 18527.632634951464, 0.0035791444133333335, 51539607552.0, 'P2P', 'TP', 'INTRA', 4, 2, 3
'BWD_TP_COMM_INTRA_4', 'Comm', 18527.62905580705, 18527.632634951464, 0.0035791444133333335, 51539607552.0, 'P2P', 'TP', 'INTRA', 4, 2, 3
'BWD_TP_COMM_INTRA_5', 'Comm', 18527.62905580705, 18527.632634951464, 0.0035791444133333335, 51539607552.0, 'P2P', 'TP', 'INTRA', 4, 2, 3
'BWD_MHA', 'Compute', 18527.65053067353, 18553.49883192567, 25.84830125214084, 'NONE', 'NONE', 'NONE', 0
'BWD_TP_COMM_INTRA_0', 'Comm', 18553.49883192567, 18553.502411070083, 0.0035791444133333335, 51539607552.0, 'P2P', 'TP', 'INTRA', 4, 2, 3
'BWD_TP_COMM_INTRA_1', 'Comm', 18553.49883192567, 18553.502411070083, 0.0035791444133333335, 51539607552.0, 'P2P', 'TP', 'INTRA', 4, 2, 3
'BWD_TP_COMM_INTRA_2', 'Comm', 18553.49883192567, 18553.502411070083, 0.0035791444133333335, 51539607552.0, 'P2P', 'TP', 'INTRA', 4, 2, 3
'BWD_TP_COMM_INTRA_3', 'Comm', 18553.49883192567, 18553.502411070083, 0.0035791444133333335, 51539607552.0, 'P2P', 'TP', 'INTRA', 4, 2, 3
'BWD_TP_COMM_INTRA_4', 'Comm', 18553.49883192567, 18553.502411070083, 0.0035791444133333335, 51539607552.0, 'P2P', 'TP', 'INTRA', 4, 2, 3
'BWD_TP_COMM_INTRA_5', 'Comm', 18553.49883192567, 18553.502411070083, 0.0035791444133333335, 51539607552.0, 'P2P', 'TP', 'INTRA', 4, 2, 3
'BWD_FFN', 'Compute', 18553.52030679215, 18560.968900664822, 7.4485938726711, 'NONE', 'NONE', 'NONE', 0
'BWD_TP_COMM_INTRA_0', 'Comm', 18560.968900664822, 18560.972479809236, 0.0035791444133333335, 51539607552.0, 'P2P', 'TP', 'INTRA', 4, 2, 3
'BWD_TP_COMM_INTRA_1', 'Comm', 18560.968900664822, 18560.972479809236, 0.0035791444133333335, 51539607552.0, 'P2P', 'TP', 'INTRA', 4, 2, 3
'BWD_TP_COMM_INTRA_2', 'Comm', 18560.968900664822, 18560.972479809236, 0.0035791444133333335, 51539607552.0, 'P2P', 'TP', 'INTRA', 4, 2, 3
'BWD_TP_COMM_INTRA_3', 'Comm', 18560.968900664822, 18560.972479809236, 0.0035791444133333335, 51539607552.0, 'P2P', 'TP', 'INTRA', 4, 2, 3
'BWD_TP_COMM_INTRA_4', 'Comm', 18560.968900664822, 18560.972479809236, 0.0035791444133333335, 51539607552.0, 'P2P', 'TP', 'INTRA', 4, 2, 3
'BWD_TP_COMM_INTRA_5', 'Comm', 18560.968900664822, 18560.972479809236, 0.0035791444133333335, 51539607552.0, 'P2P', 'TP', 'INTRA', 4, 2, 3
'BWD_MHA', 'Compute', 18560.990375531303, 18586.83867678344, 25.84830125214084, 'NONE', 'NONE', 'NONE', 0
'BWD_TP_COMM_INTRA_0', 'Comm', 18586.83867678344, 18586.842255927855, 0.0035791444133333335, 51539607552.0, 'P2P', 'TP', 'INTRA', 4, 2, 3
'BWD_TP_COMM_INTRA_1', 'Comm', 18586.83867678344, 18586.842255927855, 0.0035791444133333335, 51539607552.0, 'P2P', 'TP', 'INTRA', 4, 2, 3
'BWD_TP_COMM_INTRA_2', 'Comm', 18586.83867678344, 18586.842255927855, 0.0035791444133333335, 51539607552.0, 'P2P', 'TP', 'INTRA', 4, 2, 3
'BWD_TP_COMM_INTRA_3', 'Comm', 18586.83867678344, 18586.842255927855, 0.0035791444133333335, 51539607552.0, 'P2P', 'TP', 'INTRA', 4, 2, 3
'BWD_TP_COMM_INTRA_4', 'Comm', 18586.83867678344, 18586.842255927855, 0.0035791444133333335, 51539607552.0, 'P2P', 'TP', 'INTRA', 4, 2, 3
'BWD_TP_COMM_INTRA_5', 'Comm', 18586.83867678344, 18586.842255927855, 0.0035791444133333335, 51539607552.0, 'P2P', 'TP', 'INTRA', 4, 2, 3
'BWD_FFN', 'Compute', 18586.860151649922, 18594.308745522594, 7.4485938726711, 'NONE', 'NONE', 'NONE', 0
'BWD_TP_COMM_INTRA_0', 'Comm', 18594.308745522594, 18594.312324667007, 0.0035791444133333335, 51539607552.0, 'P2P', 'TP', 'INTRA', 4, 2, 3
'BWD_TP_COMM_INTRA_1', 'Comm', 18594.308745522594, 18594.312324667007, 0.0035791444133333335, 51539607552.0, 'P2P', 'TP', 'INTRA', 4, 2, 3
'BWD_TP_COMM_INTRA_2', 'Comm', 18594.308745522594, 18594.312324667007, 0.0035791444133333335, 51539607552.0, 'P2P', 'TP', 'INTRA', 4, 2, 3
'BWD_TP_COMM_INTRA_3', 'Comm', 18594.308745522594, 18594.312324667007, 0.0035791444133333335, 51539607552.0, 'P2P', 'TP', 'INTRA', 4, 2, 3
'BWD_TP_COMM_INTRA_4', 'Comm', 18594.308745522594, 18594.312324667007, 0.0035791444133333335, 51539607552.0, 'P2P', 'TP', 'INTRA', 4, 2, 3
'BWD_TP_COMM_INTRA_5', 'Comm', 18594.308745522594, 18594.312324667007, 0.0035791444133333335, 51539607552.0, 'P2P', 'TP', 'INTRA', 4, 2, 3
'BWD_MHA', 'Compute', 18594.330220389074, 18620.178521641214, 25.84830125214084, 'NONE', 'NONE', 'NONE', 0
'BWD_TP_COMM_INTRA_0', 'Comm', 18620.178521641214, 18620.182100785627, 0.0035791444133333335, 51539607552.0, 'P2P', 'TP', 'INTRA', 4, 2, 3
'BWD_TP_COMM_INTRA_1', 'Comm', 18620.178521641214, 18620.182100785627, 0.0035791444133333335, 51539607552.0, 'P2P', 'TP', 'INTRA', 4, 2, 3
'BWD_TP_COMM_INTRA_2', 'Comm', 18620.178521641214, 18620.182100785627, 0.0035791444133333335, 51539607552.0, 'P2P', 'TP', 'INTRA', 4, 2, 3
'BWD_TP_COMM_INTRA_3', 'Comm', 18620.178521641214, 18620.182100785627, 0.0035791444133333335, 51539607552.0, 'P2P', 'TP', 'INTRA', 4, 2, 3
'BWD_TP_COMM_INTRA_4', 'Comm', 18620.178521641214, 18620.182100785627, 0.0035791444133333335, 51539607552.0, 'P2P', 'TP', 'INTRA', 4, 2, 3
'BWD_TP_COMM_INTRA_5', 'Comm', 18620.178521641214, 18620.182100785627, 0.0035791444133333335, 51539607552.0, 'P2P', 'TP', 'INTRA', 4, 2, 3
'BWD_FFN', 'Compute', 18620.199996507694, 18627.648590380366, 7.4485938726711, 'NONE', 'NONE', 'NONE', 0
'BWD_TP_COMM_INTRA_0', 'Comm', 18627.648590380366, 18627.65216952478, 0.0035791444133333335, 51539607552.0, 'P2P', 'TP', 'INTRA', 4, 2, 3
'BWD_TP_COMM_INTRA_1', 'Comm', 18627.648590380366, 18627.65216952478, 0.0035791444133333335, 51539607552.0, 'P2P', 'TP', 'INTRA', 4, 2, 3
'BWD_TP_COMM_INTRA_2', 'Comm', 18627.648590380366, 18627.65216952478, 0.0035791444133333335, 51539607552.0, 'P2P', 'TP', 'INTRA', 4, 2, 3
'BWD_TP_COMM_INTRA_3', 'Comm', 18627.648590380366, 18627.65216952478, 0.0035791444133333335, 51539607552.0, 'P2P', 'TP', 'INTRA', 4, 2, 3
'BWD_TP_COMM_INTRA_4', 'Comm', 18627.648590380366, 18627.65216952478, 0.0035791444133333335, 51539607552.0, 'P2P', 'TP', 'INTRA', 4, 2, 3
'BWD_TP_COMM_INTRA_5', 'Comm', 18627.648590380366, 18627.65216952478, 0.0035791444133333335, 51539607552.0, 'P2P', 'TP', 'INTRA', 4, 2, 3
'BWD_MHA', 'Compute', 18627.670065246846, 18653.518366498985, 25.84830125214084, 'NONE', 'NONE', 'NONE', 0
'BWD_TP_COMM_INTRA_0', 'Comm', 18653.518366498985, 18653.5219456434, 0.0035791444133333335, 51539607552.0, 'P2P', 'TP', 'INTRA', 4, 2, 3
'BWD_TP_COMM_INTRA_1', 'Comm', 18653.518366498985, 18653.5219456434, 0.0035791444133333335, 51539607552.0, 'P2P', 'TP', 'INTRA', 4, 2, 3
'BWD_TP_COMM_INTRA_2', 'Comm', 18653.518366498985, 18653.5219456434, 0.0035791444133333335, 51539607552.0, 'P2P', 'TP', 'INTRA', 4, 2, 3
'BWD_TP_COMM_INTRA_3', 'Comm', 18653.518366498985, 18653.5219456434, 0.0035791444133333335, 51539607552.0, 'P2P', 'TP', 'INTRA', 4, 2, 3
'BWD_TP_COMM_INTRA_4', 'Comm', 18653.518366498985, 18653.5219456434, 0.0035791444133333335, 51539607552.0, 'P2P', 'TP', 'INTRA', 4, 2, 3
'BWD_TP_COMM_INTRA_5', 'Comm', 18653.518366498985, 18653.5219456434, 0.0035791444133333335, 51539607552.0, 'P2P', 'TP', 'INTRA', 4, 2, 3
'BWD_FFN', 'Compute', 18653.539841365466, 18660.988435238138, 7.4485938726711, 'NONE', 'NONE', 'NONE', 0
'BWD_TP_COMM_INTRA_0', 'Comm', 18660.988435238138, 18660.99201438255, 0.0035791444133333335, 51539607552.0, 'P2P', 'TP', 'INTRA', 4, 2, 3
'BWD_TP_COMM_INTRA_1', 'Comm', 18660.988435238138, 18660.99201438255, 0.0035791444133333335, 51539607552.0, 'P2P', 'TP', 'INTRA', 4, 2, 3
'BWD_TP_COMM_INTRA_2', 'Comm', 18660.988435238138, 18660.99201438255, 0.0035791444133333335, 51539607552.0, 'P2P', 'TP', 'INTRA', 4, 2, 3
'BWD_TP_COMM_INTRA_3', 'Comm', 18660.988435238138, 18660.99201438255, 0.0035791444133333335, 51539607552.0, 'P2P', 'TP', 'INTRA', 4, 2, 3
'BWD_TP_COMM_INTRA_4', 'Comm', 18660.988435238138, 18660.99201438255, 0.0035791444133333335, 51539607552.0, 'P2P', 'TP', 'INTRA', 4, 2, 3
'BWD_TP_COMM_INTRA_5', 'Comm', 18660.988435238138, 18660.99201438255, 0.0035791444133333335, 51539607552.0, 'P2P', 'TP', 'INTRA', 4, 2, 3
'BWD_MHA', 'Compute', 18661.009910104618, 18686.858211356757, 25.84830125214084, 'NONE', 'NONE', 'NONE', 0
'BWD_TP_COMM_INTRA_0', 'Comm', 18686.858211356757, 18686.86179050117, 0.0035791444133333335, 51539607552.0, 'P2P', 'TP', 'INTRA', 4, 2, 3
'BWD_TP_COMM_INTRA_1', 'Comm', 18686.858211356757, 18686.86179050117, 0.0035791444133333335, 51539607552.0, 'P2P', 'TP', 'INTRA', 4, 2, 3
'BWD_TP_COMM_INTRA_2', 'Comm', 18686.858211356757, 18686.86179050117, 0.0035791444133333335, 51539607552.0, 'P2P', 'TP', 'INTRA', 4, 2, 3
'BWD_TP_COMM_INTRA_3', 'Comm', 18686.858211356757, 18686.86179050117, 0.0035791444133333335, 51539607552.0, 'P2P', 'TP', 'INTRA', 4, 2, 3
'BWD_TP_COMM_INTRA_4', 'Comm', 18686.858211356757, 18686.86179050117, 0.0035791444133333335, 51539607552.0, 'P2P', 'TP', 'INTRA', 4, 2, 3
'BWD_TP_COMM_INTRA_5', 'Comm', 18686.858211356757, 18686.86179050117, 0.0035791444133333335, 51539607552.0, 'P2P', 'TP', 'INTRA', 4, 2, 3
'BWD_FFN', 'Compute', 18686.879686223238, 18694.32828009591, 7.4485938726711, 'NONE', 'NONE', 'NONE', 0
'BWD_TP_COMM_INTRA_0', 'Comm', 18694.32828009591, 18694.331859240323, 0.0035791444133333335, 51539607552.0, 'P2P', 'TP', 'INTRA', 4, 2, 3
'BWD_TP_COMM_INTRA_1', 'Comm', 18694.32828009591, 18694.331859240323, 0.0035791444133333335, 51539607552.0, 'P2P', 'TP', 'INTRA', 4, 2, 3
'BWD_TP_COMM_INTRA_2', 'Comm', 18694.32828009591, 18694.331859240323, 0.0035791444133333335, 51539607552.0, 'P2P', 'TP', 'INTRA', 4, 2, 3
'BWD_TP_COMM_INTRA_3', 'Comm', 18694.32828009591, 18694.331859240323, 0.0035791444133333335, 51539607552.0, 'P2P', 'TP', 'INTRA', 4, 2, 3
'BWD_TP_COMM_INTRA_4', 'Comm', 18694.32828009591, 18694.331859240323, 0.0035791444133333335, 51539607552.0, 'P2P', 'TP', 'INTRA', 4, 2, 3
'BWD_TP_COMM_INTRA_5', 'Comm', 18694.32828009591, 18694.331859240323, 0.0035791444133333335, 51539607552.0, 'P2P', 'TP', 'INTRA', 4, 2, 3
'BWD_MHA', 'Compute', 18694.34975496239, 18720.19805621453, 25.84830125214084, 'NONE', 'NONE', 'NONE', 0
'BWD_TP_COMM_INTRA_0', 'Comm', 18720.19805621453, 18720.201635358942, 0.0035791444133333335, 51539607552.0, 'P2P', 'TP', 'INTRA', 4, 2, 3
'BWD_TP_COMM_INTRA_1', 'Comm', 18720.19805621453, 18720.201635358942, 0.0035791444133333335, 51539607552.0, 'P2P', 'TP', 'INTRA', 4, 2, 3
'BWD_TP_COMM_INTRA_2', 'Comm', 18720.19805621453, 18720.201635358942, 0.0035791444133333335, 51539607552.0, 'P2P', 'TP', 'INTRA', 4, 2, 3
'BWD_TP_COMM_INTRA_3', 'Comm', 18720.19805621453, 18720.201635358942, 0.0035791444133333335, 51539607552.0, 'P2P', 'TP', 'INTRA', 4, 2, 3
'BWD_TP_COMM_INTRA_4', 'Comm', 18720.19805621453, 18720.201635358942, 0.0035791444133333335, 51539607552.0, 'P2P', 'TP', 'INTRA', 4, 2, 3
'BWD_TP_COMM_INTRA_5', 'Comm', 18720.19805621453, 18720.201635358942, 0.0035791444133333335, 51539607552.0, 'P2P', 'TP', 'INTRA', 4, 2, 3
'BWD_FFN', 'Compute', 18720.21953108101, 18727.66812495368, 7.4485938726711, 'NONE', 'NONE', 'NONE', 0
'BWD_TP_COMM_INTRA_0', 'Comm', 18727.66812495368, 18727.671704098095, 0.0035791444133333335, 51539607552.0, 'P2P', 'TP', 'INTRA', 4, 2, 3
'BWD_TP_COMM_INTRA_1', 'Comm', 18727.66812495368, 18727.671704098095, 0.0035791444133333335, 51539607552.0, 'P2P', 'TP', 'INTRA', 4, 2, 3
'BWD_TP_COMM_INTRA_2', 'Comm', 18727.66812495368, 18727.671704098095, 0.0035791444133333335, 51539607552.0, 'P2P', 'TP', 'INTRA', 4, 2, 3
'BWD_TP_COMM_INTRA_3', 'Comm', 18727.66812495368, 18727.671704098095, 0.0035791444133333335, 51539607552.0, 'P2P', 'TP', 'INTRA', 4, 2, 3
'BWD_TP_COMM_INTRA_4', 'Comm', 18727.66812495368, 18727.671704098095, 0.0035791444133333335, 51539607552.0, 'P2P', 'TP', 'INTRA', 4, 2, 3
'BWD_TP_COMM_INTRA_5', 'Comm', 18727.66812495368, 18727.671704098095, 0.0035791444133333335, 51539607552.0, 'P2P', 'TP', 'INTRA', 4, 2, 3
'BWD_MHA', 'Compute', 18727.68959982016, 18753.5379010723, 25.84830125214084, 'NONE', 'NONE', 'NONE', 0
'BWD_TP_COMM_INTRA_0', 'Comm', 18753.5379010723, 18753.541480216714, 0.0035791444133333335, 51539607552.0, 'P2P', 'TP', 'INTRA', 4, 2, 3
'BWD_TP_COMM_INTRA_1', 'Comm', 18753.5379010723, 18753.541480216714, 0.0035791444133333335, 51539607552.0, 'P2P', 'TP', 'INTRA', 4, 2, 3
'BWD_TP_COMM_INTRA_2', 'Comm', 18753.5379010723, 18753.541480216714, 0.0035791444133333335, 51539607552.0, 'P2P', 'TP', 'INTRA', 4, 2, 3
'BWD_TP_COMM_INTRA_3', 'Comm', 18753.5379010723, 18753.541480216714, 0.0035791444133333335, 51539607552.0, 'P2P', 'TP', 'INTRA', 4, 2, 3
'BWD_TP_COMM_INTRA_4', 'Comm', 18753.5379010723, 18753.541480216714, 0.0035791444133333335, 51539607552.0, 'P2P', 'TP', 'INTRA', 4, 2, 3
'BWD_TP_COMM_INTRA_5', 'Comm', 18753.5379010723, 18753.541480216714, 0.0035791444133333335, 51539607552.0, 'P2P', 'TP', 'INTRA', 4, 2, 3
'BWD_FFN', 'Compute', 18753.55937593878, 18761.007969811453, 7.4485938726711, 'NONE', 'NONE', 'NONE', 0
'BWD_TP_COMM_INTRA_0', 'Comm', 18761.007969811453, 18761.011548955867, 0.0035791444133333335, 51539607552.0, 'P2P', 'TP', 'INTRA', 4, 2, 3
'BWD_TP_COMM_INTRA_1', 'Comm', 18761.007969811453, 18761.011548955867, 0.0035791444133333335, 51539607552.0, 'P2P', 'TP', 'INTRA', 4, 2, 3
'BWD_TP_COMM_INTRA_2', 'Comm', 18761.007969811453, 18761.011548955867, 0.0035791444133333335, 51539607552.0, 'P2P', 'TP', 'INTRA', 4, 2, 3
'BWD_TP_COMM_INTRA_3', 'Comm', 18761.007969811453, 18761.011548955867, 0.0035791444133333335, 51539607552.0, 'P2P', 'TP', 'INTRA', 4, 2, 3
'BWD_TP_COMM_INTRA_4', 'Comm', 18761.007969811453, 18761.011548955867, 0.0035791444133333335, 51539607552.0, 'P2P', 'TP', 'INTRA', 4, 2, 3
'BWD_TP_COMM_INTRA_5', 'Comm', 18761.007969811453, 18761.011548955867, 0.0035791444133333335, 51539607552.0, 'P2P', 'TP', 'INTRA', 4, 2, 3
'BWD_MHA', 'Compute', 18761.029444677933, 18786.877745930073, 25.84830125214084, 'NONE', 'NONE', 'NONE', 0
'BWD_TP_COMM_INTRA_0', 'Comm', 18786.877745930073, 18786.881325074486, 0.0035791444133333335, 51539607552.0, 'P2P', 'TP', 'INTRA', 4, 2, 3
'BWD_TP_COMM_INTRA_1', 'Comm', 18786.877745930073, 18786.881325074486, 0.0035791444133333335, 51539607552.0, 'P2P', 'TP', 'INTRA', 4, 2, 3
'BWD_TP_COMM_INTRA_2', 'Comm', 18786.877745930073, 18786.881325074486, 0.0035791444133333335, 51539607552.0, 'P2P', 'TP', 'INTRA', 4, 2, 3
'BWD_TP_COMM_INTRA_3', 'Comm', 18786.877745930073, 18786.881325074486, 0.0035791444133333335, 51539607552.0, 'P2P', 'TP', 'INTRA', 4, 2, 3
'BWD_TP_COMM_INTRA_4', 'Comm', 18786.877745930073, 18786.881325074486, 0.0035791444133333335, 51539607552.0, 'P2P', 'TP', 'INTRA', 4, 2, 3
'BWD_TP_COMM_INTRA_5', 'Comm', 18786.877745930073, 18786.881325074486, 0.0035791444133333335, 51539607552.0, 'P2P', 'TP', 'INTRA', 4, 2, 3
'BWD_FFN', 'Compute', 18786.899220796553, 18794.347814669225, 7.4485938726711, 'NONE', 'NONE', 'NONE', 0
'BWD_TP_COMM_INTRA_0', 'Comm', 18794.347814669225, 18794.35139381364, 0.0035791444133333335, 51539607552.0, 'P2P', 'TP', 'INTRA', 4, 2, 3
'BWD_TP_COMM_INTRA_1', 'Comm', 18794.347814669225, 18794.35139381364, 0.0035791444133333335, 51539607552.0, 'P2P', 'TP', 'INTRA', 4, 2, 3
'BWD_TP_COMM_INTRA_2', 'Comm', 18794.347814669225, 18794.35139381364, 0.0035791444133333335, 51539607552.0, 'P2P', 'TP', 'INTRA', 4, 2, 3
'BWD_TP_COMM_INTRA_3', 'Comm', 18794.347814669225, 18794.35139381364, 0.0035791444133333335, 51539607552.0, 'P2P', 'TP', 'INTRA', 4, 2, 3
'BWD_TP_COMM_INTRA_4', 'Comm', 18794.347814669225, 18794.35139381364, 0.0035791444133333335, 51539607552.0, 'P2P', 'TP', 'INTRA', 4, 2, 3
'BWD_TP_COMM_INTRA_5', 'Comm', 18794.347814669225, 18794.35139381364, 0.0035791444133333335, 51539607552.0, 'P2P', 'TP', 'INTRA', 4, 2, 3
'BWD_MHA', 'Compute', 18794.369289535705, 18820.217590787845, 25.84830125214084, 'NONE', 'NONE', 'NONE', 0
'BWD_TP_COMM_INTRA_0', 'Comm', 18820.217590787845, 18820.221169932258, 0.0035791444133333335, 51539607552.0, 'P2P', 'TP', 'INTRA', 4, 2, 3
'BWD_TP_COMM_INTRA_1', 'Comm', 18820.217590787845, 18820.221169932258, 0.0035791444133333335, 51539607552.0, 'P2P', 'TP', 'INTRA', 4, 2, 3
'BWD_TP_COMM_INTRA_2', 'Comm', 18820.217590787845, 18820.221169932258, 0.0035791444133333335, 51539607552.0, 'P2P', 'TP', 'INTRA', 4, 2, 3
'BWD_TP_COMM_INTRA_3', 'Comm', 18820.217590787845, 18820.221169932258, 0.0035791444133333335, 51539607552.0, 'P2P', 'TP', 'INTRA', 4, 2, 3
'BWD_TP_COMM_INTRA_4', 'Comm', 18820.217590787845, 18820.221169932258, 0.0035791444133333335, 51539607552.0, 'P2P', 'TP', 'INTRA', 4, 2, 3
'BWD_TP_COMM_INTRA_5', 'Comm', 18820.217590787845, 18820.221169932258, 0.0035791444133333335, 51539607552.0, 'P2P', 'TP', 'INTRA', 4, 2, 3
'BWD_FFN', 'Compute', 18820.239065654325, 18827.687659526997, 7.4485938726711, 'NONE', 'NONE', 'NONE', 0
'BWD_TP_COMM_INTRA_0', 'Comm', 18827.687659526997, 18827.69123867141, 0.0035791444133333335, 51539607552.0, 'P2P', 'TP', 'INTRA', 4, 2, 3
'BWD_TP_COMM_INTRA_1', 'Comm', 18827.687659526997, 18827.69123867141, 0.0035791444133333335, 51539607552.0, 'P2P', 'TP', 'INTRA', 4, 2, 3
'BWD_TP_COMM_INTRA_2', 'Comm', 18827.687659526997, 18827.69123867141, 0.0035791444133333335, 51539607552.0, 'P2P', 'TP', 'INTRA', 4, 2, 3
'BWD_TP_COMM_INTRA_3', 'Comm', 18827.687659526997, 18827.69123867141, 0.0035791444133333335, 51539607552.0, 'P2P', 'TP', 'INTRA', 4, 2, 3
'BWD_TP_COMM_INTRA_4', 'Comm', 18827.687659526997, 18827.69123867141, 0.0035791444133333335, 51539607552.0, 'P2P', 'TP', 'INTRA', 4, 2, 3
'BWD_TP_COMM_INTRA_5', 'Comm', 18827.687659526997, 18827.69123867141, 0.0035791444133333335, 51539607552.0, 'P2P', 'TP', 'INTRA', 4, 2, 3
'BWD_MHA', 'Compute', 18827.709134393477, 18853.557435645616, 25.84830125214084, 'NONE', 'NONE', 'NONE', 0
'BWD_TP_COMM_INTRA_0', 'Comm', 18853.557435645616, 18853.56101479003, 0.0035791444133333335, 51539607552.0, 'P2P', 'TP', 'INTRA', 4, 2, 3
'BWD_TP_COMM_INTRA_1', 'Comm', 18853.557435645616, 18853.56101479003, 0.0035791444133333335, 51539607552.0, 'P2P', 'TP', 'INTRA', 4, 2, 3
'BWD_TP_COMM_INTRA_2', 'Comm', 18853.557435645616, 18853.56101479003, 0.0035791444133333335, 51539607552.0, 'P2P', 'TP', 'INTRA', 4, 2, 3
'BWD_TP_COMM_INTRA_3', 'Comm', 18853.557435645616, 18853.56101479003, 0.0035791444133333335, 51539607552.0, 'P2P', 'TP', 'INTRA', 4, 2, 3
'BWD_TP_COMM_INTRA_4', 'Comm', 18853.557435645616, 18853.56101479003, 0.0035791444133333335, 51539607552.0, 'P2P', 'TP', 'INTRA', 4, 2, 3
'BWD_TP_COMM_INTRA_5', 'Comm', 18853.557435645616, 18853.56101479003, 0.0035791444133333335, 51539607552.0, 'P2P', 'TP', 'INTRA', 4, 2, 3
'BWD_FFN', 'Compute', 18853.578910512097, 18861.02750438477, 7.4485938726711, 'NONE', 'NONE', 'NONE', 0
'BWD_TP_COMM_INTRA_0', 'Comm', 18861.02750438477, 18861.031083529182, 0.0035791444133333335, 51539607552.0, 'P2P', 'TP', 'INTRA', 4, 2, 3
'BWD_TP_COMM_INTRA_1', 'Comm', 18861.02750438477, 18861.031083529182, 0.0035791444133333335, 51539607552.0, 'P2P', 'TP', 'INTRA', 4, 2, 3
'BWD_TP_COMM_INTRA_2', 'Comm', 18861.02750438477, 18861.031083529182, 0.0035791444133333335, 51539607552.0, 'P2P', 'TP', 'INTRA', 4, 2, 3
'BWD_TP_COMM_INTRA_3', 'Comm', 18861.02750438477, 18861.031083529182, 0.0035791444133333335, 51539607552.0, 'P2P', 'TP', 'INTRA', 4, 2, 3
'BWD_TP_COMM_INTRA_4', 'Comm', 18861.02750438477, 18861.031083529182, 0.0035791444133333335, 51539607552.0, 'P2P', 'TP', 'INTRA', 4, 2, 3
'BWD_TP_COMM_INTRA_5', 'Comm', 18861.02750438477, 18861.031083529182, 0.0035791444133333335, 51539607552.0, 'P2P', 'TP', 'INTRA', 4, 2, 3
'BWD_MHA', 'Compute', 18861.04897925125, 18886.897280503388, 25.84830125214084, 'NONE', 'NONE', 'NONE', 0
'BWD_TP_COMM_INTRA_0', 'Comm', 18886.897280503388, 18886.9008596478, 0.0035791444133333335, 51539607552.0, 'P2P', 'TP', 'INTRA', 4, 2, 3
'BWD_TP_COMM_INTRA_1', 'Comm', 18886.897280503388, 18886.9008596478, 0.0035791444133333335, 51539607552.0, 'P2P', 'TP', 'INTRA', 4, 2, 3
'BWD_TP_COMM_INTRA_2', 'Comm', 18886.897280503388, 18886.9008596478, 0.0035791444133333335, 51539607552.0, 'P2P', 'TP', 'INTRA', 4, 2, 3
'BWD_TP_COMM_INTRA_3', 'Comm', 18886.897280503388, 18886.9008596478, 0.0035791444133333335, 51539607552.0, 'P2P', 'TP', 'INTRA', 4, 2, 3
'BWD_TP_COMM_INTRA_4', 'Comm', 18886.897280503388, 18886.9008596478, 0.0035791444133333335, 51539607552.0, 'P2P', 'TP', 'INTRA', 4, 2, 3
'BWD_TP_COMM_INTRA_5', 'Comm', 18886.897280503388, 18886.9008596478, 0.0035791444133333335, 51539607552.0, 'P2P', 'TP', 'INTRA', 4, 2, 3
'BWD_FFN', 'Compute', 18886.91875536987, 18894.36734924254, 7.4485938726711, 'NONE', 'NONE', 'NONE', 0
'BWD_TP_COMM_INTRA_0', 'Comm', 18894.36734924254, 18894.370928386954, 0.0035791444133333335, 51539607552.0, 'P2P', 'TP', 'INTRA', 4, 2, 3
'BWD_TP_COMM_INTRA_1', 'Comm', 18894.36734924254, 18894.370928386954, 0.0035791444133333335, 51539607552.0, 'P2P', 'TP', 'INTRA', 4, 2, 3
'BWD_TP_COMM_INTRA_2', 'Comm', 18894.36734924254, 18894.370928386954, 0.0035791444133333335, 51539607552.0, 'P2P', 'TP', 'INTRA', 4, 2, 3
'BWD_TP_COMM_INTRA_3', 'Comm', 18894.36734924254, 18894.370928386954, 0.0035791444133333335, 51539607552.0, 'P2P', 'TP', 'INTRA', 4, 2, 3
'BWD_TP_COMM_INTRA_4', 'Comm', 18894.36734924254, 18894.370928386954, 0.0035791444133333335, 51539607552.0, 'P2P', 'TP', 'INTRA', 4, 2, 3
'BWD_TP_COMM_INTRA_5', 'Comm', 18894.36734924254, 18894.370928386954, 0.0035791444133333335, 51539607552.0, 'P2P', 'TP', 'INTRA', 4, 2, 3
'BWD_MHA', 'Compute', 18894.38882410902, 18920.23712536116, 25.84830125214084, 'NONE', 'NONE', 'NONE', 0
'BWD_TP_COMM_INTRA_0', 'Comm', 18920.23712536116, 18920.240704505573, 0.0035791444133333335, 51539607552.0, 'P2P', 'TP', 'INTRA', 4, 2, 3
'BWD_TP_COMM_INTRA_1', 'Comm', 18920.23712536116, 18920.240704505573, 0.0035791444133333335, 51539607552.0, 'P2P', 'TP', 'INTRA', 4, 2, 3
'BWD_TP_COMM_INTRA_2', 'Comm', 18920.23712536116, 18920.240704505573, 0.0035791444133333335, 51539607552.0, 'P2P', 'TP', 'INTRA', 4, 2, 3
'BWD_TP_COMM_INTRA_3', 'Comm', 18920.23712536116, 18920.240704505573, 0.0035791444133333335, 51539607552.0, 'P2P', 'TP', 'INTRA', 4, 2, 3
'BWD_TP_COMM_INTRA_4', 'Comm', 18920.23712536116, 18920.240704505573, 0.0035791444133333335, 51539607552.0, 'P2P', 'TP', 'INTRA', 4, 2, 3
'BWD_TP_COMM_INTRA_5', 'Comm', 18920.23712536116, 18920.240704505573, 0.0035791444133333335, 51539607552.0, 'P2P', 'TP', 'INTRA', 4, 2, 3
'BWD_FFN', 'Compute', 18920.25860022764, 18927.707194100312, 7.4485938726711, 'NONE', 'NONE', 'NONE', 0
'BWD_TP_COMM_INTRA_0', 'Comm', 18927.707194100312, 18927.710773244726, 0.0035791444133333335, 51539607552.0, 'P2P', 'TP', 'INTRA', 4, 2, 3
'BWD_TP_COMM_INTRA_1', 'Comm', 18927.707194100312, 18927.710773244726, 0.0035791444133333335, 51539607552.0, 'P2P', 'TP', 'INTRA', 4, 2, 3
'BWD_TP_COMM_INTRA_2', 'Comm', 18927.707194100312, 18927.710773244726, 0.0035791444133333335, 51539607552.0, 'P2P', 'TP', 'INTRA', 4, 2, 3
'BWD_TP_COMM_INTRA_3', 'Comm', 18927.707194100312, 18927.710773244726, 0.0035791444133333335, 51539607552.0, 'P2P', 'TP', 'INTRA', 4, 2, 3
'BWD_TP_COMM_INTRA_4', 'Comm', 18927.707194100312, 18927.710773244726, 0.0035791444133333335, 51539607552.0, 'P2P', 'TP', 'INTRA', 4, 2, 3
'BWD_TP_COMM_INTRA_5', 'Comm', 18927.707194100312, 18927.710773244726, 0.0035791444133333335, 51539607552.0, 'P2P', 'TP', 'INTRA', 4, 2, 3
'BWD_MHA', 'Compute', 18927.728668966793, 18953.576970218932, 25.84830125214084, 'NONE', 'NONE', 'NONE', 0
'BWD_TP_COMM_INTRA_0', 'Comm', 18953.576970218932, 18953.580549363345, 0.0035791444133333335, 51539607552.0, 'P2P', 'TP', 'INTRA', 4, 2, 3
'BWD_TP_COMM_INTRA_1', 'Comm', 18953.576970218932, 18953.580549363345, 0.0035791444133333335, 51539607552.0, 'P2P', 'TP', 'INTRA', 4, 2, 3
'BWD_TP_COMM_INTRA_2', 'Comm', 18953.576970218932, 18953.580549363345, 0.0035791444133333335, 51539607552.0, 'P2P', 'TP', 'INTRA', 4, 2, 3
'BWD_TP_COMM_INTRA_3', 'Comm', 18953.576970218932, 18953.580549363345, 0.0035791444133333335, 51539607552.0, 'P2P', 'TP', 'INTRA', 4, 2, 3
'BWD_TP_COMM_INTRA_4', 'Comm', 18953.576970218932, 18953.580549363345, 0.0035791444133333335, 51539607552.0, 'P2P', 'TP', 'INTRA', 4, 2, 3
'BWD_TP_COMM_INTRA_5', 'Comm', 18953.576970218932, 18953.580549363345, 0.0035791444133333335, 51539607552.0, 'P2P', 'TP', 'INTRA', 4, 2, 3
'BWD_FFN', 'Compute', 18953.598445085412, 18961.047038958084, 7.4485938726711, 'NONE', 'NONE', 'NONE', 0
'BWD_TP_COMM_INTRA_0', 'Comm', 18961.047038958084, 18961.050618102498, 0.0035791444133333335, 51539607552.0, 'P2P', 'TP', 'INTRA', 4, 2, 3
'BWD_TP_COMM_INTRA_1', 'Comm', 18961.047038958084, 18961.050618102498, 0.0035791444133333335, 51539607552.0, 'P2P', 'TP', 'INTRA', 4, 2, 3
'BWD_TP_COMM_INTRA_2', 'Comm', 18961.047038958084, 18961.050618102498, 0.0035791444133333335, 51539607552.0, 'P2P', 'TP', 'INTRA', 4, 2, 3
'BWD_TP_COMM_INTRA_3', 'Comm', 18961.047038958084, 18961.050618102498, 0.0035791444133333335, 51539607552.0, 'P2P', 'TP', 'INTRA', 4, 2, 3
'BWD_TP_COMM_INTRA_4', 'Comm', 18961.047038958084, 18961.050618102498, 0.0035791444133333335, 51539607552.0, 'P2P', 'TP', 'INTRA', 4, 2, 3
'BWD_TP_COMM_INTRA_5', 'Comm', 18961.047038958084, 18961.050618102498, 0.0035791444133333335, 51539607552.0, 'P2P', 'TP', 'INTRA', 4, 2, 3
'BWD_MHA', 'Compute', 18961.068513824564, 18986.916815076704, 25.84830125214084, 'NONE', 'NONE', 'NONE', 0
'BWD_TP_COMM_INTRA_0', 'Comm', 18986.916815076704, 18986.920394221117, 0.0035791444133333335, 51539607552.0, 'P2P', 'TP', 'INTRA', 4, 2, 3
'BWD_TP_COMM_INTRA_1', 'Comm', 18986.916815076704, 18986.920394221117, 0.0035791444133333335, 51539607552.0, 'P2P', 'TP', 'INTRA', 4, 2, 3
'BWD_TP_COMM_INTRA_2', 'Comm', 18986.916815076704, 18986.920394221117, 0.0035791444133333335, 51539607552.0, 'P2P', 'TP', 'INTRA', 4, 2, 3
'BWD_TP_COMM_INTRA_3', 'Comm', 18986.916815076704, 18986.920394221117, 0.0035791444133333335, 51539607552.0, 'P2P', 'TP', 'INTRA', 4, 2, 3
'BWD_TP_COMM_INTRA_4', 'Comm', 18986.916815076704, 18986.920394221117, 0.0035791444133333335, 51539607552.0, 'P2P', 'TP', 'INTRA', 4, 2, 3
'BWD_TP_COMM_INTRA_5', 'Comm', 18986.916815076704, 18986.920394221117, 0.0035791444133333335, 51539607552.0, 'P2P', 'TP', 'INTRA', 4, 2, 3
'BWD_FFN', 'Compute', 18986.938289943184, 18994.386883815856, 7.4485938726711, 'NONE', 'NONE', 'NONE', 0
'BWD_TP_COMM_INTRA_0', 'Comm', 18994.386883815856, 18994.39046296027, 0.0035791444133333335, 51539607552.0, 'P2P', 'TP', 'INTRA', 4, 2, 3
'BWD_TP_COMM_INTRA_1', 'Comm', 18994.386883815856, 18994.39046296027, 0.0035791444133333335, 51539607552.0, 'P2P', 'TP', 'INTRA', 4, 2, 3
'BWD_TP_COMM_INTRA_2', 'Comm', 18994.386883815856, 18994.39046296027, 0.0035791444133333335, 51539607552.0, 'P2P', 'TP', 'INTRA', 4, 2, 3

'BWD_TP_COMM_INTRA_3', 'Comm', 18994.386883815856, 18994.39046296027, 0.0035791444133333335, 51539607552.0, 'P2P', 'TP', 'INTRA', 4, 2, 3
'BWD_TP_COMM_INTRA_4', 'Comm', 18994.386883815856, 18994.39046296027, 0.0035791444133333335, 51539607552.0, 'P2P', 'TP', 'INTRA', 4, 2, 3
'BWD_TP_COMM_INTRA_5', 'Comm', 18994.386883815856, 18994.39046296027, 0.0035791444133333335, 51539607552.0, 'P2P', 'TP', 'INTRA', 4, 2, 3
'BWD_MHA', 'Compute', 18994.408358682336, 19020.256659934475, 25.84830125214084, 'NONE', 'NONE', 'NONE', 0
'BWD_TP_COMM_INTRA_0', 'Comm', 19020.256659934475, 19020.26023907889, 0.0035791444133333335, 51539607552.0, 'P2P', 'TP', 'INTRA', 4, 2, 3
'BWD_TP_COMM_INTRA_1', 'Comm', 19020.256659934475, 19020.26023907889, 0.0035791444133333335, 51539607552.0, 'P2P', 'TP', 'INTRA', 4, 2, 3
'BWD_TP_COMM_INTRA_2', 'Comm', 19020.256659934475, 19020.26023907889, 0.0035791444133333335, 51539607552.0, 'P2P', 'TP', 'INTRA', 4, 2, 3
'BWD_TP_COMM_INTRA_3', 'Comm', 19020.256659934475, 19020.26023907889, 0.0035791444133333335, 51539607552.0, 'P2P', 'TP', 'INTRA', 4, 2, 3
'BWD_TP_COMM_INTRA_4', 'Comm', 19020.256659934475, 19020.26023907889, 0.0035791444133333335, 51539607552.0, 'P2P', 'TP', 'INTRA', 4, 2, 3
'BWD_TP_COMM_INTRA_5', 'Comm', 19020.256659934475, 19020.26023907889, 0.0035791444133333335, 51539607552.0, 'P2P', 'TP', 'INTRA', 4, 2, 3
'BWD_FFN', 'Compute', 19020.278134800956, 19027.726728673628, 7.4485938726711, 'NONE', 'NONE', 'NONE', 0
'BWD_TP_COMM_INTRA_0', 'Comm', 19027.726728673628, 19027.73030781804, 0.0035791444133333335, 51539607552.0, 'P2P', 'TP', 'INTRA', 4, 2, 3
'BWD_TP_COMM_INTRA_1', 'Comm', 19027.726728673628, 19027.73030781804, 0.0035791444133333335, 51539607552.0, 'P2P', 'TP', 'INTRA', 4, 2, 3
'BWD_TP_COMM_INTRA_2', 'Comm', 19027.726728673628, 19027.73030781804, 0.0035791444133333335, 51539607552.0, 'P2P', 'TP', 'INTRA', 4, 2, 3
'BWD_TP_COMM_INTRA_3', 'Comm', 19027.726728673628, 19027.73030781804, 0.0035791444133333335, 51539607552.0, 'P2P', 'TP', 'INTRA', 4, 2, 3
'BWD_TP_COMM_INTRA_4', 'Comm', 19027.726728673628, 19027.73030781804, 0.0035791444133333335, 51539607552.0, 'P2P', 'TP', 'INTRA', 4, 2, 3
'BWD_TP_COMM_INTRA_5', 'Comm', 19027.726728673628, 19027.73030781804, 0.0035791444133333335, 51539607552.0, 'P2P', 'TP', 'INTRA', 4, 2, 3
'BWD_MHA', 'Compute', 19027.748203540108, 19053.596504792247, 25.84830125214084, 'NONE', 'NONE', 'NONE', 0
'BWD_TP_COMM_INTRA_0', 'Comm', 19053.596504792247, 19053.60008393666, 0.0035791444133333335, 51539607552.0, 'P2P', 'TP', 'INTRA', 4, 2, 3
'BWD_TP_COMM_INTRA_1', 'Comm', 19053.596504792247, 19053.60008393666, 0.0035791444133333335, 51539607552.0, 'P2P', 'TP', 'INTRA', 4, 2, 3
'BWD_TP_COMM_INTRA_2', 'Comm', 19053.596504792247, 19053.60008393666, 0.0035791444133333335, 51539607552.0, 'P2P', 'TP', 'INTRA', 4, 2, 3
'BWD_TP_COMM_INTRA_3', 'Comm', 19053.596504792247, 19053.60008393666, 0.0035791444133333335, 51539607552.0, 'P2P', 'TP', 'INTRA', 4, 2, 3
'BWD_TP_COMM_INTRA_4', 'Comm', 19053.596504792247, 19053.60008393666, 0.0035791444133333335, 51539607552.0, 'P2P', 'TP', 'INTRA', 4, 2, 3
'BWD_TP_COMM_INTRA_5', 'Comm', 19053.596504792247, 19053.60008393666, 0.0035791444133333335, 51539607552.0, 'P2P', 'TP', 'INTRA', 4, 2, 3
'BWD_FFN', 'Compute', 19053.617979658728, 19061.0665735314, 7.4485938726711, 'NONE', 'NONE', 'NONE', 0
'BWD_TP_COMM_INTRA_0', 'Comm', 19061.0665735314, 19061.070152675813, 0.0035791444133333335, 51539607552.0, 'P2P', 'TP', 'INTRA', 4, 2, 3
'BWD_TP_COMM_INTRA_1', 'Comm', 19061.0665735314, 19061.070152675813, 0.0035791444133333335, 51539607552.0, 'P2P', 'TP', 'INTRA', 4, 2, 3
'BWD_TP_COMM_INTRA_2', 'Comm', 19061.0665735314, 19061.070152675813, 0.0035791444133333335, 51539607552.0, 'P2P', 'TP', 'INTRA', 4, 2, 3
'BWD_TP_COMM_INTRA_3', 'Comm', 19061.0665735314, 19061.070152675813, 0.0035791444133333335, 51539607552.0, 'P2P', 'TP', 'INTRA', 4, 2, 3
'BWD_TP_COMM_INTRA_4', 'Comm', 19061.0665735314, 19061.070152675813, 0.0035791444133333335, 51539607552.0, 'P2P', 'TP', 'INTRA', 4, 2, 3
'BWD_TP_COMM_INTRA_5', 'Comm', 19061.0665735314, 19061.070152675813, 0.0035791444133333335, 51539607552.0, 'P2P', 'TP', 'INTRA', 4, 2, 3
'BWD_MHA', 'Compute', 19061.08804839788, 19086.93634965002, 25.84830125214084, 'NONE', 'NONE', 'NONE', 0
'BWD_TP_COMM_INTRA_0', 'Comm', 19086.93634965002, 19086.939928794432, 0.0035791444133333335, 51539607552.0, 'P2P', 'TP', 'INTRA', 4, 2, 3
'BWD_TP_COMM_INTRA_1', 'Comm', 19086.93634965002, 19086.939928794432, 0.0035791444133333335, 51539607552.0, 'P2P', 'TP', 'INTRA', 4, 2, 3
'BWD_TP_COMM_INTRA_2', 'Comm', 19086.93634965002, 19086.939928794432, 0.0035791444133333335, 51539607552.0, 'P2P', 'TP', 'INTRA', 4, 2, 3
'BWD_TP_COMM_INTRA_3', 'Comm', 19086.93634965002, 19086.939928794432, 0.0035791444133333335, 51539607552.0, 'P2P', 'TP', 'INTRA', 4, 2, 3
'BWD_TP_COMM_INTRA_4', 'Comm', 19086.93634965002, 19086.939928794432, 0.0035791444133333335, 51539607552.0, 'P2P', 'TP', 'INTRA', 4, 2, 3
'BWD_TP_COMM_INTRA_5', 'Comm', 19086.93634965002, 19086.939928794432, 0.0035791444133333335, 51539607552.0, 'P2P', 'TP', 'INTRA', 4, 2, 3
'BWD_FFN', 'Compute', 19086.9578245165, 19094.40641838917, 7.4485938726711, 'NONE', 'NONE', 'NONE', 0
'BWD_TP_COMM_INTRA_0', 'Comm', 19094.40641838917, 19094.409997533585, 0.0035791444133333335, 51539607552.0, 'P2P', 'TP', 'INTRA', 4, 2, 3
'BWD_TP_COMM_INTRA_1', 'Comm', 19094.40641838917, 19094.409997533585, 0.0035791444133333335, 51539607552.0, 'P2P', 'TP', 'INTRA', 4, 2, 3
'BWD_TP_COMM_INTRA_2', 'Comm', 19094.40641838917, 19094.409997533585, 0.0035791444133333335, 51539607552.0, 'P2P', 'TP', 'INTRA', 4, 2, 3
'BWD_TP_COMM_INTRA_3', 'Comm', 19094.40641838917, 19094.409997533585, 0.0035791444133333335, 51539607552.0, 'P2P', 'TP', 'INTRA', 4, 2, 3
'BWD_TP_COMM_INTRA_4', 'Comm', 19094.40641838917, 19094.409997533585, 0.0035791444133333335, 51539607552.0, 'P2P', 'TP', 'INTRA', 4, 2, 3
'BWD_TP_COMM_INTRA_5', 'Comm', 19094.40641838917, 19094.409997533585, 0.0035791444133333335, 51539607552.0, 'P2P', 'TP', 'INTRA', 4, 2, 3
'BWD_MHA', 'Compute', 19094.42789325565, 19120.27619450779, 25.84830125214084, 'NONE', 'NONE', 'NONE', 0
'BWD_TP_COMM_INTRA_0', 'Comm', 19120.27619450779, 19120.279773652204, 0.0035791444133333335, 51539607552.0, 'P2P', 'TP', 'INTRA', 4, 2, 3
'BWD_TP_COMM_INTRA_1', 'Comm', 19120.27619450779, 19120.279773652204, 0.0035791444133333335, 51539607552.0, 'P2P', 'TP', 'INTRA', 4, 2, 3
'BWD_TP_COMM_INTRA_2', 'Comm', 19120.27619450779, 19120.279773652204, 0.0035791444133333335, 51539607552.0, 'P2P', 'TP', 'INTRA', 4, 2, 3
'BWD_TP_COMM_INTRA_3', 'Comm', 19120.27619450779, 19120.279773652204, 0.0035791444133333335, 51539607552.0, 'P2P', 'TP', 'INTRA', 4, 2, 3
'BWD_TP_COMM_INTRA_4', 'Comm', 19120.27619450779, 19120.279773652204, 0.0035791444133333335, 51539607552.0, 'P2P', 'TP', 'INTRA', 4, 2, 3
'BWD_TP_COMM_INTRA_5', 'Comm', 19120.27619450779, 19120.279773652204, 0.0035791444133333335, 51539607552.0, 'P2P', 'TP', 'INTRA', 4, 2, 3
'BWD_FFN', 'Compute', 19120.29766937427, 19127.746263246943, 7.4485938726711, 'NONE', 'NONE', 'NONE', 0
'BWD_TP_COMM_INTRA_0', 'Comm', 19127.746263246943, 19127.749842391357, 0.0035791444133333335, 51539607552.0, 'P2P', 'TP', 'INTRA', 4, 2, 3
'BWD_TP_COMM_INTRA_1', 'Comm', 19127.746263246943, 19127.749842391357, 0.0035791444133333335, 51539607552.0, 'P2P', 'TP', 'INTRA', 4, 2, 3
'BWD_TP_COMM_INTRA_2', 'Comm', 19127.746263246943, 19127.749842391357, 0.0035791444133333335, 51539607552.0, 'P2P', 'TP', 'INTRA', 4, 2, 3
'BWD_TP_COMM_INTRA_3', 'Comm', 19127.746263246943, 19127.749842391357, 0.0035791444133333335, 51539607552.0, 'P2P', 'TP', 'INTRA', 4, 2, 3
'BWD_TP_COMM_INTRA_4', 'Comm', 19127.746263246943, 19127.749842391357, 0.0035791444133333335, 51539607552.0, 'P2P', 'TP', 'INTRA', 4, 2, 3
'BWD_TP_COMM_INTRA_5', 'Comm', 19127.746263246943, 19127.749842391357, 0.0035791444133333335, 51539607552.0, 'P2P', 'TP', 'INTRA', 4, 2, 3
'BWD_MHA', 'Compute', 19127.767738113424, 19153.616039365563, 25.84830125214084, 'NONE', 'NONE', 'NONE', 0
'BWD_TP_COMM_INTRA_0', 'Comm', 19153.616039365563, 19153.619618509976, 0.0035791444133333335, 51539607552.0, 'P2P', 'TP', 'INTRA', 4, 2, 3
'BWD_TP_COMM_INTRA_1', 'Comm', 19153.616039365563, 19153.619618509976, 0.0035791444133333335, 51539607552.0, 'P2P', 'TP', 'INTRA', 4, 2, 3
'BWD_TP_COMM_INTRA_2', 'Comm', 19153.616039365563, 19153.619618509976, 0.0035791444133333335, 51539607552.0, 'P2P', 'TP', 'INTRA', 4, 2, 3
'BWD_TP_COMM_INTRA_3', 'Comm', 19153.616039365563, 19153.619618509976, 0.0035791444133333335, 51539607552.0, 'P2P', 'TP', 'INTRA', 4, 2, 3
'BWD_TP_COMM_INTRA_4', 'Comm', 19153.616039365563, 19153.619618509976, 0.0035791444133333335, 51539607552.0, 'P2P', 'TP', 'INTRA', 4, 2, 3
'BWD_TP_COMM_INTRA_5', 'Comm', 19153.616039365563, 19153.619618509976, 0.0035791444133333335, 51539607552.0, 'P2P', 'TP', 'INTRA', 4, 2, 3
'BWD_FFN', 'Compute', 19153.637514232043, 19161.086108104715, 7.4485938726711, 'NONE', 'NONE', 'NONE', 0
'BWD_TP_COMM_INTRA_0', 'Comm', 19161.086108104715, 19161.08968724913, 0.0035791444133333335, 51539607552.0, 'P2P', 'TP', 'INTRA', 4, 2, 3
'BWD_TP_COMM_INTRA_1', 'Comm', 19161.086108104715, 19161.08968724913, 0.0035791444133333335, 51539607552.0, 'P2P', 'TP', 'INTRA', 4, 2, 3
'BWD_TP_COMM_INTRA_2', 'Comm', 19161.086108104715, 19161.08968724913, 0.0035791444133333335, 51539607552.0, 'P2P', 'TP', 'INTRA', 4, 2, 3
'BWD_TP_COMM_INTRA_3', 'Comm', 19161.086108104715, 19161.08968724913, 0.0035791444133333335, 51539607552.0, 'P2P', 'TP', 'INTRA', 4, 2, 3
'BWD_TP_COMM_INTRA_4', 'Comm', 19161.086108104715, 19161.08968724913, 0.0035791444133333335, 51539607552.0, 'P2P', 'TP', 'INTRA', 4, 2, 3
'BWD_TP_COMM_INTRA_5', 'Comm', 19161.086108104715, 19161.08968724913, 0.0035791444133333335, 51539607552.0, 'P2P', 'TP', 'INTRA', 4, 2, 3
'BWD_MHA', 'Compute', 19161.107582971195, 19186.955884223335, 25.84830125214084, 'NONE', 'NONE', 'NONE', 0
'BWD_TP_COMM_INTRA_0', 'Comm', 19186.955884223335, 19186.959463367748, 0.0035791444133333335, 51539607552.0, 'P2P', 'TP', 'INTRA', 4, 2, 3
'BWD_TP_COMM_INTRA_1', 'Comm', 19186.955884223335, 19186.959463367748, 0.0035791444133333335, 51539607552.0, 'P2P', 'TP', 'INTRA', 4, 2, 3
'BWD_TP_COMM_INTRA_2', 'Comm', 19186.955884223335, 19186.959463367748, 0.0035791444133333335, 51539607552.0, 'P2P', 'TP', 'INTRA', 4, 2, 3
'BWD_TP_COMM_INTRA_3', 'Comm', 19186.955884223335, 19186.959463367748, 0.0035791444133333335, 51539607552.0, 'P2P', 'TP', 'INTRA', 4, 2, 3
'BWD_TP_COMM_INTRA_4', 'Comm', 19186.955884223335, 19186.959463367748, 0.0035791444133333335, 51539607552.0, 'P2P', 'TP', 'INTRA', 4, 2, 3
'BWD_TP_COMM_INTRA_5', 'Comm', 19186.955884223335, 19186.959463367748, 0.0035791444133333335, 51539607552.0, 'P2P', 'TP', 'INTRA', 4, 2, 3
'BWD_FFN', 'Compute', 19186.977359089815, 19194.425952962487, 7.4485938726711, 'NONE', 'NONE', 'NONE', 0
'BWD_TP_COMM_INTRA_0', 'Comm', 19194.425952962487, 19194.4295321069, 0.0035791444133333335, 51539607552.0, 'P2P', 'TP', 'INTRA', 4, 2, 3
'BWD_TP_COMM_INTRA_1', 'Comm', 19194.425952962487, 19194.4295321069, 0.0035791444133333335, 51539607552.0, 'P2P', 'TP', 'INTRA', 4, 2, 3
'BWD_TP_COMM_INTRA_2', 'Comm', 19194.425952962487, 19194.4295321069, 0.0035791444133333335, 51539607552.0, 'P2P', 'TP', 'INTRA', 4, 2, 3
'BWD_TP_COMM_INTRA_3', 'Comm', 19194.425952962487, 19194.4295321069, 0.0035791444133333335, 51539607552.0, 'P2P', 'TP', 'INTRA', 4, 2, 3
'BWD_TP_COMM_INTRA_4', 'Comm', 19194.425952962487, 19194.4295321069, 0.0035791444133333335, 51539607552.0, 'P2P', 'TP', 'INTRA', 4, 2, 3
'BWD_TP_COMM_INTRA_5', 'Comm', 19194.425952962487, 19194.4295321069, 0.0035791444133333335, 51539607552.0, 'P2P', 'TP', 'INTRA', 4, 2, 3
'BWD_MHA', 'Compute', 19194.447427828967, 19220.295729081106, 25.84830125214084, 'NONE', 'NONE', 'NONE', 0
'BWD_TP_COMM_INTRA_0', 'Comm', 19220.295729081106, 19220.29930822552, 0.0035791444133333335, 51539607552.0, 'P2P', 'TP', 'INTRA', 4, 2, 3
'BWD_TP_COMM_INTRA_1', 'Comm', 19220.295729081106, 19220.29930822552, 0.0035791444133333335, 51539607552.0, 'P2P', 'TP', 'INTRA', 4, 2, 3
'BWD_TP_COMM_INTRA_2', 'Comm', 19220.295729081106, 19220.29930822552, 0.0035791444133333335, 51539607552.0, 'P2P', 'TP', 'INTRA', 4, 2, 3
'BWD_TP_COMM_INTRA_3', 'Comm', 19220.295729081106, 19220.29930822552, 0.0035791444133333335, 51539607552.0, 'P2P', 'TP', 'INTRA', 4, 2, 3
'BWD_TP_COMM_INTRA_4', 'Comm', 19220.295729081106, 19220.29930822552, 0.0035791444133333335, 51539607552.0, 'P2P', 'TP', 'INTRA', 4, 2, 3
'BWD_TP_COMM_INTRA_5', 'Comm', 19220.295729081106, 19220.29930822552, 0.0035791444133333335, 51539607552.0, 'P2P', 'TP', 'INTRA', 4, 2, 3
'BWD_FFN', 'Compute', 19220.317203947587, 19227.76579782026, 7.4485938726711, 'NONE', 'NONE', 'NONE', 0
'BWD_TP_COMM_INTRA_0', 'Comm', 19227.76579782026, 19227.769376964672, 0.0035791444133333335, 51539607552.0, 'P2P', 'TP', 'INTRA', 4, 2, 3
'BWD_TP_COMM_INTRA_1', 'Comm', 19227.76579782026, 19227.769376964672, 0.0035791444133333335, 51539607552.0, 'P2P', 'TP', 'INTRA', 4, 2, 3
'BWD_TP_COMM_INTRA_2', 'Comm', 19227.76579782026, 19227.769376964672, 0.0035791444133333335, 51539607552.0, 'P2P', 'TP', 'INTRA', 4, 2, 3
'BWD_TP_COMM_INTRA_3', 'Comm', 19227.76579782026, 19227.769376964672, 0.0035791444133333335, 51539607552.0, 'P2P', 'TP', 'INTRA', 4, 2, 3
'BWD_TP_COMM_INTRA_4', 'Comm', 19227.76579782026, 19227.769376964672, 0.0035791444133333335, 51539607552.0, 'P2P', 'TP', 'INTRA', 4, 2, 3
'BWD_TP_COMM_INTRA_5', 'Comm', 19227.76579782026, 19227.769376964672, 0.0035791444133333335, 51539607552.0, 'P2P', 'TP', 'INTRA', 4, 2, 3
'BWD_MHA', 'Compute', 19227.78727268674, 19253.63557393888, 25.84830125214084, 'NONE', 'NONE', 'NONE', 0
'BWD_TP_COMM_INTRA_0', 'Comm', 19253.63557393888, 19253.63915308329, 0.0035791444133333335, 51539607552.0, 'P2P', 'TP', 'INTRA', 4, 2, 3
'BWD_TP_COMM_INTRA_1', 'Comm', 19253.63557393888, 19253.63915308329, 0.0035791444133333335, 51539607552.0, 'P2P', 'TP', 'INTRA', 4, 2, 3
'BWD_TP_COMM_INTRA_2', 'Comm', 19253.63557393888, 19253.63915308329, 0.0035791444133333335, 51539607552.0, 'P2P', 'TP', 'INTRA', 4, 2, 3
'BWD_TP_COMM_INTRA_3', 'Comm', 19253.63557393888, 19253.63915308329, 0.0035791444133333335, 51539607552.0, 'P2P', 'TP', 'INTRA', 4, 2, 3
'BWD_TP_COMM_INTRA_4', 'Comm', 19253.63557393888, 19253.63915308329, 0.0035791444133333335, 51539607552.0, 'P2P', 'TP', 'INTRA', 4, 2, 3
'BWD_TP_COMM_INTRA_5', 'Comm', 19253.63557393888, 19253.63915308329, 0.0035791444133333335, 51539607552.0, 'P2P', 'TP', 'INTRA', 4, 2, 3
'BWD_FFN', 'Compute', 19253.65704880536, 19261.10564267803, 7.4485938726711, 'NONE', 'NONE', 'NONE', 0
'BWD_TP_COMM_INTRA_0', 'Comm', 19261.10564267803, 19261.109221822444, 0.0035791444133333335, 51539607552.0, 'P2P', 'TP', 'INTRA', 4, 2, 3
'BWD_TP_COMM_INTRA_1', 'Comm', 19261.10564267803, 19261.109221822444, 0.0035791444133333335, 51539607552.0, 'P2P', 'TP', 'INTRA', 4, 2, 3
'BWD_TP_COMM_INTRA_2', 'Comm', 19261.10564267803, 19261.109221822444, 0.0035791444133333335, 51539607552.0, 'P2P', 'TP', 'INTRA', 4, 2, 3
'BWD_TP_COMM_INTRA_3', 'Comm', 19261.10564267803, 19261.109221822444, 0.0035791444133333335, 51539607552.0, 'P2P', 'TP', 'INTRA', 4, 2, 3
'BWD_TP_COMM_INTRA_4', 'Comm', 19261.10564267803, 19261.109221822444, 0.0035791444133333335, 51539607552.0, 'P2P', 'TP', 'INTRA', 4, 2, 3
'BWD_TP_COMM_INTRA_5', 'Comm', 19261.10564267803, 19261.109221822444, 0.0035791444133333335, 51539607552.0, 'P2P', 'TP', 'INTRA', 4, 2, 3
'BWD_MHA', 'Compute', 19261.12711754451, 19286.97541879665, 25.84830125214084, 'NONE', 'NONE', 'NONE', 0
'BWD_TP_COMM_INTRA_0', 'Comm', 19286.97541879665, 19286.978997941063, 0.0035791444133333335, 51539607552.0, 'P2P', 'TP', 'INTRA', 4, 2, 3
'BWD_TP_COMM_INTRA_1', 'Comm', 19286.97541879665, 19286.978997941063, 0.0035791444133333335, 51539607552.0, 'P2P', 'TP', 'INTRA', 4, 2, 3
'BWD_TP_COMM_INTRA_2', 'Comm', 19286.97541879665, 19286.978997941063, 0.0035791444133333335, 51539607552.0, 'P2P', 'TP', 'INTRA', 4, 2, 3
'BWD_TP_COMM_INTRA_3', 'Comm', 19286.97541879665, 19286.978997941063, 0.0035791444133333335, 51539607552.0, 'P2P', 'TP', 'INTRA', 4, 2, 3
'BWD_TP_COMM_INTRA_4', 'Comm', 19286.97541879665, 19286.978997941063, 0.0035791444133333335, 51539607552.0, 'P2P', 'TP', 'INTRA', 4, 2, 3
'BWD_TP_COMM_INTRA_5', 'Comm', 19286.97541879665, 19286.978997941063, 0.0035791444133333335, 51539607552.0, 'P2P', 'TP', 'INTRA', 4, 2, 3
'BWD_FFN', 'Compute', 19286.99689366313, 19294.445487535802, 7.4485938726711, 'NONE', 'NONE', 'NONE', 0
'BWD_TP_COMM_INTRA_0', 'Comm', 19294.445487535802, 19294.449066680216, 0.0035791444133333335, 51539607552.0, 'P2P', 'TP', 'INTRA', 4, 2, 3
'BWD_TP_COMM_INTRA_1', 'Comm', 19294.445487535802, 19294.449066680216, 0.0035791444133333335, 51539607552.0, 'P2P', 'TP', 'INTRA', 4, 2, 3
'BWD_TP_COMM_INTRA_2', 'Comm', 19294.445487535802, 19294.449066680216, 0.0035791444133333335, 51539607552.0, 'P2P', 'TP', 'INTRA', 4, 2, 3
'BWD_TP_COMM_INTRA_3', 'Comm', 19294.445487535802, 19294.449066680216, 0.0035791444133333335, 51539607552.0, 'P2P', 'TP', 'INTRA', 4, 2, 3
'BWD_TP_COMM_INTRA_4', 'Comm', 19294.445487535802, 19294.449066680216, 0.0035791444133333335, 51539607552.0, 'P2P', 'TP', 'INTRA', 4, 2, 3
'BWD_TP_COMM_INTRA_5', 'Comm', 19294.445487535802, 19294.449066680216, 0.0035791444133333335, 51539607552.0, 'P2P', 'TP', 'INTRA', 4, 2, 3
'BWD_MHA', 'Compute', 19294.466962402283, 19320.315263654422, 25.84830125214084, 'NONE', 'NONE', 'NONE', 0
'BWD_TP_COMM_INTRA_0', 'Comm', 19320.315263654422, 19320.318842798835, 0.0035791444133333335, 51539607552.0, 'P2P', 'TP', 'INTRA', 4, 2, 3
'BWD_TP_COMM_INTRA_1', 'Comm', 19320.315263654422, 19320.318842798835, 0.0035791444133333335, 51539607552.0, 'P2P', 'TP', 'INTRA', 4, 2, 3
'BWD_TP_COMM_INTRA_2', 'Comm', 19320.315263654422, 19320.318842798835, 0.0035791444133333335, 51539607552.0, 'P2P', 'TP', 'INTRA', 4, 2, 3
'BWD_TP_COMM_INTRA_3', 'Comm', 19320.315263654422, 19320.318842798835, 0.0035791444133333335, 51539607552.0, 'P2P', 'TP', 'INTRA', 4, 2, 3
'BWD_TP_COMM_INTRA_4', 'Comm', 19320.315263654422, 19320.318842798835, 0.0035791444133333335, 51539607552.0, 'P2P', 'TP', 'INTRA', 4, 2, 3
'BWD_TP_COMM_INTRA_5', 'Comm', 19320.315263654422, 19320.318842798835, 0.0035791444133333335, 51539607552.0, 'P2P', 'TP', 'INTRA', 4, 2, 3
'BWD_FFN', 'Compute', 19320.336738520902, 19327.785332393574, 7.4485938726711, 'NONE', 'NONE', 'NONE', 0
'BWD_TP_COMM_INTRA_0', 'Comm', 19327.785332393574, 19327.788911537988, 0.0035791444133333335, 51539607552.0, 'P2P', 'TP', 'INTRA', 4, 2, 3
'BWD_TP_COMM_INTRA_1', 'Comm', 19327.785332393574, 19327.788911537988, 0.0035791444133333335, 51539607552.0, 'P2P', 'TP', 'INTRA', 4, 2, 3
'BWD_TP_COMM_INTRA_2', 'Comm', 19327.785332393574, 19327.788911537988, 0.0035791444133333335, 51539607552.0, 'P2P', 'TP', 'INTRA', 4, 2, 3
'BWD_TP_COMM_INTRA_3', 'Comm', 19327.785332393574, 19327.788911537988, 0.0035791444133333335, 51539607552.0, 'P2P', 'TP', 'INTRA', 4, 2, 3
'BWD_TP_COMM_INTRA_4', 'Comm', 19327.785332393574, 19327.788911537988, 0.0035791444133333335, 51539607552.0, 'P2P', 'TP', 'INTRA', 4, 2, 3
'BWD_TP_COMM_INTRA_5', 'Comm', 19327.785332393574, 19327.788911537988, 0.0035791444133333335, 51539607552.0, 'P2P', 'TP', 'INTRA', 4, 2, 3
'BWD_MHA', 'Compute', 19327.806807260054, 19353.655108512194, 25.84830125214084, 'NONE', 'NONE', 'NONE', 0
'BWD_TP_COMM_INTRA_0', 'Comm', 19353.655108512194, 19353.658687656607, 0.0035791444133333335, 51539607552.0, 'P2P', 'TP', 'INTRA', 4, 2, 3
'BWD_TP_COMM_INTRA_1', 'Comm', 19353.655108512194, 19353.658687656607, 0.0035791444133333335, 51539607552.0, 'P2P', 'TP', 'INTRA', 4, 2, 3
'BWD_TP_COMM_INTRA_2', 'Comm', 19353.655108512194, 19353.658687656607, 0.0035791444133333335, 51539607552.0, 'P2P', 'TP', 'INTRA', 4, 2, 3
'BWD_TP_COMM_INTRA_3', 'Comm', 19353.655108512194, 19353.658687656607, 0.0035791444133333335, 51539607552.0, 'P2P', 'TP', 'INTRA', 4, 2, 3
'BWD_TP_COMM_INTRA_4', 'Comm', 19353.655108512194, 19353.658687656607, 0.0035791444133333335, 51539607552.0, 'P2P', 'TP', 'INTRA', 4, 2, 3
'BWD_TP_COMM_INTRA_5', 'Comm', 19353.655108512194, 19353.658687656607, 0.0035791444133333335, 51539607552.0, 'P2P', 'TP', 'INTRA', 4, 2, 3
'BWD_FFN', 'Compute', 19353.676583378674, 19361.125177251346, 7.4485938726711, 'NONE', 'NONE', 'NONE', 0
'BWD_TP_COMM_INTRA_0', 'Comm', 19361.125177251346, 19361.12875639576, 0.0035791444133333335, 51539607552.0, 'P2P', 'TP', 'INTRA', 4, 2, 3
'BWD_TP_COMM_INTRA_1', 'Comm', 19361.125177251346, 19361.12875639576, 0.0035791444133333335, 51539607552.0, 'P2P', 'TP', 'INTRA', 4, 2, 3
'BWD_TP_COMM_INTRA_2', 'Comm', 19361.125177251346, 19361.12875639576, 0.0035791444133333335, 51539607552.0, 'P2P', 'TP', 'INTRA', 4, 2, 3
'BWD_TP_COMM_INTRA_3', 'Comm', 19361.125177251346, 19361.12875639576, 0.0035791444133333335, 51539607552.0, 'P2P', 'TP', 'INTRA', 4, 2, 3
'BWD_TP_COMM_INTRA_4', 'Comm', 19361.125177251346, 19361.12875639576, 0.0035791444133333335, 51539607552.0, 'P2P', 'TP', 'INTRA', 4, 2, 3
'BWD_TP_COMM_INTRA_5', 'Comm', 19361.125177251346, 19361.12875639576, 0.0035791444133333335, 51539607552.0, 'P2P', 'TP', 'INTRA', 4, 2, 3
'BWD_MHA', 'Compute', 19361.146652117826, 19386.994953369966, 25.84830125214084, 'NONE', 'NONE', 'NONE', 0
'BWD_TP_COMM_INTRA_0', 'Comm', 19386.994953369966, 19386.99853251438, 0.0035791444133333335, 51539607552.0, 'P2P', 'TP', 'INTRA', 4, 2, 3
'BWD_TP_COMM_INTRA_1', 'Comm', 19386.994953369966, 19386.99853251438, 0.0035791444133333335, 51539607552.0, 'P2P', 'TP', 'INTRA', 4, 2, 3
'BWD_TP_COMM_INTRA_2', 'Comm', 19386.994953369966, 19386.99853251438, 0.0035791444133333335, 51539607552.0, 'P2P', 'TP', 'INTRA', 4, 2, 3
'BWD_TP_COMM_INTRA_3', 'Comm', 19386.994953369966, 19386.99853251438, 0.0035791444133333335, 51539607552.0, 'P2P', 'TP', 'INTRA', 4, 2, 3
'BWD_TP_COMM_INTRA_4', 'Comm', 19386.994953369966, 19386.99853251438, 0.0035791444133333335, 51539607552.0, 'P2P', 'TP', 'INTRA', 4, 2, 3
'BWD_TP_COMM_INTRA_5', 'Comm', 19386.994953369966, 19386.99853251438, 0.0035791444133333335, 51539607552.0, 'P2P', 'TP', 'INTRA', 4, 2, 3
'BWD_FFN', 'Compute', 19387.016428236446, 19394.465022109118, 7.4485938726711, 'NONE', 'NONE', 'NONE', 0
'BWD_TP_COMM_INTRA_0', 'Comm', 19394.465022109118, 19394.46860125353, 0.0035791444133333335, 51539607552.0, 'P2P', 'TP', 'INTRA', 4, 2, 3
'BWD_TP_COMM_INTRA_1', 'Comm', 19394.465022109118, 19394.46860125353, 0.0035791444133333335, 51539607552.0, 'P2P', 'TP', 'INTRA', 4, 2, 3
'BWD_TP_COMM_INTRA_2', 'Comm', 19394.465022109118, 19394.46860125353, 0.0035791444133333335, 51539607552.0, 'P2P', 'TP', 'INTRA', 4, 2, 3
'BWD_TP_COMM_INTRA_3', 'Comm', 19394.465022109118, 19394.46860125353, 0.0035791444133333335, 51539607552.0, 'P2P', 'TP', 'INTRA', 4, 2, 3
'BWD_TP_COMM_INTRA_4', 'Comm', 19394.465022109118, 19394.46860125353, 0.0035791444133333335, 51539607552.0, 'P2P', 'TP', 'INTRA', 4, 2, 3
'BWD_TP_COMM_INTRA_5', 'Comm', 19394.465022109118, 19394.46860125353, 0.0035791444133333335, 51539607552.0, 'P2P', 'TP', 'INTRA', 4, 2, 3
'BWD_MHA', 'Compute', 19394.486496975598, 19420.334798227737, 25.84830125214084, 'NONE', 'NONE', 'NONE', 0
'BWD_TP_COMM_INTRA_0', 'Comm', 19420.334798227737, 19420.33837737215, 0.0035791444133333335, 51539607552.0, 'P2P', 'TP', 'INTRA', 4, 2, 3
'BWD_TP_COMM_INTRA_1', 'Comm', 19420.334798227737, 19420.33837737215, 0.0035791444133333335, 51539607552.0, 'P2P', 'TP', 'INTRA', 4, 2, 3
'BWD_TP_COMM_INTRA_2', 'Comm', 19420.334798227737, 19420.33837737215, 0.0035791444133333335, 51539607552.0, 'P2P', 'TP', 'INTRA', 4, 2, 3
'BWD_TP_COMM_INTRA_3', 'Comm', 19420.334798227737, 19420.33837737215, 0.0035791444133333335, 51539607552.0, 'P2P', 'TP', 'INTRA', 4, 2, 3
'BWD_TP_COMM_INTRA_4', 'Comm', 19420.334798227737, 19420.33837737215, 0.0035791444133333335, 51539607552.0, 'P2P', 'TP', 'INTRA', 4, 2, 3
'BWD_TP_COMM_INTRA_5', 'Comm', 19420.334798227737, 19420.33837737215, 0.0035791444133333335, 51539607552.0, 'P2P', 'TP', 'INTRA', 4, 2, 3
'BWD_FFN', 'Compute', 19420.356273094218, 19427.80486696689, 7.4485938726711, 'NONE', 'NONE', 'NONE', 0
'BWD_TP_COMM_INTRA_0', 'Comm', 19427.80486696689, 19427.808446111303, 0.0035791444133333335, 51539607552.0, 'P2P', 'TP', 'INTRA', 4, 2, 3
'BWD_TP_COMM_INTRA_1', 'Comm', 19427.80486696689, 19427.808446111303, 0.0035791444133333335, 51539607552.0, 'P2P', 'TP', 'INTRA', 4, 2, 3
'BWD_TP_COMM_INTRA_2', 'Comm', 19427.80486696689, 19427.808446111303, 0.0035791444133333335, 51539607552.0, 'P2P', 'TP', 'INTRA', 4, 2, 3
'BWD_TP_COMM_INTRA_3', 'Comm', 19427.80486696689, 19427.808446111303, 0.0035791444133333335, 51539607552.0, 'P2P', 'TP', 'INTRA', 4, 2, 3
'BWD_TP_COMM_INTRA_4', 'Comm', 19427.80486696689, 19427.808446111303, 0.0035791444133333335, 51539607552.0, 'P2P', 'TP', 'INTRA', 4, 2, 3
'BWD_TP_COMM_INTRA_5', 'Comm', 19427.80486696689, 19427.808446111303, 0.0035791444133333335, 51539607552.0, 'P2P', 'TP', 'INTRA', 4, 2, 3
'BWD_MHA', 'Compute', 19427.82634183337, 19453.67464308551, 25.84830125214084, 'NONE', 'NONE', 'NONE', 0
'BWD_TP_COMM_INTRA_0', 'Comm', 19453.67464308551, 19453.678222229923, 0.0035791444133333335, 51539607552.0, 'P2P', 'TP', 'INTRA', 4, 2, 3
'BWD_TP_COMM_INTRA_1', 'Comm', 19453.67464308551, 19453.678222229923, 0.0035791444133333335, 51539607552.0, 'P2P', 'TP', 'INTRA', 4, 2, 3
'BWD_TP_COMM_INTRA_2', 'Comm', 19453.67464308551, 19453.678222229923, 0.0035791444133333335, 51539607552.0, 'P2P', 'TP', 'INTRA', 4, 2, 3
'BWD_TP_COMM_INTRA_3', 'Comm', 19453.67464308551, 19453.678222229923, 0.0035791444133333335, 51539607552.0, 'P2P', 'TP', 'INTRA', 4, 2, 3
'BWD_TP_COMM_INTRA_4', 'Comm', 19453.67464308551, 19453.678222229923, 0.0035791444133333335, 51539607552.0, 'P2P', 'TP', 'INTRA', 4, 2, 3
'BWD_TP_COMM_INTRA_5', 'Comm', 19453.67464308551, 19453.678222229923, 0.0035791444133333335, 51539607552.0, 'P2P', 'TP', 'INTRA', 4, 2, 3
'BWD_FFN', 'Compute', 19453.69611795199, 19461.14471182466, 7.4485938726711, 'NONE', 'NONE', 'NONE', 0
'BWD_TP_COMM_INTRA_0', 'Comm', 19461.14471182466, 19461.148290969075, 0.0035791444133333335, 51539607552.0, 'P2P', 'TP', 'INTRA', 4, 2, 3
'BWD_TP_COMM_INTRA_1', 'Comm', 19461.14471182466, 19461.148290969075, 0.0035791444133333335, 51539607552.0, 'P2P', 'TP', 'INTRA', 4, 2, 3
'BWD_TP_COMM_INTRA_2', 'Comm', 19461.14471182466, 19461.148290969075, 0.0035791444133333335, 51539607552.0, 'P2P', 'TP', 'INTRA', 4, 2, 3
'BWD_TP_COMM_INTRA_3', 'Comm', 19461.14471182466, 19461.148290969075, 0.0035791444133333335, 51539607552.0, 'P2P', 'TP', 'INTRA', 4, 2, 3
'BWD_TP_COMM_INTRA_4', 'Comm', 19461.14471182466, 19461.148290969075, 0.0035791444133333335, 51539607552.0, 'P2P', 'TP', 'INTRA', 4, 2, 3
'BWD_TP_COMM_INTRA_5', 'Comm', 19461.14471182466, 19461.148290969075, 0.0035791444133333335, 51539607552.0, 'P2P', 'TP', 'INTRA', 4, 2, 3
'BWD_MHA', 'Compute', 19461.16618669114, 19487.01448794328, 25.84830125214084, 'NONE', 'NONE', 'NONE', 0
'BWD_TP_COMM_INTRA_0', 'Comm', 19487.01448794328, 19487.018067087694, 0.0035791444133333335, 51539607552.0, 'P2P', 'TP', 'INTRA', 4, 2, 3
'BWD_TP_COMM_INTRA_1', 'Comm', 19487.01448794328, 19487.018067087694, 0.0035791444133333335, 51539607552.0, 'P2P', 'TP', 'INTRA', 4, 2, 3
'BWD_TP_COMM_INTRA_2', 'Comm', 19487.01448794328, 19487.018067087694, 0.0035791444133333335, 51539607552.0, 'P2P', 'TP', 'INTRA', 4, 2, 3
'BWD_TP_COMM_INTRA_3', 'Comm', 19487.01448794328, 19487.018067087694, 0.0035791444133333335, 51539607552.0, 'P2P', 'TP', 'INTRA', 4, 2, 3
'BWD_TP_COMM_INTRA_4', 'Comm', 19487.01448794328, 19487.018067087694, 0.0035791444133333335, 51539607552.0, 'P2P', 'TP', 'INTRA', 4, 2, 3
'BWD_TP_COMM_INTRA_5', 'Comm', 19487.01448794328, 19487.018067087694, 0.0035791444133333335, 51539607552.0, 'P2P', 'TP', 'INTRA', 4, 2, 3
'BWD_FFN', 'Compute', 19487.03596280976, 19494.484556682433, 7.4485938726711, 'NONE', 'NONE', 'NONE', 0
'BWD_TP_COMM_INTRA_0', 'Comm', 19494.484556682433, 19494.488135826847, 0.0035791444133333335, 51539607552.0, 'P2P', 'TP', 'INTRA', 4, 2, 3
'BWD_TP_COMM_INTRA_1', 'Comm', 19494.484556682433, 19494.488135826847, 0.0035791444133333335, 51539607552.0, 'P2P', 'TP', 'INTRA', 4, 2, 3
'BWD_TP_COMM_INTRA_2', 'Comm', 19494.484556682433, 19494.488135826847, 0.0035791444133333335, 51539607552.0, 'P2P', 'TP', 'INTRA', 4, 2, 3
'BWD_TP_COMM_INTRA_3', 'Comm', 19494.484556682433, 19494.488135826847, 0.0035791444133333335, 51539607552.0, 'P2P', 'TP', 'INTRA', 4, 2, 3
'BWD_TP_COMM_INTRA_4', 'Comm', 19494.484556682433, 19494.488135826847, 0.0035791444133333335, 51539607552.0, 'P2P', 'TP', 'INTRA', 4, 2, 3
'BWD_TP_COMM_INTRA_5', 'Comm', 19494.484556682433, 19494.488135826847, 0.0035791444133333335, 51539607552.0, 'P2P', 'TP', 'INTRA', 4, 2, 3
'BWD_MHA', 'Compute', 19494.506031548914, 19520.354332801053, 25.84830125214084, 'NONE', 'NONE', 'NONE', 0
'BWD_TP_COMM_INTRA_0', 'Comm', 19520.354332801053, 19520.357911945466, 0.0035791444133333335, 51539607552.0, 'P2P', 'TP', 'INTRA', 4, 2, 3
'BWD_TP_COMM_INTRA_1', 'Comm', 19520.354332801053, 19520.357911945466, 0.0035791444133333335, 51539607552.0, 'P2P', 'TP', 'INTRA', 4, 2, 3
'BWD_TP_COMM_INTRA_2', 'Comm', 19520.354332801053, 19520.357911945466, 0.0035791444133333335, 51539607552.0, 'P2P', 'TP', 'INTRA', 4, 2, 3
'BWD_TP_COMM_INTRA_3', 'Comm', 19520.354332801053, 19520.357911945466, 0.0035791444133333335, 51539607552.0, 'P2P', 'TP', 'INTRA', 4, 2, 3
'BWD_TP_COMM_INTRA_4', 'Comm', 19520.354332801053, 19520.357911945466, 0.0035791444133333335, 51539607552.0, 'P2P', 'TP', 'INTRA', 4, 2, 3
'BWD_TP_COMM_INTRA_5', 'Comm', 19520.354332801053, 19520.357911945466, 0.0035791444133333335, 51539607552.0, 'P2P', 'TP', 'INTRA', 4, 2, 3
'BWD_FFN', 'Compute', 19520.375807667533, 19527.824401540205, 7.4485938726711, 'NONE', 'NONE', 'NONE', 0
'BWD_TP_COMM_INTRA_0', 'Comm', 19527.824401540205, 19527.82798068462, 0.0035791444133333335, 51539607552.0, 'P2P', 'TP', 'INTRA', 4, 2, 3
'BWD_TP_COMM_INTRA_1', 'Comm', 19527.824401540205, 19527.82798068462, 0.0035791444133333335, 51539607552.0, 'P2P', 'TP', 'INTRA', 4, 2, 3
'BWD_TP_COMM_INTRA_2', 'Comm', 19527.824401540205, 19527.82798068462, 0.0035791444133333335, 51539607552.0, 'P2P', 'TP', 'INTRA', 4, 2, 3
'BWD_TP_COMM_INTRA_3', 'Comm', 19527.824401540205, 19527.82798068462, 0.0035791444133333335, 51539607552.0, 'P2P', 'TP', 'INTRA', 4, 2, 3
'BWD_TP_COMM_INTRA_4', 'Comm', 19527.824401540205, 19527.82798068462, 0.0035791444133333335, 51539607552.0, 'P2P', 'TP', 'INTRA', 4, 2, 3
'BWD_TP_COMM_INTRA_5', 'Comm', 19527.824401540205, 19527.82798068462, 0.0035791444133333335, 51539607552.0, 'P2P', 'TP', 'INTRA', 4, 2, 3
'BWD_MHA', 'Compute', 19527.845876406685, 19553.694177658825, 25.84830125214084, 'NONE', 'NONE', 'NONE', 0
'BWD_TP_COMM_INTRA_0', 'Comm', 19553.694177658825, 19553.697756803238, 0.0035791444133333335, 51539607552.0, 'P2P', 'TP', 'INTRA', 4, 2, 3
'BWD_TP_COMM_INTRA_1', 'Comm', 19553.694177658825, 19553.697756803238, 0.0035791444133333335, 51539607552.0, 'P2P', 'TP', 'INTRA', 4, 2, 3
'BWD_TP_COMM_INTRA_2', 'Comm', 19553.694177658825, 19553.697756803238, 0.0035791444133333335, 51539607552.0, 'P2P', 'TP', 'INTRA', 4, 2, 3
'BWD_TP_COMM_INTRA_3', 'Comm', 19553.694177658825, 19553.697756803238, 0.0035791444133333335, 51539607552.0, 'P2P', 'TP', 'INTRA', 4, 2, 3
'BWD_TP_COMM_INTRA_4', 'Comm', 19553.694177658825, 19553.697756803238, 0.0035791444133333335, 51539607552.0, 'P2P', 'TP', 'INTRA', 4, 2, 3
'BWD_TP_COMM_INTRA_5', 'Comm', 19553.694177658825, 19553.697756803238, 0.0035791444133333335, 51539607552.0, 'P2P', 'TP', 'INTRA', 4, 2, 3
'BWD_FFN', 'Compute', 19553.715652525305, 19561.164246397977, 7.4485938726711, 'NONE', 'NONE', 'NONE', 0
'BWD_TP_COMM_INTRA_0', 'Comm', 19561.164246397977, 19561.16782554239, 0.0035791444133333335, 51539607552.0, 'P2P', 'TP', 'INTRA', 4, 2, 3
'BWD_TP_COMM_INTRA_1', 'Comm', 19561.164246397977, 19561.16782554239, 0.0035791444133333335, 51539607552.0, 'P2P', 'TP', 'INTRA', 4, 2, 3
'BWD_TP_COMM_INTRA_2', 'Comm', 19561.164246397977, 19561.16782554239, 0.0035791444133333335, 51539607552.0, 'P2P', 'TP', 'INTRA', 4, 2, 3
'BWD_TP_COMM_INTRA_3', 'Comm', 19561.164246397977, 19561.16782554239, 0.0035791444133333335, 51539607552.0, 'P2P', 'TP', 'INTRA', 4, 2, 3
'BWD_TP_COMM_INTRA_4', 'Comm', 19561.164246397977, 19561.16782554239, 0.0035791444133333335, 51539607552.0, 'P2P', 'TP', 'INTRA', 4, 2, 3
'BWD_TP_COMM_INTRA_5', 'Comm', 19561.164246397977, 19561.16782554239, 0.0035791444133333335, 51539607552.0, 'P2P', 'TP', 'INTRA', 4, 2, 3
'BWD_MHA', 'Compute', 19561.185721264457, 19587.034022516596, 25.84830125214084, 'NONE', 'NONE', 'NONE', 0
'BWD_TP_COMM_INTRA_0', 'Comm', 19587.034022516596, 19587.03760166101, 0.0035791444133333335, 51539607552.0, 'P2P', 'TP', 'INTRA', 4, 2, 3
'BWD_TP_COMM_INTRA_1', 'Comm', 19587.034022516596, 19587.03760166101, 0.0035791444133333335, 51539607552.0, 'P2P', 'TP', 'INTRA', 4, 2, 3
'BWD_TP_COMM_INTRA_2', 'Comm', 19587.034022516596, 19587.03760166101, 0.0035791444133333335, 51539607552.0, 'P2P', 'TP', 'INTRA', 4, 2, 3
'BWD_TP_COMM_INTRA_3', 'Comm', 19587.034022516596, 19587.03760166101, 0.0035791444133333335, 51539607552.0, 'P2P', 'TP', 'INTRA', 4, 2, 3
'BWD_TP_COMM_INTRA_4', 'Comm', 19587.034022516596, 19587.03760166101, 0.0035791444133333335, 51539607552.0, 'P2P', 'TP', 'INTRA', 4, 2, 3
'BWD_TP_COMM_INTRA_5', 'Comm', 19587.034022516596, 19587.03760166101, 0.0035791444133333335, 51539607552.0, 'P2P', 'TP', 'INTRA', 4, 2, 3
'BWD_FFN', 'Compute', 19587.055497383077, 19594.50409125575, 7.4485938726711, 'NONE', 'NONE', 'NONE', 0
'BWD_TP_COMM_INTRA_0', 'Comm', 19594.50409125575, 19594.507670400162, 0.0035791444133333335, 51539607552.0, 'P2P', 'TP', 'INTRA', 4, 2, 3
'BWD_TP_COMM_INTRA_1', 'Comm', 19594.50409125575, 19594.507670400162, 0.0035791444133333335, 51539607552.0, 'P2P', 'TP', 'INTRA', 4, 2, 3
'BWD_TP_COMM_INTRA_2', 'Comm', 19594.50409125575, 19594.507670400162, 0.0035791444133333335, 51539607552.0, 'P2P', 'TP', 'INTRA', 4, 2, 3
'BWD_TP_COMM_INTRA_3', 'Comm', 19594.50409125575, 19594.507670400162, 0.0035791444133333335, 51539607552.0, 'P2P', 'TP', 'INTRA', 4, 2, 3
'BWD_TP_COMM_INTRA_4', 'Comm', 19594.50409125575, 19594.507670400162, 0.0035791444133333335, 51539607552.0, 'P2P', 'TP', 'INTRA', 4, 2, 3
'BWD_TP_COMM_INTRA_5', 'Comm', 19594.50409125575, 19594.507670400162, 0.0035791444133333335, 51539607552.0, 'P2P', 'TP', 'INTRA', 4, 2, 3
'BWD_MHA', 'Compute', 19594.52556612223, 19620.37386737437, 25.84830125214084, 'NONE', 'NONE', 'NONE', 0
'BWD_TP_COMM_INTRA_0', 'Comm', 19620.37386737437, 19620.37744651878, 0.0035791444133333335, 51539607552.0, 'P2P', 'TP', 'INTRA', 4, 2, 3
'BWD_TP_COMM_INTRA_1', 'Comm', 19620.37386737437, 19620.37744651878, 0.0035791444133333335, 51539607552.0, 'P2P', 'TP', 'INTRA', 4, 2, 3
'BWD_TP_COMM_INTRA_2', 'Comm', 19620.37386737437, 19620.37744651878, 0.0035791444133333335, 51539607552.0, 'P2P', 'TP', 'INTRA', 4, 2, 3
'BWD_TP_COMM_INTRA_3', 'Comm', 19620.37386737437, 19620.37744651878, 0.0035791444133333335, 51539607552.0, 'P2P', 'TP', 'INTRA', 4, 2, 3
'BWD_TP_COMM_INTRA_4', 'Comm', 19620.37386737437, 19620.37744651878, 0.0035791444133333335, 51539607552.0, 'P2P', 'TP', 'INTRA', 4, 2, 3
'BWD_TP_COMM_INTRA_5', 'Comm', 19620.37386737437, 19620.37744651878, 0.0035791444133333335, 51539607552.0, 'P2P', 'TP', 'INTRA', 4, 2, 3
'BWD_FFN', 'Compute', 19620.39534224085, 19627.84393611352, 7.4485938726711, 'NONE', 'NONE', 'NONE', 0
'BWD_TP_COMM_INTRA_0', 'Comm', 19627.84393611352, 19627.847515257934, 0.0035791444133333335, 51539607552.0, 'P2P', 'TP', 'INTRA', 4, 2, 3
'BWD_TP_COMM_INTRA_1', 'Comm', 19627.84393611352, 19627.847515257934, 0.0035791444133333335, 51539607552.0, 'P2P', 'TP', 'INTRA', 4, 2, 3
'BWD_TP_COMM_INTRA_2', 'Comm', 19627.84393611352, 19627.847515257934, 0.0035791444133333335, 51539607552.0, 'P2P', 'TP', 'INTRA', 4, 2, 3
'BWD_TP_COMM_INTRA_3', 'Comm', 19627.84393611352, 19627.847515257934, 0.0035791444133333335, 51539607552.0, 'P2P', 'TP', 'INTRA', 4, 2, 3
'BWD_TP_COMM_INTRA_4', 'Comm', 19627.84393611352, 19627.847515257934, 0.0035791444133333335, 51539607552.0, 'P2P', 'TP', 'INTRA', 4, 2, 3
'BWD_TP_COMM_INTRA_5', 'Comm', 19627.84393611352, 19627.847515257934, 0.0035791444133333335, 51539607552.0, 'P2P', 'TP', 'INTRA', 4, 2, 3
'BWD_MHA', 'Compute', 19627.86541098, 19653.71371223214, 25.84830125214084, 'NONE', 'NONE', 'NONE', 0
'BWD_TP_COMM_INTRA_0', 'Comm', 19653.71371223214, 19653.717291376553, 0.0035791444133333335, 51539607552.0, 'P2P', 'TP', 'INTRA', 4, 2, 3
'BWD_TP_COMM_INTRA_1', 'Comm', 19653.71371223214, 19653.717291376553, 0.0035791444133333335, 51539607552.0, 'P2P', 'TP', 'INTRA', 4, 2, 3
'BWD_TP_COMM_INTRA_2', 'Comm', 19653.71371223214, 19653.717291376553, 0.0035791444133333335, 51539607552.0, 'P2P', 'TP', 'INTRA', 4, 2, 3
'BWD_TP_COMM_INTRA_3', 'Comm', 19653.71371223214, 19653.717291376553, 0.0035791444133333335, 51539607552.0, 'P2P', 'TP', 'INTRA', 4, 2, 3
'BWD_TP_COMM_INTRA_4', 'Comm', 19653.71371223214, 19653.717291376553, 0.0035791444133333335, 51539607552.0, 'P2P', 'TP', 'INTRA', 4, 2, 3
'BWD_TP_COMM_INTRA_5', 'Comm', 19653.71371223214, 19653.717291376553, 0.0035791444133333335, 51539607552.0, 'P2P', 'TP', 'INTRA', 4, 2, 3
'BWD_FFN', 'Compute', 19653.73518709862, 19661.183780971292, 7.4485938726711, 'NONE', 'NONE', 'NONE', 0
'BWD_TP_COMM_INTRA_0', 'Comm', 19661.183780971292, 19661.187360115706, 0.0035791444133333335, 51539607552.0, 'P2P', 'TP', 'INTRA', 4, 2, 3
'BWD_TP_COMM_INTRA_1', 'Comm', 19661.183780971292, 19661.187360115706, 0.0035791444133333335, 51539607552.0, 'P2P', 'TP', 'INTRA', 4, 2, 3
'BWD_TP_COMM_INTRA_2', 'Comm', 19661.183780971292, 19661.187360115706, 0.0035791444133333335, 51539607552.0, 'P2P', 'TP', 'INTRA', 4, 2, 3
'BWD_TP_COMM_INTRA_3', 'Comm', 19661.183780971292, 19661.187360115706, 0.0035791444133333335, 51539607552.0, 'P2P', 'TP', 'INTRA', 4, 2, 3
'BWD_TP_COMM_INTRA_4', 'Comm', 19661.183780971292, 19661.187360115706, 0.0035791444133333335, 51539607552.0, 'P2P', 'TP', 'INTRA', 4, 2, 3
'BWD_TP_COMM_INTRA_5', 'Comm', 19661.183780971292, 19661.187360115706, 0.0035791444133333335, 51539607552.0, 'P2P', 'TP', 'INTRA', 4, 2, 3
'BWD_MHA', 'Compute', 19661.205255837773, 19687.053557089912, 25.84830125214084, 'NONE', 'NONE', 'NONE', 0
'BWD_TP_COMM_INTRA_0', 'Comm', 19687.053557089912, 19687.057136234325, 0.0035791444133333335, 51539607552.0, 'P2P', 'TP', 'INTRA', 4, 2, 3
'BWD_TP_COMM_INTRA_1', 'Comm', 19687.053557089912, 19687.057136234325, 0.0035791444133333335, 51539607552.0, 'P2P', 'TP', 'INTRA', 4, 2, 3
'BWD_TP_COMM_INTRA_2', 'Comm', 19687.053557089912, 19687.057136234325, 0.0035791444133333335, 51539607552.0, 'P2P', 'TP', 'INTRA', 4, 2, 3
'BWD_TP_COMM_INTRA_3', 'Comm', 19687.053557089912, 19687.057136234325, 0.0035791444133333335, 51539607552.0, 'P2P', 'TP', 'INTRA', 4, 2, 3
'BWD_TP_COMM_INTRA_4', 'Comm', 19687.053557089912, 19687.057136234325, 0.0035791444133333335, 51539607552.0, 'P2P', 'TP', 'INTRA', 4, 2, 3
'BWD_TP_COMM_INTRA_5', 'Comm', 19687.053557089912, 19687.057136234325, 0.0035791444133333335, 51539607552.0, 'P2P', 'TP', 'INTRA', 4, 2, 3
'BWD_FFN', 'Compute', 19687.075031956392, 19694.523625829064, 7.4485938726711, 'NONE', 'NONE', 'NONE', 0
'BWD_TP_COMM_INTRA_0', 'Comm', 19694.523625829064, 19694.527204973478, 0.0035791444133333335, 51539607552.0, 'P2P', 'TP', 'INTRA', 4, 2, 3
'BWD_TP_COMM_INTRA_1', 'Comm', 19694.523625829064, 19694.527204973478, 0.0035791444133333335, 51539607552.0, 'P2P', 'TP', 'INTRA', 4, 2, 3
'BWD_TP_COMM_INTRA_2', 'Comm', 19694.523625829064, 19694.527204973478, 0.0035791444133333335, 51539607552.0, 'P2P', 'TP', 'INTRA', 4, 2, 3
'BWD_TP_COMM_INTRA_3', 'Comm', 19694.523625829064, 19694.527204973478, 0.0035791444133333335, 51539607552.0, 'P2P', 'TP', 'INTRA', 4, 2, 3
'BWD_TP_COMM_INTRA_4', 'Comm', 19694.523625829064, 19694.527204973478, 0.0035791444133333335, 51539607552.0, 'P2P', 'TP', 'INTRA', 4, 2, 3
'BWD_TP_COMM_INTRA_5', 'Comm', 19694.523625829064, 19694.527204973478, 0.0035791444133333335, 51539607552.0, 'P2P', 'TP', 'INTRA', 4, 2, 3
'BWD_MHA', 'Compute', 19694.545100695545, 19720.393401947684, 25.84830125214084, 'NONE', 'NONE', 'NONE', 0
'BWD_TP_COMM_INTRA_0', 'Comm', 19720.393401947684, 19720.396981092097, 0.0035791444133333335, 51539607552.0, 'P2P', 'TP', 'INTRA', 4, 2, 3
'BWD_TP_COMM_INTRA_1', 'Comm', 19720.393401947684, 19720.396981092097, 0.0035791444133333335, 51539607552.0, 'P2P', 'TP', 'INTRA', 4, 2, 3
'BWD_TP_COMM_INTRA_2', 'Comm', 19720.393401947684, 19720.396981092097, 0.0035791444133333335, 51539607552.0, 'P2P', 'TP', 'INTRA', 4, 2, 3
'BWD_TP_COMM_INTRA_3', 'Comm', 19720.393401947684, 19720.396981092097, 0.0035791444133333335, 51539607552.0, 'P2P', 'TP', 'INTRA', 4, 2, 3
'BWD_TP_COMM_INTRA_4', 'Comm', 19720.393401947684, 19720.396981092097, 0.0035791444133333335, 51539607552.0, 'P2P', 'TP', 'INTRA', 4, 2, 3
'BWD_TP_COMM_INTRA_5', 'Comm', 19720.393401947684, 19720.396981092097, 0.0035791444133333335, 51539607552.0, 'P2P', 'TP', 'INTRA', 4, 2, 3
'BWD_FFN', 'Compute', 19720.414876814164, 19727.863470686836, 7.4485938726711, 'NONE', 'NONE', 'NONE', 0
'BWD_TP_COMM_INTRA_0', 'Comm', 19727.863470686836, 19727.86704983125, 0.0035791444133333335, 51539607552.0, 'P2P', 'TP', 'INTRA', 4, 2, 3
'BWD_TP_COMM_INTRA_1', 'Comm', 19727.863470686836, 19727.86704983125, 0.0035791444133333335, 51539607552.0, 'P2P', 'TP', 'INTRA', 4, 2, 3
'BWD_TP_COMM_INTRA_2', 'Comm', 19727.863470686836, 19727.86704983125, 0.0035791444133333335, 51539607552.0, 'P2P', 'TP', 'INTRA', 4, 2, 3
'BWD_TP_COMM_INTRA_3', 'Comm', 19727.863470686836, 19727.86704983125, 0.0035791444133333335, 51539607552.0, 'P2P', 'TP', 'INTRA', 4, 2, 3
'BWD_TP_COMM_INTRA_4', 'Comm', 19727.863470686836, 19727.86704983125, 0.0035791444133333335, 51539607552.0, 'P2P', 'TP', 'INTRA', 4, 2, 3
'BWD_TP_COMM_INTRA_5', 'Comm', 19727.863470686836, 19727.86704983125, 0.0035791444133333335, 51539607552.0, 'P2P', 'TP', 'INTRA', 4, 2, 3
'BWD_MHA', 'Compute', 19727.884945553316, 19753.733246805456, 25.84830125214084, 'NONE', 'NONE', 'NONE', 0
'BWD_TP_COMM_INTRA_0', 'Comm', 19753.733246805456, 19753.73682594987, 0.0035791444133333335, 51539607552.0, 'P2P', 'TP', 'INTRA', 4, 2, 3
'BWD_TP_COMM_INTRA_1', 'Comm', 19753.733246805456, 19753.73682594987, 0.0035791444133333335, 51539607552.0, 'P2P', 'TP', 'INTRA', 4, 2, 3
'BWD_TP_COMM_INTRA_2', 'Comm', 19753.733246805456, 19753.73682594987, 0.0035791444133333335, 51539607552.0, 'P2P', 'TP', 'INTRA', 4, 2, 3
'BWD_TP_COMM_INTRA_3', 'Comm', 19753.733246805456, 19753.73682594987, 0.0035791444133333335, 51539607552.0, 'P2P', 'TP', 'INTRA', 4, 2, 3
'BWD_TP_COMM_INTRA_4', 'Comm', 19753.733246805456, 19753.73682594987, 0.0035791444133333335, 51539607552.0, 'P2P', 'TP', 'INTRA', 4, 2, 3
'BWD_TP_COMM_INTRA_5', 'Comm', 19753.733246805456, 19753.73682594987, 0.0035791444133333335, 51539607552.0, 'P2P', 'TP', 'INTRA', 4, 2, 3
'BWD_FFN', 'Compute', 19753.754721671936, 19761.203315544608, 7.4485938726711, 'NONE', 'NONE', 'NONE', 0
'BWD_TP_COMM_INTRA_0', 'Comm', 19761.203315544608, 19761.20689468902, 0.0035791444133333335, 51539607552.0, 'P2P', 'TP', 'INTRA', 4, 2, 3
'BWD_TP_COMM_INTRA_1', 'Comm', 19761.203315544608, 19761.20689468902, 0.0035791444133333335, 51539607552.0, 'P2P', 'TP', 'INTRA', 4, 2, 3
'BWD_TP_COMM_INTRA_2', 'Comm', 19761.203315544608, 19761.20689468902, 0.0035791444133333335, 51539607552.0, 'P2P', 'TP', 'INTRA', 4, 2, 3
'BWD_TP_COMM_INTRA_3', 'Comm', 19761.203315544608, 19761.20689468902, 0.0035791444133333335, 51539607552.0, 'P2P', 'TP', 'INTRA', 4, 2, 3
'BWD_TP_COMM_INTRA_4', 'Comm', 19761.203315544608, 19761.20689468902, 0.0035791444133333335, 51539607552.0, 'P2P', 'TP', 'INTRA', 4, 2, 3
'BWD_TP_COMM_INTRA_5', 'Comm', 19761.203315544608, 19761.20689468902, 0.0035791444133333335, 51539607552.0, 'P2P', 'TP', 'INTRA', 4, 2, 3
'BWD_MHA', 'Compute', 19761.224790411088, 19787.073091663227, 25.84830125214084, 'NONE', 'NONE', 'NONE', 0
'BWD_TP_COMM_INTRA_0', 'Comm', 19787.073091663227, 19787.07667080764, 0.0035791444133333335, 51539607552.0, 'P2P', 'TP', 'INTRA', 4, 2, 3
'BWD_TP_COMM_INTRA_1', 'Comm', 19787.073091663227, 19787.07667080764, 0.0035791444133333335, 51539607552.0, 'P2P', 'TP', 'INTRA', 4, 2, 3
'BWD_TP_COMM_INTRA_2', 'Comm', 19787.073091663227, 19787.07667080764, 0.0035791444133333335, 51539607552.0, 'P2P', 'TP', 'INTRA', 4, 2, 3
'BWD_TP_COMM_INTRA_3', 'Comm', 19787.073091663227, 19787.07667080764, 0.0035791444133333335, 51539607552.0, 'P2P', 'TP', 'INTRA', 4, 2, 3
'BWD_TP_COMM_INTRA_4', 'Comm', 19787.073091663227, 19787.07667080764, 0.0035791444133333335, 51539607552.0, 'P2P', 'TP', 'INTRA', 4, 2, 3
'BWD_TP_COMM_INTRA_5', 'Comm', 19787.073091663227, 19787.07667080764, 0.0035791444133333335, 51539607552.0, 'P2P', 'TP', 'INTRA', 4, 2, 3
'BWD_FFN', 'Compute', 19787.094566529708, 19794.54316040238, 7.4485938726711, 'NONE', 'NONE', 'NONE', 0
'BWD_TP_COMM_INTRA_0', 'Comm', 19794.54316040238, 19794.546739546793, 0.0035791444133333335, 51539607552.0, 'P2P', 'TP', 'INTRA', 4, 2, 3
'BWD_TP_COMM_INTRA_1', 'Comm', 19794.54316040238, 19794.546739546793, 0.0035791444133333335, 51539607552.0, 'P2P', 'TP', 'INTRA', 4, 2, 3
'BWD_TP_COMM_INTRA_2', 'Comm', 19794.54316040238, 19794.546739546793, 0.0035791444133333335, 51539607552.0, 'P2P', 'TP', 'INTRA', 4, 2, 3
'BWD_TP_COMM_INTRA_3', 'Comm', 19794.54316040238, 19794.546739546793, 0.0035791444133333335, 51539607552.0, 'P2P', 'TP', 'INTRA', 4, 2, 3
'BWD_TP_COMM_INTRA_4', 'Comm', 19794.54316040238, 19794.546739546793, 0.0035791444133333335, 51539607552.0, 'P2P', 'TP', 'INTRA', 4, 2, 3
'BWD_TP_COMM_INTRA_5', 'Comm', 19794.54316040238, 19794.546739546793, 0.0035791444133333335, 51539607552.0, 'P2P', 'TP', 'INTRA', 4, 2, 3
'BWD_MHA', 'Compute', 19794.56463526886, 19820.412936521, 25.84830125214084, 'NONE', 'NONE', 'NONE', 0
'BWD_TP_COMM_INTRA_0', 'Comm', 19820.412936521, 19820.416515665413, 0.0035791444133333335, 51539607552.0, 'P2P', 'TP', 'INTRA', 4, 2, 3
'BWD_TP_COMM_INTRA_1', 'Comm', 19820.412936521, 19820.416515665413, 0.0035791444133333335, 51539607552.0, 'P2P', 'TP', 'INTRA', 4, 2, 3
'BWD_TP_COMM_INTRA_2', 'Comm', 19820.412936521, 19820.416515665413, 0.0035791444133333335, 51539607552.0, 'P2P', 'TP', 'INTRA', 4, 2, 3
'BWD_TP_COMM_INTRA_3', 'Comm', 19820.412936521, 19820.416515665413, 0.0035791444133333335, 51539607552.0, 'P2P', 'TP', 'INTRA', 4, 2, 3
'BWD_TP_COMM_INTRA_4', 'Comm', 19820.412936521, 19820.416515665413, 0.0035791444133333335, 51539607552.0, 'P2P', 'TP', 'INTRA', 4, 2, 3
'BWD_TP_COMM_INTRA_5', 'Comm', 19820.412936521, 19820.416515665413, 0.0035791444133333335, 51539607552.0, 'P2P', 'TP', 'INTRA', 4, 2, 3
'BWD_FFN', 'Compute', 19820.43441138748, 19827.88300526015, 7.4485938726711, 'NONE', 'NONE', 'NONE', 0
'BWD_TP_COMM_INTRA_0', 'Comm', 19827.88300526015, 19827.886584404565, 0.0035791444133333335, 51539607552.0, 'P2P', 'TP', 'INTRA', 4, 2, 3
'BWD_TP_COMM_INTRA_1', 'Comm', 19827.88300526015, 19827.886584404565, 0.0035791444133333335, 51539607552.0, 'P2P', 'TP', 'INTRA', 4, 2, 3
'BWD_TP_COMM_INTRA_2', 'Comm', 19827.88300526015, 19827.886584404565, 0.0035791444133333335, 51539607552.0, 'P2P', 'TP', 'INTRA', 4, 2, 3
'BWD_TP_COMM_INTRA_3', 'Comm', 19827.88300526015, 19827.886584404565, 0.0035791444133333335, 51539607552.0, 'P2P', 'TP', 'INTRA', 4, 2, 3
'BWD_TP_COMM_INTRA_4', 'Comm', 19827.88300526015, 19827.886584404565, 0.0035791444133333335, 51539607552.0, 'P2P', 'TP', 'INTRA', 4, 2, 3
'BWD_TP_COMM_INTRA_5', 'Comm', 19827.88300526015, 19827.886584404565, 0.0035791444133333335, 51539607552.0, 'P2P', 'TP', 'INTRA', 4, 2, 3
'FWD_DP_COMM_INTRA_ZERO_0', 'Comm', 19827.904480126632, 19827.91163841546, 0.007158288826666667, 21821056512.0, 'P2P', 'DP', 'INTRA', 4, 2, 3
'FWD_DP_COMM_INTRA_ZERO_1', 'Comm', 19827.904480126632, 19827.91163841546, 0.007158288826666667, 21821056512.0, 'P2P', 'DP', 'INTRA', 4, 2, 3
'FWD_DP_COMM_INTRA_ZERO_2', 'Comm', 19827.904480126632, 19827.91163841546, 0.007158288826666667, 21821056512.0, 'P2P', 'DP', 'INTRA', 4, 2, 3
'FWD_DP_COMM_INTRA_ZERO_3', 'Comm', 19827.904480126632, 19827.91163841546, 0.007158288826666667, 21821056512.0, 'P2P', 'DP', 'INTRA', 4, 2, 3
'FWD_DP_COMM_INTRA_ZERO_4', 'Comm', 19827.904480126632, 19827.91163841546, 0.007158288826666667, 21821056512.0, 'P2P', 'DP', 'INTRA', 4, 2, 3
'FWD_DP_COMM_INTRA_ZERO_5', 'Comm', 19827.904480126632, 19827.91163841546, 0.007158288826666667, 21821056512.0, 'P2P', 'DP', 'INTRA', 4, 2, 3
'Weight_update', 'Compute', 19827.947429859592, 19901.12827470344, 73.18084484384597, 'NONE', 'NONE', 'NONE', 0
'Weight_update', 'Compute', 19901.12827470344, 19974.309119547284, 73.18084484384597, 'NONE', 'NONE', 'NONE', 0
'Weight_update', 'Compute', 19974.309119547284, 20047.48996439113, 73.18084484384597, 'NONE', 'NONE', 'NONE', 0
'Weight_update', 'Compute', 20047.48996439113, 20120.670809234976, 73.18084484384597, 'NONE', 'NONE', 'NONE', 0
'Weight_update', 'Compute', 20120.670809234976, 20193.851654078822, 73.18084484384597, 'NONE', 'NONE', 'NONE', 0
'Weight_update', 'Compute', 20193.851654078822, 20267.03249892267, 73.18084484384597, 'NONE', 'NONE', 'NONE', 0
'Weight_update', 'Compute', 20267.03249892267, 20340.213343766514, 73.18084484384597, 'NONE', 'NONE', 'NONE', 0
'Weight_update', 'Compute', 20340.213343766514, 20413.39418861036, 73.18084484384597, 'NONE', 'NONE', 'NONE', 0
'Weight_update', 'Compute', 20413.39418861036, 20486.575033454206, 73.18084484384597, 'NONE', 'NONE', 'NONE', 0
'Weight_update', 'Compute', 20486.575033454206, 20559.755878298052, 73.18084484384597, 'NONE', 'NONE', 'NONE', 0
'Weight_update', 'Compute', 20559.755878298052, 20632.9367231419, 73.18084484384597, 'NONE', 'NONE', 'NONE', 0
'Weight_update', 'Compute', 20632.9367231419, 20706.117567985744, 73.18084484384597, 'NONE', 'NONE', 'NONE', 0
'Weight_update', 'Compute', 20706.117567985744, 20779.29841282959, 73.18084484384597, 'NONE', 'NONE', 'NONE', 0
'Weight_update', 'Compute', 20779.29841282959, 20852.479257673436, 73.18084484384597, 'NONE', 'NONE', 'NONE', 0
'Weight_update', 'Compute', 20852.479257673436, 20925.660102517282, 73.18084484384597, 'NONE', 'NONE', 'NONE', 0
'Weight_update', 'Compute', 20925.660102517282, 20998.84094736113, 73.18084484384597, 'NONE', 'NONE', 'NONE', 0
'Weight_update', 'Compute', 20998.84094736113, 21072.021792204974, 73.18084484384597, 'NONE', 'NONE', 'NONE', 0
'Weight_update', 'Compute', 21072.021792204974, 21145.20263704882, 73.18084484384597, 'NONE', 'NONE', 'NONE', 0
'Weight_update', 'Compute', 21145.20263704882, 21218.383481892666, 73.18084484384597, 'NONE', 'NONE', 'NONE', 0
'Weight_update', 'Compute', 21218.383481892666, 21291.564326736512, 73.18084484384597, 'NONE', 'NONE', 'NONE', 0
'Weight_update', 'Compute', 21291.564326736512, 21364.745171580358, 73.18084484384597, 'NONE', 'NONE', 'NONE', 0
'Weight_update', 'Compute', 21364.745171580358, 21437.926016424204, 73.18084484384597, 'NONE', 'NONE', 'NONE', 0
'Weight_update', 'Compute', 21437.926016424204, 21511.10686126805, 73.18084484384597, 'NONE', 'NONE', 'NONE', 0
'Weight_update', 'Compute', 21511.10686126805, 21584.287706111896, 73.18084484384597, 'NONE', 'NONE', 'NONE', 0
'Weight_update', 'Compute', 21584.287706111896, 21657.468550955742, 73.18084484384597, 'NONE', 'NONE', 'NONE', 0
'Weight_update', 'Compute', 21657.468550955742, 21730.649395799588, 73.18084484384597, 'NONE', 'NONE', 'NONE', 0
'Weight_update', 'Compute', 21730.649395799588, 21803.830240643434, 73.18084484384597, 'NONE', 'NONE', 'NONE', 0
'Weight_update', 'Compute', 21803.830240643434, 21877.01108548728, 73.18084484384597, 'NONE', 'NONE', 'NONE', 0
'Weight_update', 'Compute', 21877.01108548728, 21950.191930331126, 73.18084484384597, 'NONE', 'NONE', 'NONE', 0
'Weight_update', 'Compute', 21950.191930331126, 22023.372775174972, 73.18084484384597, 'NONE', 'NONE', 'NONE', 0
'Weight_update', 'Compute', 22023.372775174972, 22096.553620018818, 73.18084484384597, 'NONE', 'NONE', 'NONE', 0
'Weight_update', 'Compute', 22096.553620018818, 22169.734464862664, 73.18084484384597, 'NONE', 'NONE', 'NONE', 0
'Weight_update', 'Compute', 22169.734464862664, 22242.91530970651, 73.18084484384597, 'NONE', 'NONE', 'NONE', 0
'Weight_update', 'Compute', 22242.91530970651, 22316.096154550356, 73.18084484384597, 'NONE', 'NONE', 'NONE', 0
'Weight_update', 'Compute', 22316.096154550356, 22389.276999394202, 73.18084484384597, 'NONE', 'NONE', 'NONE', 0
'Weight_update', 'Compute', 22389.276999394202, 22462.457844238048, 73.18084484384597, 'NONE', 'NONE', 'NONE', 0
'Weight_update', 'Compute', 22462.457844238048, 22535.638689081894, 73.18084484384597, 'NONE', 'NONE', 'NONE', 0
'Weight_update', 'Compute', 22535.638689081894, 22608.81953392574, 73.18084484384597, 'NONE', 'NONE', 'NONE', 0
'Weight_update', 'Compute', 22608.81953392574, 22682.000378769586, 73.18084484384597, 'NONE', 'NONE', 'NONE', 0
'Weight_update', 'Compute', 22682.000378769586, 22755.181223613432, 73.18084484384597, 'NONE', 'NONE', 'NONE', 0
'Weight_update', 'Compute', 22755.181223613432, 22828.362068457278, 73.18084484384597, 'NONE', 'NONE', 'NONE', 0
'Weight_update', 'Compute', 22828.362068457278, 22901.542913301124, 73.18084484384597, 'NONE', 'NONE', 'NONE', 0
'Weight_update', 'Compute', 22901.542913301124, 22974.72375814497, 73.18084484384597, 'NONE', 'NONE', 'NONE', 0
'Weight_update', 'Compute', 22974.72375814497, 23047.904602988816, 73.18084484384597, 'NONE', 'NONE', 'NONE', 0
'Weight_update', 'Compute', 23047.904602988816, 23121.085447832662, 73.18084484384597, 'NONE', 'NONE', 'NONE', 0
'Weight_update', 'Compute', 23121.085447832662, 23194.266292676508, 73.18084484384597, 'NONE', 'NONE', 'NONE', 0
'Weight_update', 'Compute', 23194.266292676508, 23267.447137520354, 73.18084484384597, 'NONE', 'NONE', 'NONE', 0
'Weight_update', 'Compute', 23267.447137520354, 23340.6279823642, 73.18084484384597, 'NONE', 'NONE', 'NONE', 0
'Weight_update', 'Compute', 23340.6279823642, 23413.808827208046, 73.18084484384597, 'NONE', 'NONE', 'NONE', 0
'Weight_update', 'Compute', 23413.808827208046, 23486.989672051892, 73.18084484384597, 'NONE', 'NONE', 'NONE', 0
'Weight_update', 'Compute', 23486.989672051892, 23560.170516895738, 73.18084484384597, 'NONE', 'NONE', 'NONE', 0
'Weight_update', 'Compute', 23560.170516895738, 23633.351361739584, 73.18084484384597, 'NONE', 'NONE', 'NONE', 0
'Weight_update', 'Compute', 23633.351361739584, 23706.53220658343, 73.18084484384597, 'NONE', 'NONE', 'NONE', 0
'Weight_update', 'Compute', 23706.53220658343, 23779.713051427276, 73.18084484384597, 'NONE', 'NONE', 'NONE', 0
'Weight_update', 'Compute', 23779.713051427276, 23852.89389627112, 73.18084484384597, 'NONE', 'NONE', 'NONE', 0
'Weight_update', 'Compute', 23852.89389627112, 23926.074741114968, 73.18084484384597, 'NONE', 'NONE', 'NONE', 0
'Weight_update', 'Compute', 23926.074741114968, 23999.255585958814, 73.18084484384597, 'NONE', 'NONE', 'NONE', 0
'Weight_update', 'Compute', 23999.255585958814, 24072.43643080266, 73.18084484384597, 'NONE', 'NONE', 'NONE', 0
'Weight_update', 'Compute', 24072.43643080266, 24145.617275646506, 73.18084484384597, 'NONE', 'NONE', 'NONE', 0
'Weight_update', 'Compute', 24145.617275646506, 24218.79812049035, 73.18084484384597, 'NONE', 'NONE', 'NONE', 0
'Weight_update', 'Compute', 24218.79812049035, 24291.978965334198, 73.18084484384597, 'NONE', 'NONE', 'NONE', 0
'Weight_update', 'Compute', 24291.978965334198, 24365.159810178044, 73.18084484384597, 'NONE', 'NONE', 'NONE', 0
'Weight_update', 'Compute', 24365.159810178044, 24438.34065502189, 73.18084484384597, 'NONE', 'NONE', 'NONE', 0
'Weight_update', 'Compute', 24438.34065502189, 24511.521499865736, 73.18084484384597, 'NONE', 'NONE', 'NONE', 0
'Weight_update', 'Compute', 24511.521499865736, 24584.70234470958, 73.18084484384597, 'NONE', 'NONE', 'NONE', 0
'Weight_update', 'Compute', 24584.70234470958, 24657.883189553428, 73.18084484384597, 'NONE', 'NONE', 'NONE', 0
'Weight_update', 'Compute', 24657.883189553428, 24731.064034397274, 73.18084484384597, 'NONE', 'NONE', 'NONE', 0
'Weight_update', 'Compute', 24731.064034397274, 24804.24487924112, 73.18084484384597, 'NONE', 'NONE', 'NONE', 0
'Weight_update', 'Compute', 24804.24487924112, 24877.425724084966, 73.18084484384597, 'NONE', 'NONE', 'NONE', 0
'Weight_update', 'Compute', 24877.425724084966, 24950.60656892881, 73.18084484384597, 'NONE', 'NONE', 'NONE', 0
'Weight_update', 'Compute', 24950.60656892881, 25023.787413772658, 73.18084484384597, 'NONE', 'NONE', 'NONE', 0
'Weight_update', 'Compute', 25023.787413772658, 25096.968258616504, 73.18084484384597, 'NONE', 'NONE', 'NONE', 0
'Weight_update', 'Compute', 25096.968258616504, 25170.14910346035, 73.18084484384597, 'NONE', 'NONE', 'NONE', 0
'Weight_update', 'Compute', 25170.14910346035, 25243.329948304196, 73.18084484384597, 'NONE', 'NONE', 'NONE', 0
'Weight_update', 'Compute', 25243.329948304196, 25316.51079314804, 73.18084484384597, 'NONE', 'NONE', 'NONE', 0
'Weight_update', 'Compute', 25316.51079314804, 25389.691637991888, 73.18084484384597, 'NONE', 'NONE', 'NONE', 0
'Weight_update', 'Compute', 25389.691637991888, 25462.872482835734, 73.18084484384597, 'NONE', 'NONE', 'NONE', 0
'Weight_update', 'Compute', 25462.872482835734, 25536.05332767958, 73.18084484384597, 'NONE', 'NONE', 'NONE', 0
'Weight_update', 'Compute', 25536.05332767958, 25609.234172523426, 73.18084484384597, 'NONE', 'NONE', 'NONE', 0
'Weight_update', 'Compute', 25609.234172523426, 25682.41501736727, 73.18084484384597, 'NONE', 'NONE', 'NONE', 0
'Weight_update', 'Compute', 25682.41501736727, 25755.595862211117, 73.18084484384597, 'NONE', 'NONE', 'NONE', 0
'Weight_update', 'Compute', 25755.595862211117, 25828.776707054963, 73.18084484384597, 'NONE', 'NONE', 'NONE', 0
'Weight_update', 'Compute', 25828.776707054963, 25901.95755189881, 73.18084484384597, 'NONE', 'NONE', 'NONE', 0
'Weight_update', 'Compute', 25901.95755189881, 25975.138396742655, 73.18084484384597, 'NONE', 'NONE', 'NONE', 0
'Weight_update', 'Compute', 25975.138396742655, 26048.3192415865, 73.18084484384597, 'NONE', 'NONE', 'NONE', 0
'Weight_update', 'Compute', 26048.3192415865, 26121.500086430347, 73.18084484384597, 'NONE', 'NONE', 'NONE', 0
'Weight_update', 'Compute', 26121.500086430347, 26194.680931274193, 73.18084484384597, 'NONE', 'NONE', 'NONE', 0
'Weight_update', 'Compute', 26194.680931274193, 26267.86177611804, 73.18084484384597, 'NONE', 'NONE', 'NONE', 0
'Weight_update', 'Compute', 26267.86177611804, 26341.042620961885, 73.18084484384597, 'NONE', 'NONE', 'NONE', 0
'Weight_update', 'Compute', 26341.042620961885, 26414.22346580573, 73.18084484384597, 'NONE', 'NONE', 'NONE', 0
'Weight_update', 'Compute', 26414.22346580573, 26487.404310649577, 73.18084484384597, 'NONE', 'NONE', 'NONE', 0
'Weight_update', 'Compute', 26487.404310649577, 26560.585155493423, 73.18084484384597, 'NONE', 'NONE', 'NONE', 0
'Weight_update', 'Compute', 26560.585155493423, 26633.76600033727, 73.18084484384597, 'NONE', 'NONE', 'NONE', 0
'Weight_update', 'Compute', 26633.76600033727, 26706.946845181115, 73.18084484384597, 'NONE', 'NONE', 'NONE', 0
'Weight_update', 'Compute', 26706.946845181115, 26780.12769002496, 73.18084484384597, 'NONE', 'NONE', 'NONE', 0
'Weight_update', 'Compute', 26780.12769002496, 26853.308534868807, 73.18084484384597, 'NONE', 'NONE', 'NONE', 0

