Layer, Type, start time, end time, duration, Bytes to be transferred, Collective type, Parallelism, Locality, Degree, SRC, DEST
'FWD_MHA', 'Compute', 0, 25.877960540452232, 25.877960540452232, 'NONE', 'NONE', 'NONE', 0
'FWD_FFN', 'Compute', 25.877960540452232, 55.675656362075806, 29.797695821623574, 'NONE', 'NONE', 'NONE', 0
'FWD_MHA', 'Compute', 55.675656362075806, 81.55361690252803, 25.877960540452232, 'NONE', 'NONE', 'NONE', 0
'FWD_FFN', 'Compute', 81.55361690252803, 111.35131272415161, 29.797695821623574, 'NONE', 'NONE', 'NONE', 0
'FWD_MHA', 'Compute', 111.35131272415161, 137.22927326460385, 25.877960540452232, 'NONE', 'NONE', 'NONE', 0
'FWD_FFN', 'Compute', 137.22927326460385, 167.0269690862274, 29.797695821623574, 'NONE', 'NONE', 'NONE', 0
'FWD_MHA', 'Compute', 167.0269690862274, 192.90492962667963, 25.877960540452232, 'NONE', 'NONE', 'NONE', 0
'FWD_FFN', 'Compute', 192.90492962667963, 222.7026254483032, 29.797695821623574, 'NONE', 'NONE', 'NONE', 0
'FWD_MHA', 'Compute', 222.7026254483032, 248.58058598875542, 25.877960540452232, 'NONE', 'NONE', 'NONE', 0
'FWD_FFN', 'Compute', 248.58058598875542, 278.378281810379, 29.797695821623574, 'NONE', 'NONE', 'NONE', 0
'FWD_MHA', 'Compute', 278.378281810379, 304.25624235083126, 25.877960540452232, 'NONE', 'NONE', 'NONE', 0
'FWD_FFN', 'Compute', 304.25624235083126, 334.0539381724548, 29.797695821623574, 'NONE', 'NONE', 'NONE', 0
'FWD_MHA', 'Compute', 334.0539381724548, 359.93189871290707, 25.877960540452232, 'NONE', 'NONE', 'NONE', 0
'FWD_FFN', 'Compute', 359.93189871290707, 389.72959453453063, 29.797695821623574, 'NONE', 'NONE', 'NONE', 0
'FWD_MHA', 'Compute', 389.72959453453063, 415.6075550749829, 25.877960540452232, 'NONE', 'NONE', 'NONE', 0
'FWD_FFN', 'Compute', 415.6075550749829, 445.40525089660645, 29.797695821623574, 'NONE', 'NONE', 'NONE', 0
'FWD_MHA', 'Compute', 445.40525089660645, 471.2832114370587, 25.877960540452232, 'NONE', 'NONE', 'NONE', 0
'FWD_FFN', 'Compute', 471.2832114370587, 501.08090725868226, 29.797695821623574, 'NONE', 'NONE', 'NONE', 0
'FWD_MHA', 'Compute', 501.08090725868226, 526.9588677991345, 25.877960540452232, 'NONE', 'NONE', 'NONE', 0
'FWD_FFN', 'Compute', 526.9588677991345, 556.7565636207581, 29.797695821623574, 'NONE', 'NONE', 'NONE', 0
'FWD_MHA', 'Compute', 556.7565636207581, 582.6345241612104, 25.877960540452232, 'NONE', 'NONE', 'NONE', 0
'FWD_FFN', 'Compute', 582.6345241612104, 612.432219982834, 29.797695821623574, 'NONE', 'NONE', 'NONE', 0
'FWD_MHA', 'Compute', 612.432219982834, 638.3101805232862, 25.877960540452232, 'NONE', 'NONE', 'NONE', 0
'FWD_FFN', 'Compute', 638.3101805232862, 668.1078763449099, 29.797695821623574, 'NONE', 'NONE', 'NONE', 0
'FWD_MHA', 'Compute', 668.1078763449099, 693.9858368853621, 25.877960540452232, 'NONE', 'NONE', 'NONE', 0
'FWD_FFN', 'Compute', 693.9858368853621, 723.7835327069857, 29.797695821623574, 'NONE', 'NONE', 'NONE', 0
'FWD_MHA', 'Compute', 723.7835327069857, 749.661493247438, 25.877960540452232, 'NONE', 'NONE', 'NONE', 0
'FWD_FFN', 'Compute', 749.661493247438, 779.4591890690616, 29.797695821623574, 'NONE', 'NONE', 'NONE', 0
'FWD_MHA', 'Compute', 779.4591890690616, 805.3371496095139, 25.877960540452232, 'NONE', 'NONE', 'NONE', 0
'FWD_FFN', 'Compute', 805.3371496095139, 835.1348454311375, 29.797695821623574, 'NONE', 'NONE', 'NONE', 0
'FWD_MHA', 'Compute', 835.1348454311375, 861.0128059715897, 25.877960540452232, 'NONE', 'NONE', 'NONE', 0
'FWD_FFN', 'Compute', 861.0128059715897, 890.8105017932133, 29.797695821623574, 'NONE', 'NONE', 'NONE', 0
'FWD_MHA', 'Compute', 890.8105017932133, 916.6884623336656, 25.877960540452232, 'NONE', 'NONE', 'NONE', 0
'FWD_FFN', 'Compute', 916.6884623336656, 946.4861581552892, 29.797695821623574, 'NONE', 'NONE', 'NONE', 0
'FWD_MHA', 'Compute', 946.4861581552892, 972.3641186957415, 25.877960540452232, 'NONE', 'NONE', 'NONE', 0
'FWD_FFN', 'Compute', 972.3641186957415, 1002.1618145173651, 29.797695821623574, 'NONE', 'NONE', 'NONE', 0
'FWD_MHA', 'Compute', 1002.1618145173651, 1028.0397750578172, 25.877960540452232, 'NONE', 'NONE', 'NONE', 0
'FWD_FFN', 'Compute', 1028.0397750578172, 1057.8374708794408, 29.797695821623574, 'NONE', 'NONE', 'NONE', 0
'FWD_MHA', 'Compute', 1057.8374708794408, 1083.715431419893, 25.877960540452232, 'NONE', 'NONE', 'NONE', 0
'FWD_FFN', 'Compute', 1083.715431419893, 1113.5131272415167, 29.797695821623574, 'NONE', 'NONE', 'NONE', 0
'FWD_MHA', 'Compute', 1113.5131272415167, 1139.391087781969, 25.877960540452232, 'NONE', 'NONE', 'NONE', 0
'FWD_FFN', 'Compute', 1139.391087781969, 1169.1887836035926, 29.797695821623574, 'NONE', 'NONE', 'NONE', 0
'FWD_MHA', 'Compute', 1169.1887836035926, 1195.0667441440448, 25.877960540452232, 'NONE', 'NONE', 'NONE', 0
'FWD_FFN', 'Compute', 1195.0667441440448, 1224.8644399656685, 29.797695821623574, 'NONE', 'NONE', 'NONE', 0
'FWD_MHA', 'Compute', 1224.8644399656685, 1250.7424005061207, 25.877960540452232, 'NONE', 'NONE', 'NONE', 0
'FWD_FFN', 'Compute', 1250.7424005061207, 1280.5400963277443, 29.797695821623574, 'NONE', 'NONE', 'NONE', 0
'FWD_MHA', 'Compute', 1280.5400963277443, 1306.4180568681966, 25.877960540452232, 'NONE', 'NONE', 'NONE', 0
'FWD_FFN', 'Compute', 1306.4180568681966, 1336.2157526898202, 29.797695821623574, 'NONE', 'NONE', 'NONE', 0
'FWD_MHA', 'Compute', 1336.2157526898202, 1362.0937132302724, 25.877960540452232, 'NONE', 'NONE', 'NONE', 0
'FWD_FFN', 'Compute', 1362.0937132302724, 1391.891409051896, 29.797695821623574, 'NONE', 'NONE', 'NONE', 0
'FWD_MHA', 'Compute', 1391.891409051896, 1417.7693695923483, 25.877960540452232, 'NONE', 'NONE', 'NONE', 0
'FWD_FFN', 'Compute', 1417.7693695923483, 1447.567065413972, 29.797695821623574, 'NONE', 'NONE', 'NONE', 0
'FWD_MHA', 'Compute', 1447.567065413972, 1473.4450259544242, 25.877960540452232, 'NONE', 'NONE', 'NONE', 0
'FWD_FFN', 'Compute', 1473.4450259544242, 1503.2427217760478, 29.797695821623574, 'NONE', 'NONE', 'NONE', 0
'FWD_MHA', 'Compute', 1503.2427217760478, 1529.1206823165, 25.877960540452232, 'NONE', 'NONE', 'NONE', 0
'FWD_FFN', 'Compute', 1529.1206823165, 1558.9183781381237, 29.797695821623574, 'NONE', 'NONE', 'NONE', 0
'FWD_MHA', 'Compute', 1558.9183781381237, 1584.796338678576, 25.877960540452232, 'NONE', 'NONE', 'NONE', 0
'FWD_FFN', 'Compute', 1584.796338678576, 1614.5940345001995, 29.797695821623574, 'NONE', 'NONE', 'NONE', 0
'FWD_MHA', 'Compute', 1614.5940345001995, 1640.4719950406518, 25.877960540452232, 'NONE', 'NONE', 'NONE', 0
'FWD_FFN', 'Compute', 1640.4719950406518, 1670.2696908622754, 29.797695821623574, 'NONE', 'NONE', 'NONE', 0
'FWD_MHA', 'Compute', 1670.2696908622754, 1696.1476514027277, 25.877960540452232, 'NONE', 'NONE', 'NONE', 0
'FWD_FFN', 'Compute', 1696.1476514027277, 1725.9453472243513, 29.797695821623574, 'NONE', 'NONE', 'NONE', 0
'FWD_MHA', 'Compute', 1725.9453472243513, 1751.8233077648035, 25.877960540452232, 'NONE', 'NONE', 'NONE', 0
'FWD_FFN', 'Compute', 1751.8233077648035, 1781.6210035864272, 29.797695821623574, 'NONE', 'NONE', 'NONE', 0
'FWD_MHA', 'Compute', 1781.6210035864272, 1807.4989641268794, 25.877960540452232, 'NONE', 'NONE', 'NONE', 0
'FWD_FFN', 'Compute', 1807.4989641268794, 1837.296659948503, 29.797695821623574, 'NONE', 'NONE', 'NONE', 0
'FWD_MHA', 'Compute', 1837.296659948503, 1863.1746204889553, 25.877960540452232, 'NONE', 'NONE', 'NONE', 0
'FWD_FFN', 'Compute', 1863.1746204889553, 1892.972316310579, 29.797695821623574, 'NONE', 'NONE', 'NONE', 0
'FWD_MHA', 'Compute', 1892.972316310579, 1918.8502768510311, 25.877960540452232, 'NONE', 'NONE', 'NONE', 0
'FWD_FFN', 'Compute', 1918.8502768510311, 1948.6479726726548, 29.797695821623574, 'NONE', 'NONE', 'NONE', 0
'FWD_MHA', 'Compute', 1948.6479726726548, 1974.525933213107, 25.877960540452232, 'NONE', 'NONE', 'NONE', 0
'FWD_FFN', 'Compute', 1974.525933213107, 2004.3236290347306, 29.797695821623574, 'NONE', 'NONE', 'NONE', 0
'FWD_MHA', 'Compute', 2004.3236290347306, 2030.2015895751829, 25.877960540452232, 'NONE', 'NONE', 'NONE', 0
'FWD_FFN', 'Compute', 2030.2015895751829, 2059.9992853968065, 29.797695821623574, 'NONE', 'NONE', 'NONE', 0
'FWD_MHA', 'Compute', 2059.9992853968065, 2085.8772459372585, 25.877960540452232, 'NONE', 'NONE', 'NONE', 0
'FWD_FFN', 'Compute', 2085.8772459372585, 2115.674941758882, 29.797695821623574, 'NONE', 'NONE', 'NONE', 0
'FWD_MHA', 'Compute', 2115.674941758882, 2141.552902299334, 25.877960540452232, 'NONE', 'NONE', 'NONE', 0
'FWD_FFN', 'Compute', 2141.552902299334, 2171.350598120958, 29.797695821623574, 'NONE', 'NONE', 'NONE', 0
'FWD_MHA', 'Compute', 2171.350598120958, 2197.22855866141, 25.877960540452232, 'NONE', 'NONE', 'NONE', 0
'FWD_FFN', 'Compute', 2197.22855866141, 2227.0262544830334, 29.797695821623574, 'NONE', 'NONE', 'NONE', 0
'FWD_MHA', 'Compute', 2227.0262544830334, 2252.9042150234854, 25.877960540452232, 'NONE', 'NONE', 'NONE', 0
'FWD_FFN', 'Compute', 2252.9042150234854, 2282.701910845109, 29.797695821623574, 'NONE', 'NONE', 'NONE', 0
'FWD_MHA', 'Compute', 2282.701910845109, 2308.579871385561, 25.877960540452232, 'NONE', 'NONE', 'NONE', 0
'FWD_FFN', 'Compute', 2308.579871385561, 2338.3775672071847, 29.797695821623574, 'NONE', 'NONE', 'NONE', 0
'FWD_MHA', 'Compute', 2338.3775672071847, 2364.2555277476367, 25.877960540452232, 'NONE', 'NONE', 'NONE', 0
'FWD_FFN', 'Compute', 2364.2555277476367, 2394.0532235692604, 29.797695821623574, 'NONE', 'NONE', 'NONE', 0
'FWD_MHA', 'Compute', 2394.0532235692604, 2419.9311841097124, 25.877960540452232, 'NONE', 'NONE', 'NONE', 0
'FWD_FFN', 'Compute', 2419.9311841097124, 2449.728879931336, 29.797695821623574, 'NONE', 'NONE', 'NONE', 0
'FWD_MHA', 'Compute', 2449.728879931336, 2475.606840471788, 25.877960540452232, 'NONE', 'NONE', 'NONE', 0
'FWD_FFN', 'Compute', 2475.606840471788, 2505.4045362934116, 29.797695821623574, 'NONE', 'NONE', 'NONE', 0
'FWD_MHA', 'Compute', 2505.4045362934116, 2531.2824968338637, 25.877960540452232, 'NONE', 'NONE', 'NONE', 0
'FWD_FFN', 'Compute', 2531.2824968338637, 2561.0801926554873, 29.797695821623574, 'NONE', 'NONE', 'NONE', 0
'FWD_MHA', 'Compute', 2561.0801926554873, 2586.9581531959393, 25.877960540452232, 'NONE', 'NONE', 'NONE', 0
'FWD_FFN', 'Compute', 2586.9581531959393, 2616.755849017563, 29.797695821623574, 'NONE', 'NONE', 'NONE', 0
'FWD_MHA', 'Compute', 2616.755849017563, 2642.633809558015, 25.877960540452232, 'NONE', 'NONE', 'NONE', 0
'FWD_FFN', 'Compute', 2642.633809558015, 2672.4315053796386, 29.797695821623574, 'NONE', 'NONE', 'NONE', 0
'FWD_PP_COMM_INTRA', 'Comm', 2672.4315053796386, 2672.4316545105517, 0.00014913091305555554, 51539607552.0, 'P2P', 'PP', 'INTRA', 2, 2, 3
'FWD_MHA', 'Compute', 2672.4316545105517, 2698.3096150510037, 25.877960540452232, 'NONE', 'NONE', 'NONE', 0
'FWD_FFN', 'Compute', 2698.3096150510037, 2728.1073108726273, 29.797695821623574, 'NONE', 'NONE', 'NONE', 0
'FWD_MHA', 'Compute', 2728.1073108726273, 2753.9852714130793, 25.877960540452232, 'NONE', 'NONE', 'NONE', 0
'FWD_FFN', 'Compute', 2753.9852714130793, 2783.782967234703, 29.797695821623574, 'NONE', 'NONE', 'NONE', 0
'FWD_MHA', 'Compute', 2783.782967234703, 2809.660927775155, 25.877960540452232, 'NONE', 'NONE', 'NONE', 0
'FWD_FFN', 'Compute', 2809.660927775155, 2839.4586235967786, 29.797695821623574, 'NONE', 'NONE', 'NONE', 0
'FWD_MHA', 'Compute', 2839.4586235967786, 2865.3365841372306, 25.877960540452232, 'NONE', 'NONE', 'NONE', 0
'FWD_FFN', 'Compute', 2865.3365841372306, 2895.134279958854, 29.797695821623574, 'NONE', 'NONE', 'NONE', 0
'FWD_MHA', 'Compute', 2895.134279958854, 2921.0122404993062, 25.877960540452232, 'NONE', 'NONE', 'NONE', 0
'FWD_FFN', 'Compute', 2921.0122404993062, 2950.80993632093, 29.797695821623574, 'NONE', 'NONE', 'NONE', 0
'FWD_MHA', 'Compute', 2950.80993632093, 2976.687896861382, 25.877960540452232, 'NONE', 'NONE', 'NONE', 0
'FWD_FFN', 'Compute', 2976.687896861382, 3006.4855926830055, 29.797695821623574, 'NONE', 'NONE', 'NONE', 0
'FWD_MHA', 'Compute', 3006.4855926830055, 3032.3635532234575, 25.877960540452232, 'NONE', 'NONE', 'NONE', 0
'FWD_FFN', 'Compute', 3032.3635532234575, 3062.161249045081, 29.797695821623574, 'NONE', 'NONE', 'NONE', 0
'FWD_MHA', 'Compute', 3062.161249045081, 3088.039209585533, 25.877960540452232, 'NONE', 'NONE', 'NONE', 0
'FWD_FFN', 'Compute', 3088.039209585533, 3117.836905407157, 29.797695821623574, 'NONE', 'NONE', 'NONE', 0
'FWD_MHA', 'Compute', 3117.836905407157, 3143.714865947609, 25.877960540452232, 'NONE', 'NONE', 'NONE', 0
'FWD_FFN', 'Compute', 3143.714865947609, 3173.5125617692324, 29.797695821623574, 'NONE', 'NONE', 'NONE', 0
'FWD_MHA', 'Compute', 3173.5125617692324, 3199.3905223096845, 25.877960540452232, 'NONE', 'NONE', 'NONE', 0
'FWD_FFN', 'Compute', 3199.3905223096845, 3229.188218131308, 29.797695821623574, 'NONE', 'NONE', 'NONE', 0
'FWD_MHA', 'Compute', 3229.188218131308, 3255.06617867176, 25.877960540452232, 'NONE', 'NONE', 'NONE', 0
'FWD_FFN', 'Compute', 3255.06617867176, 3284.8638744933837, 29.797695821623574, 'NONE', 'NONE', 'NONE', 0
'FWD_MHA', 'Compute', 3284.8638744933837, 3310.7418350338357, 25.877960540452232, 'NONE', 'NONE', 'NONE', 0
'FWD_FFN', 'Compute', 3310.7418350338357, 3340.5395308554594, 29.797695821623574, 'NONE', 'NONE', 'NONE', 0
'FWD_MHA', 'Compute', 3340.5395308554594, 3366.4174913959114, 25.877960540452232, 'NONE', 'NONE', 'NONE', 0
'FWD_FFN', 'Compute', 3366.4174913959114, 3396.215187217535, 29.797695821623574, 'NONE', 'NONE', 'NONE', 0
'FWD_MHA', 'Compute', 3396.215187217535, 3422.093147757987, 25.877960540452232, 'NONE', 'NONE', 'NONE', 0
'FWD_FFN', 'Compute', 3422.093147757987, 3451.8908435796106, 29.797695821623574, 'NONE', 'NONE', 'NONE', 0
'FWD_MHA', 'Compute', 3451.8908435796106, 3477.7688041200627, 25.877960540452232, 'NONE', 'NONE', 'NONE', 0
'FWD_FFN', 'Compute', 3477.7688041200627, 3507.5664999416863, 29.797695821623574, 'NONE', 'NONE', 'NONE', 0
'FWD_MHA', 'Compute', 3507.5664999416863, 3533.4444604821383, 25.877960540452232, 'NONE', 'NONE', 'NONE', 0
'FWD_FFN', 'Compute', 3533.4444604821383, 3563.242156303762, 29.797695821623574, 'NONE', 'NONE', 'NONE', 0
'FWD_MHA', 'Compute', 3563.242156303762, 3589.120116844214, 25.877960540452232, 'NONE', 'NONE', 'NONE', 0
'FWD_FFN', 'Compute', 3589.120116844214, 3618.9178126658376, 29.797695821623574, 'NONE', 'NONE', 'NONE', 0
'FWD_MHA', 'Compute', 3618.9178126658376, 3644.7957732062896, 25.877960540452232, 'NONE', 'NONE', 'NONE', 0
'FWD_FFN', 'Compute', 3644.7957732062896, 3674.593469027913, 29.797695821623574, 'NONE', 'NONE', 'NONE', 0
'FWD_MHA', 'Compute', 3674.593469027913, 3700.4714295683652, 25.877960540452232, 'NONE', 'NONE', 'NONE', 0
'FWD_FFN', 'Compute', 3700.4714295683652, 3730.269125389989, 29.797695821623574, 'NONE', 'NONE', 'NONE', 0
'FWD_MHA', 'Compute', 3730.269125389989, 3756.147085930441, 25.877960540452232, 'NONE', 'NONE', 'NONE', 0
'FWD_FFN', 'Compute', 3756.147085930441, 3785.9447817520645, 29.797695821623574, 'NONE', 'NONE', 'NONE', 0
'FWD_MHA', 'Compute', 3785.9447817520645, 3811.8227422925165, 25.877960540452232, 'NONE', 'NONE', 'NONE', 0
'FWD_FFN', 'Compute', 3811.8227422925165, 3841.62043811414, 29.797695821623574, 'NONE', 'NONE', 'NONE', 0
'FWD_MHA', 'Compute', 3841.62043811414, 3867.498398654592, 25.877960540452232, 'NONE', 'NONE', 'NONE', 0
'FWD_FFN', 'Compute', 3867.498398654592, 3897.296094476216, 29.797695821623574, 'NONE', 'NONE', 'NONE', 0
'FWD_MHA', 'Compute', 3897.296094476216, 3923.174055016668, 25.877960540452232, 'NONE', 'NONE', 'NONE', 0
'FWD_FFN', 'Compute', 3923.174055016668, 3952.9717508382914, 29.797695821623574, 'NONE', 'NONE', 'NONE', 0
'FWD_MHA', 'Compute', 3952.9717508382914, 3978.8497113787435, 25.877960540452232, 'NONE', 'NONE', 'NONE', 0
'FWD_FFN', 'Compute', 3978.8497113787435, 4008.647407200367, 29.797695821623574, 'NONE', 'NONE', 'NONE', 0
'FWD_MHA', 'Compute', 4008.647407200367, 4034.525367740819, 25.877960540452232, 'NONE', 'NONE', 'NONE', 0
'FWD_FFN', 'Compute', 4034.525367740819, 4064.3230635624427, 29.797695821623574, 'NONE', 'NONE', 'NONE', 0
'FWD_MHA', 'Compute', 4064.3230635624427, 4090.2010241028947, 25.877960540452232, 'NONE', 'NONE', 'NONE', 0
'FWD_FFN', 'Compute', 4090.2010241028947, 4119.998719924518, 29.797695821623574, 'NONE', 'NONE', 'NONE', 0
'FWD_MHA', 'Compute', 4119.998719924518, 4145.87668046497, 25.877960540452232, 'NONE', 'NONE', 'NONE', 0
'FWD_FFN', 'Compute', 4145.87668046497, 4175.6743762865935, 29.797695821623574, 'NONE', 'NONE', 'NONE', 0
'FWD_MHA', 'Compute', 4175.6743762865935, 4201.552336827046, 25.877960540452232, 'NONE', 'NONE', 'NONE', 0
'FWD_FFN', 'Compute', 4201.552336827046, 4231.350032648669, 29.797695821623574, 'NONE', 'NONE', 'NONE', 0
'FWD_MHA', 'Compute', 4231.350032648669, 4257.227993189122, 25.877960540452232, 'NONE', 'NONE', 'NONE', 0
'FWD_FFN', 'Compute', 4257.227993189122, 4287.025689010745, 29.797695821623574, 'NONE', 'NONE', 'NONE', 0
'FWD_MHA', 'Compute', 4287.025689010745, 4312.903649551197, 25.877960540452232, 'NONE', 'NONE', 'NONE', 0
'FWD_FFN', 'Compute', 4312.903649551197, 4342.7013453728205, 29.797695821623574, 'NONE', 'NONE', 'NONE', 0
'FWD_MHA', 'Compute', 4342.7013453728205, 4368.579305913273, 25.877960540452232, 'NONE', 'NONE', 'NONE', 0
'FWD_FFN', 'Compute', 4368.579305913273, 4398.377001734896, 29.797695821623574, 'NONE', 'NONE', 'NONE', 0
'FWD_MHA', 'Compute', 4398.377001734896, 4424.254962275349, 25.877960540452232, 'NONE', 'NONE', 'NONE', 0
'FWD_FFN', 'Compute', 4424.254962275349, 4454.052658096972, 29.797695821623574, 'NONE', 'NONE', 'NONE', 0
'FWD_MHA', 'Compute', 4454.052658096972, 4479.930618637424, 25.877960540452232, 'NONE', 'NONE', 'NONE', 0
'FWD_FFN', 'Compute', 4479.930618637424, 4509.728314459047, 29.797695821623574, 'NONE', 'NONE', 'NONE', 0
'FWD_MHA', 'Compute', 4509.728314459047, 4535.6062749995, 25.877960540452232, 'NONE', 'NONE', 'NONE', 0
'FWD_FFN', 'Compute', 4535.6062749995, 4565.403970821123, 29.797695821623574, 'NONE', 'NONE', 'NONE', 0
'FWD_MHA', 'Compute', 4565.403970821123, 4591.2819313615755, 25.877960540452232, 'NONE', 'NONE', 'NONE', 0
'FWD_FFN', 'Compute', 4591.2819313615755, 4621.079627183199, 29.797695821623574, 'NONE', 'NONE', 'NONE', 0
'FWD_MHA', 'Compute', 4621.079627183199, 4646.957587723651, 25.877960540452232, 'NONE', 'NONE', 'NONE', 0
'FWD_FFN', 'Compute', 4646.957587723651, 4676.755283545274, 29.797695821623574, 'NONE', 'NONE', 'NONE', 0
'FWD_MHA', 'Compute', 4676.755283545274, 4702.633244085727, 25.877960540452232, 'NONE', 'NONE', 'NONE', 0
'FWD_FFN', 'Compute', 4702.633244085727, 4732.43093990735, 29.797695821623574, 'NONE', 'NONE', 'NONE', 0
'FWD_MHA', 'Compute', 4732.43093990735, 4758.308900447802, 25.877960540452232, 'NONE', 'NONE', 'NONE', 0
'FWD_FFN', 'Compute', 4758.308900447802, 4788.106596269426, 29.797695821623574, 'NONE', 'NONE', 'NONE', 0
'FWD_MHA', 'Compute', 4788.106596269426, 4813.984556809878, 25.877960540452232, 'NONE', 'NONE', 'NONE', 0
'FWD_FFN', 'Compute', 4813.984556809878, 4843.782252631501, 29.797695821623574, 'NONE', 'NONE', 'NONE', 0
'FWD_MHA', 'Compute', 4843.782252631501, 4869.660213171954, 25.877960540452232, 'NONE', 'NONE', 'NONE', 0
'FWD_FFN', 'Compute', 4869.660213171954, 4899.457908993577, 29.797695821623574, 'NONE', 'NONE', 'NONE', 0
'FWD_MHA', 'Compute', 4899.457908993577, 4925.335869534029, 25.877960540452232, 'NONE', 'NONE', 'NONE', 0
'FWD_FFN', 'Compute', 4925.335869534029, 4955.1335653556525, 29.797695821623574, 'NONE', 'NONE', 'NONE', 0
'FWD_MHA', 'Compute', 4955.1335653556525, 4981.011525896105, 25.877960540452232, 'NONE', 'NONE', 'NONE', 0
'FWD_FFN', 'Compute', 4981.011525896105, 5010.809221717728, 29.797695821623574, 'NONE', 'NONE', 'NONE', 0
'FWD_MHA', 'Compute', 5010.809221717728, 5036.687182258181, 25.877960540452232, 'NONE', 'NONE', 'NONE', 0
'FWD_FFN', 'Compute', 5036.687182258181, 5066.484878079804, 29.797695821623574, 'NONE', 'NONE', 'NONE', 0
'FWD_MHA', 'Compute', 5066.484878079804, 5092.362838620256, 25.877960540452232, 'NONE', 'NONE', 'NONE', 0
'FWD_FFN', 'Compute', 5092.362838620256, 5122.1605344418795, 29.797695821623574, 'NONE', 'NONE', 'NONE', 0
'FWD_MHA', 'Compute', 5122.1605344418795, 5148.038494982332, 25.877960540452232, 'NONE', 'NONE', 'NONE', 0
'FWD_FFN', 'Compute', 5148.038494982332, 5177.836190803955, 29.797695821623574, 'NONE', 'NONE', 'NONE', 0
'FWD_MHA', 'Compute', 5177.836190803955, 5203.714151344408, 25.877960540452232, 'NONE', 'NONE', 'NONE', 0
'FWD_FFN', 'Compute', 5203.714151344408, 5233.511847166031, 29.797695821623574, 'NONE', 'NONE', 'NONE', 0
'FWD_MHA', 'Compute', 5233.511847166031, 5259.389807706483, 25.877960540452232, 'NONE', 'NONE', 'NONE', 0
'FWD_FFN', 'Compute', 5259.389807706483, 5289.187503528106, 29.797695821623574, 'NONE', 'NONE', 'NONE', 0
'FWD_MHA', 'Compute', 5289.187503528106, 5315.065464068559, 25.877960540452232, 'NONE', 'NONE', 'NONE', 0
'FWD_FFN', 'Compute', 5315.065464068559, 5344.863159890182, 29.797695821623574, 'NONE', 'NONE', 'NONE', 0
'FWD_PP_COMM_INTRA', 'Comm', 5344.863159890182, 5344.863309021095, 0.00014913091305555554, 51539607552.0, 'P2P', 'PP', 'INTRA', 2, 2, 3
'BWD_MHA', 'Compute', 5344.863309021095, 5370.741269561548, 25.877960540452232, 'NONE', 'NONE', 'NONE', 0
'BWD_FFN', 'Compute', 5370.741269561548, 5400.538965383171, 29.797695821623574, 'NONE', 'NONE', 'NONE', 0
'BWD_MHA', 'Compute', 5400.538965383171, 5426.416925923623, 25.877960540452232, 'NONE', 'NONE', 'NONE', 0
'BWD_FFN', 'Compute', 5426.416925923623, 5456.214621745246, 29.797695821623574, 'NONE', 'NONE', 'NONE', 0
'BWD_MHA', 'Compute', 5456.214621745246, 5482.092582285699, 25.877960540452232, 'NONE', 'NONE', 'NONE', 0
'BWD_FFN', 'Compute', 5482.092582285699, 5511.890278107322, 29.797695821623574, 'NONE', 'NONE', 'NONE', 0
'BWD_MHA', 'Compute', 5511.890278107322, 5537.7682386477745, 25.877960540452232, 'NONE', 'NONE', 'NONE', 0
'BWD_FFN', 'Compute', 5537.7682386477745, 5567.565934469398, 29.797695821623574, 'NONE', 'NONE', 'NONE', 0
'BWD_MHA', 'Compute', 5567.565934469398, 5593.44389500985, 25.877960540452232, 'NONE', 'NONE', 'NONE', 0
'BWD_FFN', 'Compute', 5593.44389500985, 5623.241590831473, 29.797695821623574, 'NONE', 'NONE', 'NONE', 0
'BWD_MHA', 'Compute', 5623.241590831473, 5649.119551371926, 25.877960540452232, 'NONE', 'NONE', 'NONE', 0
'BWD_FFN', 'Compute', 5649.119551371926, 5678.917247193549, 29.797695821623574, 'NONE', 'NONE', 'NONE', 0
'BWD_MHA', 'Compute', 5678.917247193549, 5704.795207734001, 25.877960540452232, 'NONE', 'NONE', 'NONE', 0
'BWD_FFN', 'Compute', 5704.795207734001, 5734.592903555625, 29.797695821623574, 'NONE', 'NONE', 'NONE', 0
'BWD_MHA', 'Compute', 5734.592903555625, 5760.470864096077, 25.877960540452232, 'NONE', 'NONE', 'NONE', 0
'BWD_FFN', 'Compute', 5760.470864096077, 5790.2685599177, 29.797695821623574, 'NONE', 'NONE', 'NONE', 0
'BWD_MHA', 'Compute', 5790.2685599177, 5816.146520458153, 25.877960540452232, 'NONE', 'NONE', 'NONE', 0
'BWD_FFN', 'Compute', 5816.146520458153, 5845.944216279776, 29.797695821623574, 'NONE', 'NONE', 'NONE', 0
'BWD_MHA', 'Compute', 5845.944216279776, 5871.822176820228, 25.877960540452232, 'NONE', 'NONE', 'NONE', 0
'BWD_FFN', 'Compute', 5871.822176820228, 5901.6198726418515, 29.797695821623574, 'NONE', 'NONE', 'NONE', 0
'BWD_MHA', 'Compute', 5901.6198726418515, 5927.497833182304, 25.877960540452232, 'NONE', 'NONE', 'NONE', 0
'BWD_FFN', 'Compute', 5927.497833182304, 5957.295529003927, 29.797695821623574, 'NONE', 'NONE', 'NONE', 0
'BWD_MHA', 'Compute', 5957.295529003927, 5983.17348954438, 25.877960540452232, 'NONE', 'NONE', 'NONE', 0
'BWD_FFN', 'Compute', 5983.17348954438, 6012.971185366003, 29.797695821623574, 'NONE', 'NONE', 'NONE', 0
'BWD_MHA', 'Compute', 6012.971185366003, 6038.849145906455, 25.877960540452232, 'NONE', 'NONE', 'NONE', 0
'BWD_FFN', 'Compute', 6038.849145906455, 6068.6468417280785, 29.797695821623574, 'NONE', 'NONE', 'NONE', 0
'BWD_MHA', 'Compute', 6068.6468417280785, 6094.524802268531, 25.877960540452232, 'NONE', 'NONE', 'NONE', 0
'BWD_FFN', 'Compute', 6094.524802268531, 6124.322498090154, 29.797695821623574, 'NONE', 'NONE', 'NONE', 0
'BWD_MHA', 'Compute', 6124.322498090154, 6150.200458630607, 25.877960540452232, 'NONE', 'NONE', 'NONE', 0
'BWD_FFN', 'Compute', 6150.200458630607, 6179.99815445223, 29.797695821623574, 'NONE', 'NONE', 'NONE', 0
'BWD_MHA', 'Compute', 6179.99815445223, 6205.876114992682, 25.877960540452232, 'NONE', 'NONE', 'NONE', 0
'BWD_FFN', 'Compute', 6205.876114992682, 6235.673810814305, 29.797695821623574, 'NONE', 'NONE', 'NONE', 0
'BWD_MHA', 'Compute', 6235.673810814305, 6261.551771354758, 25.877960540452232, 'NONE', 'NONE', 'NONE', 0
'BWD_FFN', 'Compute', 6261.551771354758, 6291.349467176381, 29.797695821623574, 'NONE', 'NONE', 'NONE', 0
'BWD_MHA', 'Compute', 6291.349467176381, 6317.2274277168335, 25.877960540452232, 'NONE', 'NONE', 'NONE', 0
'BWD_FFN', 'Compute', 6317.2274277168335, 6347.025123538457, 29.797695821623574, 'NONE', 'NONE', 'NONE', 0
'BWD_MHA', 'Compute', 6347.025123538457, 6372.903084078909, 25.877960540452232, 'NONE', 'NONE', 'NONE', 0
'BWD_FFN', 'Compute', 6372.903084078909, 6402.700779900532, 29.797695821623574, 'NONE', 'NONE', 'NONE', 0
'BWD_MHA', 'Compute', 6402.700779900532, 6428.578740440985, 25.877960540452232, 'NONE', 'NONE', 'NONE', 0
'BWD_FFN', 'Compute', 6428.578740440985, 6458.376436262608, 29.797695821623574, 'NONE', 'NONE', 'NONE', 0
'BWD_MHA', 'Compute', 6458.376436262608, 6484.25439680306, 25.877960540452232, 'NONE', 'NONE', 'NONE', 0
'BWD_FFN', 'Compute', 6484.25439680306, 6514.052092624684, 29.797695821623574, 'NONE', 'NONE', 'NONE', 0
'BWD_MHA', 'Compute', 6514.052092624684, 6539.930053165136, 25.877960540452232, 'NONE', 'NONE', 'NONE', 0
'BWD_FFN', 'Compute', 6539.930053165136, 6569.727748986759, 29.797695821623574, 'NONE', 'NONE', 'NONE', 0
'BWD_MHA', 'Compute', 6569.727748986759, 6595.605709527212, 25.877960540452232, 'NONE', 'NONE', 'NONE', 0
'BWD_FFN', 'Compute', 6595.605709527212, 6625.403405348835, 29.797695821623574, 'NONE', 'NONE', 'NONE', 0
'BWD_MHA', 'Compute', 6625.403405348835, 6651.281365889287, 25.877960540452232, 'NONE', 'NONE', 'NONE', 0
'BWD_FFN', 'Compute', 6651.281365889287, 6681.0790617109105, 29.797695821623574, 'NONE', 'NONE', 'NONE', 0
'BWD_MHA', 'Compute', 6681.0790617109105, 6706.957022251363, 25.877960540452232, 'NONE', 'NONE', 'NONE', 0
'BWD_FFN', 'Compute', 6706.957022251363, 6736.754718072986, 29.797695821623574, 'NONE', 'NONE', 'NONE', 0
'BWD_MHA', 'Compute', 6736.754718072986, 6762.632678613439, 25.877960540452232, 'NONE', 'NONE', 'NONE', 0
'BWD_FFN', 'Compute', 6762.632678613439, 6792.430374435062, 29.797695821623574, 'NONE', 'NONE', 'NONE', 0
'BWD_MHA', 'Compute', 6792.430374435062, 6818.308334975514, 25.877960540452232, 'NONE', 'NONE', 'NONE', 0
'BWD_FFN', 'Compute', 6818.308334975514, 6848.1060307971375, 29.797695821623574, 'NONE', 'NONE', 'NONE', 0
'BWD_MHA', 'Compute', 6848.1060307971375, 6873.98399133759, 25.877960540452232, 'NONE', 'NONE', 'NONE', 0
'BWD_FFN', 'Compute', 6873.98399133759, 6903.781687159213, 29.797695821623574, 'NONE', 'NONE', 'NONE', 0
'BWD_MHA', 'Compute', 6903.781687159213, 6929.659647699666, 25.877960540452232, 'NONE', 'NONE', 'NONE', 0
'BWD_FFN', 'Compute', 6929.659647699666, 6959.457343521289, 29.797695821623574, 'NONE', 'NONE', 'NONE', 0
'BWD_MHA', 'Compute', 6959.457343521289, 6985.335304061741, 25.877960540452232, 'NONE', 'NONE', 'NONE', 0
'BWD_FFN', 'Compute', 6985.335304061741, 7015.132999883364, 29.797695821623574, 'NONE', 'NONE', 'NONE', 0
'BWD_MHA', 'Compute', 7015.132999883364, 7041.010960423817, 25.877960540452232, 'NONE', 'NONE', 'NONE', 0
'BWD_FFN', 'Compute', 7041.010960423817, 7070.80865624544, 29.797695821623574, 'NONE', 'NONE', 'NONE', 0
'BWD_MHA', 'Compute', 7070.80865624544, 7096.6866167858925, 25.877960540452232, 'NONE', 'NONE', 'NONE', 0
'BWD_FFN', 'Compute', 7096.6866167858925, 7126.484312607516, 29.797695821623574, 'NONE', 'NONE', 'NONE', 0
'BWD_MHA', 'Compute', 7126.484312607516, 7152.362273147968, 25.877960540452232, 'NONE', 'NONE', 'NONE', 0
'BWD_FFN', 'Compute', 7152.362273147968, 7182.159968969591, 29.797695821623574, 'NONE', 'NONE', 'NONE', 0
'BWD_MHA', 'Compute', 7182.159968969591, 7208.037929510044, 25.877960540452232, 'NONE', 'NONE', 'NONE', 0
'BWD_FFN', 'Compute', 7208.037929510044, 7237.835625331667, 29.797695821623574, 'NONE', 'NONE', 'NONE', 0
'BWD_MHA', 'Compute', 7237.835625331667, 7263.713585872119, 25.877960540452232, 'NONE', 'NONE', 'NONE', 0
'BWD_FFN', 'Compute', 7263.713585872119, 7293.511281693743, 29.797695821623574, 'NONE', 'NONE', 'NONE', 0
'BWD_MHA', 'Compute', 7293.511281693743, 7319.389242234195, 25.877960540452232, 'NONE', 'NONE', 'NONE', 0
'BWD_FFN', 'Compute', 7319.389242234195, 7349.186938055818, 29.797695821623574, 'NONE', 'NONE', 'NONE', 0
'BWD_MHA', 'Compute', 7349.186938055818, 7375.064898596271, 25.877960540452232, 'NONE', 'NONE', 'NONE', 0
'BWD_FFN', 'Compute', 7375.064898596271, 7404.862594417894, 29.797695821623574, 'NONE', 'NONE', 'NONE', 0
'BWD_MHA', 'Compute', 7404.862594417894, 7430.740554958346, 25.877960540452232, 'NONE', 'NONE', 'NONE', 0
'BWD_FFN', 'Compute', 7430.740554958346, 7460.5382507799695, 29.797695821623574, 'NONE', 'NONE', 'NONE', 0
'BWD_MHA', 'Compute', 7460.5382507799695, 7486.416211320422, 25.877960540452232, 'NONE', 'NONE', 'NONE', 0
'BWD_FFN', 'Compute', 7486.416211320422, 7516.213907142045, 29.797695821623574, 'NONE', 'NONE', 'NONE', 0
'BWD_MHA', 'Compute', 7516.213907142045, 7542.091867682498, 25.877960540452232, 'NONE', 'NONE', 'NONE', 0
'BWD_FFN', 'Compute', 7542.091867682498, 7571.889563504121, 29.797695821623574, 'NONE', 'NONE', 'NONE', 0
'BWD_MHA', 'Compute', 7571.889563504121, 7597.767524044573, 25.877960540452232, 'NONE', 'NONE', 'NONE', 0
'BWD_FFN', 'Compute', 7597.767524044573, 7627.5652198661965, 29.797695821623574, 'NONE', 'NONE', 'NONE', 0
'BWD_MHA', 'Compute', 7627.5652198661965, 7653.443180406649, 25.877960540452232, 'NONE', 'NONE', 'NONE', 0
'BWD_FFN', 'Compute', 7653.443180406649, 7683.240876228272, 29.797695821623574, 'NONE', 'NONE', 'NONE', 0
'BWD_MHA', 'Compute', 7683.240876228272, 7709.118836768725, 25.877960540452232, 'NONE', 'NONE', 'NONE', 0
'BWD_FFN', 'Compute', 7709.118836768725, 7738.916532590348, 29.797695821623574, 'NONE', 'NONE', 'NONE', 0
'BWD_MHA', 'Compute', 7738.916532590348, 7764.7944931308, 25.877960540452232, 'NONE', 'NONE', 'NONE', 0
'BWD_FFN', 'Compute', 7764.7944931308, 7794.592188952423, 29.797695821623574, 'NONE', 'NONE', 'NONE', 0
'BWD_MHA', 'Compute', 7794.592188952423, 7820.470149492876, 25.877960540452232, 'NONE', 'NONE', 'NONE', 0
'BWD_FFN', 'Compute', 7820.470149492876, 7850.267845314499, 29.797695821623574, 'NONE', 'NONE', 'NONE', 0
'BWD_MHA', 'Compute', 7850.267845314499, 7876.1458058549515, 25.877960540452232, 'NONE', 'NONE', 'NONE', 0
'BWD_FFN', 'Compute', 7876.1458058549515, 7905.943501676575, 29.797695821623574, 'NONE', 'NONE', 'NONE', 0
'BWD_MHA', 'Compute', 7905.943501676575, 7931.821462217027, 25.877960540452232, 'NONE', 'NONE', 'NONE', 0
'BWD_FFN', 'Compute', 7931.821462217027, 7961.61915803865, 29.797695821623574, 'NONE', 'NONE', 'NONE', 0
'BWD_MHA', 'Compute', 7961.61915803865, 7987.497118579103, 25.877960540452232, 'NONE', 'NONE', 'NONE', 0
'BWD_FFN', 'Compute', 7987.497118579103, 8017.294814400726, 29.797695821623574, 'NONE', 'NONE', 'NONE', 0
'BWD_PP_COMM_INTRA', 'Comm', 8017.294814400726, 8017.294963531639, 0.00014913091305555554, 51539607552.0, 'P2P', 'PP', 'INTRA', 2, 2, 3
'BWD_MHA', 'Compute', 8017.294963531639, 8043.1729240720915, 25.877960540452232, 'NONE', 'NONE', 'NONE', 0
'BWD_FFN', 'Compute', 8043.1729240720915, 8072.970619893715, 29.797695821623574, 'NONE', 'NONE', 'NONE', 0
'BWD_MHA', 'Compute', 8072.970619893715, 8098.848580434167, 25.877960540452232, 'NONE', 'NONE', 'NONE', 0
'BWD_FFN', 'Compute', 8098.848580434167, 8128.64627625579, 29.797695821623574, 'NONE', 'NONE', 'NONE', 0
'BWD_MHA', 'Compute', 8128.64627625579, 8154.524236796243, 25.877960540452232, 'NONE', 'NONE', 'NONE', 0
'BWD_FFN', 'Compute', 8154.524236796243, 8184.321932617866, 29.797695821623574, 'NONE', 'NONE', 'NONE', 0
'BWD_MHA', 'Compute', 8184.321932617866, 8210.199893158318, 25.877960540452232, 'NONE', 'NONE', 'NONE', 0
'BWD_FFN', 'Compute', 8210.199893158318, 8239.997588979943, 29.797695821623574, 'NONE', 'NONE', 'NONE', 0
'BWD_MHA', 'Compute', 8239.997588979943, 8265.875549520395, 25.877960540452232, 'NONE', 'NONE', 'NONE', 0
'BWD_FFN', 'Compute', 8265.875549520395, 8295.673245342019, 29.797695821623574, 'NONE', 'NONE', 'NONE', 0
'BWD_MHA', 'Compute', 8295.673245342019, 8321.551205882472, 25.877960540452232, 'NONE', 'NONE', 'NONE', 0
'BWD_FFN', 'Compute', 8321.551205882472, 8351.348901704096, 29.797695821623574, 'NONE', 'NONE', 'NONE', 0
'BWD_MHA', 'Compute', 8351.348901704096, 8377.226862244548, 25.877960540452232, 'NONE', 'NONE', 'NONE', 0
'BWD_FFN', 'Compute', 8377.226862244548, 8407.024558066172, 29.797695821623574, 'NONE', 'NONE', 'NONE', 0
'BWD_MHA', 'Compute', 8407.024558066172, 8432.902518606625, 25.877960540452232, 'NONE', 'NONE', 'NONE', 0
'BWD_FFN', 'Compute', 8432.902518606625, 8462.700214428249, 29.797695821623574, 'NONE', 'NONE', 'NONE', 0
'BWD_MHA', 'Compute', 8462.700214428249, 8488.578174968701, 25.877960540452232, 'NONE', 'NONE', 'NONE', 0
'BWD_FFN', 'Compute', 8488.578174968701, 8518.375870790325, 29.797695821623574, 'NONE', 'NONE', 'NONE', 0
'BWD_MHA', 'Compute', 8518.375870790325, 8544.253831330778, 25.877960540452232, 'NONE', 'NONE', 'NONE', 0
'BWD_FFN', 'Compute', 8544.253831330778, 8574.051527152402, 29.797695821623574, 'NONE', 'NONE', 'NONE', 0
'BWD_MHA', 'Compute', 8574.051527152402, 8599.929487692854, 25.877960540452232, 'NONE', 'NONE', 'NONE', 0
'BWD_FFN', 'Compute', 8599.929487692854, 8629.727183514478, 29.797695821623574, 'NONE', 'NONE', 'NONE', 0
'BWD_MHA', 'Compute', 8629.727183514478, 8655.60514405493, 25.877960540452232, 'NONE', 'NONE', 'NONE', 0
'BWD_FFN', 'Compute', 8655.60514405493, 8685.402839876555, 29.797695821623574, 'NONE', 'NONE', 'NONE', 0
'BWD_MHA', 'Compute', 8685.402839876555, 8711.280800417007, 25.877960540452232, 'NONE', 'NONE', 'NONE', 0
'BWD_FFN', 'Compute', 8711.280800417007, 8741.078496238631, 29.797695821623574, 'NONE', 'NONE', 'NONE', 0
'BWD_MHA', 'Compute', 8741.078496238631, 8766.956456779084, 25.877960540452232, 'NONE', 'NONE', 'NONE', 0
'BWD_FFN', 'Compute', 8766.956456779084, 8796.754152600708, 29.797695821623574, 'NONE', 'NONE', 'NONE', 0
'BWD_MHA', 'Compute', 8796.754152600708, 8822.63211314116, 25.877960540452232, 'NONE', 'NONE', 'NONE', 0
'BWD_FFN', 'Compute', 8822.63211314116, 8852.429808962785, 29.797695821623574, 'NONE', 'NONE', 'NONE', 0
'BWD_MHA', 'Compute', 8852.429808962785, 8878.307769503237, 25.877960540452232, 'NONE', 'NONE', 'NONE', 0
'BWD_FFN', 'Compute', 8878.307769503237, 8908.105465324861, 29.797695821623574, 'NONE', 'NONE', 'NONE', 0
'BWD_MHA', 'Compute', 8908.105465324861, 8933.983425865314, 25.877960540452232, 'NONE', 'NONE', 'NONE', 0
'BWD_FFN', 'Compute', 8933.983425865314, 8963.781121686938, 29.797695821623574, 'NONE', 'NONE', 'NONE', 0
'BWD_MHA', 'Compute', 8963.781121686938, 8989.65908222739, 25.877960540452232, 'NONE', 'NONE', 'NONE', 0
'BWD_FFN', 'Compute', 8989.65908222739, 9019.456778049014, 29.797695821623574, 'NONE', 'NONE', 'NONE', 0
'BWD_MHA', 'Compute', 9019.456778049014, 9045.334738589467, 25.877960540452232, 'NONE', 'NONE', 'NONE', 0
'BWD_FFN', 'Compute', 9045.334738589467, 9075.13243441109, 29.797695821623574, 'NONE', 'NONE', 'NONE', 0
'BWD_MHA', 'Compute', 9075.13243441109, 9101.010394951543, 25.877960540452232, 'NONE', 'NONE', 'NONE', 0
'BWD_FFN', 'Compute', 9101.010394951543, 9130.808090773167, 29.797695821623574, 'NONE', 'NONE', 'NONE', 0
'BWD_MHA', 'Compute', 9130.808090773167, 9156.68605131362, 25.877960540452232, 'NONE', 'NONE', 'NONE', 0
'BWD_FFN', 'Compute', 9156.68605131362, 9186.483747135244, 29.797695821623574, 'NONE', 'NONE', 'NONE', 0
'BWD_MHA', 'Compute', 9186.483747135244, 9212.361707675696, 25.877960540452232, 'NONE', 'NONE', 'NONE', 0
'BWD_FFN', 'Compute', 9212.361707675696, 9242.15940349732, 29.797695821623574, 'NONE', 'NONE', 'NONE', 0
'BWD_MHA', 'Compute', 9242.15940349732, 9268.037364037773, 25.877960540452232, 'NONE', 'NONE', 'NONE', 0
'BWD_FFN', 'Compute', 9268.037364037773, 9297.835059859397, 29.797695821623574, 'NONE', 'NONE', 'NONE', 0
'BWD_MHA', 'Compute', 9297.835059859397, 9323.71302039985, 25.877960540452232, 'NONE', 'NONE', 'NONE', 0
'BWD_FFN', 'Compute', 9323.71302039985, 9353.510716221474, 29.797695821623574, 'NONE', 'NONE', 'NONE', 0
'BWD_MHA', 'Compute', 9353.510716221474, 9379.388676761926, 25.877960540452232, 'NONE', 'NONE', 'NONE', 0
'BWD_FFN', 'Compute', 9379.388676761926, 9409.18637258355, 29.797695821623574, 'NONE', 'NONE', 'NONE', 0
'BWD_MHA', 'Compute', 9409.18637258355, 9435.064333124003, 25.877960540452232, 'NONE', 'NONE', 'NONE', 0
'BWD_FFN', 'Compute', 9435.064333124003, 9464.862028945627, 29.797695821623574, 'NONE', 'NONE', 'NONE', 0
'BWD_MHA', 'Compute', 9464.862028945627, 9490.73998948608, 25.877960540452232, 'NONE', 'NONE', 'NONE', 0
'BWD_FFN', 'Compute', 9490.73998948608, 9520.537685307703, 29.797695821623574, 'NONE', 'NONE', 'NONE', 0
'BWD_MHA', 'Compute', 9520.537685307703, 9546.415645848156, 25.877960540452232, 'NONE', 'NONE', 'NONE', 0
'BWD_FFN', 'Compute', 9546.415645848156, 9576.21334166978, 29.797695821623574, 'NONE', 'NONE', 'NONE', 0
'BWD_MHA', 'Compute', 9576.21334166978, 9602.091302210232, 25.877960540452232, 'NONE', 'NONE', 'NONE', 0
'BWD_FFN', 'Compute', 9602.091302210232, 9631.888998031856, 29.797695821623574, 'NONE', 'NONE', 'NONE', 0
'BWD_MHA', 'Compute', 9631.888998031856, 9657.766958572309, 25.877960540452232, 'NONE', 'NONE', 'NONE', 0
'BWD_FFN', 'Compute', 9657.766958572309, 9687.564654393933, 29.797695821623574, 'NONE', 'NONE', 'NONE', 0
'BWD_MHA', 'Compute', 9687.564654393933, 9713.442614934385, 25.877960540452232, 'NONE', 'NONE', 'NONE', 0
'BWD_FFN', 'Compute', 9713.442614934385, 9743.24031075601, 29.797695821623574, 'NONE', 'NONE', 'NONE', 0
'BWD_MHA', 'Compute', 9743.24031075601, 9769.118271296462, 25.877960540452232, 'NONE', 'NONE', 'NONE', 0
'BWD_FFN', 'Compute', 9769.118271296462, 9798.915967118086, 29.797695821623574, 'NONE', 'NONE', 'NONE', 0
'BWD_MHA', 'Compute', 9798.915967118086, 9824.793927658538, 25.877960540452232, 'NONE', 'NONE', 'NONE', 0
'BWD_FFN', 'Compute', 9824.793927658538, 9854.591623480163, 29.797695821623574, 'NONE', 'NONE', 'NONE', 0
'BWD_MHA', 'Compute', 9854.591623480163, 9880.469584020615, 25.877960540452232, 'NONE', 'NONE', 'NONE', 0
'BWD_FFN', 'Compute', 9880.469584020615, 9910.267279842239, 29.797695821623574, 'NONE', 'NONE', 'NONE', 0
'BWD_MHA', 'Compute', 9910.267279842239, 9936.145240382692, 25.877960540452232, 'NONE', 'NONE', 'NONE', 0
'BWD_FFN', 'Compute', 9936.145240382692, 9965.942936204316, 29.797695821623574, 'NONE', 'NONE', 'NONE', 0
'BWD_MHA', 'Compute', 9965.942936204316, 9991.820896744768, 25.877960540452232, 'NONE', 'NONE', 'NONE', 0
'BWD_FFN', 'Compute', 9991.820896744768, 10021.618592566392, 29.797695821623574, 'NONE', 'NONE', 'NONE', 0
'BWD_MHA', 'Compute', 10021.618592566392, 10047.496553106845, 25.877960540452232, 'NONE', 'NONE', 'NONE', 0
'BWD_FFN', 'Compute', 10047.496553106845, 10077.294248928469, 29.797695821623574, 'NONE', 'NONE', 'NONE', 0
'BWD_MHA', 'Compute', 10077.294248928469, 10103.172209468921, 25.877960540452232, 'NONE', 'NONE', 'NONE', 0
'BWD_FFN', 'Compute', 10103.172209468921, 10132.969905290545, 29.797695821623574, 'NONE', 'NONE', 'NONE', 0
'BWD_MHA', 'Compute', 10132.969905290545, 10158.847865830998, 25.877960540452232, 'NONE', 'NONE', 'NONE', 0
'BWD_FFN', 'Compute', 10158.847865830998, 10188.645561652622, 29.797695821623574, 'NONE', 'NONE', 'NONE', 0
'BWD_MHA', 'Compute', 10188.645561652622, 10214.523522193074, 25.877960540452232, 'NONE', 'NONE', 'NONE', 0
'BWD_FFN', 'Compute', 10214.523522193074, 10244.321218014698, 29.797695821623574, 'NONE', 'NONE', 'NONE', 0
'BWD_MHA', 'Compute', 10244.321218014698, 10270.19917855515, 25.877960540452232, 'NONE', 'NONE', 'NONE', 0
'BWD_FFN', 'Compute', 10270.19917855515, 10299.996874376775, 29.797695821623574, 'NONE', 'NONE', 'NONE', 0
'BWD_MHA', 'Compute', 10299.996874376775, 10325.874834917227, 25.877960540452232, 'NONE', 'NONE', 'NONE', 0
'BWD_FFN', 'Compute', 10325.874834917227, 10355.672530738851, 29.797695821623574, 'NONE', 'NONE', 'NONE', 0
'BWD_MHA', 'Compute', 10355.672530738851, 10381.550491279304, 25.877960540452232, 'NONE', 'NONE', 'NONE', 0
'BWD_FFN', 'Compute', 10381.550491279304, 10411.348187100928, 29.797695821623574, 'NONE', 'NONE', 'NONE', 0
'BWD_MHA', 'Compute', 10411.348187100928, 10437.22614764138, 25.877960540452232, 'NONE', 'NONE', 'NONE', 0
'BWD_FFN', 'Compute', 10437.22614764138, 10467.023843463005, 29.797695821623574, 'NONE', 'NONE', 'NONE', 0
'BWD_MHA', 'Compute', 10467.023843463005, 10492.901804003457, 25.877960540452232, 'NONE', 'NONE', 'NONE', 0
'BWD_FFN', 'Compute', 10492.901804003457, 10522.699499825081, 29.797695821623574, 'NONE', 'NONE', 'NONE', 0
'BWD_MHA', 'Compute', 10522.699499825081, 10548.577460365534, 25.877960540452232, 'NONE', 'NONE', 'NONE', 0
'BWD_FFN', 'Compute', 10548.577460365534, 10578.375156187158, 29.797695821623574, 'NONE', 'NONE', 'NONE', 0
'BWD_MHA', 'Compute', 10578.375156187158, 10604.25311672761, 25.877960540452232, 'NONE', 'NONE', 'NONE', 0
'BWD_FFN', 'Compute', 10604.25311672761, 10634.050812549234, 29.797695821623574, 'NONE', 'NONE', 'NONE', 0
'BWD_MHA', 'Compute', 10634.050812549234, 10659.928773089687, 25.877960540452232, 'NONE', 'NONE', 'NONE', 0
'BWD_FFN', 'Compute', 10659.928773089687, 10689.72646891131, 29.797695821623574, 'NONE', 'NONE', 'NONE', 0
'BWD_PP_COMM_INTRA', 'Comm', 10689.72646891131, 10689.726618042223, 0.00014913091305555554, 51539607552.0, 'P2P', 'PP', 'INTRA', 2, 2, 3
'BWD_DP_COMM_INTRA_0', 'Comm', 10689.726618042223, 10689.738740861396, 0.012122819173333334, 65463169536.0, 'P2P', 'DP', 'INTRA', 2, 2, 3
'BWD_DP_COMM_INTRA_1', 'Comm', 10689.726618042223, 10689.738740861396, 0.012122819173333334, 65463169536.0, 'P2P', 'DP', 'INTRA', 2, 2, 3
'Weight_update', 'Compute', 10689.75086368057, 10762.931708524417, 73.18084484384597, 'NONE', 'NONE', 'NONE', 0
'Weight_update', 'Compute', 10762.931708524417, 10836.112553368263, 73.18084484384597, 'NONE', 'NONE', 'NONE', 0
'Weight_update', 'Compute', 10836.112553368263, 10909.293398212109, 73.18084484384597, 'NONE', 'NONE', 'NONE', 0
'Weight_update', 'Compute', 10909.293398212109, 10982.474243055955, 73.18084484384597, 'NONE', 'NONE', 'NONE', 0
'Weight_update', 'Compute', 10982.474243055955, 11055.6550878998, 73.18084484384597, 'NONE', 'NONE', 'NONE', 0
'Weight_update', 'Compute', 11055.6550878998, 11128.835932743646, 73.18084484384597, 'NONE', 'NONE', 'NONE', 0
'Weight_update', 'Compute', 11128.835932743646, 11202.016777587492, 73.18084484384597, 'NONE', 'NONE', 'NONE', 0
'Weight_update', 'Compute', 11202.016777587492, 11275.197622431338, 73.18084484384597, 'NONE', 'NONE', 'NONE', 0
'Weight_update', 'Compute', 11275.197622431338, 11348.378467275184, 73.18084484384597, 'NONE', 'NONE', 'NONE', 0
'Weight_update', 'Compute', 11348.378467275184, 11421.55931211903, 73.18084484384597, 'NONE', 'NONE', 'NONE', 0
'Weight_update', 'Compute', 11421.55931211903, 11494.740156962876, 73.18084484384597, 'NONE', 'NONE', 'NONE', 0
'Weight_update', 'Compute', 11494.740156962876, 11567.921001806722, 73.18084484384597, 'NONE', 'NONE', 'NONE', 0
'Weight_update', 'Compute', 11567.921001806722, 11641.101846650568, 73.18084484384597, 'NONE', 'NONE', 'NONE', 0
'Weight_update', 'Compute', 11641.101846650568, 11714.282691494414, 73.18084484384597, 'NONE', 'NONE', 'NONE', 0
'Weight_update', 'Compute', 11714.282691494414, 11787.46353633826, 73.18084484384597, 'NONE', 'NONE', 'NONE', 0
'Weight_update', 'Compute', 11787.46353633826, 11860.644381182106, 73.18084484384597, 'NONE', 'NONE', 'NONE', 0
'Weight_update', 'Compute', 11860.644381182106, 11933.825226025952, 73.18084484384597, 'NONE', 'NONE', 'NONE', 0
'Weight_update', 'Compute', 11933.825226025952, 12007.006070869798, 73.18084484384597, 'NONE', 'NONE', 'NONE', 0
'Weight_update', 'Compute', 12007.006070869798, 12080.186915713644, 73.18084484384597, 'NONE', 'NONE', 'NONE', 0
'Weight_update', 'Compute', 12080.186915713644, 12153.36776055749, 73.18084484384597, 'NONE', 'NONE', 'NONE', 0
'Weight_update', 'Compute', 12153.36776055749, 12226.548605401336, 73.18084484384597, 'NONE', 'NONE', 'NONE', 0
'Weight_update', 'Compute', 12226.548605401336, 12299.729450245182, 73.18084484384597, 'NONE', 'NONE', 'NONE', 0
'Weight_update', 'Compute', 12299.729450245182, 12372.910295089028, 73.18084484384597, 'NONE', 'NONE', 'NONE', 0
'Weight_update', 'Compute', 12372.910295089028, 12446.091139932874, 73.18084484384597, 'NONE', 'NONE', 'NONE', 0
'Weight_update', 'Compute', 12446.091139932874, 12519.27198477672, 73.18084484384597, 'NONE', 'NONE', 'NONE', 0
'Weight_update', 'Compute', 12519.27198477672, 12592.452829620566, 73.18084484384597, 'NONE', 'NONE', 'NONE', 0
'Weight_update', 'Compute', 12592.452829620566, 12665.633674464412, 73.18084484384597, 'NONE', 'NONE', 'NONE', 0
'Weight_update', 'Compute', 12665.633674464412, 12738.814519308258, 73.18084484384597, 'NONE', 'NONE', 'NONE', 0
'Weight_update', 'Compute', 12738.814519308258, 12811.995364152104, 73.18084484384597, 'NONE', 'NONE', 'NONE', 0
'Weight_update', 'Compute', 12811.995364152104, 12885.17620899595, 73.18084484384597, 'NONE', 'NONE', 'NONE', 0
'Weight_update', 'Compute', 12885.17620899595, 12958.357053839796, 73.18084484384597, 'NONE', 'NONE', 'NONE', 0
'Weight_update', 'Compute', 12958.357053839796, 13031.537898683642, 73.18084484384597, 'NONE', 'NONE', 'NONE', 0
'Weight_update', 'Compute', 13031.537898683642, 13104.718743527488, 73.18084484384597, 'NONE', 'NONE', 'NONE', 0
'Weight_update', 'Compute', 13104.718743527488, 13177.899588371334, 73.18084484384597, 'NONE', 'NONE', 'NONE', 0
'Weight_update', 'Compute', 13177.899588371334, 13251.08043321518, 73.18084484384597, 'NONE', 'NONE', 'NONE', 0
'Weight_update', 'Compute', 13251.08043321518, 13324.261278059026, 73.18084484384597, 'NONE', 'NONE', 'NONE', 0
'Weight_update', 'Compute', 13324.261278059026, 13397.442122902872, 73.18084484384597, 'NONE', 'NONE', 'NONE', 0
'Weight_update', 'Compute', 13397.442122902872, 13470.622967746718, 73.18084484384597, 'NONE', 'NONE', 'NONE', 0
'Weight_update', 'Compute', 13470.622967746718, 13543.803812590564, 73.18084484384597, 'NONE', 'NONE', 'NONE', 0
'Weight_update', 'Compute', 13543.803812590564, 13616.98465743441, 73.18084484384597, 'NONE', 'NONE', 'NONE', 0
'Weight_update', 'Compute', 13616.98465743441, 13690.165502278256, 73.18084484384597, 'NONE', 'NONE', 'NONE', 0
'Weight_update', 'Compute', 13690.165502278256, 13763.346347122102, 73.18084484384597, 'NONE', 'NONE', 'NONE', 0
'Weight_update', 'Compute', 13763.346347122102, 13836.527191965948, 73.18084484384597, 'NONE', 'NONE', 'NONE', 0
'Weight_update', 'Compute', 13836.527191965948, 13909.708036809794, 73.18084484384597, 'NONE', 'NONE', 'NONE', 0
'Weight_update', 'Compute', 13909.708036809794, 13982.88888165364, 73.18084484384597, 'NONE', 'NONE', 'NONE', 0
'Weight_update', 'Compute', 13982.88888165364, 14056.069726497486, 73.18084484384597, 'NONE', 'NONE', 'NONE', 0
'Weight_update', 'Compute', 14056.069726497486, 14129.250571341332, 73.18084484384597, 'NONE', 'NONE', 'NONE', 0
'Weight_update', 'Compute', 14129.250571341332, 14202.431416185178, 73.18084484384597, 'NONE', 'NONE', 'NONE', 0
'Weight_update', 'Compute', 14202.431416185178, 14275.612261029024, 73.18084484384597, 'NONE', 'NONE', 'NONE', 0
'Weight_update', 'Compute', 14275.612261029024, 14348.79310587287, 73.18084484384597, 'NONE', 'NONE', 'NONE', 0
'Weight_update', 'Compute', 14348.79310587287, 14421.973950716716, 73.18084484384597, 'NONE', 'NONE', 'NONE', 0
'Weight_update', 'Compute', 14421.973950716716, 14495.154795560562, 73.18084484384597, 'NONE', 'NONE', 'NONE', 0
'Weight_update', 'Compute', 14495.154795560562, 14568.335640404408, 73.18084484384597, 'NONE', 'NONE', 'NONE', 0
'Weight_update', 'Compute', 14568.335640404408, 14641.516485248254, 73.18084484384597, 'NONE', 'NONE', 'NONE', 0
'Weight_update', 'Compute', 14641.516485248254, 14714.6973300921, 73.18084484384597, 'NONE', 'NONE', 'NONE', 0
'Weight_update', 'Compute', 14714.6973300921, 14787.878174935946, 73.18084484384597, 'NONE', 'NONE', 'NONE', 0
'Weight_update', 'Compute', 14787.878174935946, 14861.059019779792, 73.18084484384597, 'NONE', 'NONE', 'NONE', 0
'Weight_update', 'Compute', 14861.059019779792, 14934.239864623638, 73.18084484384597, 'NONE', 'NONE', 'NONE', 0
'Weight_update', 'Compute', 14934.239864623638, 15007.420709467484, 73.18084484384597, 'NONE', 'NONE', 'NONE', 0
'Weight_update', 'Compute', 15007.420709467484, 15080.60155431133, 73.18084484384597, 'NONE', 'NONE', 'NONE', 0
'Weight_update', 'Compute', 15080.60155431133, 15153.782399155176, 73.18084484384597, 'NONE', 'NONE', 'NONE', 0
'Weight_update', 'Compute', 15153.782399155176, 15226.963243999022, 73.18084484384597, 'NONE', 'NONE', 'NONE', 0
'Weight_update', 'Compute', 15226.963243999022, 15300.144088842868, 73.18084484384597, 'NONE', 'NONE', 'NONE', 0
'Weight_update', 'Compute', 15300.144088842868, 15373.324933686714, 73.18084484384597, 'NONE', 'NONE', 'NONE', 0
'Weight_update', 'Compute', 15373.324933686714, 15446.50577853056, 73.18084484384597, 'NONE', 'NONE', 'NONE', 0
'Weight_update', 'Compute', 15446.50577853056, 15519.686623374406, 73.18084484384597, 'NONE', 'NONE', 'NONE', 0
'Weight_update', 'Compute', 15519.686623374406, 15592.867468218252, 73.18084484384597, 'NONE', 'NONE', 'NONE', 0
'Weight_update', 'Compute', 15592.867468218252, 15666.048313062098, 73.18084484384597, 'NONE', 'NONE', 'NONE', 0
'Weight_update', 'Compute', 15666.048313062098, 15739.229157905944, 73.18084484384597, 'NONE', 'NONE', 'NONE', 0
'Weight_update', 'Compute', 15739.229157905944, 15812.41000274979, 73.18084484384597, 'NONE', 'NONE', 'NONE', 0
'Weight_update', 'Compute', 15812.41000274979, 15885.590847593636, 73.18084484384597, 'NONE', 'NONE', 'NONE', 0
'Weight_update', 'Compute', 15885.590847593636, 15958.771692437482, 73.18084484384597, 'NONE', 'NONE', 'NONE', 0
'Weight_update', 'Compute', 15958.771692437482, 16031.952537281328, 73.18084484384597, 'NONE', 'NONE', 'NONE', 0
'Weight_update', 'Compute', 16031.952537281328, 16105.133382125174, 73.18084484384597, 'NONE', 'NONE', 'NONE', 0
'Weight_update', 'Compute', 16105.133382125174, 16178.31422696902, 73.18084484384597, 'NONE', 'NONE', 'NONE', 0
'Weight_update', 'Compute', 16178.31422696902, 16251.495071812866, 73.18084484384597, 'NONE', 'NONE', 'NONE', 0
'Weight_update', 'Compute', 16251.495071812866, 16324.675916656712, 73.18084484384597, 'NONE', 'NONE', 'NONE', 0
'Weight_update', 'Compute', 16324.675916656712, 16397.856761500556, 73.18084484384597, 'NONE', 'NONE', 'NONE', 0
'Weight_update', 'Compute', 16397.856761500556, 16471.037606344402, 73.18084484384597, 'NONE', 'NONE', 'NONE', 0
'Weight_update', 'Compute', 16471.037606344402, 16544.218451188248, 73.18084484384597, 'NONE', 'NONE', 'NONE', 0
'Weight_update', 'Compute', 16544.218451188248, 16617.399296032094, 73.18084484384597, 'NONE', 'NONE', 'NONE', 0
'Weight_update', 'Compute', 16617.399296032094, 16690.58014087594, 73.18084484384597, 'NONE', 'NONE', 'NONE', 0
'Weight_update', 'Compute', 16690.58014087594, 16763.760985719786, 73.18084484384597, 'NONE', 'NONE', 'NONE', 0
'Weight_update', 'Compute', 16763.760985719786, 16836.94183056363, 73.18084484384597, 'NONE', 'NONE', 'NONE', 0
'Weight_update', 'Compute', 16836.94183056363, 16910.122675407478, 73.18084484384597, 'NONE', 'NONE', 'NONE', 0
'Weight_update', 'Compute', 16910.122675407478, 16983.303520251324, 73.18084484384597, 'NONE', 'NONE', 'NONE', 0
'Weight_update', 'Compute', 16983.303520251324, 17056.48436509517, 73.18084484384597, 'NONE', 'NONE', 'NONE', 0
'Weight_update', 'Compute', 17056.48436509517, 17129.665209939016, 73.18084484384597, 'NONE', 'NONE', 'NONE', 0
'Weight_update', 'Compute', 17129.665209939016, 17202.84605478286, 73.18084484384597, 'NONE', 'NONE', 'NONE', 0
'Weight_update', 'Compute', 17202.84605478286, 17276.026899626708, 73.18084484384597, 'NONE', 'NONE', 'NONE', 0
'Weight_update', 'Compute', 17276.026899626708, 17349.207744470554, 73.18084484384597, 'NONE', 'NONE', 'NONE', 0
'Weight_update', 'Compute', 17349.207744470554, 17422.3885893144, 73.18084484384597, 'NONE', 'NONE', 'NONE', 0
'Weight_update', 'Compute', 17422.3885893144, 17495.569434158246, 73.18084484384597, 'NONE', 'NONE', 'NONE', 0
'Weight_update', 'Compute', 17495.569434158246, 17568.75027900209, 73.18084484384597, 'NONE', 'NONE', 'NONE', 0
'Weight_update', 'Compute', 17568.75027900209, 17641.931123845938, 73.18084484384597, 'NONE', 'NONE', 'NONE', 0
'Weight_update', 'Compute', 17641.931123845938, 17715.111968689784, 73.18084484384597, 'NONE', 'NONE', 'NONE', 0
'FWD_MHA', 'Compute', 17715.111968689784, 17740.989929230236, 25.877960540452232, 'NONE', 'NONE', 'NONE', 0
'FWD_FFN', 'Compute', 17740.989929230236, 17770.78762505186, 29.797695821623574, 'NONE', 'NONE', 'NONE', 0
'FWD_MHA', 'Compute', 17770.78762505186, 17796.665585592313, 25.877960540452232, 'NONE', 'NONE', 'NONE', 0
'FWD_FFN', 'Compute', 17796.665585592313, 17826.463281413937, 29.797695821623574, 'NONE', 'NONE', 'NONE', 0
'FWD_MHA', 'Compute', 17826.463281413937, 17852.34124195439, 25.877960540452232, 'NONE', 'NONE', 'NONE', 0
'FWD_FFN', 'Compute', 17852.34124195439, 17882.138937776013, 29.797695821623574, 'NONE', 'NONE', 'NONE', 0
'FWD_MHA', 'Compute', 17882.138937776013, 17908.016898316466, 25.877960540452232, 'NONE', 'NONE', 'NONE', 0
'FWD_FFN', 'Compute', 17908.016898316466, 17937.81459413809, 29.797695821623574, 'NONE', 'NONE', 'NONE', 0
'FWD_MHA', 'Compute', 17937.81459413809, 17963.692554678542, 25.877960540452232, 'NONE', 'NONE', 'NONE', 0
'FWD_FFN', 'Compute', 17963.692554678542, 17993.490250500166, 29.797695821623574, 'NONE', 'NONE', 'NONE', 0
'FWD_MHA', 'Compute', 17993.490250500166, 18019.36821104062, 25.877960540452232, 'NONE', 'NONE', 'NONE', 0
'FWD_FFN', 'Compute', 18019.36821104062, 18049.165906862243, 29.797695821623574, 'NONE', 'NONE', 'NONE', 0
'FWD_MHA', 'Compute', 18049.165906862243, 18075.043867402695, 25.877960540452232, 'NONE', 'NONE', 'NONE', 0
'FWD_FFN', 'Compute', 18075.043867402695, 18104.84156322432, 29.797695821623574, 'NONE', 'NONE', 'NONE', 0
'FWD_MHA', 'Compute', 18104.84156322432, 18130.719523764772, 25.877960540452232, 'NONE', 'NONE', 'NONE', 0
'FWD_FFN', 'Compute', 18130.719523764772, 18160.517219586396, 29.797695821623574, 'NONE', 'NONE', 'NONE', 0
'FWD_MHA', 'Compute', 18160.517219586396, 18186.39518012685, 25.877960540452232, 'NONE', 'NONE', 'NONE', 0
'FWD_FFN', 'Compute', 18186.39518012685, 18216.192875948473, 29.797695821623574, 'NONE', 'NONE', 'NONE', 0
'FWD_MHA', 'Compute', 18216.192875948473, 18242.070836488925, 25.877960540452232, 'NONE', 'NONE', 'NONE', 0
'FWD_FFN', 'Compute', 18242.070836488925, 18271.86853231055, 29.797695821623574, 'NONE', 'NONE', 'NONE', 0
'FWD_MHA', 'Compute', 18271.86853231055, 18297.746492851, 25.877960540452232, 'NONE', 'NONE', 'NONE', 0
'FWD_FFN', 'Compute', 18297.746492851, 18327.544188672626, 29.797695821623574, 'NONE', 'NONE', 'NONE', 0
'FWD_MHA', 'Compute', 18327.544188672626, 18353.42214921308, 25.877960540452232, 'NONE', 'NONE', 'NONE', 0
'FWD_FFN', 'Compute', 18353.42214921308, 18383.219845034702, 29.797695821623574, 'NONE', 'NONE', 'NONE', 0
'FWD_MHA', 'Compute', 18383.219845034702, 18409.097805575155, 25.877960540452232, 'NONE', 'NONE', 'NONE', 0
'FWD_FFN', 'Compute', 18409.097805575155, 18438.89550139678, 29.797695821623574, 'NONE', 'NONE', 'NONE', 0
'FWD_MHA', 'Compute', 18438.89550139678, 18464.77346193723, 25.877960540452232, 'NONE', 'NONE', 'NONE', 0
'FWD_FFN', 'Compute', 18464.77346193723, 18494.571157758855, 29.797695821623574, 'NONE', 'NONE', 'NONE', 0
'FWD_MHA', 'Compute', 18494.571157758855, 18520.449118299308, 25.877960540452232, 'NONE', 'NONE', 'NONE', 0
'FWD_FFN', 'Compute', 18520.449118299308, 18550.246814120932, 29.797695821623574, 'NONE', 'NONE', 'NONE', 0
'FWD_MHA', 'Compute', 18550.246814120932, 18576.124774661384, 25.877960540452232, 'NONE', 'NONE', 'NONE', 0
'FWD_FFN', 'Compute', 18576.124774661384, 18605.92247048301, 29.797695821623574, 'NONE', 'NONE', 'NONE', 0
'FWD_MHA', 'Compute', 18605.92247048301, 18631.80043102346, 25.877960540452232, 'NONE', 'NONE', 'NONE', 0
'FWD_FFN', 'Compute', 18631.80043102346, 18661.598126845085, 29.797695821623574, 'NONE', 'NONE', 'NONE', 0
'FWD_MHA', 'Compute', 18661.598126845085, 18687.476087385538, 25.877960540452232, 'NONE', 'NONE', 'NONE', 0
'FWD_FFN', 'Compute', 18687.476087385538, 18717.27378320716, 29.797695821623574, 'NONE', 'NONE', 'NONE', 0
'FWD_MHA', 'Compute', 18717.27378320716, 18743.151743747614, 25.877960540452232, 'NONE', 'NONE', 'NONE', 0
'FWD_FFN', 'Compute', 18743.151743747614, 18772.949439569238, 29.797695821623574, 'NONE', 'NONE', 'NONE', 0
'FWD_MHA', 'Compute', 18772.949439569238, 18798.82740010969, 25.877960540452232, 'NONE', 'NONE', 'NONE', 0
'FWD_FFN', 'Compute', 18798.82740010969, 18828.625095931315, 29.797695821623574, 'NONE', 'NONE', 'NONE', 0
'FWD_MHA', 'Compute', 18828.625095931315, 18854.503056471767, 25.877960540452232, 'NONE', 'NONE', 'NONE', 0
'FWD_FFN', 'Compute', 18854.503056471767, 18884.30075229339, 29.797695821623574, 'NONE', 'NONE', 'NONE', 0
'FWD_MHA', 'Compute', 18884.30075229339, 18910.178712833844, 25.877960540452232, 'NONE', 'NONE', 'NONE', 0
'FWD_FFN', 'Compute', 18910.178712833844, 18939.976408655468, 29.797695821623574, 'NONE', 'NONE', 'NONE', 0
'FWD_MHA', 'Compute', 18939.976408655468, 18965.85436919592, 25.877960540452232, 'NONE', 'NONE', 'NONE', 0
'FWD_FFN', 'Compute', 18965.85436919592, 18995.652065017544, 29.797695821623574, 'NONE', 'NONE', 'NONE', 0
'FWD_MHA', 'Compute', 18995.652065017544, 19021.530025557997, 25.877960540452232, 'NONE', 'NONE', 'NONE', 0
'FWD_FFN', 'Compute', 19021.530025557997, 19051.32772137962, 29.797695821623574, 'NONE', 'NONE', 'NONE', 0
'FWD_MHA', 'Compute', 19051.32772137962, 19077.205681920073, 25.877960540452232, 'NONE', 'NONE', 'NONE', 0
'FWD_FFN', 'Compute', 19077.205681920073, 19107.003377741697, 29.797695821623574, 'NONE', 'NONE', 'NONE', 0
'FWD_MHA', 'Compute', 19107.003377741697, 19132.88133828215, 25.877960540452232, 'NONE', 'NONE', 'NONE', 0
'FWD_FFN', 'Compute', 19132.88133828215, 19162.679034103774, 29.797695821623574, 'NONE', 'NONE', 'NONE', 0
'FWD_MHA', 'Compute', 19162.679034103774, 19188.556994644227, 25.877960540452232, 'NONE', 'NONE', 'NONE', 0
'FWD_FFN', 'Compute', 19188.556994644227, 19218.35469046585, 29.797695821623574, 'NONE', 'NONE', 'NONE', 0
'FWD_MHA', 'Compute', 19218.35469046585, 19244.232651006303, 25.877960540452232, 'NONE', 'NONE', 'NONE', 0
'FWD_FFN', 'Compute', 19244.232651006303, 19274.030346827927, 29.797695821623574, 'NONE', 'NONE', 'NONE', 0
'FWD_MHA', 'Compute', 19274.030346827927, 19299.90830736838, 25.877960540452232, 'NONE', 'NONE', 'NONE', 0
'FWD_FFN', 'Compute', 19299.90830736838, 19329.706003190004, 29.797695821623574, 'NONE', 'NONE', 'NONE', 0
'FWD_MHA', 'Compute', 19329.706003190004, 19355.583963730456, 25.877960540452232, 'NONE', 'NONE', 'NONE', 0
'FWD_FFN', 'Compute', 19355.583963730456, 19385.38165955208, 29.797695821623574, 'NONE', 'NONE', 'NONE', 0
'FWD_MHA', 'Compute', 19385.38165955208, 19411.259620092533, 25.877960540452232, 'NONE', 'NONE', 'NONE', 0
'FWD_FFN', 'Compute', 19411.259620092533, 19441.057315914157, 29.797695821623574, 'NONE', 'NONE', 'NONE', 0
'FWD_MHA', 'Compute', 19441.057315914157, 19466.93527645461, 25.877960540452232, 'NONE', 'NONE', 'NONE', 0
'FWD_FFN', 'Compute', 19466.93527645461, 19496.732972276233, 29.797695821623574, 'NONE', 'NONE', 'NONE', 0
'FWD_MHA', 'Compute', 19496.732972276233, 19522.610932816686, 25.877960540452232, 'NONE', 'NONE', 'NONE', 0
'FWD_FFN', 'Compute', 19522.610932816686, 19552.40862863831, 29.797695821623574, 'NONE', 'NONE', 'NONE', 0
'FWD_MHA', 'Compute', 19552.40862863831, 19578.286589178762, 25.877960540452232, 'NONE', 'NONE', 'NONE', 0
'FWD_FFN', 'Compute', 19578.286589178762, 19608.084285000386, 29.797695821623574, 'NONE', 'NONE', 'NONE', 0
'FWD_MHA', 'Compute', 19608.084285000386, 19633.96224554084, 25.877960540452232, 'NONE', 'NONE', 'NONE', 0
'FWD_FFN', 'Compute', 19633.96224554084, 19663.759941362463, 29.797695821623574, 'NONE', 'NONE', 'NONE', 0
'FWD_MHA', 'Compute', 19663.759941362463, 19689.637901902915, 25.877960540452232, 'NONE', 'NONE', 'NONE', 0
'FWD_FFN', 'Compute', 19689.637901902915, 19719.43559772454, 29.797695821623574, 'NONE', 'NONE', 'NONE', 0
'FWD_MHA', 'Compute', 19719.43559772454, 19745.313558264992, 25.877960540452232, 'NONE', 'NONE', 'NONE', 0
'FWD_FFN', 'Compute', 19745.313558264992, 19775.111254086616, 29.797695821623574, 'NONE', 'NONE', 'NONE', 0
'FWD_MHA', 'Compute', 19775.111254086616, 19800.98921462707, 25.877960540452232, 'NONE', 'NONE', 'NONE', 0
'FWD_FFN', 'Compute', 19800.98921462707, 19830.786910448693, 29.797695821623574, 'NONE', 'NONE', 'NONE', 0
'FWD_MHA', 'Compute', 19830.786910448693, 19856.664870989145, 25.877960540452232, 'NONE', 'NONE', 'NONE', 0
'FWD_FFN', 'Compute', 19856.664870989145, 19886.46256681077, 29.797695821623574, 'NONE', 'NONE', 'NONE', 0
'FWD_MHA', 'Compute', 19886.46256681077, 19912.34052735122, 25.877960540452232, 'NONE', 'NONE', 'NONE', 0
'FWD_FFN', 'Compute', 19912.34052735122, 19942.138223172846, 29.797695821623574, 'NONE', 'NONE', 'NONE', 0
'FWD_MHA', 'Compute', 19942.138223172846, 19968.0161837133, 25.877960540452232, 'NONE', 'NONE', 'NONE', 0
'FWD_FFN', 'Compute', 19968.0161837133, 19997.813879534922, 29.797695821623574, 'NONE', 'NONE', 'NONE', 0
'FWD_MHA', 'Compute', 19997.813879534922, 20023.691840075375, 25.877960540452232, 'NONE', 'NONE', 'NONE', 0
'FWD_FFN', 'Compute', 20023.691840075375, 20053.489535897, 29.797695821623574, 'NONE', 'NONE', 'NONE', 0
'FWD_MHA', 'Compute', 20053.489535897, 20079.36749643745, 25.877960540452232, 'NONE', 'NONE', 'NONE', 0
'FWD_FFN', 'Compute', 20079.36749643745, 20109.165192259075, 29.797695821623574, 'NONE', 'NONE', 'NONE', 0
'FWD_MHA', 'Compute', 20109.165192259075, 20135.043152799528, 25.877960540452232, 'NONE', 'NONE', 'NONE', 0
'FWD_FFN', 'Compute', 20135.043152799528, 20164.840848621152, 29.797695821623574, 'NONE', 'NONE', 'NONE', 0
'FWD_MHA', 'Compute', 20164.840848621152, 20190.718809161604, 25.877960540452232, 'NONE', 'NONE', 'NONE', 0
'FWD_FFN', 'Compute', 20190.718809161604, 20220.51650498323, 29.797695821623574, 'NONE', 'NONE', 'NONE', 0
'FWD_MHA', 'Compute', 20220.51650498323, 20246.39446552368, 25.877960540452232, 'NONE', 'NONE', 'NONE', 0
'FWD_FFN', 'Compute', 20246.39446552368, 20276.192161345305, 29.797695821623574, 'NONE', 'NONE', 'NONE', 0
'FWD_MHA', 'Compute', 20276.192161345305, 20302.070121885758, 25.877960540452232, 'NONE', 'NONE', 'NONE', 0
'FWD_FFN', 'Compute', 20302.070121885758, 20331.86781770738, 29.797695821623574, 'NONE', 'NONE', 'NONE', 0
'FWD_MHA', 'Compute', 20331.86781770738, 20357.745778247834, 25.877960540452232, 'NONE', 'NONE', 'NONE', 0
'FWD_FFN', 'Compute', 20357.745778247834, 20387.543474069458, 29.797695821623574, 'NONE', 'NONE', 'NONE', 0
'FWD_PP_COMM_INTRA', 'Comm', 20387.543474069458, 20387.54362320037, 0.00014913091305555554, 51539607552.0, 'P2P', 'PP', 'INTRA', 2, 2, 3
'FWD_MHA', 'Compute', 20387.54362320037, 20413.421583740823, 25.877960540452232, 'NONE', 'NONE', 'NONE', 0
'FWD_FFN', 'Compute', 20413.421583740823, 20443.219279562447, 29.797695821623574, 'NONE', 'NONE', 'NONE', 0
'FWD_MHA', 'Compute', 20443.219279562447, 20469.0972401029, 25.877960540452232, 'NONE', 'NONE', 'NONE', 0
'FWD_FFN', 'Compute', 20469.0972401029, 20498.894935924523, 29.797695821623574, 'NONE', 'NONE', 'NONE', 0
'FWD_MHA', 'Compute', 20498.894935924523, 20524.772896464976, 25.877960540452232, 'NONE', 'NONE', 'NONE', 0
'FWD_FFN', 'Compute', 20524.772896464976, 20554.5705922866, 29.797695821623574, 'NONE', 'NONE', 'NONE', 0
'FWD_MHA', 'Compute', 20554.5705922866, 20580.448552827052, 25.877960540452232, 'NONE', 'NONE', 'NONE', 0
'FWD_FFN', 'Compute', 20580.448552827052, 20610.246248648677, 29.797695821623574, 'NONE', 'NONE', 'NONE', 0
'FWD_MHA', 'Compute', 20610.246248648677, 20636.12420918913, 25.877960540452232, 'NONE', 'NONE', 'NONE', 0
'FWD_FFN', 'Compute', 20636.12420918913, 20665.921905010753, 29.797695821623574, 'NONE', 'NONE', 'NONE', 0
'FWD_MHA', 'Compute', 20665.921905010753, 20691.799865551206, 25.877960540452232, 'NONE', 'NONE', 'NONE', 0
'FWD_FFN', 'Compute', 20691.799865551206, 20721.59756137283, 29.797695821623574, 'NONE', 'NONE', 'NONE', 0
'FWD_MHA', 'Compute', 20721.59756137283, 20747.475521913282, 25.877960540452232, 'NONE', 'NONE', 'NONE', 0
'FWD_FFN', 'Compute', 20747.475521913282, 20777.273217734906, 29.797695821623574, 'NONE', 'NONE', 'NONE', 0
'FWD_MHA', 'Compute', 20777.273217734906, 20803.15117827536, 25.877960540452232, 'NONE', 'NONE', 'NONE', 0
'FWD_FFN', 'Compute', 20803.15117827536, 20832.948874096983, 29.797695821623574, 'NONE', 'NONE', 'NONE', 0
'FWD_MHA', 'Compute', 20832.948874096983, 20858.826834637435, 25.877960540452232, 'NONE', 'NONE', 'NONE', 0
'FWD_FFN', 'Compute', 20858.826834637435, 20888.62453045906, 29.797695821623574, 'NONE', 'NONE', 'NONE', 0
'FWD_MHA', 'Compute', 20888.62453045906, 20914.50249099951, 25.877960540452232, 'NONE', 'NONE', 'NONE', 0
'FWD_FFN', 'Compute', 20914.50249099951, 20944.300186821136, 29.797695821623574, 'NONE', 'NONE', 'NONE', 0
'FWD_MHA', 'Compute', 20944.300186821136, 20970.17814736159, 25.877960540452232, 'NONE', 'NONE', 'NONE', 0
'FWD_FFN', 'Compute', 20970.17814736159, 20999.975843183212, 29.797695821623574, 'NONE', 'NONE', 'NONE', 0
'FWD_MHA', 'Compute', 20999.975843183212, 21025.853803723665, 25.877960540452232, 'NONE', 'NONE', 'NONE', 0
'FWD_FFN', 'Compute', 21025.853803723665, 21055.65149954529, 29.797695821623574, 'NONE', 'NONE', 'NONE', 0
'FWD_MHA', 'Compute', 21055.65149954529, 21081.52946008574, 25.877960540452232, 'NONE', 'NONE', 'NONE', 0
'FWD_FFN', 'Compute', 21081.52946008574, 21111.327155907366, 29.797695821623574, 'NONE', 'NONE', 'NONE', 0
'FWD_MHA', 'Compute', 21111.327155907366, 21137.205116447818, 25.877960540452232, 'NONE', 'NONE', 'NONE', 0
'FWD_FFN', 'Compute', 21137.205116447818, 21167.002812269442, 29.797695821623574, 'NONE', 'NONE', 'NONE', 0
'FWD_MHA', 'Compute', 21167.002812269442, 21192.880772809895, 25.877960540452232, 'NONE', 'NONE', 'NONE', 0
'FWD_FFN', 'Compute', 21192.880772809895, 21222.67846863152, 29.797695821623574, 'NONE', 'NONE', 'NONE', 0
'FWD_MHA', 'Compute', 21222.67846863152, 21248.55642917197, 25.877960540452232, 'NONE', 'NONE', 'NONE', 0
'FWD_FFN', 'Compute', 21248.55642917197, 21278.354124993595, 29.797695821623574, 'NONE', 'NONE', 'NONE', 0
'FWD_MHA', 'Compute', 21278.354124993595, 21304.232085534048, 25.877960540452232, 'NONE', 'NONE', 'NONE', 0
'FWD_FFN', 'Compute', 21304.232085534048, 21334.02978135567, 29.797695821623574, 'NONE', 'NONE', 'NONE', 0
'FWD_MHA', 'Compute', 21334.02978135567, 21359.907741896124, 25.877960540452232, 'NONE', 'NONE', 'NONE', 0
'FWD_FFN', 'Compute', 21359.907741896124, 21389.70543771775, 29.797695821623574, 'NONE', 'NONE', 'NONE', 0
'FWD_MHA', 'Compute', 21389.70543771775, 21415.5833982582, 25.877960540452232, 'NONE', 'NONE', 'NONE', 0
'FWD_FFN', 'Compute', 21415.5833982582, 21445.381094079825, 29.797695821623574, 'NONE', 'NONE', 'NONE', 0
'FWD_MHA', 'Compute', 21445.381094079825, 21471.259054620277, 25.877960540452232, 'NONE', 'NONE', 'NONE', 0
'FWD_FFN', 'Compute', 21471.259054620277, 21501.0567504419, 29.797695821623574, 'NONE', 'NONE', 'NONE', 0
'FWD_MHA', 'Compute', 21501.0567504419, 21526.934710982354, 25.877960540452232, 'NONE', 'NONE', 'NONE', 0
'FWD_FFN', 'Compute', 21526.934710982354, 21556.732406803978, 29.797695821623574, 'NONE', 'NONE', 'NONE', 0
'FWD_MHA', 'Compute', 21556.732406803978, 21582.61036734443, 25.877960540452232, 'NONE', 'NONE', 'NONE', 0
'FWD_FFN', 'Compute', 21582.61036734443, 21612.408063166054, 29.797695821623574, 'NONE', 'NONE', 'NONE', 0
'FWD_MHA', 'Compute', 21612.408063166054, 21638.286023706507, 25.877960540452232, 'NONE', 'NONE', 'NONE', 0
'FWD_FFN', 'Compute', 21638.286023706507, 21668.08371952813, 29.797695821623574, 'NONE', 'NONE', 'NONE', 0
'FWD_MHA', 'Compute', 21668.08371952813, 21693.961680068584, 25.877960540452232, 'NONE', 'NONE', 'NONE', 0
'FWD_FFN', 'Compute', 21693.961680068584, 21723.759375890208, 29.797695821623574, 'NONE', 'NONE', 'NONE', 0
'FWD_MHA', 'Compute', 21723.759375890208, 21749.63733643066, 25.877960540452232, 'NONE', 'NONE', 'NONE', 0
'FWD_FFN', 'Compute', 21749.63733643066, 21779.435032252284, 29.797695821623574, 'NONE', 'NONE', 'NONE', 0
'FWD_MHA', 'Compute', 21779.435032252284, 21805.312992792737, 25.877960540452232, 'NONE', 'NONE', 'NONE', 0
'FWD_FFN', 'Compute', 21805.312992792737, 21835.11068861436, 29.797695821623574, 'NONE', 'NONE', 'NONE', 0
'FWD_MHA', 'Compute', 21835.11068861436, 21860.988649154813, 25.877960540452232, 'NONE', 'NONE', 'NONE', 0
'FWD_FFN', 'Compute', 21860.988649154813, 21890.786344976437, 29.797695821623574, 'NONE', 'NONE', 'NONE', 0
'FWD_MHA', 'Compute', 21890.786344976437, 21916.66430551689, 25.877960540452232, 'NONE', 'NONE', 'NONE', 0
'FWD_FFN', 'Compute', 21916.66430551689, 21946.462001338514, 29.797695821623574, 'NONE', 'NONE', 'NONE', 0
'FWD_MHA', 'Compute', 21946.462001338514, 21972.339961878966, 25.877960540452232, 'NONE', 'NONE', 'NONE', 0
'FWD_FFN', 'Compute', 21972.339961878966, 22002.13765770059, 29.797695821623574, 'NONE', 'NONE', 'NONE', 0
'FWD_MHA', 'Compute', 22002.13765770059, 22028.015618241043, 25.877960540452232, 'NONE', 'NONE', 'NONE', 0
'FWD_FFN', 'Compute', 22028.015618241043, 22057.813314062667, 29.797695821623574, 'NONE', 'NONE', 'NONE', 0
'FWD_MHA', 'Compute', 22057.813314062667, 22083.69127460312, 25.877960540452232, 'NONE', 'NONE', 'NONE', 0
'FWD_FFN', 'Compute', 22083.69127460312, 22113.488970424743, 29.797695821623574, 'NONE', 'NONE', 'NONE', 0
'FWD_MHA', 'Compute', 22113.488970424743, 22139.366930965196, 25.877960540452232, 'NONE', 'NONE', 'NONE', 0
'FWD_FFN', 'Compute', 22139.366930965196, 22169.16462678682, 29.797695821623574, 'NONE', 'NONE', 'NONE', 0
'FWD_MHA', 'Compute', 22169.16462678682, 22195.042587327272, 25.877960540452232, 'NONE', 'NONE', 'NONE', 0
'FWD_FFN', 'Compute', 22195.042587327272, 22224.840283148897, 29.797695821623574, 'NONE', 'NONE', 'NONE', 0
'FWD_MHA', 'Compute', 22224.840283148897, 22250.71824368935, 25.877960540452232, 'NONE', 'NONE', 'NONE', 0
'FWD_FFN', 'Compute', 22250.71824368935, 22280.515939510973, 29.797695821623574, 'NONE', 'NONE', 'NONE', 0
'FWD_MHA', 'Compute', 22280.515939510973, 22306.393900051426, 25.877960540452232, 'NONE', 'NONE', 'NONE', 0
'FWD_FFN', 'Compute', 22306.393900051426, 22336.19159587305, 29.797695821623574, 'NONE', 'NONE', 'NONE', 0
'FWD_MHA', 'Compute', 22336.19159587305, 22362.069556413502, 25.877960540452232, 'NONE', 'NONE', 'NONE', 0
'FWD_FFN', 'Compute', 22362.069556413502, 22391.867252235126, 29.797695821623574, 'NONE', 'NONE', 'NONE', 0
'FWD_MHA', 'Compute', 22391.867252235126, 22417.74521277558, 25.877960540452232, 'NONE', 'NONE', 'NONE', 0
'FWD_FFN', 'Compute', 22417.74521277558, 22447.542908597203, 29.797695821623574, 'NONE', 'NONE', 'NONE', 0
'FWD_MHA', 'Compute', 22447.542908597203, 22473.420869137655, 25.877960540452232, 'NONE', 'NONE', 'NONE', 0
'FWD_FFN', 'Compute', 22473.420869137655, 22503.21856495928, 29.797695821623574, 'NONE', 'NONE', 'NONE', 0
'FWD_MHA', 'Compute', 22503.21856495928, 22529.09652549973, 25.877960540452232, 'NONE', 'NONE', 'NONE', 0
'FWD_FFN', 'Compute', 22529.09652549973, 22558.894221321356, 29.797695821623574, 'NONE', 'NONE', 'NONE', 0
'FWD_MHA', 'Compute', 22558.894221321356, 22584.77218186181, 25.877960540452232, 'NONE', 'NONE', 'NONE', 0
'FWD_FFN', 'Compute', 22584.77218186181, 22614.569877683432, 29.797695821623574, 'NONE', 'NONE', 'NONE', 0
'FWD_MHA', 'Compute', 22614.569877683432, 22640.447838223885, 25.877960540452232, 'NONE', 'NONE', 'NONE', 0
'FWD_FFN', 'Compute', 22640.447838223885, 22670.24553404551, 29.797695821623574, 'NONE', 'NONE', 'NONE', 0
'FWD_MHA', 'Compute', 22670.24553404551, 22696.12349458596, 25.877960540452232, 'NONE', 'NONE', 'NONE', 0
'FWD_FFN', 'Compute', 22696.12349458596, 22725.921190407586, 29.797695821623574, 'NONE', 'NONE', 'NONE', 0
'FWD_MHA', 'Compute', 22725.921190407586, 22751.799150948038, 25.877960540452232, 'NONE', 'NONE', 'NONE', 0
'FWD_FFN', 'Compute', 22751.799150948038, 22781.596846769662, 29.797695821623574, 'NONE', 'NONE', 'NONE', 0
'FWD_MHA', 'Compute', 22781.596846769662, 22807.474807310115, 25.877960540452232, 'NONE', 'NONE', 'NONE', 0
'FWD_FFN', 'Compute', 22807.474807310115, 22837.27250313174, 29.797695821623574, 'NONE', 'NONE', 'NONE', 0
'FWD_MHA', 'Compute', 22837.27250313174, 22863.15046367219, 25.877960540452232, 'NONE', 'NONE', 'NONE', 0
'FWD_FFN', 'Compute', 22863.15046367219, 22892.948159493815, 29.797695821623574, 'NONE', 'NONE', 'NONE', 0
'FWD_MHA', 'Compute', 22892.948159493815, 22918.826120034268, 25.877960540452232, 'NONE', 'NONE', 'NONE', 0
'FWD_FFN', 'Compute', 22918.826120034268, 22948.62381585589, 29.797695821623574, 'NONE', 'NONE', 'NONE', 0
'FWD_MHA', 'Compute', 22948.62381585589, 22974.501776396344, 25.877960540452232, 'NONE', 'NONE', 'NONE', 0
'FWD_FFN', 'Compute', 22974.501776396344, 23004.29947221797, 29.797695821623574, 'NONE', 'NONE', 'NONE', 0
'FWD_MHA', 'Compute', 23004.29947221797, 23030.17743275842, 25.877960540452232, 'NONE', 'NONE', 'NONE', 0
'FWD_FFN', 'Compute', 23030.17743275842, 23059.975128580045, 29.797695821623574, 'NONE', 'NONE', 'NONE', 0
'FWD_PP_COMM_INTRA', 'Comm', 23059.975128580045, 23059.975277710957, 0.00014913091305555554, 51539607552.0, 'P2P', 'PP', 'INTRA', 2, 2, 3
'BWD_MHA', 'Compute', 23059.975277710957, 23085.85323825141, 25.877960540452232, 'NONE', 'NONE', 'NONE', 0
'BWD_FFN', 'Compute', 23085.85323825141, 23115.650934073034, 29.797695821623574, 'NONE', 'NONE', 'NONE', 0
'BWD_MHA', 'Compute', 23115.650934073034, 23141.528894613486, 25.877960540452232, 'NONE', 'NONE', 'NONE', 0
'BWD_FFN', 'Compute', 23141.528894613486, 23171.32659043511, 29.797695821623574, 'NONE', 'NONE', 'NONE', 0
'BWD_MHA', 'Compute', 23171.32659043511, 23197.204550975563, 25.877960540452232, 'NONE', 'NONE', 'NONE', 0
'BWD_FFN', 'Compute', 23197.204550975563, 23227.002246797187, 29.797695821623574, 'NONE', 'NONE', 'NONE', 0
'BWD_MHA', 'Compute', 23227.002246797187, 23252.88020733764, 25.877960540452232, 'NONE', 'NONE', 'NONE', 0
'BWD_FFN', 'Compute', 23252.88020733764, 23282.677903159263, 29.797695821623574, 'NONE', 'NONE', 'NONE', 0
'BWD_MHA', 'Compute', 23282.677903159263, 23308.555863699716, 25.877960540452232, 'NONE', 'NONE', 'NONE', 0
'BWD_FFN', 'Compute', 23308.555863699716, 23338.35355952134, 29.797695821623574, 'NONE', 'NONE', 'NONE', 0
'BWD_MHA', 'Compute', 23338.35355952134, 23364.231520061792, 25.877960540452232, 'NONE', 'NONE', 'NONE', 0
'BWD_FFN', 'Compute', 23364.231520061792, 23394.029215883416, 29.797695821623574, 'NONE', 'NONE', 'NONE', 0
'BWD_MHA', 'Compute', 23394.029215883416, 23419.90717642387, 25.877960540452232, 'NONE', 'NONE', 'NONE', 0
'BWD_FFN', 'Compute', 23419.90717642387, 23449.704872245493, 29.797695821623574, 'NONE', 'NONE', 'NONE', 0
'BWD_MHA', 'Compute', 23449.704872245493, 23475.582832785945, 25.877960540452232, 'NONE', 'NONE', 'NONE', 0
'BWD_FFN', 'Compute', 23475.582832785945, 23505.38052860757, 29.797695821623574, 'NONE', 'NONE', 'NONE', 0
'BWD_MHA', 'Compute', 23505.38052860757, 23531.258489148022, 25.877960540452232, 'NONE', 'NONE', 'NONE', 0
'BWD_FFN', 'Compute', 23531.258489148022, 23561.056184969646, 29.797695821623574, 'NONE', 'NONE', 'NONE', 0
'BWD_MHA', 'Compute', 23561.056184969646, 23586.9341455101, 25.877960540452232, 'NONE', 'NONE', 'NONE', 0
'BWD_FFN', 'Compute', 23586.9341455101, 23616.731841331723, 29.797695821623574, 'NONE', 'NONE', 'NONE', 0
'BWD_MHA', 'Compute', 23616.731841331723, 23642.609801872175, 25.877960540452232, 'NONE', 'NONE', 'NONE', 0
'BWD_FFN', 'Compute', 23642.609801872175, 23672.4074976938, 29.797695821623574, 'NONE', 'NONE', 'NONE', 0
'BWD_MHA', 'Compute', 23672.4074976938, 23698.28545823425, 25.877960540452232, 'NONE', 'NONE', 'NONE', 0
'BWD_FFN', 'Compute', 23698.28545823425, 23728.083154055876, 29.797695821623574, 'NONE', 'NONE', 'NONE', 0
'BWD_MHA', 'Compute', 23728.083154055876, 23753.961114596328, 25.877960540452232, 'NONE', 'NONE', 'NONE', 0
'BWD_FFN', 'Compute', 23753.961114596328, 23783.758810417952, 29.797695821623574, 'NONE', 'NONE', 'NONE', 0
'BWD_MHA', 'Compute', 23783.758810417952, 23809.636770958405, 25.877960540452232, 'NONE', 'NONE', 'NONE', 0
'BWD_FFN', 'Compute', 23809.636770958405, 23839.43446678003, 29.797695821623574, 'NONE', 'NONE', 'NONE', 0
'BWD_MHA', 'Compute', 23839.43446678003, 23865.31242732048, 25.877960540452232, 'NONE', 'NONE', 'NONE', 0
'BWD_FFN', 'Compute', 23865.31242732048, 23895.110123142105, 29.797695821623574, 'NONE', 'NONE', 'NONE', 0
'BWD_MHA', 'Compute', 23895.110123142105, 23920.988083682558, 25.877960540452232, 'NONE', 'NONE', 'NONE', 0
'BWD_FFN', 'Compute', 23920.988083682558, 23950.785779504182, 29.797695821623574, 'NONE', 'NONE', 'NONE', 0
'BWD_MHA', 'Compute', 23950.785779504182, 23976.663740044634, 25.877960540452232, 'NONE', 'NONE', 'NONE', 0
'BWD_FFN', 'Compute', 23976.663740044634, 24006.46143586626, 29.797695821623574, 'NONE', 'NONE', 'NONE', 0
'BWD_MHA', 'Compute', 24006.46143586626, 24032.33939640671, 25.877960540452232, 'NONE', 'NONE', 'NONE', 0
'BWD_FFN', 'Compute', 24032.33939640671, 24062.137092228335, 29.797695821623574, 'NONE', 'NONE', 'NONE', 0
'BWD_MHA', 'Compute', 24062.137092228335, 24088.015052768787, 25.877960540452232, 'NONE', 'NONE', 'NONE', 0
'BWD_FFN', 'Compute', 24088.015052768787, 24117.81274859041, 29.797695821623574, 'NONE', 'NONE', 'NONE', 0
'BWD_MHA', 'Compute', 24117.81274859041, 24143.690709130864, 25.877960540452232, 'NONE', 'NONE', 'NONE', 0
'BWD_FFN', 'Compute', 24143.690709130864, 24173.488404952488, 29.797695821623574, 'NONE', 'NONE', 'NONE', 0
'BWD_MHA', 'Compute', 24173.488404952488, 24199.36636549294, 25.877960540452232, 'NONE', 'NONE', 'NONE', 0
'BWD_FFN', 'Compute', 24199.36636549294, 24229.164061314565, 29.797695821623574, 'NONE', 'NONE', 'NONE', 0
'BWD_MHA', 'Compute', 24229.164061314565, 24255.042021855017, 25.877960540452232, 'NONE', 'NONE', 'NONE', 0
'BWD_FFN', 'Compute', 24255.042021855017, 24284.83971767664, 29.797695821623574, 'NONE', 'NONE', 'NONE', 0
'BWD_MHA', 'Compute', 24284.83971767664, 24310.717678217094, 25.877960540452232, 'NONE', 'NONE', 'NONE', 0
'BWD_FFN', 'Compute', 24310.717678217094, 24340.515374038718, 29.797695821623574, 'NONE', 'NONE', 'NONE', 0
'BWD_MHA', 'Compute', 24340.515374038718, 24366.39333457917, 25.877960540452232, 'NONE', 'NONE', 'NONE', 0
'BWD_FFN', 'Compute', 24366.39333457917, 24396.191030400794, 29.797695821623574, 'NONE', 'NONE', 'NONE', 0
'BWD_MHA', 'Compute', 24396.191030400794, 24422.068990941247, 25.877960540452232, 'NONE', 'NONE', 'NONE', 0
'BWD_FFN', 'Compute', 24422.068990941247, 24451.86668676287, 29.797695821623574, 'NONE', 'NONE', 'NONE', 0
'BWD_MHA', 'Compute', 24451.86668676287, 24477.744647303323, 25.877960540452232, 'NONE', 'NONE', 'NONE', 0
'BWD_FFN', 'Compute', 24477.744647303323, 24507.542343124947, 29.797695821623574, 'NONE', 'NONE', 'NONE', 0
'BWD_MHA', 'Compute', 24507.542343124947, 24533.4203036654, 25.877960540452232, 'NONE', 'NONE', 'NONE', 0
'BWD_FFN', 'Compute', 24533.4203036654, 24563.217999487024, 29.797695821623574, 'NONE', 'NONE', 'NONE', 0
'BWD_MHA', 'Compute', 24563.217999487024, 24589.095960027476, 25.877960540452232, 'NONE', 'NONE', 'NONE', 0
'BWD_FFN', 'Compute', 24589.095960027476, 24618.8936558491, 29.797695821623574, 'NONE', 'NONE', 'NONE', 0
'BWD_MHA', 'Compute', 24618.8936558491, 24644.771616389553, 25.877960540452232, 'NONE', 'NONE', 'NONE', 0
'BWD_FFN', 'Compute', 24644.771616389553, 24674.569312211177, 29.797695821623574, 'NONE', 'NONE', 'NONE', 0
'BWD_MHA', 'Compute', 24674.569312211177, 24700.44727275163, 25.877960540452232, 'NONE', 'NONE', 'NONE', 0
'BWD_FFN', 'Compute', 24700.44727275163, 24730.244968573254, 29.797695821623574, 'NONE', 'NONE', 'NONE', 0
'BWD_MHA', 'Compute', 24730.244968573254, 24756.122929113706, 25.877960540452232, 'NONE', 'NONE', 'NONE', 0
'BWD_FFN', 'Compute', 24756.122929113706, 24785.92062493533, 29.797695821623574, 'NONE', 'NONE', 'NONE', 0
'BWD_MHA', 'Compute', 24785.92062493533, 24811.798585475783, 25.877960540452232, 'NONE', 'NONE', 'NONE', 0
'BWD_FFN', 'Compute', 24811.798585475783, 24841.596281297407, 29.797695821623574, 'NONE', 'NONE', 'NONE', 0
'BWD_MHA', 'Compute', 24841.596281297407, 24867.47424183786, 25.877960540452232, 'NONE', 'NONE', 'NONE', 0
'BWD_FFN', 'Compute', 24867.47424183786, 24897.271937659483, 29.797695821623574, 'NONE', 'NONE', 'NONE', 0
'BWD_MHA', 'Compute', 24897.271937659483, 24923.149898199936, 25.877960540452232, 'NONE', 'NONE', 'NONE', 0
'BWD_FFN', 'Compute', 24923.149898199936, 24952.94759402156, 29.797695821623574, 'NONE', 'NONE', 'NONE', 0
'BWD_MHA', 'Compute', 24952.94759402156, 24978.825554562012, 25.877960540452232, 'NONE', 'NONE', 'NONE', 0
'BWD_FFN', 'Compute', 24978.825554562012, 25008.623250383636, 29.797695821623574, 'NONE', 'NONE', 'NONE', 0
'BWD_MHA', 'Compute', 25008.623250383636, 25034.50121092409, 25.877960540452232, 'NONE', 'NONE', 'NONE', 0
'BWD_FFN', 'Compute', 25034.50121092409, 25064.298906745713, 29.797695821623574, 'NONE', 'NONE', 'NONE', 0
'BWD_MHA', 'Compute', 25064.298906745713, 25090.176867286165, 25.877960540452232, 'NONE', 'NONE', 'NONE', 0
'BWD_FFN', 'Compute', 25090.176867286165, 25119.97456310779, 29.797695821623574, 'NONE', 'NONE', 'NONE', 0
'BWD_MHA', 'Compute', 25119.97456310779, 25145.852523648242, 25.877960540452232, 'NONE', 'NONE', 'NONE', 0
'BWD_FFN', 'Compute', 25145.852523648242, 25175.650219469866, 29.797695821623574, 'NONE', 'NONE', 'NONE', 0
'BWD_MHA', 'Compute', 25175.650219469866, 25201.52818001032, 25.877960540452232, 'NONE', 'NONE', 'NONE', 0
'BWD_FFN', 'Compute', 25201.52818001032, 25231.325875831943, 29.797695821623574, 'NONE', 'NONE', 'NONE', 0
'BWD_MHA', 'Compute', 25231.325875831943, 25257.203836372395, 25.877960540452232, 'NONE', 'NONE', 'NONE', 0
'BWD_FFN', 'Compute', 25257.203836372395, 25287.00153219402, 29.797695821623574, 'NONE', 'NONE', 'NONE', 0
'BWD_MHA', 'Compute', 25287.00153219402, 25312.87949273447, 25.877960540452232, 'NONE', 'NONE', 'NONE', 0
'BWD_FFN', 'Compute', 25312.87949273447, 25342.677188556096, 29.797695821623574, 'NONE', 'NONE', 'NONE', 0
'BWD_MHA', 'Compute', 25342.677188556096, 25368.555149096548, 25.877960540452232, 'NONE', 'NONE', 'NONE', 0
'BWD_FFN', 'Compute', 25368.555149096548, 25398.352844918172, 29.797695821623574, 'NONE', 'NONE', 'NONE', 0
'BWD_MHA', 'Compute', 25398.352844918172, 25424.230805458625, 25.877960540452232, 'NONE', 'NONE', 'NONE', 0
'BWD_FFN', 'Compute', 25424.230805458625, 25454.02850128025, 29.797695821623574, 'NONE', 'NONE', 'NONE', 0
'BWD_MHA', 'Compute', 25454.02850128025, 25479.9064618207, 25.877960540452232, 'NONE', 'NONE', 'NONE', 0
'BWD_FFN', 'Compute', 25479.9064618207, 25509.704157642325, 29.797695821623574, 'NONE', 'NONE', 'NONE', 0
'BWD_MHA', 'Compute', 25509.704157642325, 25535.582118182778, 25.877960540452232, 'NONE', 'NONE', 'NONE', 0
'BWD_FFN', 'Compute', 25535.582118182778, 25565.379814004402, 29.797695821623574, 'NONE', 'NONE', 'NONE', 0
'BWD_MHA', 'Compute', 25565.379814004402, 25591.257774544854, 25.877960540452232, 'NONE', 'NONE', 'NONE', 0
'BWD_FFN', 'Compute', 25591.257774544854, 25621.05547036648, 29.797695821623574, 'NONE', 'NONE', 'NONE', 0
'BWD_MHA', 'Compute', 25621.05547036648, 25646.93343090693, 25.877960540452232, 'NONE', 'NONE', 'NONE', 0
'BWD_FFN', 'Compute', 25646.93343090693, 25676.731126728555, 29.797695821623574, 'NONE', 'NONE', 'NONE', 0
'BWD_MHA', 'Compute', 25676.731126728555, 25702.609087269007, 25.877960540452232, 'NONE', 'NONE', 'NONE', 0
'BWD_FFN', 'Compute', 25702.609087269007, 25732.40678309063, 29.797695821623574, 'NONE', 'NONE', 'NONE', 0
'BWD_PP_COMM_INTRA', 'Comm', 25732.40678309063, 25732.406932221544, 0.00014913091305555554, 51539607552.0, 'P2P', 'PP', 'INTRA', 2, 2, 3
'BWD_MHA', 'Compute', 25732.406932221544, 25758.284892761996, 25.877960540452232, 'NONE', 'NONE', 'NONE', 0
'BWD_FFN', 'Compute', 25758.284892761996, 25788.08258858362, 29.797695821623574, 'NONE', 'NONE', 'NONE', 0
'BWD_MHA', 'Compute', 25788.08258858362, 25813.960549124073, 25.877960540452232, 'NONE', 'NONE', 'NONE', 0
'BWD_FFN', 'Compute', 25813.960549124073, 25843.758244945697, 29.797695821623574, 'NONE', 'NONE', 'NONE', 0
'BWD_MHA', 'Compute', 25843.758244945697, 25869.63620548615, 25.877960540452232, 'NONE', 'NONE', 'NONE', 0
'BWD_FFN', 'Compute', 25869.63620548615, 25899.433901307773, 29.797695821623574, 'NONE', 'NONE', 'NONE', 0
'BWD_MHA', 'Compute', 25899.433901307773, 25925.311861848226, 25.877960540452232, 'NONE', 'NONE', 'NONE', 0
'BWD_FFN', 'Compute', 25925.311861848226, 25955.10955766985, 29.797695821623574, 'NONE', 'NONE', 'NONE', 0
'BWD_MHA', 'Compute', 25955.10955766985, 25980.987518210302, 25.877960540452232, 'NONE', 'NONE', 'NONE', 0
'BWD_FFN', 'Compute', 25980.987518210302, 26010.785214031926, 29.797695821623574, 'NONE', 'NONE', 'NONE', 0
'BWD_MHA', 'Compute', 26010.785214031926, 26036.66317457238, 25.877960540452232, 'NONE', 'NONE', 'NONE', 0
'BWD_FFN', 'Compute', 26036.66317457238, 26066.460870394003, 29.797695821623574, 'NONE', 'NONE', 'NONE', 0
'BWD_MHA', 'Compute', 26066.460870394003, 26092.338830934455, 25.877960540452232, 'NONE', 'NONE', 'NONE', 0
'BWD_FFN', 'Compute', 26092.338830934455, 26122.13652675608, 29.797695821623574, 'NONE', 'NONE', 'NONE', 0
'BWD_MHA', 'Compute', 26122.13652675608, 26148.014487296532, 25.877960540452232, 'NONE', 'NONE', 'NONE', 0
'BWD_FFN', 'Compute', 26148.014487296532, 26177.812183118156, 29.797695821623574, 'NONE', 'NONE', 'NONE', 0
'BWD_MHA', 'Compute', 26177.812183118156, 26203.69014365861, 25.877960540452232, 'NONE', 'NONE', 'NONE', 0
'BWD_FFN', 'Compute', 26203.69014365861, 26233.487839480233, 29.797695821623574, 'NONE', 'NONE', 'NONE', 0
'BWD_MHA', 'Compute', 26233.487839480233, 26259.365800020685, 25.877960540452232, 'NONE', 'NONE', 'NONE', 0
'BWD_FFN', 'Compute', 26259.365800020685, 26289.16349584231, 29.797695821623574, 'NONE', 'NONE', 'NONE', 0
'BWD_MHA', 'Compute', 26289.16349584231, 26315.04145638276, 25.877960540452232, 'NONE', 'NONE', 'NONE', 0
'BWD_FFN', 'Compute', 26315.04145638276, 26344.839152204386, 29.797695821623574, 'NONE', 'NONE', 'NONE', 0
'BWD_MHA', 'Compute', 26344.839152204386, 26370.71711274484, 25.877960540452232, 'NONE', 'NONE', 'NONE', 0
'BWD_FFN', 'Compute', 26370.71711274484, 26400.514808566462, 29.797695821623574, 'NONE', 'NONE', 'NONE', 0
'BWD_MHA', 'Compute', 26400.514808566462, 26426.392769106915, 25.877960540452232, 'NONE', 'NONE', 'NONE', 0
'BWD_FFN', 'Compute', 26426.392769106915, 26456.19046492854, 29.797695821623574, 'NONE', 'NONE', 'NONE', 0
'BWD_MHA', 'Compute', 26456.19046492854, 26482.06842546899, 25.877960540452232, 'NONE', 'NONE', 'NONE', 0
'BWD_FFN', 'Compute', 26482.06842546899, 26511.866121290615, 29.797695821623574, 'NONE', 'NONE', 'NONE', 0
'BWD_MHA', 'Compute', 26511.866121290615, 26537.744081831068, 25.877960540452232, 'NONE', 'NONE', 'NONE', 0
'BWD_FFN', 'Compute', 26537.744081831068, 26567.541777652692, 29.797695821623574, 'NONE', 'NONE', 'NONE', 0
'BWD_MHA', 'Compute', 26567.541777652692, 26593.419738193144, 25.877960540452232, 'NONE', 'NONE', 'NONE', 0
'BWD_FFN', 'Compute', 26593.419738193144, 26623.21743401477, 29.797695821623574, 'NONE', 'NONE', 'NONE', 0
'BWD_MHA', 'Compute', 26623.21743401477, 26649.09539455522, 25.877960540452232, 'NONE', 'NONE', 'NONE', 0
'BWD_FFN', 'Compute', 26649.09539455522, 26678.893090376845, 29.797695821623574, 'NONE', 'NONE', 'NONE', 0
'BWD_MHA', 'Compute', 26678.893090376845, 26704.771050917298, 25.877960540452232, 'NONE', 'NONE', 'NONE', 0
'BWD_FFN', 'Compute', 26704.771050917298, 26734.56874673892, 29.797695821623574, 'NONE', 'NONE', 'NONE', 0
'BWD_MHA', 'Compute', 26734.56874673892, 26760.446707279374, 25.877960540452232, 'NONE', 'NONE', 'NONE', 0
'BWD_FFN', 'Compute', 26760.446707279374, 26790.244403100998, 29.797695821623574, 'NONE', 'NONE', 'NONE', 0
'BWD_MHA', 'Compute', 26790.244403100998, 26816.12236364145, 25.877960540452232, 'NONE', 'NONE', 'NONE', 0
'BWD_FFN', 'Compute', 26816.12236364145, 26845.920059463075, 29.797695821623574, 'NONE', 'NONE', 'NONE', 0
'BWD_MHA', 'Compute', 26845.920059463075, 26871.798020003527, 25.877960540452232, 'NONE', 'NONE', 'NONE', 0
'BWD_FFN', 'Compute', 26871.798020003527, 26901.59571582515, 29.797695821623574, 'NONE', 'NONE', 'NONE', 0
'BWD_MHA', 'Compute', 26901.59571582515, 26927.473676365604, 25.877960540452232, 'NONE', 'NONE', 'NONE', 0
'BWD_FFN', 'Compute', 26927.473676365604, 26957.271372187228, 29.797695821623574, 'NONE', 'NONE', 'NONE', 0
'BWD_MHA', 'Compute', 26957.271372187228, 26983.14933272768, 25.877960540452232, 'NONE', 'NONE', 'NONE', 0
'BWD_FFN', 'Compute', 26983.14933272768, 27012.947028549304, 29.797695821623574, 'NONE', 'NONE', 'NONE', 0
'BWD_MHA', 'Compute', 27012.947028549304, 27038.824989089757, 25.877960540452232, 'NONE', 'NONE', 'NONE', 0
'BWD_FFN', 'Compute', 27038.824989089757, 27068.62268491138, 29.797695821623574, 'NONE', 'NONE', 'NONE', 0
'BWD_MHA', 'Compute', 27068.62268491138, 27094.500645451833, 25.877960540452232, 'NONE', 'NONE', 'NONE', 0
'BWD_FFN', 'Compute', 27094.500645451833, 27124.298341273457, 29.797695821623574, 'NONE', 'NONE', 'NONE', 0
'BWD_MHA', 'Compute', 27124.298341273457, 27150.17630181391, 25.877960540452232, 'NONE', 'NONE', 'NONE', 0
'BWD_FFN', 'Compute', 27150.17630181391, 27179.973997635534, 29.797695821623574, 'NONE', 'NONE', 'NONE', 0
'BWD_MHA', 'Compute', 27179.973997635534, 27205.851958175987, 25.877960540452232, 'NONE', 'NONE', 'NONE', 0
'BWD_FFN', 'Compute', 27205.851958175987, 27235.64965399761, 29.797695821623574, 'NONE', 'NONE', 'NONE', 0
'BWD_MHA', 'Compute', 27235.64965399761, 27261.527614538063, 25.877960540452232, 'NONE', 'NONE', 'NONE', 0
'BWD_FFN', 'Compute', 27261.527614538063, 27291.325310359687, 29.797695821623574, 'NONE', 'NONE', 'NONE', 0
'BWD_MHA', 'Compute', 27291.325310359687, 27317.20327090014, 25.877960540452232, 'NONE', 'NONE', 'NONE', 0
'BWD_FFN', 'Compute', 27317.20327090014, 27347.000966721764, 29.797695821623574, 'NONE', 'NONE', 'NONE', 0
'BWD_MHA', 'Compute', 27347.000966721764, 27372.878927262216, 25.877960540452232, 'NONE', 'NONE', 'NONE', 0
'BWD_FFN', 'Compute', 27372.878927262216, 27402.67662308384, 29.797695821623574, 'NONE', 'NONE', 'NONE', 0
'BWD_MHA', 'Compute', 27402.67662308384, 27428.554583624293, 25.877960540452232, 'NONE', 'NONE', 'NONE', 0
'BWD_FFN', 'Compute', 27428.554583624293, 27458.352279445917, 29.797695821623574, 'NONE', 'NONE', 'NONE', 0
'BWD_MHA', 'Compute', 27458.352279445917, 27484.23023998637, 25.877960540452232, 'NONE', 'NONE', 'NONE', 0
'BWD_FFN', 'Compute', 27484.23023998637, 27514.027935807993, 29.797695821623574, 'NONE', 'NONE', 'NONE', 0
'BWD_MHA', 'Compute', 27514.027935807993, 27539.905896348446, 25.877960540452232, 'NONE', 'NONE', 'NONE', 0
'BWD_FFN', 'Compute', 27539.905896348446, 27569.70359217007, 29.797695821623574, 'NONE', 'NONE', 'NONE', 0
'BWD_MHA', 'Compute', 27569.70359217007, 27595.581552710522, 25.877960540452232, 'NONE', 'NONE', 'NONE', 0
'BWD_FFN', 'Compute', 27595.581552710522, 27625.379248532146, 29.797695821623574, 'NONE', 'NONE', 'NONE', 0
'BWD_MHA', 'Compute', 27625.379248532146, 27651.2572090726, 25.877960540452232, 'NONE', 'NONE', 'NONE', 0
'BWD_FFN', 'Compute', 27651.2572090726, 27681.054904894223, 29.797695821623574, 'NONE', 'NONE', 'NONE', 0
'BWD_MHA', 'Compute', 27681.054904894223, 27706.932865434675, 25.877960540452232, 'NONE', 'NONE', 'NONE', 0
'BWD_FFN', 'Compute', 27706.932865434675, 27736.7305612563, 29.797695821623574, 'NONE', 'NONE', 'NONE', 0
'BWD_MHA', 'Compute', 27736.7305612563, 27762.608521796752, 25.877960540452232, 'NONE', 'NONE', 'NONE', 0
'BWD_FFN', 'Compute', 27762.608521796752, 27792.406217618376, 29.797695821623574, 'NONE', 'NONE', 'NONE', 0
'BWD_MHA', 'Compute', 27792.406217618376, 27818.28417815883, 25.877960540452232, 'NONE', 'NONE', 'NONE', 0
'BWD_FFN', 'Compute', 27818.28417815883, 27848.081873980453, 29.797695821623574, 'NONE', 'NONE', 'NONE', 0
'BWD_MHA', 'Compute', 27848.081873980453, 27873.959834520905, 25.877960540452232, 'NONE', 'NONE', 'NONE', 0
'BWD_FFN', 'Compute', 27873.959834520905, 27903.75753034253, 29.797695821623574, 'NONE', 'NONE', 'NONE', 0
'BWD_MHA', 'Compute', 27903.75753034253, 27929.63549088298, 25.877960540452232, 'NONE', 'NONE', 'NONE', 0
'BWD_FFN', 'Compute', 27929.63549088298, 27959.433186704606, 29.797695821623574, 'NONE', 'NONE', 'NONE', 0
'BWD_MHA', 'Compute', 27959.433186704606, 27985.31114724506, 25.877960540452232, 'NONE', 'NONE', 'NONE', 0
'BWD_FFN', 'Compute', 27985.31114724506, 28015.108843066682, 29.797695821623574, 'NONE', 'NONE', 'NONE', 0
'BWD_MHA', 'Compute', 28015.108843066682, 28040.986803607135, 25.877960540452232, 'NONE', 'NONE', 'NONE', 0
'BWD_FFN', 'Compute', 28040.986803607135, 28070.78449942876, 29.797695821623574, 'NONE', 'NONE', 'NONE', 0
'BWD_MHA', 'Compute', 28070.78449942876, 28096.66245996921, 25.877960540452232, 'NONE', 'NONE', 'NONE', 0
'BWD_FFN', 'Compute', 28096.66245996921, 28126.460155790835, 29.797695821623574, 'NONE', 'NONE', 'NONE', 0
'BWD_MHA', 'Compute', 28126.460155790835, 28152.338116331288, 25.877960540452232, 'NONE', 'NONE', 'NONE', 0
'BWD_FFN', 'Compute', 28152.338116331288, 28182.135812152912, 29.797695821623574, 'NONE', 'NONE', 'NONE', 0
'BWD_MHA', 'Compute', 28182.135812152912, 28208.013772693364, 25.877960540452232, 'NONE', 'NONE', 'NONE', 0
'BWD_FFN', 'Compute', 28208.013772693364, 28237.81146851499, 29.797695821623574, 'NONE', 'NONE', 'NONE', 0
'BWD_MHA', 'Compute', 28237.81146851499, 28263.68942905544, 25.877960540452232, 'NONE', 'NONE', 'NONE', 0
'BWD_FFN', 'Compute', 28263.68942905544, 28293.487124877065, 29.797695821623574, 'NONE', 'NONE', 'NONE', 0
'BWD_MHA', 'Compute', 28293.487124877065, 28319.365085417518, 25.877960540452232, 'NONE', 'NONE', 'NONE', 0
'BWD_FFN', 'Compute', 28319.365085417518, 28349.16278123914, 29.797695821623574, 'NONE', 'NONE', 'NONE', 0
'BWD_MHA', 'Compute', 28349.16278123914, 28375.040741779594, 25.877960540452232, 'NONE', 'NONE', 'NONE', 0
'BWD_FFN', 'Compute', 28375.040741779594, 28404.838437601218, 29.797695821623574, 'NONE', 'NONE', 'NONE', 0
'BWD_PP_COMM_INTRA', 'Comm', 28404.838437601218, 28404.83858673213, 0.00014913091305555554, 51539607552.0, 'P2P', 'PP', 'INTRA', 2, 2, 3
'BWD_DP_COMM_INTRA_0', 'Comm', 28404.83858673213, 28404.850709551305, 0.012122819173333334, 65463169536.0, 'P2P', 'DP', 'INTRA', 2, 2, 3
'BWD_DP_COMM_INTRA_1', 'Comm', 28404.83858673213, 28404.850709551305, 0.012122819173333334, 65463169536.0, 'P2P', 'DP', 'INTRA', 2, 2, 3
'Weight_update', 'Compute', 28404.862832370476, 28478.043677214322, 73.18084484384597, 'NONE', 'NONE', 'NONE', 0
'Weight_update', 'Compute', 28478.043677214322, 28551.224522058168, 73.18084484384597, 'NONE', 'NONE', 'NONE', 0
'Weight_update', 'Compute', 28551.224522058168, 28624.405366902014, 73.18084484384597, 'NONE', 'NONE', 'NONE', 0
'Weight_update', 'Compute', 28624.405366902014, 28697.58621174586, 73.18084484384597, 'NONE', 'NONE', 'NONE', 0
'Weight_update', 'Compute', 28697.58621174586, 28770.767056589706, 73.18084484384597, 'NONE', 'NONE', 'NONE', 0
'Weight_update', 'Compute', 28770.767056589706, 28843.947901433552, 73.18084484384597, 'NONE', 'NONE', 'NONE', 0
'Weight_update', 'Compute', 28843.947901433552, 28917.128746277398, 73.18084484384597, 'NONE', 'NONE', 'NONE', 0
'Weight_update', 'Compute', 28917.128746277398, 28990.309591121244, 73.18084484384597, 'NONE', 'NONE', 'NONE', 0
'Weight_update', 'Compute', 28990.309591121244, 29063.49043596509, 73.18084484384597, 'NONE', 'NONE', 'NONE', 0
'Weight_update', 'Compute', 29063.49043596509, 29136.671280808936, 73.18084484384597, 'NONE', 'NONE', 'NONE', 0
'Weight_update', 'Compute', 29136.671280808936, 29209.852125652782, 73.18084484384597, 'NONE', 'NONE', 'NONE', 0
'Weight_update', 'Compute', 29209.852125652782, 29283.032970496628, 73.18084484384597, 'NONE', 'NONE', 'NONE', 0
'Weight_update', 'Compute', 29283.032970496628, 29356.213815340474, 73.18084484384597, 'NONE', 'NONE', 'NONE', 0
'Weight_update', 'Compute', 29356.213815340474, 29429.39466018432, 73.18084484384597, 'NONE', 'NONE', 'NONE', 0
'Weight_update', 'Compute', 29429.39466018432, 29502.575505028166, 73.18084484384597, 'NONE', 'NONE', 'NONE', 0
'Weight_update', 'Compute', 29502.575505028166, 29575.756349872012, 73.18084484384597, 'NONE', 'NONE', 'NONE', 0
'Weight_update', 'Compute', 29575.756349872012, 29648.937194715858, 73.18084484384597, 'NONE', 'NONE', 'NONE', 0
'Weight_update', 'Compute', 29648.937194715858, 29722.118039559704, 73.18084484384597, 'NONE', 'NONE', 'NONE', 0
'Weight_update', 'Compute', 29722.118039559704, 29795.29888440355, 73.18084484384597, 'NONE', 'NONE', 'NONE', 0
'Weight_update', 'Compute', 29795.29888440355, 29868.479729247396, 73.18084484384597, 'NONE', 'NONE', 'NONE', 0
'Weight_update', 'Compute', 29868.479729247396, 29941.660574091242, 73.18084484384597, 'NONE', 'NONE', 'NONE', 0
'Weight_update', 'Compute', 29941.660574091242, 30014.841418935088, 73.18084484384597, 'NONE', 'NONE', 'NONE', 0
'Weight_update', 'Compute', 30014.841418935088, 30088.022263778934, 73.18084484384597, 'NONE', 'NONE', 'NONE', 0
'Weight_update', 'Compute', 30088.022263778934, 30161.20310862278, 73.18084484384597, 'NONE', 'NONE', 'NONE', 0
'Weight_update', 'Compute', 30161.20310862278, 30234.383953466626, 73.18084484384597, 'NONE', 'NONE', 'NONE', 0
'Weight_update', 'Compute', 30234.383953466626, 30307.56479831047, 73.18084484384597, 'NONE', 'NONE', 'NONE', 0
'Weight_update', 'Compute', 30307.56479831047, 30380.745643154318, 73.18084484384597, 'NONE', 'NONE', 'NONE', 0
'Weight_update', 'Compute', 30380.745643154318, 30453.926487998164, 73.18084484384597, 'NONE', 'NONE', 'NONE', 0
'Weight_update', 'Compute', 30453.926487998164, 30527.10733284201, 73.18084484384597, 'NONE', 'NONE', 'NONE', 0
'Weight_update', 'Compute', 30527.10733284201, 30600.288177685856, 73.18084484384597, 'NONE', 'NONE', 'NONE', 0
'Weight_update', 'Compute', 30600.288177685856, 30673.4690225297, 73.18084484384597, 'NONE', 'NONE', 'NONE', 0
'Weight_update', 'Compute', 30673.4690225297, 30746.649867373548, 73.18084484384597, 'NONE', 'NONE', 'NONE', 0
'Weight_update', 'Compute', 30746.649867373548, 30819.830712217394, 73.18084484384597, 'NONE', 'NONE', 'NONE', 0
'Weight_update', 'Compute', 30819.830712217394, 30893.01155706124, 73.18084484384597, 'NONE', 'NONE', 'NONE', 0
'Weight_update', 'Compute', 30893.01155706124, 30966.192401905086, 73.18084484384597, 'NONE', 'NONE', 'NONE', 0
'Weight_update', 'Compute', 30966.192401905086, 31039.37324674893, 73.18084484384597, 'NONE', 'NONE', 'NONE', 0
'Weight_update', 'Compute', 31039.37324674893, 31112.554091592778, 73.18084484384597, 'NONE', 'NONE', 'NONE', 0
'Weight_update', 'Compute', 31112.554091592778, 31185.734936436624, 73.18084484384597, 'NONE', 'NONE', 'NONE', 0
'Weight_update', 'Compute', 31185.734936436624, 31258.91578128047, 73.18084484384597, 'NONE', 'NONE', 'NONE', 0
'Weight_update', 'Compute', 31258.91578128047, 31332.096626124316, 73.18084484384597, 'NONE', 'NONE', 'NONE', 0
'Weight_update', 'Compute', 31332.096626124316, 31405.27747096816, 73.18084484384597, 'NONE', 'NONE', 'NONE', 0
'Weight_update', 'Compute', 31405.27747096816, 31478.458315812008, 73.18084484384597, 'NONE', 'NONE', 'NONE', 0
'Weight_update', 'Compute', 31478.458315812008, 31551.639160655854, 73.18084484384597, 'NONE', 'NONE', 'NONE', 0
'Weight_update', 'Compute', 31551.639160655854, 31624.8200054997, 73.18084484384597, 'NONE', 'NONE', 'NONE', 0
'Weight_update', 'Compute', 31624.8200054997, 31698.000850343546, 73.18084484384597, 'NONE', 'NONE', 'NONE', 0
'Weight_update', 'Compute', 31698.000850343546, 31771.18169518739, 73.18084484384597, 'NONE', 'NONE', 'NONE', 0
'Weight_update', 'Compute', 31771.18169518739, 31844.362540031238, 73.18084484384597, 'NONE', 'NONE', 'NONE', 0
'Weight_update', 'Compute', 31844.362540031238, 31917.543384875084, 73.18084484384597, 'NONE', 'NONE', 'NONE', 0
'Weight_update', 'Compute', 31917.543384875084, 31990.72422971893, 73.18084484384597, 'NONE', 'NONE', 'NONE', 0
'Weight_update', 'Compute', 31990.72422971893, 32063.905074562776, 73.18084484384597, 'NONE', 'NONE', 'NONE', 0
'Weight_update', 'Compute', 32063.905074562776, 32137.08591940662, 73.18084484384597, 'NONE', 'NONE', 'NONE', 0
'Weight_update', 'Compute', 32137.08591940662, 32210.266764250468, 73.18084484384597, 'NONE', 'NONE', 'NONE', 0
'Weight_update', 'Compute', 32210.266764250468, 32283.447609094314, 73.18084484384597, 'NONE', 'NONE', 'NONE', 0
'Weight_update', 'Compute', 32283.447609094314, 32356.62845393816, 73.18084484384597, 'NONE', 'NONE', 'NONE', 0
'Weight_update', 'Compute', 32356.62845393816, 32429.809298782005, 73.18084484384597, 'NONE', 'NONE', 'NONE', 0
'Weight_update', 'Compute', 32429.809298782005, 32502.99014362585, 73.18084484384597, 'NONE', 'NONE', 'NONE', 0
'Weight_update', 'Compute', 32502.99014362585, 32576.170988469697, 73.18084484384597, 'NONE', 'NONE', 'NONE', 0
'Weight_update', 'Compute', 32576.170988469697, 32649.351833313543, 73.18084484384597, 'NONE', 'NONE', 'NONE', 0
'Weight_update', 'Compute', 32649.351833313543, 32722.53267815739, 73.18084484384597, 'NONE', 'NONE', 'NONE', 0
'Weight_update', 'Compute', 32722.53267815739, 32795.713523001235, 73.18084484384597, 'NONE', 'NONE', 'NONE', 0
'Weight_update', 'Compute', 32795.713523001235, 32868.89436784508, 73.18084484384597, 'NONE', 'NONE', 'NONE', 0
'Weight_update', 'Compute', 32868.89436784508, 32942.07521268893, 73.18084484384597, 'NONE', 'NONE', 'NONE', 0
'Weight_update', 'Compute', 32942.07521268893, 33015.25605753277, 73.18084484384597, 'NONE', 'NONE', 'NONE', 0
'Weight_update', 'Compute', 33015.25605753277, 33088.43690237662, 73.18084484384597, 'NONE', 'NONE', 'NONE', 0
'Weight_update', 'Compute', 33088.43690237662, 33161.617747220465, 73.18084484384597, 'NONE', 'NONE', 'NONE', 0
'Weight_update', 'Compute', 33161.617747220465, 33234.79859206431, 73.18084484384597, 'NONE', 'NONE', 'NONE', 0
'Weight_update', 'Compute', 33234.79859206431, 33307.97943690816, 73.18084484384597, 'NONE', 'NONE', 'NONE', 0
'Weight_update', 'Compute', 33307.97943690816, 33381.160281752, 73.18084484384597, 'NONE', 'NONE', 'NONE', 0
'Weight_update', 'Compute', 33381.160281752, 33454.34112659585, 73.18084484384597, 'NONE', 'NONE', 'NONE', 0
'Weight_update', 'Compute', 33454.34112659585, 33527.521971439695, 73.18084484384597, 'NONE', 'NONE', 'NONE', 0
'Weight_update', 'Compute', 33527.521971439695, 33600.70281628354, 73.18084484384597, 'NONE', 'NONE', 'NONE', 0
'Weight_update', 'Compute', 33600.70281628354, 33673.88366112739, 73.18084484384597, 'NONE', 'NONE', 'NONE', 0
'Weight_update', 'Compute', 33673.88366112739, 33747.06450597123, 73.18084484384597, 'NONE', 'NONE', 'NONE', 0
'Weight_update', 'Compute', 33747.06450597123, 33820.24535081508, 73.18084484384597, 'NONE', 'NONE', 'NONE', 0
'Weight_update', 'Compute', 33820.24535081508, 33893.426195658925, 73.18084484384597, 'NONE', 'NONE', 'NONE', 0
'Weight_update', 'Compute', 33893.426195658925, 33966.60704050277, 73.18084484384597, 'NONE', 'NONE', 'NONE', 0
'Weight_update', 'Compute', 33966.60704050277, 34039.78788534662, 73.18084484384597, 'NONE', 'NONE', 'NONE', 0
'Weight_update', 'Compute', 34039.78788534662, 34112.96873019046, 73.18084484384597, 'NONE', 'NONE', 'NONE', 0
'Weight_update', 'Compute', 34112.96873019046, 34186.14957503431, 73.18084484384597, 'NONE', 'NONE', 'NONE', 0
'Weight_update', 'Compute', 34186.14957503431, 34259.330419878155, 73.18084484384597, 'NONE', 'NONE', 'NONE', 0
'Weight_update', 'Compute', 34259.330419878155, 34332.511264722, 73.18084484384597, 'NONE', 'NONE', 'NONE', 0
'Weight_update', 'Compute', 34332.511264722, 34405.69210956585, 73.18084484384597, 'NONE', 'NONE', 'NONE', 0
'Weight_update', 'Compute', 34405.69210956585, 34478.87295440969, 73.18084484384597, 'NONE', 'NONE', 'NONE', 0
'Weight_update', 'Compute', 34478.87295440969, 34552.05379925354, 73.18084484384597, 'NONE', 'NONE', 'NONE', 0
'Weight_update', 'Compute', 34552.05379925354, 34625.234644097385, 73.18084484384597, 'NONE', 'NONE', 'NONE', 0
'Weight_update', 'Compute', 34625.234644097385, 34698.41548894123, 73.18084484384597, 'NONE', 'NONE', 'NONE', 0
'Weight_update', 'Compute', 34698.41548894123, 34771.59633378508, 73.18084484384597, 'NONE', 'NONE', 'NONE', 0
'Weight_update', 'Compute', 34771.59633378508, 34844.77717862892, 73.18084484384597, 'NONE', 'NONE', 'NONE', 0
'Weight_update', 'Compute', 34844.77717862892, 34917.95802347277, 73.18084484384597, 'NONE', 'NONE', 'NONE', 0
'Weight_update', 'Compute', 34917.95802347277, 34991.138868316615, 73.18084484384597, 'NONE', 'NONE', 'NONE', 0
'Weight_update', 'Compute', 34991.138868316615, 35064.31971316046, 73.18084484384597, 'NONE', 'NONE', 'NONE', 0
'Weight_update', 'Compute', 35064.31971316046, 35137.50055800431, 73.18084484384597, 'NONE', 'NONE', 'NONE', 0
'Weight_update', 'Compute', 35137.50055800431, 35210.68140284815, 73.18084484384597, 'NONE', 'NONE', 'NONE', 0
'Weight_update', 'Compute', 35210.68140284815, 35283.862247692, 73.18084484384597, 'NONE', 'NONE', 'NONE', 0
'Weight_update', 'Compute', 35283.862247692, 35357.043092535845, 73.18084484384597, 'NONE', 'NONE', 'NONE', 0
'Weight_update', 'Compute', 35357.043092535845, 35430.22393737969, 73.18084484384597, 'NONE', 'NONE', 'NONE', 0

