src,dst,bytes
0,1,589972
0,2,3287878
0,3,1235186
0,4,517883
0,5,1046468
0,6,642142
0,7,2309450
0,8,556151
0,9,740780
0,10,515131
0,11,4143236
0,12,619274
0,13,6128109
0,14,685345
0,15,1142977
0,16,816832
0,17,772257
0,18,3025564
0,19,1042131
0,20,796520
0,21,2079649
0,22,545516
0,23,631281
0,24,1195729
0,25,1392881
0,26,1353255
0,27,1804421
0,28,854652
0,29,1657327
0,30,511811
0,31,869438
0,32,3454324
0,33,689470
0,34,910947
0,35,3448337
0,36,493162
0,37,487450
0,38,1055958
0,39,638445
0,40,2205110
0,41,665032
0,42,773841
0,43,763304
0,44,667101
0,45,4185871
0,46,585806
0,47,550824
0,48,746843
0,49,7015678
0,50,607728
0,51,930126
0,52,4666127
0,53,514965
0,54,1106169
0,55,2314310
0,56,740343
0,57,682261
0,58,1542825
0,59,799628
0,60,991624
0,61,1035702
0,62,504364
0,63,2566993
0,64,2211687
0,65,513698
0,66,895119
0,67,756609
0,68,522259
0,69,484661
0,70,906487
0,71,2103576
0,72,980901
0,73,627680
0,74,794756
0,75,900034
0,76,541340
0,77,971355
0,78,1213480
0,79,641824
0,80,547473
0,81,650801
0,82,742286
0,83,1293929
0,84,868810
0,85,491688
0,86,1098061
0,87,483316
0,88,1641036
0,89,1940306
0,90,643324
0,91,2143725
0,92,530586
0,93,577347
0,94,749724
0,95,881281
0,96,1397823
0,97,846707
0,98,1467031
0,99,10178015
0,100,633605
0,101,481980
0,102,1211584
0,103,786354
0,104,1881736
0,105,2521770
0,106,506136
0,107,2617291
0,108,755823
0,109,995623
0,110,7413789
0,111,555528
0,112,1721286
0,113,651457
0,114,650661
0,115,1005468
0,116,1992064
0,117,1084005
0,118,1041997
0,119,730918
0,120,490670
0,121,647824
0,122,992349
0,123,1294149
0,124,586360
0,125,569851
0,126,94805025
0,127,1029755
1,0,639927
1,2,678437
1,3,671233
1,4,569747
1,5,14400551
1,6,4248523
1,7,606728
1,8,551725
1,9,585327
1,10,13521676
1,11,1592850
1,12,4329875
1,13,4746319
1,14,718295
1,15,521491
1,16,2047653
1,17,2466992
1,18,1739010
1,19,1747163
1,20,1588310
1,21,2009031
1,22,661566
1,23,812877
1,24,3037489
1,25,749853
1,26,501510
1,27,620531
1,28,509940
1,29,579211
1,30,2649872
1,31,4983797
1,32,1029230
1,33,503076
1,34,11332717
1,35,1966365
1,36,1124394
1,37,1106324
1,38,608290
1,39,531237
1,40,921036
1,41,2037841
1,42,941990
1,43,602685
1,44,1271545
1,45,2020923
1,46,502631
1,47,1142147
1,48,2676602
1,49,840420
1,50,3206129
1,51,750174
1,52,1302108
1,53,2510012
1,54,1120568
1,55,493462
1,56,721287
1,57,743041
1,58,609054
1,59,867290
1,60,609256
1,61,528176
1,62,1203691
1,63,820752
1,64,1511907
1,65,5306894
1,66,1850225
1,67,661858
1,68,721404
1,69,653810
1,70,545863
1,71,600452
1,72,11106200
1,73,811415
1,74,565178
1,75,636704
1,76,1635066
1,77,1362059
1,78,1068204
1,79,692036
1,80,682001
1,81,509616
1,82,937714
1,83,1822718
1,84,891780
1,85,526719
1,86,731586
1,87,507015
1,88,973201
1,89,606010
1,90,1734753
1,91,1030675
1,92,1411286
1,93,737542
1,94,852157
1,95,517296
1,96,711479
1,97,569089
1,98,1873115
1,99,549670
1,100,14653751
1,101,562637
1,102,510589
1,103,584114
1,104,818317
1,105,638669
1,106,596157
1,107,795784
1,108,3634273
1,109,9043385
1,110,5224296
1,111,523660
1,112,1500171
1,113,843844
1,114,20745105
1,115,613276
1,116,796963
1,117,907672
1,118,1478189
1,119,1192249
1,120,882485
1,121,1554003
1,122,536507
1,123,594855
1,124,1274296
1,125,838844
1,126,634531
1,127,11755268
2,0,935381
2,1,532931
2,3,896270
2,4,1260056
2,5,1280479
2,6,33751845
2,7,535782
2,8,926901
2,9,1458929
2,10,729222
2,11,1090982
2,12,1653887
2,13,581742
2,14,756085
2,15,495150
2,16,1248595
2,17,914751
2,18,1239753
2,19,950237
2,20,686239
2,21,9060856
2,22,16151492
2,23,543544
2,24,943713
2,25,1948538
2,26,560657
2,27,661130
2,28,9786316
2,29,530734
2,30,683668
2,31,498949
2,32,1057628
2,33,605413
2,34,938779
2,35,1075098
2,36,1433004
2,37,3041988
2,38,657136
2,39,1346975
2,40,619232
2,41,640107
2,42,673043
2,43,1208752
2,44,6467643
2,45,507682
2,46,884252
2,47,731282
2,48,514910
2,49,932115
2,50,1532791
2,51,661372
2,52,503207
2,53,2880914
2,54,538514
2,55,2306222
2,56,539493
2,57,579427
2,58,1253682
2,59,2788658
2,60,1708053
2,61,704192
2,62,2791131
2,63,858906
2,64,2546671
2,65,601194
2,66,581887
2,67,7766164
2,68,672841
2,69,3389724
2,70,570824
2,71,518247
2,72,1349624
2,73,2603451
2,74,1380061
2,75,637239
2,76,2529679
2,77,568364
2,78,654141
2,79,567881
2,80,669184
2,81,894544
2,82,915355
2,83,628155
2,84,625919
2,85,1383624
2,86,865421
2,87,663611
2,88,764578
2,89,735565
2,90,15135763
2,91,502266
2,92,4920839
2,93,499309
2,94,558360
2,95,1786986
2,96,555233
2,97,508405
2,98,1144807
2,99,34799814
2,100,650989
2,101,983616
2,102,496595
2,103,909455
2,104,1006465
2,105,630366
2,106,1560329
2,107,2520786
2,108,1645169
2,109,653290
2,110,639028
2,111,585253
2,112,496748
2,113,15536155
2,114,10065705
2,115,927315
2,116,2667625
2,117,603473
2,118,878608
2,119,495631
2,120,587286
2,121,894162
2,122,724842
2,123,3064711
2,124,500523
2,125,608250
2,126,569712
2,127,781167
3,0,2390963
3,1,639073
3,2,1150841
3,4,5447586
3,5,744937
3,6,557633
3,7,985754
3,8,552986
3,9,695601
3,10,729041
3,11,544294
3,12,1238558
3,13,1514717
3,14,684191
3,15,801566
3,16,939099
3,17,650428
3,18,496875
3,19,578385
3,20,508889
3,21,1384134
3,22,551629
3,23,916162
3,24,620028
3,25,571033
3,26,525185
3,27,1024143
3,28,934219
3,29,877507
3,30,977851
3,31,689789
3,32,16281224
3,33,20632893
3,34,1351073
3,35,845357
3,36,565757
3,37,952986
3,38,500316
3,39,575709
3,40,652161
3,41,916263
3,42,4069479
3,43,2628051
3,44,492936
3,45,558592
3,46,1428326
3,47,1140823
3,48,615825
3,49,2183500
3,50,629497
3,51,543981
3,52,528323
3,53,4471181
3,54,988260
3,55,6918742
3,56,709542
3,57,718120
3,58,1014646
3,59,527447
3,60,754907
3,61,1079020
3,62,485990
3,63,12180824
3,64,572255
3,65,949799
3,66,670082
3,67,1231050
3,68,495403
3,69,765925
3,70,2830105
3,71,513150
3,72,1137856
3,73,1758899
3,74,589485
3,75,535179
3,76,625063
3,77,2717856
3,78,2228698
3,79,1505704
3,80,4705839
3,81,1419073
3,82,649868
3,83,958425
3,84,513808
3,85,531089
3,86,547949
3,87,4890025
3,88,14917194
3,89,805700
3,90,887810
3,91,1793822
3,92,518079
3,93,711593
3,94,511213
3,95,2021522
3,96,859605
3,97,1076692
3,98,1137034
3,99,1055541
3,100,907079
3,101,644145
3,102,1377529
3,103,640739
3,104,1384390
3,105,12389195
3,106,610954
3,107,496138
3,108,634708
3,109,518920
3,110,1202573
3,111,552824
3,112,618481
3,113,907573
3,114,909852
3,115,1192614
3,116,724069
3,117,870426
3,118,1212152
3,119,486597
3,120,1419613
3,121,699206
3,122,1134579
3,123,594359
3,124,1767707
3,125,934535
3,126,1179086
3,127,1126479
4,0,562671
4,1,542517
4,2,596733
4,3,933481
4,5,1016045
4,6,1510973
4,7,519990
4,8,745508
4,9,1312667
4,10,4619456
4,11,809653
4,12,1804885
4,13,1009845
4,14,674408
4,15,668141
4,16,2036013
4,17,533199
4,18,658718
4,19,571975
4,20,674610
4,21,582542
4,22,677361
4,23,513616
4,24,2343966
4,25,1359846
4,26,653857
4,27,1950746
4,28,553733
4,29,616031
4,30,485675
4,31,1415570
4,32,2492603
4,33,1269649
4,34,563413
4,35,1564691
4,36,2789894
4,37,851300
4,38,990420
4,39,764982
4,40,820673
4,41,771502
4,42,582360
4,43,988859
4,44,2109490
4,45,581089
4,46,9239839
4,47,585216
4,48,1119141
4,49,1158144
4,50,6492348
4,51,829122
4,52,2194245
4,53,486889
4,54,870516
4,55,1793365
4,56,6653891
4,57,3857166
4,58,485554
4,59,1426137
4,60,8940130
4,61,1145307
4,62,814346
4,63,562806
4,64,979491
4,65,482528
4,66,1176422
4,67,1580348
4,68,734889
4,69,728618
4,70,559855
4,71,540077
4,72,1024014
4,73,2106200
4,74,5755873
4,75,720169
4,76,5002120
4,77,783431
4,78,3055576
4,79,877690
4,80,2181365
4,81,1900813
4,82,1665416
4,83,524407
4,84,680033
4,85,509994
4,86,604739
4,87,925040
4,88,15247776
4,89,1171133
4,90,788220
4,91,8661442
4,92,504839
4,93,993801
4,94,1633581
4,95,961340
4,96,701745
4,97,521377
4,98,1196281
4,99,2895618
4,100,1162783
4,101,664247
4,102,541773
4,103,556118
4,104,6216682
4,105,609659
4,106,2369340
4,107,568605
4,108,703913
4,109,583199
4,110,1153716
4,111,1335081
4,112,3003486
4,113,3849494
4,114,796373
4,115,625277
4,116,678180
4,117,659006
4,118,1860596
4,119,2524729
4,120,487499
4,121,911146
4,122,573237
4,123,835794
4,124,945010
4,125,10246766
4,126,1240750
4,127,1042401
5,0,546398
5,1,692251
5,2,592119
5,3,831387
5,4,830738
5,6,703969
5,7,890452
5,8,756675
5,9,1477301
5,10,2129478
5,11,1269439
5,12,1268808
5,13,1084890
5,14,607328
5,15,495859
5,16,490621
5,17,730978
5,18,2438308
5,19,519595
5,20,576456
5,21,760172
5,22,1751923
5,23,2423794
5,24,4965625
5,25,517995
5,26,584261
5,27,1722121
5,28,643689
5,29,919202
5,30,2690196
5,31,580473
5,32,4907579
5,33,867826
5,34,5475612
5,35,1867583
5,36,944685
5,37,575284
5,38,1343382
5,39,1494682
5,40,787716
5,41,529878
5,42,536447
5,43,490571
5,44,1703964
5,45,1893544
5,46,673851
5,47,492087
5,48,501042
5,49,952545
5,50,1970879
5,51,1169033
5,52,673649
5,53,1607005
5,54,630235
5,55,2705099
5,56,506296
5,57,511566
5,58,524033
5,59,502083
5,60,580546
5,61,503995
5,62,4182793
5,63,2416610
5,64,759642
5,65,792491
5,66,2326564
5,67,5952386
5,68,613850
5,69,644374
5,70,531296
5,71,882949
5,72,3553406
5,73,954754
5,74,641779
5,75,835958
5,76,509373
5,77,647870
5,78,874859
5,79,857338
5,80,901589
5,81,1418263
5,82,994286
5,83,614301
5,84,698274
5,85,585732
5,86,2901007
5,87,1744149
5,88,615330
5,89,6394779
5,90,588067
5,91,1152361
5,92,565416
5,93,1176245
5,94,738908
5,95,835712
5,96,596003
5,97,687453
5,98,3901296
5,99,801342
5,100,4283891
5,101,3238620
5,102,1345056
5,103,1620717
5,104,490448
5,105,629627
5,106,1966928
5,107,755234
5,108,488502
5,109,1324808
5,110,1299443
5,111,1192797
5,112,2112131
5,113,624211
5,114,774740
5,115,598044
5,116,533917
5,117,1452349
5,118,856036
5,119,3407071
5,120,798441
5,121,907968
5,122,61226950
5,123,483173
5,124,1470241
5,125,658862
5,126,1049336
5,127,821699
6,0,862326
6,1,1814691
6,2,692144
6,3,651223
6,4,7791005
6,5,1070634
6,7,535450
6,8,548394
6,9,583309
6,10,807443
6,11,513753
6,12,703801
6,13,547759
6,14,594320
6,15,2013175
6,16,570615
6,17,671986
6,18,2633468
6,19,997697
6,20,668091
6,21,8049641
6,22,669384
6,23,732928
6,24,948924
6,25,609942
6,26,988380
6,27,544575
6,28,2060067
6,29,711079
6,30,1028051
6,31,1672812
6,32,528908
6,33,1227920
6,34,509562
6,35,632068
6,36,1370744
6,37,578313
6,38,797479
6,39,767819
6,40,830657
6,41,1173595
6,42,762702
6,43,1746732
6,44,1975416
6,45,1907620
6,46,717479
6,47,12986328
6,48,707560
6,49,491589
6,50,19193646
6,51,520867
6,52,1205373
6,53,2176402
6,54,621668
6,55,1695046
6,56,610427
6,57,1261713
6,58,1319050
6,59,776892
6,60,5498268
6,61,601468
6,62,492661
6,63,526632
6,64,564565
6,65,539585
6,66,732561
6,67,24732265
6,68,1068489
6,69,736861
6,70,735935
6,71,1103247
6,72,943605
6,73,508647
6,74,1576230
6,75,12046229
6,76,3444358
6,77,1396779
6,78,731769
6,79,1553672
6,80,574294
6,81,666459
6,82,485724
6,83,685134
6,84,1330857
6,85,519708
6,86,804116
6,87,954312
6,88,508379
6,89,1932693
6,90,568226
6,91,2973179
6,92,969058
6,93,783502
6,94,977968
6,95,520499
6,96,1328523
6,97,502919
6,98,760969
6,99,1858610
6,100,545548
6,101,657710
6,102,49958874
6,103,6402783
6,104,536598
6,105,4775125
6,106,1426410
6,107,501120
6,108,618397
6,109,497846
6,110,583638
6,111,1415033
6,112,578062
6,113,1437438
6,114,641643
6,115,1123755
6,116,539800
6,117,871417
6,118,696362
6,119,516906
6,120,2182788
6,121,1331091
6,122,1118666
6,123,706265
6,124,661324
6,125,8521646
6,126,1147145
6,127,606090
7,0,1280265
7,1,712165
7,2,485966
7,3,2859822
7,4,553278
7,5,535118
7,6,554580
7,8,609296
7,9,651551
7,10,7146368
7,11,893017
7,12,1336260
7,13,1149494
7,14,965863
7,15,1035569
7,16,503575
7,17,980783
7,18,565007
7,19,948488
7,20,717129
7,21,777520
7,22,799554
7,23,502658
7,24,539218
7,25,554188
7,26,516962
7,27,577561
7,28,518051
7,29,582251
7,30,510481
7,31,486257
7,32,626949
7,33,2156108
7,34,1334375
7,35,619902
7,36,2714363
7,37,546461
7,38,516600
7,39,484878
7,40,1849734
7,41,804040
7,42,528118
7,43,551887
7,44,582834
7,45,840587
7,46,560490
7,47,519821
7,48,766262
7,49,723297
7,50,8693213
7,51,1305010
7,52,590836
7,53,1102788
7,54,2001971
7,55,489756
7,56,1255525
7,57,657471
7,58,2861130
7,59,522060
7,60,864091
7,61,1075243
7,62,942636
7,63,635195
7,64,2357422
7,65,672791
7,66,1110507
7,67,822173
7,68,556874
7,69,581016
7,70,603868
7,71,930335
7,72,877324
7,73,543731
7,74,1500783
7,75,891400
7,76,657327
7,77,3432485
7,78,1021428
7,79,853790
7,80,1035436
7,81,1263999
7,82,689949
7,83,1825570
7,84,10435324
7,85,679054
7,86,1817987
7,87,2765408
7,88,1037168
7,89,2167952
7,90,972623
7,91,3987530
7,92,2558821
7,93,489042
7,94,504971
7,95,686819
7,96,489116
7,97,957421
7,98,1098669
7,99,899453
7,100,6285029
7,101,506349
7,102,3128817
7,103,632419
7,104,862590
7,105,490472
7,106,626262
7,107,2572131
7,108,582980
7,109,1384645
7,110,969287
7,111,545642
7,112,661615
7,113,753929
7,114,2192805
7,115,696798
7,116,667348
7,117,1260677
7,118,1172890
7,119,1407296
7,120,2167252
7,121,1167638
7,122,2317564
7,123,751982
7,124,7055314
7,125,509805
7,126,685923
7,127,665425
8,0,1441903
8,1,1569080
8,2,606568
8,3,3656846
8,4,990661
8,5,752241
8,6,4638774
8,7,763706
8,9,597619
8,10,723831
8,11,1836597
8,12,1456920
8,13,540538
8,14,604699
8,15,919100
8,16,734581
8,17,575071
8,18,521576
8,19,965750
8,20,955309
8,21,984802
8,22,1271334
8,23,1272179
8,24,1148654
8,25,662101
8,26,2698198
8,27,481956
8,28,542983
8,29,684820
8,30,1768150
8,31,1084743
8,32,466737289
8,33,2353198
8,34,1115984
8,35,593331
8,36,1162437
8,37,1429424
8,38,1370993
8,39,718237
8,40,1118192
8,41,676849
8,42,663953
8,43,668389
8,44,763907
8,45,640333
8,46,539279
8,47,708691
8,48,678540
8,49,16616063
8,50,12717275
8,51,1515970
8,52,495124
8,53,502684
8,54,618189
8,55,608130
8,56,1114727
8,57,1303222
8,58,2482097
8,59,1329456
8,60,586508
8,61,1268598
8,62,663758
8,63,3922459
8,64,532424
8,65,657280
8,66,693489
8,67,751400
8,68,1007089
8,69,580256
8,70,3705293
8,71,601939
8,72,1106941
8,73,925246
8,74,532633
8,75,1315850
8,76,696253
8,77,700804
8,78,513561
8,79,707053
8,80,1717541
8,81,541804
8,82,749338
8,83,529378
8,84,823680
8,85,739407
8,86,1197017
8,87,530025
8,88,649914
8,89,623785
8,90,558162
8,91,884625
8,92,540723
8,93,938140
8,94,2058194
8,95,1519112
8,96,821225
8,97,630889
8,98,1104937
8,99,635904
8,100,490968
8,101,710623
8,102,6662644
8,103,1246169
8,104,624765
8,105,530379
8,106,3259526
8,107,1399916
8,108,1055403
8,109,941668
8,110,485023
8,111,1593902
8,112,5091267
8,113,681015
8,114,1163473
8,115,1341236
8,116,481078
8,117,543264
8,118,1736027
8,119,648937
8,120,3870028
8,121,1434109
8,122,577418
8,123,578528
8,124,1006590
8,125,5972873
8,126,1263582
8,127,1058745
9,0,486962
9,1,1931611
9,2,550310
9,3,768090
9,4,887152
9,5,4592712
9,6,1393918
9,7,897714
9,8,483125
9,10,992107
9,11,891970
9,12,558659
9,13,975171
9,14,499232
9,15,1265041
9,16,558625
9,17,1143974
9,18,1075532
9,19,1054432
9,20,803064
9,21,8386826
9,22,1357641
9,23,1088745
9,24,738722
9,25,486281
9,26,683198
9,27,1722957
9,28,556677
9,29,514331
9,30,2298997
9,31,599751
9,32,1050021
9,33,2748553
9,34,668737
9,35,851814
9,36,970895
9,37,582033
9,38,627379
9,39,525936
9,40,1366262
9,41,1170958
9,42,1470827
9,43,722467
9,44,1675162
9,45,1034905
9,46,2543653
9,47,636482
9,48,813572
9,49,1407827
9,50,609538
9,51,3688984
9,52,738784
9,53,486792
9,54,687506
9,55,932640
9,56,1087704
9,57,520357
9,58,1094584
9,59,720051
9,60,897810
9,61,539923
9,62,497513
9,63,831549
9,64,1036368
9,65,2329032
9,66,7095458
9,67,874495
9,68,863738
9,69,1226166
9,70,7668552
9,71,1129218
9,72,563887
9,73,4052214
9,74,584187
9,75,548713
9,76,602646
9,77,528967
9,78,1053325
9,79,883786
9,80,871146
9,81,827754
9,82,743230
9,83,1334610
9,84,558128
9,85,852071
9,86,697508
9,87,493789
9,88,679002
9,89,20973702
9,90,506429
9,91,1490747
9,92,17259655
9,93,1340285
9,94,528615
9,95,628241
9,96,14551277
9,97,502396
9,98,649961
9,99,798145
9,100,731161
9,101,544481
9,102,1279837
9,103,3498955
9,104,801940
9,105,1809073
9,106,872772
9,107,1316762
9,108,532722
9,109,1271968
9,110,548203
9,111,676186
9,112,756150
9,113,486549
9,114,1079750
9,115,668190
9,116,621373
9,117,663660
9,118,3061659
9,119,657184
9,120,866399
9,121,516350
9,122,549063
9,123,613031
9,124,4242163
9,125,861622
9,126,499928
9,127,1037435
10,0,641372
10,1,1553009
10,2,1046332
10,3,3663680
10,4,1154904
10,5,933271
10,6,642278
10,7,573097
10,8,1953515
10,9,3264800
10,11,586323
10,12,490250
10,13,603907
10,14,1807674
10,15,879804
10,16,513643
10,17,670882
10,18,3564097
10,19,570510
10,20,612215
10,21,7608932
10,22,545926
10,23,551822
10,24,643233
10,25,858295
10,26,515048
10,27,1108024
10,28,611848
10,29,3024081
10,30,3337002
10,31,698383
10,32,968600
10,33,765790
10,34,1099125
10,35,591024
10,36,780533
10,37,574576
10,38,996354
10,39,562233
10,40,926073
10,41,1057907
10,42,631238
10,43,939419
10,44,1097910
10,45,819807
10,46,776544
10,47,1080042
10,48,674053
10,49,1086369
10,50,673396
10,51,2456727
10,52,522630
10,53,2105543
10,54,534307
10,55,3146533
10,56,1063804
10,57,1515343
10,58,1000765
10,59,945226
10,60,837605
10,61,1719203
10,62,1108799
10,63,4107460
10,64,1030807
10,65,555168
10,66,725977
10,67,544168
10,68,1331793
10,69,2942157
10,70,21208047
10,71,723415
10,72,644557
10,73,539984
10,74,604184
10,75,1598831
10,76,1743720
10,77,607889
10,78,508701
10,79,2184926
10,80,804945
10,81,32153952
10,82,12079563
10,83,612052
10,84,723653
10,85,1117718
10,86,3733632
10,87,596618
10,88,810954
10,89,1413157
10,90,2920048
10,91,2387474
10,92,925349
10,93,515158
10,94,489953
10,95,568260
10,96,3368790
10,97,2535647
10,98,491863
10,99,1078437
10,100,5067462
10,101,708861
10,102,1102022
10,103,791545
10,104,563752
10,105,2687920
10,106,491340
10,107,517520
10,108,620741
10,109,705591
10,110,806154
10,111,916061
10,112,2389217
10,113,604778
10,114,1301441
10,115,536084
10,116,570267
10,117,581960
10,118,647131
10,119,774671
10,120,2670983
10,121,763505
10,122,868631
10,123,550792
10,124,924627
10,125,1115670
10,126,915960
10,127,757332
11,0,23174028
11,1,996842
11,2,575142
11,3,6254445
11,4,557732
11,5,727475
11,6,805171
11,7,1158657
11,8,618606
11,9,699316
11,10,537965
11,12,797258
11,13,557204
11,14,646577
11,15,714465
11,16,558858
11,17,1936491
11,18,591552
11,19,10863214
11,20,5585141
11,21,1060706
11,22,536659
11,23,526516
11,24,1469949
11,25,513259
11,26,658525
11,27,1082240
11,28,3409011
11,29,664786
11,30,2842940
11,31,1113004
11,32,809042
11,33,1377276
11,34,1280694
11,35,493212
11,36,2381395
11,37,1852682
11,38,642006
11,39,491042
11,40,975753
11,41,2006083
11,42,641191
11,43,951445
11,44,1125997
11,45,547886
11,46,4400975
11,47,1123275
11,48,29666562
11,49,594092
11,50,2542650
11,51,964501
11,52,531563
11,53,1159685
11,54,2161664
11,55,6179429
11,56,621457
11,57,1536334
11,58,710680
11,59,589710
11,60,564735
11,61,553895
11,62,1003606
11,63,591288
11,64,571695
11,65,2902358
11,66,58765375
11,67,2461381
11,68,1963555
11,69,763036
11,70,1624369
11,71,669882
11,72,17962193
11,73,520782
11,74,722113
11,75,546872
11,76,559256
11,77,1291520
11,78,1933235
11,79,1896133
11,80,1092330
11,81,1335552
11,82,1039710
11,83,882114
11,84,626090
11,85,613522
11,86,752565
11,87,1172187
11,88,1570776
11,89,1008966
11,90,833502
11,91,559090
11,92,487303
11,93,538636
11,94,1691428
11,95,1593200
11,96,512931
11,97,603828
11,98,544137
11,99,733478
11,100,1501090
11,101,1321807
11,102,838679
11,103,3598800
11,104,583089
11,105,733539
11,106,512302
11,107,1152699
11,108,2852002
11,109,1508488
11,110,603749
11,111,1330623
11,112,546904
11,113,876500
11,114,536780
11,115,630845
11,116,587175
11,117,969402
11,118,1964116
11,119,755103
11,120,1985137
11,121,2404152
11,122,694354
11,123,485047
11,124,557302
11,125,518752
11,126,672690
11,127,572220
12,0,715736
12,1,4674009
12,2,662441
12,3,625448
12,4,1911836
12,5,787357
12,6,521065
12,7,803139
12,8,601586
12,9,591665
12,10,494267
12,11,1239553
12,13,788724
12,14,587101
12,15,556381
12,16,3769749
12,17,694192
12,18,1473762
12,19,549510
12,20,945551
12,21,539401
12,22,910748
12,23,503811
12,24,1513467
12,25,1107405
12,26,1377781
12,27,578923
12,28,665769
12,29,511512
12,30,3430515
12,31,485603
12,32,1013251
12,33,497488
12,34,514579
12,35,2432842
12,36,1969183
12,37,958872
12,38,904717
12,39,967800
12,40,525445
12,41,826871
12,42,847300
12,43,743672
12,44,1143808
12,45,833176
12,46,504575
12,47,790602
12,48,537144
12,49,983972
12,50,4855336
12,51,1138843
12,52,5481257
12,53,493287
12,54,1703556
12,55,892540
12,56,570371
12,57,495681
12,58,520527
12,59,623573
12,60,595850
12,61,903052
12,62,649728
12,63,630801
12,64,2481147
12,65,875588
12,66,782581
12,67,685870
12,68,3486655
12,69,940168
12,70,1023495
12,71,559157
12,72,643051
12,73,581306
12,74,1156777
12,75,588999
12,76,561192
12,77,596656
12,78,489707
12,79,598857
12,80,4316623
12,81,12869465
12,82,1139337
12,83,1305681
12,84,1180691
12,85,3090930
12,86,747609
12,87,491738
12,88,794097
12,89,510183
12,90,533498
12,91,641870
12,92,815431
12,93,738411
12,94,2803571
12,95,3693627
12,96,2197130
12,97,2339796
12,98,1792450
12,99,1773486
12,100,725439
12,101,732500
12,102,1387464
12,103,514166
12,104,496850
12,105,3240351
12,106,5219229
12,107,1980549
12,108,737976
12,109,505050
12,110,2212420
12,111,1890963
12,112,820279
12,113,694408
12,114,26547920
12,115,665277
12,116,572045
12,117,519623
12,118,484156
12,119,684034
12,120,684296
12,121,818238
12,122,1102634
12,123,611035
12,124,550278
12,125,955087
12,126,2364216
12,127,701855
13,0,553051
13,1,826631
13,2,2559839
13,3,875314
13,4,1573838
13,5,843425
13,6,584554
13,7,946202
13,8,616569
13,9,619190
13,10,1909725
13,11,613154
13,12,1052221
13,14,683094
13,15,839258
13,16,1810941
13,17,989339
13,18,2808582
13,19,700418
13,20,483436
13,21,614753
13,22,752047
13,23,663709
13,24,1650843
13,25,507736
13,26,1723375
13,27,1535689
13,28,556709
13,29,2263619
13,30,548267
13,31,2593965
13,32,1525122
13,33,489214
13,34,3229998
13,35,1483542
13,36,1093982
13,37,756216
13,38,1091581
13,39,801118
13,40,802164
13,41,1128572
13,42,614342
13,43,2024522
13,44,624679
13,45,641236
13,46,1393659
13,47,550631
13,48,559822
13,49,727655
13,50,1021041
13,51,747929
13,52,585143
13,53,505765
13,54,737604
13,55,1662710
13,56,1200715
13,57,3760041
13,58,530941
13,59,3153032
13,60,1992644
13,61,559722
13,62,573659
13,63,744557
13,64,569539
13,65,505659
13,66,1527031
13,67,951774
13,68,730614
13,69,680912
13,70,877140
13,71,699097
13,72,630322
13,73,2777590
13,74,628803
13,75,904031
13,76,1673986
13,77,2146463
13,78,482313
13,79,23467837
13,80,658285
13,81,600921
13,82,1657710
13,83,941346
13,84,491663
13,85,698164
13,86,625320
13,87,562873
13,88,638043
13,89,695058
13,90,552371
13,91,1017065
13,92,965522
13,93,1227140
13,94,548013
13,95,501718
13,96,1746301
13,97,554514
13,98,564430
13,99,695927
13,100,531207
13,101,1995548
13,102,2490685
13,103,527797
13,104,1433556
13,105,2099654
13,106,35165648
13,107,657854
13,108,491788
13,109,854738
13,110,2362513
13,111,950128
13,112,2584557
13,113,1856135
13,114,1795197
13,115,1129542
13,116,532811
13,117,717071
13,118,865332
13,119,5959197
13,120,3015216
13,121,497641
13,122,518471
13,123,565893
13,124,841253
13,125,823918
13,126,802314
13,127,793658
14,0,563616
14,1,706377
14,2,1660398
14,3,561930
14,4,551854
14,5,597890
14,6,5699726
14,7,502945
14,8,524148
14,9,2227952
14,10,618814
14,11,528469
14,12,894927
14,13,102316460
14,15,1629882
14,16,1207811
14,17,1081946
14,18,626133
14,19,1568065
14,20,761435
14,21,1913422
14,22,1212342
14,23,1769481
14,24,7156648
14,25,586471
14,26,543450
14,27,2135557
14,28,2036622
14,29,693220
14,30,1770814
14,31,828397
14,32,601703
14,33,624594
14,34,712911
14,35,1155244
14,36,995501
14,37,4851039
14,38,508754
14,39,533678
14,40,2374489
14,41,488330
14,42,586953
14,43,1406501
14,44,740093
14,45,657423
14,46,1144307
14,47,1181764
14,48,490869
14,49,734397
14,50,1091431
14,51,820988
14,52,664296
14,53,945443
14,54,1340048
14,55,665917
14,56,522773
14,57,2822466
14,58,596541
14,59,1013124
14,60,28009955
14,61,666311
14,62,546556
14,63,1283920
14,64,1794739
14,65,836781
14,66,1999046
14,67,574965
14,68,569227
14,69,1488036
14,70,557039
14,71,647547
14,72,1626202
14,73,617440
14,74,3971035
14,75,521320
14,76,503181
14,77,1318363
14,78,1158315
14,79,905798
14,80,1078728
14,81,1239354
14,82,746270
14,83,5644796
14,84,512193
14,85,812954
14,86,733845
14,87,1713814
14,88,1417723
14,89,2761777
14,90,558062
14,91,1283489
14,92,661227
14,93,3124024
14,94,780393
14,95,723593
14,96,1012492
14,97,739594
14,98,575461
14,99,979139
14,100,557335
14,101,632025
14,102,524062
14,103,1431900
14,104,589523
14,105,1206309
14,106,608571
14,107,668985
14,108,502553
14,109,1163992
14,110,546714
14,111,553928
14,112,529790
14,113,13393761
14,114,483556
14,115,12013101
14,116,610873
14,117,6636461
14,118,903737
14,119,561897
14,120,602056
14,121,495555
14,122,1326199
14,123,1317448
14,124,631893
14,125,514799
14,126,1077709
14,127,1406236
15,0,9724295
15,1,6697920
15,2,826071
15,3,580835
15,4,739344
15,5,524723
15,6,523459
15,7,510210
15,8,1513154
15,9,573906
15,10,1296569
15,11,767887
15,12,505209
15,13,1030018
15,14,488281
15,16,771570
15,17,583784
15,18,1337441
15,19,1857619
15,20,957644
15,21,953538
15,22,600101
15,23,1440504
15,24,517492
15,25,2013769
15,26,3075446
15,27,671684
15,28,571346
15,29,509319
15,30,1505087
15,31,2956167
15,32,672539
15,33,2322463
15,34,1677127
15,35,1010096
15,36,767006
15,37,556085
15,38,2587685
15,39,530114
15,40,1167289
15,41,1877668
15,42,497258
15,43,728558
15,44,592081
15,45,4336535
15,46,4026623
15,47,1436049
15,48,740030
15,49,610144
15,50,821620
15,51,697781
15,52,557798
15,53,661712
15,54,1376014
15,55,828317
15,56,663221
15,57,663026
15,58,994407
15,59,551210
15,60,1713401
15,61,12605761
15,62,3811646
15,63,850189
15,64,2240706
15,65,13351724
15,66,534367
15,67,1945785
15,68,639163
15,69,907474
15,70,2958987
15,71,507843
15,72,3482576
15,73,898486
15,74,908562
15,75,503864
15,76,627551
15,77,676237
15,78,1281982
15,79,538575
15,80,2452093
15,81,515186
15,82,784925
15,83,540384
15,84,1143143
15,85,1395477
15,86,1005095
15,87,833013
15,88,5845734
15,89,549191
15,90,144415837
15,91,760703
15,92,900228
15,93,1464996
15,94,2716691
15,95,2561879
15,96,2048269
15,97,825112
15,98,546083
15,99,1651603
15,100,504654
15,101,631806
15,102,559290
15,103,485313
15,104,515573
15,105,4442798
15,106,1656179
15,107,483268
15,108,1114884
15,109,566954
15,110,881188
15,111,1467905
15,112,717188
15,113,4600317
15,114,663856
15,115,914953
15,116,1574521
15,117,905503
15,118,490398
15,119,3424620
15,120,935169
15,121,3106590
15,122,764041
15,123,624083
15,124,1044973
15,125,2865063
15,126,568640
15,127,1135396
16,0,4536560
16,1,2399737
16,2,610589
16,3,1312441
16,4,515684
16,5,683407
16,6,1213101
16,7,521974
16,8,1402016
16,9,499980
16,10,729645
16,11,1354957
16,12,1870093
16,13,494670
16,14,1019370
16,15,1121363
16,17,523488
16,18,523631
16,19,544450
16,20,494116
16,21,520952
16,22,1287599
16,23,553765
16,24,501276
16,25,1982267
16,26,683982
16,27,1458067
16,28,644831
16,29,2324101
16,30,2004906
16,31,1389522
16,32,1871602
16,33,504048
16,34,2080287
16,35,3286089
16,36,787070
16,37,513891
16,38,601900
16,39,579103
16,40,1017449
16,41,525040
16,42,5464363
16,43,646623
16,44,609740
16,45,639612
16,46,567606
16,47,664198
16,48,1009092
16,49,940061
16,50,1446682
16,51,1994967
16,52,5626749
16,53,570998
16,54,1183916
16,55,977501
16,56,579463
16,57,1154055
16,58,666409
16,59,480841
16,60,1993805
16,61,695546
16,62,1522268
16,63,831874
16,64,609861
16,65,529819
16,66,641326
16,67,605374
16,68,1636554
16,69,1777064
16,70,816287
16,71,580944
16,72,782935
16,73,543482
16,74,1027528
16,75,883693
16,76,17111821
16,77,11218172
16,78,795931
16,79,2091212
16,80,1812814
16,81,888563
16,82,922674
16,83,659970
16,84,1004102
16,85,6584782
16,86,1063521
16,87,2299797
16,88,1026875
16,89,719817
16,90,591778
16,91,11420369
16,92,936334
16,93,634973
16,94,709031
16,95,563278
16,96,1827954
16,97,502605
16,98,490819
16,99,716781
16,100,535269
16,101,673699
16,102,590949
16,103,809271
16,104,662149
16,105,584701
16,106,483916
16,107,854479
16,108,787573
16,109,1525440
16,110,1620353
16,111,703300
16,112,512329
16,113,613072
16,114,786927
16,115,793732
16,116,610549
16,117,486670
16,118,3707636
16,119,13876645
16,120,699591
16,121,1254091
16,122,534878
16,123,562603
16,124,2055703
16,125,497718
16,126,846877
16,127,5693563
17,0,5993520
17,1,867647
17,2,1313348
17,3,2348152
17,4,638401
17,5,780252
17,6,564599
17,7,1182660
17,8,577311
17,9,998554
17,10,574541
17,11,517157
17,12,719113
17,13,787142
17,14,1592150
17,15,590122
17,16,1122478
17,18,2291028
17,19,1032653
17,20,699977
17,21,1701928
17,22,1077855
17,23,488134
17,24,952655
17,25,790965
17,26,514717
17,27,498127
17,28,567813
17,29,772876
17,30,781661
17,31,2402384
17,32,484734
17,33,811261
17,34,584812
17,35,560757
17,36,749981
17,37,11786816
17,38,489879
17,39,822331
17,40,493437
17,41,890736
17,42,517380
17,43,1280051
17,44,522373
17,45,486743
17,46,2657606
17,47,616404
17,48,1681864
17,49,1611666
17,50,486330
17,51,1464126
17,52,557401
17,53,1044024
17,54,8889489
17,55,523373
17,56,5174122
17,57,1632470
17,58,2327386
17,59,635993
17,60,3938502
17,61,853101
17,62,674003
17,63,483101
17,64,888846
17,65,514661
17,66,1565701
17,67,773358
17,68,1835150
17,69,981962
17,70,2043347
17,71,902466
17,72,829687
17,73,508057
17,74,655231
17,75,572640
17,76,1188973
17,77,546304
17,78,7380512
17,79,997575
17,80,1344577
17,81,976335
17,82,558891
17,83,598315
17,84,692466
17,85,527330
17,86,609417
17,87,1644040
17,88,645106
17,89,1712576
17,90,983380
17,91,1506631
17,92,1387721
17,93,553668
17,94,1117402
17,95,497564
17,96,1096093
17,97,522231
17,98,2124106
17,99,833421
17,100,1363045
17,101,659295
17,102,489411
17,103,1065502
17,104,1869088
17,105,1237167
17,106,1689825
17,107,9113728
17,108,2165152
17,109,3204440
17,110,3401267
17,111,6315952
17,112,1295908
17,113,563819
17,114,5419881
17,115,10316571
17,116,4670064
17,117,580582
17,118,2216833
17,119,5265230
17,120,718003
17,121,618689
17,122,775225
17,123,595007
17,124,652584
17,125,731708
17,126,801790
17,127,1965802
18,0,11882611
18,1,673245
18,2,1978264
18,3,569020
18,4,2216096
18,5,5376205
18,6,1612026
18,7,564532
18,8,8144803
18,9,837275
18,10,594740
18,11,924730
18,12,693651
18,13,724902
18,14,1873619
18,15,8342945
18,16,484685
18,17,1056792
18,19,1766822
18,20,1990327
18,21,507308
18,22,656754
18,23,3363131
18,24,1993224
18,25,1005344
18,26,566133
18,27,1448943
18,28,917274
18,29,3180991
18,30,1447811
18,31,626863
18,32,1193529
18,33,2596067
18,34,866488
18,35,4499975
18,36,876409
18,37,996110
18,38,7187691
18,39,701136
18,40,639298
18,41,1250828
18,42,733723
18,43,513479
18,44,542952
18,45,855170
18,46,497974
18,47,488894
18,48,3311325
18,49,1752357
18,50,536174
18,51,4380394
18,52,848232
18,53,2545664
18,54,733417
18,55,857686
18,56,2195686
18,57,518555
18,58,606329
18,59,560924
18,60,500912
18,61,803740
18,62,499103
18,63,813186
18,64,918694
18,65,875861
18,66,6063517
18,67,1073365
18,68,1150504
18,69,1072501
18,70,2480198
18,71,6751629
18,72,835876
18,73,2092506
18,74,1214812
18,75,4650452
18,76,508808
18,77,36317104
18,78,563380
18,79,535148
18,80,639972
18,81,1483243
18,82,85588910
18,83,670432
18,84,1788803
18,85,1630990
18,86,893112
18,87,1368499
18,88,759973
18,89,1015408
18,90,1847774
18,91,563346
18,92,1536981
18,93,556611
18,94,1229678
18,95,560790
18,96,578780
18,97,7325791
18,98,4046495
18,99,6824768
18,100,1114256
18,101,494821
18,102,3140065
18,103,556742
18,104,610468
18,105,593559
18,106,565962
18,107,1093832
18,108,865688
18,109,941132
18,110,824634
18,111,970665
18,112,1008089
18,113,581851
18,114,1388235
18,115,522031
18,116,874586
18,117,1791081
18,118,2787424
18,119,1864082
18,120,495327
18,121,1278339
18,122,688142
18,123,810188
18,124,593673
18,125,480912
18,126,614671
18,127,2407696
19,0,856296
19,1,820831
19,2,545454
19,3,1365270
19,4,2087342
19,5,504628
19,6,781308
19,7,924318
19,8,6852657
19,9,1835632
19,10,1215002
19,11,5687415
19,12,3503077
19,13,835466
19,14,690590
19,15,6567756
19,16,1211016
19,17,669035
19,18,856556
19,20,733172
19,21,551113
19,22,1118508
19,23,557699
19,24,1802568
19,25,837357
19,26,657662
19,27,756281
19,28,1230070
19,29,1027920
19,30,1045380
19,31,486816
19,32,702577
19,33,575036
19,34,623191
19,35,1415302
19,36,2454871
19,37,732439
19,38,720757
19,39,5011338
19,40,1192066
19,41,491514
19,42,885092
19,43,7229556
19,44,540815
19,45,12318851
19,46,581342
19,47,986230
19,48,812415
19,49,3585698
19,50,554906
19,51,1106632
19,52,1648190
19,53,550086
19,54,703077
19,55,603789
19,56,2720190
19,57,1259642
19,58,3914493
19,59,600374
19,60,1291957
19,61,15775867
19,62,1608078
19,63,845526
19,64,976568
19,65,780111
19,66,6559280
19,67,2313499
19,68,505632
19,69,1637299
19,70,558526
19,71,1019241
19,72,6239278
19,73,881373
19,74,586434
19,75,604105
19,76,501198
19,77,933060
19,78,2316750
19,79,931800
19,80,597735
19,81,1231246
19,82,708521
19,83,579607
19,84,677821
19,85,816053
19,86,620363
19,87,4577586
19,88,617981
19,89,4060826
19,90,539309
19,91,2540644
19,92,577704
19,93,508110
19,94,858208
19,95,1141319
19,96,958314
19,97,977734
19,98,1190063
19,99,2528687
19,100,2974606
19,101,1026354
19,102,504522
19,103,587844
19,104,1449226
19,105,567297
19,106,481671
19,107,1284136
19,108,724128
19,109,1017321
19,110,839341
19,111,1236572
19,112,879527
19,113,20522038
19,114,511104
19,115,647963
19,116,693867
19,117,615742
19,118,632112
19,119,557500
19,120,1824143
19,121,862414
19,122,485264
19,123,1246977
19,124,1299221
19,125,548172
19,126,1290864
19,127,536810
20,0,1170257
20,1,5638766
20,2,506455
20,3,536750
20,4,1082534
20,5,2917311
20,6,502527
20,7,494519
20,8,747673
20,9,621921
20,10,911745
20,11,544544
20,12,837440
20,13,528089
20,14,914651
20,15,1375762
20,16,579139
20,17,2723699
20,18,588887
20,19,1368997
20,21,789951
20,22,768770
20,23,839507
20,24,2375350
20,25,626047
20,26,984209
20,27,839673
20,28,1055125
20,29,707504
20,30,1144640
20,31,1664642
20,32,1495898
20,33,551758
20,34,630018
20,35,967458
20,36,739157
20,37,4742236
20,38,506988
20,39,1828432
20,40,647778
20,41,541557
20,42,543170
20,43,680653
20,44,918592
20,45,1061268
20,46,1279408
20,47,754842
20,48,1003110
20,49,764309
20,50,1205560
20,51,690430
20,52,755299
20,53,998799
20,54,547537
20,55,1215765
20,56,651598
20,57,13065573
20,58,556578
20,59,976917
20,60,972277
20,61,727415
20,62,531889
20,63,550535
20,64,2048886
20,65,665130
20,66,1037301
20,67,836451
20,68,644282
20,69,689150
20,70,490299
20,71,671032
20,72,584481
20,73,656659
20,74,587881
20,75,889790
20,76,3542787
20,77,534127
20,78,1332965
20,79,2887577
20,80,1493469
20,81,580437
20,82,535933
20,83,5072203
20,84,519849
20,85,910449
20,86,945768
20,87,5898518
20,88,726395
20,89,1305233
20,90,688619
20,91,2136235
20,92,655944
20,93,520555
20,94,678026
20,95,1019626
20,96,842504
20,97,951005
20,98,2023321
20,99,621626
20,100,1415839
20,101,787429
20,102,997942
20,103,551274
20,104,1778409
20,105,489165
20,106,1039844
20,107,645887
20,108,767954
20,109,12249400
20,110,20197361
20,111,755496
20,112,584665
20,113,606768
20,114,912845
20,115,1050845
20,116,758650
20,117,1139172
20,118,894257
20,119,567985
20,120,999903
20,121,777589
20,122,613317
20,123,600491
20,124,2245247
20,125,2588729
20,126,581560
20,127,605294
21,0,499748
21,1,485095
21,2,750496
21,3,2232435
21,4,552630
21,5,989459
21,6,1718787
21,7,937927
21,8,600725
21,9,2127460
21,10,529466
21,11,1182301
21,12,693597
21,13,790892
21,14,770475
21,15,1851207
21,16,601860
21,17,721581
21,18,823124
21,19,3721765
21,20,540230
21,22,1032389
21,23,2744971
21,24,632287
21,25,978202
21,26,15595312
21,27,1083269
21,28,533618
21,29,1408623
21,30,2331506
21,31,1427778
21,32,3682044
21,33,779269
21,34,960778
21,35,509104
21,36,812646
21,37,1449793
21,38,602803
21,39,1680677
21,40,650521
21,41,905700
21,42,664002
21,43,627207
21,44,760570
21,45,520103
21,46,700307
21,47,742663
21,48,4137225
21,49,2134203
21,50,974707
21,51,2139632
21,52,8957155
21,53,555397
21,54,597311
21,55,829606
21,56,3086266
21,57,1291738
21,58,740280
21,59,1002615
21,60,552048
21,61,525820
21,62,589785
21,63,1057349
21,64,519905
21,65,1190790
21,66,679363
21,67,898776
21,68,519173
21,69,598702
21,70,950018
21,71,577240
21,72,798219
21,73,717653
21,74,1519742
21,75,585179
21,76,3019641
21,77,675219
21,78,11509562
21,79,487963
21,80,743167
21,81,1567051
21,82,580726
21,83,847978
21,84,509292
21,85,3841857
21,86,2014957
21,87,2235435
21,88,585880
21,89,715273
21,90,788796
21,91,514303
21,92,1491955
21,93,1594253
21,94,1086517
21,95,1126640
21,96,938033
21,97,789084
21,98,806002
21,99,1094886
21,100,1040919
21,101,6435029
21,102,601821
21,103,751658
21,104,2173577
21,105,618022
21,106,827593
21,107,664835
21,108,525358
21,109,2418401
21,110,688036
21,111,978787
21,112,505526
21,113,592573
21,114,2266714
21,115,638938
21,116,877232
21,117,2236186
21,118,861007
21,119,4492737
21,120,1487435
21,121,709599
21,122,9977843
21,123,521406
21,124,1296790
21,125,3132021
21,126,615495
21,127,675830
22,0,616073
22,1,1531186
22,2,3661399
22,3,526052
22,4,1255730
22,5,918389
22,6,512876
22,7,517827
22,8,6370899
22,9,682886
22,10,1384901
22,11,37557015
22,12,1380569
22,13,689417
22,14,2163755
22,15,762301
22,16,542238
22,17,533558
22,18,803890
22,19,540261
22,20,842588
22,21,7208555
22,23,778778
22,24,1441343
22,25,868184
22,26,563076
22,27,608612
22,28,545611
22,29,785710
22,30,733233
22,31,794610
22,32,517771
22,33,2809838
22,34,812107
22,35,806532
22,36,773703
22,37,1018728
22,38,3549150
22,39,826791
22,40,1146309
22,41,520753
22,42,5139640
22,43,1061689
22,44,1130513
22,45,1539897
22,46,492536
22,47,2899658
22,48,678745
22,49,670982
22,50,1479969
22,51,2659825
22,52,691822
22,53,979608
22,54,691125
22,55,2025123
22,56,708125
22,57,1073221
22,58,669832
22,59,595543
22,60,716200
22,61,487743
22,62,847723
22,63,547157
22,64,949252
22,65,592724
22,66,2699345
22,67,636749
22,68,1783363
22,69,959992
22,70,888657
22,71,2286276
22,72,484493
22,73,4235824
22,74,629844
22,75,839093
22,76,614014
22,77,483796
22,78,957756
22,79,2519802
22,80,500679
22,81,989699
22,82,516851
22,83,9807188
22,84,2746164
22,85,1479078
22,86,615618
22,87,2504178
22,88,8270945
22,89,530173
22,90,714926
22,91,1434663
22,92,1562674
22,93,698109
22,94,937076
22,95,1105399
22,96,3609801
22,97,1001257
22,98,634178
22,99,1340998
22,100,705872
22,101,3799215
22,102,548649
22,103,897039
22,104,995015
22,105,488183
22,106,558460
22,107,577776
22,108,512166
22,109,1297894
22,110,1290210
22,111,605493
22,112,2002557
22,113,2149896
22,114,1281552
22,115,546241
22,116,670032
22,117,534998
22,118,633781
22,119,603710
22,120,815820
22,121,659584
22,122,2323282
22,123,960890
22,124,1104783
22,125,869617
22,126,864800
22,127,1089937
23,0,960441
23,1,8090117
23,2,1559995
23,3,4125261
23,4,1422867
23,5,25972342
23,6,482671
23,7,538331
23,8,730311
23,9,578852
23,10,1262335
23,11,2202927
23,12,484180
23,13,1649326
23,14,1258404
23,15,773220
23,16,1761971
23,17,1990906
23,18,560423
23,19,4604131
23,20,1671639
23,21,838100
23,22,717304
23,24,616611
23,25,729403
23,26,718061
23,27,1353983
23,28,2218308
23,29,732622
23,30,691983
23,31,2124776
23,32,984921
23,33,523173
23,34,810265
23,35,574223
23,36,776753
23,37,3298653
23,38,880449
23,39,932010
23,40,506057
23,41,1028182
23,42,686555
23,43,3040487
23,44,1891479
23,45,776962
23,46,541742
23,47,3172710
23,48,827915
23,49,2625891
23,50,515103
23,51,10657029
23,52,2377074
23,53,666064
23,54,2957576
23,55,1654650
23,56,704024
23,57,688991
23,58,1124074
23,59,875679
23,60,1672421
23,61,1617808
23,62,1140492
23,63,926279
23,64,1287816
23,65,958649
23,66,529672
23,67,504258
23,68,796594
23,69,989819
23,70,1590053
23,71,483724
23,72,484036
23,73,1750622
23,74,506855
23,75,496392
23,76,502292
23,77,2903710
23,78,1781558
23,79,1090235
23,80,724604
23,81,751788
23,82,2053218
23,83,1656944
23,84,506269
23,85,823362
23,86,7515678
23,87,590047
23,88,2518819
23,89,689204
23,90,2870324
23,91,861534
23,92,898292
23,93,1838046
23,94,545485
23,95,802239
23,96,1787440
23,97,1867082
23,98,609579
23,99,570650
23,100,705143
23,101,858121
23,102,501432
23,103,643142
23,104,1725889
23,105,1614189
23,106,629757
23,107,1675948
23,108,752695
23,109,936864
23,110,2643283
23,111,634929
23,112,1170082
23,113,516072
23,114,529643
23,115,544669
23,116,711765
23,117,5749573
23,118,2506119
23,119,959656
23,120,637730
23,121,745000
23,122,527855
23,123,8614273
23,124,654519
23,125,6007373
23,126,646255
23,127,1951853
24,0,1146810
24,1,1742004
24,2,1902379
24,3,543077
24,4,743798
24,5,866666
24,6,851215
24,7,1251031
24,8,1057071
24,9,1247785
24,10,705928
24,11,561159
24,12,679620
24,13,541495
24,14,2226462
24,15,1960754
24,16,607208
24,17,3148155
24,18,3852048
24,19,1203132
24,20,745571
24,21,3691304
24,22,659921
24,23,1459793
24,25,1593551
24,26,631150
24,27,549702
24,28,721051
24,29,1275570
24,30,784711
24,31,1103094
24,32,630584
24,33,840171
24,34,1142811
24,35,700252
24,36,4083993
24,37,1131648
24,38,744304
24,39,654425
24,40,2378800
24,41,2541646
24,42,640694
24,43,1920331
24,44,582761
24,45,1706006
24,46,1747595
24,47,763103
24,48,533319
24,49,824395
24,50,504680
24,51,666903
24,52,512521
24,53,1749323
24,54,987304
24,55,9426979
24,56,2373629
24,57,883879
24,58,757595
24,59,1053464
24,60,1060566
24,61,717537
24,62,655136
24,63,643552
24,64,1028444
24,65,689523
24,66,584848
24,67,613604
24,68,837192
24,69,744810
24,70,586545
24,71,1391328
24,72,744620
24,73,570128
24,74,551242
24,75,4566314
24,76,558990
24,77,1641786
24,78,3555538
24,79,634222
24,80,1013504
24,81,602331
24,82,675626
24,83,507629
24,84,6149985
24,85,507709
24,86,3151404
24,87,704080
24,88,574364
24,89,528060
24,90,708182
24,91,775710
24,92,792855
24,93,499644
24,94,10733310
24,95,498512
24,96,522202
24,97,555070
24,98,833584
24,99,890641
24,100,753084
24,101,753994
24,102,834974
24,103,938672
24,104,773289
24,105,491291
24,106,1517225
24,107,2320011
24,108,513396
24,109,16895328
24,110,720874
24,111,624807
24,112,677975
24,113,1266503
24,114,791836
24,115,672338
24,116,7025540
24,117,1181049
24,118,648102
24,119,757661
24,120,1142479
24,121,1423138
24,122,1247583
24,123,1168160
24,124,1712988
24,125,908463
24,126,982670
24,127,824714
25,0,709428
25,1,534607
25,2,591628
25,3,517631
25,4,680705
25,5,1390037
25,6,599673
25,7,496926
25,8,616114
25,9,712624
25,10,1291301
25,11,7996376
25,12,542176
25,13,584371
25,14,2172168
25,15,480959
25,16,1832744
25,17,525618
25,18,974359
25,19,734950
25,20,602489
25,21,846538
25,22,692359
25,23,741094
25,24,610387
25,26,713946
25,27,659632
25,28,4339873
25,29,1605220
25,30,487255
25,31,749917
25,32,570858
25,33,724485
25,34,1357152
25,35,682209
25,36,1010348
25,37,487035
25,38,1894579
25,39,565450
25,40,545831
25,41,553863
25,42,886027
25,43,1159171
25,44,1412354
25,45,651316
25,46,705031
25,47,1469072
25,48,828639
25,49,481172
25,50,512466
25,51,6724654
25,52,1048378
25,53,509670
25,54,1148990
25,55,486233
25,56,3291461
25,57,678797
25,58,1442744
25,59,639702
25,60,1075387
25,61,2737839
25,62,1733480
25,63,778568
25,64,598974
25,65,1548392
25,66,1164511
25,67,2686783
25,68,2509037
25,69,7753809
25,70,981608
25,71,1388749
25,72,1425590
25,73,588626
25,74,2003144
25,75,595581
25,76,531652
25,77,587546
25,78,811031
25,79,579715
25,80,1462389
25,81,868273
25,82,1906044
25,83,591137
25,84,537996
25,85,527943
25,86,8228411
25,87,860130
25,88,1748459
25,89,775017
25,90,710167
25,91,1895096
25,92,840254
25,93,1032125
25,94,1195362
25,95,498564
25,96,618522
25,97,949034
25,98,564633
25,99,954422
25,100,628501
25,101,794903
25,102,522516
25,103,2883575
25,104,1285865
25,105,590912
25,106,583053
25,107,2009622
25,108,530438
25,109,495453
25,110,4216935
25,111,908166
25,112,1606647
25,113,2163058
25,114,715794
25,115,677412
25,116,2134880
25,117,587138
25,118,3698284
25,119,671734
25,120,610104
25,121,1812345
25,122,1236770
25,123,605096
25,124,979960
25,125,1382349
25,126,749082
25,127,667546
26,0,604026
26,1,490918
26,2,714349
26,3,1463836
26,4,915859
26,5,700142
26,6,1240551
26,7,741783
26,8,1249609
26,9,8172460
26,10,848062
26,11,612541
26,12,845947
26,13,663807
26,14,725498
26,15,909952
26,16,731647
26,17,739968
26,18,1381077
26,19,588365
26,20,1203318
26,21,745889
26,22,863384
26,23,677770
26,24,716548
26,25,8022909
26,27,703021
26,28,650194
26,29,1179977
26,30,669733
26,31,668488
26,32,568329
26,33,599868
26,34,786425
26,35,849678
26,36,729766
26,37,561360
26,38,511023
26,39,532097
26,40,5503965
26,41,17720953
26,42,7692695
26,43,729101
26,44,1613828
26,45,482623
26,46,1200529
26,47,755954
26,48,1438551
26,49,1138678
26,50,599013
26,51,626304
26,52,821857
26,53,914249
26,54,770201
26,55,1238359
26,56,3632033
26,57,1907094
26,58,3764888
26,59,516711
26,60,6042325
26,61,519736
26,62,1551357
26,63,1015790
26,64,509751
26,65,1730519
26,66,804191
26,67,593825
26,68,2932438
26,69,491166
26,70,1148150
26,71,1014392
26,72,1408092
26,73,601978
26,74,1089042
26,75,544387
26,76,886964
26,77,1848754
26,78,942851
26,79,556052
26,80,596887
26,81,1257992
26,82,567126
26,83,520301
26,84,2592916
26,85,1190426
26,86,1921934
26,87,1373750
26,88,901103
26,89,1204812
26,90,1097607
26,91,622301
26,92,540600
26,93,561259
26,94,1674770
26,95,521747
26,96,1774379
26,97,528557
26,98,1074375
26,99,557864
26,100,1044566
26,101,857512
26,102,906980
26,103,516017
26,104,921343
26,105,524608
26,106,672237
26,107,804417
26,108,1187342
26,109,597118
26,110,1044295
26,111,528996
26,112,4015366
26,113,1286948
26,114,3647779
26,115,528206
26,116,788508
26,117,550214
26,118,582506
26,119,847893
26,120,641960
26,121,680291
26,122,1008716
26,123,670182
26,124,1706824
26,125,844600
26,126,741658
26,127,576954
27,0,1765938
27,1,795711
27,2,924421
27,3,2028135
27,4,623318
27,5,578816
27,6,830334
27,7,782227
27,8,1255320
27,9,4020986
27,10,4916410
27,11,1173066
27,12,2693619
27,13,1508798
27,14,1048925
27,15,856903
27,16,2197853
27,17,863119
27,18,663416
27,19,622598
27,20,847130
27,21,2098350
27,22,572851
27,23,1088298
27,24,1529905
27,25,1627304
27,26,1336732
27,28,537874
27,29,635549
27,30,601116
27,31,645473
27,32,18295604
27,33,552792
27,34,560958
27,35,792273
27,36,996598
27,37,907276
27,38,766195
27,39,724306
27,40,508728
27,41,833666
27,42,645795
27,43,1058186
27,44,516823
27,45,488232
27,46,519032
27,47,756938
27,48,618564
27,49,698767
27,50,1352042
27,51,508003
27,52,774117
27,53,753149
27,54,1048788
27,55,821778
27,56,1617445
27,57,1978835
27,58,553961
27,59,1062252
27,60,6142674
27,61,768634
27,62,570476
27,63,2222006
27,64,1292176
27,65,6347219
27,66,581633
27,67,575248
27,68,568916
27,69,2247525
27,70,495935
27,71,1576914
27,72,932430
27,73,775918
27,74,2644379
27,75,1257168
27,76,792710
27,77,10631872
27,78,1371994
27,79,1201829
27,80,1066496
27,81,725200
27,82,634664
27,83,510535
27,84,720345
27,85,652537
27,86,736985
27,87,578493
27,88,969517
27,89,1243353
27,90,2305417
27,91,598199
27,92,581923
27,93,830091
27,94,481647
27,95,44265933
27,96,698219
27,97,1019755
27,98,660646
27,99,703188
27,100,781026
27,101,578744
27,102,1739437
27,103,579859
27,104,4343218
27,105,3130418
27,106,1817515
27,107,560991
27,108,637774
27,109,623700
27,110,765318
27,111,961228
27,112,847046
27,113,1411019
27,114,822094
27,115,1438273
27,116,671885
27,117,2517837
27,118,538881
27,119,505235
27,120,572080
27,121,1355444
27,122,597002
27,123,1341712
27,124,1121522
27,125,1697063
27,126,1584837
27,127,647362
28,0,519117
28,1,486209
28,2,14810547
28,3,2905064
28,4,1468488
28,5,501224
28,6,494796
28,7,5229373
28,8,488673
28,9,1104476
28,10,481861
28,11,567057
28,12,535058
28,13,670282
28,14,616238
28,15,768838
28,16,1204625
28,17,1609870
28,18,4063705
28,19,914048
28,20,1009468
28,21,556413
28,22,495833
28,23,743924
28,24,547695
28,25,2831382
28,26,771982
28,27,1019498
28,29,854825
28,30,491838
28,31,1197386
28,32,545265
28,33,654851
28,34,2493563
28,35,5254929
28,36,566098
28,37,655516
28,38,508996
28,39,2177817
28,40,821146
28,41,953869
28,42,622852
28,43,517073
28,44,1853174
28,45,533648
28,46,618272
28,47,3809152
28,48,1378793
28,49,2715527
28,50,553311
28,51,13268536
28,52,1254705
28,53,481267
28,54,3846945
28,55,2397977
28,56,1489540
28,57,1394178
28,58,617565
28,59,920322
28,60,963144
28,61,704863
28,62,617814
28,63,595313
28,64,874404
28,65,497743
28,66,519286
28,67,1729675
28,68,1841923
28,69,2296599
28,70,1424499
28,71,784854
28,72,3428547
28,73,1327360
28,74,767141
28,75,536114
28,76,505315
28,77,2522756
28,78,531711
28,79,849337
28,80,1246371
28,81,507923
28,82,1340523
28,83,657806
28,84,3528040
28,85,483053
28,86,547854
28,87,1279622
28,88,561058
28,89,723890
28,90,1123435
28,91,725678
28,92,514689
28,93,914450
28,94,735135
28,95,2196408
28,96,672589
28,97,1961314
28,98,486451
28,99,4075271
28,100,1116929
28,101,652678
28,102,1299000
28,103,940596
28,104,42486260
28,105,1102175
28,106,635593
28,107,941024
28,108,579319
28,109,1138349
28,110,1523852
28,111,8416370
28,112,28930245
28,113,2077735
28,114,6533999
28,115,505447
28,116,482480
28,117,620279
28,118,783148
28,119,692305
28,120,529261
28,121,590723
28,122,619316
28,123,620112
28,124,1692632
28,125,3993062
28,126,637864
28,127,1205186
29,0,1013631
29,1,1856629
29,2,590611
29,3,4009764
29,4,1366510
29,5,589673
29,6,835630
29,7,688672
29,8,525213
29,9,1274084
29,10,746207
29,11,1027659
29,12,533738
29,13,507255
29,14,1389780
29,15,4023802
29,16,2213889
29,17,730432
29,18,1016427
29,19,600179
29,20,1215956
29,21,648334
29,22,614383
29,23,1151854
29,24,505129
29,25,720933
29,26,1524169
29,27,509346
29,28,487523
29,30,728498
29,31,579247
29,32,2833942
29,33,977267
29,34,1815631
29,35,26746224
29,36,504153
29,37,1166420
29,38,864623
29,39,995380
29,40,996720
29,41,530645
29,42,795564
29,43,497105
29,44,627508
29,45,669483
29,46,980548
29,47,3949280
29,48,546367
29,49,572711
29,50,615990
29,51,1518482
29,52,633297
29,53,507442
29,54,1780657
29,55,621331
29,56,666705
29,57,819729
29,58,4496353
29,59,979725
29,60,4155317
29,61,1218059
29,62,728860
29,63,594778
29,64,541649
29,65,630540
29,66,651129
29,67,4658275
29,68,851129
29,69,1028706
29,70,1041054
29,71,573413
29,72,666656
29,73,507041
29,74,1310856
29,75,1535044
29,76,7369494
29,77,534697
29,78,627164
29,79,483029
29,80,268070178
29,81,889317
29,82,538118
29,83,1021299
29,84,1218634
29,85,502370
29,86,585032
29,87,757201
29,88,601782
29,89,659825
29,90,5813281
29,91,5312154
29,92,713198
29,93,717770
29,94,504892
29,95,1039576
29,96,1895615
29,97,2425597
29,98,735812
29,99,1119775
29,100,1527987
29,101,583382
29,102,897906
29,103,580690
29,104,492062
29,105,888469
29,106,852844
29,107,2207297
29,108,535480
29,109,930230
29,110,522973
29,111,1360091
29,112,676747
29,113,599595
29,114,1414765
29,115,1420425
29,116,688089
29,117,512029
29,118,573835
29,119,18822748
29,120,1127766
29,121,827352
29,122,707956
29,123,659487
29,124,509481
29,125,2278406
29,126,908661
29,127,1281123
30,0,754516
30,1,727235
30,2,585622
30,3,918490
30,4,574788
30,5,816520
30,6,976218
30,7,1310405
30,8,1292614
30,9,549031
30,10,2782497
30,11,623530
30,12,760305
30,13,764645
30,14,606409
30,15,699481
30,16,707673
30,17,11980177
30,18,1387978
30,19,939954
30,20,582433
30,21,1216720
30,22,1077564
30,23,736059
30,24,3391642
30,25,3228280
30,26,630671
30,27,692520
30,28,2359965
30,29,513534
30,31,521235
30,32,1460657
30,33,2272154
30,34,902174
30,35,535329
30,36,1209317
30,37,687877
30,38,643461
30,39,1000272
30,40,5768520
30,41,965295
30,42,2210954
30,43,853962
30,44,59967759
30,45,775502
30,46,626820
30,47,508969
30,48,1160888
30,49,2054460
30,50,546651
30,51,2645475
30,52,495049
30,53,682521
30,54,2798580
30,55,1136215
30,56,1583107
30,57,1919798
30,58,1675555
30,59,731039
30,60,609498
30,61,5852274
30,62,982906
30,63,12532631
30,64,554743
30,65,631412
30,66,826151
30,67,2147835
30,68,859780
30,69,1399392
30,70,1378287
30,71,1474351
30,72,1897690
30,73,621415
30,74,2018532
30,75,11449927
30,76,1035835
30,77,592383
30,78,14705600
30,79,720463
30,80,1842896
30,81,784640
30,82,4188954
30,83,590573
30,84,482743
30,85,952435
30,86,3976516
30,87,594168
30,88,531741
30,89,828961
30,90,908067
30,91,552695
30,92,688407
30,93,1527668
30,94,1591100
30,95,1298778
30,96,1906569
30,97,5100859
30,98,551532
30,99,8491266
30,100,537509
30,101,985635
30,102,3000570
30,103,1762851
30,104,2740212
30,105,701302
30,106,1475529
30,107,638132
30,108,554254
30,109,483940
30,110,543388
30,111,809576
30,112,2918679
30,113,2096398
30,114,503286
30,115,1210260
30,116,489436
30,117,1892511
30,118,1375510
30,119,578564
30,120,1637672
30,121,4903178
30,122,8431230
30,123,1216911
30,124,832443
30,125,552113
30,126,488649
30,127,828800
31,0,651269
31,1,799851
31,2,805473
31,3,1458642
31,4,3724131
31,5,595735
31,6,6355090
31,7,3007873
31,8,1011482
31,9,572605
31,10,498692
31,11,1047422
31,12,602606
31,13,2016147
31,14,3022599
31,15,1175537
31,16,940382
31,17,1783815
31,18,2328208
31,19,1927297
31,20,865865
31,21,678488
31,22,973548
31,23,1622906
31,24,1827000
31,25,760770
31,26,1214622
31,27,725917
31,28,1212911
31,29,869348
31,30,988140
31,32,1208940
31,33,998064
31,34,824794
31,35,491614
31,36,6000437
31,37,544951
31,38,519314
31,39,659439
31,40,1271123
31,41,4104510
31,42,591514
31,43,519370
31,44,932535
31,45,711708
31,46,562536
31,47,2987525
31,48,509589
31,49,1371494
31,50,509454
31,51,1298557
31,52,571381
31,53,990059
31,54,1983414
31,55,681223
31,56,1179442
31,57,985159
31,58,857077
31,59,541990
31,60,503470
31,61,721758
31,62,967686
31,63,652866
31,64,1114413
31,65,936970
31,66,531592
31,67,481885
31,68,779549
31,69,714638
31,70,991745
31,71,664688
31,72,1122956
31,73,785567
31,74,2755748
31,75,521604
31,76,655278
31,77,530763
31,78,685502
31,79,1009594
31,80,1304115
31,81,2081566
31,82,1925684
31,83,516100
31,84,730190
31,85,8757548
31,86,592535
31,87,727595
31,88,841336
31,89,578636
31,90,612500
31,91,510318
31,92,579787
31,93,1595307
31,94,956197
31,95,513040
31,96,7250695
31,97,679723
31,98,986468
31,99,1148318
31,100,623615
31,101,2208758
31,102,840753
31,103,494367
31,104,514937
31,105,609821
31,106,592156
31,107,534427
31,108,1042671
31,109,607048
31,110,844936
31,111,664737
31,112,668836
31,113,528498
31,114,573871
31,115,1234594
31,116,1267131
31,117,729524
31,118,545705
31,119,3505142
31,120,598470
31,121,543295
31,122,968829
31,123,623955
31,124,499284
31,125,575780
31,126,2562900
31,127,694949
32,0,855516
32,1,958090
32,2,683303
32,3,869527
32,4,1720869
32,5,6843333
32,6,865954
32,7,836945
32,8,1194995
32,9,712337
32,10,562705
32,11,1062534
32,12,1127444
32,13,561998
32,14,492886
32,15,1001134
32,16,1071208
32,17,525502
32,18,1185176
32,19,512630
32,20,613195
32,21,636615
32,22,1222677
32,23,17334657
32,24,810878
32,25,1958520
32,26,1009217
32,27,1219210
32,28,844348
32,29,1535366
32,30,523287
32,31,1294808
32,33,589298
32,34,8872752
32,35,6339370
32,36,1110663
32,37,590648
32,38,1389007
32,39,2363364
32,40,727055
32,41,653149
32,42,1012871
32,43,911246
32,44,1125035
32,45,1147983
32,46,575001
32,47,511458
32,48,1684641
32,49,1025833
32,50,3189321
32,51,1067491
32,52,517659
32,53,654377
32,54,3513430
32,55,1167463
32,56,1226556
32,57,923495
32,58,1691027
32,59,658573
32,60,1679887
32,61,903248
32,62,1223257
32,63,1788348
32,64,518583
32,65,1603440
32,66,1033844
32,67,751012
32,68,10916173
32,69,593863
32,70,595505
32,71,804643
32,72,1065928
32,73,765520
32,74,512411
32,75,1534399
32,76,1072645
32,77,647085
32,78,1202387
32,79,695004
32,80,1263790
32,81,920934
32,82,1398868
32,83,653999
32,84,819886
32,85,1163819
32,86,876044
32,87,1441063
32,88,1826523
32,89,4435765
32,90,5538428
32,91,707786
32,92,512247
32,93,534577
32,94,6135382
32,95,762435
32,96,1086221
32,97,2000215
32,98,499541
32,99,6099211
32,100,710338
32,101,764713
32,102,12215004
32,103,641145
32,104,1376771
32,105,2122100
32,106,3951984
32,107,1477893
32,108,819414
32,109,1181943
32,110,957198
32,111,627939
32,112,672640
32,113,580401
32,114,14863655
32,115,4787592
32,116,2119431
32,117,693921
32,118,1316534
32,119,801491
32,120,646117
32,121,884345
32,122,1426957
32,123,2194965
32,124,2045805
32,125,752370
32,126,758452
32,127,662587
33,0,827674
33,1,625747
33,2,650334
33,3,1058326
33,4,2345638
33,5,638759
33,6,522430
33,7,496468
33,8,708069
33,9,612255
33,10,2246765
33,11,484276
33,12,66924690
33,13,661033
33,14,1198124
33,15,765722
33,16,636215
33,17,2821198
33,18,3420703
33,19,5469981
33,20,816365
33,21,514001
33,22,829768
33,23,526226
33,24,577991
33,25,1045108
33,26,663123
33,27,1242751
33,28,523746
33,29,565382
33,30,3182653
33,31,1533112
33,32,711250
33,34,594969
33,35,2166551
33,36,776127
33,37,499851
33,38,18554965
33,39,4562571
33,40,485071
33,41,1355931
33,42,2771484
33,43,505606
33,44,608370
33,45,684558
33,46,594435
33,47,734152
33,48,853359
33,49,634134
33,50,1283273
33,51,535209
33,52,34442433
33,53,496519
33,54,655373
33,55,803815
33,56,486767
33,57,566338
33,58,994529
33,59,718412
33,60,1163301
33,61,820358
33,62,542114
33,63,836863
33,64,650568
33,65,489337
33,66,12146859
33,67,2259764
33,68,521462
33,69,1846796
33,70,842337
33,71,7729233
33,72,670932
33,73,528674
33,74,495251
33,75,539156
33,76,1610947
33,77,519567
33,78,748249
33,79,1714641
33,80,742349
33,81,2174282
33,82,1910780
33,83,1604151
33,84,1604507
33,85,1051258
33,86,3187651
33,87,2121432
33,88,2022121
33,89,764914
33,90,1196465
33,91,724544
33,92,1935404
33,93,1572135
33,94,1067634
33,95,928874
33,96,581814
33,97,510075
33,98,2272933
33,99,699042
33,100,641734
33,101,1733056
33,102,1339573
33,103,677873
33,104,506004
33,105,1385669
33,106,6760675
33,107,1396519
33,108,2145777
33,109,527738
33,110,521037
33,111,594244
33,112,642687
33,113,800447
33,114,535088
33,115,504232
33,116,1473174
33,117,20091685
33,118,827834
33,119,534667
33,120,645244
33,121,1758461
33,122,816598
33,123,770543
33,124,521292
33,125,509508
33,126,713255
33,127,1402542
34,0,720815
34,1,1417993
34,2,532305
34,3,485216
34,4,615577
34,5,482575
34,6,1764172
34,7,1355200
34,8,1319967
34,9,571905
34,10,657902
34,11,692789
34,12,661178
34,13,1319509
34,14,1036634
34,15,722054
34,16,700032
34,17,609458
34,18,1565028
34,19,832932
34,20,807823
34,21,1635438
34,22,864357
34,23,1672030
34,24,1095187
34,25,670682
34,26,863649
34,27,487181
34,28,488477
34,29,704583
34,30,4804328
34,31,676543
34,32,2600281
34,33,537661
34,35,481932
34,36,708974
34,37,483388
34,38,810112
34,39,1086962
34,40,1727569
34,41,552468
34,42,632682
34,43,799257
34,44,762501
34,45,660356
34,46,738846
34,47,869707
34,48,1290428
34,49,495529
34,50,2420196
34,51,956530
34,52,970320
34,53,3247294
34,54,2527696
34,55,620195
34,56,7166962
34,57,713716
34,58,596964
34,59,860831
34,60,808432
34,61,482004
34,62,2052598
34,63,2203654
34,64,675016
34,65,586841
34,66,816910
34,67,1040381
34,68,701468
34,69,2140994
34,70,2396219
34,71,647593
34,72,1598125
34,73,1027006
34,74,489657
34,75,2663162
34,76,537326
34,77,1216147
34,78,530350
34,79,742474
34,80,1404650
34,81,5669061
34,82,547918
34,83,887904
34,84,493036
34,85,1540222
34,86,1165898
34,87,537114
34,88,1548720
34,89,1232819
34,90,1872106
34,91,2444719
34,92,1308601
34,93,527534
34,94,2756952
34,95,670482
34,96,975055
34,97,647269
34,98,875223
34,99,1051670
34,100,524349
34,101,9276596
34,102,761634
34,103,638535
34,104,2497411
34,105,828558
34,106,794830
34,107,812030
34,108,569054
34,109,483868
34,110,1241350
34,111,1164684
34,112,876866
34,113,623276
34,114,781591
34,115,1374755
34,116,544983
34,117,824873
34,118,518303
34,119,2257458
34,120,1106015
34,121,884439
34,122,559123
34,123,756347
34,124,600608
34,125,586730
34,126,3590053
34,127,993680
35,0,517855
35,1,1171484
35,2,4404426
35,3,16966805
35,4,1073509
35,5,1189154
35,6,806381
35,7,646439
35,8,1732633
35,9,506190
35,10,2422893
35,11,539862
35,12,2707409
35,13,2093153
35,14,3579187
35,15,586990
35,16,773910
35,17,483580
35,18,537843
35,19,491465
35,20,4898785
35,21,510399
35,22,2858516
35,23,636660
35,24,548490
35,25,724247
35,26,897232
35,27,984446
35,28,4992940
35,29,1379300
35,30,658429
35,31,510372
35,32,780815
35,33,1932152
35,34,1122000
35,36,569193
35,37,994893
35,38,21448366
35,39,736614
35,40,497284
35,41,3268327
35,42,638087
35,43,561494
35,44,515380
35,45,683511
35,46,525127
35,47,1210827
35,48,608491
35,49,508137
35,50,573624
35,51,2122768
35,52,618731
35,53,3366901
35,54,1051120
35,55,519764
35,56,2484000
35,57,490423
35,58,571486
35,59,568674
35,60,789879
35,61,491564
35,62,728137
35,63,1217868
35,64,575355
35,65,569262
35,66,1053187
35,67,4220070
35,68,11661756
35,69,542362
35,70,499078
35,71,486015
35,72,4226356
35,73,708804
35,74,634046
35,75,714119
35,76,2049504
35,77,855603
35,78,971010
35,79,15361672
35,80,1602373
35,81,2551717
35,82,1844844
35,83,1798413
35,84,724366
35,85,837522
35,86,828156
35,87,1325967
35,88,491912
35,89,951225
35,90,545957
35,91,1147815
35,92,500653
35,93,1493772
35,94,1557992
35,95,544763
35,96,1383368
35,97,905306
35,98,5532650
35,99,559057
35,100,758320
35,101,757529
35,102,3750389
35,103,1908672
35,104,625619
35,105,1335788
35,106,759046
35,107,760371
35,108,4730033
35,109,488428
35,110,3700617
35,111,792200
35,112,3138452
35,113,3480541
35,114,511702
35,115,524090
35,116,2850704
35,117,841003
35,118,787285
35,119,7075322
35,120,514469
35,121,501562
35,122,648380
35,123,3507210
35,124,831306
35,125,533977
35,126,642051
35,127,878883
36,0,608089
36,1,578457
36,2,1973712
36,3,1046740
36,4,599090
36,5,794244
36,6,539371
36,7,919609
36,8,789806
36,9,635018
36,10,546430
36,11,716664
36,12,1163646
36,13,19385344
36,14,691178
36,15,1083563
36,16,6671424
36,17,708918
36,18,514993
36,19,1707643
36,20,1624003
36,21,1227725
36,22,1154734
36,23,706602
36,24,780463
36,25,565246
36,26,1047695
36,27,1293710
36,28,547188
36,29,645749
36,30,514772
36,31,2120764
36,32,870246
36,33,7314956
36,34,1159000
36,35,1350832
36,37,514413
36,38,670232
36,39,501328
36,40,496265
36,41,1212531
36,42,525098
36,43,684453
36,44,652396
36,45,1546094
36,46,624381
36,47,4615614
36,48,1171309
36,49,1446400
36,50,969746
36,51,2433751
36,52,4179720
36,53,1178019
36,54,2526707
36,55,2638911
36,56,922777
36,57,964728
36,58,1776168
36,59,1233804
36,60,1187523
36,61,640243
36,62,9484798
36,63,1059025
36,64,782015
36,65,836534
36,66,1137691
36,67,963596
36,68,494922
36,69,3627562
36,70,1938669
36,71,2503209
36,72,1285000
36,73,2293412
36,74,998676
36,75,2189933
36,76,823521
36,77,1033446
36,78,5632750
36,79,556841
36,80,1235582
36,81,733294
36,82,517436
36,83,615000
36,84,1003978
36,85,721936
36,86,25247084
36,87,521264
36,88,1082681
36,89,1230658
36,90,705759
36,91,737047
36,92,571277
36,93,493387
36,94,2115442
36,95,762568
36,96,564192
36,97,1413425
36,98,2585599
36,99,681741
36,100,839756
36,101,763840
36,102,2747358
36,103,1464706
36,104,830010
36,105,854566
36,106,634841
36,107,705984
36,108,854911
36,109,1332731
36,110,572115
36,111,530468
36,112,838596
36,113,891875
36,114,834237
36,115,1360829
36,116,675321
36,117,1079604
36,118,495099
36,119,920118
36,120,764444
36,121,554058
36,122,576136
36,123,534848
36,124,3501015
36,125,964388
36,126,946311
36,127,623913
37,0,3333306
37,1,572290
37,2,1174476
37,3,6201720
37,4,12947109
37,5,500549
37,6,511594
37,7,639792
37,8,856643
37,9,624296
37,10,1004971
37,11,493738
37,12,537569
37,13,633914
37,14,896174
37,15,622471
37,16,508084
37,17,750561
37,18,487816
37,19,797332
37,20,4098625
37,21,921547
37,22,679414
37,23,531325
37,24,505712
37,25,1108644
37,26,602725
37,27,765992
37,28,865776
37,29,2415715
37,30,637016
37,31,844432
37,32,527156
37,33,977618
37,34,587621
37,35,763170
37,36,946745
37,38,601429
37,39,484782
37,40,784355
37,41,1504471
37,42,1477006
37,43,1301886
37,44,1423682
37,45,507228
37,46,1128895
37,47,700749
37,48,3166120
37,49,1101105
37,50,841920
37,51,1261091
37,52,1551027
37,53,484300
37,54,965068
37,55,30446431
37,56,829042
37,57,1008465
37,58,842170
37,59,1093231
37,60,642369
37,61,961565
37,62,769860
37,63,558725
37,64,584077
37,65,1543478
37,66,623445
37,67,516045
37,68,1837079
37,69,725558
37,70,680757
37,71,3127217
37,72,880080
37,73,617149
37,74,701634
37,75,985873
37,76,954201
37,77,1410486
37,78,491415
37,79,6715716
37,80,981019
37,81,571556
37,82,977034
37,83,4176652
37,84,688566
37,85,1716711
37,86,2346475
37,87,1444710
37,88,908860
37,89,487621
37,90,906389
37,91,1149662
37,92,1412889
37,93,1641411
37,94,542548
37,95,971931
37,96,536416
37,97,679878
37,98,1222484
37,99,3534343
37,100,822886
37,101,755038
37,102,2991859
37,103,492386
37,104,4303463
37,105,540446
37,106,1095338
37,107,487767
37,108,10996711
37,109,669135
37,110,1395998
37,111,500290
37,112,529437
37,113,599440
37,114,5414377
37,115,718938
37,116,1178374
37,117,522801
37,118,560056
37,119,681430
37,120,581270
37,121,531681
37,122,637685
37,123,675728
37,124,556644
37,125,590010
37,126,2598172
37,127,511975
38,0,873315
38,1,4570065
38,2,1122637
38,3,497054
38,4,652349
38,5,500938
38,6,1134252
38,7,1070347
38,8,557236
38,9,825511
38,10,575674
38,11,982198
38,12,581669
38,13,619107
38,14,3824169
38,15,4095689
38,16,643917
38,17,2350672
38,18,550343
38,19,755561
38,20,3954693
38,21,5878599
38,22,737171
38,23,663905
38,24,774186
38,25,1348418
38,26,693813
38,27,833339
38,28,1492258
38,29,606928
38,30,568985
38,31,5430925
38,32,516656
38,33,504733
38,34,1090683
38,35,6418861
38,36,582214
38,37,577919
38,39,656087
38,40,3043491
38,41,633649
38,42,1775273
38,43,1096849
38,44,797553
38,45,1167115
38,46,1628040
38,47,33418080
38,48,9744870
38,49,957087
38,50,556249
38,51,7240108
38,52,622767
38,53,572500
38,54,561796
38,55,958761
38,56,544200
38,57,517408
38,58,906290
38,59,1218251
38,60,781097
38,61,752435
38,62,3762463
38,63,775780
38,64,673598
38,65,572360
38,66,689683
38,67,1210638
38,68,2348991
38,69,595926
38,70,923907
38,71,1156095
38,72,1497726
38,73,1134416
38,74,495985
38,75,687824
38,76,2844230
38,77,629670
38,78,605970
38,79,748057
38,80,1168858
38,81,1333200
38,82,903639
38,83,2281547
38,84,1981694
38,85,714753
38,86,1520688
38,87,480864
38,88,2079010
38,89,484348
38,90,600140
38,91,3885592
38,92,607288
38,93,979843
38,94,3494844
38,95,839590
38,96,650101
38,97,745698
38,98,801267
38,99,1302331
38,100,697617
38,101,15191537
38,102,3551277
38,103,512002
38,104,508191
38,105,845863
38,106,526429
38,107,605851
38,108,2983205
38,109,788652
38,110,656802
38,111,569989
38,112,2442883
38,113,660114
38,114,533438
38,115,1446118
38,116,777869
38,117,1912893
38,118,1606290
38,119,4489128
38,120,1436882
38,121,631325
38,122,1597419
38,123,500601
38,124,582396
38,125,11850485
38,126,980313
38,127,755365
39,0,875041
39,1,5905191
39,2,959432
39,3,1344099
39,4,634266
39,5,557171
39,6,1359110
39,7,1652744
39,8,1455202
39,9,610792
39,10,741595
39,11,1043077
39,12,1044159
39,13,767683
39,14,1062816
39,15,824236
39,16,863031
39,17,737852
39,18,1070061
39,19,806760
39,20,698657
39,21,748313
39,22,612459
39,23,879067
39,24,488404
39,25,612827
39,26,603513
39,27,722882
39,28,878791
39,29,772532
39,30,919812
39,31,1600600
39,32,482146
39,33,841086
39,34,650614
39,35,1447246
39,36,1633211
39,37,758716
39,38,826471
39,40,1076982
39,41,878332
39,42,1255115
39,43,855343
39,44,4588920
39,45,1014773
39,46,494619
39,47,781873
39,48,1474056
39,49,6484089
39,50,1572816
39,51,1236374
39,52,948160
39,53,651691
39,54,852500
39,55,2230938
39,56,550920
39,57,980430
39,58,2607692
39,59,2988968
39,60,527680
39,61,2144408
39,62,597234
39,63,792418
39,64,14253293
39,65,1701521
39,66,597542
39,67,688885
39,68,573730
39,69,2726044
39,70,1444147
39,71,519483
39,72,574647
39,73,1975985
39,74,857251
39,75,762836
39,76,1036767
39,77,737666
39,78,975636
39,79,1673594
39,80,882207
39,81,732012
39,82,655753
39,83,551790
39,84,587472
39,85,4037952
39,86,2534650
39,87,1074231
39,88,852414
39,89,681586
39,90,788436
39,91,499696
39,92,3243819
39,93,840088
39,94,565518
39,95,8186367
39,96,1312214
39,97,562334
39,98,675473
39,99,1481753
39,100,559889
39,101,572781
39,102,1327127
39,103,595773
39,104,1254910
39,105,543918
39,106,2578327
39,107,2205838
39,108,916465
39,109,854998
39,110,494973
39,111,1862088
39,112,717712
39,113,545800
39,114,689843
39,115,2752145
39,116,575497
39,117,529967
39,118,594130
39,119,975404
39,120,823045
39,121,645336
39,122,966888
39,123,550022
39,124,771091
39,125,523402
39,126,1259023
39,127,1341474
40,0,577740
40,1,556775
40,2,982316
40,3,559789
40,4,632814
40,5,499052
40,6,2208027
40,7,713313
40,8,4119308
40,9,480983
40,10,554026
40,11,3896045
40,12,1679492
40,13,1420154
40,14,978319
40,15,813418
40,16,638983
40,17,751077
40,18,710110
40,19,623403
40,20,4078173
40,21,1918200
40,22,1454345
40,23,848912
40,24,1791537
40,25,1643664
40,26,57615909
40,27,5081715
40,28,637640
40,29,2242974
40,30,1032917
40,31,2035405
40,32,604858
40,33,707278
40,34,599284
40,35,1022202
40,36,612419
40,37,1267550
40,38,643871
40,39,621499
40,41,951335
40,42,1877161
40,43,515656
40,44,1046877
40,45,679569
40,46,542672
40,47,768226
40,48,637506
40,49,1201457
40,50,682781
40,51,2455799
40,52,2700494
40,53,825192
40,54,13564928
40,55,2759362
40,56,551467
40,57,535299
40,58,2295802
40,59,481481
40,60,703133
40,61,1346255
40,62,2570073
40,63,1442183
40,64,563244
40,65,933586
40,66,1123914
40,67,2187783
40,68,560256
40,69,553635
40,70,604897
40,71,931695
40,72,601155
40,73,522716
40,74,1056097
40,75,807975
40,76,752306
40,77,669782
40,78,721699
40,79,618898
40,80,1619261
40,81,520640
40,82,2310258
40,83,893589
40,84,851386
40,85,3712332
40,86,601234
40,87,523574
40,88,1556660
40,89,997452
40,90,1568742
40,91,5781229
40,92,577955
40,93,593369
40,94,682573
40,95,722172
40,96,526603
40,97,1161576
40,98,1288903
40,99,767751
40,100,1180334
40,101,1831304
40,102,1145974
40,103,533528
40,104,496341
40,105,482408
40,106,498641
40,107,602096
40,108,533349
40,109,765857
40,110,516795
40,111,531474
40,112,1473468
40,113,1201643
40,114,1131485
40,115,1409687
40,116,488526
40,117,2104887
40,118,482051
40,119,681171
40,120,1517853
40,121,4152290
40,122,5806838
40,123,706433
40,124,1333670
40,125,1741147
40,126,1507559
40,127,853273
41,0,872320
41,1,644923
41,2,544794
41,3,739906
41,4,935592
41,5,836616
41,6,517324
41,7,912544
41,8,507201
41,9,753409
41,10,614835
41,11,1422323
41,12,688831
41,13,864534
41,14,2217571
41,15,1427504
41,16,483221
41,17,554351
41,18,511294
41,19,554808
41,20,1437160
41,21,1308376
41,22,978905
41,23,750819
41,24,1022460
41,25,2248286
41,26,1487735
41,27,690857
41,28,653952
41,29,952215
41,30,1715882
41,31,2120097
41,32,619441
41,33,1446964
41,34,552662
41,35,918186
41,36,690537
41,37,675931
41,38,701191
41,39,1794280
41,40,641598
41,42,882300
41,43,963370
41,44,540415
41,45,851643
41,46,1582762
41,47,1515656
41,48,836040
41,49,508513
41,50,515435
41,51,895502
41,52,601351
41,53,2152652
41,54,1018088
41,55,592308
41,56,482862
41,57,1049747
41,58,658766
41,59,518780
41,60,732989
41,61,723534
41,62,501640
41,63,590535
41,64,703411
41,65,993074
41,66,3073907
41,67,965636
41,68,1901857
41,69,781450
41,70,584775
41,71,625576
41,72,791618
41,73,894449
41,74,1854160
41,75,1806743
41,76,644100
41,77,566509
41,78,902662
41,79,883321
41,80,528821
41,81,752824
41,82,923290
41,83,1653506
41,84,966432
41,85,1404386
41,86,829526
41,87,690003
41,88,742978
41,89,558393
41,90,1397040
41,91,583345
41,92,1210072
41,93,614055
41,94,1483840
41,95,658189
41,96,583674
41,97,1105091
41,98,1486234
41,99,1454630
41,100,938992
41,101,1364033
41,102,1195913
41,103,519680
41,104,543762
41,105,632858
41,106,819571
41,107,1816102
41,108,6164668
41,109,943821
41,110,997819
41,111,534097
41,112,879251
41,113,566680
41,114,662490
41,115,1116614
41,116,1293271
41,117,2713202
41,118,491987
41,119,589111
41,120,763974
41,121,959544
41,122,1837563
41,123,558824
41,124,571137
41,125,587324
41,126,2464183
41,127,2736655
42,0,630976
42,1,1337678
42,2,1097001
42,3,719993
42,4,802689
42,5,686502
42,6,1974280
42,7,622344
42,8,593597
42,9,644237
42,10,680964
42,11,3605392
42,12,3450330
42,13,530675
42,14,1441623
42,15,629323
42,16,667744
42,17,522658
42,18,883507
42,19,613891
42,20,2604510
42,21,588850
42,22,537904
42,23,1814221
42,24,926176
42,25,1598478
42,26,1410753
42,27,939847
42,28,535993
42,29,1697468
42,30,549734
42,31,876226
42,32,2653180
42,33,1002245
42,34,730675
42,35,727535
42,36,1283704
42,37,624125
42,38,1652364
42,39,1179621
42,40,17880962
42,41,993559
42,43,944469
42,44,813340
42,45,850531
42,46,649635
42,47,577883
42,48,646071
42,49,687612
42,50,490349
42,51,3199382
42,52,2548687
42,53,898196
42,54,942959
42,55,1784267
42,56,5730766
42,57,2776367
42,58,737480
42,59,749467
42,60,5260074
42,61,1757149
42,62,2184212
42,63,557269
42,64,1395737
42,65,1011103
42,66,1162093
42,67,1646301
42,68,832687
42,69,559323
42,70,622048
42,71,4514529
42,72,778498
42,73,2802321
42,74,860480
42,75,2470749
42,76,1274508
42,77,637998
42,78,4894400
42,79,594549
42,80,1099277
42,81,2029947
42,82,576349
42,83,6525621
42,84,865510
42,85,3190993
42,86,2431026
42,87,805246
42,88,1157802
42,89,3979263
42,90,4808532
42,91,2677729
42,92,582142
42,93,697453
42,94,739469
42,95,1738156
42,96,1969748
42,97,663172
42,98,661955
42,99,525300
42,100,911845
42,101,875770
42,102,3464355
42,103,1060425
42,104,2107515
42,105,782864
42,106,539248
42,107,644511
42,108,7917948
42,109,961790
42,110,508030
42,111,552857
42,112,561964
42,113,1081506
42,114,809500
42,115,1431624
42,116,737295
42,117,2681116
42,118,3442373
42,119,3054059
42,120,1129380
42,121,1098973
42,122,638804
42,123,654235
42,124,2549696
42,125,671082
42,126,601312
42,127,1097455
43,0,8629932
43,1,1439109
43,2,619525
43,3,5053299
43,4,660549
43,5,4092758
43,6,865155
43,7,660404
43,8,564294
43,9,648148
43,10,2303808
43,11,849082
43,12,6262060
43,13,2056325
43,14,2630215
43,15,501900
43,16,532275
43,17,739033
43,18,1881227
43,19,829929
43,20,5819739
43,21,1005593
43,22,7816027
43,23,850445
43,24,531385
43,25,662052
43,26,11303834
43,27,768022
43,28,871778
43,29,912444
43,30,2794850
43,31,806684
43,32,931590
43,33,31273995
43,34,669932
43,35,758980
43,36,927938
43,37,1365766
43,38,819100
43,39,1533755
43,40,659391
43,41,776335
43,42,602567
43,44,1566376
43,45,613563
43,46,640017
43,47,1207060
43,48,1185356
43,49,1248392
43,50,724187
43,51,727896
43,52,500757
43,53,1646678
43,54,492711
43,55,5458758
43,56,1007464
43,57,1045652
43,58,571067
43,59,747545
43,60,2271375
43,61,494872
43,62,533857
43,63,626605
43,64,620447
43,65,1520372
43,66,1209694
43,67,549606
43,68,512903
43,69,953427
43,70,495605
43,71,481623
43,72,528850
43,73,1020784
43,74,981726
43,75,654993
43,76,1838530
43,77,1286081
43,78,3221428
43,79,2552729
43,80,4251711
43,81,3094047
43,82,482814
43,83,873134
43,84,617773
43,85,567950
43,86,1432176
43,87,1358130
43,88,1428875
43,89,1010600
43,90,1062957
43,91,811338
43,92,555855
43,93,501692
43,94,518023
43,95,1604863
43,96,593103
43,97,786282
43,98,1272813
43,99,3984770
43,100,575922
43,101,574188
43,102,6742610
43,103,887340
43,104,597581
43,105,753734
43,106,780885
43,107,938246
43,108,595390
43,109,492261
43,110,1462678
43,111,774256
43,112,1281767
43,113,638266
43,114,723950
43,115,6769748
43,116,1199973
43,117,645290
43,118,739095
43,119,1017832
43,120,976102
43,121,777380
43,122,918795
43,123,646531
43,124,593065
43,125,523316
43,126,662879
43,127,1099885
44,0,901492
44,1,503496
44,2,1326895
44,3,656993
44,4,613686
44,5,567572
44,6,1134906
44,7,1569758
44,8,869079
44,9,1613107
44,10,490176
44,11,490275
44,12,892826
44,13,513314
44,14,773496
44,15,665474
44,16,1376266
44,17,666015
44,18,702688
44,19,872229
44,20,823759
44,21,3814143
44,22,537083
44,23,636526
44,24,536053
44,25,7125905
44,26,487157
44,27,2067598
44,28,617523
44,29,1034772
44,30,2413035
44,31,694570
44,32,1001627
44,33,706827
44,34,3143295
44,35,1012745
44,36,1719619
44,37,540908
44,38,543513
44,39,487401
44,40,2034189
44,41,3030023
44,42,896654
44,43,2089920
44,45,1051533
44,46,1643288
44,47,2311877
44,48,493563
44,49,2961813
44,50,1595658
44,51,12460448
44,52,699811
44,53,1631730
44,54,1184276
44,55,1353012
44,56,3046502
44,57,787788
44,58,743293
44,59,649681
44,60,660018
44,61,721228
44,62,667002
44,63,550246
44,64,834401
44,65,527010
44,66,855689
44,67,926486
44,68,6645163
44,69,999535
44,70,524694
44,71,7561982
44,72,511349
44,73,578672
44,74,945660
44,75,716897
44,76,1496507
44,77,523144
44,78,845442
44,79,630453
44,80,489559
44,81,3028535
44,82,1113160
44,83,2029343
44,84,1745440
44,85,600413
44,86,687665
44,87,758914
44,88,698603
44,89,486427
44,90,552759
44,91,652725
44,92,686134
44,93,718879
44,94,634002
44,95,7261317
44,96,4529190
44,97,1295248
44,98,1038236
44,99,569435
44,100,857773
44,101,606608
44,102,568536
44,103,569608
44,104,4762732
44,105,1214431
44,106,11390983
44,107,776405
44,108,1291083
44,109,628890
44,110,690270
44,111,518499
44,112,880265
44,113,800521
44,114,1144973
44,115,1079312
44,116,2662048
44,117,1210449
44,118,1284352
44,119,2341462
44,120,844096
44,121,665720
44,122,1352284
44,123,808813
44,124,2832661
44,125,683042
44,126,600257
44,127,538301
45,0,1003854
45,1,519201
45,2,589748
45,3,619944
45,4,704751
45,5,571207
45,6,1300774
45,7,1547734
45,8,829364
45,9,1561333
45,10,483604
45,11,1130837
45,12,1155925
45,13,4428758
45,14,1029361
45,15,13309984
45,16,3035992
45,17,987782
45,18,501536
45,19,555560
45,20,512794
45,21,6680230
45,22,482647
45,23,562300
45,24,557963
45,25,1020012
45,26,3927791
45,27,916667
45,28,1077128
45,29,760238
45,30,884159
45,31,903541
45,32,1200900
45,33,726815
45,34,943390
45,35,695383
45,36,518527
45,37,480817
45,38,1974848
45,39,1704372
45,40,2857210
45,41,863473
45,42,1727990
45,43,586767
45,44,1689025
45,46,1309051
45,47,526284
45,48,720404
45,49,675524
45,50,653385
45,51,2110150
45,52,1097303
45,53,970435
45,54,1242350
45,55,972046
45,56,1923539
45,57,1198309
45,58,1466158
45,59,1850715
45,60,569366
45,61,1351558
45,62,1111598
45,63,490745
45,64,662198
45,65,685397
45,66,899066
45,67,511240
45,68,620405
45,69,19581404
45,70,567400
45,71,3112904
45,72,722586
45,73,1616720
45,74,497335
45,75,1729253
45,76,6508937
45,77,1052635
45,78,568122
45,79,1018472
45,80,884812
45,81,604461
45,82,1544785
45,83,3144913
45,84,501016
45,85,497769
45,86,8856086
45,87,1875641
45,88,904521
45,89,601077
45,90,1866081
45,91,580763
45,92,482599
45,93,812800
45,94,504469
45,95,792127
45,96,482719
45,97,990179
45,98,648705
45,99,1018600
45,100,531770
45,101,585991
45,102,696961
45,103,889601
45,104,1222870
45,105,719582
45,106,613113
45,107,866577
45,108,1742861
45,109,4449856
45,110,682677
45,111,642914
45,112,750625
45,113,1802105
45,114,817456
45,115,784000
45,116,574859
45,117,565280
45,118,1961874
45,119,644420
45,120,894640
45,121,2160272
45,122,570406
45,123,4043643
45,124,856816
45,125,1534721
45,126,673093
45,127,533767
46,0,898582
46,1,1100495
46,2,730008
46,3,498076
46,4,1687029
46,5,612704
46,6,3018164
46,7,582287
46,8,1170608
46,9,1369994
46,10,550182
46,11,889695
46,12,560156
46,13,857860
46,14,527651
46,15,746652
46,16,1866581
46,17,863826
46,18,522402
46,19,1374001
46,20,12284015
46,21,852328
46,22,2825007
46,23,3004947
46,24,687294
46,25,1027136
46,26,1445554
46,27,8446149
46,28,619483
46,29,2385733
46,30,651082
46,31,793293
46,32,3184317
46,33,815276
46,34,2609818
46,35,910051
46,36,492636
46,37,1254501
46,38,567778
46,39,584885
46,40,549862
46,41,801192
46,42,496443
46,43,485918
46,44,998921
46,45,3517590
46,47,624040
46,48,647316
46,49,1322268
46,50,910847
46,51,858470
46,52,629280
46,53,1295028
46,54,534938
46,55,1367006
46,56,576278
46,57,1305905
46,58,796078
46,59,585659
46,60,807595
46,61,719934
46,62,3116072
46,63,868005
46,64,1509730
46,65,550760
46,66,698328
46,67,881096
46,68,742537
46,69,1666191
46,70,1152023
46,71,680498
46,72,703857
46,73,4478341
46,74,579751
46,75,20412514
46,76,1333905
46,77,1605577
46,78,734213
46,79,1339810
46,80,754190
46,81,1289774
46,82,496544
46,83,540107
46,84,700473
46,85,826311
46,86,548076
46,87,637060
46,88,579823
46,89,1179264
46,90,1528307
46,91,749660
46,92,495656
46,93,823283
46,94,577097
46,95,758782
46,96,3133626
46,97,1076402
46,98,571451
46,99,2439221
46,100,702355
46,101,668886
46,102,482790
46,103,482289
46,104,531059
46,105,648798
46,106,1061549
46,107,762101
46,108,529525
46,109,1743290
46,110,1392363
46,111,756019
46,112,636082
46,113,10682320
46,114,758584
46,115,18044260
46,116,496494
46,117,1341951
46,118,7905044
46,119,1311761
46,120,548681
46,121,484396
46,122,1232425
46,123,628630
46,124,587212
46,125,1400440
46,126,598006
46,127,2230191
47,0,517241
47,1,606170
47,2,1069203
47,3,738535
47,4,915053
47,5,606529
47,6,605771
47,7,10087944
47,8,825991
47,9,1640662
47,10,1378034
47,11,8357514
47,12,1023366
47,13,1367503
47,14,491092
47,15,650148
47,16,1032257
47,17,678283
47,18,1702742
47,19,697289
47,20,7402659
47,21,543014
47,22,1861590
47,23,824953
47,24,1023884
47,25,1014265
47,26,845021
47,27,3084715
47,28,568467
47,29,944253
47,30,640378
47,31,615453
47,32,689363
47,33,674813
47,34,4868279
47,35,2476408
47,36,633033
47,37,592762
47,38,588514
47,39,1068774
47,40,559356
47,41,602253
47,42,647223
47,43,595428
47,44,576812
47,45,902955
47,46,762635
47,48,1423410
47,49,63933356
47,50,486306
47,51,3149779
47,52,713831
47,53,559656
47,54,664884
47,55,2343130
47,56,3302263
47,57,588141
47,58,2544658
47,59,1037969
47,60,717887
47,61,973896
47,62,484372
47,63,734827
47,64,604382
47,65,1113786
47,66,658958
47,67,1256963
47,68,1959637
47,69,1791994
47,70,4229507
47,71,542331
47,72,592648
47,73,731830
47,74,877049
47,75,827995
47,76,536537
47,77,641553
47,78,1025703
47,79,559989
47,80,2034797
47,81,1176068
47,82,987423
47,83,487841
47,84,667893
47,85,573272
47,86,735258
47,87,1256141
47,88,494015
47,89,1546750
47,90,10340078
47,91,9185313
47,92,1224613
47,93,4245340
47,94,482337
47,95,528528
47,96,1087110
47,97,615165
47,98,3998612
47,99,1583453
47,100,636393
47,101,2564945
47,102,3862299
47,103,1482349
47,104,526952
47,105,791691
47,106,595122
47,107,2295004
47,108,2523742
47,109,916768
47,110,558228
47,111,805851
47,112,502475
47,113,945335
47,114,1405972
47,115,510779
47,116,515269
47,117,619734
47,118,746525
47,119,526458
47,120,1485336
47,121,746907
47,122,575213
47,123,529143
47,124,762234
47,125,1544458
47,126,557831
47,127,834892
48,0,969861
48,1,6186839
48,2,1072933
48,3,1089639
48,4,1771259
48,5,570198
48,6,649216
48,7,495808
48,8,597349
48,9,822411
48,10,1350590
48,11,1589704
48,12,795197
48,13,585437
48,14,593217
48,15,498102
48,16,3643264
48,17,50789801
48,18,709372
48,19,487328
48,20,763237
48,21,839839
48,22,817769
48,23,8214343
48,24,764780
48,25,740655
48,26,2246006
48,27,9642963
48,28,642551
48,29,1039978
48,30,616693
48,31,672438
48,32,1364528
48,33,652490
48,34,496062
48,35,1134742
48,36,1087259
48,37,3801694
48,38,840670
48,39,917679
48,40,627250
48,41,632331
48,42,1030412
48,43,897135
48,44,2084128
48,45,1093080
48,46,5774867
48,47,966774
48,49,811108
48,50,507095
48,51,538545
48,52,710566
48,53,1708873
48,54,1545767
48,55,946528
48,56,2647672
48,57,567332
48,58,544075
48,59,506216
48,60,513287
48,61,3484614
48,62,768906
48,63,517464
48,64,910250
48,65,1006091
48,66,611807
48,67,674712
48,68,1644793
48,69,1861093
48,70,613973
48,71,15080447
48,72,777659
48,73,3462343
48,74,1154395
48,75,8552272
48,76,2507091
48,77,655041
48,78,565109
48,79,13436096
48,80,8063082
48,81,7358513
48,82,694787
48,83,671634
48,84,893971
48,85,2615151
48,86,652067
48,87,745825
48,88,6862011
48,89,601664
48,90,2557803
48,91,815742
48,92,1287165
48,93,497079
48,94,538057
48,95,1067919
48,96,614178
48,97,2188499
48,98,1136378
48,99,2388345
48,100,2132175
48,101,1320657
48,102,1191519
48,103,532871
48,104,3819148
48,105,1276633
48,106,1112378
48,107,2185639
48,108,615660
48,109,576634
48,110,573589
48,111,489017
48,112,1651223
48,113,1318592
48,114,1354227
48,115,922879
48,116,743482
48,117,496163
48,118,669234
48,119,1012239
48,120,80478244
48,121,1685038
48,122,574753
48,123,1541522
48,124,544419
48,125,1461811
48,126,563109
48,127,518892
49,0,662782
49,1,899647
49,2,1057768
49,3,683773
49,4,491813
49,5,2325742
49,6,769928
49,7,492012
49,8,892160
49,9,2554756
49,10,1307027
49,11,1111910
49,12,4081081
49,13,548776
49,14,725319
49,15,1503855
49,16,1059165
49,17,2735471
49,18,696090
49,19,10363706
49,20,515767
49,21,2621583
49,22,7481366
49,23,1277699
49,24,717595
49,25,1668521
49,26,4631025
49,27,2968905
49,28,1501703
49,29,613932
49,30,848657
49,31,621541
49,32,1603795
49,33,504390
49,34,1115198
49,35,1378540
49,36,1944138
49,37,3603192
49,38,491142
49,39,1119458
49,40,563718
49,41,695329
49,42,5360030
49,43,1670858
49,44,634752
49,45,1466449
49,46,3066239
49,47,490547
49,48,571416
49,50,2813613
49,51,986587
49,52,1230854
49,53,619776
49,54,784284
49,55,3350009
49,56,949909
49,57,542393
49,58,1209883
49,59,512821
49,60,548045
49,61,902271
49,62,1798874
49,63,1055680
49,64,1471999
49,65,577848
49,66,896078
49,67,536295
49,68,572395
49,69,602410
49,70,1116142
49,71,676900
49,72,557897
49,73,523431
49,74,702466
49,75,1022978
49,76,580293
49,77,1237763
49,78,822727
49,79,752176
49,80,2138272
49,81,708238
49,82,1570436
49,83,1183557
49,84,38438141
49,85,2739025
49,86,920424
49,87,838348
49,88,624637
49,89,506402
49,90,1116299
49,91,510833
49,92,1385157
49,93,2547678
49,94,1416108
49,95,648984
49,96,576242
49,97,1754967
49,98,675982
49,99,2463249
49,100,2405037
49,101,1631360
49,102,651176
49,103,873225
49,104,3877792
49,105,694029
49,106,851557
49,107,3882988
49,108,626691
49,109,555331
49,110,628328
49,111,5945592
49,112,872049
49,113,702632
49,114,1596010
49,115,482170
49,116,494746
49,117,498204
49,118,510345
49,119,1072357
49,120,684872
49,121,769792
49,122,3829204
49,123,2126117
49,124,1012113
49,125,685765
49,126,2466055
49,127,508916
50,0,557368
50,1,636348
50,2,1184816
50,3,693166
50,4,646900
50,5,642732
50,6,963257
50,7,538148
50,8,1021170
50,9,700087
50,10,1536658
50,11,1138184
50,12,1062393
50,13,1109109
50,14,1801642
50,15,546619
50,16,742852
50,17,5885222
50,18,1224225
50,19,1038103
50,20,798960
50,21,4287139
50,22,1118983
50,23,1548063
50,24,2258226
50,25,533588
50,26,829283
50,27,892731
50,28,2430120
50,29,2307835
50,30,516684
50,31,843760
50,32,1521952
50,33,2243731
50,34,749403
50,35,857947
50,36,1496202
50,37,676645
50,38,571660
50,39,541526
50,40,1083858
50,41,1722539
50,42,794976
50,43,936228
50,44,537752
50,45,555724
50,46,874677
50,47,719230
50,48,667794
50,49,614548
50,51,501302
50,52,596349
50,53,1338624
50,54,1482647
50,55,568951
50,56,532752
50,57,582324
50,58,566920
50,59,710281
50,60,539187
50,61,1523218
50,62,646946
50,63,730493
50,64,751141
50,65,1587614
50,66,501614
50,67,587249
50,68,523976
50,69,913346
50,70,1323190
50,71,1248190
50,72,8806507
50,73,2162360
50,74,1226361
50,75,819964
50,76,11539643
50,77,552921
50,78,531859
50,79,1600246
50,80,706771
50,81,512712
50,82,1563682
50,83,2233934
50,84,540939
50,85,1321346
50,86,885840
50,87,1574862
50,88,511485
50,89,593787
50,90,575745
50,91,775571
50,92,1088894
50,93,832606
50,94,481790
50,95,1890448
50,96,526400
50,97,584959
50,98,572185
50,99,604501
50,100,620952
50,101,582688
50,102,6947505
50,103,971125
50,104,689257
50,105,716374
50,106,517018
50,107,1220171
50,108,1636182
50,109,568398
50,110,5938815
50,111,1661938
50,112,1047149
50,113,554873
50,114,676952
50,115,3233441
50,116,1420696
50,117,608853
50,118,604818
50,119,1308826
50,120,913045
50,121,2914579
50,122,602135
50,123,1095489
50,124,644786
50,125,1261505
50,126,1607362
50,127,655183
51,0,522916
51,1,719875
51,2,2213155
51,3,498538
51,4,737914
51,5,662344
51,6,629714
51,7,872500
51,8,1665803
51,9,491440
51,10,3159561
51,11,1231443
51,12,2062571
51,13,681119
51,14,549542
51,15,679827
51,16,2947743
51,17,940917
51,18,2792370
51,19,857599
51,20,564328
51,21,513068
51,22,6928299
51,23,506775
51,24,501146
51,25,523689
51,26,494897
51,27,534157
51,28,1150167
51,29,968143
51,30,1112847
51,31,799034
51,32,969975
51,33,1315394
51,34,646762
51,35,788148
51,36,2014363
51,37,795343
51,38,2978898
51,39,1157289
51,40,538179
51,41,1417454
51,42,875496
51,43,583601
51,44,674357
51,45,658477
51,46,2966064
51,47,1020912
51,48,952876
51,49,531978
51,50,678078
51,52,1935948
51,53,679157
51,54,1206872
51,55,775433
51,56,895310
51,57,978670
51,58,586804
51,59,518667
51,60,2964645
51,61,538240
51,62,4411348
51,63,1201086
51,64,581161
51,65,925762
51,66,554156
51,67,528791
51,68,542207
51,69,1194261
51,70,1200344
51,71,583016
51,72,1265667
51,73,519004
51,74,1199603
51,75,632463
51,76,688354
51,77,622979
51,78,1574180
51,79,1053878
51,80,648844
51,81,660791
51,82,1391070
51,83,866934
51,84,506908
51,85,2811095
51,86,539003
51,87,1175714
51,88,574329
51,89,1905520
51,90,1559660
51,91,684925
51,92,737728
51,93,1566039
51,94,1106478
51,95,1349141
51,96,1680282
51,97,644465
51,98,523603
51,99,659873
51,100,590423
51,101,2039673
51,102,717013
51,103,705367
51,104,589935
51,105,579679
51,106,1198863
51,107,879619
51,108,950347
51,109,628717
51,110,1497116
51,111,500990
51,112,511376
51,113,505871
51,114,691607
51,115,771022
51,116,2318379
51,117,488306
51,118,807139
51,119,1531827
51,120,875405
51,121,8598678
51,122,673548
51,123,575567
51,124,685660
51,125,723000
51,126,3821657
51,127,547569
52,0,596579
52,1,8256712
52,2,747354
52,3,976451
52,4,802389
52,5,851728
52,6,611523
52,7,788940
52,8,867380
52,9,4207562
52,10,809423
52,11,705703
52,12,482266
52,13,623658
52,14,627293
52,15,1042266
52,16,2915944
52,17,3136842
52,18,1228701
52,19,2931055
52,20,715910
52,21,681274
52,22,1262958
52,23,824077
52,24,27573997
52,25,692574
52,26,859255
52,27,1728411
52,28,3344420
52,29,8645655
52,30,1223064
52,31,574930
52,32,622386
52,33,805398
52,34,9465437
52,35,753669
52,36,540200
52,37,704248
52,38,623488
52,39,928666
52,40,538973
52,41,501094
52,42,779830
52,43,3536450
52,44,655468
52,45,1398607
52,46,4040795
52,47,631456
52,48,802913
52,49,1161748
52,50,2065081
52,51,522944
52,53,1107869
52,54,925659
52,55,562570
52,56,513946
52,57,481315
52,58,528733
52,59,1052773
52,60,1107250
52,61,808965
52,62,495200
52,63,497923
52,64,1000888
52,65,640423
52,66,2241462
52,67,649588
52,68,504101
52,69,505024
52,70,1348900
52,71,10132754
52,72,725797
52,73,2156801
52,74,602174
52,75,486112
52,76,659728
52,77,7105575
52,78,481386
52,79,929499
52,80,844684
52,81,532692
52,82,605931
52,83,696580
52,84,835056
52,85,1769925
52,86,489855
52,87,630758
52,88,483676
52,89,1366014
52,90,6331542
52,91,743356
52,92,1156607
52,93,496189
52,94,877782
52,95,3101873
52,96,780322
52,97,665375
52,98,825591
52,99,547822
52,100,629801
52,101,1035303
52,102,5270398
52,103,955864
52,104,1670078
52,105,1011356
52,106,1986864
52,107,2674351
52,108,712395
52,109,496087
52,110,505818
52,111,727776
52,112,567469
52,113,1120251
52,114,605692
52,115,488968
52,116,2186353
52,117,1827477
52,118,2460449
52,119,2382261
52,120,870876
52,121,1293490
52,122,909753
52,123,633869
52,124,18643270
52,125,1204064
52,126,540292
52,127,508781
53,0,2703946
53,1,1784720
53,2,528235
53,3,1004847
53,4,19884018
53,5,572675
53,6,650381
53,7,1609152
53,8,1028313
53,9,488085
53,10,1903948
53,11,2304612
53,12,569400
53,13,13608493
53,14,1042536
53,15,541186
53,16,877873
53,17,1179799
53,18,5925314
53,19,1247987
53,20,679981
53,21,592952
53,22,707165
53,23,1003730
53,24,1220941
53,25,873406
53,26,548936
53,27,3930462
53,28,2242218
53,29,934641
53,30,6880805
53,31,1424772
53,32,537265
53,33,924834
53,34,732195
53,35,545234
53,36,6300448
53,37,540846
53,38,699371
53,39,10557197
53,40,1178730
53,41,1697872
53,42,707391
53,43,1155584
53,44,729282
53,45,518275
53,46,591213
53,47,3794268
53,48,559622
53,49,803514
53,50,2158882
53,51,503391
53,52,193809694
53,54,509697
53,55,827112
53,56,534517
53,57,1617083
53,58,520188
53,59,1876147
53,60,662636
53,61,776683
53,62,1256552
53,63,1240351
53,64,517911
53,65,1267340
53,66,810035
53,67,577490
53,68,498666
53,69,790675
53,70,1486834
53,71,757135
53,72,2003731
53,73,750368
53,74,966205
53,75,586101
53,76,692090
53,77,1109885
53,78,789301
53,79,1472586
53,80,1140658
53,81,554286
53,82,1445836
53,83,709712
53,84,535389
53,85,1192980
53,86,838183
53,87,1904472
53,88,1629514
53,89,1250218
53,90,735319
53,91,597465
53,92,1702335
53,93,1448377
53,94,501380
53,95,1276208
53,96,672740
53,97,2874285
53,98,494998
53,99,539769
53,100,13741097
53,101,595199
53,102,1029492
53,103,791110
53,104,513342
53,105,11051150
53,106,4474757
53,107,5354662
53,108,593711
53,109,2336472
53,110,879712
53,111,673446
53,112,659102
53,113,1067207
53,114,594397
53,115,1168684
53,116,654804
53,117,804342
53,118,871236
53,119,1086814
53,120,527622
53,121,1321577
53,122,2712041
53,123,702022
53,124,517687
53,125,987542
53,126,575887
53,127,2929674
54,0,116522654
54,1,1174653
54,2,580871
54,3,991504
54,4,757990
54,5,741156
54,6,699646
54,7,816209
54,8,2879585
54,9,1267759
54,10,1397562
54,11,3177673
54,12,791182
54,13,612663
54,14,894353
54,15,1153038
54,16,696035
54,17,1004350
54,18,715620
54,19,2010805
54,20,10110293
54,21,545988
54,22,638490
54,23,773634
54,24,14351086
54,25,1194078
54,26,519793
54,27,9407881
54,28,984091
54,29,1356908
54,30,625790
54,31,707617
54,32,1630251
54,33,2042121
54,34,1506940
54,35,4306745
54,36,884066
54,37,854134
54,38,2853302
54,39,592005
54,40,2571102
54,41,633209
54,42,1824618
54,43,8773799
54,44,652114
54,45,1698277
54,46,820515
54,47,1506013
54,48,619986
54,49,1468780
54,50,1003358
54,51,730736
54,52,947071
54,53,541680
54,55,588589
54,56,759907
54,57,1173947
54,58,601625
54,59,558957
54,60,847554
54,61,1497421
54,62,531919
54,63,482504
54,64,1404122
54,65,705199
54,66,532901
54,67,1419343
54,68,653196
54,69,624850
54,70,938353
54,71,663562
54,72,1228505
54,73,955752
54,74,685607
54,75,803965
54,76,536992
54,77,6277352
54,78,800745
54,79,1015536
54,80,1196833
54,81,602843
54,82,621710
54,83,959880
54,84,41386257
54,85,2449322
54,86,664051
54,87,974011
54,88,644328
54,89,1581037
54,90,484108
54,91,531029
54,92,635062
54,93,738101
54,94,656039
54,95,901297
54,96,563955
54,97,500161
54,98,618064
54,99,1069775
54,100,719523
54,101,596425
54,102,522345
54,103,1789258
54,104,525907
54,105,1128250
54,106,934430
54,107,1214241
54,108,830253
54,109,868542
54,110,514855
54,111,525416
54,112,575532
54,113,1000641
54,114,598160
54,115,537387
54,116,776196
54,117,748441
54,118,520442
54,119,2371912
54,120,1737304
54,121,1456060
54,122,637149
54,123,764377
54,124,11246563
54,125,709769
54,126,1211963
54,127,525271
55,0,661663
55,1,4952093
55,2,745127
55,3,10508065
55,4,2575225
55,5,70250516
55,6,590348
55,7,652772
55,8,686028
55,9,2283121
55,10,582724
55,11,3231719
55,12,516878
55,13,626519
55,14,3618657
55,15,530497
55,16,489978
55,17,506961
55,18,1102941
55,19,524378
55,20,625149
55,21,5891861
55,22,10759010
55,23,555790
55,24,693058
55,25,2051978
55,26,2255923
55,27,620573
55,28,1331325
55,29,12831034
55,30,655849
55,31,1066070
55,32,1061127
55,33,768430
55,34,507361
55,35,3021119
55,36,1979406
55,37,870606
55,38,24081395
55,39,1041592
55,40,649775
55,41,960553
55,42,1154564
55,43,3219720
55,44,552565
55,45,781238
55,46,721640
55,47,639432
55,48,2209490
55,49,700694
55,50,128794256
55,51,542641
55,52,622090
55,53,752500
55,54,612949
55,56,693274
55,57,493312
55,58,532246
55,59,489288
55,60,693112
55,61,558261
55,62,653008
55,63,543357
55,64,654899
55,65,635726
55,66,1237366
55,67,2097699
55,68,3202752
55,69,1060145
55,70,499129
55,71,2532659
55,72,686766
55,73,971816
55,74,483508
55,75,634310
55,76,647038
55,77,3372574
55,78,887716
55,79,620154
55,80,592686
55,81,1986288
55,82,542083
55,83,533110
55,84,480793
55,85,1002987
55,86,552889
55,87,492961
55,88,992590
55,89,597851
55,90,3223138
55,91,632638
55,92,608451
55,93,785139
55,94,1111130
55,95,5794002
55,96,1997878
55,97,944361
55,98,6899714
55,99,549766
55,100,1071495
55,101,1649705
55,102,560089
55,103,614918
55,104,594054
55,105,897424
55,106,486184
55,107,708351
55,108,1829388
55,109,1197570
55,110,584297
55,111,763371
55,112,519454
55,113,2335643
55,114,661809
55,115,942743
55,116,2721359
55,117,1229874
55,118,506668
55,119,1434386
55,120,639882
55,121,1020655
55,122,1397301
55,123,1034241
55,124,808508
55,125,742412
55,126,812569
55,127,610914
56,0,1491351
56,1,648751
56,2,3083166
56,3,503522
56,4,649262
56,5,841503
56,6,481766
56,7,538759
56,8,2921419
56,9,9332354
56,10,1064228
56,11,511675
56,12,930021
56,13,4128244
56,14,833258
56,15,605215
56,16,1910253
56,17,774463
56,18,1182122
56,19,532038
56,20,629107
56,21,849593
56,22,657758
56,23,1488637
56,24,954533
56,25,484589
56,26,878148
56,27,826951
56,28,616486
56,29,627637
56,30,711879
56,31,691875
56,32,657998
56,33,2025725
56,34,995745
56,35,4313325
56,36,2694762
56,37,1323652
56,38,793074
56,39,2347313
56,40,860042
56,41,2922791
56,42,614959
56,43,1143475
56,44,640062
56,45,1436326
56,46,702077
56,47,2032369
56,48,1332496
56,49,1457780
56,50,671383
56,51,638714
56,52,1092030
56,53,5986620
56,54,1245363
56,55,508593
56,57,1745009
56,58,927419
56,59,1380823
56,60,2371054
56,61,2008441
56,62,560623
56,63,738597
56,64,1073653
56,65,687030
56,66,1753661
56,67,7219038
56,68,1686232
56,69,1362306
56,70,1312894
56,71,500006
56,72,495428
56,73,599634
56,74,513424
56,75,619065
56,76,524637
56,77,936122
56,78,967116
56,79,645198
56,80,1060846
56,81,818552
56,82,539831
56,83,3641012
56,84,1476119
56,85,3511354
56,86,560389
56,87,699536
56,88,1104168
56,89,769246
56,90,599790
56,91,730554
56,92,686608
56,93,729706
56,94,541371
56,95,521434
56,96,711136
56,97,11569901
56,98,1165725
56,99,557930
56,100,1073942
56,101,3757623
56,102,541217
56,103,974591
56,104,796668
56,105,683825
56,106,831468
56,107,704807
56,108,2157494
56,109,1742432
56,110,587732
56,111,1234199
56,112,1172363
56,113,2252097
56,114,527884
56,115,1536012
56,116,535721
56,117,523517
56,118,1627672
56,119,942420
56,120,1224419
56,121,629540
56,122,648056
56,123,693382
56,124,662977
56,125,1300552
56,126,779479
56,127,1169732
57,0,765588
57,1,521832
57,2,574047
57,3,502841
57,4,554384
57,5,531177
57,6,1252253
57,7,5865403
57,8,510697
57,9,855949
57,10,538942
57,11,533947
57,12,52548853
57,13,19681119
57,14,609780
57,15,1255936
57,16,583455
57,17,1529585
57,18,1457493
57,19,591401
57,20,53480997
57,21,487084
57,22,2113454
57,23,632156
57,24,1782460
57,25,822807
57,26,482981
57,27,1989171
57,28,535842
57,29,4110415
57,30,892636
57,31,801865
57,32,540631
57,33,1282627
57,34,6362984
57,35,4072372
57,36,1537951
57,37,1882246
57,38,1278553
57,39,1160200
57,40,1119616
57,41,2117434
57,42,1467613
57,43,1471706
57,44,555921
57,45,1049199
57,46,533020
57,47,805775
57,48,1202201
57,49,673144
57,50,966091
57,51,538270
57,52,2333159
57,53,1006340
57,54,2431934
57,55,485821
57,56,519257
57,58,4055080
57,59,610995
57,60,1540547
57,61,716839
57,62,1268179
57,63,850275
57,64,543669
57,65,626433
57,66,533887
57,67,1493166
57,68,728377
57,69,709258
57,70,561662
57,71,530881
57,72,1137527
57,73,1153546
57,74,1819403
57,75,503601
57,76,512767
57,77,806078
57,78,747290
57,79,883414
57,80,572465
57,81,513122
57,82,798812
57,83,2051359
57,84,493362
57,85,904325
57,86,1265458
57,87,837687
57,88,620910
57,89,706096
57,90,495757
57,91,1244156
57,92,1187885
57,93,1184096
57,94,3080073
57,95,533827
57,96,7853900
57,97,657375
57,98,1063239
57,99,492561
57,100,746334
57,101,891305
57,102,1136706
57,103,908265
57,104,767615
57,105,3738402
57,106,1374252
57,107,698987
57,108,2040896
57,109,887528
57,110,4693845
57,111,1941399
57,112,1225389
57,113,1054294
57,114,1042806
57,115,1104322
57,116,503312
57,117,584004
57,118,2224975
57,119,972508
57,120,1782912
57,121,657232
57,122,2261304
57,123,961115
57,124,1386694
57,125,512849
57,126,607528
57,127,9351107
58,0,1309276
58,1,811492
58,2,2214624
58,3,940275
58,4,10836951
58,5,2778815
58,6,506562
58,7,2827553
58,8,934746
58,9,691446
58,10,748505
58,11,539555
58,12,1156948
58,13,2179235
58,14,4270953
58,15,966660
58,16,1554335
58,17,510725
58,18,656611
58,19,844852
58,20,527768
58,21,833911
58,22,1306129
58,23,917477
58,24,6475854
58,25,568881
58,26,1124875
58,27,23770163
58,28,486573
58,29,515961
58,30,948815
58,31,488796
58,32,825272
58,33,738349
58,34,2104231
58,35,1054155
58,36,485797
58,37,487011
58,38,3867448
58,39,1228896
58,40,490077
58,41,823600
58,42,1069918
58,43,668240
58,44,827192
58,45,629063
58,46,1085038
58,47,530822
58,48,5020595
58,49,722941
58,50,1789713
58,51,631194
58,52,972392
58,53,4366793
58,54,537205
58,55,1546422
58,56,1141982
58,57,1180870
58,59,1132623
58,60,728317
58,61,1431349
58,62,3645520
58,63,1537628
58,64,4089832
58,65,688938
58,66,810801
58,67,652255
58,68,1801180
58,69,937183
58,70,663269
58,71,645703
58,72,1524804
58,73,1306802
58,74,772807
58,75,1704780
58,76,726156
58,77,781520
58,78,1116772
58,79,505341
58,80,22748484
58,81,739718
58,82,7828605
58,83,514193
58,84,1264624
58,85,625662
58,86,1174300
58,87,1761531
58,88,3289668
58,89,1557325
58,90,506881
58,91,542610
58,92,755888
58,93,530852
58,94,2265166
58,95,558029
58,96,860568
58,97,3625331
58,98,492237
58,99,2026327
58,100,560556
58,101,658046
58,102,528381
58,103,486160
58,104,7424956
58,105,1669299
58,106,487547
58,107,599945
58,108,504417
58,109,967002
58,110,529114
58,111,675118
58,112,600764
58,113,1135232
58,114,1309502
58,115,485482
58,116,3100304
58,117,484252
58,118,539095
58,119,1628408
58,120,17642150
58,121,489608
58,122,811185
58,123,1149999
58,124,492187
58,125,817066
58,126,1055264
58,127,591477
59,0,1303669
59,1,613768
59,2,1454059
59,3,832769
59,4,1273448
59,5,552403
59,6,798737
59,7,1170432
59,8,761968
59,9,178143304
59,10,631937
59,11,733111
59,12,1013758
59,13,3789336
59,14,3557674
59,15,618773
59,16,1149158
59,17,3909202
59,18,552339
59,19,1086073
59,20,1634323
59,21,502998
59,22,665228
59,23,677565
59,24,484420
59,25,848402
59,26,856469
59,27,599207
59,28,4012562
59,29,1500477
59,30,3530138
59,31,526342
59,32,1040247
59,33,628285
59,34,998309
59,35,3888199
59,36,738038
59,37,6966830
59,38,1152530
59,39,2408584
59,40,2058818
59,41,912945
59,42,3125619
59,43,708295
59,44,682365
59,45,512739
59,46,1610229
59,47,1100800
59,48,1230462
59,49,1251438
59,50,2683380
59,51,502344
59,52,565928
59,53,1088001
59,54,519877
59,55,552436
59,56,1498336
59,57,7527194
59,58,669284
59,60,635372
59,61,481125
59,62,1105861
59,63,1114100
59,64,599479
59,65,529319
59,66,729464
59,67,792345
59,68,740968
59,69,873950
59,70,487645
59,71,532454
59,72,1367752
59,73,1663482
59,74,878057
59,75,1227335
59,76,3786875
59,77,529996
59,78,1219979
59,79,1077273
59,80,697071
59,81,1052911
59,82,725737
59,83,499877
59,84,543326
59,85,7005846
59,86,806608
59,87,2276057
59,88,1032785
59,89,986349
59,90,727115
59,91,1241750
59,92,489731
59,93,1234791
59,94,2007261
59,95,886121
59,96,715852
59,97,540046
59,98,6209191
59,99,6056435
59,100,1011986
59,101,1300996
59,102,487352
59,103,489583
59,104,529349
59,105,502187
59,106,482766
59,107,310165508
59,108,591967
59,109,812723
59,110,814191
59,111,496621
59,112,1059865
59,113,511948
59,114,566372
59,115,749210
59,116,2251334
59,117,3410954
59,118,2361663
59,119,867023
59,120,600530
59,121,677719
59,122,3122430
59,123,653763
59,124,501458
59,125,5442019
59,126,622682
59,127,1842409
60,0,527039
60,1,2236938
60,2,749531
60,3,531000
60,4,1568403
60,5,1117245
60,6,1003482
60,7,561595
60,8,2398857
60,9,532335
60,10,589224
60,11,880172
60,12,2297398
60,13,1603084
60,14,563989
60,15,598392
60,16,567503
60,17,2944947
60,18,738971
60,19,1723793
60,20,1076257
60,21,1009719
60,22,3067769
60,23,1591800
60,24,917375
60,25,534968
60,26,537478
60,27,674560
60,28,571521
60,29,487596
60,30,3596609
60,31,797036
60,32,999167
60,33,573554
60,34,974939
60,35,500265
60,36,672891
60,37,1004474
60,38,1623637
60,39,518191
60,40,1144140
60,41,562907
60,42,1029624
60,43,566201
60,44,1736453
60,45,518808
60,46,2473575
60,47,6014327
60,48,661906
60,49,848487
60,50,1071064
60,51,571835
60,52,1263166
60,53,616445
60,54,1461234
60,55,511621
60,56,9582960
60,57,29416474
60,58,517743
60,59,26947893
60,61,3476478
60,62,641055
60,63,495352
60,64,984328
60,65,1209129
60,66,657567
60,67,744747
60,68,748569
60,69,1215384
60,70,868094
60,71,1000149
60,72,1372997
60,73,3197700
60,74,2496448
60,75,5521136
60,76,11189941
60,77,649495
60,78,586693
60,79,531414
60,80,1021686
60,81,2654285
60,82,543108
60,83,716316
60,84,638849
60,85,668637
60,86,674458
60,87,2239951
60,88,1701115
60,89,904619
60,90,695764
60,91,2177109
60,92,648241
60,93,778428
60,94,919303
60,95,720992
60,96,1452919
60,97,3216310
60,98,928770
60,99,5234462
60,100,709997
60,101,493965
60,102,987065
60,103,674661
60,104,595160
60,105,1060005
60,106,813032
60,107,3946579
60,108,796005
60,109,1692230
60,110,2329856
60,111,3277181
60,112,486087
60,113,1677521
60,114,667496
60,115,1211206
60,116,882392
60,117,592232
60,118,758518
60,119,578134
60,120,680550
60,121,844516
60,122,614424
60,123,873769
60,124,687136
60,125,611279
60,126,3714685
60,127,681949
61,0,983261
61,1,760438
61,2,1063380
61,3,3872613
61,4,1394697
61,5,521718
61,6,952325
61,7,849934
61,8,503759
61,9,847384
61,10,1522585
61,11,1507869
61,12,1143309
61,13,560289
61,14,4525515
61,15,7504201
61,16,748377
61,17,1245162
61,18,849167
61,19,538789
61,20,4481930
61,21,1887876
61,22,700859
61,23,22888368
61,24,514358
61,25,2910493
61,26,665523
61,27,634355
61,28,614589
61,29,487792
61,30,719055
61,31,904227
61,32,5392490
61,33,559389
61,34,1178908
61,35,744873
61,36,573378
61,37,669633
61,38,888280
61,39,1025963
61,40,893398
61,41,1585877
61,42,1435217
61,43,516489
61,44,1120886
61,45,927731
61,46,2579363
61,47,1797493
61,48,751271
61,49,676288
61,50,504285
61,51,650942
61,52,1217293
61,53,564396
61,54,810341
61,55,33091650
61,56,1929991
61,57,775641
61,58,660259
61,59,499516
61,60,556183
61,62,609700
61,63,614794
61,64,45549053
61,65,539892
61,66,580004
61,67,919405
61,68,557072
61,69,675677
61,70,555004
61,71,1080920
61,72,7436161
61,73,757793
61,74,2441051
61,75,1411820
61,76,569296
61,77,1136542
61,78,12908156
61,79,1988017
61,80,2784958
61,81,14971168
61,82,960217
61,83,935698
61,84,991263
61,85,2125446
61,86,1297231
61,87,790820
61,88,561092
61,89,511050
61,90,619358
61,91,6172038
61,92,1458355
61,93,488061
61,94,511186
61,95,1127122
61,96,3314966
61,97,483700
61,98,1296128
61,99,866221
61,100,981254
61,101,551146
61,102,551403
61,103,720698
61,104,3010805
61,105,1660014
61,106,3839319
61,107,742160
61,108,1213670
61,109,761368
61,110,503103
61,111,3523851
61,112,3270093
61,113,1393399
61,114,742789
61,115,1806278
61,116,1111286
61,117,778148
61,118,702799
61,119,8476167
61,120,645979
61,121,4116339
61,122,667447
61,123,1122797
61,124,1586571
61,125,11723911
61,126,4934179
61,127,596310
62,0,1580692
62,1,8923178
62,2,482123
62,3,586028
62,4,1033976
62,5,2108173
62,6,551596
62,7,766735
62,8,1610588
62,9,998186
62,10,664933
62,11,2939372
62,12,802988
62,13,652302
62,14,3380172
62,15,862943
62,16,1499253
62,17,883042
62,18,2525718
62,19,1177841
62,20,1118034
62,21,1865581
62,22,1177663
62,23,606130
62,24,1103708
62,25,581596
62,26,887998
62,27,1093531
62,28,1897171
62,29,1223451
62,30,4979240
62,31,785925
62,32,2505148
62,33,10269916
62,34,1425045
62,35,531800
62,36,623870
62,37,523947
62,38,494948
62,39,504812
62,40,747737
62,41,570337
62,42,610346
62,43,572886
62,44,592421
62,45,1979978
62,46,517548
62,47,943174
62,48,565143
62,49,620615
62,50,574117
62,51,1060285
62,52,482218
62,53,548235
62,54,3755208
62,55,943282
62,56,681637
62,57,3263040
62,58,1939214
62,59,637908
62,60,1025052
62,61,791473
62,63,502005
62,64,3081618
62,65,509212
62,66,3581354
62,67,1298336
62,68,739220
62,69,580329
62,70,6619133
62,71,646163
62,72,970090
62,73,1084595
62,74,1900292
62,75,518107
62,76,489312
62,77,1175360
62,78,893493
62,79,1709284
62,80,1354470
62,81,649309
62,82,1596714
62,83,486694
62,84,482242
62,85,904815
62,86,946419
62,87,12353910
62,88,510643
62,89,1450076
62,90,3695954
62,91,774048
62,92,1265876
62,93,1820349
62,94,1888390
62,95,512220
62,96,611157
62,97,646485
62,98,862855
62,99,992832
62,100,494771
62,101,1107714
62,102,741031
62,103,982552
62,104,646669
62,105,1815161
62,106,1253069
62,107,545674
62,108,878699
62,109,1343621
62,110,2131500
62,111,774947
62,112,599362
62,113,661421
62,114,668538
62,115,971470
62,116,2094450
62,117,3684354
62,118,1592500
62,119,1045788
62,120,581996
62,121,923804
62,122,685555
62,123,1463257
62,124,1257786
62,125,608049
62,126,1239952
62,127,2980332
63,0,481433
63,1,1306354
63,2,1805814
63,3,1235978
63,4,595467
63,5,6035298
63,6,704136
63,7,1633952
63,8,504496
63,9,36720070
63,10,1521636
63,11,551951
63,12,1904996
63,13,626648
63,14,2091859
63,15,1642161
63,16,643278
63,17,859430
63,18,2753345
63,19,761302
63,20,618856
63,21,153965886
63,22,794317
63,23,3774624
63,24,628112
63,25,495960
63,26,492037
63,27,590085
63,28,1031729
63,29,967572
63,30,754712
63,31,507977
63,32,635638
63,33,562941
63,34,4518184
63,35,620868
63,36,13186505
63,37,1350348
63,38,1068632
63,39,706658
63,40,2078373
63,41,890357
63,42,570754
63,43,574258
63,44,492411
63,45,520075
63,46,1349865
63,47,863561
63,48,825911
63,49,711650
63,50,498025
63,51,577061
63,52,1048515
63,53,798293
63,54,1147647
63,55,5932056
63,56,726096
63,57,1563346
63,58,662392
63,59,485192
63,60,2172872
63,61,490844
63,62,714869
63,64,488257
63,65,951994
63,66,653479
63,67,746461
63,68,2392712
63,69,1301663
63,70,502815
63,71,713658
63,72,532841
63,73,72057659
63,74,608692
63,75,6957152
63,76,1512219
63,77,3070835
63,78,742034
63,79,2445638
63,80,1101564
63,81,726635
63,82,505103
63,83,1313802
63,84,870336
63,85,577812
63,86,511784
63,87,1054571
63,88,922162
63,89,6689062
63,90,1241950
63,91,735381
63,92,564769
63,93,515601
63,94,529496
63,95,545045
63,96,712108
63,97,865066
63,98,7136120
63,99,681326
63,100,550407
63,101,994650
63,102,504548
63,103,613481
63,104,1262750
63,105,655563
63,106,498589
63,107,602292
63,108,625961
63,109,507522
63,110,1408889
63,111,539432
63,112,484012
63,113,509967
63,114,23924640
63,115,6113622
63,116,5025238
63,117,670132
63,118,1127605
63,119,2165852
63,120,1370494
63,121,2366775
63,122,571730
63,123,729585
63,124,4677961
63,125,788292
63,126,660985
63,127,819493
64,0,678591
64,1,2070754
64,2,693004
64,3,846623
64,4,657614
64,5,1133926
64,6,715968
64,7,657519
64,8,870156
64,9,986826
64,10,845610
64,11,18467596
64,12,526777
64,13,509266
64,14,660936
64,15,588328
64,16,847215
64,17,637194
64,18,4956594
64,19,1767265
64,20,4791763
64,21,490993
64,22,694895
64,23,2440136
64,24,1412087
64,25,591930
64,26,1010222
64,27,501588
64,28,565825
64,29,872681
64,30,580148
64,31,538606
64,32,2061318
64,33,16087494
64,34,1855147
64,35,752889
64,36,531148
64,37,1294368
64,38,485144
64,39,1289556
64,40,2582477
64,41,1724631
64,42,1409421
64,43,904129
64,44,596772
64,45,846961
64,46,848572
64,47,9096027
64,48,660888
64,49,553019
64,50,831144
64,51,1252661
64,52,665670
64,53,1008214
64,54,889884
64,55,593483
64,56,893684
64,57,1710516
64,58,799405
64,59,1820822
64,60,971240
64,61,534908
64,62,1665029
64,63,666114
64,65,622894
64,66,676492
64,67,615371
64,68,547252
64,69,850616
64,70,514028
64,71,552145
64,72,573518
64,73,1283058
64,74,789734
64,75,1472293
64,76,1749756
64,77,502135
64,78,4681921
64,79,1002368
64,80,650848
64,81,1549708
64,82,598547
64,83,747865
64,84,910349
64,85,1011734
64,86,980195
64,87,1942494
64,88,885933
64,89,529908
64,90,906192
64,91,10387455
64,92,851900
64,93,892350
64,94,626347
64,95,3224850
64,96,9622868
64,97,1035037
64,98,1095791
64,99,730857
64,100,565314
64,101,2925540
64,102,873044
64,103,555757
64,104,532156
64,105,495909
64,106,592610
64,107,2349831
64,108,1488336
64,109,553181
64,110,761834
64,111,546335
64,112,7620773
64,113,726875
64,114,1198493
64,115,1538275
64,116,1599892
64,117,1112691
64,118,527389
64,119,3438410
64,120,3880388
64,121,748121
64,122,646209
64,123,974475
64,124,4872611
64,125,1048651
64,126,3351876
64,127,970780
65,0,1233410
65,1,2016743
65,2,1085629
65,3,637819
65,4,566783
65,5,820122
65,6,590198
65,7,758056
65,8,609014
65,9,762969
65,10,846792
65,11,1699086
65,12,1041458
65,13,2010213
65,14,613645
65,15,534787
65,16,991383
65,17,540138
65,18,703634
65,19,9563145
65,20,521548
65,21,54451188
65,22,2020325
65,23,15654978
65,24,1072789
65,25,1125355
65,26,1826046
65,27,22474404
65,28,495504
65,29,527359
65,30,7585375
65,31,1204438
65,32,965977
65,33,2990413
65,34,10942872
65,35,3806662
65,36,500964
65,37,506163
65,38,915557
65,39,766668
65,40,541835
65,41,519652
65,42,1495594
65,43,824555
65,44,512684
65,45,30992563
65,46,1363539
65,47,645061
65,48,847808
65,49,596848
65,50,947833
65,51,8461128
65,52,2393588
65,53,5129883
65,54,1790169
65,55,2434661
65,56,797627
65,57,7550346
65,58,483964
65,59,789445
65,60,667299
65,61,910150
65,62,520470
65,63,649402
65,64,1124234
65,66,563481
65,67,499181
65,68,592194
65,69,701911
65,70,651926
65,71,1064794
65,72,561125
65,73,941239
65,74,3521762
65,75,776823
65,76,1504779
65,77,4432259
65,78,741219
65,79,1499865
65,80,749146
65,81,548808
65,82,505473
65,83,665179
65,84,3767317
65,85,569920
65,86,1868586
65,87,2114779
65,88,856730
65,89,1125516
65,90,765251
65,91,630714
65,92,1156436
65,93,627810
65,94,122313253
65,95,1022719
65,96,1575888
65,97,1007589
65,98,498898
65,99,9258177
65,100,1526076
65,101,1017704
65,102,999781
65,103,493337
65,104,664639
65,105,505394
65,106,1682260
65,107,491888
65,108,518948
65,109,1464416
65,110,2441967
65,111,484951
65,112,516239
65,113,1362552
65,114,565484
65,115,572816
65,116,526836
65,117,2315123
65,118,517967
65,119,588962
65,120,1779308
65,121,491390
65,122,496239
65,123,1039040
65,124,990781
65,125,669085
65,126,1363292
65,127,1024273
66,0,596810
66,1,753864
66,2,526865
66,3,1949089
66,4,716258
66,5,631850
66,6,808737
66,7,579643
66,8,621584
66,9,1403595
66,10,843341
66,11,13145915
66,12,640288
66,13,547981
66,14,827433
66,15,1482051
66,16,1903425
66,17,674864
66,18,1233016
66,19,874223
66,20,1884801
66,21,525994
66,22,764108
66,23,990901
66,24,518724
66,25,794537
66,26,590498
66,27,645611
66,28,5425396
66,29,7717010
66,30,1403332
66,31,538667
66,32,2465119
66,33,570441
66,34,491639
66,35,561561
66,36,14109380
66,37,519061
66,38,5656899
66,39,1811409
66,40,1514092
66,41,684243
66,42,11630956
66,43,1138020
66,44,821383
66,45,486913
66,46,1308151
66,47,531118
66,48,2149209
66,49,677668
66,50,629150
66,51,610023
66,52,4812745
66,53,3488698
66,54,2064453
66,55,723356
66,56,819336
66,57,962805
66,58,484999
66,59,745190
66,60,4521846
66,61,1142645
66,62,630496
66,63,776266
66,64,3109743
66,65,1011860
66,67,1287382
66,68,524839
66,69,3261282
66,70,672287
66,71,954865
66,72,1532469
66,73,481908
66,74,2550706
66,75,2977466
66,76,843006
66,77,1063945
66,78,616942
66,79,800819
66,80,522316
66,81,1314711
66,82,627982
66,83,884718
66,84,10889621
66,85,491713
66,86,1799335
66,87,1347937
66,88,1507250
66,89,5006724
66,90,662831
66,91,564939
66,92,533468
66,93,1132948
66,94,493613
66,95,588290
66,96,675169
66,97,1272390
66,98,660066
66,99,702910
66,100,555102
66,101,500368
66,102,1422052
66,103,2928295
66,104,661469
66,105,1448660
66,106,778008
66,107,742097
66,108,767277
66,109,996232
66,110,1996130
66,111,508459
66,112,497411
66,113,942528
66,114,758848
66,115,947507
66,116,9313684
66,117,510941
66,118,1583799
66,119,650054
66,120,2826280
66,121,518219
66,122,710737
66,123,928458
66,124,1177486
66,125,2963228
66,126,18127174
66,127,875132
67,0,741909
67,1,626004
67,2,546999
67,3,617731
67,4,2595015
67,5,527126
67,6,524004
67,7,1472880
67,8,626992
67,9,610225
67,10,2007851
67,11,616983
67,12,1550697
67,13,1552348
67,14,1444428
67,15,516267
67,16,1228310
67,17,3185983
67,18,1322037
67,19,4573822
67,20,2086698
67,21,1585530
67,22,793439
67,23,773772
67,24,744177
67,25,615206
67,26,2514896
67,27,548522
67,28,1048241
67,29,8991424
67,30,2070122
67,31,1097152
67,32,615041
67,33,1307926
67,34,2015552
67,35,777101
67,36,2137593
67,37,1957963
67,38,870066
67,39,1037702
67,40,526255
67,41,1064086
67,42,16684902
67,43,2448400
67,44,521349
67,45,534337
67,46,1273660
67,47,2089275
67,48,10021557
67,49,514276
67,50,2376212
67,51,1326431
67,52,885746
67,53,968372
67,54,626562
67,55,930962
67,56,25072816
67,57,585843
67,58,1215193
67,59,7970040
67,60,577026
67,61,1046196
67,62,507281
67,63,560122
67,64,2384864
67,65,797997
67,66,8372141
67,68,1147480
67,69,1069060
67,70,842672
67,71,605334
67,72,541897
67,73,523545
67,74,1440225
67,75,844264
67,76,733968
67,77,900520
67,78,872410
67,79,995136
67,80,526023
67,81,1888904
67,82,1558659
67,83,2970328
67,84,2100306
67,85,846116
67,86,1411553
67,87,515324
67,88,894831
67,89,1640287
67,90,1451496
67,91,506695
67,92,1233607
67,93,599129
67,94,562267
67,95,492436
67,96,523889
67,97,499799
67,98,1390553
67,99,1187161
67,100,986707
67,101,608411
67,102,515407
67,103,1087852
67,104,1260263
67,105,1579660
67,106,853704
67,107,702299
67,108,1078874
67,109,1014519
67,110,1796574
67,111,3903928
67,112,636882
67,113,20304296
67,114,538453
67,115,721876
67,116,553083
67,117,848317
67,118,501250
67,119,805549
67,120,3309508
67,121,834565
67,122,1325503
67,123,2675476
67,124,1442463
67,125,493814
67,126,1716297
67,127,4929723
68,0,714811
68,1,2198576
68,2,680808
68,3,540169
68,4,528645
68,5,535751
68,6,2845522
68,7,679466
68,8,5096058
68,9,550503
68,10,1751056
68,11,859955
68,12,549159
68,13,486840
68,14,2708565
68,15,948051
68,16,1538923
68,17,1541197
68,18,1217102
68,19,10532566
68,20,3490744
68,21,1893027
68,22,481410
68,23,17038966
68,24,1405179
68,25,590874
68,26,569158
68,27,567091
68,28,494040
68,29,967915
68,30,9446164
68,31,494544
68,32,943497
68,33,713888
68,34,615536
68,35,522487
68,36,667695
68,37,1265249
68,38,1096698
68,39,568157
68,40,500834
68,41,717362
68,42,1632840
68,43,692897
68,44,1555330
68,45,534247
68,46,2401501
68,47,682833
68,48,956642
68,49,768362
68,50,572956
68,51,1718372
68,52,512548
68,53,483892
68,54,1189699
68,55,10581957
68,56,606489
68,57,1033049
68,58,502031
68,59,2087986
68,60,770270
68,61,726575
68,62,654662
68,63,553213
68,64,1115355
68,65,589261
68,66,715563
68,67,1062112
68,69,2933822
68,70,1217485
68,71,674256
68,72,2565969
68,73,1273236
68,74,4232663
68,75,500420
68,76,573941
68,77,2001385
68,78,618355
68,79,778708
68,80,1720036
68,81,2606630
68,82,712796
68,83,1530225
68,84,611685
68,85,576420
68,86,1864581
68,87,503654
68,88,931486
68,89,524320
68,90,850958
68,91,1811877
68,92,1135560
68,93,550696
68,94,715215
68,95,538087
68,96,2635642
68,97,3275406
68,98,4581357
68,99,502893
68,100,604659
68,101,736429
68,102,1909199
68,103,567194
68,104,687771
68,105,720639
68,106,503339
68,107,708748
68,108,2602393
68,109,1140988
68,110,577169
68,111,2333986
68,112,539126
68,113,555888
68,114,9203408
68,115,1031993
68,116,899550
68,117,9956146
68,118,4547667
68,119,645933
68,120,14602312
68,121,1831784
68,122,705815
68,123,719348
68,124,1180513
68,125,899259
68,126,1116456
68,127,973317
69,0,4300187
69,1,666804
69,2,946094
69,3,521804
69,4,1557658
69,5,4717901
69,6,510914
69,7,528762
69,8,3063184
69,9,9008670
69,10,551661
69,11,512057
69,12,17486883
69,13,2253626
69,14,3935818
69,15,728197
69,16,580365
69,17,1070777
69,18,571870
69,19,1577943
69,20,566577
69,21,1160716
69,22,602017
69,23,1374504
69,24,1977124
69,25,548458
69,26,1324577
69,27,976801
69,28,777729
69,29,537691
69,30,49157920
69,31,483652
69,32,502109
69,33,671283
69,34,1027398
69,35,626734
69,36,1862586
69,37,741407
69,38,505791
69,39,2586641
69,40,834319
69,41,624338
69,42,481504
69,43,959768
69,44,913245
69,45,611767
69,46,543856
69,47,488551
69,48,552274
69,49,1439667
69,50,2421094
69,51,1336496
69,52,725021
69,53,535540
69,54,600960
69,55,1242150
69,56,968486
69,57,747035
69,58,529084
69,59,4363407
69,60,731404
69,61,1064935
69,62,4734093
69,63,956086
69,64,1015027
69,65,504865
69,66,842755
69,67,8906298
69,68,1770369
69,70,744114
69,71,806836
69,72,957533
69,73,1839982
69,74,2206567
69,75,656230
69,76,881836
69,77,588551
69,78,545140
69,79,1016300
69,80,30716766
69,81,712567
69,82,806457
69,83,808660
69,84,485869
69,85,1796115
69,86,569816
69,87,679105
69,88,779058
69,89,1611307
69,90,588663
69,91,3709982
69,92,582105
69,93,552306
69,94,2174988
69,95,5705903
69,96,1655796
69,97,969173
69,98,593521
69,99,568743
69,100,7741499
69,101,666607
69,102,1678703
69,103,840005
69,104,659343
69,105,1044701
69,106,3544905
69,107,1108334
69,108,817613
69,109,485942
69,110,3313145
69,111,536023
69,112,1277272
69,113,978436
69,114,750303
69,115,1521320
69,116,603947
69,117,13922499
69,118,2894274
69,119,5387049
69,120,543638
69,121,1369745
69,122,1018857
69,123,778288
69,124,640648
69,125,1183377
69,126,2477355
69,127,856123
70,0,1221905
70,1,948597
70,2,2574193
70,3,918998
70,4,825831
70,5,769110
70,6,880542
70,7,1016555
70,8,3087819
70,9,691714
70,10,22610510
70,11,812338
70,12,600882
70,13,937289
70,14,536568
70,15,930857
70,16,667051
70,17,979373
70,18,1251845
70,19,1174830
70,20,609095
70,21,562772
70,22,520923
70,23,642323
70,24,746589
70,25,935486
70,26,726336
70,27,493262
70,28,687400
70,29,881558
70,30,2611949
70,31,508835
70,32,1618534
70,33,802838
70,34,1331559
70,35,874768
70,36,643187
70,37,523087
70,38,763438
70,39,2760569
70,40,502762
70,41,556315
70,42,1803030
70,43,1800257
70,44,1016172
70,45,843257
70,46,608009
70,47,761568
70,48,605612
70,49,652913
70,50,699756
70,51,693975
70,52,955641
70,53,900908
70,54,2875608
70,55,3538559
70,56,4750410
70,57,1430523
70,58,2984643
70,59,520895
70,60,1185897
70,61,1008590
70,62,575816
70,63,1889933
70,64,561695
70,65,1082387
70,66,878975
70,67,1622541
70,68,545328
70,69,1400965
70,71,1839014
70,72,1542499
70,73,1346495
70,74,10606849
70,75,592459
70,76,1057489
70,77,1113316
70,78,3009338
70,79,2816136
70,80,1416377
70,81,494846
70,82,1318134
70,83,2510987
70,84,643005
70,85,676390
70,86,732378
70,87,667200
70,88,649542
70,89,370784448
70,90,1508179
70,91,4842470
70,92,536356
70,93,15837102
70,94,1526394
70,95,481552
70,96,639567
70,97,836123
70,98,603394
70,99,815898
70,100,505553
70,101,4938644
70,102,714234
70,103,1040516
70,104,633077
70,105,510860
70,106,8677295
70,107,3103443
70,108,2073921
70,109,529702
70,110,514386
70,111,625876
70,112,556446
70,113,694516
70,114,3458328
70,115,920526
70,116,1551687
70,117,1498642
70,118,2502241
70,119,502318
70,120,500084
70,121,1117876
70,122,1132786
70,123,1302999
70,124,671483
70,125,649355
70,126,2878258
70,127,3117659
71,0,1316991
71,1,954090
71,2,719758
71,3,3745584
71,4,514056
71,5,1014138
71,6,1268389
71,7,503706
71,8,1028968
71,9,619023
71,10,3672836
71,11,1282843
71,12,592838
71,13,1253274
71,14,1270281
71,15,663318
71,16,504707
71,17,3078529
71,18,545202
71,19,1368001
71,20,571591
71,21,2835223
71,22,6909213
71,23,1098821
71,24,698932
71,25,604145
71,26,677207
71,27,721169
71,28,1009343
71,29,818943
71,30,1402805
71,31,696308
71,32,549127
71,33,1258610
71,34,1033579
71,35,784426
71,36,9295099
71,37,751594
71,38,4349924
71,39,1052359
71,40,1149326
71,41,2132850
71,42,4821196
71,43,517045
71,44,845273
71,45,1004722
71,46,795050
71,47,732805
71,48,569469
71,49,3456325
71,50,1711751
71,51,804266
71,52,2888913
71,53,923084
71,54,842839
71,55,527097
71,56,9167298
71,57,506828
71,58,10459445
71,59,771913
71,60,524983
71,61,588402
71,62,494317
71,63,535239
71,64,1193346
71,65,527593
71,66,697836
71,67,642641
71,68,514138
71,69,1619625
71,70,895694
71,72,776614
71,73,3034498
71,74,645428
71,75,484637
71,76,542890
71,77,1061408
71,78,570928
71,79,491191
71,80,1109730
71,81,1561668
71,82,797849
71,83,627594
71,84,689576
71,85,491539
71,86,924524
71,87,698055
71,88,1538599
71,89,1186077
71,90,1642537
71,91,646301
71,92,494594
71,93,987184
71,94,4032279
71,95,535902
71,96,810494
71,97,558493
71,98,487865
71,99,929395
71,100,1469364
71,101,673497
71,102,777171
71,103,1485935
71,104,556940
71,105,1252865
71,106,800074
71,107,514882
71,108,3049520
71,109,971701
71,110,1554998
71,111,1647434
71,112,888092
71,113,1964678
71,114,2428309
71,115,716490
71,116,847469
71,117,914148
71,118,2640002
71,119,510616
71,120,638625
71,121,1650464
71,122,1912365
71,123,647500
71,124,1921399
71,125,1089191
71,126,572570
71,127,1056236
72,0,1115041
72,1,1841438
72,2,576064
72,3,589860
72,4,678129
72,5,1381585
72,6,818473
72,7,519398
72,8,4627161
72,9,1509419
72,10,547664
72,11,2351514
72,12,617357
72,13,636170
72,14,496316
72,15,948706
72,16,889506
72,17,626219
72,18,498846
72,19,548585
72,20,6806316
72,21,3943883
72,22,755692
72,23,559223
72,24,969631
72,25,590761
72,26,1096244
72,27,678642
72,28,531948
72,29,2417505
72,30,574470
72,31,1443305
72,32,765116
72,33,783289
72,34,1886850
72,35,1989749
72,36,635460
72,37,802614
72,38,1038906
72,39,1695852
72,40,7803493
72,41,735504
72,42,983735
72,43,7632655
72,44,680395
72,45,699867
72,46,2412144
72,47,1612746
72,48,3395484
72,49,500109
72,50,1225778
72,51,764175
72,52,699151
72,53,538697
72,54,889034
72,55,1885312
72,56,1648568
72,57,1016683
72,58,28693838
72,59,2773923
72,60,916364
72,61,2443801
72,62,887434
72,63,548331
72,64,1886337
72,65,872139
72,66,584518
72,67,3154661
72,68,1460369
72,69,236968746
72,70,10969717
72,71,494720
72,73,481813
72,74,488159
72,75,627465
72,76,493864
72,77,560690
72,78,490522
72,79,996476
72,80,766803
72,81,594511
72,82,489091
72,83,1151010
72,84,525849
72,85,961678
72,86,1466740
72,87,546777
72,88,1160544
72,89,5296409
72,90,721522
72,91,1085186
72,92,1998462
72,93,600569
72,94,689630
72,95,660452
72,96,1685436
72,97,585069
72,98,1298115
72,99,633693
72,100,555495
72,101,1250624
72,102,1169208
72,103,778638
72,104,542766
72,105,635283
72,106,589074
72,107,674915
72,108,696471
72,109,567709
72,110,913646
72,111,815976
72,112,661518
72,113,597041
72,114,531355
72,115,1443586
72,116,4198235
72,117,2065709
72,118,500705
72,119,487914
72,120,559522
72,121,574824
72,122,517939
72,123,496011
72,124,525589
72,125,1276420
72,126,761102
72,127,622640
73,0,517603
73,1,621879
73,2,1048105
73,3,656277
73,4,567641
73,5,2075826
73,6,1033314
73,7,635815
73,8,867201
73,9,540323
73,10,796447
73,11,761701
73,12,1161232
73,13,483988
73,14,583711
73,15,567023
73,16,607768
73,17,611482
73,18,726755
73,19,566304
73,20,783644
73,21,1073077
73,22,1130027
73,23,2872963
73,24,1337914
73,25,515214
73,26,529937
73,27,889129
73,28,566030
73,29,761235
73,30,548968
73,31,2147148
73,32,1150673
73,33,791328
73,34,1039442
73,35,1068346
73,36,744430
73,37,551564
73,38,1007714
73,39,1028837
73,40,2491644
73,41,5662973
73,42,554123
73,43,820200
73,44,1623271
73,45,1855641
73,46,571765
73,47,897617
73,48,3218014
73,49,962466
73,50,702521
73,51,704359
73,52,1249811
73,53,545171
73,54,594206
73,55,992470
73,56,979256
73,57,858644
73,58,856990
73,59,1178552
73,60,1712163
73,61,1721703
73,62,1673203
73,63,818708
73,64,5120167
73,65,503417
73,66,3383986
73,67,1292395
73,68,2095099
73,69,785068
73,70,557600
73,71,500472
73,72,1042941
73,74,567435
73,75,1134089
73,76,574435
73,77,596272
73,78,516767
73,79,528264
73,80,551178
73,81,916869
73,82,1257374
73,83,722527
73,84,669683
73,85,632375
73,86,671935
73,87,695492
73,88,506801
73,89,1689425
73,90,937608
73,91,814036
73,92,488944
73,93,1020140
73,94,510129
73,95,1760653
73,96,608210
73,97,1578286
73,98,615247
73,99,9078403
73,100,3898669
73,101,510670
73,102,1361567
73,103,519145
73,104,550985
73,105,830172
73,106,1005966
73,107,593141
73,108,2631299
73,109,1304339
73,110,891210
73,111,1006216
73,112,1658861
73,113,1412622
73,114,2453945
73,115,491489
73,116,677514
73,117,1096395
73,118,722349
73,119,1940852
73,120,728920
73,121,711193
73,122,3346281
73,123,685712
73,124,594587
73,125,498435
73,126,1145140
73,127,1639913
74,0,4911990
74,1,525763
74,2,604224
74,3,952105
74,4,527476
74,5,772463
74,6,579895
74,7,5492584
74,8,1364775
74,9,534487
74,10,1188610
74,11,710452
74,12,16024064
74,13,944037
74,14,736305
74,15,576705
74,16,1060987
74,17,842421
74,18,4460490
74,19,1972011
74,20,515546
74,21,1748027
74,22,1137199
74,23,1915012
74,24,599712
74,25,571800
74,26,570059
74,27,519089
74,28,809118
74,29,1033182
74,30,498487
74,31,1113473
74,32,868900
74,33,568778
74,34,3941190
74,35,796741
74,36,497309
74,37,862502
74,38,488600
74,39,974823
74,40,1041323
74,41,567675
74,42,1160372
74,43,523861
74,44,1782009
74,45,2267490
74,46,584628
74,47,738473
74,48,1023625
74,49,1924611
74,50,602882
74,51,704695
74,52,2041508
74,53,588104
74,54,950786
74,55,525647
74,56,624466
74,57,593978
74,58,835548
74,59,1064369
74,60,550856
74,61,725618
74,62,518611
74,63,581488
74,64,1683053
74,65,622555
74,66,714522
74,67,574506
74,68,500731
74,69,637417
74,70,683616
74,71,488698
74,72,1270491
74,73,16824525
74,75,861182
74,76,1853667
74,77,925453
74,78,508432
74,79,763773
74,80,2023921
74,81,669433
74,82,550663
74,83,490151
74,84,2276839
74,85,5204095
74,86,604422
74,87,628371
74,88,1967491
74,89,803214
74,90,762168
74,91,1238757
74,92,928562
74,93,956308
74,94,633737
74,95,525560
74,96,645382
74,97,1329922
74,98,841169
74,99,1724212
74,100,524551
74,101,530084
74,102,1225972
74,103,1053602
74,104,753539
74,105,4293652
74,106,51652485
74,107,524292
74,108,68542249
74,109,1514404
74,110,964048
74,111,486646
74,112,509859
74,113,3583524
74,114,920730
74,115,6084877
74,116,564158
74,117,588775
74,118,665326
74,119,5871993
74,120,608652
74,121,1036101
74,122,1477597
74,123,501822
74,124,1029886
74,125,1126800
74,126,1196649
74,127,1070921
75,0,931276
75,1,1373499
75,2,1088447
75,3,978553
75,4,766870
75,5,2781269
75,6,537235
75,7,1354713
75,8,515463
75,9,863296
75,10,4018173
75,11,587807
75,12,1135723
75,13,1219018
75,14,538728
75,15,489830
75,16,2189216
75,17,484324
75,18,1460945
75,19,642460
75,20,701025
75,21,610833
75,22,678951
75,23,580654
75,24,967344
75,25,509427
75,26,1608794
75,27,898872
75,28,576776
75,29,1252049
75,30,2996207
75,31,623021
75,32,655421
75,33,726036
75,34,761501
75,35,615412
75,36,485409
75,37,522003
75,38,3594421
75,39,500497
75,40,674509
75,41,4029449
75,42,1071638
75,43,761168
75,44,530232
75,45,1051808
75,46,895790
75,47,805095
75,48,1041188
75,49,494065
75,50,636304
75,51,519539
75,52,807899
75,53,536689
75,54,640468
75,55,510021
75,56,608170
75,57,2531665
75,58,1228115
75,59,539616
75,60,2095748
75,61,2108831
75,62,642414
75,63,605135
75,64,701966
75,65,3226564
75,66,576385
75,67,485506
75,68,843677
75,69,1664255
75,70,954644
75,71,2605570
75,72,487474
75,73,734029
75,74,830415
75,76,614096
75,77,1775720
75,78,482934
75,79,744240
75,80,1443866
75,81,643096
75,82,559456
75,83,1399654
75,84,1503547
75,85,844012
75,86,1175006
75,87,1613467
75,88,1325040
75,89,516739
75,90,809729
75,91,2424695
75,92,1288685
75,93,3547026
75,94,3370681
75,95,1401753
75,96,984565
75,97,509023
75,98,1638792
75,99,1923004
75,100,5718304
75,101,548108
75,102,489239
75,103,825352
75,104,639253
75,105,481528
75,106,770680
75,107,595237
75,108,2334814
75,109,1818931
75,110,2372770
75,111,1166593
75,112,1898210
75,113,643370
75,114,841419
75,115,878240
75,116,849848
75,117,819650
75,118,483364
75,119,646347
75,120,2799826
75,121,811953
75,122,520216
75,123,2027532
75,124,735442
75,125,1003234
75,126,575107
75,127,3472427
76,0,3719402
76,1,3957407
76,2,690376
76,3,3245555
76,4,750239
76,5,2249047
76,6,834156
76,7,483820
76,8,559556
76,9,1485635
76,10,843509
76,11,668936
76,12,1944687
76,13,537174
76,14,1138513
76,15,893303
76,16,597812
76,17,929708
76,18,14156987
76,19,544889
76,20,1347215
76,21,709145
76,22,1634695
76,23,973664
76,24,803364
76,25,525387
76,26,1357396
76,27,1777512
76,28,1730097
76,29,492786
76,30,496570
76,31,615124
76,32,1543804
76,33,745762
76,34,526545
76,35,535420
76,36,2940764
76,37,544262
76,38,701523
76,39,1250421
76,40,1352769
76,41,828880
76,42,677258
76,43,513863
76,44,522174
76,45,549382
76,46,579067
76,47,563177
76,48,780041
76,49,653338
76,50,696634
76,51,611563
76,52,1054017
76,53,524119
76,54,1092480
76,55,513973
76,56,1590402
76,57,1471120
76,58,746143
76,59,610508
76,60,814656
76,61,481007
76,62,854048
76,63,14450402
76,64,513506
76,65,769724
76,66,1822244
76,67,579571
76,68,2383128
76,69,3044996
76,70,587398
76,71,720110
76,72,8401569
76,73,711365
76,74,906783
76,75,679775
76,77,533289
76,78,933902
76,79,753604
76,80,1139667
76,81,2709723
76,82,1484438
76,83,1273025
76,84,1288250
76,85,1381331
76,86,540569
76,87,4146249
76,88,759179
76,89,508566
76,90,779619
76,91,989099
76,92,1422595
76,93,604066
76,94,2011397
76,95,2145093
76,96,643598
76,97,494493
76,98,1678309
76,99,703355
76,100,868452
76,101,932325
76,102,560824
76,103,688513
76,104,601038
76,105,990300
76,106,542921
76,107,6459454
76,108,2143041
76,109,1859106
76,110,1101716
76,111,1218826
76,112,3340706
76,113,3135233
76,114,4161388
76,115,568191
76,116,497003
76,117,1229287
76,118,729827
76,119,582069
76,120,610670
76,121,1124008261
76,122,1307251
76,123,1102328
76,124,790096
76,125,1919265
76,126,569643
76,127,506935
77,0,564226
77,1,874132
77,2,808584
77,3,511920
77,4,653621
77,5,695275
77,6,2429214
77,7,775988
77,8,2636731
77,9,1523535
77,10,1386181
77,11,908364
77,12,939526
77,13,2201475
77,14,811569
77,15,931067
77,16,616901
77,17,12496422
77,18,2042734
77,19,574894
77,20,773427
77,21,694733
77,22,562401
77,23,3731251
77,24,527185
77,25,592043
77,26,993316
77,27,489904
77,28,779900
77,29,1067349
77,30,2284697
77,31,606209
77,32,509131
77,33,3436432
77,34,11947455
77,35,968029
77,36,896462
77,37,518836
77,38,1584491
77,39,747162
77,40,1347456
77,41,1024533
77,42,1471413
77,43,3162837
77,44,504206
77,45,1928912
77,46,603158
77,47,900326
77,48,904913
77,49,860305
77,50,718178
77,51,628674
77,52,898003
77,53,1056932
77,54,678848
77,55,1874630
77,56,8103711
77,57,721110
77,58,4290392
77,59,650895
77,60,2797336
77,61,542828
77,62,508943
77,63,1329689
77,64,712739
77,65,657041
77,66,824316
77,67,1018344
77,68,527563
77,69,800596
77,70,1926221
77,71,1039308
77,72,504944
77,73,656325
77,74,605652
77,75,1162610
77,76,583418
77,78,918897
77,79,1081360
77,80,1314029
77,81,499464
77,82,544513
77,83,490225
77,84,603355
77,85,4551383
77,86,584444
77,87,481220
77,88,769451
77,89,23030201
77,90,528703
77,91,1999630
77,92,722231
77,93,3470405
77,94,869797
77,95,660308
77,96,2239197
77,97,612908
77,98,3804176
77,99,849422
77,100,586175
77,101,838927
77,102,489066
77,103,993195
77,104,594664
77,105,3013744
77,106,787932
77,107,1062675
77,108,1916073
77,109,2447479
77,110,609216
77,111,480888
77,112,500809
77,113,521179
77,114,574153
77,115,812492
77,116,885372
77,117,44897182
77,118,3393562
77,119,1069632
77,120,15025584
77,121,3629796
77,122,532514
77,123,631587
77,124,1728832
77,125,2475463
77,126,524896
77,127,533050
78,0,2258995
78,1,481149
78,2,604937
78,3,566167
78,4,495301
78,5,716026
78,6,681897
78,7,1169907
78,8,962918
78,9,695872
78,10,3038987
78,11,949362
78,12,695655
78,13,562166
78,14,1275782
78,15,647408
78,16,493940
78,17,486379
78,18,1093381
78,19,620237
78,20,636793
78,21,936440
78,22,1430798
78,23,660839
78,24,502867
78,25,601273
78,26,687983
78,27,2869007
78,28,830900
78,29,933797
78,30,532216
78,31,546588
78,32,3120837
78,33,486500
78,34,492486
78,35,532961
78,36,803439
78,37,664394
78,38,676798
78,39,999412
78,40,756741
78,41,1243152
78,42,5579253
78,43,728438
78,44,569781
78,45,2591868
78,46,696525
78,47,555626
78,48,534037
78,49,826391
78,50,1470534
78,51,6706805
78,52,3965571
78,53,1358865
78,54,2866376
78,55,2086055
78,56,965409
78,57,548999
78,58,1050433
78,59,629974
78,60,2409473
78,61,515989
78,62,1490143
78,63,1431073
78,64,4800131
78,65,914550
78,66,785782
78,67,1474940
78,68,497590
78,69,607488
78,70,2986083
78,71,4816967
78,72,524234
78,73,1346015
78,74,2085412
78,75,718470
78,76,788868
78,77,482695
78,79,669533
78,80,608974
78,81,1615996
78,82,507869
78,83,555364
78,84,1492560
78,85,541433
78,86,484854
78,87,1582071
78,88,540692
78,89,1518797
78,90,1351315
78,91,670382
78,92,941453
78,93,1450644
78,94,1207435
78,95,801043
78,96,603434
78,97,1074809
78,98,571102
78,99,540877
78,100,1128411
78,101,484445
78,102,561527
78,103,583748
78,104,627336
78,105,498820
78,106,2303004
78,107,505420
78,108,1079166
78,109,535872
78,110,1245564
78,111,1350107
78,112,1629145
78,113,2118099
78,114,2017935
78,115,2275275
78,116,1277059
78,117,1848264
78,118,799182
78,119,583491
78,120,561293
78,121,2084770
78,122,919507
78,123,652208
78,124,1002739
78,125,5015962
78,126,2623735
78,127,497462
79,0,618106
79,1,493713
79,2,4258103
79,3,5034552
79,4,3612011
79,5,2066338
79,6,604303
79,7,2807327
79,8,865244
79,9,710053
79,10,897328
79,11,1863084
79,12,585474
79,13,633121
79,14,594816
79,15,528938
79,16,586619
79,17,777939
79,18,826231
79,19,746716
79,20,608330
79,21,516934
79,22,883135
79,23,997208
79,24,12792861
79,25,511839
79,26,777032
79,27,3327780
79,28,713083
79,29,608813
79,30,687083
79,31,3859731
79,32,1700709
79,33,2006672
79,34,895982
79,35,1189336
79,36,706996
79,37,697180
79,38,532543
79,39,547632
79,40,3960124
79,41,913948
79,42,539463
79,43,2037231
79,44,752954
79,45,773082
79,46,706040
79,47,3027049
79,48,498461
79,49,3509280
79,50,481599
79,51,558924
79,52,565655
79,53,4485526
79,54,645565
79,55,765049
79,56,483772
79,57,596118
79,58,730250
79,59,5317426
79,60,1333435
79,61,1038638
79,62,1677915
79,63,865599
79,64,736676
79,65,549350
79,66,745952
79,67,513781
79,68,499438
79,69,691339
79,70,3338853
79,71,706546
79,72,628414
79,73,2632383
79,74,1246775
79,75,772601
79,76,951115
79,77,1739864
79,78,615082
79,80,516572
79,81,1950194
79,82,964841
79,83,938886
79,84,770817
79,85,1435771
79,86,784142
79,87,852929
79,88,625234
79,89,4387230
79,90,1385413
79,91,920832
79,92,715389
79,93,1839498
79,94,668290
79,95,640152
79,96,1242952
79,97,1278126
79,98,2390090
79,99,881003
79,100,3834254
79,101,2220526
79,102,559024
79,103,672086
79,104,928250
79,105,1648947
79,106,1943589
79,107,807367
79,108,1191155
79,109,2488771
79,110,2427404
79,111,624722
79,112,503365
79,113,546178
79,114,734766
79,115,1188791
79,116,4204448
79,117,1781108
79,118,2997660
79,119,544325
79,120,654046
79,121,5403409
79,122,814811
79,123,750948
79,124,681845
79,125,922059
79,126,526748
79,127,505288
80,0,1195178
80,1,1325271
80,2,951664
80,3,780674
80,4,723475
80,5,2536644
80,6,6224194
80,7,587658
80,8,3271862
80,9,1929451
80,10,41928144
80,11,4122282
80,12,653243
80,13,1084153
80,14,492586
80,15,603552
80,16,527914
80,17,650008
80,18,980666
80,19,1190244
80,20,666508
80,21,520386
80,22,1575546
80,23,598509
80,24,928354
80,25,792928
80,26,2000800
80,27,501406
80,28,1243754
80,29,954976
80,30,890831
80,31,736244
80,32,2191368
80,33,2358269
80,34,593407
80,35,1199418
80,36,1342904
80,37,2330681
80,38,484926
80,39,699701
80,40,781803
80,41,559190
80,42,767073
80,43,1316078
80,44,18732525
80,45,73972875
80,46,711022
80,47,647685
80,48,727715
80,49,943929
80,50,1313575
80,51,7680602
80,52,2106857
80,53,715331
80,54,555037
80,55,6092035
80,56,800670
80,57,756413
80,58,1151685
80,59,525473
80,60,686661
80,61,684662
80,62,1061830
80,63,1232229
80,64,3540672
80,65,2484952
80,66,547442
80,67,636126
80,68,2244489
80,69,2406809
80,70,539340
80,71,553505
80,72,856383
80,73,779409
80,74,521093
80,75,608773
80,76,1476710
80,77,766532
80,78,607809
80,79,641281
80,81,1383879
80,82,961003
80,83,6778849
80,84,656706
80,85,1575204
80,86,620826
80,87,530615
80,88,567916
80,89,832280
80,90,1666579
80,91,623063
80,92,1528945
80,93,511893
80,94,1954625
80,95,1602729
80,96,607128
80,97,691768
80,98,527505
80,99,627121
80,100,679517
80,101,679311
80,102,626777
80,103,832850
80,104,803289
80,105,778918
80,106,2283909
80,107,8036250
80,108,3616439
80,109,611360
80,110,658237
80,111,1715468
80,112,1560664
80,113,751335
80,114,513205
80,115,985278
80,116,28233811
80,117,585917
80,118,604541
80,119,554221
80,120,590273
80,121,600218
80,122,5110493
80,123,1065644
80,124,554612
80,125,2101613
80,126,831955
80,127,565791
81,0,631762
81,1,673800
81,2,537539
81,3,3179331
81,4,642096
81,5,539647
81,6,709485
81,7,811645
81,8,676033
81,9,656945
81,10,842003
81,11,621120
81,12,1467322
81,13,1495290
81,14,5979737
81,15,530143
81,16,808051
81,17,633517
81,18,765453
81,19,1001874
81,20,483245
81,21,518639
81,22,1937579
81,23,695981
81,24,1078291
81,25,600647
81,26,495377
81,27,785496
81,28,1307701
81,29,724009
81,30,596080
81,31,1462100
81,32,532127
81,33,1383113
81,34,1635810
81,35,548617
81,36,537053
81,37,1043212
81,38,687189
81,39,498358
81,40,690697
81,41,2298197
81,42,1539572
81,43,1765054
81,44,993922
81,45,858993
81,46,3365014
81,47,3209515
81,48,2772703
81,49,663074
81,50,532484
81,51,527826
81,52,1453204
81,53,2499340
81,54,1416646
81,55,1474645
81,56,2634555
81,57,849763
81,58,2823736
81,59,481457
81,60,636838
81,61,2750947
81,62,499026
81,63,1082975
81,64,530320
81,65,3577022
81,66,6426934
81,67,737233
81,68,1182839
81,69,11133957
81,70,676084
81,71,946854
81,72,1614550
81,73,901979
81,74,546935
81,75,1007339
81,76,564803
81,77,2169356
81,78,2553742
81,79,840920
81,80,670782
81,82,804492
81,83,1141816
81,84,538423
81,85,745381
81,86,1679097
81,87,806305
81,88,562199
81,89,678694
81,90,510508
81,91,1516597
81,92,577526
81,93,598819
81,94,508540
81,95,4149267
81,96,756872
81,97,1371744
81,98,4974692
81,99,1310630
81,100,561226
81,101,2450245
81,102,912344
81,103,737418
81,104,1192432
81,105,636437
81,106,657088
81,107,2075191
81,108,4689863
81,109,507548
81,110,684139
81,111,13831129
81,112,482075
81,113,1398345
81,114,532990
81,115,2876932
81,116,818160
81,117,771776
81,118,812261
81,119,1076547
81,120,521946
81,121,884532
81,122,703467
81,123,3201066
81,124,903346
81,125,625491
81,126,1582416
81,127,20858699
82,0,569573
82,1,10784850
82,2,1151179
82,3,1045516
82,4,584408
82,5,909256
82,6,527068
82,7,602449
82,8,806987
82,9,541618
82,10,2294208
82,11,786211
82,12,1128089
82,13,1840467
82,14,481338
82,15,861270
82,16,855257
82,17,703523
82,18,947725
82,19,2249809
82,20,846032
82,21,3157926
82,22,672136
82,23,512138
82,24,999658
82,25,485772
82,26,1981122
82,27,510454
82,28,537357
82,29,490596
82,30,1819876
82,31,498795
82,32,790240
82,33,497437
82,34,604977
82,35,740218
82,36,542145
82,37,1385925
82,38,1639166
82,39,3864872
82,40,483748
82,41,3796740
82,42,962354
82,43,545768
82,44,1361074
82,45,522830
82,46,547378
82,47,1588658
82,48,506243
82,49,1955180
82,50,572010
82,51,546020
82,52,551017
82,53,545422
82,54,790385
82,55,2601336
82,56,649821
82,57,1269229
82,58,649030
82,59,2884907
82,60,605572
82,61,868721
82,62,3092488
82,63,900617
82,64,1869590
82,65,1328290
82,66,1065077
82,67,1511596
82,68,496697
82,69,1219402
82,70,1161920
82,71,713543
82,72,553343
82,73,607088
82,74,1074520
82,75,787214
82,76,1690226
82,77,1047831
82,78,584922
82,79,1360337
82,80,566235
82,81,589448
82,83,534067
82,84,2030552
82,85,486136
82,86,812184
82,87,504311
82,88,535570
82,89,589822
82,90,2252861
82,91,815664
82,92,713428
82,93,3572702
82,94,1607720
82,95,517715
82,96,2472632
82,97,4685888
82,98,1844356
82,99,548362
82,100,534277
82,101,621246
82,102,505156
82,103,631718
82,104,497207
82,105,603987
82,106,1069346
82,107,1233213
82,108,514221
82,109,1370244
82,110,519426
82,111,15898876
82,112,639522
82,113,482552
82,114,3095609
82,115,913446
82,116,1032521
82,117,557566
82,118,1600954
82,119,687347
82,120,896366
82,121,836287
82,122,1226750
82,123,5762189
82,124,1125195
82,125,490003
82,126,1121204
82,127,512602
83,0,684610
83,1,2028739
83,2,711422
83,3,1139007
83,4,3374470
83,5,771296
83,6,674762
83,7,1034506
83,8,546051
83,9,1487134
83,10,1391845
83,11,597157
83,12,9131506
83,13,482099
83,14,4373581
83,15,503548
83,16,896558
83,17,600843
83,18,595275
83,19,1000518
83,20,3492793
83,21,1007964
83,22,710965
83,23,675372
83,24,494418
83,25,623998
83,26,507602
83,27,3422660
83,28,809347
83,29,1295688
83,30,2380529
83,31,1229483
83,32,1478782
83,33,3069301
83,34,547125
83,35,1050158
83,36,701246
83,37,1997295
83,38,567847
83,39,538026
83,40,605732
83,41,2158188
83,42,1382604
83,43,876592
83,44,926383
83,45,1104015
83,46,637105
83,47,526197
83,48,1498947
83,49,701080
83,50,550118
83,51,1090534
83,52,757859
83,53,1089340
83,54,974127
83,55,1101869
83,56,1376519
83,57,2262847
83,58,909356
83,59,561025
83,60,852758
83,61,629367
83,62,481694
83,63,541031
83,64,564362
83,65,963822
83,66,494695
83,67,529026
83,68,869976
83,69,2685648
83,70,1813752
83,71,1766380
83,72,495479
83,73,1193712
83,74,746016
83,75,560323
83,76,590686
83,77,612133
83,78,753279
83,79,532186
83,80,613809
83,81,3242084
83,82,556348
83,84,980078
83,85,517352
83,86,860919
83,87,689736
83,88,1260884
83,89,607248
83,90,585954
83,91,761768
83,92,516461
83,93,752111
83,94,538850
83,95,555298
83,96,488575
83,97,496952
83,98,15961194
83,99,2981768
83,100,509185
83,101,799926
83,102,591854
83,103,1552017
83,104,546525
83,105,2629133
83,106,596502
83,107,1026484
83,108,786497
83,109,504759
83,110,1863583
83,111,2082846
83,112,2697052
83,113,2047036
83,114,661275
83,115,1163128
83,116,560189
83,117,706715
83,118,501666
83,119,1278767
83,120,708012
83,121,627896
83,122,525676
83,123,677463
83,124,485651
83,125,2646573
83,126,2360813
83,127,525878
84,0,685187
84,1,1509109
84,2,492361
84,3,1111754
84,4,4833935
84,5,574682
84,6,1565364
84,7,3740793
84,8,1358620
84,9,752630
84,10,7983184
84,11,829849
84,12,814888
84,13,659198
84,14,2597119
84,15,642869
84,16,786712
84,17,1488938
84,18,676135
84,19,577633
84,20,1642912
84,21,550375
84,22,1393140
84,23,501953
84,24,724961
84,25,821462
84,26,1017193
84,27,1263374
84,28,1772149
84,29,694300
84,30,588477
84,31,505977
84,32,686450
84,33,716722
84,34,1644416
84,35,3675133
84,36,853015
84,37,11692740
84,38,587918
84,39,3973774
84,40,1632100
84,41,656372
84,42,533708
84,43,1196097
84,44,1626569
84,45,665867
84,46,484228
84,47,518135
84,48,1161060
84,49,493889
84,50,856209
84,51,722704
84,52,508862
84,53,1110041
84,54,758254
84,55,862678
84,56,501770
84,57,1301218
84,58,520273
84,59,617689
84,60,1465286
84,61,598354
84,62,1024792
84,63,1494379
84,64,5918589
84,65,556019
84,66,548140
84,67,772119
84,68,1352527
84,69,1651983
84,70,537782
84,71,554939
84,72,1131323
84,73,5408887
84,74,2783727
84,75,500783
84,76,515020
84,77,3012274
84,78,679260
84,79,797923
84,80,622936
84,81,646808
84,82,508164
84,83,1202759
84,85,646025
84,86,508352
84,87,549894
84,88,1085777
84,89,719641
84,90,666952
84,91,800894
84,92,956753
84,93,7597133
84,94,614137
84,95,1327825
84,96,963935
84,97,2004318
84,98,530291
84,99,1319738
84,100,560891
84,101,1705188
84,102,5328005
84,103,529231
84,104,973086
84,105,4101565
84,106,1437716
84,107,13696574
84,108,573976
84,109,704304
84,110,791400
84,111,1189517
84,112,1153885
84,113,755757
84,114,591816
84,115,1342666
84,116,864889
84,117,739531
84,118,1486534
84,119,680343
84,120,715042
84,121,1885824
84,122,1846308
84,123,559489
84,124,1100648
84,125,1612386
84,126,1026745
84,127,2754546
85,0,2270597
85,1,492836
85,2,708578
85,3,922264
85,4,767480
85,5,1894061
85,6,1220748
85,7,5039224
85,8,617274
85,9,583967
85,10,616362
85,11,733356
85,12,5515399
85,13,845105
85,14,589560
85,15,534547
85,16,883228
85,17,1745870
85,18,2324921
85,19,964955
85,20,484975
85,21,977151
85,22,5189060
85,23,3607595
85,24,522573
85,25,551919
85,26,488012
85,27,1930531
85,28,2668743
85,29,528586
85,30,2059442
85,31,2395341
85,32,662928
85,33,787501
85,34,785996
85,35,1638045
85,36,610306
85,37,629410
85,38,1165031
85,39,5381621
85,40,725379
85,41,1165204
85,42,1452065
85,43,555823
85,44,599168
85,45,1859602
85,46,810418
85,47,5029890
85,48,1884289
85,49,562132
85,50,688460
85,51,722763
85,52,1206684
85,53,558692
85,54,567538
85,55,503260
85,56,523030
85,57,2817399
85,58,675423
85,59,515076
85,60,565041
85,61,793366
85,62,892445
85,63,1090385
85,64,905995
85,65,530261
85,66,2219047
85,67,1216529
85,68,2112792
85,69,667843
85,70,7458687
85,71,552242
85,72,888186
85,73,876683
85,74,921650
85,75,5544219
85,76,735196
85,77,24901231
85,78,649449
85,79,484806
85,80,963709
85,81,4713872
85,82,802089
85,83,493111
85,84,957867
85,86,7644578
85,87,5164217
85,88,13652373
85,89,543606
85,90,606808
85,91,516183
85,92,106602312
85,93,611076
85,94,484517
85,95,3620879
85,96,6576256
85,97,541062
85,98,1479672
85,99,1922468
85,100,930648
85,101,1813283
85,102,586138
85,103,524177
85,104,707843
85,105,992711
85,106,804568
85,107,635948
85,108,1754096
85,109,3566244
85,110,495023
85,111,497820
85,112,1740291
85,113,1237564
85,114,609377
85,115,498718
85,116,1708463
85,117,1512530
85,118,1803494
85,119,46919007
85,120,29921485
85,121,10043577
85,122,1479375
85,123,4611779
85,124,512493
85,125,604343
85,126,1696660
85,127,4006969
86,0,6550828
86,1,795123
86,2,2193525
86,3,2050740
86,4,798515
86,5,535510
86,6,553148
86,7,1465577
86,8,1083122
86,9,563211
86,10,1818459
86,11,1335317
86,12,695709
86,13,6049371
86,14,37991832
86,15,941561
86,16,1414497
86,17,565859
86,18,542704
86,19,482432
86,20,809194
86,21,794024
86,22,1025182
86,23,786998
86,24,7065302
86,25,545359
86,26,1072213
86,27,584334
86,28,1983988
86,29,677617
86,30,886495
86,31,15304486
86,32,575958
86,33,505844
86,34,1336024
86,35,898969
86,36,1173418
86,37,480935
86,38,751723
86,39,817222
86,40,523230
86,41,794463
86,42,549830
86,43,2225718
86,44,833829
86,45,927834
86,46,859081
86,47,530409
86,48,4004179
86,49,536235
86,50,1105707
86,51,2061944
86,52,581778
86,53,713485
86,54,938459
86,55,6077738
86,56,2102921
86,57,1238956
86,58,648891
86,59,6890245
86,60,615701
86,61,790457
86,62,613399
86,63,3418748
86,64,961453
86,65,484541
86,66,1421509
86,67,789517
86,68,921854
86,69,1344817
86,70,648566
86,71,789662
86,72,1899250
86,73,43654308
86,74,940703
86,75,511131
86,76,1080335
86,77,1771704
86,78,11275117
86,79,628977
86,80,619567
86,81,12424707
86,82,483844
86,83,814268
86,84,833992
86,85,2749749
86,87,648195
86,88,580112
86,89,4167479
86,90,1694240
86,91,595965
86,92,500394
86,93,578995
86,94,1314256
86,95,577454
86,96,486524
86,97,541464
86,98,517185
86,99,1051946
86,100,2066968
86,101,485579
86,102,500627
86,103,1174124
86,104,487938
86,105,621795
86,106,547347
86,107,3831727
86,108,1348659
86,109,1878175
86,110,496723
86,111,1883267
86,112,950676
86,113,702966
86,114,6028290
86,115,880357
86,116,1118350
86,117,541711
86,118,1094283
86,119,1067064
86,120,4370184
86,121,1191337
86,122,894736
86,123,794170
86,124,1184456
86,125,1047968
86,126,1512842
86,127,697344
87,0,758122
87,1,646854
87,2,526981
87,3,4439279
87,4,1155414
87,5,1444991
87,6,2999114
87,7,923598
87,8,594016
87,9,1480563
87,10,924215
87,11,1127927
87,12,1064652
87,13,1553340
87,14,988021
87,15,1274720
87,16,621036
87,17,655801
87,18,707335
87,19,1808140
87,20,614219
87,21,22340128
87,22,13105606
87,23,1111442
87,24,535028
87,25,515878
87,26,492911
87,27,601547
87,28,554971
87,29,549255
87,30,1891994
87,31,1658477
87,32,498384
87,33,798886
87,34,1286731
87,35,6021300
87,36,584224
87,37,2140313
87,38,598276
87,39,6443148
87,40,5244673
87,41,770338
87,42,2019129
87,43,3212909
87,44,2411253
87,45,1240950
87,46,31854496
87,47,861095
87,48,721995
87,49,5675164
87,50,955198
87,51,484758
87,52,1157631
87,53,587435
87,54,2516856
87,55,526661
87,56,1349382
87,57,1142313
87,58,566611
87,59,484902
87,60,1234001
87,61,6871393
87,62,902759
87,63,804794
87,64,630279
87,65,1549049
87,66,24565858
87,67,1951299
87,68,1952406
87,69,529290
87,70,684715
87,71,694246
87,72,1066638
87,73,499825
87,74,745444
87,75,1630621
87,76,1023107
87,77,572150
87,78,834074
87,79,513177
87,80,613727
87,81,2537643
87,82,512958
87,83,2436483
87,84,522887
87,85,640513
87,86,4201339
87,88,497948
87,89,1130999
87,90,1609511
87,91,2308642
87,92,624423
87,93,509158
87,94,589897
87,95,616321
87,96,534457
87,97,14015239
87,98,7447405
87,99,578170
87,100,565996
87,101,1355687
87,102,2678857
87,103,872862
87,104,768974
87,105,1288468
87,106,916566
87,107,1429973
87,108,1960195
87,109,748761
87,110,771159
87,111,637596
87,112,967230
87,113,1225001
87,114,2043961
87,115,535812
87,116,1482945
87,117,851471
87,118,807063
87,119,580799
87,120,1103861
87,121,504022
87,122,82945117
87,123,1099429
87,124,655088
87,125,2141676
87,126,543950
87,127,2583516
88,0,2469809
88,1,5567520
88,2,3249035
88,3,672036
88,4,705255
88,5,796299
88,6,583126
88,7,2758156
88,8,1421780
88,9,485748
88,10,2701644
88,11,726935
88,12,862766
88,13,797775
88,14,801641
88,15,1197755
88,16,3426582
88,17,525705
88,18,3875201
88,19,697398
88,20,658621
88,21,836205
88,22,815509
88,23,629584
88,24,989579
88,25,847638
88,26,556282
88,27,606968
88,28,481054
88,29,1560998
88,30,683929
88,31,1183737
88,32,561830
88,33,697945
88,34,903443
88,35,523918
88,36,679672
88,37,515518
88,38,4596511
88,39,555691
88,40,569885
88,41,686081
88,42,1124714
88,43,1031333
88,44,638580
88,45,665081
88,46,759774
88,47,1007839
88,48,1264832
88,49,2046420
88,50,3002027
88,51,910648
88,52,487572
88,53,1015154
88,54,1246573
88,55,7391567
88,56,2849406
88,57,493136
88,58,1066212
88,59,735012
88,60,1738583
88,61,1686630
88,62,3169411
88,63,2063197
88,64,485289
88,65,940489
88,66,607648
88,67,510048
88,68,4607951
88,69,731100
88,70,997330
88,71,4697835
88,72,708634
88,73,1019883
88,74,698438
88,75,987901
88,76,557533
88,77,1870596
88,78,729948
88,79,544700
88,80,848147
88,81,911945
88,82,580618
88,83,25424102
88,84,807747
88,85,872953
88,86,624168
88,87,522858
88,89,1302776
88,90,845694
88,91,510752
88,92,4754509
88,93,732256
88,94,3496898
88,95,497539
88,96,1271756
88,97,679208
88,98,1353740
88,99,19006162
88,100,950566
88,101,1031202
88,102,7573658
88,103,558195
88,104,857164
88,105,1326663
88,106,7879379
88,107,892255
88,108,2796092
88,109,670632
88,110,4360028
88,111,1941946
88,112,514441
88,113,555659
88,114,991866
88,115,925866
88,116,1428052
88,117,713370
88,118,572921
88,119,863208
88,120,1699492
88,121,1281338
88,122,727956
88,123,6542402
88,124,17185380
88,125,1035170
88,126,4783428
88,127,654614
89,0,495226
89,1,654946
89,2,593749
89,3,541402
89,4,1284568
89,5,1207247
89,6,1915542
89,7,643643
89,8,1221712
89,9,504997
89,10,3779514
89,11,690109
89,12,2073286
89,13,791982
89,14,907178
89,15,852672
89,16,1037034
89,17,686292
89,18,1956849
89,19,3296852
89,20,2459517
89,21,490102
89,22,486039
89,23,2702795
89,24,492511
89,25,583162
89,26,3781964
89,27,686977
89,28,24240480
89,29,795637
89,30,867112
89,31,882578
89,32,1089788
89,33,570094
89,34,5333313
89,35,743546
89,36,8839490
89,37,858382
89,38,537417
89,39,1656561
89,40,1248797
89,41,1075967
89,42,2669863
89,43,601390
89,44,603000
89,45,1033711
89,46,1010474
89,47,566064
89,48,975869
89,49,612092
89,50,1293052
89,51,496799
89,52,602371
89,53,947398
89,54,1272602
89,55,1285648
89,56,726695
89,57,2287858
89,58,858819
89,59,942205
89,60,2479249
89,61,3446346
89,62,21947904
89,63,820909
89,64,566886
89,65,927523
89,66,497871
89,67,8285233
89,68,1070204
89,69,517799
89,70,3114487
89,71,687930
89,72,498230
89,73,704919
89,74,828236
89,75,887246
89,76,2943551
89,77,753799
89,78,43061375
89,79,732744
89,80,1004226
89,81,725857
89,82,570232
89,83,8299576
89,84,5076954
89,85,535359
89,86,524666
89,87,7841229
89,88,546840
89,90,575993
89,91,834646
89,92,1402278
89,93,715678
89,94,731891
89,95,905110
89,96,1104629
89,97,754777
89,98,595888
89,99,864003
89,100,1171835
89,101,547505
89,102,661760
89,103,861446
89,104,611441
89,105,1518167
89,106,615288
89,107,869258
89,108,1108954
89,109,559922
89,110,565586
89,111,539739
89,112,2114116
89,113,725260
89,114,2269819
89,115,697125
89,116,876318
89,117,911047
89,118,553993
89,119,629931
89,120,1425317
89,121,819022
89,122,837028
89,123,709883
89,124,858731
89,125,1545112
89,126,1927835
89,127,3305881
90,0,1433280
90,1,1151516
90,2,4376985
90,3,658141
90,4,497130
90,5,2812353
90,6,747993
90,7,1625835
90,8,2039062
90,9,934958
90,10,905208
90,11,1279194
90,12,510806
90,13,828075
90,14,705423
90,15,694083
90,16,1126158
90,17,1285216
90,18,792564
90,19,1090086
90,20,1339098
90,21,764847
90,22,708408
90,23,591590
90,24,2307028
90,25,3659121
90,26,896750
90,27,736552
90,28,1112066
90,29,1275357
90,30,1959078
90,31,922366
90,32,537630
90,33,2608755
90,34,549223
90,35,1282412
90,36,611401
90,37,871687
90,38,754646
90,39,511539
90,40,2589774
90,41,539708
90,42,1092780
90,43,968944
90,44,792783
90,45,2590821
90,46,1024922
90,47,514111
90,48,507468
90,49,481362
90,50,521690
90,51,735627
90,52,998431
90,53,1825094
90,54,1522901
90,55,669583
90,56,38896423
90,57,549638
90,58,591062
90,59,676441
90,60,538911
90,61,769178
90,62,644877
90,63,602961
90,64,1304562
90,65,900131
90,66,508620
90,67,1917136
90,68,2891591
90,69,832037
90,70,3474451
90,71,503050
90,72,1558325
90,73,2093801
90,74,1051395
90,75,620699
90,76,655326
90,77,489509
90,78,537296
90,79,7892188
90,80,491315
90,81,622175
90,82,965182
90,83,891115
90,84,497360
90,85,1175183
90,86,832118
90,87,566748
90,88,795858
90,89,4881301
90,91,4049352
90,92,822965
90,93,760836
90,94,553570
90,95,719289
90,96,888374
90,97,494468
90,98,818082
90,99,902076
90,100,2515876
90,101,4540256
90,102,1118825
90,103,643415
90,104,891685
90,105,2171464
90,106,2560858
90,107,506322
90,108,538820
90,109,536386
90,110,1266294
90,111,2828828
90,112,1414228
90,113,504074
90,114,628457
90,115,2311067
90,116,633561
90,117,638356
90,118,1506322
90,119,754060
90,120,513013
90,121,3519674
90,122,814113
90,123,783929
90,124,888940
90,125,2405923
90,126,949143
90,127,555135
91,0,579932
91,1,566817
91,2,1289120
91,3,492311
91,4,519229
91,5,497181
91,6,581451
91,7,2573162
91,8,6157317
91,9,2053839
91,10,810571
91,11,1054986
91,12,590235
91,13,545014
91,14,483532
91,15,2170761
91,16,1040650
91,17,723237
91,18,1797033
91,19,1359601
91,20,706152
91,21,9934555
91,22,1123116
91,23,658094
91,24,855430
91,25,1957406
91,26,958537
91,27,734275
91,28,882022
91,29,1162265
91,30,605891
91,31,640874
91,32,489362
91,33,1710928
91,34,652961
91,35,683459
91,36,1564018
91,37,976684
91,38,573765
91,39,1614911
91,40,510427
91,41,19987245
91,42,589635
91,43,647454
91,44,4213806
91,45,7704831
91,46,490894
91,47,802014
91,48,546146
91,49,2818664
91,50,1284784
91,51,550599
91,52,4961105
91,53,941775
91,54,3515508
91,55,2111470
91,56,575603
91,57,501796
91,58,1549378
91,59,585585
91,60,30181390
91,61,759509
91,62,754320
91,63,3052545
91,64,1403859
91,65,767412
91,66,620994
91,67,588216
91,68,988619
91,69,733907
91,70,1674378
91,71,882857
91,72,4192043
91,73,563583
91,74,799480
91,75,1734328
91,76,1077418
91,77,2581438
91,78,1755403
91,79,880726
91,80,513671
91,81,1165378
91,82,1095942
91,83,676696
91,84,545894
91,85,524522
91,86,1237961
91,87,1709694
91,88,885185
91,89,1166767
91,90,1340761
91,92,15477500
91,93,1207999
91,94,485700
91,95,496290
91,96,506748
91,97,5370801
91,98,3917144
91,99,895023
91,100,948270
91,101,981372
91,102,839176
91,103,860218
91,104,1145474
91,105,737790
91,106,616652
91,107,753214
91,108,759245
91,109,682157
91,110,1328989
91,111,627853
91,112,718996
91,113,1406766
91,114,1550037
91,115,585769
91,116,550953
91,117,625533
91,118,817925
91,119,818630
91,120,493638
91,121,498743
91,122,587509
91,123,540754
91,124,1084300
91,125,541278
91,126,821541
91,127,582797
92,0,860656
92,1,569677
92,2,803664
92,3,705535
92,4,1135069
92,5,493187
92,6,1880717
92,7,39850963
92,8,1043888
92,9,1119300
92,10,542797
92,11,989219
92,12,1484737
92,13,512084
92,14,541093
92,15,772051
92,16,575851
92,17,2032975
92,18,666360
92,19,586286
92,20,582615
92,21,771845
92,22,903150
92,23,484469
92,24,2237691
92,25,1971445
92,26,492461
92,27,988979
92,28,587993
92,29,1161404
92,30,1710105
92,31,6386797
92,32,871327
92,33,638894
92,34,1302554
92,35,2672105
92,36,3686667
92,37,514083
92,38,827513
92,39,551081
92,40,635860
92,41,604620
92,42,1943041
92,43,2613015
92,44,1037835
92,45,1316306
92,46,5275577
92,47,526139
92,48,982080
92,49,2994756
92,50,673194
92,51,647917
92,52,909157
92,53,714984
92,54,2354886
92,55,505500
92,56,951884
92,57,1257580
92,58,481243
92,59,1067776
92,60,2666507
92,61,19781983
92,62,664492
92,63,3235165
92,64,5209129
92,65,697562
92,66,516128
92,67,1123595
92,68,740530
92,69,1186800
92,70,1693436
92,71,520047
92,72,563650
92,73,714292
92,74,498153
92,75,524464
92,76,9504249
92,77,692681
92,78,740593
92,79,566646
92,80,1356175
92,81,543232
92,82,2279190
92,83,642187
92,84,503943
92,85,498615
92,86,7085374
92,87,602214
92,88,9683437
92,89,523717
92,90,962579
92,91,1012998
92,93,5048597
92,94,736367
92,95,757727
92,96,1731364
92,97,1860099
92,98,632902
92,99,3995835
92,100,677105
92,101,607608
92,102,642505
92,103,575390
92,104,2907775
92,105,615783
92,106,6292728
92,107,783360
92,108,688778
92,109,496214
92,110,599829
92,111,962241
92,112,1073798
92,113,1105553
92,114,2453018
92,115,483197
92,116,632507
92,117,778848
92,118,2741400
92,119,658910
92,120,722408
92,121,1601664
92,122,1773932
92,123,736182
92,124,579499
92,125,633825
92,126,1453489
92,127,907869
93,0,1016810
93,1,836698
93,2,5280768
93,3,953207
93,4,1925147
93,5,579283
93,6,635327
93,7,671534
93,8,577204
93,9,579535
93,10,630932
93,11,481718
93,12,557105
93,13,2280761
93,14,1001011
93,15,637953
93,16,929083
93,17,739282
93,18,879435
93,19,683564
93,20,611604
93,21,489682
93,22,482838
93,23,729162
93,24,1317219
93,25,1101258
93,26,1559326
93,27,1038504
93,28,777241
93,29,2421993
93,30,510264
93,31,2312688
93,32,972162
93,33,1295468
93,34,766330
93,35,782298
93,36,529731
93,37,642823
93,38,816754
93,39,1726728
93,40,600023
93,41,3156293
93,42,5149439
93,43,1375259
93,44,665621
93,45,1059584
93,46,5249795
93,47,1725469
93,48,580184
93,49,881929
93,50,1227530
93,51,1121840
93,52,580907
93,53,618940
93,54,2652077
93,55,525965
93,56,1543152
93,57,1395217
93,58,1757586
93,59,513836
93,60,1034374
93,61,705479
93,62,3405134
93,63,1375007
93,64,783218
93,65,787860
93,66,2742589
93,67,560456
93,68,723060
93,69,684767
93,70,2642189
93,71,4453394
93,72,611117
93,73,2222748
93,74,46222613
93,75,1083416
93,76,991986
93,77,6194270
93,78,2178526
93,79,1947436
93,80,2664276
93,81,502213
93,82,1018985
93,83,1562339
93,84,653055
93,85,634443
93,86,2128132
93,87,562738
93,88,1244759
93,89,644648
93,90,2199300
93,91,685976
93,92,511403
93,94,1945236
93,95,855863
93,96,916970
93,97,4407884
93,98,1276846
93,99,503732
93,100,2229444
93,101,785210
93,102,867915
93,103,1002121
93,104,3525944
93,105,1275145
93,106,721817
93,107,1232622
93,108,3665964
93,109,593255
93,110,1261298
93,111,544826
93,112,1043618
93,113,500886
93,114,893780
93,115,16547859
93,116,550471
93,117,542455
93,118,640197
93,119,787644
93,120,567366
93,121,4274179
93,122,960104
93,123,498307
93,124,1266085
93,125,795490
93,126,611970
93,127,700915
94,0,698548
94,1,489929
94,2,798071
94,3,1030280
94,4,953096
94,5,987662
94,6,502057
94,7,1459217
94,8,692412
94,9,786568
94,10,517269
94,11,1068917
94,12,497156
94,13,577276
94,14,766127
94,15,3348144
94,16,1006715
94,17,2320827
94,18,1808606
94,19,783786
94,20,639837
94,21,1046604
94,22,953759
94,23,658333
94,24,5239562
94,25,1126961
94,26,500860
94,27,690964
94,28,2153342
94,29,1050708
94,30,4277411
94,31,988739
94,32,1765496
94,33,1345296
94,34,895598
94,35,770954
94,36,496366
94,37,2731927
94,38,672942
94,39,983025
94,40,2383996
94,41,563515
94,42,704639
94,43,588440
94,44,1303892
94,45,573132
94,46,606289
94,47,590799
94,48,1654269
94,49,1186619
94,50,524954
94,51,671835
94,52,2624813
94,53,2577292
94,54,1012618
94,55,562065
94,56,558294
94,57,612868
94,58,850019
94,59,886777
94,60,596233
94,61,751852
94,62,984684
94,63,560356
94,64,644008
94,65,1022848
94,66,16216066
94,67,862062
94,68,1368250
94,69,1816573
94,70,1328756
94,71,4414817
94,72,625106
94,73,1180156
94,74,700363
94,75,27790052
94,76,691553
94,77,736923
94,78,494090
94,79,1119934
94,80,768294
94,81,740906
94,82,655611
94,83,561863
94,84,499619
94,85,499903
94,86,887622
94,87,531533
94,88,1203878
94,89,552954
94,90,526574
94,91,551371
94,92,909554
94,93,948379
94,95,1645546
94,96,698877
94,97,2265940
94,98,492137
94,99,1313121
94,100,566714
94,101,2031157
94,102,603315
94,103,2500306
94,104,720228
94,105,806911
94,106,588030
94,107,913546
94,108,576990
94,109,1732210
94,110,566269
94,111,3058614
94,112,942313
94,113,615866
94,114,2219786
94,115,1730941
94,116,549574
94,117,2182076
94,118,622259
94,119,583894
94,120,770748
94,121,607408
94,122,559955
94,123,838431
94,124,489485
94,125,1202015
94,126,826551
94,127,1829867
95,0,550054
95,1,947289
95,2,605811
95,3,2814874
95,4,975985
95,5,673346
95,6,945985
95,7,1351800
95,8,841669
95,9,1011230
95,10,2400619
95,11,2786190
95,12,628847
95,13,2462315
95,14,40348326
95,15,5144534
95,16,534727
95,17,610185
95,18,683355
95,19,1056653
95,20,1434940
95,21,1499559
95,22,5620762
95,23,500032
95,24,700197
95,25,2223489
95,26,1282197
95,27,541247
95,28,774809
95,29,497232
95,30,515352
95,31,1684243
95,32,1259229
95,33,577383
95,34,782651
95,35,547030
95,36,5159280
95,37,534007
95,38,778988
95,39,515740
95,40,485845
95,41,1080188
95,42,518415
95,43,2806074
95,44,690323
95,45,1489239
95,46,789590
95,47,1317676
95,48,728739
95,49,529849
95,50,576883
95,51,737357
95,52,1531506
95,53,548553
95,54,536962
95,55,698493
95,56,926590
95,57,2344802
95,58,498410
95,59,25603937
95,60,815121
95,61,529055
95,62,1332262
95,63,750754
95,64,1036901
95,65,2233184
95,66,1965240
95,67,573307
95,68,985397
95,69,1314484
95,70,590987
95,71,3968301
95,72,624935
95,73,606648
95,74,915759
95,75,732073
95,76,814733
95,77,920628
95,78,624253
95,79,690483
95,80,1786078
95,81,1938124
95,82,595620
95,83,505924
95,84,924937
95,85,785639
95,86,793951
95,87,1080481
95,88,5062731
95,89,760039
95,90,719406
95,91,622428
95,92,937820
95,93,13785948
95,94,523259
95,96,1053049
95,97,833747
95,98,78170534
95,99,944794
95,100,2871643
95,101,508674
95,102,1994385
95,103,631981
95,104,582943
95,105,648519
95,106,684348
95,107,1129703
95,108,510102
95,109,540785
95,110,730796
95,111,594473
95,112,524435
95,113,34093205
95,114,830819
95,115,1083711
95,116,1785625
95,117,1148822
95,118,7282666
95,119,522687
95,120,1494986
95,121,1066922
95,122,1047286
95,123,4254905
95,124,9523790
95,125,677054
95,126,3176017
95,127,742915
96,0,570963
96,1,852243
96,2,724664
96,3,2724871
96,4,508244
96,5,1453774
96,6,2386603
96,7,694137
96,8,1558992
96,9,509050
96,10,668786
96,11,56515825
96,12,8131054
96,13,3670542
96,14,4267733
96,15,853445
96,16,55461899
96,17,526313
96,18,1681072
96,19,1687428
96,20,1972578
96,21,710509
96,22,500342
96,23,494645
96,24,521860
96,25,842254
96,26,778078
96,27,1215574
96,28,638222
96,29,1056514
96,30,4323238
96,31,750110
96,32,554645
96,33,809882
96,34,6601907
96,35,508218
96,36,6070618
96,37,994165
96,38,1322498
96,39,1530865
96,40,515712
96,41,681793
96,42,1934319
96,43,870966
96,44,796815
96,45,2352356
96,46,848997
96,47,1306578
96,48,821067
96,49,1843382
96,50,5349307
96,51,617482
96,52,808279
96,53,5322710
96,54,482361
96,55,493663
96,56,1917667
96,57,586916
96,58,702743
96,59,2256690
96,60,581234
96,61,553538
96,62,1589355
96,63,612990
96,64,697234
96,65,2793609
96,66,529584
96,67,1468197
96,68,1009971
96,69,770133
96,70,505262
96,71,10483691
96,72,7538750
96,73,5966026
96,74,786783
96,75,573202
96,76,583857
96,77,1124554
96,78,1046060
96,79,631543
96,80,717945
96,81,1439946
96,82,584591
96,83,833095
96,84,776057
96,85,714407
96,86,545737
96,87,648009
96,88,627078
96,89,533409
96,90,1703149
96,91,730129
96,92,1363786
96,93,512357
96,94,14302001
96,95,1256757
96,97,498923
96,98,513588
96,99,835138
96,100,10200816
96,101,2836506
96,102,597388
96,103,532394
96,104,1736878
96,105,828478
96,106,919710
96,107,1178196
96,108,890926
96,109,1021944
96,110,759113
96,111,508271
96,112,693435
96,113,728799
96,114,937501
96,115,556512
96,116,981136
96,117,904423
96,118,592800
96,119,682469
96,120,488453
96,121,681534
96,122,2660936
96,123,716606
96,124,700583
96,125,507415
96,126,732317
96,127,653574
97,0,759311
97,1,1939760
97,2,24401949
97,3,535691
97,4,1429149
97,5,757464
97,6,801416
97,7,1717956
97,8,734643
97,9,762769
97,10,634620
97,11,749018
97,12,1140327
97,13,1212721
97,14,2855906
97,15,784996
97,16,548299
97,17,618647
97,18,521775
97,19,546746
97,20,2935207
97,21,3990294
97,22,599401
97,23,554091
97,24,7347569
97,25,917173
97,26,854393
97,27,586879
97,28,808203
97,29,673750
97,30,1225583
97,31,2580400
97,32,1740719
97,33,489633
97,34,3440390
97,35,774532
97,36,1117087
97,37,1125676
97,38,594893
97,39,873497
97,40,499387
97,41,3784417
97,42,664590
97,43,512657
97,44,1605933
97,45,564464
97,46,483005
97,47,488355
97,48,841586
97,49,766465
97,50,2342296
97,51,542486
97,52,632200
97,53,1103554
97,54,823441
97,55,564023
97,56,1843869
97,57,632726
97,58,7778562
97,59,551983
97,60,768702
97,61,524493
97,62,508298
97,63,677924
97,64,781379
97,65,3592235
97,66,693543
97,67,1599185
97,68,1587962
97,69,484204
97,70,1928373
97,71,1382858
97,72,551435
97,73,1564354
97,74,3726501
97,75,6378837
97,76,493688
97,77,1763731
97,78,623106
97,79,643963
97,80,8974253
97,81,1571795
97,82,647732
97,83,48385292
97,84,517101
97,85,1748891
97,86,1220556
97,87,11818554
97,88,3854605
97,89,606249
97,90,754973
97,91,1880208
97,92,933165
97,93,752760
97,94,682990
97,95,618314
97,96,2077099
97,98,636971
97,99,486865
97,100,2446558
97,101,482958
97,102,526487
97,103,610711
97,104,1239155
97,105,1050570
97,106,873859
97,107,1047013
97,108,886308
97,109,1023236
97,110,3702953
97,111,711994
97,112,1025442
97,113,1088150
97,114,587361
97,115,5509675
97,116,4319928
97,117,970550
97,118,507950
97,119,2976036
97,120,549414
97,121,527243
97,122,1803957
97,123,1110196
97,124,1286298
97,125,2292617
97,126,554482
97,127,716955
98,0,1871099
98,1,2610883
98,2,779690
98,3,522145
98,4,621963
98,5,1132460
98,6,775086
98,7,5743289
98,8,779198
98,9,2031763
98,10,568019
98,11,1515030
98,12,1696256
98,13,1092930
98,14,1420967
98,15,512275
98,16,2682247
98,17,1461522
98,18,553798
98,19,1094133
98,20,927212
98,21,2801073
98,22,1113630
98,23,1001751
98,24,1014011
98,25,702133
98,26,844180
98,27,484132
98,28,726276
98,29,754125
98,30,516294
98,31,622513
98,32,568812
98,33,659150
98,34,1130189
98,35,1082093
98,36,2949143
98,37,947180
98,38,1330389
98,39,1167986
98,40,698000
98,41,1076837
98,42,582652
98,43,1177131
98,44,581524
98,45,555266
98,46,877415
98,47,578959
98,48,2971753
98,49,1409953
98,50,1573157
98,51,560590
98,52,1213861
98,53,1240151
98,54,699922
98,55,879896
98,56,748633
98,57,524925
98,58,808127
98,59,589411
98,60,581052
98,61,1737730
98,62,813649
98,63,2005494
98,64,498051
98,65,636259
98,66,1052497
98,67,786068
98,68,603236
98,69,928978
98,70,580076
98,71,1288033
98,72,605056
98,73,494569
98,74,589037
98,75,2414821
98,76,691393
98,77,617191
98,78,766397
98,79,2338964
98,80,824475
98,81,503890
98,82,3403199
98,83,662684
98,84,507121
98,85,136102805
98,86,1006839
98,87,646992
98,88,630192
98,89,1836114
98,90,592270
98,91,573343
98,92,788076
98,93,737109
98,94,849507
98,95,2012582
98,96,995988
98,97,1879191
98,99,1211773
98,100,617315
98,101,623828
98,102,633165
98,103,635239
98,104,921241
98,105,5832704
98,106,555593
98,107,593179
98,108,4943118
98,109,618439
98,110,671182
98,111,497795
98,112,543139
98,113,799331
98,114,1567727
98,115,490027
98,116,1168509
98,117,1608436
98,118,9369946
98,119,637372
98,120,1024403
98,121,1218443
98,122,5561674
98,123,741281
98,124,883600
98,125,639208
98,126,760637
98,127,723178
99,0,695818
99,1,925969
99,2,554547
99,3,1164165
99,4,19099387
99,5,653526
99,6,527214
99,7,817847
99,8,3322275
99,9,2050122
99,10,2262076
99,11,583528
99,12,666261
99,13,866755
99,14,688301
99,15,2924165
99,16,553246
99,17,598586
99,18,1011608
99,19,2130151
99,20,638311
99,21,1982840
99,22,882764
99,23,741720
99,24,510291
99,25,1356663
99,26,2368484
99,27,4766855
99,28,1021557
99,29,4838198
99,30,603631
99,31,1235780
99,32,6517267
99,33,792637
99,34,522117
99,35,5115325
99,36,701412
99,37,3174363
99,38,7656544
99,39,1821296
99,40,636927
99,41,1026223
99,42,516544
99,43,584041
99,44,2168654
99,45,1197939
99,46,1580004
99,47,640603
99,48,585695
99,49,596387
99,50,1112535
99,51,606848
99,52,1390812
99,53,493237
99,54,656182
99,55,554319
99,56,746971
99,57,586582
99,58,4131233
99,59,2568019
99,60,709201
99,61,3057094
99,62,546967
99,63,1132298
99,64,495175
99,65,2289441
99,66,740843
99,67,2655391
99,68,507495
99,69,677309
99,70,14062132
99,71,668339
99,72,2478301
99,73,1570097
99,74,805322
99,75,4086910
99,76,697672
99,77,1577600
99,78,1366758
99,79,3397409
99,80,685082
99,81,3072370
99,82,1020526
99,83,733784
99,84,505738
99,85,526923
99,86,1852190
99,87,564498
99,88,537023
99,89,798663
99,90,21090142
99,91,848742
99,92,819257
99,93,708465
99,94,3717042
99,95,796152
99,96,929917
99,97,813959
99,98,6797133
99,100,512575
99,101,744493
99,102,775294
99,103,559589
99,104,1661168
99,105,505897
99,106,549319
99,107,837935
99,108,809959
99,109,863915
99,110,911645
99,111,8822964
99,112,1968619
99,113,1185536
99,114,674205
99,115,585511
99,116,533140
99,117,2936594
99,118,588701
99,119,771365
99,120,165065136
99,121,5214173
99,122,1159514
99,123,678899
99,124,541000
99,125,837770
99,126,35540251
99,127,1081067
100,0,1014900
100,1,1274932
100,2,1090833
100,3,1555662
100,4,2133526
100,5,769314
100,6,1186258
100,7,615949
100,8,9221583
100,9,1242551
100,10,549798
100,11,10293184
100,12,1571116
100,13,1005717
100,14,560523
100,15,481837
100,16,505182
100,17,510237
100,18,488993
100,19,615907
100,20,962016
100,21,716432
100,22,691232
100,23,642960
100,24,714003
100,25,1510662
100,26,504918
100,27,609982
100,28,681378
100,29,821304
100,30,584151
100,31,1126318
100,32,776475
100,33,721346
100,34,888751
100,35,639343
100,36,1924075
100,37,713600
100,38,3574861
100,39,514496
100,40,628025
100,41,549478
100,42,29171081
100,43,533259
100,44,3385896
100,45,985040
100,46,667249
100,47,2069490
100,48,573483
100,49,964275
100,50,609902
100,51,3111323
100,52,2340628
100,53,486938
100,54,1249406
100,55,1949641
100,56,901784
100,57,597967
100,58,690911
100,59,1087555
100,60,688725
100,61,658669
100,62,1741575
100,63,1022073
100,64,685450
100,65,1015663
100,66,533797
100,67,853531
100,68,515629
100,69,796889
100,70,1530545
100,71,659247
100,72,583821
100,73,989939
100,74,487060
100,75,503129
100,76,686186
100,77,2882243
100,78,1455488
100,79,637551
100,80,1236176
100,81,3399337
100,82,1199048
100,83,1834668
100,84,1976555
100,85,1131810
100,86,1519427
100,87,1513779
100,88,586212
100,89,622725
100,90,1016938
100,91,3777067
100,92,637328
100,93,800372
100,94,531444
100,95,1247179
100,96,3266562
100,97,549958
100,98,597774
100,99,1300330
100,101,1122318
100,102,731525
100,103,2728394
100,104,496417
100,105,956419
100,106,487669
100,107,1731787
100,108,864711
100,109,727295
100,110,576491
100,111,760902
100,112,535963
100,113,1403068
100,114,635106
100,115,633958
100,116,746079
100,117,7198106
100,118,2332332
100,119,1916604
100,120,881744
100,121,1328057
100,122,991022
100,123,949690
100,124,606688
100,125,3382078
100,126,574718
100,127,562974
101,0,950895
101,1,583565
101,2,599517
101,3,1170783
101,4,659777
101,5,654330
101,6,2391837
101,7,572535
101,8,2729571
101,9,797701
101,10,3051031
101,11,1362799
101,12,563312
101,13,26161061
101,14,582870
101,15,4333202
101,16,712223
101,17,631063
101,18,959096
101,19,1114570
101,20,762368
101,21,713141
101,22,2471690
101,23,562435
101,24,1079896
101,25,705647
101,26,507175
101,27,2056948
101,28,625191
101,29,654567
101,30,771639
101,31,501172
101,32,596695
101,33,610063
101,34,686925
101,35,660598
101,36,4738160
101,37,671132
101,38,1024663
101,39,2370197
101,40,698712
101,41,562031
101,42,634575
101,43,1436604
101,44,1261920
101,45,565620
101,46,548426
101,47,516405
101,48,1379554
101,49,2234684
101,50,1984563
101,51,1277486
101,52,565075
101,53,585290
101,54,532008
101,55,601743
101,56,3361249
101,57,514827
101,58,607448
101,59,605453
101,60,550439
101,61,1146476
101,62,1039174
101,63,1475234
101,64,902564
101,65,10155328
101,66,714176
101,67,2260534
101,68,546209
101,69,692197
101,70,724425
101,71,527709
101,72,1208375
101,73,576848
101,74,1830346
101,75,899744
101,76,1639539
101,77,2354042
101,78,1587266
101,79,611238
101,80,501354
101,81,1307476
101,82,908959
101,83,1849244
101,84,536841
101,85,555200
101,86,1671249
101,87,2365921
101,88,597079
101,89,704527
101,90,499954
101,91,994043
101,92,507068
101,93,3254271
101,94,503916
101,95,6610508
101,96,3171060
101,97,2403267
101,98,706209
101,99,1567389
101,100,1311988
101,102,526110
101,103,696743
101,104,1901335
101,105,482910
101,106,1337205
101,107,797405
101,108,990540
101,109,553375
101,110,5526886
101,111,871507
101,112,4425264
101,113,523832
101,114,8583146
101,115,688195
101,116,844768
101,117,506642
101,118,784071
101,119,8536928
101,120,1108489
101,121,4585135
101,122,754581
101,123,2511963
101,124,1191702
101,125,618230
101,126,839010
101,127,931171
102,0,675779
102,1,635505
102,2,727836
102,3,1847285
102,4,569123
102,5,1047558
102,6,1159342
102,7,496825
102,8,1243553
102,9,509886
102,10,604580
102,11,771433
102,12,1091731
102,13,504601
102,14,922469
102,15,530793
102,16,1229091
102,17,1577257
102,18,643780
102,19,2863751
102,20,1459505
102,21,714580
102,22,930544
102,23,23617912
102,24,3257772
102,25,526081
102,26,830496
102,27,3614223
102,28,850787
102,29,1001504
102,30,621837
102,31,536205
102,32,751206
102,33,667397
102,34,572430
102,35,515795
102,36,486063
102,37,2495485
102,38,662003
102,39,902369
102,40,955420
102,41,678386
102,42,1216338
102,43,1008841
102,44,1079458
102,45,528352
102,46,4456939
102,47,552598
102,48,553830
102,49,545108
102,50,32772308
102,51,810724
102,52,1413960
102,53,789373
102,54,1213291
102,55,766938
102,56,2689057
102,57,1193895
102,58,910548
102,59,2215360
102,60,835220
102,61,838017
102,62,654756
102,63,767548
102,64,1201272
102,65,509077
102,66,1324114
102,67,3468385
102,68,1502010
102,69,651644
102,70,672187
102,71,1063663
102,72,868989
102,73,1130675
102,74,9388871
102,75,634399
102,76,485893
102,77,1151347
102,78,914852
102,79,485627
102,80,770885
102,81,5800412
102,82,3119247
102,83,1010852
102,84,1429698
102,85,2397098
102,86,529173
102,87,680446
102,88,511322
102,89,16480282
102,90,4057951
102,91,557765
102,92,696416
102,93,1752792
102,94,608893
102,95,502710
102,96,959208
102,97,1036501
102,98,900423
102,99,494166
102,100,509724
102,101,682053
102,103,929812
102,104,777799
102,105,2116770
102,106,1539248
102,107,1707233
102,108,612296
102,109,563786
102,110,964162
102,111,1432452
102,112,997086
102,113,635150
102,114,1621446
102,115,3600994
102,116,860744
102,117,722290
102,118,521519
102,119,619148
102,120,4223211
102,121,1226945
102,122,841753
102,123,1157973
102,124,742600
102,125,520612
102,126,2637820
102,127,623743
103,0,490943
103,1,927108
103,2,658814
103,3,843174
103,4,745317
103,5,1401490
103,6,1996713
103,7,2151273
103,8,581125
103,9,2254391
103,10,825033
103,11,769655
103,12,625705
103,13,1857124
103,14,566440
103,15,612011
103,16,1343860
103,17,560857
103,18,773565
103,19,633429
103,20,1619988
103,21,1195546
103,22,905601
103,23,546115
103,24,2379664
103,25,1019113
103,26,579355
103,27,1450928
103,28,3736015
103,29,500575
103,30,799777
103,31,574012
103,32,546493
103,33,1106787
103,34,487889
103,35,21570841
103,36,681689
103,37,1309727
103,38,748825
103,39,704975
103,40,507762
103,41,1030149
103,42,1828910
103,43,564090
103,44,500213
103,45,564837
103,46,934324
103,47,917578
103,48,553700
103,49,1653125
103,50,605533
103,51,3316790
103,52,501484
103,53,590160
103,54,692627
103,55,793001
103,56,552727
103,57,579968
103,58,644694
103,59,506509
103,60,501068
103,61,576669
103,62,570302
103,63,1234396
103,64,536932
103,65,770406
103,66,552016
103,67,850873
103,68,874313
103,69,1081213
103,70,791255
103,71,1533434
103,72,509239
103,73,4863956
103,74,1063098
103,75,656563
103,76,11078598
103,77,2967484
103,78,649169
103,79,700638
103,80,674154
103,81,639747
103,82,1594604
103,83,597928
103,84,534637
103,85,720580
103,86,795270
103,87,1875135
103,88,1914482
103,89,936016
103,90,694624
103,91,1358375
103,92,513918
103,93,516990
103,94,599907
103,95,704471
103,96,1269019
103,97,1175891
103,98,1262127
103,99,1753226
103,100,754255
103,101,532603
103,102,2650974
103,104,1021815
103,105,1105245
103,106,1581726
103,107,555462
103,108,15419341
103,109,1396258
103,110,576919
103,111,968715
103,112,18913955
103,113,499567
103,114,1833706
103,115,543419
103,116,783857
103,117,1339336
103,118,1454916
103,119,586656
103,120,499206
103,121,687718
103,122,3141679
103,123,617939
103,124,488379
103,125,790023
103,126,2300598
103,127,28461733
104,0,486719
104,1,678334
104,2,494216
104,3,509400
104,4,773151
104,5,693705
104,6,685818
104,7,1092180
104,8,867737
104,9,496672
104,10,1502624
104,11,946963
104,12,612174
104,13,802539
104,14,3033005
104,15,640558
104,16,1618897
104,17,1221326
104,18,2576258
104,19,786640
104,20,789156
104,21,882671
104,22,691018
104,23,1206122
104,24,895886
104,25,791763
104,26,960666
104,27,3211211
104,28,1159857
104,29,5397943
104,30,732867
104,31,2770266
104,32,575638
104,33,3816644
104,34,580220
104,35,1020269
104,36,958984
104,37,8506425
104,38,1160029
104,39,4001393
104,40,2033582
104,41,701578
104,42,850360
104,43,621204
104,44,1645923
104,45,536477
104,46,2767835
104,47,523345
104,48,562839
104,49,675575
104,50,490052
104,51,1868084
104,52,2250571
104,53,4646552
104,54,548904
104,55,1224031
104,56,583272
104,57,663514
104,58,829445
104,59,1661553
104,60,1219594
104,61,944577
104,62,8328432
104,63,507896
104,64,10810830
104,65,1380315
104,66,493011
104,67,541959
104,68,593445
104,69,490126
104,70,1251642
104,71,694679
104,72,880819
104,73,850104
104,74,5550023
104,75,905405
104,76,1181227
104,77,911346
104,78,3561953
104,79,1133274
104,80,3320444
104,81,614506
104,82,619609
104,83,5724527
104,84,6410811
104,85,546272
104,86,2150584
104,87,2315936
104,88,1026614
104,89,3933138
104,90,2301399
104,91,585364
104,92,782368
104,93,1321116
104,94,37133238
104,95,3652306
104,96,1510040
104,97,1851698
104,98,553116
104,99,526894
104,100,507575
104,101,714061
104,102,1622175
104,103,818004
104,105,2175695
104,106,627767
104,107,599984
104,108,3295052
104,109,526168
104,110,626176
104,111,1087407
104,112,607368
104,113,542052
104,114,500446
104,115,1502317
104,116,1764613
104,117,598122
104,118,2238444
104,119,4356654
104,120,1168335
104,121,539524
104,122,1029099
104,123,610266
104,124,571172
104,125,992953
104,126,1597772
104,127,544857
105,0,886683
105,1,884905
105,2,743988
105,3,2840362
105,4,1136051
105,5,564871
105,6,1013884
105,7,733050
105,8,1099581
105,9,1725050
105,10,1823667
105,11,1270913
105,12,487987
105,13,1700303
105,14,785282
105,15,744367
105,16,1956292
105,17,651504
105,18,784783
105,19,1449509
105,20,614630
105,21,2224232
105,22,625021
105,23,1504163
105,24,1345775
105,25,660211
105,26,2231686
105,27,586397
105,28,1188247
105,29,1108179
105,30,827272
105,31,881651
105,32,492162
105,33,763639
105,34,1691829
105,35,608934
105,36,547315
105,37,2911853
105,38,1088596
105,39,806229
105,40,667150
105,41,1080774
105,42,485458
105,43,502736
105,44,623233
105,45,1425863
105,46,800149
105,47,656850
105,48,1650084
105,49,592876
105,50,603592
105,51,1666967
105,52,703690
105,53,489781
105,54,607168
105,55,482027
105,56,568433
105,57,995258
105,58,2539643
105,59,793878
105,60,483077
105,61,1100343
105,62,1109419
105,63,499490
105,64,588179
105,65,684086
105,66,1066780
105,67,1258817
105,68,1394437
105,69,1059304
105,70,489805
105,71,804718
105,72,724783
105,73,1086665
105,74,712280
105,75,756806
105,76,1217676
105,77,1219786
105,78,607688
105,79,1399130
105,80,2022721
105,81,1141485
105,82,1221133
105,83,651738
105,84,720286
105,85,1424227
105,86,650708
105,87,576741
105,88,485168
105,89,2221266
105,90,2413928
105,91,709088
105,92,901881
105,93,518163
105,94,1145640
105,95,1036234
105,96,1585184
105,97,845779
105,98,1491049
105,99,2057571
105,100,748697
105,101,2951948
105,102,4173589
105,103,548744
105,104,3167765
105,106,921138
105,107,690163
105,108,891590
105,109,685239
105,110,487206
105,111,552080
105,112,1084448
105,113,494443
105,114,1172011
105,115,626476
105,116,653904
105,117,862150
105,118,1002863
105,119,6627784
105,120,1025572
105,121,495074
105,122,2123437
105,123,1372495
105,124,1510351
105,125,7336662
105,126,1022590
105,127,664149
106,0,586249
106,1,4662197
106,2,499774
106,3,866043
106,4,695166
106,5,665818
106,6,680240
106,7,520329
106,8,4467611
106,9,3906563
106,10,1571455
106,11,815587
106,12,941883
106,13,2154033
106,14,814501
106,15,513726
106,16,675067
106,17,563921
106,18,1435494
106,19,688248
106,20,735997
106,21,811876
106,22,528410
106,23,527972
106,24,4464047
106,25,1381840
106,26,567160
106,27,578887
106,28,772738
106,29,504443
106,30,749274
106,31,972739
106,32,487694
106,33,554841
106,34,870696
106,35,631019
106,36,495884
106,37,886214
106,38,3925123
106,39,22207644
106,40,1311309
106,41,1911308
106,42,3214608
106,43,485361
106,44,540507
106,45,553440
106,46,842923
106,47,1714227
106,48,534187
106,49,655991
106,50,5058010
106,51,1130351
106,52,538392
106,53,1687827
106,54,933376
106,55,1388492
106,56,1658094
106,57,677156
106,58,553473
106,59,524867
106,60,617897
106,61,1760214
106,62,1139502
106,63,861798
106,64,602921
106,65,825671
106,66,599051
106,67,722823
106,68,594626
106,69,796226
106,70,988500
106,71,1478486
106,72,632594
106,73,1786532
106,74,587695
106,75,2365068
106,76,568571
106,77,939206
106,78,1071926
106,79,616197
106,80,793220
106,81,1043482
106,82,644740
106,83,1599538
106,84,582469
106,85,1985713
106,86,3108166
106,87,770611
106,88,528001
106,89,684505
106,90,584995
106,91,589336
106,92,736120
106,93,483292
106,94,1918732
106,95,489263
106,96,549926
106,97,606050
106,98,4721937
106,99,502161
106,100,1480266
106,101,2040284
106,102,528879
106,103,26352893
106,104,1579316
106,105,2187068
106,107,4035113
106,108,565689
106,109,660163
106,110,528440
106,111,491763
106,112,5184070
106,113,543794
106,114,926797
106,115,727355
106,116,3668251
106,117,692950
106,118,841836
106,119,788580
106,120,741846
106,121,541124
106,122,979022
106,123,805624
106,124,1797953
106,125,1223838
106,126,521661
106,127,1250015
107,0,1320427
107,1,581197
107,2,1662324
107,3,516156
107,4,492686
107,5,1132135
107,6,797110
107,7,488036
107,8,772669
107,9,985992
107,10,1720452
107,11,1773040
107,12,2356576
107,13,1277912
107,14,962128
107,15,583931
107,16,1777960
107,17,701800
107,18,1934862
107,19,1438830
107,20,483628
107,21,1525758
107,22,1628776
107,23,9891687
107,24,1663868
107,25,734091
107,26,1058605
107,27,895406
107,28,557006
107,29,1065219
107,30,816988
107,31,483460
107,32,1064511
107,33,1323421
107,34,952765
107,35,1225195
107,36,1865081
107,37,929187
107,38,782793
107,39,883973
107,40,491937
107,41,639387
107,42,576527
107,43,2896963
107,44,953648
107,45,1129865
107,46,1475824
107,47,2684513
107,48,612378
107,49,1044837
107,50,2038451
107,51,7930899
107,52,529408
107,53,1717126
107,54,1573497
107,55,672388
107,56,1081800
107,57,1987440
107,58,813727
107,59,4925276
107,60,1121045
107,61,618147
107,62,745064
107,63,1621810
107,64,1586919
107,65,544732
107,66,591439
107,67,483484
107,68,992228
107,69,656516
107,70,3359370
107,71,738287
107,72,628069
107,73,1259849
107,74,4353286
107,75,489386
107,76,493839
107,77,520810
107,78,1167812
107,79,2775144
107,80,1315166
107,81,1490445
107,82,2155416
107,83,518695
107,84,1768594
107,85,550728
107,86,8725247
107,87,1267969
107,88,592345
107,89,1314939
107,90,2017339
107,91,1075677
107,92,636571
107,93,483340
107,94,609135
107,95,494292
107,96,507148
107,97,547410
107,98,603039
107,99,5436466
107,100,1516911
107,101,1462968
107,102,1049884
107,103,1006964
107,104,866132
107,105,1476415
107,106,867558
107,108,2614083
107,109,801715
107,110,5712096
107,111,1744579
107,112,853618
107,113,602764
107,114,4503604
107,115,862238
107,116,4970154
107,117,625833
107,118,973432
107,119,3911846
107,120,818865
107,121,6323736
107,122,40859878
107,123,526807
107,124,701689
107,125,1715054
107,126,493086
107,127,1401227
108,0,912244
108,1,743861
108,2,1772594
108,3,711308
108,4,491018
108,5,518359
108,6,2110810
108,7,1962994
108,8,538484
108,9,845189
108,10,848827
108,11,5608832
108,12,662246
108,13,648612
108,14,570893
108,15,3919800
108,16,2648771
108,17,683250
108,18,696144
108,19,2556787
108,20,643506
108,21,769587
108,22,932850
108,23,2268266
108,24,2656498
108,25,837852
108,26,757266
108,27,742223
108,28,1727149
108,29,892921
108,30,755626
108,31,595811
108,32,1027790
108,33,1146141
108,34,5826213
108,35,711536
108,36,839424
108,37,2665391
108,38,1896652
108,39,632770
108,40,503680
108,41,1586224
108,42,533170
108,43,835302
108,44,1400702
108,45,556545
108,46,981844
108,47,758188
108,48,1176599
108,49,718704
108,50,722645
108,51,2804822
108,52,861974
108,53,1078583
108,54,578098
108,55,740718
108,56,13227377
108,57,509913
108,58,2618363
108,59,780956
108,60,697016
108,61,676594
108,62,885279
108,63,1189881
108,64,571311
108,65,642233
108,66,695112
108,67,8242534
108,68,576029
108,69,775155
108,70,929291
108,71,510562
108,72,511730
108,73,4383809
108,74,1899771
108,75,508325
108,76,740155
108,77,643734
108,78,2142358
108,79,850702
108,80,653668
108,81,719172
108,82,1408358
108,83,1367255
108,84,9849234
108,85,2097048
108,86,65390562
108,87,529760
108,88,784213
108,89,4421775
108,90,570684
108,91,520131
108,92,675880
108,93,1544131
108,94,3478508
108,95,502422
108,96,9703818
108,97,1676341
108,98,1769037
108,99,2727219
108,100,2154724
108,101,1371244
108,102,19288960
108,103,4170531
108,104,774325
108,105,2269042
108,106,4140228
108,107,1094735
108,109,563853
108,110,864268
108,111,1456633
108,112,517576
108,113,690056
108,114,1357885
108,115,575319
108,116,485119
108,117,572991
108,118,876775
108,119,758386
108,120,1845819
108,121,584738
108,122,1305457
108,123,880911
108,124,601508
108,125,542859
108,126,2282334
108,127,726216
109,0,1112222
109,1,2695906
109,2,656420
109,3,4346568
109,4,1537304
109,5,1532148
109,6,644969
109,7,2620509
109,8,11479657
109,9,1516283
109,10,622217
109,11,759576
109,12,2227207
109,13,488747
109,14,2118765
109,15,1693034
109,16,807519
109,17,1181406
109,18,2733108
109,19,668687
109,20,1711340
109,21,3654574
109,22,1624735
109,23,509535
109,24,1931071
109,25,747481
109,26,2202201
109,27,515850
109,28,901005
109,29,1618171
109,30,1416915
109,31,616155
109,32,504127
109,33,506482
109,34,1155755
109,35,8158605
109,36,832524
109,37,512111
109,38,1540872
109,39,5787608
109,40,1258198
109,41,1681468
109,42,773979
109,43,625362
109,44,868363
109,45,6500630
109,46,1153207
109,47,516628
109,48,527418
109,49,492861
109,50,740468
109,51,715100
109,52,569504
109,53,731465
109,54,732134
109,55,802763
109,56,510969
109,57,543825
109,58,655706
109,59,691071
109,60,781944
109,61,576598
109,62,570789
109,63,807215
109,64,667645
109,65,1946885
109,66,924112
109,67,986111
109,68,1078146
109,69,1231639
109,70,915456
109,71,1095037
109,72,617108
109,73,583236
109,74,517129
109,75,1065360
109,76,628198
109,77,499670
109,78,1437994
109,79,576171
109,80,8313976
109,81,1821769
109,82,1319279
109,83,507335
109,84,2854604
109,85,572325
109,86,527272
109,87,934113
109,88,506110
109,89,2136914
109,90,481030
109,91,503443
109,92,1655032
109,93,712968
109,94,1421238
109,95,731221
109,96,537722
109,97,587955
109,98,4654360
109,99,535600
109,100,524263
109,101,1095640
109,102,1187704
109,103,575426
109,104,593027
109,105,1699897
109,106,1045924
109,107,569331
109,108,2486860
109,110,4310032
109,111,7866616
109,112,846369
109,113,573694
109,114,568295
109,115,9025990
109,116,1405443
109,117,1433833
109,118,907770
109,119,1120410
109,120,553408
109,121,1379047
109,122,1457206
109,123,3378269
109,124,525329
109,125,3207821
109,126,876957
109,127,524579
110,0,675270
110,1,1292833
110,2,689044
110,3,88430180
110,4,843090
110,5,694841
110,6,1778858
110,7,568054
110,8,565212
110,9,2063825
110,10,1017576
110,11,10707747
110,12,1460081
110,13,574612
110,14,3331462
110,15,612623
110,16,604263
110,17,813263
110,18,759443
110,19,912645
110,20,671433
110,21,645841
110,22,570580
110,23,1663096
110,24,620321
110,25,498333
110,26,610630
110,27,2513917
110,28,1244357
110,29,634885
110,30,1876654
110,31,753344
110,32,573062
110,33,511430
110,34,668041
110,35,2764196
110,36,1238160
110,37,1166246
110,38,1589006
110,39,743735
110,40,577133
110,41,707447
110,42,885466
110,43,5194061
110,44,1245968
110,45,1285432
110,46,588813
110,47,499335
110,48,3434457
110,49,2200024
110,50,799108
110,51,667942
110,52,814966
110,53,614877
110,54,1110974
110,55,581415
110,56,700970
110,57,682625
110,58,4164431
110,59,840337
110,60,489460
110,61,2279975
110,62,611645
110,63,1131973
110,64,885653
110,65,630627
110,66,1581381
110,67,2394464
110,68,1937035
110,69,1655414
110,70,694462
110,71,530970
110,72,800968
110,73,602528
110,74,539954
110,75,6269695
110,76,782439
110,77,1774826
110,78,1377023
110,79,596195
110,80,1660783
110,81,757925
110,82,1235384
110,83,1205747
110,84,983498
110,85,1735177
110,86,16413323
110,87,973780
110,88,611198
110,89,1481455
110,90,572746
110,91,1578973
110,92,903835
110,93,485240
110,94,1394957
110,95,1146643
110,96,705087
110,97,1447529
110,98,898389
110,99,2287067
110,100,793512
110,101,971585
110,102,5199073
110,103,871958
110,104,683146
110,105,524752
110,106,919914
110,107,750690
110,108,1445273
110,109,1253478
110,111,2164454
110,112,2321645
110,113,1120092
110,114,1140162
110,115,614465
110,116,2082206
110,117,813495
110,118,680085
110,119,605255
110,120,640965
110,121,630105
110,122,1392622
110,123,518976
110,124,3250779
110,125,670582
110,126,1232032
110,127,691661
111,0,1013377
111,1,1290646
111,2,482456
111,3,718353
111,4,506588
111,5,901200
111,6,932745
111,7,619651
111,8,670332
111,9,896847
111,10,654709
111,11,1443024
111,12,542021
111,13,1139997
111,14,1155074
111,15,811799
111,16,488722
111,17,7035433
111,18,595084
111,19,753474
111,20,520584
111,21,576207
111,22,705311
111,23,785353
111,24,484709
111,25,557138
111,26,582907
111,27,1480860
111,28,1107560
111,29,496646
111,30,2255157
111,31,685292
111,32,655896
111,33,701357
111,34,959320
111,35,531830
111,36,564124
111,37,622006
111,38,1055819
111,39,21327445
111,40,1688626
111,41,734459
111,42,711936
111,43,523116
111,44,970205
111,45,920220
111,46,728016
111,47,680601
111,48,1094434
111,49,767344
111,50,667595
111,51,3256021
111,52,624509
111,53,831225
111,54,807291
111,55,1566713
111,56,738163
111,57,14757863
111,58,1763291
111,59,573448
111,60,488821
111,61,3387809
111,62,878516
111,63,712853
111,64,488110
111,65,1058885
111,66,493412
111,67,1805349
111,68,650288
111,69,571940
111,70,1092630
111,71,3893426
111,72,503627
111,73,1158486
111,74,2679986
111,75,490794
111,76,932220
111,77,723712
111,78,507655
111,79,650474
111,80,1154225
111,81,731952
111,82,725081
111,83,790530
111,84,568709
111,85,579175
111,86,498256
111,87,535631
111,88,580509
111,89,798589
111,90,1347696
111,91,485530
111,92,1810007
111,93,861710
111,94,673952
111,95,966318
111,96,857425
111,97,1787894
111,98,541866
111,99,520725
111,100,484613
111,101,2658715
111,102,1345535
111,103,822252
111,104,11600338
111,105,917072
111,106,828719
111,107,588925
111,108,1833225
111,109,1164338
111,110,718529
111,112,607849
111,113,608732
111,114,580980
111,115,699426
111,116,3460335
111,117,18210951
111,118,695438
111,119,1365518
111,120,1166072
111,121,670532
111,122,565348
111,123,2616221
111,124,1348178
111,125,2743780
111,126,716084
111,127,1022331
112,0,1517539
112,1,859168
112,2,540970
112,3,664100
112,4,800223
112,5,918085
112,6,2367629
112,7,1071782
112,8,605016
112,9,906093
112,10,484060
112,11,496036
112,12,485434
112,13,659680
112,14,585400
112,15,1098517
112,16,822490
112,17,1505396
112,18,567263
112,19,771707
112,20,592497
112,21,726515
112,22,879988
112,23,535661
112,24,524205
112,25,930439
112,26,1144473
112,27,1991485
112,28,532573
112,29,111314438
112,30,522544
112,31,935910
112,32,619692
112,33,6451290
112,34,1169557
112,35,2060692
112,36,866844
112,37,1008340
112,38,991142
112,39,1779757
112,40,613358
112,41,751529
112,42,2734289
112,43,836369
112,44,913847
112,45,1053740
112,46,543201
112,47,1405707
112,48,590310
112,49,532067
112,50,834483
112,51,519962
112,52,913145
112,53,540353
112,54,585548
112,55,620489
112,56,1698681
112,57,2953353
112,58,799702
112,59,815198
112,60,1705597
112,61,651879
112,62,1418533
112,63,626906
112,64,646716
112,65,11914934
112,66,665572
112,67,4134226
112,68,3728875
112,69,2819930
112,70,1685834
112,71,869887
112,72,536871
112,73,945877
112,74,611320
112,75,839922
112,76,968257
112,77,808356
112,78,14500642
112,79,1203505
112,80,820043
112,81,733600
112,82,502788
112,83,2780041
112,84,908760
112,85,493487
112,86,749788
112,87,779971
112,88,4795943
112,89,633341
112,90,782722
112,91,667992
112,92,817378
112,93,500135
112,94,774878
112,95,603079
112,96,706490
112,97,3638762
112,98,575178
112,99,728076
112,100,696852
112,101,567744
112,102,609175
112,103,3089373
112,104,760106
112,105,1172538
112,106,8567678
112,107,921752
112,108,2909133
112,109,1823193
112,110,947616
112,111,682938
112,113,98399766
112,114,1056375
112,115,1780207
112,116,2410363
112,117,561427
112,118,1342427
112,119,710851
112,120,606369
112,121,597658
112,122,654472
112,123,750883
112,124,544638
112,125,17564130
112,126,814578
112,127,666212
113,0,791909
113,1,2498375
113,2,493538
113,3,2288649
113,4,830981
113,5,2359116
113,6,492212
113,7,960329
113,8,791037
113,9,1389264
113,10,2210221
113,11,815043
113,12,543575
113,13,931381
113,14,2090566
113,15,760504
113,16,598625
113,17,1387207
113,18,568847
113,19,612582
113,20,624893
113,21,544920
113,22,2130825
113,23,871868
113,24,487279
113,25,3982014
113,26,686344
113,27,670732
113,28,556216
113,29,1017960
113,30,592989
113,31,788364
113,32,1683846
113,33,614260
113,34,996964
113,35,501848
113,36,556479
113,37,488870
113,38,2019727
113,39,912745
113,40,1359355
113,41,1758024
113,42,17410395
113,43,507388
113,44,958202
113,45,1432728
113,46,494241
113,47,1040113
113,48,1563010
113,49,1280908
113,50,754451
113,51,492761
113,52,680136
113,53,648426
113,54,17800553
113,55,1303446
113,56,490373
113,57,1186438
113,58,1089489
113,59,529554
113,60,543700
113,61,549990
113,62,550888
113,63,503785
113,64,651363
113,65,554417
113,66,554449
113,67,695221
113,68,2599226
113,69,972854
113,70,2730749
113,71,4829680
113,72,780604
113,73,484084
113,74,1382094
113,75,2867691
113,76,520668
113,77,564057
113,78,1299664
113,79,499361
113,80,1166941
113,81,519342
113,82,2474519
113,83,558559
113,84,612786
113,85,587064
113,86,522459
113,87,641507
113,88,1898730
113,89,788004
113,90,2200749
113,91,1417184
113,92,563447
113,93,3031513
113,94,645015
113,95,3307694
113,96,2501273
113,97,1834187
113,98,481196
113,99,629453
113,100,641417
113,101,8790119
113,102,6976538
113,103,757003
113,104,1165551
113,105,591175
113,106,5555842
113,107,3192667
113,108,689310
113,109,867469
113,110,589149
113,111,704415
113,112,1243955
113,114,1103401
113,115,846454
113,116,955531
113,117,557434
113,118,747418
113,119,1034109
113,120,953980
113,121,748953
113,122,1311082
113,123,840836
113,124,782156
113,125,598935
113,126,898679
113,127,511866
114,0,497386
114,1,764511
114,2,598896
114,3,944145
114,4,4446324
114,5,9870409
114,6,2937983
114,7,932955
114,8,3844399
114,9,1817044
114,10,6986277
114,11,1082828
114,12,1020398
114,13,1601309
114,14,800000
114,15,1133763
114,16,986945
114,17,1269860
114,18,599323
114,19,1832264
114,20,745254
114,21,632550
114,22,1310179
114,23,889412
114,24,702855
114,25,1320886
114,26,2045190
114,27,3747985
114,28,562368
114,29,492736
114,30,1211395
114,31,911445
114,32,526371
114,33,2530671
114,34,838762
114,35,1463546
114,36,1289338
114,37,2264392
114,38,2841650
114,39,537813
114,40,642596
114,41,1597067
114,42,1139832
114,43,872591
114,44,995866
114,45,808889
114,46,551049
114,47,830576
114,48,656897
114,49,544231
114,50,2950545
114,51,1100190
114,52,1977694
114,53,1030543
114,54,655658
114,55,657950
114,56,1946335
114,57,707222
114,58,671333
114,59,981490
114,60,515490
114,61,554775
114,62,520980
114,63,481576
114,64,1194628
114,65,1181585
114,66,558327
114,67,5858831
114,68,951555
114,69,633385
114,70,1085925
114,71,2626971
114,72,530202
114,73,891020
114,74,630409
114,75,1365023
114,76,531622
114,77,549287
114,78,827032
114,79,738225
114,80,896943
114,81,1973145
114,82,1450360
114,83,1027267
114,84,654283
114,85,1323883
114,86,1364280
114,87,7470007
114,88,652631
114,89,817535
114,90,1726308
114,91,890547
114,92,728980
114,93,789012
114,94,875952
114,95,1275995
114,96,5681282
114,97,520244
114,98,723771
114,99,534397
114,100,1626937
114,101,578349
114,102,1492863
114,103,1647056
114,104,492986
114,105,644191
114,106,621752
114,107,1208187
114,108,715505
114,109,1988594
114,110,825751
114,111,703745
114,112,673295
114,113,611930
114,115,1173242
114,116,1188429
114,117,503155
114,118,589186
114,119,509778
114,120,717420
114,121,595696
114,122,6106407
114,123,949580
114,124,536265
114,125,881466
114,126,537935
114,127,717828
115,0,563549
115,1,674104
115,2,3679737
115,3,512384
115,4,2710881
115,5,591364
115,6,487230
115,7,543046
115,8,537600
115,9,552209
115,10,3568394
115,11,1076112
115,12,783006
115,13,1706415
115,14,616859
115,15,524781
115,16,739843
115,17,632946
115,18,627035
115,19,642778
115,20,525792
115,21,561762
115,22,556973
115,23,1297673
115,24,577597
115,25,2179944
115,26,666854
115,27,617648
115,28,1209506
115,29,1430248
115,30,2906419
115,31,555429
115,32,6120856
115,33,666557
115,34,921957
115,35,1221519
115,36,1659245
115,37,1428600
115,38,2563922
115,39,840504
115,40,521207
115,41,1197202
115,42,920016
115,43,975520
115,44,596041
115,45,530527
115,46,963483
115,47,736800
115,48,554678
115,49,1113943
115,50,1800719
115,51,680860
115,52,1058466
115,53,576313
115,54,1955736
115,55,3098737
115,56,732683
115,57,1311535
115,58,7177310
115,59,1015918
115,60,4066590
115,61,1156266
115,62,11361766
115,63,571242
115,64,775363
115,65,1096547
115,66,532662
115,67,3304071
115,68,753019
115,69,555954
115,70,731343
115,71,641915
115,72,3890811
115,73,961903
115,74,517213
115,75,1785172
115,76,598780
115,77,1037568
115,78,573800
115,79,793585
115,80,556808
115,81,492112
115,82,716142
115,83,751464
115,84,759708
115,85,2926917
115,86,609619
115,87,487108
115,88,598664
115,89,490200
115,90,4280648
115,91,1556327
115,92,612337
115,93,982434
115,94,528030
115,95,521150
115,96,946637
115,97,1761092
115,98,728679
115,99,1615273
115,100,487718
115,101,524810
115,102,4532872
115,103,1294588
115,104,521633
115,105,738660
115,106,712681
115,107,1080627
115,108,32459818
115,109,597504
115,110,1222291
115,111,2160967
115,112,789229
115,113,570545
115,114,664345
115,116,617399
115,117,539064
115,118,1001998
115,119,495276
115,120,672488
115,121,519934
115,122,2892932
115,123,734520
115,124,1338151
115,125,4394090
115,126,1520057
115,127,834728
116,0,490497
116,1,854307
116,2,496112
116,3,574082
116,4,846285
116,5,1694643
116,6,756544
116,7,691929
116,8,1054848
116,9,523803
116,10,536719
116,11,1015281
116,12,495707
116,13,964615
116,14,523059
116,15,7045358
116,16,634487
116,17,972970
116,18,673901
116,19,3164477
116,20,816676
116,21,2044575
116,22,2068228
116,23,8117356
116,24,8741364
116,25,772945
116,26,520697
116,27,1065786
116,28,598238
116,29,651785
116,30,1426683
116,31,541928
116,32,2485906
116,33,2159577
116,34,12113106
116,35,603276
116,36,901687
116,37,1002492
116,38,1120727
116,39,547062
116,40,542735
116,41,955975
116,42,561326
116,43,1670468
116,44,900811
116,45,681482
116,46,536144
116,47,2494524
116,48,703578
116,49,4558835
116,50,709655
116,51,3325943
116,52,495580
116,53,974243
116,54,590460
116,55,874041
116,56,1386950
116,57,929604
116,58,6246851
116,59,564973
116,60,2691336
116,61,640829
116,62,915154
116,63,630061
116,64,886870
116,65,802464
116,66,1004598
116,67,609337
116,68,1572476
116,69,3335153
116,70,530055
116,71,1143641
116,72,8709197
116,73,530556
116,74,489140
116,75,3273633
116,76,1152192
116,77,2533654
116,78,3324108
116,79,727175
116,80,616528
116,81,690216
116,82,1840952
116,83,1625468
116,84,934008
116,85,631500
116,86,606888
116,87,715158
116,88,489189
116,89,591892
116,90,829203
116,91,12679858
116,92,1952960
116,93,1419884
116,94,506721
116,95,503234
116,96,1465867
116,97,1127283
116,98,534217
116,99,715447
116,100,565723
116,101,1069489
116,102,683720
116,103,496977
116,104,1555994
116,105,889223
116,106,514551
116,107,4195136
116,108,798367
116,109,892065
116,110,917780
116,111,490770
116,112,714695
116,113,627724
116,114,641688
116,115,498769
116,117,1034639
116,118,639118
116,119,497667
116,120,823838
116,121,5105671
116,122,4825434
116,123,568088
116,124,768566
116,125,533229
116,126,1125837
116,127,1439388
117,0,1049062
117,1,659054
117,2,513369
117,3,1407561
117,4,909653
117,5,481101
117,6,861358
117,7,1602018
117,8,682313
117,9,620784
117,10,907375
117,11,505076
117,12,728257
117,13,499258
117,14,7956945
117,15,783715
117,16,1098213
117,17,693328
117,18,765385
117,19,3105016
117,20,611889
117,21,574400
117,22,783077
117,23,790313
117,24,521917
117,25,696689
117,26,1241550
117,27,1547078
117,28,944902
117,29,3329620
117,30,1481158
117,31,597697
117,32,743104
117,33,560022
117,34,626390
117,35,794683
117,36,525012
117,37,18381147
117,38,593939
117,39,866310
117,40,4264517
117,41,649123
117,42,966546
117,43,1091132
117,44,744051
117,45,19482819
117,46,3161198
117,47,632989
117,48,508486
117,49,779128
117,50,608531
117,51,617856
117,52,809806
117,53,212959743
117,54,603197
117,55,2138952
117,56,2898310
117,57,492811
117,58,6787977
117,59,494393
117,60,1647812
117,61,668439
117,62,9828160
117,63,750432
117,64,556907
117,65,1109575
117,66,3414846
117,67,650241
117,68,1682656
117,69,552177
117,70,500239
117,71,743609
117,72,885559
117,73,616818
117,74,3962845
117,75,817144
117,76,573167
117,77,1137363
117,78,693759
117,79,1751489
117,80,1369495
117,81,2641095
117,82,1754532
117,83,536628
117,84,511757
117,85,710794
117,86,4113375
117,87,945118
117,88,593293
117,89,552500
117,90,522288
117,91,542579
117,92,545579
117,93,1409155
117,94,835384
117,95,851044
117,96,4988364
117,97,539677
117,98,578421
117,99,2026929
117,100,880634
117,101,603118
117,102,3357493
117,103,654093
117,104,585106
117,105,855776
117,106,928146
117,107,506083
117,108,999044
117,109,547283
117,110,3636516
117,111,4846750
117,112,823203
117,113,670832
117,114,1100038
117,115,1882756
117,116,1204251
117,118,1521004
117,119,595352
117,120,906684
117,121,832199
117,122,3097172
117,123,810648
117,124,905896
117,125,1489842
117,126,2377936
117,127,624551
118,0,637283
118,1,628544
118,2,641010
118,3,588253
118,4,1695449
118,5,1398084
118,6,1970313
118,7,21820577
118,8,8200328
118,9,544607
118,10,1109264
118,11,526690
118,12,557996
118,13,648287
118,14,813109
118,15,3466369
118,16,651832
118,17,1147312
118,18,1110352
118,19,858034
118,20,591250
118,21,557666
118,22,903933
118,23,2338132
118,24,532365
118,25,664541
118,26,772394
118,27,682729
118,28,739656
118,29,1264415
118,30,662295
118,31,2862440
118,32,610752
118,33,2622659
118,34,3293255
118,35,2076462
118,36,545297
118,37,734704
118,38,768158
118,39,712509
118,40,1920865
118,41,1346735
118,42,1220363
118,43,1407031
118,44,893875
118,45,725140
118,46,1638418
118,47,1874124
118,48,622132
118,49,917983
118,50,690643
118,51,913747
118,52,485385
118,53,1368748
118,54,2302202
118,55,765183
118,56,818395
118,57,1206497
118,58,525069
118,59,1668910
118,60,1101411
118,61,3416796
118,62,898099
118,63,571626
118,64,1018216
118,65,516378
118,66,2192086
118,67,685030
118,68,4947601
118,69,639477
118,70,1410220
118,71,505685
118,72,5169164
118,73,1186980
118,74,1372245
118,75,1182481
118,76,558758
118,77,664982
118,78,545391
118,79,843593
118,80,9149363
118,81,774601
118,82,1379807
118,83,6308189
118,84,855084
118,85,635416
118,86,1552679
118,87,532782
118,88,663367
118,89,735073
118,90,598741
118,91,625405
118,92,629888
118,93,936546
118,94,542269
118,95,1369246
118,96,939740
118,97,3196021
118,98,1455774
118,99,2913216
118,100,9663152
118,101,645152
118,102,3076986
118,103,623148
118,104,600296
118,105,660743
118,106,6733618
118,107,2451169
118,108,596925
118,109,923187
118,110,529202
118,111,741470
118,112,682105
118,113,786855
118,114,899163
118,115,5596958
118,116,710224
118,117,491216
118,119,521008
118,120,8009618
118,121,947942
118,122,1241150
118,123,936758
118,124,1799796
118,125,1270070
118,126,794390
118,127,1338388
119,0,2088630
119,1,612745
119,2,25786659
119,3,481742
119,4,2512940
119,5,1683449
119,6,623360
119,7,539034
119,8,1273872
119,9,5911882
119,10,2569046
119,11,1329222
119,12,1590751
119,13,1236969
119,14,662538
119,15,816443
119,16,817691
119,17,1810474
119,18,528147
119,19,11161870
119,20,906586
119,21,531503
119,22,1688226
119,23,813881
119,24,1085481
119,25,6996046
119,26,747098
119,27,4885658
119,28,5285970
119,29,1177308
119,30,1289992
119,31,669334
119,32,656134
119,33,560724
119,34,1199233
119,35,906882
119,36,887058
119,37,2337302
119,38,926694
119,39,1249203
119,40,5365409
119,41,1097758
119,42,826711
119,43,552533
119,44,824157
119,45,805927
119,46,963031
119,47,566406
119,48,487425
119,49,3570546
119,50,525734
119,51,1169383
119,52,1496811
119,53,1485036
119,54,503837
119,55,563143
119,56,1334140
119,57,819179
119,58,1133600
119,59,838513
119,60,2555771
119,61,645519
119,62,9543422
119,63,492286
119,64,761035
119,65,558095
119,66,1148486
119,67,1529265
119,68,957310
119,69,1353497
119,70,686872
119,71,1621081
119,72,35923954
119,73,901395
119,74,769996
119,75,1010726
119,76,512439
119,77,525531
119,78,1667744
119,79,1968055
119,80,1150336
119,81,600686
119,82,652819
119,83,718645
119,84,879159
119,85,5291183
119,86,1135887
119,87,936652
119,88,551693
119,89,578708
119,90,490695
119,91,649076
119,92,4158350
119,93,551339
119,94,511267
119,95,607568
119,96,9999646
119,97,1503239
119,98,528293
119,99,680188
119,100,598431
119,101,864977
119,102,21694901
119,103,831793
119,104,683877
119,105,724723
119,106,534757
119,107,663465
119,108,624978
119,109,560222
119,110,617066
119,111,3284303
119,112,549095
119,113,859692
119,114,630148
119,115,949471
119,116,1122159
119,117,6937887
119,118,985516
119,120,502501
119,121,6231726
119,122,504338
119,123,1755839
119,124,811722
119,125,2437395
119,126,702410
119,127,1152869
120,0,595046
120,1,983143
120,2,497028
120,3,999289
120,4,1260470
120,5,597426
120,6,2100959
120,7,2290234
120,8,514248
120,9,516211
120,10,1286514
120,11,487377
120,12,1183198
120,13,1007214
120,14,816131
120,15,790168
120,16,547727
120,17,544012
120,18,820594
120,19,957979
120,20,778358
120,21,1149830
120,22,13968696
120,23,768498
120,24,1224807
120,25,785424
120,26,516517
120,27,923701
120,28,1038772
120,29,1191884
120,30,711822
120,31,530704
120,32,784498
120,33,1057210
120,34,628760
120,35,1102481
120,36,12754942
120,37,5602888
120,38,1049473
120,39,1756712
120,40,2011989
120,41,1315622
120,42,780745
120,43,757069
120,44,899841
120,45,2148521
120,46,831630
120,47,873678
120,48,1360583
120,49,899356
120,50,2692477
120,51,1733904
120,52,491962
120,53,915658
120,54,27153015
120,55,1854653
120,56,2467930
120,57,2068859
120,58,890073
120,59,2960399
120,60,506376
120,61,1223644
120,62,730069
120,63,797184
120,64,482194
120,65,5338632
120,66,2719022
120,67,718821
120,68,1043753
120,69,843928
120,70,488772
120,71,803589
120,72,1028575
120,73,514524
120,74,582579
120,75,520414
120,76,511159
120,77,511648
120,78,31561243
120,79,499000
120,80,563008
120,81,922982
120,82,2071386
120,83,1070491
120,84,646393
120,85,8076574
120,86,6593332
120,87,1759337
120,88,870786
120,89,838265
120,90,982788
120,91,514744
120,92,869169
120,93,523775
120,94,14204956
120,95,497897
120,96,11023855
120,97,934852
120,98,506535
120,99,873587
120,100,598083
120,101,939312
120,102,4725981
120,103,686713
120,104,504179
120,105,994772
120,106,1528626
120,107,2274494
120,108,501927
120,109,631107
120,110,1962434
120,111,1330156
120,112,483412
120,113,894066
120,114,656468
120,115,491067
120,116,588738
120,117,559756
120,118,1469657
120,119,723119
120,121,5573380
120,122,567229
120,123,651973
120,124,747226
120,125,12569076
120,126,891495
120,127,749595
121,0,47639460
121,1,666163
121,2,1010977
121,3,536326
121,4,578241
121,5,4876951
121,6,4758617
121,7,597195
121,8,1452634
121,9,859517
121,10,510156
121,11,594702
121,12,652020
121,13,2190650
121,14,5154355
121,15,1190972
121,16,1059444
121,17,650755
121,18,635682
121,19,594931
121,20,661082
121,21,76006565
121,22,639657
121,23,721463
121,24,905012
121,25,935804
121,26,600335
121,27,2468869
121,28,702244
121,29,521889
121,30,606449
121,31,1541848
121,32,1790625
121,33,491241
121,34,570024
121,35,671785
121,36,805020
121,37,783573
121,38,638177
121,39,900714
121,40,2083487
121,41,786139
121,42,1342189
121,43,690750
121,44,923393
121,45,3791800
121,46,593901
121,47,1693838
121,48,735750
121,49,1136870
121,50,1041862
121,51,1041727
121,52,522744
121,53,1494075
121,54,589598
121,55,619399
121,56,547093
121,57,5086486
121,58,1270702
121,59,7943898
121,60,669982
121,61,1031597
121,62,679930
121,63,486354
121,64,899937
121,65,534817
121,66,641100
121,67,492336
121,68,2285486
121,69,558791
121,70,4779273
121,71,587027
121,72,1902902
121,73,1334846
121,74,1141650
121,75,2128805
121,76,7304157
121,77,3252524
121,78,640784
121,79,925143
121,80,1157460
121,81,647639
121,82,1400178
121,83,1511284
121,84,493764
121,85,1858115
121,86,662733
121,87,581705
121,88,647177
121,89,648658
121,90,513451
121,91,682417
121,92,641462
121,93,529613
121,94,511077
121,95,1110819
121,96,619860
121,97,2319194
121,98,1129057
121,99,1256346
121,100,616776
121,101,689896
121,102,3355618
121,103,3826684
121,104,781732
121,105,1338861
121,106,706884
121,107,3677433
121,108,4623305
121,109,712452
121,110,3300457
121,111,516433
121,112,2846816
121,113,1176776
121,114,5043906
121,115,488845
121,116,1659629
121,117,600803
121,118,562502
121,119,488208
121,120,674965
121,122,726995
121,123,1200159
121,124,580040
121,125,853187
121,126,1146978
121,127,1052084
122,0,544106
122,1,629237
122,2,482886
122,3,1188066
122,4,3772185
122,5,520838
122,6,1550367
122,7,506030
122,8,831712
122,9,485337
122,10,570719
122,11,1072069
122,12,594282
122,13,709940
122,14,577669
122,15,846201
122,16,9765544
122,17,490720
122,18,1107096
122,19,1252457
122,20,709826
122,21,561393
122,22,1361320
122,23,542424
122,24,743419
122,25,1251234
122,26,4642659
122,27,587584
122,28,581379
122,29,546809
122,30,599556
122,31,39367184
122,32,519511
122,33,822648
122,34,717246
122,35,935063
122,36,1926759
122,37,507789
122,38,876135
122,39,777310
122,40,1759775
122,41,634796
122,42,563684
122,43,748185
122,44,755169
122,45,765655
122,46,1098365
122,47,522601
122,48,561628
122,49,564701
122,50,2766621
122,51,505951
122,52,712051
122,53,1336968
122,54,795417
122,55,484565
122,56,562098
122,57,520018
122,58,710395
122,59,1074953
122,60,861886
122,61,501979
122,62,1578629
122,63,1247381
122,64,4261308
122,65,504786
122,66,573026
122,67,2435571
122,68,7492764
122,69,684977
122,70,822015
122,71,513232
122,72,563042
122,73,16346973
122,74,566543
122,75,993437
122,76,564905
122,77,590385
122,78,4543958
122,79,3587874
122,80,746398
122,81,486987
122,82,1117560
122,83,541155
122,84,2619435
122,85,834810
122,86,825432
122,87,636037
122,88,3412898
122,89,2099002
122,90,1023755
122,91,4709852
122,92,2487815
122,93,700528
122,94,800298
122,95,595658
122,96,782510
122,97,644603
122,98,1133111
122,99,578600
122,100,759377
122,101,1845331
122,102,1176954
122,103,2072019
122,104,7271974
122,105,1491653
122,106,1594955
122,107,3650041
122,108,4701833
122,109,550150
122,110,1636927
122,111,6815528
122,112,1320197
122,113,487133
122,114,666755
122,115,1005220
122,116,1058047
122,117,2080926
122,118,889979
122,119,1031070
122,120,773014
122,121,607969
122,123,3318616
122,124,2074555
122,125,2116106
122,126,497692
122,127,1556992
123,0,2151962
123,1,1776615
123,2,729887
123,3,874950
123,4,499412
123,5,1000026
123,6,618981
123,7,3376368
123,8,962692
123,9,619818
123,10,7293393
123,11,2946344
123,12,523202
123,13,564667
123,14,551306
123,15,763572
123,16,9602867
123,17,804869
123,18,1128734
123,19,554710
123,20,709315
123,21,566475
123,22,1071351
123,23,540015
123,24,513095
123,25,1085333
123,26,677003
123,27,821936
123,28,631675
123,29,634090
123,30,491266
123,31,593635
123,32,720521
123,33,1386437
123,34,1074664
123,35,784569
123,36,488624
123,37,1162955
123,38,628933
123,39,1300108
123,40,928042
123,41,607008
123,42,1038370
123,43,849252
123,44,1172714
123,45,1184636
123,46,4210681
123,47,1547406
123,48,975288
123,49,496901
123,50,1153377
123,51,562469
123,52,864446
123,53,1404914
123,54,886402
123,55,566988
123,56,1545439
123,57,1792908
123,58,483149
123,59,853876
123,60,832362
123,61,1947987
123,62,977384
123,63,2273713
123,64,557467
123,65,748889
123,66,1012365
123,67,1164858
123,68,660501
123,69,1131161
123,70,651035
123,71,498975
123,72,648473
123,73,1121681
123,74,7115724
123,75,1068061
123,76,547600
123,77,761901
123,78,518864
123,79,3559812
123,80,3278958
123,81,1253887
123,82,484830
123,83,671584
123,84,541309
123,85,3048010
123,86,27361685
123,87,718762
123,88,741972
123,89,5591043
123,90,1304786
123,91,1554666
123,92,502972
123,93,1202946
123,94,877965
123,95,1214051
123,96,918287
123,97,1913952
123,98,691500
123,99,643826
123,100,3342562
123,101,5650840
123,102,790747
123,103,1194445
123,104,1231836
123,105,561729
123,106,730372
123,107,493513
123,108,736738
123,109,814423
123,110,1615634
123,111,2291822
123,112,2102267
123,113,497616
123,114,653715
123,115,570163
123,116,1391587
123,117,757398
123,118,1001381
123,119,4510881
123,120,2055081
123,121,3623103
123,122,912045
123,124,672992
123,125,1667355
123,126,726455
123,127,616279
124,0,735689
124,1,4326553
124,2,91492867
124,3,2508064
124,4,1297010
124,5,719699
124,6,1115512
124,7,1025312
124,8,1278981
124,9,770065
124,10,978085
124,11,772326
124,12,1669689
124,13,1081653
124,14,4634896
124,15,1264207
124,16,1091880
124,17,769519
124,18,653102
124,19,1451212
124,20,631631
124,21,778218
124,22,1451780
124,23,4238991
124,24,613235
124,25,4997525
124,26,505367
124,27,1078000
124,28,591100
124,29,1830825
124,30,1266921
124,31,548840
124,32,940810
124,33,772188
124,34,629020
124,35,678232
124,36,734336
124,37,1418803
124,38,775849
124,39,1318821
124,40,596464
124,41,5179091
124,42,1005842
124,43,1035968
124,44,600062
124,45,4296916
124,46,1954070
124,47,1266712
124,48,6834036
124,49,707730
124,50,1501396
124,51,2277622
124,52,815354
124,53,851985
124,54,2538643
124,55,1199788
124,56,510996
124,57,1075822
124,58,3743187
124,59,2769050
124,60,559689
124,61,9913069
124,62,10223733
124,63,1249000
124,64,500187
124,65,713026
124,66,931905
124,67,621289
124,68,660694
124,69,559423
124,70,617606
124,71,884998
124,72,2204382
124,73,1361813
124,74,774394
124,75,917882
124,76,645573220
124,77,1373248
124,78,578277
124,79,518443
124,80,516322
124,81,502448
124,82,561460
124,83,591741
124,84,498281
124,85,1115827
124,86,1205935
124,87,538362
124,88,1356419
124,89,491117
124,90,2993307
124,91,23319892
124,92,933692
124,93,514634
124,94,697726
124,95,860393
124,96,1054709
124,97,1502932
124,98,5486914
124,99,616735
124,100,1756276
124,101,956975
124,102,1427230
124,103,490324
124,104,578027
124,105,664443
124,106,4397530
124,107,515241
124,108,15715161
124,109,543887
124,110,514606
124,111,735874
124,112,3282519
124,113,1184996
124,114,549446
124,115,813804
124,116,2848110
124,117,1933777
124,118,956864
124,119,3006409
124,120,741344
124,121,614712
124,122,486622
124,123,605175
124,125,558427
124,126,707899
124,127,4770986
125,0,499155
125,1,1322729
125,2,937395
125,3,658381
125,4,750046
125,5,1000395
125,6,536901
125,7,633473
125,8,486476
125,9,2722528
125,10,1889418
125,11,942098
125,12,545077
125,13,5343964
125,14,1413692
125,15,493990
125,16,1872610
125,17,515934
125,18,640919
125,19,665966
125,20,565552
125,21,501744
125,22,1343143
125,23,494342
125,24,1584145
125,25,621078
125,26,1208564
125,27,1296349
125,28,490646
125,29,1157118
125,30,509643
125,31,780182
125,32,1879700
125,33,1325735
125,34,10411328
125,35,1887363
125,36,914349
125,37,935275
125,38,687242
125,39,890263
125,40,1262543
125,41,533080
125,42,553603
125,43,3016689
125,44,527301
125,45,652443
125,46,495783
125,47,911545
125,48,481291
125,49,915255
125,50,515297
125,51,927004
125,52,586065
125,53,1542174
125,54,691286
125,55,540477
125,56,1061971
125,57,627422
125,58,520160
125,59,2126788
125,60,698822
125,61,1031861
125,62,525242
125,63,569955
125,64,538209
125,65,755430
125,66,482385
125,67,744683
125,68,515823
125,69,635771
125,70,766600
125,71,502579
125,72,3752797
125,73,817300
125,74,494141
125,75,897521
125,76,1526712
125,77,1527350
125,78,1234989
125,79,518387
125,80,544043
125,81,746780
125,82,653432
125,83,939633
125,84,706321
125,85,2419298
125,86,1440784
125,87,592914
125,88,686397
125,89,509832
125,90,871597
125,91,702188
125,92,745635
125,93,741532
125,94,759841
125,95,1259436
125,96,2890251
125,97,1043347
125,98,793805
125,99,674306
125,100,1133437
125,101,507816
125,102,633253
125,103,1198678
125,104,1183018
125,105,1762411
125,106,681067
125,107,742726
125,108,2072653
125,109,613440
125,110,3280738
125,111,930753
125,112,699261
125,113,719465
125,114,762034
125,115,2489728
125,116,909058
125,117,1158828
125,118,3532239
125,119,692735
125,120,1050983
125,121,1616358
125,122,2355731
125,123,871056
125,124,1045244
125,126,579031
125,127,713773
126,0,1173771
126,1,924010
126,2,576562
126,3,859343
126,4,493914
126,5,1245766
126,6,493588
126,7,912144
126,8,1809540
126,9,1059724
126,10,1254296
126,11,1344338
126,12,751917
126,13,1040785
126,14,518331
126,15,921445
126,16,512985
126,17,16754386
126,18,739781
126,19,668588
126,20,505579
126,21,492611
126,22,1562003
126,23,779339
126,24,684400
126,25,1750189
126,26,1141154
126,27,852586
126,28,1390295
126,29,603670
126,30,925556
126,31,707109
126,32,542300
126,33,555987
126,34,651410
126,35,578206
126,36,62547236
126,37,1309953
126,38,547791
126,39,890168
126,40,4390657
126,41,503024
126,42,515906
126,43,3236892
126,44,2706254
126,45,499593
126,46,488919
126,47,807671
126,48,2673228
126,49,1099733
126,50,499722
126,51,2483048
126,52,1031465
126,53,1030938
126,54,690804
126,55,1171660
126,56,697890
126,57,2170058
126,58,689097
126,59,696199
126,60,1207623
126,61,877598
126,62,620070
126,63,842087
126,64,550567
126,65,2457657
126,66,637462
126,67,747801
126,68,3194343
126,69,3353746
126,70,523001
126,71,1807209
126,72,1297452
126,73,1230266
126,74,5614790
126,75,521122
126,76,953317
126,77,943066
126,78,525156
126,79,2762986
126,80,494191
126,81,1222098
126,82,579391
126,83,1591450
126,84,12642687
126,85,597272
126,86,631369
126,87,1190608
126,88,4507239
126,89,766060
126,90,551500
126,91,756478
126,92,510887
126,93,1204999
126,94,1484139
126,95,706940
126,96,729343
126,97,764242
126,98,496774
126,99,1185717
126,100,1244960
126,101,611726
126,102,13478733
126,103,676339
126,104,1392104
126,105,22076915
126,106,628587
126,107,922571
126,108,1883778
126,109,1372746
126,110,2886241
126,111,864180
126,112,950457
126,113,4418293
126,114,591326
126,115,533379
126,116,779760
126,117,622809
126,118,886589
126,119,617232
126,120,1049610
126,121,687559
126,122,5125020
126,123,4555105
126,124,696907
126,125,531266
126,127,777450
127,0,537448
127,1,831063
127,2,644054
127,3,769042
127,4,620657
127,5,818787
127,6,2180654
127,7,858557
127,8,547220
127,9,3452326
127,10,1327592
127,11,1100953
127,12,2839076
127,13,587769
127,14,530911
127,15,1456347
127,16,5737019
127,17,5839211
127,18,568502
127,19,1690626
127,20,548872
127,21,1193163
127,22,576100
127,23,5453165
127,24,13025815
127,25,3836785
127,26,1668132
127,27,740405
127,28,497999
127,29,1322959
127,30,983853
127,31,2458587
127,32,491365
127,33,854221
127,34,692843
127,35,589373
127,36,503969
127,37,771228
127,38,822569
127,39,1145807
127,40,541587
127,41,5301646
127,42,1795656
127,43,1091282
127,44,4859642
127,45,1878683
127,46,1735602
127,47,1066354
127,48,785853
127,49,591703
127,50,1244558
127,51,522088
127,52,895214
127,53,629193
127,54,502240
127,55,1194811
127,56,762902
127,57,736491
127,58,654188
127,59,500058
127,60,599245
127,61,1299886
127,62,498179
127,63,617025
127,64,498872
127,65,718587
127,66,733662
127,67,2426500
127,68,1524487
127,69,645657
127,70,1448094
127,71,1498031
127,72,564260
127,73,1093681
127,74,1317905
127,75,1569419
127,76,2837790
127,77,1596362
127,78,1332027
127,79,1026093
127,80,703244
127,81,501874
127,82,5134756
127,83,1676734
127,84,632244
127,85,600999
127,86,837110
127,87,1074086
127,88,1324345
127,89,893207
127,90,489534
127,91,1534077
127,92,859867
127,93,938566
127,94,820437
127,95,493061
127,96,546682
127,97,902857
127,98,782085
127,99,792054
127,100,566851
127,101,927627
127,102,754385
127,103,879343
127,104,767209
127,105,710908
127,106,793147
127,107,540661
127,108,1576572
127,109,486403
127,110,1044430
127,111,621162
127,112,495732
127,113,878424
127,114,3060136
127,115,607929
127,116,582178
127,117,823997
127,118,544356
127,119,659536
127,120,1625102
127,121,769383
127,122,506615
127,123,2954759
127,124,1423955
127,125,1050296
127,126,1908146
