src,dst,bytes
0,1,639927
0,2,935381
0,3,2390963
0,4,562671
0,5,546398
0,6,862326
0,7,1280265
0,8,1441903
0,9,486962
0,10,641372
0,11,23174028
0,12,715736
0,13,553051
0,14,563616
0,15,9724295
0,16,4536560
0,17,5993520
0,18,11882611
0,19,856296
0,20,1170257
0,21,499748
0,22,616073
0,23,960441
0,24,1146810
0,25,709428
0,26,604026
0,27,1765938
0,28,519117
0,29,1013631
0,30,754516
0,31,651269
0,32,855516
0,33,827674
0,34,720815
0,35,517855
0,36,608089
0,37,3333306
0,38,873315
0,39,875041
0,40,577740
0,41,872320
0,42,630976
0,43,8629932
0,44,901492
0,45,1003854
0,46,898582
0,47,517241
0,48,969861
0,49,662782
0,50,557368
0,51,522916
0,52,596579
0,53,2703946
0,54,116522654
0,55,661663
0,56,1491351
0,57,765588
0,58,1309276
0,59,1303669
0,60,527039
0,61,983261
0,62,1580692
0,63,481433
0,64,678591
0,65,1233410
0,66,596810
0,67,741909
0,68,714811
0,69,4300187
0,70,1221905
0,71,1316991
0,72,1115041
0,73,517603
0,74,4911990
0,75,931276
0,76,3719402
0,77,564226
0,78,2258995
0,79,618106
0,80,1195178
0,81,631762
0,82,569573
0,83,684610
0,84,685187
0,85,2270597
0,86,6550828
0,87,758122
0,88,2469809
0,89,495226
0,90,1433280
0,91,579932
0,92,860656
0,93,1016810
0,94,698548
0,95,550054
0,96,570963
0,97,759311
0,98,1871099
0,99,695818
0,100,1014900
0,101,950895
0,102,675779
0,103,490943
0,104,486719
0,105,886683
0,106,586249
0,107,1320427
0,108,912244
0,109,1112222
0,110,675270
0,111,1013377
0,112,1517539
0,113,791909
0,114,497386
0,115,563549
0,116,490497
0,117,1049062
0,118,637283
0,119,2088630
0,120,595046
0,121,47639460
0,122,544106
0,123,2151962
0,124,735689
0,125,499155
0,126,1173771
0,127,537448
1,0,589972
1,2,532931
1,3,639073
1,4,542517
1,5,692251
1,6,1814691
1,7,712165
1,8,1569080
1,9,1931611
1,10,1553009
1,11,996842
1,12,4674009
1,13,826631
1,14,706377
1,15,6697920
1,16,2399737
1,17,867647
1,18,673245
1,19,820831
1,20,5638766
1,21,485095
1,22,1531186
1,23,8090117
1,24,1742004
1,25,534607
1,26,490918
1,27,795711
1,28,486209
1,29,1856629
1,30,727235
1,31,799851
1,32,958090
1,33,625747
1,34,1417993
1,35,1171484
1,36,578457
1,37,572290
1,38,4570065
1,39,5905191
1,40,556775
1,41,644923
1,42,1337678
1,43,1439109
1,44,503496
1,45,519201
1,46,1100495
1,47,606170
1,48,6186839
1,49,899647
1,50,636348
1,51,719875
1,52,8256712
1,53,1784720
1,54,1174653
1,55,4952093
1,56,648751
1,57,521832
1,58,811492
1,59,613768
1,60,2236938
1,61,760438
1,62,8923178
1,63,1306354
1,64,2070754
1,65,2016743
1,66,753864
1,67,626004
1,68,2198576
1,69,666804
1,70,948597
1,71,954090
1,72,1841438
1,73,621879
1,74,525763
1,75,1373499
1,76,3957407
1,77,874132
1,78,481149
1,79,493713
1,80,1325271
1,81,673800
1,82,10784850
1,83,2028739
1,84,1509109
1,85,492836
1,86,795123
1,87,646854
1,88,5567520
1,89,654946
1,90,1151516
1,91,566817
1,92,569677
1,93,836698
1,94,489929
1,95,947289
1,96,852243
1,97,1939760
1,98,2610883
1,99,925969
1,100,1274932
1,101,583565
1,102,635505
1,103,927108
1,104,678334
1,105,884905
1,106,4662197
1,107,581197
1,108,743861
1,109,2695906
1,110,1292833
1,111,1290646
1,112,859168
1,113,2498375
1,114,764511
1,115,674104
1,116,854307
1,117,659054
1,118,628544
1,119,612745
1,120,983143
1,121,666163
1,122,629237
1,123,1776615
1,124,4326553
1,125,1322729
1,126,924010
1,127,831063
2,0,3287878
2,1,678437
2,3,1150841
2,4,596733
2,5,592119
2,6,692144
2,7,485966
2,8,606568
2,9,550310
2,10,1046332
2,11,575142
2,12,662441
2,13,2559839
2,14,1660398
2,15,826071
2,16,610589
2,17,1313348
2,18,1978264
2,19,545454
2,20,506455
2,21,750496
2,22,3661399
2,23,1559995
2,24,1902379
2,25,591628
2,26,714349
2,27,924421
2,28,14810547
2,29,590611
2,30,585622
2,31,805473
2,32,683303
2,33,650334
2,34,532305
2,35,4404426
2,36,1973712
2,37,1174476
2,38,1122637
2,39,959432
2,40,982316
2,41,544794
2,42,1097001
2,43,619525
2,44,1326895
2,45,589748
2,46,730008
2,47,1069203
2,48,1072933
2,49,1057768
2,50,1184816
2,51,2213155
2,52,747354
2,53,528235
2,54,580871
2,55,745127
2,56,3083166
2,57,574047
2,58,2214624
2,59,1454059
2,60,749531
2,61,1063380
2,62,482123
2,63,1805814
2,64,693004
2,65,1085629
2,66,526865
2,67,546999
2,68,680808
2,69,946094
2,70,2574193
2,71,719758
2,72,576064
2,73,1048105
2,74,604224
2,75,1088447
2,76,690376
2,77,808584
2,78,604937
2,79,4258103
2,80,951664
2,81,537539
2,82,1151179
2,83,711422
2,84,492361
2,85,708578
2,86,2193525
2,87,526981
2,88,3249035
2,89,593749
2,90,4376985
2,91,1289120
2,92,803664
2,93,5280768
2,94,798071
2,95,605811
2,96,724664
2,97,24401949
2,98,779690
2,99,554547
2,100,1090833
2,101,599517
2,102,727836
2,103,658814
2,104,494216
2,105,743988
2,106,499774
2,107,1662324
2,108,1772594
2,109,656420
2,110,689044
2,111,482456
2,112,540970
2,113,493538
2,114,598896
2,115,3679737
2,116,496112
2,117,513369
2,118,641010
2,119,25786659
2,120,497028
2,121,1010977
2,122,482886
2,123,729887
2,124,91492867
2,125,937395
2,126,576562
2,127,644054
3,0,1235186
3,1,671233
3,2,896270
3,4,933481
3,5,831387
3,6,651223
3,7,2859822
3,8,3656846
3,9,768090
3,10,3663680
3,11,6254445
3,12,625448
3,13,875314
3,14,561930
3,15,580835
3,16,1312441
3,17,2348152
3,18,569020
3,19,1365270
3,20,536750
3,21,2232435
3,22,526052
3,23,4125261
3,24,543077
3,25,517631
3,26,1463836
3,27,2028135
3,28,2905064
3,29,4009764
3,30,918490
3,31,1458642
3,32,869527
3,33,1058326
3,34,485216
3,35,16966805
3,36,1046740
3,37,6201720
3,38,497054
3,39,1344099
3,40,559789
3,41,739906
3,42,719993
3,43,5053299
3,44,656993
3,45,619944
3,46,498076
3,47,738535
3,48,1089639
3,49,683773
3,50,693166
3,51,498538
3,52,976451
3,53,1004847
3,54,991504
3,55,10508065
3,56,503522
3,57,502841
3,58,940275
3,59,832769
3,60,531000
3,61,3872613
3,62,586028
3,63,1235978
3,64,846623
3,65,637819
3,66,1949089
3,67,617731
3,68,540169
3,69,521804
3,70,918998
3,71,3745584
3,72,589860
3,73,656277
3,74,952105
3,75,978553
3,76,3245555
3,77,511920
3,78,566167
3,79,5034552
3,80,780674
3,81,3179331
3,82,1045516
3,83,1139007
3,84,1111754
3,85,922264
3,86,2050740
3,87,4439279
3,88,672036
3,89,541402
3,90,658141
3,91,492311
3,92,705535
3,93,953207
3,94,1030280
3,95,2814874
3,96,2724871
3,97,535691
3,98,522145
3,99,1164165
3,100,1555662
3,101,1170783
3,102,1847285
3,103,843174
3,104,509400
3,105,2840362
3,106,866043
3,107,516156
3,108,711308
3,109,4346568
3,110,88430180
3,111,718353
3,112,664100
3,113,2288649
3,114,944145
3,115,512384
3,116,574082
3,117,1407561
3,118,588253
3,119,481742
3,120,999289
3,121,536326
3,122,1188066
3,123,874950
3,124,2508064
3,125,658381
3,126,859343
3,127,769042
4,0,517883
4,1,569747
4,2,1260056
4,3,5447586
4,5,830738
4,6,7791005
4,7,553278
4,8,990661
4,9,887152
4,10,1154904
4,11,557732
4,12,1911836
4,13,1573838
4,14,551854
4,15,739344
4,16,515684
4,17,638401
4,18,2216096
4,19,2087342
4,20,1082534
4,21,552630
4,22,1255730
4,23,1422867
4,24,743798
4,25,680705
4,26,915859
4,27,623318
4,28,1468488
4,29,1366510
4,30,574788
4,31,3724131
4,32,1720869
4,33,2345638
4,34,615577
4,35,1073509
4,36,599090
4,37,12947109
4,38,652349
4,39,634266
4,40,632814
4,41,935592
4,42,802689
4,43,660549
4,44,613686
4,45,704751
4,46,1687029
4,47,915053
4,48,1771259
4,49,491813
4,50,646900
4,51,737914
4,52,802389
4,53,19884018
4,54,757990
4,55,2575225
4,56,649262
4,57,554384
4,58,10836951
4,59,1273448
4,60,1568403
4,61,1394697
4,62,1033976
4,63,595467
4,64,657614
4,65,566783
4,66,716258
4,67,2595015
4,68,528645
4,69,1557658
4,70,825831
4,71,514056
4,72,678129
4,73,567641
4,74,527476
4,75,766870
4,76,750239
4,77,653621
4,78,495301
4,79,3612011
4,80,723475
4,81,642096
4,82,584408
4,83,3374470
4,84,4833935
4,85,767480
4,86,798515
4,87,1155414
4,88,705255
4,89,1284568
4,90,497130
4,91,519229
4,92,1135069
4,93,1925147
4,94,953096
4,95,975985
4,96,508244
4,97,1429149
4,98,621963
4,99,19099387
4,100,2133526
4,101,659777
4,102,569123
4,103,745317
4,104,773151
4,105,1136051
4,106,695166
4,107,492686
4,108,491018
4,109,1537304
4,110,843090
4,111,506588
4,112,800223
4,113,830981
4,114,4446324
4,115,2710881
4,116,846285
4,117,909653
4,118,1695449
4,119,2512940
4,120,1260470
4,121,578241
4,122,3772185
4,123,499412
4,124,1297010
4,125,750046
4,126,493914
4,127,620657
5,0,1046468
5,1,14400551
5,2,1280479
5,3,744937
5,4,1016045
5,6,1070634
5,7,535118
5,8,752241
5,9,4592712
5,10,933271
5,11,727475
5,12,787357
5,13,843425
5,14,597890
5,15,524723
5,16,683407
5,17,780252
5,18,5376205
5,19,504628
5,20,2917311
5,21,989459
5,22,918389
5,23,25972342
5,24,866666
5,25,1390037
5,26,700142
5,27,578816
5,28,501224
5,29,589673
5,30,816520
5,31,595735
5,32,6843333
5,33,638759
5,34,482575
5,35,1189154
5,36,794244
5,37,500549
5,38,500938
5,39,557171
5,40,499052
5,41,836616
5,42,686502
5,43,4092758
5,44,567572
5,45,571207
5,46,612704
5,47,606529
5,48,570198
5,49,2325742
5,50,642732
5,51,662344
5,52,851728
5,53,572675
5,54,741156
5,55,70250516
5,56,841503
5,57,531177
5,58,2778815
5,59,552403
5,60,1117245
5,61,521718
5,62,2108173
5,63,6035298
5,64,1133926
5,65,820122
5,66,631850
5,67,527126
5,68,535751
5,69,4717901
5,70,769110
5,71,1014138
5,72,1381585
5,73,2075826
5,74,772463
5,75,2781269
5,76,2249047
5,77,695275
5,78,716026
5,79,2066338
5,80,2536644
5,81,539647
5,82,909256
5,83,771296
5,84,574682
5,85,1894061
5,86,535510
5,87,1444991
5,88,796299
5,89,1207247
5,90,2812353
5,91,497181
5,92,493187
5,93,579283
5,94,987662
5,95,673346
5,96,1453774
5,97,757464
5,98,1132460
5,99,653526
5,100,769314
5,101,654330
5,102,1047558
5,103,1401490
5,104,693705
5,105,564871
5,106,665818
5,107,1132135
5,108,518359
5,109,1532148
5,110,694841
5,111,901200
5,112,918085
5,113,2359116
5,114,9870409
5,115,591364
5,116,1694643
5,117,481101
5,118,1398084
5,119,1683449
5,120,597426
5,121,4876951
5,122,520838
5,123,1000026
5,124,719699
5,125,1000395
5,126,1245766
5,127,818787
6,0,642142
6,1,4248523
6,2,33751845
6,3,557633
6,4,1510973
6,5,703969
6,7,554580
6,8,4638774
6,9,1393918
6,10,642278
6,11,805171
6,12,521065
6,13,584554
6,14,5699726
6,15,523459
6,16,1213101
6,17,564599
6,18,1612026
6,19,781308
6,20,502527
6,21,1718787
6,22,512876
6,23,482671
6,24,851215
6,25,599673
6,26,1240551
6,27,830334
6,28,494796
6,29,835630
6,30,976218
6,31,6355090
6,32,865954
6,33,522430
6,34,1764172
6,35,806381
6,36,539371
6,37,511594
6,38,1134252
6,39,1359110
6,40,2208027
6,41,517324
6,42,1974280
6,43,865155
6,44,1134906
6,45,1300774
6,46,3018164
6,47,605771
6,48,649216
6,49,769928
6,50,963257
6,51,629714
6,52,611523
6,53,650381
6,54,699646
6,55,590348
6,56,481766
6,57,1252253
6,58,506562
6,59,798737
6,60,1003482
6,61,952325
6,62,551596
6,63,704136
6,64,715968
6,65,590198
6,66,808737
6,67,524004
6,68,2845522
6,69,510914
6,70,880542
6,71,1268389
6,72,818473
6,73,1033314
6,74,579895
6,75,537235
6,76,834156
6,77,2429214
6,78,681897
6,79,604303
6,80,6224194
6,81,709485
6,82,527068
6,83,674762
6,84,1565364
6,85,1220748
6,86,553148
6,87,2999114
6,88,583126
6,89,1915542
6,90,747993
6,91,581451
6,92,1880717
6,93,635327
6,94,502057
6,95,945985
6,96,2386603
6,97,801416
6,98,775086
6,99,527214
6,100,1186258
6,101,2391837
6,102,1159342
6,103,1996713
6,104,685818
6,105,1013884
6,106,680240
6,107,797110
6,108,2110810
6,109,644969
6,110,1778858
6,111,932745
6,112,2367629
6,113,492212
6,114,2937983
6,115,487230
6,116,756544
6,117,861358
6,118,1970313
6,119,623360
6,120,2100959
6,121,4758617
6,122,1550367
6,123,618981
6,124,1115512
6,125,536901
6,126,493588
6,127,2180654
7,0,2309450
7,1,606728
7,2,535782
7,3,985754
7,4,519990
7,5,890452
7,6,535450
7,8,763706
7,9,897714
7,10,573097
7,11,1158657
7,12,803139
7,13,946202
7,14,502945
7,15,510210
7,16,521974
7,17,1182660
7,18,564532
7,19,924318
7,20,494519
7,21,937927
7,22,517827
7,23,538331
7,24,1251031
7,25,496926
7,26,741783
7,27,782227
7,28,5229373
7,29,688672
7,30,1310405
7,31,3007873
7,32,836945
7,33,496468
7,34,1355200
7,35,646439
7,36,919609
7,37,639792
7,38,1070347
7,39,1652744
7,40,713313
7,41,912544
7,42,622344
7,43,660404
7,44,1569758
7,45,1547734
7,46,582287
7,47,10087944
7,48,495808
7,49,492012
7,50,538148
7,51,872500
7,52,788940
7,53,1609152
7,54,816209
7,55,652772
7,56,538759
7,57,5865403
7,58,2827553
7,59,1170432
7,60,561595
7,61,849934
7,62,766735
7,63,1633952
7,64,657519
7,65,758056
7,66,579643
7,67,1472880
7,68,679466
7,69,528762
7,70,1016555
7,71,503706
7,72,519398
7,73,635815
7,74,5492584
7,75,1354713
7,76,483820
7,77,775988
7,78,1169907
7,79,2807327
7,80,587658
7,81,811645
7,82,602449
7,83,1034506
7,84,3740793
7,85,5039224
7,86,1465577
7,87,923598
7,88,2758156
7,89,643643
7,90,1625835
7,91,2573162
7,92,39850963
7,93,671534
7,94,1459217
7,95,1351800
7,96,694137
7,97,1717956
7,98,5743289
7,99,817847
7,100,615949
7,101,572535
7,102,496825
7,103,2151273
7,104,1092180
7,105,733050
7,106,520329
7,107,488036
7,108,1962994
7,109,2620509
7,110,568054
7,111,619651
7,112,1071782
7,113,960329
7,114,932955
7,115,543046
7,116,691929
7,117,1602018
7,118,21820577
7,119,539034
7,120,2290234
7,121,597195
7,122,506030
7,123,3376368
7,124,1025312
7,125,633473
7,126,912144
7,127,858557
8,0,556151
8,1,551725
8,2,926901
8,3,552986
8,4,745508
8,5,756675
8,6,548394
8,7,609296
8,9,483125
8,10,1953515
8,11,618606
8,12,601586
8,13,616569
8,14,524148
8,15,1513154
8,16,1402016
8,17,577311
8,18,8144803
8,19,6852657
8,20,747673
8,21,600725
8,22,6370899
8,23,730311
8,24,1057071
8,25,616114
8,26,1249609
8,27,1255320
8,28,488673
8,29,525213
8,30,1292614
8,31,1011482
8,32,1194995
8,33,708069
8,34,1319967
8,35,1732633
8,36,789806
8,37,856643
8,38,557236
8,39,1455202
8,40,4119308
8,41,507201
8,42,593597
8,43,564294
8,44,869079
8,45,829364
8,46,1170608
8,47,825991
8,48,597349
8,49,892160
8,50,1021170
8,51,1665803
8,52,867380
8,53,1028313
8,54,2879585
8,55,686028
8,56,2921419
8,57,510697
8,58,934746
8,59,761968
8,60,2398857
8,61,503759
8,62,1610588
8,63,504496
8,64,870156
8,65,609014
8,66,621584
8,67,626992
8,68,5096058
8,69,3063184
8,70,3087819
8,71,1028968
8,72,4627161
8,73,867201
8,74,1364775
8,75,515463
8,76,559556
8,77,2636731
8,78,962918
8,79,865244
8,80,3271862
8,81,676033
8,82,806987
8,83,546051
8,84,1358620
8,85,617274
8,86,1083122
8,87,594016
8,88,1421780
8,89,1221712
8,90,2039062
8,91,6157317
8,92,1043888
8,93,577204
8,94,692412
8,95,841669
8,96,1558992
8,97,734643
8,98,779198
8,99,3322275
8,100,9221583
8,101,2729571
8,102,1243553
8,103,581125
8,104,867737
8,105,1099581
8,106,4467611
8,107,772669
8,108,538484
8,109,11479657
8,110,565212
8,111,670332
8,112,605016
8,113,791037
8,114,3844399
8,115,537600
8,116,1054848
8,117,682313
8,118,8200328
8,119,1273872
8,120,514248
8,121,1452634
8,122,831712
8,123,962692
8,124,1278981
8,125,486476
8,126,1809540
8,127,547220
9,0,740780
9,1,585327
9,2,1458929
9,3,695601
9,4,1312667
9,5,1477301
9,6,583309
9,7,651551
9,8,597619
9,10,3264800
9,11,699316
9,12,591665
9,13,619190
9,14,2227952
9,15,573906
9,16,499980
9,17,998554
9,18,837275
9,19,1835632
9,20,621921
9,21,2127460
9,22,682886
9,23,578852
9,24,1247785
9,25,712624
9,26,8172460
9,27,4020986
9,28,1104476
9,29,1274084
9,30,549031
9,31,572605
9,32,712337
9,33,612255
9,34,571905
9,35,506190
9,36,635018
9,37,624296
9,38,825511
9,39,610792
9,40,480983
9,41,753409
9,42,644237
9,43,648148
9,44,1613107
9,45,1561333
9,46,1369994
9,47,1640662
9,48,822411
9,49,2554756
9,50,700087
9,51,491440
9,52,4207562
9,53,488085
9,54,1267759
9,55,2283121
9,56,9332354
9,57,855949
9,58,691446
9,59,178143304
9,60,532335
9,61,847384
9,62,998186
9,63,36720070
9,64,986826
9,65,762969
9,66,1403595
9,67,610225
9,68,550503
9,69,9008670
9,70,691714
9,71,619023
9,72,1509419
9,73,540323
9,74,534487
9,75,863296
9,76,1485635
9,77,1523535
9,78,695872
9,79,710053
9,80,1929451
9,81,656945
9,82,541618
9,83,1487134
9,84,752630
9,85,583967
9,86,563211
9,87,1480563
9,88,485748
9,89,504997
9,90,934958
9,91,2053839
9,92,1119300
9,93,579535
9,94,786568
9,95,1011230
9,96,509050
9,97,762769
9,98,2031763
9,99,2050122
9,100,1242551
9,101,797701
9,102,509886
9,103,2254391
9,104,496672
9,105,1725050
9,106,3906563
9,107,985992
9,108,845189
9,109,1516283
9,110,2063825
9,111,896847
9,112,906093
9,113,1389264
9,114,1817044
9,115,552209
9,116,523803
9,117,620784
9,118,544607
9,119,5911882
9,120,516211
9,121,859517
9,122,485337
9,123,619818
9,124,770065
9,125,2722528
9,126,1059724
9,127,3452326
10,0,515131
10,1,13521676
10,2,729222
10,3,729041
10,4,4619456
10,5,2129478
10,6,807443
10,7,7146368
10,8,723831
10,9,992107
10,11,537965
10,12,494267
10,13,1909725
10,14,618814
10,15,1296569
10,16,729645
10,17,574541
10,18,594740
10,19,1215002
10,20,911745
10,21,529466
10,22,1384901
10,23,1262335
10,24,705928
10,25,1291301
10,26,848062
10,27,4916410
10,28,481861
10,29,746207
10,30,2782497
10,31,498692
10,32,562705
10,33,2246765
10,34,657902
10,35,2422893
10,36,546430
10,37,1004971
10,38,575674
10,39,741595
10,40,554026
10,41,614835
10,42,680964
10,43,2303808
10,44,490176
10,45,483604
10,46,550182
10,47,1378034
10,48,1350590
10,49,1307027
10,50,1536658
10,51,3159561
10,52,809423
10,53,1903948
10,54,1397562
10,55,582724
10,56,1064228
10,57,538942
10,58,748505
10,59,631937
10,60,589224
10,61,1522585
10,62,664933
10,63,1521636
10,64,845610
10,65,846792
10,66,843341
10,67,2007851
10,68,1751056
10,69,551661
10,70,22610510
10,71,3672836
10,72,547664
10,73,796447
10,74,1188610
10,75,4018173
10,76,843509
10,77,1386181
10,78,3038987
10,79,897328
10,80,41928144
10,81,842003
10,82,2294208
10,83,1391845
10,84,7983184
10,85,616362
10,86,1818459
10,87,924215
10,88,2701644
10,89,3779514
10,90,905208
10,91,810571
10,92,542797
10,93,630932
10,94,517269
10,95,2400619
10,96,668786
10,97,634620
10,98,568019
10,99,2262076
10,100,549798
10,101,3051031
10,102,604580
10,103,825033
10,104,1502624
10,105,1823667
10,106,1571455
10,107,1720452
10,108,848827
10,109,622217
10,110,1017576
10,111,654709
10,112,484060
10,113,2210221
10,114,6986277
10,115,3568394
10,116,536719
10,117,907375
10,118,1109264
10,119,2569046
10,120,1286514
10,121,510156
10,122,570719
10,123,7293393
10,124,978085
10,125,1889418
10,126,1254296
10,127,1327592
11,0,4143236
11,1,1592850
11,2,1090982
11,3,544294
11,4,809653
11,5,1269439
11,6,513753
11,7,893017
11,8,1836597
11,9,891970
11,10,586323
11,12,1239553
11,13,613154
11,14,528469
11,15,767887
11,16,1354957
11,17,517157
11,18,924730
11,19,5687415
11,20,544544
11,21,1182301
11,22,37557015
11,23,2202927
11,24,561159
11,25,7996376
11,26,612541
11,27,1173066
11,28,567057
11,29,1027659
11,30,623530
11,31,1047422
11,32,1062534
11,33,484276
11,34,692789
11,35,539862
11,36,716664
11,37,493738
11,38,982198
11,39,1043077
11,40,3896045
11,41,1422323
11,42,3605392
11,43,849082
11,44,490275
11,45,1130837
11,46,889695
11,47,8357514
11,48,1589704
11,49,1111910
11,50,1138184
11,51,1231443
11,52,705703
11,53,2304612
11,54,3177673
11,55,3231719
11,56,511675
11,57,533947
11,58,539555
11,59,733111
11,60,880172
11,61,1507869
11,62,2939372
11,63,551951
11,64,18467596
11,65,1699086
11,66,13145915
11,67,616983
11,68,859955
11,69,512057
11,70,812338
11,71,1282843
11,72,2351514
11,73,761701
11,74,710452
11,75,587807
11,76,668936
11,77,908364
11,78,949362
11,79,1863084
11,80,4122282
11,81,621120
11,82,786211
11,83,597157
11,84,829849
11,85,733356
11,86,1335317
11,87,1127927
11,88,726935
11,89,690109
11,90,1279194
11,91,1054986
11,92,989219
11,93,481718
11,94,1068917
11,95,2786190
11,96,56515825
11,97,749018
11,98,1515030
11,99,583528
11,100,10293184
11,101,1362799
11,102,771433
11,103,769655
11,104,946963
11,105,1270913
11,106,815587
11,107,1773040
11,108,5608832
11,109,759576
11,110,10707747
11,111,1443024
11,112,496036
11,113,815043
11,114,1082828
11,115,1076112
11,116,1015281
11,117,505076
11,118,526690
11,119,1329222
11,120,487377
11,121,594702
11,122,1072069
11,123,2946344
11,124,772326
11,125,942098
11,126,1344338
11,127,1100953
12,0,619274
12,1,4329875
12,2,1653887
12,3,1238558
12,4,1804885
12,5,1268808
12,6,703801
12,7,1336260
12,8,1456920
12,9,558659
12,10,490250
12,11,797258
12,13,1052221
12,14,894927
12,15,505209
12,16,1870093
12,17,719113
12,18,693651
12,19,3503077
12,20,837440
12,21,693597
12,22,1380569
12,23,484180
12,24,679620
12,25,542176
12,26,845947
12,27,2693619
12,28,535058
12,29,533738
12,30,760305
12,31,602606
12,32,1127444
12,33,66924690
12,34,661178
12,35,2707409
12,36,1163646
12,37,537569
12,38,581669
12,39,1044159
12,40,1679492
12,41,688831
12,42,3450330
12,43,6262060
12,44,892826
12,45,1155925
12,46,560156
12,47,1023366
12,48,795197
12,49,4081081
12,50,1062393
12,51,2062571
12,52,482266
12,53,569400
12,54,791182
12,55,516878
12,56,930021
12,57,52548853
12,58,1156948
12,59,1013758
12,60,2297398
12,61,1143309
12,62,802988
12,63,1904996
12,64,526777
12,65,1041458
12,66,640288
12,67,1550697
12,68,549159
12,69,17486883
12,70,600882
12,71,592838
12,72,617357
12,73,1161232
12,74,16024064
12,75,1135723
12,76,1944687
12,77,939526
12,78,695655
12,79,585474
12,80,653243
12,81,1467322
12,82,1128089
12,83,9131506
12,84,814888
12,85,5515399
12,86,695709
12,87,1064652
12,88,862766
12,89,2073286
12,90,510806
12,91,590235
12,92,1484737
12,93,557105
12,94,497156
12,95,628847
12,96,8131054
12,97,1140327
12,98,1696256
12,99,666261
12,100,1571116
12,101,563312
12,102,1091731
12,103,625705
12,104,612174
12,105,487987
12,106,941883
12,107,2356576
12,108,662246
12,109,2227207
12,110,1460081
12,111,542021
12,112,485434
12,113,543575
12,114,1020398
12,115,783006
12,116,495707
12,117,728257
12,118,557996
12,119,1590751
12,120,1183198
12,121,652020
12,122,594282
12,123,523202
12,124,1669689
12,125,545077
12,126,751917
12,127,2839076
13,0,6128109
13,1,4746319
13,2,581742
13,3,1514717
13,4,1009845
13,5,1084890
13,6,547759
13,7,1149494
13,8,540538
13,9,975171
13,10,603907
13,11,557204
13,12,788724
13,14,102316460
13,15,1030018
13,16,494670
13,17,787142
13,18,724902
13,19,835466
13,20,528089
13,21,790892
13,22,689417
13,23,1649326
13,24,541495
13,25,584371
13,26,663807
13,27,1508798
13,28,670282
13,29,507255
13,30,764645
13,31,2016147
13,32,561998
13,33,661033
13,34,1319509
13,35,2093153
13,36,19385344
13,37,633914
13,38,619107
13,39,767683
13,40,1420154
13,41,864534
13,42,530675
13,43,2056325
13,44,513314
13,45,4428758
13,46,857860
13,47,1367503
13,48,585437
13,49,548776
13,50,1109109
13,51,681119
13,52,623658
13,53,13608493
13,54,612663
13,55,626519
13,56,4128244
13,57,19681119
13,58,2179235
13,59,3789336
13,60,1603084
13,61,560289
13,62,652302
13,63,626648
13,64,509266
13,65,2010213
13,66,547981
13,67,1552348
13,68,486840
13,69,2253626
13,70,937289
13,71,1253274
13,72,636170
13,73,483988
13,74,944037
13,75,1219018
13,76,537174
13,77,2201475
13,78,562166
13,79,633121
13,80,1084153
13,81,1495290
13,82,1840467
13,83,482099
13,84,659198
13,85,845105
13,86,6049371
13,87,1553340
13,88,797775
13,89,791982
13,90,828075
13,91,545014
13,92,512084
13,93,2280761
13,94,577276
13,95,2462315
13,96,3670542
13,97,1212721
13,98,1092930
13,99,866755
13,100,1005717
13,101,26161061
13,102,504601
13,103,1857124
13,104,802539
13,105,1700303
13,106,2154033
13,107,1277912
13,108,648612
13,109,488747
13,110,574612
13,111,1139997
13,112,659680
13,113,931381
13,114,1601309
13,115,1706415
13,116,964615
13,117,499258
13,118,648287
13,119,1236969
13,120,1007214
13,121,2190650
13,122,709940
13,123,564667
13,124,1081653
13,125,5343964
13,126,1040785
13,127,587769
14,0,685345
14,1,718295
14,2,756085
14,3,684191
14,4,674408
14,5,607328
14,6,594320
14,7,965863
14,8,604699
14,9,499232
14,10,1807674
14,11,646577
14,12,587101
14,13,683094
14,15,488281
14,16,1019370
14,17,1592150
14,18,1873619
14,19,690590
14,20,914651
14,21,770475
14,22,2163755
14,23,1258404
14,24,2226462
14,25,2172168
14,26,725498
14,27,1048925
14,28,616238
14,29,1389780
14,30,606409
14,31,3022599
14,32,492886
14,33,1198124
14,34,1036634
14,35,3579187
14,36,691178
14,37,896174
14,38,3824169
14,39,1062816
14,40,978319
14,41,2217571
14,42,1441623
14,43,2630215
14,44,773496
14,45,1029361
14,46,527651
14,47,491092
14,48,593217
14,49,725319
14,50,1801642
14,51,549542
14,52,627293
14,53,1042536
14,54,894353
14,55,3618657
14,56,833258
14,57,609780
14,58,4270953
14,59,3557674
14,60,563989
14,61,4525515
14,62,3380172
14,63,2091859
14,64,660936
14,65,613645
14,66,827433
14,67,1444428
14,68,2708565
14,69,3935818
14,70,536568
14,71,1270281
14,72,496316
14,73,583711
14,74,736305
14,75,538728
14,76,1138513
14,77,811569
14,78,1275782
14,79,594816
14,80,492586
14,81,5979737
14,82,481338
14,83,4373581
14,84,2597119
14,85,589560
14,86,37991832
14,87,988021
14,88,801641
14,89,907178
14,90,705423
14,91,483532
14,92,541093
14,93,1001011
14,94,766127
14,95,40348326
14,96,4267733
14,97,2855906
14,98,1420967
14,99,688301
14,100,560523
14,101,582870
14,102,922469
14,103,566440
14,104,3033005
14,105,785282
14,106,814501
14,107,962128
14,108,570893
14,109,2118765
14,110,3331462
14,111,1155074
14,112,585400
14,113,2090566
14,114,800000
14,115,616859
14,116,523059
14,117,7956945
14,118,813109
14,119,662538
14,120,816131
14,121,5154355
14,122,577669
14,123,551306
14,124,4634896
14,125,1413692
14,126,518331
14,127,530911
15,0,1142977
15,1,521491
15,2,495150
15,3,801566
15,4,668141
15,5,495859
15,6,2013175
15,7,1035569
15,8,919100
15,9,1265041
15,10,879804
15,11,714465
15,12,556381
15,13,839258
15,14,1629882
15,16,1121363
15,17,590122
15,18,8342945
15,19,6567756
15,20,1375762
15,21,1851207
15,22,762301
15,23,773220
15,24,1960754
15,25,480959
15,26,909952
15,27,856903
15,28,768838
15,29,4023802
15,30,699481
15,31,1175537
15,32,1001134
15,33,765722
15,34,722054
15,35,586990
15,36,1083563
15,37,622471
15,38,4095689
15,39,824236
15,40,813418
15,41,1427504
15,42,629323
15,43,501900
15,44,665474
15,45,13309984
15,46,746652
15,47,650148
15,48,498102
15,49,1503855
15,50,546619
15,51,679827
15,52,1042266
15,53,541186
15,54,1153038
15,55,530497
15,56,605215
15,57,1255936
15,58,966660
15,59,618773
15,60,598392
15,61,7504201
15,62,862943
15,63,1642161
15,64,588328
15,65,534787
15,66,1482051
15,67,516267
15,68,948051
15,69,728197
15,70,930857
15,71,663318
15,72,948706
15,73,567023
15,74,576705
15,75,489830
15,76,893303
15,77,931067
15,78,647408
15,79,528938
15,80,603552
15,81,530143
15,82,861270
15,83,503548
15,84,642869
15,85,534547
15,86,941561
15,87,1274720
15,88,1197755
15,89,852672
15,90,694083
15,91,2170761
15,92,772051
15,93,637953
15,94,3348144
15,95,5144534
15,96,853445
15,97,784996
15,98,512275
15,99,2924165
15,100,481837
15,101,4333202
15,102,530793
15,103,612011
15,104,640558
15,105,744367
15,106,513726
15,107,583931
15,108,3919800
15,109,1693034
15,110,612623
15,111,811799
15,112,1098517
15,113,760504
15,114,1133763
15,115,524781
15,116,7045358
15,117,783715
15,118,3466369
15,119,816443
15,120,790168
15,121,1190972
15,122,846201
15,123,763572
15,124,1264207
15,125,493990
15,126,921445
15,127,1456347
16,0,816832
16,1,2047653
16,2,1248595
16,3,939099
16,4,2036013
16,5,490621
16,6,570615
16,7,503575
16,8,734581
16,9,558625
16,10,513643
16,11,558858
16,12,3769749
16,13,1810941
16,14,1207811
16,15,771570
16,17,1122478
16,18,484685
16,19,1211016
16,20,579139
16,21,601860
16,22,542238
16,23,1761971
16,24,607208
16,25,1832744
16,26,731647
16,27,2197853
16,28,1204625
16,29,2213889
16,30,707673
16,31,940382
16,32,1071208
16,33,636215
16,34,700032
16,35,773910
16,36,6671424
16,37,508084
16,38,643917
16,39,863031
16,40,638983
16,41,483221
16,42,667744
16,43,532275
16,44,1376266
16,45,3035992
16,46,1866581
16,47,1032257
16,48,3643264
16,49,1059165
16,50,742852
16,51,2947743
16,52,2915944
16,53,877873
16,54,696035
16,55,489978
16,56,1910253
16,57,583455
16,58,1554335
16,59,1149158
16,60,567503
16,61,748377
16,62,1499253
16,63,643278
16,64,847215
16,65,991383
16,66,1903425
16,67,1228310
16,68,1538923
16,69,580365
16,70,667051
16,71,504707
16,72,889506
16,73,607768
16,74,1060987
16,75,2189216
16,76,597812
16,77,616901
16,78,493940
16,79,586619
16,80,527914
16,81,808051
16,82,855257
16,83,896558
16,84,786712
16,85,883228
16,86,1414497
16,87,621036
16,88,3426582
16,89,1037034
16,90,1126158
16,91,1040650
16,92,575851
16,93,929083
16,94,1006715
16,95,534727
16,96,55461899
16,97,548299
16,98,2682247
16,99,553246
16,100,505182
16,101,712223
16,102,1229091
16,103,1343860
16,104,1618897
16,105,1956292
16,106,675067
16,107,1777960
16,108,2648771
16,109,807519
16,110,604263
16,111,488722
16,112,822490
16,113,598625
16,114,986945
16,115,739843
16,116,634487
16,117,1098213
16,118,651832
16,119,817691
16,120,547727
16,121,1059444
16,122,9765544
16,123,9602867
16,124,1091880
16,125,1872610
16,126,512985
16,127,5737019
17,0,772257
17,1,2466992
17,2,914751
17,3,650428
17,4,533199
17,5,730978
17,6,671986
17,7,980783
17,8,575071
17,9,1143974
17,10,670882
17,11,1936491
17,12,694192
17,13,989339
17,14,1081946
17,15,583784
17,16,523488
17,18,1056792
17,19,669035
17,20,2723699
17,21,721581
17,22,533558
17,23,1990906
17,24,3148155
17,25,525618
17,26,739968
17,27,863119
17,28,1609870
17,29,730432
17,30,11980177
17,31,1783815
17,32,525502
17,33,2821198
17,34,609458
17,35,483580
17,36,708918
17,37,750561
17,38,2350672
17,39,737852
17,40,751077
17,41,554351
17,42,522658
17,43,739033
17,44,666015
17,45,987782
17,46,863826
17,47,678283
17,48,50789801
17,49,2735471
17,50,5885222
17,51,940917
17,52,3136842
17,53,1179799
17,54,1004350
17,55,506961
17,56,774463
17,57,1529585
17,58,510725
17,59,3909202
17,60,2944947
17,61,1245162
17,62,883042
17,63,859430
17,64,637194
17,65,540138
17,66,674864
17,67,3185983
17,68,1541197
17,69,1070777
17,70,979373
17,71,3078529
17,72,626219
17,73,611482
17,74,842421
17,75,484324
17,76,929708
17,77,12496422
17,78,486379
17,79,777939
17,80,650008
17,81,633517
17,82,703523
17,83,600843
17,84,1488938
17,85,1745870
17,86,565859
17,87,655801
17,88,525705
17,89,686292
17,90,1285216
17,91,723237
17,92,2032975
17,93,739282
17,94,2320827
17,95,610185
17,96,526313
17,97,618647
17,98,1461522
17,99,598586
17,100,510237
17,101,631063
17,102,1577257
17,103,560857
17,104,1221326
17,105,651504
17,106,563921
17,107,701800
17,108,683250
17,109,1181406
17,110,813263
17,111,7035433
17,112,1505396
17,113,1387207
17,114,1269860
17,115,632946
17,116,972970
17,117,693328
17,118,1147312
17,119,1810474
17,120,544012
17,121,650755
17,122,490720
17,123,804869
17,124,769519
17,125,515934
17,126,16754386
17,127,5839211
18,0,3025564
18,1,1739010
18,2,1239753
18,3,496875
18,4,658718
18,5,2438308
18,6,2633468
18,7,565007
18,8,521576
18,9,1075532
18,10,3564097
18,11,591552
18,12,1473762
18,13,2808582
18,14,626133
18,15,1337441
18,16,523631
18,17,2291028
18,19,856556
18,20,588887
18,21,823124
18,22,803890
18,23,560423
18,24,3852048
18,25,974359
18,26,1381077
18,27,663416
18,28,4063705
18,29,1016427
18,30,1387978
18,31,2328208
18,32,1185176
18,33,3420703
18,34,1565028
18,35,537843
18,36,514993
18,37,487816
18,38,550343
18,39,1070061
18,40,710110
18,41,511294
18,42,883507
18,43,1881227
18,44,702688
18,45,501536
18,46,522402
18,47,1702742
18,48,709372
18,49,696090
18,50,1224225
18,51,2792370
18,52,1228701
18,53,5925314
18,54,715620
18,55,1102941
18,56,1182122
18,57,1457493
18,58,656611
18,59,552339
18,60,738971
18,61,849167
18,62,2525718
18,63,2753345
18,64,4956594
18,65,703634
18,66,1233016
18,67,1322037
18,68,1217102
18,69,571870
18,70,1251845
18,71,545202
18,72,498846
18,73,726755
18,74,4460490
18,75,1460945
18,76,14156987
18,77,2042734
18,78,1093381
18,79,826231
18,80,980666
18,81,765453
18,82,947725
18,83,595275
18,84,676135
18,85,2324921
18,86,542704
18,87,707335
18,88,3875201
18,89,1956849
18,90,792564
18,91,1797033
18,92,666360
18,93,879435
18,94,1808606
18,95,683355
18,96,1681072
18,97,521775
18,98,553798
18,99,1011608
18,100,488993
18,101,959096
18,102,643780
18,103,773565
18,104,2576258
18,105,784783
18,106,1435494
18,107,1934862
18,108,696144
18,109,2733108
18,110,759443
18,111,595084
18,112,567263
18,113,568847
18,114,599323
18,115,627035
18,116,673901
18,117,765385
18,118,1110352
18,119,528147
18,120,820594
18,121,635682
18,122,1107096
18,123,1128734
18,124,653102
18,125,640919
18,126,739781
18,127,568502
19,0,1042131
19,1,1747163
19,2,950237
19,3,578385
19,4,571975
19,5,519595
19,6,997697
19,7,948488
19,8,965750
19,9,1054432
19,10,570510
19,11,10863214
19,12,549510
19,13,700418
19,14,1568065
19,15,1857619
19,16,544450
19,17,1032653
19,18,1766822
19,20,1368997
19,21,3721765
19,22,540261
19,23,4604131
19,24,1203132
19,25,734950
19,26,588365
19,27,622598
19,28,914048
19,29,600179
19,30,939954
19,31,1927297
19,32,512630
19,33,5469981
19,34,832932
19,35,491465
19,36,1707643
19,37,797332
19,38,755561
19,39,806760
19,40,623403
19,41,554808
19,42,613891
19,43,829929
19,44,872229
19,45,555560
19,46,1374001
19,47,697289
19,48,487328
19,49,10363706
19,50,1038103
19,51,857599
19,52,2931055
19,53,1247987
19,54,2010805
19,55,524378
19,56,532038
19,57,591401
19,58,844852
19,59,1086073
19,60,1723793
19,61,538789
19,62,1177841
19,63,761302
19,64,1767265
19,65,9563145
19,66,874223
19,67,4573822
19,68,10532566
19,69,1577943
19,70,1174830
19,71,1368001
19,72,548585
19,73,566304
19,74,1972011
19,75,642460
19,76,544889
19,77,574894
19,78,620237
19,79,746716
19,80,1190244
19,81,1001874
19,82,2249809
19,83,1000518
19,84,577633
19,85,964955
19,86,482432
19,87,1808140
19,88,697398
19,89,3296852
19,90,1090086
19,91,1359601
19,92,586286
19,93,683564
19,94,783786
19,95,1056653
19,96,1687428
19,97,546746
19,98,1094133
19,99,2130151
19,100,615907
19,101,1114570
19,102,2863751
19,103,633429
19,104,786640
19,105,1449509
19,106,688248
19,107,1438830
19,108,2556787
19,109,668687
19,110,912645
19,111,753474
19,112,771707
19,113,612582
19,114,1832264
19,115,642778
19,116,3164477
19,117,3105016
19,118,858034
19,119,11161870
19,120,957979
19,121,594931
19,122,1252457
19,123,554710
19,124,1451212
19,125,665966
19,126,668588
19,127,1690626
20,0,796520
20,1,1588310
20,2,686239
20,3,508889
20,4,674610
20,5,576456
20,6,668091
20,7,717129
20,8,955309
20,9,803064
20,10,612215
20,11,5585141
20,12,945551
20,13,483436
20,14,761435
20,15,957644
20,16,494116
20,17,699977
20,18,1990327
20,19,733172
20,21,540230
20,22,842588
20,23,1671639
20,24,745571
20,25,602489
20,26,1203318
20,27,847130
20,28,1009468
20,29,1215956
20,30,582433
20,31,865865
20,32,613195
20,33,816365
20,34,807823
20,35,4898785
20,36,1624003
20,37,4098625
20,38,3954693
20,39,698657
20,40,4078173
20,41,1437160
20,42,2604510
20,43,5819739
20,44,823759
20,45,512794
20,46,12284015
20,47,7402659
20,48,763237
20,49,515767
20,50,798960
20,51,564328
20,52,715910
20,53,679981
20,54,10110293
20,55,625149
20,56,629107
20,57,53480997
20,58,527768
20,59,1634323
20,60,1076257
20,61,4481930
20,62,1118034
20,63,618856
20,64,4791763
20,65,521548
20,66,1884801
20,67,2086698
20,68,3490744
20,69,566577
20,70,609095
20,71,571591
20,72,6806316
20,73,783644
20,74,515546
20,75,701025
20,76,1347215
20,77,773427
20,78,636793
20,79,608330
20,80,666508
20,81,483245
20,82,846032
20,83,3492793
20,84,1642912
20,85,484975
20,86,809194
20,87,614219
20,88,658621
20,89,2459517
20,90,1339098
20,91,706152
20,92,582615
20,93,611604
20,94,639837
20,95,1434940
20,96,1972578
20,97,2935207
20,98,927212
20,99,638311
20,100,962016
20,101,762368
20,102,1459505
20,103,1619988
20,104,789156
20,105,614630
20,106,735997
20,107,483628
20,108,643506
20,109,1711340
20,110,671433
20,111,520584
20,112,592497
20,113,624893
20,114,745254
20,115,525792
20,116,816676
20,117,611889
20,118,591250
20,119,906586
20,120,778358
20,121,661082
20,122,709826
20,123,709315
20,124,631631
20,125,565552
20,126,505579
20,127,548872
21,0,2079649
21,1,2009031
21,2,9060856
21,3,1384134
21,4,582542
21,5,760172
21,6,8049641
21,7,777520
21,8,984802
21,9,8386826
21,10,7608932
21,11,1060706
21,12,539401
21,13,614753
21,14,1913422
21,15,953538
21,16,520952
21,17,1701928
21,18,507308
21,19,551113
21,20,789951
21,22,7208555
21,23,838100
21,24,3691304
21,25,846538
21,26,745889
21,27,2098350
21,28,556413
21,29,648334
21,30,1216720
21,31,678488
21,32,636615
21,33,514001
21,34,1635438
21,35,510399
21,36,1227725
21,37,921547
21,38,5878599
21,39,748313
21,40,1918200
21,41,1308376
21,42,588850
21,43,1005593
21,44,3814143
21,45,6680230
21,46,852328
21,47,543014
21,48,839839
21,49,2621583
21,50,4287139
21,51,513068
21,52,681274
21,53,592952
21,54,545988
21,55,5891861
21,56,849593
21,57,487084
21,58,833911
21,59,502998
21,60,1009719
21,61,1887876
21,62,1865581
21,63,153965886
21,64,490993
21,65,54451188
21,66,525994
21,67,1585530
21,68,1893027
21,69,1160716
21,70,562772
21,71,2835223
21,72,3943883
21,73,1073077
21,74,1748027
21,75,610833
21,76,709145
21,77,694733
21,78,936440
21,79,516934
21,80,520386
21,81,518639
21,82,3157926
21,83,1007964
21,84,550375
21,85,977151
21,86,794024
21,87,22340128
21,88,836205
21,89,490102
21,90,764847
21,91,9934555
21,92,771845
21,93,489682
21,94,1046604
21,95,1499559
21,96,710509
21,97,3990294
21,98,2801073
21,99,1982840
21,100,716432
21,101,713141
21,102,714580
21,103,1195546
21,104,882671
21,105,2224232
21,106,811876
21,107,1525758
21,108,769587
21,109,3654574
21,110,645841
21,111,576207
21,112,726515
21,113,544920
21,114,632550
21,115,561762
21,116,2044575
21,117,574400
21,118,557666
21,119,531503
21,120,1149830
21,121,76006565
21,122,561393
21,123,566475
21,124,778218
21,125,501744
21,126,492611
21,127,1193163
22,0,545516
22,1,661566
22,2,16151492
22,3,551629
22,4,677361
22,5,1751923
22,6,669384
22,7,799554
22,8,1271334
22,9,1357641
22,10,545926
22,11,536659
22,12,910748
22,13,752047
22,14,1212342
22,15,600101
22,16,1287599
22,17,1077855
22,18,656754
22,19,1118508
22,20,768770
22,21,1032389
22,23,717304
22,24,659921
22,25,692359
22,26,863384
22,27,572851
22,28,495833
22,29,614383
22,30,1077564
22,31,973548
22,32,1222677
22,33,829768
22,34,864357
22,35,2858516
22,36,1154734
22,37,679414
22,38,737171
22,39,612459
22,40,1454345
22,41,978905
22,42,537904
22,43,7816027
22,44,537083
22,45,482647
22,46,2825007
22,47,1861590
22,48,817769
22,49,7481366
22,50,1118983
22,51,6928299
22,52,1262958
22,53,707165
22,54,638490
22,55,10759010
22,56,657758
22,57,2113454
22,58,1306129
22,59,665228
22,60,3067769
22,61,700859
22,62,1177663
22,63,794317
22,64,694895
22,65,2020325
22,66,764108
22,67,793439
22,68,481410
22,69,602017
22,70,520923
22,71,6909213
22,72,755692
22,73,1130027
22,74,1137199
22,75,678951
22,76,1634695
22,77,562401
22,78,1430798
22,79,883135
22,80,1575546
22,81,1937579
22,82,672136
22,83,710965
22,84,1393140
22,85,5189060
22,86,1025182
22,87,13105606
22,88,815509
22,89,486039
22,90,708408
22,91,1123116
22,92,903150
22,93,482838
22,94,953759
22,95,5620762
22,96,500342
22,97,599401
22,98,1113630
22,99,882764
22,100,691232
22,101,2471690
22,102,930544
22,103,905601
22,104,691018
22,105,625021
22,106,528410
22,107,1628776
22,108,932850
22,109,1624735
22,110,570580
22,111,705311
22,112,879988
22,113,2130825
22,114,1310179
22,115,556973
22,116,2068228
22,117,783077
22,118,903933
22,119,1688226
22,120,13968696
22,121,639657
22,122,1361320
22,123,1071351
22,124,1451780
22,125,1343143
22,126,1562003
22,127,576100
23,0,631281
23,1,812877
23,2,543544
23,3,916162
23,4,513616
23,5,2423794
23,6,732928
23,7,502658
23,8,1272179
23,9,1088745
23,10,551822
23,11,526516
23,12,503811
23,13,663709
23,14,1769481
23,15,1440504
23,16,553765
23,17,488134
23,18,3363131
23,19,557699
23,20,839507
23,21,2744971
23,22,778778
23,24,1459793
23,25,741094
23,26,677770
23,27,1088298
23,28,743924
23,29,1151854
23,30,736059
23,31,1622906
23,32,17334657
23,33,526226
23,34,1672030
23,35,636660
23,36,706602
23,37,531325
23,38,663905
23,39,879067
23,40,848912
23,41,750819
23,42,1814221
23,43,850445
23,44,636526
23,45,562300
23,46,3004947
23,47,824953
23,48,8214343
23,49,1277699
23,50,1548063
23,51,506775
23,52,824077
23,53,1003730
23,54,773634
23,55,555790
23,56,1488637
23,57,632156
23,58,917477
23,59,677565
23,60,1591800
23,61,22888368
23,62,606130
23,63,3774624
23,64,2440136
23,65,15654978
23,66,990901
23,67,773772
23,68,17038966
23,69,1374504
23,70,642323
23,71,1098821
23,72,559223
23,73,2872963
23,74,1915012
23,75,580654
23,76,973664
23,77,3731251
23,78,660839
23,79,997208
23,80,598509
23,81,695981
23,82,512138
23,83,675372
23,84,501953
23,85,3607595
23,86,786998
23,87,1111442
23,88,629584
23,89,2702795
23,90,591590
23,91,658094
23,92,484469
23,93,729162
23,94,658333
23,95,500032
23,96,494645
23,97,554091
23,98,1001751
23,99,741720
23,100,642960
23,101,562435
23,102,23617912
23,103,546115
23,104,1206122
23,105,1504163
23,106,527972
23,107,9891687
23,108,2268266
23,109,509535
23,110,1663096
23,111,785353
23,112,535661
23,113,871868
23,114,889412
23,115,1297673
23,116,8117356
23,117,790313
23,118,2338132
23,119,813881
23,120,768498
23,121,721463
23,122,542424
23,123,540015
23,124,4238991
23,125,494342
23,126,779339
23,127,5453165
24,0,1195729
24,1,3037489
24,2,943713
24,3,620028
24,4,2343966
24,5,4965625
24,6,948924
24,7,539218
24,8,1148654
24,9,738722
24,10,643233
24,11,1469949
24,12,1513467
24,13,1650843
24,14,7156648
24,15,517492
24,16,501276
24,17,952655
24,18,1993224
24,19,1802568
24,20,2375350
24,21,632287
24,22,1441343
24,23,616611
24,25,610387
24,26,716548
24,27,1529905
24,28,547695
24,29,505129
24,30,3391642
24,31,1827000
24,32,810878
24,33,577991
24,34,1095187
24,35,548490
24,36,780463
24,37,505712
24,38,774186
24,39,488404
24,40,1791537
24,41,1022460
24,42,926176
24,43,531385
24,44,536053
24,45,557963
24,46,687294
24,47,1023884
24,48,764780
24,49,717595
24,50,2258226
24,51,501146
24,52,27573997
24,53,1220941
24,54,14351086
24,55,693058
24,56,954533
24,57,1782460
24,58,6475854
24,59,484420
24,60,917375
24,61,514358
24,62,1103708
24,63,628112
24,64,1412087
24,65,1072789
24,66,518724
24,67,744177
24,68,1405179
24,69,1977124
24,70,746589
24,71,698932
24,72,969631
24,73,1337914
24,74,599712
24,75,967344
24,76,803364
24,77,527185
24,78,502867
24,79,12792861
24,80,928354
24,81,1078291
24,82,999658
24,83,494418
24,84,724961
24,85,522573
24,86,7065302
24,87,535028
24,88,989579
24,89,492511
24,90,2307028
24,91,855430
24,92,2237691
24,93,1317219
24,94,5239562
24,95,700197
24,96,521860
24,97,7347569
24,98,1014011
24,99,510291
24,100,714003
24,101,1079896
24,102,3257772
24,103,2379664
24,104,895886
24,105,1345775
24,106,4464047
24,107,1663868
24,108,2656498
24,109,1931071
24,110,620321
24,111,484709
24,112,524205
24,113,487279
24,114,702855
24,115,577597
24,116,8741364
24,117,521917
24,118,532365
24,119,1085481
24,120,1224807
24,121,905012
24,122,743419
24,123,513095
24,124,613235
24,125,1584145
24,126,684400
24,127,13025815
25,0,1392881
25,1,749853
25,2,1948538
25,3,571033
25,4,1359846
25,5,517995
25,6,609942
25,7,554188
25,8,662101
25,9,486281
25,10,858295
25,11,513259
25,12,1107405
25,13,507736
25,14,586471
25,15,2013769
25,16,1982267
25,17,790965
25,18,1005344
25,19,837357
25,20,626047
25,21,978202
25,22,868184
25,23,729403
25,24,1593551
25,26,8022909
25,27,1627304
25,28,2831382
25,29,720933
25,30,3228280
25,31,760770
25,32,1958520
25,33,1045108
25,34,670682
25,35,724247
25,36,565246
25,37,1108644
25,38,1348418
25,39,612827
25,40,1643664
25,41,2248286
25,42,1598478
25,43,662052
25,44,7125905
25,45,1020012
25,46,1027136
25,47,1014265
25,48,740655
25,49,1668521
25,50,533588
25,51,523689
25,52,692574
25,53,873406
25,54,1194078
25,55,2051978
25,56,484589
25,57,822807
25,58,568881
25,59,848402
25,60,534968
25,61,2910493
25,62,581596
25,63,495960
25,64,591930
25,65,1125355
25,66,794537
25,67,615206
25,68,590874
25,69,548458
25,70,935486
25,71,604145
25,72,590761
25,73,515214
25,74,571800
25,75,509427
25,76,525387
25,77,592043
25,78,601273
25,79,511839
25,80,792928
25,81,600647
25,82,485772
25,83,623998
25,84,821462
25,85,551919
25,86,545359
25,87,515878
25,88,847638
25,89,583162
25,90,3659121
25,91,1957406
25,92,1971445
25,93,1101258
25,94,1126961
25,95,2223489
25,96,842254
25,97,917173
25,98,702133
25,99,1356663
25,100,1510662
25,101,705647
25,102,526081
25,103,1019113
25,104,791763
25,105,660211
25,106,1381840
25,107,734091
25,108,837852
25,109,747481
25,110,498333
25,111,557138
25,112,930439
25,113,3982014
25,114,1320886
25,115,2179944
25,116,772945
25,117,696689
25,118,664541
25,119,6996046
25,120,785424
25,121,935804
25,122,1251234
25,123,1085333
25,124,4997525
25,125,621078
25,126,1750189
25,127,3836785
26,0,1353255
26,1,501510
26,2,560657
26,3,525185
26,4,653857
26,5,584261
26,6,988380
26,7,516962
26,8,2698198
26,9,683198
26,10,515048
26,11,658525
26,12,1377781
26,13,1723375
26,14,543450
26,15,3075446
26,16,683982
26,17,514717
26,18,566133
26,19,657662
26,20,984209
26,21,15595312
26,22,563076
26,23,718061
26,24,631150
26,25,713946
26,27,1336732
26,28,771982
26,29,1524169
26,30,630671
26,31,1214622
26,32,1009217
26,33,663123
26,34,863649
26,35,897232
26,36,1047695
26,37,602725
26,38,693813
26,39,603513
26,40,57615909
26,41,1487735
26,42,1410753
26,43,11303834
26,44,487157
26,45,3927791
26,46,1445554
26,47,845021
26,48,2246006
26,49,4631025
26,50,829283
26,51,494897
26,52,859255
26,53,548936
26,54,519793
26,55,2255923
26,56,878148
26,57,482981
26,58,1124875
26,59,856469
26,60,537478
26,61,665523
26,62,887998
26,63,492037
26,64,1010222
26,65,1826046
26,66,590498
26,67,2514896
26,68,569158
26,69,1324577
26,70,726336
26,71,677207
26,72,1096244
26,73,529937
26,74,570059
26,75,1608794
26,76,1357396
26,77,993316
26,78,687983
26,79,777032
26,80,2000800
26,81,495377
26,82,1981122
26,83,507602
26,84,1017193
26,85,488012
26,86,1072213
26,87,492911
26,88,556282
26,89,3781964
26,90,896750
26,91,958537
26,92,492461
26,93,1559326
26,94,500860
26,95,1282197
26,96,778078
26,97,854393
26,98,844180
26,99,2368484
26,100,504918
26,101,507175
26,102,830496
26,103,579355
26,104,960666
26,105,2231686
26,106,567160
26,107,1058605
26,108,757266
26,109,2202201
26,110,610630
26,111,582907
26,112,1144473
26,113,686344
26,114,2045190
26,115,666854
26,116,520697
26,117,1241550
26,118,772394
26,119,747098
26,120,516517
26,121,600335
26,122,4642659
26,123,677003
26,124,505367
26,125,1208564
26,126,1141154
26,127,1668132
27,0,1804421
27,1,620531
27,2,661130
27,3,1024143
27,4,1950746
27,5,1722121
27,6,544575
27,7,577561
27,8,481956
27,9,1722957
27,10,1108024
27,11,1082240
27,12,578923
27,13,1535689
27,14,2135557
27,15,671684
27,16,1458067
27,17,498127
27,18,1448943
27,19,756281
27,20,839673
27,21,1083269
27,22,608612
27,23,1353983
27,24,549702
27,25,659632
27,26,703021
27,28,1019498
27,29,509346
27,30,692520
27,31,725917
27,32,1219210
27,33,1242751
27,34,487181
27,35,984446
27,36,1293710
27,37,765992
27,38,833339
27,39,722882
27,40,5081715
27,41,690857
27,42,939847
27,43,768022
27,44,2067598
27,45,916667
27,46,8446149
27,47,3084715
27,48,9642963
27,49,2968905
27,50,892731
27,51,534157
27,52,1728411
27,53,3930462
27,54,9407881
27,55,620573
27,56,826951
27,57,1989171
27,58,23770163
27,59,599207
27,60,674560
27,61,634355
27,62,1093531
27,63,590085
27,64,501588
27,65,22474404
27,66,645611
27,67,548522
27,68,567091
27,69,976801
27,70,493262
27,71,721169
27,72,678642
27,73,889129
27,74,519089
27,75,898872
27,76,1777512
27,77,489904
27,78,2869007
27,79,3327780
27,80,501406
27,81,785496
27,82,510454
27,83,3422660
27,84,1263374
27,85,1930531
27,86,584334
27,87,601547
27,88,606968
27,89,686977
27,90,736552
27,91,734275
27,92,988979
27,93,1038504
27,94,690964
27,95,541247
27,96,1215574
27,97,586879
27,98,484132
27,99,4766855
27,100,609982
27,101,2056948
27,102,3614223
27,103,1450928
27,104,3211211
27,105,586397
27,106,578887
27,107,895406
27,108,742223
27,109,515850
27,110,2513917
27,111,1480860
27,112,1991485
27,113,670732
27,114,3747985
27,115,617648
27,116,1065786
27,117,1547078
27,118,682729
27,119,4885658
27,120,923701
27,121,2468869
27,122,587584
27,123,821936
27,124,1078000
27,125,1296349
27,126,852586
27,127,740405
28,0,854652
28,1,509940
28,2,9786316
28,3,934219
28,4,553733
28,5,643689
28,6,2060067
28,7,518051
28,8,542983
28,9,556677
28,10,611848
28,11,3409011
28,12,665769
28,13,556709
28,14,2036622
28,15,571346
28,16,644831
28,17,567813
28,18,917274
28,19,1230070
28,20,1055125
28,21,533618
28,22,545611
28,23,2218308
28,24,721051
28,25,4339873
28,26,650194
28,27,537874
28,29,487523
28,30,2359965
28,31,1212911
28,32,844348
28,33,523746
28,34,488477
28,35,4992940
28,36,547188
28,37,865776
28,38,1492258
28,39,878791
28,40,637640
28,41,653952
28,42,535993
28,43,871778
28,44,617523
28,45,1077128
28,46,619483
28,47,568467
28,48,642551
28,49,1501703
28,50,2430120
28,51,1150167
28,52,3344420
28,53,2242218
28,54,984091
28,55,1331325
28,56,616486
28,57,535842
28,58,486573
28,59,4012562
28,60,571521
28,61,614589
28,62,1897171
28,63,1031729
28,64,565825
28,65,495504
28,66,5425396
28,67,1048241
28,68,494040
28,69,777729
28,70,687400
28,71,1009343
28,72,531948
28,73,566030
28,74,809118
28,75,576776
28,76,1730097
28,77,779900
28,78,830900
28,79,713083
28,80,1243754
28,81,1307701
28,82,537357
28,83,809347
28,84,1772149
28,85,2668743
28,86,1983988
28,87,554971
28,88,481054
28,89,24240480
28,90,1112066
28,91,882022
28,92,587993
28,93,777241
28,94,2153342
28,95,774809
28,96,638222
28,97,808203
28,98,726276
28,99,1021557
28,100,681378
28,101,625191
28,102,850787
28,103,3736015
28,104,1159857
28,105,1188247
28,106,772738
28,107,557006
28,108,1727149
28,109,901005
28,110,1244357
28,111,1107560
28,112,532573
28,113,556216
28,114,562368
28,115,1209506
28,116,598238
28,117,944902
28,118,739656
28,119,5285970
28,120,1038772
28,121,702244
28,122,581379
28,123,631675
28,124,591100
28,125,490646
28,126,1390295
28,127,497999
29,0,1657327
29,1,579211
29,2,530734
29,3,877507
29,4,616031
29,5,919202
29,6,711079
29,7,582251
29,8,684820
29,9,514331
29,10,3024081
29,11,664786
29,12,511512
29,13,2263619
29,14,693220
29,15,509319
29,16,2324101
29,17,772876
29,18,3180991
29,19,1027920
29,20,707504
29,21,1408623
29,22,785710
29,23,732622
29,24,1275570
29,25,1605220
29,26,1179977
29,27,635549
29,28,854825
29,30,513534
29,31,869348
29,32,1535366
29,33,565382
29,34,704583
29,35,1379300
29,36,645749
29,37,2415715
29,38,606928
29,39,772532
29,40,2242974
29,41,952215
29,42,1697468
29,43,912444
29,44,1034772
29,45,760238
29,46,2385733
29,47,944253
29,48,1039978
29,49,613932
29,50,2307835
29,51,968143
29,52,8645655
29,53,934641
29,54,1356908
29,55,12831034
29,56,627637
29,57,4110415
29,58,515961
29,59,1500477
29,60,487596
29,61,487792
29,62,1223451
29,63,967572
29,64,872681
29,65,527359
29,66,7717010
29,67,8991424
29,68,967915
29,69,537691
29,70,881558
29,71,818943
29,72,2417505
29,73,761235
29,74,1033182
29,75,1252049
29,76,492786
29,77,1067349
29,78,933797
29,79,608813
29,80,954976
29,81,724009
29,82,490596
29,83,1295688
29,84,694300
29,85,528586
29,86,677617
29,87,549255
29,88,1560998
29,89,795637
29,90,1275357
29,91,1162265
29,92,1161404
29,93,2421993
29,94,1050708
29,95,497232
29,96,1056514
29,97,673750
29,98,754125
29,99,4838198
29,100,821304
29,101,654567
29,102,1001504
29,103,500575
29,104,5397943
29,105,1108179
29,106,504443
29,107,1065219
29,108,892921
29,109,1618171
29,110,634885
29,111,496646
29,112,111314438
29,113,1017960
29,114,492736
29,115,1430248
29,116,651785
29,117,3329620
29,118,1264415
29,119,1177308
29,120,1191884
29,121,521889
29,122,546809
29,123,634090
29,124,1830825
29,125,1157118
29,126,603670
29,127,1322959
30,0,511811
30,1,2649872
30,2,683668
30,3,977851
30,4,485675
30,5,2690196
30,6,1028051
30,7,510481
30,8,1768150
30,9,2298997
30,10,3337002
30,11,2842940
30,12,3430515
30,13,548267
30,14,1770814
30,15,1505087
30,16,2004906
30,17,781661
30,18,1447811
30,19,1045380
30,20,1144640
30,21,2331506
30,22,733233
30,23,691983
30,24,784711
30,25,487255
30,26,669733
30,27,601116
30,28,491838
30,29,728498
30,31,988140
30,32,523287
30,33,3182653
30,34,4804328
30,35,658429
30,36,514772
30,37,637016
30,38,568985
30,39,919812
30,40,1032917
30,41,1715882
30,42,549734
30,43,2794850
30,44,2413035
30,45,884159
30,46,651082
30,47,640378
30,48,616693
30,49,848657
30,50,516684
30,51,1112847
30,52,1223064
30,53,6880805
30,54,625790
30,55,655849
30,56,711879
30,57,892636
30,58,948815
30,59,3530138
30,60,3596609
30,61,719055
30,62,4979240
30,63,754712
30,64,580148
30,65,7585375
30,66,1403332
30,67,2070122
30,68,9446164
30,69,49157920
30,70,2611949
30,71,1402805
30,72,574470
30,73,548968
30,74,498487
30,75,2996207
30,76,496570
30,77,2284697
30,78,532216
30,79,687083
30,80,890831
30,81,596080
30,82,1819876
30,83,2380529
30,84,588477
30,85,2059442
30,86,886495
30,87,1891994
30,88,683929
30,89,867112
30,90,1959078
30,91,605891
30,92,1710105
30,93,510264
30,94,4277411
30,95,515352
30,96,4323238
30,97,1225583
30,98,516294
30,99,603631
30,100,584151
30,101,771639
30,102,621837
30,103,799777
30,104,732867
30,105,827272
30,106,749274
30,107,816988
30,108,755626
30,109,1416915
30,110,1876654
30,111,2255157
30,112,522544
30,113,592989
30,114,1211395
30,115,2906419
30,116,1426683
30,117,1481158
30,118,662295
30,119,1289992
30,120,711822
30,121,606449
30,122,599556
30,123,491266
30,124,1266921
30,125,509643
30,126,925556
30,127,983853
31,0,869438
31,1,4983797
31,2,498949
31,3,689789
31,4,1415570
31,5,580473
31,6,1672812
31,7,486257
31,8,1084743
31,9,599751
31,10,698383
31,11,1113004
31,12,485603
31,13,2593965
31,14,828397
31,15,2956167
31,16,1389522
31,17,2402384
31,18,626863
31,19,486816
31,20,1664642
31,21,1427778
31,22,794610
31,23,2124776
31,24,1103094
31,25,749917
31,26,668488
31,27,645473
31,28,1197386
31,29,579247
31,30,521235
31,32,1294808
31,33,1533112
31,34,676543
31,35,510372
31,36,2120764
31,37,844432
31,38,5430925
31,39,1600600
31,40,2035405
31,41,2120097
31,42,876226
31,43,806684
31,44,694570
31,45,903541
31,46,793293
31,47,615453
31,48,672438
31,49,621541
31,50,843760
31,51,799034
31,52,574930
31,53,1424772
31,54,707617
31,55,1066070
31,56,691875
31,57,801865
31,58,488796
31,59,526342
31,60,797036
31,61,904227
31,62,785925
31,63,507977
31,64,538606
31,65,1204438
31,66,538667
31,67,1097152
31,68,494544
31,69,483652
31,70,508835
31,71,696308
31,72,1443305
31,73,2147148
31,74,1113473
31,75,623021
31,76,615124
31,77,606209
31,78,546588
31,79,3859731
31,80,736244
31,81,1462100
31,82,498795
31,83,1229483
31,84,505977
31,85,2395341
31,86,15304486
31,87,1658477
31,88,1183737
31,89,882578
31,90,922366
31,91,640874
31,92,6386797
31,93,2312688
31,94,988739
31,95,1684243
31,96,750110
31,97,2580400
31,98,622513
31,99,1235780
31,100,1126318
31,101,501172
31,102,536205
31,103,574012
31,104,2770266
31,105,881651
31,106,972739
31,107,483460
31,108,595811
31,109,616155
31,110,753344
31,111,685292
31,112,935910
31,113,788364
31,114,911445
31,115,555429
31,116,541928
31,117,597697
31,118,2862440
31,119,669334
31,120,530704
31,121,1541848
31,122,39367184
31,123,593635
31,124,548840
31,125,780182
31,126,707109
31,127,2458587
32,0,3454324
32,1,1029230
32,2,1057628
32,3,16281224
32,4,2492603
32,5,4907579
32,6,528908
32,7,626949
32,8,466737289
32,9,1050021
32,10,968600
32,11,809042
32,12,1013251
32,13,1525122
32,14,601703
32,15,672539
32,16,1871602
32,17,484734
32,18,1193529
32,19,702577
32,20,1495898
32,21,3682044
32,22,517771
32,23,984921
32,24,630584
32,25,570858
32,26,568329
32,27,18295604
32,28,545265
32,29,2833942
32,30,1460657
32,31,1208940
32,33,711250
32,34,2600281
32,35,780815
32,36,870246
32,37,527156
32,38,516656
32,39,482146
32,40,604858
32,41,619441
32,42,2653180
32,43,931590
32,44,1001627
32,45,1200900
32,46,3184317
32,47,689363
32,48,1364528
32,49,1603795
32,50,1521952
32,51,969975
32,52,622386
32,53,537265
32,54,1630251
32,55,1061127
32,56,657998
32,57,540631
32,58,825272
32,59,1040247
32,60,999167
32,61,5392490
32,62,2505148
32,63,635638
32,64,2061318
32,65,965977
32,66,2465119
32,67,615041
32,68,943497
32,69,502109
32,70,1618534
32,71,549127
32,72,765116
32,73,1150673
32,74,868900
32,75,655421
32,76,1543804
32,77,509131
32,78,3120837
32,79,1700709
32,80,2191368
32,81,532127
32,82,790240
32,83,1478782
32,84,686450
32,85,662928
32,86,575958
32,87,498384
32,88,561830
32,89,1089788
32,90,537630
32,91,489362
32,92,871327
32,93,972162
32,94,1765496
32,95,1259229
32,96,554645
32,97,1740719
32,98,568812
32,99,6517267
32,100,776475
32,101,596695
32,102,751206
32,103,546493
32,104,575638
32,105,492162
32,106,487694
32,107,1064511
32,108,1027790
32,109,504127
32,110,573062
32,111,655896
32,112,619692
32,113,1683846
32,114,526371
32,115,6120856
32,116,2485906
32,117,743104
32,118,610752
32,119,656134
32,120,784498
32,121,1790625
32,122,519511
32,123,720521
32,124,940810
32,125,1879700
32,126,542300
32,127,491365
33,0,689470
33,1,503076
33,2,605413
33,3,20632893
33,4,1269649
33,5,867826
33,6,1227920
33,7,2156108
33,8,2353198
33,9,2748553
33,10,765790
33,11,1377276
33,12,497488
33,13,489214
33,14,624594
33,15,2322463
33,16,504048
33,17,811261
33,18,2596067
33,19,575036
33,20,551758
33,21,779269
33,22,2809838
33,23,523173
33,24,840171
33,25,724485
33,26,599868
33,27,552792
33,28,654851
33,29,977267
33,30,2272154
33,31,998064
33,32,589298
33,34,537661
33,35,1932152
33,36,7314956
33,37,977618
33,38,504733
33,39,841086
33,40,707278
33,41,1446964
33,42,1002245
33,43,31273995
33,44,706827
33,45,726815
33,46,815276
33,47,674813
33,48,652490
33,49,504390
33,50,2243731
33,51,1315394
33,52,805398
33,53,924834
33,54,2042121
33,55,768430
33,56,2025725
33,57,1282627
33,58,738349
33,59,628285
33,60,573554
33,61,559389
33,62,10269916
33,63,562941
33,64,16087494
33,65,2990413
33,66,570441
33,67,1307926
33,68,713888
33,69,671283
33,70,802838
33,71,1258610
33,72,783289
33,73,791328
33,74,568778
33,75,726036
33,76,745762
33,77,3436432
33,78,486500
33,79,2006672
33,80,2358269
33,81,1383113
33,82,497437
33,83,3069301
33,84,716722
33,85,787501
33,86,505844
33,87,798886
33,88,697945
33,89,570094
33,90,2608755
33,91,1710928
33,92,638894
33,93,1295468
33,94,1345296
33,95,577383
33,96,809882
33,97,489633
33,98,659150
33,99,792637
33,100,721346
33,101,610063
33,102,667397
33,103,1106787
33,104,3816644
33,105,763639
33,106,554841
33,107,1323421
33,108,1146141
33,109,506482
33,110,511430
33,111,701357
33,112,6451290
33,113,614260
33,114,2530671
33,115,666557
33,116,2159577
33,117,560022
33,118,2622659
33,119,560724
33,120,1057210
33,121,491241
33,122,822648
33,123,1386437
33,124,772188
33,125,1325735
33,126,555987
33,127,854221
34,0,910947
34,1,11332717
34,2,938779
34,3,1351073
34,4,563413
34,5,5475612
34,6,509562
34,7,1334375
34,8,1115984
34,9,668737
34,10,1099125
34,11,1280694
34,12,514579
34,13,3229998
34,14,712911
34,15,1677127
34,16,2080287
34,17,584812
34,18,866488
34,19,623191
34,20,630018
34,21,960778
34,22,812107
34,23,810265
34,24,1142811
34,25,1357152
34,26,786425
34,27,560958
34,28,2493563
34,29,1815631
34,30,902174
34,31,824794
34,32,8872752
34,33,594969
34,35,1122000
34,36,1159000
34,37,587621
34,38,1090683
34,39,650614
34,40,599284
34,41,552662
34,42,730675
34,43,669932
34,44,3143295
34,45,943390
34,46,2609818
34,47,4868279
34,48,496062
34,49,1115198
34,50,749403
34,51,646762
34,52,9465437
34,53,732195
34,54,1506940
34,55,507361
34,56,995745
34,57,6362984
34,58,2104231
34,59,998309
34,60,974939
34,61,1178908
34,62,1425045
34,63,4518184
34,64,1855147
34,65,10942872
34,66,491639
34,67,2015552
34,68,615536
34,69,1027398
34,70,1331559
34,71,1033579
34,72,1886850
34,73,1039442
34,74,3941190
34,75,761501
34,76,526545
34,77,11947455
34,78,492486
34,79,895982
34,80,593407
34,81,1635810
34,82,604977
34,83,547125
34,84,1644416
34,85,785996
34,86,1336024
34,87,1286731
34,88,903443
34,89,5333313
34,90,549223
34,91,652961
34,92,1302554
34,93,766330
34,94,895598
34,95,782651
34,96,6601907
34,97,3440390
34,98,1130189
34,99,522117
34,100,888751
34,101,686925
34,102,572430
34,103,487889
34,104,580220
34,105,1691829
34,106,870696
34,107,952765
34,108,5826213
34,109,1155755
34,110,668041
34,111,959320
34,112,1169557
34,113,996964
34,114,838762
34,115,921957
34,116,12113106
34,117,626390
34,118,3293255
34,119,1199233
34,120,628760
34,121,570024
34,122,717246
34,123,1074664
34,124,629020
34,125,10411328
34,126,651410
34,127,692843
35,0,3448337
35,1,1966365
35,2,1075098
35,3,845357
35,4,1564691
35,5,1867583
35,6,632068
35,7,619902
35,8,593331
35,9,851814
35,10,591024
35,11,493212
35,12,2432842
35,13,1483542
35,14,1155244
35,15,1010096
35,16,3286089
35,17,560757
35,18,4499975
35,19,1415302
35,20,967458
35,21,509104
35,22,806532
35,23,574223
35,24,700252
35,25,682209
35,26,849678
35,27,792273
35,28,5254929
35,29,26746224
35,30,535329
35,31,491614
35,32,6339370
35,33,2166551
35,34,481932
35,36,1350832
35,37,763170
35,38,6418861
35,39,1447246
35,40,1022202
35,41,918186
35,42,727535
35,43,758980
35,44,1012745
35,45,695383
35,46,910051
35,47,2476408
35,48,1134742
35,49,1378540
35,50,857947
35,51,788148
35,52,753669
35,53,545234
35,54,4306745
35,55,3021119
35,56,4313325
35,57,4072372
35,58,1054155
35,59,3888199
35,60,500265
35,61,744873
35,62,531800
35,63,620868
35,64,752889
35,65,3806662
35,66,561561
35,67,777101
35,68,522487
35,69,626734
35,70,874768
35,71,784426
35,72,1989749
35,73,1068346
35,74,796741
35,75,615412
35,76,535420
35,77,968029
35,78,532961
35,79,1189336
35,80,1199418
35,81,548617
35,82,740218
35,83,1050158
35,84,3675133
35,85,1638045
35,86,898969
35,87,6021300
35,88,523918
35,89,743546
35,90,1282412
35,91,683459
35,92,2672105
35,93,782298
35,94,770954
35,95,547030
35,96,508218
35,97,774532
35,98,1082093
35,99,5115325
35,100,639343
35,101,660598
35,102,515795
35,103,21570841
35,104,1020269
35,105,608934
35,106,631019
35,107,1225195
35,108,711536
35,109,8158605
35,110,2764196
35,111,531830
35,112,2060692
35,113,501848
35,114,1463546
35,115,1221519
35,116,603276
35,117,794683
35,118,2076462
35,119,906882
35,120,1102481
35,121,671785
35,122,935063
35,123,784569
35,124,678232
35,125,1887363
35,126,578206
35,127,589373
36,0,493162
36,1,1124394
36,2,1433004
36,3,565757
36,4,2789894
36,5,944685
36,6,1370744
36,7,2714363
36,8,1162437
36,9,970895
36,10,780533
36,11,2381395
36,12,1969183
36,13,1093982
36,14,995501
36,15,767006
36,16,787070
36,17,749981
36,18,876409
36,19,2454871
36,20,739157
36,21,812646
36,22,773703
36,23,776753
36,24,4083993
36,25,1010348
36,26,729766
36,27,996598
36,28,566098
36,29,504153
36,30,1209317
36,31,6000437
36,32,1110663
36,33,776127
36,34,708974
36,35,569193
36,37,946745
36,38,582214
36,39,1633211
36,40,612419
36,41,690537
36,42,1283704
36,43,927938
36,44,1719619
36,45,518527
36,46,492636
36,47,633033
36,48,1087259
36,49,1944138
36,50,1496202
36,51,2014363
36,52,540200
36,53,6300448
36,54,884066
36,55,1979406
36,56,2694762
36,57,1537951
36,58,485797
36,59,738038
36,60,672891
36,61,573378
36,62,623870
36,63,13186505
36,64,531148
36,65,500964
36,66,14109380
36,67,2137593
36,68,667695
36,69,1862586
36,70,643187
36,71,9295099
36,72,635460
36,73,744430
36,74,497309
36,75,485409
36,76,2940764
36,77,896462
36,78,803439
36,79,706996
36,80,1342904
36,81,537053
36,82,542145
36,83,701246
36,84,853015
36,85,610306
36,86,1173418
36,87,584224
36,88,679672
36,89,8839490
36,90,611401
36,91,1564018
36,92,3686667
36,93,529731
36,94,496366
36,95,5159280
36,96,6070618
36,97,1117087
36,98,2949143
36,99,701412
36,100,1924075
36,101,4738160
36,102,486063
36,103,681689
36,104,958984
36,105,547315
36,106,495884
36,107,1865081
36,108,839424
36,109,832524
36,110,1238160
36,111,564124
36,112,866844
36,113,556479
36,114,1289338
36,115,1659245
36,116,901687
36,117,525012
36,118,545297
36,119,887058
36,120,12754942
36,121,805020
36,122,1926759
36,123,488624
36,124,734336
36,125,914349
36,126,62547236
36,127,503969
37,0,487450
37,1,1106324
37,2,3041988
37,3,952986
37,4,851300
37,5,575284
37,6,578313
37,7,546461
37,8,1429424
37,9,582033
37,10,574576
37,11,1852682
37,12,958872
37,13,756216
37,14,4851039
37,15,556085
37,16,513891
37,17,11786816
37,18,996110
37,19,732439
37,20,4742236
37,21,1449793
37,22,1018728
37,23,3298653
37,24,1131648
37,25,487035
37,26,561360
37,27,907276
37,28,655516
37,29,1166420
37,30,687877
37,31,544951
37,32,590648
37,33,499851
37,34,483388
37,35,994893
37,36,514413
37,38,577919
37,39,758716
37,40,1267550
37,41,675931
37,42,624125
37,43,1365766
37,44,540908
37,45,480817
37,46,1254501
37,47,592762
37,48,3801694
37,49,3603192
37,50,676645
37,51,795343
37,52,704248
37,53,540846
37,54,854134
37,55,870606
37,56,1323652
37,57,1882246
37,58,487011
37,59,6966830
37,60,1004474
37,61,669633
37,62,523947
37,63,1350348
37,64,1294368
37,65,506163
37,66,519061
37,67,1957963
37,68,1265249
37,69,741407
37,70,523087
37,71,751594
37,72,802614
37,73,551564
37,74,862502
37,75,522003
37,76,544262
37,77,518836
37,78,664394
37,79,697180
37,80,2330681
37,81,1043212
37,82,1385925
37,83,1997295
37,84,11692740
37,85,629410
37,86,480935
37,87,2140313
37,88,515518
37,89,858382
37,90,871687
37,91,976684
37,92,514083
37,93,642823
37,94,2731927
37,95,534007
37,96,994165
37,97,1125676
37,98,947180
37,99,3174363
37,100,713600
37,101,671132
37,102,2495485
37,103,1309727
37,104,8506425
37,105,2911853
37,106,886214
37,107,929187
37,108,2665391
37,109,512111
37,110,1166246
37,111,622006
37,112,1008340
37,113,488870
37,114,2264392
37,115,1428600
37,116,1002492
37,117,18381147
37,118,734704
37,119,2337302
37,120,5602888
37,121,783573
37,122,507789
37,123,1162955
37,124,1418803
37,125,935275
37,126,1309953
37,127,771228
38,0,1055958
38,1,608290
38,2,657136
38,3,500316
38,4,990420
38,5,1343382
38,6,797479
38,7,516600
38,8,1370993
38,9,627379
38,10,996354
38,11,642006
38,12,904717
38,13,1091581
38,14,508754
38,15,2587685
38,16,601900
38,17,489879
38,18,7187691
38,19,720757
38,20,506988
38,21,602803
38,22,3549150
38,23,880449
38,24,744304
38,25,1894579
38,26,511023
38,27,766195
38,28,508996
38,29,864623
38,30,643461
38,31,519314
38,32,1389007
38,33,18554965
38,34,810112
38,35,21448366
38,36,670232
38,37,601429
38,39,826471
38,40,643871
38,41,701191
38,42,1652364
38,43,819100
38,44,543513
38,45,1974848
38,46,567778
38,47,588514
38,48,840670
38,49,491142
38,50,571660
38,51,2978898
38,52,623488
38,53,699371
38,54,2853302
38,55,24081395
38,56,793074
38,57,1278553
38,58,3867448
38,59,1152530
38,60,1623637
38,61,888280
38,62,494948
38,63,1068632
38,64,485144
38,65,915557
38,66,5656899
38,67,870066
38,68,1096698
38,69,505791
38,70,763438
38,71,4349924
38,72,1038906
38,73,1007714
38,74,488600
38,75,3594421
38,76,701523
38,77,1584491
38,78,676798
38,79,532543
38,80,484926
38,81,687189
38,82,1639166
38,83,567847
38,84,587918
38,85,1165031
38,86,751723
38,87,598276
38,88,4596511
38,89,537417
38,90,754646
38,91,573765
38,92,827513
38,93,816754
38,94,672942
38,95,778988
38,96,1322498
38,97,594893
38,98,1330389
38,99,7656544
38,100,3574861
38,101,1024663
38,102,662003
38,103,748825
38,104,1160029
38,105,1088596
38,106,3925123
38,107,782793
38,108,1896652
38,109,1540872
38,110,1589006
38,111,1055819
38,112,991142
38,113,2019727
38,114,2841650
38,115,2563922
38,116,1120727
38,117,593939
38,118,768158
38,119,926694
38,120,1049473
38,121,638177
38,122,876135
38,123,628933
38,124,775849
38,125,687242
38,126,547791
38,127,822569
39,0,638445
39,1,531237
39,2,1346975
39,3,575709
39,4,764982
39,5,1494682
39,6,767819
39,7,484878
39,8,718237
39,9,525936
39,10,562233
39,11,491042
39,12,967800
39,13,801118
39,14,533678
39,15,530114
39,16,579103
39,17,822331
39,18,701136
39,19,5011338
39,20,1828432
39,21,1680677
39,22,826791
39,23,932010
39,24,654425
39,25,565450
39,26,532097
39,27,724306
39,28,2177817
39,29,995380
39,30,1000272
39,31,659439
39,32,2363364
39,33,4562571
39,34,1086962
39,35,736614
39,36,501328
39,37,484782
39,38,656087
39,40,621499
39,41,1794280
39,42,1179621
39,43,1533755
39,44,487401
39,45,1704372
39,46,584885
39,47,1068774
39,48,917679
39,49,1119458
39,50,541526
39,51,1157289
39,52,928666
39,53,10557197
39,54,592005
39,55,1041592
39,56,2347313
39,57,1160200
39,58,1228896
39,59,2408584
39,60,518191
39,61,1025963
39,62,504812
39,63,706658
39,64,1289556
39,65,766668
39,66,1811409
39,67,1037702
39,68,568157
39,69,2586641
39,70,2760569
39,71,1052359
39,72,1695852
39,73,1028837
39,74,974823
39,75,500497
39,76,1250421
39,77,747162
39,78,999412
39,79,547632
39,80,699701
39,81,498358
39,82,3864872
39,83,538026
39,84,3973774
39,85,5381621
39,86,817222
39,87,6443148
39,88,555691
39,89,1656561
39,90,511539
39,91,1614911
39,92,551081
39,93,1726728
39,94,983025
39,95,515740
39,96,1530865
39,97,873497
39,98,1167986
39,99,1821296
39,100,514496
39,101,2370197
39,102,902369
39,103,704975
39,104,4001393
39,105,806229
39,106,22207644
39,107,883973
39,108,632770
39,109,5787608
39,110,743735
39,111,21327445
39,112,1779757
39,113,912745
39,114,537813
39,115,840504
39,116,547062
39,117,866310
39,118,712509
39,119,1249203
39,120,1756712
39,121,900714
39,122,777310
39,123,1300108
39,124,1318821
39,125,890263
39,126,890168
39,127,1145807
40,0,2205110
40,1,921036
40,2,619232
40,3,652161
40,4,820673
40,5,787716
40,6,830657
40,7,1849734
40,8,1118192
40,9,1366262
40,10,926073
40,11,975753
40,12,525445
40,13,802164
40,14,2374489
40,15,1167289
40,16,1017449
40,17,493437
40,18,639298
40,19,1192066
40,20,647778
40,21,650521
40,22,1146309
40,23,506057
40,24,2378800
40,25,545831
40,26,5503965
40,27,508728
40,28,821146
40,29,996720
40,30,5768520
40,31,1271123
40,32,727055
40,33,485071
40,34,1727569
40,35,497284
40,36,496265
40,37,784355
40,38,3043491
40,39,1076982
40,41,641598
40,42,17880962
40,43,659391
40,44,2034189
40,45,2857210
40,46,549862
40,47,559356
40,48,627250
40,49,563718
40,50,1083858
40,51,538179
40,52,538973
40,53,1178730
40,54,2571102
40,55,649775
40,56,860042
40,57,1119616
40,58,490077
40,59,2058818
40,60,1144140
40,61,893398
40,62,747737
40,63,2078373
40,64,2582477
40,65,541835
40,66,1514092
40,67,526255
40,68,500834
40,69,834319
40,70,502762
40,71,1149326
40,72,7803493
40,73,2491644
40,74,1041323
40,75,674509
40,76,1352769
40,77,1347456
40,78,756741
40,79,3960124
40,80,781803
40,81,690697
40,82,483748
40,83,605732
40,84,1632100
40,85,725379
40,86,523230
40,87,5244673
40,88,569885
40,89,1248797
40,90,2589774
40,91,510427
40,92,635860
40,93,600023
40,94,2383996
40,95,485845
40,96,515712
40,97,499387
40,98,698000
40,99,636927
40,100,628025
40,101,698712
40,102,955420
40,103,507762
40,104,2033582
40,105,667150
40,106,1311309
40,107,491937
40,108,503680
40,109,1258198
40,110,577133
40,111,1688626
40,112,613358
40,113,1359355
40,114,642596
40,115,521207
40,116,542735
40,117,4264517
40,118,1920865
40,119,5365409
40,120,2011989
40,121,2083487
40,122,1759775
40,123,928042
40,124,596464
40,125,1262543
40,126,4390657
40,127,541587
41,0,665032
41,1,2037841
41,2,640107
41,3,916263
41,4,771502
41,5,529878
41,6,1173595
41,7,804040
41,8,676849
41,9,1170958
41,10,1057907
41,11,2006083
41,12,826871
41,13,1128572
41,14,488330
41,15,1877668
41,16,525040
41,17,890736
41,18,1250828
41,19,491514
41,20,541557
41,21,905700
41,22,520753
41,23,1028182
41,24,2541646
41,25,553863
41,26,17720953
41,27,833666
41,28,953869
41,29,530645
41,30,965295
41,31,4104510
41,32,653149
41,33,1355931
41,34,552468
41,35,3268327
41,36,1212531
41,37,1504471
41,38,633649
41,39,878332
41,40,951335
41,42,993559
41,43,776335
41,44,3030023
41,45,863473
41,46,801192
41,47,602253
41,48,632331
41,49,695329
41,50,1722539
41,51,1417454
41,52,501094
41,53,1697872
41,54,633209
41,55,960553
41,56,2922791
41,57,2117434
41,58,823600
41,59,912945
41,60,562907
41,61,1585877
41,62,570337
41,63,890357
41,64,1724631
41,65,519652
41,66,684243
41,67,1064086
41,68,717362
41,69,624338
41,70,556315
41,71,2132850
41,72,735504
41,73,5662973
41,74,567675
41,75,4029449
41,76,828880
41,77,1024533
41,78,1243152
41,79,913948
41,80,559190
41,81,2298197
41,82,3796740
41,83,2158188
41,84,656372
41,85,1165204
41,86,794463
41,87,770338
41,88,686081
41,89,1075967
41,90,539708
41,91,19987245
41,92,604620
41,93,3156293
41,94,563515
41,95,1080188
41,96,681793
41,97,3784417
41,98,1076837
41,99,1026223
41,100,549478
41,101,562031
41,102,678386
41,103,1030149
41,104,701578
41,105,1080774
41,106,1911308
41,107,639387
41,108,1586224
41,109,1681468
41,110,707447
41,111,734459
41,112,751529
41,113,1758024
41,114,1597067
41,115,1197202
41,116,955975
41,117,649123
41,118,1346735
41,119,1097758
41,120,1315622
41,121,786139
41,122,634796
41,123,607008
41,124,5179091
41,125,533080
41,126,503024
41,127,5301646
42,0,773841
42,1,941990
42,2,673043
42,3,4069479
42,4,582360
42,5,536447
42,6,762702
42,7,528118
42,8,663953
42,9,1470827
42,10,631238
42,11,641191
42,12,847300
42,13,614342
42,14,586953
42,15,497258
42,16,5464363
42,17,517380
42,18,733723
42,19,885092
42,20,543170
42,21,664002
42,22,5139640
42,23,686555
42,24,640694
42,25,886027
42,26,7692695
42,27,645795
42,28,622852
42,29,795564
42,30,2210954
42,31,591514
42,32,1012871
42,33,2771484
42,34,632682
42,35,638087
42,36,525098
42,37,1477006
42,38,1775273
42,39,1255115
42,40,1877161
42,41,882300
42,43,602567
42,44,896654
42,45,1727990
42,46,496443
42,47,647223
42,48,1030412
42,49,5360030
42,50,794976
42,51,875496
42,52,779830
42,53,707391
42,54,1824618
42,55,1154564
42,56,614959
42,57,1467613
42,58,1069918
42,59,3125619
42,60,1029624
42,61,1435217
42,62,610346
42,63,570754
42,64,1409421
42,65,1495594
42,66,11630956
42,67,16684902
42,68,1632840
42,69,481504
42,70,1803030
42,71,4821196
42,72,983735
42,73,554123
42,74,1160372
42,75,1071638
42,76,677258
42,77,1471413
42,78,5579253
42,79,539463
42,80,767073
42,81,1539572
42,82,962354
42,83,1382604
42,84,533708
42,85,1452065
42,86,549830
42,87,2019129
42,88,1124714
42,89,2669863
42,90,1092780
42,91,589635
42,92,1943041
42,93,5149439
42,94,704639
42,95,518415
42,96,1934319
42,97,664590
42,98,582652
42,99,516544
42,100,29171081
42,101,634575
42,102,1216338
42,103,1828910
42,104,850360
42,105,485458
42,106,3214608
42,107,576527
42,108,533170
42,109,773979
42,110,885466
42,111,711936
42,112,2734289
42,113,17410395
42,114,1139832
42,115,920016
42,116,561326
42,117,966546
42,118,1220363
42,119,826711
42,120,780745
42,121,1342189
42,122,563684
42,123,1038370
42,124,1005842
42,125,553603
42,126,515906
42,127,1795656
43,0,763304
43,1,602685
43,2,1208752
43,3,2628051
43,4,988859
43,5,490571
43,6,1746732
43,7,551887
43,8,668389
43,9,722467
43,10,939419
43,11,951445
43,12,743672
43,13,2024522
43,14,1406501
43,15,728558
43,16,646623
43,17,1280051
43,18,513479
43,19,7229556
43,20,680653
43,21,627207
43,22,1061689
43,23,3040487
43,24,1920331
43,25,1159171
43,26,729101
43,27,1058186
43,28,517073
43,29,497105
43,30,853962
43,31,519370
43,32,911246
43,33,505606
43,34,799257
43,35,561494
43,36,684453
43,37,1301886
43,38,1096849
43,39,855343
43,40,515656
43,41,963370
43,42,944469
43,44,2089920
43,45,586767
43,46,485918
43,47,595428
43,48,897135
43,49,1670858
43,50,936228
43,51,583601
43,52,3536450
43,53,1155584
43,54,8773799
43,55,3219720
43,56,1143475
43,57,1471706
43,58,668240
43,59,708295
43,60,566201
43,61,516489
43,62,572886
43,63,574258
43,64,904129
43,65,824555
43,66,1138020
43,67,2448400
43,68,692897
43,69,959768
43,70,1800257
43,71,517045
43,72,7632655
43,73,820200
43,74,523861
43,75,761168
43,76,513863
43,77,3162837
43,78,728438
43,79,2037231
43,80,1316078
43,81,1765054
43,82,545768
43,83,876592
43,84,1196097
43,85,555823
43,86,2225718
43,87,3212909
43,88,1031333
43,89,601390
43,90,968944
43,91,647454
43,92,2613015
43,93,1375259
43,94,588440
43,95,2806074
43,96,870966
43,97,512657
43,98,1177131
43,99,584041
43,100,533259
43,101,1436604
43,102,1008841
43,103,564090
43,104,621204
43,105,502736
43,106,485361
43,107,2896963
43,108,835302
43,109,625362
43,110,5194061
43,111,523116
43,112,836369
43,113,507388
43,114,872591
43,115,975520
43,116,1670468
43,117,1091132
43,118,1407031
43,119,552533
43,120,757069
43,121,690750
43,122,748185
43,123,849252
43,124,1035968
43,125,3016689
43,126,3236892
43,127,1091282
44,0,667101
44,1,1271545
44,2,6467643
44,3,492936
44,4,2109490
44,5,1703964
44,6,1975416
44,7,582834
44,8,763907
44,9,1675162
44,10,1097910
44,11,1125997
44,12,1143808
44,13,624679
44,14,740093
44,15,592081
44,16,609740
44,17,522373
44,18,542952
44,19,540815
44,20,918592
44,21,760570
44,22,1130513
44,23,1891479
44,24,582761
44,25,1412354
44,26,1613828
44,27,516823
44,28,1853174
44,29,627508
44,30,59967759
44,31,932535
44,32,1125035
44,33,608370
44,34,762501
44,35,515380
44,36,652396
44,37,1423682
44,38,797553
44,39,4588920
44,40,1046877
44,41,540415
44,42,813340
44,43,1566376
44,45,1689025
44,46,998921
44,47,576812
44,48,2084128
44,49,634752
44,50,537752
44,51,674357
44,52,655468
44,53,729282
44,54,652114
44,55,552565
44,56,640062
44,57,555921
44,58,827192
44,59,682365
44,60,1736453
44,61,1120886
44,62,592421
44,63,492411
44,64,596772
44,65,512684
44,66,821383
44,67,521349
44,68,1555330
44,69,913245
44,70,1016172
44,71,845273
44,72,680395
44,73,1623271
44,74,1782009
44,75,530232
44,76,522174
44,77,504206
44,78,569781
44,79,752954
44,80,18732525
44,81,993922
44,82,1361074
44,83,926383
44,84,1626569
44,85,599168
44,86,833829
44,87,2411253
44,88,638580
44,89,603000
44,90,792783
44,91,4213806
44,92,1037835
44,93,665621
44,94,1303892
44,95,690323
44,96,796815
44,97,1605933
44,98,581524
44,99,2168654
44,100,3385896
44,101,1261920
44,102,1079458
44,103,500213
44,104,1645923
44,105,623233
44,106,540507
44,107,953648
44,108,1400702
44,109,868363
44,110,1245968
44,111,970205
44,112,913847
44,113,958202
44,114,995866
44,115,596041
44,116,900811
44,117,744051
44,118,893875
44,119,824157
44,120,899841
44,121,923393
44,122,755169
44,123,1172714
44,124,600062
44,125,527301
44,126,2706254
44,127,4859642
45,0,4185871
45,1,2020923
45,2,507682
45,3,558592
45,4,581089
45,5,1893544
45,6,1907620
45,7,840587
45,8,640333
45,9,1034905
45,10,819807
45,11,547886
45,12,833176
45,13,641236
45,14,657423
45,15,4336535
45,16,639612
45,17,486743
45,18,855170
45,19,12318851
45,20,1061268
45,21,520103
45,22,1539897
45,23,776962
45,24,1706006
45,25,651316
45,26,482623
45,27,488232
45,28,533648
45,29,669483
45,30,775502
45,31,711708
45,32,1147983
45,33,684558
45,34,660356
45,35,683511
45,36,1546094
45,37,507228
45,38,1167115
45,39,1014773
45,40,679569
45,41,851643
45,42,850531
45,43,613563
45,44,1051533
45,46,3517590
45,47,902955
45,48,1093080
45,49,1466449
45,50,555724
45,51,658477
45,52,1398607
45,53,518275
45,54,1698277
45,55,781238
45,56,1436326
45,57,1049199
45,58,629063
45,59,512739
45,60,518808
45,61,927731
45,62,1979978
45,63,520075
45,64,846961
45,65,30992563
45,66,486913
45,67,534337
45,68,534247
45,69,611767
45,70,843257
45,71,1004722
45,72,699867
45,73,1855641
45,74,2267490
45,75,1051808
45,76,549382
45,77,1928912
45,78,2591868
45,79,773082
45,80,73972875
45,81,858993
45,82,522830
45,83,1104015
45,84,665867
45,85,1859602
45,86,927834
45,87,1240950
45,88,665081
45,89,1033711
45,90,2590821
45,91,7704831
45,92,1316306
45,93,1059584
45,94,573132
45,95,1489239
45,96,2352356
45,97,564464
45,98,555266
45,99,1197939
45,100,985040
45,101,565620
45,102,528352
45,103,564837
45,104,536477
45,105,1425863
45,106,553440
45,107,1129865
45,108,556545
45,109,6500630
45,110,1285432
45,111,920220
45,112,1053740
45,113,1432728
45,114,808889
45,115,530527
45,116,681482
45,117,19482819
45,118,725140
45,119,805927
45,120,2148521
45,121,3791800
45,122,765655
45,123,1184636
45,124,4296916
45,125,652443
45,126,499593
45,127,1878683
46,0,585806
46,1,502631
46,2,884252
46,3,1428326
46,4,9239839
46,5,673851
46,6,717479
46,7,560490
46,8,539279
46,9,2543653
46,10,776544
46,11,4400975
46,12,504575
46,13,1393659
46,14,1144307
46,15,4026623
46,16,567606
46,17,2657606
46,18,497974
46,19,581342
46,20,1279408
46,21,700307
46,22,492536
46,23,541742
46,24,1747595
46,25,705031
46,26,1200529
46,27,519032
46,28,618272
46,29,980548
46,30,626820
46,31,562536
46,32,575001
46,33,594435
46,34,738846
46,35,525127
46,36,624381
46,37,1128895
46,38,1628040
46,39,494619
46,40,542672
46,41,1582762
46,42,649635
46,43,640017
46,44,1643288
46,45,1309051
46,47,762635
46,48,5774867
46,49,3066239
46,50,874677
46,51,2966064
46,52,4040795
46,53,591213
46,54,820515
46,55,721640
46,56,702077
46,57,533020
46,58,1085038
46,59,1610229
46,60,2473575
46,61,2579363
46,62,517548
46,63,1349865
46,64,848572
46,65,1363539
46,66,1308151
46,67,1273660
46,68,2401501
46,69,543856
46,70,608009
46,71,795050
46,72,2412144
46,73,571765
46,74,584628
46,75,895790
46,76,579067
46,77,603158
46,78,696525
46,79,706040
46,80,711022
46,81,3365014
46,82,547378
46,83,637105
46,84,484228
46,85,810418
46,86,859081
46,87,31854496
46,88,759774
46,89,1010474
46,90,1024922
46,91,490894
46,92,5275577
46,93,5249795
46,94,606289
46,95,789590
46,96,848997
46,97,483005
46,98,877415
46,99,1580004
46,100,667249
46,101,548426
46,102,4456939
46,103,934324
46,104,2767835
46,105,800149
46,106,842923
46,107,1475824
46,108,981844
46,109,1153207
46,110,588813
46,111,728016
46,112,543201
46,113,494241
46,114,551049
46,115,963483
46,116,536144
46,117,3161198
46,118,1638418
46,119,963031
46,120,831630
46,121,593901
46,122,1098365
46,123,4210681
46,124,1954070
46,125,495783
46,126,488919
46,127,1735602
47,0,550824
47,1,1142147
47,2,731282
47,3,1140823
47,4,585216
47,5,492087
47,6,12986328
47,7,519821
47,8,708691
47,9,636482
47,10,1080042
47,11,1123275
47,12,790602
47,13,550631
47,14,1181764
47,15,1436049
47,16,664198
47,17,616404
47,18,488894
47,19,986230
47,20,754842
47,21,742663
47,22,2899658
47,23,3172710
47,24,763103
47,25,1469072
47,26,755954
47,27,756938
47,28,3809152
47,29,3949280
47,30,508969
47,31,2987525
47,32,511458
47,33,734152
47,34,869707
47,35,1210827
47,36,4615614
47,37,700749
47,38,33418080
47,39,781873
47,40,768226
47,41,1515656
47,42,577883
47,43,1207060
47,44,2311877
47,45,526284
47,46,624040
47,48,966774
47,49,490547
47,50,719230
47,51,1020912
47,52,631456
47,53,3794268
47,54,1506013
47,55,639432
47,56,2032369
47,57,805775
47,58,530822
47,59,1100800
47,60,6014327
47,61,1797493
47,62,943174
47,63,863561
47,64,9096027
47,65,645061
47,66,531118
47,67,2089275
47,68,682833
47,69,488551
47,70,761568
47,71,732805
47,72,1612746
47,73,897617
47,74,738473
47,75,805095
47,76,563177
47,77,900326
47,78,555626
47,79,3027049
47,80,647685
47,81,3209515
47,82,1588658
47,83,526197
47,84,518135
47,85,5029890
47,86,530409
47,87,861095
47,88,1007839
47,89,566064
47,90,514111
47,91,802014
47,92,526139
47,93,1725469
47,94,590799
47,95,1317676
47,96,1306578
47,97,488355
47,98,578959
47,99,640603
47,100,2069490
47,101,516405
47,102,552598
47,103,917578
47,104,523345
47,105,656850
47,106,1714227
47,107,2684513
47,108,758188
47,109,516628
47,110,499335
47,111,680601
47,112,1405707
47,113,1040113
47,114,830576
47,115,736800
47,116,2494524
47,117,632989
47,118,1874124
47,119,566406
47,120,873678
47,121,1693838
47,122,522601
47,123,1547406
47,124,1266712
47,125,911545
47,126,807671
47,127,1066354
48,0,746843
48,1,2676602
48,2,514910
48,3,615825
48,4,1119141
48,5,501042
48,6,707560
48,7,766262
48,8,678540
48,9,813572
48,10,674053
48,11,29666562
48,12,537144
48,13,559822
48,14,490869
48,15,740030
48,16,1009092
48,17,1681864
48,18,3311325
48,19,812415
48,20,1003110
48,21,4137225
48,22,678745
48,23,827915
48,24,533319
48,25,828639
48,26,1438551
48,27,618564
48,28,1378793
48,29,546367
48,30,1160888
48,31,509589
48,32,1684641
48,33,853359
48,34,1290428
48,35,608491
48,36,1171309
48,37,3166120
48,38,9744870
48,39,1474056
48,40,637506
48,41,836040
48,42,646071
48,43,1185356
48,44,493563
48,45,720404
48,46,647316
48,47,1423410
48,49,571416
48,50,667794
48,51,952876
48,52,802913
48,53,559622
48,54,619986
48,55,2209490
48,56,1332496
48,57,1202201
48,58,5020595
48,59,1230462
48,60,661906
48,61,751271
48,62,565143
48,63,825911
48,64,660888
48,65,847808
48,66,2149209
48,67,10021557
48,68,956642
48,69,552274
48,70,605612
48,71,569469
48,72,3395484
48,73,3218014
48,74,1023625
48,75,1041188
48,76,780041
48,77,904913
48,78,534037
48,79,498461
48,80,727715
48,81,2772703
48,82,506243
48,83,1498947
48,84,1161060
48,85,1884289
48,86,4004179
48,87,721995
48,88,1264832
48,89,975869
48,90,507468
48,91,546146
48,92,982080
48,93,580184
48,94,1654269
48,95,728739
48,96,821067
48,97,841586
48,98,2971753
48,99,585695
48,100,573483
48,101,1379554
48,102,553830
48,103,553700
48,104,562839
48,105,1650084
48,106,534187
48,107,612378
48,108,1176599
48,109,527418
48,110,3434457
48,111,1094434
48,112,590310
48,113,1563010
48,114,656897
48,115,554678
48,116,703578
48,117,508486
48,118,622132
48,119,487425
48,120,1360583
48,121,735750
48,122,561628
48,123,975288
48,124,6834036
48,125,481291
48,126,2673228
48,127,785853
49,0,7015678
49,1,840420
49,2,932115
49,3,2183500
49,4,1158144
49,5,952545
49,6,491589
49,7,723297
49,8,16616063
49,9,1407827
49,10,1086369
49,11,594092
49,12,983972
49,13,727655
49,14,734397
49,15,610144
49,16,940061
49,17,1611666
49,18,1752357
49,19,3585698
49,20,764309
49,21,2134203
49,22,670982
49,23,2625891
49,24,824395
49,25,481172
49,26,1138678
49,27,698767
49,28,2715527
49,29,572711
49,30,2054460
49,31,1371494
49,32,1025833
49,33,634134
49,34,495529
49,35,508137
49,36,1446400
49,37,1101105
49,38,957087
49,39,6484089
49,40,1201457
49,41,508513
49,42,687612
49,43,1248392
49,44,2961813
49,45,675524
49,46,1322268
49,47,63933356
49,48,811108
49,50,614548
49,51,531978
49,52,1161748
49,53,803514
49,54,1468780
49,55,700694
49,56,1457780
49,57,673144
49,58,722941
49,59,1251438
49,60,848487
49,61,676288
49,62,620615
49,63,711650
49,64,553019
49,65,596848
49,66,677668
49,67,514276
49,68,768362
49,69,1439667
49,70,652913
49,71,3456325
49,72,500109
49,73,962466
49,74,1924611
49,75,494065
49,76,653338
49,77,860305
49,78,826391
49,79,3509280
49,80,943929
49,81,663074
49,82,1955180
49,83,701080
49,84,493889
49,85,562132
49,86,536235
49,87,5675164
49,88,2046420
49,89,612092
49,90,481362
49,91,2818664
49,92,2994756
49,93,881929
49,94,1186619
49,95,529849
49,96,1843382
49,97,766465
49,98,1409953
49,99,596387
49,100,964275
49,101,2234684
49,102,545108
49,103,1653125
49,104,675575
49,105,592876
49,106,655991
49,107,1044837
49,108,718704
49,109,492861
49,110,2200024
49,111,767344
49,112,532067
49,113,1280908
49,114,544231
49,115,1113943
49,116,4558835
49,117,779128
49,118,917983
49,119,3570546
49,120,899356
49,121,1136870
49,122,564701
49,123,496901
49,124,707730
49,125,915255
49,126,1099733
49,127,591703
50,0,607728
50,1,3206129
50,2,1532791
50,3,629497
50,4,6492348
50,5,1970879
50,6,19193646
50,7,8693213
50,8,12717275
50,9,609538
50,10,673396
50,11,2542650
50,12,4855336
50,13,1021041
50,14,1091431
50,15,821620
50,16,1446682
50,17,486330
50,18,536174
50,19,554906
50,20,1205560
50,21,974707
50,22,1479969
50,23,515103
50,24,504680
50,25,512466
50,26,599013
50,27,1352042
50,28,553311
50,29,615990
50,30,546651
50,31,509454
50,32,3189321
50,33,1283273
50,34,2420196
50,35,573624
50,36,969746
50,37,841920
50,38,556249
50,39,1572816
50,40,682781
50,41,515435
50,42,490349
50,43,724187
50,44,1595658
50,45,653385
50,46,910847
50,47,486306
50,48,507095
50,49,2813613
50,51,678078
50,52,2065081
50,53,2158882
50,54,1003358
50,55,128794256
50,56,671383
50,57,966091
50,58,1789713
50,59,2683380
50,60,1071064
50,61,504285
50,62,574117
50,63,498025
50,64,831144
50,65,947833
50,66,629150
50,67,2376212
50,68,572956
50,69,2421094
50,70,699756
50,71,1711751
50,72,1225778
50,73,702521
50,74,602882
50,75,636304
50,76,696634
50,77,718178
50,78,1470534
50,79,481599
50,80,1313575
50,81,532484
50,82,572010
50,83,550118
50,84,856209
50,85,688460
50,86,1105707
50,87,955198
50,88,3002027
50,89,1293052
50,90,521690
50,91,1284784
50,92,673194
50,93,1227530
50,94,524954
50,95,576883
50,96,5349307
50,97,2342296
50,98,1573157
50,99,1112535
50,100,609902
50,101,1984563
50,102,32772308
50,103,605533
50,104,490052
50,105,603592
50,106,5058010
50,107,2038451
50,108,722645
50,109,740468
50,110,799108
50,111,667595
50,112,834483
50,113,754451
50,114,2950545
50,115,1800719
50,116,709655
50,117,608531
50,118,690643
50,119,525734
50,120,2692477
50,121,1041862
50,122,2766621
50,123,1153377
50,124,1501396
50,125,515297
50,126,499722
50,127,1244558
51,0,930126
51,1,750174
51,2,661372
51,3,543981
51,4,829122
51,5,1169033
51,6,520867
51,7,1305010
51,8,1515970
51,9,3688984
51,10,2456727
51,11,964501
51,12,1138843
51,13,747929
51,14,820988
51,15,697781
51,16,1994967
51,17,1464126
51,18,4380394
51,19,1106632
51,20,690430
51,21,2139632
51,22,2659825
51,23,10657029
51,24,666903
51,25,6724654
51,26,626304
51,27,508003
51,28,13268536
51,29,1518482
51,30,2645475
51,31,1298557
51,32,1067491
51,33,535209
51,34,956530
51,35,2122768
51,36,2433751
51,37,1261091
51,38,7240108
51,39,1236374
51,40,2455799
51,41,895502
51,42,3199382
51,43,727896
51,44,12460448
51,45,2110150
51,46,858470
51,47,3149779
51,48,538545
51,49,986587
51,50,501302
51,52,522944
51,53,503391
51,54,730736
51,55,542641
51,56,638714
51,57,538270
51,58,631194
51,59,502344
51,60,571835
51,61,650942
51,62,1060285
51,63,577061
51,64,1252661
51,65,8461128
51,66,610023
51,67,1326431
51,68,1718372
51,69,1336496
51,70,693975
51,71,804266
51,72,764175
51,73,704359
51,74,704695
51,75,519539
51,76,611563
51,77,628674
51,78,6706805
51,79,558924
51,80,7680602
51,81,527826
51,82,546020
51,83,1090534
51,84,722704
51,85,722763
51,86,2061944
51,87,484758
51,88,910648
51,89,496799
51,90,735627
51,91,550599
51,92,647917
51,93,1121840
51,94,671835
51,95,737357
51,96,617482
51,97,542486
51,98,560590
51,99,606848
51,100,3111323
51,101,1277486
51,102,810724
51,103,3316790
51,104,1868084
51,105,1666967
51,106,1130351
51,107,7930899
51,108,2804822
51,109,715100
51,110,667942
51,111,3256021
51,112,519962
51,113,492761
51,114,1100190
51,115,680860
51,116,3325943
51,117,617856
51,118,913747
51,119,1169383
51,120,1733904
51,121,1041727
51,122,505951
51,123,562469
51,124,2277622
51,125,927004
51,126,2483048
51,127,522088
52,0,4666127
52,1,1302108
52,2,503207
52,3,528323
52,4,2194245
52,5,673649
52,6,1205373
52,7,590836
52,8,495124
52,9,738784
52,10,522630
52,11,531563
52,12,5481257
52,13,585143
52,14,664296
52,15,557798
52,16,5626749
52,17,557401
52,18,848232
52,19,1648190
52,20,755299
52,21,8957155
52,22,691822
52,23,2377074
52,24,512521
52,25,1048378
52,26,821857
52,27,774117
52,28,1254705
52,29,633297
52,30,495049
52,31,571381
52,32,517659
52,33,34442433
52,34,970320
52,35,618731
52,36,4179720
52,37,1551027
52,38,622767
52,39,948160
52,40,2700494
52,41,601351
52,42,2548687
52,43,500757
52,44,699811
52,45,1097303
52,46,629280
52,47,713831
52,48,710566
52,49,1230854
52,50,596349
52,51,1935948
52,53,193809694
52,54,947071
52,55,622090
52,56,1092030
52,57,2333159
52,58,972392
52,59,565928
52,60,1263166
52,61,1217293
52,62,482218
52,63,1048515
52,64,665670
52,65,2393588
52,66,4812745
52,67,885746
52,68,512548
52,69,725021
52,70,955641
52,71,2888913
52,72,699151
52,73,1249811
52,74,2041508
52,75,807899
52,76,1054017
52,77,898003
52,78,3965571
52,79,565655
52,80,2106857
52,81,1453204
52,82,551017
52,83,757859
52,84,508862
52,85,1206684
52,86,581778
52,87,1157631
52,88,487572
52,89,602371
52,90,998431
52,91,4961105
52,92,909157
52,93,580907
52,94,2624813
52,95,1531506
52,96,808279
52,97,632200
52,98,1213861
52,99,1390812
52,100,2340628
52,101,565075
52,102,1413960
52,103,501484
52,104,2250571
52,105,703690
52,106,538392
52,107,529408
52,108,861974
52,109,569504
52,110,814966
52,111,624509
52,112,913145
52,113,680136
52,114,1977694
52,115,1058466
52,116,495580
52,117,809806
52,118,485385
52,119,1496811
52,120,491962
52,121,522744
52,122,712051
52,123,864446
52,124,815354
52,125,586065
52,126,1031465
52,127,895214
53,0,514965
53,1,2510012
53,2,2880914
53,3,4471181
53,4,486889
53,5,1607005
53,6,2176402
53,7,1102788
53,8,502684
53,9,486792
53,10,2105543
53,11,1159685
53,12,493287
53,13,505765
53,14,945443
53,15,661712
53,16,570998
53,17,1044024
53,18,2545664
53,19,550086
53,20,998799
53,21,555397
53,22,979608
53,23,666064
53,24,1749323
53,25,509670
53,26,914249
53,27,753149
53,28,481267
53,29,507442
53,30,682521
53,31,990059
53,32,654377
53,33,496519
53,34,3247294
53,35,3366901
53,36,1178019
53,37,484300
53,38,572500
53,39,651691
53,40,825192
53,41,2152652
53,42,898196
53,43,1646678
53,44,1631730
53,45,970435
53,46,1295028
53,47,559656
53,48,1708873
53,49,619776
53,50,1338624
53,51,679157
53,52,1107869
53,54,541680
53,55,752500
53,56,5986620
53,57,1006340
53,58,4366793
53,59,1088001
53,60,616445
53,61,564396
53,62,548235
53,63,798293
53,64,1008214
53,65,5129883
53,66,3488698
53,67,968372
53,68,483892
53,69,535540
53,70,900908
53,71,923084
53,72,538697
53,73,545171
53,74,588104
53,75,536689
53,76,524119
53,77,1056932
53,78,1358865
53,79,4485526
53,80,715331
53,81,2499340
53,82,545422
53,83,1089340
53,84,1110041
53,85,558692
53,86,713485
53,87,587435
53,88,1015154
53,89,947398
53,90,1825094
53,91,941775
53,92,714984
53,93,618940
53,94,2577292
53,95,548553
53,96,5322710
53,97,1103554
53,98,1240151
53,99,493237
53,100,486938
53,101,585290
53,102,789373
53,103,590160
53,104,4646552
53,105,489781
53,106,1687827
53,107,1717126
53,108,1078583
53,109,731465
53,110,614877
53,111,831225
53,112,540353
53,113,648426
53,114,1030543
53,115,576313
53,116,974243
53,117,212959743
53,118,1368748
53,119,1485036
53,120,915658
53,121,1494075
53,122,1336968
53,123,1404914
53,124,851985
53,125,1542174
53,126,1030938
53,127,629193
54,0,1106169
54,1,1120568
54,2,538514
54,3,988260
54,4,870516
54,5,630235
54,6,621668
54,7,2001971
54,8,618189
54,9,687506
54,10,534307
54,11,2161664
54,12,1703556
54,13,737604
54,14,1340048
54,15,1376014
54,16,1183916
54,17,8889489
54,18,733417
54,19,703077
54,20,547537
54,21,597311
54,22,691125
54,23,2957576
54,24,987304
54,25,1148990
54,26,770201
54,27,1048788
54,28,3846945
54,29,1780657
54,30,2798580
54,31,1983414
54,32,3513430
54,33,655373
54,34,2527696
54,35,1051120
54,36,2526707
54,37,965068
54,38,561796
54,39,852500
54,40,13564928
54,41,1018088
54,42,942959
54,43,492711
54,44,1184276
54,45,1242350
54,46,534938
54,47,664884
54,48,1545767
54,49,784284
54,50,1482647
54,51,1206872
54,52,925659
54,53,509697
54,55,612949
54,56,1245363
54,57,2431934
54,58,537205
54,59,519877
54,60,1461234
54,61,810341
54,62,3755208
54,63,1147647
54,64,889884
54,65,1790169
54,66,2064453
54,67,626562
54,68,1189699
54,69,600960
54,70,2875608
54,71,842839
54,72,889034
54,73,594206
54,74,950786
54,75,640468
54,76,1092480
54,77,678848
54,78,2866376
54,79,645565
54,80,555037
54,81,1416646
54,82,790385
54,83,974127
54,84,758254
54,85,567538
54,86,938459
54,87,2516856
54,88,1246573
54,89,1272602
54,90,1522901
54,91,3515508
54,92,2354886
54,93,2652077
54,94,1012618
54,95,536962
54,96,482361
54,97,823441
54,98,699922
54,99,656182
54,100,1249406
54,101,532008
54,102,1213291
54,103,692627
54,104,548904
54,105,607168
54,106,933376
54,107,1573497
54,108,578098
54,109,732134
54,110,1110974
54,111,807291
54,112,585548
54,113,17800553
54,114,655658
54,115,1955736
54,116,590460
54,117,603197
54,118,2302202
54,119,503837
54,120,27153015
54,121,589598
54,122,795417
54,123,886402
54,124,2538643
54,125,691286
54,126,690804
54,127,502240
55,0,2314310
55,1,493462
55,2,2306222
55,3,6918742
55,4,1793365
55,5,2705099
55,6,1695046
55,7,489756
55,8,608130
55,9,932640
55,10,3146533
55,11,6179429
55,12,892540
55,13,1662710
55,14,665917
55,15,828317
55,16,977501
55,17,523373
55,18,857686
55,19,603789
55,20,1215765
55,21,829606
55,22,2025123
55,23,1654650
55,24,9426979
55,25,486233
55,26,1238359
55,27,821778
55,28,2397977
55,29,621331
55,30,1136215
55,31,681223
55,32,1167463
55,33,803815
55,34,620195
55,35,519764
55,36,2638911
55,37,30446431
55,38,958761
55,39,2230938
55,40,2759362
55,41,592308
55,42,1784267
55,43,5458758
55,44,1353012
55,45,972046
55,46,1367006
55,47,2343130
55,48,946528
55,49,3350009
55,50,568951
55,51,775433
55,52,562570
55,53,827112
55,54,588589
55,56,508593
55,57,485821
55,58,1546422
55,59,552436
55,60,511621
55,61,33091650
55,62,943282
55,63,5932056
55,64,593483
55,65,2434661
55,66,723356
55,67,930962
55,68,10581957
55,69,1242150
55,70,3538559
55,71,527097
55,72,1885312
55,73,992470
55,74,525647
55,75,510021
55,76,513973
55,77,1874630
55,78,2086055
55,79,765049
55,80,6092035
55,81,1474645
55,82,2601336
55,83,1101869
55,84,862678
55,85,503260
55,86,6077738
55,87,526661
55,88,7391567
55,89,1285648
55,90,669583
55,91,2111470
55,92,505500
55,93,525965
55,94,562065
55,95,698493
55,96,493663
55,97,564023
55,98,879896
55,99,554319
55,100,1949641
55,101,601743
55,102,766938
55,103,793001
55,104,1224031
55,105,482027
55,106,1388492
55,107,672388
55,108,740718
55,109,802763
55,110,581415
55,111,1566713
55,112,620489
55,113,1303446
55,114,657950
55,115,3098737
55,116,874041
55,117,2138952
55,118,765183
55,119,563143
55,120,1854653
55,121,619399
55,122,484565
55,123,566988
55,124,1199788
55,125,540477
55,126,1171660
55,127,1194811
56,0,740343
56,1,721287
56,2,539493
56,3,709542
56,4,6653891
56,5,506296
56,6,610427
56,7,1255525
56,8,1114727
56,9,1087704
56,10,1063804
56,11,621457
56,12,570371
56,13,1200715
56,14,522773
56,15,663221
56,16,579463
56,17,5174122
56,18,2195686
56,19,2720190
56,20,651598
56,21,3086266
56,22,708125
56,23,704024
56,24,2373629
56,25,3291461
56,26,3632033
56,27,1617445
56,28,1489540
56,29,666705
56,30,1583107
56,31,1179442
56,32,1226556
56,33,486767
56,34,7166962
56,35,2484000
56,36,922777
56,37,829042
56,38,544200
56,39,550920
56,40,551467
56,41,482862
56,42,5730766
56,43,1007464
56,44,3046502
56,45,1923539
56,46,576278
56,47,3302263
56,48,2647672
56,49,949909
56,50,532752
56,51,895310
56,52,513946
56,53,534517
56,54,759907
56,55,693274
56,57,519257
56,58,1141982
56,59,1498336
56,60,9582960
56,61,1929991
56,62,681637
56,63,726096
56,64,893684
56,65,797627
56,66,819336
56,67,25072816
56,68,606489
56,69,968486
56,70,4750410
56,71,9167298
56,72,1648568
56,73,979256
56,74,624466
56,75,608170
56,76,1590402
56,77,8103711
56,78,965409
56,79,483772
56,80,800670
56,81,2634555
56,82,649821
56,83,1376519
56,84,501770
56,85,523030
56,86,2102921
56,87,1349382
56,88,2849406
56,89,726695
56,90,38896423
56,91,575603
56,92,951884
56,93,1543152
56,94,558294
56,95,926590
56,96,1917667
56,97,1843869
56,98,748633
56,99,746971
56,100,901784
56,101,3361249
56,102,2689057
56,103,552727
56,104,583272
56,105,568433
56,106,1658094
56,107,1081800
56,108,13227377
56,109,510969
56,110,700970
56,111,738163
56,112,1698681
56,113,490373
56,114,1946335
56,115,732683
56,116,1386950
56,117,2898310
56,118,818395
56,119,1334140
56,120,2467930
56,121,547093
56,122,562098
56,123,1545439
56,124,510996
56,125,1061971
56,126,697890
56,127,762902
57,0,682261
57,1,743041
57,2,579427
57,3,718120
57,4,3857166
57,5,511566
57,6,1261713
57,7,657471
57,8,1303222
57,9,520357
57,10,1515343
57,11,1536334
57,12,495681
57,13,3760041
57,14,2822466
57,15,663026
57,16,1154055
57,17,1632470
57,18,518555
57,19,1259642
57,20,13065573
57,21,1291738
57,22,1073221
57,23,688991
57,24,883879
57,25,678797
57,26,1907094
57,27,1978835
57,28,1394178
57,29,819729
57,30,1919798
57,31,985159
57,32,923495
57,33,566338
57,34,713716
57,35,490423
57,36,964728
57,37,1008465
57,38,517408
57,39,980430
57,40,535299
57,41,1049747
57,42,2776367
57,43,1045652
57,44,787788
57,45,1198309
57,46,1305905
57,47,588141
57,48,567332
57,49,542393
57,50,582324
57,51,978670
57,52,481315
57,53,1617083
57,54,1173947
57,55,493312
57,56,1745009
57,58,1180870
57,59,7527194
57,60,29416474
57,61,775641
57,62,3263040
57,63,1563346
57,64,1710516
57,65,7550346
57,66,962805
57,67,585843
57,68,1033049
57,69,747035
57,70,1430523
57,71,506828
57,72,1016683
57,73,858644
57,74,593978
57,75,2531665
57,76,1471120
57,77,721110
57,78,548999
57,79,596118
57,80,756413
57,81,849763
57,82,1269229
57,83,2262847
57,84,1301218
57,85,2817399
57,86,1238956
57,87,1142313
57,88,493136
57,89,2287858
57,90,549638
57,91,501796
57,92,1257580
57,93,1395217
57,94,612868
57,95,2344802
57,96,586916
57,97,632726
57,98,524925
57,99,586582
57,100,597967
57,101,514827
57,102,1193895
57,103,579968
57,104,663514
57,105,995258
57,106,677156
57,107,1987440
57,108,509913
57,109,543825
57,110,682625
57,111,14757863
57,112,2953353
57,113,1186438
57,114,707222
57,115,1311535
57,116,929604
57,117,492811
57,118,1206497
57,119,819179
57,120,2068859
57,121,5086486
57,122,520018
57,123,1792908
57,124,1075822
57,125,627422
57,126,2170058
57,127,736491
58,0,1542825
58,1,609054
58,2,1253682
58,3,1014646
58,4,485554
58,5,524033
58,6,1319050
58,7,2861130
58,8,2482097
58,9,1094584
58,10,1000765
58,11,710680
58,12,520527
58,13,530941
58,14,596541
58,15,994407
58,16,666409
58,17,2327386
58,18,606329
58,19,3914493
58,20,556578
58,21,740280
58,22,669832
58,23,1124074
58,24,757595
58,25,1442744
58,26,3764888
58,27,553961
58,28,617565
58,29,4496353
58,30,1675555
58,31,857077
58,32,1691027
58,33,994529
58,34,596964
58,35,571486
58,36,1776168
58,37,842170
58,38,906290
58,39,2607692
58,40,2295802
58,41,658766
58,42,737480
58,43,571067
58,44,743293
58,45,1466158
58,46,796078
58,47,2544658
58,48,544075
58,49,1209883
58,50,566920
58,51,586804
58,52,528733
58,53,520188
58,54,601625
58,55,532246
58,56,927419
58,57,4055080
58,59,669284
58,60,517743
58,61,660259
58,62,1939214
58,63,662392
58,64,799405
58,65,483964
58,66,484999
58,67,1215193
58,68,502031
58,69,529084
58,70,2984643
58,71,10459445
58,72,28693838
58,73,856990
58,74,835548
58,75,1228115
58,76,746143
58,77,4290392
58,78,1050433
58,79,730250
58,80,1151685
58,81,2823736
58,82,649030
58,83,909356
58,84,520273
58,85,675423
58,86,648891
58,87,566611
58,88,1066212
58,89,858819
58,90,591062
58,91,1549378
58,92,481243
58,93,1757586
58,94,850019
58,95,498410
58,96,702743
58,97,7778562
58,98,808127
58,99,4131233
58,100,690911
58,101,607448
58,102,910548
58,103,644694
58,104,829445
58,105,2539643
58,106,553473
58,107,813727
58,108,2618363
58,109,655706
58,110,4164431
58,111,1763291
58,112,799702
58,113,1089489
58,114,671333
58,115,7177310
58,116,6246851
58,117,6787977
58,118,525069
58,119,1133600
58,120,890073
58,121,1270702
58,122,710395
58,123,483149
58,124,3743187
58,125,520160
58,126,689097
58,127,654188
59,0,799628
59,1,867290
59,2,2788658
59,3,527447
59,4,1426137
59,5,502083
59,6,776892
59,7,522060
59,8,1329456
59,9,720051
59,10,945226
59,11,589710
59,12,623573
59,13,3153032
59,14,1013124
59,15,551210
59,16,480841
59,17,635993
59,18,560924
59,19,600374
59,20,976917
59,21,1002615
59,22,595543
59,23,875679
59,24,1053464
59,25,639702
59,26,516711
59,27,1062252
59,28,920322
59,29,979725
59,30,731039
59,31,541990
59,32,658573
59,33,718412
59,34,860831
59,35,568674
59,36,1233804
59,37,1093231
59,38,1218251
59,39,2988968
59,40,481481
59,41,518780
59,42,749467
59,43,747545
59,44,649681
59,45,1850715
59,46,585659
59,47,1037969
59,48,506216
59,49,512821
59,50,710281
59,51,518667
59,52,1052773
59,53,1876147
59,54,558957
59,55,489288
59,56,1380823
59,57,610995
59,58,1132623
59,60,26947893
59,61,499516
59,62,637908
59,63,485192
59,64,1820822
59,65,789445
59,66,745190
59,67,7970040
59,68,2087986
59,69,4363407
59,70,520895
59,71,771913
59,72,2773923
59,73,1178552
59,74,1064369
59,75,539616
59,76,610508
59,77,650895
59,78,629974
59,79,5317426
59,80,525473
59,81,481457
59,82,2884907
59,83,561025
59,84,617689
59,85,515076
59,86,6890245
59,87,484902
59,88,735012
59,89,942205
59,90,676441
59,91,585585
59,92,1067776
59,93,513836
59,94,886777
59,95,25603937
59,96,2256690
59,97,551983
59,98,589411
59,99,2568019
59,100,1087555
59,101,605453
59,102,2215360
59,103,506509
59,104,1661553
59,105,793878
59,106,524867
59,107,4925276
59,108,780956
59,109,691071
59,110,840337
59,111,573448
59,112,815198
59,113,529554
59,114,981490
59,115,1015918
59,116,564973
59,117,494393
59,118,1668910
59,119,838513
59,120,2960399
59,121,7943898
59,122,1074953
59,123,853876
59,124,2769050
59,125,2126788
59,126,696199
59,127,500058
60,0,991624
60,1,609256
60,2,1708053
60,3,754907
60,4,8940130
60,5,580546
60,6,5498268
60,7,864091
60,8,586508
60,9,897810
60,10,837605
60,11,564735
60,12,595850
60,13,1992644
60,14,28009955
60,15,1713401
60,16,1993805
60,17,3938502
60,18,500912
60,19,1291957
60,20,972277
60,21,552048
60,22,716200
60,23,1672421
60,24,1060566
60,25,1075387
60,26,6042325
60,27,6142674
60,28,963144
60,29,4155317
60,30,609498
60,31,503470
60,32,1679887
60,33,1163301
60,34,808432
60,35,789879
60,36,1187523
60,37,642369
60,38,781097
60,39,527680
60,40,703133
60,41,732989
60,42,5260074
60,43,2271375
60,44,660018
60,45,569366
60,46,807595
60,47,717887
60,48,513287
60,49,548045
60,50,539187
60,51,2964645
60,52,1107250
60,53,662636
60,54,847554
60,55,693112
60,56,2371054
60,57,1540547
60,58,728317
60,59,635372
60,61,556183
60,62,1025052
60,63,2172872
60,64,971240
60,65,667299
60,66,4521846
60,67,577026
60,68,770270
60,69,731404
60,70,1185897
60,71,524983
60,72,916364
60,73,1712163
60,74,550856
60,75,2095748
60,76,814656
60,77,2797336
60,78,2409473
60,79,1333435
60,80,686661
60,81,636838
60,82,605572
60,83,852758
60,84,1465286
60,85,565041
60,86,615701
60,87,1234001
60,88,1738583
60,89,2479249
60,90,538911
60,91,30181390
60,92,2666507
60,93,1034374
60,94,596233
60,95,815121
60,96,581234
60,97,768702
60,98,581052
60,99,709201
60,100,688725
60,101,550439
60,102,835220
60,103,501068
60,104,1219594
60,105,483077
60,106,617897
60,107,1121045
60,108,697016
60,109,781944
60,110,489460
60,111,488821
60,112,1705597
60,113,543700
60,114,515490
60,115,4066590
60,116,2691336
60,117,1647812
60,118,1101411
60,119,2555771
60,120,506376
60,121,669982
60,122,861886
60,123,832362
60,124,559689
60,125,698822
60,126,1207623
60,127,599245
61,0,1035702
61,1,528176
61,2,704192
61,3,1079020
61,4,1145307
61,5,503995
61,6,601468
61,7,1075243
61,8,1268598
61,9,539923
61,10,1719203
61,11,553895
61,12,903052
61,13,559722
61,14,666311
61,15,12605761
61,16,695546
61,17,853101
61,18,803740
61,19,15775867
61,20,727415
61,21,525820
61,22,487743
61,23,1617808
61,24,717537
61,25,2737839
61,26,519736
61,27,768634
61,28,704863
61,29,1218059
61,30,5852274
61,31,721758
61,32,903248
61,33,820358
61,34,482004
61,35,491564
61,36,640243
61,37,961565
61,38,752435
61,39,2144408
61,40,1346255
61,41,723534
61,42,1757149
61,43,494872
61,44,721228
61,45,1351558
61,46,719934
61,47,973896
61,48,3484614
61,49,902271
61,50,1523218
61,51,538240
61,52,808965
61,53,776683
61,54,1497421
61,55,558261
61,56,2008441
61,57,716839
61,58,1431349
61,59,481125
61,60,3476478
61,62,791473
61,63,490844
61,64,534908
61,65,910150
61,66,1142645
61,67,1046196
61,68,726575
61,69,1064935
61,70,1008590
61,71,588402
61,72,2443801
61,73,1721703
61,74,725618
61,75,2108831
61,76,481007
61,77,542828
61,78,515989
61,79,1038638
61,80,684662
61,81,2750947
61,82,868721
61,83,629367
61,84,598354
61,85,793366
61,86,790457
61,87,6871393
61,88,1686630
61,89,3446346
61,90,769178
61,91,759509
61,92,19781983
61,93,705479
61,94,751852
61,95,529055
61,96,553538
61,97,524493
61,98,1737730
61,99,3057094
61,100,658669
61,101,1146476
61,102,838017
61,103,576669
61,104,944577
61,105,1100343
61,106,1760214
61,107,618147
61,108,676594
61,109,576598
61,110,2279975
61,111,3387809
61,112,651879
61,113,549990
61,114,554775
61,115,1156266
61,116,640829
61,117,668439
61,118,3416796
61,119,645519
61,120,1223644
61,121,1031597
61,122,501979
61,123,1947987
61,124,9913069
61,125,1031861
61,126,877598
61,127,1299886
62,0,504364
62,1,1203691
62,2,2791131
62,3,485990
62,4,814346
62,5,4182793
62,6,492661
62,7,942636
62,8,663758
62,9,497513
62,10,1108799
62,11,1003606
62,12,649728
62,13,573659
62,14,546556
62,15,3811646
62,16,1522268
62,17,674003
62,18,499103
62,19,1608078
62,20,531889
62,21,589785
62,22,847723
62,23,1140492
62,24,655136
62,25,1733480
62,26,1551357
62,27,570476
62,28,617814
62,29,728860
62,30,982906
62,31,967686
62,32,1223257
62,33,542114
62,34,2052598
62,35,728137
62,36,9484798
62,37,769860
62,38,3762463
62,39,597234
62,40,2570073
62,41,501640
62,42,2184212
62,43,533857
62,44,667002
62,45,1111598
62,46,3116072
62,47,484372
62,48,768906
62,49,1798874
62,50,646946
62,51,4411348
62,52,495200
62,53,1256552
62,54,531919
62,55,653008
62,56,560623
62,57,1268179
62,58,3645520
62,59,1105861
62,60,641055
62,61,609700
62,63,714869
62,64,1665029
62,65,520470
62,66,630496
62,67,507281
62,68,654662
62,69,4734093
62,70,575816
62,71,494317
62,72,887434
62,73,1673203
62,74,518611
62,75,642414
62,76,854048
62,77,508943
62,78,1490143
62,79,1677915
62,80,1061830
62,81,499026
62,82,3092488
62,83,481694
62,84,1024792
62,85,892445
62,86,613399
62,87,902759
62,88,3169411
62,89,21947904
62,90,644877
62,91,754320
62,92,664492
62,93,3405134
62,94,984684
62,95,1332262
62,96,1589355
62,97,508298
62,98,813649
62,99,546967
62,100,1741575
62,101,1039174
62,102,654756
62,103,570302
62,104,8328432
62,105,1109419
62,106,1139502
62,107,745064
62,108,885279
62,109,570789
62,110,611645
62,111,878516
62,112,1418533
62,113,550888
62,114,520980
62,115,11361766
62,116,915154
62,117,9828160
62,118,898099
62,119,9543422
62,120,730069
62,121,679930
62,122,1578629
62,123,977384
62,124,10223733
62,125,525242
62,126,620070
62,127,498179
63,0,2566993
63,1,820752
63,2,858906
63,3,12180824
63,4,562806
63,5,2416610
63,6,526632
63,7,635195
63,8,3922459
63,9,831549
63,10,4107460
63,11,591288
63,12,630801
63,13,744557
63,14,1283920
63,15,850189
63,16,831874
63,17,483101
63,18,813186
63,19,845526
63,20,550535
63,21,1057349
63,22,547157
63,23,926279
63,24,643552
63,25,778568
63,26,1015790
63,27,2222006
63,28,595313
63,29,594778
63,30,12532631
63,31,652866
63,32,1788348
63,33,836863
63,34,2203654
63,35,1217868
63,36,1059025
63,37,558725
63,38,775780
63,39,792418
63,40,1442183
63,41,590535
63,42,557269
63,43,626605
63,44,550246
63,45,490745
63,46,868005
63,47,734827
63,48,517464
63,49,1055680
63,50,730493
63,51,1201086
63,52,497923
63,53,1240351
63,54,482504
63,55,543357
63,56,738597
63,57,850275
63,58,1537628
63,59,1114100
63,60,495352
63,61,614794
63,62,502005
63,64,666114
63,65,649402
63,66,776266
63,67,560122
63,68,553213
63,69,956086
63,70,1889933
63,71,535239
63,72,548331
63,73,818708
63,74,581488
63,75,605135
63,76,14450402
63,77,1329689
63,78,1431073
63,79,865599
63,80,1232229
63,81,1082975
63,82,900617
63,83,541031
63,84,1494379
63,85,1090385
63,86,3418748
63,87,804794
63,88,2063197
63,89,820909
63,90,602961
63,91,3052545
63,92,3235165
63,93,1375007
63,94,560356
63,95,750754
63,96,612990
63,97,677924
63,98,2005494
63,99,1132298
63,100,1022073
63,101,1475234
63,102,767548
63,103,1234396
63,104,507896
63,105,499490
63,106,861798
63,107,1621810
63,108,1189881
63,109,807215
63,110,1131973
63,111,712853
63,112,626906
63,113,503785
63,114,481576
63,115,571242
63,116,630061
63,117,750432
63,118,571626
63,119,492286
63,120,797184
63,121,486354
63,122,1247381
63,123,2273713
63,124,1249000
63,125,569955
63,126,842087
63,127,617025
64,0,2211687
64,1,1511907
64,2,2546671
64,3,572255
64,4,979491
64,5,759642
64,6,564565
64,7,2357422
64,8,532424
64,9,1036368
64,10,1030807
64,11,571695
64,12,2481147
64,13,569539
64,14,1794739
64,15,2240706
64,16,609861
64,17,888846
64,18,918694
64,19,976568
64,20,2048886
64,21,519905
64,22,949252
64,23,1287816
64,24,1028444
64,25,598974
64,26,509751
64,27,1292176
64,28,874404
64,29,541649
64,30,554743
64,31,1114413
64,32,518583
64,33,650568
64,34,675016
64,35,575355
64,36,782015
64,37,584077
64,38,673598
64,39,14253293
64,40,563244
64,41,703411
64,42,1395737
64,43,620447
64,44,834401
64,45,662198
64,46,1509730
64,47,604382
64,48,910250
64,49,1471999
64,50,751141
64,51,581161
64,52,1000888
64,53,517911
64,54,1404122
64,55,654899
64,56,1073653
64,57,543669
64,58,4089832
64,59,599479
64,60,984328
64,61,45549053
64,62,3081618
64,63,488257
64,65,1124234
64,66,3109743
64,67,2384864
64,68,1115355
64,69,1015027
64,70,561695
64,71,1193346
64,72,1886337
64,73,5120167
64,74,1683053
64,75,701966
64,76,513506
64,77,712739
64,78,4800131
64,79,736676
64,80,3540672
64,81,530320
64,82,1869590
64,83,564362
64,84,5918589
64,85,905995
64,86,961453
64,87,630279
64,88,485289
64,89,566886
64,90,1304562
64,91,1403859
64,92,5209129
64,93,783218
64,94,644008
64,95,1036901
64,96,697234
64,97,781379
64,98,498051
64,99,495175
64,100,685450
64,101,902564
64,102,1201272
64,103,536932
64,104,10810830
64,105,588179
64,106,602921
64,107,1586919
64,108,571311
64,109,667645
64,110,885653
64,111,488110
64,112,646716
64,113,651363
64,114,1194628
64,115,775363
64,116,886870
64,117,556907
64,118,1018216
64,119,761035
64,120,482194
64,121,899937
64,122,4261308
64,123,557467
64,124,500187
64,125,538209
64,126,550567
64,127,498872
65,0,513698
65,1,5306894
65,2,601194
65,3,949799
65,4,482528
65,5,792491
65,6,539585
65,7,672791
65,8,657280
65,9,2329032
65,10,555168
65,11,2902358
65,12,875588
65,13,505659
65,14,836781
65,15,13351724
65,16,529819
65,17,514661
65,18,875861
65,19,780111
65,20,665130
65,21,1190790
65,22,592724
65,23,958649
65,24,689523
65,25,1548392
65,26,1730519
65,27,6347219
65,28,497743
65,29,630540
65,30,631412
65,31,936970
65,32,1603440
65,33,489337
65,34,586841
65,35,569262
65,36,836534
65,37,1543478
65,38,572360
65,39,1701521
65,40,933586
65,41,993074
65,42,1011103
65,43,1520372
65,44,527010
65,45,685397
65,46,550760
65,47,1113786
65,48,1006091
65,49,577848
65,50,1587614
65,51,925762
65,52,640423
65,53,1267340
65,54,705199
65,55,635726
65,56,687030
65,57,626433
65,58,688938
65,59,529319
65,60,1209129
65,61,539892
65,62,509212
65,63,951994
65,64,622894
65,66,1011860
65,67,797997
65,68,589261
65,69,504865
65,70,1082387
65,71,527593
65,72,872139
65,73,503417
65,74,622555
65,75,3226564
65,76,769724
65,77,657041
65,78,914550
65,79,549350
65,80,2484952
65,81,3577022
65,82,1328290
65,83,963822
65,84,556019
65,85,530261
65,86,484541
65,87,1549049
65,88,940489
65,89,927523
65,90,900131
65,91,767412
65,92,697562
65,93,787860
65,94,1022848
65,95,2233184
65,96,2793609
65,97,3592235
65,98,636259
65,99,2289441
65,100,1015663
65,101,10155328
65,102,509077
65,103,770406
65,104,1380315
65,105,684086
65,106,825671
65,107,544732
65,108,642233
65,109,1946885
65,110,630627
65,111,1058885
65,112,11914934
65,113,554417
65,114,1181585
65,115,1096547
65,116,802464
65,117,1109575
65,118,516378
65,119,558095
65,120,5338632
65,121,534817
65,122,504786
65,123,748889
65,124,713026
65,125,755430
65,126,2457657
65,127,718587
66,0,895119
66,1,1850225
66,2,581887
66,3,670082
66,4,1176422
66,5,2326564
66,6,732561
66,7,1110507
66,8,693489
66,9,7095458
66,10,725977
66,11,58765375
66,12,782581
66,13,1527031
66,14,1999046
66,15,534367
66,16,641326
66,17,1565701
66,18,6063517
66,19,6559280
66,20,1037301
66,21,679363
66,22,2699345
66,23,529672
66,24,584848
66,25,1164511
66,26,804191
66,27,581633
66,28,519286
66,29,651129
66,30,826151
66,31,531592
66,32,1033844
66,33,12146859
66,34,816910
66,35,1053187
66,36,1137691
66,37,623445
66,38,689683
66,39,597542
66,40,1123914
66,41,3073907
66,42,1162093
66,43,1209694
66,44,855689
66,45,899066
66,46,698328
66,47,658958
66,48,611807
66,49,896078
66,50,501614
66,51,554156
66,52,2241462
66,53,810035
66,54,532901
66,55,1237366
66,56,1753661
66,57,533887
66,58,810801
66,59,729464
66,60,657567
66,61,580004
66,62,3581354
66,63,653479
66,64,676492
66,65,563481
66,67,8372141
66,68,715563
66,69,842755
66,70,878975
66,71,697836
66,72,584518
66,73,3383986
66,74,714522
66,75,576385
66,76,1822244
66,77,824316
66,78,785782
66,79,745952
66,80,547442
66,81,6426934
66,82,1065077
66,83,494695
66,84,548140
66,85,2219047
66,86,1421509
66,87,24565858
66,88,607648
66,89,497871
66,90,508620
66,91,620994
66,92,516128
66,93,2742589
66,94,16216066
66,95,1965240
66,96,529584
66,97,693543
66,98,1052497
66,99,740843
66,100,533797
66,101,714176
66,102,1324114
66,103,552016
66,104,493011
66,105,1066780
66,106,599051
66,107,591439
66,108,695112
66,109,924112
66,110,1581381
66,111,493412
66,112,665572
66,113,554449
66,114,558327
66,115,532662
66,116,1004598
66,117,3414846
66,118,2192086
66,119,1148486
66,120,2719022
66,121,641100
66,122,573026
66,123,1012365
66,124,931905
66,125,482385
66,126,637462
66,127,733662
67,0,756609
67,1,661858
67,2,7766164
67,3,1231050
67,4,1580348
67,5,5952386
67,6,24732265
67,7,822173
67,8,751400
67,9,874495
67,10,544168
67,11,2461381
67,12,685870
67,13,951774
67,14,574965
67,15,1945785
67,16,605374
67,17,773358
67,18,1073365
67,19,2313499
67,20,836451
67,21,898776
67,22,636749
67,23,504258
67,24,613604
67,25,2686783
67,26,593825
67,27,575248
67,28,1729675
67,29,4658275
67,30,2147835
67,31,481885
67,32,751012
67,33,2259764
67,34,1040381
67,35,4220070
67,36,963596
67,37,516045
67,38,1210638
67,39,688885
67,40,2187783
67,41,965636
67,42,1646301
67,43,549606
67,44,926486
67,45,511240
67,46,881096
67,47,1256963
67,48,674712
67,49,536295
67,50,587249
67,51,528791
67,52,649588
67,53,577490
67,54,1419343
67,55,2097699
67,56,7219038
67,57,1493166
67,58,652255
67,59,792345
67,60,744747
67,61,919405
67,62,1298336
67,63,746461
67,64,615371
67,65,499181
67,66,1287382
67,68,1062112
67,69,8906298
67,70,1622541
67,71,642641
67,72,3154661
67,73,1292395
67,74,574506
67,75,485506
67,76,579571
67,77,1018344
67,78,1474940
67,79,513781
67,80,636126
67,81,737233
67,82,1511596
67,83,529026
67,84,772119
67,85,1216529
67,86,789517
67,87,1951299
67,88,510048
67,89,8285233
67,90,1917136
67,91,588216
67,92,1123595
67,93,560456
67,94,862062
67,95,573307
67,96,1468197
67,97,1599185
67,98,786068
67,99,2655391
67,100,853531
67,101,2260534
67,102,3468385
67,103,850873
67,104,541959
67,105,1258817
67,106,722823
67,107,483484
67,108,8242534
67,109,986111
67,110,2394464
67,111,1805349
67,112,4134226
67,113,695221
67,114,5858831
67,115,3304071
67,116,609337
67,117,650241
67,118,685030
67,119,1529265
67,120,718821
67,121,492336
67,122,2435571
67,123,1164858
67,124,621289
67,125,744683
67,126,747801
67,127,2426500
68,0,522259
68,1,721404
68,2,672841
68,3,495403
68,4,734889
68,5,613850
68,6,1068489
68,7,556874
68,8,1007089
68,9,863738
68,10,1331793
68,11,1963555
68,12,3486655
68,13,730614
68,14,569227
68,15,639163
68,16,1636554
68,17,1835150
68,18,1150504
68,19,505632
68,20,644282
68,21,519173
68,22,1783363
68,23,796594
68,24,837192
68,25,2509037
68,26,2932438
68,27,568916
68,28,1841923
68,29,851129
68,30,859780
68,31,779549
68,32,10916173
68,33,521462
68,34,701468
68,35,11661756
68,36,494922
68,37,1837079
68,38,2348991
68,39,573730
68,40,560256
68,41,1901857
68,42,832687
68,43,512903
68,44,6645163
68,45,620405
68,46,742537
68,47,1959637
68,48,1644793
68,49,572395
68,50,523976
68,51,542207
68,52,504101
68,53,498666
68,54,653196
68,55,3202752
68,56,1686232
68,57,728377
68,58,1801180
68,59,740968
68,60,748569
68,61,557072
68,62,739220
68,63,2392712
68,64,547252
68,65,592194
68,66,524839
68,67,1147480
68,69,1770369
68,70,545328
68,71,514138
68,72,1460369
68,73,2095099
68,74,500731
68,75,843677
68,76,2383128
68,77,527563
68,78,497590
68,79,499438
68,80,2244489
68,81,1182839
68,82,496697
68,83,869976
68,84,1352527
68,85,2112792
68,86,921854
68,87,1952406
68,88,4607951
68,89,1070204
68,90,2891591
68,91,988619
68,92,740530
68,93,723060
68,94,1368250
68,95,985397
68,96,1009971
68,97,1587962
68,98,603236
68,99,507495
68,100,515629
68,101,546209
68,102,1502010
68,103,874313
68,104,593445
68,105,1394437
68,106,594626
68,107,992228
68,108,576029
68,109,1078146
68,110,1937035
68,111,650288
68,112,3728875
68,113,2599226
68,114,951555
68,115,753019
68,116,1572476
68,117,1682656
68,118,4947601
68,119,957310
68,120,1043753
68,121,2285486
68,122,7492764
68,123,660501
68,124,660694
68,125,515823
68,126,3194343
68,127,1524487
69,0,484661
69,1,653810
69,2,3389724
69,3,765925
69,4,728618
69,5,644374
69,6,736861
69,7,581016
69,8,580256
69,9,1226166
69,10,2942157
69,11,763036
69,12,940168
69,13,680912
69,14,1488036
69,15,907474
69,16,1777064
69,17,981962
69,18,1072501
69,19,1637299
69,20,689150
69,21,598702
69,22,959992
69,23,989819
69,24,744810
69,25,7753809
69,26,491166
69,27,2247525
69,28,2296599
69,29,1028706
69,30,1399392
69,31,714638
69,32,593863
69,33,1846796
69,34,2140994
69,35,542362
69,36,3627562
69,37,725558
69,38,595926
69,39,2726044
69,40,553635
69,41,781450
69,42,559323
69,43,953427
69,44,999535
69,45,19581404
69,46,1666191
69,47,1791994
69,48,1861093
69,49,602410
69,50,913346
69,51,1194261
69,52,505024
69,53,790675
69,54,624850
69,55,1060145
69,56,1362306
69,57,709258
69,58,937183
69,59,873950
69,60,1215384
69,61,675677
69,62,580329
69,63,1301663
69,64,850616
69,65,701911
69,66,3261282
69,67,1069060
69,68,2933822
69,70,1400965
69,71,1619625
69,72,236968746
69,73,785068
69,74,637417
69,75,1664255
69,76,3044996
69,77,800596
69,78,607488
69,79,691339
69,80,2406809
69,81,11133957
69,82,1219402
69,83,2685648
69,84,1651983
69,85,667843
69,86,1344817
69,87,529290
69,88,731100
69,89,517799
69,90,832037
69,91,733907
69,92,1186800
69,93,684767
69,94,1816573
69,95,1314484
69,96,770133
69,97,484204
69,98,928978
69,99,677309
69,100,796889
69,101,692197
69,102,651644
69,103,1081213
69,104,490126
69,105,1059304
69,106,796226
69,107,656516
69,108,775155
69,109,1231639
69,110,1655414
69,111,571940
69,112,2819930
69,113,972854
69,114,633385
69,115,555954
69,116,3335153
69,117,552177
69,118,639477
69,119,1353497
69,120,843928
69,121,558791
69,122,684977
69,123,1131161
69,124,559423
69,125,635771
69,126,3353746
69,127,645657
70,0,906487
70,1,545863
70,2,570824
70,3,2830105
70,4,559855
70,5,531296
70,6,735935
70,7,603868
70,8,3705293
70,9,7668552
70,10,21208047
70,11,1624369
70,12,1023495
70,13,877140
70,14,557039
70,15,2958987
70,16,816287
70,17,2043347
70,18,2480198
70,19,558526
70,20,490299
70,21,950018
70,22,888657
70,23,1590053
70,24,586545
70,25,981608
70,26,1148150
70,27,495935
70,28,1424499
70,29,1041054
70,30,1378287
70,31,991745
70,32,595505
70,33,842337
70,34,2396219
70,35,499078
70,36,1938669
70,37,680757
70,38,923907
70,39,1444147
70,40,604897
70,41,584775
70,42,622048
70,43,495605
70,44,524694
70,45,567400
70,46,1152023
70,47,4229507
70,48,613973
70,49,1116142
70,50,1323190
70,51,1200344
70,52,1348900
70,53,1486834
70,54,938353
70,55,499129
70,56,1312894
70,57,561662
70,58,663269
70,59,487645
70,60,868094
70,61,555004
70,62,6619133
70,63,502815
70,64,514028
70,65,651926
70,66,672287
70,67,842672
70,68,1217485
70,69,744114
70,71,895694
70,72,10969717
70,73,557600
70,74,683616
70,75,954644
70,76,587398
70,77,1926221
70,78,2986083
70,79,3338853
70,80,539340
70,81,676084
70,82,1161920
70,83,1813752
70,84,537782
70,85,7458687
70,86,648566
70,87,684715
70,88,997330
70,89,3114487
70,90,3474451
70,91,1674378
70,92,1693436
70,93,2642189
70,94,1328756
70,95,590987
70,96,505262
70,97,1928373
70,98,580076
70,99,14062132
70,100,1530545
70,101,724425
70,102,672187
70,103,791255
70,104,1251642
70,105,489805
70,106,988500
70,107,3359370
70,108,929291
70,109,915456
70,110,694462
70,111,1092630
70,112,1685834
70,113,2730749
70,114,1085925
70,115,731343
70,116,530055
70,117,500239
70,118,1410220
70,119,686872
70,120,488772
70,121,4779273
70,122,822015
70,123,651035
70,124,617606
70,125,766600
70,126,523001
70,127,1448094
71,0,2103576
71,1,600452
71,2,518247
71,3,513150
71,4,540077
71,5,882949
71,6,1103247
71,7,930335
71,8,601939
71,9,1129218
71,10,723415
71,11,669882
71,12,559157
71,13,699097
71,14,647547
71,15,507843
71,16,580944
71,17,902466
71,18,6751629
71,19,1019241
71,20,671032
71,21,577240
71,22,2286276
71,23,483724
71,24,1391328
71,25,1388749
71,26,1014392
71,27,1576914
71,28,784854
71,29,573413
71,30,1474351
71,31,664688
71,32,804643
71,33,7729233
71,34,647593
71,35,486015
71,36,2503209
71,37,3127217
71,38,1156095
71,39,519483
71,40,931695
71,41,625576
71,42,4514529
71,43,481623
71,44,7561982
71,45,3112904
71,46,680498
71,47,542331
71,48,15080447
71,49,676900
71,50,1248190
71,51,583016
71,52,10132754
71,53,757135
71,54,663562
71,55,2532659
71,56,500006
71,57,530881
71,58,645703
71,59,532454
71,60,1000149
71,61,1080920
71,62,646163
71,63,713658
71,64,552145
71,65,1064794
71,66,954865
71,67,605334
71,68,674256
71,69,806836
71,70,1839014
71,72,494720
71,73,500472
71,74,488698
71,75,2605570
71,76,720110
71,77,1039308
71,78,4816967
71,79,706546
71,80,553505
71,81,946854
71,82,713543
71,83,1766380
71,84,554939
71,85,552242
71,86,789662
71,87,694246
71,88,4697835
71,89,687930
71,90,503050
71,91,882857
71,92,520047
71,93,4453394
71,94,4414817
71,95,3968301
71,96,10483691
71,97,1382858
71,98,1288033
71,99,668339
71,100,659247
71,101,527709
71,102,1063663
71,103,1533434
71,104,694679
71,105,804718
71,106,1478486
71,107,738287
71,108,510562
71,109,1095037
71,110,530970
71,111,3893426
71,112,869887
71,113,4829680
71,114,2626971
71,115,641915
71,116,1143641
71,117,743609
71,118,505685
71,119,1621081
71,120,803589
71,121,587027
71,122,513232
71,123,498975
71,124,884998
71,125,502579
71,126,1807209
71,127,1498031
72,0,980901
72,1,11106200
72,2,1349624
72,3,1137856
72,4,1024014
72,5,3553406
72,6,943605
72,7,877324
72,8,1106941
72,9,563887
72,10,644557
72,11,17962193
72,12,643051
72,13,630322
72,14,1626202
72,15,3482576
72,16,782935
72,17,829687
72,18,835876
72,19,6239278
72,20,584481
72,21,798219
72,22,484493
72,23,484036
72,24,744620
72,25,1425590
72,26,1408092
72,27,932430
72,28,3428547
72,29,666656
72,30,1897690
72,31,1122956
72,32,1065928
72,33,670932
72,34,1598125
72,35,4226356
72,36,1285000
72,37,880080
72,38,1497726
72,39,574647
72,40,601155
72,41,791618
72,42,778498
72,43,528850
72,44,511349
72,45,722586
72,46,703857
72,47,592648
72,48,777659
72,49,557897
72,50,8806507
72,51,1265667
72,52,725797
72,53,2003731
72,54,1228505
72,55,686766
72,56,495428
72,57,1137527
72,58,1524804
72,59,1367752
72,60,1372997
72,61,7436161
72,62,970090
72,63,532841
72,64,573518
72,65,561125
72,66,1532469
72,67,541897
72,68,2565969
72,69,957533
72,70,1542499
72,71,776614
72,73,1042941
72,74,1270491
72,75,487474
72,76,8401569
72,77,504944
72,78,524234
72,79,628414
72,80,856383
72,81,1614550
72,82,553343
72,83,495479
72,84,1131323
72,85,888186
72,86,1899250
72,87,1066638
72,88,708634
72,89,498230
72,90,1558325
72,91,4192043
72,92,563650
72,93,611117
72,94,625106
72,95,624935
72,96,7538750
72,97,551435
72,98,605056
72,99,2478301
72,100,583821
72,101,1208375
72,102,868989
72,103,509239
72,104,880819
72,105,724783
72,106,632594
72,107,628069
72,108,511730
72,109,617108
72,110,800968
72,111,503627
72,112,536871
72,113,780604
72,114,530202
72,115,3890811
72,116,8709197
72,117,885559
72,118,5169164
72,119,35923954
72,120,1028575
72,121,1902902
72,122,563042
72,123,648473
72,124,2204382
72,125,3752797
72,126,1297452
72,127,564260
73,0,627680
73,1,811415
73,2,2603451
73,3,1758899
73,4,2106200
73,5,954754
73,6,508647
73,7,543731
73,8,925246
73,9,4052214
73,10,539984
73,11,520782
73,12,581306
73,13,2777590
73,14,617440
73,15,898486
73,16,543482
73,17,508057
73,18,2092506
73,19,881373
73,20,656659
73,21,717653
73,22,4235824
73,23,1750622
73,24,570128
73,25,588626
73,26,601978
73,27,775918
73,28,1327360
73,29,507041
73,30,621415
73,31,785567
73,32,765520
73,33,528674
73,34,1027006
73,35,708804
73,36,2293412
73,37,617149
73,38,1134416
73,39,1975985
73,40,522716
73,41,894449
73,42,2802321
73,43,1020784
73,44,578672
73,45,1616720
73,46,4478341
73,47,731830
73,48,3462343
73,49,523431
73,50,2162360
73,51,519004
73,52,2156801
73,53,750368
73,54,955752
73,55,971816
73,56,599634
73,57,1153546
73,58,1306802
73,59,1663482
73,60,3197700
73,61,757793
73,62,1084595
73,63,72057659
73,64,1283058
73,65,941239
73,66,481908
73,67,523545
73,68,1273236
73,69,1839982
73,70,1346495
73,71,3034498
73,72,481813
73,74,16824525
73,75,734029
73,76,711365
73,77,656325
73,78,1346015
73,79,2632383
73,80,779409
73,81,901979
73,82,607088
73,83,1193712
73,84,5408887
73,85,876683
73,86,43654308
73,87,499825
73,88,1019883
73,89,704919
73,90,2093801
73,91,563583
73,92,714292
73,93,2222748
73,94,1180156
73,95,606648
73,96,5966026
73,97,1564354
73,98,494569
73,99,1570097
73,100,989939
73,101,576848
73,102,1130675
73,103,4863956
73,104,850104
73,105,1086665
73,106,1786532
73,107,1259849
73,108,4383809
73,109,583236
73,110,602528
73,111,1158486
73,112,945877
73,113,484084
73,114,891020
73,115,961903
73,116,530556
73,117,616818
73,118,1186980
73,119,901395
73,120,514524
73,121,1334846
73,122,16346973
73,123,1121681
73,124,1361813
73,125,817300
73,126,1230266
73,127,1093681
74,0,794756
74,1,565178
74,2,1380061
74,3,589485
74,4,5755873
74,5,641779
74,6,1576230
74,7,1500783
74,8,532633
74,9,584187
74,10,604184
74,11,722113
74,12,1156777
74,13,628803
74,14,3971035
74,15,908562
74,16,1027528
74,17,655231
74,18,1214812
74,19,586434
74,20,587881
74,21,1519742
74,22,629844
74,23,506855
74,24,551242
74,25,2003144
74,26,1089042
74,27,2644379
74,28,767141
74,29,1310856
74,30,2018532
74,31,2755748
74,32,512411
74,33,495251
74,34,489657
74,35,634046
74,36,998676
74,37,701634
74,38,495985
74,39,857251
74,40,1056097
74,41,1854160
74,42,860480
74,43,981726
74,44,945660
74,45,497335
74,46,579751
74,47,877049
74,48,1154395
74,49,702466
74,50,1226361
74,51,1199603
74,52,602174
74,53,966205
74,54,685607
74,55,483508
74,56,513424
74,57,1819403
74,58,772807
74,59,878057
74,60,2496448
74,61,2441051
74,62,1900292
74,63,608692
74,64,789734
74,65,3521762
74,66,2550706
74,67,1440225
74,68,4232663
74,69,2206567
74,70,10606849
74,71,645428
74,72,488159
74,73,567435
74,75,830415
74,76,906783
74,77,605652
74,78,2085412
74,79,1246775
74,80,521093
74,81,546935
74,82,1074520
74,83,746016
74,84,2783727
74,85,921650
74,86,940703
74,87,745444
74,88,698438
74,89,828236
74,90,1051395
74,91,799480
74,92,498153
74,93,46222613
74,94,700363
74,95,915759
74,96,786783
74,97,3726501
74,98,589037
74,99,805322
74,100,487060
74,101,1830346
74,102,9388871
74,103,1063098
74,104,5550023
74,105,712280
74,106,587695
74,107,4353286
74,108,1899771
74,109,517129
74,110,539954
74,111,2679986
74,112,611320
74,113,1382094
74,114,630409
74,115,517213
74,116,489140
74,117,3962845
74,118,1372245
74,119,769996
74,120,582579
74,121,1141650
74,122,566543
74,123,7115724
74,124,774394
74,125,494141
74,126,5614790
74,127,1317905
75,0,900034
75,1,636704
75,2,637239
75,3,535179
75,4,720169
75,5,835958
75,6,12046229
75,7,891400
75,8,1315850
75,9,548713
75,10,1598831
75,11,546872
75,12,588999
75,13,904031
75,14,521320
75,15,503864
75,16,883693
75,17,572640
75,18,4650452
75,19,604105
75,20,889790
75,21,585179
75,22,839093
75,23,496392
75,24,4566314
75,25,595581
75,26,544387
75,27,1257168
75,28,536114
75,29,1535044
75,30,11449927
75,31,521604
75,32,1534399
75,33,539156
75,34,2663162
75,35,714119
75,36,2189933
75,37,985873
75,38,687824
75,39,762836
75,40,807975
75,41,1806743
75,42,2470749
75,43,654993
75,44,716897
75,45,1729253
75,46,20412514
75,47,827995
75,48,8552272
75,49,1022978
75,50,819964
75,51,632463
75,52,486112
75,53,586101
75,54,803965
75,55,634310
75,56,619065
75,57,503601
75,58,1704780
75,59,1227335
75,60,5521136
75,61,1411820
75,62,518107
75,63,6957152
75,64,1472293
75,65,776823
75,66,2977466
75,67,844264
75,68,500420
75,69,656230
75,70,592459
75,71,484637
75,72,627465
75,73,1134089
75,74,861182
75,76,679775
75,77,1162610
75,78,718470
75,79,772601
75,80,608773
75,81,1007339
75,82,787214
75,83,560323
75,84,500783
75,85,5544219
75,86,511131
75,87,1630621
75,88,987901
75,89,887246
75,90,620699
75,91,1734328
75,92,524464
75,93,1083416
75,94,27790052
75,95,732073
75,96,573202
75,97,6378837
75,98,2414821
75,99,4086910
75,100,503129
75,101,899744
75,102,634399
75,103,656563
75,104,905405
75,105,756806
75,106,2365068
75,107,489386
75,108,508325
75,109,1065360
75,110,6269695
75,111,490794
75,112,839922
75,113,2867691
75,114,1365023
75,115,1785172
75,116,3273633
75,117,817144
75,118,1182481
75,119,1010726
75,120,520414
75,121,2128805
75,122,993437
75,123,1068061
75,124,917882
75,125,897521
75,126,521122
75,127,1569419
76,0,541340
76,1,1635066
76,2,2529679
76,3,625063
76,4,5002120
76,5,509373
76,6,3444358
76,7,657327
76,8,696253
76,9,602646
76,10,1743720
76,11,559256
76,12,561192
76,13,1673986
76,14,503181
76,15,627551
76,16,17111821
76,17,1188973
76,18,508808
76,19,501198
76,20,3542787
76,21,3019641
76,22,614014
76,23,502292
76,24,558990
76,25,531652
76,26,886964
76,27,792710
76,28,505315
76,29,7369494
76,30,1035835
76,31,655278
76,32,1072645
76,33,1610947
76,34,537326
76,35,2049504
76,36,823521
76,37,954201
76,38,2844230
76,39,1036767
76,40,752306
76,41,644100
76,42,1274508
76,43,1838530
76,44,1496507
76,45,6508937
76,46,1333905
76,47,536537
76,48,2507091
76,49,580293
76,50,11539643
76,51,688354
76,52,659728
76,53,692090
76,54,536992
76,55,647038
76,56,524637
76,57,512767
76,58,726156
76,59,3786875
76,60,11189941
76,61,569296
76,62,489312
76,63,1512219
76,64,1749756
76,65,1504779
76,66,843006
76,67,733968
76,68,573941
76,69,881836
76,70,1057489
76,71,542890
76,72,493864
76,73,574435
76,74,1853667
76,75,614096
76,77,583418
76,78,788868
76,79,951115
76,80,1476710
76,81,564803
76,82,1690226
76,83,590686
76,84,515020
76,85,735196
76,86,1080335
76,87,1023107
76,88,557533
76,89,2943551
76,90,655326
76,91,1077418
76,92,9504249
76,93,991986
76,94,691553
76,95,814733
76,96,583857
76,97,493688
76,98,691393
76,99,697672
76,100,686186
76,101,1639539
76,102,485893
76,103,11078598
76,104,1181227
76,105,1217676
76,106,568571
76,107,493839
76,108,740155
76,109,628198
76,110,782439
76,111,932220
76,112,968257
76,113,520668
76,114,531622
76,115,598780
76,116,1152192
76,117,573167
76,118,558758
76,119,512439
76,120,511159
76,121,7304157
76,122,564905
76,123,547600
76,124,645573220
76,125,1526712
76,126,953317
76,127,2837790
77,0,971355
77,1,1362059
77,2,568364
77,3,2717856
77,4,783431
77,5,647870
77,6,1396779
77,7,3432485
77,8,700804
77,9,528967
77,10,607889
77,11,1291520
77,12,596656
77,13,2146463
77,14,1318363
77,15,676237
77,16,11218172
77,17,546304
77,18,36317104
77,19,933060
77,20,534127
77,21,675219
77,22,483796
77,23,2903710
77,24,1641786
77,25,587546
77,26,1848754
77,27,10631872
77,28,2522756
77,29,534697
77,30,592383
77,31,530763
77,32,647085
77,33,519567
77,34,1216147
77,35,855603
77,36,1033446
77,37,1410486
77,38,629670
77,39,737666
77,40,669782
77,41,566509
77,42,637998
77,43,1286081
77,44,523144
77,45,1052635
77,46,1605577
77,47,641553
77,48,655041
77,49,1237763
77,50,552921
77,51,622979
77,52,7105575
77,53,1109885
77,54,6277352
77,55,3372574
77,56,936122
77,57,806078
77,58,781520
77,59,529996
77,60,649495
77,61,1136542
77,62,1175360
77,63,3070835
77,64,502135
77,65,4432259
77,66,1063945
77,67,900520
77,68,2001385
77,69,588551
77,70,1113316
77,71,1061408
77,72,560690
77,73,596272
77,74,925453
77,75,1775720
77,76,533289
77,78,482695
77,79,1739864
77,80,766532
77,81,2169356
77,82,1047831
77,83,612133
77,84,3012274
77,85,24901231
77,86,1771704
77,87,572150
77,88,1870596
77,89,753799
77,90,489509
77,91,2581438
77,92,692681
77,93,6194270
77,94,736923
77,95,920628
77,96,1124554
77,97,1763731
77,98,617191
77,99,1577600
77,100,2882243
77,101,2354042
77,102,1151347
77,103,2967484
77,104,911346
77,105,1219786
77,106,939206
77,107,520810
77,108,643734
77,109,499670
77,110,1774826
77,111,723712
77,112,808356
77,113,564057
77,114,549287
77,115,1037568
77,116,2533654
77,117,1137363
77,118,664982
77,119,525531
77,120,511648
77,121,3252524
77,122,590385
77,123,761901
77,124,1373248
77,125,1527350
77,126,943066
77,127,1596362
78,0,1213480
78,1,1068204
78,2,654141
78,3,2228698
78,4,3055576
78,5,874859
78,6,731769
78,7,1021428
78,8,513561
78,9,1053325
78,10,508701
78,11,1933235
78,12,489707
78,13,482313
78,14,1158315
78,15,1281982
78,16,795931
78,17,7380512
78,18,563380
78,19,2316750
78,20,1332965
78,21,11509562
78,22,957756
78,23,1781558
78,24,3555538
78,25,811031
78,26,942851
78,27,1371994
78,28,531711
78,29,627164
78,30,14705600
78,31,685502
78,32,1202387
78,33,748249
78,34,530350
78,35,971010
78,36,5632750
78,37,491415
78,38,605970
78,39,975636
78,40,721699
78,41,902662
78,42,4894400
78,43,3221428
78,44,845442
78,45,568122
78,46,734213
78,47,1025703
78,48,565109
78,49,822727
78,50,531859
78,51,1574180
78,52,481386
78,53,789301
78,54,800745
78,55,887716
78,56,967116
78,57,747290
78,58,1116772
78,59,1219979
78,60,586693
78,61,12908156
78,62,893493
78,63,742034
78,64,4681921
78,65,741219
78,66,616942
78,67,872410
78,68,618355
78,69,545140
78,70,3009338
78,71,570928
78,72,490522
78,73,516767
78,74,508432
78,75,482934
78,76,933902
78,77,918897
78,79,615082
78,80,607809
78,81,2553742
78,82,584922
78,83,753279
78,84,679260
78,85,649449
78,86,11275117
78,87,834074
78,88,729948
78,89,43061375
78,90,537296
78,91,1755403
78,92,740593
78,93,2178526
78,94,494090
78,95,624253
78,96,1046060
78,97,623106
78,98,766397
78,99,1366758
78,100,1455488
78,101,1587266
78,102,914852
78,103,649169
78,104,3561953
78,105,607688
78,106,1071926
78,107,1167812
78,108,2142358
78,109,1437994
78,110,1377023
78,111,507655
78,112,14500642
78,113,1299664
78,114,827032
78,115,573800
78,116,3324108
78,117,693759
78,118,545391
78,119,1667744
78,120,31561243
78,121,640784
78,122,4543958
78,123,518864
78,124,578277
78,125,1234989
78,126,525156
78,127,1332027
79,0,641824
79,1,692036
79,2,567881
79,3,1505704
79,4,877690
79,5,857338
79,6,1553672
79,7,853790
79,8,707053
79,9,883786
79,10,2184926
79,11,1896133
79,12,598857
79,13,23467837
79,14,905798
79,15,538575
79,16,2091212
79,17,997575
79,18,535148
79,19,931800
79,20,2887577
79,21,487963
79,22,2519802
79,23,1090235
79,24,634222
79,25,579715
79,26,556052
79,27,1201829
79,28,849337
79,29,483029
79,30,720463
79,31,1009594
79,32,695004
79,33,1714641
79,34,742474
79,35,15361672
79,36,556841
79,37,6715716
79,38,748057
79,39,1673594
79,40,618898
79,41,883321
79,42,594549
79,43,2552729
79,44,630453
79,45,1018472
79,46,1339810
79,47,559989
79,48,13436096
79,49,752176
79,50,1600246
79,51,1053878
79,52,929499
79,53,1472586
79,54,1015536
79,55,620154
79,56,645198
79,57,883414
79,58,505341
79,59,1077273
79,60,531414
79,61,1988017
79,62,1709284
79,63,2445638
79,64,1002368
79,65,1499865
79,66,800819
79,67,995136
79,68,778708
79,69,1016300
79,70,2816136
79,71,491191
79,72,996476
79,73,528264
79,74,763773
79,75,744240
79,76,753604
79,77,1081360
79,78,669533
79,80,641281
79,81,840920
79,82,1360337
79,83,532186
79,84,797923
79,85,484806
79,86,628977
79,87,513177
79,88,544700
79,89,732744
79,90,7892188
79,91,880726
79,92,566646
79,93,1947436
79,94,1119934
79,95,690483
79,96,631543
79,97,643963
79,98,2338964
79,99,3397409
79,100,637551
79,101,611238
79,102,485627
79,103,700638
79,104,1133274
79,105,1399130
79,106,616197
79,107,2775144
79,108,850702
79,109,576171
79,110,596195
79,111,650474
79,112,1203505
79,113,499361
79,114,738225
79,115,793585
79,116,727175
79,117,1751489
79,118,843593
79,119,1968055
79,120,499000
79,121,925143
79,122,3587874
79,123,3559812
79,124,518443
79,125,518387
79,126,2762986
79,127,1026093
80,0,547473
80,1,682001
80,2,669184
80,3,4705839
80,4,2181365
80,5,901589
80,6,574294
80,7,1035436
80,8,1717541
80,9,871146
80,10,804945
80,11,1092330
80,12,4316623
80,13,658285
80,14,1078728
80,15,2452093
80,16,1812814
80,17,1344577
80,18,639972
80,19,597735
80,20,1493469
80,21,743167
80,22,500679
80,23,724604
80,24,1013504
80,25,1462389
80,26,596887
80,27,1066496
80,28,1246371
80,29,268070178
80,30,1842896
80,31,1304115
80,32,1263790
80,33,742349
80,34,1404650
80,35,1602373
80,36,1235582
80,37,981019
80,38,1168858
80,39,882207
80,40,1619261
80,41,528821
80,42,1099277
80,43,4251711
80,44,489559
80,45,884812
80,46,754190
80,47,2034797
80,48,8063082
80,49,2138272
80,50,706771
80,51,648844
80,52,844684
80,53,1140658
80,54,1196833
80,55,592686
80,56,1060846
80,57,572465
80,58,22748484
80,59,697071
80,60,1021686
80,61,2784958
80,62,1354470
80,63,1101564
80,64,650848
80,65,749146
80,66,522316
80,67,526023
80,68,1720036
80,69,30716766
80,70,1416377
80,71,1109730
80,72,766803
80,73,551178
80,74,2023921
80,75,1443866
80,76,1139667
80,77,1314029
80,78,608974
80,79,516572
80,81,670782
80,82,566235
80,83,613809
80,84,622936
80,85,963709
80,86,619567
80,87,613727
80,88,848147
80,89,1004226
80,90,491315
80,91,513671
80,92,1356175
80,93,2664276
80,94,768294
80,95,1786078
80,96,717945
80,97,8974253
80,98,824475
80,99,685082
80,100,1236176
80,101,501354
80,102,770885
80,103,674154
80,104,3320444
80,105,2022721
80,106,793220
80,107,1315166
80,108,653668
80,109,8313976
80,110,1660783
80,111,1154225
80,112,820043
80,113,1166941
80,114,896943
80,115,556808
80,116,616528
80,117,1369495
80,118,9149363
80,119,1150336
80,120,563008
80,121,1157460
80,122,746398
80,123,3278958
80,124,516322
80,125,544043
80,126,494191
80,127,703244
81,0,650801
81,1,509616
81,2,894544
81,3,1419073
81,4,1900813
81,5,1418263
81,6,666459
81,7,1263999
81,8,541804
81,9,827754
81,10,32153952
81,11,1335552
81,12,12869465
81,13,600921
81,14,1239354
81,15,515186
81,16,888563
81,17,976335
81,18,1483243
81,19,1231246
81,20,580437
81,21,1567051
81,22,989699
81,23,751788
81,24,602331
81,25,868273
81,26,1257992
81,27,725200
81,28,507923
81,29,889317
81,30,784640
81,31,2081566
81,32,920934
81,33,2174282
81,34,5669061
81,35,2551717
81,36,733294
81,37,571556
81,38,1333200
81,39,732012
81,40,520640
81,41,752824
81,42,2029947
81,43,3094047
81,44,3028535
81,45,604461
81,46,1289774
81,47,1176068
81,48,7358513
81,49,708238
81,50,512712
81,51,660791
81,52,532692
81,53,554286
81,54,602843
81,55,1986288
81,56,818552
81,57,513122
81,58,739718
81,59,1052911
81,60,2654285
81,61,14971168
81,62,649309
81,63,726635
81,64,1549708
81,65,548808
81,66,1314711
81,67,1888904
81,68,2606630
81,69,712567
81,70,494846
81,71,1561668
81,72,594511
81,73,916869
81,74,669433
81,75,643096
81,76,2709723
81,77,499464
81,78,1615996
81,79,1950194
81,80,1383879
81,82,589448
81,83,3242084
81,84,646808
81,85,4713872
81,86,12424707
81,87,2537643
81,88,911945
81,89,725857
81,90,622175
81,91,1165378
81,92,543232
81,93,502213
81,94,740906
81,95,1938124
81,96,1439946
81,97,1571795
81,98,503890
81,99,3072370
81,100,3399337
81,101,1307476
81,102,5800412
81,103,639747
81,104,614506
81,105,1141485
81,106,1043482
81,107,1490445
81,108,719172
81,109,1821769
81,110,757925
81,111,731952
81,112,733600
81,113,519342
81,114,1973145
81,115,492112
81,116,690216
81,117,2641095
81,118,774601
81,119,600686
81,120,922982
81,121,647639
81,122,486987
81,123,1253887
81,124,502448
81,125,746780
81,126,1222098
81,127,501874
82,0,742286
82,1,937714
82,2,915355
82,3,649868
82,4,1665416
82,5,994286
82,6,485724
82,7,689949
82,8,749338
82,9,743230
82,10,12079563
82,11,1039710
82,12,1139337
82,13,1657710
82,14,746270
82,15,784925
82,16,922674
82,17,558891
82,18,85588910
82,19,708521
82,20,535933
82,21,580726
82,22,516851
82,23,2053218
82,24,675626
82,25,1906044
82,26,567126
82,27,634664
82,28,1340523
82,29,538118
82,30,4188954
82,31,1925684
82,32,1398868
82,33,1910780
82,34,547918
82,35,1844844
82,36,517436
82,37,977034
82,38,903639
82,39,655753
82,40,2310258
82,41,923290
82,42,576349
82,43,482814
82,44,1113160
82,45,1544785
82,46,496544
82,47,987423
82,48,694787
82,49,1570436
82,50,1563682
82,51,1391070
82,52,605931
82,53,1445836
82,54,621710
82,55,542083
82,56,539831
82,57,798812
82,58,7828605
82,59,725737
82,60,543108
82,61,960217
82,62,1596714
82,63,505103
82,64,598547
82,65,505473
82,66,627982
82,67,1558659
82,68,712796
82,69,806457
82,70,1318134
82,71,797849
82,72,489091
82,73,1257374
82,74,550663
82,75,559456
82,76,1484438
82,77,544513
82,78,507869
82,79,964841
82,80,961003
82,81,804492
82,83,556348
82,84,508164
82,85,802089
82,86,483844
82,87,512958
82,88,580618
82,89,570232
82,90,965182
82,91,1095942
82,92,2279190
82,93,1018985
82,94,655611
82,95,595620
82,96,584591
82,97,647732
82,98,3403199
82,99,1020526
82,100,1199048
82,101,908959
82,102,3119247
82,103,1594604
82,104,619609
82,105,1221133
82,106,644740
82,107,2155416
82,108,1408358
82,109,1319279
82,110,1235384
82,111,725081
82,112,502788
82,113,2474519
82,114,1450360
82,115,716142
82,116,1840952
82,117,1754532
82,118,1379807
82,119,652819
82,120,2071386
82,121,1400178
82,122,1117560
82,123,484830
82,124,561460
82,125,653432
82,126,579391
82,127,5134756
83,0,1293929
83,1,1822718
83,2,628155
83,3,958425
83,4,524407
83,5,614301
83,6,685134
83,7,1825570
83,8,529378
83,9,1334610
83,10,612052
83,11,882114
83,12,1305681
83,13,941346
83,14,5644796
83,15,540384
83,16,659970
83,17,598315
83,18,670432
83,19,579607
83,20,5072203
83,21,847978
83,22,9807188
83,23,1656944
83,24,507629
83,25,591137
83,26,520301
83,27,510535
83,28,657806
83,29,1021299
83,30,590573
83,31,516100
83,32,653999
83,33,1604151
83,34,887904
83,35,1798413
83,36,615000
83,37,4176652
83,38,2281547
83,39,551790
83,40,893589
83,41,1653506
83,42,6525621
83,43,873134
83,44,2029343
83,45,3144913
83,46,540107
83,47,487841
83,48,671634
83,49,1183557
83,50,2233934
83,51,866934
83,52,696580
83,53,709712
83,54,959880
83,55,533110
83,56,3641012
83,57,2051359
83,58,514193
83,59,499877
83,60,716316
83,61,935698
83,62,486694
83,63,1313802
83,64,747865
83,65,665179
83,66,884718
83,67,2970328
83,68,1530225
83,69,808660
83,70,2510987
83,71,627594
83,72,1151010
83,73,722527
83,74,490151
83,75,1399654
83,76,1273025
83,77,490225
83,78,555364
83,79,938886
83,80,6778849
83,81,1141816
83,82,534067
83,84,1202759
83,85,493111
83,86,814268
83,87,2436483
83,88,25424102
83,89,8299576
83,90,891115
83,91,676696
83,92,642187
83,93,1562339
83,94,561863
83,95,505924
83,96,833095
83,97,48385292
83,98,662684
83,99,733784
83,100,1834668
83,101,1849244
83,102,1010852
83,103,597928
83,104,5724527
83,105,651738
83,106,1599538
83,107,518695
83,108,1367255
83,109,507335
83,110,1205747
83,111,790530
83,112,2780041
83,113,558559
83,114,1027267
83,115,751464
83,116,1625468
83,117,536628
83,118,6308189
83,119,718645
83,120,1070491
83,121,1511284
83,122,541155
83,123,671584
83,124,591741
83,125,939633
83,126,1591450
83,127,1676734
84,0,868810
84,1,891780
84,2,625919
84,3,513808
84,4,680033
84,5,698274
84,6,1330857
84,7,10435324
84,8,823680
84,9,558128
84,10,723653
84,11,626090
84,12,1180691
84,13,491663
84,14,512193
84,15,1143143
84,16,1004102
84,17,692466
84,18,1788803
84,19,677821
84,20,519849
84,21,509292
84,22,2746164
84,23,506269
84,24,6149985
84,25,537996
84,26,2592916
84,27,720345
84,28,3528040
84,29,1218634
84,30,482743
84,31,730190
84,32,819886
84,33,1604507
84,34,493036
84,35,724366
84,36,1003978
84,37,688566
84,38,1981694
84,39,587472
84,40,851386
84,41,966432
84,42,865510
84,43,617773
84,44,1745440
84,45,501016
84,46,700473
84,47,667893
84,48,893971
84,49,38438141
84,50,540939
84,51,506908
84,52,835056
84,53,535389
84,54,41386257
84,55,480793
84,56,1476119
84,57,493362
84,58,1264624
84,59,543326
84,60,638849
84,61,991263
84,62,482242
84,63,870336
84,64,910349
84,65,3767317
84,66,10889621
84,67,2100306
84,68,611685
84,69,485869
84,70,643005
84,71,689576
84,72,525849
84,73,669683
84,74,2276839
84,75,1503547
84,76,1288250
84,77,603355
84,78,1492560
84,79,770817
84,80,656706
84,81,538423
84,82,2030552
84,83,980078
84,85,957867
84,86,833992
84,87,522887
84,88,807747
84,89,5076954
84,90,497360
84,91,545894
84,92,503943
84,93,653055
84,94,499619
84,95,924937
84,96,776057
84,97,517101
84,98,507121
84,99,505738
84,100,1976555
84,101,536841
84,102,1429698
84,103,534637
84,104,6410811
84,105,720286
84,106,582469
84,107,1768594
84,108,9849234
84,109,2854604
84,110,983498
84,111,568709
84,112,908760
84,113,612786
84,114,654283
84,115,759708
84,116,934008
84,117,511757
84,118,855084
84,119,879159
84,120,646393
84,121,493764
84,122,2619435
84,123,541309
84,124,498281
84,125,706321
84,126,12642687
84,127,632244
85,0,491688
85,1,526719
85,2,1383624
85,3,531089
85,4,509994
85,5,585732
85,6,519708
85,7,679054
85,8,739407
85,9,852071
85,10,1117718
85,11,613522
85,12,3090930
85,13,698164
85,14,812954
85,15,1395477
85,16,6584782
85,17,527330
85,18,1630990
85,19,816053
85,20,910449
85,21,3841857
85,22,1479078
85,23,823362
85,24,507709
85,25,527943
85,26,1190426
85,27,652537
85,28,483053
85,29,502370
85,30,952435
85,31,8757548
85,32,1163819
85,33,1051258
85,34,1540222
85,35,837522
85,36,721936
85,37,1716711
85,38,714753
85,39,4037952
85,40,3712332
85,41,1404386
85,42,3190993
85,43,567950
85,44,600413
85,45,497769
85,46,826311
85,47,573272
85,48,2615151
85,49,2739025
85,50,1321346
85,51,2811095
85,52,1769925
85,53,1192980
85,54,2449322
85,55,1002987
85,56,3511354
85,57,904325
85,58,625662
85,59,7005846
85,60,668637
85,61,2125446
85,62,904815
85,63,577812
85,64,1011734
85,65,569920
85,66,491713
85,67,846116
85,68,576420
85,69,1796115
85,70,676390
85,71,491539
85,72,961678
85,73,632375
85,74,5204095
85,75,844012
85,76,1381331
85,77,4551383
85,78,541433
85,79,1435771
85,80,1575204
85,81,745381
85,82,486136
85,83,517352
85,84,646025
85,86,2749749
85,87,640513
85,88,872953
85,89,535359
85,90,1175183
85,91,524522
85,92,498615
85,93,634443
85,94,499903
85,95,785639
85,96,714407
85,97,1748891
85,98,136102805
85,99,526923
85,100,1131810
85,101,555200
85,102,2397098
85,103,720580
85,104,546272
85,105,1424227
85,106,1985713
85,107,550728
85,108,2097048
85,109,572325
85,110,1735177
85,111,579175
85,112,493487
85,113,587064
85,114,1323883
85,115,2926917
85,116,631500
85,117,710794
85,118,635416
85,119,5291183
85,120,8076574
85,121,1858115
85,122,834810
85,123,3048010
85,124,1115827
85,125,2419298
85,126,597272
85,127,600999
86,0,1098061
86,1,731586
86,2,865421
86,3,547949
86,4,604739
86,5,2901007
86,6,804116
86,7,1817987
86,8,1197017
86,9,697508
86,10,3733632
86,11,752565
86,12,747609
86,13,625320
86,14,733845
86,15,1005095
86,16,1063521
86,17,609417
86,18,893112
86,19,620363
86,20,945768
86,21,2014957
86,22,615618
86,23,7515678
86,24,3151404
86,25,8228411
86,26,1921934
86,27,736985
86,28,547854
86,29,585032
86,30,3976516
86,31,592535
86,32,876044
86,33,3187651
86,34,1165898
86,35,828156
86,36,25247084
86,37,2346475
86,38,1520688
86,39,2534650
86,40,601234
86,41,829526
86,42,2431026
86,43,1432176
86,44,687665
86,45,8856086
86,46,548076
86,47,735258
86,48,652067
86,49,920424
86,50,885840
86,51,539003
86,52,489855
86,53,838183
86,54,664051
86,55,552889
86,56,560389
86,57,1265458
86,58,1174300
86,59,806608
86,60,674458
86,61,1297231
86,62,946419
86,63,511784
86,64,980195
86,65,1868586
86,66,1799335
86,67,1411553
86,68,1864581
86,69,569816
86,70,732378
86,71,924524
86,72,1466740
86,73,671935
86,74,604422
86,75,1175006
86,76,540569
86,77,584444
86,78,484854
86,79,784142
86,80,620826
86,81,1679097
86,82,812184
86,83,860919
86,84,508352
86,85,7644578
86,87,4201339
86,88,624168
86,89,524666
86,90,832118
86,91,1237961
86,92,7085374
86,93,2128132
86,94,887622
86,95,793951
86,96,545737
86,97,1220556
86,98,1006839
86,99,1852190
86,100,1519427
86,101,1671249
86,102,529173
86,103,795270
86,104,2150584
86,105,650708
86,106,3108166
86,107,8725247
86,108,65390562
86,109,527272
86,110,16413323
86,111,498256
86,112,749788
86,113,522459
86,114,1364280
86,115,609619
86,116,606888
86,117,4113375
86,118,1552679
86,119,1135887
86,120,6593332
86,121,662733
86,122,825432
86,123,27361685
86,124,1205935
86,125,1440784
86,126,631369
86,127,837110
87,0,483316
87,1,507015
87,2,663611
87,3,4890025
87,4,925040
87,5,1744149
87,6,954312
87,7,2765408
87,8,530025
87,9,493789
87,10,596618
87,11,1172187
87,12,491738
87,13,562873
87,14,1713814
87,15,833013
87,16,2299797
87,17,1644040
87,18,1368499
87,19,4577586
87,20,5898518
87,21,2235435
87,22,2504178
87,23,590047
87,24,704080
87,25,860130
87,26,1373750
87,27,578493
87,28,1279622
87,29,757201
87,30,594168
87,31,727595
87,32,1441063
87,33,2121432
87,34,537114
87,35,1325967
87,36,521264
87,37,1444710
87,38,480864
87,39,1074231
87,40,523574
87,41,690003
87,42,805246
87,43,1358130
87,44,758914
87,45,1875641
87,46,637060
87,47,1256141
87,48,745825
87,49,838348
87,50,1574862
87,51,1175714
87,52,630758
87,53,1904472
87,54,974011
87,55,492961
87,56,699536
87,57,837687
87,58,1761531
87,59,2276057
87,60,2239951
87,61,790820
87,62,12353910
87,63,1054571
87,64,1942494
87,65,2114779
87,66,1347937
87,67,515324
87,68,503654
87,69,679105
87,70,667200
87,71,698055
87,72,546777
87,73,695492
87,74,628371
87,75,1613467
87,76,4146249
87,77,481220
87,78,1582071
87,79,852929
87,80,530615
87,81,806305
87,82,504311
87,83,689736
87,84,549894
87,85,5164217
87,86,648195
87,88,522858
87,89,7841229
87,90,566748
87,91,1709694
87,92,602214
87,93,562738
87,94,531533
87,95,1080481
87,96,648009
87,97,11818554
87,98,646992
87,99,564498
87,100,1513779
87,101,2365921
87,102,680446
87,103,1875135
87,104,2315936
87,105,576741
87,106,770611
87,107,1267969
87,108,529760
87,109,934113
87,110,973780
87,111,535631
87,112,779971
87,113,641507
87,114,7470007
87,115,487108
87,116,715158
87,117,945118
87,118,532782
87,119,936652
87,120,1759337
87,121,581705
87,122,636037
87,123,718762
87,124,538362
87,125,592914
87,126,1190608
87,127,1074086
88,0,1641036
88,1,973201
88,2,764578
88,3,14917194
88,4,15247776
88,5,615330
88,6,508379
88,7,1037168
88,8,649914
88,9,679002
88,10,810954
88,11,1570776
88,12,794097
88,13,638043
88,14,1417723
88,15,5845734
88,16,1026875
88,17,645106
88,18,759973
88,19,617981
88,20,726395
88,21,585880
88,22,8270945
88,23,2518819
88,24,574364
88,25,1748459
88,26,901103
88,27,969517
88,28,561058
88,29,601782
88,30,531741
88,31,841336
88,32,1826523
88,33,2022121
88,34,1548720
88,35,491912
88,36,1082681
88,37,908860
88,38,2079010
88,39,852414
88,40,1556660
88,41,742978
88,42,1157802
88,43,1428875
88,44,698603
88,45,904521
88,46,579823
88,47,494015
88,48,6862011
88,49,624637
88,50,511485
88,51,574329
88,52,483676
88,53,1629514
88,54,644328
88,55,992590
88,56,1104168
88,57,620910
88,58,3289668
88,59,1032785
88,60,1701115
88,61,561092
88,62,510643
88,63,922162
88,64,885933
88,65,856730
88,66,1507250
88,67,894831
88,68,931486
88,69,779058
88,70,649542
88,71,1538599
88,72,1160544
88,73,506801
88,74,1967491
88,75,1325040
88,76,759179
88,77,769451
88,78,540692
88,79,625234
88,80,567916
88,81,562199
88,82,535570
88,83,1260884
88,84,1085777
88,85,13652373
88,86,580112
88,87,497948
88,89,546840
88,90,795858
88,91,885185
88,92,9683437
88,93,1244759
88,94,1203878
88,95,5062731
88,96,627078
88,97,3854605
88,98,630192
88,99,537023
88,100,586212
88,101,597079
88,102,511322
88,103,1914482
88,104,1026614
88,105,485168
88,106,528001
88,107,592345
88,108,784213
88,109,506110
88,110,611198
88,111,580509
88,112,4795943
88,113,1898730
88,114,652631
88,115,598664
88,116,489189
88,117,593293
88,118,663367
88,119,551693
88,120,870786
88,121,647177
88,122,3412898
88,123,741972
88,124,1356419
88,125,686397
88,126,4507239
88,127,1324345
89,0,1940306
89,1,606010
89,2,735565
89,3,805700
89,4,1171133
89,5,6394779
89,6,1932693
89,7,2167952
89,8,623785
89,9,20973702
89,10,1413157
89,11,1008966
89,12,510183
89,13,695058
89,14,2761777
89,15,549191
89,16,719817
89,17,1712576
89,18,1015408
89,19,4060826
89,20,1305233
89,21,715273
89,22,530173
89,23,689204
89,24,528060
89,25,775017
89,26,1204812
89,27,1243353
89,28,723890
89,29,659825
89,30,828961
89,31,578636
89,32,4435765
89,33,764914
89,34,1232819
89,35,951225
89,36,1230658
89,37,487621
89,38,484348
89,39,681586
89,40,997452
89,41,558393
89,42,3979263
89,43,1010600
89,44,486427
89,45,601077
89,46,1179264
89,47,1546750
89,48,601664
89,49,506402
89,50,593787
89,51,1905520
89,52,1366014
89,53,1250218
89,54,1581037
89,55,597851
89,56,769246
89,57,706096
89,58,1557325
89,59,986349
89,60,904619
89,61,511050
89,62,1450076
89,63,6689062
89,64,529908
89,65,1125516
89,66,5006724
89,67,1640287
89,68,524320
89,69,1611307
89,70,370784448
89,71,1186077
89,72,5296409
89,73,1689425
89,74,803214
89,75,516739
89,76,508566
89,77,23030201
89,78,1518797
89,79,4387230
89,80,832280
89,81,678694
89,82,589822
89,83,607248
89,84,719641
89,85,543606
89,86,4167479
89,87,1130999
89,88,1302776
89,90,4881301
89,91,1166767
89,92,523717
89,93,644648
89,94,552954
89,95,760039
89,96,533409
89,97,606249
89,98,1836114
89,99,798663
89,100,622725
89,101,704527
89,102,16480282
89,103,936016
89,104,3933138
89,105,2221266
89,106,684505
89,107,1314939
89,108,4421775
89,109,2136914
89,110,1481455
89,111,798589
89,112,633341
89,113,788004
89,114,817535
89,115,490200
89,116,591892
89,117,552500
89,118,735073
89,119,578708
89,120,838265
89,121,648658
89,122,2099002
89,123,5591043
89,124,491117
89,125,509832
89,126,766060
89,127,893207
90,0,643324
90,1,1734753
90,2,15135763
90,3,887810
90,4,788220
90,5,588067
90,6,568226
90,7,972623
90,8,558162
90,9,506429
90,10,2920048
90,11,833502
90,12,533498
90,13,552371
90,14,558062
90,15,144415837
90,16,591778
90,17,983380
90,18,1847774
90,19,539309
90,20,688619
90,21,788796
90,22,714926
90,23,2870324
90,24,708182
90,25,710167
90,26,1097607
90,27,2305417
90,28,1123435
90,29,5813281
90,30,908067
90,31,612500
90,32,5538428
90,33,1196465
90,34,1872106
90,35,545957
90,36,705759
90,37,906389
90,38,600140
90,39,788436
90,40,1568742
90,41,1397040
90,42,4808532
90,43,1062957
90,44,552759
90,45,1866081
90,46,1528307
90,47,10340078
90,48,2557803
90,49,1116299
90,50,575745
90,51,1559660
90,52,6331542
90,53,735319
90,54,484108
90,55,3223138
90,56,599790
90,57,495757
90,58,506881
90,59,727115
90,60,695764
90,61,619358
90,62,3695954
90,63,1241950
90,64,906192
90,65,765251
90,66,662831
90,67,1451496
90,68,850958
90,69,588663
90,70,1508179
90,71,1642537
90,72,721522
90,73,937608
90,74,762168
90,75,809729
90,76,779619
90,77,528703
90,78,1351315
90,79,1385413
90,80,1666579
90,81,510508
90,82,2252861
90,83,585954
90,84,666952
90,85,606808
90,86,1694240
90,87,1609511
90,88,845694
90,89,575993
90,91,1340761
90,92,962579
90,93,2199300
90,94,526574
90,95,719406
90,96,1703149
90,97,754973
90,98,592270
90,99,21090142
90,100,1016938
90,101,499954
90,102,4057951
90,103,694624
90,104,2301399
90,105,2413928
90,106,584995
90,107,2017339
90,108,570684
90,109,481030
90,110,572746
90,111,1347696
90,112,782722
90,113,2200749
90,114,1726308
90,115,4280648
90,116,829203
90,117,522288
90,118,598741
90,119,490695
90,120,982788
90,121,513451
90,122,1023755
90,123,1304786
90,124,2993307
90,125,871597
90,126,551500
90,127,489534
91,0,2143725
91,1,1030675
91,2,502266
91,3,1793822
91,4,8661442
91,5,1152361
91,6,2973179
91,7,3987530
91,8,884625
91,9,1490747
91,10,2387474
91,11,559090
91,12,641870
91,13,1017065
91,14,1283489
91,15,760703
91,16,11420369
91,17,1506631
91,18,563346
91,19,2540644
91,20,2136235
91,21,514303
91,22,1434663
91,23,861534
91,24,775710
91,25,1895096
91,26,622301
91,27,598199
91,28,725678
91,29,5312154
91,30,552695
91,31,510318
91,32,707786
91,33,724544
91,34,2444719
91,35,1147815
91,36,737047
91,37,1149662
91,38,3885592
91,39,499696
91,40,5781229
91,41,583345
91,42,2677729
91,43,811338
91,44,652725
91,45,580763
91,46,749660
91,47,9185313
91,48,815742
91,49,510833
91,50,775571
91,51,684925
91,52,743356
91,53,597465
91,54,531029
91,55,632638
91,56,730554
91,57,1244156
91,58,542610
91,59,1241750
91,60,2177109
91,61,6172038
91,62,774048
91,63,735381
91,64,10387455
91,65,630714
91,66,564939
91,67,506695
91,68,1811877
91,69,3709982
91,70,4842470
91,71,646301
91,72,1085186
91,73,814036
91,74,1238757
91,75,2424695
91,76,989099
91,77,1999630
91,78,670382
91,79,920832
91,80,623063
91,81,1516597
91,82,815664
91,83,761768
91,84,800894
91,85,516183
91,86,595965
91,87,2308642
91,88,510752
91,89,834646
91,90,4049352
91,92,1012998
91,93,685976
91,94,551371
91,95,622428
91,96,730129
91,97,1880208
91,98,573343
91,99,848742
91,100,3777067
91,101,994043
91,102,557765
91,103,1358375
91,104,585364
91,105,709088
91,106,589336
91,107,1075677
91,108,520131
91,109,503443
91,110,1578973
91,111,485530
91,112,667992
91,113,1417184
91,114,890547
91,115,1556327
91,116,12679858
91,117,542579
91,118,625405
91,119,649076
91,120,514744
91,121,682417
91,122,4709852
91,123,1554666
91,124,23319892
91,125,702188
91,126,756478
91,127,1534077
92,0,530586
92,1,1411286
92,2,4920839
92,3,518079
92,4,504839
92,5,565416
92,6,969058
92,7,2558821
92,8,540723
92,9,17259655
92,10,925349
92,11,487303
92,12,815431
92,13,965522
92,14,661227
92,15,900228
92,16,936334
92,17,1387721
92,18,1536981
92,19,577704
92,20,655944
92,21,1491955
92,22,1562674
92,23,898292
92,24,792855
92,25,840254
92,26,540600
92,27,581923
92,28,514689
92,29,713198
92,30,688407
92,31,579787
92,32,512247
92,33,1935404
92,34,1308601
92,35,500653
92,36,571277
92,37,1412889
92,38,607288
92,39,3243819
92,40,577955
92,41,1210072
92,42,582142
92,43,555855
92,44,686134
92,45,482599
92,46,495656
92,47,1224613
92,48,1287165
92,49,1385157
92,50,1088894
92,51,737728
92,52,1156607
92,53,1702335
92,54,635062
92,55,608451
92,56,686608
92,57,1187885
92,58,755888
92,59,489731
92,60,648241
92,61,1458355
92,62,1265876
92,63,564769
92,64,851900
92,65,1156436
92,66,533468
92,67,1233607
92,68,1135560
92,69,582105
92,70,536356
92,71,494594
92,72,1998462
92,73,488944
92,74,928562
92,75,1288685
92,76,1422595
92,77,722231
92,78,941453
92,79,715389
92,80,1528945
92,81,577526
92,82,713428
92,83,516461
92,84,956753
92,85,106602312
92,86,500394
92,87,624423
92,88,4754509
92,89,1402278
92,90,822965
92,91,15477500
92,93,511403
92,94,909554
92,95,937820
92,96,1363786
92,97,933165
92,98,788076
92,99,819257
92,100,637328
92,101,507068
92,102,696416
92,103,513918
92,104,782368
92,105,901881
92,106,736120
92,107,636571
92,108,675880
92,109,1655032
92,110,903835
92,111,1810007
92,112,817378
92,113,563447
92,114,728980
92,115,612337
92,116,1952960
92,117,545579
92,118,629888
92,119,4158350
92,120,869169
92,121,641462
92,122,2487815
92,123,502972
92,124,933692
92,125,745635
92,126,510887
92,127,859867
93,0,577347
93,1,737542
93,2,499309
93,3,711593
93,4,993801
93,5,1176245
93,6,783502
93,7,489042
93,8,938140
93,9,1340285
93,10,515158
93,11,538636
93,12,738411
93,13,1227140
93,14,3124024
93,15,1464996
93,16,634973
93,17,553668
93,18,556611
93,19,508110
93,20,520555
93,21,1594253
93,22,698109
93,23,1838046
93,24,499644
93,25,1032125
93,26,561259
93,27,830091
93,28,914450
93,29,717770
93,30,1527668
93,31,1595307
93,32,534577
93,33,1572135
93,34,527534
93,35,1493772
93,36,493387
93,37,1641411
93,38,979843
93,39,840088
93,40,593369
93,41,614055
93,42,697453
93,43,501692
93,44,718879
93,45,812800
93,46,823283
93,47,4245340
93,48,497079
93,49,2547678
93,50,832606
93,51,1566039
93,52,496189
93,53,1448377
93,54,738101
93,55,785139
93,56,729706
93,57,1184096
93,58,530852
93,59,1234791
93,60,778428
93,61,488061
93,62,1820349
93,63,515601
93,64,892350
93,65,627810
93,66,1132948
93,67,599129
93,68,550696
93,69,552306
93,70,15837102
93,71,987184
93,72,600569
93,73,1020140
93,74,956308
93,75,3547026
93,76,604066
93,77,3470405
93,78,1450644
93,79,1839498
93,80,511893
93,81,598819
93,82,3572702
93,83,752111
93,84,7597133
93,85,611076
93,86,578995
93,87,509158
93,88,732256
93,89,715678
93,90,760836
93,91,1207999
93,92,5048597
93,94,948379
93,95,13785948
93,96,512357
93,97,752760
93,98,737109
93,99,708465
93,100,800372
93,101,3254271
93,102,1752792
93,103,516990
93,104,1321116
93,105,518163
93,106,483292
93,107,483340
93,108,1544131
93,109,712968
93,110,485240
93,111,861710
93,112,500135
93,113,3031513
93,114,789012
93,115,982434
93,116,1419884
93,117,1409155
93,118,936546
93,119,551339
93,120,523775
93,121,529613
93,122,700528
93,123,1202946
93,124,514634
93,125,741532
93,126,1204999
93,127,938566
94,0,749724
94,1,852157
94,2,558360
94,3,511213
94,4,1633581
94,5,738908
94,6,977968
94,7,504971
94,8,2058194
94,9,528615
94,10,489953
94,11,1691428
94,12,2803571
94,13,548013
94,14,780393
94,15,2716691
94,16,709031
94,17,1117402
94,18,1229678
94,19,858208
94,20,678026
94,21,1086517
94,22,937076
94,23,545485
94,24,10733310
94,25,1195362
94,26,1674770
94,27,481647
94,28,735135
94,29,504892
94,30,1591100
94,31,956197
94,32,6135382
94,33,1067634
94,34,2756952
94,35,1557992
94,36,2115442
94,37,542548
94,38,3494844
94,39,565518
94,40,682573
94,41,1483840
94,42,739469
94,43,518023
94,44,634002
94,45,504469
94,46,577097
94,47,482337
94,48,538057
94,49,1416108
94,50,481790
94,51,1106478
94,52,877782
94,53,501380
94,54,656039
94,55,1111130
94,56,541371
94,57,3080073
94,58,2265166
94,59,2007261
94,60,919303
94,61,511186
94,62,1888390
94,63,529496
94,64,626347
94,65,122313253
94,66,493613
94,67,562267
94,68,715215
94,69,2174988
94,70,1526394
94,71,4032279
94,72,689630
94,73,510129
94,74,633737
94,75,3370681
94,76,2011397
94,77,869797
94,78,1207435
94,79,668290
94,80,1954625
94,81,508540
94,82,1607720
94,83,538850
94,84,614137
94,85,484517
94,86,1314256
94,87,589897
94,88,3496898
94,89,731891
94,90,553570
94,91,485700
94,92,736367
94,93,1945236
94,95,523259
94,96,14302001
94,97,682990
94,98,849507
94,99,3717042
94,100,531444
94,101,503916
94,102,608893
94,103,599907
94,104,37133238
94,105,1145640
94,106,1918732
94,107,609135
94,108,3478508
94,109,1421238
94,110,1394957
94,111,673952
94,112,774878
94,113,645015
94,114,875952
94,115,528030
94,116,506721
94,117,835384
94,118,542269
94,119,511267
94,120,14204956
94,121,511077
94,122,800298
94,123,877965
94,124,697726
94,125,759841
94,126,1484139
94,127,820437
95,0,881281
95,1,517296
95,2,1786986
95,3,2021522
95,4,961340
95,5,835712
95,6,520499
95,7,686819
95,8,1519112
95,9,628241
95,10,568260
95,11,1593200
95,12,3693627
95,13,501718
95,14,723593
95,15,2561879
95,16,563278
95,17,497564
95,18,560790
95,19,1141319
95,20,1019626
95,21,1126640
95,22,1105399
95,23,802239
95,24,498512
95,25,498564
95,26,521747
95,27,44265933
95,28,2196408
95,29,1039576
95,30,1298778
95,31,513040
95,32,762435
95,33,928874
95,34,670482
95,35,544763
95,36,762568
95,37,971931
95,38,839590
95,39,8186367
95,40,722172
95,41,658189
95,42,1738156
95,43,1604863
95,44,7261317
95,45,792127
95,46,758782
95,47,528528
95,48,1067919
95,49,648984
95,50,1890448
95,51,1349141
95,52,3101873
95,53,1276208
95,54,901297
95,55,5794002
95,56,521434
95,57,533827
95,58,558029
95,59,886121
95,60,720992
95,61,1127122
95,62,512220
95,63,545045
95,64,3224850
95,65,1022719
95,66,588290
95,67,492436
95,68,538087
95,69,5705903
95,70,481552
95,71,535902
95,72,660452
95,73,1760653
95,74,525560
95,75,1401753
95,76,2145093
95,77,660308
95,78,801043
95,79,640152
95,80,1602729
95,81,4149267
95,82,517715
95,83,555298
95,84,1327825
95,85,3620879
95,86,577454
95,87,616321
95,88,497539
95,89,905110
95,90,719289
95,91,496290
95,92,757727
95,93,855863
95,94,1645546
95,96,1256757
95,97,618314
95,98,2012582
95,99,796152
95,100,1247179
95,101,6610508
95,102,502710
95,103,704471
95,104,3652306
95,105,1036234
95,106,489263
95,107,494292
95,108,502422
95,109,731221
95,110,1146643
95,111,966318
95,112,603079
95,113,3307694
95,114,1275995
95,115,521150
95,116,503234
95,117,851044
95,118,1369246
95,119,607568
95,120,497897
95,121,1110819
95,122,595658
95,123,1214051
95,124,860393
95,125,1259436
95,126,706940
95,127,493061
96,0,1397823
96,1,711479
96,2,555233
96,3,859605
96,4,701745
96,5,596003
96,6,1328523
96,7,489116
96,8,821225
96,9,14551277
96,10,3368790
96,11,512931
96,12,2197130
96,13,1746301
96,14,1012492
96,15,2048269
96,16,1827954
96,17,1096093
96,18,578780
96,19,958314
96,20,842504
96,21,938033
96,22,3609801
96,23,1787440
96,24,522202
96,25,618522
96,26,1774379
96,27,698219
96,28,672589
96,29,1895615
96,30,1906569
96,31,7250695
96,32,1086221
96,33,581814
96,34,975055
96,35,1383368
96,36,564192
96,37,536416
96,38,650101
96,39,1312214
96,40,526603
96,41,583674
96,42,1969748
96,43,593103
96,44,4529190
96,45,482719
96,46,3133626
96,47,1087110
96,48,614178
96,49,576242
96,50,526400
96,51,1680282
96,52,780322
96,53,672740
96,54,563955
96,55,1997878
96,56,711136
96,57,7853900
96,58,860568
96,59,715852
96,60,1452919
96,61,3314966
96,62,611157
96,63,712108
96,64,9622868
96,65,1575888
96,66,675169
96,67,523889
96,68,2635642
96,69,1655796
96,70,639567
96,71,810494
96,72,1685436
96,73,608210
96,74,645382
96,75,984565
96,76,643598
96,77,2239197
96,78,603434
96,79,1242952
96,80,607128
96,81,756872
96,82,2472632
96,83,488575
96,84,963935
96,85,6576256
96,86,486524
96,87,534457
96,88,1271756
96,89,1104629
96,90,888374
96,91,506748
96,92,1731364
96,93,916970
96,94,698877
96,95,1053049
96,97,2077099
96,98,995988
96,99,929917
96,100,3266562
96,101,3171060
96,102,959208
96,103,1269019
96,104,1510040
96,105,1585184
96,106,549926
96,107,507148
96,108,9703818
96,109,537722
96,110,705087
96,111,857425
96,112,706490
96,113,2501273
96,114,5681282
96,115,946637
96,116,1465867
96,117,4988364
96,118,939740
96,119,9999646
96,120,11023855
96,121,619860
96,122,782510
96,123,918287
96,124,1054709
96,125,2890251
96,126,729343
96,127,546682
97,0,846707
97,1,569089
97,2,508405
97,3,1076692
97,4,521377
97,5,687453
97,6,502919
97,7,957421
97,8,630889
97,9,502396
97,10,2535647
97,11,603828
97,12,2339796
97,13,554514
97,14,739594
97,15,825112
97,16,502605
97,17,522231
97,18,7325791
97,19,977734
97,20,951005
97,21,789084
97,22,1001257
97,23,1867082
97,24,555070
97,25,949034
97,26,528557
97,27,1019755
97,28,1961314
97,29,2425597
97,30,5100859
97,31,679723
97,32,2000215
97,33,510075
97,34,647269
97,35,905306
97,36,1413425
97,37,679878
97,38,745698
97,39,562334
97,40,1161576
97,41,1105091
97,42,663172
97,43,786282
97,44,1295248
97,45,990179
97,46,1076402
97,47,615165
97,48,2188499
97,49,1754967
97,50,584959
97,51,644465
97,52,665375
97,53,2874285
97,54,500161
97,55,944361
97,56,11569901
97,57,657375
97,58,3625331
97,59,540046
97,60,3216310
97,61,483700
97,62,646485
97,63,865066
97,64,1035037
97,65,1007589
97,66,1272390
97,67,499799
97,68,3275406
97,69,969173
97,70,836123
97,71,558493
97,72,585069
97,73,1578286
97,74,1329922
97,75,509023
97,76,494493
97,77,612908
97,78,1074809
97,79,1278126
97,80,691768
97,81,1371744
97,82,4685888
97,83,496952
97,84,2004318
97,85,541062
97,86,541464
97,87,14015239
97,88,679208
97,89,754777
97,90,494468
97,91,5370801
97,92,1860099
97,93,4407884
97,94,2265940
97,95,833747
97,96,498923
97,98,1879191
97,99,813959
97,100,549958
97,101,2403267
97,102,1036501
97,103,1175891
97,104,1851698
97,105,845779
97,106,606050
97,107,547410
97,108,1676341
97,109,587955
97,110,1447529
97,111,1787894
97,112,3638762
97,113,1834187
97,114,520244
97,115,1761092
97,116,1127283
97,117,539677
97,118,3196021
97,119,1503239
97,120,934852
97,121,2319194
97,122,644603
97,123,1913952
97,124,1502932
97,125,1043347
97,126,764242
97,127,902857
98,0,1467031
98,1,1873115
98,2,1144807
98,3,1137034
98,4,1196281
98,5,3901296
98,6,760969
98,7,1098669
98,8,1104937
98,9,649961
98,10,491863
98,11,544137
98,12,1792450
98,13,564430
98,14,575461
98,15,546083
98,16,490819
98,17,2124106
98,18,4046495
98,19,1190063
98,20,2023321
98,21,806002
98,22,634178
98,23,609579
98,24,833584
98,25,564633
98,26,1074375
98,27,660646
98,28,486451
98,29,735812
98,30,551532
98,31,986468
98,32,499541
98,33,2272933
98,34,875223
98,35,5532650
98,36,2585599
98,37,1222484
98,38,801267
98,39,675473
98,40,1288903
98,41,1486234
98,42,661955
98,43,1272813
98,44,1038236
98,45,648705
98,46,571451
98,47,3998612
98,48,1136378
98,49,675982
98,50,572185
98,51,523603
98,52,825591
98,53,494998
98,54,618064
98,55,6899714
98,56,1165725
98,57,1063239
98,58,492237
98,59,6209191
98,60,928770
98,61,1296128
98,62,862855
98,63,7136120
98,64,1095791
98,65,498898
98,66,660066
98,67,1390553
98,68,4581357
98,69,593521
98,70,603394
98,71,487865
98,72,1298115
98,73,615247
98,74,841169
98,75,1638792
98,76,1678309
98,77,3804176
98,78,571102
98,79,2390090
98,80,527505
98,81,4974692
98,82,1844356
98,83,15961194
98,84,530291
98,85,1479672
98,86,517185
98,87,7447405
98,88,1353740
98,89,595888
98,90,818082
98,91,3917144
98,92,632902
98,93,1276846
98,94,492137
98,95,78170534
98,96,513588
98,97,636971
98,99,6797133
98,100,597774
98,101,706209
98,102,900423
98,103,1262127
98,104,553116
98,105,1491049
98,106,4721937
98,107,603039
98,108,1769037
98,109,4654360
98,110,898389
98,111,541866
98,112,575178
98,113,481196
98,114,723771
98,115,728679
98,116,534217
98,117,578421
98,118,1455774
98,119,528293
98,120,506535
98,121,1129057
98,122,1133111
98,123,691500
98,124,5486914
98,125,793805
98,126,496774
98,127,782085
99,0,10178015
99,1,549670
99,2,34799814
99,3,1055541
99,4,2895618
99,5,801342
99,6,1858610
99,7,899453
99,8,635904
99,9,798145
99,10,1078437
99,11,733478
99,12,1773486
99,13,695927
99,14,979139
99,15,1651603
99,16,716781
99,17,833421
99,18,6824768
99,19,2528687
99,20,621626
99,21,1094886
99,22,1340998
99,23,570650
99,24,890641
99,25,954422
99,26,557864
99,27,703188
99,28,4075271
99,29,1119775
99,30,8491266
99,31,1148318
99,32,6099211
99,33,699042
99,34,1051670
99,35,559057
99,36,681741
99,37,3534343
99,38,1302331
99,39,1481753
99,40,767751
99,41,1454630
99,42,525300
99,43,3984770
99,44,569435
99,45,1018600
99,46,2439221
99,47,1583453
99,48,2388345
99,49,2463249
99,50,604501
99,51,659873
99,52,547822
99,53,539769
99,54,1069775
99,55,549766
99,56,557930
99,57,492561
99,58,2026327
99,59,6056435
99,60,5234462
99,61,866221
99,62,992832
99,63,681326
99,64,730857
99,65,9258177
99,66,702910
99,67,1187161
99,68,502893
99,69,568743
99,70,815898
99,71,929395
99,72,633693
99,73,9078403
99,74,1724212
99,75,1923004
99,76,703355
99,77,849422
99,78,540877
99,79,881003
99,80,627121
99,81,1310630
99,82,548362
99,83,2981768
99,84,1319738
99,85,1922468
99,86,1051946
99,87,578170
99,88,19006162
99,89,864003
99,90,902076
99,91,895023
99,92,3995835
99,93,503732
99,94,1313121
99,95,944794
99,96,835138
99,97,486865
99,98,1211773
99,100,1300330
99,101,1567389
99,102,494166
99,103,1753226
99,104,526894
99,105,2057571
99,106,502161
99,107,5436466
99,108,2727219
99,109,535600
99,110,2287067
99,111,520725
99,112,728076
99,113,629453
99,114,534397
99,115,1615273
99,116,715447
99,117,2026929
99,118,2913216
99,119,680188
99,120,873587
99,121,1256346
99,122,578600
99,123,643826
99,124,616735
99,125,674306
99,126,1185717
99,127,792054
100,0,633605
100,1,14653751
100,2,650989
100,3,907079
100,4,1162783
100,5,4283891
100,6,545548
100,7,6285029
100,8,490968
100,9,731161
100,10,5067462
100,11,1501090
100,12,725439
100,13,531207
100,14,557335
100,15,504654
100,16,535269
100,17,1363045
100,18,1114256
100,19,2974606
100,20,1415839
100,21,1040919
100,22,705872
100,23,705143
100,24,753084
100,25,628501
100,26,1044566
100,27,781026
100,28,1116929
100,29,1527987
100,30,537509
100,31,623615
100,32,710338
100,33,641734
100,34,524349
100,35,758320
100,36,839756
100,37,822886
100,38,697617
100,39,559889
100,40,1180334
100,41,938992
100,42,911845
100,43,575922
100,44,857773
100,45,531770
100,46,702355
100,47,636393
100,48,2132175
100,49,2405037
100,50,620952
100,51,590423
100,52,629801
100,53,13741097
100,54,719523
100,55,1071495
100,56,1073942
100,57,746334
100,58,560556
100,59,1011986
100,60,709997
100,61,981254
100,62,494771
100,63,550407
100,64,565314
100,65,1526076
100,66,555102
100,67,986707
100,68,604659
100,69,7741499
100,70,505553
100,71,1469364
100,72,555495
100,73,3898669
100,74,524551
100,75,5718304
100,76,868452
100,77,586175
100,78,1128411
100,79,3834254
100,80,679517
100,81,561226
100,82,534277
100,83,509185
100,84,560891
100,85,930648
100,86,2066968
100,87,565996
100,88,950566
100,89,1171835
100,90,2515876
100,91,948270
100,92,677105
100,93,2229444
100,94,566714
100,95,2871643
100,96,10200816
100,97,2446558
100,98,617315
100,99,512575
100,101,1311988
100,102,509724
100,103,754255
100,104,507575
100,105,748697
100,106,1480266
100,107,1516911
100,108,2154724
100,109,524263
100,110,793512
100,111,484613
100,112,696852
100,113,641417
100,114,1626937
100,115,487718
100,116,565723
100,117,880634
100,118,9663152
100,119,598431
100,120,598083
100,121,616776
100,122,759377
100,123,3342562
100,124,1756276
100,125,1133437
100,126,1244960
100,127,566851
101,0,481980
101,1,562637
101,2,983616
101,3,644145
101,4,664247
101,5,3238620
101,6,657710
101,7,506349
101,8,710623
101,9,544481
101,10,708861
101,11,1321807
101,12,732500
101,13,1995548
101,14,632025
101,15,631806
101,16,673699
101,17,659295
101,18,494821
101,19,1026354
101,20,787429
101,21,6435029
101,22,3799215
101,23,858121
101,24,753994
101,25,794903
101,26,857512
101,27,578744
101,28,652678
101,29,583382
101,30,985635
101,31,2208758
101,32,764713
101,33,1733056
101,34,9276596
101,35,757529
101,36,763840
101,37,755038
101,38,15191537
101,39,572781
101,40,1831304
101,41,1364033
101,42,875770
101,43,574188
101,44,606608
101,45,585991
101,46,668886
101,47,2564945
101,48,1320657
101,49,1631360
101,50,582688
101,51,2039673
101,52,1035303
101,53,595199
101,54,596425
101,55,1649705
101,56,3757623
101,57,891305
101,58,658046
101,59,1300996
101,60,493965
101,61,551146
101,62,1107714
101,63,994650
101,64,2925540
101,65,1017704
101,66,500368
101,67,608411
101,68,736429
101,69,666607
101,70,4938644
101,71,673497
101,72,1250624
101,73,510670
101,74,530084
101,75,548108
101,76,932325
101,77,838927
101,78,484445
101,79,2220526
101,80,679311
101,81,2450245
101,82,621246
101,83,799926
101,84,1705188
101,85,1813283
101,86,485579
101,87,1355687
101,88,1031202
101,89,547505
101,90,4540256
101,91,981372
101,92,607608
101,93,785210
101,94,2031157
101,95,508674
101,96,2836506
101,97,482958
101,98,623828
101,99,744493
101,100,1122318
101,102,682053
101,103,532603
101,104,714061
101,105,2951948
101,106,2040284
101,107,1462968
101,108,1371244
101,109,1095640
101,110,971585
101,111,2658715
101,112,567744
101,113,8790119
101,114,578349
101,115,524810
101,116,1069489
101,117,603118
101,118,645152
101,119,864977
101,120,939312
101,121,689896
101,122,1845331
101,123,5650840
101,124,956975
101,125,507816
101,126,611726
101,127,927627
102,0,1211584
102,1,510589
102,2,496595
102,3,1377529
102,4,541773
102,5,1345056
102,6,49958874
102,7,3128817
102,8,6662644
102,9,1279837
102,10,1102022
102,11,838679
102,12,1387464
102,13,2490685
102,14,524062
102,15,559290
102,16,590949
102,17,489411
102,18,3140065
102,19,504522
102,20,997942
102,21,601821
102,22,548649
102,23,501432
102,24,834974
102,25,522516
102,26,906980
102,27,1739437
102,28,1299000
102,29,897906
102,30,3000570
102,31,840753
102,32,12215004
102,33,1339573
102,34,761634
102,35,3750389
102,36,2747358
102,37,2991859
102,38,3551277
102,39,1327127
102,40,1145974
102,41,1195913
102,42,3464355
102,43,6742610
102,44,568536
102,45,696961
102,46,482790
102,47,3862299
102,48,1191519
102,49,651176
102,50,6947505
102,51,717013
102,52,5270398
102,53,1029492
102,54,522345
102,55,560089
102,56,541217
102,57,1136706
102,58,528381
102,59,487352
102,60,987065
102,61,551403
102,62,741031
102,63,504548
102,64,873044
102,65,999781
102,66,1422052
102,67,515407
102,68,1909199
102,69,1678703
102,70,714234
102,71,777171
102,72,1169208
102,73,1361567
102,74,1225972
102,75,489239
102,76,560824
102,77,489066
102,78,561527
102,79,559024
102,80,626777
102,81,912344
102,82,505156
102,83,591854
102,84,5328005
102,85,586138
102,86,500627
102,87,2678857
102,88,7573658
102,89,661760
102,90,1118825
102,91,839176
102,92,642505
102,93,867915
102,94,603315
102,95,1994385
102,96,597388
102,97,526487
102,98,633165
102,99,775294
102,100,731525
102,101,526110
102,103,2650974
102,104,1622175
102,105,4173589
102,106,528879
102,107,1049884
102,108,19288960
102,109,1187704
102,110,5199073
102,111,1345535
102,112,609175
102,113,6976538
102,114,1492863
102,115,4532872
102,116,683720
102,117,3357493
102,118,3076986
102,119,21694901
102,120,4725981
102,121,3355618
102,122,1176954
102,123,790747
102,124,1427230
102,125,633253
102,126,13478733
102,127,754385
103,0,786354
103,1,584114
103,2,909455
103,3,640739
103,4,556118
103,5,1620717
103,6,6402783
103,7,632419
103,8,1246169
103,9,3498955
103,10,791545
103,11,3598800
103,12,514166
103,13,527797
103,14,1431900
103,15,485313
103,16,809271
103,17,1065502
103,18,556742
103,19,587844
103,20,551274
103,21,751658
103,22,897039
103,23,643142
103,24,938672
103,25,2883575
103,26,516017
103,27,579859
103,28,940596
103,29,580690
103,30,1762851
103,31,494367
103,32,641145
103,33,677873
103,34,638535
103,35,1908672
103,36,1464706
103,37,492386
103,38,512002
103,39,595773
103,40,533528
103,41,519680
103,42,1060425
103,43,887340
103,44,569608
103,45,889601
103,46,482289
103,47,1482349
103,48,532871
103,49,873225
103,50,971125
103,51,705367
103,52,955864
103,53,791110
103,54,1789258
103,55,614918
103,56,974591
103,57,908265
103,58,486160
103,59,489583
103,60,674661
103,61,720698
103,62,982552
103,63,613481
103,64,555757
103,65,493337
103,66,2928295
103,67,1087852
103,68,567194
103,69,840005
103,70,1040516
103,71,1485935
103,72,778638
103,73,519145
103,74,1053602
103,75,825352
103,76,688513
103,77,993195
103,78,583748
103,79,672086
103,80,832850
103,81,737418
103,82,631718
103,83,1552017
103,84,529231
103,85,524177
103,86,1174124
103,87,872862
103,88,558195
103,89,861446
103,90,643415
103,91,860218
103,92,575390
103,93,1002121
103,94,2500306
103,95,631981
103,96,532394
103,97,610711
103,98,635239
103,99,559589
103,100,2728394
103,101,696743
103,102,929812
103,104,818004
103,105,548744
103,106,26352893
103,107,1006964
103,108,4170531
103,109,575426
103,110,871958
103,111,822252
103,112,3089373
103,113,757003
103,114,1647056
103,115,1294588
103,116,496977
103,117,654093
103,118,623148
103,119,831793
103,120,686713
103,121,3826684
103,122,2072019
103,123,1194445
103,124,490324
103,125,1198678
103,126,676339
103,127,879343
104,0,1881736
104,1,818317
104,2,1006465
104,3,1384390
104,4,6216682
104,5,490448
104,6,536598
104,7,862590
104,8,624765
104,9,801940
104,10,563752
104,11,583089
104,12,496850
104,13,1433556
104,14,589523
104,15,515573
104,16,662149
104,17,1869088
104,18,610468
104,19,1449226
104,20,1778409
104,21,2173577
104,22,995015
104,23,1725889
104,24,773289
104,25,1285865
104,26,921343
104,27,4343218
104,28,42486260
104,29,492062
104,30,2740212
104,31,514937
104,32,1376771
104,33,506004
104,34,2497411
104,35,625619
104,36,830010
104,37,4303463
104,38,508191
104,39,1254910
104,40,496341
104,41,543762
104,42,2107515
104,43,597581
104,44,4762732
104,45,1222870
104,46,531059
104,47,526952
104,48,3819148
104,49,3877792
104,50,689257
104,51,589935
104,52,1670078
104,53,513342
104,54,525907
104,55,594054
104,56,796668
104,57,767615
104,58,7424956
104,59,529349
104,60,595160
104,61,3010805
104,62,646669
104,63,1262750
104,64,532156
104,65,664639
104,66,661469
104,67,1260263
104,68,687771
104,69,659343
104,70,633077
104,71,556940
104,72,542766
104,73,550985
104,74,753539
104,75,639253
104,76,601038
104,77,594664
104,78,627336
104,79,928250
104,80,803289
104,81,1192432
104,82,497207
104,83,546525
104,84,973086
104,85,707843
104,86,487938
104,87,768974
104,88,857164
104,89,611441
104,90,891685
104,91,1145474
104,92,2907775
104,93,3525944
104,94,720228
104,95,582943
104,96,1736878
104,97,1239155
104,98,921241
104,99,1661168
104,100,496417
104,101,1901335
104,102,777799
104,103,1021815
104,105,3167765
104,106,1579316
104,107,866132
104,108,774325
104,109,593027
104,110,683146
104,111,11600338
104,112,760106
104,113,1165551
104,114,492986
104,115,521633
104,116,1555994
104,117,585106
104,118,600296
104,119,683877
104,120,504179
104,121,781732
104,122,7271974
104,123,1231836
104,124,578027
104,125,1183018
104,126,1392104
104,127,767209
105,0,2521770
105,1,638669
105,2,630366
105,3,12389195
105,4,609659
105,5,629627
105,6,4775125
105,7,490472
105,8,530379
105,9,1809073
105,10,2687920
105,11,733539
105,12,3240351
105,13,2099654
105,14,1206309
105,15,4442798
105,16,584701
105,17,1237167
105,18,593559
105,19,567297
105,20,489165
105,21,618022
105,22,488183
105,23,1614189
105,24,491291
105,25,590912
105,26,524608
105,27,3130418
105,28,1102175
105,29,888469
105,30,701302
105,31,609821
105,32,2122100
105,33,1385669
105,34,828558
105,35,1335788
105,36,854566
105,37,540446
105,38,845863
105,39,543918
105,40,482408
105,41,632858
105,42,782864
105,43,753734
105,44,1214431
105,45,719582
105,46,648798
105,47,791691
105,48,1276633
105,49,694029
105,50,716374
105,51,579679
105,52,1011356
105,53,11051150
105,54,1128250
105,55,897424
105,56,683825
105,57,3738402
105,58,1669299
105,59,502187
105,60,1060005
105,61,1660014
105,62,1815161
105,63,655563
105,64,495909
105,65,505394
105,66,1448660
105,67,1579660
105,68,720639
105,69,1044701
105,70,510860
105,71,1252865
105,72,635283
105,73,830172
105,74,4293652
105,75,481528
105,76,990300
105,77,3013744
105,78,498820
105,79,1648947
105,80,778918
105,81,636437
105,82,603987
105,83,2629133
105,84,4101565
105,85,992711
105,86,621795
105,87,1288468
105,88,1326663
105,89,1518167
105,90,2171464
105,91,737790
105,92,615783
105,93,1275145
105,94,806911
105,95,648519
105,96,828478
105,97,1050570
105,98,5832704
105,99,505897
105,100,956419
105,101,482910
105,102,2116770
105,103,1105245
105,104,2175695
105,106,2187068
105,107,1476415
105,108,2269042
105,109,1699897
105,110,524752
105,111,917072
105,112,1172538
105,113,591175
105,114,644191
105,115,738660
105,116,889223
105,117,855776
105,118,660743
105,119,724723
105,120,994772
105,121,1338861
105,122,1491653
105,123,561729
105,124,664443
105,125,1762411
105,126,22076915
105,127,710908
106,0,506136
106,1,596157
106,2,1560329
106,3,610954
106,4,2369340
106,5,1966928
106,6,1426410
106,7,626262
106,8,3259526
106,9,872772
106,10,491340
106,11,512302
106,12,5219229
106,13,35165648
106,14,608571
106,15,1656179
106,16,483916
106,17,1689825
106,18,565962
106,19,481671
106,20,1039844
106,21,827593
106,22,558460
106,23,629757
106,24,1517225
106,25,583053
106,26,672237
106,27,1817515
106,28,635593
106,29,852844
106,30,1475529
106,31,592156
106,32,3951984
106,33,6760675
106,34,794830
106,35,759046
106,36,634841
106,37,1095338
106,38,526429
106,39,2578327
106,40,498641
106,41,819571
106,42,539248
106,43,780885
106,44,11390983
106,45,613113
106,46,1061549
106,47,595122
106,48,1112378
106,49,851557
106,50,517018
106,51,1198863
106,52,1986864
106,53,4474757
106,54,934430
106,55,486184
106,56,831468
106,57,1374252
106,58,487547
106,59,482766
106,60,813032
106,61,3839319
106,62,1253069
106,63,498589
106,64,592610
106,65,1682260
106,66,778008
106,67,853704
106,68,503339
106,69,3544905
106,70,8677295
106,71,800074
106,72,589074
106,73,1005966
106,74,51652485
106,75,770680
106,76,542921
106,77,787932
106,78,2303004
106,79,1943589
106,80,2283909
106,81,657088
106,82,1069346
106,83,596502
106,84,1437716
106,85,804568
106,86,547347
106,87,916566
106,88,7879379
106,89,615288
106,90,2560858
106,91,616652
106,92,6292728
106,93,721817
106,94,588030
106,95,684348
106,96,919710
106,97,873859
106,98,555593
106,99,549319
106,100,487669
106,101,1337205
106,102,1539248
106,103,1581726
106,104,627767
106,105,921138
106,107,867558
106,108,4140228
106,109,1045924
106,110,919914
106,111,828719
106,112,8567678
106,113,5555842
106,114,621752
106,115,712681
106,116,514551
106,117,928146
106,118,6733618
106,119,534757
106,120,1528626
106,121,706884
106,122,1594955
106,123,730372
106,124,4397530
106,125,681067
106,126,628587
106,127,793147
107,0,2617291
107,1,795784
107,2,2520786
107,3,496138
107,4,568605
107,5,755234
107,6,501120
107,7,2572131
107,8,1399916
107,9,1316762
107,10,517520
107,11,1152699
107,12,1980549
107,13,657854
107,14,668985
107,15,483268
107,16,854479
107,17,9113728
107,18,1093832
107,19,1284136
107,20,645887
107,21,664835
107,22,577776
107,23,1675948
107,24,2320011
107,25,2009622
107,26,804417
107,27,560991
107,28,941024
107,29,2207297
107,30,638132
107,31,534427
107,32,1477893
107,33,1396519
107,34,812030
107,35,760371
107,36,705984
107,37,487767
107,38,605851
107,39,2205838
107,40,602096
107,41,1816102
107,42,644511
107,43,938246
107,44,776405
107,45,866577
107,46,762101
107,47,2295004
107,48,2185639
107,49,3882988
107,50,1220171
107,51,879619
107,52,2674351
107,53,5354662
107,54,1214241
107,55,708351
107,56,704807
107,57,698987
107,58,599945
107,59,310165508
107,60,3946579
107,61,742160
107,62,545674
107,63,602292
107,64,2349831
107,65,491888
107,66,742097
107,67,702299
107,68,708748
107,69,1108334
107,70,3103443
107,71,514882
107,72,674915
107,73,593141
107,74,524292
107,75,595237
107,76,6459454
107,77,1062675
107,78,505420
107,79,807367
107,80,8036250
107,81,2075191
107,82,1233213
107,83,1026484
107,84,13696574
107,85,635948
107,86,3831727
107,87,1429973
107,88,892255
107,89,869258
107,90,506322
107,91,753214
107,92,783360
107,93,1232622
107,94,913546
107,95,1129703
107,96,1178196
107,97,1047013
107,98,593179
107,99,837935
107,100,1731787
107,101,797405
107,102,1707233
107,103,555462
107,104,599984
107,105,690163
107,106,4035113
107,108,1094735
107,109,569331
107,110,750690
107,111,588925
107,112,921752
107,113,3192667
107,114,1208187
107,115,1080627
107,116,4195136
107,117,506083
107,118,2451169
107,119,663465
107,120,2274494
107,121,3677433
107,122,3650041
107,123,493513
107,124,515241
107,125,742726
107,126,922571
107,127,540661
108,0,755823
108,1,3634273
108,2,1645169
108,3,634708
108,4,703913
108,5,488502
108,6,618397
108,7,582980
108,8,1055403
108,9,532722
108,10,620741
108,11,2852002
108,12,737976
108,13,491788
108,14,502553
108,15,1114884
108,16,787573
108,17,2165152
108,18,865688
108,19,724128
108,20,767954
108,21,525358
108,22,512166
108,23,752695
108,24,513396
108,25,530438
108,26,1187342
108,27,637774
108,28,579319
108,29,535480
108,30,554254
108,31,1042671
108,32,819414
108,33,2145777
108,34,569054
108,35,4730033
108,36,854911
108,37,10996711
108,38,2983205
108,39,916465
108,40,533349
108,41,6164668
108,42,7917948
108,43,595390
108,44,1291083
108,45,1742861
108,46,529525
108,47,2523742
108,48,615660
108,49,626691
108,50,1636182
108,51,950347
108,52,712395
108,53,593711
108,54,830253
108,55,1829388
108,56,2157494
108,57,2040896
108,58,504417
108,59,591967
108,60,796005
108,61,1213670
108,62,878699
108,63,625961
108,64,1488336
108,65,518948
108,66,767277
108,67,1078874
108,68,2602393
108,69,817613
108,70,2073921
108,71,3049520
108,72,696471
108,73,2631299
108,74,68542249
108,75,2334814
108,76,2143041
108,77,1916073
108,78,1079166
108,79,1191155
108,80,3616439
108,81,4689863
108,82,514221
108,83,786497
108,84,573976
108,85,1754096
108,86,1348659
108,87,1960195
108,88,2796092
108,89,1108954
108,90,538820
108,91,759245
108,92,688778
108,93,3665964
108,94,576990
108,95,510102
108,96,890926
108,97,886308
108,98,4943118
108,99,809959
108,100,864711
108,101,990540
108,102,612296
108,103,15419341
108,104,3295052
108,105,891590
108,106,565689
108,107,2614083
108,109,2486860
108,110,1445273
108,111,1833225
108,112,2909133
108,113,689310
108,114,715505
108,115,32459818
108,116,798367
108,117,999044
108,118,596925
108,119,624978
108,120,501927
108,121,4623305
108,122,4701833
108,123,736738
108,124,15715161
108,125,2072653
108,126,1883778
108,127,1576572
109,0,995623
109,1,9043385
109,2,653290
109,3,518920
109,4,583199
109,5,1324808
109,6,497846
109,7,1384645
109,8,941668
109,9,1271968
109,10,705591
109,11,1508488
109,12,505050
109,13,854738
109,14,1163992
109,15,566954
109,16,1525440
109,17,3204440
109,18,941132
109,19,1017321
109,20,12249400
109,21,2418401
109,22,1297894
109,23,936864
109,24,16895328
109,25,495453
109,26,597118
109,27,623700
109,28,1138349
109,29,930230
109,30,483940
109,31,607048
109,32,1181943
109,33,527738
109,34,483868
109,35,488428
109,36,1332731
109,37,669135
109,38,788652
109,39,854998
109,40,765857
109,41,943821
109,42,961790
109,43,492261
109,44,628890
109,45,4449856
109,46,1743290
109,47,916768
109,48,576634
109,49,555331
109,50,568398
109,51,628717
109,52,496087
109,53,2336472
109,54,868542
109,55,1197570
109,56,1742432
109,57,887528
109,58,967002
109,59,812723
109,60,1692230
109,61,761368
109,62,1343621
109,63,507522
109,64,553181
109,65,1464416
109,66,996232
109,67,1014519
109,68,1140988
109,69,485942
109,70,529702
109,71,971701
109,72,567709
109,73,1304339
109,74,1514404
109,75,1818931
109,76,1859106
109,77,2447479
109,78,535872
109,79,2488771
109,80,611360
109,81,507548
109,82,1370244
109,83,504759
109,84,704304
109,85,3566244
109,86,1878175
109,87,748761
109,88,670632
109,89,559922
109,90,536386
109,91,682157
109,92,496214
109,93,593255
109,94,1732210
109,95,540785
109,96,1021944
109,97,1023236
109,98,618439
109,99,863915
109,100,727295
109,101,553375
109,102,563786
109,103,1396258
109,104,526168
109,105,685239
109,106,660163
109,107,801715
109,108,563853
109,110,1253478
109,111,1164338
109,112,1823193
109,113,867469
109,114,1988594
109,115,597504
109,116,892065
109,117,547283
109,118,923187
109,119,560222
109,120,631107
109,121,712452
109,122,550150
109,123,814423
109,124,543887
109,125,613440
109,126,1372746
109,127,486403
110,0,7413789
110,1,5224296
110,2,639028
110,3,1202573
110,4,1153716
110,5,1299443
110,6,583638
110,7,969287
110,8,485023
110,9,548203
110,10,806154
110,11,603749
110,12,2212420
110,13,2362513
110,14,546714
110,15,881188
110,16,1620353
110,17,3401267
110,18,824634
110,19,839341
110,20,20197361
110,21,688036
110,22,1290210
110,23,2643283
110,24,720874
110,25,4216935
110,26,1044295
110,27,765318
110,28,1523852
110,29,522973
110,30,543388
110,31,844936
110,32,957198
110,33,521037
110,34,1241350
110,35,3700617
110,36,572115
110,37,1395998
110,38,656802
110,39,494973
110,40,516795
110,41,997819
110,42,508030
110,43,1462678
110,44,690270
110,45,682677
110,46,1392363
110,47,558228
110,48,573589
110,49,628328
110,50,5938815
110,51,1497116
110,52,505818
110,53,879712
110,54,514855
110,55,584297
110,56,587732
110,57,4693845
110,58,529114
110,59,814191
110,60,2329856
110,61,503103
110,62,2131500
110,63,1408889
110,64,761834
110,65,2441967
110,66,1996130
110,67,1796574
110,68,577169
110,69,3313145
110,70,514386
110,71,1554998
110,72,913646
110,73,891210
110,74,964048
110,75,2372770
110,76,1101716
110,77,609216
110,78,1245564
110,79,2427404
110,80,658237
110,81,684139
110,82,519426
110,83,1863583
110,84,791400
110,85,495023
110,86,496723
110,87,771159
110,88,4360028
110,89,565586
110,90,1266294
110,91,1328989
110,92,599829
110,93,1261298
110,94,566269
110,95,730796
110,96,759113
110,97,3702953
110,98,671182
110,99,911645
110,100,576491
110,101,5526886
110,102,964162
110,103,576919
110,104,626176
110,105,487206
110,106,528440
110,107,5712096
110,108,864268
110,109,4310032
110,111,718529
110,112,947616
110,113,589149
110,114,825751
110,115,1222291
110,116,917780
110,117,3636516
110,118,529202
110,119,617066
110,120,1962434
110,121,3300457
110,122,1636927
110,123,1615634
110,124,514606
110,125,3280738
110,126,2886241
110,127,1044430
111,0,555528
111,1,523660
111,2,585253
111,3,552824
111,4,1335081
111,5,1192797
111,6,1415033
111,7,545642
111,8,1593902
111,9,676186
111,10,916061
111,11,1330623
111,12,1890963
111,13,950128
111,14,553928
111,15,1467905
111,16,703300
111,17,6315952
111,18,970665
111,19,1236572
111,20,755496
111,21,978787
111,22,605493
111,23,634929
111,24,624807
111,25,908166
111,26,528996
111,27,961228
111,28,8416370
111,29,1360091
111,30,809576
111,31,664737
111,32,627939
111,33,594244
111,34,1164684
111,35,792200
111,36,530468
111,37,500290
111,38,569989
111,39,1862088
111,40,531474
111,41,534097
111,42,552857
111,43,774256
111,44,518499
111,45,642914
111,46,756019
111,47,805851
111,48,489017
111,49,5945592
111,50,1661938
111,51,500990
111,52,727776
111,53,673446
111,54,525416
111,55,763371
111,56,1234199
111,57,1941399
111,58,675118
111,59,496621
111,60,3277181
111,61,3523851
111,62,774947
111,63,539432
111,64,546335
111,65,484951
111,66,508459
111,67,3903928
111,68,2333986
111,69,536023
111,70,625876
111,71,1647434
111,72,815976
111,73,1006216
111,74,486646
111,75,1166593
111,76,1218826
111,77,480888
111,78,1350107
111,79,624722
111,80,1715468
111,81,13831129
111,82,15898876
111,83,2082846
111,84,1189517
111,85,497820
111,86,1883267
111,87,637596
111,88,1941946
111,89,539739
111,90,2828828
111,91,627853
111,92,962241
111,93,544826
111,94,3058614
111,95,594473
111,96,508271
111,97,711994
111,98,497795
111,99,8822964
111,100,760902
111,101,871507
111,102,1432452
111,103,968715
111,104,1087407
111,105,552080
111,106,491763
111,107,1744579
111,108,1456633
111,109,7866616
111,110,2164454
111,112,682938
111,113,704415
111,114,703745
111,115,2160967
111,116,490770
111,117,4846750
111,118,741470
111,119,3284303
111,120,1330156
111,121,516433
111,122,6815528
111,123,2291822
111,124,735874
111,125,930753
111,126,864180
111,127,621162
112,0,1721286
112,1,1500171
112,2,496748
112,3,618481
112,4,3003486
112,5,2112131
112,6,578062
112,7,661615
112,8,5091267
112,9,756150
112,10,2389217
112,11,546904
112,12,820279
112,13,2584557
112,14,529790
112,15,717188
112,16,512329
112,17,1295908
112,18,1008089
112,19,879527
112,20,584665
112,21,505526
112,22,2002557
112,23,1170082
112,24,677975
112,25,1606647
112,26,4015366
112,27,847046
112,28,28930245
112,29,676747
112,30,2918679
112,31,668836
112,32,672640
112,33,642687
112,34,876866
112,35,3138452
112,36,838596
112,37,529437
112,38,2442883
112,39,717712
112,40,1473468
112,41,879251
112,42,561964
112,43,1281767
112,44,880265
112,45,750625
112,46,636082
112,47,502475
112,48,1651223
112,49,872049
112,50,1047149
112,51,511376
112,52,567469
112,53,659102
112,54,575532
112,55,519454
112,56,1172363
112,57,1225389
112,58,600764
112,59,1059865
112,60,486087
112,61,3270093
112,62,599362
112,63,484012
112,64,7620773
112,65,516239
112,66,497411
112,67,636882
112,68,539126
112,69,1277272
112,70,556446
112,71,888092
112,72,661518
112,73,1658861
112,74,509859
112,75,1898210
112,76,3340706
112,77,500809
112,78,1629145
112,79,503365
112,80,1560664
112,81,482075
112,82,639522
112,83,2697052
112,84,1153885
112,85,1740291
112,86,950676
112,87,967230
112,88,514441
112,89,2114116
112,90,1414228
112,91,718996
112,92,1073798
112,93,1043618
112,94,942313
112,95,524435
112,96,693435
112,97,1025442
112,98,543139
112,99,1968619
112,100,535963
112,101,4425264
112,102,997086
112,103,18913955
112,104,607368
112,105,1084448
112,106,5184070
112,107,853618
112,108,517576
112,109,846369
112,110,2321645
112,111,607849
112,113,1243955
112,114,673295
112,115,789229
112,116,714695
112,117,823203
112,118,682105
112,119,549095
112,120,483412
112,121,2846816
112,122,1320197
112,123,2102267
112,124,3282519
112,125,699261
112,126,950457
112,127,495732
113,0,651457
113,1,843844
113,2,15536155
113,3,907573
113,4,3849494
113,5,624211
113,6,1437438
113,7,753929
113,8,681015
113,9,486549
113,10,604778
113,11,876500
113,12,694408
113,13,1856135
113,14,13393761
113,15,4600317
113,16,613072
113,17,563819
113,18,581851
113,19,20522038
113,20,606768
113,21,592573
113,22,2149896
113,23,516072
113,24,1266503
113,25,2163058
113,26,1286948
113,27,1411019
113,28,2077735
113,29,599595
113,30,2096398
113,31,528498
113,32,580401
113,33,800447
113,34,623276
113,35,3480541
113,36,891875
113,37,599440
113,38,660114
113,39,545800
113,40,1201643
113,41,566680
113,42,1081506
113,43,638266
113,44,800521
113,45,1802105
113,46,10682320
113,47,945335
113,48,1318592
113,49,702632
113,50,554873
113,51,505871
113,52,1120251
113,53,1067207
113,54,1000641
113,55,2335643
113,56,2252097
113,57,1054294
113,58,1135232
113,59,511948
113,60,1677521
113,61,1393399
113,62,661421
113,63,509967
113,64,726875
113,65,1362552
113,66,942528
113,67,20304296
113,68,555888
113,69,978436
113,70,694516
113,71,1964678
113,72,597041
113,73,1412622
113,74,3583524
113,75,643370
113,76,3135233
113,77,521179
113,78,2118099
113,79,546178
113,80,751335
113,81,1398345
113,82,482552
113,83,2047036
113,84,755757
113,85,1237564
113,86,702966
113,87,1225001
113,88,555659
113,89,725260
113,90,504074
113,91,1406766
113,92,1105553
113,93,500886
113,94,615866
113,95,34093205
113,96,728799
113,97,1088150
113,98,799331
113,99,1185536
113,100,1403068
113,101,523832
113,102,635150
113,103,499567
113,104,542052
113,105,494443
113,106,543794
113,107,602764
113,108,690056
113,109,573694
113,110,1120092
113,111,608732
113,112,98399766
113,114,611930
113,115,570545
113,116,627724
113,117,670832
113,118,786855
113,119,859692
113,120,894066
113,121,1176776
113,122,487133
113,123,497616
113,124,1184996
113,125,719465
113,126,4418293
113,127,878424
114,0,650661
114,1,20745105
114,2,10065705
114,3,909852
114,4,796373
114,5,774740
114,6,641643
114,7,2192805
114,8,1163473
114,9,1079750
114,10,1301441
114,11,536780
114,12,26547920
114,13,1795197
114,14,483556
114,15,663856
114,16,786927
114,17,5419881
114,18,1388235
114,19,511104
114,20,912845
114,21,2266714
114,22,1281552
114,23,529643
114,24,791836
114,25,715794
114,26,3647779
114,27,822094
114,28,6533999
114,29,1414765
114,30,503286
114,31,573871
114,32,14863655
114,33,535088
114,34,781591
114,35,511702
114,36,834237
114,37,5414377
114,38,533438
114,39,689843
114,40,1131485
114,41,662490
114,42,809500
114,43,723950
114,44,1144973
114,45,817456
114,46,758584
114,47,1405972
114,48,1354227
114,49,1596010
114,50,676952
114,51,691607
114,52,605692
114,53,594397
114,54,598160
114,55,661809
114,56,527884
114,57,1042806
114,58,1309502
114,59,566372
114,60,667496
114,61,742789
114,62,668538
114,63,23924640
114,64,1198493
114,65,565484
114,66,758848
114,67,538453
114,68,9203408
114,69,750303
114,70,3458328
114,71,2428309
114,72,531355
114,73,2453945
114,74,920730
114,75,841419
114,76,4161388
114,77,574153
114,78,2017935
114,79,734766
114,80,513205
114,81,532990
114,82,3095609
114,83,661275
114,84,591816
114,85,609377
114,86,6028290
114,87,2043961
114,88,991866
114,89,2269819
114,90,628457
114,91,1550037
114,92,2453018
114,93,893780
114,94,2219786
114,95,830819
114,96,937501
114,97,587361
114,98,1567727
114,99,674205
114,100,635106
114,101,8583146
114,102,1621446
114,103,1833706
114,104,500446
114,105,1172011
114,106,926797
114,107,4503604
114,108,1357885
114,109,568295
114,110,1140162
114,111,580980
114,112,1056375
114,113,1103401
114,115,664345
114,116,641688
114,117,1100038
114,118,899163
114,119,630148
114,120,656468
114,121,5043906
114,122,666755
114,123,653715
114,124,549446
114,125,762034
114,126,591326
114,127,3060136
115,0,1005468
115,1,613276
115,2,927315
115,3,1192614
115,4,625277
115,5,598044
115,6,1123755
115,7,696798
115,8,1341236
115,9,668190
115,10,536084
115,11,630845
115,12,665277
115,13,1129542
115,14,12013101
115,15,914953
115,16,793732
115,17,10316571
115,18,522031
115,19,647963
115,20,1050845
115,21,638938
115,22,546241
115,23,544669
115,24,672338
115,25,677412
115,26,528206
115,27,1438273
115,28,505447
115,29,1420425
115,30,1210260
115,31,1234594
115,32,4787592
115,33,504232
115,34,1374755
115,35,524090
115,36,1360829
115,37,718938
115,38,1446118
115,39,2752145
115,40,1409687
115,41,1116614
115,42,1431624
115,43,6769748
115,44,1079312
115,45,784000
115,46,18044260
115,47,510779
115,48,922879
115,49,482170
115,50,3233441
115,51,771022
115,52,488968
115,53,1168684
115,54,537387
115,55,942743
115,56,1536012
115,57,1104322
115,58,485482
115,59,749210
115,60,1211206
115,61,1806278
115,62,971470
115,63,6113622
115,64,1538275
115,65,572816
115,66,947507
115,67,721876
115,68,1031993
115,69,1521320
115,70,920526
115,71,716490
115,72,1443586
115,73,491489
115,74,6084877
115,75,878240
115,76,568191
115,77,812492
115,78,2275275
115,79,1188791
115,80,985278
115,81,2876932
115,82,913446
115,83,1163128
115,84,1342666
115,85,498718
115,86,880357
115,87,535812
115,88,925866
115,89,697125
115,90,2311067
115,91,585769
115,92,483197
115,93,16547859
115,94,1730941
115,95,1083711
115,96,556512
115,97,5509675
115,98,490027
115,99,585511
115,100,633958
115,101,688195
115,102,3600994
115,103,543419
115,104,1502317
115,105,626476
115,106,727355
115,107,862238
115,108,575319
115,109,9025990
115,110,614465
115,111,699426
115,112,1780207
115,113,846454
115,114,1173242
115,116,498769
115,117,1882756
115,118,5596958
115,119,949471
115,120,491067
115,121,488845
115,122,1005220
115,123,570163
115,124,813804
115,125,2489728
115,126,533379
115,127,607929
116,0,1992064
116,1,796963
116,2,2667625
116,3,724069
116,4,678180
116,5,533917
116,6,539800
116,7,667348
116,8,481078
116,9,621373
116,10,570267
116,11,587175
116,12,572045
116,13,532811
116,14,610873
116,15,1574521
116,16,610549
116,17,4670064
116,18,874586
116,19,693867
116,20,758650
116,21,877232
116,22,670032
116,23,711765
116,24,7025540
116,25,2134880
116,26,788508
116,27,671885
116,28,482480
116,29,688089
116,30,489436
116,31,1267131
116,32,2119431
116,33,1473174
116,34,544983
116,35,2850704
116,36,675321
116,37,1178374
116,38,777869
116,39,575497
116,40,488526
116,41,1293271
116,42,737295
116,43,1199973
116,44,2662048
116,45,574859
116,46,496494
116,47,515269
116,48,743482
116,49,494746
116,50,1420696
116,51,2318379
116,52,2186353
116,53,654804
116,54,776196
116,55,2721359
116,56,535721
116,57,503312
116,58,3100304
116,59,2251334
116,60,882392
116,61,1111286
116,62,2094450
116,63,5025238
116,64,1599892
116,65,526836
116,66,9313684
116,67,553083
116,68,899550
116,69,603947
116,70,1551687
116,71,847469
116,72,4198235
116,73,677514
116,74,564158
116,75,849848
116,76,497003
116,77,885372
116,78,1277059
116,79,4204448
116,80,28233811
116,81,818160
116,82,1032521
116,83,560189
116,84,864889
116,85,1708463
116,86,1118350
116,87,1482945
116,88,1428052
116,89,876318
116,90,633561
116,91,550953
116,92,632507
116,93,550471
116,94,549574
116,95,1785625
116,96,981136
116,97,4319928
116,98,1168509
116,99,533140
116,100,746079
116,101,844768
116,102,860744
116,103,783857
116,104,1764613
116,105,653904
116,106,3668251
116,107,4970154
116,108,485119
116,109,1405443
116,110,2082206
116,111,3460335
116,112,2410363
116,113,955531
116,114,1188429
116,115,617399
116,117,1204251
116,118,710224
116,119,1122159
116,120,588738
116,121,1659629
116,122,1058047
116,123,1391587
116,124,2848110
116,125,909058
116,126,779760
116,127,582178
117,0,1084005
117,1,907672
117,2,603473
117,3,870426
117,4,659006
117,5,1452349
117,6,871417
117,7,1260677
117,8,543264
117,9,663660
117,10,581960
117,11,969402
117,12,519623
117,13,717071
117,14,6636461
117,15,905503
117,16,486670
117,17,580582
117,18,1791081
117,19,615742
117,20,1139172
117,21,2236186
117,22,534998
117,23,5749573
117,24,1181049
117,25,587138
117,26,550214
117,27,2517837
117,28,620279
117,29,512029
117,30,1892511
117,31,729524
117,32,693921
117,33,20091685
117,34,824873
117,35,841003
117,36,1079604
117,37,522801
117,38,1912893
117,39,529967
117,40,2104887
117,41,2713202
117,42,2681116
117,43,645290
117,44,1210449
117,45,565280
117,46,1341951
117,47,619734
117,48,496163
117,49,498204
117,50,608853
117,51,488306
117,52,1827477
117,53,804342
117,54,748441
117,55,1229874
117,56,523517
117,57,584004
117,58,484252
117,59,3410954
117,60,592232
117,61,778148
117,62,3684354
117,63,670132
117,64,1112691
117,65,2315123
117,66,510941
117,67,848317
117,68,9956146
117,69,13922499
117,70,1498642
117,71,914148
117,72,2065709
117,73,1096395
117,74,588775
117,75,819650
117,76,1229287
117,77,44897182
117,78,1848264
117,79,1781108
117,80,585917
117,81,771776
117,82,557566
117,83,706715
117,84,739531
117,85,1512530
117,86,541711
117,87,851471
117,88,713370
117,89,911047
117,90,638356
117,91,625533
117,92,778848
117,93,542455
117,94,2182076
117,95,1148822
117,96,904423
117,97,970550
117,98,1608436
117,99,2936594
117,100,7198106
117,101,506642
117,102,722290
117,103,1339336
117,104,598122
117,105,862150
117,106,692950
117,107,625833
117,108,572991
117,109,1433833
117,110,813495
117,111,18210951
117,112,561427
117,113,557434
117,114,503155
117,115,539064
117,116,1034639
117,118,491216
117,119,6937887
117,120,559756
117,121,600803
117,122,2080926
117,123,757398
117,124,1933777
117,125,1158828
117,126,622809
117,127,823997
118,0,1041997
118,1,1478189
118,2,878608
118,3,1212152
118,4,1860596
118,5,856036
118,6,696362
118,7,1172890
118,8,1736027
118,9,3061659
118,10,647131
118,11,1964116
118,12,484156
118,13,865332
118,14,903737
118,15,490398
118,16,3707636
118,17,2216833
118,18,2787424
118,19,632112
118,20,894257
118,21,861007
118,22,633781
118,23,2506119
118,24,648102
118,25,3698284
118,26,582506
118,27,538881
118,28,783148
118,29,573835
118,30,1375510
118,31,545705
118,32,1316534
118,33,827834
118,34,518303
118,35,787285
118,36,495099
118,37,560056
118,38,1606290
118,39,594130
118,40,482051
118,41,491987
118,42,3442373
118,43,739095
118,44,1284352
118,45,1961874
118,46,7905044
118,47,746525
118,48,669234
118,49,510345
118,50,604818
118,51,807139
118,52,2460449
118,53,871236
118,54,520442
118,55,506668
118,56,1627672
118,57,2224975
118,58,539095
118,59,2361663
118,60,758518
118,61,702799
118,62,1592500
118,63,1127605
118,64,527389
118,65,517967
118,66,1583799
118,67,501250
118,68,4547667
118,69,2894274
118,70,2502241
118,71,2640002
118,72,500705
118,73,722349
118,74,665326
118,75,483364
118,76,729827
118,77,3393562
118,78,799182
118,79,2997660
118,80,604541
118,81,812261
118,82,1600954
118,83,501666
118,84,1486534
118,85,1803494
118,86,1094283
118,87,807063
118,88,572921
118,89,553993
118,90,1506322
118,91,817925
118,92,2741400
118,93,640197
118,94,622259
118,95,7282666
118,96,592800
118,97,507950
118,98,9369946
118,99,588701
118,100,2332332
118,101,784071
118,102,521519
118,103,1454916
118,104,2238444
118,105,1002863
118,106,841836
118,107,973432
118,108,876775
118,109,907770
118,110,680085
118,111,695438
118,112,1342427
118,113,747418
118,114,589186
118,115,1001998
118,116,639118
118,117,1521004
118,119,985516
118,120,1469657
118,121,562502
118,122,889979
118,123,1001381
118,124,956864
118,125,3532239
118,126,886589
118,127,544356
119,0,730918
119,1,1192249
119,2,495631
119,3,486597
119,4,2524729
119,5,3407071
119,6,516906
119,7,1407296
119,8,648937
119,9,657184
119,10,774671
119,11,755103
119,12,684034
119,13,5959197
119,14,561897
119,15,3424620
119,16,13876645
119,17,5265230
119,18,1864082
119,19,557500
119,20,567985
119,21,4492737
119,22,603710
119,23,959656
119,24,757661
119,25,671734
119,26,847893
119,27,505235
119,28,692305
119,29,18822748
119,30,578564
119,31,3505142
119,32,801491
119,33,534667
119,34,2257458
119,35,7075322
119,36,920118
119,37,681430
119,38,4489128
119,39,975404
119,40,681171
119,41,589111
119,42,3054059
119,43,1017832
119,44,2341462
119,45,644420
119,46,1311761
119,47,526458
119,48,1012239
119,49,1072357
119,50,1308826
119,51,1531827
119,52,2382261
119,53,1086814
119,54,2371912
119,55,1434386
119,56,942420
119,57,972508
119,58,1628408
119,59,867023
119,60,578134
119,61,8476167
119,62,1045788
119,63,2165852
119,64,3438410
119,65,588962
119,66,650054
119,67,805549
119,68,645933
119,69,5387049
119,70,502318
119,71,510616
119,72,487914
119,73,1940852
119,74,5871993
119,75,646347
119,76,582069
119,77,1069632
119,78,583491
119,79,544325
119,80,554221
119,81,1076547
119,82,687347
119,83,1278767
119,84,680343
119,85,46919007
119,86,1067064
119,87,580799
119,88,863208
119,89,629931
119,90,754060
119,91,818630
119,92,658910
119,93,787644
119,94,583894
119,95,522687
119,96,682469
119,97,2976036
119,98,637372
119,99,771365
119,100,1916604
119,101,8536928
119,102,619148
119,103,586656
119,104,4356654
119,105,6627784
119,106,788580
119,107,3911846
119,108,758386
119,109,1120410
119,110,605255
119,111,1365518
119,112,710851
119,113,1034109
119,114,509778
119,115,495276
119,116,497667
119,117,595352
119,118,521008
119,120,723119
119,121,488208
119,122,1031070
119,123,4510881
119,124,3006409
119,125,692735
119,126,617232
119,127,659536
120,0,490670
120,1,882485
120,2,587286
120,3,1419613
120,4,487499
120,5,798441
120,6,2182788
120,7,2167252
120,8,3870028
120,9,866399
120,10,2670983
120,11,1985137
120,12,684296
120,13,3015216
120,14,602056
120,15,935169
120,16,699591
120,17,718003
120,18,495327
120,19,1824143
120,20,999903
120,21,1487435
120,22,815820
120,23,637730
120,24,1142479
120,25,610104
120,26,641960
120,27,572080
120,28,529261
120,29,1127766
120,30,1637672
120,31,598470
120,32,646117
120,33,645244
120,34,1106015
120,35,514469
120,36,764444
120,37,581270
120,38,1436882
120,39,823045
120,40,1517853
120,41,763974
120,42,1129380
120,43,976102
120,44,844096
120,45,894640
120,46,548681
120,47,1485336
120,48,80478244
120,49,684872
120,50,913045
120,51,875405
120,52,870876
120,53,527622
120,54,1737304
120,55,639882
120,56,1224419
120,57,1782912
120,58,17642150
120,59,600530
120,60,680550
120,61,645979
120,62,581996
120,63,1370494
120,64,3880388
120,65,1779308
120,66,2826280
120,67,3309508
120,68,14602312
120,69,543638
120,70,500084
120,71,638625
120,72,559522
120,73,728920
120,74,608652
120,75,2799826
120,76,610670
120,77,15025584
120,78,561293
120,79,654046
120,80,590273
120,81,521946
120,82,896366
120,83,708012
120,84,715042
120,85,29921485
120,86,4370184
120,87,1103861
120,88,1699492
120,89,1425317
120,90,513013
120,91,493638
120,92,722408
120,93,567366
120,94,770748
120,95,1494986
120,96,488453
120,97,549414
120,98,1024403
120,99,165065136
120,100,881744
120,101,1108489
120,102,4223211
120,103,499206
120,104,1168335
120,105,1025572
120,106,741846
120,107,818865
120,108,1845819
120,109,553408
120,110,640965
120,111,1166072
120,112,606369
120,113,953980
120,114,717420
120,115,672488
120,116,823838
120,117,906684
120,118,8009618
120,119,502501
120,121,674965
120,122,773014
120,123,2055081
120,124,741344
120,125,1050983
120,126,1049610
120,127,1625102
121,0,647824
121,1,1554003
121,2,894162
121,3,699206
121,4,911146
121,5,907968
121,6,1331091
121,7,1167638
121,8,1434109
121,9,516350
121,10,763505
121,11,2404152
121,12,818238
121,13,497641
121,14,495555
121,15,3106590
121,16,1254091
121,17,618689
121,18,1278339
121,19,862414
121,20,777589
121,21,709599
121,22,659584
121,23,745000
121,24,1423138
121,25,1812345
121,26,680291
121,27,1355444
121,28,590723
121,29,827352
121,30,4903178
121,31,543295
121,32,884345
121,33,1758461
121,34,884439
121,35,501562
121,36,554058
121,37,531681
121,38,631325
121,39,645336
121,40,4152290
121,41,959544
121,42,1098973
121,43,777380
121,44,665720
121,45,2160272
121,46,484396
121,47,746907
121,48,1685038
121,49,769792
121,50,2914579
121,51,8598678
121,52,1293490
121,53,1321577
121,54,1456060
121,55,1020655
121,56,629540
121,57,657232
121,58,489608
121,59,677719
121,60,844516
121,61,4116339
121,62,923804
121,63,2366775
121,64,748121
121,65,491390
121,66,518219
121,67,834565
121,68,1831784
121,69,1369745
121,70,1117876
121,71,1650464
121,72,574824
121,73,711193
121,74,1036101
121,75,811953
121,76,1124008261
121,77,3629796
121,78,2084770
121,79,5403409
121,80,600218
121,81,884532
121,82,836287
121,83,627896
121,84,1885824
121,85,10043577
121,86,1191337
121,87,504022
121,88,1281338
121,89,819022
121,90,3519674
121,91,498743
121,92,1601664
121,93,4274179
121,94,607408
121,95,1066922
121,96,681534
121,97,527243
121,98,1218443
121,99,5214173
121,100,1328057
121,101,4585135
121,102,1226945
121,103,687718
121,104,539524
121,105,495074
121,106,541124
121,107,6323736
121,108,584738
121,109,1379047
121,110,630105
121,111,670532
121,112,597658
121,113,748953
121,114,595696
121,115,519934
121,116,5105671
121,117,832199
121,118,947942
121,119,6231726
121,120,5573380
121,122,607969
121,123,3623103
121,124,614712
121,125,1616358
121,126,687559
121,127,769383
122,0,992349
122,1,536507
122,2,724842
122,3,1134579
122,4,573237
122,5,61226950
122,6,1118666
122,7,2317564
122,8,577418
122,9,549063
122,10,868631
122,11,694354
122,12,1102634
122,13,518471
122,14,1326199
122,15,764041
122,16,534878
122,17,775225
122,18,688142
122,19,485264
122,20,613317
122,21,9977843
122,22,2323282
122,23,527855
122,24,1247583
122,25,1236770
122,26,1008716
122,27,597002
122,28,619316
122,29,707956
122,30,8431230
122,31,968829
122,32,1426957
122,33,816598
122,34,559123
122,35,648380
122,36,576136
122,37,637685
122,38,1597419
122,39,966888
122,40,5806838
122,41,1837563
122,42,638804
122,43,918795
122,44,1352284
122,45,570406
122,46,1232425
122,47,575213
122,48,574753
122,49,3829204
122,50,602135
122,51,673548
122,52,909753
122,53,2712041
122,54,637149
122,55,1397301
122,56,648056
122,57,2261304
122,58,811185
122,59,3122430
122,60,614424
122,61,667447
122,62,685555
122,63,571730
122,64,646209
122,65,496239
122,66,710737
122,67,1325503
122,68,705815
122,69,1018857
122,70,1132786
122,71,1912365
122,72,517939
122,73,3346281
122,74,1477597
122,75,520216
122,76,1307251
122,77,532514
122,78,919507
122,79,814811
122,80,5110493
122,81,703467
122,82,1226750
122,83,525676
122,84,1846308
122,85,1479375
122,86,894736
122,87,82945117
122,88,727956
122,89,837028
122,90,814113
122,91,587509
122,92,1773932
122,93,960104
122,94,559955
122,95,1047286
122,96,2660936
122,97,1803957
122,98,5561674
122,99,1159514
122,100,991022
122,101,754581
122,102,841753
122,103,3141679
122,104,1029099
122,105,2123437
122,106,979022
122,107,40859878
122,108,1305457
122,109,1457206
122,110,1392622
122,111,565348
122,112,654472
122,113,1311082
122,114,6106407
122,115,2892932
122,116,4825434
122,117,3097172
122,118,1241150
122,119,504338
122,120,567229
122,121,726995
122,123,912045
122,124,486622
122,125,2355731
122,126,5125020
122,127,506615
123,0,1294149
123,1,594855
123,2,3064711
123,3,594359
123,4,835794
123,5,483173
123,6,706265
123,7,751982
123,8,578528
123,9,613031
123,10,550792
123,11,485047
123,12,611035
123,13,565893
123,14,1317448
123,15,624083
123,16,562603
123,17,595007
123,18,810188
123,19,1246977
123,20,600491
123,21,521406
123,22,960890
123,23,8614273
123,24,1168160
123,25,605096
123,26,670182
123,27,1341712
123,28,620112
123,29,659487
123,30,1216911
123,31,623955
123,32,2194965
123,33,770543
123,34,756347
123,35,3507210
123,36,534848
123,37,675728
123,38,500601
123,39,550022
123,40,706433
123,41,558824
123,42,654235
123,43,646531
123,44,808813
123,45,4043643
123,46,628630
123,47,529143
123,48,1541522
123,49,2126117
123,50,1095489
123,51,575567
123,52,633869
123,53,702022
123,54,764377
123,55,1034241
123,56,693382
123,57,961115
123,58,1149999
123,59,653763
123,60,873769
123,61,1122797
123,62,1463257
123,63,729585
123,64,974475
123,65,1039040
123,66,928458
123,67,2675476
123,68,719348
123,69,778288
123,70,1302999
123,71,647500
123,72,496011
123,73,685712
123,74,501822
123,75,2027532
123,76,1102328
123,77,631587
123,78,652208
123,79,750948
123,80,1065644
123,81,3201066
123,82,5762189
123,83,677463
123,84,559489
123,85,4611779
123,86,794170
123,87,1099429
123,88,6542402
123,89,709883
123,90,783929
123,91,540754
123,92,736182
123,93,498307
123,94,838431
123,95,4254905
123,96,716606
123,97,1110196
123,98,741281
123,99,678899
123,100,949690
123,101,2511963
123,102,1157973
123,103,617939
123,104,610266
123,105,1372495
123,106,805624
123,107,526807
123,108,880911
123,109,3378269
123,110,518976
123,111,2616221
123,112,750883
123,113,840836
123,114,949580
123,115,734520
123,116,568088
123,117,810648
123,118,936758
123,119,1755839
123,120,651973
123,121,1200159
123,122,3318616
123,124,605175
123,125,871056
123,126,4555105
123,127,2954759
124,0,586360
124,1,1274296
124,2,500523
124,3,1767707
124,4,945010
124,5,1470241
124,6,661324
124,7,7055314
124,8,1006590
124,9,4242163
124,10,924627
124,11,557302
124,12,550278
124,13,841253
124,14,631893
124,15,1044973
124,16,2055703
124,17,652584
124,18,593673
124,19,1299221
124,20,2245247
124,21,1296790
124,22,1104783
124,23,654519
124,24,1712988
124,25,979960
124,26,1706824
124,27,1121522
124,28,1692632
124,29,509481
124,30,832443
124,31,499284
124,32,2045805
124,33,521292
124,34,600608
124,35,831306
124,36,3501015
124,37,556644
124,38,582396
124,39,771091
124,40,1333670
124,41,571137
124,42,2549696
124,43,593065
124,44,2832661
124,45,856816
124,46,587212
124,47,762234
124,48,544419
124,49,1012113
124,50,644786
124,51,685660
124,52,18643270
124,53,517687
124,54,11246563
124,55,808508
124,56,662977
124,57,1386694
124,58,492187
124,59,501458
124,60,687136
124,61,1586571
124,62,1257786
124,63,4677961
124,64,4872611
124,65,990781
124,66,1177486
124,67,1442463
124,68,1180513
124,69,640648
124,70,671483
124,71,1921399
124,72,525589
124,73,594587
124,74,1029886
124,75,735442
124,76,790096
124,77,1728832
124,78,1002739
124,79,681845
124,80,554612
124,81,903346
124,82,1125195
124,83,485651
124,84,1100648
124,85,512493
124,86,1184456
124,87,655088
124,88,17185380
124,89,858731
124,90,888940
124,91,1084300
124,92,579499
124,93,1266085
124,94,489485
124,95,9523790
124,96,700583
124,97,1286298
124,98,883600
124,99,541000
124,100,606688
124,101,1191702
124,102,742600
124,103,488379
124,104,571172
124,105,1510351
124,106,1797953
124,107,701689
124,108,601508
124,109,525329
124,110,3250779
124,111,1348178
124,112,544638
124,113,782156
124,114,536265
124,115,1338151
124,116,768566
124,117,905896
124,118,1799796
124,119,811722
124,120,747226
124,121,580040
124,122,2074555
124,123,672992
124,125,1045244
124,126,696907
124,127,1423955
125,0,569851
125,1,838844
125,2,608250
125,3,934535
125,4,10246766
125,5,658862
125,6,8521646
125,7,509805
125,8,5972873
125,9,861622
125,10,1115670
125,11,518752
125,12,955087
125,13,823918
125,14,514799
125,15,2865063
125,16,497718
125,17,731708
125,18,480912
125,19,548172
125,20,2588729
125,21,3132021
125,22,869617
125,23,6007373
125,24,908463
125,25,1382349
125,26,844600
125,27,1697063
125,28,3993062
125,29,2278406
125,30,552113
125,31,575780
125,32,752370
125,33,509508
125,34,586730
125,35,533977
125,36,964388
125,37,590010
125,38,11850485
125,39,523402
125,40,1741147
125,41,587324
125,42,671082
125,43,523316
125,44,683042
125,45,1534721
125,46,1400440
125,47,1544458
125,48,1461811
125,49,685765
125,50,1261505
125,51,723000
125,52,1204064
125,53,987542
125,54,709769
125,55,742412
125,56,1300552
125,57,512849
125,58,817066
125,59,5442019
125,60,611279
125,61,11723911
125,62,608049
125,63,788292
125,64,1048651
125,65,669085
125,66,2963228
125,67,493814
125,68,899259
125,69,1183377
125,70,649355
125,71,1089191
125,72,1276420
125,73,498435
125,74,1126800
125,75,1003234
125,76,1919265
125,77,2475463
125,78,5015962
125,79,922059
125,80,2101613
125,81,625491
125,82,490003
125,83,2646573
125,84,1612386
125,85,604343
125,86,1047968
125,87,2141676
125,88,1035170
125,89,1545112
125,90,2405923
125,91,541278
125,92,633825
125,93,795490
125,94,1202015
125,95,677054
125,96,507415
125,97,2292617
125,98,639208
125,99,837770
125,100,3382078
125,101,618230
125,102,520612
125,103,790023
125,104,992953
125,105,7336662
125,106,1223838
125,107,1715054
125,108,542859
125,109,3207821
125,110,670582
125,111,2743780
125,112,17564130
125,113,598935
125,114,881466
125,115,4394090
125,116,533229
125,117,1489842
125,118,1270070
125,119,2437395
125,120,12569076
125,121,853187
125,122,2116106
125,123,1667355
125,124,558427
125,126,531266
125,127,1050296
126,0,94805025
126,1,634531
126,2,569712
126,3,1179086
126,4,1240750
126,5,1049336
126,6,1147145
126,7,685923
126,8,1263582
126,9,499928
126,10,915960
126,11,672690
126,12,2364216
126,13,802314
126,14,1077709
126,15,568640
126,16,846877
126,17,801790
126,18,614671
126,19,1290864
126,20,581560
126,21,615495
126,22,864800
126,23,646255
126,24,982670
126,25,749082
126,26,741658
126,27,1584837
126,28,637864
126,29,908661
126,30,488649
126,31,2562900
126,32,758452
126,33,713255
126,34,3590053
126,35,642051
126,36,946311
126,37,2598172
126,38,980313
126,39,1259023
126,40,1507559
126,41,2464183
126,42,601312
126,43,662879
126,44,600257
126,45,673093
126,46,598006
126,47,557831
126,48,563109
126,49,2466055
126,50,1607362
126,51,3821657
126,52,540292
126,53,575887
126,54,1211963
126,55,812569
126,56,779479
126,57,607528
126,58,1055264
126,59,622682
126,60,3714685
126,61,4934179
126,62,1239952
126,63,660985
126,64,3351876
126,65,1363292
126,66,18127174
126,67,1716297
126,68,1116456
126,69,2477355
126,70,2878258
126,71,572570
126,72,761102
126,73,1145140
126,74,1196649
126,75,575107
126,76,569643
126,77,524896
126,78,2623735
126,79,526748
126,80,831955
126,81,1582416
126,82,1121204
126,83,2360813
126,84,1026745
126,85,1696660
126,86,1512842
126,87,543950
126,88,4783428
126,89,1927835
126,90,949143
126,91,821541
126,92,1453489
126,93,611970
126,94,826551
126,95,3176017
126,96,732317
126,97,554482
126,98,760637
126,99,35540251
126,100,574718
126,101,839010
126,102,2637820
126,103,2300598
126,104,1597772
126,105,1022590
126,106,521661
126,107,493086
126,108,2282334
126,109,876957
126,110,1232032
126,111,716084
126,112,814578
126,113,898679
126,114,537935
126,115,1520057
126,116,1125837
126,117,2377936
126,118,794390
126,119,702410
126,120,891495
126,121,1146978
126,122,497692
126,123,726455
126,124,707899
126,125,579031
126,127,1908146
127,0,1029755
127,1,11755268
127,2,781167
127,3,1126479
127,4,1042401
127,5,821699
127,6,606090
127,7,665425
127,8,1058745
127,9,1037435
127,10,757332
127,11,572220
127,12,701855
127,13,793658
127,14,1406236
127,15,1135396
127,16,5693563
127,17,1965802
127,18,2407696
127,19,536810
127,20,605294
127,21,675830
127,22,1089937
127,23,1951853
127,24,824714
127,25,667546
127,26,576954
127,27,647362
127,28,1205186
127,29,1281123
127,30,828800
127,31,694949
127,32,662587
127,33,1402542
127,34,993680
127,35,878883
127,36,623913
127,37,511975
127,38,755365
127,39,1341474
127,40,853273
127,41,2736655
127,42,1097455
127,43,1099885
127,44,538301
127,45,533767
127,46,2230191
127,47,834892
127,48,518892
127,49,508916
127,50,655183
127,51,547569
127,52,508781
127,53,2929674
127,54,525271
127,55,610914
127,56,1169732
127,57,9351107
127,58,591477
127,59,1842409
127,60,681949
127,61,596310
127,62,2980332
127,63,819493
127,64,970780
127,65,1024273
127,66,875132
127,67,4929723
127,68,973317
127,69,856123
127,70,3117659
127,71,1056236
127,72,622640
127,73,1639913
127,74,1070921
127,75,3472427
127,76,506935
127,77,533050
127,78,497462
127,79,505288
127,80,565791
127,81,20858699
127,82,512602
127,83,525878
127,84,2754546
127,85,4006969
127,86,697344
127,87,2583516
127,88,654614
127,89,3305881
127,90,555135
127,91,582797
127,92,907869
127,93,700915
127,94,1829867
127,95,742915
127,96,653574
127,97,716955
127,98,723178
127,99,1081067
127,100,562974
127,101,931171
127,102,623743
127,103,28461733
127,104,544857
127,105,664149
127,106,1250015
127,107,1401227
127,108,726216
127,109,524579
127,110,691661
127,111,1022331
127,112,666212
127,113,511866
127,114,717828
127,115,834728
127,116,1439388
127,117,624551
127,118,1338388
127,119,1152869
127,120,749595
127,121,1052084
127,122,1556992
127,123,616279
127,124,4770986
127,125,713773
127,126,777450
