src,dst,bytes
0,1,23480
0,2,12431
0,3,30134
0,4,29501
0,5,6964
0,6,39602
0,7,13802
0,8,23574
0,9,37482
0,10,21180
0,11,10856
0,12,41086
0,13,6508
0,14,9502
0,15,72290
0,16,20612
0,17,508982
0,18,7586
0,19,29807
0,20,99661
0,21,21106
0,22,152818
0,23,7274
0,24,47202
0,25,11434
0,26,75588
0,27,7233
0,28,6851
0,29,56402
0,30,7298
0,31,9211
0,32,231053
0,33,117640
0,34,12167
0,35,646940
0,36,9804
0,37,51032
0,38,25696
0,39,9429
0,40,8470
0,41,29036
0,42,6683
0,43,19000
0,44,86426
0,45,17485
0,46,8041
0,47,12423
0,48,17397
0,49,83634
0,50,11400
0,51,7764
0,52,43333
0,53,376684
0,54,47637
0,55,8926
0,56,11111
0,57,8161
0,58,25321
0,59,8287
0,60,322661
0,61,57125
0,62,7332
0,63,10078
0,64,29133
0,65,17824
0,66,1203029
0,67,38942
0,68,7633
0,69,51877
0,70,38762
0,71,33419
0,72,48251
0,73,10807
0,74,19385
0,75,25292
0,76,61317
0,77,9879
0,78,20993
0,79,8051
0,80,29592
0,81,16540
0,82,13008
0,83,93320
0,84,76844
0,85,15547
0,86,12965
0,87,11323
0,88,7449
0,89,11229
0,90,8431
0,91,37595
0,92,7929
0,93,8251
0,94,6601
0,95,34142
0,96,274691
0,97,32443
0,98,2131644
0,99,7089
0,100,199500
0,101,105536
0,102,567400
0,103,8238
0,104,21387
0,105,11371
0,106,9784
0,107,11537
0,108,44376
0,109,15384
0,110,50638
0,111,6918
0,112,399487
0,113,56246
0,114,7208
0,115,17127
0,116,6736
0,117,6800
0,118,55672
0,119,11363
0,120,8844
0,121,38300
0,122,160547
0,123,19198
0,124,72834
0,125,14695
0,126,7487
0,127,21857
1,0,16046
1,2,7690
1,3,12304
1,4,9176
1,5,9091
1,6,17684
1,7,29584
1,8,7212
1,9,83291
1,10,548052
1,11,8553
1,12,13006
1,13,19250
1,14,2464756
1,15,18225
1,16,11258
1,17,14328
1,18,43003
1,19,8626
1,20,1672353
1,21,164726
1,22,24275
1,23,37572
1,24,56291
1,25,57355
1,26,14599
1,27,25076
1,28,145256
1,29,8993
1,30,16824
1,31,9852
1,32,8163
1,33,23669
1,34,58333904
1,35,22321
1,36,426635
1,37,38311
1,38,50526
1,39,8258
1,40,7726
1,41,10144
1,42,14608
1,43,84856
1,44,9831
1,45,6421
1,46,25576
1,47,12737
1,48,151765
1,49,33541
1,50,20044
1,51,53677
1,52,13988
1,53,10521
1,54,36346
1,55,9953
1,56,11096
1,57,6674
1,58,6956
1,59,36486
1,60,260617
1,61,10434
1,62,14650
1,63,126196
1,64,163007
1,65,151532
1,66,11320
1,67,50008962
1,68,7065
1,69,1678724
1,70,89617
1,71,9969
1,72,9605
1,73,22684
1,74,13121
1,75,8900
1,76,7457
1,77,10817
1,78,11099
1,79,14587
1,80,9995
1,81,2743128
1,82,8769
1,83,22596
1,84,485441
1,85,127665
1,86,6412
1,87,58216
1,88,9537
1,89,582397
1,90,44952
1,91,21254
1,92,17002
1,93,7782
1,94,12527
1,95,664274
1,96,14043
1,97,10044
1,98,616853
1,99,149921
1,100,8512
1,101,59341
1,102,7040
1,103,159910
1,104,17394
1,105,18669
1,106,85837
1,107,10191
1,108,9229
1,109,19965
1,110,19722
1,111,10138
1,112,8256
1,113,13789
1,114,584594
1,115,2160515
1,116,23326
1,117,46302
1,118,21298
1,119,8331
1,120,11456
1,121,6368
1,122,33196
1,123,27215
1,124,32337
1,125,15671
1,126,560142
1,127,9358
2,0,28692
2,1,7406
2,3,41511
2,4,722781
2,5,38265
2,6,15310
2,7,74260
2,8,1634960
2,9,33959
2,10,36890
2,11,12614
2,12,30604
2,13,25952
2,14,313085
2,15,12728
2,16,10448
2,17,16638
2,18,9288
2,19,9678
2,20,68414
2,21,34113
2,22,45384
2,23,7578
2,24,17555
2,25,15936
2,26,125176
2,27,41808
2,28,31446
2,29,7522
2,30,10780
2,31,204561
2,32,34831
2,33,6450
2,34,27803
2,35,35022
2,36,219806
2,37,148676
2,38,18595
2,39,1009569
2,40,10685
2,41,7635
2,42,14549
2,43,66048
2,44,24292
2,45,67923
2,46,44093
2,47,28882
2,48,61705
2,49,25451
2,50,20780
2,51,49936
2,52,9869
2,53,18697476
2,54,41498
2,55,39902
2,56,10745
2,57,11719
2,58,52426
2,59,56202
2,60,72902
2,61,6629
2,62,39627
2,63,16336
2,64,220889
2,65,32354
2,66,320222
2,67,7914
2,68,34327
2,69,7831
2,70,10114
2,71,11665
2,72,20933
2,73,9579
2,74,23377
2,75,16842
2,76,12716
2,77,76994
2,78,11131
2,79,7912
2,80,19239
2,81,6996
2,82,10358
2,83,17827
2,84,12758
2,85,22896
2,86,14165
2,87,2452683
2,88,253066
2,89,47993
2,90,38113
2,91,7202
2,92,27149
2,93,43739
2,94,189981
2,95,92243
2,96,67168
2,97,147558
2,98,6138489
2,99,113717
2,100,66841
2,101,7724
2,102,80868
2,103,6463
2,104,14112
2,105,200606
2,106,40706
2,107,30685
2,108,12204
2,109,68229
2,110,7657
2,111,7428
2,112,7728
2,113,6715
2,114,13841
2,115,13886
2,116,20574
2,117,80949
2,118,7558
2,119,49609
2,120,18341
2,121,325962
2,122,16079
2,123,14577
2,124,93631
2,125,6381
2,126,38930
2,127,26737
3,0,115245
3,1,20177
3,2,64676
3,4,172202
3,5,18563
3,6,32328
3,7,13290
3,8,4314144
3,9,13086
3,10,6966
3,11,13226
3,12,12558
3,13,17228
3,14,75698
3,15,162745
3,16,22581
3,17,9680
3,18,95860
3,19,14371
3,20,6819
3,21,9726
3,22,18556
3,23,56649
3,24,96622
3,25,139402
3,26,6689
3,27,7384
3,28,6648
3,29,23822
3,30,15716
3,31,49215
3,32,29162
3,33,15874
3,34,7256
3,35,37380
3,36,15094
3,37,6465
3,38,165530
3,39,11246
3,40,9508042
3,41,9675
3,42,36616
3,43,26488
3,44,7365
3,45,49681
3,46,145148
3,47,76064
3,48,25588
3,49,47185
3,50,7469
3,51,18676
3,52,290080
3,53,86063
3,54,20616
3,55,6952
3,56,12718
3,57,444855
3,58,331447
3,59,98010
3,60,114150
3,61,7481
3,62,44617
3,63,78405
3,64,31995
3,65,9257
3,66,9935
3,67,124170
3,68,16291
3,69,8377
3,70,345626
3,71,9202
3,72,94841
3,73,14008
3,74,226896
3,75,1610798
3,76,19706
3,77,25064
3,78,8814
3,79,10606
3,80,8162
3,81,45603
3,82,13352
3,83,9843
3,84,165934
3,85,221107
3,86,76694
3,87,19146
3,88,7628
3,89,7764
3,90,9146
3,91,250629
3,92,45556
3,93,61653
3,94,19161
3,95,10766
3,96,85523
3,97,23611
3,98,43579
3,99,6470
3,100,675330
3,101,340640
3,102,10800
3,103,8248
3,104,7000
3,105,11526
3,106,12258
3,107,630347
3,108,24943
3,109,215142
3,110,11557
3,111,45760
3,112,16621
3,113,90103
3,114,8430
3,115,12917
3,116,9126
3,117,6439
3,118,11240
3,119,19575
3,120,39952
3,121,16238
3,122,6884
3,123,74190
3,124,19430659
3,125,10430
3,126,8452
3,127,6616
4,0,34553
4,1,67079
4,2,10121
4,3,1352716
4,5,3444601
4,6,925502
4,7,172059
4,8,13757
4,9,7176
4,10,13743
4,11,271285
4,12,7542
4,13,103906
4,14,9326
4,15,21871
4,16,17782
4,17,88801
4,18,10197
4,19,306585
4,20,89232
4,21,16419
4,22,13463
4,23,8138
4,24,6876
4,25,7614
4,26,7851
4,27,9802
4,28,22480
4,29,82315
4,30,16732
4,31,6452
4,32,11352
4,33,7689
4,34,6712
4,35,8946
4,36,16560
4,37,12668
4,38,1389192
4,39,15925
4,40,6394
4,41,16857
4,42,8439
4,43,12689
4,44,7095
4,45,228728
4,46,26501
4,47,174968
4,48,14636
4,49,11596
4,50,84724
4,51,13123
4,52,19870
4,53,23880
4,54,34811
4,55,159151
4,56,8022
4,57,13391
4,58,17501
4,59,10472
4,60,10601
4,61,18259
4,62,9246
4,63,8129
4,64,8325
4,65,6520
4,66,24880
4,67,13236
4,68,12827
4,69,1017840
4,70,6729
4,71,17160
4,72,77751
4,73,245872
4,74,8410
4,75,7511
4,76,518756
4,77,8316
4,78,8526
4,79,7374
4,80,568450
4,81,15151
4,82,7378
4,83,10756
4,84,6834
4,85,9378
4,86,32003
4,87,9838
4,88,7125
4,89,315829
4,90,22640
4,91,12810
4,92,50825
4,93,113002
4,94,34464
4,95,20674
4,96,16331
4,97,7883
4,98,50712
4,99,6692
4,100,19579
4,101,23496
4,102,26584
4,103,7666
4,104,18043
4,105,6969
4,106,6832
4,107,20587
4,108,432568
4,109,11035
4,110,32434
4,111,29319
4,112,7932
4,113,12685
4,114,846327
4,115,86108
4,116,8746
4,117,18804
4,118,10322
4,119,64732
4,120,11172
4,121,32802
4,122,12339
4,123,27686
4,124,33616
4,125,13526
4,126,7813
4,127,62412
5,0,49790
5,1,10270
5,2,50863
5,3,30524
5,4,19734
5,6,11993
5,7,7362
5,8,873570
5,9,8803
5,10,24297
5,11,18096
5,12,9138
5,13,21964
5,14,39540
5,15,41525
5,16,7596
5,17,13286
5,18,64340
5,19,38276261
5,20,12364
5,21,15184
5,22,17123
5,23,9327
5,24,35063
5,25,11840
5,26,8794
5,27,20801
5,28,8717
5,29,170070
5,30,330168
5,31,9848
5,32,11671
5,33,9934
5,34,6694
5,35,34771
5,36,15942
5,37,27761
5,38,9186
5,39,277531
5,40,25884
5,41,9399
5,42,947240
5,43,897784
5,44,1195730
5,45,49772
5,46,17256
5,47,8301
5,48,11402
5,49,40641
5,50,111037
5,51,128631
5,52,14396
5,53,18053
5,54,7550
5,55,187305378
5,56,55108
5,57,17381
5,58,18787
5,59,214727
5,60,8865
5,61,8311
5,62,15668
5,63,12088
5,64,11433
5,65,78793
5,66,26912
5,67,7687
5,68,22718
5,69,346085
5,70,7317
5,71,99835
5,72,100768
5,73,14239
5,74,10429
5,75,227351
5,76,117033
5,77,34932
5,78,14526
5,79,6598
5,80,10947
5,81,12959
5,82,8655
5,83,7421
5,84,552033
5,85,10442
5,86,38136
5,87,21285
5,88,7477
5,89,19273
5,90,27089
5,91,36725
5,92,6593
5,93,26374
5,94,35784
5,95,17769
5,96,21507
5,97,42329
5,98,12694
5,99,92753
5,100,12201
5,101,133084
5,102,12313
5,103,15007
5,104,19710
5,105,33739
5,106,56002
5,107,13597
5,108,10048
5,109,959687
5,110,60403
5,111,25510
5,112,52824
5,113,988051
5,114,6850
5,115,6574
5,116,22231
5,117,33930
5,118,13906
5,119,27934
5,120,32848
5,121,6950
5,122,6814
5,123,29722
5,124,8372
5,125,31413
5,126,20153
5,127,10669
6,0,10148
6,1,33787
6,2,8592
6,3,33288
6,4,45013
6,5,139807
6,7,8123
6,8,16644
6,9,21119
6,10,225537
6,11,6435
6,12,47019
6,13,9789
6,14,10846
6,15,9009
6,16,60428
6,17,7009
6,18,24221
6,19,74580
6,20,6518
6,21,27050
6,22,6960
6,23,31396
6,24,73698
6,25,848372
6,26,8151
6,27,26255047
6,28,284021
6,29,22757
6,30,52724
6,31,7327
6,32,20048
6,33,10534
6,34,2476927
6,35,46626
6,36,701358
6,37,13982
6,38,8214
6,39,12996
6,40,55023
6,41,9428
6,42,8666
6,43,168811
6,44,55065
6,45,7673
6,46,836223
6,47,42219
6,48,18127
6,49,25939
6,50,13234
6,51,38288
6,52,121954
6,53,73040
6,54,11551
6,55,40512
6,56,79819
6,57,9483
6,58,6660
6,59,8383
6,60,24687
6,61,11474
6,62,500360
6,63,1987969
6,64,285349
6,65,24857
6,66,46062
6,67,3078152
6,68,8554
6,69,70925
6,70,127404
6,71,13162
6,72,82864
6,73,9329
6,74,13951
6,75,122197
6,76,11447
6,77,830258
6,78,9398
6,79,33806
6,80,8658
6,81,21903
6,82,23870
6,83,18833
6,84,18634
6,85,33261
6,86,20128
6,87,37257
6,88,216819
6,89,281069
6,90,51644
6,91,14019
6,92,13206
6,93,9799
6,94,6827
6,95,465915
6,96,11419
6,97,32346
6,98,167157
6,99,122849
6,100,23977
6,101,12194
6,102,66663
6,103,69098
6,104,82022
6,105,6483
6,106,28999
6,107,22635
6,108,165261
6,109,154003
6,110,7345
6,111,378278
6,112,17065
6,113,18776
6,114,8226
6,115,11559
6,116,45871
6,117,23579
6,118,219590
6,119,7301
6,120,120040
6,121,21729
6,122,745316
6,123,18701
6,124,6356
6,125,9912
6,126,58287
6,127,41592
7,0,29014
7,1,28860
7,2,14479
7,3,121150
7,4,2240777
7,5,33663
7,6,30848
7,8,9587
7,9,10759
7,10,47755
7,11,8099
7,12,6347
7,13,118174
7,14,7304
7,15,8318
7,16,11722
7,17,176904
7,18,31287
7,19,76064338
7,20,8914
7,21,41324
7,22,24903
7,23,12675
7,24,22674
7,25,24155
7,26,240009
7,27,11612
7,28,28164
7,29,10457
7,30,22654
7,31,86975
7,32,25221
7,33,25793
7,34,9027
7,35,172923
7,36,29869
7,37,35215
7,38,22891
7,39,710408
7,40,10394
7,41,19158
7,42,9518
7,43,9686
7,44,21516
7,45,10261
7,46,29342
7,47,20912
7,48,81154
7,49,9453
7,50,25309
7,51,29058
7,52,13633
7,53,38738
7,54,7524
7,55,7923
7,56,39270
7,57,14123
7,58,9964
7,59,12829
7,60,12692
7,61,16257
7,62,34103
7,63,24620
7,64,8504
7,65,15972
7,66,35658
7,67,25339
7,68,15054
7,69,23259
7,70,9738
7,71,6903
7,72,6540
7,73,11343
7,74,7602
7,75,7977
7,76,163269
7,77,16603
7,78,87021
7,79,12370
7,80,3509119
7,81,15842
7,82,71287
7,83,22931
7,84,382585
7,85,19095
7,86,6955
7,87,28656
7,88,8545
7,89,37023
7,90,10688
7,91,8277806
7,92,6717
7,93,10564
7,94,6621
7,95,17353
7,96,6460
7,97,130147
7,98,13809
7,99,39245
7,100,6342
7,101,14344
7,102,14859
7,103,16893
7,104,19389
7,105,7661
7,106,7310
7,107,7599
7,108,10810
7,109,38055
7,110,6743
7,111,30702
7,112,23774
7,113,17739
7,114,20141
7,115,193068
7,116,21294
7,117,42791
7,118,8098
7,119,75045
7,120,158273
7,121,20197
7,122,6602
7,123,23934
7,124,12833
7,125,8603
7,126,26770
7,127,81236
8,0,11797
8,1,19069
8,2,70437
8,3,12440
8,4,37985
8,5,1477535
8,6,17375
8,7,11281
8,9,13465
8,10,35554
8,11,23403
8,12,33588
8,13,19206
8,14,221325
8,15,9627
8,16,7744
8,17,624153
8,18,23737
8,19,21629
8,20,21885
8,21,62572
8,22,74866
8,23,9811
8,24,14620
8,25,7255
8,26,8169
8,27,152583
8,28,105919
8,29,54745
8,30,10211
8,31,6613
8,32,10930
8,33,16633
8,34,12027
8,35,16456
8,36,21268
8,37,10172
8,38,19507
8,39,24435
8,40,55563
8,41,8005
8,42,8299
8,43,93423
8,44,15134
8,45,81113
8,46,12267
8,47,12773
8,48,3009239
8,49,418301
8,50,70050
8,51,128985
8,52,14547
8,53,12331
8,54,32488
8,55,164593
8,56,136718
8,57,7729
8,58,9291
8,59,22359
8,60,53187
8,61,17850
8,62,31891
8,63,14830
8,64,7159
8,65,8323
8,66,22523
8,67,19382
8,68,14156
8,69,7820
8,70,7562
8,71,40371
8,72,107275
8,73,8801
8,74,1370752
8,75,2084933
8,76,812779
8,77,10245
8,78,11998
8,79,29531
8,80,33409
8,81,9795
8,82,74296
8,83,8610
8,84,8902
8,85,15079
8,86,25612
8,87,18483
8,88,50192
8,89,17081
8,90,15950
8,91,28383
8,92,16612
8,93,8507
8,94,21761
8,95,7418
8,96,7598
8,97,15737
8,98,62228
8,99,54980
8,100,22802
8,101,8782
8,102,65241
8,103,6886
8,104,11394
8,105,9297
8,106,94049
8,107,19859
8,108,18952
8,109,70534
8,110,65384
8,111,34474
8,112,314648
8,113,7665
8,114,6618
8,115,146564
8,116,20032
8,117,446960
8,118,8726
8,119,16792
8,120,32541
8,121,9143
8,122,54639
8,123,11900
8,124,8964
8,125,73733
8,126,10289
8,127,29334
9,0,10749
9,1,112434
9,2,42302
9,3,305089
9,4,9180
9,5,417671
9,6,6890
9,7,10596
9,8,17416
9,10,10595
9,11,19412
9,12,16399
9,13,8465
9,14,18396
9,15,24631
9,16,6746
9,17,7587
9,18,35032
9,19,9941
9,20,20700
9,21,48843
9,22,80664
9,23,40231
9,24,94364
9,25,16795
9,26,92193
9,27,356936
9,28,7012
9,29,26286
9,30,11540
9,31,7788
9,32,13458
9,33,97008
9,34,364323
9,35,8460
9,36,11255
9,37,9863830
9,38,21036
9,39,182930
9,40,4107088
9,41,23228
9,42,10263
9,43,32240
9,44,23315
9,45,16082
9,46,12253
9,47,329319
9,48,9447
9,49,51108
9,50,14208
9,51,36443
9,52,7097
9,53,20985
9,54,328897
9,55,15820
9,56,5093155
9,57,6426652
9,58,33749
9,59,29357
9,60,171629
9,61,14119
9,62,186154
9,63,9140
9,64,17562
9,65,23939
9,66,39380
9,67,59366
9,68,6448
9,69,65527
9,70,64063
9,71,12609
9,72,82949
9,73,6349
9,74,135360
9,75,6341
9,76,74973
9,77,39553
9,78,10895
9,79,13943
9,80,7692
9,81,10009
9,82,56537
9,83,6673
9,84,14781
9,85,8661
9,86,9835
9,87,1509083
9,88,16624
9,89,12281
9,90,436600
9,91,6577
9,92,7004
9,93,7826
9,94,22108
9,95,7490
9,96,9584
9,97,8376
9,98,9960
9,99,41972
9,100,41471
9,101,59610
9,102,51605
9,103,9128
9,104,59415
9,105,36846
9,106,9979
9,107,42805
9,108,14905
9,109,9552
9,110,7502
9,111,10727
9,112,11843
9,113,6641
9,114,92600
9,115,30056
9,116,13434
9,117,32257
9,118,13318
9,119,9435
9,120,2591138
9,121,949708
9,122,95268
9,123,14094
9,124,13184
9,125,43405
9,126,10963
9,127,55914
10,0,8158
10,1,50211
10,2,61497
10,3,112364
10,4,35606
10,5,46094
10,6,7294
10,7,10456
10,8,86017
10,9,28714
10,11,531655
10,12,7290
10,13,840240
10,14,6974
10,15,27830
10,16,152114
10,17,34239
10,18,23663
10,19,6466
10,20,38171
10,21,52248
10,22,13190
10,23,122116
10,24,9531
10,25,20645
10,26,77333
10,27,2728703
10,28,27083
10,29,84067
10,30,8921
10,31,143542
10,32,10865
10,33,214312
10,34,8427
10,35,45198
10,36,27948
10,37,36551
10,38,8516
10,39,7821
10,40,12598
10,41,18869
10,42,9199
10,43,12378660
10,44,21197
10,45,16878
10,46,11136
10,47,12352
10,48,6380
10,49,91889
10,50,8540
10,51,15994
10,52,8341
10,53,8400
10,54,32399
10,55,10853
10,56,7340
10,57,119334
10,58,6753
10,59,22422
10,60,9167
10,61,6634
10,62,13119
10,63,7515
10,64,21652
10,65,20687
10,66,15064
10,67,60203
10,68,53760
10,69,37664
10,70,10365
10,71,17056
10,72,9770
10,73,9583
10,74,14310
10,75,513386
10,76,18123
10,77,10714
10,78,170917
10,79,11022
10,80,41795
10,81,20209
10,82,47318
10,83,17559
10,84,17930
10,85,10707
10,86,43232
10,87,25787
10,88,27844
10,89,19741
10,90,15660
10,91,38148
10,92,7665
10,93,45431
10,94,1057978
10,95,6343
10,96,9080
10,97,30492
10,98,51432
10,99,12461
10,100,62838
10,101,9244
10,102,27422
10,103,8910
10,104,23346
10,105,9980
10,106,112293
10,107,18584
10,108,6389
10,109,8006
10,110,7861
10,111,51452
10,112,7651
10,113,39914
10,114,90643
10,115,9903
10,116,243039
10,117,27871
10,118,131053
10,119,8259
10,120,108195
10,121,9580
10,122,19866
10,123,10377
10,124,7137
10,125,10225
10,126,7166
10,127,32667
11,0,69350
11,1,2393773
11,2,7508
11,3,14323
11,4,12984
11,5,183089
11,6,12071
11,7,7179
11,8,16636
11,9,7327
11,10,36378
11,12,22792
11,13,23553
11,14,37709
11,15,11367
11,16,11033
11,17,6563
11,18,52965
11,19,6363
11,20,9148
11,21,16402
11,22,109331
11,23,22846
11,24,8406
11,25,11781
11,26,8472
11,27,4078861
11,28,7418
11,29,8859
11,30,75081
11,31,44723
11,32,12982
11,33,16750
11,34,6487
11,35,12930
11,36,7703
11,37,15579
11,38,6868
11,39,9174
11,40,27782
11,41,15955
11,42,8842
11,43,11442
11,44,104092
11,45,25909
11,46,13882
11,47,10483
11,48,86608
11,49,82357
11,50,27789
11,51,23418
11,52,40745
11,53,37789
11,54,11477
11,55,18130
11,56,15144
11,57,68942
11,58,34288
11,59,6595
11,60,35441
11,61,26381
11,62,86654
11,63,18855
11,64,252249
11,65,41999
11,66,19416
11,67,6568
11,68,7742
11,69,12190
11,70,30750
11,71,12871
11,72,17117
11,73,11155
11,74,63568
11,75,6407
11,76,27754
11,77,7243
11,78,13328180
11,79,11198
11,80,24665
11,81,10433
11,82,104716
11,83,354052
11,84,523302
11,85,12826
11,86,8127
11,87,6621
11,88,8095
11,89,9506
11,90,146783972
11,91,6775
11,92,8770
11,93,37766
11,94,7874
11,95,143225
11,96,24783
11,97,6680
11,98,22080
11,99,24314
11,100,7876
11,101,82652
11,102,22738
11,103,41059
11,104,141862
11,105,20809
11,106,11369
11,107,40590
11,108,11930
11,109,39392
11,110,10837
11,111,103045
11,112,15906
11,113,46560855
11,114,8201
11,115,206490
11,116,7503
11,117,9493
11,118,7968
11,119,14482
11,120,8077
11,121,91940
11,122,56046466
11,123,15469
11,124,96240
11,125,7585
11,126,65729
11,127,24090
12,0,6733
12,1,8281
12,2,8533
12,3,12543
12,4,8552
12,5,14330
12,6,321031
12,7,22350
12,8,10816
12,9,13027
12,10,25672
12,11,15005
12,13,27482
12,14,51471
12,15,10920
12,16,8442
12,17,9510
12,18,10156
12,19,276263
12,20,61809
12,21,38124
12,22,18655
12,23,19745
12,24,40116
12,25,31087
12,26,10320
12,27,15407
12,28,11984
12,29,141447
12,30,36281
12,31,12801
12,32,26469
12,33,8706
12,34,57447
12,35,12092
12,36,84768
12,37,323892
12,38,7836
12,39,93735
12,40,32748
12,41,25630
12,42,14079
12,43,519660
12,44,7231
12,45,135649
12,46,626619
12,47,18093
12,48,6508
12,49,11488
12,50,15166
12,51,3341370
12,52,22188
12,53,10106
12,54,35482
12,55,14681
12,56,8612
12,57,19344
12,58,204945
12,59,35669
12,60,10301
12,61,14401
12,62,59659
12,63,6352
12,64,109533
12,65,6767
12,66,9897
12,67,31986
12,68,11860
12,69,824362
12,70,6474
12,71,9467
12,72,13977
12,73,7177
12,74,9195
12,75,39160
12,76,7209
12,77,566354
12,78,9005
12,79,208450
12,80,110076
12,81,275633
12,82,6927
12,83,31079
12,84,19784
12,85,16029
12,86,6478
12,87,8597
12,88,154601
12,89,36196
12,90,53025
12,91,45697
12,92,40384
12,93,14039
12,94,32310
12,95,34652
12,96,22961
12,97,6562
12,98,7615
12,99,17834
12,100,6344
12,101,37893
12,102,620485
12,103,7166
12,104,10299
12,105,9604
12,106,14125
12,107,11817
12,108,21467
12,109,97173
12,110,19363
12,111,591266
12,112,6865
12,113,53472
12,114,33597
12,115,11008
12,116,82273
12,117,25493
12,118,25445
12,119,29252
12,120,25958
12,121,21374
12,122,12008
12,123,14760
12,124,13395
12,125,72256
12,126,39099
12,127,7859
13,0,26692
13,1,17120
13,2,13574
13,3,6569
13,4,143119
13,5,8712
13,6,67680
13,7,7521
13,8,59955
13,9,18218
13,10,10067
13,11,22538
13,12,9417
13,14,7897
13,15,58547
13,16,15382
13,17,12565
13,18,101717
13,19,9959
13,20,184692
13,21,70794
13,22,28634
13,23,18673
13,24,34395
13,25,202474
13,26,155203
13,27,1268187
13,28,39124
13,29,7704
13,30,319014
13,31,8594
13,32,32811
13,33,70892
13,34,267051
13,35,91587
13,36,33131
13,37,6610
13,38,24524
13,39,18452
13,40,101004
13,41,15652
13,42,826320
13,43,45509
13,44,17973
13,45,9062
13,46,7985
13,47,37516
13,48,38702
13,49,23886
13,50,1244532
13,51,13186
13,52,26149
13,53,194292
13,54,9503
13,55,8021
13,56,11485
13,57,8309
13,58,19348
13,59,94311
13,60,1284376
13,61,740390
13,62,153884
13,63,385318
13,64,498665
13,65,37067
13,66,19945
13,67,9240
13,68,8937
13,69,8791
13,70,13062
13,71,6932
13,72,23408
13,73,36791
13,74,18744
13,75,77828
13,76,35195
13,77,205329
13,78,11607
13,79,8660
13,80,11455
13,81,26860
13,82,51993
13,83,15928
13,84,12700
13,85,10508
13,86,7456
13,87,6630
13,88,7218
13,89,109466
13,90,52189
13,91,7078
13,92,47536
13,93,13912
13,94,19679
13,95,8137
13,96,13176
13,97,8295
13,98,128896
13,99,13413
13,100,6878
13,101,64844
13,102,8394
13,103,8086
13,104,8405
13,105,8515
13,106,81690
13,107,19058193
13,108,17216
13,109,73074
13,110,51127
13,111,18389
13,112,23213
13,113,113215
13,114,7420
13,115,6335
13,116,21049381
13,117,14063
13,118,26507
13,119,11807
13,120,6687
13,121,13332
13,122,13212
13,123,9709
13,124,8103
13,125,17873
13,126,11448
13,127,7472
14,0,80260
14,1,12730
14,2,13074
14,3,164860
14,4,51838
14,5,21968
14,6,13050
14,7,21276
14,8,62149
14,9,29029
14,10,16294
14,11,63815
14,12,14793
14,13,16502
14,15,80502
14,16,13541
14,17,6699
14,18,24386
14,19,12534
14,20,87623
14,21,6489
14,22,9586
14,23,105093
14,24,18623
14,25,215560
14,26,6609
14,27,9836
14,28,67019
14,29,19262
14,30,20104
14,31,47003
14,32,16914
14,33,95752
14,34,7318
14,35,174674
14,36,44982606
14,37,18039
14,38,7084
14,39,28052
14,40,13858
14,41,7425
14,42,21316
14,43,8457
14,44,6787
14,45,8114
14,46,63952
14,47,153290
14,48,12074
14,49,8106
14,50,10120
14,51,18147
14,52,6548291
14,53,16176
14,54,13747
14,55,13064
14,56,18473
14,57,12459
14,58,21006
14,59,14561
14,60,134976
14,61,742026
14,62,6762
14,63,40616
14,64,29081
14,65,9343
14,66,24424
14,67,11333
14,68,45106
14,69,8595
14,70,13424
14,71,19276
14,72,10646
14,73,67954
14,74,38894
14,75,44331
14,76,39417
14,77,17720
14,78,178723
14,79,17053
14,80,439323
14,81,9087
14,82,39136
14,83,33701
14,84,10592
14,85,57887
14,86,21498
14,87,10094
14,88,42288
14,89,6387
14,90,8605
14,91,7440
14,92,189306
14,93,6626
14,94,16974
14,95,21557
14,96,100067
14,97,57539
14,98,8121
14,99,149353
14,100,8186
14,101,6585
14,102,10393
14,103,10500
14,104,9910
14,105,13467
14,106,6561
14,107,15858
14,108,22297
14,109,26854
14,110,9160
14,111,119023
14,112,10022
14,113,55044
14,114,18140
14,115,6819
14,116,24352
14,117,41835
14,118,9058
14,119,6559
14,120,74473
14,121,105727
14,122,10449
14,123,3487391
14,124,13599
14,125,11586
14,126,23341
14,127,7821
15,0,11388
15,1,2772362
15,2,18290
15,3,14944
15,4,391448
15,5,15945
15,6,147225
15,7,20725
15,8,105663
15,9,9032
15,10,59390
15,11,15934
15,12,13240
15,13,19522
15,14,7712
15,16,357907
15,17,8381
15,18,6587
15,19,202286
15,20,7619
15,21,14885
15,22,14045
15,23,8063
15,24,7718
15,25,8195
15,26,26867
15,27,8738
15,28,13675
15,29,11321
15,30,10751
15,31,9173
15,32,20189
15,33,15780
15,34,14910
15,35,8307
15,36,16433
15,37,29493
15,38,20286
15,39,28707
15,40,24806
15,41,18448
15,42,7295
15,43,9530
15,44,13316
15,45,9201
15,46,26355
15,47,8960641
15,48,8945
15,49,9881
15,50,14622
15,51,14002
15,52,23923
15,53,13469
15,54,7413
15,55,18382
15,56,14470
15,57,8956
15,58,1938202
15,59,9640
15,60,48182
15,61,6589
15,62,18466
15,63,6801
15,64,10763
15,65,882248
15,66,63296
15,67,10287
15,68,9972
15,69,8222
15,70,28192
15,71,45044
15,72,8250
15,73,10649
15,74,18858
15,75,545098
15,76,13105
15,77,6582
15,78,98235
15,79,111453
15,80,10098
15,81,26834
15,82,7841424
15,83,13901
15,84,12875
15,85,6778
15,86,17568
15,87,13475
15,88,37847
15,89,9092
15,90,28548
15,91,760429
15,92,37358
15,93,55782
15,94,19918
15,95,11000
15,96,26571
15,97,7387
15,98,48984
15,99,67288
15,100,74616
15,101,9395
15,102,105600
15,103,7988
15,104,6657
15,105,169089
15,106,60278
15,107,55195
15,108,7839
15,109,6483
15,110,6864
15,111,12767
15,112,89520
15,113,27962
15,114,11252
15,115,9864
15,116,6390
15,117,223525
15,118,25860
15,119,612065
15,120,12286
15,121,42067
15,122,203418
15,123,6594
15,124,124839
15,125,6547
15,126,9090
15,127,30205
16,0,7832
16,1,159530
16,2,36058
16,3,6401
16,4,49483
16,5,15534
16,6,51702
16,7,18009
16,8,39002
16,9,12049
16,10,15146
16,11,7392
16,12,8990
16,13,17173
16,14,140828
16,15,7928
16,17,116357
16,18,7253
16,19,7351
16,20,21991
16,21,6960
16,22,10522
16,23,98461
16,24,7041
16,25,942336
16,26,11789
16,27,7597661
16,28,9121
16,29,570559
16,30,1882714
16,31,7298
16,32,9760
16,33,38690
16,34,20056
16,35,9907
16,36,489510
16,37,51298
16,38,218731
16,39,10381
16,40,7161
16,41,7494
16,42,8825
16,43,12264
16,44,42260
16,45,8696
16,46,9762
16,47,7696
16,48,31095
16,49,8615
16,50,6566
16,51,21756
16,52,14139
16,53,19614
16,54,8748
16,55,10250
16,56,11301
16,57,16195
16,58,22723
16,59,134785
16,60,6738089
16,61,17864
16,62,8980
16,63,6611
16,64,6665
16,65,25070
16,66,60228
16,67,39852
16,68,34444
16,69,14287
16,70,21811
16,71,25297
16,72,7205
16,73,28577
16,74,10921
16,75,66811
16,76,788592
16,77,152466
16,78,17093
16,79,28447
16,80,16129
16,81,18403
16,82,39233
16,83,14065
16,84,9775
16,85,7134
16,86,29615
16,87,6891
16,88,7031
16,89,8419
16,90,49808
16,91,46222
16,92,6862
16,93,6374
16,94,111942
16,95,15059
16,96,146454
16,97,8116
16,98,22160
16,99,74014
16,100,9700
16,101,467429
16,102,31736
16,103,7896
16,104,177205
16,105,9990
16,106,10041
16,107,79979
16,108,13764
16,109,90005
16,110,6623
16,111,25001
16,112,31320
16,113,10658
16,114,6453
16,115,17533
16,116,9955
16,117,8397
16,118,10209
16,119,6702
16,120,16413
16,121,6937
16,122,229886
16,123,26965
16,124,10635
16,125,21224
16,126,13035
16,127,6854
17,0,8260
17,1,50082
17,2,11346
17,3,35164
17,4,6872
17,5,15057
17,6,299945
17,7,18059
17,8,39479
17,9,30629
17,10,178875
17,11,7322
17,12,73838
17,13,66545
17,14,100416
17,15,28355
17,16,15027
17,18,1698081
17,19,1930110
17,20,6386
17,21,10110
17,22,230585
17,23,12379
17,24,6956
17,25,104030
17,26,8944
17,27,16923
17,28,9624
17,29,6384
17,30,99546
17,31,21427
17,32,6687
17,33,34543
17,34,6957
17,35,19541
17,36,8778
17,37,51548
17,38,8907
17,39,19033
17,40,7940
17,41,35794
17,42,10813
17,43,45619
17,44,30791
17,45,9259
17,46,12494
17,47,7191
17,48,6675
17,49,35679
17,50,18747
17,51,23833
17,52,13174
17,53,33466
17,54,14179
17,55,13721
17,56,50600
17,57,2370867
17,58,55958
17,59,43857
17,60,13170
17,61,12162
17,62,23183
17,63,31387
17,64,137999
17,65,8928
17,66,51279
17,67,41632
17,68,72868
17,69,704353
17,70,23081
17,71,592391
17,72,42482
17,73,80624
17,74,9880
17,75,7661
17,76,124420
17,77,126625
17,78,24369
17,79,22427
17,80,20421
17,81,10573
17,82,7682
17,83,62705
17,84,21770
17,85,86380
17,86,18978
17,87,13128757566
17,88,45776
17,89,40422
17,90,6748
17,91,8374
17,92,50900
17,93,32231
17,94,10547
17,95,6391
17,96,23653
17,97,11374
17,98,250361
17,99,786781
17,100,342439
17,101,9662
17,102,18420
17,103,42538
17,104,39802
17,105,20865
17,106,911467
17,107,23748
17,108,21002
17,109,6770
17,110,6340
17,111,12227
17,112,68015
17,113,6981
17,114,11045
17,115,15807
17,116,6850
17,117,8090
17,118,6503
17,119,10092
17,120,117564
17,121,21606
17,122,30971
17,123,7251
17,124,9948
17,125,10892
17,126,260903
17,127,31917
18,0,23648
18,1,6452
18,2,150954
18,3,20392
18,4,12994
18,5,10721
18,6,53370
18,7,14419
18,8,9732
18,9,141758
18,10,7267
18,11,465162
18,12,61214
18,13,77599
18,14,2565009
18,15,317813
18,16,12155
18,17,119023269
18,19,15563
18,20,39827
18,21,6771
18,22,176305
18,23,69794
18,24,33939
18,25,621704
18,26,52406
18,27,304716
18,28,17821
18,29,7484
18,30,22562
18,31,46014
18,32,25415
18,33,8668
18,34,17287
18,35,6599
18,36,11593
18,37,16235
18,38,70114
18,39,13826
18,40,13180
18,41,23864
18,42,12631
18,43,1519849
18,44,99777
18,45,57309
18,46,8010
18,47,7011
18,48,805206
18,49,13322
18,50,102377
18,51,179952
18,52,1004117
18,53,102741
18,54,15336
18,55,22099
18,56,19499
18,57,88706
18,58,14837
18,59,17185
18,60,46110
18,61,11917
18,62,15338
18,63,13082
18,64,28758
18,65,48337
18,66,6561
18,67,494468
18,68,10512
18,69,50174
18,70,14924
18,71,8336
18,72,54385
18,73,57748
18,74,48028
18,75,7889
18,76,21798
18,77,60353
18,78,11123
18,79,70958
18,80,13258
18,81,15462
18,82,37927
18,83,96952
18,84,14643
18,85,13967
18,86,131694
18,87,171344
18,88,8314
18,89,24226
18,90,107471
18,91,27102
18,92,24058
18,93,7953
18,94,6370
18,95,7613
18,96,1256267
18,97,88992
18,98,9117
18,99,24886
18,100,18644
18,101,16557
18,102,17269
18,103,13947
18,104,29147
18,105,25239
18,106,53452
18,107,62545
18,108,28896
18,109,24150
18,110,262056
18,111,23616
18,112,15516
18,113,29546
18,114,13078
18,115,7062
18,116,669764
18,117,11855
18,118,15323
18,119,13306
18,120,22132
18,121,7310
18,122,51070
18,123,32775
18,124,13702
18,125,8013
18,126,26978
18,127,19894
19,0,6446
19,1,9443
19,2,25636
19,3,26906
19,4,6597
19,5,87206
19,6,8939
19,7,15815
19,8,13877
19,9,106303
19,10,10647
19,11,25739
19,12,16299
19,13,8270
19,14,107014
19,15,9915
19,16,7300
19,17,6887
19,18,16959
19,20,6350
19,21,11340
19,22,8011271
19,23,31497
19,24,637916
19,25,27288
19,26,10296
19,27,29215
19,28,19726
19,29,16319
19,30,33205
19,31,9945
19,32,11483
19,33,34821
19,34,25082
19,35,23955
19,36,50938
19,37,11169
19,38,47654
19,39,21715
19,40,13869
19,41,21281
19,42,5134063
19,43,21848
19,44,6809
19,45,43492
19,46,13148
19,47,11458
19,48,23758
19,49,1408050
19,50,10153
19,51,32577
19,52,15049
19,53,932655
19,54,7042
19,55,6937236
19,56,6592
19,57,15449
19,58,18790
19,59,260044
19,60,7830
19,61,60328
19,62,11223
19,63,8640
19,64,39640
19,65,6556
19,66,40758
19,67,9230
19,68,10738
19,69,8239
19,70,15446
19,71,49899
19,72,64929
19,73,15592
19,74,10011
19,75,26112
19,76,832238
19,77,7645
19,78,14939
19,79,18331
19,80,40129
19,81,13072
19,82,38834
19,83,123672
19,84,110349
19,85,1160320
19,86,45183
19,87,12514
19,88,46724
19,89,27375
19,90,49447
19,91,6813
19,92,41244
19,93,9359
19,94,7128
19,95,42580
19,96,31531
19,97,8241
19,98,7579
19,99,117412
19,100,19484
19,101,39039
19,102,43521
19,103,7678
19,104,6862
19,105,55281
19,106,15308
19,107,17890
19,108,22165
19,109,7723
19,110,32793
19,111,11496
19,112,6571
19,113,532597
19,114,12670
19,115,70762
19,116,45966
19,117,16709
19,118,326378
19,119,26131
19,120,18560
19,121,26873
19,122,19556
19,123,19552
19,124,12487
19,125,643047
19,126,808978
19,127,9914
20,0,10863
20,1,6844
20,2,107997
20,3,37212
20,4,9302
20,5,7451
20,6,12909
20,7,613256
20,8,6995
20,9,8765
20,10,18348
20,11,132155
20,12,6840
20,13,46480
20,14,45855
20,15,20270
20,16,69571
20,17,27476
20,18,10873
20,19,6938
20,21,50470
20,22,6564
20,23,12792
20,24,7075
20,25,7135
20,26,102438
20,27,106755
20,28,7816
20,29,10988
20,30,63053
20,31,13888
20,32,10072
20,33,7850
20,34,90397
20,35,6737
20,36,39990
20,37,8349
20,38,21959
20,39,54092
20,40,23559
20,41,2617714
20,42,2112752
20,43,6861
20,44,76919
20,45,13080
20,46,37425
20,47,17176
20,48,72222
20,49,7630
20,50,4283512
20,51,70275
20,52,7375
20,53,10991
20,54,136425
20,55,17733
20,56,8654
20,57,1666022
20,58,179336
20,59,10683
20,60,7316
20,61,7512
20,62,7555
20,63,105982
20,64,6624
20,65,11725
20,66,1120080
20,67,16038
20,68,13953
20,69,46318
20,70,21351
20,71,52905
20,72,8808
20,73,11522
20,74,19480
20,75,12602
20,76,53719
20,77,31054
20,78,78058
20,79,31262
20,80,40409
20,81,76249
20,82,4505867
20,83,92549
20,84,9274
20,85,9192
20,86,9816
20,87,27295
20,88,6351
20,89,26984
20,90,23642
20,91,10310
20,92,7043
20,93,24710
20,94,16271
20,95,21136
20,96,73420
20,97,9198
20,98,1031879
20,99,138398
20,100,29417
20,101,11877
20,102,160164
20,103,11759
20,104,158024
20,105,71254
20,106,7115
20,107,23152
20,108,6678
20,109,923138
20,110,131145
20,111,8240
20,112,382042
20,113,21414
20,114,904583
20,115,9183
20,116,99086
20,117,55389
20,118,200052
20,119,48545
20,120,7536
20,121,60054
20,122,33159
20,123,7626
20,124,11694
20,125,43160
20,126,9389
20,127,8216
21,0,52844
21,1,8099
21,2,15242
21,3,7359
21,4,12322
21,5,8208
21,6,13984
21,7,1236810
21,8,33569
21,9,71486
21,10,29267
21,11,347007
21,12,13244
21,13,29853
21,14,7957
21,15,1060945
21,16,6937
21,17,40732
21,18,48113
21,19,20278
21,20,11324
21,22,11093
21,23,360352
21,24,16131
21,25,14615
21,26,7571
21,27,11802
21,28,6572
21,29,12185
21,30,321438
21,31,502921
21,32,78676
21,33,10184
21,34,15495
21,35,266753
21,36,67318
21,37,34503
21,38,8948
21,39,11925
21,40,7937
21,41,7368
21,42,12837
21,43,8873
21,44,7639
21,45,9132
21,46,7333
21,47,97395
21,48,8499
21,49,12467
21,50,49197
21,51,9781
21,52,6899
21,53,7916
21,54,7568
21,55,51818
21,56,11023
21,57,23122
21,58,21954
21,59,10603
21,60,7454
21,61,307716
21,62,7623
21,63,24254
21,64,125684
21,65,129878
21,66,16514
21,67,1192109
21,68,77069
21,69,9644
21,70,13785
21,71,6463
21,72,33901
21,73,18848
21,74,9079
21,75,15740
21,76,15500
21,77,358882
21,78,28115
21,79,96185
21,80,11059
21,81,9896
21,82,178265
21,83,78715
21,84,38642
21,85,8268
21,86,8849
21,87,6492
21,88,214106
21,89,7014
21,90,389200
21,91,7312
21,92,14087
21,93,7754
21,94,250093
21,95,14028
21,96,7508
21,97,8147
21,98,17071
21,99,7808
21,100,65816
21,101,246654
21,102,15069
21,103,25180
21,104,19423
21,105,11048
21,106,24558
21,107,22552
21,108,9883
21,109,30428
21,110,7399
21,111,25516
21,112,17814
21,113,11392
21,114,1225376
21,115,9635
21,116,1264192
21,117,6963
21,118,35083
21,119,33363
21,120,33279
21,121,20249
21,122,13350
21,123,78212
21,124,7534
21,125,9724
21,126,80139
21,127,33531
22,0,117109
22,1,9966
22,2,14074
22,3,24447
22,4,8505
22,5,17986
22,6,26193
22,7,109601
22,8,9992
22,9,6843
22,10,6883
22,11,8676
22,12,22601
22,13,37000
22,14,9280
22,15,84416
22,16,8931
22,17,7517
22,18,6542
22,19,10337
22,20,71986
22,21,116208
22,23,1330721
22,24,1731182
22,25,118098
22,26,393717
22,27,1167261
22,28,43593
22,29,15537
22,30,9129
22,31,18164
22,32,413925
22,33,7706
22,34,7160
22,35,133836
22,36,23398
22,37,162614
22,38,25897
22,39,19014
22,40,47772
22,41,69954
22,42,6363
22,43,27228
22,44,9083
22,45,27368
22,46,116059
22,47,7375
22,48,12971
22,49,11300
22,50,92041
22,51,8062
22,52,11151
22,53,16356
22,54,24063
22,55,141137
22,56,21743
22,57,18480
22,58,10536
22,59,13216
22,60,48130
22,61,9938
22,62,14413
22,63,19336
22,64,154842
22,65,11847
22,66,56447
22,67,36185
22,68,8043
22,69,7278
22,70,190830
22,71,12297
22,72,10644
22,73,19941
22,74,10607
22,75,2552109
22,76,65470
22,77,13610
22,78,7753
22,79,46254
22,80,44799
22,81,8713
22,82,97451
22,83,15077
22,84,19819
22,85,233180
22,86,173213
22,87,11625
22,88,7312
22,89,127317
22,90,56920
22,91,8045
22,92,52525
22,93,9683
22,94,24580
22,95,226215
22,96,8078
22,97,24341
22,98,7857
22,99,7069
22,100,25854
22,101,31616
22,102,410846
22,103,57655
22,104,49918
22,105,14332
22,106,33104
22,107,803332
22,108,20479
22,109,11812
22,110,10951
22,111,5482064
22,112,7722
22,113,12856
22,114,30316
22,115,107340
22,116,63897
22,117,6915
22,118,137110
22,119,1309315
22,120,29715
22,121,24541
22,122,12492
22,123,9818
22,124,7906
22,125,16442
22,126,16373
22,127,7838
23,0,101538
23,1,25995
23,2,95968
23,3,14535
23,4,7381
23,5,11804
23,6,13545
23,7,6548
23,8,9454
23,9,22906039
23,10,6386
23,11,15402
23,12,15257
23,13,45353
23,14,11384
23,15,7428
23,16,10354
23,17,8772
23,18,33214
23,19,8419
23,20,14072
23,21,345167
23,22,10091
23,24,11054
23,25,486250280
23,26,1252335
23,27,11234
23,28,9746
23,29,76508
23,30,2190043
23,31,129252
23,32,11427
23,33,12521
23,34,333598
23,35,10582
23,36,23444
23,37,15346
23,38,29021
23,39,12242
23,40,254436
23,41,8317
23,42,18641
23,43,17755
23,44,252793
23,45,11929
23,46,45245
23,47,7038
23,48,6852
23,49,6609
23,50,6544
23,51,79107
23,52,7248
23,53,8181
23,54,52072
23,55,20620
23,56,8319
23,57,298502
23,58,7485
23,59,20942
23,60,9999
23,61,11353
23,62,14387
23,63,183727
23,64,13314
23,65,10140
23,66,110486
23,67,16316
23,68,65298
23,69,1066922
23,70,24243
23,71,8918
23,72,7686
23,73,10496
23,74,19606
23,75,231523
23,76,6614
23,77,13127
23,78,51895971
23,79,19518
23,80,18238
23,81,8819
23,82,10030
23,83,1503747
23,84,23690
23,85,9567
23,86,7715
23,87,16204
23,88,8229
23,89,20972
23,90,65441
23,91,12262
23,92,6713
23,93,9520
23,94,26019
23,95,10065
23,96,42847
23,97,13681
23,98,164327
23,99,7348
23,100,7581
23,101,7066
23,102,31253
23,103,28962
23,104,26311
23,105,75153
23,106,32993
23,107,10100
23,108,43218
23,109,200792
23,110,8720
23,111,42081
23,112,69130
23,113,7174
23,114,6867
23,115,12141
23,116,10541
23,117,9708
23,118,22494
23,119,26013
23,120,10462
23,121,522387
23,122,17933
23,123,6703
23,124,6786
23,125,6395
23,126,781390
23,127,25463
24,0,12039
24,1,16574
24,2,36324
24,3,21917
24,4,12458
24,5,20670
24,6,14048
24,7,19488
24,8,673932
24,9,7793
24,10,17460
24,11,18873
24,12,54937
24,13,30261
24,14,9855
24,15,1751562
24,16,3402679
24,17,26418
24,18,1375323
24,19,11697364
24,20,9156
24,21,488692
24,22,30897
24,23,6596
24,25,12288
24,26,6706
24,27,28483
24,28,49627
24,29,150838
24,30,14206
24,31,28277
24,32,27968
24,33,10940
24,34,55151
24,35,10093
24,36,17963
24,37,16333
24,38,4408269
24,39,9390
24,40,12873
24,41,75226
24,42,7401
24,43,10664
24,44,558096
24,45,10421
24,46,6615
24,47,21171
24,48,7059
24,49,7789
24,50,38382
24,51,8414
24,52,6462
24,53,7101
24,54,7669
24,55,151998
24,56,6972
24,57,8106
24,58,9645
24,59,295296
24,60,26899
24,61,35710
24,62,20245
24,63,59807
24,64,1417639
24,65,8076
24,66,161060
24,67,19333
24,68,98517
24,69,17604
24,70,9089
24,71,33768
24,72,8482
24,73,32372
24,74,7437
24,75,23086
24,76,7366270
24,77,6962
24,78,6805
24,79,508109
24,80,11275
24,81,25111
24,82,23208
24,83,9656
24,84,10611
24,85,266158
24,86,20040
24,87,18588
24,88,29410
24,89,9348
24,90,12218
24,91,24069
24,92,42664
24,93,28642
24,94,7404
24,95,32784
24,96,6559
24,97,56157
24,98,349329
24,99,34484
24,100,9722
24,101,10305
24,102,6918
24,103,8386
24,104,6717
24,105,614451
24,106,23532
24,107,271899
24,108,14116
24,109,21853
24,110,14988
24,111,33625
24,112,58452
24,113,7351
24,114,6536
24,115,29170
24,116,59488
24,117,501211
24,118,14364
24,119,6782
24,120,130599
24,121,120593
24,122,77942
24,123,90201
24,124,18026
24,125,26075
24,126,12119
24,127,15566
25,0,255819
25,1,94154
25,2,228038
25,3,42510
25,4,30095
25,5,27837
25,6,38726
25,7,83548
25,8,7815
25,9,640473
25,10,105283
25,11,6641
25,12,53167
25,13,14105
25,14,188468
25,15,15920
25,16,12223
25,17,30017
25,18,12382
25,19,8029
25,20,7861
25,21,9688
25,22,6367
25,23,15443
25,24,7326
25,26,7871
25,27,7395
25,28,24172
25,29,51799
25,30,11017
25,31,35185
25,32,94894
25,33,8822
25,34,6507
25,35,16780
25,36,134214
25,37,14741
25,38,12255
25,39,8573
25,40,27892
25,41,74651
25,42,54873
25,43,75771
25,44,16577
25,45,19419
25,46,97118
25,47,7973
25,48,448372
25,49,17435
25,50,24715
25,51,2293500
25,52,554042
25,53,24659
25,54,9304
25,55,8942
25,56,19051
25,57,6605
25,58,24419
25,59,6756
25,60,88849
25,61,29486
25,62,9265
25,63,45029
25,64,52985
25,65,7561
25,66,27489
25,67,10215
25,68,45587
25,69,22061
25,70,17694
25,71,41271
25,72,43564
25,73,7589
25,74,6895
25,75,9363
25,76,42399
25,77,50396
25,78,54259
25,79,16774
25,80,6825
25,81,298861
25,82,28809
25,83,72937
25,84,383129
25,85,19154
25,86,7935
25,87,8224
25,88,7270
25,89,13932
25,90,200421
25,91,15141
25,92,7071
25,93,50976
25,94,533541
25,95,6928
25,96,25564
25,97,7926
25,98,17736
25,99,12780
25,100,74723
25,101,11912
25,102,990699
25,103,8395
25,104,82992
25,105,13845
25,106,26796
25,107,11999
25,108,21145
25,109,985415
25,110,7801
25,111,6532
25,112,9340
25,113,52605
25,114,10711
25,115,91287
25,116,8861
25,117,398904
25,118,17710
25,119,25475
25,120,9336
25,121,46078
25,122,31625
25,123,15369
25,124,32532
25,125,11702
25,126,14394
25,127,12225
26,0,11103
26,1,9360
26,2,55651
26,3,11683
26,4,6803
26,5,39172
26,6,12713
26,7,9076
26,8,9553
26,9,10359
26,10,265566
26,11,20450
26,12,87391
26,13,9243
26,14,163533
26,15,166612
26,16,32213
26,17,8829
26,18,16839
26,19,13054
26,20,19804
26,21,17290
26,22,49090
26,23,68599
26,24,9485
26,25,8150
26,27,9050
26,28,8627
26,29,8156
26,30,8148
26,31,11338
26,32,36400
26,33,36153
26,34,209442
26,35,8633
26,36,7580
26,37,407202
26,38,15212
26,39,249292
26,40,66135
26,41,67589
26,42,20729
26,43,8157
26,44,8776
26,45,23907
26,46,718099
26,47,7877
26,48,191001
26,49,65642
26,50,16007
26,51,7226
26,52,31337
26,53,8097
26,54,63650
26,55,13052
26,56,18310
26,57,16485
26,58,11470
26,59,25805
26,60,6705
26,61,236310
26,62,96349
26,63,164993
26,64,1313550
26,65,6454
26,66,199683
26,67,11745
26,68,7504
26,69,19882
26,70,8494
26,71,6432
26,72,888851
26,73,14868
26,74,28171
26,75,2048778
26,76,32073
26,77,15395
26,78,7052
26,79,52644
26,80,504640
26,81,14866
26,82,14655
26,83,13324
26,84,7352
26,85,133365
26,86,11714
26,87,7022
26,88,20096
26,89,12646
26,90,38954
26,91,9628
26,92,289738
26,93,16027
26,94,29282
26,95,43725
26,96,6655
26,97,7574
26,98,16350
26,99,24932
26,100,19165
26,101,40256
26,102,23434
26,103,53411
26,104,6387
26,105,9542
26,106,13740
26,107,12402
26,108,13556
26,109,8806
26,110,48199
26,111,116958
26,112,9394174
26,113,13117
26,114,167020
26,115,6397
26,116,6567
26,117,7560
26,118,9906
26,119,209641
26,120,16024
26,121,20508
26,122,7005808
26,123,92447
26,124,9354
26,125,53657
26,126,7268
26,127,35154
27,0,11887
27,1,119179
27,2,41231
27,3,38206
27,4,9334
27,5,21405
27,6,14798
27,7,35878
27,8,25660
27,9,21489429
27,10,77182
27,11,123177
27,12,248761
27,13,9756
27,14,7936
27,15,7902
27,16,15106
27,17,10779
27,18,49411
27,19,6444
27,20,25558
27,21,632854
27,22,9514
27,23,32820
27,24,15270
27,25,68352
27,26,9589
27,28,36682
27,29,14931
27,30,47102
27,31,38078
27,32,20754
27,33,92396
27,34,101122
27,35,24347
27,36,9546
27,37,7865
27,38,15189
27,39,12750
27,40,19691
27,41,10495
27,42,9054
27,43,9419
27,44,11885
27,45,61061
27,46,105156
27,47,11720
27,48,8954
27,49,1653480
27,50,8537
27,51,39343
27,52,539268
27,53,6553
27,54,10350
27,55,15732
27,56,6627
27,57,20776
27,58,44814
27,59,6889
27,60,29761
27,61,6900
27,62,20562
27,63,192895
27,64,13934
27,65,7458
27,66,143861
27,67,216398
27,68,79501
27,69,9786
27,70,14264
27,71,42861
27,72,7572
27,73,17939
27,74,100710
27,75,24761
27,76,7960
27,77,10776
27,78,650873
27,79,12040
27,80,15252
27,81,21688
27,82,8417
27,83,6410
27,84,11118
27,85,26667
27,86,8202
27,87,11556
27,88,9157
27,89,6608
27,90,14753
27,91,7634
27,92,129788
27,93,30324
27,94,46904
27,95,11660
27,96,12037
27,97,22533
27,98,9725
27,99,29993
27,100,36671
27,101,13662
27,102,228498
27,103,753650
27,104,188970
27,105,8271
27,106,20607
27,107,53863
27,108,29661
27,109,8382
27,110,308474
27,111,6732
27,112,175264
27,113,8766
27,114,27281
27,115,21830
27,116,50064
27,117,11309
27,118,384221
27,119,6480
27,120,7758
27,121,25315
27,122,6517
27,123,6829
27,124,46691
27,125,6484
27,126,21913
27,127,93165
28,0,6741
28,1,8812
28,2,13508
28,3,8172
28,4,14194
28,5,17999
28,6,73005
28,7,12138
28,8,10682
28,9,148788
28,10,7179
28,11,7910
28,12,86517
28,13,11548
28,14,7073
28,15,89040
28,16,122035
28,17,64619
28,18,42468
28,19,8066
28,20,10370
28,21,25058
28,22,8205
28,23,6430
28,24,256935
28,25,11228
28,26,72087
28,27,871423
28,29,30540
28,30,8932
28,31,14052
28,32,8370
28,33,411459
28,34,7600
28,35,1006837
28,36,9325
28,37,68724
28,38,13921
28,39,292843
28,40,51528
28,41,15542
28,42,21711
28,43,6984
28,44,7700
28,45,14282
28,46,27208
28,47,46675
28,48,29200
28,49,11585
28,50,12470
28,51,6736
28,52,187140
28,53,29516
28,54,52684
28,55,8452
28,56,18438
28,57,65671
28,58,6789
28,59,14360
28,60,7811
28,61,7282
28,62,9319
28,63,37056
28,64,41958
28,65,29140
28,66,52150
28,67,21019
28,68,47671
28,69,15602
28,70,11186
28,71,11979
28,72,6577
28,73,12003
28,74,15573
28,75,7227
28,76,9492
28,77,12076
28,78,64284
28,79,51779
28,80,26437
28,81,12213
28,82,363323
28,83,20120
28,84,125599
28,85,12953
28,86,6459
28,87,58619
28,88,36271
28,89,24199
28,90,6863
28,91,11216
28,92,168672
28,93,1174272
28,94,18414
28,95,168119
28,96,15508
28,97,13622
28,98,6460
28,99,31278
28,100,9438
28,101,2539317
28,102,2787174
28,103,91038
28,104,16830
28,105,24183
28,106,8083
28,107,14684
28,108,8747
28,109,12479
28,110,8122
28,111,7100
28,112,104278
28,113,23966
28,114,8136
28,115,8232
28,116,45887
28,117,96732
28,118,99316
28,119,10558
28,120,625384
28,121,61420
28,122,61627
28,123,20545
28,124,16545
28,125,17877
28,126,125855
28,127,124253
29,0,6784
29,1,20302
29,2,16744
29,3,55130
29,4,42054
29,5,41458
29,6,8580
29,7,13608
29,8,12157
29,9,198040
29,10,9430
29,11,9368
29,12,14755
29,13,7816
29,14,32757
29,15,28985
29,16,36769
29,17,28867
29,18,10453
29,19,8488
29,20,13135
29,21,11196
29,22,9842
29,23,10326
29,24,8909
29,25,24721
29,26,13794
29,27,30873
29,28,54702
29,30,6987
29,31,10167
29,32,51165
29,33,22787
29,34,46158
29,35,63760
29,36,8198
29,37,47218
29,38,33039
29,39,24513
29,40,14842
29,41,13908
29,42,210241
29,43,325131
29,44,7263
29,45,27129
29,46,27017
29,47,9425
29,48,34055
29,49,17587
29,50,17943
29,51,16989
29,52,7720
29,53,247968
29,54,220238
29,55,19288
29,56,16715
29,57,23413
29,58,11872
29,59,25528
29,60,43608
29,61,20637
29,62,26236
29,63,45935
29,64,12388
29,65,11545
29,66,102802
29,67,302498
29,68,8269
29,69,67439
29,70,15305
29,71,52585
29,72,6794
29,73,6916
29,74,8982
29,75,24166
29,76,8952
29,77,9475
29,78,9617
29,79,43347
29,80,28066
29,81,18177
29,82,70729
29,83,15613
29,84,7245
29,85,61835
29,86,7398
29,87,31187
29,88,57934
29,89,14452
29,90,1260219
29,91,130328
29,92,29237
29,93,6385
29,94,44227
29,95,26230
29,96,19306
29,97,14820
29,98,134690
29,99,12414
29,100,7164
29,101,96458
29,102,11425
29,103,1867345
29,104,14846
29,105,26349
29,106,8561
29,107,7701
29,108,15285
29,109,64591
29,110,28185
29,111,8002
29,112,6909
29,113,18989
29,114,46806
29,115,9494
29,116,12591
29,117,92959
29,118,114659
29,119,11620
29,120,8312
29,121,46431
29,122,26261
29,123,21378
29,124,63514
29,125,34434
29,126,17661
29,127,8768
30,0,11269
30,1,21602
30,2,98631
30,3,53554
30,4,34592
30,5,6773
30,6,21436
30,7,9863
30,8,15700
30,9,12845
30,10,30444
30,11,18379
30,12,10693
30,13,94575
30,14,1685135
30,15,13015
30,16,8503
30,17,10778
30,18,40654
30,19,119257
30,20,7085
30,21,13145
30,22,7837
30,23,6763
30,24,6589
30,25,512500
30,26,6649
30,27,8484
30,28,85211
30,29,11478
30,31,22694
30,32,15969
30,33,3788527
30,34,10054
30,35,56739
30,36,7086
30,37,11761
30,38,21784
30,39,13095
30,40,3838706
30,41,69413
30,42,132898
30,43,8855
30,44,9657
30,45,9446
30,46,11644
30,47,67378
30,48,64424
30,49,10830
30,50,10645765
30,51,6781
30,52,7719
30,53,53147
30,54,22542
30,55,206880
30,56,9387
30,57,13076
30,58,72425
30,59,15727
30,60,130781
30,61,25582
30,62,11776
30,63,16615
30,64,8448
30,65,29892
30,66,1229167
30,67,8443
30,68,28341
30,69,20549
30,70,19855
30,71,14034
30,72,115319
30,73,257215
30,74,6817
30,75,25823
30,76,12006
30,77,8617
30,78,184853
30,79,65960
30,80,61523
30,81,627857
30,82,7966
30,83,15084
30,84,24915
30,85,8286
30,86,3361601
30,87,25970
30,88,7991
30,89,8217
30,90,25481
30,91,22203
30,92,7460
30,93,29784
30,94,10905
30,95,12187
30,96,10016
30,97,12441
30,98,89569
30,99,58714
30,100,24614
30,101,11575
30,102,13432
30,103,11038
30,104,38786
30,105,28772
30,106,20274
30,107,10906
30,108,23939299
30,109,9933
30,110,14367
30,111,8338
30,112,18599
30,113,16677
30,114,7218
30,115,7197
30,116,19953
30,117,224416
30,118,6416
30,119,43032
30,120,14674
30,121,13228
30,122,33021
30,123,8159
30,124,117716
30,125,8716
30,126,33997
30,127,16109
31,0,13010
31,1,16962
31,2,6721
31,3,236553
31,4,11824
31,5,543143
31,6,11628
31,7,13601
31,8,24744
31,9,14159
31,10,111802
31,11,13742509
31,12,55826
31,13,8257
31,14,18211
31,15,7093
31,16,14107
31,17,18577
31,18,196419
31,19,13371
31,20,15642
31,21,6701
31,22,19981
31,23,181823
31,24,8446
31,25,20368
31,26,8894
31,27,55433
31,28,74687
31,29,15199
31,30,7637
31,32,8833
31,33,13852
31,34,12507
31,35,15745
31,36,29569
31,37,288715
31,38,12627
31,39,23011
31,40,110555
31,41,32506
31,42,194116
31,43,14566
31,44,41377
31,45,76620
31,46,18417
31,47,10949
31,48,11007
31,49,84154
31,50,19247
31,51,15519
31,52,8567
31,53,7415
31,54,9489
31,55,11350
31,56,8125
31,57,26533
31,58,217878
31,59,6726
31,60,1898295
31,61,12709
31,62,18049
31,63,129609
31,64,33607
31,65,22832
31,66,8623
31,67,99258
31,68,7250
31,69,147780
31,70,40218
31,71,114805
31,72,8401
31,73,10789
31,74,63404716
31,75,6436
31,76,96131
31,77,72493
31,78,6587
31,79,17068
31,80,7091
31,81,8927
31,82,19769
31,83,34171
31,84,69635
31,85,67802
31,86,45729
31,87,9100
31,88,16735
31,89,18830
31,90,15912
31,91,8340
31,92,16935
31,93,9929
31,94,66516
31,95,14731
31,96,42274
31,97,6527
31,98,34751
31,99,12580
31,100,26938
31,101,6797
31,102,51318
31,103,421474
31,104,28918
31,105,30364
31,106,7470
31,107,69004
31,108,11799
31,109,10734
31,110,41444
31,111,9371
31,112,12860
31,113,6477
31,114,15387
31,115,8110
31,116,157775
31,117,286352
31,118,66164
31,119,7156
31,120,12047
31,121,44019
31,122,10473
31,123,8576
31,124,46334
31,125,12474
31,126,15044
31,127,15705
32,0,164194
32,1,6901
32,2,12915
32,3,2348323
32,4,47052
32,5,10001
32,6,29692
32,7,14312
32,8,7611
32,9,6429
32,10,3465886
32,11,43783
32,12,35134
32,13,7554
32,14,20355
32,15,59561
32,16,7108
32,17,7110
32,18,12559368
32,19,40849
32,20,433905
32,21,21320
32,22,3942451
32,23,27341
32,24,28562
32,25,27361
32,26,7407
32,27,38429
32,28,11084
32,29,39197
32,30,12293
32,31,8872
32,33,8566
32,34,56069
32,35,348397
32,36,10822
32,37,9499
32,38,102136
32,39,8555
32,40,22911
32,41,8922
32,42,125261
32,43,20520
32,44,8513
32,45,7717
32,46,27878
32,47,14114
32,48,306210
32,49,133553
32,50,50137
32,51,11019
32,52,27564
32,53,8056
32,54,14185
32,55,31608
32,56,75844
32,57,13772
32,58,179489
32,59,10228
32,60,9450
32,61,36780
32,62,6496
32,63,132340
32,64,10223
32,65,106367
32,66,2802119
32,67,171059
32,68,27076
32,69,15503
32,70,21054
32,71,35287
32,72,17454
32,73,9913
32,74,6852
32,75,35585
32,76,66870
32,77,6951
32,78,22412
32,79,66077
32,80,19652
32,81,14533
32,82,18905
32,83,18822
32,84,15882
32,85,12904
32,86,22255
32,87,58075
32,88,10125
32,89,31908
32,90,55216
32,91,10832
32,92,26044
32,93,8231
32,94,36164
32,95,14491
32,96,9944
32,97,159783
32,98,6742
32,99,17906
32,100,16285
32,101,34731
32,102,6888
32,103,25256
32,104,11893
32,105,15222
32,106,18705
32,107,50340
32,108,10538
32,109,5622826
32,110,12990
32,111,6473
32,112,8941
32,113,7161
32,114,99431
32,115,12438
32,116,8764
32,117,180262
32,118,17883
32,119,27030
32,120,7363
32,121,20553
32,122,45291
32,123,69890
32,124,177809
32,125,59244
32,126,14946
32,127,6697
33,0,10725
33,1,7597
33,2,36824
33,3,7061
33,4,152936
33,5,3813479
33,6,42720
33,7,14750
33,8,16473
33,9,8000
33,10,24041
33,11,23891
33,12,14834
33,13,68476
33,14,41112
33,15,6998
33,16,19874
33,17,18956
33,18,6832
33,19,708886
33,20,2005033
33,21,8183
33,22,7633
33,23,14512
33,24,14392
33,25,6384
33,26,69922
33,27,10506
33,28,21127
33,29,13248
33,30,6945
33,31,891070
33,32,37201
33,34,8845
33,35,21334
33,36,13058
33,37,10341
33,38,11062
33,39,45792
33,40,28087
33,41,13962
33,42,13379
33,43,22460
33,44,50488
33,45,7873
33,46,15676
33,47,7417
33,48,555051
33,49,11538
33,50,30653
33,51,6441
33,52,6897
33,53,18690
33,54,770791
33,55,7020
33,56,10488
33,57,129430
33,58,195883
33,59,10077
33,60,9049
33,61,22807
33,62,56943
33,63,7659
33,64,490331
33,65,10731
33,66,12188
33,67,24926
33,68,12605
33,69,12776
33,70,8043
33,71,160292
33,72,39927
33,73,20899
33,74,8613
33,75,18137
33,76,9625
33,77,8037
33,78,181040
33,79,30174
33,80,32948
33,81,8636
33,82,48615
33,83,9033
33,84,35042
33,85,160803
33,86,12395
33,87,15898
33,88,530716
33,89,83205
33,90,7412
33,91,9356
33,92,15801
33,93,47738
33,94,7870
33,95,84241
33,96,57632
33,97,792234
33,98,52268
33,99,71785
33,100,20869
33,101,27469
33,102,7621
33,103,16436
33,104,10334
33,105,12784
33,106,35962
33,107,30476
33,108,6645
33,109,10124
33,110,8749
33,111,7898
33,112,9701
33,113,6768
33,114,220021
33,115,103474
33,116,65989
33,117,63432
33,118,25268
33,119,49754
33,120,20425
33,121,8236
33,122,17008
33,123,9808
33,124,171487
33,125,10283
33,126,17247
33,127,68107
34,0,88185
34,1,15655
34,2,253339
34,3,21184
34,4,7950
34,5,12547
34,6,6505
34,7,7856
34,8,35451
34,9,10477
34,10,25552
34,11,9815
34,12,39307
34,13,277850
34,14,34376
34,15,6612
34,16,18851
34,17,16812
34,18,10378
34,19,16656
34,20,10253
34,21,7278
34,22,121230
34,23,24485429
34,24,7058
34,25,17017
34,26,21080
34,27,29884
34,28,11829
34,29,8511
34,30,13097
34,31,7925
34,32,7543
34,33,9421
34,35,269761
34,36,22393
34,37,22029
34,38,58786
34,39,300671
34,40,2220251
34,41,14273
34,42,379347
34,43,6859
34,44,35472
34,45,9923
34,46,114368
34,47,33475
34,48,6949
34,49,19989
34,50,212260
34,51,8057
34,52,8675
34,53,115688
34,54,223970
34,55,124504
34,56,225988708
34,57,109669
34,58,9532
34,59,20025
34,60,26628
34,61,1339447
34,62,10626
34,63,12320
34,64,225312
34,65,38253
34,66,6625
34,67,93061
34,68,17956
34,69,28157
34,70,8795
34,71,49232
34,72,15343
34,73,12093
34,74,56224
34,75,119647
34,76,100827
34,77,12698
34,78,7143
34,79,23674
34,80,82106
34,81,13585
34,82,6456
34,83,9122
34,84,6978
34,85,15159
34,86,6656
34,87,137702
34,88,53207
34,89,9068
34,90,6885
34,91,31195
34,92,65099
34,93,61991
34,94,8359
34,95,55087
34,96,8009
34,97,8436
34,98,10207
34,99,14912
34,100,33682
34,101,29607
34,102,18967
34,103,29722247
34,104,13938
34,105,18812
34,106,18013
34,107,11192
34,108,9163
34,109,11569
34,110,12016
34,111,17953
34,112,11631
34,113,7269
34,114,19400
34,115,6380
34,116,7539
34,117,25702
34,118,16148
34,119,8732
34,120,8222
34,121,18620
34,122,8267
34,123,20955
34,124,6807
34,125,11939
34,126,90348
34,127,8350
35,0,138198
35,1,28312
35,2,9367
35,3,27275
35,4,156910
35,5,20169
35,6,125940
35,7,30840
35,8,18434
35,9,121873
35,10,8774
35,11,604998
35,12,11779
35,13,6350
35,14,9669
35,15,44034
35,16,1398568
35,17,10950
35,18,9809
35,19,9075
35,20,10678
35,21,7259
35,22,85389
35,23,30516
35,24,8935
35,25,8479
35,26,8683
35,27,2057719
35,28,120434
35,29,125769
35,30,24676
35,31,44466
35,32,7092
35,33,6735
35,34,8326
35,36,15300
35,37,6628
35,38,7252
35,39,7709
35,40,8639
35,41,120514
35,42,28852
35,43,19102
35,44,11085
35,45,6388
35,46,13141
35,47,9405
35,48,7438
35,49,33863
35,50,7276
35,51,24817
35,52,10992
35,53,14203
35,54,6822
35,55,12552
35,56,27069
35,57,163929
35,58,13873
35,59,60454
35,60,21343
35,61,11445
35,62,3890002
35,63,12841
35,64,7210
35,65,116582
35,66,19730
35,67,136231
35,68,40889
35,69,20805
35,70,1063927
35,71,7205
35,72,10413
35,73,28736
35,74,2658439
35,75,511617
35,76,7371
35,77,15692
35,78,21706
35,79,607339
35,80,23569
35,81,10631
35,82,37190
35,83,7251
35,84,12397
35,85,14217
35,86,34036
35,87,150379
35,88,8200
35,89,6635
35,90,33844
35,91,21738
35,92,7323
35,93,6438
35,94,6603
35,95,21206
35,96,8350
35,97,13738
35,98,22379
35,99,20409
35,100,6750
35,101,24430
35,102,26564
35,103,6368
35,104,10465
35,105,10006
35,106,35888
35,107,446256
35,108,437278
35,109,7219
35,110,8743
35,111,8440
35,112,33635
35,113,18347996
35,114,11764
35,115,11707
35,116,11139
35,117,14362
35,118,7200
35,119,68630
35,120,9392
35,121,38858
35,122,10002
35,123,13709
35,124,30064
35,125,34681
35,126,19641
35,127,89762
36,0,75954
36,1,12663
36,2,13925
36,3,944783
36,4,8969
36,5,234135
36,6,123424
36,7,56762
36,8,191343
36,9,14917
36,10,63107
36,11,52764
36,12,520566
36,13,20763
36,14,8546
36,15,39752
36,16,8608
36,17,12315
36,18,10403
36,19,78366
36,20,108262
36,21,9221
36,22,177507
36,23,362328
36,24,50582
36,25,9185
36,26,21263
36,27,110144
36,28,7262
36,29,6721
36,30,35317
36,31,127752
36,32,60908
36,33,48320
36,34,10829
36,35,27408
36,37,51146
36,38,10619
36,39,547065
36,40,29440
36,41,17969
36,42,56358
36,43,7959
36,44,9385
36,45,7078
36,46,93787
36,47,9364
36,48,90152
36,49,13354
36,50,8243
36,51,15101
36,52,18876
36,53,8506
36,54,52565
36,55,32012
36,56,8663
36,57,296004
36,58,20376
36,59,14145
36,60,21927
36,61,41191
36,62,6839
36,63,10758
36,64,1012313
36,65,205137
36,66,6336
36,67,19929
36,68,18103
36,69,10839
36,70,21862
36,71,6708
36,72,61861
36,73,13428
36,74,11704
36,75,346545
36,76,27023
36,77,9595
36,78,7264
36,79,15791
36,80,7614
36,81,9500
36,82,7276
36,83,9572
36,84,29380
36,85,12585
36,86,1123344
36,87,18783
36,88,154361
36,89,9276
36,90,9233
36,91,19737
36,92,37951
36,93,17356
36,94,55760
36,95,18266
36,96,26893
36,97,56514
36,98,6643
36,99,6780
36,100,352624
36,101,7763
36,102,8489
36,103,37234
36,104,26001
36,105,1837227
36,106,25053
36,107,18963
36,108,20017
36,109,4472938
36,110,12436
36,111,549043
36,112,7415
36,113,1829824
36,114,19022
36,115,12290
36,116,6482
36,117,12368
36,118,7603
36,119,3043370
36,120,14601
36,121,32829
36,122,8393
36,123,11366
36,124,9962
36,125,17350
36,126,24259
36,127,12550
37,0,9187
37,1,91237
37,2,35899
37,3,1852184
37,4,30356
37,5,22817
37,6,774297
37,7,865033
37,8,16674
37,9,15123821
37,10,361833
37,11,40564
37,12,12752
37,13,33233
37,14,12069
37,15,7629
37,16,138798
37,17,7997
37,18,13021
37,19,11459
37,20,15931
37,21,8670
37,22,26925
37,23,79779
37,24,9661
37,25,335772
37,26,40719
37,27,169789
37,28,10875
37,29,50377
37,30,9284
37,31,35763
37,32,284683
37,33,7479
37,34,6874
37,35,54217
37,36,7841
37,38,7284
37,39,7768
37,40,8799
37,41,8104
37,42,42748
37,43,120118
37,44,10893
37,45,8473
37,46,26673
37,47,35596
37,48,15282
37,49,487062
37,50,17681
37,51,9214
37,52,294944
37,53,8671
37,54,48165
37,55,206296
37,56,13272
37,57,22513
37,58,8998
37,59,334465
37,60,249027
37,61,28326
37,62,7412
37,63,31112
37,64,33522
37,65,7760
37,66,9898
37,67,37145
37,68,1085195
37,69,134404
37,70,6992
37,71,9250
37,72,197678
37,73,10332
37,74,6481
37,75,25145
37,76,7026
37,77,8435
37,78,33484
37,79,20578
37,80,194996
37,81,7532
37,82,13194
37,83,52624
37,84,128719
37,85,13017
37,86,438640
37,87,7385
37,88,7525
37,89,9134
37,90,117945
37,91,9377
37,92,81814
37,93,8451
37,94,295650
37,95,15477
37,96,51760
37,97,14190
37,98,34523
37,99,127927
37,100,7681
37,101,10398
37,102,6978
37,103,38774
37,104,8108
37,105,12666
37,106,278489
37,107,29289
37,108,134309
37,109,14851
37,110,7000
37,111,9663
37,112,13986
37,113,17742
37,114,44998
37,115,8091
37,116,334031
37,117,14738
37,118,15708
37,119,11837
37,120,9013
37,121,6378
37,122,27666
37,123,17262
37,124,158649
37,125,57034
37,126,261479
37,127,18996
38,0,52864
38,1,21093
38,2,26699
38,3,7985
38,4,12746
38,5,9282561
38,6,371968
38,7,151300
38,8,118482
38,9,100009
38,10,9269
38,11,7013
38,12,38750
38,13,15161
38,14,6726
38,15,7747
38,16,14528
38,17,8871
38,18,23387
38,19,86791
38,20,11626
38,21,54113
38,22,13129
38,23,11942
38,24,104904
38,25,8584
38,26,9142
38,27,672538
38,28,9171
38,29,10454
38,30,15149
38,31,8936
38,32,9616
38,33,146017
38,34,213488
38,35,16759
38,36,18269
38,37,7565
38,39,40628
38,40,66900
38,41,18613
38,42,13381
38,43,69698
38,44,10636
38,45,6815
38,46,11166
38,47,9902
38,48,7007
38,49,49501
38,50,18697
38,51,23117
38,52,9846
38,53,13734
38,54,52784
38,55,6419
38,56,7119
38,57,12445
38,58,15953
38,59,258058
38,60,143968
38,61,2700230
38,62,18683
38,63,12512
38,64,9433
38,65,746971
38,66,206685
38,67,13685
38,68,6611
38,69,10461
38,70,15610
38,71,65758
38,72,442075
38,73,23721
38,74,13895
38,75,47036
38,76,6586
38,77,62812
38,78,16348
38,79,13188
38,80,46367
38,81,16035
38,82,37974
38,83,12618
38,84,1214116
38,85,52091
38,86,12754
38,87,9987
38,88,17818
38,89,11535
38,90,9469
38,91,13430
38,92,32187
38,93,16706
38,94,12957
38,95,197137
38,96,11868
38,97,10637
38,98,24966
38,99,53309
38,100,7840
38,101,13865
38,102,8094
38,103,6491
38,104,15219
38,105,124337
38,106,15325
38,107,272825
38,108,9740
38,109,8223
38,110,8422
38,111,8466
38,112,17087
38,113,635377
38,114,18525
38,115,21396
38,116,44496
38,117,86837
38,118,57378
38,119,12028
38,120,17207
38,121,27308
38,122,9105
38,123,9890
38,124,140725
38,125,1922073
38,126,10181
38,127,6449
39,0,12703
39,1,65270
39,2,7893
39,3,7714
39,4,26991
39,5,14975
39,6,6628
39,7,20873
39,8,94523
39,9,8672
39,10,65585
39,11,15010
39,12,66252
39,13,9547
39,14,8996
39,15,34307
39,16,30734
39,17,27509
39,18,80745
39,19,10435
39,20,16168
39,21,26951
39,22,16508
39,23,28830
39,24,9082
39,25,268551
39,26,53739
39,27,30922
39,28,9481
39,29,43419
39,30,6478
39,31,23097
39,32,8363
39,33,59027
39,34,9115
39,35,13393
39,36,21692
39,37,7617
39,38,11047
39,40,8837
39,41,8091
39,42,12450
39,43,25522
39,44,10588
39,45,146674
39,46,7409
39,47,7394
39,48,60378
39,49,12707
39,50,113430
39,51,12020
39,52,12135
39,53,6712
39,54,8120
39,55,224640
39,56,22127
39,57,6392
39,58,323481
39,59,15400
39,60,6750
39,61,48790
39,62,7780
39,63,4440407
39,64,758725
39,65,15939
39,66,1357188
39,67,9007
39,68,7554
39,69,8297
39,70,64146
39,71,24989
39,72,93892
39,73,10563
39,74,8673
39,75,6505
39,76,43710
39,77,34761
39,78,661558
39,79,12416
39,80,6383
39,81,32866
39,82,12906
39,83,6869776
39,84,1361684
39,85,101776
39,86,1786430
39,87,13385
39,88,8161
39,89,7236
39,90,13524
39,91,9320
39,92,9426
39,93,50957
39,94,35544
39,95,64901
39,96,16727
39,97,12650
39,98,27268
39,99,38822
39,100,201350
39,101,36292
39,102,22403
39,103,36421
39,104,49393
39,105,291111
39,106,14632
39,107,11945
39,108,20516
39,109,287024
39,110,133459
39,111,46030
39,112,9677
39,113,427287
39,114,15644
39,115,60857
39,116,54364
39,117,11112
39,118,1403296
39,119,29978
39,120,16207
39,121,31345
39,122,89136
39,123,134594
39,124,26513
39,125,20903
39,126,350265
39,127,8178
40,0,27429
40,1,15039
40,2,19351
40,3,129967
40,4,3423533
40,5,36802
40,6,11032
40,7,9928
40,8,13629
40,9,13137
40,10,8892
40,11,6854
40,12,12248
40,13,33316
40,14,10339
40,15,8777
40,16,8474
40,17,41727
40,18,1979528
40,19,6403
40,20,17811
40,21,7050
40,22,10405
40,23,40066
40,24,9001
40,25,7195
40,26,41890
40,27,94101
40,28,9718
40,29,28970
40,30,7778
40,31,454820
40,32,34317
40,33,52925
40,34,11211
40,35,73109
40,36,10431
40,37,9057
40,38,15089
40,39,7783
40,41,78832
40,42,7898
40,43,88469
40,44,71056
40,45,17148
40,46,6856
40,47,88753
40,48,69858
40,49,38008
40,50,10899
40,51,24530
40,52,27455
40,53,9318
40,54,10709
40,55,6714
40,56,8468
40,57,11466
40,58,8081
40,59,6572
40,60,31362
40,61,8210
40,62,40538
40,63,6638
40,64,8490
40,65,65931
40,66,61112
40,67,28369
40,68,12030
40,69,147892
40,70,6355
40,71,15775
40,72,22518
40,73,11467
40,74,17059
40,75,9189
40,76,11210
40,77,12044
40,78,608515
40,79,7213
40,80,75661
40,81,1622804
40,82,12763
40,83,2832412
40,84,39940
40,85,16476
40,86,43550
40,87,174233
40,88,14163
40,89,19172
40,90,43103
40,91,15389
40,92,7076
40,93,10409
40,94,15364
40,95,33140
40,96,14424
40,97,44526
40,98,9384
40,99,9561
40,100,13166
40,101,29822
40,102,20989
40,103,251167
40,104,209243
40,105,8040
40,106,10775
40,107,19080
40,108,9006
40,109,6926
40,110,75881
40,111,10107
40,112,8728
40,113,10697
40,114,6705
40,115,7716
40,116,106496
40,117,8509
40,118,157527
40,119,27570
40,120,6866
40,121,10699
40,122,8973
40,123,9145
40,124,7079
40,125,505504
40,126,10464
40,127,8898
41,0,6808
41,1,6405
41,2,10508401
41,3,8491
41,4,10171
41,5,36121
41,6,30009
41,7,39405
41,8,10491
41,9,20136
41,10,8878
41,11,108394
41,12,136425228
41,13,135553
41,14,4539203
41,15,71552
41,16,10967
41,17,7698
41,18,22645
41,19,29177
41,20,11318
41,21,16899
41,22,32721
41,23,218304
41,24,47301
41,25,6359
41,26,16013
41,27,67893
41,28,106884
41,29,7757
41,30,33559
41,31,12638
41,32,27734
41,33,9555
41,34,91537
41,35,51089
41,36,5923116
41,37,2359550
41,38,641758
41,39,11391
41,40,12653
41,42,7984
41,43,36605
41,44,16154
41,45,11858
41,46,7144
41,47,10540
41,48,28476
41,49,31212
41,50,11814
41,51,63080
41,52,152700
41,53,12748
41,54,11882
41,55,13549
41,56,17318
41,57,9638
41,58,82695
41,59,24117
41,60,41552
41,61,92345
41,62,48949
41,63,23585
41,64,10732
41,65,25866
41,66,118559
41,67,99719
41,68,13420
41,69,7342
41,70,8363
41,71,263801
41,72,6545
41,73,20021
41,74,221543
41,75,355009
41,76,8385
41,77,8477
41,78,9749
41,79,16688
41,80,315828821
41,81,21454
41,82,13828
41,83,9465
41,84,13037
41,85,287698
41,86,11499
41,87,50806
41,88,12594
41,89,187968
41,90,28969808
41,91,1807910
41,92,74049
41,93,23092
41,94,122278
41,95,26081
41,96,8390
41,97,64201
41,98,7118
41,99,58524
41,100,28150
41,101,8476
41,102,74084
41,103,50544
41,104,38547
41,105,16365
41,106,73455
41,107,102984
41,108,237042
41,109,213077
41,110,113789
41,111,8877
41,112,7177
41,113,8371
41,114,23727
41,115,9894
41,116,60934
41,117,72561
41,118,9294
41,119,21539
41,120,993358
41,121,6824
41,122,11573
41,123,10015
41,124,77257
41,125,82442
41,126,6659
41,127,38465
42,0,11006
42,1,10206
42,2,14791
42,3,19187
42,4,18157
42,5,6958
42,6,15359
42,7,15863
42,8,22398
42,9,49002
42,10,16488
42,11,9347
42,12,40180
42,13,2094138
42,14,131878
42,15,6936
42,16,8698
42,17,37100
42,18,38335
42,19,11903
42,20,25763
42,21,13614
42,22,1765372
42,23,114295
42,24,7044
42,25,9015
42,26,9375
42,27,7755
42,28,7215
42,29,7494
42,30,15397
42,31,14237
42,32,351205
42,33,29095
42,34,24766
42,35,108328
42,36,19453
42,37,6476
42,38,8143
42,39,10589
42,40,10904
42,41,10604
42,43,12052
42,44,41007
42,45,19442
42,46,37904
42,47,17275
42,48,24336
42,49,72188
42,50,11954
42,51,34454
42,52,9791
42,53,10799
42,54,6954
42,55,4641716752
42,56,17837
42,57,750298
42,58,12869
42,59,6722
42,60,106432
42,61,13060
42,62,31430
42,63,11810
42,64,31599
42,65,126884
42,66,66634
42,67,79067
42,68,53575
42,69,8857
42,70,7751
42,71,16057
42,72,17989
42,73,6989
42,74,77485
42,75,6706
42,76,15785
42,77,21534
42,78,136816
42,79,9554
42,80,14688
42,81,8048
42,82,25030
42,83,8356
42,84,8574
42,85,562200
42,86,81648
42,87,23753
42,88,9593
42,89,575890
42,90,11594
42,91,6654
42,92,7291
42,93,4376517
42,94,8171
42,95,35534
42,96,12021
42,97,5769717
42,98,85478
42,99,6765
42,100,62386
42,101,12090
42,102,16977
42,103,7210
42,104,12154
42,105,37527
42,106,36989
42,107,6703
42,108,7038
42,109,223304
42,110,244320
42,111,20306
42,112,19003
42,113,71652
42,114,11042
42,115,22489
42,116,29372
42,117,38323
42,118,7356
42,119,33094
42,120,16630
42,121,12354
42,122,6531
42,123,7262
42,124,11360
42,125,27982
42,126,69508
42,127,18174
43,0,7453
43,1,15719
43,2,30040
43,3,7297
43,4,48354
43,5,16123
43,6,51241
43,7,18920
43,8,8184
43,9,51683
43,10,19397
43,11,84067210
43,12,17362269
43,13,2150819
43,14,16818
43,15,8213
43,16,14638589
43,17,8290
43,18,65556
43,19,85792
43,20,10985
43,21,24789
43,22,8254
43,23,17788
43,24,17687
43,25,28779
43,26,16051
43,27,100300
43,28,25204
43,29,17250
43,30,238518
43,31,40941
43,32,15553
43,33,183888
43,34,17900
43,35,595785
43,36,67228
43,37,9870
43,38,6560
43,39,144609
43,40,30718
43,41,7932
43,42,9413
43,44,15280
43,45,11959
43,46,52170
43,47,85166
43,48,55892
43,49,76323
43,50,258623
43,51,210441
43,52,6556
43,53,18891
43,54,6375
43,55,18992
43,56,17284
43,57,17903
43,58,17457
43,59,83591
43,60,24144
43,61,46512
43,62,7184
43,63,8985
43,64,8846
43,65,63486
43,66,9028
43,67,17444
43,68,6924
43,69,11073
43,70,59635
43,71,12733
43,72,211246
43,73,14568
43,74,7422
43,75,30119
43,76,9064
43,77,77561
43,78,7114
43,79,9525
43,80,8042
43,81,20076
43,82,12164
43,83,62999
43,84,11932
43,85,7828
43,86,24564
43,87,87670
43,88,34122
43,89,11358
43,90,6347
43,91,13278
43,92,33085
43,93,7228
43,94,29230
43,95,19099
43,96,10196
43,97,22198
43,98,12145
43,99,14291
43,100,50248
43,101,297070
43,102,205522
43,103,30404
43,104,89328
43,105,6925
43,106,13125
43,107,38218
43,108,36475
43,109,11873
43,110,25600
43,111,15015
43,112,17231
43,113,347932
43,114,7506
43,115,9720
43,116,7605
43,117,12955
43,118,19011
43,119,8517
43,120,11050
43,121,28977
43,122,15885
43,123,6500
43,124,11967
43,125,10570
43,126,9573
43,127,39702
44,0,11822
44,1,18090
44,2,45998
44,3,7390
44,4,6427
44,5,3996090
44,6,18459
44,7,10885
44,8,19672
44,9,99892
44,10,13344
44,11,203988
44,12,30237
44,13,90593
44,14,62044
44,15,2428832
44,16,26412
44,17,10267
44,18,7952
44,19,14348
44,20,6891
44,21,123341
44,22,20165
44,23,36100
44,24,33177
44,25,7369
44,26,8733
44,27,6475
44,28,13960
44,29,6083436
44,30,12211
44,31,668385
44,32,7864
44,33,10214
44,34,7140
44,35,265862
44,36,9170
44,37,12140
44,38,13849
44,39,16427
44,40,814690
44,41,45229
44,42,94259
44,43,41849
44,45,189643
44,46,17378
44,47,16571
44,48,61965
44,49,41205
44,50,12986
44,51,11492
44,52,7680
44,53,2847764
44,54,14844
44,55,18120
44,56,11097
44,57,26162
44,58,6533
44,59,14815
44,60,8153
44,61,14679
44,62,90989
44,63,15581
44,64,7400
44,65,13450
44,66,2894662
44,67,9630
44,68,41431
44,69,84989
44,70,11222
44,71,7823
44,72,44937
44,73,4858711
44,74,46888
44,75,139503
44,76,316224
44,77,23606
44,78,34425
44,79,30693
44,80,240761
44,81,8753
44,82,10943
44,83,935059
44,84,30332
44,85,1971146
44,86,9273
44,87,166748
44,88,100241
44,89,22104
44,90,74155
44,91,7111
44,92,19393
44,93,130057
44,94,17946
44,95,11152
44,96,19280
44,97,21670
44,98,12062
44,99,11922
44,100,23290
44,101,16190
44,102,645638
44,103,61731
44,104,10735
44,105,6576
44,106,22355
44,107,8797
44,108,6194378
44,109,26686
44,110,49268
44,111,116732
44,112,7833
44,113,59831
44,114,40192
44,115,59317
44,116,9540
44,117,24085
44,118,11267
44,119,182454
44,120,44421
44,121,7187
44,122,6751
44,123,16777
44,124,8848
44,125,46447
44,126,17655
44,127,14021
45,0,5671090
45,1,15860
45,2,23600
45,3,13284
45,4,27202
45,5,17432
45,6,62096
45,7,7109
45,8,8653
45,9,56135
45,10,6826
45,11,44063
45,12,14373
45,13,179643
45,14,31438
45,15,7123
45,16,126539
45,17,11658
45,18,6804
45,19,187636
45,20,32902
45,21,38978
45,22,15438
45,23,19461
45,24,9551
45,25,182771
45,26,16461748
45,27,28256
45,28,15428
45,29,10984
45,30,13666
45,31,34278
45,32,31642
45,33,11888
45,34,9107
45,35,39977
45,36,49250
45,37,7725
45,38,7288
45,39,53946
45,40,11167
45,41,116432
45,42,13401
45,43,37744
45,44,8246
45,46,13647
45,47,8701
45,48,6685
45,49,144932
45,50,11114
45,51,17565
45,52,19446
45,53,99144
45,54,9717
45,55,8987
45,56,571619
45,57,7733
45,58,9212
45,59,9442
45,60,9509
45,61,6987
45,62,41659
45,63,730697
45,64,906868
45,65,213282
45,66,12097
45,67,98066
45,68,112717
45,69,8710
45,70,514274
45,71,10517
45,72,16314
45,73,2180126
45,74,7388
45,75,7121
45,76,28405
45,77,32930
45,78,103968
45,79,10025
45,80,12934
45,81,13481
45,82,14197
45,83,10769
45,84,13300
45,85,22856
45,86,5347078
45,87,101657
45,88,24840
45,89,10836
45,90,188803
45,91,1300913
45,92,20294
45,93,7186
45,94,6993
45,95,10860
45,96,9874
45,97,7708
45,98,9248
45,99,11580
45,100,41538
45,101,26886
45,102,6646
45,103,9768
45,104,8602
45,105,19862
45,106,13860
45,107,216188
45,108,23147
45,109,15555
45,110,9206
45,111,8963
45,112,157157
45,113,8296
45,114,25198
45,115,19699
45,116,21162
45,117,20084
45,118,11405
45,119,28038
45,120,451219
45,121,34781
45,122,8112
45,123,26199
45,124,22733
45,125,18511
45,126,8396
45,127,17154
46,0,36175
46,1,50919
46,2,77637
46,3,8065
46,4,11403
46,5,6685
46,6,11105
46,7,165664
46,8,7643
46,9,12178
46,10,7339
46,11,21132
46,12,32196
46,13,14141
46,14,38654
46,15,1427338
46,16,8622
46,17,559117
46,18,524219
46,19,9025
46,20,13551
46,21,19228
46,22,31021
46,23,2066724
46,24,116133
46,25,743668
46,26,10503
46,27,7667
46,28,19044
46,29,404205
46,30,50101
46,31,136523
46,32,20437
46,33,7247
46,34,6922
46,35,7617
46,36,7261
46,37,14426
46,38,8500
46,39,6644
46,40,10934
46,41,409017
46,42,12517
46,43,23470
46,44,16076
46,45,10889
46,47,10976
46,48,8669
46,49,7022
46,50,30284
46,51,18191
46,52,70501
46,53,10850
46,54,37652
46,55,8740
46,56,67109
46,57,40243
46,58,27989
46,59,8215
46,60,73978
46,61,24308
46,62,131510
46,63,7410
46,64,11450
46,65,397162
46,66,12940
46,67,10796
46,68,118791
46,69,18016
46,70,6858
46,71,10902
46,72,49718
46,73,13641
46,74,60731
46,75,18167
46,76,22451
46,77,9859
46,78,6662
46,79,420200
46,80,214934
46,81,11315
46,82,7256
46,83,61679
46,84,20856
46,85,12554
46,86,11160
46,87,359861
46,88,12921
46,89,7248
46,90,9213
46,91,226668
46,92,10213
46,93,68199
46,94,26299
46,95,11439
46,96,6836
46,97,9899
46,98,16254
46,99,54490
46,100,13436
46,101,6372
46,102,14505
46,103,6353
46,104,6776
46,105,11738
46,106,16815
46,107,17157
46,108,35053
46,109,59196
46,110,50451
46,111,6499
46,112,10049
46,113,6391
46,114,11076
46,115,210642
46,116,20331
46,117,14433
46,118,21633
46,119,15119
46,120,1055024
46,121,14610
46,122,12197
46,123,98574
46,124,14648
46,125,10840
46,126,143755
46,127,20009
47,0,6633
47,1,73943
47,2,185502
47,3,11232
47,4,10610
47,5,11577
47,6,55520
47,7,9432
47,8,6567
47,9,6887
47,10,116507
47,11,6968
47,12,86929
47,13,8558
47,14,14188
47,15,9408
47,16,20213045
47,17,8697
47,18,238765
47,19,8483
47,20,58595
47,21,20193
47,22,54512
47,23,15594
47,24,10437
47,25,187471
47,26,62892
47,27,28787
47,28,10427
47,29,19143
47,30,8175
47,31,8345
47,32,57011
47,33,6990
47,34,6837
47,35,42777
47,36,207466
47,37,11178
47,38,17785
47,39,16407
47,40,8221
47,41,33428
47,42,274379
47,43,15812
47,44,28670
47,45,526062
47,46,9226
47,48,29699
47,49,5820107
47,50,10160
47,51,35721
47,52,16983
47,53,88611
47,54,6357
47,55,41258
47,56,177356
47,57,13182
47,58,365327
47,59,13302
47,60,15589
47,61,7924
47,62,12309
47,63,19545
47,64,8810
47,65,8761
47,66,15111
47,67,7116
47,68,6919
47,69,9655
47,70,54343
47,71,35575
47,72,8523
47,73,9012
47,74,6894
47,75,15772
47,76,14832
47,77,7591
47,78,22547
47,79,9030
47,80,16986
47,81,6908
47,82,10886
47,83,147447
47,84,7354
47,85,72629
47,86,70082
47,87,26475
47,88,21067
47,89,13583
47,90,9041
47,91,13292
47,92,53595
47,93,23838
47,94,66752
47,95,66018
47,96,6922
47,97,13326
47,98,8115
47,99,37448
47,100,12295
47,101,8830
47,102,18794
47,103,10783
47,104,683825
47,105,11140
47,106,27899
47,107,10102
47,108,10798
47,109,11025
47,110,12308
47,111,10476
47,112,47452
47,113,8480
47,114,12835
47,115,7030
47,116,11254
47,117,149240
47,118,6831
47,119,10695
47,120,11966
47,121,70340
47,122,15761
47,123,7254
47,124,17527
47,125,22576
47,126,52485
47,127,9034
48,0,49555
48,1,7501
48,2,24608
48,3,14346
48,4,83764
48,5,11657
48,6,6941
48,7,57911
48,8,25041
48,9,24188
48,10,9958
48,11,8128
48,12,45950
48,13,62625
48,14,9737
48,15,47168
48,16,7510
48,17,165799
48,18,18486
48,19,18286
48,20,137012
48,21,9875
48,22,78950
48,23,19933
48,24,8275
48,25,7427
48,26,24536
48,27,16659
48,28,12900
48,29,19977
48,30,7155
48,31,748631
48,32,43915
48,33,67198
48,34,47135
48,35,15341
48,36,7807
48,37,2251159
48,38,6870
48,39,106239
48,40,13043
48,41,39466
48,42,11249
48,43,23590
48,44,50844
48,45,15072
48,46,7099
48,47,7016
48,49,16566
48,50,107145
48,51,81359
48,52,5391452
48,53,315434
48,54,44286
48,55,6701
48,56,60756
48,57,7606
48,58,13405
48,59,10229
48,60,1447071
48,61,9191
48,62,21237
48,63,573748
48,64,157900
48,65,576966
48,66,8036
48,67,16439
48,68,19047
48,69,8220
48,70,11272
48,71,23929
48,72,27906
48,73,107799
48,74,70146
48,75,23993
48,76,17795
48,77,15964
48,78,16905
48,79,14406
48,80,7595
48,81,31633
48,82,43074
48,83,6527
48,84,13000
48,85,9819
48,86,18758
48,87,7766
48,88,11638
48,89,13679
48,90,18981
48,91,15354
48,92,7470
48,93,13558
48,94,42989
48,95,98801
48,96,10555
48,97,678142
48,98,23795
48,99,23269
48,100,18754
48,101,32293
48,102,12938
48,103,144288
48,104,249826
48,105,43477
48,106,76360
48,107,65844
48,108,34632
48,109,69667
48,110,22936
48,111,12803
48,112,585697
48,113,1379921
48,114,7620
48,115,1163782
48,116,6358
48,117,188301
48,118,37698
48,119,86198
48,120,7411
48,121,20861
48,122,31128
48,123,39051
48,124,169369
48,125,27056
48,126,29846
48,127,7272
49,0,9424
49,1,215351
49,2,14429
49,3,6709
49,4,10060
49,5,256376
49,6,16589
49,7,13777
49,8,8739
49,9,22383
49,10,15793
49,11,6448
49,12,9803
49,13,180728
49,14,209044
49,15,39294
49,16,29623
49,17,516955
49,18,21290
49,19,8719
49,20,22184
49,21,6652
49,22,797751
49,23,59075
49,24,11536761
49,25,24955
49,26,15082
49,27,18942
49,28,48825
49,29,14669
49,30,74758
49,31,10979
49,32,11248
49,33,6663
49,34,51337
49,35,37858
49,36,175857
49,37,12788
49,38,15777
49,39,9022
49,40,28911
49,41,1946352
49,42,9245
49,43,84548
49,44,11597
49,45,19088
49,46,21597
49,47,111523
49,48,16569
49,50,7203
49,51,8864
49,52,7434
49,53,20499
49,54,7532
49,55,13671
49,56,13514
49,57,634113
49,58,14147
49,59,7224
49,60,10151
49,61,7927
49,62,1366205
49,63,18019
49,64,9402
49,65,339301
49,66,8004
49,67,769048
49,68,9588
49,69,8366
49,70,20566
49,71,12505
49,72,6597
49,73,39368
49,74,13099
49,75,26635
49,76,8550
49,77,14510
49,78,15000
49,79,73143
49,80,163664
49,81,7631
49,82,20784
49,83,8649
49,84,11994
49,85,54071
49,86,1457108
49,87,7090
49,88,76028
49,89,7207
49,90,114732
49,91,24177
49,92,51567
49,93,8564
49,94,22586
49,95,31710
49,96,179029
49,97,14380
49,98,1153448
49,99,1711194
49,100,28263
49,101,7888
49,102,12216
49,103,11964
49,104,7955
49,105,20750
49,106,204179
49,107,9462
49,108,7119
49,109,24800
49,110,72459
49,111,17517
49,112,12169
49,113,7146
49,114,11870
49,115,68045
49,116,7594
49,117,338856
49,118,62972
49,119,20683
49,120,9039
49,121,7487
49,122,9275
49,123,7806
49,124,6698
49,125,8204
49,126,130962
49,127,53289
50,0,7759
50,1,49954
50,2,100183
50,3,104653
50,4,10038
50,5,63134
50,6,32550
50,7,16741
50,8,25274
50,9,412073
50,10,108861
50,11,21733
50,12,9412
50,13,158774
50,14,1174271775
50,15,123589
50,16,7743
50,17,11863
50,18,29707
50,19,53988
50,20,7080
50,21,13452
50,22,8501
50,23,6950
50,24,180107
50,25,48372
50,26,18029
50,27,31162
50,28,7921
50,29,21624
50,30,15237
50,31,8722
50,32,10994
50,33,13109
50,34,17539
50,35,6355
50,36,7998
50,37,7567
50,38,43203
50,39,94417
50,40,6780
50,41,29222
50,42,128808
50,43,19914
50,44,64986
50,45,9872
50,46,14454
50,47,4934825
50,48,17179
50,49,19472
50,51,34200
50,52,386974
50,53,16393
50,54,10786147
50,55,102197
50,56,7393
50,57,15376584
50,58,59586
50,59,28874
50,60,24949
50,61,6718
50,62,7302
50,63,48079
50,64,132432
50,65,33644
50,66,11406
50,67,8146
50,68,30799
50,69,7286
50,70,222641
50,71,12375
50,72,7364
50,73,36260
50,74,17265
50,75,48233602
50,76,201910
50,77,2200036
50,78,26622
50,79,9112
50,80,124923
50,81,396008
50,82,12596
50,83,22217
50,84,14724
50,85,6364
50,86,28298
50,87,26124
50,88,48966
50,89,85300
50,90,46838
50,91,22475
50,92,8889
50,93,33834
50,94,11290
50,95,8463820
50,96,9420
50,97,107734
50,98,10406
50,99,7856
50,100,36758
50,101,145908
50,102,6490
50,103,16968
50,104,6537
50,105,19299
50,106,19772
50,107,13266
50,108,20916
50,109,6748
50,110,12465
50,111,8781
50,112,10187
50,113,10307
50,114,36638
50,115,43463
50,116,424687
50,117,25540
50,118,16021
50,119,11283
50,120,13839
50,121,16297
50,122,24193
50,123,733904
50,124,7969
50,125,19687
50,126,145473
50,127,42566
51,0,18262
51,1,8455
51,2,42975
51,3,587914
51,4,39442
51,5,12620
51,6,9707
51,7,172634
51,8,22797
51,9,13832
51,10,14070
51,11,40525
51,12,59930
51,13,40928
51,14,408411
51,15,191514
51,16,11918
51,17,21494
51,18,21793
51,19,19925
51,20,1575654
51,21,16071
51,22,217453
51,23,106820
51,24,13369
51,25,73350
51,26,48702
51,27,9560
51,28,8788
51,29,17765
51,30,9349
51,31,31120
51,32,26268
51,33,12946
51,34,9908
51,35,78521
51,36,53904711
51,37,92651
51,38,7292
51,39,14101
51,40,8559
51,41,318613
51,42,14705
51,43,120197
51,44,10742
51,45,7750
51,46,15451
51,47,15217
51,48,7770
51,49,16917
51,50,19117
51,52,43768
51,53,21356
51,54,77523
51,55,54681
51,56,16941
51,57,18769
51,58,24452
51,59,13093
51,60,8209
51,61,29118
51,62,31379
51,63,102559
51,64,61368
51,65,10661
51,66,235098
51,67,35815
51,68,6690
51,69,6584
51,70,27235
51,71,7649
51,72,108661
51,73,30126
51,74,53046
51,75,29970
51,76,17976
51,77,305462
51,78,35731
51,79,12854
51,80,9330
51,81,9380
51,82,47385
51,83,163138
51,84,11750
51,85,12720
51,86,8539
51,87,9293
51,88,7878
51,89,79185
51,90,13461
51,91,509858
51,92,7863
51,93,159277
51,94,17325
51,95,11546
51,96,49161
51,97,40307
51,98,106046
51,99,25035
51,100,143013
51,101,15204
51,102,7572
51,103,10395
51,104,9792
51,105,25618
51,106,15371
51,107,11070
51,108,8896
51,109,171915
51,110,43960
51,111,8266
51,112,20029
51,113,13668
51,114,18666
51,115,87437
51,116,40448
51,117,6666
51,118,21866
51,119,19526
51,120,7075517
51,121,101836
51,122,148003
51,123,15650
51,124,8820
51,125,10080
51,126,7021
51,127,39478603
52,0,26100
52,1,15817
52,2,134119
52,3,7184
52,4,64173
52,5,58405
52,6,31029
52,7,15526
52,8,39864
52,9,7315
52,10,174380
52,11,7330
52,12,9705
52,13,7781
52,14,162484
52,15,30460
52,16,6614
52,17,16090
52,18,7526
52,19,13815
52,20,40784
52,21,12359
52,22,13103
52,23,33307
52,24,44784
52,25,210040
52,26,1199370
52,27,527915
52,28,6511
52,29,7430
52,30,14103
52,31,9582
52,32,30815
52,33,15485
52,34,450504
52,35,369903
52,36,6980
52,37,20351
52,38,17041
52,39,6790
52,40,380421
52,41,7593
52,42,144717
52,43,15017
52,44,21697
52,45,11508
52,46,11604
52,47,7664
52,48,46351
52,49,14357
52,50,7129
52,51,15272
52,53,16010
52,54,21228
52,55,41351
52,56,6756
52,57,14985
52,58,70469
52,59,28305
52,60,224193
52,61,26243
52,62,20013
52,63,27355
52,64,31354
52,65,12112
52,66,38810
52,67,8373
52,68,34992
52,69,24892
52,70,123506
52,71,89376
52,72,143330
52,73,9637
52,74,8883
52,75,8560
52,76,241769
52,77,12622
52,78,8213
52,79,8441
52,80,9002
52,81,6965
52,82,120752
52,83,7399
52,84,689587
52,85,10654
52,86,24303
52,87,73594
52,88,38406
52,89,30508
52,90,6847
52,91,26137
52,92,19796
52,93,69255
52,94,49972
52,95,11805
52,96,2122163
52,97,16187
52,98,14966
52,99,7132
52,100,6719
52,101,8913
52,102,17406
52,103,57493
52,104,10385
52,105,7662
52,106,54958
52,107,9479
52,108,29073
52,109,1779364
52,110,36868
52,111,7915
52,112,96403
52,113,32134
52,114,13222
52,115,124087
52,116,18916
52,117,29524
52,118,699869
52,119,8790
52,120,32056
52,121,6676
52,122,193941
52,123,12929
52,124,7211
52,125,9714
52,126,26609
52,127,1547332
53,0,6932
53,1,24698
53,2,13800
53,3,10586
53,4,18009270
53,5,8850
53,6,11897
53,7,22283
53,8,17713
53,9,6760
53,10,8621
53,11,18894
53,12,7025
53,13,16801
53,14,37167
53,15,8124
53,16,13048
53,17,7637
53,18,8453
53,19,9565
53,20,17581
53,21,21936
53,22,342891
53,23,7220
53,24,8599
53,25,21530
53,26,13975
53,27,13088
53,28,7429
53,29,394288
53,30,13147
53,31,7028
53,32,11195
53,33,25233
53,34,22713
53,35,11409
53,36,17649
53,37,185991
53,38,6669
53,39,230819
53,40,17671
53,41,9744
53,42,69986
53,43,18927
53,44,6734
53,45,7752
53,46,7358
53,47,455546
53,48,7535
53,49,7909
53,50,29954
53,51,32381
53,52,16385
53,54,102317
53,55,61939
53,56,41713
53,57,8462
53,58,64007
53,59,12324
53,60,19378
53,61,13958
53,62,12741
53,63,14519
53,64,23223
53,65,13160
53,66,10183
53,67,76138
53,68,7304
53,69,235339
53,70,26393
53,71,20831
53,72,42678
53,73,13342
53,74,28889
53,75,7104
53,76,6901
53,77,8114
53,78,16134
53,79,37437
53,80,6962
53,81,7331
53,82,254988
53,83,16302
53,84,28419
53,85,7794
53,86,90495
53,87,12241
53,88,95914
53,89,22509
53,90,74225
53,91,7383
53,92,13506
53,93,20388
53,94,11010
53,95,9306
53,96,13448
53,97,49700
53,98,28178
53,99,7273
53,100,131602
53,101,2261621
53,102,8857448
53,103,7319
53,104,32064
53,105,7196
53,106,19703
53,107,112859
53,108,10600
53,109,11655
53,110,688139
53,111,26660
53,112,9858
53,113,15879
53,114,11347
53,115,11639
53,116,7344
53,117,14473
53,118,6376
53,119,85077
53,120,9523
53,121,401835
53,122,6412
53,123,8314
53,124,17114
53,125,323071
53,126,57771
53,127,8780
54,0,108727
54,1,10439
54,2,9715
54,3,12429
54,4,13383
54,5,202851
54,6,2210105
54,7,32452
54,8,7825
54,9,13426
54,10,21724
54,11,26596
54,12,20359
54,13,10466
54,14,11214
54,15,319416
54,16,11913
54,17,6457
54,18,155324
54,19,127143
54,20,10216
54,21,7393
54,22,25684
54,23,6864
54,24,16580
54,25,22245
54,26,7223
54,27,19018
54,28,16118
54,29,49375
54,30,193417
54,31,7672
54,32,11662
54,33,7192
54,34,273755
54,35,11746
54,36,755335
54,37,313865
54,38,60959
54,39,8189
54,40,8085
54,41,6526
54,42,8693
54,43,6443
54,44,115171
54,45,6403
54,46,6930
54,47,7663
54,48,4641717
54,49,6570
54,50,6626
54,51,12183
54,52,10219
54,53,6353
54,55,33578
54,56,14026
54,57,111732
54,58,21480
54,59,89908
54,60,7592
54,61,8679
54,62,7386
54,63,12576
54,64,7529
54,65,15179
54,66,22001
54,67,35225
54,68,49304
54,69,27382
54,70,10004
54,71,119725
54,72,9019
54,73,19656
54,74,13483
54,75,114513
54,76,11564
54,77,5575242
54,78,10082
54,79,14351
54,80,6907
54,81,375627
54,82,13023
54,83,14973
54,84,28627
54,85,22038
54,86,47789
54,87,9427
54,88,26280
54,89,28541
54,90,7117
54,91,12447
54,92,6860
54,93,12122
54,94,52288
54,95,39148
54,96,11087
54,97,7003
54,98,724353
54,99,11332
54,100,48458
54,101,8611
54,102,161704
54,103,12569
54,104,11357
54,105,7244
54,106,895537
54,107,10786
54,108,38101
54,109,190660
54,110,231994
54,111,14949
54,112,190320
54,113,214519
54,114,58358
54,115,9511
54,116,30856
54,117,31178
54,118,10316
54,119,28249
54,120,110624
54,121,19374
54,122,82190
54,123,125092
54,124,28213
54,125,13694
54,126,12690
54,127,17422
55,0,242275
55,1,51203
55,2,19254
55,3,7094
55,4,6983
55,5,8757
55,6,7602
55,7,26050
55,8,7299
55,9,10357
55,10,33872
55,11,8723
55,12,6664
55,13,13264
55,14,14676
55,15,6979
55,16,10414
55,17,48860
55,18,11011
55,19,9065
55,20,7246
55,21,31830
55,22,24636
55,23,10338
55,24,66604
55,25,208253
55,26,23310
55,27,7858
55,28,12743
55,29,58263
55,30,8173
55,31,11108
55,32,83248
55,33,258906
55,34,15032
55,35,10556
55,36,8182
55,37,6686
55,38,65071
55,39,47119
55,40,135457
55,41,53248
55,42,7045
55,43,87857
55,44,12961
55,45,90791
55,46,147669
55,47,7993
55,48,8039
55,49,14686
55,50,58906
55,51,40863
55,52,407805
55,53,12384
55,54,24079
55,56,13560
55,57,13562
55,58,47553
55,59,13172
55,60,16404
55,61,8779
55,62,14629
55,63,159656
55,64,1569921
55,65,109940
55,66,7384
55,67,116657
55,68,8714
55,69,168950
55,70,6594
55,71,9576
55,72,20068
55,73,44587
55,74,15002
55,75,10266
55,76,14251
55,77,72971
55,78,19314
55,79,8016
55,80,7907
55,81,8014
55,82,14517
55,83,227580
55,84,9850
55,85,10692
55,86,402425
55,87,22207
55,88,12850
55,89,32143
55,90,25303
55,91,15239
55,92,31574
55,93,14013
55,94,19765
55,95,7632
55,96,7024
55,97,10185
55,98,12176
55,99,19007
55,100,14890
55,101,90741
55,102,16445
55,103,89957
55,104,7844
55,105,435249
55,106,6647
55,107,9386
55,108,7396
55,109,31137
55,110,36519
55,111,496140
55,112,9731
55,113,28010
55,114,96842
55,115,68537
55,116,7919
55,117,7147
55,118,77144
55,119,10803
55,120,107406
55,121,15558
55,122,46383
55,123,14717
55,124,20417
55,125,777830
55,126,9036
55,127,12932
56,0,8084
56,1,20649
56,2,6757
56,3,658859
56,4,7688
56,5,17234
56,6,21154
56,7,1462170
56,8,23132
56,9,6912
56,10,25642
56,11,34891
56,12,15351
56,13,7819
56,14,91387
56,15,6842
56,16,18351
56,17,8559456
56,18,19191
56,19,38966
56,20,7189
56,21,6449
56,22,6345
56,23,6830
56,24,43652
56,25,21665
56,26,18036
56,27,57724
56,28,8582
56,29,18715
56,30,10805
56,31,90692
56,32,16771
56,33,9739
56,34,24319
56,35,9970
56,36,15639
56,37,7491
56,38,6365
56,39,7372
56,40,10896
56,41,12744517
56,42,19318
56,43,59147
56,44,3864212
56,45,45136
56,46,27321
56,47,146784
56,48,8562
56,49,16848
56,50,21032
56,51,26841
56,52,1472384
56,53,6858
56,54,6783
56,55,46953
56,57,12563
56,58,9581
56,59,114951
56,60,9452
56,61,25116
56,62,46142
56,63,21525
56,64,105473
56,65,472791
56,66,11204
56,67,14971
56,68,603834
56,69,16453
56,70,8177
56,71,8925
56,72,9810
56,73,71953
56,74,10353
56,75,82399
56,76,91188
56,77,10762
56,78,136914
56,79,66989
56,80,14922
56,81,65787
56,82,46658
56,83,198585
56,84,71752
56,85,10157
56,86,7727
56,87,10615
56,88,134881
56,89,11201
56,90,70404
56,91,47976
56,92,6389
56,93,24112
56,94,8228
56,95,27707
56,96,229421
56,97,16325
56,98,6849
56,99,427942
56,100,71452
56,101,65902
56,102,7281
56,103,10390
56,104,11649
56,105,62785
56,106,246916
56,107,23031
56,108,11184
56,109,31659
56,110,9793
56,111,17867
56,112,42109
56,113,11437
56,114,2910581
56,115,187802
56,116,7467
56,117,27328
56,118,21643
56,119,7438
56,120,13516
56,121,10425
56,122,36207
56,123,313475
56,124,10227
56,125,14554
56,126,7069
56,127,16783
57,0,6428
57,1,8133
57,2,8763
57,3,33372
57,4,37133734
57,5,17197
57,6,1075994
57,7,27395
57,8,42164
57,9,37268
57,10,78443
57,11,85612
57,12,8335
57,13,7153
57,14,19997
57,15,8291
57,16,16322
57,17,34093
57,18,272516
57,19,11277
57,20,135072
57,21,16178742
57,22,7817
57,23,609694
57,24,1587226
57,25,7761
57,26,6935
57,27,63925
57,28,9164
57,29,7409
57,30,31037
57,31,9539
57,32,13893
57,33,17473
57,34,33223
57,35,9416
57,36,29931
57,37,279130
57,38,3382036
57,39,9382
57,40,7647
57,41,63323
57,42,3149735
57,43,11102
57,44,14253
57,45,84592
57,46,21570
57,47,14442
57,48,33978
57,49,458469
57,50,197497
57,51,6486
57,52,12672
57,53,31472
57,54,19878
57,55,12483
57,56,22827
57,58,964742
57,59,22288
57,60,57981
57,61,7051
57,62,207271
57,63,43275
57,64,13220
57,65,15823
57,66,149466
57,67,16691
57,68,317415
57,69,47857
57,70,23538
57,71,10676
57,72,56179
57,73,18985
57,74,378812
57,75,141034
57,76,50675
57,77,12285
57,78,49429
57,79,7644
57,80,19633
57,81,16062
57,82,11681
57,83,11121
57,84,7324
57,85,8463
57,86,18376
57,87,168257
57,88,7867
57,89,156053
57,90,26776
57,91,8667
57,92,6543
57,93,13650
57,94,10068
57,95,9008
57,96,42136
57,97,19973
57,98,13819
57,99,31753
57,100,15181
57,101,7509
57,102,166205
57,103,6646
57,104,33076
57,105,1487928
57,106,6378
57,107,12278
57,108,9828
57,109,916106
57,110,15844
57,111,8416
57,112,20595
57,113,11878
57,114,45982
57,115,7114
57,116,11364
57,117,24128
57,118,19202
57,119,9920
57,120,12150
57,121,9179
57,122,21440
57,123,43989
57,124,7640
57,125,10220
57,126,23188
57,127,19340
58,0,6695
58,1,133930
58,2,310381
58,3,353098
58,4,27625
58,5,17841
58,6,57263
58,7,19780
58,8,9719
58,9,7491
58,10,87530
58,11,17387
58,12,9543
58,13,10876
58,14,13387
58,15,16430
58,16,8096
58,17,7379
58,18,8534
58,19,10158
58,20,13673
58,21,48650
58,22,6766
58,23,83419
58,24,9124
58,25,36584
58,26,7041
58,27,19265
58,28,11187
58,29,29830
58,30,29402
58,31,8470
58,32,8145
58,33,6970
58,34,61549
58,35,13576
58,36,7049
58,37,8629
58,38,12812
58,39,51625
58,40,18171
58,41,25421
58,42,92804
58,43,20380
58,44,208056
58,45,19851
58,46,13639
58,47,1800702
58,48,20217
58,49,14803
58,50,24074
58,51,7483
58,52,15413
58,53,13471
58,54,8934
58,55,11411
58,56,6866
58,57,954676
58,59,962209
58,60,6424
58,61,6914
58,62,255542
58,63,19269
58,64,95482
58,65,11988
58,66,64873
58,67,34921
58,68,12251
58,69,10662
58,70,103229
58,71,19906
58,72,13230
58,73,13711
58,74,6769
58,75,7980
58,76,27809
58,77,45682
58,78,198403
58,79,10720
58,80,45713
58,81,10111
58,82,19610
58,83,10087
58,84,14050
58,85,11848
58,86,297784
58,87,58738
58,88,69318
58,89,6820
58,90,18100
58,91,137900
58,92,20746
58,93,8004
58,94,9162
58,95,74367
58,96,22193
58,97,8681
58,98,1088291
58,99,12607
58,100,28440
58,101,23517
58,102,24364
58,103,6986
58,104,7736
58,105,8524
58,106,430575
58,107,23465
58,108,70178
58,109,9396
58,110,7573
58,111,161963
58,112,86471
58,113,11732
58,114,14417
58,115,12795
58,116,10373
58,117,6604
58,118,8821
58,119,20528
58,120,15174
58,121,32284
58,122,11902
58,123,7731
58,124,66369
58,125,13200
58,126,13774
58,127,47469
59,0,11771
59,1,7360
59,2,14786
59,3,12902
59,4,7017
59,5,32920
59,6,3691388
59,7,110761
59,8,53066
59,9,48667
59,10,23107
59,11,87763
59,12,55238
59,13,10375
59,14,9081
59,15,9470
59,16,10475
59,17,6471
59,18,41337
59,19,852487
59,20,40320
59,21,8905
59,22,7497
59,23,6652
59,24,115984
59,25,36627
59,26,13274
59,27,16721
59,28,68168
59,29,112930
59,30,6805
59,31,9149
59,32,42961
59,33,362825
59,34,203039
59,35,7124
59,36,8754
59,37,12126
59,38,14017
59,39,8977
59,40,137209
59,41,68973
59,42,23982
59,43,32319
59,44,1890478
59,45,303974
59,46,9219
59,47,7575
59,48,10139
59,49,16280
59,50,7033
59,51,6475
59,52,69445
59,53,147336
59,54,24281
59,55,8245
59,56,19503
59,57,30072
59,58,7720
59,60,27927
59,61,12452
59,62,21978
59,63,19910
59,64,7214
59,65,91437
59,66,18567
59,67,20205
59,68,38583
59,69,131327
59,70,8647
59,71,57864
59,72,29155
59,73,18518
59,74,28584
59,75,75334
59,76,10242374
59,77,801464
59,78,9785
59,79,56898
59,80,18242
59,81,7081
59,82,8949
59,83,51356
59,84,14172
59,85,23827
59,86,16156
59,87,10258
59,88,27885
59,89,47688
59,90,10084
59,91,77295
59,92,14498
59,93,11709
59,94,6535
59,95,23285
59,96,7965
59,97,11271
59,98,10137
59,99,33815
59,100,5303310
59,101,8968
59,102,19587
59,103,6881
59,104,376155
59,105,21338
59,106,9031
59,107,36367
59,108,8242
59,109,33456
59,110,66575
59,111,91990
59,112,13792
59,113,23684
59,114,9084
59,115,7150
59,116,38870
59,117,6823
59,118,118251
59,119,8489
59,120,9085
59,121,22388
59,122,565310
59,123,9751
59,124,108129
59,125,3026225
59,126,167981
59,127,11791
60,0,117488
60,1,22179
60,2,7636
60,3,24547
60,4,7921
60,5,19232
60,6,11715
60,7,12846
60,8,97618
60,9,12131
60,10,8409
60,11,18445
60,12,1343845
60,13,118946
60,14,9524
60,15,2075795
60,16,10679
60,17,15292
60,18,33968
60,19,12907
60,20,998713
60,21,101419
60,22,7353
60,23,17916
60,24,14248
60,25,9607
60,26,14468
60,27,14096
60,28,11534
60,29,10972
60,30,38990
60,31,276896
60,32,25151
60,33,13862
60,34,8687
60,35,43681
60,36,7154
60,37,37335
60,38,9647
60,39,6437
60,40,40994
60,41,35523
60,42,8543
60,43,7139
60,44,46871
60,45,80220
60,46,11530
60,47,22753
60,48,14634
60,49,22946
60,50,13224
60,51,30396
60,52,38043
60,53,8577
60,54,7005
60,55,7835
60,56,157404
60,57,13940
60,58,15991
60,59,14369
60,61,326796
60,62,447665
60,63,7697
60,64,36923
60,65,72391
60,66,6911
60,67,242529
60,68,116807
60,69,8600
60,70,13491
60,71,6838
60,72,7054
60,73,44361
60,74,13204
60,75,13164
60,76,31565
60,77,27679
60,78,24270
60,79,40333
60,80,76806
60,81,18424
60,82,324304
60,83,21149
60,84,8802
60,85,21347
60,86,107931
60,87,11013
60,88,37870
60,89,19815418
60,90,16479
60,91,25128
60,92,7582
60,93,9517
60,94,11430
60,95,31787
60,96,10667
60,97,50881
60,98,9603
60,99,17791
60,100,4253239
60,101,9559
60,102,29304
60,103,10674
60,104,10410
60,105,10244
60,106,54554
60,107,23769
60,108,8816
60,109,10866
60,110,36143
60,111,8578
60,112,42205
60,113,26249
60,114,478257
60,115,11497
60,116,207663
60,117,60680
60,118,204370
60,119,102257
60,120,9631
60,121,11890
60,122,9106
60,123,9010
60,124,6660
60,125,27301
60,126,3969119
60,127,8027
61,0,21752
61,1,225763
61,2,30775
61,3,43695
61,4,11280
61,5,7361
61,6,22146
61,7,45447
61,8,47069
61,9,19714
61,10,468951
61,11,11329
61,12,47485
61,13,10552
61,14,51741
61,15,15067
61,16,15999
61,17,16718
61,18,7047
61,19,8185
61,20,18504
61,21,7771
61,22,47942
61,23,8034
61,24,7774
61,25,69255253
61,26,7583
61,27,6576
61,28,21485
61,29,20878
61,30,68383
61,31,7979
61,32,17139
61,33,11014
61,34,16499
61,35,8979
61,36,10103
61,37,6728
61,38,48011
61,39,283690
61,40,11199
61,41,10166
61,42,83077
61,43,105791
61,44,15571
61,45,52327
61,46,23173
61,47,14507
61,48,35804
61,49,28469
61,50,83677
61,51,23362
61,52,18303
61,53,16908
61,54,105855
61,55,14902
61,56,8105
61,57,48096
61,58,73281
61,59,21400
61,60,10291
61,62,11986
61,63,7855
61,64,19235
61,65,23036
61,66,13232
61,67,23902
61,68,6513
61,69,46270
61,70,18204
61,71,618060
61,72,8174
61,73,21325
61,74,23918
61,75,119804
61,76,40040
61,77,9474
61,78,104154
61,79,8699
61,80,10795
61,81,12407
61,82,15171
61,83,377745
61,84,23274
61,85,34249
61,86,13520
61,87,237532
61,88,184048
61,89,8338
61,90,20733
61,91,6436
61,92,25404
61,93,11452
61,94,158900
61,95,7447
61,96,43798
61,97,8069
61,98,56852
61,99,9743
61,100,27109
61,101,25534
61,102,19537
61,103,55629
61,104,7126
61,105,7990
61,106,21041
61,107,7284
61,108,11293
61,109,41740
61,110,6573
61,111,799604
61,112,23218
61,113,371450
61,114,35103
61,115,45338
61,116,8249
61,117,192202
61,118,18150
61,119,7240
61,120,10585
61,121,11908
61,122,136133
61,123,8502
61,124,52209
61,125,8514
61,126,8730
61,127,8404
62,0,35073
62,1,26802
62,2,8607
62,3,264975
62,4,26318
62,5,8951
62,6,8358
62,7,18909
62,8,89472
62,9,20835
62,10,9987384
62,11,232942
62,12,7001
62,13,9643
62,14,1442095
62,15,11740
62,16,167843
62,17,19549
62,18,10333
62,19,10079
62,20,123259
62,21,6456
62,22,73316
62,23,25052646
62,24,20788
62,25,11940
62,26,44602
62,27,66960
62,28,8961
62,29,711935
62,30,6846
62,31,7037
62,32,11069
62,33,24502
62,34,368367
62,35,12655
62,36,16890
62,37,44182
62,38,1091402
62,39,1240661
62,40,8445
62,41,7964
62,42,9228
62,43,29110
62,44,30783
62,45,18046
62,46,68817
62,47,18003
62,48,8187
62,49,9449
62,50,113144
62,51,695431
62,52,13745
62,53,503779
62,54,154122
62,55,7199
62,56,112647
62,57,30412
62,58,22841
62,59,9730
62,60,82610
62,61,8895
62,63,252521
62,64,6480
62,65,171915435
62,66,1288478
62,67,13334
62,68,24897
62,69,62439
62,70,43886
62,71,691041
62,72,30420
62,73,8211
62,74,141654
62,75,8364
62,76,16274
62,77,17993
62,78,7797
62,79,11257
62,80,23321
62,81,20712
62,82,28362
62,83,280421
62,84,7240
62,85,27142
62,86,11581
62,87,19618
62,88,90544
62,89,1822470
62,90,8068
62,91,6504
62,92,8690
62,93,29939
62,94,6485
62,95,18945
62,96,12948
62,97,1217850
62,98,26526
62,99,12029978
62,100,56582
62,101,10581
62,102,28101
62,103,6339
62,104,103351
62,105,16390
62,106,42763
62,107,29684
62,108,97786
62,109,12318
62,110,11676
62,111,11853
62,112,65356
62,113,108594
62,114,18279
62,115,16932
62,116,27645
62,117,8135
62,118,7122
62,119,75298
62,120,205909
62,121,6565
62,122,11825
62,123,13011
62,124,7937
62,125,14582
62,126,14552
62,127,8568
63,0,14594
63,1,278169
63,2,12086
63,3,65499
63,4,58429
63,5,167705
63,6,14255
63,7,9037
63,8,31220
63,9,65042
63,10,58381
63,11,918440
63,12,28108
63,13,13346
63,14,10328
63,15,293540
63,16,59293
63,17,14743
63,18,9478
63,19,8642
63,20,273445
63,21,7257
63,22,15267
63,23,3598331
63,24,11264
63,25,66222451
63,26,9577
63,27,10624
63,28,6993
63,29,30979
63,30,11289
63,31,1023417
63,32,31557
63,33,58145
63,34,22728
63,35,8421
63,36,75625
63,37,31899
63,38,35256
63,39,46642
63,40,38229
63,41,55804
63,42,37346
63,43,8923
63,44,21765
63,45,27920
63,46,6947
63,47,9254
63,48,11075
63,49,9251
63,50,8817
63,51,15684
63,52,8315
63,53,19843
63,54,110418
63,55,17620
63,56,9035
63,57,8628
63,58,14181
63,59,6607
63,60,7221
63,61,25964
63,62,300307
63,64,14556
63,65,26143
63,66,32117
63,67,176604
63,68,331020
63,69,92856
63,70,20258
63,71,229653
63,72,456273
63,73,26118
63,74,12345
63,75,9404
63,76,96077
63,77,25192
63,78,10147
63,79,10966
63,80,12913
63,81,34151
63,82,34366
63,83,178417
63,84,8677
63,85,13418
63,86,12705
63,87,26186
63,88,12715
63,89,25122
63,90,200236
63,91,95161
63,92,29478
63,93,98915
63,94,10169
63,95,79620
63,96,7903
63,97,162876
63,98,30905
63,99,22250
63,100,58334
63,101,158149
63,102,11680
63,103,6348
63,104,21982
63,105,58476
63,106,457735
63,107,7102
63,108,9055
63,109,10274
63,110,31744
63,111,76732
63,112,9127
63,113,19476
63,114,33085141
63,115,58858
63,116,66106
63,117,9497
63,118,14854
63,119,25781
63,120,8024
63,121,80099
63,122,32178
63,123,191172
63,124,11304
63,125,173941
63,126,22620
63,127,17470
64,0,7397
64,1,818536
64,2,8056
64,3,18591
64,4,19969
64,5,6488
64,6,7986
64,7,415168
64,8,32568
64,9,9020
64,10,12616
64,11,16551
64,12,8853
64,13,11341
64,14,8724
64,15,602673
64,16,311922
64,17,7913
64,18,11335
64,19,19029
64,20,13298
64,21,14289
64,22,12769
64,23,10175
64,24,9210
64,25,11242
64,26,14639
64,27,11284
64,28,9461
64,29,23806
64,30,7421
64,31,63677
64,32,17520
64,33,13807
64,34,22703
64,35,11124
64,36,17498
64,37,35266
64,38,8938
64,39,23203
64,40,6338
64,41,23331
64,42,110968
64,43,69035
64,44,6785
64,45,7576
64,46,25386
64,47,32766
64,48,48808
64,49,59220
64,50,24863
64,51,18133
64,52,59099
64,53,7979
64,54,154242
64,55,13884
64,56,11158
64,57,21097
64,58,111176
64,59,44906
64,60,977577
64,61,16554
64,62,36967
64,63,10347
64,65,21802
64,66,12657
64,67,35358
64,68,32082
64,69,14496
64,70,7518
64,71,8233
64,72,193591
64,73,31727
64,74,53329
64,75,15893
64,76,11673
64,77,17936
64,78,9861
64,79,10205
64,80,12230
64,81,58954
64,82,10170
64,83,21202
64,84,64479
64,85,124587
64,86,178570
64,87,1221603
64,88,17495
64,89,9684
64,90,8684
64,91,22307
64,92,12334
64,93,9308
64,94,45634
64,95,17691
64,96,63026
64,97,22015
64,98,8756
64,99,17543
64,100,8035
64,101,12336
64,102,16387
64,103,6830
64,104,86244
64,105,38347
64,106,78911
64,107,16694
64,108,9374
64,109,930260
64,110,16606
64,111,203798
64,112,31873
64,113,12235
64,114,40435
64,115,43146
64,116,39714
64,117,7608
64,118,14403
64,119,17222
64,120,26821
64,121,15169
64,122,77371
64,123,21409
64,124,10055
64,125,19812
64,126,129519
64,127,6763
65,0,7476
65,1,10747
65,2,12110
65,3,25368
65,4,14784
65,5,15721
65,6,11730
65,7,8187339
65,8,12481
65,9,27618
65,10,12687
65,11,17636
65,12,26324
65,13,53086
65,14,17857
65,15,14174
65,16,113574
65,17,14698
65,18,207859
65,19,14603
65,20,16950
65,21,51974
65,22,15313
65,23,14563
65,24,272207
65,25,32631
65,26,79541
65,27,87252
65,28,10492
65,29,20072
65,30,387528
65,31,12894
65,32,13131
65,33,20848
65,34,93371
65,35,34210
65,36,8327
65,37,11623
65,38,7741
65,39,10544
65,40,168395
65,41,6982
65,42,6466
65,43,8193
65,44,45540
65,45,20738
65,46,13749
65,47,14995
65,48,9837
65,49,30881
65,50,6574
65,51,6640
65,52,6515
65,53,99029277
65,54,10827
65,55,9892
65,56,150264
65,57,468189
65,58,17334
65,59,29103
65,60,8912
65,61,14316
65,62,78638
65,63,13500
65,64,27496
65,66,12025
65,67,28926
65,68,8828
65,69,11286
65,70,24960
65,71,8836
65,72,9761
65,73,12977
65,74,13260
65,75,1305103
65,76,12386
65,77,28605
65,78,19902
65,79,105030
65,80,474342
65,81,176454
65,82,201536
65,83,7624
65,84,16650
65,85,44137
65,86,319818
65,87,13813
65,88,8630
65,89,9324
65,90,82568
65,91,2315170
65,92,314256
65,93,121712
65,94,9355
65,95,83120
65,96,9216
65,97,15232
65,98,18386
65,99,134499
65,100,11316
65,101,176155
65,102,32703
65,103,22278
65,104,38488
65,105,7444
65,106,170352
65,107,24106
65,108,36047
65,109,24358
65,110,10937
65,111,10525
65,112,108527
65,113,7474
65,114,63869
65,115,24441
65,116,263217
65,117,6745
65,118,88421
65,119,20998
65,120,7737
65,121,9311
65,122,40915
65,123,25087
65,124,8752
65,125,7013
65,126,49465
65,127,28721
66,0,98178
66,1,46986
66,2,39331
66,3,56875
66,4,26680
66,5,23300
66,6,1467262
66,7,7622
66,8,69192
66,9,17244
66,10,11691
66,11,9038
66,12,15623
66,13,6554
66,14,16260
66,15,31203
66,16,190150
66,17,6844
66,18,18521
66,19,33381
66,20,8586
66,21,85702
66,22,28728
66,23,34385
66,24,50027
66,25,7098
66,26,43448
66,27,55324
66,28,8088
66,29,84812
66,30,34045
66,31,11226
66,32,37111
66,33,66781
66,34,9996
66,35,11753
66,36,7693
66,37,33920
66,38,7346
66,39,140214
66,40,72800
66,41,24653
66,42,13246
66,43,7052
66,44,9350
66,45,7275
66,46,7627
66,47,22956
66,48,26205
66,49,11717
66,50,23998
66,51,18815
66,52,10613
66,53,7330
66,54,25499
66,55,11850
66,56,95428
66,57,90939
66,58,282375
66,59,7656
66,60,21816
66,61,66222
66,62,8581
66,63,25215
66,64,32047
66,65,18324
66,67,17642
66,68,11957
66,69,9172
66,70,147115
66,71,6725
66,72,13198
66,73,30276
66,74,43930
66,75,7060
66,76,10460
66,77,18056
66,78,26919
66,79,6569
66,80,82484
66,81,213899
66,82,7904
66,83,16592
66,84,7462
66,85,13696
66,86,248496
66,87,115025
66,88,9767
66,89,78754
66,90,185340
66,91,56672
66,92,2992412
66,93,40167
66,94,6952
66,95,7182
66,96,20237
66,97,24474
66,98,44316
66,99,12306
66,100,120355
66,101,146345
66,102,30613
66,103,12214
66,104,28390
66,105,10318
66,106,122767
66,107,94788
66,108,10978
66,109,37835
66,110,13031
66,111,10325
66,112,6872
66,113,8194
66,114,7099
66,115,103720
66,116,388642
66,117,8408
66,118,37881
66,119,198768
66,120,115392
66,121,6744
66,122,14927
66,123,7309
66,124,7809
66,125,199133
66,126,19761
66,127,9984
67,0,11565
67,1,67499
67,2,106175
67,3,7010
67,4,7658
67,5,19529
67,6,18722
67,7,25134
67,8,21369
67,9,195528
67,10,128190
67,11,15493
67,12,41152
67,13,27135
67,14,8917
67,15,9787
67,16,40282
67,17,54280
67,18,11820
67,19,665640
67,20,10898
67,21,1001409
67,22,21566
67,23,10881
67,24,60984
67,25,35338
67,26,59123
67,27,16182
67,28,13004
67,29,8433
67,30,80421
67,31,7829
67,32,7925590
67,33,807088
67,34,29448
67,35,123013
67,36,20132
67,37,17014
67,38,15904
67,39,19062
67,40,70696
67,41,12724
67,42,14627
67,43,6616
67,44,75370
67,45,27659
67,46,8434
67,47,89183
67,48,8762
67,49,35910
67,50,23449
67,51,11756
67,52,13956
67,53,64368
67,54,7523
67,55,138099
67,56,9312
67,57,12159
67,58,22151
67,59,6710
67,60,32604
67,61,29463
67,62,130871
67,63,89424
67,64,8087
67,65,13822
67,66,11686
67,68,25105
67,69,19183
67,70,106111
67,71,23336
67,72,37962
67,73,11699
67,74,113358
67,75,19921
67,76,335336
67,77,6414
67,78,9642
67,79,6836
67,80,20491
67,81,16263
67,82,22302
67,83,160037
67,84,40823
67,85,12797
67,86,7939
67,87,283360
67,88,39221
67,89,10122
67,90,6720
67,91,12173
67,92,46970
67,93,88896
67,94,7740
67,95,58978
67,96,12485
67,97,361338
67,98,34493
67,99,23066
67,100,69826
67,101,84636
67,102,55346
67,103,98404
67,104,10614
67,105,31329
67,106,10397
67,107,10203
67,108,53967
67,109,6434
67,110,56113
67,111,13660
67,112,8665
67,113,8016
67,114,7273
67,115,6662
67,116,8023
67,117,122522
67,118,19355
67,119,232467
67,120,16911
67,121,11463
67,122,6671
67,123,12843
67,124,103413
67,125,51935
67,126,12256
67,127,12292
68,0,6977
68,1,153172
68,2,7170
68,3,97063
68,4,14961
68,5,27195
68,6,9463
68,7,11480
68,8,30507832
68,9,10179
68,10,119491
68,11,483829
68,12,179798
68,13,169508
68,14,6408
68,15,7580
68,16,9594
68,17,9487
68,18,17772
68,19,9069
68,20,149580
68,21,9590
68,22,164460
68,23,57217
68,24,17880
68,25,27315
68,26,9316
68,27,10418
68,28,15464
68,29,13751
68,30,20483
68,31,205715
68,32,53534
68,33,14285
68,34,38559
68,35,35093
68,36,10717
68,37,55411
68,38,8591
68,39,16268
68,40,6029200
68,41,82737
68,42,79422
68,43,13502
68,44,4896522
68,45,13804
68,46,10058
68,47,8047
68,48,9664
68,49,8967
68,50,11518
68,51,7363
68,52,10532
68,53,24738
68,54,89088
68,55,140010
68,56,17668
68,57,8796
68,58,17391
68,59,17297
68,60,34612
68,61,53391
68,62,7900
68,63,9550
68,64,11532
68,65,6732
68,66,217030
68,67,3060679
68,69,20327
68,70,13029
68,71,7480
68,72,70566
68,73,26069
68,74,47251
68,75,16516
68,76,35867
68,77,676734
68,78,13154
68,79,24375
68,80,13897
68,81,7232
68,82,12432
68,83,35420
68,84,30452
68,85,41673
68,86,72357
68,87,20793
68,88,9909
68,89,62465
68,90,7641
68,91,95590
68,92,6661
68,93,10297
68,94,49991
68,95,25457
68,96,6967
68,97,41822
68,98,13328
68,99,28412
68,100,20347
68,101,232704
68,102,16491
68,103,29395
68,104,34513
68,105,20201
68,106,370417
68,107,17729
68,108,7139
68,109,24874
68,110,11815
68,111,34871
68,112,9801
68,113,32126
68,114,212872
68,115,398322
68,116,28284
68,117,24325
68,118,12116
68,119,13923
68,120,30988
68,121,9043
68,122,29185
68,123,7019
68,124,35973
68,125,7674
68,126,9780
68,127,271592
69,0,9362
69,1,5871235
69,2,25903
69,3,46464
69,4,98972
69,5,12735
69,6,6816
69,7,40015
69,8,7321
69,9,6393
69,10,66427
69,11,6676
69,12,184531
69,13,6468
69,14,6682
69,15,6788
69,16,10180
69,17,288037
69,18,25006
69,19,77447
69,20,8332
69,21,8188
69,22,11654
69,23,12148
69,24,217241
69,25,8804
69,26,8847
69,27,29350
69,28,22679
69,29,64396
69,30,38678
69,31,6617
69,32,16184
69,33,64760
69,34,9728
69,35,1558559
69,36,74331
69,37,37034
69,38,43060
69,39,7851
69,40,8280
69,41,7587
69,42,18358
69,43,6442
69,44,10973
69,45,403610
69,46,73247
69,47,46740
69,48,434576
69,49,75552
69,50,6913
69,51,79264
69,52,414546
69,53,20882
69,54,14617
69,55,12260
69,56,279774
69,57,33251
69,58,17752
69,59,9796
69,60,30150
69,61,115910
69,62,8659
69,63,95536
69,64,18934
69,65,6673
69,66,11190
69,67,12283
69,68,261767
69,70,233896
69,71,9752
69,72,10145
69,73,111314
69,74,14477
69,75,72595
69,76,41391
69,77,10982
69,78,14307
69,79,28955
69,80,8736
69,81,21088
69,82,9301
69,83,6679
69,84,6678
69,85,996030
69,86,15109
69,87,39282
69,88,35430
69,89,8531
69,90,290767
69,91,7378
69,92,6637
69,93,7645
69,94,535439
69,95,13338
69,96,60832
69,97,3916080
69,98,11067
69,99,7531
69,100,373007
69,101,24031
69,102,22345
69,103,16140
69,104,35825
69,105,119882
69,106,15796
69,107,6553
69,108,15201
69,109,8885
69,110,12988
69,111,7018
69,112,7765
69,113,18923
69,114,22269
69,115,7650
69,116,30308
69,117,14170
69,118,28505
69,119,36464
69,120,9568
69,121,6437
69,122,6796
69,123,12883
69,124,17536
69,125,141343
69,126,56559
69,127,12161
70,0,7416
70,1,8435
70,2,13949
70,3,7148
70,4,26763
70,5,10108
70,6,264681
70,7,19077
70,8,2326134
70,9,7146
70,10,14570
70,11,5720049
70,12,6393
70,13,107210
70,14,13446
70,15,117184
70,16,21543
70,17,12166
70,18,9369
70,19,204753
70,20,350735
70,21,7208
70,22,155445
70,23,6777
70,24,7460
70,25,27063
70,26,20624150
70,27,27851
70,28,52466
70,29,22236
70,30,24682
70,31,10938
70,32,49573
70,33,8342
70,34,15030
70,35,53106
70,36,8225
70,37,2489199
70,38,10935
70,39,8587
70,40,11862
70,41,44647
70,42,795905
70,43,7543
70,44,18687
70,45,102923
70,46,7604
70,47,61575
70,48,34672
70,49,30189
70,50,65413
70,51,15480
70,52,15689
70,53,19106
70,54,18570
70,55,20060
70,56,304345
70,57,6431
70,58,6802
70,59,8571
70,60,118713
70,61,91138
70,62,9305
70,63,14004
70,64,15756
70,65,22669
70,66,27741
70,67,366336
70,68,6606
70,69,12152
70,71,64957
70,72,7682
70,73,93944
70,74,35752
70,75,7131
70,76,13107
70,77,6799
70,78,6552
70,79,7096
70,80,13150
70,81,6377
70,82,62254
70,83,23157
70,84,7280
70,85,54448
70,86,23961
70,87,6928
70,88,11934
70,89,28933
70,90,41178
70,91,24463
70,92,725930
70,93,6920
70,94,17062
70,95,113502
70,96,6657
70,97,30253
70,98,18400
70,99,14183
70,100,31404
70,101,97340
70,102,39590
70,103,303235
70,104,6739
70,105,15356
70,106,36389
70,107,13587
70,108,140418
70,109,15042
70,110,72765
70,111,68755
70,112,49357
70,113,15418
70,114,17145
70,115,17778
70,116,11524
70,117,1129920
70,118,17413
70,119,57171
70,120,11972
70,121,53431
70,122,6411
70,123,7956
70,124,8854
70,125,88327
70,126,49340
70,127,126111
71,0,6600
71,1,67529
71,2,67348
71,3,9482
71,4,21360
71,5,8153
71,6,86153
71,7,101956
71,8,23367
71,9,11078
71,10,78019
71,11,38241
71,12,20929
71,13,240510
71,14,165127
71,15,9321
71,16,8449
71,17,15490
71,18,469715
71,19,79304
71,20,22698
71,21,239013
71,22,56989
71,23,11947
71,24,20797
71,25,12886
71,26,16929
71,27,17639
71,28,22528
71,29,19961
71,30,35246
71,31,9315
71,32,17549
71,33,14178759
71,34,784977
71,35,12032
71,36,9074
71,37,53698
71,38,6730
71,39,12967
71,40,401246
71,41,5260135
71,42,8590
71,43,16869
71,44,75262
71,45,45152
71,46,37459
71,47,12862
71,48,83505
71,49,22876
71,50,121471
71,51,9335
71,52,11004
71,53,47368
71,54,21561
71,55,16120
71,56,26387
71,57,6889
71,58,8588
71,59,390321
71,60,10825
71,61,7917
71,62,7540
71,63,2103411
71,64,22169
71,65,44738
71,66,15524
71,67,13304
71,68,7961
71,69,23006
71,70,16359
71,72,400658
71,73,10577
71,74,6758
71,75,85033
71,76,410235
71,77,50507
71,78,10917
71,79,9824
71,80,17281
71,81,23280
71,82,10730
71,83,7169
71,84,14405616
71,85,9113
71,86,42876
71,87,48580
71,88,9411
71,89,15980
71,90,45666
71,91,12651
71,92,7189
71,93,7192
71,94,6636
71,95,11646
71,96,34563
71,97,11149
71,98,238271
71,99,37470
71,100,233418
71,101,657517
71,102,69287
71,103,37078
71,104,7182
71,105,95054
71,106,42552
71,107,116882
71,108,9748
71,109,16747
71,110,7557
71,111,153527
71,112,6433
71,113,8107
71,114,44212
71,115,20967
71,116,8903
71,117,43132
71,118,42622
71,119,7548
71,120,15947
71,121,6424
71,122,198950
71,123,63623
71,124,8118
71,125,27543
71,126,8520
71,127,60129
72,0,7178
72,1,193242
72,2,22499
72,3,7050
72,4,67559
72,5,11175
72,6,133742
72,7,264094
72,8,18535
72,9,10761
72,10,21167
72,11,115098
72,12,24869
72,13,10560
72,14,66486
72,15,36357
72,16,26337
72,17,6428
72,18,25140
72,19,126282
72,20,62122
72,21,44632
72,22,29908
72,23,9575
72,24,20742
72,25,19957
72,26,71122
72,27,19533
72,28,16971
72,29,343344
72,30,9381
72,31,14161
72,32,14767
72,33,15600
72,34,7804
72,35,9267
72,36,40397
72,37,7023
72,38,101241
72,39,14085
72,40,110008
72,41,6336
72,42,11976
72,43,6895
72,44,8767
72,45,11733
72,46,12192
72,47,153409
72,48,26971
72,49,8831
72,50,11336
72,51,1079046
72,52,10117
72,53,15249
72,54,22137
72,55,721215
72,56,8252
72,57,10823
72,58,31856
72,59,14076
72,60,123837
72,61,20603
72,62,9103
72,63,13143
72,64,42095
72,65,8715
72,66,8328
72,67,17482
72,68,19495
72,69,20582
72,70,74937
72,71,91337
72,73,195706
72,74,14817
72,75,8113
72,76,12824
72,77,85568
72,78,6840
72,79,16229
72,80,196062
72,81,15545
72,82,37089
72,83,9774
72,84,68291
72,85,80543
72,86,9600
72,87,11127
72,88,29365
72,89,32730
72,90,39075
72,91,40967
72,92,862921
72,93,6545
72,94,6815
72,95,161446
72,96,2672249
72,97,65614
72,98,43974
72,99,39209
72,100,6668
72,101,38595
72,102,6619
72,103,120991
72,104,10981
72,105,3224136
72,106,11751
72,107,17447
72,108,7258
72,109,13971
72,110,264387
72,111,59980
72,112,7881
72,113,17658
72,114,850425
72,115,22572
72,116,7677
72,117,23076
72,118,10883
72,119,46206
72,120,24937
72,121,10126
72,122,7450
72,123,6334
72,124,15917
72,125,10178
72,126,20907
72,127,221981
73,0,45121
73,1,7513
73,2,7547
73,3,7734
73,4,93268
73,5,30111
73,6,39014
73,7,10574
73,8,8464
73,9,96022
73,10,10706
73,11,9154
73,12,35410
73,13,61266
73,14,52367
73,15,7746
73,16,9071
73,17,11207
73,18,28620
73,19,20814
73,20,107079
73,21,12045
73,22,30955
73,23,24009
73,24,141240
73,25,11395
73,26,13336
73,27,36089
73,28,13493
73,29,14244
73,30,14545
73,31,9242
73,32,15783
73,33,21193
73,34,7124
73,35,49322
73,36,19560
73,37,8888
73,38,16896
73,39,6680
73,40,8976
73,41,43046
73,42,46399
73,43,11832
73,44,61913
73,45,12073
73,46,7501
73,47,11667
73,48,7749
73,49,19664
73,50,31822
73,51,7694
73,52,9495
73,53,71819
73,54,14415
73,55,294592
73,56,14150
73,57,23506
73,58,92091
73,59,251437
73,60,50995
73,61,6692
73,62,306962
73,63,6723
73,64,7381
73,65,38183
73,66,14584
73,67,12992
73,68,8282
73,69,1020622
73,70,11952
73,71,10029
73,72,26343
73,74,186646
73,75,16002
73,76,151184
73,77,16738
73,78,6445
73,79,82526
73,80,9021
73,81,14154
73,82,15467
73,83,358394
73,84,7341
73,85,9277
73,86,17923
73,87,102680
73,88,53884
73,89,8950
73,90,20704
73,91,7083
73,92,61291
73,93,22921
73,94,8685
73,95,29877
73,96,34721
73,97,18154
73,98,11663
73,99,7403
73,100,15615
73,101,7109
73,102,9971
73,103,9544
73,104,124755
73,105,6827
73,106,7105
73,107,41138
73,108,10373966
73,109,218517
73,110,182139
73,111,81731
73,112,9696
73,113,11892
73,114,29455
73,115,13156
73,116,186811
73,117,14883
73,118,17530
73,119,9130
73,120,11927
73,121,14262
73,122,12890
73,123,33512
73,124,160931
73,125,27638
73,126,9270
73,127,9346
74,0,145690
74,1,34911
74,2,44391
74,3,10210
74,4,177658
74,5,38066
74,6,7325
74,7,24648
74,8,163401
74,9,7142
74,10,13178
74,11,28649
74,12,23854
74,13,23413172
74,14,6370
74,15,93579
74,16,7004
74,17,58930
74,18,8293
74,19,13843
74,20,15131
74,21,7790
74,22,11193
74,23,10284
74,24,20384
74,25,57424
74,26,22221
74,27,46789
74,28,9917
74,29,7930
74,30,132711
74,31,29745
74,32,22630
74,33,1069932
74,34,702853
74,35,3321342
74,36,12341
74,37,16712
74,38,11830
74,39,22122
74,40,43089
74,41,91487
74,42,43842
74,43,9455
74,44,6529
74,45,1072956
74,46,8940
74,47,15877
74,48,19718
74,49,28143
74,50,7891
74,51,6523
74,52,6566
74,53,21058
74,54,20920
74,55,44708
74,56,16266
74,57,337088
74,58,420836
74,59,7563
74,60,10855
74,61,12035
74,62,7090
74,63,15901
74,64,7792
74,65,17996
74,66,12347
74,67,6472
74,68,14493
74,69,7519
74,70,24852
74,71,72121
74,72,16872
74,73,13620
74,75,286017
74,76,13980
74,77,52229
74,78,14941
74,79,46937
74,80,1272202
74,81,13070
74,82,8943
74,83,686696
74,84,26718
74,85,8145
74,86,22664
74,87,7445
74,88,91688
74,89,19434
74,90,6834
74,91,58028
74,92,70018
74,93,12681
74,94,54175
74,95,14871
74,96,17005
74,97,30025
74,98,12642
74,99,11231
74,100,12244
74,101,8111
74,102,97954
74,103,180417
74,104,23429
74,105,312309
74,106,9507
74,107,38370
74,108,12104
74,109,1498443
74,110,6357
74,111,6841
74,112,17023
74,113,10835
74,114,7016
74,115,6514
74,116,6905
74,117,8365
74,118,11989
74,119,11981
74,120,16459
74,121,6543
74,122,11768
74,123,7431
74,124,15634
74,125,1704617
74,126,30103
74,127,6973
75,0,100592
75,1,30468
75,2,20233
75,3,394860
75,4,12786
75,5,15539
75,6,12121
75,7,8674
75,8,16095
75,9,15254
75,10,6980
75,11,22941
75,12,10527
75,13,7872
75,14,6341
75,15,9893
75,16,11786
75,17,22861
75,18,9317
75,19,293191
75,20,26615
75,21,57080
75,22,12561
75,23,28512
75,24,60529
75,25,67049
75,26,245094
75,27,13498
75,28,166340
75,29,9558
75,30,196957
75,31,10567
75,32,15513
75,33,12761
75,34,6586
75,35,11969
75,36,17552
75,37,20628
75,38,6639
75,39,50769
75,40,14653
75,41,6511
75,42,10469
75,43,16542
75,44,719654
75,45,39503
75,46,8978
75,47,35931
75,48,6364
75,49,7136
75,50,6512
75,51,16703
75,52,8960
75,53,21702
75,54,11678
75,55,19040
75,56,6906
75,57,9266
75,58,45260
75,59,344710
75,60,9061
75,61,266456
75,62,21747
75,63,68692
75,64,54134
75,65,6842
75,66,44557
75,67,37301
75,68,8077
75,69,16288
75,70,8044
75,71,1043345
75,72,7234
75,73,7836
75,74,38090
75,76,32222
75,77,14376
75,78,7074
75,79,10571
75,80,132062
75,81,7216
75,82,415791
75,83,31514
75,84,11094
75,85,9153
75,86,42150
75,87,380960
75,88,57794
75,89,7818
75,90,13654
75,91,15961
75,92,50694
75,93,63215
75,94,10754
75,95,15244
75,96,73803
75,97,8881
75,98,31070
75,99,10415
75,100,53268
75,101,8071
75,102,9014
75,103,424041
75,104,111245
75,105,9734
75,106,34881
75,107,12472
75,108,11181
75,109,6845
75,110,160675
75,111,83980
75,112,7036
75,113,231758
75,114,487876
75,115,9258
75,116,13995
75,117,43637
75,118,22986
75,119,106625
75,120,464410
75,121,18542
75,122,7087
75,123,9139
75,124,29638
75,125,34229
75,126,25210
75,127,83937
76,0,16920
76,1,9169
76,2,270979
76,3,17613
76,4,14006
76,5,9629
76,6,15366
76,7,30548
76,8,270369
76,9,550037
76,10,259474
76,11,8478
76,12,62492
76,13,6537
76,14,12054
76,15,141966
76,16,1335072
76,17,284352
76,18,19084
76,19,66457
76,20,8180
76,21,78872
76,22,20950
76,23,7130
76,24,8656907
76,25,7357
76,26,9570
76,27,1581422
76,28,189475
76,29,29900
76,30,25976
76,31,7629
76,32,18662
76,33,392013
76,34,37313
76,35,11697
76,36,15532
76,37,35276
76,38,8955
76,39,27768
76,40,22312
76,41,6596
76,42,96897
76,43,15809
76,44,27043
76,45,75407
76,46,8012
76,47,44845
76,48,11176
76,49,7625
76,50,7549
76,51,32622
76,52,11743
76,53,10700
76,54,6427
76,55,16768
76,56,139301
76,57,25327
76,58,6803401
76,59,6882
76,60,14591
76,61,13656
76,62,75734
76,63,220671
76,64,8075
76,65,13606
76,66,6642
76,67,34258
76,68,8839
76,69,14745
76,70,14914
76,71,24552
76,72,79899074
76,73,14524
76,74,14230
76,75,12299
76,77,6878
76,78,151416
76,79,78096
76,80,7436
76,81,8288
76,82,59439
76,83,10744
76,84,6989
76,85,349796
76,86,7320
76,87,74830
76,88,20662
76,89,60554
76,90,6655
76,91,6474
76,92,1758444
76,93,21110
76,94,75479
76,95,10200
76,96,14224
76,97,6532
76,98,101063
76,99,53822
76,100,19113
76,101,8735
76,102,14260
76,103,19195
76,104,16534
76,105,8119
76,106,329743
76,107,12536
76,108,91839
76,109,32857
76,110,8334
76,111,31004
76,112,8734
76,113,7976
76,114,154481
76,115,9197
76,116,10005
76,117,8692
76,118,30996
76,119,10470
76,120,11553
76,121,66339
76,122,1188505
76,123,6724
76,124,13399
76,125,301400
76,126,23071
76,127,44830
77,0,11208
77,1,85972
77,2,18144
77,3,16836
77,4,126970
77,5,27335
77,6,1996471
77,7,75917
77,8,18651
77,9,14168
77,10,60883
77,11,104590
77,12,7197
77,13,10386
77,14,10728
77,15,23051
77,16,26705
77,17,19295
77,18,14729
77,19,16379
77,20,7224
77,21,7564
77,22,17099
77,23,58098
77,24,425984
77,25,39689
77,26,33987
77,27,7621
77,28,9985
77,29,16308
77,30,31977
77,31,7943
77,32,30767
77,33,6738
77,34,9102
77,35,7459
77,36,13875
77,37,7266
77,38,9252
77,39,14934
77,40,7811
77,41,7018
77,42,30229
77,43,95107
77,44,7442080
77,45,7654
77,46,21876
77,47,15392
77,48,12418
77,49,80300
77,50,6396
77,51,18884
77,52,19404
77,53,6904
77,54,24458
77,55,40771
77,56,21175
77,57,17546
77,58,8887
77,59,737135
77,60,222201
77,61,13152
77,62,6513
77,63,30221
77,64,21045
77,65,1384544
77,66,23198
77,67,15156
77,68,10815
77,69,9298
77,70,8971
77,71,13781
77,72,47285
77,73,26399
77,74,779607
77,75,36747
77,76,6848
77,78,7787
77,79,18960
77,80,6419
77,81,262926
77,82,29577
77,83,10116
77,84,9344
77,85,14875
77,86,189812
77,87,9562
77,88,7431
77,89,11063
77,90,10660
77,91,176006
77,92,12456
77,93,23102
77,94,103536
77,95,71353
77,96,6421
77,97,77866
77,98,16470
77,99,39739
77,100,8283
77,101,9712
77,102,9166
77,103,8544
77,104,17253
77,105,135843
77,106,123920
77,107,19370
77,108,842261
77,109,11081
77,110,10957
77,111,46561
77,112,9699
77,113,7034
77,114,17369
77,115,19757
77,116,10407
77,117,8020
77,118,30087
77,119,39677
77,120,7113
77,121,7655
77,122,11469
77,123,76286
77,124,30532
77,125,9533
77,126,61343
77,127,18938
78,0,290423
78,1,6373
78,2,12624
78,3,84024
78,4,239262
78,5,7638
78,6,10202
78,7,84373
78,8,7495
78,9,14383
78,10,6496
78,11,7287
78,12,26093
78,13,22743
78,14,8196
78,15,8237
78,16,25757
78,17,7314
78,18,9866
78,19,19132
78,20,35503
78,21,8250
78,22,71886
78,23,8244
78,24,10859
78,25,373529
78,26,10293
78,27,7172
78,28,48062
78,29,23491
78,30,20400
78,31,212057
78,32,9651
78,33,8495
78,34,13830
78,35,9048
78,36,10485
78,37,7158
78,38,11287
78,39,12332
78,40,16956
78,41,283031
78,42,12302
78,43,8191
78,44,10366
78,45,28206
78,46,11306
78,47,57240
78,48,10790
78,49,6522
78,50,11502
78,51,39429
78,52,296714
78,53,19823
78,54,12422
78,55,7338
78,56,8369
78,57,8783
78,58,97562
78,59,16212
78,60,7559
78,61,9830
78,62,7121
78,63,6500
78,64,14589
78,65,23393
78,66,37939
78,67,631598
78,68,79939
78,69,21075
78,70,13019
78,71,435924
78,72,54660
78,73,16311
78,74,8632
78,75,55498
78,76,920784
78,77,7435
78,79,7975
78,80,8884
78,81,29646
78,82,186482
78,83,1107181
78,84,7342
78,85,73489
78,86,21775
78,87,7221
78,88,6499
78,89,16789
78,90,74794
78,91,42426
78,92,34791
78,93,69730
78,94,15290
78,95,30742
78,96,9095
78,97,16953
78,98,21588
78,99,122604
78,100,56469
78,101,69476
78,102,454096
78,103,9394
78,104,682397
78,105,149127
78,106,21382
78,107,17831
78,108,63378
78,109,473566
78,110,10355
78,111,9755
78,112,8428
78,113,9694
78,114,22659
78,115,11852
78,116,7243
78,117,84680
78,118,25915
78,119,191858
78,120,11100
78,121,115762
78,122,11239
78,123,7971
78,124,17359
78,125,6477
78,126,7489
78,127,9278
79,0,45745
79,1,10401
79,2,7159
79,3,475902
79,4,81856
79,5,19648
79,6,6683
79,7,10024
79,8,18528
79,9,1724476
79,10,3113600
79,11,17896
79,12,174087
79,13,10201
79,14,20767
79,15,11949
79,16,6671
79,17,6697
79,18,31667
79,19,39528
79,20,13397
79,21,18317
79,22,32613
79,23,107668
79,24,101896
79,25,8542
79,26,27530
79,27,4676748
79,28,13084
79,29,7419
79,30,10944
79,31,7151
79,32,7678
79,33,10399
79,34,34711
79,35,201723
79,36,175709
79,37,8025
79,38,7657
79,39,15227
79,40,14892
79,41,21638
79,42,9235
79,43,57841
79,44,6848
79,45,95214
79,46,7847
79,47,31506
79,48,10617
79,49,20092
79,50,67862
79,51,38159
79,52,11278
79,53,9338
79,54,8389
79,55,7673
79,56,42890
79,57,289055
79,58,12793
79,59,10035
79,60,42650
79,61,7408
79,62,13762
79,63,6501
79,64,11883
79,65,12633
79,66,22010
79,67,475121
79,68,9671
79,69,7955
79,70,9854
79,71,104403
79,72,7390
79,73,8643
79,74,13252
79,75,16342
79,76,253612
79,77,142279
79,78,3763846
79,80,51896
79,81,495303
79,82,262636
79,83,7776
79,84,12373
79,85,8708
79,86,6700
79,87,6502
79,88,76881
79,89,16143
79,90,19438
79,91,6530
79,92,15297
79,93,1156875
79,94,12249
79,95,23142
79,96,7127
79,97,41619
79,98,13570
79,99,12420
79,100,11266
79,101,9904
79,102,18372
79,103,19217
79,104,81318
79,105,21189
79,106,43318
79,107,2604370
79,108,34962
79,109,6472
79,110,8527
79,111,64704
79,112,115540
79,113,11180
79,114,8204
79,115,7962
79,116,8420
79,117,71155
79,118,9136
79,119,37245
79,120,8032
79,121,10869
79,122,10188
79,123,60781
79,124,11146
79,125,8866
79,126,15196
79,127,8387
80,0,20925
80,1,12393
80,2,379884
80,3,53616
80,4,42343
80,5,338413
80,6,81072
80,7,144074
80,8,13440
80,9,11777
80,10,20759
80,11,8413
80,12,26062
80,13,311535
80,14,1210402
80,15,521475
80,16,25262
80,17,15209
80,18,10345
80,19,9011
80,20,13522
80,21,8072
80,22,21158
80,23,8142
80,24,355970
80,25,38394
80,26,25099
80,27,14825
80,28,27348
80,29,7707
80,30,44436
80,31,544119
80,32,11605
80,33,12661
80,34,32685
80,35,17130
80,36,8737
80,37,1094528
80,38,23026
80,39,18546
80,40,10568
80,41,15584
80,42,10479
80,43,6767
80,44,23501
80,45,48424
80,46,10304
80,47,12023
80,48,36454
80,49,29768
80,50,6491
80,51,9052
80,52,341988
80,53,12207
80,54,34181
80,55,12033
80,56,52545
80,57,8160
80,58,65327
80,59,285683
80,60,10713
80,61,20591
80,62,10308
80,63,553036
80,64,19139
80,65,15831
80,66,8496
80,67,7610
80,68,10232
80,69,321845
80,70,7598
80,71,10010
80,72,55585
80,73,7797
80,74,34982
80,75,11226365
80,76,245353
80,77,84198
80,78,83807
80,79,44256
80,81,10785
80,82,21123
80,83,10422
80,84,9965
80,85,7972
80,86,3243195
80,87,7641
80,88,30182
80,89,7951
80,90,117260
80,91,72527
80,92,12570
80,93,28992
80,94,30710
80,95,7076
80,96,24829
80,97,7116
80,98,6801
80,99,9681
80,100,10149
80,101,35857
80,102,39565
80,103,7772
80,104,82232
80,105,22212
80,106,6779
80,107,8289
80,108,28024
80,109,7201
80,110,12478
80,111,19221
80,112,26106
80,113,6383
80,114,15748
80,115,31650
80,116,50285
80,117,36005
80,118,28059
80,119,7505
80,120,18293
80,121,8260
80,122,33911
80,123,15277
80,124,18069
80,125,44271
80,126,6409
80,127,14321
81,0,17804
81,1,9144
81,2,48896
81,3,256655
81,4,21114
81,5,11261
81,6,16193
81,7,54851
81,8,32514
81,9,671149
81,10,13834
81,11,35124
81,12,16671
81,13,36217
81,14,25362
81,15,34582
81,16,84460
81,17,32390
81,18,93578910
81,19,25690
81,20,10696
81,21,31770
81,22,7164
81,23,14542
81,24,203608
81,25,8390
81,26,23239
81,27,9967
81,28,7610
81,29,24823
81,30,6651
81,31,94734
81,32,8579
81,33,11142
81,34,10452
81,35,7366
81,36,12503
81,37,11117
81,38,10768
81,39,1150037
81,40,9193
81,41,10324
81,42,30340
81,43,45478
81,44,29861
81,45,19457
81,46,21303
81,47,15713
81,48,28533
81,49,46855
81,50,9158
81,51,27261
81,52,6793
81,53,10280
81,54,13282
81,55,47235
81,56,15673
81,57,34268
81,58,155566
81,59,10101
81,60,35689
81,61,45808
81,62,2863255
81,63,36857
81,64,10021
81,65,7642
81,66,63405
81,67,32408
81,68,137307
81,69,11145
81,70,48285
81,71,9209
81,72,36508
81,73,93996
81,74,25245
81,75,36540
81,76,8840
81,77,42946
81,78,11378
81,79,15890
81,80,1143265
81,82,244835
81,83,9919
81,84,14503
81,85,7306
81,86,34741
81,87,405399
81,88,11220
81,89,28129
81,90,8984
81,91,3621226
81,92,6506
81,93,207075
81,94,36026
81,95,11029
81,96,347469
81,97,123754
81,98,38846
81,99,26007
81,100,27004
81,101,1248423
81,102,35174
81,103,11060
81,104,7607
81,105,30032
81,106,292148
81,107,29838
81,108,18694
81,109,32595
81,110,8277
81,111,37178
81,112,22326
81,113,51915
81,114,24909
81,115,7877
81,116,37324
81,117,191686
81,118,6399
81,119,33447
81,120,95000
81,121,19408
81,122,14810
81,123,9208
81,124,30621
81,125,40551
81,126,875726
81,127,7869
82,0,61010
82,1,9119
82,2,6681
82,3,11748
82,4,8994
82,5,18273
82,6,7444
82,7,12427
82,8,10802
82,9,14707
82,10,64816
82,11,12434
82,12,12775
82,13,6367
82,14,9692
82,15,7249
82,16,6885
82,17,8303
82,18,8874
82,19,31012
82,20,7777
82,21,7822
82,22,8745
82,23,40474
82,24,14769
82,25,20487
82,26,68879
82,27,10657
82,28,15966
82,29,28136
82,30,20116
82,31,9798
82,32,7441
82,33,9114
82,34,22174
82,35,29669
82,36,15498
82,37,12963
82,38,355489
82,39,9693
82,40,76956
82,41,6860
82,42,33692
82,43,660206
82,44,26305
82,45,11164
82,46,14136
82,47,138497
82,48,332735
82,49,77675
82,50,28455
82,51,12888
82,52,25666
82,53,10342
82,54,27523
82,55,47874
82,56,11591
82,57,8407
82,58,14466
82,59,137406
82,60,19886
82,61,7336
82,62,8792
82,63,17403
82,64,16215
82,65,14486
82,66,39184
82,67,10969
82,68,16887
82,69,21931
82,70,16339
82,71,538307
82,72,139705
82,73,96787
82,74,24123
82,75,25186
82,76,186975
82,77,86700
82,78,10040
82,79,7391
82,80,6941
82,81,136620
82,83,16496
82,84,7455
82,85,9608
82,86,27577
82,87,1170758
82,88,11543
82,89,20839
82,90,1049157
82,91,8657
82,92,7281
82,93,12355
82,94,26545
82,95,10133
82,96,23356
82,97,6510
82,98,6564
82,99,12425
82,100,4223322
82,101,8010
82,102,21950
82,103,14226
82,104,49663
82,105,28220
82,106,10152
82,107,29297
82,108,77031
82,109,14873
82,110,6624
82,111,6467
82,112,170634
82,113,10989
82,114,6503
82,115,36934
82,116,78599
82,117,34007
82,118,57516
82,119,63188
82,120,25546
82,121,6251120
82,122,9569
82,123,17466
82,124,8402
82,125,26087
82,126,19110
82,127,10129
83,0,11758
83,1,13512
83,2,6790
83,3,7941
83,4,24101
83,5,11684
83,6,18866
83,7,8320
83,8,13706
83,9,8729
83,10,7899
83,11,6924
83,12,390884
83,13,8084
83,14,13013
83,15,192548
83,16,26997
83,17,222421
83,18,1482716
83,19,248232
83,20,7866
83,21,6930
83,22,6469
83,23,6920
83,24,16201
83,25,17142
83,26,397741
83,27,12981
83,28,7289
83,29,18431
83,30,47502
83,31,32911
83,32,7085
83,33,6521
83,34,58192
83,35,101181
83,36,13867
83,37,10668
83,38,43376
83,39,48476
83,40,7133
83,41,9981
83,42,8339
83,43,17111
83,44,82907
83,45,12936
83,46,9622
83,47,11907
83,48,11428
83,49,14271
83,50,10489
83,51,10105
83,52,6817
83,53,18184
83,54,151069
83,55,21141
83,56,12059
83,57,53925
83,58,2141196
83,59,165395
83,60,11735
83,61,23041
83,62,22155
83,63,11436
83,64,17508
83,65,11157
83,66,16601
83,67,17400
83,68,16753
83,69,14353
83,70,24727
83,71,43261
83,72,6910
83,73,11819
83,74,24772
83,75,10959
83,76,12147
83,77,328054
83,78,6425
83,79,15265
83,80,10134
83,81,259190
83,82,9745
83,84,9844
83,85,9051
83,86,4164529
83,87,12635
83,88,12884
83,89,7225
83,90,6519
83,91,6486
83,92,15099
83,93,8704
83,94,60705
83,95,9674
83,96,34642
83,97,7446
83,98,51509
83,99,11670
83,100,10387
83,101,21489
83,102,102016
83,103,10997
83,104,15037
83,105,38441
83,106,11910
83,107,11542
83,108,10192
83,109,14431
83,110,38020
83,111,6856
83,112,15121
83,113,10689
83,114,28498
83,115,8870
83,116,30669
83,117,14010
83,118,7504
83,119,337529
83,120,60781285
83,121,11292
83,122,13330
83,123,21329
83,124,26330
83,125,7145
83,126,18574
83,127,23475
84,0,12722
84,1,12516
84,2,8741
84,3,33825
84,4,6976
84,5,53350
84,6,227123
84,7,31676
84,8,37223
84,9,8368
84,10,7568
84,11,9766
84,12,46238
84,13,6557
84,14,135746
84,15,7538
84,16,15431
84,17,39491
84,18,8662
84,19,6893
84,20,8264
84,21,7536
84,22,10629
84,23,10933
84,24,49645
84,25,18729
84,26,211854
84,27,8052
84,28,43017
84,29,705859
84,30,20290
84,31,6465
84,32,148227
84,33,32984
84,34,55738
84,35,31371
84,36,46822
84,37,15091
84,38,308094
84,39,64257
84,40,11051
84,41,197859
84,42,19243
84,43,10625
84,44,12497
84,45,257777
84,46,246132
84,47,13993
84,48,77789
84,49,8144
84,50,429914
84,51,9310
84,52,55541
84,53,117792
84,54,198221
84,55,6619
84,56,23264
84,57,57401
84,58,11389
84,59,13348
84,60,12220
84,61,20653
84,62,902307
84,63,236066
84,64,6893
84,65,13964
84,66,22615
84,67,59269
84,68,21575
84,69,8818
84,70,6348
84,71,8604
84,72,12228
84,73,17225
84,74,7357
84,75,112153
84,76,291802
84,77,83162
84,78,6337
84,79,12133
84,80,106690
84,81,453373
84,82,12572
84,83,18779
84,85,443461
84,86,6431
84,87,22871
84,88,884440
84,89,10530
84,90,60253
84,91,41781
84,92,14805
84,93,43506
84,94,11260
84,95,7270
84,96,7070
84,97,6821
84,98,31865
84,99,8203
84,100,22085
84,101,8412
84,102,13066
84,103,8456
84,104,50750
84,105,7366
84,106,7774
84,107,16328
84,108,7527
84,109,8868
84,110,13677
84,111,78173
84,112,23021
84,113,7466
84,114,26808
84,115,7967
84,116,10446
84,117,26224
84,118,35389
84,119,22981
84,120,14298
84,121,17716
84,122,7095
84,123,6471
84,124,360845
84,125,35941
84,126,47823
84,127,71221
85,0,60005
85,1,129698
85,2,393147
85,3,10507
85,4,24978
85,5,433236
85,6,43434
85,7,7448
85,8,7057
85,9,144395
85,10,7769
85,11,25169
85,12,693963
85,13,6961
85,14,11867
85,15,598067
85,16,8680
85,17,175560
85,18,22075
85,19,3281881
85,20,17194
85,21,586804
85,22,1029046
85,23,729102
85,24,12015
85,25,444157
85,26,10653
85,27,37290
85,28,7500
85,29,6897
85,30,8459
85,31,63269
85,32,17926
85,33,16218
85,34,6653
85,35,72526824
85,36,7200
85,37,12782
85,38,164061
85,39,6422
85,40,80341
85,41,7493
85,42,6999
85,43,12545
85,44,9029
85,45,9309
85,46,29915
85,47,34132
85,48,4607120
85,49,15766
85,50,26494
85,51,68910
85,52,35920
85,53,2013657
85,54,8688
85,55,25751
85,56,6571
85,57,29539
85,58,8263
85,59,7711
85,60,8089
85,61,31480
85,62,34861
85,63,15331
85,64,13270
85,65,6749
85,66,18113
85,67,7080
85,68,132991
85,69,11642
85,70,9063
85,71,13218
85,72,303604
85,73,65184
85,74,776060
85,75,34405
85,76,11361
85,77,14280
85,78,56024
85,79,7259
85,80,6799
85,81,13717
85,82,20225
85,83,98687
85,84,8518
85,86,26482
85,87,1026225
85,88,317017
85,89,25830
85,90,419565
85,91,11109
85,92,18252
85,93,54301
85,94,8351
85,95,138698
85,96,35983
85,97,76657
85,98,25817
85,99,62865
85,100,12848
85,101,32091
85,102,54322
85,103,15482
85,104,6629
85,105,11602
85,106,9161
85,107,40876
85,108,16151
85,109,13409
85,110,23679
85,111,15506
85,112,6853
85,113,13643
85,114,25175
85,115,24036
85,116,6343
85,117,34161
85,118,12404
85,119,112576
85,120,7267
85,121,21552
85,122,7653
85,123,8974
85,124,17524
85,125,6965
85,126,80019
85,127,6998
86,0,238024
86,1,11782
86,2,9865
86,3,7136
86,4,7151
86,5,138898
86,6,9536
86,7,270674
86,8,179182
86,9,7484
86,10,18106
86,11,23621
86,12,9949
86,13,10383
86,14,7565
86,15,6524
86,16,78560
86,17,9790
86,18,7570
86,19,39356
86,20,103597
86,21,27693
86,22,32839
86,23,7372
86,24,60104
86,25,18334
86,26,47840
86,27,5052786
86,28,45919
86,29,86745
86,30,24575
86,31,22689
86,32,27122
86,33,40745236
86,34,1744724
86,35,281721
86,36,19898
86,37,19831
86,38,12400
86,39,27037
86,40,11500
86,41,6829
86,42,24983
86,43,7439
86,44,8054
86,45,16947
86,46,21899
86,47,9281
86,48,51721
86,49,8652
86,50,50787
86,51,10389
86,52,6601
86,53,9004
86,54,206102
86,55,416416
86,56,974987
86,57,28426
86,58,6991
86,59,19993
86,60,7349
86,61,7077
86,62,16362
86,63,708886276
86,64,16370
86,65,29600
86,66,170493
86,67,10026
86,68,16866
86,69,16854
86,70,10236
86,71,19792
86,72,139200
86,73,70307
86,74,12061
86,75,7566
86,76,364824
86,77,11609
86,78,16243
86,79,41020
86,80,37538
86,81,10481
86,82,122441
86,83,27116
86,84,1598939
86,85,14641
86,87,17652
86,88,27188
86,89,7345
86,90,1772345
86,91,18581
86,92,15975
86,93,16531
86,94,17188
86,95,9232
86,96,43390
86,97,14693
86,98,21391
86,99,1097668
86,100,23971
86,101,546080
86,102,10314
86,103,8619
86,104,2514050
86,105,23234
86,106,52386
86,107,11944
86,108,1146643
86,109,9994
86,110,10941
86,111,957176
86,112,200977
86,113,3186574
86,114,45493
86,115,142698
86,116,48216
86,117,93216
86,118,7165
86,119,10309
86,120,9695
86,121,49827
86,122,19169
86,123,236797
86,124,42734
86,125,6914
86,126,84900
86,127,8132
87,0,71188
87,1,18235
87,2,11857
87,3,80827
87,4,140623
87,5,8852
87,6,40358
87,7,30564
87,8,14177
87,9,60479
87,10,43754
87,11,7905
87,12,8815
87,13,10292
87,14,7798
87,15,11417
87,16,59758
87,17,7519200
87,18,6775
87,19,6612
87,20,12102
87,21,41686
87,22,33400
87,23,113073
87,24,21661
87,25,17300
87,26,20124
87,27,42026
87,28,8241
87,29,99029
87,30,26789
87,31,17074
87,32,7406
87,33,10995
87,34,15769
87,35,125430
87,36,2382274
87,37,9888
87,38,9205
87,39,32884
87,40,309998
87,41,59537
87,42,10718
87,43,564270
87,44,24693
87,45,15139
87,46,201163
87,47,8575
87,48,19776
87,49,8279
87,50,9814
87,51,8589
87,52,56830
87,53,32875
87,54,48755
87,55,16845
87,56,48738
87,57,8869
87,58,36562
87,59,10498
87,60,12180
87,61,17451
87,62,6954
87,63,16875
87,64,109872
87,65,20843
87,66,6648
87,67,9618
87,68,63705
87,69,23056
87,70,441384
87,71,7887
87,72,35565
87,73,12363
87,74,62070
87,75,1015071
87,76,22455
87,77,156542
87,78,8353
87,79,6345
87,80,6526
87,81,14919
87,82,10772
87,83,14463
87,84,9088
87,85,6791
87,86,9736
87,88,40205
87,89,10686
87,90,1954558
87,91,19949
87,92,20475
87,93,459205
87,94,17241
87,95,22777
87,96,20691
87,97,367349
87,98,51260
87,99,8388
87,100,21472
87,101,7083
87,102,87298
87,103,11298
87,104,87716
87,105,877891
87,106,57194
87,107,13168
87,108,93839
87,109,9234
87,110,26155
87,111,3301513
87,112,20946
87,113,196598
87,114,7239
87,115,415167768
87,116,39764
87,117,6823
87,118,136036
87,119,138597
87,120,18726
87,121,10313
87,122,348862
87,123,12898
87,124,27955
87,125,40902
87,126,6792
87,127,6997
88,0,6509
88,1,16179
88,2,7068
88,3,42496
88,4,21825
88,5,14210
88,6,9177
88,7,10257
88,8,108794
88,9,9976
88,10,9668
88,11,23439
88,12,13652
88,13,105219
88,14,12209
88,15,14613
88,16,172490
88,17,8284
88,18,9466
88,19,57678
88,20,59881
88,21,52945
88,22,61757
88,23,196777
88,24,698384
88,25,9954
88,26,369390
88,27,268852
88,28,26444
88,29,9598
88,30,7751
88,31,16821
88,32,16416
88,33,102498
88,34,96513
88,35,13158
88,36,10891
88,37,15847
88,38,28291
88,39,14303
88,40,21620
88,41,7402
88,42,8601
88,43,12537
88,44,212464
88,45,9237
88,46,10073
88,47,20557
88,48,7934
88,49,10000
88,50,21062
88,51,101597
88,52,13407
88,53,7467
88,54,22441
88,55,30832
88,56,6455
88,57,6694
88,58,11128
88,59,10633
88,60,913782
88,61,138298
88,62,23249
88,63,860817
88,64,16851
88,65,12679
88,66,12011
88,67,599213
88,68,15560
88,69,93683
88,70,10622
88,71,8834
88,72,61086
88,73,6493
88,74,71386
88,75,9094
88,76,219160
88,77,22837
88,78,131236
88,79,7173
88,80,8355
88,81,9621
88,82,4050955
88,83,10931
88,84,6669
88,85,69540
88,86,9445
88,87,20339
88,89,18160
88,90,13726
88,91,44754
88,92,20335
88,93,17680838
88,94,84329
88,95,18840
88,96,24995
88,97,41284
88,98,188635
88,99,16668
88,100,50619
88,101,68848
88,102,11245
88,103,10953
88,104,20262
88,105,7260
88,106,17425
88,107,8231
88,108,8519
88,109,442767
88,110,6650
88,111,38666
88,112,111593
88,113,99603
88,114,123095
88,115,9667
88,116,58004
88,117,19572
88,118,1691588
88,119,2644747
88,120,27996
88,121,1280297
88,122,12468
88,123,3575676
88,124,57103
88,125,18949
88,126,18862
88,127,37504
89,0,8347
89,1,7947
89,2,11561
89,3,639193
89,4,96568
89,5,34952
89,6,108928
89,7,146894
89,8,9807
89,9,29676
89,10,16647
89,11,12109
89,12,462167
89,13,22416952
89,14,39454
89,15,7609
89,16,132247
89,17,18181
89,18,8773
89,19,217665
89,20,27096
89,21,18801
89,22,239759
89,23,10553
89,24,8775
89,25,193766
89,26,9072
89,27,168534
89,28,893298805
89,29,6898
89,30,12050
89,31,6926
89,32,8324
89,33,492806
89,34,10672
89,35,45824
89,36,10882
89,37,39777
89,38,7329
89,39,11567
89,40,40603
89,41,9410
89,42,25012
89,43,15866
89,44,26945
89,45,15423
89,46,36703
89,47,7035
89,48,10285
89,49,26463
89,50,11441
89,51,8991
89,52,6409
89,53,26654
89,54,16505
89,55,15521
89,56,18658
89,57,1628863
89,58,19150
89,59,12195
89,60,13496
89,61,10608
89,62,1717814
89,63,6461
89,64,6892
89,65,14221
89,66,46496
89,67,1593065
89,68,6704
89,69,6361
89,70,8904
89,71,29433
89,72,48234
89,73,2975742
89,74,27913
89,75,381501
89,76,110899
89,77,7904
89,78,14736
89,79,6602
89,80,7788
89,81,10279
89,82,375101
89,83,366842
89,84,1541770
89,85,1126624
89,86,9943
89,87,36432
89,88,70210
89,90,8073
89,91,17629
89,92,251707
89,93,274067
89,94,35742
89,95,972409
89,96,28376
89,97,16252
89,98,18469
89,99,133178
89,100,33012
89,101,33335
89,102,10928
89,103,54575
89,104,147004
89,105,12556
89,106,7882
89,107,108063
89,108,6741
89,109,9776
89,110,5528326
89,111,10382
89,112,11016
89,113,38417
89,114,12095
89,115,9120
89,116,7277
89,117,1046244
89,118,32038
89,119,7027
89,120,37134
89,121,42692
89,122,25280
89,123,8915
89,124,1206706
89,125,177961
89,126,9444
89,127,61189
90,0,20080
90,1,7498
90,2,59051
90,3,315041
90,4,6772
90,5,99373
90,6,9357
90,7,1437148
90,8,54830
90,9,39516
90,10,20052
90,11,65213
90,12,10411
90,13,8392
90,14,267350
90,15,228268
90,16,36594
90,17,247704
90,18,66722
90,19,12805
90,20,64647
90,21,44152
90,22,7792
90,23,9045
90,24,26932
90,25,6795
90,26,7691
90,27,294241
90,28,292495
90,29,9118
90,30,37369
90,31,6622
90,32,16040
90,33,44693
90,34,26211
90,35,13133
90,36,77904
90,37,327633
90,38,9513
90,39,14774
90,40,46707
90,41,16992
90,42,23859
90,43,31103
90,44,23945
90,45,7810
90,46,8152
90,47,14061
90,48,2817198
90,49,8634
90,50,370933
90,51,181353
90,52,21843
90,53,10346
90,54,28678
90,55,7187
90,56,15636467
90,57,6405
90,58,636644
90,59,9711
90,60,7106
90,61,6929
90,62,6340
90,63,26056
90,64,6599
90,65,12042
90,66,12629
90,67,11056
90,68,47569
90,69,7149
90,70,301765
90,71,19514
90,72,17575
90,73,29470
90,74,28940
90,75,12934259
90,76,23785
90,77,6492
90,78,10599
90,79,8793
90,80,6494
90,81,211045
90,82,24625
90,83,22748
90,84,12589
90,85,13910
90,86,8522
90,87,6667
90,88,194643
90,89,22767
90,91,8744
90,92,161317
90,93,60630
90,94,1616782
90,95,19366
90,96,8805
90,97,449791
90,98,25594
90,99,7713
90,100,7064
90,101,17678
90,102,8310
90,103,8418
90,104,14449
90,105,1103995
90,106,9977
90,107,44301
90,108,12010
90,109,21272
90,110,12064
90,111,199867
90,112,7043
90,113,10487
90,114,25989
90,115,29051
90,116,7480
90,117,13256
90,118,30348
90,119,17645
90,120,8585
90,121,9434
90,122,171772
90,123,37755
90,124,7879
90,125,59906
90,126,654846
90,127,413307
91,0,493636
91,1,28080
91,2,22772
91,3,6883
91,4,21521
91,5,17210
91,6,24795
91,7,12350
91,8,25345
91,9,3531074
91,10,15062
91,11,43622
91,12,40487
91,13,11763
91,14,8384
91,15,9439
91,16,27941
91,17,7290
91,18,10655
91,19,7057
91,20,8082
91,21,10417
91,22,12640
91,23,61138
91,24,7237
91,25,13068
91,26,72663
91,27,12171
91,28,19325
91,29,110281
91,30,101359
91,31,7884
91,32,58051
91,33,7511
91,34,24402
91,35,1184920
91,36,8838
91,37,36956
91,38,8725
91,39,12004
91,40,11053
91,41,12674
91,42,6440
91,43,15724
91,44,15576
91,45,4193754
91,46,56807
91,47,45167
91,48,356453
91,49,25374
91,50,72154
91,51,9096
91,52,255264
91,53,9314
91,54,7167
91,55,33503
91,56,20266
91,57,286687
91,58,17632
91,59,20282
91,60,50303
91,61,192375
91,62,28699
91,63,40104
91,64,25356
91,65,36813
91,66,30556
91,67,7287
91,68,42371
91,69,7843
91,70,9882
91,71,52347
91,72,1452075
91,73,8139
91,74,218945
91,75,96294
91,76,28816
91,77,42440
91,78,14228
91,79,9418
91,80,6521
91,81,8624
91,82,1859739
91,83,33494
91,84,8344
91,85,7171
91,86,43491547
91,87,14459
91,88,8302
91,89,7471
91,90,8165
91,92,140931
91,93,16054
91,94,24413
91,95,250898
91,96,46756
91,97,57608
91,98,383674
91,99,6381
91,100,10833
91,101,18249
91,102,9961
91,103,7756
91,104,10458
91,105,35348
91,106,18733
91,107,16586
91,108,1659732
91,109,57332
91,110,8650
91,111,7441
91,112,13856
91,113,10036
91,114,24835
91,115,15923
91,116,36314
91,117,6519
91,118,11225
91,119,15096
91,120,6406
91,121,14531
91,122,79146
91,123,8467
91,124,14710
91,125,14445
91,126,6650
91,127,8129
92,0,78250
92,1,33550
92,2,192030
92,3,429255
92,4,7892
92,5,27415
92,6,24485
92,7,22369
92,8,10842
92,9,16173
92,10,12239
92,11,23112
92,12,1326393
92,13,7464
92,14,10176
92,15,114006
92,16,17047
92,17,9194
92,18,118328
92,19,183408
92,20,22113
92,21,11961
92,22,7584
92,23,130690
92,24,15681
92,25,1525280
92,26,6354
92,27,8031
92,28,13411
92,29,13320
92,30,79899
92,31,7465
92,32,8487
92,33,6985
92,34,39965
92,35,81442
92,36,14475
92,37,17170
92,38,90890
92,39,8929
92,40,243294
92,41,104465
92,42,18393
92,43,7625
92,44,62758
92,45,4973631
92,46,280097092
92,47,15587
92,48,85344
92,49,7739
92,50,9832
92,51,11379799
92,52,11003
92,53,173795
92,54,1136560
92,55,6617
92,56,12683
92,57,7954
92,58,48633
92,59,40680
92,60,16618
92,61,1040458
92,62,9951
92,63,13973
92,64,1292601
92,65,15315
92,66,18898
92,67,36046937
92,68,57148
92,69,499511
92,70,9097
92,71,14963
92,72,44921
92,73,6764
92,74,7814
92,75,44197
92,76,7183
92,77,12778
92,78,14580
92,79,8050
92,80,44346
92,81,167568
92,82,12944
92,83,10703
92,84,8017
92,85,9940
92,86,9982
92,87,619271
92,88,96677
92,89,44662
92,90,14440
92,91,15074
92,93,9289
92,94,37916
92,95,62946
92,96,99950
92,97,8376
92,98,8721
92,99,11489
92,100,9073
92,101,11161
92,102,7989
92,103,21945
92,104,2686179
92,105,62518
92,106,6677
92,107,6711
92,108,8262
92,109,10252
92,110,8620
92,111,53801
92,112,8218
92,113,14951
92,114,14722
92,115,13438
92,116,21431
92,117,22822
92,118,70860
92,119,9333
92,120,11633
92,121,7141
92,122,11137
92,123,14130
92,124,12581
92,125,9307
92,126,298143
92,127,15750
93,0,20470
93,1,26362
93,2,8398
93,3,11650
93,4,8635
93,5,166069
93,6,10918
93,7,13811
93,8,69762
93,9,23848
93,10,20323
93,11,23382
93,12,14099
93,13,12100
93,14,35648
93,15,13539
93,16,7745
93,17,20721
93,18,22024
93,19,7834
93,20,19176
93,21,20213
93,22,6971
93,23,258340
93,24,87113
93,25,63842
93,26,14257
93,27,64229
93,28,7265
93,29,8424
93,30,17597
93,31,10468
93,32,21049
93,33,18194
93,34,173358
93,35,10946
93,36,7063
93,37,440008
93,38,75117
93,39,11955
93,40,6797
93,41,7245
93,42,11375
93,43,21890
93,44,15871
93,45,10362
93,46,30484
93,47,5217543
93,48,12765
93,49,11875
93,50,14132
93,51,64312
93,52,37403
93,53,7933
93,54,15104
93,55,54469
93,56,37618
93,57,17259
93,58,18606
93,59,10511
93,60,23193
93,61,19450
93,62,8176
93,63,8447
93,64,42232
93,65,9857
93,66,156175
93,67,46046
93,68,13250
93,69,6755
93,70,63787
93,71,8141
93,72,344254
93,73,41862
93,74,16073
93,75,13645
93,76,23711
93,77,8807
93,78,6777
93,79,11613
93,80,10053
93,81,8809
93,82,7072
93,83,9403
93,84,10575
93,85,8891
93,86,8036
93,87,136328
93,88,61394
93,89,237287
93,90,20462
93,91,1412831
93,92,8609
93,94,115466
93,95,23127
93,96,18737
93,97,7007
93,98,18719
93,99,17704
93,100,151881
93,101,11845
93,102,17032
93,103,27796
93,104,48685
93,105,80180
93,106,6367238
93,107,62333
93,108,40028
93,109,6994
93,110,281395
93,111,23305
93,112,23167
93,113,47620
93,114,15052
93,115,12508
93,116,29425
93,117,59512
93,118,11510
93,119,33758
93,120,17594
93,121,55454
93,122,13753
93,123,109398
93,124,7716
93,125,7432
93,126,6581
93,127,19213
94,0,11865
94,1,26847
94,2,18971
94,3,6939
94,4,41903
94,5,11355
94,6,14978
94,7,28017
94,8,6542
94,9,13208
94,10,6975
94,11,12411
94,12,3644365
94,13,28569
94,14,16112
94,15,5012948
94,16,11297
94,17,60604
94,18,44108
94,19,16126
94,20,10321
94,21,18797
94,22,7576
94,23,13624
94,24,12105
94,25,10724
94,26,17920
94,27,215769
94,28,7146390
94,29,15262
94,30,6774
94,31,8972
94,32,316620
94,33,61446
94,34,12756
94,35,11026
94,36,6607
94,37,6420
94,38,8641
94,39,10336
94,40,26712
94,41,12831
94,42,26431
94,43,491154
94,44,8789
94,45,152348
94,46,25469
94,47,404802
94,48,109062
94,49,1296746
94,50,50229
94,51,461424
94,52,11307
94,53,9322
94,54,20633
94,55,10671
94,56,105346
94,57,101478
94,58,54050
94,59,16609
94,60,18455
94,61,11380
94,62,27168
94,63,11183
94,64,7264
94,65,6631
94,66,24161
94,67,7061
94,68,22881
94,69,8882
94,70,46190
94,71,8255
94,72,8079
94,73,176754
94,74,58882
94,75,13578
94,76,153646
94,77,18630
94,78,14233
94,79,6433
94,80,9224
94,81,129341
94,82,13403
94,83,31421
94,84,7733
94,85,104841
94,86,14378
94,87,10193
94,88,25921
94,89,7217
94,90,215978
94,91,14127
94,92,11076348
94,93,17011
94,95,11787
94,96,19431
94,97,26425
94,98,40294
94,99,26520
94,100,15379
94,101,8354
94,102,937474
94,103,46126
94,104,13056
94,105,1604850
94,106,25678
94,107,12814
94,108,8572
94,109,9383
94,110,22431
94,111,9441
94,112,27865
94,113,27816
94,114,7918
94,115,19359
94,116,14296
94,117,21548
94,118,12664
94,119,173503
94,120,9147
94,121,8308
94,122,34572
94,123,10514
94,124,19055
94,125,7908
94,126,8064
94,127,510736
95,0,23061
95,1,9849
95,2,7668
95,3,23627
95,4,30938
95,5,40667
95,6,113645
95,7,9220
95,8,13537
95,9,15985
95,10,17893
95,11,9026
95,12,42413
95,13,17808
95,14,11202
95,15,139908
95,16,11453
95,17,21084
95,18,8154
95,19,13719
95,20,7684
95,21,372487
95,22,16765
95,23,471249
95,24,10128
95,25,11091
95,26,27442
95,27,9930
95,28,11618
95,29,9868
95,30,36132
95,31,67711
95,32,223748
95,33,14143
95,34,354530
95,35,21579
95,36,7591
95,37,8049
95,38,17315
95,39,7423
95,40,11529
95,41,102076
95,42,20666
95,43,79028
95,44,46593
95,45,21820
95,46,87997
95,47,15915
95,48,73908
95,49,15687
95,50,40836
95,51,8529
95,52,14030
95,53,21250
95,54,27241
95,55,42594
95,56,6337
95,57,37414
95,58,27462
95,59,8530
95,60,260330
95,61,37675
95,62,37012
95,63,25927
95,64,9046
95,65,11688
95,66,28045
95,67,19808
95,68,32957
95,69,49037
95,70,541200
95,71,556063
95,72,32966
95,73,19121
95,74,32893
95,75,7846
95,76,10962
95,77,13340
95,78,68076
95,79,22226
95,80,16396
95,81,66193
95,82,2405366
95,83,12234
95,84,23424
95,85,69381
95,86,14192
95,87,24704
95,88,15116
95,89,7853
95,90,28227
95,91,8986
95,92,41364
95,93,8294
95,94,7660
95,96,367858
95,97,10161
95,98,152231
95,99,8322
95,100,61240
95,101,11920
95,102,31328643
95,103,7812
95,104,56268
95,105,9721
95,106,13101
95,107,7915
95,108,7999
95,109,16528
95,110,26255
95,111,19224
95,112,12525
95,113,17105
95,114,15631
95,115,479047
95,116,2714405
95,117,8992
95,118,20708
95,119,810875
95,120,26880
95,121,18740
95,122,21973
95,123,71519
95,124,7516
95,125,175116
95,126,35144
95,127,149807
96,0,24469
96,1,161188
96,2,41484
96,3,534489
96,4,10642
96,5,28904
96,6,13595
96,7,2031091
96,8,12896
96,9,43666
96,10,9111
96,11,15474
96,12,15229
96,13,6684
96,14,9460
96,15,203229
96,16,10542
96,17,85433
96,18,6417
96,19,22567
96,20,9516
96,21,8230
96,22,17312
96,23,11274
96,24,14734
96,25,11072
96,26,10480
96,27,11996
96,28,341537
96,29,61472
96,30,16450
96,31,73178
96,32,8551
96,33,8155
96,34,11792
96,35,6443
96,36,41917
96,37,15605
96,38,7203
96,39,6874
96,40,7556
96,41,34346
96,42,71023
96,43,10198
96,44,14092
96,45,33892
96,46,18083
96,47,6457
96,48,8703
96,49,33437
96,50,106561
96,51,22951
96,52,39814
96,53,13242
96,54,20963
96,55,19683
96,56,10806
96,57,24391
96,58,6806
96,59,37778
96,60,39258
96,61,12879
96,62,6590
96,63,15828
96,64,28598
96,65,41876
96,66,104778
96,67,7104
96,68,24232
96,69,8074
96,70,199316
96,71,33326
96,72,15869
96,73,14294
96,74,22465
96,75,6588
96,76,22926
96,77,8028
96,78,8742
96,79,7154
96,80,8760
96,81,26892804
96,82,7403
96,83,6555
96,84,59684
96,85,13631
96,86,18033
96,87,9989
96,88,10702
96,89,44004
96,90,343799
96,91,6402
96,92,107537
96,93,22240
96,94,8651
96,95,12316
96,97,12361
96,98,18232
96,99,98348
96,100,25946
96,101,6451
96,102,14422
96,103,9218
96,104,6743
96,105,13456
96,106,11383
96,107,34972
96,108,66398
96,109,7307
96,110,11106
96,111,318212
96,112,39087
96,113,146235
96,114,6707
96,115,42122
96,116,18609
96,117,7333
96,118,2757681
96,119,49736
96,120,240259
96,121,8614
96,122,9047
96,123,76471
96,124,7882
96,125,20976
96,126,67771
96,127,22364
97,0,21232
97,1,28845
97,2,6525
97,3,6404
97,4,16653
97,5,7396
97,6,132618
97,7,10845
97,8,76212
97,9,31270
97,10,166476
97,11,14538
97,12,794066
97,13,24248
97,14,79462
97,15,36945
97,16,22293
97,17,18844
97,18,12463
97,19,76434
97,20,10075
97,21,18490
97,22,11090
97,23,74544
97,24,33711
97,25,8227
97,26,19180
97,27,351677
97,28,388084
97,29,10276
97,30,8300
97,31,149014
97,32,13760
97,33,51394
97,34,13603
97,35,10012
97,36,7475
97,37,22331
97,38,17200
97,39,8379
97,40,7997
97,41,57470
97,42,8134
97,43,21312
97,44,26368
97,45,322252
97,46,48045
97,47,41767
97,48,10089
97,49,36649
97,50,6582
97,51,13518
97,52,13568
97,53,23811
97,54,10445
97,55,18362
97,56,309616
97,57,18427
97,58,13618
97,59,33048
97,60,156297
97,61,9476
97,62,58810
97,63,6579
97,64,8970
97,65,20886
97,66,8695
97,67,10033
97,68,14212
97,69,422113
97,70,7303
97,71,6731
97,72,77981
97,73,128366
97,74,16519
97,75,7995
97,76,7946
97,77,10119
97,78,47721
97,79,21422
97,80,9614
97,81,6959
97,82,6818
97,83,11416
97,84,15194
97,85,15361
97,86,7894
97,87,277213
97,88,24052
97,89,10504
97,90,11170
97,91,72323
97,92,13294
97,93,11710
97,94,7134
97,95,11991
97,96,88138
97,98,302866
97,99,11578
97,100,2272165
97,101,20433
97,102,6734
97,103,19695
97,104,18507
97,105,20298
97,106,63541
97,107,93010
97,108,9256
97,109,8049
97,110,580214594
97,111,9927
97,112,12338
97,113,8380
97,114,8498
97,115,9611
97,116,55259
97,117,29387
97,118,14801
97,119,21674
97,120,7895
97,121,29088
97,122,65156
97,123,7451
97,124,10115
97,125,54406
97,126,20108
97,127,14305
98,0,7296
98,1,336649
98,2,629100
98,3,27449
98,4,34336
98,5,68786
98,6,7967
98,7,85657
98,8,9196
98,9,24047
98,10,263509
98,11,412689
98,12,22033
98,13,19835
98,14,17108
98,15,17697
98,16,8190
98,17,49055
98,18,17365
98,19,70664
98,20,16221
98,21,12539
98,22,12107
98,23,9839
98,24,8999
98,25,4748148
98,26,20852
98,27,6374
98,28,38453
98,29,73559
98,30,854557
98,31,783180
98,32,15129
98,33,25018
98,34,30001
98,35,13914
98,36,42706
98,37,70243
98,38,6921
98,39,15348
98,40,18086
98,41,10640
98,42,95321
98,43,19564
98,44,6413
98,45,1793542
98,46,7496
98,47,86883
98,48,1393867
98,49,9535
98,50,14484
98,51,7546
98,52,32161
98,53,25024
98,54,17844
98,55,22996
98,56,33030
98,57,8197
98,58,14796
98,59,20112
98,60,87484
98,61,11039
98,62,8664
98,63,21365
98,64,12637
98,65,480632
98,66,25157
98,67,10246
98,68,20495
98,69,14335
98,70,61601
98,71,11408
98,72,67258
98,73,11589
98,74,12476
98,75,30300
98,76,10584
98,77,19510
98,78,8827
98,79,220454
98,80,16209
98,81,29730
98,82,15456
98,83,13572
98,84,11838
98,85,1037585
98,86,33058
98,87,44891
98,88,6434
98,89,14337
98,90,6792
98,91,31228
98,92,16881
98,93,340192
98,94,23632
98,95,9636
98,96,56091
98,97,8863
98,99,44542
98,100,8360
98,101,28462
98,102,11774
98,103,30079
98,104,7009
98,105,7507
98,106,21683
98,107,64507
98,108,55173
98,109,29044
98,110,27556806
98,111,21593
98,112,14436
98,113,7886
98,114,10419
98,115,15511
98,116,27162
98,117,7686
98,118,38194
98,119,13969
98,120,21011
98,121,9263
98,122,23548
98,123,8060
98,124,15903753
98,125,590145
98,126,18276
98,127,8003
99,0,31245
99,1,127057
99,2,34219
99,3,256097
99,4,26783
99,5,22407
99,6,12265
99,7,22043
99,8,40142
99,9,30269
99,10,16424
99,11,71718
99,12,7529
99,13,60079
99,14,12648
99,15,7082
99,16,23351
99,17,9181
99,18,31062
99,19,7755
99,20,8292
99,21,17726
99,22,60154
99,23,15087
99,24,19124
99,25,12271
99,26,41944
99,27,10131
99,28,14827
99,29,9660
99,30,17571
99,31,12174
99,32,38607
99,33,2440709
99,34,7862
99,35,6584
99,36,54427
99,37,6784
99,38,7204
99,39,227809
99,40,7671
99,41,108995
99,42,12942
99,43,328475
99,44,16682
99,45,88374
99,46,10915
99,47,312697
99,48,148339
99,49,35773
99,50,22274
99,51,13473
99,52,109736
99,53,112223
99,54,25726
99,55,8055
99,56,10143
99,57,8832
99,58,16598
99,59,9613
99,60,76175
99,61,6535
99,62,580215
99,63,8411
99,64,222861
99,65,247441
99,66,440695
99,67,24408
99,68,7545
99,69,10812
99,70,7152
99,71,11728
99,72,44078
99,73,18887
99,74,68321
99,75,428597
99,76,9253
99,77,11629
99,78,8278
99,79,23016
99,80,6344
99,81,153765
99,82,75009
99,83,15804
99,84,7447
99,85,7149
99,86,51184
99,87,33168
99,88,12490
99,89,7826
99,90,6752
99,91,463660
99,92,12696
99,93,2304292
99,94,144502
99,95,9391
99,96,54809
99,97,113861
99,98,28199
99,100,386421
99,101,25433
99,102,23764
99,103,10621
99,104,10237
99,105,72731
99,106,18553
99,107,18410
99,108,161834
99,109,31925
99,110,17870
99,111,8207
99,112,37812
99,113,13196
99,114,13128758
99,115,6396
99,116,12739
99,117,68661
99,118,11905
99,119,181196
99,120,80381
99,121,23460
99,122,130418
99,123,39319
99,124,4135643
99,125,13033
99,126,8786
99,127,14861
100,0,6645
100,1,7520
100,2,15472
100,3,47352
100,4,9044
100,5,6953
100,6,16198
100,7,6485
100,8,32301
100,9,8694
100,10,30963
100,11,17610
100,12,30637
100,13,66930
100,14,8959
100,15,11507
100,16,13704
100,17,166884
100,18,6833
100,19,91738
100,20,11243
100,21,8648
100,22,9109
100,23,8700
100,24,18931
100,25,10248
100,26,7473
100,27,10566
100,28,48598
100,29,62201
100,30,11082
100,31,6623
100,32,16679
100,33,56313
100,34,19491
100,35,7126
100,36,48773
100,37,18407
100,38,41646
100,39,10826
100,40,667010
100,41,11915
100,42,19591
100,43,11028
100,44,6376
100,45,34084
100,46,13454
100,47,50119
100,48,12066
100,49,21246
100,50,35846
100,51,9451
100,52,38882
100,53,6636
100,54,241516
100,55,7169
100,56,22976
100,57,299583
100,58,155688
100,59,9352
100,60,6967
100,61,6691
100,62,33122
100,63,10039
100,64,17238
100,65,254712
100,66,13361
100,67,7982
100,68,8751
100,69,10782
100,70,51586
100,71,14456
100,72,27503
100,73,6688
100,74,403017
100,75,12013
100,76,13929
100,77,64118
100,78,35307
100,79,174821
100,80,49072
100,81,9742802
100,82,9331
100,83,6464
100,84,308854
100,85,10912
100,86,12078
100,87,7767
100,88,89859
100,89,6459
100,90,80908
100,91,7433
100,92,33344
100,93,396584
100,94,6782
100,95,470481
100,96,7048
100,97,738759
100,98,7849
100,99,7414
100,101,7237
100,102,15697
100,103,232231
100,104,133272
100,105,8425
100,106,9436
100,107,7002
100,108,15287
100,109,81031
100,110,16662
100,111,81524
100,112,10240
100,113,8033
100,114,16353
100,115,8644
100,116,8598
100,117,86289
100,118,133647
100,119,16753102
100,120,31702
100,121,16447
100,122,11784
100,123,14438
100,124,1493170
100,125,844290
100,126,259759
100,127,128278
101,0,8008
101,1,20442
101,2,15415
101,3,11617
101,4,8638
101,5,33391
101,6,11057
101,7,7064
101,8,22417
101,9,62598
101,10,24286
101,11,10752
101,12,10515
101,13,15234
101,14,11397
101,15,34025916
101,16,7807
101,17,14748
101,18,243806
101,19,15275
101,20,3131581
101,21,81981
101,22,11036
101,23,24778
101,24,6759
101,25,14822
101,26,13214
101,27,6740
101,28,29125
101,29,17272
101,30,21101
101,31,20364
101,32,856635
101,33,9415
101,34,16641
101,35,652193
101,36,26725
101,37,23950
101,38,26539
101,39,20241
101,40,7901
101,41,8875
101,42,13899
101,43,409625
101,44,502065
101,45,12820
101,46,12567
101,47,261191
101,48,11143
101,49,31684
101,50,10922
101,51,155931
101,52,34801
101,53,6869
101,54,7711
101,55,6522
101,56,7463
101,57,28685
101,58,30758
101,59,9150
101,60,22446
101,61,9564
101,62,10690
101,63,17182
101,64,8835
101,65,45462
101,66,13880
101,67,11312
101,68,8253
101,69,37584
101,70,15436
101,71,103106
101,72,21647
101,73,6877
101,74,15328
101,75,7845
101,76,820471
101,77,21987
101,78,80786
101,79,7588
101,80,6373
101,81,6415
101,82,13485
101,83,49179
101,84,22762
101,85,6399
101,86,61783
101,87,713468
101,88,103844
101,89,8916
101,90,62919
101,91,6583
101,92,14719
101,93,29776
101,94,10097
101,95,24330
101,96,7595
101,97,8067
101,98,132525
101,99,40091
101,100,124671
101,102,7405
101,103,11125
101,104,126798
101,105,8426
101,106,81277
101,107,14081
101,108,98291
101,109,6451
101,110,715006
101,111,6825
101,112,6945
101,113,353574
101,114,55848
101,115,276579
101,116,24812
101,117,7885
101,118,49863
101,119,7308
101,120,16084
101,121,26757
101,122,6923
101,123,19465
101,124,16018
101,125,9098
101,126,6761
101,127,2022343
102,0,42040
102,1,16627
102,2,35379
102,3,33654
102,4,14199
102,5,8140
102,6,254161
102,7,30197
102,8,20716
102,9,146126
102,10,10908
102,11,35205
102,12,15186
102,13,11491
102,14,26558
102,15,119101
102,16,8711
102,17,15729
102,18,282047
102,19,7577
102,20,12488
102,21,20895
102,22,29327
102,23,87159
102,24,13700
102,25,12056
102,26,9763
102,27,42454
102,28,9053
102,29,41073
102,30,12973
102,31,19675
102,32,6366
102,33,15374
102,34,20537
102,35,10965
102,36,7324
102,37,17428
102,38,81607
102,39,9101
102,40,17623
102,41,7380
102,42,30048
102,43,9624229
102,44,127578
102,45,275318
102,46,36303
102,47,36410
102,48,11769
102,49,3739432
102,50,87950
102,51,39727
102,52,7497
102,53,8570
102,54,12574
102,55,6479
102,56,8059
102,57,679555
102,58,23137
102,59,7066
102,60,16115
102,61,6868
102,62,13002
102,63,89714
102,64,185015
102,65,38918
102,66,39063
102,67,45525
102,68,18245
102,69,10300
102,70,97842
102,71,59172
102,72,49591
102,73,15753
102,74,6528
102,75,525139
102,76,6633
102,77,8100
102,78,610878
102,79,6813
102,80,574817
102,81,337970
102,82,15629
102,83,6400
102,84,600362
102,85,16806
102,86,20088
102,87,9366
102,88,8548
102,89,8678
102,90,291456
102,91,12372
102,92,45369
102,93,9727
102,94,30889
102,95,84111
102,96,25811
102,97,137603
102,98,10050
102,99,516059
102,100,8007
102,101,15695
102,103,282703
102,104,22047
102,105,55694
102,106,20372
102,107,11420
102,108,6857
102,109,16803
102,110,88232
102,111,9871
102,112,13713
102,113,10741
102,114,14083
102,115,11554
102,116,23372
102,117,10549
102,118,359860850
102,119,15568
102,120,7230
102,121,10374
102,122,8177
102,123,135264
102,124,10046
102,125,9974
102,126,30824
102,127,172779
103,0,52884
103,1,12528
103,2,58690
103,3,202662
103,4,25848
103,5,23801
103,6,17151
103,7,37550
103,8,68445
103,9,87067
103,10,9376
103,11,17278
103,12,213693
103,13,7376
103,14,19598
103,15,31934
103,16,47806
103,17,9670
103,18,12083
103,19,6896
103,20,34622
103,21,10723
103,22,7530
103,23,7948
103,24,751971
103,25,8707
103,26,6551
103,27,23742
103,28,20466
103,29,10096
103,30,75516
103,31,10998
103,32,16998
103,33,762140
103,34,10426
103,35,13363
103,36,35700
103,37,816610
103,38,19291
103,39,7758738
103,40,16467
103,41,14929
103,42,92702
103,43,20229
103,44,7188
103,45,6361
103,46,20771
103,47,7783
103,48,14015
103,49,6699
103,50,11079
103,51,14054
103,52,62651
103,53,10639
103,54,99488
103,55,58239
103,56,29923
103,57,7235
103,58,8563
103,59,8492
103,60,11835
103,61,395433
103,62,9886
103,63,10317
103,64,48528
103,65,6558
103,66,17746
103,67,6548
103,68,7129
103,69,7343
103,70,128542
103,71,74438
103,72,7746
103,73,11696
103,74,16980
103,75,43827
103,76,13477
103,77,7291738
103,78,11727
103,79,6402
103,80,20405
103,81,61035
103,82,6714
103,83,9471
103,84,90840
103,85,37391
103,86,8333
103,87,10027
103,88,8053
103,89,569503
103,90,114078
103,91,12644
103,92,8471
103,93,7846
103,94,858722
103,95,71320
103,96,160419
103,97,17306
103,98,34415
103,99,20149
103,100,9975
103,101,22090
103,102,8947
103,104,12925
103,105,149693
103,106,22557
103,107,41125
103,108,14665
103,109,103659
103,110,10194
103,111,9602
103,112,6719
103,113,27713
103,114,9620
103,115,34841
103,116,31951
103,117,8890
103,118,84285
103,119,19800
103,120,13683
103,121,178113
103,122,115614
103,123,13089
103,124,53228
103,125,85927
103,126,7315
103,127,9825
104,0,9353
104,1,38906
104,2,7670
104,3,8924
104,4,32939
104,5,41605
104,6,6995
104,7,11977
104,8,15247
104,9,13115
104,10,69603
104,11,36036
104,12,7695
104,13,17438
104,14,52744
104,15,21807
104,16,10911
104,17,13957794
104,18,7703
104,19,12923
104,20,8867
104,21,102862
104,22,14041
104,23,6958
104,24,9706
104,25,52013
104,26,6899
104,27,37629
104,28,29986
104,29,7737
104,30,12799
104,31,6422
104,32,26180
104,33,237778
104,34,32497
104,35,8485
104,36,20005
104,37,7827
104,38,50359
104,39,7181
104,40,20319
104,41,476685
104,42,7685
104,43,45090
104,44,25409
104,45,9457
104,46,1052084
104,47,79740
104,48,31303
104,49,27823
104,50,38500
104,51,33796
104,52,7499
104,53,8102
104,54,6933
104,55,320626
104,56,6696
104,57,70599
104,58,10371
104,59,22591
104,60,19660
104,61,8126
104,62,12523
104,63,9200
104,64,7802
104,65,477470
104,66,6794
104,67,9290
104,68,8101
104,69,7949
104,70,15020
104,71,8001
104,72,368878
104,73,10007
104,74,14998
104,75,39877
104,76,22650
104,77,8330
104,78,30436
104,79,12852
104,80,89280
104,81,8533
104,82,9601
104,83,7377
104,84,11521
104,85,11020
104,86,22340
104,87,18500
104,88,20036
104,89,16145
104,90,551034
104,91,38619
104,92,449081
104,93,305836
104,94,10484
104,95,111384
104,96,79343
104,97,249559
104,98,6631
104,99,156419
104,100,30380
104,101,12592
104,102,7978
104,103,10423
104,105,120911
104,106,14667
104,107,17337
104,108,11583
104,109,8589
104,110,38358
104,111,14500
104,112,8525
104,113,13692
104,114,8023
104,115,7360
104,116,242784
104,117,6610556
104,118,13487
104,119,144824
104,120,2337185
104,121,7601
104,122,7036
104,123,6811
104,124,55607
104,125,21611
104,126,53126
104,127,6745
105,0,7442
105,1,596924
105,2,157651
105,3,150035
105,4,7646
105,5,7735
105,6,30930
105,7,6430
105,8,76769
105,9,23875
105,10,57958
105,11,47335
105,12,11386
105,13,13510
105,14,6739
105,15,14215
105,16,28122
105,17,10590
105,18,2526630572
105,19,98744
105,20,44511
105,21,24755
105,22,7683
105,23,27652
105,24,192721
105,25,11173
105,26,18369
105,27,119569
105,28,127230024
105,29,126453
105,30,431238
105,31,9173141
105,32,8493
105,33,7890
105,34,43304
105,35,117868
105,36,7131
105,37,46773
105,38,12626
105,39,63161
105,40,11494
105,41,43246
105,42,57585
105,43,25350
105,44,45059
105,45,12578
105,46,299222
105,47,6516
105,48,121391
105,49,6737
105,50,223082
105,51,8131
105,52,27604
105,53,73873
105,54,42904
105,55,13779
105,56,169229
105,57,11134
105,58,6871
105,59,4345144
105,60,11461
105,61,73524
105,62,24020
105,63,7991
105,64,19073
105,65,48303
105,66,7015
105,67,6909
105,68,82064
105,69,46920
105,70,7616
105,71,8149
105,72,15420
105,73,838228
105,74,42081080
105,75,10765
105,76,7452
105,77,6497
105,78,8879
105,79,130509
105,80,30677
105,81,17511
105,82,18880
105,83,24004
105,84,6604
105,85,9017
105,86,58169
105,87,8272
105,88,79581
105,89,55303
105,90,22071
105,91,73663
105,92,173068
105,93,42932
105,94,10268
105,95,31237
105,96,25570
105,97,10135
105,98,47085
105,99,9407
105,100,8167
105,101,29562
105,102,23486
105,103,14090
105,104,12391
105,106,25227
105,107,16465
105,108,7301
105,109,42918
105,110,6540
105,111,13787
105,112,14068
105,113,22005
105,114,17775
105,115,61163
105,116,23543
105,117,13796
105,118,1914092
105,119,54238
105,120,18680
105,121,9924
105,122,83333
105,123,1844680
105,124,15259
105,125,59733
105,126,8541
105,127,7350
106,0,7045
106,1,15487
106,2,20695
106,3,16232
106,4,17078
106,5,67620
106,6,13612
106,7,10748
106,8,10165
106,9,12822
106,10,32470
106,11,1514450
106,12,17343
106,13,72053
106,14,10303
106,15,1737931
106,16,32248
106,17,13837
106,18,12881
106,19,6550
106,20,80059
106,21,56604
106,22,7981
106,23,10773
106,24,8199
106,25,38536
106,26,54533
106,27,8369952
106,28,9286
106,29,79383
106,30,9409
106,31,51490
106,32,119412
106,33,6408
106,34,14355
106,35,14032
106,36,7382
106,37,18497
106,38,81939
106,39,12114
106,40,9650
106,41,38476
106,42,6406
106,43,32479
106,44,12348
106,45,13045
106,46,15433
106,47,118405
106,48,12129
106,49,11163
106,50,9473
106,51,8137
106,52,7174
106,53,5436443
106,54,16005
106,55,8285
106,56,14762
106,57,14849
106,58,9056
106,59,9135
106,60,36228
106,61,12272
106,62,9885
106,63,497821
106,64,16462
106,65,9634
106,66,28743
106,67,90250
106,68,28073
106,69,7569
106,70,9648
106,71,273134
106,72,60179
106,73,154962
106,74,8966
106,75,253886
106,76,8606
106,77,10224
106,78,12124
106,79,71618
106,80,452653
106,81,33067
106,82,97674
106,83,8092
106,84,19058
106,85,13276
106,86,10628
106,87,127840
106,88,10235
106,89,16863
106,90,10112
106,91,8886
106,92,8164
106,93,10618
106,94,56335
106,95,6653
106,96,6579
106,97,62175
106,98,40053
106,99,15758
106,100,41099
106,101,8823
106,102,6563
106,103,112788
106,104,12311
106,105,26958
106,107,6778
106,108,11313
106,109,19568
106,110,24215
106,111,54617
106,112,18441
106,113,9300
106,114,24497
106,115,56627
106,116,18300
106,117,7163
106,118,10349
106,119,69067
106,120,47891
106,121,9545
106,122,158523
106,123,43945
106,124,6643
106,125,124003
106,126,8538
106,127,10929643
107,0,9078
107,1,10879
107,2,13916
107,3,29554
107,4,21210
107,5,13111
107,6,10241
107,7,939900
107,8,58571
107,9,10242
107,10,11251
107,11,19469
107,12,58667
107,13,42819
107,14,6681
107,15,10262
107,16,42524
107,17,6754
107,18,7347
107,19,6730
107,20,9526
107,21,1116832
107,22,32425
107,23,230118
107,24,12790
107,25,51857
107,26,100358
107,27,18215
107,28,109804
107,29,7854
107,30,23988
107,31,33113
107,32,11570
107,33,12865
107,34,9997
107,35,6534
107,36,10820
107,37,114440
107,38,9538
107,39,11641
107,40,8897
107,41,484634
107,42,7426
107,43,10643
107,44,6398
107,45,9936
107,46,8121
107,47,49286
107,48,9922
107,49,21945026
107,50,68507
107,51,17219
107,52,23522
107,53,7867
107,54,20980
107,55,90446
107,56,9566
107,57,52664
107,58,9490
107,59,9231
107,60,25720
107,61,10222
107,62,19839
107,63,16367
107,64,11213
107,65,21028
107,66,72697
107,67,10755
107,68,49019
107,69,11041
107,70,159403
107,71,12559
107,72,9477
107,73,10034
107,74,9991
107,75,2230474
107,76,6338
107,77,11431
107,78,7544
107,79,185828
107,80,28398
107,81,6948
107,82,17759
107,83,15012
107,84,25891
107,85,9805
107,86,330593
107,87,7295
107,88,6659
107,89,7029
107,90,14201
107,91,44983
107,92,20310
107,93,15454
107,94,7539
107,95,46528
107,96,15836
107,97,10020
107,98,8403
107,99,11217
107,100,22336
107,101,8274
107,102,14278
107,103,71585
107,104,8475
107,105,177054
107,106,20446
107,108,12057
107,109,234856
107,110,10163
107,111,13377
107,112,41046
107,113,39578
107,114,18187
107,115,1110382
107,116,13997
107,117,12279
107,118,11519
107,119,310765
107,120,265270
107,121,8170
107,122,10043
107,123,75991
107,124,156787
107,125,22606
107,126,8166
107,127,561169
108,0,244063
108,1,6447
108,2,221762
108,3,8313
108,4,8785
108,5,1536240
108,6,563233
108,7,16159
108,8,7454
108,9,9086
108,10,235581
108,11,24210
108,12,40345
108,13,239510
108,14,34533
108,15,18902
108,16,7107
108,17,10295
108,18,44860
108,19,18201
108,20,14897
108,21,121310
108,22,6554
108,23,8851
108,24,42608
108,25,15320
108,26,6773
108,27,8304
108,28,15126
108,29,7729
108,30,26641
108,31,23817
108,32,9713
108,33,7773
108,34,6538
108,35,37641
108,36,31489
108,37,100534
108,38,94681
108,39,7987
108,40,14772
108,41,17479
108,42,9769
108,43,137801
108,44,18532
108,45,26577
108,46,1317808
108,47,80462
108,48,18198
108,49,14326
108,50,17163
108,51,24139
108,52,15647
108,53,102619
108,54,56966
108,55,834227
108,56,17749
108,57,6747
108,58,13698
108,59,7002
108,60,21656
108,61,43289
108,62,13945
108,63,6426
108,64,27700
108,65,50656
108,66,80583
108,67,11971
108,68,10441
108,69,7112
108,70,28433
108,71,25642105
108,72,6760
108,73,8058
108,74,6747
108,75,280745
108,76,30865
108,77,80990
108,78,7779
108,79,23896
108,80,11610
108,81,21503
108,82,216608
108,83,267949
108,84,16493
108,85,9950
108,86,60303
108,87,29738
108,88,34701
108,89,507238
108,90,6811
108,91,31145
108,92,6902
108,93,6758
108,94,11701
108,95,43812
108,96,13210
108,97,8535
108,98,16965
108,99,126711
108,100,15636
108,101,17578
108,102,10849
108,103,29962
108,104,14990
108,105,15164
108,106,6838
108,107,40693
108,109,6360
108,110,7482
108,111,25392
108,112,18073
108,113,72020
108,114,5175523
108,115,7648
108,116,7518
108,117,20679
108,118,9328
108,119,211651
108,120,9986
108,121,9070
108,122,2170284
108,123,12659
108,124,12532
108,125,22906
108,126,24592
108,127,32461
109,0,10537
109,1,10914
109,2,233657
109,3,35113
109,4,6942
109,5,32523
109,6,8219
109,7,8247
109,8,14624
109,9,75443
109,10,542170
109,11,6788
109,12,2926647
109,13,50414
109,14,10369
109,15,18283
109,16,169929
109,17,6765
109,18,31591
109,19,30726
109,20,8528
109,21,12548
109,22,10518
109,23,9654
109,24,16098
109,25,7888
109,26,7537
109,27,2942861
109,28,22259
109,29,121793
109,30,19625
109,31,52804
109,32,13025
109,33,36660
109,34,12199
109,35,296358
109,36,13280
109,37,80705
109,38,140112
109,39,9337
109,40,56380
109,41,1276239
109,42,10519
109,43,425335
109,44,47704
109,45,27591
109,46,31045
109,47,6575
109,48,496979
109,49,7514
109,50,27748
109,51,62360
109,52,21215
109,53,7868
109,54,15666
109,55,6530
109,56,17340
109,57,8326
109,58,15825
109,59,13365
109,60,45276
109,61,35952
109,62,189138
109,63,12864
109,64,29508
109,65,16697
109,66,16410
109,67,14242
109,68,7311
109,69,26032
109,70,327214
109,71,12068
109,72,208846
109,73,6416
109,74,54196
109,75,6377
109,76,29192
109,77,6821
109,78,8784
109,79,33730
109,80,53905
109,81,10218
109,82,40002
109,83,184369
109,84,7039
109,85,36079
109,86,21720
109,87,7791
109,88,17384
109,89,16106
109,90,14907
109,91,16165
109,92,18762
109,93,6916
109,94,10526
109,95,365831
109,96,7031
109,97,6415
109,98,10739
109,99,8843
109,100,11472
109,101,9703
109,102,59782
109,103,173649
109,104,593519
109,105,17798
109,106,1432229
109,107,6397
109,108,44406
109,110,77220
109,111,6346
109,112,7103
109,113,765581
109,114,12357
109,115,14880
109,116,9574
109,117,10064
109,118,10675
109,119,7525
109,120,12143
109,121,27611
109,122,34064
109,123,43117
109,124,130237
109,125,84944
109,126,18514
109,127,103290
110,0,581304
110,1,17213
110,2,9813
110,3,9690
110,4,82148
110,5,9468
110,6,17133
110,7,6446
110,8,7162
110,9,6693
110,10,51413
110,11,7141
110,12,11475
110,13,15114
110,14,17044
110,15,155809
110,16,48720
110,17,8521
110,18,41404
110,19,17203
110,20,14712
110,21,10074
110,22,17090
110,23,13736
110,24,31848
110,25,32975
110,26,21996
110,27,11652
110,28,10523
110,29,336210
110,30,8811
110,31,6976
110,32,7321
110,33,9159
110,34,140520
110,35,445555
110,36,822413
110,37,23913
110,38,17723
110,39,8206
110,40,25333
110,41,7034
110,42,20512
110,43,70372
110,44,9548
110,45,64535
110,46,6812
110,47,12001
110,48,389760
110,49,10265
110,50,8469
110,51,24519
110,52,25933
110,53,159025
110,54,32021
110,55,134025
110,56,34602
110,57,23178
110,58,9733
110,59,10189
110,60,12301
110,61,195173
110,62,9827
110,63,63350
110,64,32186933
110,65,24025
110,66,42246
110,67,6358
110,68,18772
110,69,15799
110,70,384769
110,71,8098508
110,72,1647268
110,73,9596
110,74,8321
110,75,67650
110,76,31548
110,77,17707
110,78,12329
110,79,19329
110,80,31523
110,81,26218
110,82,15035
110,83,14235
110,84,67469
110,85,38630
110,86,324718
110,87,6351
110,88,118868
110,89,6880
110,90,15839
110,91,156664
110,92,27727
110,93,9946
110,94,35637
110,95,6935
110,96,197317
110,97,6592
110,98,36879
110,99,11115
110,100,12454
110,101,7920
110,102,24920
110,103,7337
110,104,182296
110,105,16583
110,106,536392
110,107,6716
110,108,37997
110,109,13903
110,111,16060
110,112,29630
110,113,64452
110,114,9066
110,115,16104
110,116,6394
110,117,15896
110,118,57562
110,119,10529
110,120,10083
110,121,927876
110,122,14447
110,123,13664
110,124,6362
110,125,16786
110,126,13444
110,127,21512
111,0,11800
111,1,3205263
111,2,13927
111,3,15888
111,4,31463
111,5,150493
111,6,20173
111,7,51375
111,8,44451
111,9,23001
111,10,9018
111,11,21788
111,12,392579
111,13,21679
111,14,406599
111,15,30645
111,16,6638
111,17,15626
111,18,6907
111,19,12839
111,20,11599
111,21,19827
111,22,14895
111,23,12389
111,24,22066
111,25,10792
111,26,48148
111,27,13308
111,28,18549
111,29,7732
111,30,22316
111,31,8756220
111,32,7552
111,33,62280
111,34,22971
111,35,51051
111,36,8450
111,37,41754
111,38,25654
111,39,18602
111,40,8702
111,41,7778
111,42,9486
111,43,14660
111,44,16382
111,45,9099
111,46,48913
111,47,29947
111,48,25251
111,49,1139904
111,50,85747
111,51,790409
111,52,21023
111,53,31540
111,54,377214
111,55,279452
111,56,6943
111,57,7168
111,58,13532702
111,59,17591
111,60,18307
111,61,16049
111,62,8731
111,63,16305
111,64,20181
111,65,24749
111,66,418933
111,67,10391
111,68,13593
111,69,9175
111,70,14390
111,71,52307
111,72,8011
111,73,20064
111,74,82822
111,75,28750
111,76,12246
111,77,114223
111,78,8908
111,79,55476
111,80,16809
111,81,29244
111,82,3715281
111,83,19258
111,84,15988
111,85,3262442
111,86,22504
111,87,27720
111,88,180572
111,89,9557
111,90,60504
111,91,121070
111,92,13728
111,93,11741
111,94,9501
111,95,7054
111,96,35617
111,97,13375
111,98,24397
111,99,19583
111,100,1530744
111,101,7355
111,102,46286
111,103,10051
111,104,6489
111,105,20959
111,106,8061
111,107,28248589
111,108,27975
111,109,10632
111,110,7583
111,112,7387
111,113,9697
111,114,12449
111,115,8497
111,116,18616
111,117,55001
111,118,77107
111,119,28823
111,120,8438
111,121,515166
111,122,167431
111,123,16137
111,124,7468
111,125,9822
111,126,9016
111,127,186318
112,0,158398
112,1,127230
112,2,53493
112,3,8070
112,4,33777
112,5,67984
112,6,9279
112,7,28334
112,8,25163
112,9,13533
112,10,52505
112,11,104528
112,12,12202
112,13,182613
112,14,3168065
112,15,13919
112,16,131786
112,17,16798
112,18,78289
112,19,12085
112,20,109129
112,21,36736
112,22,28555
112,23,6934
112,24,969842
112,25,4784533
112,26,26025
112,27,135168
112,28,48931
112,29,7707
112,30,18837
112,31,48441
112,32,7006
112,33,12232
112,34,6382
112,35,78482
112,36,63732
112,37,8637
112,38,6690
112,39,6672
112,40,10681
112,41,12818
112,42,18808
112,43,11924
112,44,268250
112,45,68137
112,46,10909
112,47,7996
112,48,506369
112,49,24491
112,50,31813
112,51,100886
112,52,293890
112,53,10852
112,54,17665
112,55,128454
112,56,32739
112,57,7198
112,58,150608
112,59,12080
112,60,886641
112,61,8689
112,62,65014
112,63,8234
112,64,8346
112,65,10062
112,66,21839
112,67,27632
112,68,7802
112,69,35994
112,70,14789
112,71,9764
112,72,9155
112,73,466671
112,74,11130
112,75,27155
112,76,29312
112,77,8958
112,78,110830
112,79,42385
112,80,12274
112,81,15025
112,82,9522
112,83,21015
112,84,16944
112,85,325546
112,86,17035
112,87,15658
112,88,183567
112,89,7171
112,90,170211
112,91,36497
112,92,6418
112,93,188135
112,94,7434
112,95,36901
112,96,13373
112,97,174527
112,98,334900
112,99,48389
112,100,483027
112,101,13262
112,102,86335
112,103,42315
112,104,13359
112,105,18256
112,106,6400
112,107,479838
112,108,88516
112,109,7669
112,110,8583
112,111,29815
112,113,6620
112,114,31762
112,115,9458
112,116,7180
112,117,20826
112,118,12398
112,119,11066
112,120,31582
112,121,12269
112,122,47519
112,123,7373
112,124,16068
112,125,8186
112,126,7805
112,127,38524
113,0,9754
113,1,70827
113,2,26603
113,3,44048
113,4,16043
113,5,8357
113,6,10113540
113,7,31943
113,8,11723
113,9,22866
113,10,21922
113,11,162353
113,12,77713
113,13,245612
113,14,6454
113,15,39789
113,16,94947
113,17,339746
113,18,209841
113,19,13566
113,20,41565
113,21,111106
113,22,79225
113,23,14980
113,24,104341
113,25,7008
113,26,9393
113,27,91638
113,28,25047
113,29,142593
113,30,85255
113,31,34297
113,32,38798
113,33,9401
113,34,13357
113,35,194467
113,36,100475
113,37,7612
113,38,900041
113,39,14863
113,40,374576
113,41,7307
113,42,27435
113,43,13564
113,44,144181
113,45,26450
113,46,8841
113,47,12711
113,48,36835
113,49,12377
113,50,22264
113,51,52130
113,52,54596
113,53,143436
113,54,34016
113,55,7097
113,56,12979
113,57,6664
113,58,11809
113,59,90054
113,60,22374
113,61,128102
113,62,15136
113,63,15529
113,64,9847
113,65,6371
113,66,32169
113,67,6580
113,68,27775
113,69,11827
113,70,235824
113,71,17489
113,72,7027
113,73,27858
113,74,10086
113,75,4023367
113,76,4712223
113,77,19321
113,78,32275
113,79,21219
113,80,9682
113,81,13723
113,82,19602
113,83,37686
113,84,88091
113,85,48406
113,86,17441
113,87,81773
113,88,8192
113,89,10716
113,90,6634
113,91,10878
113,92,32205
113,93,1422475
113,94,32676
113,95,30596
113,96,16101
113,97,47925
113,98,2526631
113,99,7053
113,100,29007
113,101,7190
113,102,12816
113,103,6551
113,104,114586
113,105,8352
113,106,40810
113,107,6673815
113,108,21584
113,109,84504
113,110,132804
113,111,180884
113,112,14301
113,114,18476
113,115,32266
113,116,7107
113,117,12202243
113,118,44167
113,119,13139
113,120,7931
113,121,11031
113,122,91088
113,123,1082113
113,124,16860
113,125,58643
113,126,13847
113,127,18110
114,0,9931
114,1,10259
114,2,14314
114,3,9773
114,4,29259
114,5,9287
114,6,6905
114,7,19427
114,8,10579
114,9,27516
114,10,79700
114,11,23790
114,12,10363
114,13,18648
114,14,20890
114,15,65700
114,16,14700
114,17,7973
114,18,13730
114,19,16537
114,20,18221
114,21,14575
114,22,12726
114,23,234375
114,24,8691
114,25,17966
114,26,28765
114,27,14765
114,28,148563
114,29,15303
114,30,71852
114,31,27010
114,32,24732
114,33,50322
114,34,7760
114,35,8273
114,36,12409
114,37,219375
114,38,8026
114,39,14888
114,40,8030
114,41,13531
114,42,7055
114,43,11937
114,44,7087
114,45,8019
114,46,8995
114,47,69161
114,48,29653
114,49,30588
114,50,21307
114,51,19310
114,52,21615
114,53,1564223
114,54,15958
114,55,70631
114,56,25427
114,57,28234
114,58,6546
114,59,6632
114,60,22141
114,61,11412
114,62,19847
114,63,125515
114,64,21779
114,65,529780
114,66,12809
114,67,7488
114,68,10986
114,69,8893
114,70,7218455
114,71,8532
114,72,11950
114,73,7970
114,74,11511
114,75,3667751
114,76,25836
114,77,10329
114,78,20429
114,79,6876
114,80,50046
114,81,6462
114,82,47959
114,83,557078
114,84,8536
114,85,39615
114,86,9000
114,87,194820
114,88,33298
114,89,55936
114,90,20396
114,91,15663
114,92,16376
114,93,38571
114,94,24642
114,95,15983
114,96,11754
114,97,8919
114,98,8593
114,99,97730
114,100,16884
114,101,309234
114,102,13039
114,103,7699
114,104,13755
114,105,52111
114,106,185177
114,107,9241
114,108,6529
114,109,7944
114,110,23512
114,111,28094
114,112,6442
114,113,10045
114,115,30500
114,116,6715
114,117,118021
114,118,22470
114,119,66310
114,120,11766
114,121,26456
114,122,332305
114,123,13690
114,124,43901
114,125,11898
114,126,9521
114,127,27672
115,0,288375
115,1,2417052
115,2,58834
115,3,649558
115,4,11834
115,5,18462
115,6,578046
115,7,10330
115,8,78327
115,9,10014
115,10,22436
115,11,32658
115,12,140316
115,13,257495
115,14,9925
115,15,23658
115,16,28948
115,17,17362
115,18,11692
115,19,45322
115,20,107865
115,21,32694
115,22,113933
115,23,56694
115,24,26828
115,25,7285
115,26,6803
115,27,33720
115,28,11712
115,29,17983
115,30,9665
115,31,9255
115,32,25606
115,33,33270
115,34,39652
115,35,40461
115,36,8569
115,37,19749
115,38,8461
115,39,78989
115,40,16522
115,41,41985
115,42,33353
115,43,6591
115,44,6969
115,45,6439
115,46,7841
115,47,9222
115,48,3553258
115,49,17331
115,50,109196
115,51,656179
115,52,8306
115,53,7293
115,54,6411
115,55,6873
115,56,36693
115,57,8549
115,58,8911
115,59,105409
115,60,44769
115,61,12911
115,62,63459
115,63,9217
115,64,11736
115,65,13046
115,66,6418
115,67,15047
115,68,460682
115,69,18355
115,70,583494
115,71,20822
115,72,9459
115,73,9125
115,74,7785
115,75,31693
115,76,30158
115,77,163796
115,78,22052
115,79,7702
115,80,34901
115,81,7795
115,82,88280
115,83,139604
115,84,8508
115,85,18076
115,86,8454
115,87,10597
115,88,6725
115,89,457003
115,90,13991
115,91,7059
115,92,11154
115,93,685258
115,94,6414
115,95,763857
115,96,83850
115,97,59463
115,98,32417
115,99,7242
115,100,6689
115,101,27221
115,102,14341
115,103,12098
115,104,9615
115,105,10650
115,106,285016
115,107,18826
115,108,7945
115,109,644340
115,110,30914
115,111,145364
115,112,6988
115,113,94628
115,114,13770
115,116,40499
115,117,17616
115,118,7831
115,119,8824
115,120,145040
115,121,18345
115,122,37732
115,123,23695
115,124,11481
115,125,2878887
115,126,25624
115,127,622927
116,0,6581
116,1,49881
116,2,54724
116,3,6524
116,4,12603
116,5,6539
116,6,9339
116,7,62307
116,8,17372
116,9,14968
116,10,7339
116,11,17847
116,12,15206
116,13,111662351
116,14,7852
116,15,6807
116,16,11237
116,17,6498
116,18,6546
116,19,8276
116,20,46545
116,21,15621
116,22,6549
116,23,8645
116,24,9860
116,25,17504
116,26,17887
116,27,14246
116,28,67741
116,29,9779
116,30,13312
116,31,7335
116,32,6846
116,33,121551
116,34,18751
116,35,157033
116,36,25286
116,37,135939
116,38,12745
116,39,8130
116,40,6458
116,41,9676
116,42,8705
116,43,15834
116,44,9821
116,45,12128
116,46,7842
116,47,38714
116,48,8876
116,49,9508
116,50,8195
116,51,21908
116,52,16162
116,53,9283
116,54,12443
116,55,17600
116,56,181981
116,57,31170
116,58,17409
116,59,14877909
116,60,25733
116,61,579128
116,62,7011
116,63,8787
116,64,103782
116,65,250629147
116,66,9225
116,67,696905
116,68,11562
116,69,6728
116,70,10954
116,71,97229
116,72,17959
116,73,43535
116,74,2501573
116,75,1100824
116,76,12952
116,77,95375
116,78,7963
116,79,13768
116,80,6502
116,81,10272
116,82,10249
116,83,6971
116,84,307338
116,85,405999
116,86,32152
116,87,22708
116,88,76101
116,89,88044
116,90,8997
116,91,18006
116,92,31779
116,93,12877
116,94,7102
116,95,12927
116,96,10499
116,97,20624
116,98,30372
116,99,9264
116,100,11880
116,101,37607
116,102,772541
116,103,88610785
116,104,14808
116,105,8038
116,106,14059
116,107,31960
116,108,15855
116,109,12583
116,110,11235
116,111,7046
116,112,7911
116,113,12343
116,114,39664
116,115,50563
116,117,5975766
116,118,79660
116,119,6944
116,120,10847
116,121,952186
116,122,66281
116,123,16277
116,124,8901
116,125,32712
116,126,15597
116,127,16756
117,0,25093
117,1,81195
117,2,19128
117,3,8305
117,4,6379
117,5,32640
117,6,8404
117,7,53005
117,8,148451
117,9,86562
117,10,6558
117,11,17801
117,12,17910
117,13,10059
117,14,10872
117,15,26744
117,16,7313
117,17,11572
117,18,15734
117,19,6390
117,20,45650
117,21,183248
117,22,41298
117,23,9505
117,24,28003
117,25,16926
117,26,142908
117,27,6879
117,28,6947
117,29,589028
117,30,36015
117,31,17293
117,32,11263
117,33,9687
117,34,37824
117,35,18063
117,36,7185
117,37,11372
117,38,28519
117,39,92142
117,40,18321
117,41,17514
117,42,20533
117,43,311150
117,44,35627
117,45,218091
117,46,269155
117,47,21834
117,48,19985
117,49,1232979
117,50,8858
117,51,1906166
117,52,14276
117,53,9182
117,54,231288
117,55,16563
117,56,9610
117,57,38276
117,58,10063
117,59,17322
117,60,6658
117,61,757027
117,62,23779
117,63,14956
117,64,49108
117,65,55716
117,66,19753
117,67,8018
117,68,73768
117,69,14757
117,70,83894
117,71,10450
117,72,11414
117,73,8826
117,74,52052
117,75,196240
117,76,8080
117,77,49519
117,78,6946
117,79,967287
117,80,9918
117,81,10162
117,82,78134
117,83,19637
117,84,63595
117,85,98122
117,86,19595
117,87,6354
117,88,137504
117,89,17136
117,90,27550
117,91,8292
117,92,99201
117,93,14856
117,94,47435
117,95,12206
117,96,7652
117,97,68260
117,98,482226
117,99,22484
117,100,7144
117,101,13202
117,102,648247
117,103,27255
117,104,11962
117,105,30572
117,106,24480
117,107,10888
117,108,8988
117,109,30142
117,110,16223
117,111,7088
117,112,17674
117,113,36249
117,114,16283
117,115,20570
117,116,18712
117,118,7590
117,119,13238
117,120,16938
117,121,7705
117,122,10278
117,123,23564
117,124,9207
117,125,9597
117,126,6541
117,127,205136837
118,0,6591
118,1,244577
118,2,10031
118,3,11303
118,4,10819
118,5,28348
118,6,417043
118,7,9272
118,8,6903
118,9,31719
118,10,41311
118,11,14057
118,12,13288
118,13,7067
118,14,64788
118,15,45415
118,16,4821384
118,17,19621
118,18,7796
118,19,26647
118,20,982791
118,21,35012
118,22,7389
118,23,9609
118,24,11064
118,25,25708
118,26,13547
118,27,17020
118,28,15850
118,29,459942
118,30,716550
118,31,103167
118,32,13296
118,33,10174
118,34,20254
118,35,14134
118,36,45903
118,37,9877
118,38,10533
118,39,7943
118,40,15550
118,41,56425
118,42,24586
118,43,31295
118,44,11549
118,45,122931
118,46,6727
118,47,54915
118,48,11330
118,49,82779
118,50,727513
118,51,10901
118,52,41218
118,53,10238
118,54,36335
118,55,12510
118,56,29207
118,57,11705
118,58,21476
118,59,735517
118,60,31839
118,61,18365
118,62,11423
118,63,51222
118,64,8627
118,65,14152
118,66,91788
118,67,32649
118,68,6516
118,69,25398
118,70,10019
118,71,423397
118,72,42191
118,73,50731
118,74,10793
118,75,13658
118,76,7515
118,77,9067
118,78,58500
118,79,126367
118,80,12136
118,81,175412
118,82,19815
118,83,73212
118,84,6798
118,85,60807
118,86,34074
118,87,16226
118,88,16016
118,89,472019
118,90,6538
118,91,7926
118,92,6482
118,93,9299
118,94,23254
118,95,44572
118,96,9515
118,97,25439
118,98,9285
118,99,41700
118,100,54787
118,101,125007
118,102,7292
118,103,95806
118,104,9373
118,105,30166
118,106,57057
118,107,54894
118,108,21894
118,109,8709
118,110,131970
118,111,128015
118,112,6991
118,113,37279
118,114,9204
118,115,16525
118,116,7216
118,117,112082
118,119,9345
118,120,13415
118,121,83034
118,122,9261
118,123,11621
118,124,15295
118,125,12237
118,126,732298
118,127,12807
119,0,10231
119,1,653517
119,2,7606
119,3,46415
119,4,12892
119,5,2959225
119,6,7553
119,7,7032
119,8,11516
119,9,540232
119,10,16833
119,11,6855
119,12,1962823
119,13,11295
119,14,9841
119,15,62678
119,16,37801
119,17,6533
119,18,7800
119,19,7748
119,20,8862
119,21,6488
119,22,10870
119,23,44481
119,24,12677
119,25,27557
119,26,21241
119,27,8759
119,28,13783
119,29,113287
119,30,76583
119,31,6666
119,32,83462
119,33,24265
119,34,187305
119,35,52704
119,36,11189
119,37,20454
119,38,92294
119,39,14658
119,40,14110
119,41,88944
119,42,7318
119,43,27402
119,44,16724
119,45,22782
119,46,212668
119,47,12276
119,48,12519
119,49,8682
119,50,15742
119,51,10233
119,52,65873
119,53,17096
119,54,13871
119,55,53781
119,56,269457
119,57,35328
119,58,6984
119,59,9110
119,60,7677496
119,61,118636
119,62,7742
119,63,11982
119,64,6940
119,65,7721
119,66,49845
119,67,31969
119,68,8093
119,69,422754
119,70,6911
119,71,24508
119,72,25505
119,73,93527
119,74,26815
119,75,8558
119,76,11422
119,77,246393
119,78,400072
119,79,10771
119,80,16729
119,81,13766
119,82,1641094696
119,83,8046
119,84,59856
119,85,909163
119,86,23637
119,87,64090
119,88,8856
119,89,32099
119,90,517854
119,91,10361
119,92,9040
119,93,14993
119,94,36111
119,95,35399
119,96,22991
119,97,81565
119,98,172346
119,99,16065
119,100,15711
119,101,47603
119,102,10562
119,103,50009
119,104,8989
119,105,34942
119,106,110692
119,107,13041
119,108,8962
119,109,68568
119,110,33853
119,111,11634
119,112,10925
119,113,21445
119,114,25745
119,115,10960
119,116,7425
119,117,9528
119,118,55980
119,120,9797
119,121,572682
119,122,22812
119,123,8169
119,124,39889
119,125,287361
119,126,11133
119,127,15996
120,0,8557
120,1,27182
120,2,13591
120,3,7056
120,4,18974
120,5,14779
120,6,25982
120,7,481428
120,8,36529
120,9,9750
120,10,7222
120,11,275948
120,12,158523345
120,13,11377
120,14,9887
120,15,6786
120,16,49126
120,17,7784
120,18,8616
120,19,17084
120,20,11647
120,21,10444
120,22,33150
120,23,15176
120,24,51663
120,25,12496
120,26,247178
120,27,9341
120,28,190490
120,29,615650
120,30,34691
120,31,17476
120,32,48493
120,33,52033
120,34,37156
120,35,267650
120,36,12327
120,37,24237
120,38,55870
120,39,7206
120,40,6494
120,41,16482
120,42,36239
120,43,7824
120,44,9689
120,45,37721
120,46,437958
120,47,357421
120,48,11773
120,49,22610
120,50,8348
120,51,9437
120,52,87810
120,53,9498
120,54,202098
120,55,16595
120,56,9529
120,57,15679
120,58,20343
120,59,6507
120,60,7653
120,61,692499
120,62,7229
120,63,139099
120,64,451935
120,65,8813
120,66,14777
120,67,76545
120,68,10130
120,69,20818
120,70,8718
120,71,7690
120,72,9131
120,73,33949
120,74,537348
120,75,8800
120,76,7241
120,77,10502
120,78,8983
120,79,83721
120,80,16700
120,81,31882
120,82,11505
120,83,11344
120,84,111662
120,85,150150
120,86,6360
120,87,15977
120,88,7464
120,89,11381
120,90,12501
120,91,13268
120,92,53513
120,93,15224
120,94,153054
120,95,151648
120,96,8437
120,97,11504
120,98,41931
120,99,24134
120,100,241012
120,101,9901
120,102,9623
120,103,16827
120,104,17303
120,105,8429
120,106,8063
120,107,262346
120,108,162093
120,109,10493
120,110,58762
120,111,69224
120,112,100945
120,113,20541
120,114,22118
120,115,49143
120,116,462913
120,117,13798
120,118,9168
120,119,12975
120,121,15154
120,122,8261
120,123,28838
120,124,6696
120,125,6365
120,126,1113599
120,127,47418
121,0,14319
121,1,7234
121,2,181509
121,3,40269
121,4,10343
121,5,34190
121,6,39111
121,7,23244
121,8,9833
121,9,36912
121,10,19788
121,11,19135
121,12,54009
121,13,171202
121,14,85122
121,15,31312
121,16,7961
121,17,39839
121,18,61887
121,19,10379
121,20,6723
121,21,9853
121,22,81400
121,23,12998
121,24,601516
121,25,185665
121,26,184209
121,27,77409
121,28,12181
121,29,662914
121,30,6308734
121,31,7370
121,32,57817
121,33,122685
121,34,11794
121,35,154721
121,36,9152
121,37,37045
121,38,26168
121,39,19036
121,40,24603
121,41,7029
121,42,9104
121,43,9876
121,44,19209
121,45,142488
121,46,8547
121,47,11044
121,48,28242
121,49,112012
121,50,14121
121,51,23843
121,52,12702
121,53,10956
121,54,22886
121,55,10088
121,56,2578019
121,57,7974
121,58,13543
121,59,89665
121,60,145799
121,61,7880
121,62,8920
121,63,67139
121,64,169648
121,65,74902
121,66,40577
121,67,12613
121,68,6754
121,69,1641095
121,70,8771
121,71,7547
121,72,9491
121,73,33673
121,74,71919
121,75,8458
121,76,24096
121,77,7675
121,78,63242
121,79,23732
121,80,41578
121,81,11935
121,82,98858
121,83,12867
121,84,11219
121,85,100651
121,86,27584
121,87,10548
121,88,12117
121,89,112505
121,90,57286
121,91,101300
121,92,44678
121,93,55368
121,94,59708
121,95,13529
121,96,14339
121,97,431902
121,98,34026
121,99,13389
121,100,195350
121,101,11148
121,102,25714
121,103,87344
121,104,157280
121,105,1875003
121,106,34662
121,107,7992
121,108,44967
121,109,117336
121,110,301035
121,111,6828
121,112,7738
121,113,9673
121,114,13254
121,115,32559
121,116,141550
121,117,13616
121,118,12760
121,119,14219
121,120,16685
121,122,43175
121,123,32108
121,124,8565
121,125,7478
121,126,8362
121,127,14878
122,0,7872
122,1,22625
122,2,26750
122,3,81483
122,4,9891
122,5,10351
122,6,40154
122,7,18023
122,8,94206
122,9,15459
122,10,13589
122,11,3095791
122,12,8975
122,13,6514
122,14,25872
122,15,12018
122,16,31455
122,17,6809
122,18,10271
122,19,8281
122,20,16548
122,21,44875
122,22,7461
122,23,10704
122,24,14953
122,25,22966
122,26,7193
122,27,6710
122,28,100125
122,29,47402
122,30,18765
122,31,21259
122,32,11327
122,33,17038
122,34,121632
122,35,109264
122,36,45075
122,37,486250
122,38,25775
122,39,7138
122,40,14559
122,41,15764
122,42,8618
122,43,1133232
122,44,7092
122,45,12366
122,46,25769
122,47,56492
122,48,26174
122,49,12541
122,50,20413
122,51,9133
122,52,10665
122,53,211448
122,54,14813
122,55,29753
122,56,18637
122,57,11601
122,58,13854
122,59,12587
122,60,7071
122,61,11513
122,62,13535
122,63,241264
122,64,59002
122,65,25878
122,66,289396
122,67,33882
122,68,8486
122,69,18208
122,70,162223
122,71,30661
122,72,75189
122,73,8029
122,74,13637
122,75,49537
122,76,18314
122,77,242022
122,78,7238
122,79,15909
122,80,14408
122,81,10154
122,82,7424
122,83,6425
122,84,44122
122,85,7367
122,86,7354
122,87,9956
122,88,32363
122,89,9141
122,90,28801
122,91,36573
122,92,58122
122,93,20157
122,94,9778
122,95,7369
122,96,275005
122,97,26293
122,98,27388
122,99,9262
122,100,7271
122,101,385869
122,102,10868
122,103,9820
122,104,7860
122,105,13113
122,106,19066
122,107,11668
122,108,6917
122,109,2039903
122,110,2631173
122,111,142174
122,112,93113
122,113,7909
122,114,114878
122,115,10312
122,116,14726
122,117,42013
122,118,7112
122,119,33003
122,120,46174
122,121,19937
122,123,6440
122,124,74509
122,125,14958
122,126,8298
122,127,37561
123,0,8168
123,1,35236
123,2,1348268
123,3,32030
123,4,6752
123,5,21418
123,6,17584
123,7,28591
123,8,14521
123,9,25842
123,10,7334
123,11,9188
123,12,120672
123,13,16170
123,14,7550
123,15,64035
123,16,359371
123,17,15788
123,18,38032
123,19,51013
123,20,19091
123,21,8755
123,22,6708
123,23,24015
123,24,142383
123,25,6510
123,26,352150
123,27,18228
123,28,9742
123,29,10056
123,30,16665
123,31,11588
123,32,7848
123,33,7799
123,34,341088
123,35,37493
123,36,23046
123,37,47586
123,38,14596
123,39,15022
123,40,155083
123,41,87903
123,42,97898
123,43,9757
123,44,8625
123,45,70991
123,46,30947
123,47,41165
123,48,17492
123,49,12771
123,50,35297
123,51,13479
123,52,23455
123,53,9649
123,54,6769
123,55,142803
123,56,9247
123,57,302131
123,58,8015
123,59,138999
123,60,11088
123,61,6486996
123,62,7762
123,63,11464
123,64,8656
123,65,43189
123,66,21458
123,67,7938
123,68,17860
123,69,170776
123,70,13890
123,71,528846
123,72,15410
123,73,40797
123,74,34356
123,75,13310
123,76,867155
123,77,7698
123,78,18493
123,79,52446
123,80,17050
123,81,7528
123,82,24846
123,83,8109
123,84,1181353
123,85,13367
123,86,88563
123,87,10809
123,88,7958
123,89,20161
123,90,7922
123,91,9400
123,92,7676
123,93,18539
123,94,13687
123,95,17029
123,96,16511
123,97,71685
123,98,60029
123,99,9422
123,100,8415
123,101,9484
123,102,45214
123,103,9184
123,104,29799
123,105,11895
123,106,9059
123,107,526987
123,108,14672
123,109,12858
123,110,129074
123,111,60655
123,112,20001
123,113,145581
123,114,15405
123,115,10737
123,116,20185
123,117,27536
123,118,127491
123,119,9591
123,120,10402
123,121,7253
123,122,74402
123,124,7279
123,125,36068
123,126,12950
123,127,18627
124,0,13580
124,1,6518
124,2,14900
124,3,17328
124,4,6943
124,5,62017
124,6,35461
124,7,104216
124,8,331876
124,9,20937
124,10,14646
124,11,30580
124,12,7730
124,13,22019
124,14,8556
124,15,374052
124,16,23162
124,17,1034726
124,18,11205
124,19,42833
124,20,58310
124,21,6875
124,22,45572
124,23,15214
124,24,8906
124,25,32586
124,26,6674
124,27,81897
124,28,13553
124,29,7283
124,30,16087
124,31,8367
124,32,11349
124,33,210843
124,34,46577
124,35,28270
124,36,15191
124,37,8646
124,38,85882
124,39,7120
124,40,8933
124,41,8378
124,42,10510
124,43,10282
124,44,26731
124,45,13936
124,46,38512
124,47,6550
124,48,15703
124,49,251978
124,50,19303
124,51,9065853
124,52,13489
124,53,19629
124,54,31153
124,55,15318
124,56,79859
124,57,66693
124,58,7994
124,59,67409
124,60,12081
124,61,29274
124,62,9365
124,63,12325
124,64,7769
124,65,15608
124,66,26590
124,67,707370
124,68,116283
124,69,33242
124,70,47908
124,71,18297
124,72,40980
124,73,9223
124,74,6810
124,75,12530
124,76,48511
124,77,63980
124,78,13626
124,79,8271
124,80,7348
124,81,11974
124,82,9239
124,83,54766
124,84,21449
124,85,6939
124,86,2282791
124,87,20504
124,88,17026
124,89,24569
124,90,12969
124,91,6423
124,92,28794
124,93,14385
124,94,60579
124,95,10275
124,96,4572951
124,97,25380
124,98,12731
124,99,30245
124,100,7492
124,101,12919
124,102,35492
124,103,226441
124,104,18066
124,105,8179
124,106,22901
124,107,225088
124,108,30292
124,109,46610
124,110,71089
124,111,22057
124,112,95644
124,113,41418
124,114,23716
124,115,13192
124,116,20100
124,117,83376
124,118,8337
124,119,17762
124,120,11120
124,121,24380
124,122,6796
124,123,37123
124,125,18819
124,126,6468
124,127,7522
125,0,828285
125,1,6667
125,2,111872
125,3,31805
125,4,56717
125,5,122360
125,6,14267
125,7,7474
125,8,6495
125,9,6870
125,10,23295
125,11,30807
125,12,42357
125,13,62731
125,14,6982
125,15,161575
125,16,10788
125,17,15425
125,18,115836
125,19,7786
125,20,13635
125,21,7803
125,22,14410
125,23,16345
125,24,8631
125,25,20221
125,26,14461
125,27,8880
125,28,31796
125,29,9116
125,30,10142
125,31,25487
125,32,17102
125,33,13817
125,34,18708
125,35,10927
125,36,9826
125,37,8444
125,38,97506
125,39,6973
125,40,7486
125,41,45307
125,42,105030061
125,43,7336
125,44,71419
125,45,92498
125,46,17166
125,47,11486
125,48,7175
125,49,26274
125,50,14662
125,51,30213
125,52,8510
125,53,17913
125,54,7305
125,55,7775
125,56,18913
125,57,18080
125,58,17463
125,59,869284
125,60,7020
125,61,10288
125,62,9632
125,63,51954
125,64,11326
125,65,13824
125,66,606167
125,67,7942
125,68,15124
125,69,20315
125,70,8750
125,71,7157
125,72,6445
125,73,25648
125,74,76397
125,75,8687
125,76,48878
125,77,20658
125,78,7025
125,79,297427
125,80,11001
125,81,228959
125,82,20458
125,83,7443
125,84,30388
125,85,8303
125,86,28319
125,87,6371
125,88,243550
125,89,10858
125,90,7477
125,91,8596
125,92,880065
125,93,10578
125,94,11861728
125,95,9652
125,96,224863
125,97,7724
125,98,6835
125,99,8235
125,100,64563
125,101,9782
125,102,39026
125,103,119961
125,104,7048
125,105,7694
125,106,19890
125,107,6369
125,108,11398
125,109,47268
125,110,6881
125,111,19668
125,112,16995
125,113,17309
125,114,8343
125,115,1815165
125,116,29066
125,117,16902
125,118,9236
125,119,40954
125,120,9658
125,121,11675
125,122,120831
125,123,8423
125,124,7533
125,126,18117
125,127,17419
126,0,11444
126,1,48563
126,2,20641
126,3,89811
126,4,108461
126,5,8375
126,6,104967
126,7,35513
126,8,11515
126,9,43361
126,10,230352
126,11,19284
126,12,10651
126,13,7213
126,14,8329
126,15,181666
126,16,8391
126,17,14514
126,18,11310
126,19,9758
126,20,11527
126,21,56046
126,22,9372
126,23,7073
126,24,50156
126,25,7949
126,26,54029
126,27,40078
126,28,92907
126,29,7893
126,30,65128
126,31,6771
126,32,110213
126,33,893299
126,34,14269
126,35,14023
126,36,53843
126,37,10255
126,38,33186
126,39,26406
126,40,17700
126,41,125345
126,42,25799
126,43,8510
126,44,17626
126,45,8965
126,46,67832
126,47,15377
126,48,10069
126,49,48268
126,50,10710
126,51,16249
126,52,10545
126,53,19645
126,54,12611
126,55,6497
126,56,15618
126,57,20145
126,58,333166
126,59,15852
126,60,148901
126,61,24670
126,62,7232
126,63,36978
126,64,14399
126,65,16762
126,66,16240
126,67,50266
126,68,6931
126,69,16032
126,70,10924
126,71,43871
126,72,208648
126,73,16422
126,74,35002
126,75,11842
126,76,12405
126,77,363823
126,78,11636
126,79,7551
126,80,9641
126,81,150723
126,82,14037
126,83,17053153
126,84,6670
126,85,14540
126,86,95698
126,87,13715
126,88,7156
126,89,17979
126,90,12413
126,91,29792
126,92,7710
126,93,24597
126,94,56785
126,95,8953
126,96,28613
126,97,17607
126,98,8727
126,99,107602
126,100,13732
126,101,10593
126,102,22851
126,103,9268
126,104,10559
126,105,6578
126,106,47152
126,107,73385
126,108,74119
126,109,28663
126,110,14839
126,111,278809
126,112,42636
126,113,143648
126,114,14489
126,115,7679
126,116,27598
126,117,21880
126,118,36714
126,119,41033
126,120,8117
126,121,7649
126,122,94470
126,123,8070
126,124,148115
126,125,20524
126,127,7457
127,0,10970
127,1,167294
127,2,97284
127,3,13091
127,4,680974
127,5,9296
127,6,8212
127,7,9702
127,8,9772
127,9,7618
127,10,27175
127,11,229190
127,12,12221
127,13,15333
127,14,45839
127,15,1322089
127,16,10862
127,17,8399
127,18,6640
127,19,16093
127,20,270064
127,21,234616
127,22,17347
127,23,594650
127,24,225989
127,25,7875
127,26,11689
127,27,6469
127,28,980178
127,29,53636
127,30,21463
127,31,7561
127,32,142070
127,33,9024
127,34,10367
127,35,19025
127,36,14714
127,37,28031
127,38,23705
127,39,10254
127,40,12380
127,41,23700
127,42,8361
127,43,491979
127,44,73628
127,45,35012137
127,46,54154
127,47,10551
127,48,22916
127,49,27248
127,50,9939
127,51,13999
127,52,6606
127,53,13504
127,54,9295
127,55,8686
127,56,10438
127,57,767311
127,58,50433
127,59,8481
127,60,18338
127,61,24204
127,62,35369
127,63,1177803
127,64,7226
127,65,26038
127,66,7195
127,67,13442
127,68,23595
127,69,26552
127,70,45400
127,71,93475
127,72,14936
127,73,75807
127,74,21071
127,75,34851
127,76,10070
127,77,16246
127,78,20599
127,79,8432
127,80,88658
127,81,11796
127,82,8265
127,83,13422
127,84,22094
127,85,14691
127,86,14606
127,87,35836
127,88,17191
127,89,7983
127,90,14703
127,91,28526
127,92,90299
127,93,7557
127,94,7229
127,95,87577
127,96,15441
127,97,6761
127,98,106949
127,99,14573
127,100,57701
127,101,120276
127,102,17854
127,103,7194
127,104,24972
127,105,12499
127,106,12600
127,107,18327
127,108,42177
127,109,280097
127,110,7541
127,111,10843
127,112,10975
127,113,1552929
127,114,7328
127,115,14983
127,116,11615
127,117,21940
127,118,28490
127,119,10017
127,120,23527
127,121,8758
127,122,131419
127,123,44242
127,124,126025
127,125,17949
127,126,129163
