Layer, Type, start time, end time, duration, Bytes to be transferred, Collective type, Parallelism, Locality, Degree, SRC, DEST
'FWD_MHA', 'Compute', 0, 25.87674803121012, 25.87674803121012, 'NONE', 'NONE', 'NONE', 0
'FWD_TP_COMM_INTRA_0', 'Comm', 25.87674803121012, 25.883906315036786, 0.007158283826666666, 51539607552.0, 'P2P', 'TP', 'INTRA', 2, 3, 2
'FWD_TP_COMM_INTRA_1', 'Comm', 25.87674803121012, 25.883906315036786, 0.007158283826666666, 51539607552.0, 'P2P', 'TP', 'INTRA', 2, 3, 2
'FWD_FFN', 'Compute', 25.891064598863455, 40.78944685344776, 14.898382254584305, 'NONE', 'NONE', 'NONE', 0
'FWD_TP_COMM_INTRA_0', 'Comm', 40.78944685344776, 40.796605137274426, 0.007158283826666666, 51539607552.0, 'P2P', 'TP', 'INTRA', 2, 3, 2
'FWD_TP_COMM_INTRA_1', 'Comm', 40.78944685344776, 40.796605137274426, 0.007158283826666666, 51539607552.0, 'P2P', 'TP', 'INTRA', 2, 3, 2
'FWD_MHA', 'Compute', 40.80376342110109, 66.68051145231121, 25.87674803121012, 'NONE', 'NONE', 'NONE', 0
'FWD_TP_COMM_INTRA_0', 'Comm', 66.68051145231121, 66.68766973613788, 0.007158283826666666, 51539607552.0, 'P2P', 'TP', 'INTRA', 2, 3, 2
'FWD_TP_COMM_INTRA_1', 'Comm', 66.68051145231121, 66.68766973613788, 0.007158283826666666, 51539607552.0, 'P2P', 'TP', 'INTRA', 2, 3, 2
'FWD_FFN', 'Compute', 66.69482801996455, 81.59321027454885, 14.898382254584305, 'NONE', 'NONE', 'NONE', 0
'FWD_TP_COMM_INTRA_0', 'Comm', 81.59321027454885, 81.60036855837552, 0.007158283826666666, 51539607552.0, 'P2P', 'TP', 'INTRA', 2, 3, 2
'FWD_TP_COMM_INTRA_1', 'Comm', 81.59321027454885, 81.60036855837552, 0.007158283826666666, 51539607552.0, 'P2P', 'TP', 'INTRA', 2, 3, 2
'FWD_MHA', 'Compute', 81.60752684220219, 107.48427487341232, 25.87674803121012, 'NONE', 'NONE', 'NONE', 0
'FWD_TP_COMM_INTRA_0', 'Comm', 107.48427487341232, 107.49143315723899, 0.007158283826666666, 51539607552.0, 'P2P', 'TP', 'INTRA', 2, 3, 2
'FWD_TP_COMM_INTRA_1', 'Comm', 107.48427487341232, 107.49143315723899, 0.007158283826666666, 51539607552.0, 'P2P', 'TP', 'INTRA', 2, 3, 2
'FWD_FFN', 'Compute', 107.49859144106566, 122.39697369564996, 14.898382254584305, 'NONE', 'NONE', 'NONE', 0
'FWD_TP_COMM_INTRA_0', 'Comm', 122.39697369564996, 122.40413197947663, 0.007158283826666666, 51539607552.0, 'P2P', 'TP', 'INTRA', 2, 3, 2
'FWD_TP_COMM_INTRA_1', 'Comm', 122.39697369564996, 122.40413197947663, 0.007158283826666666, 51539607552.0, 'P2P', 'TP', 'INTRA', 2, 3, 2
'FWD_MHA', 'Compute', 122.4112902633033, 148.28803829451343, 25.87674803121012, 'NONE', 'NONE', 'NONE', 0
'FWD_TP_COMM_INTRA_0', 'Comm', 148.28803829451343, 148.2951965783401, 0.007158283826666666, 51539607552.0, 'P2P', 'TP', 'INTRA', 2, 3, 2
'FWD_TP_COMM_INTRA_1', 'Comm', 148.28803829451343, 148.2951965783401, 0.007158283826666666, 51539607552.0, 'P2P', 'TP', 'INTRA', 2, 3, 2
'FWD_FFN', 'Compute', 148.30235486216677, 163.20073711675107, 14.898382254584305, 'NONE', 'NONE', 'NONE', 0
'FWD_TP_COMM_INTRA_0', 'Comm', 163.20073711675107, 163.20789540057774, 0.007158283826666666, 51539607552.0, 'P2P', 'TP', 'INTRA', 2, 3, 2
'FWD_TP_COMM_INTRA_1', 'Comm', 163.20073711675107, 163.20789540057774, 0.007158283826666666, 51539607552.0, 'P2P', 'TP', 'INTRA', 2, 3, 2
'FWD_MHA', 'Compute', 163.2150536844044, 189.09180171561454, 25.87674803121012, 'NONE', 'NONE', 'NONE', 0
'FWD_TP_COMM_INTRA_0', 'Comm', 189.09180171561454, 189.0989599994412, 0.007158283826666666, 51539607552.0, 'P2P', 'TP', 'INTRA', 2, 3, 2
'FWD_TP_COMM_INTRA_1', 'Comm', 189.09180171561454, 189.0989599994412, 0.007158283826666666, 51539607552.0, 'P2P', 'TP', 'INTRA', 2, 3, 2
'FWD_FFN', 'Compute', 189.10611828326788, 204.00450053785218, 14.898382254584305, 'NONE', 'NONE', 'NONE', 0
'FWD_TP_COMM_INTRA_0', 'Comm', 204.00450053785218, 204.01165882167885, 0.007158283826666666, 51539607552.0, 'P2P', 'TP', 'INTRA', 2, 3, 2
'FWD_TP_COMM_INTRA_1', 'Comm', 204.00450053785218, 204.01165882167885, 0.007158283826666666, 51539607552.0, 'P2P', 'TP', 'INTRA', 2, 3, 2
'FWD_MHA', 'Compute', 204.01881710550552, 229.89556513671565, 25.87674803121012, 'NONE', 'NONE', 'NONE', 0
'FWD_TP_COMM_INTRA_0', 'Comm', 229.89556513671565, 229.90272342054232, 0.007158283826666666, 51539607552.0, 'P2P', 'TP', 'INTRA', 2, 3, 2
'FWD_TP_COMM_INTRA_1', 'Comm', 229.89556513671565, 229.90272342054232, 0.007158283826666666, 51539607552.0, 'P2P', 'TP', 'INTRA', 2, 3, 2
'FWD_FFN', 'Compute', 229.90988170436898, 244.8082639589533, 14.898382254584305, 'NONE', 'NONE', 'NONE', 0
'FWD_TP_COMM_INTRA_0', 'Comm', 244.8082639589533, 244.81542224277996, 0.007158283826666666, 51539607552.0, 'P2P', 'TP', 'INTRA', 2, 3, 2
'FWD_TP_COMM_INTRA_1', 'Comm', 244.8082639589533, 244.81542224277996, 0.007158283826666666, 51539607552.0, 'P2P', 'TP', 'INTRA', 2, 3, 2
'FWD_MHA', 'Compute', 244.82258052660663, 270.6993285578167, 25.87674803121012, 'NONE', 'NONE', 'NONE', 0
'FWD_TP_COMM_INTRA_0', 'Comm', 270.6993285578167, 270.70648684164337, 0.007158283826666666, 51539607552.0, 'P2P', 'TP', 'INTRA', 2, 3, 2
'FWD_TP_COMM_INTRA_1', 'Comm', 270.6993285578167, 270.70648684164337, 0.007158283826666666, 51539607552.0, 'P2P', 'TP', 'INTRA', 2, 3, 2
'FWD_FFN', 'Compute', 270.71364512547007, 285.61202738005437, 14.898382254584305, 'NONE', 'NONE', 'NONE', 0
'FWD_TP_COMM_INTRA_0', 'Comm', 285.61202738005437, 285.619185663881, 0.007158283826666666, 51539607552.0, 'P2P', 'TP', 'INTRA', 2, 3, 2
'FWD_TP_COMM_INTRA_1', 'Comm', 285.61202738005437, 285.619185663881, 0.007158283826666666, 51539607552.0, 'P2P', 'TP', 'INTRA', 2, 3, 2
'FWD_MHA', 'Compute', 285.6263439477077, 311.50309197891784, 25.87674803121012, 'NONE', 'NONE', 'NONE', 0
'FWD_TP_COMM_INTRA_0', 'Comm', 311.50309197891784, 311.5102502627445, 0.007158283826666666, 51539607552.0, 'P2P', 'TP', 'INTRA', 2, 3, 2
'FWD_TP_COMM_INTRA_1', 'Comm', 311.50309197891784, 311.5102502627445, 0.007158283826666666, 51539607552.0, 'P2P', 'TP', 'INTRA', 2, 3, 2
'FWD_FFN', 'Compute', 311.5174085465712, 326.4157908011555, 14.898382254584305, 'NONE', 'NONE', 'NONE', 0
'FWD_TP_COMM_INTRA_0', 'Comm', 326.4157908011555, 326.4229490849821, 0.007158283826666666, 51539607552.0, 'P2P', 'TP', 'INTRA', 2, 3, 2
'FWD_TP_COMM_INTRA_1', 'Comm', 326.4157908011555, 326.4229490849821, 0.007158283826666666, 51539607552.0, 'P2P', 'TP', 'INTRA', 2, 3, 2
'FWD_MHA', 'Compute', 326.4301073688088, 352.30685540001895, 25.87674803121012, 'NONE', 'NONE', 'NONE', 0
'FWD_TP_COMM_INTRA_0', 'Comm', 352.30685540001895, 352.3140136838456, 0.007158283826666666, 51539607552.0, 'P2P', 'TP', 'INTRA', 2, 3, 2
'FWD_TP_COMM_INTRA_1', 'Comm', 352.30685540001895, 352.3140136838456, 0.007158283826666666, 51539607552.0, 'P2P', 'TP', 'INTRA', 2, 3, 2
'FWD_FFN', 'Compute', 352.3211719676723, 367.2195542222566, 14.898382254584305, 'NONE', 'NONE', 'NONE', 0
'FWD_TP_COMM_INTRA_0', 'Comm', 367.2195542222566, 367.22671250608323, 0.007158283826666666, 51539607552.0, 'P2P', 'TP', 'INTRA', 2, 3, 2
'FWD_TP_COMM_INTRA_1', 'Comm', 367.2195542222566, 367.22671250608323, 0.007158283826666666, 51539607552.0, 'P2P', 'TP', 'INTRA', 2, 3, 2
'FWD_MHA', 'Compute', 367.23387078990993, 393.11061882112006, 25.87674803121012, 'NONE', 'NONE', 'NONE', 0
'FWD_TP_COMM_INTRA_0', 'Comm', 393.11061882112006, 393.1177771049467, 0.007158283826666666, 51539607552.0, 'P2P', 'TP', 'INTRA', 2, 3, 2
'FWD_TP_COMM_INTRA_1', 'Comm', 393.11061882112006, 393.1177771049467, 0.007158283826666666, 51539607552.0, 'P2P', 'TP', 'INTRA', 2, 3, 2
'FWD_FFN', 'Compute', 393.1249353887734, 408.0233176433577, 14.898382254584305, 'NONE', 'NONE', 'NONE', 0
'FWD_TP_COMM_INTRA_0', 'Comm', 408.0233176433577, 408.03047592718434, 0.007158283826666666, 51539607552.0, 'P2P', 'TP', 'INTRA', 2, 3, 2
'FWD_TP_COMM_INTRA_1', 'Comm', 408.0233176433577, 408.03047592718434, 0.007158283826666666, 51539607552.0, 'P2P', 'TP', 'INTRA', 2, 3, 2
'FWD_MHA', 'Compute', 408.03763421101104, 433.91438224222117, 25.87674803121012, 'NONE', 'NONE', 'NONE', 0
'FWD_TP_COMM_INTRA_0', 'Comm', 433.91438224222117, 433.9215405260478, 0.007158283826666666, 51539607552.0, 'P2P', 'TP', 'INTRA', 2, 3, 2
'FWD_TP_COMM_INTRA_1', 'Comm', 433.91438224222117, 433.9215405260478, 0.007158283826666666, 51539607552.0, 'P2P', 'TP', 'INTRA', 2, 3, 2
'FWD_FFN', 'Compute', 433.9286988098745, 448.8270810644588, 14.898382254584305, 'NONE', 'NONE', 'NONE', 0
'FWD_TP_COMM_INTRA_0', 'Comm', 448.8270810644588, 448.83423934828545, 0.007158283826666666, 51539607552.0, 'P2P', 'TP', 'INTRA', 2, 3, 2
'FWD_TP_COMM_INTRA_1', 'Comm', 448.8270810644588, 448.83423934828545, 0.007158283826666666, 51539607552.0, 'P2P', 'TP', 'INTRA', 2, 3, 2
'FWD_MHA', 'Compute', 448.84139763211215, 474.7181456633223, 25.87674803121012, 'NONE', 'NONE', 'NONE', 0
'FWD_TP_COMM_INTRA_0', 'Comm', 474.7181456633223, 474.7253039471489, 0.007158283826666666, 51539607552.0, 'P2P', 'TP', 'INTRA', 2, 3, 2
'FWD_TP_COMM_INTRA_1', 'Comm', 474.7181456633223, 474.7253039471489, 0.007158283826666666, 51539607552.0, 'P2P', 'TP', 'INTRA', 2, 3, 2
'FWD_FFN', 'Compute', 474.7324622309756, 489.6308444855599, 14.898382254584305, 'NONE', 'NONE', 'NONE', 0
'FWD_TP_COMM_INTRA_0', 'Comm', 489.6308444855599, 489.63800276938656, 0.007158283826666666, 51539607552.0, 'P2P', 'TP', 'INTRA', 2, 3, 2
'FWD_TP_COMM_INTRA_1', 'Comm', 489.6308444855599, 489.63800276938656, 0.007158283826666666, 51539607552.0, 'P2P', 'TP', 'INTRA', 2, 3, 2
'FWD_MHA', 'Compute', 489.64516105321326, 515.5219090844233, 25.87674803121012, 'NONE', 'NONE', 'NONE', 0
'FWD_TP_COMM_INTRA_0', 'Comm', 515.5219090844233, 515.52906736825, 0.007158283826666666, 51539607552.0, 'P2P', 'TP', 'INTRA', 2, 3, 2
'FWD_TP_COMM_INTRA_1', 'Comm', 515.5219090844233, 515.52906736825, 0.007158283826666666, 51539607552.0, 'P2P', 'TP', 'INTRA', 2, 3, 2
'FWD_FFN', 'Compute', 515.5362256520766, 530.4346079066609, 14.898382254584305, 'NONE', 'NONE', 'NONE', 0
'FWD_TP_COMM_INTRA_0', 'Comm', 530.4346079066609, 530.4417661904876, 0.007158283826666666, 51539607552.0, 'P2P', 'TP', 'INTRA', 2, 3, 2
'FWD_TP_COMM_INTRA_1', 'Comm', 530.4346079066609, 530.4417661904876, 0.007158283826666666, 51539607552.0, 'P2P', 'TP', 'INTRA', 2, 3, 2
'FWD_MHA', 'Compute', 530.4489244743141, 556.3256725055243, 25.87674803121012, 'NONE', 'NONE', 'NONE', 0
'FWD_TP_COMM_INTRA_0', 'Comm', 556.3256725055243, 556.332830789351, 0.007158283826666666, 51539607552.0, 'P2P', 'TP', 'INTRA', 2, 3, 2
'FWD_TP_COMM_INTRA_1', 'Comm', 556.3256725055243, 556.332830789351, 0.007158283826666666, 51539607552.0, 'P2P', 'TP', 'INTRA', 2, 3, 2
'FWD_FFN', 'Compute', 556.3399890731775, 571.2383713277618, 14.898382254584305, 'NONE', 'NONE', 'NONE', 0
'FWD_TP_COMM_INTRA_0', 'Comm', 571.2383713277618, 571.2455296115885, 0.007158283826666666, 51539607552.0, 'P2P', 'TP', 'INTRA', 2, 3, 2
'FWD_TP_COMM_INTRA_1', 'Comm', 571.2383713277618, 571.2455296115885, 0.007158283826666666, 51539607552.0, 'P2P', 'TP', 'INTRA', 2, 3, 2
'FWD_MHA', 'Compute', 571.2526878954151, 597.1294359266252, 25.87674803121012, 'NONE', 'NONE', 'NONE', 0
'FWD_TP_COMM_INTRA_0', 'Comm', 597.1294359266252, 597.1365942104519, 0.007158283826666666, 51539607552.0, 'P2P', 'TP', 'INTRA', 2, 3, 2
'FWD_TP_COMM_INTRA_1', 'Comm', 597.1294359266252, 597.1365942104519, 0.007158283826666666, 51539607552.0, 'P2P', 'TP', 'INTRA', 2, 3, 2
'FWD_FFN', 'Compute', 597.1437524942785, 612.0421347488627, 14.898382254584305, 'NONE', 'NONE', 'NONE', 0
'FWD_TP_COMM_INTRA_0', 'Comm', 612.0421347488627, 612.0492930326894, 0.007158283826666666, 51539607552.0, 'P2P', 'TP', 'INTRA', 2, 3, 2
'FWD_TP_COMM_INTRA_1', 'Comm', 612.0421347488627, 612.0492930326894, 0.007158283826666666, 51539607552.0, 'P2P', 'TP', 'INTRA', 2, 3, 2
'FWD_MHA', 'Compute', 612.056451316516, 637.9331993477261, 25.87674803121012, 'NONE', 'NONE', 'NONE', 0
'FWD_TP_COMM_INTRA_0', 'Comm', 637.9331993477261, 637.9403576315528, 0.007158283826666666, 51539607552.0, 'P2P', 'TP', 'INTRA', 2, 3, 2
'FWD_TP_COMM_INTRA_1', 'Comm', 637.9331993477261, 637.9403576315528, 0.007158283826666666, 51539607552.0, 'P2P', 'TP', 'INTRA', 2, 3, 2
'FWD_FFN', 'Compute', 637.9475159153794, 652.8458981699637, 14.898382254584305, 'NONE', 'NONE', 'NONE', 0
'FWD_TP_COMM_INTRA_0', 'Comm', 652.8458981699637, 652.8530564537904, 0.007158283826666666, 51539607552.0, 'P2P', 'TP', 'INTRA', 2, 3, 2
'FWD_TP_COMM_INTRA_1', 'Comm', 652.8458981699637, 652.8530564537904, 0.007158283826666666, 51539607552.0, 'P2P', 'TP', 'INTRA', 2, 3, 2
'FWD_MHA', 'Compute', 652.860214737617, 678.7369627688271, 25.87674803121012, 'NONE', 'NONE', 'NONE', 0
'FWD_TP_COMM_INTRA_0', 'Comm', 678.7369627688271, 678.7441210526538, 0.007158283826666666, 51539607552.0, 'P2P', 'TP', 'INTRA', 2, 3, 2
'FWD_TP_COMM_INTRA_1', 'Comm', 678.7369627688271, 678.7441210526538, 0.007158283826666666, 51539607552.0, 'P2P', 'TP', 'INTRA', 2, 3, 2
'FWD_FFN', 'Compute', 678.7512793364804, 693.6496615910646, 14.898382254584305, 'NONE', 'NONE', 'NONE', 0
'FWD_TP_COMM_INTRA_0', 'Comm', 693.6496615910646, 693.6568198748913, 0.007158283826666666, 51539607552.0, 'P2P', 'TP', 'INTRA', 2, 3, 2
'FWD_TP_COMM_INTRA_1', 'Comm', 693.6496615910646, 693.6568198748913, 0.007158283826666666, 51539607552.0, 'P2P', 'TP', 'INTRA', 2, 3, 2
'FWD_MHA', 'Compute', 693.6639781587179, 719.540726189928, 25.87674803121012, 'NONE', 'NONE', 'NONE', 0
'FWD_TP_COMM_INTRA_0', 'Comm', 719.540726189928, 719.5478844737547, 0.007158283826666666, 51539607552.0, 'P2P', 'TP', 'INTRA', 2, 3, 2
'FWD_TP_COMM_INTRA_1', 'Comm', 719.540726189928, 719.5478844737547, 0.007158283826666666, 51539607552.0, 'P2P', 'TP', 'INTRA', 2, 3, 2
'FWD_FFN', 'Compute', 719.5550427575813, 734.4534250121656, 14.898382254584305, 'NONE', 'NONE', 'NONE', 0
'FWD_TP_COMM_INTRA_0', 'Comm', 734.4534250121656, 734.4605832959923, 0.007158283826666666, 51539607552.0, 'P2P', 'TP', 'INTRA', 2, 3, 2
'FWD_TP_COMM_INTRA_1', 'Comm', 734.4534250121656, 734.4605832959923, 0.007158283826666666, 51539607552.0, 'P2P', 'TP', 'INTRA', 2, 3, 2
'FWD_MHA', 'Compute', 734.4677415798188, 760.344489611029, 25.87674803121012, 'NONE', 'NONE', 'NONE', 0
'FWD_TP_COMM_INTRA_0', 'Comm', 760.344489611029, 760.3516478948557, 0.007158283826666666, 51539607552.0, 'P2P', 'TP', 'INTRA', 2, 3, 2
'FWD_TP_COMM_INTRA_1', 'Comm', 760.344489611029, 760.3516478948557, 0.007158283826666666, 51539607552.0, 'P2P', 'TP', 'INTRA', 2, 3, 2
'FWD_FFN', 'Compute', 760.3588061786822, 775.2571884332665, 14.898382254584305, 'NONE', 'NONE', 'NONE', 0
'FWD_TP_COMM_INTRA_0', 'Comm', 775.2571884332665, 775.2643467170932, 0.007158283826666666, 51539607552.0, 'P2P', 'TP', 'INTRA', 2, 3, 2
'FWD_TP_COMM_INTRA_1', 'Comm', 775.2571884332665, 775.2643467170932, 0.007158283826666666, 51539607552.0, 'P2P', 'TP', 'INTRA', 2, 3, 2
'FWD_MHA', 'Compute', 775.2715050009198, 801.1482530321299, 25.87674803121012, 'NONE', 'NONE', 'NONE', 0
'FWD_TP_COMM_INTRA_0', 'Comm', 801.1482530321299, 801.1554113159566, 0.007158283826666666, 51539607552.0, 'P2P', 'TP', 'INTRA', 2, 3, 2
'FWD_TP_COMM_INTRA_1', 'Comm', 801.1482530321299, 801.1554113159566, 0.007158283826666666, 51539607552.0, 'P2P', 'TP', 'INTRA', 2, 3, 2
'FWD_FFN', 'Compute', 801.1625695997832, 816.0609518543674, 14.898382254584305, 'NONE', 'NONE', 'NONE', 0
'FWD_TP_COMM_INTRA_0', 'Comm', 816.0609518543674, 816.0681101381941, 0.007158283826666666, 51539607552.0, 'P2P', 'TP', 'INTRA', 2, 3, 2
'FWD_TP_COMM_INTRA_1', 'Comm', 816.0609518543674, 816.0681101381941, 0.007158283826666666, 51539607552.0, 'P2P', 'TP', 'INTRA', 2, 3, 2
'FWD_MHA', 'Compute', 816.0752684220207, 841.9520164532308, 25.87674803121012, 'NONE', 'NONE', 'NONE', 0
'FWD_TP_COMM_INTRA_0', 'Comm', 841.9520164532308, 841.9591747370575, 0.007158283826666666, 51539607552.0, 'P2P', 'TP', 'INTRA', 2, 3, 2
'FWD_TP_COMM_INTRA_1', 'Comm', 841.9520164532308, 841.9591747370575, 0.007158283826666666, 51539607552.0, 'P2P', 'TP', 'INTRA', 2, 3, 2
'FWD_FFN', 'Compute', 841.9663330208841, 856.8647152754684, 14.898382254584305, 'NONE', 'NONE', 'NONE', 0
'FWD_TP_COMM_INTRA_0', 'Comm', 856.8647152754684, 856.8718735592951, 0.007158283826666666, 51539607552.0, 'P2P', 'TP', 'INTRA', 2, 3, 2
'FWD_TP_COMM_INTRA_1', 'Comm', 856.8647152754684, 856.8718735592951, 0.007158283826666666, 51539607552.0, 'P2P', 'TP', 'INTRA', 2, 3, 2
'FWD_MHA', 'Compute', 856.8790318431217, 882.7557798743318, 25.87674803121012, 'NONE', 'NONE', 'NONE', 0
'FWD_TP_COMM_INTRA_0', 'Comm', 882.7557798743318, 882.7629381581585, 0.007158283826666666, 51539607552.0, 'P2P', 'TP', 'INTRA', 2, 3, 2
'FWD_TP_COMM_INTRA_1', 'Comm', 882.7557798743318, 882.7629381581585, 0.007158283826666666, 51539607552.0, 'P2P', 'TP', 'INTRA', 2, 3, 2
'FWD_FFN', 'Compute', 882.7700964419851, 897.6684786965693, 14.898382254584305, 'NONE', 'NONE', 'NONE', 0
'FWD_TP_COMM_INTRA_0', 'Comm', 897.6684786965693, 897.675636980396, 0.007158283826666666, 51539607552.0, 'P2P', 'TP', 'INTRA', 2, 3, 2
'FWD_TP_COMM_INTRA_1', 'Comm', 897.6684786965693, 897.675636980396, 0.007158283826666666, 51539607552.0, 'P2P', 'TP', 'INTRA', 2, 3, 2
'FWD_MHA', 'Compute', 897.6827952642226, 923.5595432954327, 25.87674803121012, 'NONE', 'NONE', 'NONE', 0
'FWD_TP_COMM_INTRA_0', 'Comm', 923.5595432954327, 923.5667015792594, 0.007158283826666666, 51539607552.0, 'P2P', 'TP', 'INTRA', 2, 3, 2
'FWD_TP_COMM_INTRA_1', 'Comm', 923.5595432954327, 923.5667015792594, 0.007158283826666666, 51539607552.0, 'P2P', 'TP', 'INTRA', 2, 3, 2
'FWD_FFN', 'Compute', 923.573859863086, 938.4722421176702, 14.898382254584305, 'NONE', 'NONE', 'NONE', 0
'FWD_TP_COMM_INTRA_0', 'Comm', 938.4722421176702, 938.479400401497, 0.007158283826666666, 51539607552.0, 'P2P', 'TP', 'INTRA', 2, 3, 2
'FWD_TP_COMM_INTRA_1', 'Comm', 938.4722421176702, 938.479400401497, 0.007158283826666666, 51539607552.0, 'P2P', 'TP', 'INTRA', 2, 3, 2
'FWD_MHA', 'Compute', 938.4865586853235, 964.3633067165337, 25.87674803121012, 'NONE', 'NONE', 'NONE', 0
'FWD_TP_COMM_INTRA_0', 'Comm', 964.3633067165337, 964.3704650003604, 0.007158283826666666, 51539607552.0, 'P2P', 'TP', 'INTRA', 2, 3, 2
'FWD_TP_COMM_INTRA_1', 'Comm', 964.3633067165337, 964.3704650003604, 0.007158283826666666, 51539607552.0, 'P2P', 'TP', 'INTRA', 2, 3, 2
'FWD_FFN', 'Compute', 964.3776232841869, 979.2760055387712, 14.898382254584305, 'NONE', 'NONE', 'NONE', 0
'FWD_TP_COMM_INTRA_0', 'Comm', 979.2760055387712, 979.2831638225979, 0.007158283826666666, 51539607552.0, 'P2P', 'TP', 'INTRA', 2, 3, 2
'FWD_TP_COMM_INTRA_1', 'Comm', 979.2760055387712, 979.2831638225979, 0.007158283826666666, 51539607552.0, 'P2P', 'TP', 'INTRA', 2, 3, 2
'FWD_MHA', 'Compute', 979.2903221064245, 1005.1670701376346, 25.87674803121012, 'NONE', 'NONE', 'NONE', 0
'FWD_TP_COMM_INTRA_0', 'Comm', 1005.1670701376346, 1005.1742284214613, 0.007158283826666666, 51539607552.0, 'P2P', 'TP', 'INTRA', 2, 3, 2
'FWD_TP_COMM_INTRA_1', 'Comm', 1005.1670701376346, 1005.1742284214613, 0.007158283826666666, 51539607552.0, 'P2P', 'TP', 'INTRA', 2, 3, 2
'FWD_FFN', 'Compute', 1005.1813867052879, 1020.0797689598721, 14.898382254584305, 'NONE', 'NONE', 'NONE', 0
'FWD_TP_COMM_INTRA_0', 'Comm', 1020.0797689598721, 1020.0869272436988, 0.007158283826666666, 51539607552.0, 'P2P', 'TP', 'INTRA', 2, 3, 2
'FWD_TP_COMM_INTRA_1', 'Comm', 1020.0797689598721, 1020.0869272436988, 0.007158283826666666, 51539607552.0, 'P2P', 'TP', 'INTRA', 2, 3, 2
'FWD_MHA', 'Compute', 1020.0940855275254, 1045.9708335587354, 25.87674803121012, 'NONE', 'NONE', 'NONE', 0
'FWD_TP_COMM_INTRA_0', 'Comm', 1045.9708335587354, 1045.977991842562, 0.007158283826666666, 51539607552.0, 'P2P', 'TP', 'INTRA', 2, 3, 2
'FWD_TP_COMM_INTRA_1', 'Comm', 1045.9708335587354, 1045.977991842562, 0.007158283826666666, 51539607552.0, 'P2P', 'TP', 'INTRA', 2, 3, 2
'FWD_FFN', 'Compute', 1045.9851501263888, 1060.883532380973, 14.898382254584305, 'NONE', 'NONE', 'NONE', 0
'FWD_TP_COMM_INTRA_0', 'Comm', 1060.883532380973, 1060.8906906647996, 0.007158283826666666, 51539607552.0, 'P2P', 'TP', 'INTRA', 2, 3, 2
'FWD_TP_COMM_INTRA_1', 'Comm', 1060.883532380973, 1060.8906906647996, 0.007158283826666666, 51539607552.0, 'P2P', 'TP', 'INTRA', 2, 3, 2
'FWD_MHA', 'Compute', 1060.8978489486265, 1086.7745969798366, 25.87674803121012, 'NONE', 'NONE', 'NONE', 0
'FWD_TP_COMM_INTRA_0', 'Comm', 1086.7745969798366, 1086.7817552636632, 0.007158283826666666, 51539607552.0, 'P2P', 'TP', 'INTRA', 2, 3, 2
'FWD_TP_COMM_INTRA_1', 'Comm', 1086.7745969798366, 1086.7817552636632, 0.007158283826666666, 51539607552.0, 'P2P', 'TP', 'INTRA', 2, 3, 2
'FWD_FFN', 'Compute', 1086.78891354749, 1101.6872958020742, 14.898382254584305, 'NONE', 'NONE', 'NONE', 0
'FWD_TP_COMM_INTRA_0', 'Comm', 1101.6872958020742, 1101.6944540859008, 0.007158283826666666, 51539607552.0, 'P2P', 'TP', 'INTRA', 2, 3, 2
'FWD_TP_COMM_INTRA_1', 'Comm', 1101.6872958020742, 1101.6944540859008, 0.007158283826666666, 51539607552.0, 'P2P', 'TP', 'INTRA', 2, 3, 2
'FWD_MHA', 'Compute', 1101.7016123697276, 1127.5783604009378, 25.87674803121012, 'NONE', 'NONE', 'NONE', 0
'FWD_TP_COMM_INTRA_0', 'Comm', 1127.5783604009378, 1127.5855186847643, 0.007158283826666666, 51539607552.0, 'P2P', 'TP', 'INTRA', 2, 3, 2
'FWD_TP_COMM_INTRA_1', 'Comm', 1127.5783604009378, 1127.5855186847643, 0.007158283826666666, 51539607552.0, 'P2P', 'TP', 'INTRA', 2, 3, 2
'FWD_FFN', 'Compute', 1127.5926769685911, 1142.4910592231754, 14.898382254584305, 'NONE', 'NONE', 'NONE', 0
'FWD_TP_COMM_INTRA_0', 'Comm', 1142.4910592231754, 1142.498217507002, 0.007158283826666666, 51539607552.0, 'P2P', 'TP', 'INTRA', 2, 3, 2
'FWD_TP_COMM_INTRA_1', 'Comm', 1142.4910592231754, 1142.498217507002, 0.007158283826666666, 51539607552.0, 'P2P', 'TP', 'INTRA', 2, 3, 2
'FWD_MHA', 'Compute', 1142.5053757908288, 1168.382123822039, 25.87674803121012, 'NONE', 'NONE', 'NONE', 0
'FWD_TP_COMM_INTRA_0', 'Comm', 1168.382123822039, 1168.3892821058655, 0.007158283826666666, 51539607552.0, 'P2P', 'TP', 'INTRA', 2, 3, 2
'FWD_TP_COMM_INTRA_1', 'Comm', 1168.382123822039, 1168.3892821058655, 0.007158283826666666, 51539607552.0, 'P2P', 'TP', 'INTRA', 2, 3, 2
'FWD_FFN', 'Compute', 1168.3964403896923, 1183.2948226442766, 14.898382254584305, 'NONE', 'NONE', 'NONE', 0
'FWD_TP_COMM_INTRA_0', 'Comm', 1183.2948226442766, 1183.3019809281031, 0.007158283826666666, 51539607552.0, 'P2P', 'TP', 'INTRA', 2, 3, 2
'FWD_TP_COMM_INTRA_1', 'Comm', 1183.2948226442766, 1183.3019809281031, 0.007158283826666666, 51539607552.0, 'P2P', 'TP', 'INTRA', 2, 3, 2
'FWD_MHA', 'Compute', 1183.30913921193, 1209.18588724314, 25.87674803121012, 'NONE', 'NONE', 'NONE', 0
'FWD_TP_COMM_INTRA_0', 'Comm', 1209.18588724314, 1209.1930455269667, 0.007158283826666666, 51539607552.0, 'P2P', 'TP', 'INTRA', 2, 3, 2
'FWD_TP_COMM_INTRA_1', 'Comm', 1209.18588724314, 1209.1930455269667, 0.007158283826666666, 51539607552.0, 'P2P', 'TP', 'INTRA', 2, 3, 2
'FWD_FFN', 'Compute', 1209.2002038107935, 1224.0985860653777, 14.898382254584305, 'NONE', 'NONE', 'NONE', 0
'FWD_TP_COMM_INTRA_0', 'Comm', 1224.0985860653777, 1224.1057443492043, 0.007158283826666666, 51539607552.0, 'P2P', 'TP', 'INTRA', 2, 3, 2
'FWD_TP_COMM_INTRA_1', 'Comm', 1224.0985860653777, 1224.1057443492043, 0.007158283826666666, 51539607552.0, 'P2P', 'TP', 'INTRA', 2, 3, 2
'FWD_MHA', 'Compute', 1224.1129026330311, 1249.9896506642413, 25.87674803121012, 'NONE', 'NONE', 'NONE', 0
'FWD_TP_COMM_INTRA_0', 'Comm', 1249.9896506642413, 1249.9968089480678, 0.007158283826666666, 51539607552.0, 'P2P', 'TP', 'INTRA', 2, 3, 2
'FWD_TP_COMM_INTRA_1', 'Comm', 1249.9896506642413, 1249.9968089480678, 0.007158283826666666, 51539607552.0, 'P2P', 'TP', 'INTRA', 2, 3, 2
'FWD_FFN', 'Compute', 1250.0039672318946, 1264.902349486479, 14.898382254584305, 'NONE', 'NONE', 'NONE', 0
'FWD_TP_COMM_INTRA_0', 'Comm', 1264.902349486479, 1264.9095077703055, 0.007158283826666666, 51539607552.0, 'P2P', 'TP', 'INTRA', 2, 3, 2
'FWD_TP_COMM_INTRA_1', 'Comm', 1264.902349486479, 1264.9095077703055, 0.007158283826666666, 51539607552.0, 'P2P', 'TP', 'INTRA', 2, 3, 2
'FWD_MHA', 'Compute', 1264.9166660541323, 1290.7934140853424, 25.87674803121012, 'NONE', 'NONE', 'NONE', 0
'FWD_TP_COMM_INTRA_0', 'Comm', 1290.7934140853424, 1290.800572369169, 0.007158283826666666, 51539607552.0, 'P2P', 'TP', 'INTRA', 2, 3, 2
'FWD_TP_COMM_INTRA_1', 'Comm', 1290.7934140853424, 1290.800572369169, 0.007158283826666666, 51539607552.0, 'P2P', 'TP', 'INTRA', 2, 3, 2
'FWD_FFN', 'Compute', 1290.8077306529958, 1305.70611290758, 14.898382254584305, 'NONE', 'NONE', 'NONE', 0
'FWD_TP_COMM_INTRA_0', 'Comm', 1305.70611290758, 1305.7132711914066, 0.007158283826666666, 51539607552.0, 'P2P', 'TP', 'INTRA', 2, 3, 2
'FWD_TP_COMM_INTRA_1', 'Comm', 1305.70611290758, 1305.7132711914066, 0.007158283826666666, 51539607552.0, 'P2P', 'TP', 'INTRA', 2, 3, 2
'FWD_MHA', 'Compute', 1305.7204294752335, 1331.5971775064436, 25.87674803121012, 'NONE', 'NONE', 'NONE', 0
'FWD_TP_COMM_INTRA_0', 'Comm', 1331.5971775064436, 1331.6043357902702, 0.007158283826666666, 51539607552.0, 'P2P', 'TP', 'INTRA', 2, 3, 2
'FWD_TP_COMM_INTRA_1', 'Comm', 1331.5971775064436, 1331.6043357902702, 0.007158283826666666, 51539607552.0, 'P2P', 'TP', 'INTRA', 2, 3, 2
'FWD_FFN', 'Compute', 1331.611494074097, 1346.5098763286812, 14.898382254584305, 'NONE', 'NONE', 'NONE', 0
'FWD_TP_COMM_INTRA_0', 'Comm', 1346.5098763286812, 1346.5170346125078, 0.007158283826666666, 51539607552.0, 'P2P', 'TP', 'INTRA', 2, 3, 2
'FWD_TP_COMM_INTRA_1', 'Comm', 1346.5098763286812, 1346.5170346125078, 0.007158283826666666, 51539607552.0, 'P2P', 'TP', 'INTRA', 2, 3, 2
'FWD_MHA', 'Compute', 1346.5241928963346, 1372.4009409275448, 25.87674803121012, 'NONE', 'NONE', 'NONE', 0
'FWD_TP_COMM_INTRA_0', 'Comm', 1372.4009409275448, 1372.4080992113713, 0.007158283826666666, 51539607552.0, 'P2P', 'TP', 'INTRA', 2, 3, 2
'FWD_TP_COMM_INTRA_1', 'Comm', 1372.4009409275448, 1372.4080992113713, 0.007158283826666666, 51539607552.0, 'P2P', 'TP', 'INTRA', 2, 3, 2
'FWD_FFN', 'Compute', 1372.4152574951981, 1387.3136397497824, 14.898382254584305, 'NONE', 'NONE', 'NONE', 0
'FWD_TP_COMM_INTRA_0', 'Comm', 1387.3136397497824, 1387.320798033609, 0.007158283826666666, 51539607552.0, 'P2P', 'TP', 'INTRA', 2, 3, 2
'FWD_TP_COMM_INTRA_1', 'Comm', 1387.3136397497824, 1387.320798033609, 0.007158283826666666, 51539607552.0, 'P2P', 'TP', 'INTRA', 2, 3, 2
'FWD_MHA', 'Compute', 1387.3279563174358, 1413.204704348646, 25.87674803121012, 'NONE', 'NONE', 'NONE', 0
'FWD_TP_COMM_INTRA_0', 'Comm', 1413.204704348646, 1413.2118626324725, 0.007158283826666666, 51539607552.0, 'P2P', 'TP', 'INTRA', 2, 3, 2
'FWD_TP_COMM_INTRA_1', 'Comm', 1413.204704348646, 1413.2118626324725, 0.007158283826666666, 51539607552.0, 'P2P', 'TP', 'INTRA', 2, 3, 2
'FWD_FFN', 'Compute', 1413.2190209162993, 1428.1174031708836, 14.898382254584305, 'NONE', 'NONE', 'NONE', 0
'FWD_TP_COMM_INTRA_0', 'Comm', 1428.1174031708836, 1428.1245614547101, 0.007158283826666666, 51539607552.0, 'P2P', 'TP', 'INTRA', 2, 3, 2
'FWD_TP_COMM_INTRA_1', 'Comm', 1428.1174031708836, 1428.1245614547101, 0.007158283826666666, 51539607552.0, 'P2P', 'TP', 'INTRA', 2, 3, 2
'FWD_MHA', 'Compute', 1428.131719738537, 1454.008467769747, 25.87674803121012, 'NONE', 'NONE', 'NONE', 0
'FWD_TP_COMM_INTRA_0', 'Comm', 1454.008467769747, 1454.0156260535737, 0.007158283826666666, 51539607552.0, 'P2P', 'TP', 'INTRA', 2, 3, 2
'FWD_TP_COMM_INTRA_1', 'Comm', 1454.008467769747, 1454.0156260535737, 0.007158283826666666, 51539607552.0, 'P2P', 'TP', 'INTRA', 2, 3, 2
'FWD_FFN', 'Compute', 1454.0227843374005, 1468.9211665919847, 14.898382254584305, 'NONE', 'NONE', 'NONE', 0
'FWD_TP_COMM_INTRA_0', 'Comm', 1468.9211665919847, 1468.9283248758113, 0.007158283826666666, 51539607552.0, 'P2P', 'TP', 'INTRA', 2, 3, 2
'FWD_TP_COMM_INTRA_1', 'Comm', 1468.9211665919847, 1468.9283248758113, 0.007158283826666666, 51539607552.0, 'P2P', 'TP', 'INTRA', 2, 3, 2
'FWD_MHA', 'Compute', 1468.9354831596381, 1494.8122311908483, 25.87674803121012, 'NONE', 'NONE', 'NONE', 0
'FWD_TP_COMM_INTRA_0', 'Comm', 1494.8122311908483, 1494.8193894746748, 0.007158283826666666, 51539607552.0, 'P2P', 'TP', 'INTRA', 2, 3, 2
'FWD_TP_COMM_INTRA_1', 'Comm', 1494.8122311908483, 1494.8193894746748, 0.007158283826666666, 51539607552.0, 'P2P', 'TP', 'INTRA', 2, 3, 2
'FWD_FFN', 'Compute', 1494.8265477585016, 1509.724930013086, 14.898382254584305, 'NONE', 'NONE', 'NONE', 0
'FWD_TP_COMM_INTRA_0', 'Comm', 1509.724930013086, 1509.7320882969125, 0.007158283826666666, 51539607552.0, 'P2P', 'TP', 'INTRA', 2, 3, 2
'FWD_TP_COMM_INTRA_1', 'Comm', 1509.724930013086, 1509.7320882969125, 0.007158283826666666, 51539607552.0, 'P2P', 'TP', 'INTRA', 2, 3, 2
'FWD_MHA', 'Compute', 1509.7392465807393, 1535.6159946119494, 25.87674803121012, 'NONE', 'NONE', 'NONE', 0
'FWD_TP_COMM_INTRA_0', 'Comm', 1535.6159946119494, 1535.623152895776, 0.007158283826666666, 51539607552.0, 'P2P', 'TP', 'INTRA', 2, 3, 2
'FWD_TP_COMM_INTRA_1', 'Comm', 1535.6159946119494, 1535.623152895776, 0.007158283826666666, 51539607552.0, 'P2P', 'TP', 'INTRA', 2, 3, 2
'FWD_FFN', 'Compute', 1535.6303111796028, 1550.528693434187, 14.898382254584305, 'NONE', 'NONE', 'NONE', 0
'FWD_TP_COMM_INTRA_0', 'Comm', 1550.528693434187, 1550.5358517180136, 0.007158283826666666, 51539607552.0, 'P2P', 'TP', 'INTRA', 2, 3, 2
'FWD_TP_COMM_INTRA_1', 'Comm', 1550.528693434187, 1550.5358517180136, 0.007158283826666666, 51539607552.0, 'P2P', 'TP', 'INTRA', 2, 3, 2
'FWD_MHA', 'Compute', 1550.5430100018405, 1576.4197580330506, 25.87674803121012, 'NONE', 'NONE', 'NONE', 0
'FWD_TP_COMM_INTRA_0', 'Comm', 1576.4197580330506, 1576.4269163168772, 0.007158283826666666, 51539607552.0, 'P2P', 'TP', 'INTRA', 2, 3, 2
'FWD_TP_COMM_INTRA_1', 'Comm', 1576.4197580330506, 1576.4269163168772, 0.007158283826666666, 51539607552.0, 'P2P', 'TP', 'INTRA', 2, 3, 2
'FWD_FFN', 'Compute', 1576.434074600704, 1591.3324568552882, 14.898382254584305, 'NONE', 'NONE', 'NONE', 0
'FWD_TP_COMM_INTRA_0', 'Comm', 1591.3324568552882, 1591.3396151391148, 0.007158283826666666, 51539607552.0, 'P2P', 'TP', 'INTRA', 2, 3, 2
'FWD_TP_COMM_INTRA_1', 'Comm', 1591.3324568552882, 1591.3396151391148, 0.007158283826666666, 51539607552.0, 'P2P', 'TP', 'INTRA', 2, 3, 2
'FWD_MHA', 'Compute', 1591.3467734229416, 1617.2235214541518, 25.87674803121012, 'NONE', 'NONE', 'NONE', 0
'FWD_TP_COMM_INTRA_0', 'Comm', 1617.2235214541518, 1617.2306797379783, 0.007158283826666666, 51539607552.0, 'P2P', 'TP', 'INTRA', 2, 3, 2
'FWD_TP_COMM_INTRA_1', 'Comm', 1617.2235214541518, 1617.2306797379783, 0.007158283826666666, 51539607552.0, 'P2P', 'TP', 'INTRA', 2, 3, 2
'FWD_FFN', 'Compute', 1617.2378380218051, 1632.1362202763894, 14.898382254584305, 'NONE', 'NONE', 'NONE', 0
'FWD_TP_COMM_INTRA_0', 'Comm', 1632.1362202763894, 1632.143378560216, 0.007158283826666666, 51539607552.0, 'P2P', 'TP', 'INTRA', 2, 3, 2
'FWD_TP_COMM_INTRA_1', 'Comm', 1632.1362202763894, 1632.143378560216, 0.007158283826666666, 51539607552.0, 'P2P', 'TP', 'INTRA', 2, 3, 2
'FWD_MHA', 'Compute', 1632.1505368440428, 1658.027284875253, 25.87674803121012, 'NONE', 'NONE', 'NONE', 0
'FWD_TP_COMM_INTRA_0', 'Comm', 1658.027284875253, 1658.0344431590795, 0.007158283826666666, 51539607552.0, 'P2P', 'TP', 'INTRA', 2, 3, 2
'FWD_TP_COMM_INTRA_1', 'Comm', 1658.027284875253, 1658.0344431590795, 0.007158283826666666, 51539607552.0, 'P2P', 'TP', 'INTRA', 2, 3, 2
'FWD_FFN', 'Compute', 1658.0416014429063, 1672.9399836974906, 14.898382254584305, 'NONE', 'NONE', 'NONE', 0
'FWD_TP_COMM_INTRA_0', 'Comm', 1672.9399836974906, 1672.9471419813171, 0.007158283826666666, 51539607552.0, 'P2P', 'TP', 'INTRA', 2, 3, 2
'FWD_TP_COMM_INTRA_1', 'Comm', 1672.9399836974906, 1672.9471419813171, 0.007158283826666666, 51539607552.0, 'P2P', 'TP', 'INTRA', 2, 3, 2
'FWD_MHA', 'Compute', 1672.954300265144, 1698.831048296354, 25.87674803121012, 'NONE', 'NONE', 'NONE', 0
'FWD_TP_COMM_INTRA_0', 'Comm', 1698.831048296354, 1698.8382065801807, 0.007158283826666666, 51539607552.0, 'P2P', 'TP', 'INTRA', 2, 3, 2
'FWD_TP_COMM_INTRA_1', 'Comm', 1698.831048296354, 1698.8382065801807, 0.007158283826666666, 51539607552.0, 'P2P', 'TP', 'INTRA', 2, 3, 2
'FWD_FFN', 'Compute', 1698.8453648640075, 1713.7437471185917, 14.898382254584305, 'NONE', 'NONE', 'NONE', 0
'FWD_TP_COMM_INTRA_0', 'Comm', 1713.7437471185917, 1713.7509054024183, 0.007158283826666666, 51539607552.0, 'P2P', 'TP', 'INTRA', 2, 3, 2
'FWD_TP_COMM_INTRA_1', 'Comm', 1713.7437471185917, 1713.7509054024183, 0.007158283826666666, 51539607552.0, 'P2P', 'TP', 'INTRA', 2, 3, 2
'FWD_MHA', 'Compute', 1713.7580636862451, 1739.6348117174552, 25.87674803121012, 'NONE', 'NONE', 'NONE', 0
'FWD_TP_COMM_INTRA_0', 'Comm', 1739.6348117174552, 1739.6419700012818, 0.007158283826666666, 51539607552.0, 'P2P', 'TP', 'INTRA', 2, 3, 2
'FWD_TP_COMM_INTRA_1', 'Comm', 1739.6348117174552, 1739.6419700012818, 0.007158283826666666, 51539607552.0, 'P2P', 'TP', 'INTRA', 2, 3, 2
'FWD_FFN', 'Compute', 1739.6491282851086, 1754.547510539693, 14.898382254584305, 'NONE', 'NONE', 'NONE', 0
'FWD_TP_COMM_INTRA_0', 'Comm', 1754.547510539693, 1754.5546688235195, 0.007158283826666666, 51539607552.0, 'P2P', 'TP', 'INTRA', 2, 3, 2
'FWD_TP_COMM_INTRA_1', 'Comm', 1754.547510539693, 1754.5546688235195, 0.007158283826666666, 51539607552.0, 'P2P', 'TP', 'INTRA', 2, 3, 2
'FWD_MHA', 'Compute', 1754.5618271073463, 1780.4385751385564, 25.87674803121012, 'NONE', 'NONE', 'NONE', 0
'FWD_TP_COMM_INTRA_0', 'Comm', 1780.4385751385564, 1780.445733422383, 0.007158283826666666, 51539607552.0, 'P2P', 'TP', 'INTRA', 2, 3, 2
'FWD_TP_COMM_INTRA_1', 'Comm', 1780.4385751385564, 1780.445733422383, 0.007158283826666666, 51539607552.0, 'P2P', 'TP', 'INTRA', 2, 3, 2
'FWD_FFN', 'Compute', 1780.4528917062098, 1795.351273960794, 14.898382254584305, 'NONE', 'NONE', 'NONE', 0
'FWD_TP_COMM_INTRA_0', 'Comm', 1795.351273960794, 1795.3584322446206, 0.007158283826666666, 51539607552.0, 'P2P', 'TP', 'INTRA', 2, 3, 2
'FWD_TP_COMM_INTRA_1', 'Comm', 1795.351273960794, 1795.3584322446206, 0.007158283826666666, 51539607552.0, 'P2P', 'TP', 'INTRA', 2, 3, 2
'FWD_MHA', 'Compute', 1795.3655905284475, 1821.2423385596576, 25.87674803121012, 'NONE', 'NONE', 'NONE', 0
'FWD_TP_COMM_INTRA_0', 'Comm', 1821.2423385596576, 1821.2494968434842, 0.007158283826666666, 51539607552.0, 'P2P', 'TP', 'INTRA', 2, 3, 2
'FWD_TP_COMM_INTRA_1', 'Comm', 1821.2423385596576, 1821.2494968434842, 0.007158283826666666, 51539607552.0, 'P2P', 'TP', 'INTRA', 2, 3, 2
'FWD_FFN', 'Compute', 1821.256655127311, 1836.1550373818952, 14.898382254584305, 'NONE', 'NONE', 'NONE', 0
'FWD_TP_COMM_INTRA_0', 'Comm', 1836.1550373818952, 1836.1621956657218, 0.007158283826666666, 51539607552.0, 'P2P', 'TP', 'INTRA', 2, 3, 2
'FWD_TP_COMM_INTRA_1', 'Comm', 1836.1550373818952, 1836.1621956657218, 0.007158283826666666, 51539607552.0, 'P2P', 'TP', 'INTRA', 2, 3, 2
'FWD_MHA', 'Compute', 1836.1693539495486, 1862.0461019807587, 25.87674803121012, 'NONE', 'NONE', 'NONE', 0
'FWD_TP_COMM_INTRA_0', 'Comm', 1862.0461019807587, 1862.0532602645853, 0.007158283826666666, 51539607552.0, 'P2P', 'TP', 'INTRA', 2, 3, 2
'FWD_TP_COMM_INTRA_1', 'Comm', 1862.0461019807587, 1862.0532602645853, 0.007158283826666666, 51539607552.0, 'P2P', 'TP', 'INTRA', 2, 3, 2
'FWD_FFN', 'Compute', 1862.0604185484121, 1876.9588008029964, 14.898382254584305, 'NONE', 'NONE', 'NONE', 0
'FWD_TP_COMM_INTRA_0', 'Comm', 1876.9588008029964, 1876.965959086823, 0.007158283826666666, 51539607552.0, 'P2P', 'TP', 'INTRA', 2, 3, 2
'FWD_TP_COMM_INTRA_1', 'Comm', 1876.9588008029964, 1876.965959086823, 0.007158283826666666, 51539607552.0, 'P2P', 'TP', 'INTRA', 2, 3, 2
'FWD_MHA', 'Compute', 1876.9731173706498, 1902.84986540186, 25.87674803121012, 'NONE', 'NONE', 'NONE', 0
'FWD_TP_COMM_INTRA_0', 'Comm', 1902.84986540186, 1902.8570236856865, 0.007158283826666666, 51539607552.0, 'P2P', 'TP', 'INTRA', 2, 3, 2
'FWD_TP_COMM_INTRA_1', 'Comm', 1902.84986540186, 1902.8570236856865, 0.007158283826666666, 51539607552.0, 'P2P', 'TP', 'INTRA', 2, 3, 2
'FWD_FFN', 'Compute', 1902.8641819695133, 1917.7625642240976, 14.898382254584305, 'NONE', 'NONE', 'NONE', 0
'FWD_TP_COMM_INTRA_0', 'Comm', 1917.7625642240976, 1917.7697225079241, 0.007158283826666666, 51539607552.0, 'P2P', 'TP', 'INTRA', 2, 3, 2
'FWD_TP_COMM_INTRA_1', 'Comm', 1917.7625642240976, 1917.7697225079241, 0.007158283826666666, 51539607552.0, 'P2P', 'TP', 'INTRA', 2, 3, 2
'FWD_MHA', 'Compute', 1917.776880791751, 1943.653628822961, 25.87674803121012, 'NONE', 'NONE', 'NONE', 0
'FWD_TP_COMM_INTRA_0', 'Comm', 1943.653628822961, 1943.6607871067877, 0.007158283826666666, 51539607552.0, 'P2P', 'TP', 'INTRA', 2, 3, 2
'FWD_TP_COMM_INTRA_1', 'Comm', 1943.653628822961, 1943.6607871067877, 0.007158283826666666, 51539607552.0, 'P2P', 'TP', 'INTRA', 2, 3, 2
'FWD_FFN', 'Compute', 1943.6679453906145, 1958.5663276451987, 14.898382254584305, 'NONE', 'NONE', 'NONE', 0
'FWD_TP_COMM_INTRA_0', 'Comm', 1958.5663276451987, 1958.5734859290253, 0.007158283826666666, 51539607552.0, 'P2P', 'TP', 'INTRA', 2, 3, 2
'FWD_TP_COMM_INTRA_1', 'Comm', 1958.5663276451987, 1958.5734859290253, 0.007158283826666666, 51539607552.0, 'P2P', 'TP', 'INTRA', 2, 3, 2
'FWD_MHA', 'Compute', 1958.5806442128521, 1984.4573922440622, 25.87674803121012, 'NONE', 'NONE', 'NONE', 0
'FWD_TP_COMM_INTRA_0', 'Comm', 1984.4573922440622, 1984.4645505278888, 0.007158283826666666, 51539607552.0, 'P2P', 'TP', 'INTRA', 2, 3, 2
'FWD_TP_COMM_INTRA_1', 'Comm', 1984.4573922440622, 1984.4645505278888, 0.007158283826666666, 51539607552.0, 'P2P', 'TP', 'INTRA', 2, 3, 2
'FWD_FFN', 'Compute', 1984.4717088117156, 1999.3700910663, 14.898382254584305, 'NONE', 'NONE', 'NONE', 0
'FWD_TP_COMM_INTRA_0', 'Comm', 1999.3700910663, 1999.3772493501265, 0.007158283826666666, 51539607552.0, 'P2P', 'TP', 'INTRA', 2, 3, 2
'FWD_TP_COMM_INTRA_1', 'Comm', 1999.3700910663, 1999.3772493501265, 0.007158283826666666, 51539607552.0, 'P2P', 'TP', 'INTRA', 2, 3, 2
'FWD_MHA', 'Compute', 1999.3844076339533, 2025.2611556651634, 25.87674803121012, 'NONE', 'NONE', 'NONE', 0
'FWD_TP_COMM_INTRA_0', 'Comm', 2025.2611556651634, 2025.26831394899, 0.007158283826666666, 51539607552.0, 'P2P', 'TP', 'INTRA', 2, 3, 2
'FWD_TP_COMM_INTRA_1', 'Comm', 2025.2611556651634, 2025.26831394899, 0.007158283826666666, 51539607552.0, 'P2P', 'TP', 'INTRA', 2, 3, 2
'FWD_FFN', 'Compute', 2025.2754722328168, 2040.173854487401, 14.898382254584305, 'NONE', 'NONE', 'NONE', 0
'FWD_TP_COMM_INTRA_0', 'Comm', 2040.173854487401, 2040.1810127712276, 0.007158283826666666, 51539607552.0, 'P2P', 'TP', 'INTRA', 2, 3, 2
'FWD_TP_COMM_INTRA_1', 'Comm', 2040.173854487401, 2040.1810127712276, 0.007158283826666666, 51539607552.0, 'P2P', 'TP', 'INTRA', 2, 3, 2
'FWD_MHA', 'Compute', 2040.1881710550545, 2066.0649190862646, 25.87674803121012, 'NONE', 'NONE', 'NONE', 0
'FWD_TP_COMM_INTRA_0', 'Comm', 2066.0649190862646, 2066.0720773700914, 0.007158283826666666, 51539607552.0, 'P2P', 'TP', 'INTRA', 2, 3, 2
'FWD_TP_COMM_INTRA_1', 'Comm', 2066.0649190862646, 2066.0720773700914, 0.007158283826666666, 51539607552.0, 'P2P', 'TP', 'INTRA', 2, 3, 2
'FWD_FFN', 'Compute', 2066.0792356539177, 2080.977617908502, 14.898382254584305, 'NONE', 'NONE', 'NONE', 0
'FWD_TP_COMM_INTRA_0', 'Comm', 2080.977617908502, 2080.984776192329, 0.007158283826666666, 51539607552.0, 'P2P', 'TP', 'INTRA', 2, 3, 2
'FWD_TP_COMM_INTRA_1', 'Comm', 2080.977617908502, 2080.984776192329, 0.007158283826666666, 51539607552.0, 'P2P', 'TP', 'INTRA', 2, 3, 2
'FWD_MHA', 'Compute', 2080.991934476155, 2106.868682507365, 25.87674803121012, 'NONE', 'NONE', 'NONE', 0
'FWD_TP_COMM_INTRA_0', 'Comm', 2106.868682507365, 2106.875840791192, 0.007158283826666666, 51539607552.0, 'P2P', 'TP', 'INTRA', 2, 3, 2
'FWD_TP_COMM_INTRA_1', 'Comm', 2106.868682507365, 2106.875840791192, 0.007158283826666666, 51539607552.0, 'P2P', 'TP', 'INTRA', 2, 3, 2
'FWD_FFN', 'Compute', 2106.8829990750182, 2121.7813813296025, 14.898382254584305, 'NONE', 'NONE', 'NONE', 0
'FWD_TP_COMM_INTRA_0', 'Comm', 2121.7813813296025, 2121.7885396134293, 0.007158283826666666, 51539607552.0, 'P2P', 'TP', 'INTRA', 2, 3, 2
'FWD_TP_COMM_INTRA_1', 'Comm', 2121.7813813296025, 2121.7885396134293, 0.007158283826666666, 51539607552.0, 'P2P', 'TP', 'INTRA', 2, 3, 2
'FWD_MHA', 'Compute', 2121.7956978972556, 2147.6724459284655, 25.87674803121012, 'NONE', 'NONE', 'NONE', 0
'FWD_TP_COMM_INTRA_0', 'Comm', 2147.6724459284655, 2147.6796042122924, 0.007158283826666666, 51539607552.0, 'P2P', 'TP', 'INTRA', 2, 3, 2
'FWD_TP_COMM_INTRA_1', 'Comm', 2147.6724459284655, 2147.6796042122924, 0.007158283826666666, 51539607552.0, 'P2P', 'TP', 'INTRA', 2, 3, 2
'FWD_FFN', 'Compute', 2147.6867624961187, 2162.585144750703, 14.898382254584305, 'NONE', 'NONE', 'NONE', 0
'FWD_TP_COMM_INTRA_0', 'Comm', 2162.585144750703, 2162.59230303453, 0.007158283826666666, 51539607552.0, 'P2P', 'TP', 'INTRA', 2, 3, 2
'FWD_TP_COMM_INTRA_1', 'Comm', 2162.585144750703, 2162.59230303453, 0.007158283826666666, 51539607552.0, 'P2P', 'TP', 'INTRA', 2, 3, 2
'FWD_MHA', 'Compute', 2162.599461318356, 2188.476209349566, 25.87674803121012, 'NONE', 'NONE', 'NONE', 0
'FWD_TP_COMM_INTRA_0', 'Comm', 2188.476209349566, 2188.483367633393, 0.007158283826666666, 51539607552.0, 'P2P', 'TP', 'INTRA', 2, 3, 2
'FWD_TP_COMM_INTRA_1', 'Comm', 2188.476209349566, 2188.483367633393, 0.007158283826666666, 51539607552.0, 'P2P', 'TP', 'INTRA', 2, 3, 2
'FWD_FFN', 'Compute', 2188.490525917219, 2203.3889081718035, 14.898382254584305, 'NONE', 'NONE', 'NONE', 0
'FWD_TP_COMM_INTRA_0', 'Comm', 2203.3889081718035, 2203.3960664556303, 0.007158283826666666, 51539607552.0, 'P2P', 'TP', 'INTRA', 2, 3, 2
'FWD_TP_COMM_INTRA_1', 'Comm', 2203.3889081718035, 2203.3960664556303, 0.007158283826666666, 51539607552.0, 'P2P', 'TP', 'INTRA', 2, 3, 2
'FWD_MHA', 'Compute', 2203.4032247394566, 2229.2799727706665, 25.87674803121012, 'NONE', 'NONE', 'NONE', 0
'FWD_TP_COMM_INTRA_0', 'Comm', 2229.2799727706665, 2229.2871310544933, 0.007158283826666666, 51539607552.0, 'P2P', 'TP', 'INTRA', 2, 3, 2
'FWD_TP_COMM_INTRA_1', 'Comm', 2229.2799727706665, 2229.2871310544933, 0.007158283826666666, 51539607552.0, 'P2P', 'TP', 'INTRA', 2, 3, 2
'FWD_FFN', 'Compute', 2229.2942893383197, 2244.192671592904, 14.898382254584305, 'NONE', 'NONE', 'NONE', 0
'FWD_TP_COMM_INTRA_0', 'Comm', 2244.192671592904, 2244.1998298767307, 0.007158283826666666, 51539607552.0, 'P2P', 'TP', 'INTRA', 2, 3, 2
'FWD_TP_COMM_INTRA_1', 'Comm', 2244.192671592904, 2244.1998298767307, 0.007158283826666666, 51539607552.0, 'P2P', 'TP', 'INTRA', 2, 3, 2
'FWD_MHA', 'Compute', 2244.206988160557, 2270.083736191767, 25.87674803121012, 'NONE', 'NONE', 'NONE', 0
'FWD_TP_COMM_INTRA_0', 'Comm', 2270.083736191767, 2270.090894475594, 0.007158283826666666, 51539607552.0, 'P2P', 'TP', 'INTRA', 2, 3, 2
'FWD_TP_COMM_INTRA_1', 'Comm', 2270.083736191767, 2270.090894475594, 0.007158283826666666, 51539607552.0, 'P2P', 'TP', 'INTRA', 2, 3, 2
'FWD_FFN', 'Compute', 2270.09805275942, 2284.9964350140044, 14.898382254584305, 'NONE', 'NONE', 'NONE', 0
'FWD_TP_COMM_INTRA_0', 'Comm', 2284.9964350140044, 2285.0035932978312, 0.007158283826666666, 51539607552.0, 'P2P', 'TP', 'INTRA', 2, 3, 2
'FWD_TP_COMM_INTRA_1', 'Comm', 2284.9964350140044, 2285.0035932978312, 0.007158283826666666, 51539607552.0, 'P2P', 'TP', 'INTRA', 2, 3, 2
'FWD_MHA', 'Compute', 2285.0107515816576, 2310.8874996128675, 25.87674803121012, 'NONE', 'NONE', 'NONE', 0
'FWD_TP_COMM_INTRA_0', 'Comm', 2310.8874996128675, 2310.8946578966943, 0.007158283826666666, 51539607552.0, 'P2P', 'TP', 'INTRA', 2, 3, 2
'FWD_TP_COMM_INTRA_1', 'Comm', 2310.8874996128675, 2310.8946578966943, 0.007158283826666666, 51539607552.0, 'P2P', 'TP', 'INTRA', 2, 3, 2
'FWD_FFN', 'Compute', 2310.9018161805207, 2325.800198435105, 14.898382254584305, 'NONE', 'NONE', 'NONE', 0
'FWD_TP_COMM_INTRA_0', 'Comm', 2325.800198435105, 2325.8073567189317, 0.007158283826666666, 51539607552.0, 'P2P', 'TP', 'INTRA', 2, 3, 2
'FWD_TP_COMM_INTRA_1', 'Comm', 2325.800198435105, 2325.8073567189317, 0.007158283826666666, 51539607552.0, 'P2P', 'TP', 'INTRA', 2, 3, 2
'FWD_MHA', 'Compute', 2325.814515002758, 2351.691263033968, 25.87674803121012, 'NONE', 'NONE', 'NONE', 0
'FWD_TP_COMM_INTRA_0', 'Comm', 2351.691263033968, 2351.698421317795, 0.007158283826666666, 51539607552.0, 'P2P', 'TP', 'INTRA', 2, 3, 2
'FWD_TP_COMM_INTRA_1', 'Comm', 2351.691263033968, 2351.698421317795, 0.007158283826666666, 51539607552.0, 'P2P', 'TP', 'INTRA', 2, 3, 2
'FWD_FFN', 'Compute', 2351.705579601621, 2366.6039618562054, 14.898382254584305, 'NONE', 'NONE', 'NONE', 0
'FWD_TP_COMM_INTRA_0', 'Comm', 2366.6039618562054, 2366.611120140032, 0.007158283826666666, 51539607552.0, 'P2P', 'TP', 'INTRA', 2, 3, 2
'FWD_TP_COMM_INTRA_1', 'Comm', 2366.6039618562054, 2366.611120140032, 0.007158283826666666, 51539607552.0, 'P2P', 'TP', 'INTRA', 2, 3, 2
'FWD_MHA', 'Compute', 2366.6182784238586, 2392.4950264550685, 25.87674803121012, 'NONE', 'NONE', 'NONE', 0
'FWD_TP_COMM_INTRA_0', 'Comm', 2392.4950264550685, 2392.5021847388953, 0.007158283826666666, 51539607552.0, 'P2P', 'TP', 'INTRA', 2, 3, 2
'FWD_TP_COMM_INTRA_1', 'Comm', 2392.4950264550685, 2392.5021847388953, 0.007158283826666666, 51539607552.0, 'P2P', 'TP', 'INTRA', 2, 3, 2
'FWD_FFN', 'Compute', 2392.5093430227216, 2407.407725277306, 14.898382254584305, 'NONE', 'NONE', 'NONE', 0
'FWD_TP_COMM_INTRA_0', 'Comm', 2407.407725277306, 2407.4148835611327, 0.007158283826666666, 51539607552.0, 'P2P', 'TP', 'INTRA', 2, 3, 2
'FWD_TP_COMM_INTRA_1', 'Comm', 2407.407725277306, 2407.4148835611327, 0.007158283826666666, 51539607552.0, 'P2P', 'TP', 'INTRA', 2, 3, 2
'FWD_MHA', 'Compute', 2407.422041844959, 2433.298789876169, 25.87674803121012, 'NONE', 'NONE', 'NONE', 0
'FWD_TP_COMM_INTRA_0', 'Comm', 2433.298789876169, 2433.3059481599958, 0.007158283826666666, 51539607552.0, 'P2P', 'TP', 'INTRA', 2, 3, 2
'FWD_TP_COMM_INTRA_1', 'Comm', 2433.298789876169, 2433.3059481599958, 0.007158283826666666, 51539607552.0, 'P2P', 'TP', 'INTRA', 2, 3, 2
'FWD_FFN', 'Compute', 2433.313106443822, 2448.2114886984064, 14.898382254584305, 'NONE', 'NONE', 'NONE', 0
'FWD_TP_COMM_INTRA_0', 'Comm', 2448.2114886984064, 2448.218646982233, 0.007158283826666666, 51539607552.0, 'P2P', 'TP', 'INTRA', 2, 3, 2
'FWD_TP_COMM_INTRA_1', 'Comm', 2448.2114886984064, 2448.218646982233, 0.007158283826666666, 51539607552.0, 'P2P', 'TP', 'INTRA', 2, 3, 2
'FWD_MHA', 'Compute', 2448.2258052660595, 2474.1025532972694, 25.87674803121012, 'NONE', 'NONE', 'NONE', 0
'FWD_TP_COMM_INTRA_0', 'Comm', 2474.1025532972694, 2474.1097115810962, 0.007158283826666666, 51539607552.0, 'P2P', 'TP', 'INTRA', 2, 3, 2
'FWD_TP_COMM_INTRA_1', 'Comm', 2474.1025532972694, 2474.1097115810962, 0.007158283826666666, 51539607552.0, 'P2P', 'TP', 'INTRA', 2, 3, 2
'FWD_FFN', 'Compute', 2474.1168698649226, 2489.015252119507, 14.898382254584305, 'NONE', 'NONE', 'NONE', 0
'FWD_TP_COMM_INTRA_0', 'Comm', 2489.015252119507, 2489.0224104033337, 0.007158283826666666, 51539607552.0, 'P2P', 'TP', 'INTRA', 2, 3, 2
'FWD_TP_COMM_INTRA_1', 'Comm', 2489.015252119507, 2489.0224104033337, 0.007158283826666666, 51539607552.0, 'P2P', 'TP', 'INTRA', 2, 3, 2
'FWD_MHA', 'Compute', 2489.02956868716, 2514.90631671837, 25.87674803121012, 'NONE', 'NONE', 'NONE', 0
'FWD_TP_COMM_INTRA_0', 'Comm', 2514.90631671837, 2514.9134750021967, 0.007158283826666666, 51539607552.0, 'P2P', 'TP', 'INTRA', 2, 3, 2
'FWD_TP_COMM_INTRA_1', 'Comm', 2514.90631671837, 2514.9134750021967, 0.007158283826666666, 51539607552.0, 'P2P', 'TP', 'INTRA', 2, 3, 2
'FWD_FFN', 'Compute', 2514.920633286023, 2529.8190155406073, 14.898382254584305, 'NONE', 'NONE', 'NONE', 0
'FWD_TP_COMM_INTRA_0', 'Comm', 2529.8190155406073, 2529.826173824434, 0.007158283826666666, 51539607552.0, 'P2P', 'TP', 'INTRA', 2, 3, 2
'FWD_TP_COMM_INTRA_1', 'Comm', 2529.8190155406073, 2529.826173824434, 0.007158283826666666, 51539607552.0, 'P2P', 'TP', 'INTRA', 2, 3, 2
'FWD_MHA', 'Compute', 2529.8333321082605, 2555.7100801394704, 25.87674803121012, 'NONE', 'NONE', 'NONE', 0
'FWD_TP_COMM_INTRA_0', 'Comm', 2555.7100801394704, 2555.717238423297, 0.007158283826666666, 51539607552.0, 'P2P', 'TP', 'INTRA', 2, 3, 2
'FWD_TP_COMM_INTRA_1', 'Comm', 2555.7100801394704, 2555.717238423297, 0.007158283826666666, 51539607552.0, 'P2P', 'TP', 'INTRA', 2, 3, 2
'FWD_FFN', 'Compute', 2555.7243967071236, 2570.622778961708, 14.898382254584305, 'NONE', 'NONE', 'NONE', 0
'FWD_TP_COMM_INTRA_0', 'Comm', 2570.622778961708, 2570.6299372455346, 0.007158283826666666, 51539607552.0, 'P2P', 'TP', 'INTRA', 2, 3, 2
'FWD_TP_COMM_INTRA_1', 'Comm', 2570.622778961708, 2570.6299372455346, 0.007158283826666666, 51539607552.0, 'P2P', 'TP', 'INTRA', 2, 3, 2
'FWD_MHA', 'Compute', 2570.637095529361, 2596.513843560571, 25.87674803121012, 'NONE', 'NONE', 'NONE', 0
'FWD_TP_COMM_INTRA_0', 'Comm', 2596.513843560571, 2596.5210018443977, 0.007158283826666666, 51539607552.0, 'P2P', 'TP', 'INTRA', 2, 3, 2
'FWD_TP_COMM_INTRA_1', 'Comm', 2596.513843560571, 2596.5210018443977, 0.007158283826666666, 51539607552.0, 'P2P', 'TP', 'INTRA', 2, 3, 2
'FWD_FFN', 'Compute', 2596.528160128224, 2611.4265423828083, 14.898382254584305, 'NONE', 'NONE', 'NONE', 0
'FWD_TP_COMM_INTRA_0', 'Comm', 2611.4265423828083, 2611.433700666635, 0.007158283826666666, 51539607552.0, 'P2P', 'TP', 'INTRA', 2, 3, 2
'FWD_TP_COMM_INTRA_1', 'Comm', 2611.4265423828083, 2611.433700666635, 0.007158283826666666, 51539607552.0, 'P2P', 'TP', 'INTRA', 2, 3, 2
'FWD_MHA', 'Compute', 2611.4408589504615, 2637.3176069816714, 25.87674803121012, 'NONE', 'NONE', 'NONE', 0
'FWD_TP_COMM_INTRA_0', 'Comm', 2637.3176069816714, 2637.324765265498, 0.007158283826666666, 51539607552.0, 'P2P', 'TP', 'INTRA', 2, 3, 2
'FWD_TP_COMM_INTRA_1', 'Comm', 2637.3176069816714, 2637.324765265498, 0.007158283826666666, 51539607552.0, 'P2P', 'TP', 'INTRA', 2, 3, 2
'FWD_FFN', 'Compute', 2637.3319235493245, 2652.230305803909, 14.898382254584305, 'NONE', 'NONE', 'NONE', 0
'FWD_TP_COMM_INTRA_0', 'Comm', 2652.230305803909, 2652.2374640877356, 0.007158283826666666, 51539607552.0, 'P2P', 'TP', 'INTRA', 2, 3, 2
'FWD_TP_COMM_INTRA_1', 'Comm', 2652.230305803909, 2652.2374640877356, 0.007158283826666666, 51539607552.0, 'P2P', 'TP', 'INTRA', 2, 3, 2
'FWD_MHA', 'Compute', 2652.244622371562, 2678.121370402772, 25.87674803121012, 'NONE', 'NONE', 'NONE', 0
'FWD_TP_COMM_INTRA_0', 'Comm', 2678.121370402772, 2678.1285286865987, 0.007158283826666666, 51539607552.0, 'P2P', 'TP', 'INTRA', 2, 3, 2
'FWD_TP_COMM_INTRA_1', 'Comm', 2678.121370402772, 2678.1285286865987, 0.007158283826666666, 51539607552.0, 'P2P', 'TP', 'INTRA', 2, 3, 2
'FWD_FFN', 'Compute', 2678.135686970425, 2693.0340692250093, 14.898382254584305, 'NONE', 'NONE', 'NONE', 0
'FWD_TP_COMM_INTRA_0', 'Comm', 2693.0340692250093, 2693.041227508836, 0.007158283826666666, 51539607552.0, 'P2P', 'TP', 'INTRA', 2, 3, 2
'FWD_TP_COMM_INTRA_1', 'Comm', 2693.0340692250093, 2693.041227508836, 0.007158283826666666, 51539607552.0, 'P2P', 'TP', 'INTRA', 2, 3, 2
'FWD_MHA', 'Compute', 2693.0483857926624, 2718.9251338238723, 25.87674803121012, 'NONE', 'NONE', 'NONE', 0
'FWD_TP_COMM_INTRA_0', 'Comm', 2718.9251338238723, 2718.932292107699, 0.007158283826666666, 51539607552.0, 'P2P', 'TP', 'INTRA', 2, 3, 2
'FWD_TP_COMM_INTRA_1', 'Comm', 2718.9251338238723, 2718.932292107699, 0.007158283826666666, 51539607552.0, 'P2P', 'TP', 'INTRA', 2, 3, 2
'FWD_FFN', 'Compute', 2718.9394503915255, 2733.8378326461097, 14.898382254584305, 'NONE', 'NONE', 'NONE', 0
'FWD_TP_COMM_INTRA_0', 'Comm', 2733.8378326461097, 2733.8449909299366, 0.007158283826666666, 51539607552.0, 'P2P', 'TP', 'INTRA', 2, 3, 2
'FWD_TP_COMM_INTRA_1', 'Comm', 2733.8378326461097, 2733.8449909299366, 0.007158283826666666, 51539607552.0, 'P2P', 'TP', 'INTRA', 2, 3, 2
'FWD_MHA', 'Compute', 2733.852149213763, 2759.728897244973, 25.87674803121012, 'NONE', 'NONE', 'NONE', 0
'FWD_TP_COMM_INTRA_0', 'Comm', 2759.728897244973, 2759.7360555287996, 0.007158283826666666, 51539607552.0, 'P2P', 'TP', 'INTRA', 2, 3, 2
'FWD_TP_COMM_INTRA_1', 'Comm', 2759.728897244973, 2759.7360555287996, 0.007158283826666666, 51539607552.0, 'P2P', 'TP', 'INTRA', 2, 3, 2
'FWD_FFN', 'Compute', 2759.743213812626, 2774.6415960672102, 14.898382254584305, 'NONE', 'NONE', 'NONE', 0
'FWD_TP_COMM_INTRA_0', 'Comm', 2774.6415960672102, 2774.648754351037, 0.007158283826666666, 51539607552.0, 'P2P', 'TP', 'INTRA', 2, 3, 2
'FWD_TP_COMM_INTRA_1', 'Comm', 2774.6415960672102, 2774.648754351037, 0.007158283826666666, 51539607552.0, 'P2P', 'TP', 'INTRA', 2, 3, 2
'FWD_MHA', 'Compute', 2774.6559126348634, 2800.5326606660733, 25.87674803121012, 'NONE', 'NONE', 'NONE', 0
'FWD_TP_COMM_INTRA_0', 'Comm', 2800.5326606660733, 2800.5398189499, 0.007158283826666666, 51539607552.0, 'P2P', 'TP', 'INTRA', 2, 3, 2
'FWD_TP_COMM_INTRA_1', 'Comm', 2800.5326606660733, 2800.5398189499, 0.007158283826666666, 51539607552.0, 'P2P', 'TP', 'INTRA', 2, 3, 2
'FWD_FFN', 'Compute', 2800.5469772337265, 2815.4453594883107, 14.898382254584305, 'NONE', 'NONE', 'NONE', 0
'FWD_TP_COMM_INTRA_0', 'Comm', 2815.4453594883107, 2815.4525177721375, 0.007158283826666666, 51539607552.0, 'P2P', 'TP', 'INTRA', 2, 3, 2
'FWD_TP_COMM_INTRA_1', 'Comm', 2815.4453594883107, 2815.4525177721375, 0.007158283826666666, 51539607552.0, 'P2P', 'TP', 'INTRA', 2, 3, 2
'FWD_MHA', 'Compute', 2815.459676055964, 2841.336424087174, 25.87674803121012, 'NONE', 'NONE', 'NONE', 0
'FWD_TP_COMM_INTRA_0', 'Comm', 2841.336424087174, 2841.3435823710006, 0.007158283826666666, 51539607552.0, 'P2P', 'TP', 'INTRA', 2, 3, 2
'FWD_TP_COMM_INTRA_1', 'Comm', 2841.336424087174, 2841.3435823710006, 0.007158283826666666, 51539607552.0, 'P2P', 'TP', 'INTRA', 2, 3, 2
'FWD_FFN', 'Compute', 2841.350740654827, 2856.249122909411, 14.898382254584305, 'NONE', 'NONE', 'NONE', 0
'FWD_TP_COMM_INTRA_0', 'Comm', 2856.249122909411, 2856.256281193238, 0.007158283826666666, 51539607552.0, 'P2P', 'TP', 'INTRA', 2, 3, 2
'FWD_TP_COMM_INTRA_1', 'Comm', 2856.249122909411, 2856.256281193238, 0.007158283826666666, 51539607552.0, 'P2P', 'TP', 'INTRA', 2, 3, 2
'FWD_MHA', 'Compute', 2856.2634394770644, 2882.1401875082743, 25.87674803121012, 'NONE', 'NONE', 'NONE', 0
'FWD_TP_COMM_INTRA_0', 'Comm', 2882.1401875082743, 2882.147345792101, 0.007158283826666666, 51539607552.0, 'P2P', 'TP', 'INTRA', 2, 3, 2
'FWD_TP_COMM_INTRA_1', 'Comm', 2882.1401875082743, 2882.147345792101, 0.007158283826666666, 51539607552.0, 'P2P', 'TP', 'INTRA', 2, 3, 2
'FWD_FFN', 'Compute', 2882.1545040759274, 2897.0528863305117, 14.898382254584305, 'NONE', 'NONE', 'NONE', 0
'FWD_TP_COMM_INTRA_0', 'Comm', 2897.0528863305117, 2897.0600446143385, 0.007158283826666666, 51539607552.0, 'P2P', 'TP', 'INTRA', 2, 3, 2
'FWD_TP_COMM_INTRA_1', 'Comm', 2897.0528863305117, 2897.0600446143385, 0.007158283826666666, 51539607552.0, 'P2P', 'TP', 'INTRA', 2, 3, 2
'FWD_MHA', 'Compute', 2897.067202898165, 2922.9439509293748, 25.87674803121012, 'NONE', 'NONE', 'NONE', 0
'FWD_TP_COMM_INTRA_0', 'Comm', 2922.9439509293748, 2922.9511092132016, 0.007158283826666666, 51539607552.0, 'P2P', 'TP', 'INTRA', 2, 3, 2
'FWD_TP_COMM_INTRA_1', 'Comm', 2922.9439509293748, 2922.9511092132016, 0.007158283826666666, 51539607552.0, 'P2P', 'TP', 'INTRA', 2, 3, 2
'FWD_FFN', 'Compute', 2922.958267497028, 2937.856649751612, 14.898382254584305, 'NONE', 'NONE', 'NONE', 0
'FWD_TP_COMM_INTRA_0', 'Comm', 2937.856649751612, 2937.863808035439, 0.007158283826666666, 51539607552.0, 'P2P', 'TP', 'INTRA', 2, 3, 2
'FWD_TP_COMM_INTRA_1', 'Comm', 2937.856649751612, 2937.863808035439, 0.007158283826666666, 51539607552.0, 'P2P', 'TP', 'INTRA', 2, 3, 2
'FWD_MHA', 'Compute', 2937.8709663192653, 2963.7477143504752, 25.87674803121012, 'NONE', 'NONE', 'NONE', 0
'FWD_TP_COMM_INTRA_0', 'Comm', 2963.7477143504752, 2963.754872634302, 0.007158283826666666, 51539607552.0, 'P2P', 'TP', 'INTRA', 2, 3, 2
'FWD_TP_COMM_INTRA_1', 'Comm', 2963.7477143504752, 2963.754872634302, 0.007158283826666666, 51539607552.0, 'P2P', 'TP', 'INTRA', 2, 3, 2
'FWD_FFN', 'Compute', 2963.7620309181284, 2978.6604131727127, 14.898382254584305, 'NONE', 'NONE', 'NONE', 0
'FWD_TP_COMM_INTRA_0', 'Comm', 2978.6604131727127, 2978.6675714565395, 0.007158283826666666, 51539607552.0, 'P2P', 'TP', 'INTRA', 2, 3, 2
'FWD_TP_COMM_INTRA_1', 'Comm', 2978.6604131727127, 2978.6675714565395, 0.007158283826666666, 51539607552.0, 'P2P', 'TP', 'INTRA', 2, 3, 2
'FWD_MHA', 'Compute', 2978.674729740366, 3004.5514777715757, 25.87674803121012, 'NONE', 'NONE', 'NONE', 0
'FWD_TP_COMM_INTRA_0', 'Comm', 3004.5514777715757, 3004.5586360554025, 0.007158283826666666, 51539607552.0, 'P2P', 'TP', 'INTRA', 2, 3, 2
'FWD_TP_COMM_INTRA_1', 'Comm', 3004.5514777715757, 3004.5586360554025, 0.007158283826666666, 51539607552.0, 'P2P', 'TP', 'INTRA', 2, 3, 2
'FWD_FFN', 'Compute', 3004.565794339229, 3019.464176593813, 14.898382254584305, 'NONE', 'NONE', 'NONE', 0
'FWD_TP_COMM_INTRA_0', 'Comm', 3019.464176593813, 3019.47133487764, 0.007158283826666666, 51539607552.0, 'P2P', 'TP', 'INTRA', 2, 3, 2
'FWD_TP_COMM_INTRA_1', 'Comm', 3019.464176593813, 3019.47133487764, 0.007158283826666666, 51539607552.0, 'P2P', 'TP', 'INTRA', 2, 3, 2
'FWD_MHA', 'Compute', 3019.4784931614663, 3045.355241192676, 25.87674803121012, 'NONE', 'NONE', 'NONE', 0
'FWD_TP_COMM_INTRA_0', 'Comm', 3045.355241192676, 3045.362399476503, 0.007158283826666666, 51539607552.0, 'P2P', 'TP', 'INTRA', 2, 3, 2
'FWD_TP_COMM_INTRA_1', 'Comm', 3045.355241192676, 3045.362399476503, 0.007158283826666666, 51539607552.0, 'P2P', 'TP', 'INTRA', 2, 3, 2
'FWD_FFN', 'Compute', 3045.3695577603294, 3060.2679400149136, 14.898382254584305, 'NONE', 'NONE', 'NONE', 0
'FWD_TP_COMM_INTRA_0', 'Comm', 3060.2679400149136, 3060.2750982987404, 0.007158283826666666, 51539607552.0, 'P2P', 'TP', 'INTRA', 2, 3, 2
'FWD_TP_COMM_INTRA_1', 'Comm', 3060.2679400149136, 3060.2750982987404, 0.007158283826666666, 51539607552.0, 'P2P', 'TP', 'INTRA', 2, 3, 2
'FWD_MHA', 'Compute', 3060.282256582567, 3086.1590046137767, 25.87674803121012, 'NONE', 'NONE', 'NONE', 0
'FWD_TP_COMM_INTRA_0', 'Comm', 3086.1590046137767, 3086.1661628976035, 0.007158283826666666, 51539607552.0, 'P2P', 'TP', 'INTRA', 2, 3, 2
'FWD_TP_COMM_INTRA_1', 'Comm', 3086.1590046137767, 3086.1661628976035, 0.007158283826666666, 51539607552.0, 'P2P', 'TP', 'INTRA', 2, 3, 2
'FWD_FFN', 'Compute', 3086.17332118143, 3101.071703436014, 14.898382254584305, 'NONE', 'NONE', 'NONE', 0
'FWD_TP_COMM_INTRA_0', 'Comm', 3101.071703436014, 3101.078861719841, 0.007158283826666666, 51539607552.0, 'P2P', 'TP', 'INTRA', 2, 3, 2
'FWD_TP_COMM_INTRA_1', 'Comm', 3101.071703436014, 3101.078861719841, 0.007158283826666666, 51539607552.0, 'P2P', 'TP', 'INTRA', 2, 3, 2
'FWD_MHA', 'Compute', 3101.0860200036673, 3126.962768034877, 25.87674803121012, 'NONE', 'NONE', 'NONE', 0
'FWD_TP_COMM_INTRA_0', 'Comm', 3126.962768034877, 3126.969926318704, 0.007158283826666666, 51539607552.0, 'P2P', 'TP', 'INTRA', 2, 3, 2
'FWD_TP_COMM_INTRA_1', 'Comm', 3126.962768034877, 3126.969926318704, 0.007158283826666666, 51539607552.0, 'P2P', 'TP', 'INTRA', 2, 3, 2
'FWD_FFN', 'Compute', 3126.9770846025303, 3141.8754668571146, 14.898382254584305, 'NONE', 'NONE', 'NONE', 0
'FWD_TP_COMM_INTRA_0', 'Comm', 3141.8754668571146, 3141.8826251409414, 0.007158283826666666, 51539607552.0, 'P2P', 'TP', 'INTRA', 2, 3, 2
'FWD_TP_COMM_INTRA_1', 'Comm', 3141.8754668571146, 3141.8826251409414, 0.007158283826666666, 51539607552.0, 'P2P', 'TP', 'INTRA', 2, 3, 2
'FWD_MHA', 'Compute', 3141.8897834247678, 3167.7665314559777, 25.87674803121012, 'NONE', 'NONE', 'NONE', 0
'FWD_TP_COMM_INTRA_0', 'Comm', 3167.7665314559777, 3167.7736897398045, 0.007158283826666666, 51539607552.0, 'P2P', 'TP', 'INTRA', 2, 3, 2
'FWD_TP_COMM_INTRA_1', 'Comm', 3167.7665314559777, 3167.7736897398045, 0.007158283826666666, 51539607552.0, 'P2P', 'TP', 'INTRA', 2, 3, 2
'FWD_FFN', 'Compute', 3167.780848023631, 3182.679230278215, 14.898382254584305, 'NONE', 'NONE', 'NONE', 0
'FWD_TP_COMM_INTRA_0', 'Comm', 3182.679230278215, 3182.686388562042, 0.007158283826666666, 51539607552.0, 'P2P', 'TP', 'INTRA', 2, 3, 2
'FWD_TP_COMM_INTRA_1', 'Comm', 3182.679230278215, 3182.686388562042, 0.007158283826666666, 51539607552.0, 'P2P', 'TP', 'INTRA', 2, 3, 2
'FWD_MHA', 'Compute', 3182.6935468458682, 3208.570294877078, 25.87674803121012, 'NONE', 'NONE', 'NONE', 0
'FWD_TP_COMM_INTRA_0', 'Comm', 3208.570294877078, 3208.577453160905, 0.007158283826666666, 51539607552.0, 'P2P', 'TP', 'INTRA', 2, 3, 2
'FWD_TP_COMM_INTRA_1', 'Comm', 3208.570294877078, 3208.577453160905, 0.007158283826666666, 51539607552.0, 'P2P', 'TP', 'INTRA', 2, 3, 2
'FWD_FFN', 'Compute', 3208.5846114447313, 3223.4829936993156, 14.898382254584305, 'NONE', 'NONE', 'NONE', 0
'FWD_TP_COMM_INTRA_0', 'Comm', 3223.4829936993156, 3223.4901519831424, 0.007158283826666666, 51539607552.0, 'P2P', 'TP', 'INTRA', 2, 3, 2
'FWD_TP_COMM_INTRA_1', 'Comm', 3223.4829936993156, 3223.4901519831424, 0.007158283826666666, 51539607552.0, 'P2P', 'TP', 'INTRA', 2, 3, 2
'FWD_MHA', 'Compute', 3223.4973102669687, 3249.3740582981786, 25.87674803121012, 'NONE', 'NONE', 'NONE', 0
'FWD_TP_COMM_INTRA_0', 'Comm', 3249.3740582981786, 3249.3812165820054, 0.007158283826666666, 51539607552.0, 'P2P', 'TP', 'INTRA', 2, 3, 2
'FWD_TP_COMM_INTRA_1', 'Comm', 3249.3740582981786, 3249.3812165820054, 0.007158283826666666, 51539607552.0, 'P2P', 'TP', 'INTRA', 2, 3, 2
'FWD_FFN', 'Compute', 3249.388374865832, 3264.286757120416, 14.898382254584305, 'NONE', 'NONE', 'NONE', 0
'FWD_TP_COMM_INTRA_0', 'Comm', 3264.286757120416, 3264.293915404243, 0.007158283826666666, 51539607552.0, 'P2P', 'TP', 'INTRA', 2, 3, 2
'FWD_TP_COMM_INTRA_1', 'Comm', 3264.286757120416, 3264.293915404243, 0.007158283826666666, 51539607552.0, 'P2P', 'TP', 'INTRA', 2, 3, 2
'FWD_MHA', 'Compute', 3264.301073688069, 3290.177821719279, 25.87674803121012, 'NONE', 'NONE', 'NONE', 0
'FWD_TP_COMM_INTRA_0', 'Comm', 3290.177821719279, 3290.184980003106, 0.007158283826666666, 51539607552.0, 'P2P', 'TP', 'INTRA', 2, 3, 2
'FWD_TP_COMM_INTRA_1', 'Comm', 3290.177821719279, 3290.184980003106, 0.007158283826666666, 51539607552.0, 'P2P', 'TP', 'INTRA', 2, 3, 2
'FWD_FFN', 'Compute', 3290.1921382869323, 3305.0905205415165, 14.898382254584305, 'NONE', 'NONE', 'NONE', 0
'FWD_TP_COMM_INTRA_0', 'Comm', 3305.0905205415165, 3305.0976788253433, 0.007158283826666666, 51539607552.0, 'P2P', 'TP', 'INTRA', 2, 3, 2
'FWD_TP_COMM_INTRA_1', 'Comm', 3305.0905205415165, 3305.0976788253433, 0.007158283826666666, 51539607552.0, 'P2P', 'TP', 'INTRA', 2, 3, 2
'FWD_MHA', 'Compute', 3305.1048371091697, 3330.9815851403796, 25.87674803121012, 'NONE', 'NONE', 'NONE', 0
'FWD_TP_COMM_INTRA_0', 'Comm', 3330.9815851403796, 3330.9887434242064, 0.007158283826666666, 51539607552.0, 'P2P', 'TP', 'INTRA', 2, 3, 2
'FWD_TP_COMM_INTRA_1', 'Comm', 3330.9815851403796, 3330.9887434242064, 0.007158283826666666, 51539607552.0, 'P2P', 'TP', 'INTRA', 2, 3, 2
'FWD_FFN', 'Compute', 3330.9959017080328, 3345.894283962617, 14.898382254584305, 'NONE', 'NONE', 'NONE', 0
'FWD_TP_COMM_INTRA_0', 'Comm', 3345.894283962617, 3345.901442246444, 0.007158283826666666, 51539607552.0, 'P2P', 'TP', 'INTRA', 2, 3, 2
'FWD_TP_COMM_INTRA_1', 'Comm', 3345.894283962617, 3345.901442246444, 0.007158283826666666, 51539607552.0, 'P2P', 'TP', 'INTRA', 2, 3, 2
'FWD_MHA', 'Compute', 3345.90860053027, 3371.78534856148, 25.87674803121012, 'NONE', 'NONE', 'NONE', 0
'FWD_TP_COMM_INTRA_0', 'Comm', 3371.78534856148, 3371.792506845307, 0.007158283826666666, 51539607552.0, 'P2P', 'TP', 'INTRA', 2, 3, 2
'FWD_TP_COMM_INTRA_1', 'Comm', 3371.78534856148, 3371.792506845307, 0.007158283826666666, 51539607552.0, 'P2P', 'TP', 'INTRA', 2, 3, 2
'FWD_FFN', 'Compute', 3371.7996651291332, 3386.6980473837175, 14.898382254584305, 'NONE', 'NONE', 'NONE', 0
'FWD_TP_COMM_INTRA_0', 'Comm', 3386.6980473837175, 3386.7052056675443, 0.007158283826666666, 51539607552.0, 'P2P', 'TP', 'INTRA', 2, 3, 2
'FWD_TP_COMM_INTRA_1', 'Comm', 3386.6980473837175, 3386.7052056675443, 0.007158283826666666, 51539607552.0, 'P2P', 'TP', 'INTRA', 2, 3, 2
'FWD_MHA', 'Compute', 3386.7123639513707, 3412.5891119825806, 25.87674803121012, 'NONE', 'NONE', 'NONE', 0
'FWD_TP_COMM_INTRA_0', 'Comm', 3412.5891119825806, 3412.5962702664074, 0.007158283826666666, 51539607552.0, 'P2P', 'TP', 'INTRA', 2, 3, 2
'FWD_TP_COMM_INTRA_1', 'Comm', 3412.5891119825806, 3412.5962702664074, 0.007158283826666666, 51539607552.0, 'P2P', 'TP', 'INTRA', 2, 3, 2
'FWD_FFN', 'Compute', 3412.6034285502337, 3427.501810804818, 14.898382254584305, 'NONE', 'NONE', 'NONE', 0
'FWD_TP_COMM_INTRA_0', 'Comm', 3427.501810804818, 3427.508969088645, 0.007158283826666666, 51539607552.0, 'P2P', 'TP', 'INTRA', 2, 3, 2
'FWD_TP_COMM_INTRA_1', 'Comm', 3427.501810804818, 3427.508969088645, 0.007158283826666666, 51539607552.0, 'P2P', 'TP', 'INTRA', 2, 3, 2
'FWD_MHA', 'Compute', 3427.516127372471, 3453.392875403681, 25.87674803121012, 'NONE', 'NONE', 'NONE', 0
'FWD_TP_COMM_INTRA_0', 'Comm', 3453.392875403681, 3453.400033687508, 0.007158283826666666, 51539607552.0, 'P2P', 'TP', 'INTRA', 2, 3, 2
'FWD_TP_COMM_INTRA_1', 'Comm', 3453.392875403681, 3453.400033687508, 0.007158283826666666, 51539607552.0, 'P2P', 'TP', 'INTRA', 2, 3, 2
'FWD_FFN', 'Compute', 3453.407191971334, 3468.3055742259185, 14.898382254584305, 'NONE', 'NONE', 'NONE', 0
'FWD_TP_COMM_INTRA_0', 'Comm', 3468.3055742259185, 3468.3127325097453, 0.007158283826666666, 51539607552.0, 'P2P', 'TP', 'INTRA', 2, 3, 2
'FWD_TP_COMM_INTRA_1', 'Comm', 3468.3055742259185, 3468.3127325097453, 0.007158283826666666, 51539607552.0, 'P2P', 'TP', 'INTRA', 2, 3, 2
'FWD_MHA', 'Compute', 3468.3198907935716, 3494.1966388247815, 25.87674803121012, 'NONE', 'NONE', 'NONE', 0
'FWD_TP_COMM_INTRA_0', 'Comm', 3494.1966388247815, 3494.2037971086083, 0.007158283826666666, 51539607552.0, 'P2P', 'TP', 'INTRA', 2, 3, 2
'FWD_TP_COMM_INTRA_1', 'Comm', 3494.1966388247815, 3494.2037971086083, 0.007158283826666666, 51539607552.0, 'P2P', 'TP', 'INTRA', 2, 3, 2
'FWD_FFN', 'Compute', 3494.2109553924347, 3509.109337647019, 14.898382254584305, 'NONE', 'NONE', 'NONE', 0
'FWD_TP_COMM_INTRA_0', 'Comm', 3509.109337647019, 3509.1164959308458, 0.007158283826666666, 51539607552.0, 'P2P', 'TP', 'INTRA', 2, 3, 2
'FWD_TP_COMM_INTRA_1', 'Comm', 3509.109337647019, 3509.1164959308458, 0.007158283826666666, 51539607552.0, 'P2P', 'TP', 'INTRA', 2, 3, 2
'FWD_MHA', 'Compute', 3509.123654214672, 3535.000402245882, 25.87674803121012, 'NONE', 'NONE', 'NONE', 0
'FWD_TP_COMM_INTRA_0', 'Comm', 3535.000402245882, 3535.007560529709, 0.007158283826666666, 51539607552.0, 'P2P', 'TP', 'INTRA', 2, 3, 2
'FWD_TP_COMM_INTRA_1', 'Comm', 3535.000402245882, 3535.007560529709, 0.007158283826666666, 51539607552.0, 'P2P', 'TP', 'INTRA', 2, 3, 2
'FWD_FFN', 'Compute', 3535.014718813535, 3549.9131010681194, 14.898382254584305, 'NONE', 'NONE', 'NONE', 0
'FWD_TP_COMM_INTRA_0', 'Comm', 3549.9131010681194, 3549.9202593519462, 0.007158283826666666, 51539607552.0, 'P2P', 'TP', 'INTRA', 2, 3, 2
'FWD_TP_COMM_INTRA_1', 'Comm', 3549.9131010681194, 3549.9202593519462, 0.007158283826666666, 51539607552.0, 'P2P', 'TP', 'INTRA', 2, 3, 2
'FWD_MHA', 'Compute', 3549.9274176357726, 3575.8041656669825, 25.87674803121012, 'NONE', 'NONE', 'NONE', 0
'FWD_TP_COMM_INTRA_0', 'Comm', 3575.8041656669825, 3575.8113239508093, 0.007158283826666666, 51539607552.0, 'P2P', 'TP', 'INTRA', 2, 3, 2
'FWD_TP_COMM_INTRA_1', 'Comm', 3575.8041656669825, 3575.8113239508093, 0.007158283826666666, 51539607552.0, 'P2P', 'TP', 'INTRA', 2, 3, 2
'FWD_FFN', 'Compute', 3575.8184822346357, 3590.71686448922, 14.898382254584305, 'NONE', 'NONE', 'NONE', 0
'FWD_TP_COMM_INTRA_0', 'Comm', 3590.71686448922, 3590.7240227730467, 0.007158283826666666, 51539607552.0, 'P2P', 'TP', 'INTRA', 2, 3, 2
'FWD_TP_COMM_INTRA_1', 'Comm', 3590.71686448922, 3590.7240227730467, 0.007158283826666666, 51539607552.0, 'P2P', 'TP', 'INTRA', 2, 3, 2
'FWD_MHA', 'Compute', 3590.731181056873, 3616.607929088083, 25.87674803121012, 'NONE', 'NONE', 'NONE', 0
'FWD_TP_COMM_INTRA_0', 'Comm', 3616.607929088083, 3616.61508737191, 0.007158283826666666, 51539607552.0, 'P2P', 'TP', 'INTRA', 2, 3, 2
'FWD_TP_COMM_INTRA_1', 'Comm', 3616.607929088083, 3616.61508737191, 0.007158283826666666, 51539607552.0, 'P2P', 'TP', 'INTRA', 2, 3, 2
'FWD_FFN', 'Compute', 3616.622245655736, 3631.5206279103204, 14.898382254584305, 'NONE', 'NONE', 'NONE', 0
'FWD_TP_COMM_INTRA_0', 'Comm', 3631.5206279103204, 3631.527786194147, 0.007158283826666666, 51539607552.0, 'P2P', 'TP', 'INTRA', 2, 3, 2
'FWD_TP_COMM_INTRA_1', 'Comm', 3631.5206279103204, 3631.527786194147, 0.007158283826666666, 51539607552.0, 'P2P', 'TP', 'INTRA', 2, 3, 2
'FWD_MHA', 'Compute', 3631.5349444779736, 3657.4116925091835, 25.87674803121012, 'NONE', 'NONE', 'NONE', 0
'FWD_TP_COMM_INTRA_0', 'Comm', 3657.4116925091835, 3657.4188507930103, 0.007158283826666666, 51539607552.0, 'P2P', 'TP', 'INTRA', 2, 3, 2
'FWD_TP_COMM_INTRA_1', 'Comm', 3657.4116925091835, 3657.4188507930103, 0.007158283826666666, 51539607552.0, 'P2P', 'TP', 'INTRA', 2, 3, 2
'FWD_FFN', 'Compute', 3657.4260090768366, 3672.324391331421, 14.898382254584305, 'NONE', 'NONE', 'NONE', 0
'FWD_TP_COMM_INTRA_0', 'Comm', 3672.324391331421, 3672.3315496152477, 0.007158283826666666, 51539607552.0, 'P2P', 'TP', 'INTRA', 2, 3, 2
'FWD_TP_COMM_INTRA_1', 'Comm', 3672.324391331421, 3672.3315496152477, 0.007158283826666666, 51539607552.0, 'P2P', 'TP', 'INTRA', 2, 3, 2
'FWD_MHA', 'Compute', 3672.338707899074, 3698.215455930284, 25.87674803121012, 'NONE', 'NONE', 'NONE', 0
'FWD_TP_COMM_INTRA_0', 'Comm', 3698.215455930284, 3698.2226142141108, 0.007158283826666666, 51539607552.0, 'P2P', 'TP', 'INTRA', 2, 3, 2
'FWD_TP_COMM_INTRA_1', 'Comm', 3698.215455930284, 3698.2226142141108, 0.007158283826666666, 51539607552.0, 'P2P', 'TP', 'INTRA', 2, 3, 2
'FWD_FFN', 'Compute', 3698.229772497937, 3713.1281547525214, 14.898382254584305, 'NONE', 'NONE', 'NONE', 0
'FWD_TP_COMM_INTRA_0', 'Comm', 3713.1281547525214, 3713.135313036348, 0.007158283826666666, 51539607552.0, 'P2P', 'TP', 'INTRA', 2, 3, 2
'FWD_TP_COMM_INTRA_1', 'Comm', 3713.1281547525214, 3713.135313036348, 0.007158283826666666, 51539607552.0, 'P2P', 'TP', 'INTRA', 2, 3, 2
'FWD_MHA', 'Compute', 3713.1424713201745, 3739.0192193513844, 25.87674803121012, 'NONE', 'NONE', 'NONE', 0
'FWD_TP_COMM_INTRA_0', 'Comm', 3739.0192193513844, 3739.0263776352112, 0.007158283826666666, 51539607552.0, 'P2P', 'TP', 'INTRA', 2, 3, 2
'FWD_TP_COMM_INTRA_1', 'Comm', 3739.0192193513844, 3739.0263776352112, 0.007158283826666666, 51539607552.0, 'P2P', 'TP', 'INTRA', 2, 3, 2
'FWD_FFN', 'Compute', 3739.0335359190376, 3753.931918173622, 14.898382254584305, 'NONE', 'NONE', 'NONE', 0
'FWD_TP_COMM_INTRA_0', 'Comm', 3753.931918173622, 3753.9390764574487, 0.007158283826666666, 51539607552.0, 'P2P', 'TP', 'INTRA', 2, 3, 2
'FWD_TP_COMM_INTRA_1', 'Comm', 3753.931918173622, 3753.9390764574487, 0.007158283826666666, 51539607552.0, 'P2P', 'TP', 'INTRA', 2, 3, 2
'FWD_MHA', 'Compute', 3753.946234741275, 3779.822982772485, 25.87674803121012, 'NONE', 'NONE', 'NONE', 0
'FWD_TP_COMM_INTRA_0', 'Comm', 3779.822982772485, 3779.8301410563117, 0.007158283826666666, 51539607552.0, 'P2P', 'TP', 'INTRA', 2, 3, 2
'FWD_TP_COMM_INTRA_1', 'Comm', 3779.822982772485, 3779.8301410563117, 0.007158283826666666, 51539607552.0, 'P2P', 'TP', 'INTRA', 2, 3, 2
'FWD_FFN', 'Compute', 3779.837299340138, 3794.7356815947223, 14.898382254584305, 'NONE', 'NONE', 'NONE', 0
'FWD_TP_COMM_INTRA_0', 'Comm', 3794.7356815947223, 3794.742839878549, 0.007158283826666666, 51539607552.0, 'P2P', 'TP', 'INTRA', 2, 3, 2
'FWD_TP_COMM_INTRA_1', 'Comm', 3794.7356815947223, 3794.742839878549, 0.007158283826666666, 51539607552.0, 'P2P', 'TP', 'INTRA', 2, 3, 2
'FWD_MHA', 'Compute', 3794.7499981623755, 3820.6267461935854, 25.87674803121012, 'NONE', 'NONE', 'NONE', 0
'FWD_TP_COMM_INTRA_0', 'Comm', 3820.6267461935854, 3820.633904477412, 0.007158283826666666, 51539607552.0, 'P2P', 'TP', 'INTRA', 2, 3, 2
'FWD_TP_COMM_INTRA_1', 'Comm', 3820.6267461935854, 3820.633904477412, 0.007158283826666666, 51539607552.0, 'P2P', 'TP', 'INTRA', 2, 3, 2
'FWD_FFN', 'Compute', 3820.6410627612386, 3835.539445015823, 14.898382254584305, 'NONE', 'NONE', 'NONE', 0
'FWD_TP_COMM_INTRA_0', 'Comm', 3835.539445015823, 3835.5466032996496, 0.007158283826666666, 51539607552.0, 'P2P', 'TP', 'INTRA', 2, 3, 2
'FWD_TP_COMM_INTRA_1', 'Comm', 3835.539445015823, 3835.5466032996496, 0.007158283826666666, 51539607552.0, 'P2P', 'TP', 'INTRA', 2, 3, 2
'FWD_MHA', 'Compute', 3835.553761583476, 3861.430509614686, 25.87674803121012, 'NONE', 'NONE', 'NONE', 0
'FWD_TP_COMM_INTRA_0', 'Comm', 3861.430509614686, 3861.4376678985127, 0.007158283826666666, 51539607552.0, 'P2P', 'TP', 'INTRA', 2, 3, 2
'FWD_TP_COMM_INTRA_1', 'Comm', 3861.430509614686, 3861.4376678985127, 0.007158283826666666, 51539607552.0, 'P2P', 'TP', 'INTRA', 2, 3, 2
'FWD_FFN', 'Compute', 3861.444826182339, 3876.3432084369233, 14.898382254584305, 'NONE', 'NONE', 'NONE', 0
'FWD_TP_COMM_INTRA_0', 'Comm', 3876.3432084369233, 3876.35036672075, 0.007158283826666666, 51539607552.0, 'P2P', 'TP', 'INTRA', 2, 3, 2
'FWD_TP_COMM_INTRA_1', 'Comm', 3876.3432084369233, 3876.35036672075, 0.007158283826666666, 51539607552.0, 'P2P', 'TP', 'INTRA', 2, 3, 2
'FWD_MHA', 'Compute', 3876.3575250045765, 3902.2342730357864, 25.87674803121012, 'NONE', 'NONE', 'NONE', 0
'FWD_TP_COMM_INTRA_0', 'Comm', 3902.2342730357864, 3902.241431319613, 0.007158283826666666, 51539607552.0, 'P2P', 'TP', 'INTRA', 2, 3, 2
'FWD_TP_COMM_INTRA_1', 'Comm', 3902.2342730357864, 3902.241431319613, 0.007158283826666666, 51539607552.0, 'P2P', 'TP', 'INTRA', 2, 3, 2
'FWD_FFN', 'Compute', 3902.2485896034395, 3917.146971858024, 14.898382254584305, 'NONE', 'NONE', 'NONE', 0
'FWD_TP_COMM_INTRA_0', 'Comm', 3917.146971858024, 3917.1541301418506, 0.007158283826666666, 51539607552.0, 'P2P', 'TP', 'INTRA', 2, 3, 2
'FWD_TP_COMM_INTRA_1', 'Comm', 3917.146971858024, 3917.1541301418506, 0.007158283826666666, 51539607552.0, 'P2P', 'TP', 'INTRA', 2, 3, 2
'BWD_MHA', 'Compute', 3917.161288425677, 3943.038036456887, 25.87674803121012, 'NONE', 'NONE', 'NONE', 0
'BWD_TP_COMM_INTRA_0', 'Comm', 3943.038036456887, 3943.0451947407137, 0.007158283826666666, 51539607552.0, 'P2P', 'TP', 'INTRA', 2, 3, 2
'BWD_TP_COMM_INTRA_1', 'Comm', 3943.038036456887, 3943.0451947407137, 0.007158283826666666, 51539607552.0, 'P2P', 'TP', 'INTRA', 2, 3, 2
'BWD_FFN', 'Compute', 3943.05235302454, 3957.9507352791243, 14.898382254584305, 'NONE', 'NONE', 'NONE', 0
'BWD_TP_COMM_INTRA_0', 'Comm', 3957.9507352791243, 3957.957893562951, 0.007158283826666666, 51539607552.0, 'P2P', 'TP', 'INTRA', 2, 3, 2
'BWD_TP_COMM_INTRA_1', 'Comm', 3957.9507352791243, 3957.957893562951, 0.007158283826666666, 51539607552.0, 'P2P', 'TP', 'INTRA', 2, 3, 2
'BWD_MHA', 'Compute', 3957.9650518467774, 3983.8417998779873, 25.87674803121012, 'NONE', 'NONE', 'NONE', 0
'BWD_TP_COMM_INTRA_0', 'Comm', 3983.8417998779873, 3983.848958161814, 0.007158283826666666, 51539607552.0, 'P2P', 'TP', 'INTRA', 2, 3, 2
'BWD_TP_COMM_INTRA_1', 'Comm', 3983.8417998779873, 3983.848958161814, 0.007158283826666666, 51539607552.0, 'P2P', 'TP', 'INTRA', 2, 3, 2
'BWD_FFN', 'Compute', 3983.8561164456405, 3998.7544987002248, 14.898382254584305, 'NONE', 'NONE', 'NONE', 0
'BWD_TP_COMM_INTRA_0', 'Comm', 3998.7544987002248, 3998.7616569840516, 0.007158283826666666, 51539607552.0, 'P2P', 'TP', 'INTRA', 2, 3, 2
'BWD_TP_COMM_INTRA_1', 'Comm', 3998.7544987002248, 3998.7616569840516, 0.007158283826666666, 51539607552.0, 'P2P', 'TP', 'INTRA', 2, 3, 2
'BWD_MHA', 'Compute', 3998.768815267878, 4024.645563299088, 25.87674803121012, 'NONE', 'NONE', 'NONE', 0
'BWD_TP_COMM_INTRA_0', 'Comm', 4024.645563299088, 4024.6527215829146, 0.007158283826666666, 51539607552.0, 'P2P', 'TP', 'INTRA', 2, 3, 2
'BWD_TP_COMM_INTRA_1', 'Comm', 4024.645563299088, 4024.6527215829146, 0.007158283826666666, 51539607552.0, 'P2P', 'TP', 'INTRA', 2, 3, 2
'BWD_FFN', 'Compute', 4024.659879866741, 4039.5582621213252, 14.898382254584305, 'NONE', 'NONE', 'NONE', 0
'BWD_TP_COMM_INTRA_0', 'Comm', 4039.5582621213252, 4039.565420405152, 0.007158283826666666, 51539607552.0, 'P2P', 'TP', 'INTRA', 2, 3, 2
'BWD_TP_COMM_INTRA_1', 'Comm', 4039.5582621213252, 4039.565420405152, 0.007158283826666666, 51539607552.0, 'P2P', 'TP', 'INTRA', 2, 3, 2
'BWD_MHA', 'Compute', 4039.5725786889784, 4065.4493267201883, 25.87674803121012, 'NONE', 'NONE', 'NONE', 0
'BWD_TP_COMM_INTRA_0', 'Comm', 4065.4493267201883, 4065.456485004015, 0.007158283826666666, 51539607552.0, 'P2P', 'TP', 'INTRA', 2, 3, 2
'BWD_TP_COMM_INTRA_1', 'Comm', 4065.4493267201883, 4065.456485004015, 0.007158283826666666, 51539607552.0, 'P2P', 'TP', 'INTRA', 2, 3, 2
'BWD_FFN', 'Compute', 4065.4636432878415, 4080.3620255424257, 14.898382254584305, 'NONE', 'NONE', 'NONE', 0
'BWD_TP_COMM_INTRA_0', 'Comm', 4080.3620255424257, 4080.3691838262525, 0.007158283826666666, 51539607552.0, 'P2P', 'TP', 'INTRA', 2, 3, 2
'BWD_TP_COMM_INTRA_1', 'Comm', 4080.3620255424257, 4080.3691838262525, 0.007158283826666666, 51539607552.0, 'P2P', 'TP', 'INTRA', 2, 3, 2
'BWD_MHA', 'Compute', 4080.376342110079, 4106.253090141289, 25.87674803121012, 'NONE', 'NONE', 'NONE', 0
'BWD_TP_COMM_INTRA_0', 'Comm', 4106.253090141289, 4106.260248425116, 0.007158283826666666, 51539607552.0, 'P2P', 'TP', 'INTRA', 2, 3, 2
'BWD_TP_COMM_INTRA_1', 'Comm', 4106.253090141289, 4106.260248425116, 0.007158283826666666, 51539607552.0, 'P2P', 'TP', 'INTRA', 2, 3, 2
'BWD_FFN', 'Compute', 4106.267406708943, 4121.165788963527, 14.898382254584305, 'NONE', 'NONE', 'NONE', 0
'BWD_TP_COMM_INTRA_0', 'Comm', 4121.165788963527, 4121.1729472473535, 0.007158283826666666, 51539607552.0, 'P2P', 'TP', 'INTRA', 2, 3, 2
'BWD_TP_COMM_INTRA_1', 'Comm', 4121.165788963527, 4121.1729472473535, 0.007158283826666666, 51539607552.0, 'P2P', 'TP', 'INTRA', 2, 3, 2
'BWD_MHA', 'Compute', 4121.180105531181, 4147.056853562391, 25.87674803121012, 'NONE', 'NONE', 'NONE', 0
'BWD_TP_COMM_INTRA_0', 'Comm', 4147.056853562391, 4147.064011846217, 0.007158283826666666, 51539607552.0, 'P2P', 'TP', 'INTRA', 2, 3, 2
'BWD_TP_COMM_INTRA_1', 'Comm', 4147.056853562391, 4147.064011846217, 0.007158283826666666, 51539607552.0, 'P2P', 'TP', 'INTRA', 2, 3, 2
'BWD_FFN', 'Compute', 4147.071170130044, 4161.9695523846285, 14.898382254584305, 'NONE', 'NONE', 'NONE', 0
'BWD_TP_COMM_INTRA_0', 'Comm', 4161.9695523846285, 4161.976710668455, 0.007158283826666666, 51539607552.0, 'P2P', 'TP', 'INTRA', 2, 3, 2
'BWD_TP_COMM_INTRA_1', 'Comm', 4161.9695523846285, 4161.976710668455, 0.007158283826666666, 51539607552.0, 'P2P', 'TP', 'INTRA', 2, 3, 2
'BWD_MHA', 'Compute', 4161.983868952282, 4187.860616983492, 25.87674803121012, 'NONE', 'NONE', 'NONE', 0
'BWD_TP_COMM_INTRA_0', 'Comm', 4187.860616983492, 4187.867775267318, 0.007158283826666666, 51539607552.0, 'P2P', 'TP', 'INTRA', 2, 3, 2
'BWD_TP_COMM_INTRA_1', 'Comm', 4187.860616983492, 4187.867775267318, 0.007158283826666666, 51539607552.0, 'P2P', 'TP', 'INTRA', 2, 3, 2
'BWD_FFN', 'Compute', 4187.874933551146, 4202.77331580573, 14.898382254584305, 'NONE', 'NONE', 'NONE', 0
'BWD_TP_COMM_INTRA_0', 'Comm', 4202.77331580573, 4202.780474089556, 0.007158283826666666, 51539607552.0, 'P2P', 'TP', 'INTRA', 2, 3, 2
'BWD_TP_COMM_INTRA_1', 'Comm', 4202.77331580573, 4202.780474089556, 0.007158283826666666, 51539607552.0, 'P2P', 'TP', 'INTRA', 2, 3, 2
'BWD_MHA', 'Compute', 4202.7876323733835, 4228.664380404593, 25.87674803121012, 'NONE', 'NONE', 'NONE', 0
'BWD_TP_COMM_INTRA_0', 'Comm', 4228.664380404593, 4228.67153868842, 0.007158283826666666, 51539607552.0, 'P2P', 'TP', 'INTRA', 2, 3, 2
'BWD_TP_COMM_INTRA_1', 'Comm', 4228.664380404593, 4228.67153868842, 0.007158283826666666, 51539607552.0, 'P2P', 'TP', 'INTRA', 2, 3, 2
'BWD_FFN', 'Compute', 4228.678696972247, 4243.577079226831, 14.898382254584305, 'NONE', 'NONE', 'NONE', 0
'BWD_TP_COMM_INTRA_0', 'Comm', 4243.577079226831, 4243.584237510658, 0.007158283826666666, 51539607552.0, 'P2P', 'TP', 'INTRA', 2, 3, 2
'BWD_TP_COMM_INTRA_1', 'Comm', 4243.577079226831, 4243.584237510658, 0.007158283826666666, 51539607552.0, 'P2P', 'TP', 'INTRA', 2, 3, 2
'BWD_MHA', 'Compute', 4243.591395794485, 4269.468143825695, 25.87674803121012, 'NONE', 'NONE', 'NONE', 0
'BWD_TP_COMM_INTRA_0', 'Comm', 4269.468143825695, 4269.475302109521, 0.007158283826666666, 51539607552.0, 'P2P', 'TP', 'INTRA', 2, 3, 2
'BWD_TP_COMM_INTRA_1', 'Comm', 4269.468143825695, 4269.475302109521, 0.007158283826666666, 51539607552.0, 'P2P', 'TP', 'INTRA', 2, 3, 2
'BWD_FFN', 'Compute', 4269.482460393348, 4284.380842647933, 14.898382254584305, 'NONE', 'NONE', 'NONE', 0
'BWD_TP_COMM_INTRA_0', 'Comm', 4284.380842647933, 4284.388000931759, 0.007158283826666666, 51539607552.0, 'P2P', 'TP', 'INTRA', 2, 3, 2
'BWD_TP_COMM_INTRA_1', 'Comm', 4284.380842647933, 4284.388000931759, 0.007158283826666666, 51539607552.0, 'P2P', 'TP', 'INTRA', 2, 3, 2
'BWD_MHA', 'Compute', 4284.395159215586, 4310.271907246796, 25.87674803121012, 'NONE', 'NONE', 'NONE', 0
'BWD_TP_COMM_INTRA_0', 'Comm', 4310.271907246796, 4310.279065530623, 0.007158283826666666, 51539607552.0, 'P2P', 'TP', 'INTRA', 2, 3, 2
'BWD_TP_COMM_INTRA_1', 'Comm', 4310.271907246796, 4310.279065530623, 0.007158283826666666, 51539607552.0, 'P2P', 'TP', 'INTRA', 2, 3, 2
'BWD_FFN', 'Compute', 4310.28622381445, 4325.184606069034, 14.898382254584305, 'NONE', 'NONE', 'NONE', 0
'BWD_TP_COMM_INTRA_0', 'Comm', 4325.184606069034, 4325.19176435286, 0.007158283826666666, 51539607552.0, 'P2P', 'TP', 'INTRA', 2, 3, 2
'BWD_TP_COMM_INTRA_1', 'Comm', 4325.184606069034, 4325.19176435286, 0.007158283826666666, 51539607552.0, 'P2P', 'TP', 'INTRA', 2, 3, 2
'BWD_MHA', 'Compute', 4325.198922636688, 4351.075670667898, 25.87674803121012, 'NONE', 'NONE', 'NONE', 0
'BWD_TP_COMM_INTRA_0', 'Comm', 4351.075670667898, 4351.082828951724, 0.007158283826666666, 51539607552.0, 'P2P', 'TP', 'INTRA', 2, 3, 2
'BWD_TP_COMM_INTRA_1', 'Comm', 4351.075670667898, 4351.082828951724, 0.007158283826666666, 51539607552.0, 'P2P', 'TP', 'INTRA', 2, 3, 2
'BWD_FFN', 'Compute', 4351.089987235551, 4365.9883694901355, 14.898382254584305, 'NONE', 'NONE', 'NONE', 0
'BWD_TP_COMM_INTRA_0', 'Comm', 4365.9883694901355, 4365.995527773962, 0.007158283826666666, 51539607552.0, 'P2P', 'TP', 'INTRA', 2, 3, 2
'BWD_TP_COMM_INTRA_1', 'Comm', 4365.9883694901355, 4365.995527773962, 0.007158283826666666, 51539607552.0, 'P2P', 'TP', 'INTRA', 2, 3, 2
'BWD_MHA', 'Compute', 4366.002686057789, 4391.879434088999, 25.87674803121012, 'NONE', 'NONE', 'NONE', 0
'BWD_TP_COMM_INTRA_0', 'Comm', 4391.879434088999, 4391.886592372825, 0.007158283826666666, 51539607552.0, 'P2P', 'TP', 'INTRA', 2, 3, 2
'BWD_TP_COMM_INTRA_1', 'Comm', 4391.879434088999, 4391.886592372825, 0.007158283826666666, 51539607552.0, 'P2P', 'TP', 'INTRA', 2, 3, 2
'BWD_FFN', 'Compute', 4391.893750656653, 4406.792132911237, 14.898382254584305, 'NONE', 'NONE', 'NONE', 0
'BWD_TP_COMM_INTRA_0', 'Comm', 4406.792132911237, 4406.799291195063, 0.007158283826666666, 51539607552.0, 'P2P', 'TP', 'INTRA', 2, 3, 2
'BWD_TP_COMM_INTRA_1', 'Comm', 4406.792132911237, 4406.799291195063, 0.007158283826666666, 51539607552.0, 'P2P', 'TP', 'INTRA', 2, 3, 2
'BWD_MHA', 'Compute', 4406.8064494788905, 4432.6831975101, 25.87674803121012, 'NONE', 'NONE', 'NONE', 0
'BWD_TP_COMM_INTRA_0', 'Comm', 4432.6831975101, 4432.690355793927, 0.007158283826666666, 51539607552.0, 'P2P', 'TP', 'INTRA', 2, 3, 2
'BWD_TP_COMM_INTRA_1', 'Comm', 4432.6831975101, 4432.690355793927, 0.007158283826666666, 51539607552.0, 'P2P', 'TP', 'INTRA', 2, 3, 2
'BWD_FFN', 'Compute', 4432.697514077754, 4447.595896332338, 14.898382254584305, 'NONE', 'NONE', 'NONE', 0
'BWD_TP_COMM_INTRA_0', 'Comm', 4447.595896332338, 4447.603054616165, 0.007158283826666666, 51539607552.0, 'P2P', 'TP', 'INTRA', 2, 3, 2
'BWD_TP_COMM_INTRA_1', 'Comm', 4447.595896332338, 4447.603054616165, 0.007158283826666666, 51539607552.0, 'P2P', 'TP', 'INTRA', 2, 3, 2
'BWD_MHA', 'Compute', 4447.610212899992, 4473.486960931202, 25.87674803121012, 'NONE', 'NONE', 'NONE', 0
'BWD_TP_COMM_INTRA_0', 'Comm', 4473.486960931202, 4473.494119215028, 0.007158283826666666, 51539607552.0, 'P2P', 'TP', 'INTRA', 2, 3, 2
'BWD_TP_COMM_INTRA_1', 'Comm', 4473.486960931202, 4473.494119215028, 0.007158283826666666, 51539607552.0, 'P2P', 'TP', 'INTRA', 2, 3, 2
'BWD_FFN', 'Compute', 4473.501277498855, 4488.39965975344, 14.898382254584305, 'NONE', 'NONE', 'NONE', 0
'BWD_TP_COMM_INTRA_0', 'Comm', 4488.39965975344, 4488.406818037266, 0.007158283826666666, 51539607552.0, 'P2P', 'TP', 'INTRA', 2, 3, 2
'BWD_TP_COMM_INTRA_1', 'Comm', 4488.39965975344, 4488.406818037266, 0.007158283826666666, 51539607552.0, 'P2P', 'TP', 'INTRA', 2, 3, 2
'BWD_MHA', 'Compute', 4488.413976321093, 4514.290724352303, 25.87674803121012, 'NONE', 'NONE', 'NONE', 0
'BWD_TP_COMM_INTRA_0', 'Comm', 4514.290724352303, 4514.2978826361295, 0.007158283826666666, 51539607552.0, 'P2P', 'TP', 'INTRA', 2, 3, 2
'BWD_TP_COMM_INTRA_1', 'Comm', 4514.290724352303, 4514.2978826361295, 0.007158283826666666, 51539607552.0, 'P2P', 'TP', 'INTRA', 2, 3, 2
'BWD_FFN', 'Compute', 4514.305040919957, 4529.203423174541, 14.898382254584305, 'NONE', 'NONE', 'NONE', 0
'BWD_TP_COMM_INTRA_0', 'Comm', 4529.203423174541, 4529.210581458367, 0.007158283826666666, 51539607552.0, 'P2P', 'TP', 'INTRA', 2, 3, 2
'BWD_TP_COMM_INTRA_1', 'Comm', 4529.203423174541, 4529.210581458367, 0.007158283826666666, 51539607552.0, 'P2P', 'TP', 'INTRA', 2, 3, 2
'BWD_MHA', 'Compute', 4529.217739742195, 4555.094487773405, 25.87674803121012, 'NONE', 'NONE', 'NONE', 0
'BWD_TP_COMM_INTRA_0', 'Comm', 4555.094487773405, 4555.101646057231, 0.007158283826666666, 51539607552.0, 'P2P', 'TP', 'INTRA', 2, 3, 2
'BWD_TP_COMM_INTRA_1', 'Comm', 4555.094487773405, 4555.101646057231, 0.007158283826666666, 51539607552.0, 'P2P', 'TP', 'INTRA', 2, 3, 2
'BWD_FFN', 'Compute', 4555.108804341058, 4570.007186595642, 14.898382254584305, 'NONE', 'NONE', 'NONE', 0
'BWD_TP_COMM_INTRA_0', 'Comm', 4570.007186595642, 4570.014344879469, 0.007158283826666666, 51539607552.0, 'P2P', 'TP', 'INTRA', 2, 3, 2
'BWD_TP_COMM_INTRA_1', 'Comm', 4570.007186595642, 4570.014344879469, 0.007158283826666666, 51539607552.0, 'P2P', 'TP', 'INTRA', 2, 3, 2
'BWD_MHA', 'Compute', 4570.021503163296, 4595.898251194506, 25.87674803121012, 'NONE', 'NONE', 'NONE', 0
'BWD_TP_COMM_INTRA_0', 'Comm', 4595.898251194506, 4595.905409478332, 0.007158283826666666, 51539607552.0, 'P2P', 'TP', 'INTRA', 2, 3, 2
'BWD_TP_COMM_INTRA_1', 'Comm', 4595.898251194506, 4595.905409478332, 0.007158283826666666, 51539607552.0, 'P2P', 'TP', 'INTRA', 2, 3, 2
'BWD_FFN', 'Compute', 4595.91256776216, 4610.810950016744, 14.898382254584305, 'NONE', 'NONE', 'NONE', 0
'BWD_TP_COMM_INTRA_0', 'Comm', 4610.810950016744, 4610.81810830057, 0.007158283826666666, 51539607552.0, 'P2P', 'TP', 'INTRA', 2, 3, 2
'BWD_TP_COMM_INTRA_1', 'Comm', 4610.810950016744, 4610.81810830057, 0.007158283826666666, 51539607552.0, 'P2P', 'TP', 'INTRA', 2, 3, 2
'BWD_MHA', 'Compute', 4610.8252665843975, 4636.702014615607, 25.87674803121012, 'NONE', 'NONE', 'NONE', 0
'BWD_TP_COMM_INTRA_0', 'Comm', 4636.702014615607, 4636.709172899434, 0.007158283826666666, 51539607552.0, 'P2P', 'TP', 'INTRA', 2, 3, 2
'BWD_TP_COMM_INTRA_1', 'Comm', 4636.702014615607, 4636.709172899434, 0.007158283826666666, 51539607552.0, 'P2P', 'TP', 'INTRA', 2, 3, 2
'BWD_FFN', 'Compute', 4636.716331183261, 4651.614713437845, 14.898382254584305, 'NONE', 'NONE', 'NONE', 0
'BWD_TP_COMM_INTRA_0', 'Comm', 4651.614713437845, 4651.621871721672, 0.007158283826666666, 51539607552.0, 'P2P', 'TP', 'INTRA', 2, 3, 2
'BWD_TP_COMM_INTRA_1', 'Comm', 4651.614713437845, 4651.621871721672, 0.007158283826666666, 51539607552.0, 'P2P', 'TP', 'INTRA', 2, 3, 2
'BWD_MHA', 'Compute', 4651.629030005499, 4677.505778036709, 25.87674803121012, 'NONE', 'NONE', 'NONE', 0
'BWD_TP_COMM_INTRA_0', 'Comm', 4677.505778036709, 4677.512936320535, 0.007158283826666666, 51539607552.0, 'P2P', 'TP', 'INTRA', 2, 3, 2
'BWD_TP_COMM_INTRA_1', 'Comm', 4677.505778036709, 4677.512936320535, 0.007158283826666666, 51539607552.0, 'P2P', 'TP', 'INTRA', 2, 3, 2
'BWD_FFN', 'Compute', 4677.520094604362, 4692.418476858947, 14.898382254584305, 'NONE', 'NONE', 'NONE', 0
'BWD_TP_COMM_INTRA_0', 'Comm', 4692.418476858947, 4692.425635142773, 0.007158283826666666, 51539607552.0, 'P2P', 'TP', 'INTRA', 2, 3, 2
'BWD_TP_COMM_INTRA_1', 'Comm', 4692.418476858947, 4692.425635142773, 0.007158283826666666, 51539607552.0, 'P2P', 'TP', 'INTRA', 2, 3, 2
'BWD_MHA', 'Compute', 4692.4327934266, 4718.30954145781, 25.87674803121012, 'NONE', 'NONE', 'NONE', 0
'BWD_TP_COMM_INTRA_0', 'Comm', 4718.30954145781, 4718.3166997416365, 0.007158283826666666, 51539607552.0, 'P2P', 'TP', 'INTRA', 2, 3, 2
'BWD_TP_COMM_INTRA_1', 'Comm', 4718.30954145781, 4718.3166997416365, 0.007158283826666666, 51539607552.0, 'P2P', 'TP', 'INTRA', 2, 3, 2
'BWD_FFN', 'Compute', 4718.323858025464, 4733.222240280048, 14.898382254584305, 'NONE', 'NONE', 'NONE', 0
'BWD_TP_COMM_INTRA_0', 'Comm', 4733.222240280048, 4733.229398563874, 0.007158283826666666, 51539607552.0, 'P2P', 'TP', 'INTRA', 2, 3, 2
'BWD_TP_COMM_INTRA_1', 'Comm', 4733.222240280048, 4733.229398563874, 0.007158283826666666, 51539607552.0, 'P2P', 'TP', 'INTRA', 2, 3, 2
'BWD_MHA', 'Compute', 4733.236556847702, 4759.113304878912, 25.87674803121012, 'NONE', 'NONE', 'NONE', 0
'BWD_TP_COMM_INTRA_0', 'Comm', 4759.113304878912, 4759.120463162738, 0.007158283826666666, 51539607552.0, 'P2P', 'TP', 'INTRA', 2, 3, 2
'BWD_TP_COMM_INTRA_1', 'Comm', 4759.113304878912, 4759.120463162738, 0.007158283826666666, 51539607552.0, 'P2P', 'TP', 'INTRA', 2, 3, 2
'BWD_FFN', 'Compute', 4759.127621446565, 4774.026003701149, 14.898382254584305, 'NONE', 'NONE', 'NONE', 0
'BWD_TP_COMM_INTRA_0', 'Comm', 4774.026003701149, 4774.033161984976, 0.007158283826666666, 51539607552.0, 'P2P', 'TP', 'INTRA', 2, 3, 2
'BWD_TP_COMM_INTRA_1', 'Comm', 4774.026003701149, 4774.033161984976, 0.007158283826666666, 51539607552.0, 'P2P', 'TP', 'INTRA', 2, 3, 2
'BWD_MHA', 'Compute', 4774.040320268803, 4799.917068300013, 25.87674803121012, 'NONE', 'NONE', 'NONE', 0
'BWD_TP_COMM_INTRA_0', 'Comm', 4799.917068300013, 4799.924226583839, 0.007158283826666666, 51539607552.0, 'P2P', 'TP', 'INTRA', 2, 3, 2
'BWD_TP_COMM_INTRA_1', 'Comm', 4799.917068300013, 4799.924226583839, 0.007158283826666666, 51539607552.0, 'P2P', 'TP', 'INTRA', 2, 3, 2
'BWD_FFN', 'Compute', 4799.931384867667, 4814.829767122251, 14.898382254584305, 'NONE', 'NONE', 'NONE', 0
'BWD_TP_COMM_INTRA_0', 'Comm', 4814.829767122251, 4814.836925406077, 0.007158283826666666, 51539607552.0, 'P2P', 'TP', 'INTRA', 2, 3, 2
'BWD_TP_COMM_INTRA_1', 'Comm', 4814.829767122251, 4814.836925406077, 0.007158283826666666, 51539607552.0, 'P2P', 'TP', 'INTRA', 2, 3, 2
'BWD_MHA', 'Compute', 4814.844083689904, 4840.720831721114, 25.87674803121012, 'NONE', 'NONE', 'NONE', 0
'BWD_TP_COMM_INTRA_0', 'Comm', 4840.720831721114, 4840.727990004941, 0.007158283826666666, 51539607552.0, 'P2P', 'TP', 'INTRA', 2, 3, 2
'BWD_TP_COMM_INTRA_1', 'Comm', 4840.720831721114, 4840.727990004941, 0.007158283826666666, 51539607552.0, 'P2P', 'TP', 'INTRA', 2, 3, 2
'BWD_FFN', 'Compute', 4840.735148288768, 4855.633530543352, 14.898382254584305, 'NONE', 'NONE', 'NONE', 0
'BWD_TP_COMM_INTRA_0', 'Comm', 4855.633530543352, 4855.640688827179, 0.007158283826666666, 51539607552.0, 'P2P', 'TP', 'INTRA', 2, 3, 2
'BWD_TP_COMM_INTRA_1', 'Comm', 4855.633530543352, 4855.640688827179, 0.007158283826666666, 51539607552.0, 'P2P', 'TP', 'INTRA', 2, 3, 2
'BWD_MHA', 'Compute', 4855.647847111006, 4881.524595142216, 25.87674803121012, 'NONE', 'NONE', 'NONE', 0
'BWD_TP_COMM_INTRA_0', 'Comm', 4881.524595142216, 4881.531753426042, 0.007158283826666666, 51539607552.0, 'P2P', 'TP', 'INTRA', 2, 3, 2
'BWD_TP_COMM_INTRA_1', 'Comm', 4881.524595142216, 4881.531753426042, 0.007158283826666666, 51539607552.0, 'P2P', 'TP', 'INTRA', 2, 3, 2
'BWD_FFN', 'Compute', 4881.538911709869, 4896.437293964454, 14.898382254584305, 'NONE', 'NONE', 'NONE', 0
'BWD_TP_COMM_INTRA_0', 'Comm', 4896.437293964454, 4896.44445224828, 0.007158283826666666, 51539607552.0, 'P2P', 'TP', 'INTRA', 2, 3, 2
'BWD_TP_COMM_INTRA_1', 'Comm', 4896.437293964454, 4896.44445224828, 0.007158283826666666, 51539607552.0, 'P2P', 'TP', 'INTRA', 2, 3, 2
'BWD_MHA', 'Compute', 4896.451610532107, 4922.328358563317, 25.87674803121012, 'NONE', 'NONE', 'NONE', 0
'BWD_TP_COMM_INTRA_0', 'Comm', 4922.328358563317, 4922.3355168471435, 0.007158283826666666, 51539607552.0, 'P2P', 'TP', 'INTRA', 2, 3, 2
'BWD_TP_COMM_INTRA_1', 'Comm', 4922.328358563317, 4922.3355168471435, 0.007158283826666666, 51539607552.0, 'P2P', 'TP', 'INTRA', 2, 3, 2
'BWD_FFN', 'Compute', 4922.342675130971, 4937.241057385555, 14.898382254584305, 'NONE', 'NONE', 'NONE', 0
'BWD_TP_COMM_INTRA_0', 'Comm', 4937.241057385555, 4937.248215669381, 0.007158283826666666, 51539607552.0, 'P2P', 'TP', 'INTRA', 2, 3, 2
'BWD_TP_COMM_INTRA_1', 'Comm', 4937.241057385555, 4937.248215669381, 0.007158283826666666, 51539607552.0, 'P2P', 'TP', 'INTRA', 2, 3, 2
'BWD_MHA', 'Compute', 4937.255373953209, 4963.1321219844185, 25.87674803121012, 'NONE', 'NONE', 'NONE', 0
'BWD_TP_COMM_INTRA_0', 'Comm', 4963.1321219844185, 4963.139280268245, 0.007158283826666666, 51539607552.0, 'P2P', 'TP', 'INTRA', 2, 3, 2
'BWD_TP_COMM_INTRA_1', 'Comm', 4963.1321219844185, 4963.139280268245, 0.007158283826666666, 51539607552.0, 'P2P', 'TP', 'INTRA', 2, 3, 2
'BWD_FFN', 'Compute', 4963.146438552072, 4978.044820806656, 14.898382254584305, 'NONE', 'NONE', 'NONE', 0
'BWD_TP_COMM_INTRA_0', 'Comm', 4978.044820806656, 4978.051979090483, 0.007158283826666666, 51539607552.0, 'P2P', 'TP', 'INTRA', 2, 3, 2
'BWD_TP_COMM_INTRA_1', 'Comm', 4978.044820806656, 4978.051979090483, 0.007158283826666666, 51539607552.0, 'P2P', 'TP', 'INTRA', 2, 3, 2
'BWD_MHA', 'Compute', 4978.05913737431, 5003.93588540552, 25.87674803121012, 'NONE', 'NONE', 'NONE', 0
'BWD_TP_COMM_INTRA_0', 'Comm', 5003.93588540552, 5003.943043689346, 0.007158283826666666, 51539607552.0, 'P2P', 'TP', 'INTRA', 2, 3, 2
'BWD_TP_COMM_INTRA_1', 'Comm', 5003.93588540552, 5003.943043689346, 0.007158283826666666, 51539607552.0, 'P2P', 'TP', 'INTRA', 2, 3, 2
'BWD_FFN', 'Compute', 5003.9502019731735, 5018.848584227758, 14.898382254584305, 'NONE', 'NONE', 'NONE', 0
'BWD_TP_COMM_INTRA_0', 'Comm', 5018.848584227758, 5018.855742511584, 0.007158283826666666, 51539607552.0, 'P2P', 'TP', 'INTRA', 2, 3, 2
'BWD_TP_COMM_INTRA_1', 'Comm', 5018.848584227758, 5018.855742511584, 0.007158283826666666, 51539607552.0, 'P2P', 'TP', 'INTRA', 2, 3, 2
'BWD_MHA', 'Compute', 5018.862900795411, 5044.739648826621, 25.87674803121012, 'NONE', 'NONE', 'NONE', 0
'BWD_TP_COMM_INTRA_0', 'Comm', 5044.739648826621, 5044.746807110448, 0.007158283826666666, 51539607552.0, 'P2P', 'TP', 'INTRA', 2, 3, 2
'BWD_TP_COMM_INTRA_1', 'Comm', 5044.739648826621, 5044.746807110448, 0.007158283826666666, 51539607552.0, 'P2P', 'TP', 'INTRA', 2, 3, 2
'BWD_FFN', 'Compute', 5044.753965394275, 5059.652347648859, 14.898382254584305, 'NONE', 'NONE', 'NONE', 0
'BWD_TP_COMM_INTRA_0', 'Comm', 5059.652347648859, 5059.6595059326855, 0.007158283826666666, 51539607552.0, 'P2P', 'TP', 'INTRA', 2, 3, 2
'BWD_TP_COMM_INTRA_1', 'Comm', 5059.652347648859, 5059.6595059326855, 0.007158283826666666, 51539607552.0, 'P2P', 'TP', 'INTRA', 2, 3, 2
'BWD_MHA', 'Compute', 5059.666664216513, 5085.543412247723, 25.87674803121012, 'NONE', 'NONE', 'NONE', 0
'BWD_TP_COMM_INTRA_0', 'Comm', 5085.543412247723, 5085.550570531549, 0.007158283826666666, 51539607552.0, 'P2P', 'TP', 'INTRA', 2, 3, 2
'BWD_TP_COMM_INTRA_1', 'Comm', 5085.543412247723, 5085.550570531549, 0.007158283826666666, 51539607552.0, 'P2P', 'TP', 'INTRA', 2, 3, 2
'BWD_FFN', 'Compute', 5085.557728815376, 5100.456111069961, 14.898382254584305, 'NONE', 'NONE', 'NONE', 0
'BWD_TP_COMM_INTRA_0', 'Comm', 5100.456111069961, 5100.463269353787, 0.007158283826666666, 51539607552.0, 'P2P', 'TP', 'INTRA', 2, 3, 2
'BWD_TP_COMM_INTRA_1', 'Comm', 5100.456111069961, 5100.463269353787, 0.007158283826666666, 51539607552.0, 'P2P', 'TP', 'INTRA', 2, 3, 2
'BWD_MHA', 'Compute', 5100.470427637614, 5126.347175668824, 25.87674803121012, 'NONE', 'NONE', 'NONE', 0
'BWD_TP_COMM_INTRA_0', 'Comm', 5126.347175668824, 5126.35433395265, 0.007158283826666666, 51539607552.0, 'P2P', 'TP', 'INTRA', 2, 3, 2
'BWD_TP_COMM_INTRA_1', 'Comm', 5126.347175668824, 5126.35433395265, 0.007158283826666666, 51539607552.0, 'P2P', 'TP', 'INTRA', 2, 3, 2
'BWD_FFN', 'Compute', 5126.361492236478, 5141.259874491062, 14.898382254584305, 'NONE', 'NONE', 'NONE', 0
'BWD_TP_COMM_INTRA_0', 'Comm', 5141.259874491062, 5141.267032774888, 0.007158283826666666, 51539607552.0, 'P2P', 'TP', 'INTRA', 2, 3, 2
'BWD_TP_COMM_INTRA_1', 'Comm', 5141.259874491062, 5141.267032774888, 0.007158283826666666, 51539607552.0, 'P2P', 'TP', 'INTRA', 2, 3, 2
'BWD_MHA', 'Compute', 5141.274191058716, 5167.1509390899255, 25.87674803121012, 'NONE', 'NONE', 'NONE', 0
'BWD_TP_COMM_INTRA_0', 'Comm', 5167.1509390899255, 5167.158097373752, 0.007158283826666666, 51539607552.0, 'P2P', 'TP', 'INTRA', 2, 3, 2
'BWD_TP_COMM_INTRA_1', 'Comm', 5167.1509390899255, 5167.158097373752, 0.007158283826666666, 51539607552.0, 'P2P', 'TP', 'INTRA', 2, 3, 2
'BWD_FFN', 'Compute', 5167.165255657579, 5182.063637912163, 14.898382254584305, 'NONE', 'NONE', 'NONE', 0
'BWD_TP_COMM_INTRA_0', 'Comm', 5182.063637912163, 5182.07079619599, 0.007158283826666666, 51539607552.0, 'P2P', 'TP', 'INTRA', 2, 3, 2
'BWD_TP_COMM_INTRA_1', 'Comm', 5182.063637912163, 5182.07079619599, 0.007158283826666666, 51539607552.0, 'P2P', 'TP', 'INTRA', 2, 3, 2
'BWD_MHA', 'Compute', 5182.077954479817, 5207.954702511027, 25.87674803121012, 'NONE', 'NONE', 'NONE', 0
'BWD_TP_COMM_INTRA_0', 'Comm', 5207.954702511027, 5207.961860794853, 0.007158283826666666, 51539607552.0, 'P2P', 'TP', 'INTRA', 2, 3, 2
'BWD_TP_COMM_INTRA_1', 'Comm', 5207.954702511027, 5207.961860794853, 0.007158283826666666, 51539607552.0, 'P2P', 'TP', 'INTRA', 2, 3, 2
'BWD_FFN', 'Compute', 5207.9690190786805, 5222.867401333265, 14.898382254584305, 'NONE', 'NONE', 'NONE', 0
'BWD_TP_COMM_INTRA_0', 'Comm', 5222.867401333265, 5222.874559617091, 0.007158283826666666, 51539607552.0, 'P2P', 'TP', 'INTRA', 2, 3, 2
'BWD_TP_COMM_INTRA_1', 'Comm', 5222.867401333265, 5222.874559617091, 0.007158283826666666, 51539607552.0, 'P2P', 'TP', 'INTRA', 2, 3, 2
'BWD_MHA', 'Compute', 5222.881717900918, 5248.758465932128, 25.87674803121012, 'NONE', 'NONE', 'NONE', 0
'BWD_TP_COMM_INTRA_0', 'Comm', 5248.758465932128, 5248.765624215955, 0.007158283826666666, 51539607552.0, 'P2P', 'TP', 'INTRA', 2, 3, 2
'BWD_TP_COMM_INTRA_1', 'Comm', 5248.758465932128, 5248.765624215955, 0.007158283826666666, 51539607552.0, 'P2P', 'TP', 'INTRA', 2, 3, 2
'BWD_FFN', 'Compute', 5248.772782499782, 5263.671164754366, 14.898382254584305, 'NONE', 'NONE', 'NONE', 0
'BWD_TP_COMM_INTRA_0', 'Comm', 5263.671164754366, 5263.6783230381925, 0.007158283826666666, 51539607552.0, 'P2P', 'TP', 'INTRA', 2, 3, 2
'BWD_TP_COMM_INTRA_1', 'Comm', 5263.671164754366, 5263.6783230381925, 0.007158283826666666, 51539607552.0, 'P2P', 'TP', 'INTRA', 2, 3, 2
'BWD_MHA', 'Compute', 5263.68548132202, 5289.56222935323, 25.87674803121012, 'NONE', 'NONE', 'NONE', 0
'BWD_TP_COMM_INTRA_0', 'Comm', 5289.56222935323, 5289.569387637056, 0.007158283826666666, 51539607552.0, 'P2P', 'TP', 'INTRA', 2, 3, 2
'BWD_TP_COMM_INTRA_1', 'Comm', 5289.56222935323, 5289.569387637056, 0.007158283826666666, 51539607552.0, 'P2P', 'TP', 'INTRA', 2, 3, 2
'BWD_FFN', 'Compute', 5289.576545920883, 5304.4749281754675, 14.898382254584305, 'NONE', 'NONE', 'NONE', 0
'BWD_TP_COMM_INTRA_0', 'Comm', 5304.4749281754675, 5304.482086459294, 0.007158283826666666, 51539607552.0, 'P2P', 'TP', 'INTRA', 2, 3, 2
'BWD_TP_COMM_INTRA_1', 'Comm', 5304.4749281754675, 5304.482086459294, 0.007158283826666666, 51539607552.0, 'P2P', 'TP', 'INTRA', 2, 3, 2
'BWD_MHA', 'Compute', 5304.489244743121, 5330.365992774331, 25.87674803121012, 'NONE', 'NONE', 'NONE', 0
'BWD_TP_COMM_INTRA_0', 'Comm', 5330.365992774331, 5330.373151058157, 0.007158283826666666, 51539607552.0, 'P2P', 'TP', 'INTRA', 2, 3, 2
'BWD_TP_COMM_INTRA_1', 'Comm', 5330.365992774331, 5330.373151058157, 0.007158283826666666, 51539607552.0, 'P2P', 'TP', 'INTRA', 2, 3, 2
'BWD_FFN', 'Compute', 5330.380309341985, 5345.278691596569, 14.898382254584305, 'NONE', 'NONE', 'NONE', 0
'BWD_TP_COMM_INTRA_0', 'Comm', 5345.278691596569, 5345.285849880395, 0.007158283826666666, 51539607552.0, 'P2P', 'TP', 'INTRA', 2, 3, 2
'BWD_TP_COMM_INTRA_1', 'Comm', 5345.278691596569, 5345.285849880395, 0.007158283826666666, 51539607552.0, 'P2P', 'TP', 'INTRA', 2, 3, 2
'BWD_MHA', 'Compute', 5345.293008164223, 5371.1697561954325, 25.87674803121012, 'NONE', 'NONE', 'NONE', 0
'BWD_TP_COMM_INTRA_0', 'Comm', 5371.1697561954325, 5371.176914479259, 0.007158283826666666, 51539607552.0, 'P2P', 'TP', 'INTRA', 2, 3, 2
'BWD_TP_COMM_INTRA_1', 'Comm', 5371.1697561954325, 5371.176914479259, 0.007158283826666666, 51539607552.0, 'P2P', 'TP', 'INTRA', 2, 3, 2
'BWD_FFN', 'Compute', 5371.184072763086, 5386.08245501767, 14.898382254584305, 'NONE', 'NONE', 'NONE', 0
'BWD_TP_COMM_INTRA_0', 'Comm', 5386.08245501767, 5386.089613301497, 0.007158283826666666, 51539607552.0, 'P2P', 'TP', 'INTRA', 2, 3, 2
'BWD_TP_COMM_INTRA_1', 'Comm', 5386.08245501767, 5386.089613301497, 0.007158283826666666, 51539607552.0, 'P2P', 'TP', 'INTRA', 2, 3, 2
'BWD_MHA', 'Compute', 5386.096771585324, 5411.973519616534, 25.87674803121012, 'NONE', 'NONE', 'NONE', 0
'BWD_TP_COMM_INTRA_0', 'Comm', 5411.973519616534, 5411.98067790036, 0.007158283826666666, 51539607552.0, 'P2P', 'TP', 'INTRA', 2, 3, 2
'BWD_TP_COMM_INTRA_1', 'Comm', 5411.973519616534, 5411.98067790036, 0.007158283826666666, 51539607552.0, 'P2P', 'TP', 'INTRA', 2, 3, 2
'BWD_FFN', 'Compute', 5411.9878361841875, 5426.886218438772, 14.898382254584305, 'NONE', 'NONE', 'NONE', 0
'BWD_TP_COMM_INTRA_0', 'Comm', 5426.886218438772, 5426.893376722598, 0.007158283826666666, 51539607552.0, 'P2P', 'TP', 'INTRA', 2, 3, 2
'BWD_TP_COMM_INTRA_1', 'Comm', 5426.886218438772, 5426.893376722598, 0.007158283826666666, 51539607552.0, 'P2P', 'TP', 'INTRA', 2, 3, 2
'BWD_MHA', 'Compute', 5426.900535006425, 5452.777283037635, 25.87674803121012, 'NONE', 'NONE', 'NONE', 0
'BWD_TP_COMM_INTRA_0', 'Comm', 5452.777283037635, 5452.784441321462, 0.007158283826666666, 51539607552.0, 'P2P', 'TP', 'INTRA', 2, 3, 2
'BWD_TP_COMM_INTRA_1', 'Comm', 5452.777283037635, 5452.784441321462, 0.007158283826666666, 51539607552.0, 'P2P', 'TP', 'INTRA', 2, 3, 2
'BWD_FFN', 'Compute', 5452.791599605289, 5467.689981859873, 14.898382254584305, 'NONE', 'NONE', 'NONE', 0
'BWD_TP_COMM_INTRA_0', 'Comm', 5467.689981859873, 5467.6971401436995, 0.007158283826666666, 51539607552.0, 'P2P', 'TP', 'INTRA', 2, 3, 2
'BWD_TP_COMM_INTRA_1', 'Comm', 5467.689981859873, 5467.6971401436995, 0.007158283826666666, 51539607552.0, 'P2P', 'TP', 'INTRA', 2, 3, 2
'BWD_MHA', 'Compute', 5467.704298427527, 5493.581046458737, 25.87674803121012, 'NONE', 'NONE', 'NONE', 0
'BWD_TP_COMM_INTRA_0', 'Comm', 5493.581046458737, 5493.588204742563, 0.007158283826666666, 51539607552.0, 'P2P', 'TP', 'INTRA', 2, 3, 2
'BWD_TP_COMM_INTRA_1', 'Comm', 5493.581046458737, 5493.588204742563, 0.007158283826666666, 51539607552.0, 'P2P', 'TP', 'INTRA', 2, 3, 2
'BWD_FFN', 'Compute', 5493.59536302639, 5508.4937452809745, 14.898382254584305, 'NONE', 'NONE', 'NONE', 0
'BWD_TP_COMM_INTRA_0', 'Comm', 5508.4937452809745, 5508.500903564801, 0.007158283826666666, 51539607552.0, 'P2P', 'TP', 'INTRA', 2, 3, 2
'BWD_TP_COMM_INTRA_1', 'Comm', 5508.4937452809745, 5508.500903564801, 0.007158283826666666, 51539607552.0, 'P2P', 'TP', 'INTRA', 2, 3, 2
'BWD_MHA', 'Compute', 5508.508061848628, 5534.384809879838, 25.87674803121012, 'NONE', 'NONE', 'NONE', 0
'BWD_TP_COMM_INTRA_0', 'Comm', 5534.384809879838, 5534.391968163664, 0.007158283826666666, 51539607552.0, 'P2P', 'TP', 'INTRA', 2, 3, 2
'BWD_TP_COMM_INTRA_1', 'Comm', 5534.384809879838, 5534.391968163664, 0.007158283826666666, 51539607552.0, 'P2P', 'TP', 'INTRA', 2, 3, 2
'BWD_FFN', 'Compute', 5534.399126447492, 5549.297508702076, 14.898382254584305, 'NONE', 'NONE', 'NONE', 0
'BWD_TP_COMM_INTRA_0', 'Comm', 5549.297508702076, 5549.304666985902, 0.007158283826666666, 51539607552.0, 'P2P', 'TP', 'INTRA', 2, 3, 2
'BWD_TP_COMM_INTRA_1', 'Comm', 5549.297508702076, 5549.304666985902, 0.007158283826666666, 51539607552.0, 'P2P', 'TP', 'INTRA', 2, 3, 2
'BWD_MHA', 'Compute', 5549.3118252697295, 5575.188573300939, 25.87674803121012, 'NONE', 'NONE', 'NONE', 0
'BWD_TP_COMM_INTRA_0', 'Comm', 5575.188573300939, 5575.195731584766, 0.007158283826666666, 51539607552.0, 'P2P', 'TP', 'INTRA', 2, 3, 2
'BWD_TP_COMM_INTRA_1', 'Comm', 5575.188573300939, 5575.195731584766, 0.007158283826666666, 51539607552.0, 'P2P', 'TP', 'INTRA', 2, 3, 2
'BWD_FFN', 'Compute', 5575.202889868593, 5590.101272123177, 14.898382254584305, 'NONE', 'NONE', 'NONE', 0
'BWD_TP_COMM_INTRA_0', 'Comm', 5590.101272123177, 5590.108430407004, 0.007158283826666666, 51539607552.0, 'P2P', 'TP', 'INTRA', 2, 3, 2
'BWD_TP_COMM_INTRA_1', 'Comm', 5590.101272123177, 5590.108430407004, 0.007158283826666666, 51539607552.0, 'P2P', 'TP', 'INTRA', 2, 3, 2
'BWD_MHA', 'Compute', 5590.115588690831, 5615.992336722041, 25.87674803121012, 'NONE', 'NONE', 'NONE', 0
'BWD_TP_COMM_INTRA_0', 'Comm', 5615.992336722041, 5615.999495005867, 0.007158283826666666, 51539607552.0, 'P2P', 'TP', 'INTRA', 2, 3, 2
'BWD_TP_COMM_INTRA_1', 'Comm', 5615.992336722041, 5615.999495005867, 0.007158283826666666, 51539607552.0, 'P2P', 'TP', 'INTRA', 2, 3, 2
'BWD_FFN', 'Compute', 5616.006653289694, 5630.905035544279, 14.898382254584305, 'NONE', 'NONE', 'NONE', 0
'BWD_TP_COMM_INTRA_0', 'Comm', 5630.905035544279, 5630.912193828105, 0.007158283826666666, 51539607552.0, 'P2P', 'TP', 'INTRA', 2, 3, 2
'BWD_TP_COMM_INTRA_1', 'Comm', 5630.905035544279, 5630.912193828105, 0.007158283826666666, 51539607552.0, 'P2P', 'TP', 'INTRA', 2, 3, 2
'BWD_MHA', 'Compute', 5630.919352111932, 5656.796100143142, 25.87674803121012, 'NONE', 'NONE', 'NONE', 0
'BWD_TP_COMM_INTRA_0', 'Comm', 5656.796100143142, 5656.803258426969, 0.007158283826666666, 51539607552.0, 'P2P', 'TP', 'INTRA', 2, 3, 2
'BWD_TP_COMM_INTRA_1', 'Comm', 5656.796100143142, 5656.803258426969, 0.007158283826666666, 51539607552.0, 'P2P', 'TP', 'INTRA', 2, 3, 2
'BWD_FFN', 'Compute', 5656.810416710796, 5671.70879896538, 14.898382254584305, 'NONE', 'NONE', 'NONE', 0
'BWD_TP_COMM_INTRA_0', 'Comm', 5671.70879896538, 5671.715957249206, 0.007158283826666666, 51539607552.0, 'P2P', 'TP', 'INTRA', 2, 3, 2
'BWD_TP_COMM_INTRA_1', 'Comm', 5671.70879896538, 5671.715957249206, 0.007158283826666666, 51539607552.0, 'P2P', 'TP', 'INTRA', 2, 3, 2
'BWD_MHA', 'Compute', 5671.723115533034, 5697.599863564244, 25.87674803121012, 'NONE', 'NONE', 'NONE', 0
'BWD_TP_COMM_INTRA_0', 'Comm', 5697.599863564244, 5697.60702184807, 0.007158283826666666, 51539607552.0, 'P2P', 'TP', 'INTRA', 2, 3, 2
'BWD_TP_COMM_INTRA_1', 'Comm', 5697.599863564244, 5697.60702184807, 0.007158283826666666, 51539607552.0, 'P2P', 'TP', 'INTRA', 2, 3, 2
'BWD_FFN', 'Compute', 5697.614180131897, 5712.5125623864815, 14.898382254584305, 'NONE', 'NONE', 'NONE', 0
'BWD_TP_COMM_INTRA_0', 'Comm', 5712.5125623864815, 5712.519720670308, 0.007158283826666666, 51539607552.0, 'P2P', 'TP', 'INTRA', 2, 3, 2
'BWD_TP_COMM_INTRA_1', 'Comm', 5712.5125623864815, 5712.519720670308, 0.007158283826666666, 51539607552.0, 'P2P', 'TP', 'INTRA', 2, 3, 2
'BWD_MHA', 'Compute', 5712.526878954135, 5738.403626985345, 25.87674803121012, 'NONE', 'NONE', 'NONE', 0
'BWD_TP_COMM_INTRA_0', 'Comm', 5738.403626985345, 5738.410785269171, 0.007158283826666666, 51539607552.0, 'P2P', 'TP', 'INTRA', 2, 3, 2
'BWD_TP_COMM_INTRA_1', 'Comm', 5738.403626985345, 5738.410785269171, 0.007158283826666666, 51539607552.0, 'P2P', 'TP', 'INTRA', 2, 3, 2
'BWD_FFN', 'Compute', 5738.417943552999, 5753.316325807583, 14.898382254584305, 'NONE', 'NONE', 'NONE', 0
'BWD_TP_COMM_INTRA_0', 'Comm', 5753.316325807583, 5753.323484091409, 0.007158283826666666, 51539607552.0, 'P2P', 'TP', 'INTRA', 2, 3, 2
'BWD_TP_COMM_INTRA_1', 'Comm', 5753.316325807583, 5753.323484091409, 0.007158283826666666, 51539607552.0, 'P2P', 'TP', 'INTRA', 2, 3, 2
'BWD_MHA', 'Compute', 5753.3306423752365, 5779.207390406446, 25.87674803121012, 'NONE', 'NONE', 'NONE', 0
'BWD_TP_COMM_INTRA_0', 'Comm', 5779.207390406446, 5779.214548690273, 0.007158283826666666, 51539607552.0, 'P2P', 'TP', 'INTRA', 2, 3, 2
'BWD_TP_COMM_INTRA_1', 'Comm', 5779.207390406446, 5779.214548690273, 0.007158283826666666, 51539607552.0, 'P2P', 'TP', 'INTRA', 2, 3, 2
'BWD_FFN', 'Compute', 5779.2217069741, 5794.120089228684, 14.898382254584305, 'NONE', 'NONE', 'NONE', 0
'BWD_TP_COMM_INTRA_0', 'Comm', 5794.120089228684, 5794.127247512511, 0.007158283826666666, 51539607552.0, 'P2P', 'TP', 'INTRA', 2, 3, 2
'BWD_TP_COMM_INTRA_1', 'Comm', 5794.120089228684, 5794.127247512511, 0.007158283826666666, 51539607552.0, 'P2P', 'TP', 'INTRA', 2, 3, 2
'BWD_MHA', 'Compute', 5794.134405796338, 5820.011153827548, 25.87674803121012, 'NONE', 'NONE', 'NONE', 0
'BWD_TP_COMM_INTRA_0', 'Comm', 5820.011153827548, 5820.018312111374, 0.007158283826666666, 51539607552.0, 'P2P', 'TP', 'INTRA', 2, 3, 2
'BWD_TP_COMM_INTRA_1', 'Comm', 5820.011153827548, 5820.018312111374, 0.007158283826666666, 51539607552.0, 'P2P', 'TP', 'INTRA', 2, 3, 2
'BWD_FFN', 'Compute', 5820.025470395201, 5834.923852649786, 14.898382254584305, 'NONE', 'NONE', 'NONE', 0
'BWD_TP_COMM_INTRA_0', 'Comm', 5834.923852649786, 5834.931010933612, 0.007158283826666666, 51539607552.0, 'P2P', 'TP', 'INTRA', 2, 3, 2
'BWD_TP_COMM_INTRA_1', 'Comm', 5834.923852649786, 5834.931010933612, 0.007158283826666666, 51539607552.0, 'P2P', 'TP', 'INTRA', 2, 3, 2
'BWD_MHA', 'Compute', 5834.938169217439, 5860.814917248649, 25.87674803121012, 'NONE', 'NONE', 'NONE', 0
'BWD_TP_COMM_INTRA_0', 'Comm', 5860.814917248649, 5860.8220755324755, 0.007158283826666666, 51539607552.0, 'P2P', 'TP', 'INTRA', 2, 3, 2
'BWD_TP_COMM_INTRA_1', 'Comm', 5860.814917248649, 5860.8220755324755, 0.007158283826666666, 51539607552.0, 'P2P', 'TP', 'INTRA', 2, 3, 2
'BWD_FFN', 'Compute', 5860.829233816303, 5875.727616070887, 14.898382254584305, 'NONE', 'NONE', 'NONE', 0
'BWD_TP_COMM_INTRA_0', 'Comm', 5875.727616070887, 5875.734774354713, 0.007158283826666666, 51539607552.0, 'P2P', 'TP', 'INTRA', 2, 3, 2
'BWD_TP_COMM_INTRA_1', 'Comm', 5875.727616070887, 5875.734774354713, 0.007158283826666666, 51539607552.0, 'P2P', 'TP', 'INTRA', 2, 3, 2
'BWD_MHA', 'Compute', 5875.741932638541, 5901.618680669751, 25.87674803121012, 'NONE', 'NONE', 'NONE', 0
'BWD_TP_COMM_INTRA_0', 'Comm', 5901.618680669751, 5901.625838953577, 0.007158283826666666, 51539607552.0, 'P2P', 'TP', 'INTRA', 2, 3, 2
'BWD_TP_COMM_INTRA_1', 'Comm', 5901.618680669751, 5901.625838953577, 0.007158283826666666, 51539607552.0, 'P2P', 'TP', 'INTRA', 2, 3, 2
'BWD_FFN', 'Compute', 5901.632997237404, 5916.531379491988, 14.898382254584305, 'NONE', 'NONE', 'NONE', 0
'BWD_TP_COMM_INTRA_0', 'Comm', 5916.531379491988, 5916.538537775815, 0.007158283826666666, 51539607552.0, 'P2P', 'TP', 'INTRA', 2, 3, 2
'BWD_TP_COMM_INTRA_1', 'Comm', 5916.531379491988, 5916.538537775815, 0.007158283826666666, 51539607552.0, 'P2P', 'TP', 'INTRA', 2, 3, 2
'BWD_MHA', 'Compute', 5916.545696059642, 5942.422444090852, 25.87674803121012, 'NONE', 'NONE', 'NONE', 0
'BWD_TP_COMM_INTRA_0', 'Comm', 5942.422444090852, 5942.429602374678, 0.007158283826666666, 51539607552.0, 'P2P', 'TP', 'INTRA', 2, 3, 2
'BWD_TP_COMM_INTRA_1', 'Comm', 5942.422444090852, 5942.429602374678, 0.007158283826666666, 51539607552.0, 'P2P', 'TP', 'INTRA', 2, 3, 2
'BWD_FFN', 'Compute', 5942.436760658506, 5957.33514291309, 14.898382254584305, 'NONE', 'NONE', 'NONE', 0
'BWD_TP_COMM_INTRA_0', 'Comm', 5957.33514291309, 5957.342301196916, 0.007158283826666666, 51539607552.0, 'P2P', 'TP', 'INTRA', 2, 3, 2
'BWD_TP_COMM_INTRA_1', 'Comm', 5957.33514291309, 5957.342301196916, 0.007158283826666666, 51539607552.0, 'P2P', 'TP', 'INTRA', 2, 3, 2
'BWD_MHA', 'Compute', 5957.3494594807435, 5983.226207511953, 25.87674803121012, 'NONE', 'NONE', 'NONE', 0
'BWD_TP_COMM_INTRA_0', 'Comm', 5983.226207511953, 5983.23336579578, 0.007158283826666666, 51539607552.0, 'P2P', 'TP', 'INTRA', 2, 3, 2
'BWD_TP_COMM_INTRA_1', 'Comm', 5983.226207511953, 5983.23336579578, 0.007158283826666666, 51539607552.0, 'P2P', 'TP', 'INTRA', 2, 3, 2
'BWD_FFN', 'Compute', 5983.240524079607, 5998.138906334191, 14.898382254584305, 'NONE', 'NONE', 'NONE', 0
'BWD_TP_COMM_INTRA_0', 'Comm', 5998.138906334191, 5998.146064618018, 0.007158283826666666, 51539607552.0, 'P2P', 'TP', 'INTRA', 2, 3, 2
'BWD_TP_COMM_INTRA_1', 'Comm', 5998.138906334191, 5998.146064618018, 0.007158283826666666, 51539607552.0, 'P2P', 'TP', 'INTRA', 2, 3, 2
'BWD_MHA', 'Compute', 5998.153222901845, 6024.029970933055, 25.87674803121012, 'NONE', 'NONE', 'NONE', 0
'BWD_TP_COMM_INTRA_0', 'Comm', 6024.029970933055, 6024.037129216881, 0.007158283826666666, 51539607552.0, 'P2P', 'TP', 'INTRA', 2, 3, 2
'BWD_TP_COMM_INTRA_1', 'Comm', 6024.029970933055, 6024.037129216881, 0.007158283826666666, 51539607552.0, 'P2P', 'TP', 'INTRA', 2, 3, 2
'BWD_FFN', 'Compute', 6024.044287500708, 6038.942669755293, 14.898382254584305, 'NONE', 'NONE', 'NONE', 0
'BWD_TP_COMM_INTRA_0', 'Comm', 6038.942669755293, 6038.949828039119, 0.007158283826666666, 51539607552.0, 'P2P', 'TP', 'INTRA', 2, 3, 2
'BWD_TP_COMM_INTRA_1', 'Comm', 6038.942669755293, 6038.949828039119, 0.007158283826666666, 51539607552.0, 'P2P', 'TP', 'INTRA', 2, 3, 2
'BWD_MHA', 'Compute', 6038.956986322946, 6064.833734354156, 25.87674803121012, 'NONE', 'NONE', 'NONE', 0
'BWD_TP_COMM_INTRA_0', 'Comm', 6064.833734354156, 6064.8408926379825, 0.007158283826666666, 51539607552.0, 'P2P', 'TP', 'INTRA', 2, 3, 2
'BWD_TP_COMM_INTRA_1', 'Comm', 6064.833734354156, 6064.8408926379825, 0.007158283826666666, 51539607552.0, 'P2P', 'TP', 'INTRA', 2, 3, 2
'BWD_FFN', 'Compute', 6064.84805092181, 6079.746433176394, 14.898382254584305, 'NONE', 'NONE', 'NONE', 0
'BWD_TP_COMM_INTRA_0', 'Comm', 6079.746433176394, 6079.75359146022, 0.007158283826666666, 51539607552.0, 'P2P', 'TP', 'INTRA', 2, 3, 2
'BWD_TP_COMM_INTRA_1', 'Comm', 6079.746433176394, 6079.75359146022, 0.007158283826666666, 51539607552.0, 'P2P', 'TP', 'INTRA', 2, 3, 2
'BWD_MHA', 'Compute', 6079.760749744048, 6105.6374977752575, 25.87674803121012, 'NONE', 'NONE', 'NONE', 0
'BWD_TP_COMM_INTRA_0', 'Comm', 6105.6374977752575, 6105.644656059084, 0.007158283826666666, 51539607552.0, 'P2P', 'TP', 'INTRA', 2, 3, 2
'BWD_TP_COMM_INTRA_1', 'Comm', 6105.6374977752575, 6105.644656059084, 0.007158283826666666, 51539607552.0, 'P2P', 'TP', 'INTRA', 2, 3, 2
'BWD_FFN', 'Compute', 6105.651814342911, 6120.550196597495, 14.898382254584305, 'NONE', 'NONE', 'NONE', 0
'BWD_TP_COMM_INTRA_0', 'Comm', 6120.550196597495, 6120.557354881322, 0.007158283826666666, 51539607552.0, 'P2P', 'TP', 'INTRA', 2, 3, 2
'BWD_TP_COMM_INTRA_1', 'Comm', 6120.550196597495, 6120.557354881322, 0.007158283826666666, 51539607552.0, 'P2P', 'TP', 'INTRA', 2, 3, 2
'BWD_MHA', 'Compute', 6120.564513165149, 6146.441261196359, 25.87674803121012, 'NONE', 'NONE', 'NONE', 0
'BWD_TP_COMM_INTRA_0', 'Comm', 6146.441261196359, 6146.448419480185, 0.007158283826666666, 51539607552.0, 'P2P', 'TP', 'INTRA', 2, 3, 2
'BWD_TP_COMM_INTRA_1', 'Comm', 6146.441261196359, 6146.448419480185, 0.007158283826666666, 51539607552.0, 'P2P', 'TP', 'INTRA', 2, 3, 2
'BWD_FFN', 'Compute', 6146.455577764013, 6161.353960018597, 14.898382254584305, 'NONE', 'NONE', 'NONE', 0
'BWD_TP_COMM_INTRA_0', 'Comm', 6161.353960018597, 6161.361118302423, 0.007158283826666666, 51539607552.0, 'P2P', 'TP', 'INTRA', 2, 3, 2
'BWD_TP_COMM_INTRA_1', 'Comm', 6161.353960018597, 6161.361118302423, 0.007158283826666666, 51539607552.0, 'P2P', 'TP', 'INTRA', 2, 3, 2
'BWD_MHA', 'Compute', 6161.36827658625, 6187.24502461746, 25.87674803121012, 'NONE', 'NONE', 'NONE', 0
'BWD_TP_COMM_INTRA_0', 'Comm', 6187.24502461746, 6187.252182901287, 0.007158283826666666, 51539607552.0, 'P2P', 'TP', 'INTRA', 2, 3, 2
'BWD_TP_COMM_INTRA_1', 'Comm', 6187.24502461746, 6187.252182901287, 0.007158283826666666, 51539607552.0, 'P2P', 'TP', 'INTRA', 2, 3, 2
'BWD_FFN', 'Compute', 6187.259341185114, 6202.157723439698, 14.898382254584305, 'NONE', 'NONE', 'NONE', 0
'BWD_TP_COMM_INTRA_0', 'Comm', 6202.157723439698, 6202.164881723525, 0.007158283826666666, 51539607552.0, 'P2P', 'TP', 'INTRA', 2, 3, 2
'BWD_TP_COMM_INTRA_1', 'Comm', 6202.157723439698, 6202.164881723525, 0.007158283826666666, 51539607552.0, 'P2P', 'TP', 'INTRA', 2, 3, 2
'BWD_MHA', 'Compute', 6202.172040007352, 6228.048788038562, 25.87674803121012, 'NONE', 'NONE', 'NONE', 0
'BWD_TP_COMM_INTRA_0', 'Comm', 6228.048788038562, 6228.055946322388, 0.007158283826666666, 51539607552.0, 'P2P', 'TP', 'INTRA', 2, 3, 2
'BWD_TP_COMM_INTRA_1', 'Comm', 6228.048788038562, 6228.055946322388, 0.007158283826666666, 51539607552.0, 'P2P', 'TP', 'INTRA', 2, 3, 2
'BWD_FFN', 'Compute', 6228.063104606215, 6242.9614868608, 14.898382254584305, 'NONE', 'NONE', 'NONE', 0
'BWD_TP_COMM_INTRA_0', 'Comm', 6242.9614868608, 6242.968645144626, 0.007158283826666666, 51539607552.0, 'P2P', 'TP', 'INTRA', 2, 3, 2
'BWD_TP_COMM_INTRA_1', 'Comm', 6242.9614868608, 6242.968645144626, 0.007158283826666666, 51539607552.0, 'P2P', 'TP', 'INTRA', 2, 3, 2
'BWD_MHA', 'Compute', 6242.975803428453, 6268.852551459663, 25.87674803121012, 'NONE', 'NONE', 'NONE', 0
'BWD_TP_COMM_INTRA_0', 'Comm', 6268.852551459663, 6268.8597097434895, 0.007158283826666666, 51539607552.0, 'P2P', 'TP', 'INTRA', 2, 3, 2
'BWD_TP_COMM_INTRA_1', 'Comm', 6268.852551459663, 6268.8597097434895, 0.007158283826666666, 51539607552.0, 'P2P', 'TP', 'INTRA', 2, 3, 2
'BWD_FFN', 'Compute', 6268.866868027317, 6283.765250281901, 14.898382254584305, 'NONE', 'NONE', 'NONE', 0
'BWD_TP_COMM_INTRA_0', 'Comm', 6283.765250281901, 6283.772408565727, 0.007158283826666666, 51539607552.0, 'P2P', 'TP', 'INTRA', 2, 3, 2
'BWD_TP_COMM_INTRA_1', 'Comm', 6283.765250281901, 6283.772408565727, 0.007158283826666666, 51539607552.0, 'P2P', 'TP', 'INTRA', 2, 3, 2
'BWD_MHA', 'Compute', 6283.779566849555, 6309.6563148807645, 25.87674803121012, 'NONE', 'NONE', 'NONE', 0
'BWD_TP_COMM_INTRA_0', 'Comm', 6309.6563148807645, 6309.663473164591, 0.007158283826666666, 51539607552.0, 'P2P', 'TP', 'INTRA', 2, 3, 2
'BWD_TP_COMM_INTRA_1', 'Comm', 6309.6563148807645, 6309.663473164591, 0.007158283826666666, 51539607552.0, 'P2P', 'TP', 'INTRA', 2, 3, 2
'BWD_FFN', 'Compute', 6309.670631448418, 6324.569013703002, 14.898382254584305, 'NONE', 'NONE', 'NONE', 0
'BWD_TP_COMM_INTRA_0', 'Comm', 6324.569013703002, 6324.576171986829, 0.007158283826666666, 51539607552.0, 'P2P', 'TP', 'INTRA', 2, 3, 2
'BWD_TP_COMM_INTRA_1', 'Comm', 6324.569013703002, 6324.576171986829, 0.007158283826666666, 51539607552.0, 'P2P', 'TP', 'INTRA', 2, 3, 2
'BWD_MHA', 'Compute', 6324.583330270656, 6350.460078301866, 25.87674803121012, 'NONE', 'NONE', 'NONE', 0
'BWD_TP_COMM_INTRA_0', 'Comm', 6350.460078301866, 6350.467236585692, 0.007158283826666666, 51539607552.0, 'P2P', 'TP', 'INTRA', 2, 3, 2
'BWD_TP_COMM_INTRA_1', 'Comm', 6350.460078301866, 6350.467236585692, 0.007158283826666666, 51539607552.0, 'P2P', 'TP', 'INTRA', 2, 3, 2
'BWD_FFN', 'Compute', 6350.4743948695195, 6365.372777124104, 14.898382254584305, 'NONE', 'NONE', 'NONE', 0
'BWD_TP_COMM_INTRA_0', 'Comm', 6365.372777124104, 6365.37993540793, 0.007158283826666666, 51539607552.0, 'P2P', 'TP', 'INTRA', 2, 3, 2
'BWD_TP_COMM_INTRA_1', 'Comm', 6365.372777124104, 6365.37993540793, 0.007158283826666666, 51539607552.0, 'P2P', 'TP', 'INTRA', 2, 3, 2
'BWD_MHA', 'Compute', 6365.387093691757, 6391.263841722967, 25.87674803121012, 'NONE', 'NONE', 'NONE', 0
'BWD_TP_COMM_INTRA_0', 'Comm', 6391.263841722967, 6391.271000006794, 0.007158283826666666, 51539607552.0, 'P2P', 'TP', 'INTRA', 2, 3, 2
'BWD_TP_COMM_INTRA_1', 'Comm', 6391.263841722967, 6391.271000006794, 0.007158283826666666, 51539607552.0, 'P2P', 'TP', 'INTRA', 2, 3, 2
'BWD_FFN', 'Compute', 6391.278158290621, 6406.176540545205, 14.898382254584305, 'NONE', 'NONE', 'NONE', 0
'BWD_TP_COMM_INTRA_0', 'Comm', 6406.176540545205, 6406.1836988290315, 0.007158283826666666, 51539607552.0, 'P2P', 'TP', 'INTRA', 2, 3, 2
'BWD_TP_COMM_INTRA_1', 'Comm', 6406.176540545205, 6406.1836988290315, 0.007158283826666666, 51539607552.0, 'P2P', 'TP', 'INTRA', 2, 3, 2
'BWD_MHA', 'Compute', 6406.190857112859, 6432.067605144069, 25.87674803121012, 'NONE', 'NONE', 'NONE', 0
'BWD_TP_COMM_INTRA_0', 'Comm', 6432.067605144069, 6432.074763427895, 0.007158283826666666, 51539607552.0, 'P2P', 'TP', 'INTRA', 2, 3, 2
'BWD_TP_COMM_INTRA_1', 'Comm', 6432.067605144069, 6432.074763427895, 0.007158283826666666, 51539607552.0, 'P2P', 'TP', 'INTRA', 2, 3, 2
'BWD_FFN', 'Compute', 6432.081921711722, 6446.980303966307, 14.898382254584305, 'NONE', 'NONE', 'NONE', 0
'BWD_TP_COMM_INTRA_0', 'Comm', 6446.980303966307, 6446.987462250133, 0.007158283826666666, 51539607552.0, 'P2P', 'TP', 'INTRA', 2, 3, 2
'BWD_TP_COMM_INTRA_1', 'Comm', 6446.980303966307, 6446.987462250133, 0.007158283826666666, 51539607552.0, 'P2P', 'TP', 'INTRA', 2, 3, 2
'BWD_MHA', 'Compute', 6446.99462053396, 6472.87136856517, 25.87674803121012, 'NONE', 'NONE', 'NONE', 0
'BWD_TP_COMM_INTRA_0', 'Comm', 6472.87136856517, 6472.878526848996, 0.007158283826666666, 51539607552.0, 'P2P', 'TP', 'INTRA', 2, 3, 2
'BWD_TP_COMM_INTRA_1', 'Comm', 6472.87136856517, 6472.878526848996, 0.007158283826666666, 51539607552.0, 'P2P', 'TP', 'INTRA', 2, 3, 2
'BWD_FFN', 'Compute', 6472.885685132824, 6487.784067387408, 14.898382254584305, 'NONE', 'NONE', 'NONE', 0
'BWD_TP_COMM_INTRA_0', 'Comm', 6487.784067387408, 6487.791225671234, 0.007158283826666666, 51539607552.0, 'P2P', 'TP', 'INTRA', 2, 3, 2
'BWD_TP_COMM_INTRA_1', 'Comm', 6487.784067387408, 6487.791225671234, 0.007158283826666666, 51539607552.0, 'P2P', 'TP', 'INTRA', 2, 3, 2
'BWD_MHA', 'Compute', 6487.798383955062, 6513.6751319862715, 25.87674803121012, 'NONE', 'NONE', 'NONE', 0
'BWD_TP_COMM_INTRA_0', 'Comm', 6513.6751319862715, 6513.682290270098, 0.007158283826666666, 51539607552.0, 'P2P', 'TP', 'INTRA', 2, 3, 2
'BWD_TP_COMM_INTRA_1', 'Comm', 6513.6751319862715, 6513.682290270098, 0.007158283826666666, 51539607552.0, 'P2P', 'TP', 'INTRA', 2, 3, 2
'BWD_FFN', 'Compute', 6513.689448553925, 6528.587830808509, 14.898382254584305, 'NONE', 'NONE', 'NONE', 0
'BWD_TP_COMM_INTRA_0', 'Comm', 6528.587830808509, 6528.594989092336, 0.007158283826666666, 51539607552.0, 'P2P', 'TP', 'INTRA', 2, 3, 2
'BWD_TP_COMM_INTRA_1', 'Comm', 6528.587830808509, 6528.594989092336, 0.007158283826666666, 51539607552.0, 'P2P', 'TP', 'INTRA', 2, 3, 2
'BWD_MHA', 'Compute', 6528.602147376163, 6554.478895407373, 25.87674803121012, 'NONE', 'NONE', 'NONE', 0
'BWD_TP_COMM_INTRA_0', 'Comm', 6554.478895407373, 6554.486053691199, 0.007158283826666666, 51539607552.0, 'P2P', 'TP', 'INTRA', 2, 3, 2
'BWD_TP_COMM_INTRA_1', 'Comm', 6554.478895407373, 6554.486053691199, 0.007158283826666666, 51539607552.0, 'P2P', 'TP', 'INTRA', 2, 3, 2
'BWD_FFN', 'Compute', 6554.4932119750265, 6569.391594229611, 14.898382254584305, 'NONE', 'NONE', 'NONE', 0
'BWD_TP_COMM_INTRA_0', 'Comm', 6569.391594229611, 6569.398752513437, 0.007158283826666666, 51539607552.0, 'P2P', 'TP', 'INTRA', 2, 3, 2
'BWD_TP_COMM_INTRA_1', 'Comm', 6569.391594229611, 6569.398752513437, 0.007158283826666666, 51539607552.0, 'P2P', 'TP', 'INTRA', 2, 3, 2
'BWD_MHA', 'Compute', 6569.405910797264, 6595.282658828474, 25.87674803121012, 'NONE', 'NONE', 'NONE', 0
'BWD_TP_COMM_INTRA_0', 'Comm', 6595.282658828474, 6595.289817112301, 0.007158283826666666, 51539607552.0, 'P2P', 'TP', 'INTRA', 2, 3, 2
'BWD_TP_COMM_INTRA_1', 'Comm', 6595.282658828474, 6595.289817112301, 0.007158283826666666, 51539607552.0, 'P2P', 'TP', 'INTRA', 2, 3, 2
'BWD_FFN', 'Compute', 6595.296975396128, 6610.195357650712, 14.898382254584305, 'NONE', 'NONE', 'NONE', 0
'BWD_TP_COMM_INTRA_0', 'Comm', 6610.195357650712, 6610.2025159345385, 0.007158283826666666, 51539607552.0, 'P2P', 'TP', 'INTRA', 2, 3, 2
'BWD_TP_COMM_INTRA_1', 'Comm', 6610.195357650712, 6610.2025159345385, 0.007158283826666666, 51539607552.0, 'P2P', 'TP', 'INTRA', 2, 3, 2
'BWD_MHA', 'Compute', 6610.209674218366, 6636.086422249576, 25.87674803121012, 'NONE', 'NONE', 'NONE', 0
'BWD_TP_COMM_INTRA_0', 'Comm', 6636.086422249576, 6636.093580533402, 0.007158283826666666, 51539607552.0, 'P2P', 'TP', 'INTRA', 2, 3, 2
'BWD_TP_COMM_INTRA_1', 'Comm', 6636.086422249576, 6636.093580533402, 0.007158283826666666, 51539607552.0, 'P2P', 'TP', 'INTRA', 2, 3, 2
'BWD_FFN', 'Compute', 6636.100738817229, 6650.9991210718135, 14.898382254584305, 'NONE', 'NONE', 'NONE', 0
'BWD_TP_COMM_INTRA_0', 'Comm', 6650.9991210718135, 6651.00627935564, 0.007158283826666666, 51539607552.0, 'P2P', 'TP', 'INTRA', 2, 3, 2
'BWD_TP_COMM_INTRA_1', 'Comm', 6650.9991210718135, 6651.00627935564, 0.007158283826666666, 51539607552.0, 'P2P', 'TP', 'INTRA', 2, 3, 2
'BWD_MHA', 'Compute', 6651.013437639467, 6676.890185670677, 25.87674803121012, 'NONE', 'NONE', 'NONE', 0
'BWD_TP_COMM_INTRA_0', 'Comm', 6676.890185670677, 6676.897343954503, 0.007158283826666666, 51539607552.0, 'P2P', 'TP', 'INTRA', 2, 3, 2
'BWD_TP_COMM_INTRA_1', 'Comm', 6676.890185670677, 6676.897343954503, 0.007158283826666666, 51539607552.0, 'P2P', 'TP', 'INTRA', 2, 3, 2
'BWD_FFN', 'Compute', 6676.904502238331, 6691.802884492915, 14.898382254584305, 'NONE', 'NONE', 'NONE', 0
'BWD_TP_COMM_INTRA_0', 'Comm', 6691.802884492915, 6691.810042776741, 0.007158283826666666, 51539607552.0, 'P2P', 'TP', 'INTRA', 2, 3, 2
'BWD_TP_COMM_INTRA_1', 'Comm', 6691.802884492915, 6691.810042776741, 0.007158283826666666, 51539607552.0, 'P2P', 'TP', 'INTRA', 2, 3, 2
'BWD_MHA', 'Compute', 6691.817201060569, 6717.693949091778, 25.87674803121012, 'NONE', 'NONE', 'NONE', 0
'BWD_TP_COMM_INTRA_0', 'Comm', 6717.693949091778, 6717.701107375605, 0.007158283826666666, 51539607552.0, 'P2P', 'TP', 'INTRA', 2, 3, 2
'BWD_TP_COMM_INTRA_1', 'Comm', 6717.693949091778, 6717.701107375605, 0.007158283826666666, 51539607552.0, 'P2P', 'TP', 'INTRA', 2, 3, 2
'BWD_FFN', 'Compute', 6717.708265659432, 6732.606647914016, 14.898382254584305, 'NONE', 'NONE', 'NONE', 0
'BWD_TP_COMM_INTRA_0', 'Comm', 6732.606647914016, 6732.613806197843, 0.007158283826666666, 51539607552.0, 'P2P', 'TP', 'INTRA', 2, 3, 2
'BWD_TP_COMM_INTRA_1', 'Comm', 6732.606647914016, 6732.613806197843, 0.007158283826666666, 51539607552.0, 'P2P', 'TP', 'INTRA', 2, 3, 2
'BWD_MHA', 'Compute', 6732.62096448167, 6758.49771251288, 25.87674803121012, 'NONE', 'NONE', 'NONE', 0
'BWD_TP_COMM_INTRA_0', 'Comm', 6758.49771251288, 6758.504870796706, 0.007158283826666666, 51539607552.0, 'P2P', 'TP', 'INTRA', 2, 3, 2
'BWD_TP_COMM_INTRA_1', 'Comm', 6758.49771251288, 6758.504870796706, 0.007158283826666666, 51539607552.0, 'P2P', 'TP', 'INTRA', 2, 3, 2
'BWD_FFN', 'Compute', 6758.5120290805335, 6773.410411335118, 14.898382254584305, 'NONE', 'NONE', 'NONE', 0
'BWD_TP_COMM_INTRA_0', 'Comm', 6773.410411335118, 6773.417569618944, 0.007158283826666666, 51539607552.0, 'P2P', 'TP', 'INTRA', 2, 3, 2
'BWD_TP_COMM_INTRA_1', 'Comm', 6773.410411335118, 6773.417569618944, 0.007158283826666666, 51539607552.0, 'P2P', 'TP', 'INTRA', 2, 3, 2
'BWD_MHA', 'Compute', 6773.424727902771, 6799.301475933981, 25.87674803121012, 'NONE', 'NONE', 'NONE', 0
'BWD_TP_COMM_INTRA_0', 'Comm', 6799.301475933981, 6799.308634217808, 0.007158283826666666, 51539607552.0, 'P2P', 'TP', 'INTRA', 2, 3, 2
'BWD_TP_COMM_INTRA_1', 'Comm', 6799.301475933981, 6799.308634217808, 0.007158283826666666, 51539607552.0, 'P2P', 'TP', 'INTRA', 2, 3, 2
'BWD_FFN', 'Compute', 6799.315792501635, 6814.214174756219, 14.898382254584305, 'NONE', 'NONE', 'NONE', 0
'BWD_TP_COMM_INTRA_0', 'Comm', 6814.214174756219, 6814.2213330400455, 0.007158283826666666, 51539607552.0, 'P2P', 'TP', 'INTRA', 2, 3, 2
'BWD_TP_COMM_INTRA_1', 'Comm', 6814.214174756219, 6814.2213330400455, 0.007158283826666666, 51539607552.0, 'P2P', 'TP', 'INTRA', 2, 3, 2
'BWD_MHA', 'Compute', 6814.228491323873, 6840.105239355083, 25.87674803121012, 'NONE', 'NONE', 'NONE', 0
'BWD_TP_COMM_INTRA_0', 'Comm', 6840.105239355083, 6840.112397638909, 0.007158283826666666, 51539607552.0, 'P2P', 'TP', 'INTRA', 2, 3, 2
'BWD_TP_COMM_INTRA_1', 'Comm', 6840.105239355083, 6840.112397638909, 0.007158283826666666, 51539607552.0, 'P2P', 'TP', 'INTRA', 2, 3, 2
'BWD_FFN', 'Compute', 6840.119555922736, 6855.0179381773205, 14.898382254584305, 'NONE', 'NONE', 'NONE', 0
'BWD_TP_COMM_INTRA_0', 'Comm', 6855.0179381773205, 6855.025096461147, 0.007158283826666666, 51539607552.0, 'P2P', 'TP', 'INTRA', 2, 3, 2
'BWD_TP_COMM_INTRA_1', 'Comm', 6855.0179381773205, 6855.025096461147, 0.007158283826666666, 51539607552.0, 'P2P', 'TP', 'INTRA', 2, 3, 2
'BWD_MHA', 'Compute', 6855.032254744974, 6880.909002776184, 25.87674803121012, 'NONE', 'NONE', 'NONE', 0
'BWD_TP_COMM_INTRA_0', 'Comm', 6880.909002776184, 6880.91616106001, 0.007158283826666666, 51539607552.0, 'P2P', 'TP', 'INTRA', 2, 3, 2
'BWD_TP_COMM_INTRA_1', 'Comm', 6880.909002776184, 6880.91616106001, 0.007158283826666666, 51539607552.0, 'P2P', 'TP', 'INTRA', 2, 3, 2
'BWD_FFN', 'Compute', 6880.923319343838, 6895.821701598422, 14.898382254584305, 'NONE', 'NONE', 'NONE', 0
'BWD_TP_COMM_INTRA_0', 'Comm', 6895.821701598422, 6895.828859882248, 0.007158283826666666, 51539607552.0, 'P2P', 'TP', 'INTRA', 2, 3, 2
'BWD_TP_COMM_INTRA_1', 'Comm', 6895.821701598422, 6895.828859882248, 0.007158283826666666, 51539607552.0, 'P2P', 'TP', 'INTRA', 2, 3, 2
'BWD_MHA', 'Compute', 6895.8360181660755, 6921.712766197285, 25.87674803121012, 'NONE', 'NONE', 'NONE', 0
'BWD_TP_COMM_INTRA_0', 'Comm', 6921.712766197285, 6921.719924481112, 0.007158283826666666, 51539607552.0, 'P2P', 'TP', 'INTRA', 2, 3, 2
'BWD_TP_COMM_INTRA_1', 'Comm', 6921.712766197285, 6921.719924481112, 0.007158283826666666, 51539607552.0, 'P2P', 'TP', 'INTRA', 2, 3, 2
'BWD_FFN', 'Compute', 6921.727082764939, 6936.625465019523, 14.898382254584305, 'NONE', 'NONE', 'NONE', 0
'BWD_TP_COMM_INTRA_0', 'Comm', 6936.625465019523, 6936.63262330335, 0.007158283826666666, 51539607552.0, 'P2P', 'TP', 'INTRA', 2, 3, 2
'BWD_TP_COMM_INTRA_1', 'Comm', 6936.625465019523, 6936.63262330335, 0.007158283826666666, 51539607552.0, 'P2P', 'TP', 'INTRA', 2, 3, 2
'BWD_MHA', 'Compute', 6936.639781587177, 6962.516529618387, 25.87674803121012, 'NONE', 'NONE', 'NONE', 0
'BWD_TP_COMM_INTRA_0', 'Comm', 6962.516529618387, 6962.523687902213, 0.007158283826666666, 51539607552.0, 'P2P', 'TP', 'INTRA', 2, 3, 2
'BWD_TP_COMM_INTRA_1', 'Comm', 6962.516529618387, 6962.523687902213, 0.007158283826666666, 51539607552.0, 'P2P', 'TP', 'INTRA', 2, 3, 2
'BWD_FFN', 'Compute', 6962.53084618604, 6977.429228440625, 14.898382254584305, 'NONE', 'NONE', 'NONE', 0
'BWD_TP_COMM_INTRA_0', 'Comm', 6977.429228440625, 6977.436386724451, 0.007158283826666666, 51539607552.0, 'P2P', 'TP', 'INTRA', 2, 3, 2

'BWD_TP_COMM_INTRA_1', 'Comm', 6977.429228440625, 6977.436386724451, 0.007158283826666666, 51539607552.0, 'P2P', 'TP', 'INTRA', 2, 3, 2
'BWD_MHA', 'Compute', 6977.443545008278, 7003.320293039488, 25.87674803121012, 'NONE', 'NONE', 'NONE', 0
'BWD_TP_COMM_INTRA_0', 'Comm', 7003.320293039488, 7003.327451323315, 0.007158283826666666, 51539607552.0, 'P2P', 'TP', 'INTRA', 2, 3, 2
'BWD_TP_COMM_INTRA_1', 'Comm', 7003.320293039488, 7003.327451323315, 0.007158283826666666, 51539607552.0, 'P2P', 'TP', 'INTRA', 2, 3, 2
'BWD_FFN', 'Compute', 7003.334609607142, 7018.232991861726, 14.898382254584305, 'NONE', 'NONE', 'NONE', 0
'BWD_TP_COMM_INTRA_0', 'Comm', 7018.232991861726, 7018.240150145552, 0.007158283826666666, 51539607552.0, 'P2P', 'TP', 'INTRA', 2, 3, 2
'BWD_TP_COMM_INTRA_1', 'Comm', 7018.232991861726, 7018.240150145552, 0.007158283826666666, 51539607552.0, 'P2P', 'TP', 'INTRA', 2, 3, 2
'BWD_MHA', 'Compute', 7018.24730842938, 7044.12405646059, 25.87674803121012, 'NONE', 'NONE', 'NONE', 0
'BWD_TP_COMM_INTRA_0', 'Comm', 7044.12405646059, 7044.131214744416, 0.007158283826666666, 51539607552.0, 'P2P', 'TP', 'INTRA', 2, 3, 2
'BWD_TP_COMM_INTRA_1', 'Comm', 7044.12405646059, 7044.131214744416, 0.007158283826666666, 51539607552.0, 'P2P', 'TP', 'INTRA', 2, 3, 2
'BWD_FFN', 'Compute', 7044.138373028243, 7059.0367552828275, 14.898382254584305, 'NONE', 'NONE', 'NONE', 0
'BWD_TP_COMM_INTRA_0', 'Comm', 7059.0367552828275, 7059.043913566654, 0.007158283826666666, 51539607552.0, 'P2P', 'TP', 'INTRA', 2, 3, 2
'BWD_TP_COMM_INTRA_1', 'Comm', 7059.0367552828275, 7059.043913566654, 0.007158283826666666, 51539607552.0, 'P2P', 'TP', 'INTRA', 2, 3, 2
'BWD_MHA', 'Compute', 7059.051071850481, 7084.927819881691, 25.87674803121012, 'NONE', 'NONE', 'NONE', 0
'BWD_TP_COMM_INTRA_0', 'Comm', 7084.927819881691, 7084.934978165517, 0.007158283826666666, 51539607552.0, 'P2P', 'TP', 'INTRA', 2, 3, 2
'BWD_TP_COMM_INTRA_1', 'Comm', 7084.927819881691, 7084.934978165517, 0.007158283826666666, 51539607552.0, 'P2P', 'TP', 'INTRA', 2, 3, 2
'BWD_FFN', 'Compute', 7084.942136449345, 7099.840518703929, 14.898382254584305, 'NONE', 'NONE', 'NONE', 0
'BWD_TP_COMM_INTRA_0', 'Comm', 7099.840518703929, 7099.847676987755, 0.007158283826666666, 51539607552.0, 'P2P', 'TP', 'INTRA', 2, 3, 2
'BWD_TP_COMM_INTRA_1', 'Comm', 7099.840518703929, 7099.847676987755, 0.007158283826666666, 51539607552.0, 'P2P', 'TP', 'INTRA', 2, 3, 2
'BWD_MHA', 'Compute', 7099.8548352715825, 7125.731583302792, 25.87674803121012, 'NONE', 'NONE', 'NONE', 0
'BWD_TP_COMM_INTRA_0', 'Comm', 7125.731583302792, 7125.738741586619, 0.007158283826666666, 51539607552.0, 'P2P', 'TP', 'INTRA', 2, 3, 2
'BWD_TP_COMM_INTRA_1', 'Comm', 7125.731583302792, 7125.738741586619, 0.007158283826666666, 51539607552.0, 'P2P', 'TP', 'INTRA', 2, 3, 2
'BWD_FFN', 'Compute', 7125.745899870446, 7140.64428212503, 14.898382254584305, 'NONE', 'NONE', 'NONE', 0
'BWD_TP_COMM_INTRA_0', 'Comm', 7140.64428212503, 7140.651440408857, 0.007158283826666666, 51539607552.0, 'P2P', 'TP', 'INTRA', 2, 3, 2
'BWD_TP_COMM_INTRA_1', 'Comm', 7140.64428212503, 7140.651440408857, 0.007158283826666666, 51539607552.0, 'P2P', 'TP', 'INTRA', 2, 3, 2
'BWD_MHA', 'Compute', 7140.658598692684, 7166.535346723894, 25.87674803121012, 'NONE', 'NONE', 'NONE', 0
'BWD_TP_COMM_INTRA_0', 'Comm', 7166.535346723894, 7166.54250500772, 0.007158283826666666, 51539607552.0, 'P2P', 'TP', 'INTRA', 2, 3, 2
'BWD_TP_COMM_INTRA_1', 'Comm', 7166.535346723894, 7166.54250500772, 0.007158283826666666, 51539607552.0, 'P2P', 'TP', 'INTRA', 2, 3, 2
'BWD_FFN', 'Compute', 7166.549663291547, 7181.448045546132, 14.898382254584305, 'NONE', 'NONE', 'NONE', 0
'BWD_TP_COMM_INTRA_0', 'Comm', 7181.448045546132, 7181.455203829958, 0.007158283826666666, 51539607552.0, 'P2P', 'TP', 'INTRA', 2, 3, 2
'BWD_TP_COMM_INTRA_1', 'Comm', 7181.448045546132, 7181.455203829958, 0.007158283826666666, 51539607552.0, 'P2P', 'TP', 'INTRA', 2, 3, 2
'BWD_MHA', 'Compute', 7181.462362113785, 7207.339110144995, 25.87674803121012, 'NONE', 'NONE', 'NONE', 0
'BWD_TP_COMM_INTRA_0', 'Comm', 7207.339110144995, 7207.3462684288215, 0.007158283826666666, 51539607552.0, 'P2P', 'TP', 'INTRA', 2, 3, 2
'BWD_TP_COMM_INTRA_1', 'Comm', 7207.339110144995, 7207.3462684288215, 0.007158283826666666, 51539607552.0, 'P2P', 'TP', 'INTRA', 2, 3, 2
'BWD_FFN', 'Compute', 7207.353426712649, 7222.251808967233, 14.898382254584305, 'NONE', 'NONE', 'NONE', 0
'BWD_TP_COMM_INTRA_0', 'Comm', 7222.251808967233, 7222.258967251059, 0.007158283826666666, 51539607552.0, 'P2P', 'TP', 'INTRA', 2, 3, 2
'BWD_TP_COMM_INTRA_1', 'Comm', 7222.251808967233, 7222.258967251059, 0.007158283826666666, 51539607552.0, 'P2P', 'TP', 'INTRA', 2, 3, 2
'BWD_MHA', 'Compute', 7222.266125534887, 7248.142873566097, 25.87674803121012, 'NONE', 'NONE', 'NONE', 0
'BWD_TP_COMM_INTRA_0', 'Comm', 7248.142873566097, 7248.150031849923, 0.007158283826666666, 51539607552.0, 'P2P', 'TP', 'INTRA', 2, 3, 2
'BWD_TP_COMM_INTRA_1', 'Comm', 7248.142873566097, 7248.150031849923, 0.007158283826666666, 51539607552.0, 'P2P', 'TP', 'INTRA', 2, 3, 2
'BWD_FFN', 'Compute', 7248.15719013375, 7263.055572388334, 14.898382254584305, 'NONE', 'NONE', 'NONE', 0
'BWD_TP_COMM_INTRA_0', 'Comm', 7263.055572388334, 7263.062730672161, 0.007158283826666666, 51539607552.0, 'P2P', 'TP', 'INTRA', 2, 3, 2
'BWD_TP_COMM_INTRA_1', 'Comm', 7263.055572388334, 7263.062730672161, 0.007158283826666666, 51539607552.0, 'P2P', 'TP', 'INTRA', 2, 3, 2
'BWD_MHA', 'Compute', 7263.069888955988, 7288.946636987198, 25.87674803121012, 'NONE', 'NONE', 'NONE', 0
'BWD_TP_COMM_INTRA_0', 'Comm', 7288.946636987198, 7288.953795271024, 0.007158283826666666, 51539607552.0, 'P2P', 'TP', 'INTRA', 2, 3, 2
'BWD_TP_COMM_INTRA_1', 'Comm', 7288.946636987198, 7288.953795271024, 0.007158283826666666, 51539607552.0, 'P2P', 'TP', 'INTRA', 2, 3, 2
'BWD_FFN', 'Compute', 7288.960953554852, 7303.859335809436, 14.898382254584305, 'NONE', 'NONE', 'NONE', 0
'BWD_TP_COMM_INTRA_0', 'Comm', 7303.859335809436, 7303.866494093262, 0.007158283826666666, 51539607552.0, 'P2P', 'TP', 'INTRA', 2, 3, 2
'BWD_TP_COMM_INTRA_1', 'Comm', 7303.859335809436, 7303.866494093262, 0.007158283826666666, 51539607552.0, 'P2P', 'TP', 'INTRA', 2, 3, 2
'BWD_MHA', 'Compute', 7303.8736523770895, 7329.750400408299, 25.87674803121012, 'NONE', 'NONE', 'NONE', 0
'BWD_TP_COMM_INTRA_0', 'Comm', 7329.750400408299, 7329.757558692126, 0.007158283826666666, 51539607552.0, 'P2P', 'TP', 'INTRA', 2, 3, 2
'BWD_TP_COMM_INTRA_1', 'Comm', 7329.750400408299, 7329.757558692126, 0.007158283826666666, 51539607552.0, 'P2P', 'TP', 'INTRA', 2, 3, 2
'BWD_FFN', 'Compute', 7329.764716975953, 7344.663099230537, 14.898382254584305, 'NONE', 'NONE', 'NONE', 0
'BWD_TP_COMM_INTRA_0', 'Comm', 7344.663099230537, 7344.670257514364, 0.007158283826666666, 51539607552.0, 'P2P', 'TP', 'INTRA', 2, 3, 2
'BWD_TP_COMM_INTRA_1', 'Comm', 7344.663099230537, 7344.670257514364, 0.007158283826666666, 51539607552.0, 'P2P', 'TP', 'INTRA', 2, 3, 2
'BWD_MHA', 'Compute', 7344.677415798191, 7370.554163829401, 25.87674803121012, 'NONE', 'NONE', 'NONE', 0
'BWD_TP_COMM_INTRA_0', 'Comm', 7370.554163829401, 7370.561322113227, 0.007158283826666666, 51539607552.0, 'P2P', 'TP', 'INTRA', 2, 3, 2
'BWD_TP_COMM_INTRA_1', 'Comm', 7370.554163829401, 7370.561322113227, 0.007158283826666666, 51539607552.0, 'P2P', 'TP', 'INTRA', 2, 3, 2
'BWD_FFN', 'Compute', 7370.568480397054, 7385.466862651639, 14.898382254584305, 'NONE', 'NONE', 'NONE', 0
'BWD_TP_COMM_INTRA_0', 'Comm', 7385.466862651639, 7385.474020935465, 0.007158283826666666, 51539607552.0, 'P2P', 'TP', 'INTRA', 2, 3, 2
'BWD_TP_COMM_INTRA_1', 'Comm', 7385.466862651639, 7385.474020935465, 0.007158283826666666, 51539607552.0, 'P2P', 'TP', 'INTRA', 2, 3, 2
'BWD_MHA', 'Compute', 7385.481179219292, 7411.357927250502, 25.87674803121012, 'NONE', 'NONE', 'NONE', 0
'BWD_TP_COMM_INTRA_0', 'Comm', 7411.357927250502, 7411.3650855343285, 0.007158283826666666, 51539607552.0, 'P2P', 'TP', 'INTRA', 2, 3, 2
'BWD_TP_COMM_INTRA_1', 'Comm', 7411.357927250502, 7411.3650855343285, 0.007158283826666666, 51539607552.0, 'P2P', 'TP', 'INTRA', 2, 3, 2
'BWD_FFN', 'Compute', 7411.372243818156, 7426.27062607274, 14.898382254584305, 'NONE', 'NONE', 'NONE', 0
'BWD_TP_COMM_INTRA_0', 'Comm', 7426.27062607274, 7426.277784356566, 0.007158283826666666, 51539607552.0, 'P2P', 'TP', 'INTRA', 2, 3, 2
'BWD_TP_COMM_INTRA_1', 'Comm', 7426.27062607274, 7426.277784356566, 0.007158283826666666, 51539607552.0, 'P2P', 'TP', 'INTRA', 2, 3, 2
'BWD_MHA', 'Compute', 7426.284942640394, 7452.1616906716035, 25.87674803121012, 'NONE', 'NONE', 'NONE', 0
'BWD_TP_COMM_INTRA_0', 'Comm', 7452.1616906716035, 7452.16884895543, 0.007158283826666666, 51539607552.0, 'P2P', 'TP', 'INTRA', 2, 3, 2
'BWD_TP_COMM_INTRA_1', 'Comm', 7452.1616906716035, 7452.16884895543, 0.007158283826666666, 51539607552.0, 'P2P', 'TP', 'INTRA', 2, 3, 2
'BWD_FFN', 'Compute', 7452.176007239257, 7467.074389493841, 14.898382254584305, 'NONE', 'NONE', 'NONE', 0
'BWD_TP_COMM_INTRA_0', 'Comm', 7467.074389493841, 7467.081547777668, 0.007158283826666666, 51539607552.0, 'P2P', 'TP', 'INTRA', 2, 3, 2
'BWD_TP_COMM_INTRA_1', 'Comm', 7467.074389493841, 7467.081547777668, 0.007158283826666666, 51539607552.0, 'P2P', 'TP', 'INTRA', 2, 3, 2
'BWD_MHA', 'Compute', 7467.088706061495, 7492.965454092705, 25.87674803121012, 'NONE', 'NONE', 'NONE', 0
'BWD_TP_COMM_INTRA_0', 'Comm', 7492.965454092705, 7492.972612376531, 0.007158283826666666, 51539607552.0, 'P2P', 'TP', 'INTRA', 2, 3, 2
'BWD_TP_COMM_INTRA_1', 'Comm', 7492.965454092705, 7492.972612376531, 0.007158283826666666, 51539607552.0, 'P2P', 'TP', 'INTRA', 2, 3, 2
'BWD_FFN', 'Compute', 7492.979770660359, 7507.878152914943, 14.898382254584305, 'NONE', 'NONE', 'NONE', 0
'BWD_TP_COMM_INTRA_0', 'Comm', 7507.878152914943, 7507.885311198769, 0.007158283826666666, 51539607552.0, 'P2P', 'TP', 'INTRA', 2, 3, 2
'BWD_TP_COMM_INTRA_1', 'Comm', 7507.878152914943, 7507.885311198769, 0.007158283826666666, 51539607552.0, 'P2P', 'TP', 'INTRA', 2, 3, 2
'BWD_MHA', 'Compute', 7507.892469482596, 7533.769217513806, 25.87674803121012, 'NONE', 'NONE', 'NONE', 0
'BWD_TP_COMM_INTRA_0', 'Comm', 7533.769217513806, 7533.776375797633, 0.007158283826666666, 51539607552.0, 'P2P', 'TP', 'INTRA', 2, 3, 2
'BWD_TP_COMM_INTRA_1', 'Comm', 7533.769217513806, 7533.776375797633, 0.007158283826666666, 51539607552.0, 'P2P', 'TP', 'INTRA', 2, 3, 2
'BWD_FFN', 'Compute', 7533.78353408146, 7548.681916336044, 14.898382254584305, 'NONE', 'NONE', 'NONE', 0
'BWD_TP_COMM_INTRA_0', 'Comm', 7548.681916336044, 7548.689074619871, 0.007158283826666666, 51539607552.0, 'P2P', 'TP', 'INTRA', 2, 3, 2
'BWD_TP_COMM_INTRA_1', 'Comm', 7548.681916336044, 7548.689074619871, 0.007158283826666666, 51539607552.0, 'P2P', 'TP', 'INTRA', 2, 3, 2
'BWD_MHA', 'Compute', 7548.696232903698, 7574.572980934908, 25.87674803121012, 'NONE', 'NONE', 'NONE', 0
'BWD_TP_COMM_INTRA_0', 'Comm', 7574.572980934908, 7574.580139218734, 0.007158283826666666, 51539607552.0, 'P2P', 'TP', 'INTRA', 2, 3, 2
'BWD_TP_COMM_INTRA_1', 'Comm', 7574.572980934908, 7574.580139218734, 0.007158283826666666, 51539607552.0, 'P2P', 'TP', 'INTRA', 2, 3, 2
'BWD_FFN', 'Compute', 7574.587297502561, 7589.485679757146, 14.898382254584305, 'NONE', 'NONE', 'NONE', 0
'BWD_TP_COMM_INTRA_0', 'Comm', 7589.485679757146, 7589.492838040972, 0.007158283826666666, 51539607552.0, 'P2P', 'TP', 'INTRA', 2, 3, 2
'BWD_TP_COMM_INTRA_1', 'Comm', 7589.485679757146, 7589.492838040972, 0.007158283826666666, 51539607552.0, 'P2P', 'TP', 'INTRA', 2, 3, 2
'BWD_MHA', 'Compute', 7589.499996324799, 7615.376744356009, 25.87674803121012, 'NONE', 'NONE', 'NONE', 0
'BWD_TP_COMM_INTRA_0', 'Comm', 7615.376744356009, 7615.3839026398355, 0.007158283826666666, 51539607552.0, 'P2P', 'TP', 'INTRA', 2, 3, 2
'BWD_TP_COMM_INTRA_1', 'Comm', 7615.376744356009, 7615.3839026398355, 0.007158283826666666, 51539607552.0, 'P2P', 'TP', 'INTRA', 2, 3, 2
'BWD_FFN', 'Compute', 7615.391060923663, 7630.289443178247, 14.898382254584305, 'NONE', 'NONE', 'NONE', 0
'BWD_TP_COMM_INTRA_0', 'Comm', 7630.289443178247, 7630.296601462073, 0.007158283826666666, 51539607552.0, 'P2P', 'TP', 'INTRA', 2, 3, 2
'BWD_TP_COMM_INTRA_1', 'Comm', 7630.289443178247, 7630.296601462073, 0.007158283826666666, 51539607552.0, 'P2P', 'TP', 'INTRA', 2, 3, 2
'BWD_MHA', 'Compute', 7630.303759745901, 7656.1805077771105, 25.87674803121012, 'NONE', 'NONE', 'NONE', 0
'BWD_TP_COMM_INTRA_0', 'Comm', 7656.1805077771105, 7656.187666060937, 0.007158283826666666, 51539607552.0, 'P2P', 'TP', 'INTRA', 2, 3, 2
'BWD_TP_COMM_INTRA_1', 'Comm', 7656.1805077771105, 7656.187666060937, 0.007158283826666666, 51539607552.0, 'P2P', 'TP', 'INTRA', 2, 3, 2
'BWD_FFN', 'Compute', 7656.194824344764, 7671.093206599348, 14.898382254584305, 'NONE', 'NONE', 'NONE', 0
'BWD_TP_COMM_INTRA_0', 'Comm', 7671.093206599348, 7671.100364883175, 0.007158283826666666, 51539607552.0, 'P2P', 'TP', 'INTRA', 2, 3, 2
'BWD_TP_COMM_INTRA_1', 'Comm', 7671.093206599348, 7671.100364883175, 0.007158283826666666, 51539607552.0, 'P2P', 'TP', 'INTRA', 2, 3, 2
'BWD_MHA', 'Compute', 7671.107523167002, 7696.984271198212, 25.87674803121012, 'NONE', 'NONE', 'NONE', 0
'BWD_TP_COMM_INTRA_0', 'Comm', 7696.984271198212, 7696.991429482038, 0.007158283826666666, 51539607552.0, 'P2P', 'TP', 'INTRA', 2, 3, 2
'BWD_TP_COMM_INTRA_1', 'Comm', 7696.984271198212, 7696.991429482038, 0.007158283826666666, 51539607552.0, 'P2P', 'TP', 'INTRA', 2, 3, 2
'BWD_FFN', 'Compute', 7696.9985877658655, 7711.89697002045, 14.898382254584305, 'NONE', 'NONE', 'NONE', 0
'BWD_TP_COMM_INTRA_0', 'Comm', 7711.89697002045, 7711.904128304276, 0.007158283826666666, 51539607552.0, 'P2P', 'TP', 'INTRA', 2, 3, 2
'BWD_TP_COMM_INTRA_1', 'Comm', 7711.89697002045, 7711.904128304276, 0.007158283826666666, 51539607552.0, 'P2P', 'TP', 'INTRA', 2, 3, 2
'BWD_MHA', 'Compute', 7711.911286588103, 7737.788034619313, 25.87674803121012, 'NONE', 'NONE', 'NONE', 0
'BWD_TP_COMM_INTRA_0', 'Comm', 7737.788034619313, 7737.79519290314, 0.007158283826666666, 51539607552.0, 'P2P', 'TP', 'INTRA', 2, 3, 2
'BWD_TP_COMM_INTRA_1', 'Comm', 7737.788034619313, 7737.79519290314, 0.007158283826666666, 51539607552.0, 'P2P', 'TP', 'INTRA', 2, 3, 2
'BWD_FFN', 'Compute', 7737.802351186967, 7752.700733441551, 14.898382254584305, 'NONE', 'NONE', 'NONE', 0
'BWD_TP_COMM_INTRA_0', 'Comm', 7752.700733441551, 7752.7078917253775, 0.007158283826666666, 51539607552.0, 'P2P', 'TP', 'INTRA', 2, 3, 2
'BWD_TP_COMM_INTRA_1', 'Comm', 7752.700733441551, 7752.7078917253775, 0.007158283826666666, 51539607552.0, 'P2P', 'TP', 'INTRA', 2, 3, 2
'BWD_MHA', 'Compute', 7752.715050009205, 7778.591798040415, 25.87674803121012, 'NONE', 'NONE', 'NONE', 0
'BWD_TP_COMM_INTRA_0', 'Comm', 7778.591798040415, 7778.598956324241, 0.007158283826666666, 51539607552.0, 'P2P', 'TP', 'INTRA', 2, 3, 2
'BWD_TP_COMM_INTRA_1', 'Comm', 7778.591798040415, 7778.598956324241, 0.007158283826666666, 51539607552.0, 'P2P', 'TP', 'INTRA', 2, 3, 2
'BWD_FFN', 'Compute', 7778.606114608068, 7793.504496862653, 14.898382254584305, 'NONE', 'NONE', 'NONE', 0
'BWD_TP_COMM_INTRA_0', 'Comm', 7793.504496862653, 7793.511655146479, 0.007158283826666666, 51539607552.0, 'P2P', 'TP', 'INTRA', 2, 3, 2
'BWD_TP_COMM_INTRA_1', 'Comm', 7793.504496862653, 7793.511655146479, 0.007158283826666666, 51539607552.0, 'P2P', 'TP', 'INTRA', 2, 3, 2
'BWD_MHA', 'Compute', 7793.518813430306, 7819.395561461516, 25.87674803121012, 'NONE', 'NONE', 'NONE', 0
'BWD_TP_COMM_INTRA_0', 'Comm', 7819.395561461516, 7819.402719745342, 0.007158283826666666, 51539607552.0, 'P2P', 'TP', 'INTRA', 2, 3, 2
'BWD_TP_COMM_INTRA_1', 'Comm', 7819.395561461516, 7819.402719745342, 0.007158283826666666, 51539607552.0, 'P2P', 'TP', 'INTRA', 2, 3, 2
'BWD_FFN', 'Compute', 7819.40987802917, 7834.308260283754, 14.898382254584305, 'NONE', 'NONE', 'NONE', 0
'BWD_TP_COMM_INTRA_0', 'Comm', 7834.308260283754, 7834.31541856758, 0.007158283826666666, 51539607552.0, 'P2P', 'TP', 'INTRA', 2, 3, 2
'BWD_TP_COMM_INTRA_1', 'Comm', 7834.308260283754, 7834.31541856758, 0.007158283826666666, 51539607552.0, 'P2P', 'TP', 'INTRA', 2, 3, 2
'BWD_DP_COMM_INTRA_0', 'Comm', 7834.322576851408, 7834.334699670581, 0.012122819173333334, 65463169536.0, 'P2P', 'DP', 'INTRA', 2, 3, 2
'BWD_DP_COMM_INTRA_1', 'Comm', 7834.322576851408, 7834.334699670581, 0.012122819173333334, 65463169536.0, 'P2P', 'DP', 'INTRA', 2, 3, 2
'FWD_DP_COMM_INTRA_ZERO_0', 'Comm', 7834.346822489754, 7834.361139057408, 0.014316567653333332, 43642113024.0, 'P2P', 'DP', 'INTRA', 2, 3, 2
'FWD_DP_COMM_INTRA_ZERO_1', 'Comm', 7834.346822489754, 7834.361139057408, 0.014316567653333332, 43642113024.0, 'P2P', 'DP', 'INTRA', 2, 3, 2
'Weight_update', 'Compute', 7834.375455625061, 7907.556300468907, 73.18084484384597, 'NONE', 'NONE', 'NONE', 0
'Weight_update', 'Compute', 7907.556300468907, 7980.737145312753, 73.18084484384597, 'NONE', 'NONE', 'NONE', 0
'Weight_update', 'Compute', 7980.737145312753, 8053.9179901565985, 73.18084484384597, 'NONE', 'NONE', 'NONE', 0
'Weight_update', 'Compute', 8053.9179901565985, 8127.0988350004445, 73.18084484384597, 'NONE', 'NONE', 'NONE', 0
'Weight_update', 'Compute', 8127.0988350004445, 8200.27967984429, 73.18084484384597, 'NONE', 'NONE', 'NONE', 0
'Weight_update', 'Compute', 8200.27967984429, 8273.460524688137, 73.18084484384597, 'NONE', 'NONE', 'NONE', 0
'Weight_update', 'Compute', 8273.460524688137, 8346.641369531982, 73.18084484384597, 'NONE', 'NONE', 'NONE', 0
'Weight_update', 'Compute', 8346.641369531982, 8419.822214375828, 73.18084484384597, 'NONE', 'NONE', 'NONE', 0
'Weight_update', 'Compute', 8419.822214375828, 8493.003059219674, 73.18084484384597, 'NONE', 'NONE', 'NONE', 0
'Weight_update', 'Compute', 8493.003059219674, 8566.18390406352, 73.18084484384597, 'NONE', 'NONE', 'NONE', 0
'Weight_update', 'Compute', 8566.18390406352, 8639.364748907366, 73.18084484384597, 'NONE', 'NONE', 'NONE', 0
'Weight_update', 'Compute', 8639.364748907366, 8712.545593751212, 73.18084484384597, 'NONE', 'NONE', 'NONE', 0
'Weight_update', 'Compute', 8712.545593751212, 8785.726438595058, 73.18084484384597, 'NONE', 'NONE', 'NONE', 0
'Weight_update', 'Compute', 8785.726438595058, 8858.907283438904, 73.18084484384597, 'NONE', 'NONE', 'NONE', 0
'Weight_update', 'Compute', 8858.907283438904, 8932.08812828275, 73.18084484384597, 'NONE', 'NONE', 'NONE', 0
'Weight_update', 'Compute', 8932.08812828275, 9005.268973126596, 73.18084484384597, 'NONE', 'NONE', 'NONE', 0
'Weight_update', 'Compute', 9005.268973126596, 9078.449817970442, 73.18084484384597, 'NONE', 'NONE', 'NONE', 0
'Weight_update', 'Compute', 9078.449817970442, 9151.630662814288, 73.18084484384597, 'NONE', 'NONE', 'NONE', 0
'Weight_update', 'Compute', 9151.630662814288, 9224.811507658134, 73.18084484384597, 'NONE', 'NONE', 'NONE', 0
'Weight_update', 'Compute', 9224.811507658134, 9297.99235250198, 73.18084484384597, 'NONE', 'NONE', 'NONE', 0
'Weight_update', 'Compute', 9297.99235250198, 9371.173197345826, 73.18084484384597, 'NONE', 'NONE', 'NONE', 0
'Weight_update', 'Compute', 9371.173197345826, 9444.354042189672, 73.18084484384597, 'NONE', 'NONE', 'NONE', 0
'Weight_update', 'Compute', 9444.354042189672, 9517.534887033518, 73.18084484384597, 'NONE', 'NONE', 'NONE', 0
'Weight_update', 'Compute', 9517.534887033518, 9590.715731877364, 73.18084484384597, 'NONE', 'NONE', 'NONE', 0
'Weight_update', 'Compute', 9590.715731877364, 9663.89657672121, 73.18084484384597, 'NONE', 'NONE', 'NONE', 0
'Weight_update', 'Compute', 9663.89657672121, 9737.077421565056, 73.18084484384597, 'NONE', 'NONE', 'NONE', 0
'Weight_update', 'Compute', 9737.077421565056, 9810.258266408902, 73.18084484384597, 'NONE', 'NONE', 'NONE', 0
'Weight_update', 'Compute', 9810.258266408902, 9883.439111252748, 73.18084484384597, 'NONE', 'NONE', 'NONE', 0
'Weight_update', 'Compute', 9883.439111252748, 9956.619956096594, 73.18084484384597, 'NONE', 'NONE', 'NONE', 0
'Weight_update', 'Compute', 9956.619956096594, 10029.80080094044, 73.18084484384597, 'NONE', 'NONE', 'NONE', 0
'Weight_update', 'Compute', 10029.80080094044, 10102.981645784286, 73.18084484384597, 'NONE', 'NONE', 'NONE', 0
'Weight_update', 'Compute', 10102.981645784286, 10176.162490628132, 73.18084484384597, 'NONE', 'NONE', 'NONE', 0
'Weight_update', 'Compute', 10176.162490628132, 10249.343335471978, 73.18084484384597, 'NONE', 'NONE', 'NONE', 0
'Weight_update', 'Compute', 10249.343335471978, 10322.524180315824, 73.18084484384597, 'NONE', 'NONE', 'NONE', 0
'Weight_update', 'Compute', 10322.524180315824, 10395.70502515967, 73.18084484384597, 'NONE', 'NONE', 'NONE', 0
'Weight_update', 'Compute', 10395.70502515967, 10468.885870003516, 73.18084484384597, 'NONE', 'NONE', 'NONE', 0
'Weight_update', 'Compute', 10468.885870003516, 10542.066714847362, 73.18084484384597, 'NONE', 'NONE', 'NONE', 0
'Weight_update', 'Compute', 10542.066714847362, 10615.247559691208, 73.18084484384597, 'NONE', 'NONE', 'NONE', 0
'Weight_update', 'Compute', 10615.247559691208, 10688.428404535054, 73.18084484384597, 'NONE', 'NONE', 'NONE', 0
'Weight_update', 'Compute', 10688.428404535054, 10761.6092493789, 73.18084484384597, 'NONE', 'NONE', 'NONE', 0
'Weight_update', 'Compute', 10761.6092493789, 10834.790094222746, 73.18084484384597, 'NONE', 'NONE', 'NONE', 0
'Weight_update', 'Compute', 10834.790094222746, 10907.970939066592, 73.18084484384597, 'NONE', 'NONE', 'NONE', 0
'Weight_update', 'Compute', 10907.970939066592, 10981.151783910438, 73.18084484384597, 'NONE', 'NONE', 'NONE', 0
'Weight_update', 'Compute', 10981.151783910438, 11054.332628754284, 73.18084484384597, 'NONE', 'NONE', 'NONE', 0
'Weight_update', 'Compute', 11054.332628754284, 11127.51347359813, 73.18084484384597, 'NONE', 'NONE', 'NONE', 0
'Weight_update', 'Compute', 11127.51347359813, 11200.694318441976, 73.18084484384597, 'NONE', 'NONE', 'NONE', 0
'Weight_update', 'Compute', 11200.694318441976, 11273.875163285822, 73.18084484384597, 'NONE', 'NONE', 'NONE', 0
'Weight_update', 'Compute', 11273.875163285822, 11347.056008129668, 73.18084484384597, 'NONE', 'NONE', 'NONE', 0
'Weight_update', 'Compute', 11347.056008129668, 11420.236852973514, 73.18084484384597, 'NONE', 'NONE', 'NONE', 0
'Weight_update', 'Compute', 11420.236852973514, 11493.41769781736, 73.18084484384597, 'NONE', 'NONE', 'NONE', 0
'Weight_update', 'Compute', 11493.41769781736, 11566.598542661206, 73.18084484384597, 'NONE', 'NONE', 'NONE', 0
'Weight_update', 'Compute', 11566.598542661206, 11639.779387505052, 73.18084484384597, 'NONE', 'NONE', 'NONE', 0
'Weight_update', 'Compute', 11639.779387505052, 11712.960232348898, 73.18084484384597, 'NONE', 'NONE', 'NONE', 0
'Weight_update', 'Compute', 11712.960232348898, 11786.141077192744, 73.18084484384597, 'NONE', 'NONE', 'NONE', 0
'Weight_update', 'Compute', 11786.141077192744, 11859.32192203659, 73.18084484384597, 'NONE', 'NONE', 'NONE', 0
'Weight_update', 'Compute', 11859.32192203659, 11932.502766880436, 73.18084484384597, 'NONE', 'NONE', 'NONE', 0
'Weight_update', 'Compute', 11932.502766880436, 12005.683611724282, 73.18084484384597, 'NONE', 'NONE', 'NONE', 0
'Weight_update', 'Compute', 12005.683611724282, 12078.864456568128, 73.18084484384597, 'NONE', 'NONE', 'NONE', 0
'Weight_update', 'Compute', 12078.864456568128, 12152.045301411974, 73.18084484384597, 'NONE', 'NONE', 'NONE', 0
'Weight_update', 'Compute', 12152.045301411974, 12225.22614625582, 73.18084484384597, 'NONE', 'NONE', 'NONE', 0
'Weight_update', 'Compute', 12225.22614625582, 12298.406991099666, 73.18084484384597, 'NONE', 'NONE', 'NONE', 0
'Weight_update', 'Compute', 12298.406991099666, 12371.587835943512, 73.18084484384597, 'NONE', 'NONE', 'NONE', 0
'Weight_update', 'Compute', 12371.587835943512, 12444.768680787358, 73.18084484384597, 'NONE', 'NONE', 'NONE', 0
'Weight_update', 'Compute', 12444.768680787358, 12517.949525631204, 73.18084484384597, 'NONE', 'NONE', 'NONE', 0
'Weight_update', 'Compute', 12517.949525631204, 12591.13037047505, 73.18084484384597, 'NONE', 'NONE', 'NONE', 0
'Weight_update', 'Compute', 12591.13037047505, 12664.311215318896, 73.18084484384597, 'NONE', 'NONE', 'NONE', 0
'Weight_update', 'Compute', 12664.311215318896, 12737.492060162742, 73.18084484384597, 'NONE', 'NONE', 'NONE', 0
'Weight_update', 'Compute', 12737.492060162742, 12810.672905006588, 73.18084484384597, 'NONE', 'NONE', 'NONE', 0
'Weight_update', 'Compute', 12810.672905006588, 12883.853749850434, 73.18084484384597, 'NONE', 'NONE', 'NONE', 0
'Weight_update', 'Compute', 12883.853749850434, 12957.03459469428, 73.18084484384597, 'NONE', 'NONE', 'NONE', 0
'Weight_update', 'Compute', 12957.03459469428, 13030.215439538126, 73.18084484384597, 'NONE', 'NONE', 'NONE', 0
'Weight_update', 'Compute', 13030.215439538126, 13103.396284381972, 73.18084484384597, 'NONE', 'NONE', 'NONE', 0
'Weight_update', 'Compute', 13103.396284381972, 13176.577129225818, 73.18084484384597, 'NONE', 'NONE', 'NONE', 0
'Weight_update', 'Compute', 13176.577129225818, 13249.757974069664, 73.18084484384597, 'NONE', 'NONE', 'NONE', 0
'Weight_update', 'Compute', 13249.757974069664, 13322.93881891351, 73.18084484384597, 'NONE', 'NONE', 'NONE', 0
'Weight_update', 'Compute', 13322.93881891351, 13396.119663757356, 73.18084484384597, 'NONE', 'NONE', 'NONE', 0
'Weight_update', 'Compute', 13396.119663757356, 13469.300508601202, 73.18084484384597, 'NONE', 'NONE', 'NONE', 0
'Weight_update', 'Compute', 13469.300508601202, 13542.481353445048, 73.18084484384597, 'NONE', 'NONE', 'NONE', 0
'Weight_update', 'Compute', 13542.481353445048, 13615.662198288894, 73.18084484384597, 'NONE', 'NONE', 'NONE', 0
'Weight_update', 'Compute', 13615.662198288894, 13688.84304313274, 73.18084484384597, 'NONE', 'NONE', 'NONE', 0
'Weight_update', 'Compute', 13688.84304313274, 13762.023887976586, 73.18084484384597, 'NONE', 'NONE', 'NONE', 0
'Weight_update', 'Compute', 13762.023887976586, 13835.204732820432, 73.18084484384597, 'NONE', 'NONE', 'NONE', 0
'Weight_update', 'Compute', 13835.204732820432, 13908.385577664278, 73.18084484384597, 'NONE', 'NONE', 'NONE', 0
'Weight_update', 'Compute', 13908.385577664278, 13981.566422508124, 73.18084484384597, 'NONE', 'NONE', 'NONE', 0
'Weight_update', 'Compute', 13981.566422508124, 14054.74726735197, 73.18084484384597, 'NONE', 'NONE', 'NONE', 0
'Weight_update', 'Compute', 14054.74726735197, 14127.928112195816, 73.18084484384597, 'NONE', 'NONE', 'NONE', 0
'Weight_update', 'Compute', 14127.928112195816, 14201.108957039662, 73.18084484384597, 'NONE', 'NONE', 'NONE', 0
'Weight_update', 'Compute', 14201.108957039662, 14274.289801883508, 73.18084484384597, 'NONE', 'NONE', 'NONE', 0
'Weight_update', 'Compute', 14274.289801883508, 14347.470646727354, 73.18084484384597, 'NONE', 'NONE', 'NONE', 0
'Weight_update', 'Compute', 14347.470646727354, 14420.6514915712, 73.18084484384597, 'NONE', 'NONE', 'NONE', 0
'Weight_update', 'Compute', 14420.6514915712, 14493.832336415046, 73.18084484384597, 'NONE', 'NONE', 'NONE', 0
'Weight_update', 'Compute', 14493.832336415046, 14567.013181258892, 73.18084484384597, 'NONE', 'NONE', 'NONE', 0
'Weight_update', 'Compute', 14567.013181258892, 14640.194026102738, 73.18084484384597, 'NONE', 'NONE', 'NONE', 0
'Weight_update', 'Compute', 14640.194026102738, 14713.374870946584, 73.18084484384597, 'NONE', 'NONE', 'NONE', 0
'Weight_update', 'Compute', 14713.374870946584, 14786.55571579043, 73.18084484384597, 'NONE', 'NONE', 'NONE', 0
'Weight_update', 'Compute', 14786.55571579043, 14859.736560634276, 73.18084484384597, 'NONE', 'NONE', 'NONE', 0
'FWD_MHA', 'Compute', 14859.736560634276, 14885.613308665486, 25.87674803121012, 'NONE', 'NONE', 'NONE', 0
'FWD_TP_COMM_INTRA_0', 'Comm', 14885.613308665486, 14885.620466949313, 0.007158283826666666, 51539607552.0, 'P2P', 'TP', 'INTRA', 2, 3, 2
'FWD_TP_COMM_INTRA_1', 'Comm', 14885.613308665486, 14885.620466949313, 0.007158283826666666, 51539607552.0, 'P2P', 'TP', 'INTRA', 2, 3, 2
'FWD_FFN', 'Compute', 14885.627625233139, 14900.526007487724, 14.898382254584305, 'NONE', 'NONE', 'NONE', 0
'FWD_TP_COMM_INTRA_0', 'Comm', 14900.526007487724, 14900.53316577155, 0.007158283826666666, 51539607552.0, 'P2P', 'TP', 'INTRA', 2, 3, 2
'FWD_TP_COMM_INTRA_1', 'Comm', 14900.526007487724, 14900.53316577155, 0.007158283826666666, 51539607552.0, 'P2P', 'TP', 'INTRA', 2, 3, 2
'FWD_MHA', 'Compute', 14900.540324055377, 14926.417072086588, 25.87674803121012, 'NONE', 'NONE', 'NONE', 0
'FWD_TP_COMM_INTRA_0', 'Comm', 14926.417072086588, 14926.424230370414, 0.007158283826666666, 51539607552.0, 'P2P', 'TP', 'INTRA', 2, 3, 2
'FWD_TP_COMM_INTRA_1', 'Comm', 14926.417072086588, 14926.424230370414, 0.007158283826666666, 51539607552.0, 'P2P', 'TP', 'INTRA', 2, 3, 2
'FWD_FFN', 'Compute', 14926.43138865424, 14941.329770908826, 14.898382254584305, 'NONE', 'NONE', 'NONE', 0
'FWD_TP_COMM_INTRA_0', 'Comm', 14941.329770908826, 14941.336929192652, 0.007158283826666666, 51539607552.0, 'P2P', 'TP', 'INTRA', 2, 3, 2
'FWD_TP_COMM_INTRA_1', 'Comm', 14941.329770908826, 14941.336929192652, 0.007158283826666666, 51539607552.0, 'P2P', 'TP', 'INTRA', 2, 3, 2
'FWD_MHA', 'Compute', 14941.344087476478, 14967.22083550769, 25.87674803121012, 'NONE', 'NONE', 'NONE', 0
'FWD_TP_COMM_INTRA_0', 'Comm', 14967.22083550769, 14967.227993791515, 0.007158283826666666, 51539607552.0, 'P2P', 'TP', 'INTRA', 2, 3, 2
'FWD_TP_COMM_INTRA_1', 'Comm', 14967.22083550769, 14967.227993791515, 0.007158283826666666, 51539607552.0, 'P2P', 'TP', 'INTRA', 2, 3, 2
'FWD_FFN', 'Compute', 14967.235152075342, 14982.133534329927, 14.898382254584305, 'NONE', 'NONE', 'NONE', 0
'FWD_TP_COMM_INTRA_0', 'Comm', 14982.133534329927, 14982.140692613753, 0.007158283826666666, 51539607552.0, 'P2P', 'TP', 'INTRA', 2, 3, 2
'FWD_TP_COMM_INTRA_1', 'Comm', 14982.133534329927, 14982.140692613753, 0.007158283826666666, 51539607552.0, 'P2P', 'TP', 'INTRA', 2, 3, 2
'FWD_MHA', 'Compute', 14982.14785089758, 15008.02459892879, 25.87674803121012, 'NONE', 'NONE', 'NONE', 0
'FWD_TP_COMM_INTRA_0', 'Comm', 15008.02459892879, 15008.031757212617, 0.007158283826666666, 51539607552.0, 'P2P', 'TP', 'INTRA', 2, 3, 2
'FWD_TP_COMM_INTRA_1', 'Comm', 15008.02459892879, 15008.031757212617, 0.007158283826666666, 51539607552.0, 'P2P', 'TP', 'INTRA', 2, 3, 2
'FWD_FFN', 'Compute', 15008.038915496443, 15022.937297751028, 14.898382254584305, 'NONE', 'NONE', 'NONE', 0
'FWD_TP_COMM_INTRA_0', 'Comm', 15022.937297751028, 15022.944456034855, 0.007158283826666666, 51539607552.0, 'P2P', 'TP', 'INTRA', 2, 3, 2
'FWD_TP_COMM_INTRA_1', 'Comm', 15022.937297751028, 15022.944456034855, 0.007158283826666666, 51539607552.0, 'P2P', 'TP', 'INTRA', 2, 3, 2
'FWD_MHA', 'Compute', 15022.951614318681, 15048.828362349892, 25.87674803121012, 'NONE', 'NONE', 'NONE', 0
'FWD_TP_COMM_INTRA_0', 'Comm', 15048.828362349892, 15048.835520633718, 0.007158283826666666, 51539607552.0, 'P2P', 'TP', 'INTRA', 2, 3, 2
'FWD_TP_COMM_INTRA_1', 'Comm', 15048.828362349892, 15048.835520633718, 0.007158283826666666, 51539607552.0, 'P2P', 'TP', 'INTRA', 2, 3, 2
'FWD_FFN', 'Compute', 15048.842678917545, 15063.74106117213, 14.898382254584305, 'NONE', 'NONE', 'NONE', 0
'FWD_TP_COMM_INTRA_0', 'Comm', 15063.74106117213, 15063.748219455956, 0.007158283826666666, 51539607552.0, 'P2P', 'TP', 'INTRA', 2, 3, 2
'FWD_TP_COMM_INTRA_1', 'Comm', 15063.74106117213, 15063.748219455956, 0.007158283826666666, 51539607552.0, 'P2P', 'TP', 'INTRA', 2, 3, 2
'FWD_MHA', 'Compute', 15063.755377739782, 15089.632125770993, 25.87674803121012, 'NONE', 'NONE', 'NONE', 0
'FWD_TP_COMM_INTRA_0', 'Comm', 15089.632125770993, 15089.63928405482, 0.007158283826666666, 51539607552.0, 'P2P', 'TP', 'INTRA', 2, 3, 2
'FWD_TP_COMM_INTRA_1', 'Comm', 15089.632125770993, 15089.63928405482, 0.007158283826666666, 51539607552.0, 'P2P', 'TP', 'INTRA', 2, 3, 2
'FWD_FFN', 'Compute', 15089.646442338646, 15104.544824593231, 14.898382254584305, 'NONE', 'NONE', 'NONE', 0
'FWD_TP_COMM_INTRA_0', 'Comm', 15104.544824593231, 15104.551982877058, 0.007158283826666666, 51539607552.0, 'P2P', 'TP', 'INTRA', 2, 3, 2
'FWD_TP_COMM_INTRA_1', 'Comm', 15104.544824593231, 15104.551982877058, 0.007158283826666666, 51539607552.0, 'P2P', 'TP', 'INTRA', 2, 3, 2
'FWD_MHA', 'Compute', 15104.559141160884, 15130.435889192095, 25.87674803121012, 'NONE', 'NONE', 'NONE', 0
'FWD_TP_COMM_INTRA_0', 'Comm', 15130.435889192095, 15130.443047475921, 0.007158283826666666, 51539607552.0, 'P2P', 'TP', 'INTRA', 2, 3, 2
'FWD_TP_COMM_INTRA_1', 'Comm', 15130.435889192095, 15130.443047475921, 0.007158283826666666, 51539607552.0, 'P2P', 'TP', 'INTRA', 2, 3, 2
'FWD_FFN', 'Compute', 15130.450205759747, 15145.348588014333, 14.898382254584305, 'NONE', 'NONE', 'NONE', 0
'FWD_TP_COMM_INTRA_0', 'Comm', 15145.348588014333, 15145.355746298159, 0.007158283826666666, 51539607552.0, 'P2P', 'TP', 'INTRA', 2, 3, 2
'FWD_TP_COMM_INTRA_1', 'Comm', 15145.348588014333, 15145.355746298159, 0.007158283826666666, 51539607552.0, 'P2P', 'TP', 'INTRA', 2, 3, 2
'FWD_MHA', 'Compute', 15145.362904581985, 15171.239652613196, 25.87674803121012, 'NONE', 'NONE', 'NONE', 0
'FWD_TP_COMM_INTRA_0', 'Comm', 15171.239652613196, 15171.246810897022, 0.007158283826666666, 51539607552.0, 'P2P', 'TP', 'INTRA', 2, 3, 2
'FWD_TP_COMM_INTRA_1', 'Comm', 15171.239652613196, 15171.246810897022, 0.007158283826666666, 51539607552.0, 'P2P', 'TP', 'INTRA', 2, 3, 2
'FWD_FFN', 'Compute', 15171.253969180849, 15186.152351435434, 14.898382254584305, 'NONE', 'NONE', 'NONE', 0
'FWD_TP_COMM_INTRA_0', 'Comm', 15186.152351435434, 15186.15950971926, 0.007158283826666666, 51539607552.0, 'P2P', 'TP', 'INTRA', 2, 3, 2
'FWD_TP_COMM_INTRA_1', 'Comm', 15186.152351435434, 15186.15950971926, 0.007158283826666666, 51539607552.0, 'P2P', 'TP', 'INTRA', 2, 3, 2
'FWD_MHA', 'Compute', 15186.166668003087, 15212.043416034297, 25.87674803121012, 'NONE', 'NONE', 'NONE', 0
'FWD_TP_COMM_INTRA_0', 'Comm', 15212.043416034297, 15212.050574318124, 0.007158283826666666, 51539607552.0, 'P2P', 'TP', 'INTRA', 2, 3, 2
'FWD_TP_COMM_INTRA_1', 'Comm', 15212.043416034297, 15212.050574318124, 0.007158283826666666, 51539607552.0, 'P2P', 'TP', 'INTRA', 2, 3, 2
'FWD_FFN', 'Compute', 15212.05773260195, 15226.956114856535, 14.898382254584305, 'NONE', 'NONE', 'NONE', 0
'FWD_TP_COMM_INTRA_0', 'Comm', 15226.956114856535, 15226.963273140362, 0.007158283826666666, 51539607552.0, 'P2P', 'TP', 'INTRA', 2, 3, 2
'FWD_TP_COMM_INTRA_1', 'Comm', 15226.956114856535, 15226.963273140362, 0.007158283826666666, 51539607552.0, 'P2P', 'TP', 'INTRA', 2, 3, 2
'FWD_MHA', 'Compute', 15226.970431424188, 15252.847179455399, 25.87674803121012, 'NONE', 'NONE', 'NONE', 0
'FWD_TP_COMM_INTRA_0', 'Comm', 15252.847179455399, 15252.854337739225, 0.007158283826666666, 51539607552.0, 'P2P', 'TP', 'INTRA', 2, 3, 2
'FWD_TP_COMM_INTRA_1', 'Comm', 15252.847179455399, 15252.854337739225, 0.007158283826666666, 51539607552.0, 'P2P', 'TP', 'INTRA', 2, 3, 2
'FWD_FFN', 'Compute', 15252.861496023052, 15267.759878277637, 14.898382254584305, 'NONE', 'NONE', 'NONE', 0
'FWD_TP_COMM_INTRA_0', 'Comm', 15267.759878277637, 15267.767036561463, 0.007158283826666666, 51539607552.0, 'P2P', 'TP', 'INTRA', 2, 3, 2
'FWD_TP_COMM_INTRA_1', 'Comm', 15267.759878277637, 15267.767036561463, 0.007158283826666666, 51539607552.0, 'P2P', 'TP', 'INTRA', 2, 3, 2
'FWD_MHA', 'Compute', 15267.77419484529, 15293.6509428765, 25.87674803121012, 'NONE', 'NONE', 'NONE', 0
'FWD_TP_COMM_INTRA_0', 'Comm', 15293.6509428765, 15293.658101160327, 0.007158283826666666, 51539607552.0, 'P2P', 'TP', 'INTRA', 2, 3, 2
'FWD_TP_COMM_INTRA_1', 'Comm', 15293.6509428765, 15293.658101160327, 0.007158283826666666, 51539607552.0, 'P2P', 'TP', 'INTRA', 2, 3, 2
'FWD_FFN', 'Compute', 15293.665259444153, 15308.563641698738, 14.898382254584305, 'NONE', 'NONE', 'NONE', 0
'FWD_TP_COMM_INTRA_0', 'Comm', 15308.563641698738, 15308.570799982564, 0.007158283826666666, 51539607552.0, 'P2P', 'TP', 'INTRA', 2, 3, 2
'FWD_TP_COMM_INTRA_1', 'Comm', 15308.563641698738, 15308.570799982564, 0.007158283826666666, 51539607552.0, 'P2P', 'TP', 'INTRA', 2, 3, 2
'FWD_MHA', 'Compute', 15308.57795826639, 15334.454706297602, 25.87674803121012, 'NONE', 'NONE', 'NONE', 0
'FWD_TP_COMM_INTRA_0', 'Comm', 15334.454706297602, 15334.461864581428, 0.007158283826666666, 51539607552.0, 'P2P', 'TP', 'INTRA', 2, 3, 2
'FWD_TP_COMM_INTRA_1', 'Comm', 15334.454706297602, 15334.461864581428, 0.007158283826666666, 51539607552.0, 'P2P', 'TP', 'INTRA', 2, 3, 2
'FWD_FFN', 'Compute', 15334.469022865254, 15349.36740511984, 14.898382254584305, 'NONE', 'NONE', 'NONE', 0
'FWD_TP_COMM_INTRA_0', 'Comm', 15349.36740511984, 15349.374563403666, 0.007158283826666666, 51539607552.0, 'P2P', 'TP', 'INTRA', 2, 3, 2
'FWD_TP_COMM_INTRA_1', 'Comm', 15349.36740511984, 15349.374563403666, 0.007158283826666666, 51539607552.0, 'P2P', 'TP', 'INTRA', 2, 3, 2
'FWD_MHA', 'Compute', 15349.381721687492, 15375.258469718703, 25.87674803121012, 'NONE', 'NONE', 'NONE', 0
'FWD_TP_COMM_INTRA_0', 'Comm', 15375.258469718703, 15375.26562800253, 0.007158283826666666, 51539607552.0, 'P2P', 'TP', 'INTRA', 2, 3, 2
'FWD_TP_COMM_INTRA_1', 'Comm', 15375.258469718703, 15375.26562800253, 0.007158283826666666, 51539607552.0, 'P2P', 'TP', 'INTRA', 2, 3, 2
'FWD_FFN', 'Compute', 15375.272786286356, 15390.171168540941, 14.898382254584305, 'NONE', 'NONE', 'NONE', 0
'FWD_TP_COMM_INTRA_0', 'Comm', 15390.171168540941, 15390.178326824767, 0.007158283826666666, 51539607552.0, 'P2P', 'TP', 'INTRA', 2, 3, 2
'FWD_TP_COMM_INTRA_1', 'Comm', 15390.171168540941, 15390.178326824767, 0.007158283826666666, 51539607552.0, 'P2P', 'TP', 'INTRA', 2, 3, 2
'FWD_MHA', 'Compute', 15390.185485108594, 15416.062233139804, 25.87674803121012, 'NONE', 'NONE', 'NONE', 0
'FWD_TP_COMM_INTRA_0', 'Comm', 15416.062233139804, 15416.06939142363, 0.007158283826666666, 51539607552.0, 'P2P', 'TP', 'INTRA', 2, 3, 2
'FWD_TP_COMM_INTRA_1', 'Comm', 15416.062233139804, 15416.06939142363, 0.007158283826666666, 51539607552.0, 'P2P', 'TP', 'INTRA', 2, 3, 2
'FWD_FFN', 'Compute', 15416.076549707457, 15430.974931962042, 14.898382254584305, 'NONE', 'NONE', 'NONE', 0
'FWD_TP_COMM_INTRA_0', 'Comm', 15430.974931962042, 15430.982090245869, 0.007158283826666666, 51539607552.0, 'P2P', 'TP', 'INTRA', 2, 3, 2
'FWD_TP_COMM_INTRA_1', 'Comm', 15430.974931962042, 15430.982090245869, 0.007158283826666666, 51539607552.0, 'P2P', 'TP', 'INTRA', 2, 3, 2
'FWD_MHA', 'Compute', 15430.989248529695, 15456.865996560906, 25.87674803121012, 'NONE', 'NONE', 'NONE', 0
'FWD_TP_COMM_INTRA_0', 'Comm', 15456.865996560906, 15456.873154844732, 0.007158283826666666, 51539607552.0, 'P2P', 'TP', 'INTRA', 2, 3, 2
'FWD_TP_COMM_INTRA_1', 'Comm', 15456.865996560906, 15456.873154844732, 0.007158283826666666, 51539607552.0, 'P2P', 'TP', 'INTRA', 2, 3, 2
'FWD_FFN', 'Compute', 15456.880313128559, 15471.778695383144, 14.898382254584305, 'NONE', 'NONE', 'NONE', 0
'FWD_TP_COMM_INTRA_0', 'Comm', 15471.778695383144, 15471.78585366697, 0.007158283826666666, 51539607552.0, 'P2P', 'TP', 'INTRA', 2, 3, 2
'FWD_TP_COMM_INTRA_1', 'Comm', 15471.778695383144, 15471.78585366697, 0.007158283826666666, 51539607552.0, 'P2P', 'TP', 'INTRA', 2, 3, 2
'FWD_MHA', 'Compute', 15471.793011950796, 15497.669759982007, 25.87674803121012, 'NONE', 'NONE', 'NONE', 0
'FWD_TP_COMM_INTRA_0', 'Comm', 15497.669759982007, 15497.676918265834, 0.007158283826666666, 51539607552.0, 'P2P', 'TP', 'INTRA', 2, 3, 2
'FWD_TP_COMM_INTRA_1', 'Comm', 15497.669759982007, 15497.676918265834, 0.007158283826666666, 51539607552.0, 'P2P', 'TP', 'INTRA', 2, 3, 2
'FWD_FFN', 'Compute', 15497.68407654966, 15512.582458804245, 14.898382254584305, 'NONE', 'NONE', 'NONE', 0
'FWD_TP_COMM_INTRA_0', 'Comm', 15512.582458804245, 15512.589617088071, 0.007158283826666666, 51539607552.0, 'P2P', 'TP', 'INTRA', 2, 3, 2
'FWD_TP_COMM_INTRA_1', 'Comm', 15512.582458804245, 15512.589617088071, 0.007158283826666666, 51539607552.0, 'P2P', 'TP', 'INTRA', 2, 3, 2
'FWD_MHA', 'Compute', 15512.596775371898, 15538.473523403109, 25.87674803121012, 'NONE', 'NONE', 'NONE', 0
'FWD_TP_COMM_INTRA_0', 'Comm', 15538.473523403109, 15538.480681686935, 0.007158283826666666, 51539607552.0, 'P2P', 'TP', 'INTRA', 2, 3, 2
'FWD_TP_COMM_INTRA_1', 'Comm', 15538.473523403109, 15538.480681686935, 0.007158283826666666, 51539607552.0, 'P2P', 'TP', 'INTRA', 2, 3, 2
'FWD_FFN', 'Compute', 15538.487839970761, 15553.386222225347, 14.898382254584305, 'NONE', 'NONE', 'NONE', 0
'FWD_TP_COMM_INTRA_0', 'Comm', 15553.386222225347, 15553.393380509173, 0.007158283826666666, 51539607552.0, 'P2P', 'TP', 'INTRA', 2, 3, 2
'FWD_TP_COMM_INTRA_1', 'Comm', 15553.386222225347, 15553.393380509173, 0.007158283826666666, 51539607552.0, 'P2P', 'TP', 'INTRA', 2, 3, 2
'FWD_MHA', 'Compute', 15553.400538793, 15579.27728682421, 25.87674803121012, 'NONE', 'NONE', 'NONE', 0
'FWD_TP_COMM_INTRA_0', 'Comm', 15579.27728682421, 15579.284445108036, 0.007158283826666666, 51539607552.0, 'P2P', 'TP', 'INTRA', 2, 3, 2
'FWD_TP_COMM_INTRA_1', 'Comm', 15579.27728682421, 15579.284445108036, 0.007158283826666666, 51539607552.0, 'P2P', 'TP', 'INTRA', 2, 3, 2
'FWD_FFN', 'Compute', 15579.291603391863, 15594.189985646448, 14.898382254584305, 'NONE', 'NONE', 'NONE', 0
'FWD_TP_COMM_INTRA_0', 'Comm', 15594.189985646448, 15594.197143930274, 0.007158283826666666, 51539607552.0, 'P2P', 'TP', 'INTRA', 2, 3, 2
'FWD_TP_COMM_INTRA_1', 'Comm', 15594.189985646448, 15594.197143930274, 0.007158283826666666, 51539607552.0, 'P2P', 'TP', 'INTRA', 2, 3, 2
'FWD_MHA', 'Compute', 15594.2043022141, 15620.081050245311, 25.87674803121012, 'NONE', 'NONE', 'NONE', 0
'FWD_TP_COMM_INTRA_0', 'Comm', 15620.081050245311, 15620.088208529138, 0.007158283826666666, 51539607552.0, 'P2P', 'TP', 'INTRA', 2, 3, 2
'FWD_TP_COMM_INTRA_1', 'Comm', 15620.081050245311, 15620.088208529138, 0.007158283826666666, 51539607552.0, 'P2P', 'TP', 'INTRA', 2, 3, 2
'FWD_FFN', 'Compute', 15620.095366812964, 15634.99374906755, 14.898382254584305, 'NONE', 'NONE', 'NONE', 0
'FWD_TP_COMM_INTRA_0', 'Comm', 15634.99374906755, 15635.000907351376, 0.007158283826666666, 51539607552.0, 'P2P', 'TP', 'INTRA', 2, 3, 2
'FWD_TP_COMM_INTRA_1', 'Comm', 15634.99374906755, 15635.000907351376, 0.007158283826666666, 51539607552.0, 'P2P', 'TP', 'INTRA', 2, 3, 2
'FWD_MHA', 'Compute', 15635.008065635202, 15660.884813666413, 25.87674803121012, 'NONE', 'NONE', 'NONE', 0
'FWD_TP_COMM_INTRA_0', 'Comm', 15660.884813666413, 15660.89197195024, 0.007158283826666666, 51539607552.0, 'P2P', 'TP', 'INTRA', 2, 3, 2
'FWD_TP_COMM_INTRA_1', 'Comm', 15660.884813666413, 15660.89197195024, 0.007158283826666666, 51539607552.0, 'P2P', 'TP', 'INTRA', 2, 3, 2
'FWD_FFN', 'Compute', 15660.899130234066, 15675.79751248865, 14.898382254584305, 'NONE', 'NONE', 'NONE', 0
'FWD_TP_COMM_INTRA_0', 'Comm', 15675.79751248865, 15675.804670772477, 0.007158283826666666, 51539607552.0, 'P2P', 'TP', 'INTRA', 2, 3, 2
'FWD_TP_COMM_INTRA_1', 'Comm', 15675.79751248865, 15675.804670772477, 0.007158283826666666, 51539607552.0, 'P2P', 'TP', 'INTRA', 2, 3, 2
'FWD_MHA', 'Compute', 15675.811829056303, 15701.688577087514, 25.87674803121012, 'NONE', 'NONE', 'NONE', 0
'FWD_TP_COMM_INTRA_0', 'Comm', 15701.688577087514, 15701.69573537134, 0.007158283826666666, 51539607552.0, 'P2P', 'TP', 'INTRA', 2, 3, 2
'FWD_TP_COMM_INTRA_1', 'Comm', 15701.688577087514, 15701.69573537134, 0.007158283826666666, 51539607552.0, 'P2P', 'TP', 'INTRA', 2, 3, 2
'FWD_FFN', 'Compute', 15701.702893655167, 15716.601275909752, 14.898382254584305, 'NONE', 'NONE', 'NONE', 0
'FWD_TP_COMM_INTRA_0', 'Comm', 15716.601275909752, 15716.608434193578, 0.007158283826666666, 51539607552.0, 'P2P', 'TP', 'INTRA', 2, 3, 2
'FWD_TP_COMM_INTRA_1', 'Comm', 15716.601275909752, 15716.608434193578, 0.007158283826666666, 51539607552.0, 'P2P', 'TP', 'INTRA', 2, 3, 2
'FWD_MHA', 'Compute', 15716.615592477405, 15742.492340508616, 25.87674803121012, 'NONE', 'NONE', 'NONE', 0
'FWD_TP_COMM_INTRA_0', 'Comm', 15742.492340508616, 15742.499498792442, 0.007158283826666666, 51539607552.0, 'P2P', 'TP', 'INTRA', 2, 3, 2
'FWD_TP_COMM_INTRA_1', 'Comm', 15742.492340508616, 15742.499498792442, 0.007158283826666666, 51539607552.0, 'P2P', 'TP', 'INTRA', 2, 3, 2
'FWD_FFN', 'Compute', 15742.506657076268, 15757.405039330853, 14.898382254584305, 'NONE', 'NONE', 'NONE', 0
'FWD_TP_COMM_INTRA_0', 'Comm', 15757.405039330853, 15757.41219761468, 0.007158283826666666, 51539607552.0, 'P2P', 'TP', 'INTRA', 2, 3, 2
'FWD_TP_COMM_INTRA_1', 'Comm', 15757.405039330853, 15757.41219761468, 0.007158283826666666, 51539607552.0, 'P2P', 'TP', 'INTRA', 2, 3, 2
'FWD_MHA', 'Compute', 15757.419355898506, 15783.296103929717, 25.87674803121012, 'NONE', 'NONE', 'NONE', 0
'FWD_TP_COMM_INTRA_0', 'Comm', 15783.296103929717, 15783.303262213543, 0.007158283826666666, 51539607552.0, 'P2P', 'TP', 'INTRA', 2, 3, 2
'FWD_TP_COMM_INTRA_1', 'Comm', 15783.296103929717, 15783.303262213543, 0.007158283826666666, 51539607552.0, 'P2P', 'TP', 'INTRA', 2, 3, 2
'FWD_FFN', 'Compute', 15783.31042049737, 15798.208802751955, 14.898382254584305, 'NONE', 'NONE', 'NONE', 0
'FWD_TP_COMM_INTRA_0', 'Comm', 15798.208802751955, 15798.215961035781, 0.007158283826666666, 51539607552.0, 'P2P', 'TP', 'INTRA', 2, 3, 2
'FWD_TP_COMM_INTRA_1', 'Comm', 15798.208802751955, 15798.215961035781, 0.007158283826666666, 51539607552.0, 'P2P', 'TP', 'INTRA', 2, 3, 2
'FWD_MHA', 'Compute', 15798.223119319608, 15824.099867350818, 25.87674803121012, 'NONE', 'NONE', 'NONE', 0
'FWD_TP_COMM_INTRA_0', 'Comm', 15824.099867350818, 15824.107025634645, 0.007158283826666666, 51539607552.0, 'P2P', 'TP', 'INTRA', 2, 3, 2
'FWD_TP_COMM_INTRA_1', 'Comm', 15824.099867350818, 15824.107025634645, 0.007158283826666666, 51539607552.0, 'P2P', 'TP', 'INTRA', 2, 3, 2
'FWD_FFN', 'Compute', 15824.114183918471, 15839.012566173056, 14.898382254584305, 'NONE', 'NONE', 'NONE', 0
'FWD_TP_COMM_INTRA_0', 'Comm', 15839.012566173056, 15839.019724456883, 0.007158283826666666, 51539607552.0, 'P2P', 'TP', 'INTRA', 2, 3, 2
'FWD_TP_COMM_INTRA_1', 'Comm', 15839.012566173056, 15839.019724456883, 0.007158283826666666, 51539607552.0, 'P2P', 'TP', 'INTRA', 2, 3, 2
'FWD_MHA', 'Compute', 15839.026882740709, 15864.90363077192, 25.87674803121012, 'NONE', 'NONE', 'NONE', 0
'FWD_TP_COMM_INTRA_0', 'Comm', 15864.90363077192, 15864.910789055746, 0.007158283826666666, 51539607552.0, 'P2P', 'TP', 'INTRA', 2, 3, 2
'FWD_TP_COMM_INTRA_1', 'Comm', 15864.90363077192, 15864.910789055746, 0.007158283826666666, 51539607552.0, 'P2P', 'TP', 'INTRA', 2, 3, 2
'FWD_FFN', 'Compute', 15864.917947339572, 15879.816329594158, 14.898382254584305, 'NONE', 'NONE', 'NONE', 0
'FWD_TP_COMM_INTRA_0', 'Comm', 15879.816329594158, 15879.823487877984, 0.007158283826666666, 51539607552.0, 'P2P', 'TP', 'INTRA', 2, 3, 2
'FWD_TP_COMM_INTRA_1', 'Comm', 15879.816329594158, 15879.823487877984, 0.007158283826666666, 51539607552.0, 'P2P', 'TP', 'INTRA', 2, 3, 2
'FWD_MHA', 'Compute', 15879.83064616181, 15905.707394193021, 25.87674803121012, 'NONE', 'NONE', 'NONE', 0
'FWD_TP_COMM_INTRA_0', 'Comm', 15905.707394193021, 15905.714552476848, 0.007158283826666666, 51539607552.0, 'P2P', 'TP', 'INTRA', 2, 3, 2
'FWD_TP_COMM_INTRA_1', 'Comm', 15905.707394193021, 15905.714552476848, 0.007158283826666666, 51539607552.0, 'P2P', 'TP', 'INTRA', 2, 3, 2
'FWD_FFN', 'Compute', 15905.721710760674, 15920.620093015259, 14.898382254584305, 'NONE', 'NONE', 'NONE', 0
'FWD_TP_COMM_INTRA_0', 'Comm', 15920.620093015259, 15920.627251299085, 0.007158283826666666, 51539607552.0, 'P2P', 'TP', 'INTRA', 2, 3, 2
'FWD_TP_COMM_INTRA_1', 'Comm', 15920.620093015259, 15920.627251299085, 0.007158283826666666, 51539607552.0, 'P2P', 'TP', 'INTRA', 2, 3, 2
'FWD_MHA', 'Compute', 15920.634409582912, 15946.511157614123, 25.87674803121012, 'NONE', 'NONE', 'NONE', 0
'FWD_TP_COMM_INTRA_0', 'Comm', 15946.511157614123, 15946.518315897949, 0.007158283826666666, 51539607552.0, 'P2P', 'TP', 'INTRA', 2, 3, 2
'FWD_TP_COMM_INTRA_1', 'Comm', 15946.511157614123, 15946.518315897949, 0.007158283826666666, 51539607552.0, 'P2P', 'TP', 'INTRA', 2, 3, 2
'FWD_FFN', 'Compute', 15946.525474181775, 15961.42385643636, 14.898382254584305, 'NONE', 'NONE', 'NONE', 0
'FWD_TP_COMM_INTRA_0', 'Comm', 15961.42385643636, 15961.431014720187, 0.007158283826666666, 51539607552.0, 'P2P', 'TP', 'INTRA', 2, 3, 2
'FWD_TP_COMM_INTRA_1', 'Comm', 15961.42385643636, 15961.431014720187, 0.007158283826666666, 51539607552.0, 'P2P', 'TP', 'INTRA', 2, 3, 2
'FWD_MHA', 'Compute', 15961.438173004013, 15987.314921035224, 25.87674803121012, 'NONE', 'NONE', 'NONE', 0
'FWD_TP_COMM_INTRA_0', 'Comm', 15987.314921035224, 15987.32207931905, 0.007158283826666666, 51539607552.0, 'P2P', 'TP', 'INTRA', 2, 3, 2
'FWD_TP_COMM_INTRA_1', 'Comm', 15987.314921035224, 15987.32207931905, 0.007158283826666666, 51539607552.0, 'P2P', 'TP', 'INTRA', 2, 3, 2
'FWD_FFN', 'Compute', 15987.329237602877, 16002.227619857462, 14.898382254584305, 'NONE', 'NONE', 'NONE', 0
'FWD_TP_COMM_INTRA_0', 'Comm', 16002.227619857462, 16002.234778141288, 0.007158283826666666, 51539607552.0, 'P2P', 'TP', 'INTRA', 2, 3, 2
'FWD_TP_COMM_INTRA_1', 'Comm', 16002.227619857462, 16002.234778141288, 0.007158283826666666, 51539607552.0, 'P2P', 'TP', 'INTRA', 2, 3, 2
'FWD_MHA', 'Compute', 16002.241936425115, 16028.118684456325, 25.87674803121012, 'NONE', 'NONE', 'NONE', 0
'FWD_TP_COMM_INTRA_0', 'Comm', 16028.118684456325, 16028.125842740152, 0.007158283826666666, 51539607552.0, 'P2P', 'TP', 'INTRA', 2, 3, 2
'FWD_TP_COMM_INTRA_1', 'Comm', 16028.118684456325, 16028.125842740152, 0.007158283826666666, 51539607552.0, 'P2P', 'TP', 'INTRA', 2, 3, 2
'FWD_FFN', 'Compute', 16028.133001023978, 16043.031383278563, 14.898382254584305, 'NONE', 'NONE', 'NONE', 0
'FWD_TP_COMM_INTRA_0', 'Comm', 16043.031383278563, 16043.03854156239, 0.007158283826666666, 51539607552.0, 'P2P', 'TP', 'INTRA', 2, 3, 2
'FWD_TP_COMM_INTRA_1', 'Comm', 16043.031383278563, 16043.03854156239, 0.007158283826666666, 51539607552.0, 'P2P', 'TP', 'INTRA', 2, 3, 2
'FWD_MHA', 'Compute', 16043.045699846216, 16068.922447877427, 25.87674803121012, 'NONE', 'NONE', 'NONE', 0
'FWD_TP_COMM_INTRA_0', 'Comm', 16068.922447877427, 16068.929606161253, 0.007158283826666666, 51539607552.0, 'P2P', 'TP', 'INTRA', 2, 3, 2
'FWD_TP_COMM_INTRA_1', 'Comm', 16068.922447877427, 16068.929606161253, 0.007158283826666666, 51539607552.0, 'P2P', 'TP', 'INTRA', 2, 3, 2
'FWD_FFN', 'Compute', 16068.93676444508, 16083.835146699665, 14.898382254584305, 'NONE', 'NONE', 'NONE', 0
'FWD_TP_COMM_INTRA_0', 'Comm', 16083.835146699665, 16083.842304983491, 0.007158283826666666, 51539607552.0, 'P2P', 'TP', 'INTRA', 2, 3, 2
'FWD_TP_COMM_INTRA_1', 'Comm', 16083.835146699665, 16083.842304983491, 0.007158283826666666, 51539607552.0, 'P2P', 'TP', 'INTRA', 2, 3, 2
'FWD_MHA', 'Compute', 16083.849463267317, 16109.726211298528, 25.87674803121012, 'NONE', 'NONE', 'NONE', 0
'FWD_TP_COMM_INTRA_0', 'Comm', 16109.726211298528, 16109.733369582354, 0.007158283826666666, 51539607552.0, 'P2P', 'TP', 'INTRA', 2, 3, 2
'FWD_TP_COMM_INTRA_1', 'Comm', 16109.726211298528, 16109.733369582354, 0.007158283826666666, 51539607552.0, 'P2P', 'TP', 'INTRA', 2, 3, 2
'FWD_FFN', 'Compute', 16109.74052786618, 16124.638910120766, 14.898382254584305, 'NONE', 'NONE', 'NONE', 0
'FWD_TP_COMM_INTRA_0', 'Comm', 16124.638910120766, 16124.646068404592, 0.007158283826666666, 51539607552.0, 'P2P', 'TP', 'INTRA', 2, 3, 2
'FWD_TP_COMM_INTRA_1', 'Comm', 16124.638910120766, 16124.646068404592, 0.007158283826666666, 51539607552.0, 'P2P', 'TP', 'INTRA', 2, 3, 2
'FWD_MHA', 'Compute', 16124.653226688419, 16150.52997471963, 25.87674803121012, 'NONE', 'NONE', 'NONE', 0
'FWD_TP_COMM_INTRA_0', 'Comm', 16150.52997471963, 16150.537133003456, 0.007158283826666666, 51539607552.0, 'P2P', 'TP', 'INTRA', 2, 3, 2
'FWD_TP_COMM_INTRA_1', 'Comm', 16150.52997471963, 16150.537133003456, 0.007158283826666666, 51539607552.0, 'P2P', 'TP', 'INTRA', 2, 3, 2
'FWD_FFN', 'Compute', 16150.544291287282, 16165.442673541867, 14.898382254584305, 'NONE', 'NONE', 'NONE', 0
'FWD_TP_COMM_INTRA_0', 'Comm', 16165.442673541867, 16165.449831825694, 0.007158283826666666, 51539607552.0, 'P2P', 'TP', 'INTRA', 2, 3, 2
'FWD_TP_COMM_INTRA_1', 'Comm', 16165.442673541867, 16165.449831825694, 0.007158283826666666, 51539607552.0, 'P2P', 'TP', 'INTRA', 2, 3, 2
'FWD_MHA', 'Compute', 16165.45699010952, 16191.333738140731, 25.87674803121012, 'NONE', 'NONE', 'NONE', 0
'FWD_TP_COMM_INTRA_0', 'Comm', 16191.333738140731, 16191.340896424557, 0.007158283826666666, 51539607552.0, 'P2P', 'TP', 'INTRA', 2, 3, 2
'FWD_TP_COMM_INTRA_1', 'Comm', 16191.333738140731, 16191.340896424557, 0.007158283826666666, 51539607552.0, 'P2P', 'TP', 'INTRA', 2, 3, 2
'FWD_FFN', 'Compute', 16191.348054708384, 16206.246436962969, 14.898382254584305, 'NONE', 'NONE', 'NONE', 0
'FWD_TP_COMM_INTRA_0', 'Comm', 16206.246436962969, 16206.253595246795, 0.007158283826666666, 51539607552.0, 'P2P', 'TP', 'INTRA', 2, 3, 2
'FWD_TP_COMM_INTRA_1', 'Comm', 16206.246436962969, 16206.253595246795, 0.007158283826666666, 51539607552.0, 'P2P', 'TP', 'INTRA', 2, 3, 2
'FWD_MHA', 'Compute', 16206.260753530622, 16232.137501561832, 25.87674803121012, 'NONE', 'NONE', 'NONE', 0
'FWD_TP_COMM_INTRA_0', 'Comm', 16232.137501561832, 16232.144659845659, 0.007158283826666666, 51539607552.0, 'P2P', 'TP', 'INTRA', 2, 3, 2
'FWD_TP_COMM_INTRA_1', 'Comm', 16232.137501561832, 16232.144659845659, 0.007158283826666666, 51539607552.0, 'P2P', 'TP', 'INTRA', 2, 3, 2
'FWD_FFN', 'Compute', 16232.151818129485, 16247.05020038407, 14.898382254584305, 'NONE', 'NONE', 'NONE', 0
'FWD_TP_COMM_INTRA_0', 'Comm', 16247.05020038407, 16247.057358667897, 0.007158283826666666, 51539607552.0, 'P2P', 'TP', 'INTRA', 2, 3, 2
'FWD_TP_COMM_INTRA_1', 'Comm', 16247.05020038407, 16247.057358667897, 0.007158283826666666, 51539607552.0, 'P2P', 'TP', 'INTRA', 2, 3, 2
'FWD_MHA', 'Compute', 16247.064516951723, 16272.941264982934, 25.87674803121012, 'NONE', 'NONE', 'NONE', 0
'FWD_TP_COMM_INTRA_0', 'Comm', 16272.941264982934, 16272.94842326676, 0.007158283826666666, 51539607552.0, 'P2P', 'TP', 'INTRA', 2, 3, 2
'FWD_TP_COMM_INTRA_1', 'Comm', 16272.941264982934, 16272.94842326676, 0.007158283826666666, 51539607552.0, 'P2P', 'TP', 'INTRA', 2, 3, 2
'FWD_FFN', 'Compute', 16272.955581550586, 16287.853963805172, 14.898382254584305, 'NONE', 'NONE', 'NONE', 0
'FWD_TP_COMM_INTRA_0', 'Comm', 16287.853963805172, 16287.861122088998, 0.007158283826666666, 51539607552.0, 'P2P', 'TP', 'INTRA', 2, 3, 2
'FWD_TP_COMM_INTRA_1', 'Comm', 16287.853963805172, 16287.861122088998, 0.007158283826666666, 51539607552.0, 'P2P', 'TP', 'INTRA', 2, 3, 2
'FWD_MHA', 'Compute', 16287.868280372824, 16313.745028404035, 25.87674803121012, 'NONE', 'NONE', 'NONE', 0
'FWD_TP_COMM_INTRA_0', 'Comm', 16313.745028404035, 16313.752186687861, 0.007158283826666666, 51539607552.0, 'P2P', 'TP', 'INTRA', 2, 3, 2
'FWD_TP_COMM_INTRA_1', 'Comm', 16313.745028404035, 16313.752186687861, 0.007158283826666666, 51539607552.0, 'P2P', 'TP', 'INTRA', 2, 3, 2
'FWD_FFN', 'Compute', 16313.759344971688, 16328.657727226273, 14.898382254584305, 'NONE', 'NONE', 'NONE', 0
'FWD_TP_COMM_INTRA_0', 'Comm', 16328.657727226273, 16328.6648855101, 0.007158283826666666, 51539607552.0, 'P2P', 'TP', 'INTRA', 2, 3, 2
'FWD_TP_COMM_INTRA_1', 'Comm', 16328.657727226273, 16328.6648855101, 0.007158283826666666, 51539607552.0, 'P2P', 'TP', 'INTRA', 2, 3, 2
'FWD_MHA', 'Compute', 16328.672043793926, 16354.548791825137, 25.87674803121012, 'NONE', 'NONE', 'NONE', 0
'FWD_TP_COMM_INTRA_0', 'Comm', 16354.548791825137, 16354.555950108963, 0.007158283826666666, 51539607552.0, 'P2P', 'TP', 'INTRA', 2, 3, 2
'FWD_TP_COMM_INTRA_1', 'Comm', 16354.548791825137, 16354.555950108963, 0.007158283826666666, 51539607552.0, 'P2P', 'TP', 'INTRA', 2, 3, 2
'FWD_FFN', 'Compute', 16354.56310839279, 16369.461490647374, 14.898382254584305, 'NONE', 'NONE', 'NONE', 0
'FWD_TP_COMM_INTRA_0', 'Comm', 16369.461490647374, 16369.4686489312, 0.007158283826666666, 51539607552.0, 'P2P', 'TP', 'INTRA', 2, 3, 2
'FWD_TP_COMM_INTRA_1', 'Comm', 16369.461490647374, 16369.4686489312, 0.007158283826666666, 51539607552.0, 'P2P', 'TP', 'INTRA', 2, 3, 2
'FWD_MHA', 'Compute', 16369.475807215027, 16395.352555246238, 25.87674803121012, 'NONE', 'NONE', 'NONE', 0
'FWD_TP_COMM_INTRA_0', 'Comm', 16395.352555246238, 16395.359713530066, 0.007158283826666666, 51539607552.0, 'P2P', 'TP', 'INTRA', 2, 3, 2
'FWD_TP_COMM_INTRA_1', 'Comm', 16395.352555246238, 16395.359713530066, 0.007158283826666666, 51539607552.0, 'P2P', 'TP', 'INTRA', 2, 3, 2
'FWD_FFN', 'Compute', 16395.36687181389, 16410.265254068476, 14.898382254584305, 'NONE', 'NONE', 'NONE', 0
'FWD_TP_COMM_INTRA_0', 'Comm', 16410.265254068476, 16410.272412352304, 0.007158283826666666, 51539607552.0, 'P2P', 'TP', 'INTRA', 2, 3, 2
'FWD_TP_COMM_INTRA_1', 'Comm', 16410.265254068476, 16410.272412352304, 0.007158283826666666, 51539607552.0, 'P2P', 'TP', 'INTRA', 2, 3, 2
'FWD_MHA', 'Compute', 16410.27957063613, 16436.156318667337, 25.87674803121012, 'NONE', 'NONE', 'NONE', 0
'FWD_TP_COMM_INTRA_0', 'Comm', 16436.156318667337, 16436.163476951166, 0.007158283826666666, 51539607552.0, 'P2P', 'TP', 'INTRA', 2, 3, 2
'FWD_TP_COMM_INTRA_1', 'Comm', 16436.156318667337, 16436.163476951166, 0.007158283826666666, 51539607552.0, 'P2P', 'TP', 'INTRA', 2, 3, 2
'FWD_FFN', 'Compute', 16436.17063523499, 16451.069017489575, 14.898382254584305, 'NONE', 'NONE', 'NONE', 0
'FWD_TP_COMM_INTRA_0', 'Comm', 16451.069017489575, 16451.076175773404, 0.007158283826666666, 51539607552.0, 'P2P', 'TP', 'INTRA', 2, 3, 2
'FWD_TP_COMM_INTRA_1', 'Comm', 16451.069017489575, 16451.076175773404, 0.007158283826666666, 51539607552.0, 'P2P', 'TP', 'INTRA', 2, 3, 2
'FWD_MHA', 'Compute', 16451.083334057228, 16476.960082088437, 25.87674803121012, 'NONE', 'NONE', 'NONE', 0
'FWD_TP_COMM_INTRA_0', 'Comm', 16476.960082088437, 16476.967240372265, 0.007158283826666666, 51539607552.0, 'P2P', 'TP', 'INTRA', 2, 3, 2
'FWD_TP_COMM_INTRA_1', 'Comm', 16476.960082088437, 16476.967240372265, 0.007158283826666666, 51539607552.0, 'P2P', 'TP', 'INTRA', 2, 3, 2
'FWD_FFN', 'Compute', 16476.97439865609, 16491.872780910675, 14.898382254584305, 'NONE', 'NONE', 'NONE', 0
'FWD_TP_COMM_INTRA_0', 'Comm', 16491.872780910675, 16491.879939194503, 0.007158283826666666, 51539607552.0, 'P2P', 'TP', 'INTRA', 2, 3, 2
'FWD_TP_COMM_INTRA_1', 'Comm', 16491.872780910675, 16491.879939194503, 0.007158283826666666, 51539607552.0, 'P2P', 'TP', 'INTRA', 2, 3, 2
'FWD_MHA', 'Compute', 16491.887097478328, 16517.763845509537, 25.87674803121012, 'NONE', 'NONE', 'NONE', 0
'FWD_TP_COMM_INTRA_0', 'Comm', 16517.763845509537, 16517.771003793365, 0.007158283826666666, 51539607552.0, 'P2P', 'TP', 'INTRA', 2, 3, 2
'FWD_TP_COMM_INTRA_1', 'Comm', 16517.763845509537, 16517.771003793365, 0.007158283826666666, 51539607552.0, 'P2P', 'TP', 'INTRA', 2, 3, 2
'FWD_FFN', 'Compute', 16517.77816207719, 16532.676544331774, 14.898382254584305, 'NONE', 'NONE', 'NONE', 0
'FWD_TP_COMM_INTRA_0', 'Comm', 16532.676544331774, 16532.683702615603, 0.007158283826666666, 51539607552.0, 'P2P', 'TP', 'INTRA', 2, 3, 2
'FWD_TP_COMM_INTRA_1', 'Comm', 16532.676544331774, 16532.683702615603, 0.007158283826666666, 51539607552.0, 'P2P', 'TP', 'INTRA', 2, 3, 2
'FWD_MHA', 'Compute', 16532.690860899427, 16558.567608930636, 25.87674803121012, 'NONE', 'NONE', 'NONE', 0
'FWD_TP_COMM_INTRA_0', 'Comm', 16558.567608930636, 16558.574767214464, 0.007158283826666666, 51539607552.0, 'P2P', 'TP', 'INTRA', 2, 3, 2
'FWD_TP_COMM_INTRA_1', 'Comm', 16558.567608930636, 16558.574767214464, 0.007158283826666666, 51539607552.0, 'P2P', 'TP', 'INTRA', 2, 3, 2
'FWD_FFN', 'Compute', 16558.58192549829, 16573.480307752874, 14.898382254584305, 'NONE', 'NONE', 'NONE', 0
'FWD_TP_COMM_INTRA_0', 'Comm', 16573.480307752874, 16573.487466036702, 0.007158283826666666, 51539607552.0, 'P2P', 'TP', 'INTRA', 2, 3, 2
'FWD_TP_COMM_INTRA_1', 'Comm', 16573.480307752874, 16573.487466036702, 0.007158283826666666, 51539607552.0, 'P2P', 'TP', 'INTRA', 2, 3, 2
'FWD_MHA', 'Compute', 16573.494624320527, 16599.371372351736, 25.87674803121012, 'NONE', 'NONE', 'NONE', 0
'FWD_TP_COMM_INTRA_0', 'Comm', 16599.371372351736, 16599.378530635564, 0.007158283826666666, 51539607552.0, 'P2P', 'TP', 'INTRA', 2, 3, 2
'FWD_TP_COMM_INTRA_1', 'Comm', 16599.371372351736, 16599.378530635564, 0.007158283826666666, 51539607552.0, 'P2P', 'TP', 'INTRA', 2, 3, 2
'FWD_FFN', 'Compute', 16599.38568891939, 16614.284071173974, 14.898382254584305, 'NONE', 'NONE', 'NONE', 0
'FWD_TP_COMM_INTRA_0', 'Comm', 16614.284071173974, 16614.291229457802, 0.007158283826666666, 51539607552.0, 'P2P', 'TP', 'INTRA', 2, 3, 2
'FWD_TP_COMM_INTRA_1', 'Comm', 16614.284071173974, 16614.291229457802, 0.007158283826666666, 51539607552.0, 'P2P', 'TP', 'INTRA', 2, 3, 2
'FWD_MHA', 'Compute', 16614.298387741626, 16640.175135772835, 25.87674803121012, 'NONE', 'NONE', 'NONE', 0
'FWD_TP_COMM_INTRA_0', 'Comm', 16640.175135772835, 16640.182294056664, 0.007158283826666666, 51539607552.0, 'P2P', 'TP', 'INTRA', 2, 3, 2
'FWD_TP_COMM_INTRA_1', 'Comm', 16640.175135772835, 16640.182294056664, 0.007158283826666666, 51539607552.0, 'P2P', 'TP', 'INTRA', 2, 3, 2
'FWD_FFN', 'Compute', 16640.189452340488, 16655.087834595073, 14.898382254584305, 'NONE', 'NONE', 'NONE', 0
'FWD_TP_COMM_INTRA_0', 'Comm', 16655.087834595073, 16655.0949928789, 0.007158283826666666, 51539607552.0, 'P2P', 'TP', 'INTRA', 2, 3, 2
'FWD_TP_COMM_INTRA_1', 'Comm', 16655.087834595073, 16655.0949928789, 0.007158283826666666, 51539607552.0, 'P2P', 'TP', 'INTRA', 2, 3, 2
'FWD_MHA', 'Compute', 16655.102151162726, 16680.978899193935, 25.87674803121012, 'NONE', 'NONE', 'NONE', 0
'FWD_TP_COMM_INTRA_0', 'Comm', 16680.978899193935, 16680.986057477763, 0.007158283826666666, 51539607552.0, 'P2P', 'TP', 'INTRA', 2, 3, 2
'FWD_TP_COMM_INTRA_1', 'Comm', 16680.978899193935, 16680.986057477763, 0.007158283826666666, 51539607552.0, 'P2P', 'TP', 'INTRA', 2, 3, 2
'FWD_FFN', 'Compute', 16680.993215761588, 16695.891598016173, 14.898382254584305, 'NONE', 'NONE', 'NONE', 0
'FWD_TP_COMM_INTRA_0', 'Comm', 16695.891598016173, 16695.8987563, 0.007158283826666666, 51539607552.0, 'P2P', 'TP', 'INTRA', 2, 3, 2
'FWD_TP_COMM_INTRA_1', 'Comm', 16695.891598016173, 16695.8987563, 0.007158283826666666, 51539607552.0, 'P2P', 'TP', 'INTRA', 2, 3, 2
'FWD_MHA', 'Compute', 16695.905914583826, 16721.782662615034, 25.87674803121012, 'NONE', 'NONE', 'NONE', 0
'FWD_TP_COMM_INTRA_0', 'Comm', 16721.782662615034, 16721.789820898863, 0.007158283826666666, 51539607552.0, 'P2P', 'TP', 'INTRA', 2, 3, 2
'FWD_TP_COMM_INTRA_1', 'Comm', 16721.782662615034, 16721.789820898863, 0.007158283826666666, 51539607552.0, 'P2P', 'TP', 'INTRA', 2, 3, 2
'FWD_FFN', 'Compute', 16721.796979182687, 16736.695361437272, 14.898382254584305, 'NONE', 'NONE', 'NONE', 0
'FWD_TP_COMM_INTRA_0', 'Comm', 16736.695361437272, 16736.7025197211, 0.007158283826666666, 51539607552.0, 'P2P', 'TP', 'INTRA', 2, 3, 2
'FWD_TP_COMM_INTRA_1', 'Comm', 16736.695361437272, 16736.7025197211, 0.007158283826666666, 51539607552.0, 'P2P', 'TP', 'INTRA', 2, 3, 2
'FWD_MHA', 'Compute', 16736.709678004925, 16762.586426036134, 25.87674803121012, 'NONE', 'NONE', 'NONE', 0
'FWD_TP_COMM_INTRA_0', 'Comm', 16762.586426036134, 16762.593584319962, 0.007158283826666666, 51539607552.0, 'P2P', 'TP', 'INTRA', 2, 3, 2
'FWD_TP_COMM_INTRA_1', 'Comm', 16762.586426036134, 16762.593584319962, 0.007158283826666666, 51539607552.0, 'P2P', 'TP', 'INTRA', 2, 3, 2
'FWD_FFN', 'Compute', 16762.600742603787, 16777.499124858372, 14.898382254584305, 'NONE', 'NONE', 'NONE', 0
'FWD_TP_COMM_INTRA_0', 'Comm', 16777.499124858372, 16777.5062831422, 0.007158283826666666, 51539607552.0, 'P2P', 'TP', 'INTRA', 2, 3, 2
'FWD_TP_COMM_INTRA_1', 'Comm', 16777.499124858372, 16777.5062831422, 0.007158283826666666, 51539607552.0, 'P2P', 'TP', 'INTRA', 2, 3, 2
'FWD_MHA', 'Compute', 16777.513441426025, 16803.390189457234, 25.87674803121012, 'NONE', 'NONE', 'NONE', 0
'FWD_TP_COMM_INTRA_0', 'Comm', 16803.390189457234, 16803.397347741062, 0.007158283826666666, 51539607552.0, 'P2P', 'TP', 'INTRA', 2, 3, 2
'FWD_TP_COMM_INTRA_1', 'Comm', 16803.390189457234, 16803.397347741062, 0.007158283826666666, 51539607552.0, 'P2P', 'TP', 'INTRA', 2, 3, 2
'FWD_FFN', 'Compute', 16803.404506024886, 16818.30288827947, 14.898382254584305, 'NONE', 'NONE', 'NONE', 0
'FWD_TP_COMM_INTRA_0', 'Comm', 16818.30288827947, 16818.3100465633, 0.007158283826666666, 51539607552.0, 'P2P', 'TP', 'INTRA', 2, 3, 2
'FWD_TP_COMM_INTRA_1', 'Comm', 16818.30288827947, 16818.3100465633, 0.007158283826666666, 51539607552.0, 'P2P', 'TP', 'INTRA', 2, 3, 2
'FWD_MHA', 'Compute', 16818.317204847124, 16844.193952878333, 25.87674803121012, 'NONE', 'NONE', 'NONE', 0
'FWD_TP_COMM_INTRA_0', 'Comm', 16844.193952878333, 16844.20111116216, 0.007158283826666666, 51539607552.0, 'P2P', 'TP', 'INTRA', 2, 3, 2
'FWD_TP_COMM_INTRA_1', 'Comm', 16844.193952878333, 16844.20111116216, 0.007158283826666666, 51539607552.0, 'P2P', 'TP', 'INTRA', 2, 3, 2
'FWD_FFN', 'Compute', 16844.208269445986, 16859.10665170057, 14.898382254584305, 'NONE', 'NONE', 'NONE', 0
'FWD_TP_COMM_INTRA_0', 'Comm', 16859.10665170057, 16859.1138099844, 0.007158283826666666, 51539607552.0, 'P2P', 'TP', 'INTRA', 2, 3, 2
'FWD_TP_COMM_INTRA_1', 'Comm', 16859.10665170057, 16859.1138099844, 0.007158283826666666, 51539607552.0, 'P2P', 'TP', 'INTRA', 2, 3, 2
'FWD_MHA', 'Compute', 16859.120968268224, 16884.997716299433, 25.87674803121012, 'NONE', 'NONE', 'NONE', 0
'FWD_TP_COMM_INTRA_0', 'Comm', 16884.997716299433, 16885.00487458326, 0.007158283826666666, 51539607552.0, 'P2P', 'TP', 'INTRA', 2, 3, 2
'FWD_TP_COMM_INTRA_1', 'Comm', 16884.997716299433, 16885.00487458326, 0.007158283826666666, 51539607552.0, 'P2P', 'TP', 'INTRA', 2, 3, 2
'FWD_FFN', 'Compute', 16885.012032867086, 16899.91041512167, 14.898382254584305, 'NONE', 'NONE', 'NONE', 0
'FWD_TP_COMM_INTRA_0', 'Comm', 16899.91041512167, 16899.9175734055, 0.007158283826666666, 51539607552.0, 'P2P', 'TP', 'INTRA', 2, 3, 2
'FWD_TP_COMM_INTRA_1', 'Comm', 16899.91041512167, 16899.9175734055, 0.007158283826666666, 51539607552.0, 'P2P', 'TP', 'INTRA', 2, 3, 2
'FWD_MHA', 'Compute', 16899.924731689323, 16925.801479720532, 25.87674803121012, 'NONE', 'NONE', 'NONE', 0
'FWD_TP_COMM_INTRA_0', 'Comm', 16925.801479720532, 16925.80863800436, 0.007158283826666666, 51539607552.0, 'P2P', 'TP', 'INTRA', 2, 3, 2
'FWD_TP_COMM_INTRA_1', 'Comm', 16925.801479720532, 16925.80863800436, 0.007158283826666666, 51539607552.0, 'P2P', 'TP', 'INTRA', 2, 3, 2
'FWD_FFN', 'Compute', 16925.815796288185, 16940.71417854277, 14.898382254584305, 'NONE', 'NONE', 'NONE', 0
'FWD_TP_COMM_INTRA_0', 'Comm', 16940.71417854277, 16940.7213368266, 0.007158283826666666, 51539607552.0, 'P2P', 'TP', 'INTRA', 2, 3, 2
'FWD_TP_COMM_INTRA_1', 'Comm', 16940.71417854277, 16940.7213368266, 0.007158283826666666, 51539607552.0, 'P2P', 'TP', 'INTRA', 2, 3, 2
'FWD_MHA', 'Compute', 16940.728495110423, 16966.605243141632, 25.87674803121012, 'NONE', 'NONE', 'NONE', 0
'FWD_TP_COMM_INTRA_0', 'Comm', 16966.605243141632, 16966.61240142546, 0.007158283826666666, 51539607552.0, 'P2P', 'TP', 'INTRA', 2, 3, 2
'FWD_TP_COMM_INTRA_1', 'Comm', 16966.605243141632, 16966.61240142546, 0.007158283826666666, 51539607552.0, 'P2P', 'TP', 'INTRA', 2, 3, 2
'FWD_FFN', 'Compute', 16966.619559709285, 16981.51794196387, 14.898382254584305, 'NONE', 'NONE', 'NONE', 0
'FWD_TP_COMM_INTRA_0', 'Comm', 16981.51794196387, 16981.525100247698, 0.007158283826666666, 51539607552.0, 'P2P', 'TP', 'INTRA', 2, 3, 2
'FWD_TP_COMM_INTRA_1', 'Comm', 16981.51794196387, 16981.525100247698, 0.007158283826666666, 51539607552.0, 'P2P', 'TP', 'INTRA', 2, 3, 2
'FWD_MHA', 'Compute', 16981.532258531523, 17007.40900656273, 25.87674803121012, 'NONE', 'NONE', 'NONE', 0
'FWD_TP_COMM_INTRA_0', 'Comm', 17007.40900656273, 17007.41616484656, 0.007158283826666666, 51539607552.0, 'P2P', 'TP', 'INTRA', 2, 3, 2
'FWD_TP_COMM_INTRA_1', 'Comm', 17007.40900656273, 17007.41616484656, 0.007158283826666666, 51539607552.0, 'P2P', 'TP', 'INTRA', 2, 3, 2
'FWD_FFN', 'Compute', 17007.423323130384, 17022.32170538497, 14.898382254584305, 'NONE', 'NONE', 'NONE', 0
'FWD_TP_COMM_INTRA_0', 'Comm', 17022.32170538497, 17022.328863668798, 0.007158283826666666, 51539607552.0, 'P2P', 'TP', 'INTRA', 2, 3, 2
'FWD_TP_COMM_INTRA_1', 'Comm', 17022.32170538497, 17022.328863668798, 0.007158283826666666, 51539607552.0, 'P2P', 'TP', 'INTRA', 2, 3, 2
'FWD_MHA', 'Compute', 17022.336021952622, 17048.21276998383, 25.87674803121012, 'NONE', 'NONE', 'NONE', 0
'FWD_TP_COMM_INTRA_0', 'Comm', 17048.21276998383, 17048.21992826766, 0.007158283826666666, 51539607552.0, 'P2P', 'TP', 'INTRA', 2, 3, 2
'FWD_TP_COMM_INTRA_1', 'Comm', 17048.21276998383, 17048.21992826766, 0.007158283826666666, 51539607552.0, 'P2P', 'TP', 'INTRA', 2, 3, 2
'FWD_FFN', 'Compute', 17048.227086551484, 17063.12546880607, 14.898382254584305, 'NONE', 'NONE', 'NONE', 0
'FWD_TP_COMM_INTRA_0', 'Comm', 17063.12546880607, 17063.132627089897, 0.007158283826666666, 51539607552.0, 'P2P', 'TP', 'INTRA', 2, 3, 2
'FWD_TP_COMM_INTRA_1', 'Comm', 17063.12546880607, 17063.132627089897, 0.007158283826666666, 51539607552.0, 'P2P', 'TP', 'INTRA', 2, 3, 2
'FWD_MHA', 'Compute', 17063.13978537372, 17089.01653340493, 25.87674803121012, 'NONE', 'NONE', 'NONE', 0
'FWD_TP_COMM_INTRA_0', 'Comm', 17089.01653340493, 17089.02369168876, 0.007158283826666666, 51539607552.0, 'P2P', 'TP', 'INTRA', 2, 3, 2
'FWD_TP_COMM_INTRA_1', 'Comm', 17089.01653340493, 17089.02369168876, 0.007158283826666666, 51539607552.0, 'P2P', 'TP', 'INTRA', 2, 3, 2
'FWD_FFN', 'Compute', 17089.030849972583, 17103.92923222717, 14.898382254584305, 'NONE', 'NONE', 'NONE', 0
'FWD_TP_COMM_INTRA_0', 'Comm', 17103.92923222717, 17103.936390510997, 0.007158283826666666, 51539607552.0, 'P2P', 'TP', 'INTRA', 2, 3, 2
'FWD_TP_COMM_INTRA_1', 'Comm', 17103.92923222717, 17103.936390510997, 0.007158283826666666, 51539607552.0, 'P2P', 'TP', 'INTRA', 2, 3, 2
'FWD_MHA', 'Compute', 17103.94354879482, 17129.82029682603, 25.87674803121012, 'NONE', 'NONE', 'NONE', 0
'FWD_TP_COMM_INTRA_0', 'Comm', 17129.82029682603, 17129.82745510986, 0.007158283826666666, 51539607552.0, 'P2P', 'TP', 'INTRA', 2, 3, 2
'FWD_TP_COMM_INTRA_1', 'Comm', 17129.82029682603, 17129.82745510986, 0.007158283826666666, 51539607552.0, 'P2P', 'TP', 'INTRA', 2, 3, 2
'FWD_FFN', 'Compute', 17129.834613393683, 17144.732995648268, 14.898382254584305, 'NONE', 'NONE', 'NONE', 0
'FWD_TP_COMM_INTRA_0', 'Comm', 17144.732995648268, 17144.740153932096, 0.007158283826666666, 51539607552.0, 'P2P', 'TP', 'INTRA', 2, 3, 2
'FWD_TP_COMM_INTRA_1', 'Comm', 17144.732995648268, 17144.740153932096, 0.007158283826666666, 51539607552.0, 'P2P', 'TP', 'INTRA', 2, 3, 2
'FWD_MHA', 'Compute', 17144.74731221592, 17170.62406024713, 25.87674803121012, 'NONE', 'NONE', 'NONE', 0
'FWD_TP_COMM_INTRA_0', 'Comm', 17170.62406024713, 17170.631218530958, 0.007158283826666666, 51539607552.0, 'P2P', 'TP', 'INTRA', 2, 3, 2
'FWD_TP_COMM_INTRA_1', 'Comm', 17170.62406024713, 17170.631218530958, 0.007158283826666666, 51539607552.0, 'P2P', 'TP', 'INTRA', 2, 3, 2
'FWD_FFN', 'Compute', 17170.638376814783, 17185.536759069368, 14.898382254584305, 'NONE', 'NONE', 'NONE', 0
'FWD_TP_COMM_INTRA_0', 'Comm', 17185.536759069368, 17185.543917353196, 0.007158283826666666, 51539607552.0, 'P2P', 'TP', 'INTRA', 2, 3, 2
'FWD_TP_COMM_INTRA_1', 'Comm', 17185.536759069368, 17185.543917353196, 0.007158283826666666, 51539607552.0, 'P2P', 'TP', 'INTRA', 2, 3, 2
'FWD_MHA', 'Compute', 17185.55107563702, 17211.42782366823, 25.87674803121012, 'NONE', 'NONE', 'NONE', 0
'FWD_TP_COMM_INTRA_0', 'Comm', 17211.42782366823, 17211.434981952058, 0.007158283826666666, 51539607552.0, 'P2P', 'TP', 'INTRA', 2, 3, 2
'FWD_TP_COMM_INTRA_1', 'Comm', 17211.42782366823, 17211.434981952058, 0.007158283826666666, 51539607552.0, 'P2P', 'TP', 'INTRA', 2, 3, 2
'FWD_FFN', 'Compute', 17211.442140235882, 17226.340522490467, 14.898382254584305, 'NONE', 'NONE', 'NONE', 0
'FWD_TP_COMM_INTRA_0', 'Comm', 17226.340522490467, 17226.347680774295, 0.007158283826666666, 51539607552.0, 'P2P', 'TP', 'INTRA', 2, 3, 2
'FWD_TP_COMM_INTRA_1', 'Comm', 17226.340522490467, 17226.347680774295, 0.007158283826666666, 51539607552.0, 'P2P', 'TP', 'INTRA', 2, 3, 2
'FWD_MHA', 'Compute', 17226.35483905812, 17252.23158708933, 25.87674803121012, 'NONE', 'NONE', 'NONE', 0
'FWD_TP_COMM_INTRA_0', 'Comm', 17252.23158708933, 17252.238745373157, 0.007158283826666666, 51539607552.0, 'P2P', 'TP', 'INTRA', 2, 3, 2
'FWD_TP_COMM_INTRA_1', 'Comm', 17252.23158708933, 17252.238745373157, 0.007158283826666666, 51539607552.0, 'P2P', 'TP', 'INTRA', 2, 3, 2
'FWD_FFN', 'Compute', 17252.24590365698, 17267.144285911567, 14.898382254584305, 'NONE', 'NONE', 'NONE', 0
'FWD_TP_COMM_INTRA_0', 'Comm', 17267.144285911567, 17267.151444195395, 0.007158283826666666, 51539607552.0, 'P2P', 'TP', 'INTRA', 2, 3, 2
'FWD_TP_COMM_INTRA_1', 'Comm', 17267.144285911567, 17267.151444195395, 0.007158283826666666, 51539607552.0, 'P2P', 'TP', 'INTRA', 2, 3, 2
'FWD_MHA', 'Compute', 17267.15860247922, 17293.03535051043, 25.87674803121012, 'NONE', 'NONE', 'NONE', 0
'FWD_TP_COMM_INTRA_0', 'Comm', 17293.03535051043, 17293.042508794257, 0.007158283826666666, 51539607552.0, 'P2P', 'TP', 'INTRA', 2, 3, 2
'FWD_TP_COMM_INTRA_1', 'Comm', 17293.03535051043, 17293.042508794257, 0.007158283826666666, 51539607552.0, 'P2P', 'TP', 'INTRA', 2, 3, 2
'FWD_FFN', 'Compute', 17293.04966707808, 17307.948049332666, 14.898382254584305, 'NONE', 'NONE', 'NONE', 0
'FWD_TP_COMM_INTRA_0', 'Comm', 17307.948049332666, 17307.955207616495, 0.007158283826666666, 51539607552.0, 'P2P', 'TP', 'INTRA', 2, 3, 2
'FWD_TP_COMM_INTRA_1', 'Comm', 17307.948049332666, 17307.955207616495, 0.007158283826666666, 51539607552.0, 'P2P', 'TP', 'INTRA', 2, 3, 2
'FWD_MHA', 'Compute', 17307.96236590032, 17333.839113931528, 25.87674803121012, 'NONE', 'NONE', 'NONE', 0
'FWD_TP_COMM_INTRA_0', 'Comm', 17333.839113931528, 17333.846272215356, 0.007158283826666666, 51539607552.0, 'P2P', 'TP', 'INTRA', 2, 3, 2
'FWD_TP_COMM_INTRA_1', 'Comm', 17333.839113931528, 17333.846272215356, 0.007158283826666666, 51539607552.0, 'P2P', 'TP', 'INTRA', 2, 3, 2
'FWD_FFN', 'Compute', 17333.85343049918, 17348.751812753766, 14.898382254584305, 'NONE', 'NONE', 'NONE', 0
'FWD_TP_COMM_INTRA_0', 'Comm', 17348.751812753766, 17348.758971037594, 0.007158283826666666, 51539607552.0, 'P2P', 'TP', 'INTRA', 2, 3, 2
'FWD_TP_COMM_INTRA_1', 'Comm', 17348.751812753766, 17348.758971037594, 0.007158283826666666, 51539607552.0, 'P2P', 'TP', 'INTRA', 2, 3, 2
'FWD_MHA', 'Compute', 17348.76612932142, 17374.642877352628, 25.87674803121012, 'NONE', 'NONE', 'NONE', 0
'FWD_TP_COMM_INTRA_0', 'Comm', 17374.642877352628, 17374.650035636456, 0.007158283826666666, 51539607552.0, 'P2P', 'TP', 'INTRA', 2, 3, 2
'FWD_TP_COMM_INTRA_1', 'Comm', 17374.642877352628, 17374.650035636456, 0.007158283826666666, 51539607552.0, 'P2P', 'TP', 'INTRA', 2, 3, 2
'FWD_FFN', 'Compute', 17374.65719392028, 17389.555576174866, 14.898382254584305, 'NONE', 'NONE', 'NONE', 0
'FWD_TP_COMM_INTRA_0', 'Comm', 17389.555576174866, 17389.562734458694, 0.007158283826666666, 51539607552.0, 'P2P', 'TP', 'INTRA', 2, 3, 2
'FWD_TP_COMM_INTRA_1', 'Comm', 17389.555576174866, 17389.562734458694, 0.007158283826666666, 51539607552.0, 'P2P', 'TP', 'INTRA', 2, 3, 2
'FWD_MHA', 'Compute', 17389.56989274252, 17415.446640773727, 25.87674803121012, 'NONE', 'NONE', 'NONE', 0
'FWD_TP_COMM_INTRA_0', 'Comm', 17415.446640773727, 17415.453799057555, 0.007158283826666666, 51539607552.0, 'P2P', 'TP', 'INTRA', 2, 3, 2
'FWD_TP_COMM_INTRA_1', 'Comm', 17415.446640773727, 17415.453799057555, 0.007158283826666666, 51539607552.0, 'P2P', 'TP', 'INTRA', 2, 3, 2
'FWD_FFN', 'Compute', 17415.46095734138, 17430.359339595965, 14.898382254584305, 'NONE', 'NONE', 'NONE', 0
'FWD_TP_COMM_INTRA_0', 'Comm', 17430.359339595965, 17430.366497879793, 0.007158283826666666, 51539607552.0, 'P2P', 'TP', 'INTRA', 2, 3, 2
'FWD_TP_COMM_INTRA_1', 'Comm', 17430.359339595965, 17430.366497879793, 0.007158283826666666, 51539607552.0, 'P2P', 'TP', 'INTRA', 2, 3, 2
'FWD_MHA', 'Compute', 17430.373656163618, 17456.250404194827, 25.87674803121012, 'NONE', 'NONE', 'NONE', 0
'FWD_TP_COMM_INTRA_0', 'Comm', 17456.250404194827, 17456.257562478655, 0.007158283826666666, 51539607552.0, 'P2P', 'TP', 'INTRA', 2, 3, 2
'FWD_TP_COMM_INTRA_1', 'Comm', 17456.250404194827, 17456.257562478655, 0.007158283826666666, 51539607552.0, 'P2P', 'TP', 'INTRA', 2, 3, 2
'FWD_FFN', 'Compute', 17456.26472076248, 17471.163103017065, 14.898382254584305, 'NONE', 'NONE', 'NONE', 0
'FWD_TP_COMM_INTRA_0', 'Comm', 17471.163103017065, 17471.170261300893, 0.007158283826666666, 51539607552.0, 'P2P', 'TP', 'INTRA', 2, 3, 2
'FWD_TP_COMM_INTRA_1', 'Comm', 17471.163103017065, 17471.170261300893, 0.007158283826666666, 51539607552.0, 'P2P', 'TP', 'INTRA', 2, 3, 2
'FWD_MHA', 'Compute', 17471.177419584717, 17497.054167615926, 25.87674803121012, 'NONE', 'NONE', 'NONE', 0
'FWD_TP_COMM_INTRA_0', 'Comm', 17497.054167615926, 17497.061325899755, 0.007158283826666666, 51539607552.0, 'P2P', 'TP', 'INTRA', 2, 3, 2
'FWD_TP_COMM_INTRA_1', 'Comm', 17497.054167615926, 17497.061325899755, 0.007158283826666666, 51539607552.0, 'P2P', 'TP', 'INTRA', 2, 3, 2
'FWD_FFN', 'Compute', 17497.06848418358, 17511.966866438164, 14.898382254584305, 'NONE', 'NONE', 'NONE', 0
'FWD_TP_COMM_INTRA_0', 'Comm', 17511.966866438164, 17511.974024721992, 0.007158283826666666, 51539607552.0, 'P2P', 'TP', 'INTRA', 2, 3, 2
'FWD_TP_COMM_INTRA_1', 'Comm', 17511.966866438164, 17511.974024721992, 0.007158283826666666, 51539607552.0, 'P2P', 'TP', 'INTRA', 2, 3, 2
'FWD_MHA', 'Compute', 17511.981183005817, 17537.857931037026, 25.87674803121012, 'NONE', 'NONE', 'NONE', 0
'FWD_TP_COMM_INTRA_0', 'Comm', 17537.857931037026, 17537.865089320854, 0.007158283826666666, 51539607552.0, 'P2P', 'TP', 'INTRA', 2, 3, 2
'FWD_TP_COMM_INTRA_1', 'Comm', 17537.857931037026, 17537.865089320854, 0.007158283826666666, 51539607552.0, 'P2P', 'TP', 'INTRA', 2, 3, 2
'FWD_FFN', 'Compute', 17537.87224760468, 17552.770629859264, 14.898382254584305, 'NONE', 'NONE', 'NONE', 0
'FWD_TP_COMM_INTRA_0', 'Comm', 17552.770629859264, 17552.777788143092, 0.007158283826666666, 51539607552.0, 'P2P', 'TP', 'INTRA', 2, 3, 2
'FWD_TP_COMM_INTRA_1', 'Comm', 17552.770629859264, 17552.777788143092, 0.007158283826666666, 51539607552.0, 'P2P', 'TP', 'INTRA', 2, 3, 2
'FWD_MHA', 'Compute', 17552.784946426917, 17578.661694458126, 25.87674803121012, 'NONE', 'NONE', 'NONE', 0
'FWD_TP_COMM_INTRA_0', 'Comm', 17578.661694458126, 17578.668852741954, 0.007158283826666666, 51539607552.0, 'P2P', 'TP', 'INTRA', 2, 3, 2
'FWD_TP_COMM_INTRA_1', 'Comm', 17578.661694458126, 17578.668852741954, 0.007158283826666666, 51539607552.0, 'P2P', 'TP', 'INTRA', 2, 3, 2
'FWD_FFN', 'Compute', 17578.67601102578, 17593.574393280363, 14.898382254584305, 'NONE', 'NONE', 'NONE', 0
'FWD_TP_COMM_INTRA_0', 'Comm', 17593.574393280363, 17593.58155156419, 0.007158283826666666, 51539607552.0, 'P2P', 'TP', 'INTRA', 2, 3, 2
'FWD_TP_COMM_INTRA_1', 'Comm', 17593.574393280363, 17593.58155156419, 0.007158283826666666, 51539607552.0, 'P2P', 'TP', 'INTRA', 2, 3, 2
'FWD_MHA', 'Compute', 17593.588709848016, 17619.465457879225, 25.87674803121012, 'NONE', 'NONE', 'NONE', 0
'FWD_TP_COMM_INTRA_0', 'Comm', 17619.465457879225, 17619.472616163053, 0.007158283826666666, 51539607552.0, 'P2P', 'TP', 'INTRA', 2, 3, 2
'FWD_TP_COMM_INTRA_1', 'Comm', 17619.465457879225, 17619.472616163053, 0.007158283826666666, 51539607552.0, 'P2P', 'TP', 'INTRA', 2, 3, 2
'FWD_FFN', 'Compute', 17619.479774446878, 17634.378156701463, 14.898382254584305, 'NONE', 'NONE', 'NONE', 0
'FWD_TP_COMM_INTRA_0', 'Comm', 17634.378156701463, 17634.38531498529, 0.007158283826666666, 51539607552.0, 'P2P', 'TP', 'INTRA', 2, 3, 2
'FWD_TP_COMM_INTRA_1', 'Comm', 17634.378156701463, 17634.38531498529, 0.007158283826666666, 51539607552.0, 'P2P', 'TP', 'INTRA', 2, 3, 2
'FWD_MHA', 'Compute', 17634.392473269116, 17660.269221300325, 25.87674803121012, 'NONE', 'NONE', 'NONE', 0
'FWD_TP_COMM_INTRA_0', 'Comm', 17660.269221300325, 17660.276379584153, 0.007158283826666666, 51539607552.0, 'P2P', 'TP', 'INTRA', 2, 3, 2
'FWD_TP_COMM_INTRA_1', 'Comm', 17660.269221300325, 17660.276379584153, 0.007158283826666666, 51539607552.0, 'P2P', 'TP', 'INTRA', 2, 3, 2
'FWD_FFN', 'Compute', 17660.283537867977, 17675.181920122563, 14.898382254584305, 'NONE', 'NONE', 'NONE', 0
'FWD_TP_COMM_INTRA_0', 'Comm', 17675.181920122563, 17675.18907840639, 0.007158283826666666, 51539607552.0, 'P2P', 'TP', 'INTRA', 2, 3, 2
'FWD_TP_COMM_INTRA_1', 'Comm', 17675.181920122563, 17675.18907840639, 0.007158283826666666, 51539607552.0, 'P2P', 'TP', 'INTRA', 2, 3, 2
'FWD_MHA', 'Compute', 17675.196236690215, 17701.072984721424, 25.87674803121012, 'NONE', 'NONE', 'NONE', 0
'FWD_TP_COMM_INTRA_0', 'Comm', 17701.072984721424, 17701.080143005252, 0.007158283826666666, 51539607552.0, 'P2P', 'TP', 'INTRA', 2, 3, 2
'FWD_TP_COMM_INTRA_1', 'Comm', 17701.072984721424, 17701.080143005252, 0.007158283826666666, 51539607552.0, 'P2P', 'TP', 'INTRA', 2, 3, 2
'FWD_FFN', 'Compute', 17701.087301289077, 17715.985683543662, 14.898382254584305, 'NONE', 'NONE', 'NONE', 0
'FWD_TP_COMM_INTRA_0', 'Comm', 17715.985683543662, 17715.99284182749, 0.007158283826666666, 51539607552.0, 'P2P', 'TP', 'INTRA', 2, 3, 2
'FWD_TP_COMM_INTRA_1', 'Comm', 17715.985683543662, 17715.99284182749, 0.007158283826666666, 51539607552.0, 'P2P', 'TP', 'INTRA', 2, 3, 2
'FWD_MHA', 'Compute', 17716.000000111315, 17741.876748142524, 25.87674803121012, 'NONE', 'NONE', 'NONE', 0
'FWD_TP_COMM_INTRA_0', 'Comm', 17741.876748142524, 17741.883906426352, 0.007158283826666666, 51539607552.0, 'P2P', 'TP', 'INTRA', 2, 3, 2
'FWD_TP_COMM_INTRA_1', 'Comm', 17741.876748142524, 17741.883906426352, 0.007158283826666666, 51539607552.0, 'P2P', 'TP', 'INTRA', 2, 3, 2
'FWD_FFN', 'Compute', 17741.891064710177, 17756.78944696476, 14.898382254584305, 'NONE', 'NONE', 'NONE', 0
'FWD_TP_COMM_INTRA_0', 'Comm', 17756.78944696476, 17756.79660524859, 0.007158283826666666, 51539607552.0, 'P2P', 'TP', 'INTRA', 2, 3, 2
'FWD_TP_COMM_INTRA_1', 'Comm', 17756.78944696476, 17756.79660524859, 0.007158283826666666, 51539607552.0, 'P2P', 'TP', 'INTRA', 2, 3, 2
'FWD_MHA', 'Compute', 17756.803763532414, 17782.680511563623, 25.87674803121012, 'NONE', 'NONE', 'NONE', 0
'FWD_TP_COMM_INTRA_0', 'Comm', 17782.680511563623, 17782.68766984745, 0.007158283826666666, 51539607552.0, 'P2P', 'TP', 'INTRA', 2, 3, 2
'FWD_TP_COMM_INTRA_1', 'Comm', 17782.680511563623, 17782.68766984745, 0.007158283826666666, 51539607552.0, 'P2P', 'TP', 'INTRA', 2, 3, 2
'FWD_FFN', 'Compute', 17782.694828131276, 17797.59321038586, 14.898382254584305, 'NONE', 'NONE', 'NONE', 0
'FWD_TP_COMM_INTRA_0', 'Comm', 17797.59321038586, 17797.60036866969, 0.007158283826666666, 51539607552.0, 'P2P', 'TP', 'INTRA', 2, 3, 2
'FWD_TP_COMM_INTRA_1', 'Comm', 17797.59321038586, 17797.60036866969, 0.007158283826666666, 51539607552.0, 'P2P', 'TP', 'INTRA', 2, 3, 2
'FWD_MHA', 'Compute', 17797.607526953514, 17823.484274984723, 25.87674803121012, 'NONE', 'NONE', 'NONE', 0
'FWD_TP_COMM_INTRA_0', 'Comm', 17823.484274984723, 17823.49143326855, 0.007158283826666666, 51539607552.0, 'P2P', 'TP', 'INTRA', 2, 3, 2
'FWD_TP_COMM_INTRA_1', 'Comm', 17823.484274984723, 17823.49143326855, 0.007158283826666666, 51539607552.0, 'P2P', 'TP', 'INTRA', 2, 3, 2
'FWD_FFN', 'Compute', 17823.498591552376, 17838.39697380696, 14.898382254584305, 'NONE', 'NONE', 'NONE', 0
'FWD_TP_COMM_INTRA_0', 'Comm', 17838.39697380696, 17838.40413209079, 0.007158283826666666, 51539607552.0, 'P2P', 'TP', 'INTRA', 2, 3, 2
'FWD_TP_COMM_INTRA_1', 'Comm', 17838.39697380696, 17838.40413209079, 0.007158283826666666, 51539607552.0, 'P2P', 'TP', 'INTRA', 2, 3, 2
'FWD_MHA', 'Compute', 17838.411290374614, 17864.288038405823, 25.87674803121012, 'NONE', 'NONE', 'NONE', 0
'FWD_TP_COMM_INTRA_0', 'Comm', 17864.288038405823, 17864.29519668965, 0.007158283826666666, 51539607552.0, 'P2P', 'TP', 'INTRA', 2, 3, 2
'FWD_TP_COMM_INTRA_1', 'Comm', 17864.288038405823, 17864.29519668965, 0.007158283826666666, 51539607552.0, 'P2P', 'TP', 'INTRA', 2, 3, 2
'FWD_FFN', 'Compute', 17864.302354973475, 17879.20073722806, 14.898382254584305, 'NONE', 'NONE', 'NONE', 0
'FWD_TP_COMM_INTRA_0', 'Comm', 17879.20073722806, 17879.20789551189, 0.007158283826666666, 51539607552.0, 'P2P', 'TP', 'INTRA', 2, 3, 2
'FWD_TP_COMM_INTRA_1', 'Comm', 17879.20073722806, 17879.20789551189, 0.007158283826666666, 51539607552.0, 'P2P', 'TP', 'INTRA', 2, 3, 2
'FWD_MHA', 'Compute', 17879.215053795713, 17905.091801826922, 25.87674803121012, 'NONE', 'NONE', 'NONE', 0
'FWD_TP_COMM_INTRA_0', 'Comm', 17905.091801826922, 17905.09896011075, 0.007158283826666666, 51539607552.0, 'P2P', 'TP', 'INTRA', 2, 3, 2
'FWD_TP_COMM_INTRA_1', 'Comm', 17905.091801826922, 17905.09896011075, 0.007158283826666666, 51539607552.0, 'P2P', 'TP', 'INTRA', 2, 3, 2
'FWD_FFN', 'Compute', 17905.106118394575, 17920.00450064916, 14.898382254584305, 'NONE', 'NONE', 'NONE', 0
'FWD_TP_COMM_INTRA_0', 'Comm', 17920.00450064916, 17920.01165893299, 0.007158283826666666, 51539607552.0, 'P2P', 'TP', 'INTRA', 2, 3, 2
'FWD_TP_COMM_INTRA_1', 'Comm', 17920.00450064916, 17920.01165893299, 0.007158283826666666, 51539607552.0, 'P2P', 'TP', 'INTRA', 2, 3, 2
'FWD_MHA', 'Compute', 17920.018817216813, 17945.89556524802, 25.87674803121012, 'NONE', 'NONE', 'NONE', 0
'FWD_TP_COMM_INTRA_0', 'Comm', 17945.89556524802, 17945.90272353185, 0.007158283826666666, 51539607552.0, 'P2P', 'TP', 'INTRA', 2, 3, 2
'FWD_TP_COMM_INTRA_1', 'Comm', 17945.89556524802, 17945.90272353185, 0.007158283826666666, 51539607552.0, 'P2P', 'TP', 'INTRA', 2, 3, 2
'FWD_FFN', 'Compute', 17945.909881815674, 17960.80826407026, 14.898382254584305, 'NONE', 'NONE', 'NONE', 0
'FWD_TP_COMM_INTRA_0', 'Comm', 17960.80826407026, 17960.815422354088, 0.007158283826666666, 51539607552.0, 'P2P', 'TP', 'INTRA', 2, 3, 2
'FWD_TP_COMM_INTRA_1', 'Comm', 17960.80826407026, 17960.815422354088, 0.007158283826666666, 51539607552.0, 'P2P', 'TP', 'INTRA', 2, 3, 2
'FWD_MHA', 'Compute', 17960.822580637912, 17986.69932866912, 25.87674803121012, 'NONE', 'NONE', 'NONE', 0
'FWD_TP_COMM_INTRA_0', 'Comm', 17986.69932866912, 17986.70648695295, 0.007158283826666666, 51539607552.0, 'P2P', 'TP', 'INTRA', 2, 3, 2
'FWD_TP_COMM_INTRA_1', 'Comm', 17986.69932866912, 17986.70648695295, 0.007158283826666666, 51539607552.0, 'P2P', 'TP', 'INTRA', 2, 3, 2
'FWD_FFN', 'Compute', 17986.713645236774, 18001.61202749136, 14.898382254584305, 'NONE', 'NONE', 'NONE', 0
'FWD_TP_COMM_INTRA_0', 'Comm', 18001.61202749136, 18001.619185775187, 0.007158283826666666, 51539607552.0, 'P2P', 'TP', 'INTRA', 2, 3, 2
'FWD_TP_COMM_INTRA_1', 'Comm', 18001.61202749136, 18001.619185775187, 0.007158283826666666, 51539607552.0, 'P2P', 'TP', 'INTRA', 2, 3, 2
'FWD_MHA', 'Compute', 18001.626344059012, 18027.50309209022, 25.87674803121012, 'NONE', 'NONE', 'NONE', 0
'FWD_TP_COMM_INTRA_0', 'Comm', 18027.50309209022, 18027.51025037405, 0.007158283826666666, 51539607552.0, 'P2P', 'TP', 'INTRA', 2, 3, 2
'FWD_TP_COMM_INTRA_1', 'Comm', 18027.50309209022, 18027.51025037405, 0.007158283826666666, 51539607552.0, 'P2P', 'TP', 'INTRA', 2, 3, 2
'FWD_FFN', 'Compute', 18027.517408657874, 18042.41579091246, 14.898382254584305, 'NONE', 'NONE', 'NONE', 0
'FWD_TP_COMM_INTRA_0', 'Comm', 18042.41579091246, 18042.422949196287, 0.007158283826666666, 51539607552.0, 'P2P', 'TP', 'INTRA', 2, 3, 2
'FWD_TP_COMM_INTRA_1', 'Comm', 18042.41579091246, 18042.422949196287, 0.007158283826666666, 51539607552.0, 'P2P', 'TP', 'INTRA', 2, 3, 2
'FWD_MHA', 'Compute', 18042.43010748011, 18068.30685551132, 25.87674803121012, 'NONE', 'NONE', 'NONE', 0
'FWD_TP_COMM_INTRA_0', 'Comm', 18068.30685551132, 18068.31401379515, 0.007158283826666666, 51539607552.0, 'P2P', 'TP', 'INTRA', 2, 3, 2
'FWD_TP_COMM_INTRA_1', 'Comm', 18068.30685551132, 18068.31401379515, 0.007158283826666666, 51539607552.0, 'P2P', 'TP', 'INTRA', 2, 3, 2
'FWD_FFN', 'Compute', 18068.321172078973, 18083.21955433356, 14.898382254584305, 'NONE', 'NONE', 'NONE', 0
'FWD_TP_COMM_INTRA_0', 'Comm', 18083.21955433356, 18083.226712617387, 0.007158283826666666, 51539607552.0, 'P2P', 'TP', 'INTRA', 2, 3, 2
'FWD_TP_COMM_INTRA_1', 'Comm', 18083.21955433356, 18083.226712617387, 0.007158283826666666, 51539607552.0, 'P2P', 'TP', 'INTRA', 2, 3, 2
'FWD_MHA', 'Compute', 18083.23387090121, 18109.11061893242, 25.87674803121012, 'NONE', 'NONE', 'NONE', 0
'FWD_TP_COMM_INTRA_0', 'Comm', 18109.11061893242, 18109.11777721625, 0.007158283826666666, 51539607552.0, 'P2P', 'TP', 'INTRA', 2, 3, 2
'FWD_TP_COMM_INTRA_1', 'Comm', 18109.11061893242, 18109.11777721625, 0.007158283826666666, 51539607552.0, 'P2P', 'TP', 'INTRA', 2, 3, 2
'FWD_FFN', 'Compute', 18109.124935500073, 18124.023317754658, 14.898382254584305, 'NONE', 'NONE', 'NONE', 0
'FWD_TP_COMM_INTRA_0', 'Comm', 18124.023317754658, 18124.030476038486, 0.007158283826666666, 51539607552.0, 'P2P', 'TP', 'INTRA', 2, 3, 2
'FWD_TP_COMM_INTRA_1', 'Comm', 18124.023317754658, 18124.030476038486, 0.007158283826666666, 51539607552.0, 'P2P', 'TP', 'INTRA', 2, 3, 2
'FWD_MHA', 'Compute', 18124.03763432231, 18149.91438235352, 25.87674803121012, 'NONE', 'NONE', 'NONE', 0
'FWD_TP_COMM_INTRA_0', 'Comm', 18149.91438235352, 18149.921540637348, 0.007158283826666666, 51539607552.0, 'P2P', 'TP', 'INTRA', 2, 3, 2
'FWD_TP_COMM_INTRA_1', 'Comm', 18149.91438235352, 18149.921540637348, 0.007158283826666666, 51539607552.0, 'P2P', 'TP', 'INTRA', 2, 3, 2
'FWD_FFN', 'Compute', 18149.928698921172, 18164.827081175757, 14.898382254584305, 'NONE', 'NONE', 'NONE', 0
'FWD_TP_COMM_INTRA_0', 'Comm', 18164.827081175757, 18164.834239459586, 0.007158283826666666, 51539607552.0, 'P2P', 'TP', 'INTRA', 2, 3, 2
'FWD_TP_COMM_INTRA_1', 'Comm', 18164.827081175757, 18164.834239459586, 0.007158283826666666, 51539607552.0, 'P2P', 'TP', 'INTRA', 2, 3, 2
'FWD_MHA', 'Compute', 18164.84139774341, 18190.71814577462, 25.87674803121012, 'NONE', 'NONE', 'NONE', 0
'FWD_TP_COMM_INTRA_0', 'Comm', 18190.71814577462, 18190.725304058447, 0.007158283826666666, 51539607552.0, 'P2P', 'TP', 'INTRA', 2, 3, 2
'FWD_TP_COMM_INTRA_1', 'Comm', 18190.71814577462, 18190.725304058447, 0.007158283826666666, 51539607552.0, 'P2P', 'TP', 'INTRA', 2, 3, 2
'FWD_FFN', 'Compute', 18190.732462342272, 18205.630844596857, 14.898382254584305, 'NONE', 'NONE', 'NONE', 0
'FWD_TP_COMM_INTRA_0', 'Comm', 18205.630844596857, 18205.638002880685, 0.007158283826666666, 51539607552.0, 'P2P', 'TP', 'INTRA', 2, 3, 2
'FWD_TP_COMM_INTRA_1', 'Comm', 18205.630844596857, 18205.638002880685, 0.007158283826666666, 51539607552.0, 'P2P', 'TP', 'INTRA', 2, 3, 2
'FWD_MHA', 'Compute', 18205.64516116451, 18231.52190919572, 25.87674803121012, 'NONE', 'NONE', 'NONE', 0
'FWD_TP_COMM_INTRA_0', 'Comm', 18231.52190919572, 18231.529067479547, 0.007158283826666666, 51539607552.0, 'P2P', 'TP', 'INTRA', 2, 3, 2
'FWD_TP_COMM_INTRA_1', 'Comm', 18231.52190919572, 18231.529067479547, 0.007158283826666666, 51539607552.0, 'P2P', 'TP', 'INTRA', 2, 3, 2
'FWD_FFN', 'Compute', 18231.53622576337, 18246.434608017957, 14.898382254584305, 'NONE', 'NONE', 'NONE', 0
'FWD_TP_COMM_INTRA_0', 'Comm', 18246.434608017957, 18246.441766301785, 0.007158283826666666, 51539607552.0, 'P2P', 'TP', 'INTRA', 2, 3, 2
'FWD_TP_COMM_INTRA_1', 'Comm', 18246.434608017957, 18246.441766301785, 0.007158283826666666, 51539607552.0, 'P2P', 'TP', 'INTRA', 2, 3, 2
'FWD_MHA', 'Compute', 18246.44892458561, 18272.32567261682, 25.87674803121012, 'NONE', 'NONE', 'NONE', 0
'FWD_TP_COMM_INTRA_0', 'Comm', 18272.32567261682, 18272.332830900647, 0.007158283826666666, 51539607552.0, 'P2P', 'TP', 'INTRA', 2, 3, 2
'FWD_TP_COMM_INTRA_1', 'Comm', 18272.32567261682, 18272.332830900647, 0.007158283826666666, 51539607552.0, 'P2P', 'TP', 'INTRA', 2, 3, 2
'FWD_FFN', 'Compute', 18272.33998918447, 18287.238371439056, 14.898382254584305, 'NONE', 'NONE', 'NONE', 0
'FWD_TP_COMM_INTRA_0', 'Comm', 18287.238371439056, 18287.245529722884, 0.007158283826666666, 51539607552.0, 'P2P', 'TP', 'INTRA', 2, 3, 2
'FWD_TP_COMM_INTRA_1', 'Comm', 18287.238371439056, 18287.245529722884, 0.007158283826666666, 51539607552.0, 'P2P', 'TP', 'INTRA', 2, 3, 2
'FWD_MHA', 'Compute', 18287.25268800671, 18313.129436037918, 25.87674803121012, 'NONE', 'NONE', 'NONE', 0
'FWD_TP_COMM_INTRA_0', 'Comm', 18313.129436037918, 18313.136594321746, 0.007158283826666666, 51539607552.0, 'P2P', 'TP', 'INTRA', 2, 3, 2
'FWD_TP_COMM_INTRA_1', 'Comm', 18313.129436037918, 18313.136594321746, 0.007158283826666666, 51539607552.0, 'P2P', 'TP', 'INTRA', 2, 3, 2
'FWD_FFN', 'Compute', 18313.14375260557, 18328.042134860156, 14.898382254584305, 'NONE', 'NONE', 'NONE', 0
'FWD_TP_COMM_INTRA_0', 'Comm', 18328.042134860156, 18328.049293143984, 0.007158283826666666, 51539607552.0, 'P2P', 'TP', 'INTRA', 2, 3, 2
'FWD_TP_COMM_INTRA_1', 'Comm', 18328.042134860156, 18328.049293143984, 0.007158283826666666, 51539607552.0, 'P2P', 'TP', 'INTRA', 2, 3, 2
'FWD_MHA', 'Compute', 18328.05645142781, 18353.933199459017, 25.87674803121012, 'NONE', 'NONE', 'NONE', 0
'FWD_TP_COMM_INTRA_0', 'Comm', 18353.933199459017, 18353.940357742846, 0.007158283826666666, 51539607552.0, 'P2P', 'TP', 'INTRA', 2, 3, 2
'FWD_TP_COMM_INTRA_1', 'Comm', 18353.933199459017, 18353.940357742846, 0.007158283826666666, 51539607552.0, 'P2P', 'TP', 'INTRA', 2, 3, 2
'FWD_FFN', 'Compute', 18353.94751602667, 18368.845898281255, 14.898382254584305, 'NONE', 'NONE', 'NONE', 0
'FWD_TP_COMM_INTRA_0', 'Comm', 18368.845898281255, 18368.853056565084, 0.007158283826666666, 51539607552.0, 'P2P', 'TP', 'INTRA', 2, 3, 2
'FWD_TP_COMM_INTRA_1', 'Comm', 18368.845898281255, 18368.853056565084, 0.007158283826666666, 51539607552.0, 'P2P', 'TP', 'INTRA', 2, 3, 2
'FWD_MHA', 'Compute', 18368.860214848908, 18394.736962880117, 25.87674803121012, 'NONE', 'NONE', 'NONE', 0
'FWD_TP_COMM_INTRA_0', 'Comm', 18394.736962880117, 18394.744121163945, 0.007158283826666666, 51539607552.0, 'P2P', 'TP', 'INTRA', 2, 3, 2
'FWD_TP_COMM_INTRA_1', 'Comm', 18394.736962880117, 18394.744121163945, 0.007158283826666666, 51539607552.0, 'P2P', 'TP', 'INTRA', 2, 3, 2
'FWD_FFN', 'Compute', 18394.75127944777, 18409.649661702355, 14.898382254584305, 'NONE', 'NONE', 'NONE', 0
'FWD_TP_COMM_INTRA_0', 'Comm', 18409.649661702355, 18409.656819986183, 0.007158283826666666, 51539607552.0, 'P2P', 'TP', 'INTRA', 2, 3, 2
'FWD_TP_COMM_INTRA_1', 'Comm', 18409.649661702355, 18409.656819986183, 0.007158283826666666, 51539607552.0, 'P2P', 'TP', 'INTRA', 2, 3, 2
'FWD_MHA', 'Compute', 18409.663978270008, 18435.540726301217, 25.87674803121012, 'NONE', 'NONE', 'NONE', 0
'FWD_TP_COMM_INTRA_0', 'Comm', 18435.540726301217, 18435.547884585045, 0.007158283826666666, 51539607552.0, 'P2P', 'TP', 'INTRA', 2, 3, 2
'FWD_TP_COMM_INTRA_1', 'Comm', 18435.540726301217, 18435.547884585045, 0.007158283826666666, 51539607552.0, 'P2P', 'TP', 'INTRA', 2, 3, 2
'FWD_FFN', 'Compute', 18435.55504286887, 18450.453425123455, 14.898382254584305, 'NONE', 'NONE', 'NONE', 0
'FWD_TP_COMM_INTRA_0', 'Comm', 18450.453425123455, 18450.460583407283, 0.007158283826666666, 51539607552.0, 'P2P', 'TP', 'INTRA', 2, 3, 2
'FWD_TP_COMM_INTRA_1', 'Comm', 18450.453425123455, 18450.460583407283, 0.007158283826666666, 51539607552.0, 'P2P', 'TP', 'INTRA', 2, 3, 2
'FWD_MHA', 'Compute', 18450.467741691107, 18476.344489722316, 25.87674803121012, 'NONE', 'NONE', 'NONE', 0
'FWD_TP_COMM_INTRA_0', 'Comm', 18476.344489722316, 18476.351648006144, 0.007158283826666666, 51539607552.0, 'P2P', 'TP', 'INTRA', 2, 3, 2
'FWD_TP_COMM_INTRA_1', 'Comm', 18476.344489722316, 18476.351648006144, 0.007158283826666666, 51539607552.0, 'P2P', 'TP', 'INTRA', 2, 3, 2
'FWD_FFN', 'Compute', 18476.35880628997, 18491.257188544554, 14.898382254584305, 'NONE', 'NONE', 'NONE', 0
'FWD_TP_COMM_INTRA_0', 'Comm', 18491.257188544554, 18491.264346828382, 0.007158283826666666, 51539607552.0, 'P2P', 'TP', 'INTRA', 2, 3, 2
'FWD_TP_COMM_INTRA_1', 'Comm', 18491.257188544554, 18491.264346828382, 0.007158283826666666, 51539607552.0, 'P2P', 'TP', 'INTRA', 2, 3, 2
'FWD_MHA', 'Compute', 18491.271505112207, 18517.148253143416, 25.87674803121012, 'NONE', 'NONE', 'NONE', 0
'FWD_TP_COMM_INTRA_0', 'Comm', 18517.148253143416, 18517.155411427244, 0.007158283826666666, 51539607552.0, 'P2P', 'TP', 'INTRA', 2, 3, 2
'FWD_TP_COMM_INTRA_1', 'Comm', 18517.148253143416, 18517.155411427244, 0.007158283826666666, 51539607552.0, 'P2P', 'TP', 'INTRA', 2, 3, 2
'FWD_FFN', 'Compute', 18517.16256971107, 18532.060951965654, 14.898382254584305, 'NONE', 'NONE', 'NONE', 0
'FWD_TP_COMM_INTRA_0', 'Comm', 18532.060951965654, 18532.068110249482, 0.007158283826666666, 51539607552.0, 'P2P', 'TP', 'INTRA', 2, 3, 2
'FWD_TP_COMM_INTRA_1', 'Comm', 18532.060951965654, 18532.068110249482, 0.007158283826666666, 51539607552.0, 'P2P', 'TP', 'INTRA', 2, 3, 2
'FWD_MHA', 'Compute', 18532.075268533306, 18557.952016564515, 25.87674803121012, 'NONE', 'NONE', 'NONE', 0
'FWD_TP_COMM_INTRA_0', 'Comm', 18557.952016564515, 18557.959174848344, 0.007158283826666666, 51539607552.0, 'P2P', 'TP', 'INTRA', 2, 3, 2
'FWD_TP_COMM_INTRA_1', 'Comm', 18557.952016564515, 18557.959174848344, 0.007158283826666666, 51539607552.0, 'P2P', 'TP', 'INTRA', 2, 3, 2
'FWD_FFN', 'Compute', 18557.966333132168, 18572.864715386753, 14.898382254584305, 'NONE', 'NONE', 'NONE', 0
'FWD_TP_COMM_INTRA_0', 'Comm', 18572.864715386753, 18572.87187367058, 0.007158283826666666, 51539607552.0, 'P2P', 'TP', 'INTRA', 2, 3, 2
'FWD_TP_COMM_INTRA_1', 'Comm', 18572.864715386753, 18572.87187367058, 0.007158283826666666, 51539607552.0, 'P2P', 'TP', 'INTRA', 2, 3, 2
'FWD_MHA', 'Compute', 18572.879031954406, 18598.755779985615, 25.87674803121012, 'NONE', 'NONE', 'NONE', 0
'FWD_TP_COMM_INTRA_0', 'Comm', 18598.755779985615, 18598.762938269443, 0.007158283826666666, 51539607552.0, 'P2P', 'TP', 'INTRA', 2, 3, 2
'FWD_TP_COMM_INTRA_1', 'Comm', 18598.755779985615, 18598.762938269443, 0.007158283826666666, 51539607552.0, 'P2P', 'TP', 'INTRA', 2, 3, 2
'FWD_FFN', 'Compute', 18598.770096553268, 18613.668478807853, 14.898382254584305, 'NONE', 'NONE', 'NONE', 0
'FWD_TP_COMM_INTRA_0', 'Comm', 18613.668478807853, 18613.67563709168, 0.007158283826666666, 51539607552.0, 'P2P', 'TP', 'INTRA', 2, 3, 2
'FWD_TP_COMM_INTRA_1', 'Comm', 18613.668478807853, 18613.67563709168, 0.007158283826666666, 51539607552.0, 'P2P', 'TP', 'INTRA', 2, 3, 2
'FWD_MHA', 'Compute', 18613.682795375506, 18639.559543406715, 25.87674803121012, 'NONE', 'NONE', 'NONE', 0
'FWD_TP_COMM_INTRA_0', 'Comm', 18639.559543406715, 18639.566701690543, 0.007158283826666666, 51539607552.0, 'P2P', 'TP', 'INTRA', 2, 3, 2
'FWD_TP_COMM_INTRA_1', 'Comm', 18639.559543406715, 18639.566701690543, 0.007158283826666666, 51539607552.0, 'P2P', 'TP', 'INTRA', 2, 3, 2
'FWD_FFN', 'Compute', 18639.573859974367, 18654.472242228952, 14.898382254584305, 'NONE', 'NONE', 'NONE', 0
'FWD_TP_COMM_INTRA_0', 'Comm', 18654.472242228952, 18654.47940051278, 0.007158283826666666, 51539607552.0, 'P2P', 'TP', 'INTRA', 2, 3, 2
'FWD_TP_COMM_INTRA_1', 'Comm', 18654.472242228952, 18654.47940051278, 0.007158283826666666, 51539607552.0, 'P2P', 'TP', 'INTRA', 2, 3, 2
'FWD_MHA', 'Compute', 18654.486558796605, 18680.363306827814, 25.87674803121012, 'NONE', 'NONE', 'NONE', 0
'FWD_TP_COMM_INTRA_0', 'Comm', 18680.363306827814, 18680.370465111642, 0.007158283826666666, 51539607552.0, 'P2P', 'TP', 'INTRA', 2, 3, 2
'FWD_TP_COMM_INTRA_1', 'Comm', 18680.363306827814, 18680.370465111642, 0.007158283826666666, 51539607552.0, 'P2P', 'TP', 'INTRA', 2, 3, 2
'FWD_FFN', 'Compute', 18680.377623395467, 18695.276005650052, 14.898382254584305, 'NONE', 'NONE', 'NONE', 0
'FWD_TP_COMM_INTRA_0', 'Comm', 18695.276005650052, 18695.28316393388, 0.007158283826666666, 51539607552.0, 'P2P', 'TP', 'INTRA', 2, 3, 2
'FWD_TP_COMM_INTRA_1', 'Comm', 18695.276005650052, 18695.28316393388, 0.007158283826666666, 51539607552.0, 'P2P', 'TP', 'INTRA', 2, 3, 2
'FWD_MHA', 'Compute', 18695.290322217705, 18721.167070248914, 25.87674803121012, 'NONE', 'NONE', 'NONE', 0
'FWD_TP_COMM_INTRA_0', 'Comm', 18721.167070248914, 18721.174228532742, 0.007158283826666666, 51539607552.0, 'P2P', 'TP', 'INTRA', 2, 3, 2
'FWD_TP_COMM_INTRA_1', 'Comm', 18721.167070248914, 18721.174228532742, 0.007158283826666666, 51539607552.0, 'P2P', 'TP', 'INTRA', 2, 3, 2
'FWD_FFN', 'Compute', 18721.181386816566, 18736.07976907115, 14.898382254584305, 'NONE', 'NONE', 'NONE', 0
'FWD_TP_COMM_INTRA_0', 'Comm', 18736.07976907115, 18736.08692735498, 0.007158283826666666, 51539607552.0, 'P2P', 'TP', 'INTRA', 2, 3, 2
'FWD_TP_COMM_INTRA_1', 'Comm', 18736.07976907115, 18736.08692735498, 0.007158283826666666, 51539607552.0, 'P2P', 'TP', 'INTRA', 2, 3, 2
'FWD_MHA', 'Compute', 18736.094085638804, 18761.970833670013, 25.87674803121012, 'NONE', 'NONE', 'NONE', 0
'FWD_TP_COMM_INTRA_0', 'Comm', 18761.970833670013, 18761.97799195384, 0.007158283826666666, 51539607552.0, 'P2P', 'TP', 'INTRA', 2, 3, 2
'FWD_TP_COMM_INTRA_1', 'Comm', 18761.970833670013, 18761.97799195384, 0.007158283826666666, 51539607552.0, 'P2P', 'TP', 'INTRA', 2, 3, 2
'FWD_FFN', 'Compute', 18761.985150237666, 18776.88353249225, 14.898382254584305, 'NONE', 'NONE', 'NONE', 0
'FWD_TP_COMM_INTRA_0', 'Comm', 18776.88353249225, 18776.89069077608, 0.007158283826666666, 51539607552.0, 'P2P', 'TP', 'INTRA', 2, 3, 2
'FWD_TP_COMM_INTRA_1', 'Comm', 18776.88353249225, 18776.89069077608, 0.007158283826666666, 51539607552.0, 'P2P', 'TP', 'INTRA', 2, 3, 2
'BWD_MHA', 'Compute', 18776.897849059904, 18802.774597091113, 25.87674803121012, 'NONE', 'NONE', 'NONE', 0
'BWD_TP_COMM_INTRA_0', 'Comm', 18802.774597091113, 18802.78175537494, 0.007158283826666666, 51539607552.0, 'P2P', 'TP', 'INTRA', 2, 3, 2
'BWD_TP_COMM_INTRA_1', 'Comm', 18802.774597091113, 18802.78175537494, 0.007158283826666666, 51539607552.0, 'P2P', 'TP', 'INTRA', 2, 3, 2
'BWD_FFN', 'Compute', 18802.788913658766, 18817.68729591335, 14.898382254584305, 'NONE', 'NONE', 'NONE', 0
'BWD_TP_COMM_INTRA_0', 'Comm', 18817.68729591335, 18817.69445419718, 0.007158283826666666, 51539607552.0, 'P2P', 'TP', 'INTRA', 2, 3, 2
'BWD_TP_COMM_INTRA_1', 'Comm', 18817.68729591335, 18817.69445419718, 0.007158283826666666, 51539607552.0, 'P2P', 'TP', 'INTRA', 2, 3, 2
'BWD_MHA', 'Compute', 18817.701612481003, 18843.578360512212, 25.87674803121012, 'NONE', 'NONE', 'NONE', 0
'BWD_TP_COMM_INTRA_0', 'Comm', 18843.578360512212, 18843.58551879604, 0.007158283826666666, 51539607552.0, 'P2P', 'TP', 'INTRA', 2, 3, 2
'BWD_TP_COMM_INTRA_1', 'Comm', 18843.578360512212, 18843.58551879604, 0.007158283826666666, 51539607552.0, 'P2P', 'TP', 'INTRA', 2, 3, 2
'BWD_FFN', 'Compute', 18843.592677079865, 18858.49105933445, 14.898382254584305, 'NONE', 'NONE', 'NONE', 0
'BWD_TP_COMM_INTRA_0', 'Comm', 18858.49105933445, 18858.49821761828, 0.007158283826666666, 51539607552.0, 'P2P', 'TP', 'INTRA', 2, 3, 2
'BWD_TP_COMM_INTRA_1', 'Comm', 18858.49105933445, 18858.49821761828, 0.007158283826666666, 51539607552.0, 'P2P', 'TP', 'INTRA', 2, 3, 2
'BWD_MHA', 'Compute', 18858.505375902103, 18884.382123933312, 25.87674803121012, 'NONE', 'NONE', 'NONE', 0
'BWD_TP_COMM_INTRA_0', 'Comm', 18884.382123933312, 18884.38928221714, 0.007158283826666666, 51539607552.0, 'P2P', 'TP', 'INTRA', 2, 3, 2
'BWD_TP_COMM_INTRA_1', 'Comm', 18884.382123933312, 18884.38928221714, 0.007158283826666666, 51539607552.0, 'P2P', 'TP', 'INTRA', 2, 3, 2
'BWD_FFN', 'Compute', 18884.396440500965, 18899.29482275555, 14.898382254584305, 'NONE', 'NONE', 'NONE', 0
'BWD_TP_COMM_INTRA_0', 'Comm', 18899.29482275555, 18899.301981039378, 0.007158283826666666, 51539607552.0, 'P2P', 'TP', 'INTRA', 2, 3, 2
'BWD_TP_COMM_INTRA_1', 'Comm', 18899.29482275555, 18899.301981039378, 0.007158283826666666, 51539607552.0, 'P2P', 'TP', 'INTRA', 2, 3, 2
'BWD_MHA', 'Compute', 18899.309139323203, 18925.18588735441, 25.87674803121012, 'NONE', 'NONE', 'NONE', 0
'BWD_TP_COMM_INTRA_0', 'Comm', 18925.18588735441, 18925.19304563824, 0.007158283826666666, 51539607552.0, 'P2P', 'TP', 'INTRA', 2, 3, 2
'BWD_TP_COMM_INTRA_1', 'Comm', 18925.18588735441, 18925.19304563824, 0.007158283826666666, 51539607552.0, 'P2P', 'TP', 'INTRA', 2, 3, 2
'BWD_FFN', 'Compute', 18925.200203922064, 18940.09858617665, 14.898382254584305, 'NONE', 'NONE', 'NONE', 0
'BWD_TP_COMM_INTRA_0', 'Comm', 18940.09858617665, 18940.105744460478, 0.007158283826666666, 51539607552.0, 'P2P', 'TP', 'INTRA', 2, 3, 2
'BWD_TP_COMM_INTRA_1', 'Comm', 18940.09858617665, 18940.105744460478, 0.007158283826666666, 51539607552.0, 'P2P', 'TP', 'INTRA', 2, 3, 2
'BWD_MHA', 'Compute', 18940.112902744302, 18965.98965077551, 25.87674803121012, 'NONE', 'NONE', 'NONE', 0
'BWD_TP_COMM_INTRA_0', 'Comm', 18965.98965077551, 18965.99680905934, 0.007158283826666666, 51539607552.0, 'P2P', 'TP', 'INTRA', 2, 3, 2
'BWD_TP_COMM_INTRA_1', 'Comm', 18965.98965077551, 18965.99680905934, 0.007158283826666666, 51539607552.0, 'P2P', 'TP', 'INTRA', 2, 3, 2
'BWD_FFN', 'Compute', 18966.003967343164, 18980.90234959775, 14.898382254584305, 'NONE', 'NONE', 'NONE', 0
'BWD_TP_COMM_INTRA_0', 'Comm', 18980.90234959775, 18980.909507881577, 0.007158283826666666, 51539607552.0, 'P2P', 'TP', 'INTRA', 2, 3, 2
'BWD_TP_COMM_INTRA_1', 'Comm', 18980.90234959775, 18980.909507881577, 0.007158283826666666, 51539607552.0, 'P2P', 'TP', 'INTRA', 2, 3, 2
'BWD_MHA', 'Compute', 18980.9166661654, 19006.79341419661, 25.87674803121012, 'NONE', 'NONE', 'NONE', 0
'BWD_TP_COMM_INTRA_0', 'Comm', 19006.79341419661, 19006.80057248044, 0.007158283826666666, 51539607552.0, 'P2P', 'TP', 'INTRA', 2, 3, 2
'BWD_TP_COMM_INTRA_1', 'Comm', 19006.79341419661, 19006.80057248044, 0.007158283826666666, 51539607552.0, 'P2P', 'TP', 'INTRA', 2, 3, 2
'BWD_FFN', 'Compute', 19006.807730764263, 19021.70611301885, 14.898382254584305, 'NONE', 'NONE', 'NONE', 0
'BWD_TP_COMM_INTRA_0', 'Comm', 19021.70611301885, 19021.713271302677, 0.007158283826666666, 51539607552.0, 'P2P', 'TP', 'INTRA', 2, 3, 2
'BWD_TP_COMM_INTRA_1', 'Comm', 19021.70611301885, 19021.713271302677, 0.007158283826666666, 51539607552.0, 'P2P', 'TP', 'INTRA', 2, 3, 2
'BWD_MHA', 'Compute', 19021.7204295865, 19047.59717761771, 25.87674803121012, 'NONE', 'NONE', 'NONE', 0
'BWD_TP_COMM_INTRA_0', 'Comm', 19047.59717761771, 19047.60433590154, 0.007158283826666666, 51539607552.0, 'P2P', 'TP', 'INTRA', 2, 3, 2
'BWD_TP_COMM_INTRA_1', 'Comm', 19047.59717761771, 19047.60433590154, 0.007158283826666666, 51539607552.0, 'P2P', 'TP', 'INTRA', 2, 3, 2
'BWD_FFN', 'Compute', 19047.611494185363, 19062.509876439948, 14.898382254584305, 'NONE', 'NONE', 'NONE', 0
'BWD_TP_COMM_INTRA_0', 'Comm', 19062.509876439948, 19062.517034723776, 0.007158283826666666, 51539607552.0, 'P2P', 'TP', 'INTRA', 2, 3, 2
'BWD_TP_COMM_INTRA_1', 'Comm', 19062.509876439948, 19062.517034723776, 0.007158283826666666, 51539607552.0, 'P2P', 'TP', 'INTRA', 2, 3, 2
'BWD_MHA', 'Compute', 19062.5241930076, 19088.40094103881, 25.87674803121012, 'NONE', 'NONE', 'NONE', 0
'BWD_TP_COMM_INTRA_0', 'Comm', 19088.40094103881, 19088.408099322638, 0.007158283826666666, 51539607552.0, 'P2P', 'TP', 'INTRA', 2, 3, 2
'BWD_TP_COMM_INTRA_1', 'Comm', 19088.40094103881, 19088.408099322638, 0.007158283826666666, 51539607552.0, 'P2P', 'TP', 'INTRA', 2, 3, 2
'BWD_FFN', 'Compute', 19088.415257606463, 19103.313639861048, 14.898382254584305, 'NONE', 'NONE', 'NONE', 0
'BWD_TP_COMM_INTRA_0', 'Comm', 19103.313639861048, 19103.320798144876, 0.007158283826666666, 51539607552.0, 'P2P', 'TP', 'INTRA', 2, 3, 2
'BWD_TP_COMM_INTRA_1', 'Comm', 19103.313639861048, 19103.320798144876, 0.007158283826666666, 51539607552.0, 'P2P', 'TP', 'INTRA', 2, 3, 2
'BWD_MHA', 'Compute', 19103.3279564287, 19129.20470445991, 25.87674803121012, 'NONE', 'NONE', 'NONE', 0
'BWD_TP_COMM_INTRA_0', 'Comm', 19129.20470445991, 19129.211862743738, 0.007158283826666666, 51539607552.0, 'P2P', 'TP', 'INTRA', 2, 3, 2
'BWD_TP_COMM_INTRA_1', 'Comm', 19129.20470445991, 19129.211862743738, 0.007158283826666666, 51539607552.0, 'P2P', 'TP', 'INTRA', 2, 3, 2
'BWD_FFN', 'Compute', 19129.219021027562, 19144.117403282147, 14.898382254584305, 'NONE', 'NONE', 'NONE', 0
'BWD_TP_COMM_INTRA_0', 'Comm', 19144.117403282147, 19144.124561565975, 0.007158283826666666, 51539607552.0, 'P2P', 'TP', 'INTRA', 2, 3, 2
'BWD_TP_COMM_INTRA_1', 'Comm', 19144.117403282147, 19144.124561565975, 0.007158283826666666, 51539607552.0, 'P2P', 'TP', 'INTRA', 2, 3, 2
'BWD_MHA', 'Compute', 19144.1317198498, 19170.00846788101, 25.87674803121012, 'NONE', 'NONE', 'NONE', 0
'BWD_TP_COMM_INTRA_0', 'Comm', 19170.00846788101, 19170.015626164837, 0.007158283826666666, 51539607552.0, 'P2P', 'TP', 'INTRA', 2, 3, 2
'BWD_TP_COMM_INTRA_1', 'Comm', 19170.00846788101, 19170.015626164837, 0.007158283826666666, 51539607552.0, 'P2P', 'TP', 'INTRA', 2, 3, 2
'BWD_FFN', 'Compute', 19170.02278444866, 19184.921166703247, 14.898382254584305, 'NONE', 'NONE', 'NONE', 0
'BWD_TP_COMM_INTRA_0', 'Comm', 19184.921166703247, 19184.928324987075, 0.007158283826666666, 51539607552.0, 'P2P', 'TP', 'INTRA', 2, 3, 2
'BWD_TP_COMM_INTRA_1', 'Comm', 19184.921166703247, 19184.928324987075, 0.007158283826666666, 51539607552.0, 'P2P', 'TP', 'INTRA', 2, 3, 2
'BWD_MHA', 'Compute', 19184.9354832709, 19210.81223130211, 25.87674803121012, 'NONE', 'NONE', 'NONE', 0
'BWD_TP_COMM_INTRA_0', 'Comm', 19210.81223130211, 19210.819389585937, 0.007158283826666666, 51539607552.0, 'P2P', 'TP', 'INTRA', 2, 3, 2
'BWD_TP_COMM_INTRA_1', 'Comm', 19210.81223130211, 19210.819389585937, 0.007158283826666666, 51539607552.0, 'P2P', 'TP', 'INTRA', 2, 3, 2
'BWD_FFN', 'Compute', 19210.82654786976, 19225.724930124346, 14.898382254584305, 'NONE', 'NONE', 'NONE', 0
'BWD_TP_COMM_INTRA_0', 'Comm', 19225.724930124346, 19225.732088408175, 0.007158283826666666, 51539607552.0, 'P2P', 'TP', 'INTRA', 2, 3, 2
'BWD_TP_COMM_INTRA_1', 'Comm', 19225.724930124346, 19225.732088408175, 0.007158283826666666, 51539607552.0, 'P2P', 'TP', 'INTRA', 2, 3, 2
'BWD_MHA', 'Compute', 19225.739246692, 19251.615994723208, 25.87674803121012, 'NONE', 'NONE', 'NONE', 0
'BWD_TP_COMM_INTRA_0', 'Comm', 19251.615994723208, 19251.623153007036, 0.007158283826666666, 51539607552.0, 'P2P', 'TP', 'INTRA', 2, 3, 2
'BWD_TP_COMM_INTRA_1', 'Comm', 19251.615994723208, 19251.623153007036, 0.007158283826666666, 51539607552.0, 'P2P', 'TP', 'INTRA', 2, 3, 2
'BWD_FFN', 'Compute', 19251.63031129086, 19266.528693545446, 14.898382254584305, 'NONE', 'NONE', 'NONE', 0
'BWD_TP_COMM_INTRA_0', 'Comm', 19266.528693545446, 19266.535851829274, 0.007158283826666666, 51539607552.0, 'P2P', 'TP', 'INTRA', 2, 3, 2
'BWD_TP_COMM_INTRA_1', 'Comm', 19266.528693545446, 19266.535851829274, 0.007158283826666666, 51539607552.0, 'P2P', 'TP', 'INTRA', 2, 3, 2
'BWD_MHA', 'Compute', 19266.5430101131, 19292.419758144308, 25.87674803121012, 'NONE', 'NONE', 'NONE', 0
'BWD_TP_COMM_INTRA_0', 'Comm', 19292.419758144308, 19292.426916428136, 0.007158283826666666, 51539607552.0, 'P2P', 'TP', 'INTRA', 2, 3, 2
'BWD_TP_COMM_INTRA_1', 'Comm', 19292.419758144308, 19292.426916428136, 0.007158283826666666, 51539607552.0, 'P2P', 'TP', 'INTRA', 2, 3, 2
'BWD_FFN', 'Compute', 19292.43407471196, 19307.332456966546, 14.898382254584305, 'NONE', 'NONE', 'NONE', 0
'BWD_TP_COMM_INTRA_0', 'Comm', 19307.332456966546, 19307.339615250374, 0.007158283826666666, 51539607552.0, 'P2P', 'TP', 'INTRA', 2, 3, 2
'BWD_TP_COMM_INTRA_1', 'Comm', 19307.332456966546, 19307.339615250374, 0.007158283826666666, 51539607552.0, 'P2P', 'TP', 'INTRA', 2, 3, 2
'BWD_MHA', 'Compute', 19307.3467735342, 19333.223521565407, 25.87674803121012, 'NONE', 'NONE', 'NONE', 0
'BWD_TP_COMM_INTRA_0', 'Comm', 19333.223521565407, 19333.230679849235, 0.007158283826666666, 51539607552.0, 'P2P', 'TP', 'INTRA', 2, 3, 2
'BWD_TP_COMM_INTRA_1', 'Comm', 19333.223521565407, 19333.230679849235, 0.007158283826666666, 51539607552.0, 'P2P', 'TP', 'INTRA', 2, 3, 2
'BWD_FFN', 'Compute', 19333.23783813306, 19348.136220387645, 14.898382254584305, 'NONE', 'NONE', 'NONE', 0
'BWD_TP_COMM_INTRA_0', 'Comm', 19348.136220387645, 19348.143378671473, 0.007158283826666666, 51539607552.0, 'P2P', 'TP', 'INTRA', 2, 3, 2
'BWD_TP_COMM_INTRA_1', 'Comm', 19348.136220387645, 19348.143378671473, 0.007158283826666666, 51539607552.0, 'P2P', 'TP', 'INTRA', 2, 3, 2
'BWD_MHA', 'Compute', 19348.150536955298, 19374.027284986507, 25.87674803121012, 'NONE', 'NONE', 'NONE', 0
'BWD_TP_COMM_INTRA_0', 'Comm', 19374.027284986507, 19374.034443270335, 0.007158283826666666, 51539607552.0, 'P2P', 'TP', 'INTRA', 2, 3, 2
'BWD_TP_COMM_INTRA_1', 'Comm', 19374.027284986507, 19374.034443270335, 0.007158283826666666, 51539607552.0, 'P2P', 'TP', 'INTRA', 2, 3, 2
'BWD_FFN', 'Compute', 19374.04160155416, 19388.939983808745, 14.898382254584305, 'NONE', 'NONE', 'NONE', 0
'BWD_TP_COMM_INTRA_0', 'Comm', 19388.939983808745, 19388.947142092573, 0.007158283826666666, 51539607552.0, 'P2P', 'TP', 'INTRA', 2, 3, 2
'BWD_TP_COMM_INTRA_1', 'Comm', 19388.939983808745, 19388.947142092573, 0.007158283826666666, 51539607552.0, 'P2P', 'TP', 'INTRA', 2, 3, 2
'BWD_MHA', 'Compute', 19388.954300376397, 19414.831048407606, 25.87674803121012, 'NONE', 'NONE', 'NONE', 0
'BWD_TP_COMM_INTRA_0', 'Comm', 19414.831048407606, 19414.838206691435, 0.007158283826666666, 51539607552.0, 'P2P', 'TP', 'INTRA', 2, 3, 2
'BWD_TP_COMM_INTRA_1', 'Comm', 19414.831048407606, 19414.838206691435, 0.007158283826666666, 51539607552.0, 'P2P', 'TP', 'INTRA', 2, 3, 2
'BWD_FFN', 'Compute', 19414.84536497526, 19429.743747229844, 14.898382254584305, 'NONE', 'NONE', 'NONE', 0
'BWD_TP_COMM_INTRA_0', 'Comm', 19429.743747229844, 19429.750905513672, 0.007158283826666666, 51539607552.0, 'P2P', 'TP', 'INTRA', 2, 3, 2
'BWD_TP_COMM_INTRA_1', 'Comm', 19429.743747229844, 19429.750905513672, 0.007158283826666666, 51539607552.0, 'P2P', 'TP', 'INTRA', 2, 3, 2
'BWD_MHA', 'Compute', 19429.758063797497, 19455.634811828706, 25.87674803121012, 'NONE', 'NONE', 'NONE', 0
'BWD_TP_COMM_INTRA_0', 'Comm', 19455.634811828706, 19455.641970112534, 0.007158283826666666, 51539607552.0, 'P2P', 'TP', 'INTRA', 2, 3, 2
'BWD_TP_COMM_INTRA_1', 'Comm', 19455.634811828706, 19455.641970112534, 0.007158283826666666, 51539607552.0, 'P2P', 'TP', 'INTRA', 2, 3, 2
'BWD_FFN', 'Compute', 19455.64912839636, 19470.547510650944, 14.898382254584305, 'NONE', 'NONE', 'NONE', 0
'BWD_TP_COMM_INTRA_0', 'Comm', 19470.547510650944, 19470.554668934772, 0.007158283826666666, 51539607552.0, 'P2P', 'TP', 'INTRA', 2, 3, 2
'BWD_TP_COMM_INTRA_1', 'Comm', 19470.547510650944, 19470.554668934772, 0.007158283826666666, 51539607552.0, 'P2P', 'TP', 'INTRA', 2, 3, 2
'BWD_MHA', 'Compute', 19470.561827218597, 19496.438575249806, 25.87674803121012, 'NONE', 'NONE', 'NONE', 0
'BWD_TP_COMM_INTRA_0', 'Comm', 19496.438575249806, 19496.445733533634, 0.007158283826666666, 51539607552.0, 'P2P', 'TP', 'INTRA', 2, 3, 2
'BWD_TP_COMM_INTRA_1', 'Comm', 19496.438575249806, 19496.445733533634, 0.007158283826666666, 51539607552.0, 'P2P', 'TP', 'INTRA', 2, 3, 2
'BWD_FFN', 'Compute', 19496.45289181746, 19511.351274072043, 14.898382254584305, 'NONE', 'NONE', 'NONE', 0
'BWD_TP_COMM_INTRA_0', 'Comm', 19511.351274072043, 19511.35843235587, 0.007158283826666666, 51539607552.0, 'P2P', 'TP', 'INTRA', 2, 3, 2
'BWD_TP_COMM_INTRA_1', 'Comm', 19511.351274072043, 19511.35843235587, 0.007158283826666666, 51539607552.0, 'P2P', 'TP', 'INTRA', 2, 3, 2
'BWD_MHA', 'Compute', 19511.365590639696, 19537.242338670905, 25.87674803121012, 'NONE', 'NONE', 'NONE', 0
'BWD_TP_COMM_INTRA_0', 'Comm', 19537.242338670905, 19537.249496954733, 0.007158283826666666, 51539607552.0, 'P2P', 'TP', 'INTRA', 2, 3, 2
'BWD_TP_COMM_INTRA_1', 'Comm', 19537.242338670905, 19537.249496954733, 0.007158283826666666, 51539607552.0, 'P2P', 'TP', 'INTRA', 2, 3, 2
'BWD_FFN', 'Compute', 19537.256655238558, 19552.155037493143, 14.898382254584305, 'NONE', 'NONE', 'NONE', 0
'BWD_TP_COMM_INTRA_0', 'Comm', 19552.155037493143, 19552.16219577697, 0.007158283826666666, 51539607552.0, 'P2P', 'TP', 'INTRA', 2, 3, 2
'BWD_TP_COMM_INTRA_1', 'Comm', 19552.155037493143, 19552.16219577697, 0.007158283826666666, 51539607552.0, 'P2P', 'TP', 'INTRA', 2, 3, 2
'BWD_MHA', 'Compute', 19552.169354060796, 19578.046102092005, 25.87674803121012, 'NONE', 'NONE', 'NONE', 0
'BWD_TP_COMM_INTRA_0', 'Comm', 19578.046102092005, 19578.053260375833, 0.007158283826666666, 51539607552.0, 'P2P', 'TP', 'INTRA', 2, 3, 2
'BWD_TP_COMM_INTRA_1', 'Comm', 19578.046102092005, 19578.053260375833, 0.007158283826666666, 51539607552.0, 'P2P', 'TP', 'INTRA', 2, 3, 2
'BWD_FFN', 'Compute', 19578.060418659657, 19592.958800914243, 14.898382254584305, 'NONE', 'NONE', 'NONE', 0
'BWD_TP_COMM_INTRA_0', 'Comm', 19592.958800914243, 19592.96595919807, 0.007158283826666666, 51539607552.0, 'P2P', 'TP', 'INTRA', 2, 3, 2
'BWD_TP_COMM_INTRA_1', 'Comm', 19592.958800914243, 19592.96595919807, 0.007158283826666666, 51539607552.0, 'P2P', 'TP', 'INTRA', 2, 3, 2
'BWD_MHA', 'Compute', 19592.973117481895, 19618.849865513104, 25.87674803121012, 'NONE', 'NONE', 'NONE', 0
'BWD_TP_COMM_INTRA_0', 'Comm', 19618.849865513104, 19618.857023796932, 0.007158283826666666, 51539607552.0, 'P2P', 'TP', 'INTRA', 2, 3, 2
'BWD_TP_COMM_INTRA_1', 'Comm', 19618.849865513104, 19618.857023796932, 0.007158283826666666, 51539607552.0, 'P2P', 'TP', 'INTRA', 2, 3, 2
'BWD_FFN', 'Compute', 19618.864182080757, 19633.762564335342, 14.898382254584305, 'NONE', 'NONE', 'NONE', 0
'BWD_TP_COMM_INTRA_0', 'Comm', 19633.762564335342, 19633.76972261917, 0.007158283826666666, 51539607552.0, 'P2P', 'TP', 'INTRA', 2, 3, 2
'BWD_TP_COMM_INTRA_1', 'Comm', 19633.762564335342, 19633.76972261917, 0.007158283826666666, 51539607552.0, 'P2P', 'TP', 'INTRA', 2, 3, 2
'BWD_MHA', 'Compute', 19633.776880902995, 19659.653628934204, 25.87674803121012, 'NONE', 'NONE', 'NONE', 0
'BWD_TP_COMM_INTRA_0', 'Comm', 19659.653628934204, 19659.660787218032, 0.007158283826666666, 51539607552.0, 'P2P', 'TP', 'INTRA', 2, 3, 2
'BWD_TP_COMM_INTRA_1', 'Comm', 19659.653628934204, 19659.660787218032, 0.007158283826666666, 51539607552.0, 'P2P', 'TP', 'INTRA', 2, 3, 2
'BWD_FFN', 'Compute', 19659.667945501857, 19674.56632775644, 14.898382254584305, 'NONE', 'NONE', 'NONE', 0
'BWD_TP_COMM_INTRA_0', 'Comm', 19674.56632775644, 19674.57348604027, 0.007158283826666666, 51539607552.0, 'P2P', 'TP', 'INTRA', 2, 3, 2
'BWD_TP_COMM_INTRA_1', 'Comm', 19674.56632775644, 19674.57348604027, 0.007158283826666666, 51539607552.0, 'P2P', 'TP', 'INTRA', 2, 3, 2
'BWD_MHA', 'Compute', 19674.580644324094, 19700.457392355303, 25.87674803121012, 'NONE', 'NONE', 'NONE', 0
'BWD_TP_COMM_INTRA_0', 'Comm', 19700.457392355303, 19700.46455063913, 0.007158283826666666, 51539607552.0, 'P2P', 'TP', 'INTRA', 2, 3, 2
'BWD_TP_COMM_INTRA_1', 'Comm', 19700.457392355303, 19700.46455063913, 0.007158283826666666, 51539607552.0, 'P2P', 'TP', 'INTRA', 2, 3, 2
'BWD_FFN', 'Compute', 19700.471708922956, 19715.37009117754, 14.898382254584305, 'NONE', 'NONE', 'NONE', 0
'BWD_TP_COMM_INTRA_0', 'Comm', 19715.37009117754, 19715.37724946137, 0.007158283826666666, 51539607552.0, 'P2P', 'TP', 'INTRA', 2, 3, 2
'BWD_TP_COMM_INTRA_1', 'Comm', 19715.37009117754, 19715.37724946137, 0.007158283826666666, 51539607552.0, 'P2P', 'TP', 'INTRA', 2, 3, 2
'BWD_MHA', 'Compute', 19715.384407745194, 19741.261155776403, 25.87674803121012, 'NONE', 'NONE', 'NONE', 0
'BWD_TP_COMM_INTRA_0', 'Comm', 19741.261155776403, 19741.26831406023, 0.007158283826666666, 51539607552.0, 'P2P', 'TP', 'INTRA', 2, 3, 2
'BWD_TP_COMM_INTRA_1', 'Comm', 19741.261155776403, 19741.26831406023, 0.007158283826666666, 51539607552.0, 'P2P', 'TP', 'INTRA', 2, 3, 2
'BWD_FFN', 'Compute', 19741.275472344056, 19756.17385459864, 14.898382254584305, 'NONE', 'NONE', 'NONE', 0
'BWD_TP_COMM_INTRA_0', 'Comm', 19756.17385459864, 19756.18101288247, 0.007158283826666666, 51539607552.0, 'P2P', 'TP', 'INTRA', 2, 3, 2
'BWD_TP_COMM_INTRA_1', 'Comm', 19756.17385459864, 19756.18101288247, 0.007158283826666666, 51539607552.0, 'P2P', 'TP', 'INTRA', 2, 3, 2
'BWD_MHA', 'Compute', 19756.188171166294, 19782.064919197503, 25.87674803121012, 'NONE', 'NONE', 'NONE', 0
'BWD_TP_COMM_INTRA_0', 'Comm', 19782.064919197503, 19782.07207748133, 0.007158283826666666, 51539607552.0, 'P2P', 'TP', 'INTRA', 2, 3, 2
'BWD_TP_COMM_INTRA_1', 'Comm', 19782.064919197503, 19782.07207748133, 0.007158283826666666, 51539607552.0, 'P2P', 'TP', 'INTRA', 2, 3, 2
'BWD_FFN', 'Compute', 19782.079235765155, 19796.97761801974, 14.898382254584305, 'NONE', 'NONE', 'NONE', 0
'BWD_TP_COMM_INTRA_0', 'Comm', 19796.97761801974, 19796.98477630357, 0.007158283826666666, 51539607552.0, 'P2P', 'TP', 'INTRA', 2, 3, 2
'BWD_TP_COMM_INTRA_1', 'Comm', 19796.97761801974, 19796.98477630357, 0.007158283826666666, 51539607552.0, 'P2P', 'TP', 'INTRA', 2, 3, 2
'BWD_MHA', 'Compute', 19796.991934587393, 19822.868682618602, 25.87674803121012, 'NONE', 'NONE', 'NONE', 0
'BWD_TP_COMM_INTRA_0', 'Comm', 19822.868682618602, 19822.87584090243, 0.007158283826666666, 51539607552.0, 'P2P', 'TP', 'INTRA', 2, 3, 2
'BWD_TP_COMM_INTRA_1', 'Comm', 19822.868682618602, 19822.87584090243, 0.007158283826666666, 51539607552.0, 'P2P', 'TP', 'INTRA', 2, 3, 2
'BWD_FFN', 'Compute', 19822.882999186255, 19837.78138144084, 14.898382254584305, 'NONE', 'NONE', 'NONE', 0
'BWD_TP_COMM_INTRA_0', 'Comm', 19837.78138144084, 19837.78853972467, 0.007158283826666666, 51539607552.0, 'P2P', 'TP', 'INTRA', 2, 3, 2
'BWD_TP_COMM_INTRA_1', 'Comm', 19837.78138144084, 19837.78853972467, 0.007158283826666666, 51539607552.0, 'P2P', 'TP', 'INTRA', 2, 3, 2
'BWD_MHA', 'Compute', 19837.795698008493, 19863.6724460397, 25.87674803121012, 'NONE', 'NONE', 'NONE', 0
'BWD_TP_COMM_INTRA_0', 'Comm', 19863.6724460397, 19863.67960432353, 0.007158283826666666, 51539607552.0, 'P2P', 'TP', 'INTRA', 2, 3, 2
'BWD_TP_COMM_INTRA_1', 'Comm', 19863.6724460397, 19863.67960432353, 0.007158283826666666, 51539607552.0, 'P2P', 'TP', 'INTRA', 2, 3, 2
'BWD_FFN', 'Compute', 19863.686762607354, 19878.58514486194, 14.898382254584305, 'NONE', 'NONE', 'NONE', 0
'BWD_TP_COMM_INTRA_0', 'Comm', 19878.58514486194, 19878.592303145768, 0.007158283826666666, 51539607552.0, 'P2P', 'TP', 'INTRA', 2, 3, 2
'BWD_TP_COMM_INTRA_1', 'Comm', 19878.58514486194, 19878.592303145768, 0.007158283826666666, 51539607552.0, 'P2P', 'TP', 'INTRA', 2, 3, 2
'BWD_MHA', 'Compute', 19878.599461429592, 19904.4762094608, 25.87674803121012, 'NONE', 'NONE', 'NONE', 0
'BWD_TP_COMM_INTRA_0', 'Comm', 19904.4762094608, 19904.48336774463, 0.007158283826666666, 51539607552.0, 'P2P', 'TP', 'INTRA', 2, 3, 2
'BWD_TP_COMM_INTRA_1', 'Comm', 19904.4762094608, 19904.48336774463, 0.007158283826666666, 51539607552.0, 'P2P', 'TP', 'INTRA', 2, 3, 2
'BWD_FFN', 'Compute', 19904.490526028454, 19919.38890828304, 14.898382254584305, 'NONE', 'NONE', 'NONE', 0
'BWD_TP_COMM_INTRA_0', 'Comm', 19919.38890828304, 19919.396066566867, 0.007158283826666666, 51539607552.0, 'P2P', 'TP', 'INTRA', 2, 3, 2
'BWD_TP_COMM_INTRA_1', 'Comm', 19919.38890828304, 19919.396066566867, 0.007158283826666666, 51539607552.0, 'P2P', 'TP', 'INTRA', 2, 3, 2
'BWD_MHA', 'Compute', 19919.403224850692, 19945.2799728819, 25.87674803121012, 'NONE', 'NONE', 'NONE', 0
'BWD_TP_COMM_INTRA_0', 'Comm', 19945.2799728819, 19945.28713116573, 0.007158283826666666, 51539607552.0, 'P2P', 'TP', 'INTRA', 2, 3, 2
'BWD_TP_COMM_INTRA_1', 'Comm', 19945.2799728819, 19945.28713116573, 0.007158283826666666, 51539607552.0, 'P2P', 'TP', 'INTRA', 2, 3, 2
'BWD_FFN', 'Compute', 19945.294289449554, 19960.19267170414, 14.898382254584305, 'NONE', 'NONE', 'NONE', 0
'BWD_TP_COMM_INTRA_0', 'Comm', 19960.19267170414, 19960.199829987967, 0.007158283826666666, 51539607552.0, 'P2P', 'TP', 'INTRA', 2, 3, 2
'BWD_TP_COMM_INTRA_1', 'Comm', 19960.19267170414, 19960.199829987967, 0.007158283826666666, 51539607552.0, 'P2P', 'TP', 'INTRA', 2, 3, 2
'BWD_MHA', 'Compute', 19960.20698827179, 19986.083736303, 25.87674803121012, 'NONE', 'NONE', 'NONE', 0
'BWD_TP_COMM_INTRA_0', 'Comm', 19986.083736303, 19986.09089458683, 0.007158283826666666, 51539607552.0, 'P2P', 'TP', 'INTRA', 2, 3, 2
'BWD_TP_COMM_INTRA_1', 'Comm', 19986.083736303, 19986.09089458683, 0.007158283826666666, 51539607552.0, 'P2P', 'TP', 'INTRA', 2, 3, 2
'BWD_FFN', 'Compute', 19986.098052870653, 20000.99643512524, 14.898382254584305, 'NONE', 'NONE', 'NONE', 0
'BWD_TP_COMM_INTRA_0', 'Comm', 20000.99643512524, 20001.003593409067, 0.007158283826666666, 51539607552.0, 'P2P', 'TP', 'INTRA', 2, 3, 2
'BWD_TP_COMM_INTRA_1', 'Comm', 20000.99643512524, 20001.003593409067, 0.007158283826666666, 51539607552.0, 'P2P', 'TP', 'INTRA', 2, 3, 2
'BWD_MHA', 'Compute', 20001.01075169289, 20026.8874997241, 25.87674803121012, 'NONE', 'NONE', 'NONE', 0
'BWD_TP_COMM_INTRA_0', 'Comm', 20026.8874997241, 20026.89465800793, 0.007158283826666666, 51539607552.0, 'P2P', 'TP', 'INTRA', 2, 3, 2
'BWD_TP_COMM_INTRA_1', 'Comm', 20026.8874997241, 20026.89465800793, 0.007158283826666666, 51539607552.0, 'P2P', 'TP', 'INTRA', 2, 3, 2
'BWD_FFN', 'Compute', 20026.901816291753, 20041.800198546338, 14.898382254584305, 'NONE', 'NONE', 'NONE', 0
'BWD_TP_COMM_INTRA_0', 'Comm', 20041.800198546338, 20041.807356830166, 0.007158283826666666, 51539607552.0, 'P2P', 'TP', 'INTRA', 2, 3, 2
'BWD_TP_COMM_INTRA_1', 'Comm', 20041.800198546338, 20041.807356830166, 0.007158283826666666, 51539607552.0, 'P2P', 'TP', 'INTRA', 2, 3, 2
'BWD_MHA', 'Compute', 20041.81451511399, 20067.6912631452, 25.87674803121012, 'NONE', 'NONE', 'NONE', 0
'BWD_TP_COMM_INTRA_0', 'Comm', 20067.6912631452, 20067.698421429028, 0.007158283826666666, 51539607552.0, 'P2P', 'TP', 'INTRA', 2, 3, 2
'BWD_TP_COMM_INTRA_1', 'Comm', 20067.6912631452, 20067.698421429028, 0.007158283826666666, 51539607552.0, 'P2P', 'TP', 'INTRA', 2, 3, 2
'BWD_FFN', 'Compute', 20067.705579712852, 20082.603961967437, 14.898382254584305, 'NONE', 'NONE', 'NONE', 0
'BWD_TP_COMM_INTRA_0', 'Comm', 20082.603961967437, 20082.611120251266, 0.007158283826666666, 51539607552.0, 'P2P', 'TP', 'INTRA', 2, 3, 2
'BWD_TP_COMM_INTRA_1', 'Comm', 20082.603961967437, 20082.611120251266, 0.007158283826666666, 51539607552.0, 'P2P', 'TP', 'INTRA', 2, 3, 2
'BWD_MHA', 'Compute', 20082.61827853509, 20108.4950265663, 25.87674803121012, 'NONE', 'NONE', 'NONE', 0
'BWD_TP_COMM_INTRA_0', 'Comm', 20108.4950265663, 20108.502184850127, 0.007158283826666666, 51539607552.0, 'P2P', 'TP', 'INTRA', 2, 3, 2
'BWD_TP_COMM_INTRA_1', 'Comm', 20108.4950265663, 20108.502184850127, 0.007158283826666666, 51539607552.0, 'P2P', 'TP', 'INTRA', 2, 3, 2
'BWD_FFN', 'Compute', 20108.509343133952, 20123.407725388537, 14.898382254584305, 'NONE', 'NONE', 'NONE', 0
'BWD_TP_COMM_INTRA_0', 'Comm', 20123.407725388537, 20123.414883672365, 0.007158283826666666, 51539607552.0, 'P2P', 'TP', 'INTRA', 2, 3, 2
'BWD_TP_COMM_INTRA_1', 'Comm', 20123.407725388537, 20123.414883672365, 0.007158283826666666, 51539607552.0, 'P2P', 'TP', 'INTRA', 2, 3, 2
'BWD_MHA', 'Compute', 20123.42204195619, 20149.2987899874, 25.87674803121012, 'NONE', 'NONE', 'NONE', 0
'BWD_TP_COMM_INTRA_0', 'Comm', 20149.2987899874, 20149.305948271227, 0.007158283826666666, 51539607552.0, 'P2P', 'TP', 'INTRA', 2, 3, 2
'BWD_TP_COMM_INTRA_1', 'Comm', 20149.2987899874, 20149.305948271227, 0.007158283826666666, 51539607552.0, 'P2P', 'TP', 'INTRA', 2, 3, 2
'BWD_FFN', 'Compute', 20149.31310655505, 20164.211488809637, 14.898382254584305, 'NONE', 'NONE', 'NONE', 0
'BWD_TP_COMM_INTRA_0', 'Comm', 20164.211488809637, 20164.218647093465, 0.007158283826666666, 51539607552.0, 'P2P', 'TP', 'INTRA', 2, 3, 2
'BWD_TP_COMM_INTRA_1', 'Comm', 20164.211488809637, 20164.218647093465, 0.007158283826666666, 51539607552.0, 'P2P', 'TP', 'INTRA', 2, 3, 2
'BWD_MHA', 'Compute', 20164.22580537729, 20190.1025534085, 25.87674803121012, 'NONE', 'NONE', 'NONE', 0
'BWD_TP_COMM_INTRA_0', 'Comm', 20190.1025534085, 20190.109711692327, 0.007158283826666666, 51539607552.0, 'P2P', 'TP', 'INTRA', 2, 3, 2
'BWD_TP_COMM_INTRA_1', 'Comm', 20190.1025534085, 20190.109711692327, 0.007158283826666666, 51539607552.0, 'P2P', 'TP', 'INTRA', 2, 3, 2
'BWD_FFN', 'Compute', 20190.11686997615, 20205.015252230736, 14.898382254584305, 'NONE', 'NONE', 'NONE', 0
'BWD_TP_COMM_INTRA_0', 'Comm', 20205.015252230736, 20205.022410514564, 0.007158283826666666, 51539607552.0, 'P2P', 'TP', 'INTRA', 2, 3, 2
'BWD_TP_COMM_INTRA_1', 'Comm', 20205.015252230736, 20205.022410514564, 0.007158283826666666, 51539607552.0, 'P2P', 'TP', 'INTRA', 2, 3, 2
'BWD_MHA', 'Compute', 20205.02956879839, 20230.906316829598, 25.87674803121012, 'NONE', 'NONE', 'NONE', 0
'BWD_TP_COMM_INTRA_0', 'Comm', 20230.906316829598, 20230.913475113426, 0.007158283826666666, 51539607552.0, 'P2P', 'TP', 'INTRA', 2, 3, 2
'BWD_TP_COMM_INTRA_1', 'Comm', 20230.906316829598, 20230.913475113426, 0.007158283826666666, 51539607552.0, 'P2P', 'TP', 'INTRA', 2, 3, 2
'BWD_FFN', 'Compute', 20230.92063339725, 20245.819015651836, 14.898382254584305, 'NONE', 'NONE', 'NONE', 0
'BWD_TP_COMM_INTRA_0', 'Comm', 20245.819015651836, 20245.826173935664, 0.007158283826666666, 51539607552.0, 'P2P', 'TP', 'INTRA', 2, 3, 2
'BWD_TP_COMM_INTRA_1', 'Comm', 20245.819015651836, 20245.826173935664, 0.007158283826666666, 51539607552.0, 'P2P', 'TP', 'INTRA', 2, 3, 2
'BWD_MHA', 'Compute', 20245.83333221949, 20271.710080250698, 25.87674803121012, 'NONE', 'NONE', 'NONE', 0
'BWD_TP_COMM_INTRA_0', 'Comm', 20271.710080250698, 20271.717238534526, 0.007158283826666666, 51539607552.0, 'P2P', 'TP', 'INTRA', 2, 3, 2
'BWD_TP_COMM_INTRA_1', 'Comm', 20271.710080250698, 20271.717238534526, 0.007158283826666666, 51539607552.0, 'P2P', 'TP', 'INTRA', 2, 3, 2
'BWD_FFN', 'Compute', 20271.72439681835, 20286.622779072935, 14.898382254584305, 'NONE', 'NONE', 'NONE', 0
'BWD_TP_COMM_INTRA_0', 'Comm', 20286.622779072935, 20286.629937356764, 0.007158283826666666, 51539607552.0, 'P2P', 'TP', 'INTRA', 2, 3, 2
'BWD_TP_COMM_INTRA_1', 'Comm', 20286.622779072935, 20286.629937356764, 0.007158283826666666, 51539607552.0, 'P2P', 'TP', 'INTRA', 2, 3, 2

'BWD_MHA', 'Compute', 20286.637095640588, 20312.513843671797, 25.87674803121012, 'NONE', 'NONE', 'NONE', 0
'BWD_TP_COMM_INTRA_0', 'Comm', 20312.513843671797, 20312.521001955625, 0.007158283826666666, 51539607552.0, 'P2P', 'TP', 'INTRA', 2, 3, 2
'BWD_TP_COMM_INTRA_1', 'Comm', 20312.513843671797, 20312.521001955625, 0.007158283826666666, 51539607552.0, 'P2P', 'TP', 'INTRA', 2, 3, 2
'BWD_FFN', 'Compute', 20312.52816023945, 20327.426542494035, 14.898382254584305, 'NONE', 'NONE', 'NONE', 0
'BWD_TP_COMM_INTRA_0', 'Comm', 20327.426542494035, 20327.433700777863, 0.007158283826666666, 51539607552.0, 'P2P', 'TP', 'INTRA', 2, 3, 2
'BWD_TP_COMM_INTRA_1', 'Comm', 20327.426542494035, 20327.433700777863, 0.007158283826666666, 51539607552.0, 'P2P', 'TP', 'INTRA', 2, 3, 2
'BWD_MHA', 'Compute', 20327.440859061688, 20353.317607092897, 25.87674803121012, 'NONE', 'NONE', 'NONE', 0
'BWD_TP_COMM_INTRA_0', 'Comm', 20353.317607092897, 20353.324765376725, 0.007158283826666666, 51539607552.0, 'P2P', 'TP', 'INTRA', 2, 3, 2
'BWD_TP_COMM_INTRA_1', 'Comm', 20353.317607092897, 20353.324765376725, 0.007158283826666666, 51539607552.0, 'P2P', 'TP', 'INTRA', 2, 3, 2
'BWD_FFN', 'Compute', 20353.33192366055, 20368.230305915135, 14.898382254584305, 'NONE', 'NONE', 'NONE', 0
'BWD_TP_COMM_INTRA_0', 'Comm', 20368.230305915135, 20368.237464198963, 0.007158283826666666, 51539607552.0, 'P2P', 'TP', 'INTRA', 2, 3, 2
'BWD_TP_COMM_INTRA_1', 'Comm', 20368.230305915135, 20368.237464198963, 0.007158283826666666, 51539607552.0, 'P2P', 'TP', 'INTRA', 2, 3, 2
'BWD_MHA', 'Compute', 20368.244622482787, 20394.121370513996, 25.87674803121012, 'NONE', 'NONE', 'NONE', 0
'BWD_TP_COMM_INTRA_0', 'Comm', 20394.121370513996, 20394.128528797824, 0.007158283826666666, 51539607552.0, 'P2P', 'TP', 'INTRA', 2, 3, 2
'BWD_TP_COMM_INTRA_1', 'Comm', 20394.121370513996, 20394.128528797824, 0.007158283826666666, 51539607552.0, 'P2P', 'TP', 'INTRA', 2, 3, 2
'BWD_FFN', 'Compute', 20394.13568708165, 20409.034069336234, 14.898382254584305, 'NONE', 'NONE', 'NONE', 0
'BWD_TP_COMM_INTRA_0', 'Comm', 20409.034069336234, 20409.041227620062, 0.007158283826666666, 51539607552.0, 'P2P', 'TP', 'INTRA', 2, 3, 2
'BWD_TP_COMM_INTRA_1', 'Comm', 20409.034069336234, 20409.041227620062, 0.007158283826666666, 51539607552.0, 'P2P', 'TP', 'INTRA', 2, 3, 2
'BWD_MHA', 'Compute', 20409.048385903887, 20434.925133935096, 25.87674803121012, 'NONE', 'NONE', 'NONE', 0
'BWD_TP_COMM_INTRA_0', 'Comm', 20434.925133935096, 20434.932292218924, 0.007158283826666666, 51539607552.0, 'P2P', 'TP', 'INTRA', 2, 3, 2
'BWD_TP_COMM_INTRA_1', 'Comm', 20434.925133935096, 20434.932292218924, 0.007158283826666666, 51539607552.0, 'P2P', 'TP', 'INTRA', 2, 3, 2
'BWD_FFN', 'Compute', 20434.93945050275, 20449.837832757334, 14.898382254584305, 'NONE', 'NONE', 'NONE', 0
'BWD_TP_COMM_INTRA_0', 'Comm', 20449.837832757334, 20449.844991041162, 0.007158283826666666, 51539607552.0, 'P2P', 'TP', 'INTRA', 2, 3, 2
'BWD_TP_COMM_INTRA_1', 'Comm', 20449.837832757334, 20449.844991041162, 0.007158283826666666, 51539607552.0, 'P2P', 'TP', 'INTRA', 2, 3, 2
'BWD_MHA', 'Compute', 20449.852149324986, 20475.728897356195, 25.87674803121012, 'NONE', 'NONE', 'NONE', 0
'BWD_TP_COMM_INTRA_0', 'Comm', 20475.728897356195, 20475.736055640024, 0.007158283826666666, 51539607552.0, 'P2P', 'TP', 'INTRA', 2, 3, 2
'BWD_TP_COMM_INTRA_1', 'Comm', 20475.728897356195, 20475.736055640024, 0.007158283826666666, 51539607552.0, 'P2P', 'TP', 'INTRA', 2, 3, 2
'BWD_FFN', 'Compute', 20475.743213923848, 20490.641596178433, 14.898382254584305, 'NONE', 'NONE', 'NONE', 0
'BWD_TP_COMM_INTRA_0', 'Comm', 20490.641596178433, 20490.64875446226, 0.007158283826666666, 51539607552.0, 'P2P', 'TP', 'INTRA', 2, 3, 2
'BWD_TP_COMM_INTRA_1', 'Comm', 20490.641596178433, 20490.64875446226, 0.007158283826666666, 51539607552.0, 'P2P', 'TP', 'INTRA', 2, 3, 2
'BWD_MHA', 'Compute', 20490.655912746086, 20516.532660777295, 25.87674803121012, 'NONE', 'NONE', 'NONE', 0
'BWD_TP_COMM_INTRA_0', 'Comm', 20516.532660777295, 20516.539819061123, 0.007158283826666666, 51539607552.0, 'P2P', 'TP', 'INTRA', 2, 3, 2
'BWD_TP_COMM_INTRA_1', 'Comm', 20516.532660777295, 20516.539819061123, 0.007158283826666666, 51539607552.0, 'P2P', 'TP', 'INTRA', 2, 3, 2
'BWD_FFN', 'Compute', 20516.546977344948, 20531.445359599533, 14.898382254584305, 'NONE', 'NONE', 'NONE', 0
'BWD_TP_COMM_INTRA_0', 'Comm', 20531.445359599533, 20531.45251788336, 0.007158283826666666, 51539607552.0, 'P2P', 'TP', 'INTRA', 2, 3, 2
'BWD_TP_COMM_INTRA_1', 'Comm', 20531.445359599533, 20531.45251788336, 0.007158283826666666, 51539607552.0, 'P2P', 'TP', 'INTRA', 2, 3, 2
'BWD_MHA', 'Compute', 20531.459676167186, 20557.336424198395, 25.87674803121012, 'NONE', 'NONE', 'NONE', 0
'BWD_TP_COMM_INTRA_0', 'Comm', 20557.336424198395, 20557.343582482223, 0.007158283826666666, 51539607552.0, 'P2P', 'TP', 'INTRA', 2, 3, 2
'BWD_TP_COMM_INTRA_1', 'Comm', 20557.336424198395, 20557.343582482223, 0.007158283826666666, 51539607552.0, 'P2P', 'TP', 'INTRA', 2, 3, 2
'BWD_FFN', 'Compute', 20557.350740766047, 20572.249123020632, 14.898382254584305, 'NONE', 'NONE', 'NONE', 0
'BWD_TP_COMM_INTRA_0', 'Comm', 20572.249123020632, 20572.25628130446, 0.007158283826666666, 51539607552.0, 'P2P', 'TP', 'INTRA', 2, 3, 2
'BWD_TP_COMM_INTRA_1', 'Comm', 20572.249123020632, 20572.25628130446, 0.007158283826666666, 51539607552.0, 'P2P', 'TP', 'INTRA', 2, 3, 2
'BWD_MHA', 'Compute', 20572.263439588285, 20598.140187619494, 25.87674803121012, 'NONE', 'NONE', 'NONE', 0
'BWD_TP_COMM_INTRA_0', 'Comm', 20598.140187619494, 20598.147345903322, 0.007158283826666666, 51539607552.0, 'P2P', 'TP', 'INTRA', 2, 3, 2
'BWD_TP_COMM_INTRA_1', 'Comm', 20598.140187619494, 20598.147345903322, 0.007158283826666666, 51539607552.0, 'P2P', 'TP', 'INTRA', 2, 3, 2
'BWD_FFN', 'Compute', 20598.154504187147, 20613.052886441732, 14.898382254584305, 'NONE', 'NONE', 'NONE', 0
'BWD_TP_COMM_INTRA_0', 'Comm', 20613.052886441732, 20613.06004472556, 0.007158283826666666, 51539607552.0, 'P2P', 'TP', 'INTRA', 2, 3, 2
'BWD_TP_COMM_INTRA_1', 'Comm', 20613.052886441732, 20613.06004472556, 0.007158283826666666, 51539607552.0, 'P2P', 'TP', 'INTRA', 2, 3, 2
'BWD_MHA', 'Compute', 20613.067203009385, 20638.943951040594, 25.87674803121012, 'NONE', 'NONE', 'NONE', 0
'BWD_TP_COMM_INTRA_0', 'Comm', 20638.943951040594, 20638.951109324422, 0.007158283826666666, 51539607552.0, 'P2P', 'TP', 'INTRA', 2, 3, 2
'BWD_TP_COMM_INTRA_1', 'Comm', 20638.943951040594, 20638.951109324422, 0.007158283826666666, 51539607552.0, 'P2P', 'TP', 'INTRA', 2, 3, 2
'BWD_FFN', 'Compute', 20638.958267608246, 20653.85664986283, 14.898382254584305, 'NONE', 'NONE', 'NONE', 0
'BWD_TP_COMM_INTRA_0', 'Comm', 20653.85664986283, 20653.86380814666, 0.007158283826666666, 51539607552.0, 'P2P', 'TP', 'INTRA', 2, 3, 2
'BWD_TP_COMM_INTRA_1', 'Comm', 20653.85664986283, 20653.86380814666, 0.007158283826666666, 51539607552.0, 'P2P', 'TP', 'INTRA', 2, 3, 2
'BWD_MHA', 'Compute', 20653.870966430484, 20679.747714461693, 25.87674803121012, 'NONE', 'NONE', 'NONE', 0
'BWD_TP_COMM_INTRA_0', 'Comm', 20679.747714461693, 20679.75487274552, 0.007158283826666666, 51539607552.0, 'P2P', 'TP', 'INTRA', 2, 3, 2
'BWD_TP_COMM_INTRA_1', 'Comm', 20679.747714461693, 20679.75487274552, 0.007158283826666666, 51539607552.0, 'P2P', 'TP', 'INTRA', 2, 3, 2
'BWD_FFN', 'Compute', 20679.762031029346, 20694.66041328393, 14.898382254584305, 'NONE', 'NONE', 'NONE', 0
'BWD_TP_COMM_INTRA_0', 'Comm', 20694.66041328393, 20694.66757156776, 0.007158283826666666, 51539607552.0, 'P2P', 'TP', 'INTRA', 2, 3, 2
'BWD_TP_COMM_INTRA_1', 'Comm', 20694.66041328393, 20694.66757156776, 0.007158283826666666, 51539607552.0, 'P2P', 'TP', 'INTRA', 2, 3, 2
'BWD_MHA', 'Compute', 20694.674729851584, 20720.551477882793, 25.87674803121012, 'NONE', 'NONE', 'NONE', 0
'BWD_TP_COMM_INTRA_0', 'Comm', 20720.551477882793, 20720.55863616662, 0.007158283826666666, 51539607552.0, 'P2P', 'TP', 'INTRA', 2, 3, 2
'BWD_TP_COMM_INTRA_1', 'Comm', 20720.551477882793, 20720.55863616662, 0.007158283826666666, 51539607552.0, 'P2P', 'TP', 'INTRA', 2, 3, 2
'BWD_FFN', 'Compute', 20720.565794450446, 20735.46417670503, 14.898382254584305, 'NONE', 'NONE', 'NONE', 0
'BWD_TP_COMM_INTRA_0', 'Comm', 20735.46417670503, 20735.47133498886, 0.007158283826666666, 51539607552.0, 'P2P', 'TP', 'INTRA', 2, 3, 2
'BWD_TP_COMM_INTRA_1', 'Comm', 20735.46417670503, 20735.47133498886, 0.007158283826666666, 51539607552.0, 'P2P', 'TP', 'INTRA', 2, 3, 2
'BWD_MHA', 'Compute', 20735.478493272683, 20761.355241303892, 25.87674803121012, 'NONE', 'NONE', 'NONE', 0
'BWD_TP_COMM_INTRA_0', 'Comm', 20761.355241303892, 20761.36239958772, 0.007158283826666666, 51539607552.0, 'P2P', 'TP', 'INTRA', 2, 3, 2
'BWD_TP_COMM_INTRA_1', 'Comm', 20761.355241303892, 20761.36239958772, 0.007158283826666666, 51539607552.0, 'P2P', 'TP', 'INTRA', 2, 3, 2
'BWD_FFN', 'Compute', 20761.369557871545, 20776.26794012613, 14.898382254584305, 'NONE', 'NONE', 'NONE', 0
'BWD_TP_COMM_INTRA_0', 'Comm', 20776.26794012613, 20776.27509840996, 0.007158283826666666, 51539607552.0, 'P2P', 'TP', 'INTRA', 2, 3, 2
'BWD_TP_COMM_INTRA_1', 'Comm', 20776.26794012613, 20776.27509840996, 0.007158283826666666, 51539607552.0, 'P2P', 'TP', 'INTRA', 2, 3, 2
'BWD_MHA', 'Compute', 20776.282256693783, 20802.159004724992, 25.87674803121012, 'NONE', 'NONE', 'NONE', 0
'BWD_TP_COMM_INTRA_0', 'Comm', 20802.159004724992, 20802.16616300882, 0.007158283826666666, 51539607552.0, 'P2P', 'TP', 'INTRA', 2, 3, 2
'BWD_TP_COMM_INTRA_1', 'Comm', 20802.159004724992, 20802.16616300882, 0.007158283826666666, 51539607552.0, 'P2P', 'TP', 'INTRA', 2, 3, 2
'BWD_FFN', 'Compute', 20802.173321292645, 20817.07170354723, 14.898382254584305, 'NONE', 'NONE', 'NONE', 0
'BWD_TP_COMM_INTRA_0', 'Comm', 20817.07170354723, 20817.078861831058, 0.007158283826666666, 51539607552.0, 'P2P', 'TP', 'INTRA', 2, 3, 2
'BWD_TP_COMM_INTRA_1', 'Comm', 20817.07170354723, 20817.078861831058, 0.007158283826666666, 51539607552.0, 'P2P', 'TP', 'INTRA', 2, 3, 2
'BWD_MHA', 'Compute', 20817.086020114883, 20842.96276814609, 25.87674803121012, 'NONE', 'NONE', 'NONE', 0
'BWD_TP_COMM_INTRA_0', 'Comm', 20842.96276814609, 20842.96992642992, 0.007158283826666666, 51539607552.0, 'P2P', 'TP', 'INTRA', 2, 3, 2
'BWD_TP_COMM_INTRA_1', 'Comm', 20842.96276814609, 20842.96992642992, 0.007158283826666666, 51539607552.0, 'P2P', 'TP', 'INTRA', 2, 3, 2
'BWD_FFN', 'Compute', 20842.977084713744, 20857.87546696833, 14.898382254584305, 'NONE', 'NONE', 'NONE', 0
'BWD_TP_COMM_INTRA_0', 'Comm', 20857.87546696833, 20857.882625252158, 0.007158283826666666, 51539607552.0, 'P2P', 'TP', 'INTRA', 2, 3, 2
'BWD_TP_COMM_INTRA_1', 'Comm', 20857.87546696833, 20857.882625252158, 0.007158283826666666, 51539607552.0, 'P2P', 'TP', 'INTRA', 2, 3, 2
'BWD_MHA', 'Compute', 20857.889783535982, 20883.76653156719, 25.87674803121012, 'NONE', 'NONE', 'NONE', 0
'BWD_TP_COMM_INTRA_0', 'Comm', 20883.76653156719, 20883.77368985102, 0.007158283826666666, 51539607552.0, 'P2P', 'TP', 'INTRA', 2, 3, 2
'BWD_TP_COMM_INTRA_1', 'Comm', 20883.76653156719, 20883.77368985102, 0.007158283826666666, 51539607552.0, 'P2P', 'TP', 'INTRA', 2, 3, 2
'BWD_FFN', 'Compute', 20883.780848134844, 20898.67923038943, 14.898382254584305, 'NONE', 'NONE', 'NONE', 0
'BWD_TP_COMM_INTRA_0', 'Comm', 20898.67923038943, 20898.686388673257, 0.007158283826666666, 51539607552.0, 'P2P', 'TP', 'INTRA', 2, 3, 2
'BWD_TP_COMM_INTRA_1', 'Comm', 20898.67923038943, 20898.686388673257, 0.007158283826666666, 51539607552.0, 'P2P', 'TP', 'INTRA', 2, 3, 2
'BWD_MHA', 'Compute', 20898.69354695708, 20924.57029498829, 25.87674803121012, 'NONE', 'NONE', 'NONE', 0
'BWD_TP_COMM_INTRA_0', 'Comm', 20924.57029498829, 20924.57745327212, 0.007158283826666666, 51539607552.0, 'P2P', 'TP', 'INTRA', 2, 3, 2
'BWD_TP_COMM_INTRA_1', 'Comm', 20924.57029498829, 20924.57745327212, 0.007158283826666666, 51539607552.0, 'P2P', 'TP', 'INTRA', 2, 3, 2
'BWD_FFN', 'Compute', 20924.584611555943, 20939.48299381053, 14.898382254584305, 'NONE', 'NONE', 'NONE', 0
'BWD_TP_COMM_INTRA_0', 'Comm', 20939.48299381053, 20939.490152094357, 0.007158283826666666, 51539607552.0, 'P2P', 'TP', 'INTRA', 2, 3, 2
'BWD_TP_COMM_INTRA_1', 'Comm', 20939.48299381053, 20939.490152094357, 0.007158283826666666, 51539607552.0, 'P2P', 'TP', 'INTRA', 2, 3, 2
'BWD_MHA', 'Compute', 20939.49731037818, 20965.37405840939, 25.87674803121012, 'NONE', 'NONE', 'NONE', 0
'BWD_TP_COMM_INTRA_0', 'Comm', 20965.37405840939, 20965.38121669322, 0.007158283826666666, 51539607552.0, 'P2P', 'TP', 'INTRA', 2, 3, 2
'BWD_TP_COMM_INTRA_1', 'Comm', 20965.37405840939, 20965.38121669322, 0.007158283826666666, 51539607552.0, 'P2P', 'TP', 'INTRA', 2, 3, 2
'BWD_FFN', 'Compute', 20965.388374977043, 20980.286757231628, 14.898382254584305, 'NONE', 'NONE', 'NONE', 0
'BWD_TP_COMM_INTRA_0', 'Comm', 20980.286757231628, 20980.293915515456, 0.007158283826666666, 51539607552.0, 'P2P', 'TP', 'INTRA', 2, 3, 2
'BWD_TP_COMM_INTRA_1', 'Comm', 20980.286757231628, 20980.293915515456, 0.007158283826666666, 51539607552.0, 'P2P', 'TP', 'INTRA', 2, 3, 2
'BWD_MHA', 'Compute', 20980.30107379928, 21006.17782183049, 25.87674803121012, 'NONE', 'NONE', 'NONE', 0
'BWD_TP_COMM_INTRA_0', 'Comm', 21006.17782183049, 21006.184980114318, 0.007158283826666666, 51539607552.0, 'P2P', 'TP', 'INTRA', 2, 3, 2
'BWD_TP_COMM_INTRA_1', 'Comm', 21006.17782183049, 21006.184980114318, 0.007158283826666666, 51539607552.0, 'P2P', 'TP', 'INTRA', 2, 3, 2
'BWD_FFN', 'Compute', 21006.192138398143, 21021.090520652728, 14.898382254584305, 'NONE', 'NONE', 'NONE', 0
'BWD_TP_COMM_INTRA_0', 'Comm', 21021.090520652728, 21021.097678936556, 0.007158283826666666, 51539607552.0, 'P2P', 'TP', 'INTRA', 2, 3, 2
'BWD_TP_COMM_INTRA_1', 'Comm', 21021.090520652728, 21021.097678936556, 0.007158283826666666, 51539607552.0, 'P2P', 'TP', 'INTRA', 2, 3, 2
'BWD_MHA', 'Compute', 21021.10483722038, 21046.98158525159, 25.87674803121012, 'NONE', 'NONE', 'NONE', 0
'BWD_TP_COMM_INTRA_0', 'Comm', 21046.98158525159, 21046.988743535418, 0.007158283826666666, 51539607552.0, 'P2P', 'TP', 'INTRA', 2, 3, 2
'BWD_TP_COMM_INTRA_1', 'Comm', 21046.98158525159, 21046.988743535418, 0.007158283826666666, 51539607552.0, 'P2P', 'TP', 'INTRA', 2, 3, 2
'BWD_FFN', 'Compute', 21046.995901819242, 21061.894284073827, 14.898382254584305, 'NONE', 'NONE', 'NONE', 0
'BWD_TP_COMM_INTRA_0', 'Comm', 21061.894284073827, 21061.901442357655, 0.007158283826666666, 51539607552.0, 'P2P', 'TP', 'INTRA', 2, 3, 2
'BWD_TP_COMM_INTRA_1', 'Comm', 21061.894284073827, 21061.901442357655, 0.007158283826666666, 51539607552.0, 'P2P', 'TP', 'INTRA', 2, 3, 2
'BWD_MHA', 'Compute', 21061.90860064148, 21087.78534867269, 25.87674803121012, 'NONE', 'NONE', 'NONE', 0
'BWD_TP_COMM_INTRA_0', 'Comm', 21087.78534867269, 21087.792506956517, 0.007158283826666666, 51539607552.0, 'P2P', 'TP', 'INTRA', 2, 3, 2
'BWD_TP_COMM_INTRA_1', 'Comm', 21087.78534867269, 21087.792506956517, 0.007158283826666666, 51539607552.0, 'P2P', 'TP', 'INTRA', 2, 3, 2
'BWD_FFN', 'Compute', 21087.79966524034, 21102.698047494927, 14.898382254584305, 'NONE', 'NONE', 'NONE', 0
'BWD_TP_COMM_INTRA_0', 'Comm', 21102.698047494927, 21102.705205778755, 0.007158283826666666, 51539607552.0, 'P2P', 'TP', 'INTRA', 2, 3, 2
'BWD_TP_COMM_INTRA_1', 'Comm', 21102.698047494927, 21102.705205778755, 0.007158283826666666, 51539607552.0, 'P2P', 'TP', 'INTRA', 2, 3, 2
'BWD_MHA', 'Compute', 21102.71236406258, 21128.58911209379, 25.87674803121012, 'NONE', 'NONE', 'NONE', 0
'BWD_TP_COMM_INTRA_0', 'Comm', 21128.58911209379, 21128.596270377617, 0.007158283826666666, 51539607552.0, 'P2P', 'TP', 'INTRA', 2, 3, 2
'BWD_TP_COMM_INTRA_1', 'Comm', 21128.58911209379, 21128.596270377617, 0.007158283826666666, 51539607552.0, 'P2P', 'TP', 'INTRA', 2, 3, 2
'BWD_FFN', 'Compute', 21128.60342866144, 21143.501810916026, 14.898382254584305, 'NONE', 'NONE', 'NONE', 0
'BWD_TP_COMM_INTRA_0', 'Comm', 21143.501810916026, 21143.508969199855, 0.007158283826666666, 51539607552.0, 'P2P', 'TP', 'INTRA', 2, 3, 2
'BWD_TP_COMM_INTRA_1', 'Comm', 21143.501810916026, 21143.508969199855, 0.007158283826666666, 51539607552.0, 'P2P', 'TP', 'INTRA', 2, 3, 2
'BWD_MHA', 'Compute', 21143.51612748368, 21169.392875514888, 25.87674803121012, 'NONE', 'NONE', 'NONE', 0
'BWD_TP_COMM_INTRA_0', 'Comm', 21169.392875514888, 21169.400033798716, 0.007158283826666666, 51539607552.0, 'P2P', 'TP', 'INTRA', 2, 3, 2
'BWD_TP_COMM_INTRA_1', 'Comm', 21169.392875514888, 21169.400033798716, 0.007158283826666666, 51539607552.0, 'P2P', 'TP', 'INTRA', 2, 3, 2
'BWD_FFN', 'Compute', 21169.40719208254, 21184.305574337126, 14.898382254584305, 'NONE', 'NONE', 'NONE', 0
'BWD_TP_COMM_INTRA_0', 'Comm', 21184.305574337126, 21184.312732620954, 0.007158283826666666, 51539607552.0, 'P2P', 'TP', 'INTRA', 2, 3, 2
'BWD_TP_COMM_INTRA_1', 'Comm', 21184.305574337126, 21184.312732620954, 0.007158283826666666, 51539607552.0, 'P2P', 'TP', 'INTRA', 2, 3, 2
'BWD_MHA', 'Compute', 21184.31989090478, 21210.196638935988, 25.87674803121012, 'NONE', 'NONE', 'NONE', 0
'BWD_TP_COMM_INTRA_0', 'Comm', 21210.196638935988, 21210.203797219816, 0.007158283826666666, 51539607552.0, 'P2P', 'TP', 'INTRA', 2, 3, 2
'BWD_TP_COMM_INTRA_1', 'Comm', 21210.196638935988, 21210.203797219816, 0.007158283826666666, 51539607552.0, 'P2P', 'TP', 'INTRA', 2, 3, 2
'BWD_FFN', 'Compute', 21210.21095550364, 21225.109337758226, 14.898382254584305, 'NONE', 'NONE', 'NONE', 0
'BWD_TP_COMM_INTRA_0', 'Comm', 21225.109337758226, 21225.116496042054, 0.007158283826666666, 51539607552.0, 'P2P', 'TP', 'INTRA', 2, 3, 2
'BWD_TP_COMM_INTRA_1', 'Comm', 21225.109337758226, 21225.116496042054, 0.007158283826666666, 51539607552.0, 'P2P', 'TP', 'INTRA', 2, 3, 2
'BWD_MHA', 'Compute', 21225.12365432588, 21251.000402357087, 25.87674803121012, 'NONE', 'NONE', 'NONE', 0
'BWD_TP_COMM_INTRA_0', 'Comm', 21251.000402357087, 21251.007560640915, 0.007158283826666666, 51539607552.0, 'P2P', 'TP', 'INTRA', 2, 3, 2
'BWD_TP_COMM_INTRA_1', 'Comm', 21251.000402357087, 21251.007560640915, 0.007158283826666666, 51539607552.0, 'P2P', 'TP', 'INTRA', 2, 3, 2
'BWD_FFN', 'Compute', 21251.01471892474, 21265.913101179325, 14.898382254584305, 'NONE', 'NONE', 'NONE', 0
'BWD_TP_COMM_INTRA_0', 'Comm', 21265.913101179325, 21265.920259463153, 0.007158283826666666, 51539607552.0, 'P2P', 'TP', 'INTRA', 2, 3, 2
'BWD_TP_COMM_INTRA_1', 'Comm', 21265.913101179325, 21265.920259463153, 0.007158283826666666, 51539607552.0, 'P2P', 'TP', 'INTRA', 2, 3, 2
'BWD_MHA', 'Compute', 21265.927417746978, 21291.804165778187, 25.87674803121012, 'NONE', 'NONE', 'NONE', 0
'BWD_TP_COMM_INTRA_0', 'Comm', 21291.804165778187, 21291.811324062015, 0.007158283826666666, 51539607552.0, 'P2P', 'TP', 'INTRA', 2, 3, 2
'BWD_TP_COMM_INTRA_1', 'Comm', 21291.804165778187, 21291.811324062015, 0.007158283826666666, 51539607552.0, 'P2P', 'TP', 'INTRA', 2, 3, 2
'BWD_FFN', 'Compute', 21291.81848234584, 21306.716864600425, 14.898382254584305, 'NONE', 'NONE', 'NONE', 0
'BWD_TP_COMM_INTRA_0', 'Comm', 21306.716864600425, 21306.724022884253, 0.007158283826666666, 51539607552.0, 'P2P', 'TP', 'INTRA', 2, 3, 2
'BWD_TP_COMM_INTRA_1', 'Comm', 21306.716864600425, 21306.724022884253, 0.007158283826666666, 51539607552.0, 'P2P', 'TP', 'INTRA', 2, 3, 2
'BWD_MHA', 'Compute', 21306.731181168077, 21332.607929199286, 25.87674803121012, 'NONE', 'NONE', 'NONE', 0
'BWD_TP_COMM_INTRA_0', 'Comm', 21332.607929199286, 21332.615087483115, 0.007158283826666666, 51539607552.0, 'P2P', 'TP', 'INTRA', 2, 3, 2
'BWD_TP_COMM_INTRA_1', 'Comm', 21332.607929199286, 21332.615087483115, 0.007158283826666666, 51539607552.0, 'P2P', 'TP', 'INTRA', 2, 3, 2
'BWD_FFN', 'Compute', 21332.62224576694, 21347.520628021524, 14.898382254584305, 'NONE', 'NONE', 'NONE', 0
'BWD_TP_COMM_INTRA_0', 'Comm', 21347.520628021524, 21347.527786305352, 0.007158283826666666, 51539607552.0, 'P2P', 'TP', 'INTRA', 2, 3, 2
'BWD_TP_COMM_INTRA_1', 'Comm', 21347.520628021524, 21347.527786305352, 0.007158283826666666, 51539607552.0, 'P2P', 'TP', 'INTRA', 2, 3, 2
'BWD_MHA', 'Compute', 21347.534944589177, 21373.411692620386, 25.87674803121012, 'NONE', 'NONE', 'NONE', 0
'BWD_TP_COMM_INTRA_0', 'Comm', 21373.411692620386, 21373.418850904214, 0.007158283826666666, 51539607552.0, 'P2P', 'TP', 'INTRA', 2, 3, 2
'BWD_TP_COMM_INTRA_1', 'Comm', 21373.411692620386, 21373.418850904214, 0.007158283826666666, 51539607552.0, 'P2P', 'TP', 'INTRA', 2, 3, 2
'BWD_FFN', 'Compute', 21373.42600918804, 21388.324391442624, 14.898382254584305, 'NONE', 'NONE', 'NONE', 0
'BWD_TP_COMM_INTRA_0', 'Comm', 21388.324391442624, 21388.331549726452, 0.007158283826666666, 51539607552.0, 'P2P', 'TP', 'INTRA', 2, 3, 2
'BWD_TP_COMM_INTRA_1', 'Comm', 21388.324391442624, 21388.331549726452, 0.007158283826666666, 51539607552.0, 'P2P', 'TP', 'INTRA', 2, 3, 2
'BWD_MHA', 'Compute', 21388.338708010277, 21414.215456041486, 25.87674803121012, 'NONE', 'NONE', 'NONE', 0
'BWD_TP_COMM_INTRA_0', 'Comm', 21414.215456041486, 21414.222614325314, 0.007158283826666666, 51539607552.0, 'P2P', 'TP', 'INTRA', 2, 3, 2
'BWD_TP_COMM_INTRA_1', 'Comm', 21414.215456041486, 21414.222614325314, 0.007158283826666666, 51539607552.0, 'P2P', 'TP', 'INTRA', 2, 3, 2
'BWD_FFN', 'Compute', 21414.22977260914, 21429.128154863723, 14.898382254584305, 'NONE', 'NONE', 'NONE', 0
'BWD_TP_COMM_INTRA_0', 'Comm', 21429.128154863723, 21429.13531314755, 0.007158283826666666, 51539607552.0, 'P2P', 'TP', 'INTRA', 2, 3, 2
'BWD_TP_COMM_INTRA_1', 'Comm', 21429.128154863723, 21429.13531314755, 0.007158283826666666, 51539607552.0, 'P2P', 'TP', 'INTRA', 2, 3, 2
'BWD_MHA', 'Compute', 21429.142471431376, 21455.019219462585, 25.87674803121012, 'NONE', 'NONE', 'NONE', 0
'BWD_TP_COMM_INTRA_0', 'Comm', 21455.019219462585, 21455.026377746413, 0.007158283826666666, 51539607552.0, 'P2P', 'TP', 'INTRA', 2, 3, 2
'BWD_TP_COMM_INTRA_1', 'Comm', 21455.019219462585, 21455.026377746413, 0.007158283826666666, 51539607552.0, 'P2P', 'TP', 'INTRA', 2, 3, 2
'BWD_FFN', 'Compute', 21455.033536030238, 21469.931918284823, 14.898382254584305, 'NONE', 'NONE', 'NONE', 0
'BWD_TP_COMM_INTRA_0', 'Comm', 21469.931918284823, 21469.93907656865, 0.007158283826666666, 51539607552.0, 'P2P', 'TP', 'INTRA', 2, 3, 2
'BWD_TP_COMM_INTRA_1', 'Comm', 21469.931918284823, 21469.93907656865, 0.007158283826666666, 51539607552.0, 'P2P', 'TP', 'INTRA', 2, 3, 2
'BWD_MHA', 'Compute', 21469.946234852476, 21495.822982883685, 25.87674803121012, 'NONE', 'NONE', 'NONE', 0
'BWD_TP_COMM_INTRA_0', 'Comm', 21495.822982883685, 21495.830141167513, 0.007158283826666666, 51539607552.0, 'P2P', 'TP', 'INTRA', 2, 3, 2
'BWD_TP_COMM_INTRA_1', 'Comm', 21495.822982883685, 21495.830141167513, 0.007158283826666666, 51539607552.0, 'P2P', 'TP', 'INTRA', 2, 3, 2
'BWD_FFN', 'Compute', 21495.837299451337, 21510.735681705923, 14.898382254584305, 'NONE', 'NONE', 'NONE', 0
'BWD_TP_COMM_INTRA_0', 'Comm', 21510.735681705923, 21510.74283998975, 0.007158283826666666, 51539607552.0, 'P2P', 'TP', 'INTRA', 2, 3, 2
'BWD_TP_COMM_INTRA_1', 'Comm', 21510.735681705923, 21510.74283998975, 0.007158283826666666, 51539607552.0, 'P2P', 'TP', 'INTRA', 2, 3, 2
'BWD_MHA', 'Compute', 21510.749998273575, 21536.626746304784, 25.87674803121012, 'NONE', 'NONE', 'NONE', 0
'BWD_TP_COMM_INTRA_0', 'Comm', 21536.626746304784, 21536.633904588612, 0.007158283826666666, 51539607552.0, 'P2P', 'TP', 'INTRA', 2, 3, 2
'BWD_TP_COMM_INTRA_1', 'Comm', 21536.626746304784, 21536.633904588612, 0.007158283826666666, 51539607552.0, 'P2P', 'TP', 'INTRA', 2, 3, 2
'BWD_FFN', 'Compute', 21536.641062872437, 21551.539445127022, 14.898382254584305, 'NONE', 'NONE', 'NONE', 0
'BWD_TP_COMM_INTRA_0', 'Comm', 21551.539445127022, 21551.54660341085, 0.007158283826666666, 51539607552.0, 'P2P', 'TP', 'INTRA', 2, 3, 2
'BWD_TP_COMM_INTRA_1', 'Comm', 21551.539445127022, 21551.54660341085, 0.007158283826666666, 51539607552.0, 'P2P', 'TP', 'INTRA', 2, 3, 2
'BWD_MHA', 'Compute', 21551.553761694675, 21577.430509725884, 25.87674803121012, 'NONE', 'NONE', 'NONE', 0
'BWD_TP_COMM_INTRA_0', 'Comm', 21577.430509725884, 21577.437668009712, 0.007158283826666666, 51539607552.0, 'P2P', 'TP', 'INTRA', 2, 3, 2
'BWD_TP_COMM_INTRA_1', 'Comm', 21577.430509725884, 21577.437668009712, 0.007158283826666666, 51539607552.0, 'P2P', 'TP', 'INTRA', 2, 3, 2
'BWD_FFN', 'Compute', 21577.444826293537, 21592.34320854812, 14.898382254584305, 'NONE', 'NONE', 'NONE', 0
'BWD_TP_COMM_INTRA_0', 'Comm', 21592.34320854812, 21592.35036683195, 0.007158283826666666, 51539607552.0, 'P2P', 'TP', 'INTRA', 2, 3, 2
'BWD_TP_COMM_INTRA_1', 'Comm', 21592.34320854812, 21592.35036683195, 0.007158283826666666, 51539607552.0, 'P2P', 'TP', 'INTRA', 2, 3, 2
'BWD_MHA', 'Compute', 21592.357525115774, 21618.234273146983, 25.87674803121012, 'NONE', 'NONE', 'NONE', 0
'BWD_TP_COMM_INTRA_0', 'Comm', 21618.234273146983, 21618.24143143081, 0.007158283826666666, 51539607552.0, 'P2P', 'TP', 'INTRA', 2, 3, 2
'BWD_TP_COMM_INTRA_1', 'Comm', 21618.234273146983, 21618.24143143081, 0.007158283826666666, 51539607552.0, 'P2P', 'TP', 'INTRA', 2, 3, 2
'BWD_FFN', 'Compute', 21618.248589714636, 21633.14697196922, 14.898382254584305, 'NONE', 'NONE', 'NONE', 0
'BWD_TP_COMM_INTRA_0', 'Comm', 21633.14697196922, 21633.15413025305, 0.007158283826666666, 51539607552.0, 'P2P', 'TP', 'INTRA', 2, 3, 2
'BWD_TP_COMM_INTRA_1', 'Comm', 21633.14697196922, 21633.15413025305, 0.007158283826666666, 51539607552.0, 'P2P', 'TP', 'INTRA', 2, 3, 2
'BWD_MHA', 'Compute', 21633.161288536874, 21659.038036568083, 25.87674803121012, 'NONE', 'NONE', 'NONE', 0
'BWD_TP_COMM_INTRA_0', 'Comm', 21659.038036568083, 21659.04519485191, 0.007158283826666666, 51539607552.0, 'P2P', 'TP', 'INTRA', 2, 3, 2
'BWD_TP_COMM_INTRA_1', 'Comm', 21659.038036568083, 21659.04519485191, 0.007158283826666666, 51539607552.0, 'P2P', 'TP', 'INTRA', 2, 3, 2
'BWD_FFN', 'Compute', 21659.052353135736, 21673.95073539032, 14.898382254584305, 'NONE', 'NONE', 'NONE', 0
'BWD_TP_COMM_INTRA_0', 'Comm', 21673.95073539032, 21673.95789367415, 0.007158283826666666, 51539607552.0, 'P2P', 'TP', 'INTRA', 2, 3, 2
'BWD_TP_COMM_INTRA_1', 'Comm', 21673.95073539032, 21673.95789367415, 0.007158283826666666, 51539607552.0, 'P2P', 'TP', 'INTRA', 2, 3, 2
'BWD_MHA', 'Compute', 21673.965051957974, 21699.841799989183, 25.87674803121012, 'NONE', 'NONE', 'NONE', 0
'BWD_TP_COMM_INTRA_0', 'Comm', 21699.841799989183, 21699.84895827301, 0.007158283826666666, 51539607552.0, 'P2P', 'TP', 'INTRA', 2, 3, 2
'BWD_TP_COMM_INTRA_1', 'Comm', 21699.841799989183, 21699.84895827301, 0.007158283826666666, 51539607552.0, 'P2P', 'TP', 'INTRA', 2, 3, 2
'BWD_FFN', 'Compute', 21699.856116556835, 21714.75449881142, 14.898382254584305, 'NONE', 'NONE', 'NONE', 0
'BWD_TP_COMM_INTRA_0', 'Comm', 21714.75449881142, 21714.76165709525, 0.007158283826666666, 51539607552.0, 'P2P', 'TP', 'INTRA', 2, 3, 2
'BWD_TP_COMM_INTRA_1', 'Comm', 21714.75449881142, 21714.76165709525, 0.007158283826666666, 51539607552.0, 'P2P', 'TP', 'INTRA', 2, 3, 2
'BWD_MHA', 'Compute', 21714.768815379073, 21740.645563410282, 25.87674803121012, 'NONE', 'NONE', 'NONE', 0
'BWD_TP_COMM_INTRA_0', 'Comm', 21740.645563410282, 21740.65272169411, 0.007158283826666666, 51539607552.0, 'P2P', 'TP', 'INTRA', 2, 3, 2
'BWD_TP_COMM_INTRA_1', 'Comm', 21740.645563410282, 21740.65272169411, 0.007158283826666666, 51539607552.0, 'P2P', 'TP', 'INTRA', 2, 3, 2
'BWD_FFN', 'Compute', 21740.659879977935, 21755.55826223252, 14.898382254584305, 'NONE', 'NONE', 'NONE', 0
'BWD_TP_COMM_INTRA_0', 'Comm', 21755.55826223252, 21755.56542051635, 0.007158283826666666, 51539607552.0, 'P2P', 'TP', 'INTRA', 2, 3, 2
'BWD_TP_COMM_INTRA_1', 'Comm', 21755.55826223252, 21755.56542051635, 0.007158283826666666, 51539607552.0, 'P2P', 'TP', 'INTRA', 2, 3, 2
'BWD_MHA', 'Compute', 21755.572578800173, 21781.44932683138, 25.87674803121012, 'NONE', 'NONE', 'NONE', 0
'BWD_TP_COMM_INTRA_0', 'Comm', 21781.44932683138, 21781.45648511521, 0.007158283826666666, 51539607552.0, 'P2P', 'TP', 'INTRA', 2, 3, 2
'BWD_TP_COMM_INTRA_1', 'Comm', 21781.44932683138, 21781.45648511521, 0.007158283826666666, 51539607552.0, 'P2P', 'TP', 'INTRA', 2, 3, 2
'BWD_FFN', 'Compute', 21781.463643399034, 21796.36202565362, 14.898382254584305, 'NONE', 'NONE', 'NONE', 0
'BWD_TP_COMM_INTRA_0', 'Comm', 21796.36202565362, 21796.369183937448, 0.007158283826666666, 51539607552.0, 'P2P', 'TP', 'INTRA', 2, 3, 2
'BWD_TP_COMM_INTRA_1', 'Comm', 21796.36202565362, 21796.369183937448, 0.007158283826666666, 51539607552.0, 'P2P', 'TP', 'INTRA', 2, 3, 2
'BWD_MHA', 'Compute', 21796.376342221272, 21822.25309025248, 25.87674803121012, 'NONE', 'NONE', 'NONE', 0
'BWD_TP_COMM_INTRA_0', 'Comm', 21822.25309025248, 21822.26024853631, 0.007158283826666666, 51539607552.0, 'P2P', 'TP', 'INTRA', 2, 3, 2
'BWD_TP_COMM_INTRA_1', 'Comm', 21822.25309025248, 21822.26024853631, 0.007158283826666666, 51539607552.0, 'P2P', 'TP', 'INTRA', 2, 3, 2
'BWD_FFN', 'Compute', 21822.267406820134, 21837.16578907472, 14.898382254584305, 'NONE', 'NONE', 'NONE', 0
'BWD_TP_COMM_INTRA_0', 'Comm', 21837.16578907472, 21837.172947358547, 0.007158283826666666, 51539607552.0, 'P2P', 'TP', 'INTRA', 2, 3, 2
'BWD_TP_COMM_INTRA_1', 'Comm', 21837.16578907472, 21837.172947358547, 0.007158283826666666, 51539607552.0, 'P2P', 'TP', 'INTRA', 2, 3, 2
'BWD_MHA', 'Compute', 21837.180105642372, 21863.05685367358, 25.87674803121012, 'NONE', 'NONE', 'NONE', 0
'BWD_TP_COMM_INTRA_0', 'Comm', 21863.05685367358, 21863.06401195741, 0.007158283826666666, 51539607552.0, 'P2P', 'TP', 'INTRA', 2, 3, 2
'BWD_TP_COMM_INTRA_1', 'Comm', 21863.05685367358, 21863.06401195741, 0.007158283826666666, 51539607552.0, 'P2P', 'TP', 'INTRA', 2, 3, 2
'BWD_FFN', 'Compute', 21863.071170241234, 21877.96955249582, 14.898382254584305, 'NONE', 'NONE', 'NONE', 0
'BWD_TP_COMM_INTRA_0', 'Comm', 21877.96955249582, 21877.976710779647, 0.007158283826666666, 51539607552.0, 'P2P', 'TP', 'INTRA', 2, 3, 2
'BWD_TP_COMM_INTRA_1', 'Comm', 21877.96955249582, 21877.976710779647, 0.007158283826666666, 51539607552.0, 'P2P', 'TP', 'INTRA', 2, 3, 2
'BWD_MHA', 'Compute', 21877.98386906347, 21903.86061709468, 25.87674803121012, 'NONE', 'NONE', 'NONE', 0
'BWD_TP_COMM_INTRA_0', 'Comm', 21903.86061709468, 21903.86777537851, 0.007158283826666666, 51539607552.0, 'P2P', 'TP', 'INTRA', 2, 3, 2
'BWD_TP_COMM_INTRA_1', 'Comm', 21903.86061709468, 21903.86777537851, 0.007158283826666666, 51539607552.0, 'P2P', 'TP', 'INTRA', 2, 3, 2
'BWD_FFN', 'Compute', 21903.874933662333, 21918.77331591692, 14.898382254584305, 'NONE', 'NONE', 'NONE', 0
'BWD_TP_COMM_INTRA_0', 'Comm', 21918.77331591692, 21918.780474200747, 0.007158283826666666, 51539607552.0, 'P2P', 'TP', 'INTRA', 2, 3, 2
'BWD_TP_COMM_INTRA_1', 'Comm', 21918.77331591692, 21918.780474200747, 0.007158283826666666, 51539607552.0, 'P2P', 'TP', 'INTRA', 2, 3, 2
'BWD_MHA', 'Compute', 21918.78763248457, 21944.66438051578, 25.87674803121012, 'NONE', 'NONE', 'NONE', 0
'BWD_TP_COMM_INTRA_0', 'Comm', 21944.66438051578, 21944.67153879961, 0.007158283826666666, 51539607552.0, 'P2P', 'TP', 'INTRA', 2, 3, 2
'BWD_TP_COMM_INTRA_1', 'Comm', 21944.66438051578, 21944.67153879961, 0.007158283826666666, 51539607552.0, 'P2P', 'TP', 'INTRA', 2, 3, 2
'BWD_FFN', 'Compute', 21944.678697083433, 21959.577079338018, 14.898382254584305, 'NONE', 'NONE', 'NONE', 0
'BWD_TP_COMM_INTRA_0', 'Comm', 21959.577079338018, 21959.584237621846, 0.007158283826666666, 51539607552.0, 'P2P', 'TP', 'INTRA', 2, 3, 2
'BWD_TP_COMM_INTRA_1', 'Comm', 21959.577079338018, 21959.584237621846, 0.007158283826666666, 51539607552.0, 'P2P', 'TP', 'INTRA', 2, 3, 2
'BWD_MHA', 'Compute', 21959.59139590567, 21985.46814393688, 25.87674803121012, 'NONE', 'NONE', 'NONE', 0
'BWD_TP_COMM_INTRA_0', 'Comm', 21985.46814393688, 21985.475302220708, 0.007158283826666666, 51539607552.0, 'P2P', 'TP', 'INTRA', 2, 3, 2
'BWD_TP_COMM_INTRA_1', 'Comm', 21985.46814393688, 21985.475302220708, 0.007158283826666666, 51539607552.0, 'P2P', 'TP', 'INTRA', 2, 3, 2
'BWD_FFN', 'Compute', 21985.482460504532, 22000.380842759118, 14.898382254584305, 'NONE', 'NONE', 'NONE', 0
'BWD_TP_COMM_INTRA_0', 'Comm', 22000.380842759118, 22000.388001042946, 0.007158283826666666, 51539607552.0, 'P2P', 'TP', 'INTRA', 2, 3, 2
'BWD_TP_COMM_INTRA_1', 'Comm', 22000.380842759118, 22000.388001042946, 0.007158283826666666, 51539607552.0, 'P2P', 'TP', 'INTRA', 2, 3, 2
'BWD_MHA', 'Compute', 22000.39515932677, 22026.27190735798, 25.87674803121012, 'NONE', 'NONE', 'NONE', 0
'BWD_TP_COMM_INTRA_0', 'Comm', 22026.27190735798, 22026.279065641807, 0.007158283826666666, 51539607552.0, 'P2P', 'TP', 'INTRA', 2, 3, 2
'BWD_TP_COMM_INTRA_1', 'Comm', 22026.27190735798, 22026.279065641807, 0.007158283826666666, 51539607552.0, 'P2P', 'TP', 'INTRA', 2, 3, 2
'BWD_FFN', 'Compute', 22026.286223925632, 22041.184606180217, 14.898382254584305, 'NONE', 'NONE', 'NONE', 0
'BWD_TP_COMM_INTRA_0', 'Comm', 22041.184606180217, 22041.191764464045, 0.007158283826666666, 51539607552.0, 'P2P', 'TP', 'INTRA', 2, 3, 2
'BWD_TP_COMM_INTRA_1', 'Comm', 22041.184606180217, 22041.191764464045, 0.007158283826666666, 51539607552.0, 'P2P', 'TP', 'INTRA', 2, 3, 2
'BWD_MHA', 'Compute', 22041.19892274787, 22067.07567077908, 25.87674803121012, 'NONE', 'NONE', 'NONE', 0
'BWD_TP_COMM_INTRA_0', 'Comm', 22067.07567077908, 22067.082829062907, 0.007158283826666666, 51539607552.0, 'P2P', 'TP', 'INTRA', 2, 3, 2
'BWD_TP_COMM_INTRA_1', 'Comm', 22067.07567077908, 22067.082829062907, 0.007158283826666666, 51539607552.0, 'P2P', 'TP', 'INTRA', 2, 3, 2
'BWD_FFN', 'Compute', 22067.08998734673, 22081.988369601317, 14.898382254584305, 'NONE', 'NONE', 'NONE', 0
'BWD_TP_COMM_INTRA_0', 'Comm', 22081.988369601317, 22081.995527885145, 0.007158283826666666, 51539607552.0, 'P2P', 'TP', 'INTRA', 2, 3, 2
'BWD_TP_COMM_INTRA_1', 'Comm', 22081.988369601317, 22081.995527885145, 0.007158283826666666, 51539607552.0, 'P2P', 'TP', 'INTRA', 2, 3, 2
'BWD_MHA', 'Compute', 22082.00268616897, 22107.87943420018, 25.87674803121012, 'NONE', 'NONE', 'NONE', 0
'BWD_TP_COMM_INTRA_0', 'Comm', 22107.87943420018, 22107.886592484007, 0.007158283826666666, 51539607552.0, 'P2P', 'TP', 'INTRA', 2, 3, 2
'BWD_TP_COMM_INTRA_1', 'Comm', 22107.87943420018, 22107.886592484007, 0.007158283826666666, 51539607552.0, 'P2P', 'TP', 'INTRA', 2, 3, 2
'BWD_FFN', 'Compute', 22107.89375076783, 22122.792133022416, 14.898382254584305, 'NONE', 'NONE', 'NONE', 0
'BWD_TP_COMM_INTRA_0', 'Comm', 22122.792133022416, 22122.799291306244, 0.007158283826666666, 51539607552.0, 'P2P', 'TP', 'INTRA', 2, 3, 2
'BWD_TP_COMM_INTRA_1', 'Comm', 22122.792133022416, 22122.799291306244, 0.007158283826666666, 51539607552.0, 'P2P', 'TP', 'INTRA', 2, 3, 2
'BWD_MHA', 'Compute', 22122.80644959007, 22148.683197621278, 25.87674803121012, 'NONE', 'NONE', 'NONE', 0
'BWD_TP_COMM_INTRA_0', 'Comm', 22148.683197621278, 22148.690355905106, 0.007158283826666666, 51539607552.0, 'P2P', 'TP', 'INTRA', 2, 3, 2
'BWD_TP_COMM_INTRA_1', 'Comm', 22148.683197621278, 22148.690355905106, 0.007158283826666666, 51539607552.0, 'P2P', 'TP', 'INTRA', 2, 3, 2
'BWD_FFN', 'Compute', 22148.69751418893, 22163.595896443516, 14.898382254584305, 'NONE', 'NONE', 'NONE', 0
'BWD_TP_COMM_INTRA_0', 'Comm', 22163.595896443516, 22163.603054727344, 0.007158283826666666, 51539607552.0, 'P2P', 'TP', 'INTRA', 2, 3, 2
'BWD_TP_COMM_INTRA_1', 'Comm', 22163.595896443516, 22163.603054727344, 0.007158283826666666, 51539607552.0, 'P2P', 'TP', 'INTRA', 2, 3, 2
'BWD_MHA', 'Compute', 22163.61021301117, 22189.486961042378, 25.87674803121012, 'NONE', 'NONE', 'NONE', 0
'BWD_TP_COMM_INTRA_0', 'Comm', 22189.486961042378, 22189.494119326206, 0.007158283826666666, 51539607552.0, 'P2P', 'TP', 'INTRA', 2, 3, 2
'BWD_TP_COMM_INTRA_1', 'Comm', 22189.486961042378, 22189.494119326206, 0.007158283826666666, 51539607552.0, 'P2P', 'TP', 'INTRA', 2, 3, 2
'BWD_FFN', 'Compute', 22189.50127761003, 22204.399659864615, 14.898382254584305, 'NONE', 'NONE', 'NONE', 0
'BWD_TP_COMM_INTRA_0', 'Comm', 22204.399659864615, 22204.406818148444, 0.007158283826666666, 51539607552.0, 'P2P', 'TP', 'INTRA', 2, 3, 2
'BWD_TP_COMM_INTRA_1', 'Comm', 22204.399659864615, 22204.406818148444, 0.007158283826666666, 51539607552.0, 'P2P', 'TP', 'INTRA', 2, 3, 2
'BWD_MHA', 'Compute', 22204.413976432268, 22230.290724463477, 25.87674803121012, 'NONE', 'NONE', 'NONE', 0
'BWD_TP_COMM_INTRA_0', 'Comm', 22230.290724463477, 22230.297882747305, 0.007158283826666666, 51539607552.0, 'P2P', 'TP', 'INTRA', 2, 3, 2
'BWD_TP_COMM_INTRA_1', 'Comm', 22230.290724463477, 22230.297882747305, 0.007158283826666666, 51539607552.0, 'P2P', 'TP', 'INTRA', 2, 3, 2
'BWD_FFN', 'Compute', 22230.30504103113, 22245.203423285715, 14.898382254584305, 'NONE', 'NONE', 'NONE', 0
'BWD_TP_COMM_INTRA_0', 'Comm', 22245.203423285715, 22245.210581569543, 0.007158283826666666, 51539607552.0, 'P2P', 'TP', 'INTRA', 2, 3, 2
'BWD_TP_COMM_INTRA_1', 'Comm', 22245.203423285715, 22245.210581569543, 0.007158283826666666, 51539607552.0, 'P2P', 'TP', 'INTRA', 2, 3, 2
'BWD_MHA', 'Compute', 22245.217739853368, 22271.094487884577, 25.87674803121012, 'NONE', 'NONE', 'NONE', 0
'BWD_TP_COMM_INTRA_0', 'Comm', 22271.094487884577, 22271.101646168405, 0.007158283826666666, 51539607552.0, 'P2P', 'TP', 'INTRA', 2, 3, 2
'BWD_TP_COMM_INTRA_1', 'Comm', 22271.094487884577, 22271.101646168405, 0.007158283826666666, 51539607552.0, 'P2P', 'TP', 'INTRA', 2, 3, 2
'BWD_FFN', 'Compute', 22271.10880445223, 22286.007186706815, 14.898382254584305, 'NONE', 'NONE', 'NONE', 0
'BWD_TP_COMM_INTRA_0', 'Comm', 22286.007186706815, 22286.014344990643, 0.007158283826666666, 51539607552.0, 'P2P', 'TP', 'INTRA', 2, 3, 2
'BWD_TP_COMM_INTRA_1', 'Comm', 22286.007186706815, 22286.014344990643, 0.007158283826666666, 51539607552.0, 'P2P', 'TP', 'INTRA', 2, 3, 2
'BWD_MHA', 'Compute', 22286.021503274467, 22311.898251305676, 25.87674803121012, 'NONE', 'NONE', 'NONE', 0
'BWD_TP_COMM_INTRA_0', 'Comm', 22311.898251305676, 22311.905409589504, 0.007158283826666666, 51539607552.0, 'P2P', 'TP', 'INTRA', 2, 3, 2
'BWD_TP_COMM_INTRA_1', 'Comm', 22311.898251305676, 22311.905409589504, 0.007158283826666666, 51539607552.0, 'P2P', 'TP', 'INTRA', 2, 3, 2
'BWD_FFN', 'Compute', 22311.91256787333, 22326.810950127914, 14.898382254584305, 'NONE', 'NONE', 'NONE', 0
'BWD_TP_COMM_INTRA_0', 'Comm', 22326.810950127914, 22326.818108411742, 0.007158283826666666, 51539607552.0, 'P2P', 'TP', 'INTRA', 2, 3, 2
'BWD_TP_COMM_INTRA_1', 'Comm', 22326.810950127914, 22326.818108411742, 0.007158283826666666, 51539607552.0, 'P2P', 'TP', 'INTRA', 2, 3, 2
'BWD_MHA', 'Compute', 22326.825266695567, 22352.702014726776, 25.87674803121012, 'NONE', 'NONE', 'NONE', 0
'BWD_TP_COMM_INTRA_0', 'Comm', 22352.702014726776, 22352.709173010604, 0.007158283826666666, 51539607552.0, 'P2P', 'TP', 'INTRA', 2, 3, 2
'BWD_TP_COMM_INTRA_1', 'Comm', 22352.702014726776, 22352.709173010604, 0.007158283826666666, 51539607552.0, 'P2P', 'TP', 'INTRA', 2, 3, 2
'BWD_FFN', 'Compute', 22352.71633129443, 22367.614713549014, 14.898382254584305, 'NONE', 'NONE', 'NONE', 0
'BWD_TP_COMM_INTRA_0', 'Comm', 22367.614713549014, 22367.621871832842, 0.007158283826666666, 51539607552.0, 'P2P', 'TP', 'INTRA', 2, 3, 2
'BWD_TP_COMM_INTRA_1', 'Comm', 22367.614713549014, 22367.621871832842, 0.007158283826666666, 51539607552.0, 'P2P', 'TP', 'INTRA', 2, 3, 2
'BWD_MHA', 'Compute', 22367.629030116666, 22393.505778147875, 25.87674803121012, 'NONE', 'NONE', 'NONE', 0
'BWD_TP_COMM_INTRA_0', 'Comm', 22393.505778147875, 22393.512936431704, 0.007158283826666666, 51539607552.0, 'P2P', 'TP', 'INTRA', 2, 3, 2
'BWD_TP_COMM_INTRA_1', 'Comm', 22393.505778147875, 22393.512936431704, 0.007158283826666666, 51539607552.0, 'P2P', 'TP', 'INTRA', 2, 3, 2
'BWD_FFN', 'Compute', 22393.520094715528, 22408.418476970113, 14.898382254584305, 'NONE', 'NONE', 'NONE', 0
'BWD_TP_COMM_INTRA_0', 'Comm', 22408.418476970113, 22408.42563525394, 0.007158283826666666, 51539607552.0, 'P2P', 'TP', 'INTRA', 2, 3, 2
'BWD_TP_COMM_INTRA_1', 'Comm', 22408.418476970113, 22408.42563525394, 0.007158283826666666, 51539607552.0, 'P2P', 'TP', 'INTRA', 2, 3, 2
'BWD_MHA', 'Compute', 22408.432793537766, 22434.309541568975, 25.87674803121012, 'NONE', 'NONE', 'NONE', 0
'BWD_TP_COMM_INTRA_0', 'Comm', 22434.309541568975, 22434.316699852803, 0.007158283826666666, 51539607552.0, 'P2P', 'TP', 'INTRA', 2, 3, 2
'BWD_TP_COMM_INTRA_1', 'Comm', 22434.309541568975, 22434.316699852803, 0.007158283826666666, 51539607552.0, 'P2P', 'TP', 'INTRA', 2, 3, 2
'BWD_FFN', 'Compute', 22434.323858136628, 22449.222240391213, 14.898382254584305, 'NONE', 'NONE', 'NONE', 0
'BWD_TP_COMM_INTRA_0', 'Comm', 22449.222240391213, 22449.22939867504, 0.007158283826666666, 51539607552.0, 'P2P', 'TP', 'INTRA', 2, 3, 2
'BWD_TP_COMM_INTRA_1', 'Comm', 22449.222240391213, 22449.22939867504, 0.007158283826666666, 51539607552.0, 'P2P', 'TP', 'INTRA', 2, 3, 2
'BWD_MHA', 'Compute', 22449.236556958866, 22475.113304990075, 25.87674803121012, 'NONE', 'NONE', 'NONE', 0
'BWD_TP_COMM_INTRA_0', 'Comm', 22475.113304990075, 22475.120463273903, 0.007158283826666666, 51539607552.0, 'P2P', 'TP', 'INTRA', 2, 3, 2
'BWD_TP_COMM_INTRA_1', 'Comm', 22475.113304990075, 22475.120463273903, 0.007158283826666666, 51539607552.0, 'P2P', 'TP', 'INTRA', 2, 3, 2
'BWD_FFN', 'Compute', 22475.127621557727, 22490.026003812312, 14.898382254584305, 'NONE', 'NONE', 'NONE', 0
'BWD_TP_COMM_INTRA_0', 'Comm', 22490.026003812312, 22490.03316209614, 0.007158283826666666, 51539607552.0, 'P2P', 'TP', 'INTRA', 2, 3, 2
'BWD_TP_COMM_INTRA_1', 'Comm', 22490.026003812312, 22490.03316209614, 0.007158283826666666, 51539607552.0, 'P2P', 'TP', 'INTRA', 2, 3, 2
'BWD_MHA', 'Compute', 22490.040320379965, 22515.917068411174, 25.87674803121012, 'NONE', 'NONE', 'NONE', 0
'BWD_TP_COMM_INTRA_0', 'Comm', 22515.917068411174, 22515.924226695002, 0.007158283826666666, 51539607552.0, 'P2P', 'TP', 'INTRA', 2, 3, 2
'BWD_TP_COMM_INTRA_1', 'Comm', 22515.917068411174, 22515.924226695002, 0.007158283826666666, 51539607552.0, 'P2P', 'TP', 'INTRA', 2, 3, 2
'BWD_FFN', 'Compute', 22515.931384978827, 22530.829767233412, 14.898382254584305, 'NONE', 'NONE', 'NONE', 0
'BWD_TP_COMM_INTRA_0', 'Comm', 22530.829767233412, 22530.83692551724, 0.007158283826666666, 51539607552.0, 'P2P', 'TP', 'INTRA', 2, 3, 2
'BWD_TP_COMM_INTRA_1', 'Comm', 22530.829767233412, 22530.83692551724, 0.007158283826666666, 51539607552.0, 'P2P', 'TP', 'INTRA', 2, 3, 2
'BWD_MHA', 'Compute', 22530.844083801065, 22556.720831832274, 25.87674803121012, 'NONE', 'NONE', 'NONE', 0
'BWD_TP_COMM_INTRA_0', 'Comm', 22556.720831832274, 22556.727990116102, 0.007158283826666666, 51539607552.0, 'P2P', 'TP', 'INTRA', 2, 3, 2
'BWD_TP_COMM_INTRA_1', 'Comm', 22556.720831832274, 22556.727990116102, 0.007158283826666666, 51539607552.0, 'P2P', 'TP', 'INTRA', 2, 3, 2
'BWD_FFN', 'Compute', 22556.735148399926, 22571.63353065451, 14.898382254584305, 'NONE', 'NONE', 'NONE', 0
'BWD_TP_COMM_INTRA_0', 'Comm', 22571.63353065451, 22571.64068893834, 0.007158283826666666, 51539607552.0, 'P2P', 'TP', 'INTRA', 2, 3, 2
'BWD_TP_COMM_INTRA_1', 'Comm', 22571.63353065451, 22571.64068893834, 0.007158283826666666, 51539607552.0, 'P2P', 'TP', 'INTRA', 2, 3, 2
'BWD_MHA', 'Compute', 22571.647847222164, 22597.524595253373, 25.87674803121012, 'NONE', 'NONE', 'NONE', 0
'BWD_TP_COMM_INTRA_0', 'Comm', 22597.524595253373, 22597.5317535372, 0.007158283826666666, 51539607552.0, 'P2P', 'TP', 'INTRA', 2, 3, 2
'BWD_TP_COMM_INTRA_1', 'Comm', 22597.524595253373, 22597.5317535372, 0.007158283826666666, 51539607552.0, 'P2P', 'TP', 'INTRA', 2, 3, 2
'BWD_FFN', 'Compute', 22597.538911821026, 22612.43729407561, 14.898382254584305, 'NONE', 'NONE', 'NONE', 0
'BWD_TP_COMM_INTRA_0', 'Comm', 22612.43729407561, 22612.44445235944, 0.007158283826666666, 51539607552.0, 'P2P', 'TP', 'INTRA', 2, 3, 2
'BWD_TP_COMM_INTRA_1', 'Comm', 22612.43729407561, 22612.44445235944, 0.007158283826666666, 51539607552.0, 'P2P', 'TP', 'INTRA', 2, 3, 2
'BWD_MHA', 'Compute', 22612.451610643264, 22638.328358674473, 25.87674803121012, 'NONE', 'NONE', 'NONE', 0
'BWD_TP_COMM_INTRA_0', 'Comm', 22638.328358674473, 22638.3355169583, 0.007158283826666666, 51539607552.0, 'P2P', 'TP', 'INTRA', 2, 3, 2
'BWD_TP_COMM_INTRA_1', 'Comm', 22638.328358674473, 22638.3355169583, 0.007158283826666666, 51539607552.0, 'P2P', 'TP', 'INTRA', 2, 3, 2
'BWD_FFN', 'Compute', 22638.342675242126, 22653.24105749671, 14.898382254584305, 'NONE', 'NONE', 'NONE', 0
'BWD_TP_COMM_INTRA_0', 'Comm', 22653.24105749671, 22653.24821578054, 0.007158283826666666, 51539607552.0, 'P2P', 'TP', 'INTRA', 2, 3, 2
'BWD_TP_COMM_INTRA_1', 'Comm', 22653.24105749671, 22653.24821578054, 0.007158283826666666, 51539607552.0, 'P2P', 'TP', 'INTRA', 2, 3, 2
'BWD_MHA', 'Compute', 22653.255374064363, 22679.132122095572, 25.87674803121012, 'NONE', 'NONE', 'NONE', 0
'BWD_TP_COMM_INTRA_0', 'Comm', 22679.132122095572, 22679.1392803794, 0.007158283826666666, 51539607552.0, 'P2P', 'TP', 'INTRA', 2, 3, 2
'BWD_TP_COMM_INTRA_1', 'Comm', 22679.132122095572, 22679.1392803794, 0.007158283826666666, 51539607552.0, 'P2P', 'TP', 'INTRA', 2, 3, 2
'BWD_FFN', 'Compute', 22679.146438663225, 22694.04482091781, 14.898382254584305, 'NONE', 'NONE', 'NONE', 0
'BWD_TP_COMM_INTRA_0', 'Comm', 22694.04482091781, 22694.05197920164, 0.007158283826666666, 51539607552.0, 'P2P', 'TP', 'INTRA', 2, 3, 2
'BWD_TP_COMM_INTRA_1', 'Comm', 22694.04482091781, 22694.05197920164, 0.007158283826666666, 51539607552.0, 'P2P', 'TP', 'INTRA', 2, 3, 2
'BWD_DP_COMM_INTRA_0', 'Comm', 22694.059137485463, 22694.071260304638, 0.012122819173333334, 65463169536.0, 'P2P', 'DP', 'INTRA', 2, 3, 2
'BWD_DP_COMM_INTRA_1', 'Comm', 22694.059137485463, 22694.071260304638, 0.012122819173333334, 65463169536.0, 'P2P', 'DP', 'INTRA', 2, 3, 2
'FWD_DP_COMM_INTRA_ZERO_0', 'Comm', 22694.08338312381, 22694.09769969146, 0.014316567653333332, 43642113024.0, 'P2P', 'DP', 'INTRA', 2, 3, 2
'FWD_DP_COMM_INTRA_ZERO_1', 'Comm', 22694.08338312381, 22694.09769969146, 0.014316567653333332, 43642113024.0, 'P2P', 'DP', 'INTRA', 2, 3, 2
'Weight_update', 'Compute', 22694.112016259114, 22767.29286110296, 73.18084484384597, 'NONE', 'NONE', 'NONE', 0
'Weight_update', 'Compute', 22767.29286110296, 22840.473705946806, 73.18084484384597, 'NONE', 'NONE', 'NONE', 0
'Weight_update', 'Compute', 22840.473705946806, 22913.654550790652, 73.18084484384597, 'NONE', 'NONE', 'NONE', 0
'Weight_update', 'Compute', 22913.654550790652, 22986.835395634498, 73.18084484384597, 'NONE', 'NONE', 'NONE', 0
'Weight_update', 'Compute', 22986.835395634498, 23060.016240478344, 73.18084484384597, 'NONE', 'NONE', 'NONE', 0
'Weight_update', 'Compute', 23060.016240478344, 23133.19708532219, 73.18084484384597, 'NONE', 'NONE', 'NONE', 0
'Weight_update', 'Compute', 23133.19708532219, 23206.377930166036, 73.18084484384597, 'NONE', 'NONE', 'NONE', 0
'Weight_update', 'Compute', 23206.377930166036, 23279.558775009882, 73.18084484384597, 'NONE', 'NONE', 'NONE', 0
'Weight_update', 'Compute', 23279.558775009882, 23352.739619853728, 73.18084484384597, 'NONE', 'NONE', 'NONE', 0
'Weight_update', 'Compute', 23352.739619853728, 23425.920464697574, 73.18084484384597, 'NONE', 'NONE', 'NONE', 0
'Weight_update', 'Compute', 23425.920464697574, 23499.10130954142, 73.18084484384597, 'NONE', 'NONE', 'NONE', 0
'Weight_update', 'Compute', 23499.10130954142, 23572.282154385266, 73.18084484384597, 'NONE', 'NONE', 'NONE', 0
'Weight_update', 'Compute', 23572.282154385266, 23645.462999229112, 73.18084484384597, 'NONE', 'NONE', 'NONE', 0
'Weight_update', 'Compute', 23645.462999229112, 23718.643844072958, 73.18084484384597, 'NONE', 'NONE', 'NONE', 0
'Weight_update', 'Compute', 23718.643844072958, 23791.824688916804, 73.18084484384597, 'NONE', 'NONE', 'NONE', 0
'Weight_update', 'Compute', 23791.824688916804, 23865.00553376065, 73.18084484384597, 'NONE', 'NONE', 'NONE', 0
'Weight_update', 'Compute', 23865.00553376065, 23938.186378604496, 73.18084484384597, 'NONE', 'NONE', 'NONE', 0
'Weight_update', 'Compute', 23938.186378604496, 24011.367223448342, 73.18084484384597, 'NONE', 'NONE', 'NONE', 0
'Weight_update', 'Compute', 24011.367223448342, 24084.548068292188, 73.18084484384597, 'NONE', 'NONE', 'NONE', 0
'Weight_update', 'Compute', 24084.548068292188, 24157.728913136034, 73.18084484384597, 'NONE', 'NONE', 'NONE', 0
'Weight_update', 'Compute', 24157.728913136034, 24230.90975797988, 73.18084484384597, 'NONE', 'NONE', 'NONE', 0
'Weight_update', 'Compute', 24230.90975797988, 24304.090602823726, 73.18084484384597, 'NONE', 'NONE', 'NONE', 0
'Weight_update', 'Compute', 24304.090602823726, 24377.271447667572, 73.18084484384597, 'NONE', 'NONE', 'NONE', 0
'Weight_update', 'Compute', 24377.271447667572, 24450.452292511418, 73.18084484384597, 'NONE', 'NONE', 'NONE', 0
'Weight_update', 'Compute', 24450.452292511418, 24523.633137355264, 73.18084484384597, 'NONE', 'NONE', 'NONE', 0
'Weight_update', 'Compute', 24523.633137355264, 24596.81398219911, 73.18084484384597, 'NONE', 'NONE', 'NONE', 0
'Weight_update', 'Compute', 24596.81398219911, 24669.994827042956, 73.18084484384597, 'NONE', 'NONE', 'NONE', 0
'Weight_update', 'Compute', 24669.994827042956, 24743.175671886802, 73.18084484384597, 'NONE', 'NONE', 'NONE', 0
'Weight_update', 'Compute', 24743.175671886802, 24816.356516730648, 73.18084484384597, 'NONE', 'NONE', 'NONE', 0
'Weight_update', 'Compute', 24816.356516730648, 24889.537361574494, 73.18084484384597, 'NONE', 'NONE', 'NONE', 0
'Weight_update', 'Compute', 24889.537361574494, 24962.71820641834, 73.18084484384597, 'NONE', 'NONE', 'NONE', 0
'Weight_update', 'Compute', 24962.71820641834, 25035.899051262186, 73.18084484384597, 'NONE', 'NONE', 'NONE', 0
'Weight_update', 'Compute', 25035.899051262186, 25109.07989610603, 73.18084484384597, 'NONE', 'NONE', 'NONE', 0
'Weight_update', 'Compute', 25109.07989610603, 25182.260740949878, 73.18084484384597, 'NONE', 'NONE', 'NONE', 0
'Weight_update', 'Compute', 25182.260740949878, 25255.441585793724, 73.18084484384597, 'NONE', 'NONE', 'NONE', 0
'Weight_update', 'Compute', 25255.441585793724, 25328.62243063757, 73.18084484384597, 'NONE', 'NONE', 'NONE', 0
'Weight_update', 'Compute', 25328.62243063757, 25401.803275481416, 73.18084484384597, 'NONE', 'NONE', 'NONE', 0
'Weight_update', 'Compute', 25401.803275481416, 25474.98412032526, 73.18084484384597, 'NONE', 'NONE', 'NONE', 0
'Weight_update', 'Compute', 25474.98412032526, 25548.164965169108, 73.18084484384597, 'NONE', 'NONE', 'NONE', 0
'Weight_update', 'Compute', 25548.164965169108, 25621.345810012954, 73.18084484384597, 'NONE', 'NONE', 'NONE', 0
'Weight_update', 'Compute', 25621.345810012954, 25694.5266548568, 73.18084484384597, 'NONE', 'NONE', 'NONE', 0
'Weight_update', 'Compute', 25694.5266548568, 25767.707499700646, 73.18084484384597, 'NONE', 'NONE', 'NONE', 0
'Weight_update', 'Compute', 25767.707499700646, 25840.88834454449, 73.18084484384597, 'NONE', 'NONE', 'NONE', 0
'Weight_update', 'Compute', 25840.88834454449, 25914.069189388338, 73.18084484384597, 'NONE', 'NONE', 'NONE', 0
'Weight_update', 'Compute', 25914.069189388338, 25987.250034232184, 73.18084484384597, 'NONE', 'NONE', 'NONE', 0
'Weight_update', 'Compute', 25987.250034232184, 26060.43087907603, 73.18084484384597, 'NONE', 'NONE', 'NONE', 0
'Weight_update', 'Compute', 26060.43087907603, 26133.611723919876, 73.18084484384597, 'NONE', 'NONE', 'NONE', 0
'Weight_update', 'Compute', 26133.611723919876, 26206.79256876372, 73.18084484384597, 'NONE', 'NONE', 'NONE', 0
'Weight_update', 'Compute', 26206.79256876372, 26279.973413607568, 73.18084484384597, 'NONE', 'NONE', 'NONE', 0
'Weight_update', 'Compute', 26279.973413607568, 26353.154258451414, 73.18084484384597, 'NONE', 'NONE', 'NONE', 0
'Weight_update', 'Compute', 26353.154258451414, 26426.33510329526, 73.18084484384597, 'NONE', 'NONE', 'NONE', 0
'Weight_update', 'Compute', 26426.33510329526, 26499.515948139106, 73.18084484384597, 'NONE', 'NONE', 'NONE', 0
'Weight_update', 'Compute', 26499.515948139106, 26572.69679298295, 73.18084484384597, 'NONE', 'NONE', 'NONE', 0
'Weight_update', 'Compute', 26572.69679298295, 26645.877637826798, 73.18084484384597, 'NONE', 'NONE', 'NONE', 0
'Weight_update', 'Compute', 26645.877637826798, 26719.058482670644, 73.18084484384597, 'NONE', 'NONE', 'NONE', 0
'Weight_update', 'Compute', 26719.058482670644, 26792.23932751449, 73.18084484384597, 'NONE', 'NONE', 'NONE', 0
'Weight_update', 'Compute', 26792.23932751449, 26865.420172358336, 73.18084484384597, 'NONE', 'NONE', 'NONE', 0
'Weight_update', 'Compute', 26865.420172358336, 26938.60101720218, 73.18084484384597, 'NONE', 'NONE', 'NONE', 0
'Weight_update', 'Compute', 26938.60101720218, 27011.781862046028, 73.18084484384597, 'NONE', 'NONE', 'NONE', 0
'Weight_update', 'Compute', 27011.781862046028, 27084.962706889874, 73.18084484384597, 'NONE', 'NONE', 'NONE', 0
'Weight_update', 'Compute', 27084.962706889874, 27158.14355173372, 73.18084484384597, 'NONE', 'NONE', 'NONE', 0
'Weight_update', 'Compute', 27158.14355173372, 27231.324396577565, 73.18084484384597, 'NONE', 'NONE', 'NONE', 0
'Weight_update', 'Compute', 27231.324396577565, 27304.50524142141, 73.18084484384597, 'NONE', 'NONE', 'NONE', 0
'Weight_update', 'Compute', 27304.50524142141, 27377.686086265257, 73.18084484384597, 'NONE', 'NONE', 'NONE', 0
'Weight_update', 'Compute', 27377.686086265257, 27450.866931109103, 73.18084484384597, 'NONE', 'NONE', 'NONE', 0
'Weight_update', 'Compute', 27450.866931109103, 27524.04777595295, 73.18084484384597, 'NONE', 'NONE', 'NONE', 0
'Weight_update', 'Compute', 27524.04777595295, 27597.228620796795, 73.18084484384597, 'NONE', 'NONE', 'NONE', 0
'Weight_update', 'Compute', 27597.228620796795, 27670.40946564064, 73.18084484384597, 'NONE', 'NONE', 'NONE', 0
'Weight_update', 'Compute', 27670.40946564064, 27743.590310484487, 73.18084484384597, 'NONE', 'NONE', 'NONE', 0
'Weight_update', 'Compute', 27743.590310484487, 27816.771155328333, 73.18084484384597, 'NONE', 'NONE', 'NONE', 0
'Weight_update', 'Compute', 27816.771155328333, 27889.95200017218, 73.18084484384597, 'NONE', 'NONE', 'NONE', 0
'Weight_update', 'Compute', 27889.95200017218, 27963.132845016025, 73.18084484384597, 'NONE', 'NONE', 'NONE', 0
'Weight_update', 'Compute', 27963.132845016025, 28036.31368985987, 73.18084484384597, 'NONE', 'NONE', 'NONE', 0
'Weight_update', 'Compute', 28036.31368985987, 28109.494534703717, 73.18084484384597, 'NONE', 'NONE', 'NONE', 0
'Weight_update', 'Compute', 28109.494534703717, 28182.675379547563, 73.18084484384597, 'NONE', 'NONE', 'NONE', 0
'Weight_update', 'Compute', 28182.675379547563, 28255.85622439141, 73.18084484384597, 'NONE', 'NONE', 'NONE', 0
'Weight_update', 'Compute', 28255.85622439141, 28329.037069235255, 73.18084484384597, 'NONE', 'NONE', 'NONE', 0
'Weight_update', 'Compute', 28329.037069235255, 28402.2179140791, 73.18084484384597, 'NONE', 'NONE', 'NONE', 0
'Weight_update', 'Compute', 28402.2179140791, 28475.398758922947, 73.18084484384597, 'NONE', 'NONE', 'NONE', 0
'Weight_update', 'Compute', 28475.398758922947, 28548.579603766793, 73.18084484384597, 'NONE', 'NONE', 'NONE', 0
'Weight_update', 'Compute', 28548.579603766793, 28621.76044861064, 73.18084484384597, 'NONE', 'NONE', 'NONE', 0
'Weight_update', 'Compute', 28621.76044861064, 28694.941293454485, 73.18084484384597, 'NONE', 'NONE', 'NONE', 0
'Weight_update', 'Compute', 28694.941293454485, 28768.12213829833, 73.18084484384597, 'NONE', 'NONE', 'NONE', 0
'Weight_update', 'Compute', 28768.12213829833, 28841.302983142177, 73.18084484384597, 'NONE', 'NONE', 'NONE', 0
'Weight_update', 'Compute', 28841.302983142177, 28914.483827986023, 73.18084484384597, 'NONE', 'NONE', 'NONE', 0
'Weight_update', 'Compute', 28914.483827986023, 28987.66467282987, 73.18084484384597, 'NONE', 'NONE', 'NONE', 0
'Weight_update', 'Compute', 28987.66467282987, 29060.845517673715, 73.18084484384597, 'NONE', 'NONE', 'NONE', 0
'Weight_update', 'Compute', 29060.845517673715, 29134.02636251756, 73.18084484384597, 'NONE', 'NONE', 'NONE', 0
'Weight_update', 'Compute', 29134.02636251756, 29207.207207361407, 73.18084484384597, 'NONE', 'NONE', 'NONE', 0
'Weight_update', 'Compute', 29207.207207361407, 29280.388052205253, 73.18084484384597, 'NONE', 'NONE', 'NONE', 0
'Weight_update', 'Compute', 29280.388052205253, 29353.5688970491, 73.18084484384597, 'NONE', 'NONE', 'NONE', 0
'Weight_update', 'Compute', 29353.5688970491, 29426.749741892945, 73.18084484384597, 'NONE', 'NONE', 'NONE', 0
'Weight_update', 'Compute', 29426.749741892945, 29499.93058673679, 73.18084484384597, 'NONE', 'NONE', 'NONE', 0
'Weight_update', 'Compute', 29499.93058673679, 29573.111431580637, 73.18084484384597, 'NONE', 'NONE', 'NONE', 0
'Weight_update', 'Compute', 29573.111431580637, 29646.292276424483, 73.18084484384597, 'NONE', 'NONE', 'NONE', 0
'Weight_update', 'Compute', 29646.292276424483, 29719.47312126833, 73.18084484384597, 'NONE', 'NONE', 'NONE', 0

