Layer, Type, start time, end time, duration, Bytes to be transferred, Collective type, Parallelism, Locality, Degree, SRC, DEST
'FWD_MHA', 'Compute', 0, 25.931863242460267, 25.931863242460267, 'NONE', 'NONE', 'NONE', 0
'FWD_FFN', 'Compute', 25.931863242460267, 55.72982226087099, 29.797959018410722, 'NONE', 'NONE', 'NONE', 0
'FWD_MHA', 'Compute', 55.72982226087099, 81.66168550333126, 25.931863242460267, 'NONE', 'NONE', 'NONE', 0
'FWD_FFN', 'Compute', 81.66168550333126, 111.45964452174198, 29.797959018410722, 'NONE', 'NONE', 'NONE', 0
'FWD_MHA', 'Compute', 111.45964452174198, 137.39150776420223, 25.931863242460267, 'NONE', 'NONE', 'NONE', 0
'FWD_FFN', 'Compute', 137.39150776420223, 167.18946678261295, 29.797959018410722, 'NONE', 'NONE', 'NONE', 0
'FWD_MHA', 'Compute', 167.18946678261295, 193.12133002507323, 25.931863242460267, 'NONE', 'NONE', 'NONE', 0
'FWD_FFN', 'Compute', 193.12133002507323, 222.91928904348396, 29.797959018410722, 'NONE', 'NONE', 'NONE', 0
'FWD_MHA', 'Compute', 222.91928904348396, 248.85115228594424, 25.931863242460267, 'NONE', 'NONE', 'NONE', 0
'FWD_FFN', 'Compute', 248.85115228594424, 278.64911130435496, 29.797959018410722, 'NONE', 'NONE', 'NONE', 0
'FWD_MHA', 'Compute', 278.64911130435496, 304.58097454681524, 25.931863242460267, 'NONE', 'NONE', 'NONE', 0
'FWD_FFN', 'Compute', 304.58097454681524, 334.37893356522596, 29.797959018410722, 'NONE', 'NONE', 'NONE', 0
'FWD_MHA', 'Compute', 334.37893356522596, 360.31079680768624, 25.931863242460267, 'NONE', 'NONE', 'NONE', 0
'FWD_FFN', 'Compute', 360.31079680768624, 390.10875582609697, 29.797959018410722, 'NONE', 'NONE', 'NONE', 0
'FWD_MHA', 'Compute', 390.10875582609697, 416.04061906855725, 25.931863242460267, 'NONE', 'NONE', 'NONE', 0
'FWD_FFN', 'Compute', 416.04061906855725, 445.83857808696797, 29.797959018410722, 'NONE', 'NONE', 'NONE', 0
'FWD_MHA', 'Compute', 445.83857808696797, 471.77044132942825, 25.931863242460267, 'NONE', 'NONE', 'NONE', 0
'FWD_FFN', 'Compute', 471.77044132942825, 501.568400347839, 29.797959018410722, 'NONE', 'NONE', 'NONE', 0
'FWD_MHA', 'Compute', 501.568400347839, 527.5002635902993, 25.931863242460267, 'NONE', 'NONE', 'NONE', 0
'FWD_FFN', 'Compute', 527.5002635902993, 557.2982226087099, 29.797959018410722, 'NONE', 'NONE', 'NONE', 0
'FWD_MHA', 'Compute', 557.2982226087099, 583.2300858511702, 25.931863242460267, 'NONE', 'NONE', 'NONE', 0
'FWD_FFN', 'Compute', 583.2300858511702, 613.028044869581, 29.797959018410722, 'NONE', 'NONE', 'NONE', 0
'FWD_MHA', 'Compute', 613.028044869581, 638.9599081120413, 25.931863242460267, 'NONE', 'NONE', 'NONE', 0
'FWD_FFN', 'Compute', 638.9599081120413, 668.757867130452, 29.797959018410722, 'NONE', 'NONE', 'NONE', 0
'FWD_MHA', 'Compute', 668.757867130452, 694.6897303729123, 25.931863242460267, 'NONE', 'NONE', 'NONE', 0
'FWD_FFN', 'Compute', 694.6897303729123, 724.4876893913231, 29.797959018410722, 'NONE', 'NONE', 'NONE', 0
'FWD_MHA', 'Compute', 724.4876893913231, 750.4195526337834, 25.931863242460267, 'NONE', 'NONE', 'NONE', 0
'FWD_FFN', 'Compute', 750.4195526337834, 780.2175116521942, 29.797959018410722, 'NONE', 'NONE', 'NONE', 0
'FWD_MHA', 'Compute', 780.2175116521942, 806.1493748946544, 25.931863242460267, 'NONE', 'NONE', 'NONE', 0
'FWD_FFN', 'Compute', 806.1493748946544, 835.9473339130652, 29.797959018410722, 'NONE', 'NONE', 'NONE', 0
'FWD_MHA', 'Compute', 835.9473339130652, 861.8791971555255, 25.931863242460267, 'NONE', 'NONE', 'NONE', 0
'FWD_FFN', 'Compute', 861.8791971555255, 891.6771561739363, 29.797959018410722, 'NONE', 'NONE', 'NONE', 0
'FWD_MHA', 'Compute', 891.6771561739363, 917.6090194163966, 25.931863242460267, 'NONE', 'NONE', 'NONE', 0
'FWD_FFN', 'Compute', 917.6090194163966, 947.4069784348073, 29.797959018410722, 'NONE', 'NONE', 'NONE', 0
'FWD_MHA', 'Compute', 947.4069784348073, 973.3388416772676, 25.931863242460267, 'NONE', 'NONE', 'NONE', 0
'FWD_FFN', 'Compute', 973.3388416772676, 1003.1368006956784, 29.797959018410722, 'NONE', 'NONE', 'NONE', 0
'FWD_MHA', 'Compute', 1003.1368006956784, 1029.0686639381386, 25.931863242460267, 'NONE', 'NONE', 'NONE', 0
'FWD_FFN', 'Compute', 1029.0686639381386, 1058.8666229565492, 29.797959018410722, 'NONE', 'NONE', 'NONE', 0
'FWD_MHA', 'Compute', 1058.8666229565492, 1084.7984861990094, 25.931863242460267, 'NONE', 'NONE', 'NONE', 0
'FWD_FFN', 'Compute', 1084.7984861990094, 1114.59644521742, 29.797959018410722, 'NONE', 'NONE', 'NONE', 0
'FWD_MHA', 'Compute', 1114.59644521742, 1140.5283084598802, 25.931863242460267, 'NONE', 'NONE', 'NONE', 0
'FWD_FFN', 'Compute', 1140.5283084598802, 1170.326267478291, 29.797959018410722, 'NONE', 'NONE', 'NONE', 0
'FWD_MHA', 'Compute', 1170.326267478291, 1196.258130720751, 25.931863242460267, 'NONE', 'NONE', 'NONE', 0
'FWD_FFN', 'Compute', 1196.258130720751, 1226.0560897391617, 29.797959018410722, 'NONE', 'NONE', 'NONE', 0
'FWD_MHA', 'Compute', 1226.0560897391617, 1251.987952981622, 25.931863242460267, 'NONE', 'NONE', 'NONE', 0
'FWD_FFN', 'Compute', 1251.987952981622, 1281.7859120000326, 29.797959018410722, 'NONE', 'NONE', 'NONE', 0
'FWD_MHA', 'Compute', 1281.7859120000326, 1307.7177752424927, 25.931863242460267, 'NONE', 'NONE', 'NONE', 0
'FWD_FFN', 'Compute', 1307.7177752424927, 1337.5157342609034, 29.797959018410722, 'NONE', 'NONE', 'NONE', 0
'FWD_MHA', 'Compute', 1337.5157342609034, 1363.4475975033636, 25.931863242460267, 'NONE', 'NONE', 'NONE', 0
'FWD_FFN', 'Compute', 1363.4475975033636, 1393.2455565217742, 29.797959018410722, 'NONE', 'NONE', 'NONE', 0
'FWD_MHA', 'Compute', 1393.2455565217742, 1419.1774197642344, 25.931863242460267, 'NONE', 'NONE', 'NONE', 0
'FWD_FFN', 'Compute', 1419.1774197642344, 1448.975378782645, 29.797959018410722, 'NONE', 'NONE', 'NONE', 0
'FWD_MHA', 'Compute', 1448.975378782645, 1474.9072420251052, 25.931863242460267, 'NONE', 'NONE', 'NONE', 0
'FWD_FFN', 'Compute', 1474.9072420251052, 1504.705201043516, 29.797959018410722, 'NONE', 'NONE', 'NONE', 0
'FWD_MHA', 'Compute', 1504.705201043516, 1530.637064285976, 25.931863242460267, 'NONE', 'NONE', 'NONE', 0
'FWD_FFN', 'Compute', 1530.637064285976, 1560.4350233043867, 29.797959018410722, 'NONE', 'NONE', 'NONE', 0
'FWD_MHA', 'Compute', 1560.4350233043867, 1586.366886546847, 25.931863242460267, 'NONE', 'NONE', 'NONE', 0
'FWD_FFN', 'Compute', 1586.366886546847, 1616.1648455652576, 29.797959018410722, 'NONE', 'NONE', 'NONE', 0
'FWD_MHA', 'Compute', 1616.1648455652576, 1642.0967088077177, 25.931863242460267, 'NONE', 'NONE', 'NONE', 0
'FWD_FFN', 'Compute', 1642.0967088077177, 1671.8946678261284, 29.797959018410722, 'NONE', 'NONE', 'NONE', 0
'FWD_MHA', 'Compute', 1671.8946678261284, 1697.8265310685886, 25.931863242460267, 'NONE', 'NONE', 'NONE', 0
'FWD_FFN', 'Compute', 1697.8265310685886, 1727.6244900869992, 29.797959018410722, 'NONE', 'NONE', 'NONE', 0
'FWD_MHA', 'Compute', 1727.6244900869992, 1753.5563533294594, 25.931863242460267, 'NONE', 'NONE', 'NONE', 0
'FWD_FFN', 'Compute', 1753.5563533294594, 1783.35431234787, 29.797959018410722, 'NONE', 'NONE', 'NONE', 0
'FWD_MHA', 'Compute', 1783.35431234787, 1809.2861755903302, 25.931863242460267, 'NONE', 'NONE', 'NONE', 0
'FWD_FFN', 'Compute', 1809.2861755903302, 1839.084134608741, 29.797959018410722, 'NONE', 'NONE', 'NONE', 0
'FWD_MHA', 'Compute', 1839.084134608741, 1865.015997851201, 25.931863242460267, 'NONE', 'NONE', 'NONE', 0
'FWD_FFN', 'Compute', 1865.015997851201, 1894.8139568696117, 29.797959018410722, 'NONE', 'NONE', 'NONE', 0
'FWD_MHA', 'Compute', 1894.8139568696117, 1920.745820112072, 25.931863242460267, 'NONE', 'NONE', 'NONE', 0
'FWD_FFN', 'Compute', 1920.745820112072, 1950.5437791304826, 29.797959018410722, 'NONE', 'NONE', 'NONE', 0
'FWD_MHA', 'Compute', 1950.5437791304826, 1976.4756423729427, 25.931863242460267, 'NONE', 'NONE', 'NONE', 0
'FWD_FFN', 'Compute', 1976.4756423729427, 2006.2736013913534, 29.797959018410722, 'NONE', 'NONE', 'NONE', 0
'FWD_MHA', 'Compute', 2006.2736013913534, 2032.2054646338136, 25.931863242460267, 'NONE', 'NONE', 'NONE', 0
'FWD_FFN', 'Compute', 2032.2054646338136, 2062.0034236522242, 29.797959018410722, 'NONE', 'NONE', 'NONE', 0
'FWD_MHA', 'Compute', 2062.0034236522242, 2087.9352868946844, 25.931863242460267, 'NONE', 'NONE', 'NONE', 0
'FWD_FFN', 'Compute', 2087.9352868946844, 2117.7332459130953, 29.797959018410722, 'NONE', 'NONE', 'NONE', 0
'FWD_MHA', 'Compute', 2117.7332459130953, 2143.6651091555555, 25.931863242460267, 'NONE', 'NONE', 'NONE', 0
'FWD_FFN', 'Compute', 2143.6651091555555, 2173.4630681739663, 29.797959018410722, 'NONE', 'NONE', 'NONE', 0
'FWD_MHA', 'Compute', 2173.4630681739663, 2199.3949314164265, 25.931863242460267, 'NONE', 'NONE', 'NONE', 0
'FWD_FFN', 'Compute', 2199.3949314164265, 2229.1928904348374, 29.797959018410722, 'NONE', 'NONE', 'NONE', 0
'FWD_MHA', 'Compute', 2229.1928904348374, 2255.1247536772976, 25.931863242460267, 'NONE', 'NONE', 'NONE', 0
'FWD_FFN', 'Compute', 2255.1247536772976, 2284.9227126957085, 29.797959018410722, 'NONE', 'NONE', 'NONE', 0
'FWD_MHA', 'Compute', 2284.9227126957085, 2310.8545759381686, 25.931863242460267, 'NONE', 'NONE', 'NONE', 0
'FWD_FFN', 'Compute', 2310.8545759381686, 2340.6525349565795, 29.797959018410722, 'NONE', 'NONE', 'NONE', 0
'FWD_MHA', 'Compute', 2340.6525349565795, 2366.5843981990397, 25.931863242460267, 'NONE', 'NONE', 'NONE', 0
'FWD_FFN', 'Compute', 2366.5843981990397, 2396.3823572174506, 29.797959018410722, 'NONE', 'NONE', 'NONE', 0
'FWD_MHA', 'Compute', 2396.3823572174506, 2422.3142204599108, 25.931863242460267, 'NONE', 'NONE', 'NONE', 0
'FWD_FFN', 'Compute', 2422.3142204599108, 2452.1121794783217, 29.797959018410722, 'NONE', 'NONE', 'NONE', 0
'FWD_MHA', 'Compute', 2452.1121794783217, 2478.044042720782, 25.931863242460267, 'NONE', 'NONE', 'NONE', 0
'FWD_FFN', 'Compute', 2478.044042720782, 2507.8420017391927, 29.797959018410722, 'NONE', 'NONE', 'NONE', 0
'FWD_MHA', 'Compute', 2507.8420017391927, 2533.773864981653, 25.931863242460267, 'NONE', 'NONE', 'NONE', 0
'FWD_FFN', 'Compute', 2533.773864981653, 2563.5718240000638, 29.797959018410722, 'NONE', 'NONE', 'NONE', 0
'FWD_MHA', 'Compute', 2563.5718240000638, 2589.503687242524, 25.931863242460267, 'NONE', 'NONE', 'NONE', 0
'FWD_FFN', 'Compute', 2589.503687242524, 2619.301646260935, 29.797959018410722, 'NONE', 'NONE', 'NONE', 0
'FWD_MHA', 'Compute', 2619.301646260935, 2645.233509503395, 25.931863242460267, 'NONE', 'NONE', 'NONE', 0
'FWD_FFN', 'Compute', 2645.233509503395, 2675.031468521806, 29.797959018410722, 'NONE', 'NONE', 'NONE', 0
'FWD_MHA', 'Compute', 2675.031468521806, 2700.963331764266, 25.931863242460267, 'NONE', 'NONE', 'NONE', 0
'FWD_FFN', 'Compute', 2700.963331764266, 2730.761290782677, 29.797959018410722, 'NONE', 'NONE', 'NONE', 0
'FWD_MHA', 'Compute', 2730.761290782677, 2756.693154025137, 25.931863242460267, 'NONE', 'NONE', 'NONE', 0
'FWD_FFN', 'Compute', 2756.693154025137, 2786.491113043548, 29.797959018410722, 'NONE', 'NONE', 'NONE', 0
'FWD_MHA', 'Compute', 2786.491113043548, 2812.422976286008, 25.931863242460267, 'NONE', 'NONE', 'NONE', 0
'FWD_FFN', 'Compute', 2812.422976286008, 2842.220935304419, 29.797959018410722, 'NONE', 'NONE', 'NONE', 0
'FWD_MHA', 'Compute', 2842.220935304419, 2868.1527985468792, 25.931863242460267, 'NONE', 'NONE', 'NONE', 0
'FWD_FFN', 'Compute', 2868.1527985468792, 2897.95075756529, 29.797959018410722, 'NONE', 'NONE', 'NONE', 0
'FWD_MHA', 'Compute', 2897.95075756529, 2923.8826208077503, 25.931863242460267, 'NONE', 'NONE', 'NONE', 0
'FWD_FFN', 'Compute', 2923.8826208077503, 2953.680579826161, 29.797959018410722, 'NONE', 'NONE', 'NONE', 0
'FWD_MHA', 'Compute', 2953.680579826161, 2979.6124430686214, 25.931863242460267, 'NONE', 'NONE', 'NONE', 0
'FWD_FFN', 'Compute', 2979.6124430686214, 3009.4104020870323, 29.797959018410722, 'NONE', 'NONE', 'NONE', 0
'FWD_MHA', 'Compute', 3009.4104020870323, 3035.3422653294924, 25.931863242460267, 'NONE', 'NONE', 'NONE', 0
'FWD_FFN', 'Compute', 3035.3422653294924, 3065.1402243479033, 29.797959018410722, 'NONE', 'NONE', 'NONE', 0
'FWD_MHA', 'Compute', 3065.1402243479033, 3091.0720875903635, 25.931863242460267, 'NONE', 'NONE', 'NONE', 0
'FWD_FFN', 'Compute', 3091.0720875903635, 3120.8700466087744, 29.797959018410722, 'NONE', 'NONE', 'NONE', 0
'FWD_MHA', 'Compute', 3120.8700466087744, 3146.8019098512345, 25.931863242460267, 'NONE', 'NONE', 'NONE', 0
'FWD_FFN', 'Compute', 3146.8019098512345, 3176.5998688696454, 29.797959018410722, 'NONE', 'NONE', 'NONE', 0
'FWD_MHA', 'Compute', 3176.5998688696454, 3202.5317321121056, 25.931863242460267, 'NONE', 'NONE', 'NONE', 0
'FWD_FFN', 'Compute', 3202.5317321121056, 3232.3296911305165, 29.797959018410722, 'NONE', 'NONE', 'NONE', 0
'FWD_MHA', 'Compute', 3232.3296911305165, 3258.2615543729767, 25.931863242460267, 'NONE', 'NONE', 'NONE', 0
'FWD_FFN', 'Compute', 3258.2615543729767, 3288.0595133913876, 29.797959018410722, 'NONE', 'NONE', 'NONE', 0
'FWD_MHA', 'Compute', 3288.0595133913876, 3313.9913766338477, 25.931863242460267, 'NONE', 'NONE', 'NONE', 0
'FWD_FFN', 'Compute', 3313.9913766338477, 3343.7893356522586, 29.797959018410722, 'NONE', 'NONE', 'NONE', 0
'FWD_MHA', 'Compute', 3343.7893356522586, 3369.721198894719, 25.931863242460267, 'NONE', 'NONE', 'NONE', 0
'FWD_FFN', 'Compute', 3369.721198894719, 3399.5191579131297, 29.797959018410722, 'NONE', 'NONE', 'NONE', 0
'FWD_MHA', 'Compute', 3399.5191579131297, 3425.45102115559, 25.931863242460267, 'NONE', 'NONE', 'NONE', 0
'FWD_FFN', 'Compute', 3425.45102115559, 3455.2489801740007, 29.797959018410722, 'NONE', 'NONE', 'NONE', 0
'FWD_MHA', 'Compute', 3455.2489801740007, 3481.180843416461, 25.931863242460267, 'NONE', 'NONE', 'NONE', 0
'FWD_FFN', 'Compute', 3481.180843416461, 3510.978802434872, 29.797959018410722, 'NONE', 'NONE', 'NONE', 0
'FWD_MHA', 'Compute', 3510.978802434872, 3536.910665677332, 25.931863242460267, 'NONE', 'NONE', 'NONE', 0
'FWD_FFN', 'Compute', 3536.910665677332, 3566.708624695743, 29.797959018410722, 'NONE', 'NONE', 'NONE', 0
'FWD_MHA', 'Compute', 3566.708624695743, 3592.640487938203, 25.931863242460267, 'NONE', 'NONE', 'NONE', 0
'FWD_FFN', 'Compute', 3592.640487938203, 3622.438446956614, 29.797959018410722, 'NONE', 'NONE', 'NONE', 0
'FWD_MHA', 'Compute', 3622.438446956614, 3648.370310199074, 25.931863242460267, 'NONE', 'NONE', 'NONE', 0
'FWD_FFN', 'Compute', 3648.370310199074, 3678.168269217485, 29.797959018410722, 'NONE', 'NONE', 'NONE', 0
'FWD_MHA', 'Compute', 3678.168269217485, 3704.100132459945, 25.931863242460267, 'NONE', 'NONE', 'NONE', 0
'FWD_FFN', 'Compute', 3704.100132459945, 3733.898091478356, 29.797959018410722, 'NONE', 'NONE', 'NONE', 0
'FWD_MHA', 'Compute', 3733.898091478356, 3759.829954720816, 25.931863242460267, 'NONE', 'NONE', 'NONE', 0
'FWD_FFN', 'Compute', 3759.829954720816, 3789.627913739227, 29.797959018410722, 'NONE', 'NONE', 'NONE', 0
'FWD_MHA', 'Compute', 3789.627913739227, 3815.5597769816873, 25.931863242460267, 'NONE', 'NONE', 'NONE', 0
'FWD_FFN', 'Compute', 3815.5597769816873, 3845.357736000098, 29.797959018410722, 'NONE', 'NONE', 'NONE', 0
'FWD_MHA', 'Compute', 3845.357736000098, 3871.2895992425583, 25.931863242460267, 'NONE', 'NONE', 'NONE', 0
'FWD_FFN', 'Compute', 3871.2895992425583, 3901.087558260969, 29.797959018410722, 'NONE', 'NONE', 'NONE', 0
'FWD_MHA', 'Compute', 3901.087558260969, 3927.0194215034294, 25.931863242460267, 'NONE', 'NONE', 'NONE', 0
'FWD_FFN', 'Compute', 3927.0194215034294, 3956.8173805218403, 29.797959018410722, 'NONE', 'NONE', 'NONE', 0
'FWD_MHA', 'Compute', 3956.8173805218403, 3982.7492437643004, 25.931863242460267, 'NONE', 'NONE', 'NONE', 0
'FWD_FFN', 'Compute', 3982.7492437643004, 4012.5472027827113, 29.797959018410722, 'NONE', 'NONE', 'NONE', 0
'FWD_MHA', 'Compute', 4012.5472027827113, 4038.4790660251715, 25.931863242460267, 'NONE', 'NONE', 'NONE', 0
'FWD_FFN', 'Compute', 4038.4790660251715, 4068.2770250435824, 29.797959018410722, 'NONE', 'NONE', 'NONE', 0
'FWD_MHA', 'Compute', 4068.2770250435824, 4094.2088882860426, 25.931863242460267, 'NONE', 'NONE', 'NONE', 0
'FWD_FFN', 'Compute', 4094.2088882860426, 4124.006847304453, 29.797959018410722, 'NONE', 'NONE', 'NONE', 0
'FWD_MHA', 'Compute', 4124.006847304453, 4149.938710546913, 25.931863242460267, 'NONE', 'NONE', 'NONE', 0
'FWD_FFN', 'Compute', 4149.938710546913, 4179.736669565324, 29.797959018410722, 'NONE', 'NONE', 'NONE', 0
'FWD_MHA', 'Compute', 4179.736669565324, 4205.668532807784, 25.931863242460267, 'NONE', 'NONE', 'NONE', 0
'FWD_FFN', 'Compute', 4205.668532807784, 4235.466491826194, 29.797959018410722, 'NONE', 'NONE', 'NONE', 0
'FWD_MHA', 'Compute', 4235.466491826194, 4261.398355068654, 25.931863242460267, 'NONE', 'NONE', 'NONE', 0
'FWD_FFN', 'Compute', 4261.398355068654, 4291.196314087065, 29.797959018410722, 'NONE', 'NONE', 'NONE', 0
'FWD_MHA', 'Compute', 4291.196314087065, 4317.128177329525, 25.931863242460267, 'NONE', 'NONE', 'NONE', 0
'FWD_FFN', 'Compute', 4317.128177329525, 4346.926136347935, 29.797959018410722, 'NONE', 'NONE', 'NONE', 0
'FWD_MHA', 'Compute', 4346.926136347935, 4372.857999590396, 25.931863242460267, 'NONE', 'NONE', 'NONE', 0
'FWD_FFN', 'Compute', 4372.857999590396, 4402.655958608806, 29.797959018410722, 'NONE', 'NONE', 'NONE', 0
'FWD_MHA', 'Compute', 4402.655958608806, 4428.587821851266, 25.931863242460267, 'NONE', 'NONE', 'NONE', 0
'FWD_FFN', 'Compute', 4428.587821851266, 4458.385780869677, 29.797959018410722, 'NONE', 'NONE', 'NONE', 0
'FWD_MHA', 'Compute', 4458.385780869677, 4484.317644112137, 25.931863242460267, 'NONE', 'NONE', 'NONE', 0
'FWD_FFN', 'Compute', 4484.317644112137, 4514.115603130547, 29.797959018410722, 'NONE', 'NONE', 'NONE', 0
'FWD_MHA', 'Compute', 4514.115603130547, 4540.047466373007, 25.931863242460267, 'NONE', 'NONE', 'NONE', 0
'FWD_FFN', 'Compute', 4540.047466373007, 4569.845425391418, 29.797959018410722, 'NONE', 'NONE', 'NONE', 0
'FWD_MHA', 'Compute', 4569.845425391418, 4595.777288633878, 25.931863242460267, 'NONE', 'NONE', 'NONE', 0
'FWD_FFN', 'Compute', 4595.777288633878, 4625.575247652288, 29.797959018410722, 'NONE', 'NONE', 'NONE', 0
'FWD_MHA', 'Compute', 4625.575247652288, 4651.507110894749, 25.931863242460267, 'NONE', 'NONE', 'NONE', 0
'FWD_FFN', 'Compute', 4651.507110894749, 4681.305069913159, 29.797959018410722, 'NONE', 'NONE', 'NONE', 0
'FWD_MHA', 'Compute', 4681.305069913159, 4707.236933155619, 25.931863242460267, 'NONE', 'NONE', 'NONE', 0
'FWD_FFN', 'Compute', 4707.236933155619, 4737.03489217403, 29.797959018410722, 'NONE', 'NONE', 'NONE', 0
'FWD_MHA', 'Compute', 4737.03489217403, 4762.96675541649, 25.931863242460267, 'NONE', 'NONE', 'NONE', 0
'FWD_FFN', 'Compute', 4762.96675541649, 4792.7647144349, 29.797959018410722, 'NONE', 'NONE', 'NONE', 0
'FWD_MHA', 'Compute', 4792.7647144349, 4818.69657767736, 25.931863242460267, 'NONE', 'NONE', 'NONE', 0
'FWD_FFN', 'Compute', 4818.69657767736, 4848.494536695771, 29.797959018410722, 'NONE', 'NONE', 'NONE', 0
'FWD_MHA', 'Compute', 4848.494536695771, 4874.426399938231, 25.931863242460267, 'NONE', 'NONE', 'NONE', 0
'FWD_FFN', 'Compute', 4874.426399938231, 4904.2243589566415, 29.797959018410722, 'NONE', 'NONE', 'NONE', 0
'FWD_MHA', 'Compute', 4904.2243589566415, 4930.156222199102, 25.931863242460267, 'NONE', 'NONE', 'NONE', 0
'FWD_FFN', 'Compute', 4930.156222199102, 4959.954181217512, 29.797959018410722, 'NONE', 'NONE', 'NONE', 0
'FWD_MHA', 'Compute', 4959.954181217512, 4985.886044459972, 25.931863242460267, 'NONE', 'NONE', 'NONE', 0
'FWD_FFN', 'Compute', 4985.886044459972, 5015.684003478383, 29.797959018410722, 'NONE', 'NONE', 'NONE', 0
'FWD_MHA', 'Compute', 5015.684003478383, 5041.615866720843, 25.931863242460267, 'NONE', 'NONE', 'NONE', 0
'FWD_FFN', 'Compute', 5041.615866720843, 5071.413825739253, 29.797959018410722, 'NONE', 'NONE', 'NONE', 0
'FWD_MHA', 'Compute', 5071.413825739253, 5097.3456889817135, 25.931863242460267, 'NONE', 'NONE', 'NONE', 0
'FWD_FFN', 'Compute', 5097.3456889817135, 5127.143648000124, 29.797959018410722, 'NONE', 'NONE', 'NONE', 0
'FWD_MHA', 'Compute', 5127.143648000124, 5153.075511242584, 25.931863242460267, 'NONE', 'NONE', 'NONE', 0
'FWD_FFN', 'Compute', 5153.075511242584, 5182.8734702609945, 29.797959018410722, 'NONE', 'NONE', 'NONE', 0
'FWD_MHA', 'Compute', 5182.8734702609945, 5208.805333503455, 25.931863242460267, 'NONE', 'NONE', 'NONE', 0
'FWD_FFN', 'Compute', 5208.805333503455, 5238.603292521865, 29.797959018410722, 'NONE', 'NONE', 'NONE', 0
'FWD_MHA', 'Compute', 5238.603292521865, 5264.535155764325, 25.931863242460267, 'NONE', 'NONE', 'NONE', 0
'FWD_FFN', 'Compute', 5264.535155764325, 5294.333114782736, 29.797959018410722, 'NONE', 'NONE', 'NONE', 0
'FWD_MHA', 'Compute', 5294.333114782736, 5320.264978025196, 25.931863242460267, 'NONE', 'NONE', 'NONE', 0
'FWD_FFN', 'Compute', 5320.264978025196, 5350.062937043606, 29.797959018410722, 'NONE', 'NONE', 'NONE', 0
'BWD_MHA', 'Compute', 5350.062937043606, 5375.9948002860665, 25.931863242460267, 'NONE', 'NONE', 'NONE', 0
'BWD_FFN', 'Compute', 5375.9948002860665, 5405.792759304477, 29.797959018410722, 'NONE', 'NONE', 'NONE', 0
'BWD_MHA', 'Compute', 5405.792759304477, 5431.724622546937, 25.931863242460267, 'NONE', 'NONE', 'NONE', 0
'BWD_FFN', 'Compute', 5431.724622546937, 5461.5225815653475, 29.797959018410722, 'NONE', 'NONE', 'NONE', 0
'BWD_MHA', 'Compute', 5461.5225815653475, 5487.454444807808, 25.931863242460267, 'NONE', 'NONE', 'NONE', 0
'BWD_FFN', 'Compute', 5487.454444807808, 5517.252403826218, 29.797959018410722, 'NONE', 'NONE', 'NONE', 0
'BWD_MHA', 'Compute', 5517.252403826218, 5543.184267068678, 25.931863242460267, 'NONE', 'NONE', 'NONE', 0
'BWD_FFN', 'Compute', 5543.184267068678, 5572.982226087089, 29.797959018410722, 'NONE', 'NONE', 'NONE', 0
'BWD_MHA', 'Compute', 5572.982226087089, 5598.914089329549, 25.931863242460267, 'NONE', 'NONE', 'NONE', 0
'BWD_FFN', 'Compute', 5598.914089329549, 5628.712048347959, 29.797959018410722, 'NONE', 'NONE', 'NONE', 0
'BWD_MHA', 'Compute', 5628.712048347959, 5654.6439115904195, 25.931863242460267, 'NONE', 'NONE', 'NONE', 0
'BWD_FFN', 'Compute', 5654.6439115904195, 5684.44187060883, 29.797959018410722, 'NONE', 'NONE', 'NONE', 0
'BWD_MHA', 'Compute', 5684.44187060883, 5710.37373385129, 25.931863242460267, 'NONE', 'NONE', 'NONE', 0
'BWD_FFN', 'Compute', 5710.37373385129, 5740.171692869701, 29.797959018410722, 'NONE', 'NONE', 'NONE', 0
'BWD_MHA', 'Compute', 5740.171692869701, 5766.103556112161, 25.931863242460267, 'NONE', 'NONE', 'NONE', 0
'BWD_FFN', 'Compute', 5766.103556112161, 5795.901515130571, 29.797959018410722, 'NONE', 'NONE', 'NONE', 0
'BWD_MHA', 'Compute', 5795.901515130571, 5821.833378373031, 25.931863242460267, 'NONE', 'NONE', 'NONE', 0
'BWD_FFN', 'Compute', 5821.833378373031, 5851.631337391442, 29.797959018410722, 'NONE', 'NONE', 'NONE', 0
'BWD_MHA', 'Compute', 5851.631337391442, 5877.563200633902, 25.931863242460267, 'NONE', 'NONE', 'NONE', 0
'BWD_FFN', 'Compute', 5877.563200633902, 5907.361159652312, 29.797959018410722, 'NONE', 'NONE', 'NONE', 0
'BWD_MHA', 'Compute', 5907.361159652312, 5933.293022894773, 25.931863242460267, 'NONE', 'NONE', 'NONE', 0
'BWD_FFN', 'Compute', 5933.293022894773, 5963.090981913183, 29.797959018410722, 'NONE', 'NONE', 'NONE', 0
'BWD_MHA', 'Compute', 5963.090981913183, 5989.022845155643, 25.931863242460267, 'NONE', 'NONE', 'NONE', 0
'BWD_FFN', 'Compute', 5989.022845155643, 6018.820804174054, 29.797959018410722, 'NONE', 'NONE', 'NONE', 0
'BWD_MHA', 'Compute', 6018.820804174054, 6044.752667416514, 25.931863242460267, 'NONE', 'NONE', 'NONE', 0
'BWD_FFN', 'Compute', 6044.752667416514, 6074.550626434924, 29.797959018410722, 'NONE', 'NONE', 'NONE', 0
'BWD_MHA', 'Compute', 6074.550626434924, 6100.482489677384, 25.931863242460267, 'NONE', 'NONE', 'NONE', 0
'BWD_FFN', 'Compute', 6100.482489677384, 6130.280448695795, 29.797959018410722, 'NONE', 'NONE', 'NONE', 0
'BWD_MHA', 'Compute', 6130.280448695795, 6156.212311938255, 25.931863242460267, 'NONE', 'NONE', 'NONE', 0
'BWD_FFN', 'Compute', 6156.212311938255, 6186.010270956665, 29.797959018410722, 'NONE', 'NONE', 'NONE', 0
'BWD_MHA', 'Compute', 6186.010270956665, 6211.942134199126, 25.931863242460267, 'NONE', 'NONE', 'NONE', 0
'BWD_FFN', 'Compute', 6211.942134199126, 6241.740093217536, 29.797959018410722, 'NONE', 'NONE', 'NONE', 0
'BWD_MHA', 'Compute', 6241.740093217536, 6267.671956459996, 25.931863242460267, 'NONE', 'NONE', 'NONE', 0
'BWD_FFN', 'Compute', 6267.671956459996, 6297.469915478407, 29.797959018410722, 'NONE', 'NONE', 'NONE', 0
'BWD_MHA', 'Compute', 6297.469915478407, 6323.401778720867, 25.931863242460267, 'NONE', 'NONE', 'NONE', 0
'BWD_FFN', 'Compute', 6323.401778720867, 6353.199737739277, 29.797959018410722, 'NONE', 'NONE', 'NONE', 0
'BWD_MHA', 'Compute', 6353.199737739277, 6379.131600981737, 25.931863242460267, 'NONE', 'NONE', 'NONE', 0
'BWD_FFN', 'Compute', 6379.131600981737, 6408.929560000148, 29.797959018410722, 'NONE', 'NONE', 'NONE', 0
'BWD_MHA', 'Compute', 6408.929560000148, 6434.861423242608, 25.931863242460267, 'NONE', 'NONE', 'NONE', 0
'BWD_FFN', 'Compute', 6434.861423242608, 6464.659382261018, 29.797959018410722, 'NONE', 'NONE', 'NONE', 0
'BWD_MHA', 'Compute', 6464.659382261018, 6490.591245503479, 25.931863242460267, 'NONE', 'NONE', 'NONE', 0
'BWD_FFN', 'Compute', 6490.591245503479, 6520.389204521889, 29.797959018410722, 'NONE', 'NONE', 'NONE', 0
'BWD_MHA', 'Compute', 6520.389204521889, 6546.321067764349, 25.931863242460267, 'NONE', 'NONE', 'NONE', 0
'BWD_FFN', 'Compute', 6546.321067764349, 6576.11902678276, 29.797959018410722, 'NONE', 'NONE', 'NONE', 0
'BWD_MHA', 'Compute', 6576.11902678276, 6602.05089002522, 25.931863242460267, 'NONE', 'NONE', 'NONE', 0
'BWD_FFN', 'Compute', 6602.05089002522, 6631.84884904363, 29.797959018410722, 'NONE', 'NONE', 'NONE', 0
'BWD_MHA', 'Compute', 6631.84884904363, 6657.78071228609, 25.931863242460267, 'NONE', 'NONE', 'NONE', 0
'BWD_FFN', 'Compute', 6657.78071228609, 6687.578671304501, 29.797959018410722, 'NONE', 'NONE', 'NONE', 0
'BWD_MHA', 'Compute', 6687.578671304501, 6713.510534546961, 25.931863242460267, 'NONE', 'NONE', 'NONE', 0
'BWD_FFN', 'Compute', 6713.510534546961, 6743.3084935653715, 29.797959018410722, 'NONE', 'NONE', 'NONE', 0
'BWD_MHA', 'Compute', 6743.3084935653715, 6769.240356807832, 25.931863242460267, 'NONE', 'NONE', 'NONE', 0
'BWD_FFN', 'Compute', 6769.240356807832, 6799.038315826242, 29.797959018410722, 'NONE', 'NONE', 'NONE', 0
'BWD_MHA', 'Compute', 6799.038315826242, 6824.970179068702, 25.931863242460267, 'NONE', 'NONE', 'NONE', 0
'BWD_FFN', 'Compute', 6824.970179068702, 6854.768138087113, 29.797959018410722, 'NONE', 'NONE', 'NONE', 0
'BWD_MHA', 'Compute', 6854.768138087113, 6880.700001329573, 25.931863242460267, 'NONE', 'NONE', 'NONE', 0
'BWD_FFN', 'Compute', 6880.700001329573, 6910.497960347983, 29.797959018410722, 'NONE', 'NONE', 'NONE', 0
'BWD_MHA', 'Compute', 6910.497960347983, 6936.429823590443, 25.931863242460267, 'NONE', 'NONE', 'NONE', 0
'BWD_FFN', 'Compute', 6936.429823590443, 6966.227782608854, 29.797959018410722, 'NONE', 'NONE', 'NONE', 0
'BWD_MHA', 'Compute', 6966.227782608854, 6992.159645851314, 25.931863242460267, 'NONE', 'NONE', 'NONE', 0
'BWD_FFN', 'Compute', 6992.159645851314, 7021.9576048697245, 29.797959018410722, 'NONE', 'NONE', 'NONE', 0
'BWD_MHA', 'Compute', 7021.9576048697245, 7047.889468112185, 25.931863242460267, 'NONE', 'NONE', 'NONE', 0
'BWD_FFN', 'Compute', 7047.889468112185, 7077.687427130595, 29.797959018410722, 'NONE', 'NONE', 'NONE', 0
'BWD_MHA', 'Compute', 7077.687427130595, 7103.619290373055, 25.931863242460267, 'NONE', 'NONE', 'NONE', 0
'BWD_FFN', 'Compute', 7103.619290373055, 7133.417249391466, 29.797959018410722, 'NONE', 'NONE', 'NONE', 0
'BWD_MHA', 'Compute', 7133.417249391466, 7159.349112633926, 25.931863242460267, 'NONE', 'NONE', 'NONE', 0
'BWD_FFN', 'Compute', 7159.349112633926, 7189.147071652336, 29.797959018410722, 'NONE', 'NONE', 'NONE', 0
'BWD_MHA', 'Compute', 7189.147071652336, 7215.0789348947965, 25.931863242460267, 'NONE', 'NONE', 'NONE', 0
'BWD_FFN', 'Compute', 7215.0789348947965, 7244.876893913207, 29.797959018410722, 'NONE', 'NONE', 'NONE', 0
'BWD_MHA', 'Compute', 7244.876893913207, 7270.808757155667, 25.931863242460267, 'NONE', 'NONE', 'NONE', 0
'BWD_FFN', 'Compute', 7270.808757155667, 7300.6067161740775, 29.797959018410722, 'NONE', 'NONE', 'NONE', 0
'BWD_MHA', 'Compute', 7300.6067161740775, 7326.538579416538, 25.931863242460267, 'NONE', 'NONE', 'NONE', 0
'BWD_FFN', 'Compute', 7326.538579416538, 7356.336538434948, 29.797959018410722, 'NONE', 'NONE', 'NONE', 0
'BWD_MHA', 'Compute', 7356.336538434948, 7382.268401677408, 25.931863242460267, 'NONE', 'NONE', 'NONE', 0
'BWD_FFN', 'Compute', 7382.268401677408, 7412.066360695819, 29.797959018410722, 'NONE', 'NONE', 'NONE', 0
'BWD_MHA', 'Compute', 7412.066360695819, 7437.998223938279, 25.931863242460267, 'NONE', 'NONE', 'NONE', 0
'BWD_FFN', 'Compute', 7437.998223938279, 7467.796182956689, 29.797959018410722, 'NONE', 'NONE', 'NONE', 0
'BWD_MHA', 'Compute', 7467.796182956689, 7493.7280461991495, 25.931863242460267, 'NONE', 'NONE', 'NONE', 0
'BWD_FFN', 'Compute', 7493.7280461991495, 7523.52600521756, 29.797959018410722, 'NONE', 'NONE', 'NONE', 0
'BWD_MHA', 'Compute', 7523.52600521756, 7549.45786846002, 25.931863242460267, 'NONE', 'NONE', 'NONE', 0
'BWD_FFN', 'Compute', 7549.45786846002, 7579.255827478431, 29.797959018410722, 'NONE', 'NONE', 'NONE', 0
'BWD_MHA', 'Compute', 7579.255827478431, 7605.187690720891, 25.931863242460267, 'NONE', 'NONE', 'NONE', 0
'BWD_FFN', 'Compute', 7605.187690720891, 7634.985649739301, 29.797959018410722, 'NONE', 'NONE', 'NONE', 0
'BWD_MHA', 'Compute', 7634.985649739301, 7660.917512981761, 25.931863242460267, 'NONE', 'NONE', 'NONE', 0
'BWD_FFN', 'Compute', 7660.917512981761, 7690.715472000172, 29.797959018410722, 'NONE', 'NONE', 'NONE', 0
'BWD_MHA', 'Compute', 7690.715472000172, 7716.647335242632, 25.931863242460267, 'NONE', 'NONE', 'NONE', 0
'BWD_FFN', 'Compute', 7716.647335242632, 7746.445294261042, 29.797959018410722, 'NONE', 'NONE', 'NONE', 0
'BWD_MHA', 'Compute', 7746.445294261042, 7772.3771575035025, 25.931863242460267, 'NONE', 'NONE', 'NONE', 0
'BWD_FFN', 'Compute', 7772.3771575035025, 7802.175116521913, 29.797959018410722, 'NONE', 'NONE', 'NONE', 0
'BWD_MHA', 'Compute', 7802.175116521913, 7828.106979764373, 25.931863242460267, 'NONE', 'NONE', 'NONE', 0
'BWD_FFN', 'Compute', 7828.106979764373, 7857.904938782784, 29.797959018410722, 'NONE', 'NONE', 'NONE', 0
'BWD_MHA', 'Compute', 7857.904938782784, 7883.836802025244, 25.931863242460267, 'NONE', 'NONE', 'NONE', 0
'BWD_FFN', 'Compute', 7883.836802025244, 7913.634761043654, 29.797959018410722, 'NONE', 'NONE', 'NONE', 0
'BWD_MHA', 'Compute', 7913.634761043654, 7939.566624286114, 25.931863242460267, 'NONE', 'NONE', 'NONE', 0
'BWD_FFN', 'Compute', 7939.566624286114, 7969.364583304525, 29.797959018410722, 'NONE', 'NONE', 'NONE', 0
'BWD_MHA', 'Compute', 7969.364583304525, 7995.296446546985, 25.931863242460267, 'NONE', 'NONE', 'NONE', 0
'BWD_FFN', 'Compute', 7995.296446546985, 8025.094405565395, 29.797959018410722, 'NONE', 'NONE', 'NONE', 0
'BWD_MHA', 'Compute', 8025.094405565395, 8051.026268807856, 25.931863242460267, 'NONE', 'NONE', 'NONE', 0
'BWD_FFN', 'Compute', 8051.026268807856, 8080.824227826266, 29.797959018410722, 'NONE', 'NONE', 'NONE', 0
'BWD_MHA', 'Compute', 8080.824227826266, 8106.756091068726, 25.931863242460267, 'NONE', 'NONE', 'NONE', 0
'BWD_FFN', 'Compute', 8106.756091068726, 8136.554050087137, 29.797959018410722, 'NONE', 'NONE', 'NONE', 0
'BWD_MHA', 'Compute', 8136.554050087137, 8162.485913329597, 25.931863242460267, 'NONE', 'NONE', 'NONE', 0
'BWD_FFN', 'Compute', 8162.485913329597, 8192.283872348007, 29.797959018410722, 'NONE', 'NONE', 'NONE', 0
'BWD_MHA', 'Compute', 8192.283872348007, 8218.215735590467, 25.931863242460267, 'NONE', 'NONE', 'NONE', 0
'BWD_FFN', 'Compute', 8218.215735590467, 8248.013694608879, 29.797959018410722, 'NONE', 'NONE', 'NONE', 0
'BWD_MHA', 'Compute', 8248.013694608879, 8273.945557851339, 25.931863242460267, 'NONE', 'NONE', 'NONE', 0
'BWD_FFN', 'Compute', 8273.945557851339, 8303.74351686975, 29.797959018410722, 'NONE', 'NONE', 'NONE', 0
'BWD_MHA', 'Compute', 8303.74351686975, 8329.67538011221, 25.931863242460267, 'NONE', 'NONE', 'NONE', 0
'BWD_FFN', 'Compute', 8329.67538011221, 8359.473339130622, 29.797959018410722, 'NONE', 'NONE', 'NONE', 0
'BWD_MHA', 'Compute', 8359.473339130622, 8385.405202373082, 25.931863242460267, 'NONE', 'NONE', 'NONE', 0
'BWD_FFN', 'Compute', 8385.405202373082, 8415.203161391493, 29.797959018410722, 'NONE', 'NONE', 'NONE', 0
'BWD_MHA', 'Compute', 8415.203161391493, 8441.135024633953, 25.931863242460267, 'NONE', 'NONE', 'NONE', 0
'BWD_FFN', 'Compute', 8441.135024633953, 8470.932983652365, 29.797959018410722, 'NONE', 'NONE', 'NONE', 0
'BWD_MHA', 'Compute', 8470.932983652365, 8496.864846894825, 25.931863242460267, 'NONE', 'NONE', 'NONE', 0
'BWD_FFN', 'Compute', 8496.864846894825, 8526.662805913236, 29.797959018410722, 'NONE', 'NONE', 'NONE', 0
'BWD_MHA', 'Compute', 8526.662805913236, 8552.594669155696, 25.931863242460267, 'NONE', 'NONE', 'NONE', 0
'BWD_FFN', 'Compute', 8552.594669155696, 8582.392628174108, 29.797959018410722, 'NONE', 'NONE', 'NONE', 0
'BWD_MHA', 'Compute', 8582.392628174108, 8608.324491416568, 25.931863242460267, 'NONE', 'NONE', 'NONE', 0
'BWD_FFN', 'Compute', 8608.324491416568, 8638.12245043498, 29.797959018410722, 'NONE', 'NONE', 'NONE', 0
'BWD_MHA', 'Compute', 8638.12245043498, 8664.05431367744, 25.931863242460267, 'NONE', 'NONE', 'NONE', 0
'BWD_FFN', 'Compute', 8664.05431367744, 8693.85227269585, 29.797959018410722, 'NONE', 'NONE', 'NONE', 0
'BWD_MHA', 'Compute', 8693.85227269585, 8719.784135938311, 25.931863242460267, 'NONE', 'NONE', 'NONE', 0
'BWD_FFN', 'Compute', 8719.784135938311, 8749.582094956722, 29.797959018410722, 'NONE', 'NONE', 'NONE', 0
'BWD_MHA', 'Compute', 8749.582094956722, 8775.513958199183, 25.931863242460267, 'NONE', 'NONE', 'NONE', 0
'BWD_FFN', 'Compute', 8775.513958199183, 8805.311917217594, 29.797959018410722, 'NONE', 'NONE', 'NONE', 0
'BWD_MHA', 'Compute', 8805.311917217594, 8831.243780460054, 25.931863242460267, 'NONE', 'NONE', 'NONE', 0
'BWD_FFN', 'Compute', 8831.243780460054, 8861.041739478465, 29.797959018410722, 'NONE', 'NONE', 'NONE', 0
'BWD_MHA', 'Compute', 8861.041739478465, 8886.973602720926, 25.931863242460267, 'NONE', 'NONE', 'NONE', 0
'BWD_FFN', 'Compute', 8886.973602720926, 8916.771561739337, 29.797959018410722, 'NONE', 'NONE', 'NONE', 0
'BWD_MHA', 'Compute', 8916.771561739337, 8942.703424981797, 25.931863242460267, 'NONE', 'NONE', 'NONE', 0
'BWD_FFN', 'Compute', 8942.703424981797, 8972.501384000208, 29.797959018410722, 'NONE', 'NONE', 'NONE', 0
'BWD_MHA', 'Compute', 8972.501384000208, 8998.433247242669, 25.931863242460267, 'NONE', 'NONE', 'NONE', 0
'BWD_FFN', 'Compute', 8998.433247242669, 9028.23120626108, 29.797959018410722, 'NONE', 'NONE', 'NONE', 0
'BWD_MHA', 'Compute', 9028.23120626108, 9054.16306950354, 25.931863242460267, 'NONE', 'NONE', 'NONE', 0
'BWD_FFN', 'Compute', 9054.16306950354, 9083.961028521951, 29.797959018410722, 'NONE', 'NONE', 'NONE', 0
'BWD_MHA', 'Compute', 9083.961028521951, 9109.892891764412, 25.931863242460267, 'NONE', 'NONE', 'NONE', 0
'BWD_FFN', 'Compute', 9109.892891764412, 9139.690850782823, 29.797959018410722, 'NONE', 'NONE', 'NONE', 0
'BWD_MHA', 'Compute', 9139.690850782823, 9165.622714025283, 25.931863242460267, 'NONE', 'NONE', 'NONE', 0
'BWD_FFN', 'Compute', 9165.622714025283, 9195.420673043694, 29.797959018410722, 'NONE', 'NONE', 'NONE', 0
'BWD_MHA', 'Compute', 9195.420673043694, 9221.352536286155, 25.931863242460267, 'NONE', 'NONE', 'NONE', 0
'BWD_FFN', 'Compute', 9221.352536286155, 9251.150495304566, 29.797959018410722, 'NONE', 'NONE', 'NONE', 0
'BWD_MHA', 'Compute', 9251.150495304566, 9277.082358547026, 25.931863242460267, 'NONE', 'NONE', 'NONE', 0
'BWD_FFN', 'Compute', 9277.082358547026, 9306.880317565438, 29.797959018410722, 'NONE', 'NONE', 'NONE', 0
'BWD_MHA', 'Compute', 9306.880317565438, 9332.812180807898, 25.931863242460267, 'NONE', 'NONE', 'NONE', 0
'BWD_FFN', 'Compute', 9332.812180807898, 9362.610139826309, 29.797959018410722, 'NONE', 'NONE', 'NONE', 0
'BWD_MHA', 'Compute', 9362.610139826309, 9388.54200306877, 25.931863242460267, 'NONE', 'NONE', 'NONE', 0
'BWD_FFN', 'Compute', 9388.54200306877, 9418.33996208718, 29.797959018410722, 'NONE', 'NONE', 'NONE', 0
'BWD_MHA', 'Compute', 9418.33996208718, 9444.27182532964, 25.931863242460267, 'NONE', 'NONE', 'NONE', 0
'BWD_FFN', 'Compute', 9444.27182532964, 9474.069784348052, 29.797959018410722, 'NONE', 'NONE', 'NONE', 0
'BWD_MHA', 'Compute', 9474.069784348052, 9500.001647590512, 25.931863242460267, 'NONE', 'NONE', 'NONE', 0
'BWD_FFN', 'Compute', 9500.001647590512, 9529.799606608924, 29.797959018410722, 'NONE', 'NONE', 'NONE', 0
'BWD_MHA', 'Compute', 9529.799606608924, 9555.731469851384, 25.931863242460267, 'NONE', 'NONE', 'NONE', 0
'BWD_FFN', 'Compute', 9555.731469851384, 9585.529428869795, 29.797959018410722, 'NONE', 'NONE', 'NONE', 0
'BWD_MHA', 'Compute', 9585.529428869795, 9611.461292112255, 25.931863242460267, 'NONE', 'NONE', 'NONE', 0
'BWD_FFN', 'Compute', 9611.461292112255, 9641.259251130667, 29.797959018410722, 'NONE', 'NONE', 'NONE', 0
'BWD_MHA', 'Compute', 9641.259251130667, 9667.191114373127, 25.931863242460267, 'NONE', 'NONE', 'NONE', 0
'BWD_FFN', 'Compute', 9667.191114373127, 9696.989073391538, 29.797959018410722, 'NONE', 'NONE', 'NONE', 0
'BWD_MHA', 'Compute', 9696.989073391538, 9722.920936633998, 25.931863242460267, 'NONE', 'NONE', 'NONE', 0
'BWD_FFN', 'Compute', 9722.920936633998, 9752.71889565241, 29.797959018410722, 'NONE', 'NONE', 'NONE', 0
'BWD_MHA', 'Compute', 9752.71889565241, 9778.65075889487, 25.931863242460267, 'NONE', 'NONE', 'NONE', 0
'BWD_FFN', 'Compute', 9778.65075889487, 9808.448717913281, 29.797959018410722, 'NONE', 'NONE', 'NONE', 0
'BWD_MHA', 'Compute', 9808.448717913281, 9834.380581155741, 25.931863242460267, 'NONE', 'NONE', 'NONE', 0
'BWD_FFN', 'Compute', 9834.380581155741, 9864.178540174153, 29.797959018410722, 'NONE', 'NONE', 'NONE', 0
'BWD_MHA', 'Compute', 9864.178540174153, 9890.110403416613, 25.931863242460267, 'NONE', 'NONE', 'NONE', 0
'BWD_FFN', 'Compute', 9890.110403416613, 9919.908362435024, 29.797959018410722, 'NONE', 'NONE', 'NONE', 0
'BWD_MHA', 'Compute', 9919.908362435024, 9945.840225677484, 25.931863242460267, 'NONE', 'NONE', 'NONE', 0
'BWD_FFN', 'Compute', 9945.840225677484, 9975.638184695896, 29.797959018410722, 'NONE', 'NONE', 'NONE', 0
'BWD_MHA', 'Compute', 9975.638184695896, 10001.570047938356, 25.931863242460267, 'NONE', 'NONE', 'NONE', 0
'BWD_FFN', 'Compute', 10001.570047938356, 10031.368006956767, 29.797959018410722, 'NONE', 'NONE', 'NONE', 0
'BWD_MHA', 'Compute', 10031.368006956767, 10057.299870199227, 25.931863242460267, 'NONE', 'NONE', 'NONE', 0
'BWD_FFN', 'Compute', 10057.299870199227, 10087.097829217639, 29.797959018410722, 'NONE', 'NONE', 'NONE', 0
'BWD_MHA', 'Compute', 10087.097829217639, 10113.029692460099, 25.931863242460267, 'NONE', 'NONE', 'NONE', 0
'BWD_FFN', 'Compute', 10113.029692460099, 10142.82765147851, 29.797959018410722, 'NONE', 'NONE', 'NONE', 0
'BWD_MHA', 'Compute', 10142.82765147851, 10168.75951472097, 25.931863242460267, 'NONE', 'NONE', 'NONE', 0
'BWD_FFN', 'Compute', 10168.75951472097, 10198.557473739382, 29.797959018410722, 'NONE', 'NONE', 'NONE', 0
'BWD_MHA', 'Compute', 10198.557473739382, 10224.489336981842, 25.931863242460267, 'NONE', 'NONE', 'NONE', 0
'BWD_FFN', 'Compute', 10224.489336981842, 10254.287296000253, 29.797959018410722, 'NONE', 'NONE', 'NONE', 0
'BWD_MHA', 'Compute', 10254.287296000253, 10280.219159242713, 25.931863242460267, 'NONE', 'NONE', 'NONE', 0
'BWD_FFN', 'Compute', 10280.219159242713, 10310.017118261125, 29.797959018410722, 'NONE', 'NONE', 'NONE', 0
'BWD_MHA', 'Compute', 10310.017118261125, 10335.948981503585, 25.931863242460267, 'NONE', 'NONE', 'NONE', 0
'BWD_FFN', 'Compute', 10335.948981503585, 10365.746940521996, 29.797959018410722, 'NONE', 'NONE', 'NONE', 0
'BWD_MHA', 'Compute', 10365.746940521996, 10391.678803764456, 25.931863242460267, 'NONE', 'NONE', 'NONE', 0
'BWD_FFN', 'Compute', 10391.678803764456, 10421.476762782868, 29.797959018410722, 'NONE', 'NONE', 'NONE', 0
'BWD_MHA', 'Compute', 10421.476762782868, 10447.408626025328, 25.931863242460267, 'NONE', 'NONE', 'NONE', 0
'BWD_FFN', 'Compute', 10447.408626025328, 10477.20658504374, 29.797959018410722, 'NONE', 'NONE', 'NONE', 0
'BWD_MHA', 'Compute', 10477.20658504374, 10503.1384482862, 25.931863242460267, 'NONE', 'NONE', 'NONE', 0
'BWD_FFN', 'Compute', 10503.1384482862, 10532.93640730461, 29.797959018410722, 'NONE', 'NONE', 'NONE', 0
'BWD_MHA', 'Compute', 10532.93640730461, 10558.868270547071, 25.931863242460267, 'NONE', 'NONE', 'NONE', 0
'BWD_FFN', 'Compute', 10558.868270547071, 10588.666229565482, 29.797959018410722, 'NONE', 'NONE', 'NONE', 0
'BWD_MHA', 'Compute', 10588.666229565482, 10614.598092807943, 25.931863242460267, 'NONE', 'NONE', 'NONE', 0
'BWD_FFN', 'Compute', 10614.598092807943, 10644.396051826354, 29.797959018410722, 'NONE', 'NONE', 'NONE', 0
'BWD_MHA', 'Compute', 10644.396051826354, 10670.327915068814, 25.931863242460267, 'NONE', 'NONE', 'NONE', 0
'BWD_FFN', 'Compute', 10670.327915068814, 10700.125874087225, 29.797959018410722, 'NONE', 'NONE', 'NONE', 0
'BWD_DP_COMM_INTRA_0', 'Comm', 10700.125874087225, 10700.131935501811, 0.006061414586666668, 87284226048.0, 'P2P', 'DP', 'INTRA', 4, 1, 1
'BWD_DP_COMM_INTRA_1', 'Comm', 10700.125874087225, 10700.131935501811, 0.006061414586666668, 87284226048.0, 'P2P', 'DP', 'INTRA', 4, 1, 1
'BWD_DP_COMM_INTRA_2', 'Comm', 10700.125874087225, 10700.131935501811, 0.006061414586666668, 87284226048.0, 'P2P', 'DP', 'INTRA', 4, 1, 1
'BWD_DP_COMM_INTRA_3', 'Comm', 10700.125874087225, 10700.131935501811, 0.006061414586666668, 87284226048.0, 'P2P', 'DP', 'INTRA', 4, 1, 1
'BWD_DP_COMM_INTRA_4', 'Comm', 10700.125874087225, 10700.131935501811, 0.006061414586666668, 87284226048.0, 'P2P', 'DP', 'INTRA', 4, 1, 1
'BWD_DP_COMM_INTRA_5', 'Comm', 10700.125874087225, 10700.131935501811, 0.006061414586666668, 87284226048.0, 'P2P', 'DP', 'INTRA', 4, 1, 1
'Weight_update', 'Compute', 10700.162242574745, 10773.34308741859, 73.18084484384597, 'NONE', 'NONE', 'NONE', 0
'Weight_update', 'Compute', 10773.34308741859, 10846.523932262437, 73.18084484384597, 'NONE', 'NONE', 'NONE', 0
'Weight_update', 'Compute', 10846.523932262437, 10919.704777106283, 73.18084484384597, 'NONE', 'NONE', 'NONE', 0
'Weight_update', 'Compute', 10919.704777106283, 10992.885621950129, 73.18084484384597, 'NONE', 'NONE', 'NONE', 0
'Weight_update', 'Compute', 10992.885621950129, 11066.066466793975, 73.18084484384597, 'NONE', 'NONE', 'NONE', 0
'Weight_update', 'Compute', 11066.066466793975, 11139.24731163782, 73.18084484384597, 'NONE', 'NONE', 'NONE', 0
'Weight_update', 'Compute', 11139.24731163782, 11212.428156481667, 73.18084484384597, 'NONE', 'NONE', 'NONE', 0
'Weight_update', 'Compute', 11212.428156481667, 11285.609001325513, 73.18084484384597, 'NONE', 'NONE', 'NONE', 0
'Weight_update', 'Compute', 11285.609001325513, 11358.789846169358, 73.18084484384597, 'NONE', 'NONE', 'NONE', 0
'Weight_update', 'Compute', 11358.789846169358, 11431.970691013204, 73.18084484384597, 'NONE', 'NONE', 'NONE', 0
'Weight_update', 'Compute', 11431.970691013204, 11505.15153585705, 73.18084484384597, 'NONE', 'NONE', 'NONE', 0
'Weight_update', 'Compute', 11505.15153585705, 11578.332380700896, 73.18084484384597, 'NONE', 'NONE', 'NONE', 0
'Weight_update', 'Compute', 11578.332380700896, 11651.513225544742, 73.18084484384597, 'NONE', 'NONE', 'NONE', 0
'Weight_update', 'Compute', 11651.513225544742, 11724.694070388588, 73.18084484384597, 'NONE', 'NONE', 'NONE', 0
'Weight_update', 'Compute', 11724.694070388588, 11797.874915232434, 73.18084484384597, 'NONE', 'NONE', 'NONE', 0
'Weight_update', 'Compute', 11797.874915232434, 11871.05576007628, 73.18084484384597, 'NONE', 'NONE', 'NONE', 0
'Weight_update', 'Compute', 11871.05576007628, 11944.236604920126, 73.18084484384597, 'NONE', 'NONE', 'NONE', 0
'Weight_update', 'Compute', 11944.236604920126, 12017.417449763972, 73.18084484384597, 'NONE', 'NONE', 'NONE', 0
'Weight_update', 'Compute', 12017.417449763972, 12090.598294607818, 73.18084484384597, 'NONE', 'NONE', 'NONE', 0
'Weight_update', 'Compute', 12090.598294607818, 12163.779139451664, 73.18084484384597, 'NONE', 'NONE', 'NONE', 0
'Weight_update', 'Compute', 12163.779139451664, 12236.95998429551, 73.18084484384597, 'NONE', 'NONE', 'NONE', 0
'Weight_update', 'Compute', 12236.95998429551, 12310.140829139356, 73.18084484384597, 'NONE', 'NONE', 'NONE', 0
'Weight_update', 'Compute', 12310.140829139356, 12383.321673983202, 73.18084484384597, 'NONE', 'NONE', 'NONE', 0
'Weight_update', 'Compute', 12383.321673983202, 12456.502518827048, 73.18084484384597, 'NONE', 'NONE', 'NONE', 0
'Weight_update', 'Compute', 12456.502518827048, 12529.683363670894, 73.18084484384597, 'NONE', 'NONE', 'NONE', 0
'Weight_update', 'Compute', 12529.683363670894, 12602.86420851474, 73.18084484384597, 'NONE', 'NONE', 'NONE', 0
'Weight_update', 'Compute', 12602.86420851474, 12676.045053358586, 73.18084484384597, 'NONE', 'NONE', 'NONE', 0
'Weight_update', 'Compute', 12676.045053358586, 12749.225898202432, 73.18084484384597, 'NONE', 'NONE', 'NONE', 0
'Weight_update', 'Compute', 12749.225898202432, 12822.406743046278, 73.18084484384597, 'NONE', 'NONE', 'NONE', 0
'Weight_update', 'Compute', 12822.406743046278, 12895.587587890124, 73.18084484384597, 'NONE', 'NONE', 'NONE', 0
'Weight_update', 'Compute', 12895.587587890124, 12968.76843273397, 73.18084484384597, 'NONE', 'NONE', 'NONE', 0
'Weight_update', 'Compute', 12968.76843273397, 13041.949277577816, 73.18084484384597, 'NONE', 'NONE', 'NONE', 0
'Weight_update', 'Compute', 13041.949277577816, 13115.130122421662, 73.18084484384597, 'NONE', 'NONE', 'NONE', 0
'Weight_update', 'Compute', 13115.130122421662, 13188.310967265508, 73.18084484384597, 'NONE', 'NONE', 'NONE', 0
'Weight_update', 'Compute', 13188.310967265508, 13261.491812109354, 73.18084484384597, 'NONE', 'NONE', 'NONE', 0
'Weight_update', 'Compute', 13261.491812109354, 13334.6726569532, 73.18084484384597, 'NONE', 'NONE', 'NONE', 0
'Weight_update', 'Compute', 13334.6726569532, 13407.853501797046, 73.18084484384597, 'NONE', 'NONE', 'NONE', 0
'Weight_update', 'Compute', 13407.853501797046, 13481.034346640892, 73.18084484384597, 'NONE', 'NONE', 'NONE', 0
'Weight_update', 'Compute', 13481.034346640892, 13554.215191484738, 73.18084484384597, 'NONE', 'NONE', 'NONE', 0
'Weight_update', 'Compute', 13554.215191484738, 13627.396036328584, 73.18084484384597, 'NONE', 'NONE', 'NONE', 0
'Weight_update', 'Compute', 13627.396036328584, 13700.57688117243, 73.18084484384597, 'NONE', 'NONE', 'NONE', 0
'Weight_update', 'Compute', 13700.57688117243, 13773.757726016276, 73.18084484384597, 'NONE', 'NONE', 'NONE', 0
'Weight_update', 'Compute', 13773.757726016276, 13846.938570860122, 73.18084484384597, 'NONE', 'NONE', 'NONE', 0
'Weight_update', 'Compute', 13846.938570860122, 13920.119415703968, 73.18084484384597, 'NONE', 'NONE', 'NONE', 0
'Weight_update', 'Compute', 13920.119415703968, 13993.300260547814, 73.18084484384597, 'NONE', 'NONE', 'NONE', 0
'Weight_update', 'Compute', 13993.300260547814, 14066.48110539166, 73.18084484384597, 'NONE', 'NONE', 'NONE', 0
'Weight_update', 'Compute', 14066.48110539166, 14139.661950235506, 73.18084484384597, 'NONE', 'NONE', 'NONE', 0
'Weight_update', 'Compute', 14139.661950235506, 14212.842795079352, 73.18084484384597, 'NONE', 'NONE', 'NONE', 0
'Weight_update', 'Compute', 14212.842795079352, 14286.023639923198, 73.18084484384597, 'NONE', 'NONE', 'NONE', 0
'Weight_update', 'Compute', 14286.023639923198, 14359.204484767044, 73.18084484384597, 'NONE', 'NONE', 'NONE', 0
'Weight_update', 'Compute', 14359.204484767044, 14432.38532961089, 73.18084484384597, 'NONE', 'NONE', 'NONE', 0
'Weight_update', 'Compute', 14432.38532961089, 14505.566174454736, 73.18084484384597, 'NONE', 'NONE', 'NONE', 0
'Weight_update', 'Compute', 14505.566174454736, 14578.747019298582, 73.18084484384597, 'NONE', 'NONE', 'NONE', 0
'Weight_update', 'Compute', 14578.747019298582, 14651.927864142428, 73.18084484384597, 'NONE', 'NONE', 'NONE', 0
'Weight_update', 'Compute', 14651.927864142428, 14725.108708986274, 73.18084484384597, 'NONE', 'NONE', 'NONE', 0
'Weight_update', 'Compute', 14725.108708986274, 14798.28955383012, 73.18084484384597, 'NONE', 'NONE', 'NONE', 0
'Weight_update', 'Compute', 14798.28955383012, 14871.470398673966, 73.18084484384597, 'NONE', 'NONE', 'NONE', 0
'Weight_update', 'Compute', 14871.470398673966, 14944.651243517812, 73.18084484384597, 'NONE', 'NONE', 'NONE', 0
'Weight_update', 'Compute', 14944.651243517812, 15017.832088361658, 73.18084484384597, 'NONE', 'NONE', 'NONE', 0
'Weight_update', 'Compute', 15017.832088361658, 15091.012933205504, 73.18084484384597, 'NONE', 'NONE', 'NONE', 0
'Weight_update', 'Compute', 15091.012933205504, 15164.19377804935, 73.18084484384597, 'NONE', 'NONE', 'NONE', 0
'Weight_update', 'Compute', 15164.19377804935, 15237.374622893196, 73.18084484384597, 'NONE', 'NONE', 'NONE', 0
'Weight_update', 'Compute', 15237.374622893196, 15310.555467737042, 73.18084484384597, 'NONE', 'NONE', 'NONE', 0
'Weight_update', 'Compute', 15310.555467737042, 15383.736312580888, 73.18084484384597, 'NONE', 'NONE', 'NONE', 0
'Weight_update', 'Compute', 15383.736312580888, 15456.917157424734, 73.18084484384597, 'NONE', 'NONE', 'NONE', 0
'Weight_update', 'Compute', 15456.917157424734, 15530.09800226858, 73.18084484384597, 'NONE', 'NONE', 'NONE', 0
'Weight_update', 'Compute', 15530.09800226858, 15603.278847112426, 73.18084484384597, 'NONE', 'NONE', 'NONE', 0
'Weight_update', 'Compute', 15603.278847112426, 15676.459691956272, 73.18084484384597, 'NONE', 'NONE', 'NONE', 0
'Weight_update', 'Compute', 15676.459691956272, 15749.640536800118, 73.18084484384597, 'NONE', 'NONE', 'NONE', 0
'Weight_update', 'Compute', 15749.640536800118, 15822.821381643964, 73.18084484384597, 'NONE', 'NONE', 'NONE', 0
'Weight_update', 'Compute', 15822.821381643964, 15896.00222648781, 73.18084484384597, 'NONE', 'NONE', 'NONE', 0
'Weight_update', 'Compute', 15896.00222648781, 15969.183071331656, 73.18084484384597, 'NONE', 'NONE', 'NONE', 0
'Weight_update', 'Compute', 15969.183071331656, 16042.363916175502, 73.18084484384597, 'NONE', 'NONE', 'NONE', 0
'Weight_update', 'Compute', 16042.363916175502, 16115.544761019348, 73.18084484384597, 'NONE', 'NONE', 'NONE', 0
'Weight_update', 'Compute', 16115.544761019348, 16188.725605863194, 73.18084484384597, 'NONE', 'NONE', 'NONE', 0
'Weight_update', 'Compute', 16188.725605863194, 16261.90645070704, 73.18084484384597, 'NONE', 'NONE', 'NONE', 0
'Weight_update', 'Compute', 16261.90645070704, 16335.087295550886, 73.18084484384597, 'NONE', 'NONE', 'NONE', 0
'Weight_update', 'Compute', 16335.087295550886, 16408.26814039473, 73.18084484384597, 'NONE', 'NONE', 'NONE', 0
'Weight_update', 'Compute', 16408.26814039473, 16481.448985238578, 73.18084484384597, 'NONE', 'NONE', 'NONE', 0
'Weight_update', 'Compute', 16481.448985238578, 16554.629830082424, 73.18084484384597, 'NONE', 'NONE', 'NONE', 0
'Weight_update', 'Compute', 16554.629830082424, 16627.81067492627, 73.18084484384597, 'NONE', 'NONE', 'NONE', 0
'Weight_update', 'Compute', 16627.81067492627, 16700.991519770116, 73.18084484384597, 'NONE', 'NONE', 'NONE', 0
'Weight_update', 'Compute', 16700.991519770116, 16774.17236461396, 73.18084484384597, 'NONE', 'NONE', 'NONE', 0
'Weight_update', 'Compute', 16774.17236461396, 16847.353209457808, 73.18084484384597, 'NONE', 'NONE', 'NONE', 0
'Weight_update', 'Compute', 16847.353209457808, 16920.534054301654, 73.18084484384597, 'NONE', 'NONE', 'NONE', 0
'Weight_update', 'Compute', 16920.534054301654, 16993.7148991455, 73.18084484384597, 'NONE', 'NONE', 'NONE', 0
'Weight_update', 'Compute', 16993.7148991455, 17066.895743989346, 73.18084484384597, 'NONE', 'NONE', 'NONE', 0
'Weight_update', 'Compute', 17066.895743989346, 17140.07658883319, 73.18084484384597, 'NONE', 'NONE', 'NONE', 0
'Weight_update', 'Compute', 17140.07658883319, 17213.257433677038, 73.18084484384597, 'NONE', 'NONE', 'NONE', 0
'Weight_update', 'Compute', 17213.257433677038, 17286.438278520884, 73.18084484384597, 'NONE', 'NONE', 'NONE', 0
'Weight_update', 'Compute', 17286.438278520884, 17359.61912336473, 73.18084484384597, 'NONE', 'NONE', 'NONE', 0
'Weight_update', 'Compute', 17359.61912336473, 17432.799968208576, 73.18084484384597, 'NONE', 'NONE', 'NONE', 0
'Weight_update', 'Compute', 17432.799968208576, 17505.98081305242, 73.18084484384597, 'NONE', 'NONE', 'NONE', 0
'Weight_update', 'Compute', 17505.98081305242, 17579.161657896268, 73.18084484384597, 'NONE', 'NONE', 'NONE', 0
'Weight_update', 'Compute', 17579.161657896268, 17652.342502740114, 73.18084484384597, 'NONE', 'NONE', 'NONE', 0
'Weight_update', 'Compute', 17652.342502740114, 17725.52334758396, 73.18084484384597, 'NONE', 'NONE', 'NONE', 0
'FWD_MHA', 'Compute', 17725.52334758396, 17751.45521082642, 25.931863242460267, 'NONE', 'NONE', 'NONE', 0
'FWD_FFN', 'Compute', 17751.45521082642, 17781.253169844833, 29.797959018410722, 'NONE', 'NONE', 'NONE', 0
'FWD_MHA', 'Compute', 17781.253169844833, 17807.185033087295, 25.931863242460267, 'NONE', 'NONE', 'NONE', 0
'FWD_FFN', 'Compute', 17807.185033087295, 17836.982992105706, 29.797959018410722, 'NONE', 'NONE', 'NONE', 0
'FWD_MHA', 'Compute', 17836.982992105706, 17862.91485534817, 25.931863242460267, 'NONE', 'NONE', 'NONE', 0
'FWD_FFN', 'Compute', 17862.91485534817, 17892.71281436658, 29.797959018410722, 'NONE', 'NONE', 'NONE', 0
'FWD_MHA', 'Compute', 17892.71281436658, 17918.64467760904, 25.931863242460267, 'NONE', 'NONE', 'NONE', 0
'FWD_FFN', 'Compute', 17918.64467760904, 17948.442636627453, 29.797959018410722, 'NONE', 'NONE', 'NONE', 0
'FWD_MHA', 'Compute', 17948.442636627453, 17974.374499869915, 25.931863242460267, 'NONE', 'NONE', 'NONE', 0
'FWD_FFN', 'Compute', 17974.374499869915, 18004.172458888326, 29.797959018410722, 'NONE', 'NONE', 'NONE', 0
'FWD_MHA', 'Compute', 18004.172458888326, 18030.10432213079, 25.931863242460267, 'NONE', 'NONE', 'NONE', 0
'FWD_FFN', 'Compute', 18030.10432213079, 18059.9022811492, 29.797959018410722, 'NONE', 'NONE', 'NONE', 0
'FWD_MHA', 'Compute', 18059.9022811492, 18085.83414439166, 25.931863242460267, 'NONE', 'NONE', 'NONE', 0
'FWD_FFN', 'Compute', 18085.83414439166, 18115.632103410073, 29.797959018410722, 'NONE', 'NONE', 'NONE', 0
'FWD_MHA', 'Compute', 18115.632103410073, 18141.563966652535, 25.931863242460267, 'NONE', 'NONE', 'NONE', 0
'FWD_FFN', 'Compute', 18141.563966652535, 18171.361925670946, 29.797959018410722, 'NONE', 'NONE', 'NONE', 0
'FWD_MHA', 'Compute', 18171.361925670946, 18197.29378891341, 25.931863242460267, 'NONE', 'NONE', 'NONE', 0
'FWD_FFN', 'Compute', 18197.29378891341, 18227.09174793182, 29.797959018410722, 'NONE', 'NONE', 'NONE', 0
'FWD_MHA', 'Compute', 18227.09174793182, 18253.02361117428, 25.931863242460267, 'NONE', 'NONE', 'NONE', 0
'FWD_FFN', 'Compute', 18253.02361117428, 18282.821570192693, 29.797959018410722, 'NONE', 'NONE', 'NONE', 0
'FWD_MHA', 'Compute', 18282.821570192693, 18308.753433435155, 25.931863242460267, 'NONE', 'NONE', 'NONE', 0
'FWD_FFN', 'Compute', 18308.753433435155, 18338.551392453566, 29.797959018410722, 'NONE', 'NONE', 'NONE', 0
'FWD_MHA', 'Compute', 18338.551392453566, 18364.48325569603, 25.931863242460267, 'NONE', 'NONE', 'NONE', 0
'FWD_FFN', 'Compute', 18364.48325569603, 18394.28121471444, 29.797959018410722, 'NONE', 'NONE', 'NONE', 0
'FWD_MHA', 'Compute', 18394.28121471444, 18420.2130779569, 25.931863242460267, 'NONE', 'NONE', 'NONE', 0
'FWD_FFN', 'Compute', 18420.2130779569, 18450.011036975313, 29.797959018410722, 'NONE', 'NONE', 'NONE', 0
'FWD_MHA', 'Compute', 18450.011036975313, 18475.942900217775, 25.931863242460267, 'NONE', 'NONE', 'NONE', 0
'FWD_FFN', 'Compute', 18475.942900217775, 18505.740859236186, 29.797959018410722, 'NONE', 'NONE', 'NONE', 0
'FWD_MHA', 'Compute', 18505.740859236186, 18531.67272247865, 25.931863242460267, 'NONE', 'NONE', 'NONE', 0
'FWD_FFN', 'Compute', 18531.67272247865, 18561.47068149706, 29.797959018410722, 'NONE', 'NONE', 'NONE', 0
'FWD_MHA', 'Compute', 18561.47068149706, 18587.40254473952, 25.931863242460267, 'NONE', 'NONE', 'NONE', 0
'FWD_FFN', 'Compute', 18587.40254473952, 18617.200503757933, 29.797959018410722, 'NONE', 'NONE', 'NONE', 0
'FWD_MHA', 'Compute', 18617.200503757933, 18643.132367000395, 25.931863242460267, 'NONE', 'NONE', 'NONE', 0
'FWD_FFN', 'Compute', 18643.132367000395, 18672.930326018806, 29.797959018410722, 'NONE', 'NONE', 'NONE', 0
'FWD_MHA', 'Compute', 18672.930326018806, 18698.86218926127, 25.931863242460267, 'NONE', 'NONE', 'NONE', 0
'FWD_FFN', 'Compute', 18698.86218926127, 18728.66014827968, 29.797959018410722, 'NONE', 'NONE', 'NONE', 0
'FWD_MHA', 'Compute', 18728.66014827968, 18754.59201152214, 25.931863242460267, 'NONE', 'NONE', 'NONE', 0
'FWD_FFN', 'Compute', 18754.59201152214, 18784.389970540553, 29.797959018410722, 'NONE', 'NONE', 'NONE', 0
'FWD_MHA', 'Compute', 18784.389970540553, 18810.321833783015, 25.931863242460267, 'NONE', 'NONE', 'NONE', 0
'FWD_FFN', 'Compute', 18810.321833783015, 18840.119792801426, 29.797959018410722, 'NONE', 'NONE', 'NONE', 0
'FWD_MHA', 'Compute', 18840.119792801426, 18866.05165604389, 25.931863242460267, 'NONE', 'NONE', 'NONE', 0
'FWD_FFN', 'Compute', 18866.05165604389, 18895.8496150623, 29.797959018410722, 'NONE', 'NONE', 'NONE', 0
'FWD_MHA', 'Compute', 18895.8496150623, 18921.78147830476, 25.931863242460267, 'NONE', 'NONE', 'NONE', 0
'FWD_FFN', 'Compute', 18921.78147830476, 18951.579437323173, 29.797959018410722, 'NONE', 'NONE', 'NONE', 0
'FWD_MHA', 'Compute', 18951.579437323173, 18977.511300565635, 25.931863242460267, 'NONE', 'NONE', 'NONE', 0
'FWD_FFN', 'Compute', 18977.511300565635, 19007.309259584046, 29.797959018410722, 'NONE', 'NONE', 'NONE', 0
'FWD_MHA', 'Compute', 19007.309259584046, 19033.24112282651, 25.931863242460267, 'NONE', 'NONE', 'NONE', 0
'FWD_FFN', 'Compute', 19033.24112282651, 19063.03908184492, 29.797959018410722, 'NONE', 'NONE', 'NONE', 0
'FWD_MHA', 'Compute', 19063.03908184492, 19088.97094508738, 25.931863242460267, 'NONE', 'NONE', 'NONE', 0
'FWD_FFN', 'Compute', 19088.97094508738, 19118.768904105793, 29.797959018410722, 'NONE', 'NONE', 'NONE', 0
'FWD_MHA', 'Compute', 19118.768904105793, 19144.700767348255, 25.931863242460267, 'NONE', 'NONE', 'NONE', 0
'FWD_FFN', 'Compute', 19144.700767348255, 19174.498726366666, 29.797959018410722, 'NONE', 'NONE', 'NONE', 0
'FWD_MHA', 'Compute', 19174.498726366666, 19200.43058960913, 25.931863242460267, 'NONE', 'NONE', 'NONE', 0
'FWD_FFN', 'Compute', 19200.43058960913, 19230.22854862754, 29.797959018410722, 'NONE', 'NONE', 'NONE', 0
'FWD_MHA', 'Compute', 19230.22854862754, 19256.16041187, 25.931863242460267, 'NONE', 'NONE', 'NONE', 0
'FWD_FFN', 'Compute', 19256.16041187, 19285.958370888413, 29.797959018410722, 'NONE', 'NONE', 'NONE', 0
'FWD_MHA', 'Compute', 19285.958370888413, 19311.890234130875, 25.931863242460267, 'NONE', 'NONE', 'NONE', 0
'FWD_FFN', 'Compute', 19311.890234130875, 19341.688193149286, 29.797959018410722, 'NONE', 'NONE', 'NONE', 0
'FWD_MHA', 'Compute', 19341.688193149286, 19367.62005639175, 25.931863242460267, 'NONE', 'NONE', 'NONE', 0
'FWD_FFN', 'Compute', 19367.62005639175, 19397.41801541016, 29.797959018410722, 'NONE', 'NONE', 'NONE', 0
'FWD_MHA', 'Compute', 19397.41801541016, 19423.34987865262, 25.931863242460267, 'NONE', 'NONE', 'NONE', 0
'FWD_FFN', 'Compute', 19423.34987865262, 19453.147837671033, 29.797959018410722, 'NONE', 'NONE', 'NONE', 0
'FWD_MHA', 'Compute', 19453.147837671033, 19479.079700913495, 25.931863242460267, 'NONE', 'NONE', 'NONE', 0
'FWD_FFN', 'Compute', 19479.079700913495, 19508.877659931906, 29.797959018410722, 'NONE', 'NONE', 'NONE', 0
'FWD_MHA', 'Compute', 19508.877659931906, 19534.80952317437, 25.931863242460267, 'NONE', 'NONE', 'NONE', 0
'FWD_FFN', 'Compute', 19534.80952317437, 19564.60748219278, 29.797959018410722, 'NONE', 'NONE', 'NONE', 0
'FWD_MHA', 'Compute', 19564.60748219278, 19590.53934543524, 25.931863242460267, 'NONE', 'NONE', 'NONE', 0
'FWD_FFN', 'Compute', 19590.53934543524, 19620.337304453653, 29.797959018410722, 'NONE', 'NONE', 'NONE', 0
'FWD_MHA', 'Compute', 19620.337304453653, 19646.269167696115, 25.931863242460267, 'NONE', 'NONE', 'NONE', 0
'FWD_FFN', 'Compute', 19646.269167696115, 19676.067126714526, 29.797959018410722, 'NONE', 'NONE', 'NONE', 0
'FWD_MHA', 'Compute', 19676.067126714526, 19701.99898995699, 25.931863242460267, 'NONE', 'NONE', 'NONE', 0
'FWD_FFN', 'Compute', 19701.99898995699, 19731.7969489754, 29.797959018410722, 'NONE', 'NONE', 'NONE', 0
'FWD_MHA', 'Compute', 19731.7969489754, 19757.72881221786, 25.931863242460267, 'NONE', 'NONE', 'NONE', 0
'FWD_FFN', 'Compute', 19757.72881221786, 19787.526771236273, 29.797959018410722, 'NONE', 'NONE', 'NONE', 0
'FWD_MHA', 'Compute', 19787.526771236273, 19813.458634478735, 25.931863242460267, 'NONE', 'NONE', 'NONE', 0
'FWD_FFN', 'Compute', 19813.458634478735, 19843.256593497146, 29.797959018410722, 'NONE', 'NONE', 'NONE', 0
'FWD_MHA', 'Compute', 19843.256593497146, 19869.18845673961, 25.931863242460267, 'NONE', 'NONE', 'NONE', 0
'FWD_FFN', 'Compute', 19869.18845673961, 19898.98641575802, 29.797959018410722, 'NONE', 'NONE', 'NONE', 0
'FWD_MHA', 'Compute', 19898.98641575802, 19924.91827900048, 25.931863242460267, 'NONE', 'NONE', 'NONE', 0
'FWD_FFN', 'Compute', 19924.91827900048, 19954.716238018893, 29.797959018410722, 'NONE', 'NONE', 'NONE', 0
'FWD_MHA', 'Compute', 19954.716238018893, 19980.648101261355, 25.931863242460267, 'NONE', 'NONE', 'NONE', 0
'FWD_FFN', 'Compute', 19980.648101261355, 20010.446060279766, 29.797959018410722, 'NONE', 'NONE', 'NONE', 0
'FWD_MHA', 'Compute', 20010.446060279766, 20036.37792352223, 25.931863242460267, 'NONE', 'NONE', 'NONE', 0
'FWD_FFN', 'Compute', 20036.37792352223, 20066.17588254064, 29.797959018410722, 'NONE', 'NONE', 'NONE', 0
'FWD_MHA', 'Compute', 20066.17588254064, 20092.1077457831, 25.931863242460267, 'NONE', 'NONE', 'NONE', 0
'FWD_FFN', 'Compute', 20092.1077457831, 20121.905704801513, 29.797959018410722, 'NONE', 'NONE', 'NONE', 0
'FWD_MHA', 'Compute', 20121.905704801513, 20147.837568043975, 25.931863242460267, 'NONE', 'NONE', 'NONE', 0
'FWD_FFN', 'Compute', 20147.837568043975, 20177.635527062386, 29.797959018410722, 'NONE', 'NONE', 'NONE', 0
'FWD_MHA', 'Compute', 20177.635527062386, 20203.56739030485, 25.931863242460267, 'NONE', 'NONE', 'NONE', 0
'FWD_FFN', 'Compute', 20203.56739030485, 20233.36534932326, 29.797959018410722, 'NONE', 'NONE', 'NONE', 0
'FWD_MHA', 'Compute', 20233.36534932326, 20259.29721256572, 25.931863242460267, 'NONE', 'NONE', 'NONE', 0
'FWD_FFN', 'Compute', 20259.29721256572, 20289.095171584133, 29.797959018410722, 'NONE', 'NONE', 'NONE', 0
'FWD_MHA', 'Compute', 20289.095171584133, 20315.027034826595, 25.931863242460267, 'NONE', 'NONE', 'NONE', 0
'FWD_FFN', 'Compute', 20315.027034826595, 20344.824993845006, 29.797959018410722, 'NONE', 'NONE', 'NONE', 0
'FWD_MHA', 'Compute', 20344.824993845006, 20370.75685708747, 25.931863242460267, 'NONE', 'NONE', 'NONE', 0
'FWD_FFN', 'Compute', 20370.75685708747, 20400.55481610588, 29.797959018410722, 'NONE', 'NONE', 'NONE', 0
'FWD_MHA', 'Compute', 20400.55481610588, 20426.48667934834, 25.931863242460267, 'NONE', 'NONE', 'NONE', 0
'FWD_FFN', 'Compute', 20426.48667934834, 20456.284638366753, 29.797959018410722, 'NONE', 'NONE', 'NONE', 0
'FWD_MHA', 'Compute', 20456.284638366753, 20482.216501609215, 25.931863242460267, 'NONE', 'NONE', 'NONE', 0
'FWD_FFN', 'Compute', 20482.216501609215, 20512.014460627626, 29.797959018410722, 'NONE', 'NONE', 'NONE', 0
'FWD_MHA', 'Compute', 20512.014460627626, 20537.94632387009, 25.931863242460267, 'NONE', 'NONE', 'NONE', 0
'FWD_FFN', 'Compute', 20537.94632387009, 20567.7442828885, 29.797959018410722, 'NONE', 'NONE', 'NONE', 0
'FWD_MHA', 'Compute', 20567.7442828885, 20593.67614613096, 25.931863242460267, 'NONE', 'NONE', 'NONE', 0
'FWD_FFN', 'Compute', 20593.67614613096, 20623.474105149373, 29.797959018410722, 'NONE', 'NONE', 'NONE', 0
'FWD_MHA', 'Compute', 20623.474105149373, 20649.405968391835, 25.931863242460267, 'NONE', 'NONE', 'NONE', 0
'FWD_FFN', 'Compute', 20649.405968391835, 20679.203927410246, 29.797959018410722, 'NONE', 'NONE', 'NONE', 0
'FWD_MHA', 'Compute', 20679.203927410246, 20705.13579065271, 25.931863242460267, 'NONE', 'NONE', 'NONE', 0
'FWD_FFN', 'Compute', 20705.13579065271, 20734.93374967112, 29.797959018410722, 'NONE', 'NONE', 'NONE', 0
'FWD_MHA', 'Compute', 20734.93374967112, 20760.86561291358, 25.931863242460267, 'NONE', 'NONE', 'NONE', 0
'FWD_FFN', 'Compute', 20760.86561291358, 20790.663571931993, 29.797959018410722, 'NONE', 'NONE', 'NONE', 0
'FWD_MHA', 'Compute', 20790.663571931993, 20816.595435174455, 25.931863242460267, 'NONE', 'NONE', 'NONE', 0
'FWD_FFN', 'Compute', 20816.595435174455, 20846.393394192866, 29.797959018410722, 'NONE', 'NONE', 'NONE', 0
'FWD_MHA', 'Compute', 20846.393394192866, 20872.32525743533, 25.931863242460267, 'NONE', 'NONE', 'NONE', 0
'FWD_FFN', 'Compute', 20872.32525743533, 20902.12321645374, 29.797959018410722, 'NONE', 'NONE', 'NONE', 0
'FWD_MHA', 'Compute', 20902.12321645374, 20928.0550796962, 25.931863242460267, 'NONE', 'NONE', 'NONE', 0
'FWD_FFN', 'Compute', 20928.0550796962, 20957.853038714613, 29.797959018410722, 'NONE', 'NONE', 'NONE', 0
'FWD_MHA', 'Compute', 20957.853038714613, 20983.784901957075, 25.931863242460267, 'NONE', 'NONE', 'NONE', 0
'FWD_FFN', 'Compute', 20983.784901957075, 21013.582860975486, 29.797959018410722, 'NONE', 'NONE', 'NONE', 0
'FWD_MHA', 'Compute', 21013.582860975486, 21039.51472421795, 25.931863242460267, 'NONE', 'NONE', 'NONE', 0
'FWD_FFN', 'Compute', 21039.51472421795, 21069.31268323636, 29.797959018410722, 'NONE', 'NONE', 'NONE', 0
'FWD_MHA', 'Compute', 21069.31268323636, 21095.24454647882, 25.931863242460267, 'NONE', 'NONE', 'NONE', 0
'FWD_FFN', 'Compute', 21095.24454647882, 21125.042505497233, 29.797959018410722, 'NONE', 'NONE', 'NONE', 0
'FWD_MHA', 'Compute', 21125.042505497233, 21150.974368739695, 25.931863242460267, 'NONE', 'NONE', 'NONE', 0
'FWD_FFN', 'Compute', 21150.974368739695, 21180.772327758106, 29.797959018410722, 'NONE', 'NONE', 'NONE', 0
'FWD_MHA', 'Compute', 21180.772327758106, 21206.70419100057, 25.931863242460267, 'NONE', 'NONE', 'NONE', 0
'FWD_FFN', 'Compute', 21206.70419100057, 21236.50215001898, 29.797959018410722, 'NONE', 'NONE', 'NONE', 0
'FWD_MHA', 'Compute', 21236.50215001898, 21262.43401326144, 25.931863242460267, 'NONE', 'NONE', 'NONE', 0
'FWD_FFN', 'Compute', 21262.43401326144, 21292.231972279853, 29.797959018410722, 'NONE', 'NONE', 'NONE', 0
'FWD_MHA', 'Compute', 21292.231972279853, 21318.163835522315, 25.931863242460267, 'NONE', 'NONE', 'NONE', 0
'FWD_FFN', 'Compute', 21318.163835522315, 21347.961794540726, 29.797959018410722, 'NONE', 'NONE', 'NONE', 0
'FWD_MHA', 'Compute', 21347.961794540726, 21373.89365778319, 25.931863242460267, 'NONE', 'NONE', 'NONE', 0
'FWD_FFN', 'Compute', 21373.89365778319, 21403.6916168016, 29.797959018410722, 'NONE', 'NONE', 'NONE', 0
'FWD_MHA', 'Compute', 21403.6916168016, 21429.62348004406, 25.931863242460267, 'NONE', 'NONE', 'NONE', 0
'FWD_FFN', 'Compute', 21429.62348004406, 21459.421439062473, 29.797959018410722, 'NONE', 'NONE', 'NONE', 0
'FWD_MHA', 'Compute', 21459.421439062473, 21485.353302304935, 25.931863242460267, 'NONE', 'NONE', 'NONE', 0
'FWD_FFN', 'Compute', 21485.353302304935, 21515.151261323346, 29.797959018410722, 'NONE', 'NONE', 'NONE', 0
'FWD_MHA', 'Compute', 21515.151261323346, 21541.08312456581, 25.931863242460267, 'NONE', 'NONE', 'NONE', 0
'FWD_FFN', 'Compute', 21541.08312456581, 21570.88108358422, 29.797959018410722, 'NONE', 'NONE', 'NONE', 0
'FWD_MHA', 'Compute', 21570.88108358422, 21596.81294682668, 25.931863242460267, 'NONE', 'NONE', 'NONE', 0
'FWD_FFN', 'Compute', 21596.81294682668, 21626.610905845093, 29.797959018410722, 'NONE', 'NONE', 'NONE', 0
'FWD_MHA', 'Compute', 21626.610905845093, 21652.542769087555, 25.931863242460267, 'NONE', 'NONE', 'NONE', 0
'FWD_FFN', 'Compute', 21652.542769087555, 21682.340728105966, 29.797959018410722, 'NONE', 'NONE', 'NONE', 0
'FWD_MHA', 'Compute', 21682.340728105966, 21708.27259134843, 25.931863242460267, 'NONE', 'NONE', 'NONE', 0
'FWD_FFN', 'Compute', 21708.27259134843, 21738.07055036684, 29.797959018410722, 'NONE', 'NONE', 'NONE', 0
'FWD_MHA', 'Compute', 21738.07055036684, 21764.0024136093, 25.931863242460267, 'NONE', 'NONE', 'NONE', 0
'FWD_FFN', 'Compute', 21764.0024136093, 21793.800372627713, 29.797959018410722, 'NONE', 'NONE', 'NONE', 0
'FWD_MHA', 'Compute', 21793.800372627713, 21819.732235870175, 25.931863242460267, 'NONE', 'NONE', 'NONE', 0
'FWD_FFN', 'Compute', 21819.732235870175, 21849.530194888586, 29.797959018410722, 'NONE', 'NONE', 'NONE', 0
'FWD_MHA', 'Compute', 21849.530194888586, 21875.46205813105, 25.931863242460267, 'NONE', 'NONE', 'NONE', 0
'FWD_FFN', 'Compute', 21875.46205813105, 21905.26001714946, 29.797959018410722, 'NONE', 'NONE', 'NONE', 0
'FWD_MHA', 'Compute', 21905.26001714946, 21931.19188039192, 25.931863242460267, 'NONE', 'NONE', 'NONE', 0
'FWD_FFN', 'Compute', 21931.19188039192, 21960.989839410333, 29.797959018410722, 'NONE', 'NONE', 'NONE', 0
'FWD_MHA', 'Compute', 21960.989839410333, 21986.921702652795, 25.931863242460267, 'NONE', 'NONE', 'NONE', 0
'FWD_FFN', 'Compute', 21986.921702652795, 22016.719661671206, 29.797959018410722, 'NONE', 'NONE', 'NONE', 0
'FWD_MHA', 'Compute', 22016.719661671206, 22042.65152491367, 25.931863242460267, 'NONE', 'NONE', 'NONE', 0
'FWD_FFN', 'Compute', 22042.65152491367, 22072.44948393208, 29.797959018410722, 'NONE', 'NONE', 'NONE', 0
'FWD_MHA', 'Compute', 22072.44948393208, 22098.38134717454, 25.931863242460267, 'NONE', 'NONE', 'NONE', 0
'FWD_FFN', 'Compute', 22098.38134717454, 22128.179306192953, 29.797959018410722, 'NONE', 'NONE', 'NONE', 0
'FWD_MHA', 'Compute', 22128.179306192953, 22154.111169435415, 25.931863242460267, 'NONE', 'NONE', 'NONE', 0
'FWD_FFN', 'Compute', 22154.111169435415, 22183.909128453826, 29.797959018410722, 'NONE', 'NONE', 'NONE', 0
'FWD_MHA', 'Compute', 22183.909128453826, 22209.84099169629, 25.931863242460267, 'NONE', 'NONE', 'NONE', 0
'FWD_FFN', 'Compute', 22209.84099169629, 22239.6389507147, 29.797959018410722, 'NONE', 'NONE', 'NONE', 0
'FWD_MHA', 'Compute', 22239.6389507147, 22265.57081395716, 25.931863242460267, 'NONE', 'NONE', 'NONE', 0
'FWD_FFN', 'Compute', 22265.57081395716, 22295.368772975573, 29.797959018410722, 'NONE', 'NONE', 'NONE', 0
'FWD_MHA', 'Compute', 22295.368772975573, 22321.300636218035, 25.931863242460267, 'NONE', 'NONE', 'NONE', 0
'FWD_FFN', 'Compute', 22321.300636218035, 22351.098595236446, 29.797959018410722, 'NONE', 'NONE', 'NONE', 0
'FWD_MHA', 'Compute', 22351.098595236446, 22377.03045847891, 25.931863242460267, 'NONE', 'NONE', 'NONE', 0
'FWD_FFN', 'Compute', 22377.03045847891, 22406.82841749732, 29.797959018410722, 'NONE', 'NONE', 'NONE', 0
'FWD_MHA', 'Compute', 22406.82841749732, 22432.76028073978, 25.931863242460267, 'NONE', 'NONE', 'NONE', 0
'FWD_FFN', 'Compute', 22432.76028073978, 22462.558239758193, 29.797959018410722, 'NONE', 'NONE', 'NONE', 0
'FWD_MHA', 'Compute', 22462.558239758193, 22488.490103000655, 25.931863242460267, 'NONE', 'NONE', 'NONE', 0
'FWD_FFN', 'Compute', 22488.490103000655, 22518.288062019066, 29.797959018410722, 'NONE', 'NONE', 'NONE', 0
'FWD_MHA', 'Compute', 22518.288062019066, 22544.21992526153, 25.931863242460267, 'NONE', 'NONE', 'NONE', 0
'FWD_FFN', 'Compute', 22544.21992526153, 22574.01788427994, 29.797959018410722, 'NONE', 'NONE', 'NONE', 0
'FWD_MHA', 'Compute', 22574.01788427994, 22599.9497475224, 25.931863242460267, 'NONE', 'NONE', 'NONE', 0
'FWD_FFN', 'Compute', 22599.9497475224, 22629.747706540813, 29.797959018410722, 'NONE', 'NONE', 'NONE', 0
'FWD_MHA', 'Compute', 22629.747706540813, 22655.679569783275, 25.931863242460267, 'NONE', 'NONE', 'NONE', 0
'FWD_FFN', 'Compute', 22655.679569783275, 22685.477528801686, 29.797959018410722, 'NONE', 'NONE', 'NONE', 0
'FWD_MHA', 'Compute', 22685.477528801686, 22711.40939204415, 25.931863242460267, 'NONE', 'NONE', 'NONE', 0
'FWD_FFN', 'Compute', 22711.40939204415, 22741.20735106256, 29.797959018410722, 'NONE', 'NONE', 'NONE', 0
'FWD_MHA', 'Compute', 22741.20735106256, 22767.13921430502, 25.931863242460267, 'NONE', 'NONE', 'NONE', 0
'FWD_FFN', 'Compute', 22767.13921430502, 22796.937173323433, 29.797959018410722, 'NONE', 'NONE', 'NONE', 0
'FWD_MHA', 'Compute', 22796.937173323433, 22822.869036565895, 25.931863242460267, 'NONE', 'NONE', 'NONE', 0
'FWD_FFN', 'Compute', 22822.869036565895, 22852.666995584306, 29.797959018410722, 'NONE', 'NONE', 'NONE', 0
'FWD_MHA', 'Compute', 22852.666995584306, 22878.59885882677, 25.931863242460267, 'NONE', 'NONE', 'NONE', 0
'FWD_FFN', 'Compute', 22878.59885882677, 22908.39681784518, 29.797959018410722, 'NONE', 'NONE', 'NONE', 0
'FWD_MHA', 'Compute', 22908.39681784518, 22934.32868108764, 25.931863242460267, 'NONE', 'NONE', 'NONE', 0
'FWD_FFN', 'Compute', 22934.32868108764, 22964.126640106053, 29.797959018410722, 'NONE', 'NONE', 'NONE', 0
'FWD_MHA', 'Compute', 22964.126640106053, 22990.058503348515, 25.931863242460267, 'NONE', 'NONE', 'NONE', 0
'FWD_FFN', 'Compute', 22990.058503348515, 23019.856462366926, 29.797959018410722, 'NONE', 'NONE', 'NONE', 0
'FWD_MHA', 'Compute', 23019.856462366926, 23045.78832560939, 25.931863242460267, 'NONE', 'NONE', 'NONE', 0
'FWD_FFN', 'Compute', 23045.78832560939, 23075.5862846278, 29.797959018410722, 'NONE', 'NONE', 'NONE', 0
'BWD_MHA', 'Compute', 23075.5862846278, 23101.51814787026, 25.931863242460267, 'NONE', 'NONE', 'NONE', 0
'BWD_FFN', 'Compute', 23101.51814787026, 23131.316106888673, 29.797959018410722, 'NONE', 'NONE', 'NONE', 0
'BWD_MHA', 'Compute', 23131.316106888673, 23157.247970131135, 25.931863242460267, 'NONE', 'NONE', 'NONE', 0
'BWD_FFN', 'Compute', 23157.247970131135, 23187.045929149546, 29.797959018410722, 'NONE', 'NONE', 'NONE', 0
'BWD_MHA', 'Compute', 23187.045929149546, 23212.97779239201, 25.931863242460267, 'NONE', 'NONE', 'NONE', 0
'BWD_FFN', 'Compute', 23212.97779239201, 23242.77575141042, 29.797959018410722, 'NONE', 'NONE', 'NONE', 0
'BWD_MHA', 'Compute', 23242.77575141042, 23268.70761465288, 25.931863242460267, 'NONE', 'NONE', 'NONE', 0
'BWD_FFN', 'Compute', 23268.70761465288, 23298.505573671293, 29.797959018410722, 'NONE', 'NONE', 'NONE', 0
'BWD_MHA', 'Compute', 23298.505573671293, 23324.437436913755, 25.931863242460267, 'NONE', 'NONE', 'NONE', 0
'BWD_FFN', 'Compute', 23324.437436913755, 23354.235395932166, 29.797959018410722, 'NONE', 'NONE', 'NONE', 0
'BWD_MHA', 'Compute', 23354.235395932166, 23380.16725917463, 25.931863242460267, 'NONE', 'NONE', 'NONE', 0
'BWD_FFN', 'Compute', 23380.16725917463, 23409.96521819304, 29.797959018410722, 'NONE', 'NONE', 'NONE', 0
'BWD_MHA', 'Compute', 23409.96521819304, 23435.8970814355, 25.931863242460267, 'NONE', 'NONE', 'NONE', 0
'BWD_FFN', 'Compute', 23435.8970814355, 23465.695040453913, 29.797959018410722, 'NONE', 'NONE', 'NONE', 0
'BWD_MHA', 'Compute', 23465.695040453913, 23491.626903696375, 25.931863242460267, 'NONE', 'NONE', 'NONE', 0
'BWD_FFN', 'Compute', 23491.626903696375, 23521.424862714786, 29.797959018410722, 'NONE', 'NONE', 'NONE', 0
'BWD_MHA', 'Compute', 23521.424862714786, 23547.35672595725, 25.931863242460267, 'NONE', 'NONE', 'NONE', 0
'BWD_FFN', 'Compute', 23547.35672595725, 23577.15468497566, 29.797959018410722, 'NONE', 'NONE', 'NONE', 0
'BWD_MHA', 'Compute', 23577.15468497566, 23603.08654821812, 25.931863242460267, 'NONE', 'NONE', 'NONE', 0
'BWD_FFN', 'Compute', 23603.08654821812, 23632.884507236533, 29.797959018410722, 'NONE', 'NONE', 'NONE', 0
'BWD_MHA', 'Compute', 23632.884507236533, 23658.816370478995, 25.931863242460267, 'NONE', 'NONE', 'NONE', 0
'BWD_FFN', 'Compute', 23658.816370478995, 23688.614329497406, 29.797959018410722, 'NONE', 'NONE', 'NONE', 0
'BWD_MHA', 'Compute', 23688.614329497406, 23714.54619273987, 25.931863242460267, 'NONE', 'NONE', 'NONE', 0
'BWD_FFN', 'Compute', 23714.54619273987, 23744.34415175828, 29.797959018410722, 'NONE', 'NONE', 'NONE', 0
'BWD_MHA', 'Compute', 23744.34415175828, 23770.27601500074, 25.931863242460267, 'NONE', 'NONE', 'NONE', 0
'BWD_FFN', 'Compute', 23770.27601500074, 23800.073974019153, 29.797959018410722, 'NONE', 'NONE', 'NONE', 0
'BWD_MHA', 'Compute', 23800.073974019153, 23826.005837261615, 25.931863242460267, 'NONE', 'NONE', 'NONE', 0
'BWD_FFN', 'Compute', 23826.005837261615, 23855.803796280026, 29.797959018410722, 'NONE', 'NONE', 'NONE', 0
'BWD_MHA', 'Compute', 23855.803796280026, 23881.73565952249, 25.931863242460267, 'NONE', 'NONE', 'NONE', 0
'BWD_FFN', 'Compute', 23881.73565952249, 23911.5336185409, 29.797959018410722, 'NONE', 'NONE', 'NONE', 0
'BWD_MHA', 'Compute', 23911.5336185409, 23937.46548178336, 25.931863242460267, 'NONE', 'NONE', 'NONE', 0
'BWD_FFN', 'Compute', 23937.46548178336, 23967.263440801773, 29.797959018410722, 'NONE', 'NONE', 'NONE', 0
'BWD_MHA', 'Compute', 23967.263440801773, 23993.195304044235, 25.931863242460267, 'NONE', 'NONE', 'NONE', 0
'BWD_FFN', 'Compute', 23993.195304044235, 24022.993263062646, 29.797959018410722, 'NONE', 'NONE', 'NONE', 0
'BWD_MHA', 'Compute', 24022.993263062646, 24048.92512630511, 25.931863242460267, 'NONE', 'NONE', 'NONE', 0
'BWD_FFN', 'Compute', 24048.92512630511, 24078.72308532352, 29.797959018410722, 'NONE', 'NONE', 'NONE', 0
'BWD_MHA', 'Compute', 24078.72308532352, 24104.65494856598, 25.931863242460267, 'NONE', 'NONE', 'NONE', 0
'BWD_FFN', 'Compute', 24104.65494856598, 24134.452907584393, 29.797959018410722, 'NONE', 'NONE', 'NONE', 0
'BWD_MHA', 'Compute', 24134.452907584393, 24160.384770826855, 25.931863242460267, 'NONE', 'NONE', 'NONE', 0
'BWD_FFN', 'Compute', 24160.384770826855, 24190.182729845266, 29.797959018410722, 'NONE', 'NONE', 'NONE', 0
'BWD_MHA', 'Compute', 24190.182729845266, 24216.11459308773, 25.931863242460267, 'NONE', 'NONE', 'NONE', 0
'BWD_FFN', 'Compute', 24216.11459308773, 24245.91255210614, 29.797959018410722, 'NONE', 'NONE', 'NONE', 0
'BWD_MHA', 'Compute', 24245.91255210614, 24271.8444153486, 25.931863242460267, 'NONE', 'NONE', 'NONE', 0
'BWD_FFN', 'Compute', 24271.8444153486, 24301.642374367013, 29.797959018410722, 'NONE', 'NONE', 'NONE', 0
'BWD_MHA', 'Compute', 24301.642374367013, 24327.574237609475, 25.931863242460267, 'NONE', 'NONE', 'NONE', 0
'BWD_FFN', 'Compute', 24327.574237609475, 24357.372196627886, 29.797959018410722, 'NONE', 'NONE', 'NONE', 0
'BWD_MHA', 'Compute', 24357.372196627886, 24383.30405987035, 25.931863242460267, 'NONE', 'NONE', 'NONE', 0
'BWD_FFN', 'Compute', 24383.30405987035, 24413.10201888876, 29.797959018410722, 'NONE', 'NONE', 'NONE', 0
'BWD_MHA', 'Compute', 24413.10201888876, 24439.03388213122, 25.931863242460267, 'NONE', 'NONE', 'NONE', 0
'BWD_FFN', 'Compute', 24439.03388213122, 24468.831841149633, 29.797959018410722, 'NONE', 'NONE', 'NONE', 0
'BWD_MHA', 'Compute', 24468.831841149633, 24494.763704392095, 25.931863242460267, 'NONE', 'NONE', 'NONE', 0
'BWD_FFN', 'Compute', 24494.763704392095, 24524.561663410506, 29.797959018410722, 'NONE', 'NONE', 'NONE', 0
'BWD_MHA', 'Compute', 24524.561663410506, 24550.49352665297, 25.931863242460267, 'NONE', 'NONE', 'NONE', 0
'BWD_FFN', 'Compute', 24550.49352665297, 24580.29148567138, 29.797959018410722, 'NONE', 'NONE', 'NONE', 0
'BWD_MHA', 'Compute', 24580.29148567138, 24606.22334891384, 25.931863242460267, 'NONE', 'NONE', 'NONE', 0
'BWD_FFN', 'Compute', 24606.22334891384, 24636.021307932253, 29.797959018410722, 'NONE', 'NONE', 'NONE', 0
'BWD_MHA', 'Compute', 24636.021307932253, 24661.953171174715, 25.931863242460267, 'NONE', 'NONE', 'NONE', 0
'BWD_FFN', 'Compute', 24661.953171174715, 24691.751130193126, 29.797959018410722, 'NONE', 'NONE', 'NONE', 0
'BWD_MHA', 'Compute', 24691.751130193126, 24717.68299343559, 25.931863242460267, 'NONE', 'NONE', 'NONE', 0
'BWD_FFN', 'Compute', 24717.68299343559, 24747.480952454, 29.797959018410722, 'NONE', 'NONE', 'NONE', 0
'BWD_MHA', 'Compute', 24747.480952454, 24773.41281569646, 25.931863242460267, 'NONE', 'NONE', 'NONE', 0
'BWD_FFN', 'Compute', 24773.41281569646, 24803.210774714873, 29.797959018410722, 'NONE', 'NONE', 'NONE', 0
'BWD_MHA', 'Compute', 24803.210774714873, 24829.142637957335, 25.931863242460267, 'NONE', 'NONE', 'NONE', 0
'BWD_FFN', 'Compute', 24829.142637957335, 24858.940596975746, 29.797959018410722, 'NONE', 'NONE', 'NONE', 0
'BWD_MHA', 'Compute', 24858.940596975746, 24884.87246021821, 25.931863242460267, 'NONE', 'NONE', 'NONE', 0
'BWD_FFN', 'Compute', 24884.87246021821, 24914.67041923662, 29.797959018410722, 'NONE', 'NONE', 'NONE', 0
'BWD_MHA', 'Compute', 24914.67041923662, 24940.60228247908, 25.931863242460267, 'NONE', 'NONE', 'NONE', 0
'BWD_FFN', 'Compute', 24940.60228247908, 24970.400241497493, 29.797959018410722, 'NONE', 'NONE', 'NONE', 0
'BWD_MHA', 'Compute', 24970.400241497493, 24996.332104739955, 25.931863242460267, 'NONE', 'NONE', 'NONE', 0
'BWD_FFN', 'Compute', 24996.332104739955, 25026.130063758366, 29.797959018410722, 'NONE', 'NONE', 'NONE', 0
'BWD_MHA', 'Compute', 25026.130063758366, 25052.06192700083, 25.931863242460267, 'NONE', 'NONE', 'NONE', 0
'BWD_FFN', 'Compute', 25052.06192700083, 25081.85988601924, 29.797959018410722, 'NONE', 'NONE', 'NONE', 0
'BWD_MHA', 'Compute', 25081.85988601924, 25107.7917492617, 25.931863242460267, 'NONE', 'NONE', 'NONE', 0
'BWD_FFN', 'Compute', 25107.7917492617, 25137.589708280113, 29.797959018410722, 'NONE', 'NONE', 'NONE', 0
'BWD_MHA', 'Compute', 25137.589708280113, 25163.521571522575, 25.931863242460267, 'NONE', 'NONE', 'NONE', 0
'BWD_FFN', 'Compute', 25163.521571522575, 25193.319530540986, 29.797959018410722, 'NONE', 'NONE', 'NONE', 0
'BWD_MHA', 'Compute', 25193.319530540986, 25219.25139378345, 25.931863242460267, 'NONE', 'NONE', 'NONE', 0
'BWD_FFN', 'Compute', 25219.25139378345, 25249.04935280186, 29.797959018410722, 'NONE', 'NONE', 'NONE', 0
'BWD_MHA', 'Compute', 25249.04935280186, 25274.98121604432, 25.931863242460267, 'NONE', 'NONE', 'NONE', 0
'BWD_FFN', 'Compute', 25274.98121604432, 25304.779175062733, 29.797959018410722, 'NONE', 'NONE', 'NONE', 0
'BWD_MHA', 'Compute', 25304.779175062733, 25330.711038305195, 25.931863242460267, 'NONE', 'NONE', 'NONE', 0
'BWD_FFN', 'Compute', 25330.711038305195, 25360.508997323606, 29.797959018410722, 'NONE', 'NONE', 'NONE', 0
'BWD_MHA', 'Compute', 25360.508997323606, 25386.44086056607, 25.931863242460267, 'NONE', 'NONE', 'NONE', 0
'BWD_FFN', 'Compute', 25386.44086056607, 25416.23881958448, 29.797959018410722, 'NONE', 'NONE', 'NONE', 0
'BWD_MHA', 'Compute', 25416.23881958448, 25442.17068282694, 25.931863242460267, 'NONE', 'NONE', 'NONE', 0
'BWD_FFN', 'Compute', 25442.17068282694, 25471.968641845353, 29.797959018410722, 'NONE', 'NONE', 'NONE', 0
'BWD_MHA', 'Compute', 25471.968641845353, 25497.900505087815, 25.931863242460267, 'NONE', 'NONE', 'NONE', 0
'BWD_FFN', 'Compute', 25497.900505087815, 25527.698464106226, 29.797959018410722, 'NONE', 'NONE', 'NONE', 0
'BWD_MHA', 'Compute', 25527.698464106226, 25553.63032734869, 25.931863242460267, 'NONE', 'NONE', 'NONE', 0
'BWD_FFN', 'Compute', 25553.63032734869, 25583.4282863671, 29.797959018410722, 'NONE', 'NONE', 'NONE', 0
'BWD_MHA', 'Compute', 25583.4282863671, 25609.36014960956, 25.931863242460267, 'NONE', 'NONE', 'NONE', 0
'BWD_FFN', 'Compute', 25609.36014960956, 25639.158108627973, 29.797959018410722, 'NONE', 'NONE', 'NONE', 0
'BWD_MHA', 'Compute', 25639.158108627973, 25665.089971870435, 25.931863242460267, 'NONE', 'NONE', 'NONE', 0
'BWD_FFN', 'Compute', 25665.089971870435, 25694.887930888846, 29.797959018410722, 'NONE', 'NONE', 'NONE', 0
'BWD_MHA', 'Compute', 25694.887930888846, 25720.81979413131, 25.931863242460267, 'NONE', 'NONE', 'NONE', 0
'BWD_FFN', 'Compute', 25720.81979413131, 25750.61775314972, 29.797959018410722, 'NONE', 'NONE', 'NONE', 0
'BWD_MHA', 'Compute', 25750.61775314972, 25776.54961639218, 25.931863242460267, 'NONE', 'NONE', 'NONE', 0
'BWD_FFN', 'Compute', 25776.54961639218, 25806.347575410593, 29.797959018410722, 'NONE', 'NONE', 'NONE', 0
'BWD_MHA', 'Compute', 25806.347575410593, 25832.279438653055, 25.931863242460267, 'NONE', 'NONE', 'NONE', 0
'BWD_FFN', 'Compute', 25832.279438653055, 25862.077397671466, 29.797959018410722, 'NONE', 'NONE', 'NONE', 0
'BWD_MHA', 'Compute', 25862.077397671466, 25888.00926091393, 25.931863242460267, 'NONE', 'NONE', 'NONE', 0
'BWD_FFN', 'Compute', 25888.00926091393, 25917.80721993234, 29.797959018410722, 'NONE', 'NONE', 'NONE', 0
'BWD_MHA', 'Compute', 25917.80721993234, 25943.7390831748, 25.931863242460267, 'NONE', 'NONE', 'NONE', 0
'BWD_FFN', 'Compute', 25943.7390831748, 25973.537042193213, 29.797959018410722, 'NONE', 'NONE', 'NONE', 0
'BWD_MHA', 'Compute', 25973.537042193213, 25999.468905435675, 25.931863242460267, 'NONE', 'NONE', 'NONE', 0
'BWD_FFN', 'Compute', 25999.468905435675, 26029.266864454086, 29.797959018410722, 'NONE', 'NONE', 'NONE', 0
'BWD_MHA', 'Compute', 26029.266864454086, 26055.19872769655, 25.931863242460267, 'NONE', 'NONE', 'NONE', 0
'BWD_FFN', 'Compute', 26055.19872769655, 26084.99668671496, 29.797959018410722, 'NONE', 'NONE', 'NONE', 0
'BWD_MHA', 'Compute', 26084.99668671496, 26110.92854995742, 25.931863242460267, 'NONE', 'NONE', 'NONE', 0
'BWD_FFN', 'Compute', 26110.92854995742, 26140.726508975833, 29.797959018410722, 'NONE', 'NONE', 'NONE', 0
'BWD_MHA', 'Compute', 26140.726508975833, 26166.658372218295, 25.931863242460267, 'NONE', 'NONE', 'NONE', 0
'BWD_FFN', 'Compute', 26166.658372218295, 26196.456331236706, 29.797959018410722, 'NONE', 'NONE', 'NONE', 0
'BWD_MHA', 'Compute', 26196.456331236706, 26222.38819447917, 25.931863242460267, 'NONE', 'NONE', 'NONE', 0
'BWD_FFN', 'Compute', 26222.38819447917, 26252.18615349758, 29.797959018410722, 'NONE', 'NONE', 'NONE', 0
'BWD_MHA', 'Compute', 26252.18615349758, 26278.11801674004, 25.931863242460267, 'NONE', 'NONE', 'NONE', 0
'BWD_FFN', 'Compute', 26278.11801674004, 26307.915975758453, 29.797959018410722, 'NONE', 'NONE', 'NONE', 0
'BWD_MHA', 'Compute', 26307.915975758453, 26333.847839000915, 25.931863242460267, 'NONE', 'NONE', 'NONE', 0
'BWD_FFN', 'Compute', 26333.847839000915, 26363.645798019326, 29.797959018410722, 'NONE', 'NONE', 'NONE', 0
'BWD_MHA', 'Compute', 26363.645798019326, 26389.57766126179, 25.931863242460267, 'NONE', 'NONE', 'NONE', 0
'BWD_FFN', 'Compute', 26389.57766126179, 26419.3756202802, 29.797959018410722, 'NONE', 'NONE', 'NONE', 0
'BWD_MHA', 'Compute', 26419.3756202802, 26445.30748352266, 25.931863242460267, 'NONE', 'NONE', 'NONE', 0
'BWD_FFN', 'Compute', 26445.30748352266, 26475.105442541073, 29.797959018410722, 'NONE', 'NONE', 'NONE', 0
'BWD_MHA', 'Compute', 26475.105442541073, 26501.037305783535, 25.931863242460267, 'NONE', 'NONE', 'NONE', 0
'BWD_FFN', 'Compute', 26501.037305783535, 26530.835264801946, 29.797959018410722, 'NONE', 'NONE', 'NONE', 0
'BWD_MHA', 'Compute', 26530.835264801946, 26556.76712804441, 25.931863242460267, 'NONE', 'NONE', 'NONE', 0
'BWD_FFN', 'Compute', 26556.76712804441, 26586.56508706282, 29.797959018410722, 'NONE', 'NONE', 'NONE', 0
'BWD_MHA', 'Compute', 26586.56508706282, 26612.49695030528, 25.931863242460267, 'NONE', 'NONE', 'NONE', 0
'BWD_FFN', 'Compute', 26612.49695030528, 26642.294909323693, 29.797959018410722, 'NONE', 'NONE', 'NONE', 0
'BWD_MHA', 'Compute', 26642.294909323693, 26668.226772566155, 25.931863242460267, 'NONE', 'NONE', 'NONE', 0
'BWD_FFN', 'Compute', 26668.226772566155, 26698.024731584566, 29.797959018410722, 'NONE', 'NONE', 'NONE', 0
'BWD_MHA', 'Compute', 26698.024731584566, 26723.95659482703, 25.931863242460267, 'NONE', 'NONE', 'NONE', 0
'BWD_FFN', 'Compute', 26723.95659482703, 26753.75455384544, 29.797959018410722, 'NONE', 'NONE', 'NONE', 0
'BWD_MHA', 'Compute', 26753.75455384544, 26779.6864170879, 25.931863242460267, 'NONE', 'NONE', 'NONE', 0
'BWD_FFN', 'Compute', 26779.6864170879, 26809.484376106313, 29.797959018410722, 'NONE', 'NONE', 'NONE', 0
'BWD_MHA', 'Compute', 26809.484376106313, 26835.416239348775, 25.931863242460267, 'NONE', 'NONE', 'NONE', 0
'BWD_FFN', 'Compute', 26835.416239348775, 26865.214198367186, 29.797959018410722, 'NONE', 'NONE', 'NONE', 0
'BWD_MHA', 'Compute', 26865.214198367186, 26891.14606160965, 25.931863242460267, 'NONE', 'NONE', 'NONE', 0
'BWD_FFN', 'Compute', 26891.14606160965, 26920.94402062806, 29.797959018410722, 'NONE', 'NONE', 'NONE', 0
'BWD_MHA', 'Compute', 26920.94402062806, 26946.87588387052, 25.931863242460267, 'NONE', 'NONE', 'NONE', 0
'BWD_FFN', 'Compute', 26946.87588387052, 26976.673842888933, 29.797959018410722, 'NONE', 'NONE', 'NONE', 0
'BWD_MHA', 'Compute', 26976.673842888933, 27002.605706131395, 25.931863242460267, 'NONE', 'NONE', 'NONE', 0
'BWD_FFN', 'Compute', 27002.605706131395, 27032.403665149806, 29.797959018410722, 'NONE', 'NONE', 'NONE', 0
'BWD_MHA', 'Compute', 27032.403665149806, 27058.33552839227, 25.931863242460267, 'NONE', 'NONE', 'NONE', 0
'BWD_FFN', 'Compute', 27058.33552839227, 27088.13348741068, 29.797959018410722, 'NONE', 'NONE', 'NONE', 0
'BWD_MHA', 'Compute', 27088.13348741068, 27114.06535065314, 25.931863242460267, 'NONE', 'NONE', 'NONE', 0
'BWD_FFN', 'Compute', 27114.06535065314, 27143.863309671553, 29.797959018410722, 'NONE', 'NONE', 'NONE', 0
'BWD_MHA', 'Compute', 27143.863309671553, 27169.795172914015, 25.931863242460267, 'NONE', 'NONE', 'NONE', 0
'BWD_FFN', 'Compute', 27169.795172914015, 27199.593131932426, 29.797959018410722, 'NONE', 'NONE', 'NONE', 0
'BWD_MHA', 'Compute', 27199.593131932426, 27225.52499517489, 25.931863242460267, 'NONE', 'NONE', 'NONE', 0
'BWD_FFN', 'Compute', 27225.52499517489, 27255.3229541933, 29.797959018410722, 'NONE', 'NONE', 'NONE', 0
'BWD_MHA', 'Compute', 27255.3229541933, 27281.25481743576, 25.931863242460267, 'NONE', 'NONE', 'NONE', 0
'BWD_FFN', 'Compute', 27281.25481743576, 27311.052776454173, 29.797959018410722, 'NONE', 'NONE', 'NONE', 0
'BWD_MHA', 'Compute', 27311.052776454173, 27336.984639696635, 25.931863242460267, 'NONE', 'NONE', 'NONE', 0
'BWD_FFN', 'Compute', 27336.984639696635, 27366.782598715046, 29.797959018410722, 'NONE', 'NONE', 'NONE', 0
'BWD_MHA', 'Compute', 27366.782598715046, 27392.71446195751, 25.931863242460267, 'NONE', 'NONE', 'NONE', 0
'BWD_FFN', 'Compute', 27392.71446195751, 27422.51242097592, 29.797959018410722, 'NONE', 'NONE', 'NONE', 0
'BWD_MHA', 'Compute', 27422.51242097592, 27448.44428421838, 25.931863242460267, 'NONE', 'NONE', 'NONE', 0
'BWD_FFN', 'Compute', 27448.44428421838, 27478.242243236793, 29.797959018410722, 'NONE', 'NONE', 'NONE', 0
'BWD_MHA', 'Compute', 27478.242243236793, 27504.174106479255, 25.931863242460267, 'NONE', 'NONE', 'NONE', 0
'BWD_FFN', 'Compute', 27504.174106479255, 27533.972065497666, 29.797959018410722, 'NONE', 'NONE', 'NONE', 0
'BWD_MHA', 'Compute', 27533.972065497666, 27559.90392874013, 25.931863242460267, 'NONE', 'NONE', 'NONE', 0
'BWD_FFN', 'Compute', 27559.90392874013, 27589.70188775854, 29.797959018410722, 'NONE', 'NONE', 'NONE', 0
'BWD_MHA', 'Compute', 27589.70188775854, 27615.633751001, 25.931863242460267, 'NONE', 'NONE', 'NONE', 0
'BWD_FFN', 'Compute', 27615.633751001, 27645.431710019413, 29.797959018410722, 'NONE', 'NONE', 'NONE', 0
'BWD_MHA', 'Compute', 27645.431710019413, 27671.363573261875, 25.931863242460267, 'NONE', 'NONE', 'NONE', 0
'BWD_FFN', 'Compute', 27671.363573261875, 27701.161532280286, 29.797959018410722, 'NONE', 'NONE', 'NONE', 0
'BWD_MHA', 'Compute', 27701.161532280286, 27727.09339552275, 25.931863242460267, 'NONE', 'NONE', 'NONE', 0
'BWD_FFN', 'Compute', 27727.09339552275, 27756.89135454116, 29.797959018410722, 'NONE', 'NONE', 'NONE', 0
'BWD_MHA', 'Compute', 27756.89135454116, 27782.82321778362, 25.931863242460267, 'NONE', 'NONE', 'NONE', 0
'BWD_FFN', 'Compute', 27782.82321778362, 27812.621176802033, 29.797959018410722, 'NONE', 'NONE', 'NONE', 0
'BWD_MHA', 'Compute', 27812.621176802033, 27838.553040044495, 25.931863242460267, 'NONE', 'NONE', 'NONE', 0
'BWD_FFN', 'Compute', 27838.553040044495, 27868.350999062906, 29.797959018410722, 'NONE', 'NONE', 'NONE', 0
'BWD_MHA', 'Compute', 27868.350999062906, 27894.28286230537, 25.931863242460267, 'NONE', 'NONE', 'NONE', 0
'BWD_FFN', 'Compute', 27894.28286230537, 27924.08082132378, 29.797959018410722, 'NONE', 'NONE', 'NONE', 0
'BWD_MHA', 'Compute', 27924.08082132378, 27950.01268456624, 25.931863242460267, 'NONE', 'NONE', 'NONE', 0
'BWD_FFN', 'Compute', 27950.01268456624, 27979.810643584653, 29.797959018410722, 'NONE', 'NONE', 'NONE', 0
'BWD_MHA', 'Compute', 27979.810643584653, 28005.742506827115, 25.931863242460267, 'NONE', 'NONE', 'NONE', 0
'BWD_FFN', 'Compute', 28005.742506827115, 28035.540465845526, 29.797959018410722, 'NONE', 'NONE', 'NONE', 0
'BWD_MHA', 'Compute', 28035.540465845526, 28061.47232908799, 25.931863242460267, 'NONE', 'NONE', 'NONE', 0
'BWD_FFN', 'Compute', 28061.47232908799, 28091.2702881064, 29.797959018410722, 'NONE', 'NONE', 'NONE', 0
'BWD_MHA', 'Compute', 28091.2702881064, 28117.20215134886, 25.931863242460267, 'NONE', 'NONE', 'NONE', 0
'BWD_FFN', 'Compute', 28117.20215134886, 28147.000110367273, 29.797959018410722, 'NONE', 'NONE', 'NONE', 0
'BWD_MHA', 'Compute', 28147.000110367273, 28172.931973609735, 25.931863242460267, 'NONE', 'NONE', 'NONE', 0
'BWD_FFN', 'Compute', 28172.931973609735, 28202.729932628146, 29.797959018410722, 'NONE', 'NONE', 'NONE', 0
'BWD_MHA', 'Compute', 28202.729932628146, 28228.66179587061, 25.931863242460267, 'NONE', 'NONE', 'NONE', 0
'BWD_FFN', 'Compute', 28228.66179587061, 28258.45975488902, 29.797959018410722, 'NONE', 'NONE', 'NONE', 0
'BWD_MHA', 'Compute', 28258.45975488902, 28284.39161813148, 25.931863242460267, 'NONE', 'NONE', 'NONE', 0
'BWD_FFN', 'Compute', 28284.39161813148, 28314.189577149893, 29.797959018410722, 'NONE', 'NONE', 'NONE', 0
'BWD_MHA', 'Compute', 28314.189577149893, 28340.121440392355, 25.931863242460267, 'NONE', 'NONE', 'NONE', 0
'BWD_FFN', 'Compute', 28340.121440392355, 28369.919399410766, 29.797959018410722, 'NONE', 'NONE', 'NONE', 0
'BWD_MHA', 'Compute', 28369.919399410766, 28395.85126265323, 25.931863242460267, 'NONE', 'NONE', 'NONE', 0
'BWD_FFN', 'Compute', 28395.85126265323, 28425.64922167164, 29.797959018410722, 'NONE', 'NONE', 'NONE', 0
'BWD_DP_COMM_INTRA_0', 'Comm', 28425.64922167164, 28425.655283086227, 0.006061414586666668, 87284226048.0, 'P2P', 'DP', 'INTRA', 4, 1, 1
'BWD_DP_COMM_INTRA_1', 'Comm', 28425.64922167164, 28425.655283086227, 0.006061414586666668, 87284226048.0, 'P2P', 'DP', 'INTRA', 4, 1, 1
'BWD_DP_COMM_INTRA_2', 'Comm', 28425.64922167164, 28425.655283086227, 0.006061414586666668, 87284226048.0, 'P2P', 'DP', 'INTRA', 4, 1, 1
'BWD_DP_COMM_INTRA_3', 'Comm', 28425.64922167164, 28425.655283086227, 0.006061414586666668, 87284226048.0, 'P2P', 'DP', 'INTRA', 4, 1, 1
'BWD_DP_COMM_INTRA_4', 'Comm', 28425.64922167164, 28425.655283086227, 0.006061414586666668, 87284226048.0, 'P2P', 'DP', 'INTRA', 4, 1, 1
'BWD_DP_COMM_INTRA_5', 'Comm', 28425.64922167164, 28425.655283086227, 0.006061414586666668, 87284226048.0, 'P2P', 'DP', 'INTRA', 4, 1, 1
'Weight_update', 'Compute', 28425.68559015916, 28498.866435003005, 73.18084484384597, 'NONE', 'NONE', 'NONE', 0
'Weight_update', 'Compute', 28498.866435003005, 28572.04727984685, 73.18084484384597, 'NONE', 'NONE', 'NONE', 0
'Weight_update', 'Compute', 28572.04727984685, 28645.228124690697, 73.18084484384597, 'NONE', 'NONE', 'NONE', 0
'Weight_update', 'Compute', 28645.228124690697, 28718.408969534543, 73.18084484384597, 'NONE', 'NONE', 'NONE', 0
'Weight_update', 'Compute', 28718.408969534543, 28791.58981437839, 73.18084484384597, 'NONE', 'NONE', 'NONE', 0
'Weight_update', 'Compute', 28791.58981437839, 28864.770659222235, 73.18084484384597, 'NONE', 'NONE', 'NONE', 0
'Weight_update', 'Compute', 28864.770659222235, 28937.95150406608, 73.18084484384597, 'NONE', 'NONE', 'NONE', 0
'Weight_update', 'Compute', 28937.95150406608, 29011.132348909927, 73.18084484384597, 'NONE', 'NONE', 'NONE', 0
'Weight_update', 'Compute', 29011.132348909927, 29084.313193753773, 73.18084484384597, 'NONE', 'NONE', 'NONE', 0
'Weight_update', 'Compute', 29084.313193753773, 29157.49403859762, 73.18084484384597, 'NONE', 'NONE', 'NONE', 0
'Weight_update', 'Compute', 29157.49403859762, 29230.674883441465, 73.18084484384597, 'NONE', 'NONE', 'NONE', 0
'Weight_update', 'Compute', 29230.674883441465, 29303.85572828531, 73.18084484384597, 'NONE', 'NONE', 'NONE', 0
'Weight_update', 'Compute', 29303.85572828531, 29377.036573129157, 73.18084484384597, 'NONE', 'NONE', 'NONE', 0
'Weight_update', 'Compute', 29377.036573129157, 29450.217417973003, 73.18084484384597, 'NONE', 'NONE', 'NONE', 0
'Weight_update', 'Compute', 29450.217417973003, 29523.39826281685, 73.18084484384597, 'NONE', 'NONE', 'NONE', 0
'Weight_update', 'Compute', 29523.39826281685, 29596.579107660695, 73.18084484384597, 'NONE', 'NONE', 'NONE', 0
'Weight_update', 'Compute', 29596.579107660695, 29669.75995250454, 73.18084484384597, 'NONE', 'NONE', 'NONE', 0
'Weight_update', 'Compute', 29669.75995250454, 29742.940797348387, 73.18084484384597, 'NONE', 'NONE', 'NONE', 0
'Weight_update', 'Compute', 29742.940797348387, 29816.121642192233, 73.18084484384597, 'NONE', 'NONE', 'NONE', 0
'Weight_update', 'Compute', 29816.121642192233, 29889.30248703608, 73.18084484384597, 'NONE', 'NONE', 'NONE', 0
'Weight_update', 'Compute', 29889.30248703608, 29962.483331879925, 73.18084484384597, 'NONE', 'NONE', 'NONE', 0
'Weight_update', 'Compute', 29962.483331879925, 30035.66417672377, 73.18084484384597, 'NONE', 'NONE', 'NONE', 0
'Weight_update', 'Compute', 30035.66417672377, 30108.845021567617, 73.18084484384597, 'NONE', 'NONE', 'NONE', 0
'Weight_update', 'Compute', 30108.845021567617, 30182.025866411463, 73.18084484384597, 'NONE', 'NONE', 'NONE', 0
'Weight_update', 'Compute', 30182.025866411463, 30255.20671125531, 73.18084484384597, 'NONE', 'NONE', 'NONE', 0
'Weight_update', 'Compute', 30255.20671125531, 30328.387556099155, 73.18084484384597, 'NONE', 'NONE', 'NONE', 0
'Weight_update', 'Compute', 30328.387556099155, 30401.568400943, 73.18084484384597, 'NONE', 'NONE', 'NONE', 0
'Weight_update', 'Compute', 30401.568400943, 30474.749245786847, 73.18084484384597, 'NONE', 'NONE', 'NONE', 0
'Weight_update', 'Compute', 30474.749245786847, 30547.930090630693, 73.18084484384597, 'NONE', 'NONE', 'NONE', 0
'Weight_update', 'Compute', 30547.930090630693, 30621.11093547454, 73.18084484384597, 'NONE', 'NONE', 'NONE', 0
'Weight_update', 'Compute', 30621.11093547454, 30694.291780318385, 73.18084484384597, 'NONE', 'NONE', 'NONE', 0
'Weight_update', 'Compute', 30694.291780318385, 30767.47262516223, 73.18084484384597, 'NONE', 'NONE', 'NONE', 0
'Weight_update', 'Compute', 30767.47262516223, 30840.653470006077, 73.18084484384597, 'NONE', 'NONE', 'NONE', 0
'Weight_update', 'Compute', 30840.653470006077, 30913.834314849923, 73.18084484384597, 'NONE', 'NONE', 'NONE', 0
'Weight_update', 'Compute', 30913.834314849923, 30987.01515969377, 73.18084484384597, 'NONE', 'NONE', 'NONE', 0
'Weight_update', 'Compute', 30987.01515969377, 31060.196004537614, 73.18084484384597, 'NONE', 'NONE', 'NONE', 0
'Weight_update', 'Compute', 31060.196004537614, 31133.37684938146, 73.18084484384597, 'NONE', 'NONE', 'NONE', 0
'Weight_update', 'Compute', 31133.37684938146, 31206.557694225306, 73.18084484384597, 'NONE', 'NONE', 'NONE', 0
'Weight_update', 'Compute', 31206.557694225306, 31279.738539069152, 73.18084484384597, 'NONE', 'NONE', 'NONE', 0
'Weight_update', 'Compute', 31279.738539069152, 31352.919383913, 73.18084484384597, 'NONE', 'NONE', 'NONE', 0
'Weight_update', 'Compute', 31352.919383913, 31426.100228756844, 73.18084484384597, 'NONE', 'NONE', 'NONE', 0
'Weight_update', 'Compute', 31426.100228756844, 31499.28107360069, 73.18084484384597, 'NONE', 'NONE', 'NONE', 0
'Weight_update', 'Compute', 31499.28107360069, 31572.461918444536, 73.18084484384597, 'NONE', 'NONE', 'NONE', 0
'Weight_update', 'Compute', 31572.461918444536, 31645.642763288382, 73.18084484384597, 'NONE', 'NONE', 'NONE', 0
'Weight_update', 'Compute', 31645.642763288382, 31718.82360813223, 73.18084484384597, 'NONE', 'NONE', 'NONE', 0
'Weight_update', 'Compute', 31718.82360813223, 31792.004452976074, 73.18084484384597, 'NONE', 'NONE', 'NONE', 0
'Weight_update', 'Compute', 31792.004452976074, 31865.18529781992, 73.18084484384597, 'NONE', 'NONE', 'NONE', 0
'Weight_update', 'Compute', 31865.18529781992, 31938.366142663766, 73.18084484384597, 'NONE', 'NONE', 'NONE', 0
'Weight_update', 'Compute', 31938.366142663766, 32011.546987507612, 73.18084484384597, 'NONE', 'NONE', 'NONE', 0
'Weight_update', 'Compute', 32011.546987507612, 32084.72783235146, 73.18084484384597, 'NONE', 'NONE', 'NONE', 0
'Weight_update', 'Compute', 32084.72783235146, 32157.908677195304, 73.18084484384597, 'NONE', 'NONE', 'NONE', 0
'Weight_update', 'Compute', 32157.908677195304, 32231.08952203915, 73.18084484384597, 'NONE', 'NONE', 'NONE', 0
'Weight_update', 'Compute', 32231.08952203915, 32304.270366882996, 73.18084484384597, 'NONE', 'NONE', 'NONE', 0
'Weight_update', 'Compute', 32304.270366882996, 32377.451211726842, 73.18084484384597, 'NONE', 'NONE', 'NONE', 0
'Weight_update', 'Compute', 32377.451211726842, 32450.63205657069, 73.18084484384597, 'NONE', 'NONE', 'NONE', 0
'Weight_update', 'Compute', 32450.63205657069, 32523.812901414534, 73.18084484384597, 'NONE', 'NONE', 'NONE', 0
'Weight_update', 'Compute', 32523.812901414534, 32596.99374625838, 73.18084484384597, 'NONE', 'NONE', 'NONE', 0
'Weight_update', 'Compute', 32596.99374625838, 32670.174591102226, 73.18084484384597, 'NONE', 'NONE', 'NONE', 0
'Weight_update', 'Compute', 32670.174591102226, 32743.355435946072, 73.18084484384597, 'NONE', 'NONE', 'NONE', 0
'Weight_update', 'Compute', 32743.355435946072, 32816.536280789915, 73.18084484384597, 'NONE', 'NONE', 'NONE', 0
'Weight_update', 'Compute', 32816.536280789915, 32889.71712563376, 73.18084484384597, 'NONE', 'NONE', 'NONE', 0
'Weight_update', 'Compute', 32889.71712563376, 32962.89797047761, 73.18084484384597, 'NONE', 'NONE', 'NONE', 0
'Weight_update', 'Compute', 32962.89797047761, 33036.07881532145, 73.18084484384597, 'NONE', 'NONE', 'NONE', 0
'Weight_update', 'Compute', 33036.07881532145, 33109.2596601653, 73.18084484384597, 'NONE', 'NONE', 'NONE', 0
'Weight_update', 'Compute', 33109.2596601653, 33182.440505009145, 73.18084484384597, 'NONE', 'NONE', 'NONE', 0
'Weight_update', 'Compute', 33182.440505009145, 33255.62134985299, 73.18084484384597, 'NONE', 'NONE', 'NONE', 0
'Weight_update', 'Compute', 33255.62134985299, 33328.80219469684, 73.18084484384597, 'NONE', 'NONE', 'NONE', 0
'Weight_update', 'Compute', 33328.80219469684, 33401.98303954068, 73.18084484384597, 'NONE', 'NONE', 'NONE', 0
'Weight_update', 'Compute', 33401.98303954068, 33475.16388438453, 73.18084484384597, 'NONE', 'NONE', 'NONE', 0
'Weight_update', 'Compute', 33475.16388438453, 33548.344729228374, 73.18084484384597, 'NONE', 'NONE', 'NONE', 0
'Weight_update', 'Compute', 33548.344729228374, 33621.52557407222, 73.18084484384597, 'NONE', 'NONE', 'NONE', 0
'Weight_update', 'Compute', 33621.52557407222, 33694.70641891607, 73.18084484384597, 'NONE', 'NONE', 'NONE', 0
'Weight_update', 'Compute', 33694.70641891607, 33767.88726375991, 73.18084484384597, 'NONE', 'NONE', 'NONE', 0
'Weight_update', 'Compute', 33767.88726375991, 33841.06810860376, 73.18084484384597, 'NONE', 'NONE', 'NONE', 0
'Weight_update', 'Compute', 33841.06810860376, 33914.248953447604, 73.18084484384597, 'NONE', 'NONE', 'NONE', 0
'Weight_update', 'Compute', 33914.248953447604, 33987.42979829145, 73.18084484384597, 'NONE', 'NONE', 'NONE', 0
'Weight_update', 'Compute', 33987.42979829145, 34060.6106431353, 73.18084484384597, 'NONE', 'NONE', 'NONE', 0
'Weight_update', 'Compute', 34060.6106431353, 34133.79148797914, 73.18084484384597, 'NONE', 'NONE', 'NONE', 0
'Weight_update', 'Compute', 34133.79148797914, 34206.97233282299, 73.18084484384597, 'NONE', 'NONE', 'NONE', 0
'Weight_update', 'Compute', 34206.97233282299, 34280.153177666834, 73.18084484384597, 'NONE', 'NONE', 'NONE', 0
'Weight_update', 'Compute', 34280.153177666834, 34353.33402251068, 73.18084484384597, 'NONE', 'NONE', 'NONE', 0
'Weight_update', 'Compute', 34353.33402251068, 34426.514867354526, 73.18084484384597, 'NONE', 'NONE', 'NONE', 0
'Weight_update', 'Compute', 34426.514867354526, 34499.69571219837, 73.18084484384597, 'NONE', 'NONE', 'NONE', 0
'Weight_update', 'Compute', 34499.69571219837, 34572.87655704222, 73.18084484384597, 'NONE', 'NONE', 'NONE', 0
'Weight_update', 'Compute', 34572.87655704222, 34646.057401886064, 73.18084484384597, 'NONE', 'NONE', 'NONE', 0
'Weight_update', 'Compute', 34646.057401886064, 34719.23824672991, 73.18084484384597, 'NONE', 'NONE', 'NONE', 0
'Weight_update', 'Compute', 34719.23824672991, 34792.419091573756, 73.18084484384597, 'NONE', 'NONE', 'NONE', 0
'Weight_update', 'Compute', 34792.419091573756, 34865.5999364176, 73.18084484384597, 'NONE', 'NONE', 'NONE', 0
'Weight_update', 'Compute', 34865.5999364176, 34938.78078126145, 73.18084484384597, 'NONE', 'NONE', 'NONE', 0
'Weight_update', 'Compute', 34938.78078126145, 35011.961626105294, 73.18084484384597, 'NONE', 'NONE', 'NONE', 0
'Weight_update', 'Compute', 35011.961626105294, 35085.14247094914, 73.18084484384597, 'NONE', 'NONE', 'NONE', 0
'Weight_update', 'Compute', 35085.14247094914, 35158.323315792986, 73.18084484384597, 'NONE', 'NONE', 'NONE', 0
'Weight_update', 'Compute', 35158.323315792986, 35231.50416063683, 73.18084484384597, 'NONE', 'NONE', 'NONE', 0
'Weight_update', 'Compute', 35231.50416063683, 35304.68500548068, 73.18084484384597, 'NONE', 'NONE', 'NONE', 0
'Weight_update', 'Compute', 35304.68500548068, 35377.865850324524, 73.18084484384597, 'NONE', 'NONE', 'NONE', 0
'Weight_update', 'Compute', 35377.865850324524, 35451.04669516837, 73.18084484384597, 'NONE', 'NONE', 'NONE', 0

