src,dst,bytes
0,1,103330
0,2,5909735
0,3,100894
0,4,176117
0,5,90408
0,6,182972
0,7,136520
0,8,296831
0,9,150009
0,10,123997
0,11,1045988
0,12,75342
0,13,85869
0,14,111063
0,15,68984
0,16,72004
0,17,69932
0,18,72065
0,19,64208
0,20,275236
0,21,342198
0,22,805406
0,23,93631
0,24,79716
0,25,314583
0,26,217782
0,27,62984
0,28,325256
0,29,519078
0,30,183641
0,31,346985
0,32,793956
0,33,166579
0,34,67498
0,35,69812
0,36,242541
0,37,73179
0,38,1003637
0,39,6459362
0,40,89260
0,41,1362911
0,42,126187
0,43,183608
0,44,64562
0,45,289323
0,46,95448
0,47,105499
0,48,1649989
0,49,1048436
0,50,231871
0,51,63660
0,52,101264
0,53,119497
0,54,97185
0,55,120064
0,56,107287
0,57,74435
0,58,79433
0,59,316848
0,60,421281
0,61,188768
0,62,185026
0,63,70554
0,64,67418
0,65,398209
0,66,99013
0,67,81450
0,68,372020
0,69,64042
0,70,282229
0,71,85388
0,72,83968
0,73,112507
0,74,151835
0,75,459945
0,76,4208750
0,77,65665
0,78,69124
0,79,555803
0,80,1093498
0,81,1783123
0,82,81134
0,83,2032213
0,84,185880
0,85,354119
0,86,62307
0,87,5020262
0,88,153533
0,89,163273
0,90,69789
0,91,98679
0,92,103342
0,93,215017
0,94,29252581
0,95,102969
0,96,489792
0,97,87332
0,98,167029
0,99,108069
0,100,110491
0,101,149455
0,102,580260
0,103,75876
0,104,188170
0,105,386209
0,106,240324
0,107,574506
0,108,101956
0,109,149824
0,110,381798
0,111,95834
0,112,68332
0,113,1524206
0,114,78953
0,115,68108
0,116,129239
0,117,402410
0,118,135226
0,119,72307
0,120,102265
0,121,90822
0,122,178955
0,123,426097
0,124,64685
0,125,157137
0,126,66551
0,127,188030
1,0,152644
1,2,109184
1,3,235948
1,4,105245
1,5,90454
1,6,516386
1,7,105987
1,8,427514
1,9,268621
1,10,14038534
1,11,119696
1,12,564618
1,13,81269
1,14,701788
1,15,91397
1,16,127070
1,17,93465
1,18,74364
1,19,71299
1,20,885171
1,21,419291
1,22,86211
1,23,4618709
1,24,76189
1,25,775678
1,26,178987
1,27,184924
1,28,19961858
1,29,1112347
1,30,537225
1,31,563306
1,32,179985
1,33,71728
1,34,86599
1,35,64508
1,36,1706165
1,37,171507
1,38,296346
1,39,64805
1,40,69693
1,41,135822
1,42,448819
1,43,305642
1,44,91631
1,45,87798
1,46,188416
1,47,119041
1,48,68464
1,49,304620
1,50,324969
1,51,110876
1,52,113015
1,53,251853
1,54,146010
1,55,95875
1,56,62427
1,57,3980238
1,58,1235877
1,59,140336
1,60,117425
1,61,78153
1,62,274322
1,63,508677
1,64,80081
1,65,11369745
1,66,82684
1,67,168079
1,68,91519
1,69,792974
1,70,661686
1,71,65690
1,72,71323
1,73,5890311
1,74,83570
1,75,9276020
1,76,105706
1,77,177969
1,78,96397
1,79,72343
1,80,160426
1,81,2952542
1,82,157617
1,83,14428937
1,84,79986
1,85,102656
1,86,624326
1,87,97890
1,88,115920
1,89,119436
1,90,91136
1,91,64013
1,92,259356
1,93,70729
1,94,72691
1,95,286947
1,96,14945778
1,97,84929
1,98,205229
1,99,207263
1,100,378361
1,101,2458462
1,102,68141
1,103,126899
1,104,559402
1,105,100127
1,106,165242
1,107,100415
1,108,160216
1,109,166411
1,110,79477
1,111,643510
1,112,4509536
1,113,102036
1,114,719018
1,115,103588
1,116,628142
1,117,101694
1,118,156985
1,119,85819
1,120,76129
1,121,266282
1,122,418834
1,123,302094
1,124,121308
1,125,735755
1,126,118814
1,127,107187
2,0,165464
2,1,1555652
2,3,63699
2,4,75420
2,5,1034697
2,6,101468
2,7,303943
2,8,222364
2,9,98539
2,10,77853
2,11,130878
2,12,83239
2,13,202627
2,14,82243
2,15,588666
2,16,97426
2,17,209633
2,18,73786
2,19,108413
2,20,81822
2,21,452823
2,22,111116
2,23,66525
2,24,1195123
2,25,262745
2,26,100017
2,27,380136
2,28,394634
2,29,116895
2,30,202707
2,31,81586
2,32,66385
2,33,278512
2,34,68552
2,35,76457
2,36,115274
2,37,14839717
2,38,62021
2,39,73310
2,40,85454
2,41,121954
2,42,75896
2,43,213858
2,44,32034774
2,45,321376
2,46,427198
2,47,108477
2,48,74236
2,49,66054
2,50,425626
2,51,95428
2,52,571533
2,53,138534
2,54,198874
2,55,583317
2,56,82274
2,57,77115
2,58,193055
2,59,740051
2,60,164089
2,61,131914
2,62,315214
2,63,337634
2,64,192030
2,65,122944
2,66,105100
2,67,112836
2,68,304790
2,69,66489
2,70,778987
2,71,168622
2,72,6131405
2,73,249891
2,74,206803
2,75,462669
2,76,144418
2,77,70682
2,78,69750
2,79,13943945
2,80,2100298
2,81,74653
2,82,68834
2,83,96099
2,84,170947
2,85,677137
2,86,93020
2,87,59670356
2,88,186880
2,89,115245
2,90,333380
2,91,316484
2,92,438342
2,93,230591
2,94,86094
2,95,98347
2,96,79672
2,97,174515
2,98,71608
2,99,367182
2,100,96038
2,101,197370
2,102,256541
2,103,188100
2,104,65931
2,105,171212
2,106,184450
2,107,546493
2,108,1085598
2,109,76430
2,110,2506122
2,111,98102
2,112,90831
2,113,62758
2,114,92846
2,115,219631
2,116,132594
2,117,67487
2,118,183977
2,119,747462
2,120,204287
2,121,118769
2,122,134825
2,123,132612
2,124,111639
2,125,200203
2,126,232748
2,127,129769
3,0,103918
3,1,75460
3,2,744394
3,4,67767
3,5,627503
3,6,124128
3,7,280177
3,8,81647
3,9,91885
3,10,141868
3,11,63931
3,12,91192
3,13,228270
3,14,77465
3,15,184179
3,16,205558
3,17,504794
3,18,70496
3,19,203717
3,20,363747
3,21,63064
3,22,117810
3,23,108133
3,24,114961
3,25,82855
3,26,66442
3,27,122272
3,28,81307
3,29,205930
3,30,78160
3,31,3045465455
3,32,76972
3,33,517280
3,34,312081
3,35,5612410
3,36,99556
3,37,190154
3,38,83602
3,39,227621
3,40,416262
3,41,81194
3,42,88779
3,43,97636
3,44,268823
3,45,125017
3,46,96068
3,47,185504
3,48,615893
3,49,128694
3,50,100105
3,51,220896
3,52,89727
3,53,141036
3,54,119208
3,55,135783
3,56,66735
3,57,907885
3,58,269771
3,59,76911
3,60,278296
3,61,1349796
3,62,108451
3,63,147590
3,64,2435251
3,65,112781
3,66,383474
3,67,206595
3,68,967849
3,69,108196
3,70,206387
3,71,164939
3,72,116326
3,73,158586
3,74,171834
3,75,286643
3,76,73080
3,77,432947
3,78,67231
3,79,1209847
3,80,111747
3,81,210794
3,82,177117
3,83,124406
3,84,102472
3,85,92741
3,86,121229
3,87,118799
3,88,1166640
3,89,142899
3,90,68277
3,91,728136
3,92,394770
3,93,6846406
3,94,2898860
3,95,624643
3,96,536746
3,97,208696
3,98,69337
3,99,326794
3,100,312971
3,101,113527
3,102,138394
3,103,165519
3,104,64989
3,105,395043
3,106,239394
3,107,100382
3,108,2293669
3,109,809970
3,110,545751
3,111,174179
3,112,375477
3,113,83027
3,114,243663
3,115,62520
3,116,79038
3,117,64072
3,118,62871
3,119,74937
3,120,105148
3,121,6671978
3,122,142857
3,123,24575485
3,124,133767
3,125,148109
3,126,74160
3,127,73748
4,0,166187
4,1,97342
4,2,745706
4,3,109625
4,5,82212
4,6,69512
4,7,105633
4,8,72734
4,9,956665
4,10,431175
4,11,87677
4,12,155588
4,13,201269
4,14,1811691
4,15,215107
4,16,79239
4,17,111882
4,18,62956
4,19,110044
4,20,111384
4,21,70525
4,22,66635
4,23,141078
4,24,103694
4,25,95015
4,26,282894
4,27,303016
4,28,196645
4,29,350683
4,30,82653
4,31,201786
4,32,66777
4,33,143772
4,34,901022
4,35,82964
4,36,782322
4,37,422978
4,38,88444
4,39,80537
4,40,336001
4,41,63488
4,42,224818
4,43,123201
4,44,5542328
4,45,3961441
4,46,146964
4,47,451423
4,48,146187
4,49,73129
4,50,96028
4,51,101831
4,52,145768
4,53,173451
4,54,294981
4,55,241927
4,56,100816
4,57,329027
4,58,101888
4,59,62847
4,60,131041
4,61,325352
4,62,69146
4,63,84442
4,64,146297
4,65,105669
4,66,1435052
4,67,617439
4,68,71358
4,69,74351
4,70,760876
4,71,69938
4,72,197754
4,73,568855
4,74,67019
4,75,1136525
4,76,66380
4,77,75796
4,78,349807
4,79,179340
4,80,122655
4,81,107816
4,82,228570
4,83,200399
4,84,509765
4,85,306240
4,86,64023
4,87,124111
4,88,66987
4,89,806416
4,90,566200
4,91,147996
4,92,104202
4,93,67455
4,94,65179
4,95,536027
4,96,90711
4,97,1698209
4,98,197064
4,99,172191
4,100,1740753
4,101,69984
4,102,228921
4,103,305215
4,104,1593580
4,105,132742
4,106,76329
4,107,101434
4,108,62918
4,109,182275
4,110,76162
4,111,79876
4,112,675672
4,113,2423795
4,114,66708
4,115,91146
4,116,95226
4,117,80984
4,118,1038704
4,119,137619
4,120,124472
4,121,63031
4,122,460306
4,123,65462
4,124,307358
4,125,72502
4,126,297399
4,127,158355
5,0,62233
5,1,80390
5,2,116661
5,3,65925
5,4,62511
5,6,152310
5,7,77170
5,8,731927
5,9,104285
5,10,86540
5,11,85512
5,12,453350
5,13,267080
5,14,158075
5,15,76639
5,16,1262952
5,17,112809
5,18,115719
5,19,181517
5,20,445219
5,21,107175
5,22,64547
5,23,208146
5,24,286719
5,25,144159
5,26,117989
5,27,445560
5,28,123915
5,29,5739038
5,30,171745
5,31,96831
5,32,75677
5,33,118034
5,34,79462
5,35,120466
5,36,319421
5,37,79017
5,38,200596
5,39,67258
5,40,232283
5,41,114155
5,42,174546
5,43,446242
5,44,79196
5,45,608873
5,46,646195
5,47,78371
5,48,2077144
5,49,124242
5,50,137264
5,51,72362
5,52,153220
5,53,119528
5,54,1572685
5,55,751440
5,56,63449
5,57,66855
5,58,95066
5,59,107564
5,60,85019
5,61,116471
5,62,64800
5,63,201906
5,64,104979
5,65,94308
5,66,764528
5,67,171271
5,68,10993551
5,69,72246
5,70,699055
5,71,844388
5,72,71222
5,73,117736
5,74,279089
5,75,133842
5,76,432301
5,77,197908
5,78,226581
5,79,279378
5,80,99907
5,81,174729
5,82,164061
5,83,176366
5,84,163111
5,85,71495
5,86,939658
5,87,157922
5,88,221651
5,89,82754
5,90,67788
5,91,105828
5,92,84128
5,93,111276
5,94,84945
5,95,113959
5,96,520434
5,97,77136
5,98,63819
5,99,993909
5,100,88024
5,101,188874
5,102,99143
5,103,681568
5,104,195135
5,105,345696
5,106,219166
5,107,158689
5,108,247493
5,109,143303
5,110,62970
5,111,390313
5,112,241428
5,113,72101
5,114,98733
5,115,68850
5,116,71830
5,117,75889
5,118,64203
5,119,133336
5,120,99208
5,121,350464
5,122,189654
5,123,74886
5,124,67471
5,125,434732
5,126,149593
5,127,120948
6,0,3509184
6,1,610994
6,2,111855
6,3,76688020
6,4,62030
6,5,773331
6,7,75942
6,8,96191
6,9,76135
6,10,127464
6,11,75975
6,12,149708
6,13,294024
6,14,80663
6,15,119193
6,16,198913
6,17,180309
6,18,132834
6,19,341046
6,20,103004
6,21,100984
6,22,72252
6,23,670229
6,24,289941
6,25,160898
6,26,628783
6,27,98240
6,28,834592
6,29,1224907
6,30,79412
6,31,15612471
6,32,144202
6,33,94190
6,34,694799
6,35,74550
6,36,446072
6,37,64695
6,38,79513
6,39,348282
6,40,101660
6,41,75591
6,42,15053237
6,43,87100
6,44,498024
6,45,193793
6,46,1222735
6,47,2637438
6,48,67734
6,49,73030
6,50,68800
6,51,88479
6,52,90390
6,53,183239
6,54,189904
6,55,106652
6,56,253237
6,57,76843
6,58,67546
6,59,90970
6,60,66255
6,61,163898
6,62,736183
6,63,215197
6,64,142941
6,65,94785
6,66,66198
6,67,1008187
6,68,97668
6,69,156459
6,70,65194
6,71,116007
6,72,75737
6,73,336612
6,74,68690
6,75,63459
6,76,84377
6,77,93964
6,78,103776
6,79,139339
6,80,201110
6,81,170888
6,82,322691
6,83,191667
6,84,124308
6,85,62623
6,86,61943
6,87,376350
6,88,277937
6,89,65260
6,90,174240
6,91,238632
6,92,280833
6,93,5507886
6,94,83610
6,95,62173
6,96,62557
6,97,72618
6,98,245936
6,99,160400
6,100,366944
6,101,238415
6,102,108990
6,103,64331
6,104,442176
6,105,87041
6,106,149156
6,107,89286
6,108,94032
6,109,86777
6,110,118048
6,111,80463
6,112,119026
6,113,85877
6,114,380391
6,115,80323
6,116,113361
6,117,62270
6,118,427356
6,119,93281
6,120,1155788
6,121,64567
6,122,79520
6,123,76612
6,124,295141
6,125,210233
6,126,76249
6,127,1838815
7,0,113945
7,1,217599
7,2,89853
7,3,96769
7,4,343780
7,5,98593
7,6,92378
7,8,133635
7,9,81518
7,10,76754
7,11,724380
7,12,18761688
7,13,519981
7,14,114268
7,15,131421
7,16,465791
7,17,1876159
7,18,477129
7,19,145330
7,20,163138
7,21,298949
7,22,83681
7,23,78760
7,24,1454191
7,25,487773
7,26,269364
7,27,116968
7,28,748343
7,29,220849
7,30,82808
7,31,65245
7,32,69824
7,33,190225
7,34,393410
7,35,81359
7,36,469328
7,37,12197364
7,38,131276
7,39,134105
7,40,86086
7,41,110597
7,42,68113
7,43,252754
7,44,151433
7,45,62525
7,46,106491
7,47,85969
7,48,54681428
7,49,76761
7,50,85265
7,51,122495
7,52,549231
7,53,341255
7,54,75283
7,55,99688
7,56,233476
7,57,172459
7,58,63083
7,59,108733
7,60,161321
7,61,162788
7,62,85052
7,63,205765
7,64,89573
7,65,107312
7,66,2710256
7,67,158483
7,68,379881
7,69,65019
7,70,228220
7,71,436202
7,72,359677
7,73,1495473
7,74,269229
7,75,133785
7,76,459584
7,77,67541
7,78,8495461
7,79,277150
7,80,771462
7,81,64517
7,82,9741732
7,83,579984
7,84,359218
7,85,315395
7,86,389512
7,87,91369
7,88,74692
7,89,254208
7,90,186638
7,91,189193
7,92,2877885
7,93,162600
7,94,97626
7,95,67364
7,96,263133
7,97,70064
7,98,279451
7,99,175807
7,100,153099
7,101,107576
7,102,89161
7,103,79993
7,104,140850
7,105,332381
7,106,2985634
7,107,80117
7,108,77252
7,109,600228
7,110,140070
7,111,186811
7,112,78301
7,113,157339
7,114,288937
7,115,662390
7,116,235895
7,117,367541
7,118,180341
7,119,65634
7,120,795926
7,121,1564126
7,122,61907
7,123,186707
7,124,164691
7,125,80434
7,126,118693
7,127,84807
8,0,181648
8,1,142371
8,2,124851
8,3,101028
8,4,75763
8,5,79730
8,6,129080
8,7,306498
8,9,588950
8,10,70758
8,11,75684
8,12,70869
8,13,93242
8,14,961529
8,15,429417
8,16,65064
8,17,109003
8,18,68097
8,19,217005
8,20,200557
8,21,66766
8,22,88059
8,23,106603
8,24,64616
8,25,73328
8,26,107513
8,27,154115
8,28,74428
8,29,541336
8,30,77784
8,31,82151
8,32,72956
8,33,12893931
8,34,316757
8,35,279523
8,36,250009
8,37,75028
8,38,78703
8,39,97731
8,40,95915
8,41,284682
8,42,490604
8,43,231716
8,44,73272
8,45,655408
8,46,72569
8,47,343040
8,48,148426
8,49,70196
8,50,73173
8,51,110624
8,52,197409
8,53,104464
8,54,95136
8,55,554020
8,56,72089
8,57,1027556
8,58,4838687
8,59,2213833
8,60,378866
8,61,65335
8,62,69157
8,63,551490
8,64,299359
8,65,112850
8,66,2767330
8,67,93748
8,68,551238
8,69,133917
8,70,68458
8,71,84200
8,72,222126
8,73,120265
8,74,1498616
8,75,81427
8,76,113987
8,77,64919
8,78,126968
8,79,6215830
8,80,357162
8,81,82235
8,82,185812
8,83,97039
8,84,190440
8,85,71098
8,86,114198
8,87,67380
8,88,518402
8,89,77534
8,90,116108
8,91,93650
8,92,168364
8,93,822898
8,94,1135577
8,95,78076
8,96,613741
8,97,92397
8,98,154359
8,99,27854135
8,100,73335
8,101,80161
8,102,79774
8,103,69427
8,104,121559
8,105,143069
8,106,593818
8,107,291030
8,108,112426
8,109,326987
8,110,684551
8,111,136950
8,112,195623
8,113,108926
8,114,40635185
8,115,168938
8,116,203231
8,117,186018
8,118,176741
8,119,124752
8,120,116705
8,121,84225
8,122,172939
8,123,64839
8,124,67295
8,125,115360
8,126,93719
8,127,138294
9,0,88735
9,1,70922
9,2,78020
9,3,84799
9,4,3501705
9,5,596425
9,6,7667407
9,7,146165
9,8,72612
9,10,174760
9,11,257536
9,12,67853
9,13,32472107
9,14,5325263
9,15,524082
9,16,302261
9,17,67907
9,18,70075
9,19,68995
9,20,2088662
9,21,120512
9,22,413422
9,23,73906
9,24,73167
9,25,85142
9,26,104619
9,27,313149
9,28,82459
9,29,180017
9,30,239230
9,31,98981
9,32,66661
9,33,120188
9,34,81224
9,35,3472082
9,36,179116
9,37,8849560
9,38,1126179
9,39,216869
9,40,94835
9,41,206345
9,42,69557
9,43,286416
9,44,1516123
9,45,66819
9,46,426883
9,47,544026
9,48,822374
9,49,169864
9,50,314493
9,51,101740
9,52,83801
9,53,716567
9,54,579156
9,55,184348
9,56,3547018
9,57,104739
9,58,1469234
9,59,145112
9,60,153123
9,61,73260
9,62,499911
9,63,361179
9,64,109326
9,65,72839
9,66,96273
9,67,74479
9,68,216188
9,69,3212057
9,70,133411
9,71,62247
9,72,384382
9,73,262486
9,74,192468
9,75,193645
9,76,73685
9,77,168336
9,78,1537303
9,79,89709
9,80,64164
9,81,62553
9,82,102368
9,83,80220
9,84,255369
9,85,82871
9,86,97049
9,87,122335
9,88,146563
9,89,67988
9,90,4393661
9,91,99045
9,92,147433
9,93,81059
9,94,274743
9,95,62585
9,96,62127
9,97,63359
9,98,245193
9,99,156309
9,100,134692
9,101,714132
9,102,914208
9,103,84032
9,104,644179
9,105,150543
9,106,193830
9,107,1989032
9,108,685676
9,109,227522
9,110,419596
9,111,166551
9,112,126593
9,113,160373
9,114,186465
9,115,152979
9,116,77245
9,117,83872
9,118,686052
9,119,63579
9,120,141243
9,121,82614
9,122,2339151
9,123,664157
9,124,574777
9,125,151386
9,126,62637
9,127,171065
10,0,293547
10,1,623379
10,2,347308
10,3,80775
10,4,66940
10,5,204818
10,6,85952
10,7,340213
10,8,472344
10,9,316211
10,11,145090
10,12,102426
10,13,835670
10,14,619615
10,15,1627725
10,16,331487
10,17,185846
10,18,167001
10,19,177621
10,20,89045
10,21,141764
10,22,523394
10,23,380263
10,24,118378
10,25,91659
10,26,46708255
10,27,94825
10,28,474248
10,29,123072
10,30,302596
10,31,77707
10,32,329125
10,33,139501
10,34,239448
10,35,135303
10,36,171626
10,37,215691
10,38,95025
10,39,133729
10,40,88841
10,41,290796
10,42,1924837
10,43,1417791
10,44,970682
10,45,144938
10,46,72864
10,47,68712
10,48,211748
10,49,641843
10,50,121717
10,51,116719
10,52,306069
10,53,450204
10,54,1094382
10,55,14735028
10,56,87642
10,57,123363
10,58,79340
10,59,102025
10,60,137048
10,61,176678
10,62,80294
10,63,7959901
10,64,356256
10,65,94259
10,66,179212
10,67,181228510
10,68,69500
10,69,909143
10,70,392327
10,71,62483
10,72,71668
10,73,1278076
10,74,158894
10,75,2777057
10,76,75113
10,77,131240
10,78,111585
10,79,120049
10,80,78711
10,81,230083
10,82,71034
10,83,75572
10,84,1344614
10,85,83286
10,86,87928
10,87,82374
10,88,528707
10,89,157288
10,90,2120950
10,91,70578
10,92,125216
10,93,234838
10,94,107338
10,95,66266
10,96,99338
10,97,62768
10,98,239067
10,99,555293
10,100,154212
10,101,63197
10,102,208569
10,103,955974
10,104,77728
10,105,434081
10,106,111156
10,107,149248
10,108,80095
10,109,79282
10,110,112235
10,111,246568
10,112,335191
10,113,110770
10,114,824475
10,115,544764
10,116,83325
10,117,76283
10,118,36406731
10,119,73291
10,120,2551320
10,121,88260
10,122,3577828
10,123,70202
10,124,404969
10,125,576139
10,126,89099
10,127,135111
11,0,680825
11,1,117751
11,2,124951
11,3,111330
11,4,439170
11,5,3825495
11,6,384512
11,7,254940
11,8,63675
11,9,95570
11,10,127395
11,12,146585
11,13,152334
11,14,108489
11,15,109249
11,16,67284
11,17,92055
11,18,94885
11,19,126865
11,20,109495
11,21,65967
11,22,202667
11,23,600817
11,24,138514
11,25,196569
11,26,321844
11,27,71016
11,28,62219
11,29,62409
11,30,440668
11,31,66044
11,32,830838
11,33,120404
11,34,77197
11,35,381285
11,36,1530729
11,37,62371
11,38,75061
11,39,84766
11,40,1267570
11,41,216369
11,42,683429
11,43,719838
11,44,76095
11,45,232593
11,46,2947092
11,47,98326
11,48,199108
11,49,168422
11,50,365991
11,51,263588
11,52,65452
11,53,205311
11,54,119421
11,55,119957
11,56,113084
11,57,65533
11,58,361063
11,59,467460
11,60,341674
11,61,570191
11,62,137738
11,63,175869
11,64,138115
11,65,107388
11,66,1298361
11,67,2462370
11,68,2085772
11,69,413125
11,70,1190976
11,71,130357
11,72,2054453
11,73,72551
11,74,209334
11,75,118844
11,76,93905
11,77,121292
11,78,142793
11,79,487572
11,80,89037
11,81,326890
11,82,1508119
11,83,1534009
11,84,81239
11,85,75690
11,86,90180
11,87,72931
11,88,97394
11,89,105938
11,90,339798
11,91,515049
11,92,80812
11,93,340525
11,94,175128
11,95,1071809
11,96,69286
11,97,157011
11,98,178860
11,99,105779
11,100,2682522
11,101,81171
11,102,89457
11,103,480629
11,104,840008
11,105,72944
11,106,521569
11,107,561478
11,108,70253
11,109,139440
11,110,78252
11,111,548981
11,112,255124
11,113,139420
11,114,125166
11,115,73341
11,116,106801
11,117,107062
11,118,519755
11,119,11770232
11,120,75578
11,121,188662
11,122,75717
11,123,197485
11,124,2862336
11,125,154676
11,126,193350
11,127,86111
12,0,90271
12,1,166076
12,2,63878
12,3,68447
12,4,77458
12,5,86998
12,6,143430
12,7,663803
12,8,535549
12,9,87720
12,10,86887
12,11,87841
12,13,87306
12,14,265225
12,15,78533
12,16,79203
12,17,238470
12,18,66546
12,19,137996
12,20,64272
12,21,1043549
12,22,692115
12,23,126221
12,24,79614
12,25,74711
12,26,452999
12,27,683056
12,28,1271054
12,29,209078
12,30,329811
12,31,74268
12,32,258914
12,33,185231
12,34,73378
12,35,66557
12,36,337429
12,37,70127
12,38,88912
12,39,302848
12,40,77520
12,41,285058
12,42,79651
12,43,159384
12,44,573151
12,45,83137
12,46,231050
12,47,320722
12,48,414315
12,49,158024
12,50,828176
12,51,128957
12,52,78725
12,53,223609
12,54,9597589
12,55,378993
12,56,65746
12,57,73510
12,58,453702
12,59,63382
12,60,84112
12,61,136093
12,62,136442
12,63,231562
12,64,356595
12,65,74339
12,66,495943
12,67,126171
12,68,98422
12,69,296589
12,70,125449
12,71,75723
12,72,69704
12,73,84329
12,74,93252
12,75,78062
12,76,81209
12,77,3257229
12,78,157820
12,79,276936
12,80,68348
12,81,134483
12,82,82074
12,83,638202
12,84,163653
12,85,494495
12,86,117248
12,87,1041929
12,88,196721
12,89,113472
12,90,83089
12,91,95773
12,92,143944
12,93,4359958
12,94,65895
12,95,123492
12,96,110293
12,97,251077
12,98,89295
12,99,88137
12,100,91435
12,101,88629
12,102,88708
12,103,250542
12,104,1857315
12,105,104763
12,106,526617
12,107,101638
12,108,138634
12,109,143794
12,110,69404
12,111,2904147
12,112,103039
12,113,66157
12,114,121088
12,115,202386
12,116,62492
12,117,128293
12,118,119819
12,119,1919866
12,120,754114
12,121,87972
12,122,13313235
12,123,130250
12,124,90592
12,125,1798402
12,126,408573
12,127,77659
13,0,152215
13,1,244567
13,2,65543
13,3,83168
13,4,392058
13,5,92808
13,6,682311
13,7,300431
13,8,70770
13,9,131932
13,10,227373
13,11,119620
13,12,66204
13,14,82251
13,15,91687
13,16,1032307
13,17,83640705
13,18,296266
13,19,653684
13,20,68299
13,21,328053
13,22,72028
13,23,61939
13,24,74950
13,25,89871
13,26,109756
13,27,323258
13,28,1002129
13,29,95438
13,30,1063353
13,31,2498061
13,32,186155
13,33,85273
13,34,76822
13,35,218888
13,36,160321
13,37,246510
13,38,206055
13,39,135726
13,40,97826
13,41,208526
13,42,982896
13,43,91528
13,44,211226
13,45,1207723
13,46,82443
13,47,155910
13,48,1020505
13,49,145156
13,50,105681
13,51,69881
13,52,111531
13,53,211617
13,54,15846950
13,55,153075
13,56,135437
13,57,1461677
13,58,61989
13,59,133224
13,60,90509
13,61,62782
13,62,74750
13,63,620240
13,64,136657
13,65,79723
13,66,954595
13,67,67003
13,68,67423
13,69,284308
13,70,257660
13,71,1183782
13,72,223946
13,73,92655
13,74,200478
13,75,149019
13,76,63887
13,77,328930
13,78,72827
13,79,430215
13,80,335494
13,81,105511
13,82,130770
13,83,195812
13,84,667002
13,85,780889
13,86,500954937
13,87,206511
13,88,67600
13,89,316393
13,90,1220570
13,91,178604
13,92,713728
13,93,100682
13,94,150893
13,95,376726
13,96,66782
13,97,114183
13,98,849366
13,99,131095
13,100,5183922
13,101,409156
13,102,304960
13,103,149524
13,104,98743
13,105,138254
13,106,232956
13,107,104751
13,108,77610
13,109,89492
13,110,83944
13,111,2659805
13,112,62866
13,113,223561
13,114,486770
13,115,447613
13,116,76350
13,117,1753268
13,118,610387
13,119,523165
13,120,731082
13,121,159618
13,122,110201
13,123,63340
13,124,114282
13,125,95126
13,126,71063
13,127,169719
14,0,106060
14,1,222650
14,2,9990983
14,3,78810
14,4,105730
14,5,118483
14,6,143580
14,7,62108
14,8,102276
14,9,107690
14,10,83769
14,11,129133
14,12,516609
14,13,779937
14,15,178349
14,16,71507
14,17,97091
14,18,86237
14,19,135996
14,20,98808
14,21,118588
14,22,207389
14,23,85109
14,24,74141
14,25,201627
14,26,63464
14,27,135880
14,28,68442
14,29,1025196
14,30,102899
14,31,271136
14,32,93475
14,33,191885
14,34,66312
14,35,95742
14,36,172759
14,37,2941660
14,38,72149
14,39,154627
14,40,62274
14,41,669509
14,42,139157
14,43,5577167
14,44,167765
14,45,173059
14,46,281566
14,47,125466
14,48,898549
14,49,2080012
14,50,69461
14,51,68064
14,52,96366
14,53,214615
14,54,705331
14,55,95590
14,56,20330949
14,57,181780
14,58,71794
14,59,127344
14,60,409885
14,61,88129
14,62,68288
14,63,257411
14,64,192725
14,65,103670
14,66,78981
14,67,64277
14,68,152357
14,69,118063
14,70,104143
14,71,214036
14,72,92693
14,73,227323
14,74,122017
14,75,616202
14,76,381927
14,77,140050
14,78,70069
14,79,161400
14,80,148517
14,81,104381
14,82,693646
14,83,75146
14,84,129627
14,85,273345
14,86,65154
14,87,61898
14,88,73925
14,89,87263
14,90,121135
14,91,350244
14,92,311020
14,93,261456
14,94,386078
14,95,110241
14,96,92112
14,97,77143
14,98,103155
14,99,238578
14,100,94200
14,101,101717
14,102,224188
14,103,354903
14,104,189868
14,105,98765
14,106,1320492
14,107,11980309
14,108,81875
14,109,7794931
14,110,4732828
14,111,71110
14,112,191631
14,113,81556
14,114,82351
14,115,88576
14,116,98081
14,117,330302
14,118,299936
14,119,77088
14,120,70875
14,121,919968
14,122,120668
14,123,82413
14,124,196038
14,125,117012
14,126,265818
14,127,324016
15,0,258600
15,1,111787
15,2,1223820
15,3,587816
15,4,803393
15,5,68294
15,6,676404
15,7,75237
15,8,100006
15,9,87963
15,10,261906
15,11,91491
15,12,296105
15,13,658185
15,14,84000
15,16,500754
15,17,72046
15,18,73061
15,19,98647
15,20,1478398
15,21,143665
15,22,199693
15,23,427041
15,24,217920
15,25,7165651
15,26,154432
15,27,1162672
15,28,1412122
15,29,2026722
15,30,242876
15,31,106975
15,32,219678
15,33,64606
15,34,303521
15,35,204982
15,36,76042
15,37,750996
15,38,301344
15,39,224624
15,40,103788
15,41,97081
15,42,64795
15,43,284159
15,44,306841
15,45,282155
15,46,120126
15,47,584996
15,48,2555503
15,49,92083
15,50,847701
15,51,76938
15,52,546989
15,53,72477
15,54,2628587
15,55,64247
15,56,322126
15,57,63709
15,58,111896
15,59,86144
15,60,190656
15,61,69625
15,62,2148054
15,63,75823
15,64,89028
15,65,365516
15,66,210492
15,67,1927332
15,68,115260
15,69,225550
15,70,4497697
15,71,469891
15,72,310668
15,73,64125
15,74,100061
15,75,93029
15,76,82777
15,77,62279
15,78,331388
15,79,260817
15,80,191268
15,81,265752
15,82,67279
15,83,76196
15,84,1026768
15,85,192688
15,86,180179
15,87,189263
15,88,127053
15,89,133823
15,90,207305
15,91,109261
15,92,114564
15,93,133692
15,94,77390
15,95,83428
15,96,65184
15,97,835131
15,98,9015747
15,99,71163
15,100,102150
15,101,1052541
15,102,610690
15,103,654718
15,104,488377
15,105,210880
15,106,2135930
15,107,283191
15,108,79174
15,109,88339
15,110,136151
15,111,154310
15,112,88744
15,113,112398
15,114,297805
15,115,1064193
15,116,91932
15,117,115993
15,118,262293
15,119,73761
15,120,100559
15,121,70665
15,122,188310
15,123,66105
15,124,158432
15,125,96924
15,126,260053
15,127,154750
16,0,67945
16,1,426568
16,2,79810
16,3,74957
16,4,78238
16,5,312703
16,6,123817
16,7,3330611
16,8,127190
16,9,122303
16,10,254086
16,11,322974
16,12,111950
16,13,70957
16,14,90951
16,15,237498
16,17,145527
16,18,76693
16,19,86921
16,20,166523
16,21,94348
16,22,69989
16,23,92340
16,24,464685
16,25,154579
16,26,229627
16,27,159877
16,28,91857
16,29,332581
16,30,106826
16,31,118513
16,32,282968
16,33,368622
16,34,167538
16,35,564881
16,36,156010
16,37,70167
16,38,348499
16,39,94062
16,40,369224
16,41,92760
16,42,68762
16,43,154091
16,44,74096
16,45,15272458
16,46,240379
16,47,1050896
16,48,85719
16,49,84208
16,50,174423
16,51,150032
16,52,1419215
16,53,122735
16,54,287328
16,55,235471
16,56,100749
16,57,96171
16,58,184653
16,59,1294738
16,60,488579
16,61,123557
16,62,152883
16,63,74294
16,64,96304
16,65,78477
16,66,69818
16,67,97531
16,68,111612
16,69,203514
16,70,146830
16,71,72679
16,72,291813
16,73,1829692
16,74,310053
16,75,103459
16,76,110664
16,77,269094
16,78,87366
16,79,342513
16,80,1377610
16,81,165298
16,82,74672
16,83,177306
16,84,155192
16,85,130824
16,86,115532
16,87,115762
16,88,149777
16,89,71782
16,90,85314
16,91,254268
16,92,1100609
16,93,141430
16,94,72870
16,95,132317
16,96,4427846
16,97,89421
16,98,233580
16,99,65074
16,100,192359
16,101,109236
16,102,83192
16,103,139867
16,104,210707
16,105,84604
16,106,130179
16,107,108311
16,108,263849
16,109,92770
16,110,121669
16,111,543781
16,112,239121
16,113,101129
16,114,158228
16,115,535311
16,116,195322
16,117,159695
16,118,150776
16,119,236908
16,120,90840
16,121,382957
16,122,181287
16,123,2490048
16,124,1241429
16,125,82228
16,126,68021
16,127,86220819
17,0,289786
17,1,145439
17,2,109573
17,3,68917
17,4,73830
17,5,645185
17,6,1029926
17,7,86312
17,8,955284
17,9,202506
17,10,129911
17,11,70811
17,12,187820
17,13,78867
17,14,70653
17,15,143111
17,16,76951
17,18,458504
17,19,468579
17,20,105572
17,21,78498
17,22,80375
17,23,371165
17,24,109145
17,25,68717
17,26,63240
17,27,134502
17,28,172549
17,29,115776
17,30,170156
17,31,93106
17,32,69264
17,33,62441
17,34,94915
17,35,146076
17,36,119742
17,37,65250
17,38,94735
17,39,376225
17,40,100182
17,41,137540
17,42,313328
17,43,157846
17,44,381029
17,45,299853
17,46,720249
17,47,1464691
17,48,85910
17,49,163707
17,50,63074
17,51,361411
17,52,138234
17,53,376601
17,54,83976
17,55,81990
17,56,138714
17,57,358530
17,58,69314
17,59,248950
17,60,307013
17,61,1073515
17,62,63287
17,63,725212
17,64,305471
17,65,625911
17,66,981444
17,67,122288
17,68,367422
17,69,3276946
17,70,295622
17,71,126002
17,72,94895
17,73,618992
17,74,68684
17,75,235313
17,76,150800
17,77,373495
17,78,97405
17,79,1067565
17,80,74211
17,81,64414
17,82,153751
17,83,163680
17,84,74415
17,85,67929
17,86,82583
17,87,111990
17,88,609478
17,89,87237
17,90,101592
17,91,463766
17,92,132816
17,93,199497
17,94,104119
17,95,173331
17,96,212886
17,97,65670
17,98,228871
17,99,69478
17,100,62824
17,101,710508
17,102,67723
17,103,115935
17,104,136911
17,105,298213
17,106,89179
17,107,125499
17,108,132372
17,109,965734
17,110,91313
17,111,3143351
17,112,3155641
17,113,82513
17,114,580537
17,115,92521
17,116,102911
17,117,105767
17,118,105742
17,119,75374
17,120,103494
17,121,301094
17,122,128905
17,123,117587
17,124,5813773
17,125,99306
17,126,62376
17,127,152907
18,0,88120
18,1,75093
18,2,308831
18,3,107879
18,4,72526
18,5,77951
18,6,1448252
18,7,377856
18,8,526154
18,9,62288
18,10,110465
18,11,143281
18,12,206304
18,13,123671
18,14,113305
18,15,377605
18,16,110505
18,17,109223
18,19,195397
18,20,512175
18,21,1822903
18,22,77999
18,23,334384
18,24,175683
18,25,383862
18,26,9550407
18,27,79455
18,28,125034
18,29,107400
18,30,175375
18,31,4920969
18,32,284607
18,33,70595
18,34,107854
18,35,80909
18,36,788584
18,37,680085
18,38,63921
18,39,105840
18,40,432140
18,41,78435
18,42,87651
18,43,64899
18,44,77916
18,45,397517
18,46,94925
18,47,120296
18,48,368742
18,49,63829
18,50,302680
18,51,111977
18,52,89251
18,53,106553
18,54,117174
18,55,80872
18,56,122831
18,57,78097
18,58,74134
18,59,246972
18,60,4825218
18,61,370314
18,62,174271
18,63,760422
18,64,158535
18,65,478097
18,66,131294
18,67,67837
18,68,243157
18,69,154774
18,70,76836
18,71,634925
18,72,70776
18,73,1389855
18,74,98070
18,75,64760
18,76,86574
18,77,78343
18,78,74944
18,79,79232
18,80,99186
18,81,2068581
18,82,560957
18,83,83904
18,84,73982
18,85,75989
18,86,71770
18,87,99480
18,88,153993
18,89,803896
18,90,1836527
18,91,80264
18,92,89763
18,93,73673
18,94,223513
18,95,148381
18,96,103847
18,97,71614
18,98,151339
18,99,83864
18,100,119604
18,101,222555
18,102,90207
18,103,118709
18,104,202426
18,105,109926
18,106,184078
18,107,80626
18,108,333180
18,109,303858
18,110,103882
18,111,72071
18,112,270999
18,113,102923
18,114,109456
18,115,734475
18,116,193313
18,117,320349
18,118,438673
18,119,98038
18,120,671311
18,121,72790
18,122,79942
18,123,190190
18,124,90417
18,125,3053897
18,126,388980
18,127,181385
19,0,543045
19,1,126780
19,2,202989
19,3,240985
19,4,181189
19,5,72888
19,6,125885
19,7,101967
19,8,471965
19,9,451074
19,10,263198
19,11,94666
19,12,124884
19,13,199810
19,14,149225
19,15,239612
19,16,349152
19,17,1215187
19,18,99929
19,20,64770
19,21,103307
19,22,383215
19,23,149294
19,24,117262
19,25,726045
19,26,538670
19,27,1150916
19,28,67680
19,29,82567
19,30,179791
19,31,103483
19,32,234365
19,33,129876
19,34,91734
19,35,90877
19,36,193276
19,37,137323
19,38,146143
19,39,6872008
19,40,110916
19,41,119788
19,42,84394
19,43,426254
19,44,153872
19,45,295061
19,46,74898
19,47,152572
19,48,145025
19,49,252453
19,50,196531
19,51,106220
19,52,145878
19,53,156134
19,54,70618
19,55,79883
19,56,456358
19,57,90016
19,58,165853
19,59,67439
19,60,482003
19,61,114057
19,62,442008
19,63,155242
19,64,109443
19,65,331092
19,66,226384
19,67,163571
19,68,350903
19,69,338661
19,70,67370
19,71,1175658
19,72,110267
19,73,158868
19,74,1200344
19,75,62965
19,76,177148
19,77,102506
19,78,243776
19,79,92483
19,80,114465
19,81,124357
19,82,86794
19,83,334989
19,84,1148978
19,85,115388
19,86,67157
19,87,169894
19,88,302512
19,89,110439
19,90,91998
19,91,70607
19,92,71818
19,93,83952
19,94,214704
19,95,116152
19,96,122256
19,97,144656
19,98,449857
19,99,104036
19,100,69995
19,101,117395
19,102,1402300
19,103,68497
19,104,769138
19,105,106938
19,106,100782
19,107,252272
19,108,191196
19,109,83992
19,110,257723
19,111,72532
19,112,464133
19,113,98336
19,114,1033102
19,115,83404
19,116,101626
19,117,92226
19,118,739620
19,119,143751
19,120,81541
19,121,96356
19,122,75204
19,123,104155
19,124,318774
19,125,32920511
19,126,2974528
19,127,484773
20,0,484574
20,1,133299
20,2,337941
20,3,506298
20,4,121859
20,5,71752
20,6,218288
20,7,122927
20,8,152859
20,9,86947
20,10,5988619
20,11,252152
20,12,161718
20,13,1527461
20,14,79060
20,15,64582
20,16,69858
20,17,140644
20,18,4219230
20,19,629745
20,21,86641
20,22,4631139
20,23,73410
20,24,158049
20,25,444710
20,26,105755
20,27,123866
20,28,635905
20,29,81563
20,30,155563
20,31,295221
20,32,182839
20,33,118393
20,34,1384388
20,35,357503
20,36,201667
20,37,120435
20,38,90189
20,39,452648
20,40,755009
20,41,110929
20,42,83278
20,43,102529
20,44,88067
20,45,102139
20,46,89962
20,47,349370
20,48,918041
20,49,186742
20,50,284832
20,51,110743
20,52,389912
20,53,150917
20,54,84080
20,55,151882
20,56,127310
20,57,284907
20,58,586967
20,59,70514
20,60,88488
20,61,194424
20,62,97143
20,63,63516
20,64,92568
20,65,99896
20,66,106590
20,67,289168
20,68,251912
20,69,208823
20,70,944364
20,71,321469
20,72,1962890
20,73,71270
20,74,1768080
20,75,77081
20,76,148813
20,77,272236
20,78,921257
20,79,104883
20,80,1325615834
20,81,67956
20,82,102483
20,83,107463
20,84,62665
20,85,63282
20,86,67514
20,87,485969
20,88,103576
20,89,558885
20,90,75618
20,91,1116005
20,92,107375
20,93,70029
20,94,76917
20,95,140727
20,96,1343324
20,97,172072
20,98,384902
20,99,106294
20,100,338558
20,101,893642
20,102,1010476
20,103,813552
20,104,282524
20,105,118468
20,106,256665
20,107,73780
20,108,387920
20,109,283786
20,110,72137
20,111,219585
20,112,94745
20,113,170800
20,114,78732
20,115,167737
20,116,158279
20,117,77190
20,118,505867
20,119,132005
20,120,407269
20,121,193719
20,122,299277
20,123,1149947
20,124,458684
20,125,300597
20,126,67718
20,127,71477
21,0,73862
21,1,67978
21,2,82941
21,3,69755
21,4,68912
21,5,115618
21,6,126272
21,7,69921
21,8,86990
21,9,73391
21,10,66049
21,11,166467
21,12,99874
21,13,505438
21,14,540606
21,15,409593
21,16,502024
21,17,1532368
21,18,117602
21,19,941669
21,20,275588
21,22,233060
21,23,183574
21,24,72999
21,25,77266
21,26,151764
21,27,149962
21,28,75257
21,29,447098
21,30,4963079
21,31,87444
21,32,80738
21,33,65114
21,34,83737
21,35,249714
21,36,89001
21,37,72125
21,38,1291134
21,39,380774
21,40,113388
21,41,218657
21,42,4146857
21,43,102162
21,44,207977
21,45,86523
21,46,290407
21,47,71087
21,48,2332046
21,49,84815
21,50,104931
21,51,170712
21,52,93856
21,53,85232
21,54,71246
21,55,997630
21,56,250601
21,57,75697
21,58,173391
21,59,267347
21,60,434895
21,61,180829
21,62,64140
21,63,94955
21,64,171182
21,65,2217058
21,66,2307489
21,67,76209
21,68,98017
21,69,86870
21,70,75276
21,71,90071
21,72,320535
21,73,19259410
21,74,71776
21,75,8166499
21,76,337020
21,77,80976
21,78,30388561
21,79,77749
21,80,212974
21,81,71644
21,82,1105097
21,83,69348
21,84,141098
21,85,1030719
21,86,145221
21,87,791995
21,88,2470220
21,89,71459
21,90,237176
21,91,102737
21,92,159203
21,93,89681
21,94,343357
21,95,215062
21,96,150753
21,97,91622
21,98,3317045
21,99,491215
21,100,62196
21,101,76578
21,102,269839
21,103,159592
21,104,81374
21,105,75198
21,106,192176
21,107,364453
21,108,258537
21,109,131804
21,110,4057088
21,111,67729
21,112,282007
21,113,528241
21,114,638861
21,115,63540
21,116,118153
21,117,93319
21,118,679346
21,119,97060
21,120,93485
21,121,229880
21,122,3689633
21,123,12346112
21,124,81929
21,125,142561
21,126,109274
21,127,83499
22,0,105402
22,1,373248
22,2,109404
22,3,782800
22,4,292993
22,5,134011
22,6,86709
22,7,113513
22,8,98529
22,9,10813903
22,10,1197206
22,11,307444
22,12,235524
22,13,196114
22,14,100249
22,15,1922348
22,16,1012774
22,17,199575
22,18,68075
22,19,99089
22,20,100083
22,21,76877
22,23,575866
22,24,80560
22,25,334888
22,26,395865
22,27,92197
22,28,64287
22,29,66131
22,30,72077
22,31,103027
22,32,96243
22,33,92074
22,34,214214
22,35,151551
22,36,238795
22,37,128747
22,38,109560
22,39,237660
22,40,62543
22,41,110373
22,42,390046
22,43,84426
22,44,236108
22,45,3113005
22,46,101819
22,47,435221
22,48,1724317
22,49,3089112
22,50,1700192
22,51,154285
22,52,61966
22,53,77507
22,54,1158729
22,55,86388
22,56,974245
22,57,309528
22,58,749667
22,59,119056
22,60,65650
22,61,135092
22,62,203393
22,63,86675
22,64,313596
22,65,331884
22,66,317396
22,67,96417
22,68,164774
22,69,3665140
22,70,78824
22,71,418530
22,72,35343784
22,73,144267
22,74,148019
22,75,114918
22,76,770531
22,77,67551
22,78,144094
22,79,905378
22,80,72919
22,81,84864
22,82,67183
22,83,90399
22,84,3657041
22,85,287404
22,86,398071
22,87,206262
22,88,83832
22,89,141016
22,90,223417
22,91,87066
22,92,1245904
22,93,114113
22,94,72716
22,95,81435
22,96,77617
22,97,65741
22,98,230286
22,99,150987
22,100,354343
22,101,115733
22,102,287710
22,103,94616
22,104,1646239
22,105,244965
22,106,72981
22,107,80931
22,108,656447
22,109,103823
22,110,192505
22,111,178923
22,112,821850
22,113,187540
22,114,608571
22,115,392597
22,116,274603
22,117,85331
22,118,335697
22,119,153147
22,120,10252181
22,121,84962
22,122,131676
22,123,81104
22,124,529174
22,125,149088
22,126,66333
22,127,102219
23,0,221841
23,1,1430701
23,2,82676
23,3,72969
23,4,1031512
23,5,194276
23,6,62885
23,7,412681
23,8,370435
23,9,991688
23,10,194387
23,11,99317
23,12,199263
23,13,126797
23,14,85727
23,15,104787
23,16,455115
23,17,423443
23,18,133355
23,19,253843
23,20,487171
23,21,67525
23,22,1037900
23,24,135803
23,25,74576
23,26,1076083
23,27,156759
23,28,139724
23,29,337531
23,30,403117
23,31,86052
23,32,70271
23,33,73098
23,34,104991
23,35,378487
23,36,2015820
23,37,75710
23,38,73887
23,39,632325
23,40,379373
23,41,462304
23,42,400299
23,43,67509
23,44,294901
23,45,72759
23,46,76965
23,47,201150
23,48,181451
23,49,137146
23,50,110849
23,51,250839
23,52,321938
23,53,88770
23,54,99951
23,55,132060
23,56,673849
23,57,83420
23,58,84986
23,59,77452
23,60,78294
23,61,2611049
23,62,372756
23,63,668791
23,64,186984
23,65,63402
23,66,259230
23,67,77686
23,68,5230264
23,69,162038
23,70,214481
23,71,337326
23,72,327083
23,73,255677
23,74,185777
23,75,75401
23,76,445730
23,77,78139
23,78,125985
23,79,302178
23,80,412533
23,81,393003
23,82,75224
23,83,275024
23,84,115217
23,85,70916
23,86,143175
23,87,72821
23,88,70817
23,89,79031
23,90,126916
23,91,64052
23,92,126933
23,93,92207
23,94,312614
23,95,75139
23,96,647207
23,97,110017
23,98,148313
23,99,155612
23,100,154188
23,101,281053
23,102,74460
23,103,158766
23,104,137343
23,105,76276
23,106,112988
23,107,89528
23,108,74409
23,109,187471
23,110,341569
23,111,98883
23,112,88111
23,113,171715
23,114,67573
23,115,169835
23,116,184213
23,117,1827424
23,118,100883
23,119,267213
23,120,173029
23,121,62951
23,122,951847
23,123,71045
23,124,97911
23,125,336205
23,126,823423
23,127,128415
24,0,119345
24,1,1127113
24,2,179437
24,3,70647
24,4,79949
24,5,90979
24,6,210578
24,7,271616
24,8,285133
24,9,402834
24,10,85438
24,11,131077
24,12,288783
24,13,821327
24,14,82839
24,15,93738
24,16,145286
24,17,97742
24,18,91725
24,19,667716
24,20,106950
24,21,114733
24,22,72925
24,23,78167
24,25,292127
24,26,165602
24,27,87203
24,28,122960
24,29,579432
24,30,79217
24,31,1059170
24,32,193978
24,33,147187
24,34,166692
24,35,389645
24,36,92140
24,37,170624
24,38,326601
24,39,1176668
24,40,70456
24,41,72722
24,42,82536
24,43,94497
24,44,363394
24,45,90134
24,46,107325
24,47,1978499
24,48,379500
24,49,471587
24,50,67014
24,51,75473
24,52,658882
24,53,90859
24,54,262228
24,55,75558
24,56,2831695
24,57,109847
24,58,1077802
24,59,396965
24,60,78988
24,61,75074
24,62,590089
24,63,215331
24,64,349697
24,65,66142
24,66,137777
24,67,785682
24,68,67167
24,69,74204
24,70,128137
24,71,106319
24,72,373988
24,73,168594
24,74,357276
24,75,118168
24,76,192249
24,77,208866
24,78,183708
24,79,126036
24,80,318682
24,81,321563
24,82,74847
24,83,165104
24,84,215826
24,85,91007
24,86,224382
24,87,75361
24,88,91472
24,89,72987
24,90,88664
24,91,64174
24,92,135073
24,93,503299
24,94,68387
24,95,66945
24,96,279959
24,97,482989
24,98,141368
24,99,65069
24,100,8649572
24,101,89944
24,102,93261
24,103,70987
24,104,81314
24,105,155464
24,106,64228
24,107,117706
24,108,186086
24,109,216233
24,110,721484
24,111,74563
24,112,588383
24,113,127550
24,114,210190
24,115,6996642318
24,116,65589
24,117,182773
24,118,82996
24,119,106232
24,120,1917389
24,121,69331
24,122,111491
24,123,221131
24,124,86650
24,125,129098
24,126,264306
24,127,116983
25,0,568322
25,1,243719
25,2,81753
25,3,139968
25,4,62707
25,5,370922
25,6,110996
25,7,66588
25,8,506513
25,9,255862
25,10,183910
25,11,414614
25,12,114875
25,13,126475
25,14,121748
25,15,84474
25,16,179726
25,17,71489
25,18,114029
25,19,69107
25,20,86955
25,21,358988
25,22,65204
25,23,79096
25,24,170594
25,26,98711
25,27,344629
25,28,1579594
25,29,159436
25,30,300845
25,31,102830
25,32,114889
25,33,195661
25,34,177023
25,35,83467
25,36,103930
25,37,171035
25,38,88321
25,39,107765
25,40,429099
25,41,97279
25,42,172042
25,43,80486
25,44,177243
25,45,107250
25,46,142709
25,47,134578
25,48,333280
25,49,77555
25,50,660632
25,51,73279
25,52,791018
25,53,615277
25,54,69540
25,55,77700
25,56,1345906
25,57,102013
25,58,3915154
25,59,68217
25,60,182308
25,61,1165645
25,62,193756
25,63,299606
25,64,64577
25,65,797409
25,66,136423
25,67,252212
25,68,138976
25,69,89609
25,70,71430
25,71,527776
25,72,91174
25,73,63492
25,74,72857
25,75,460668
25,76,218703
25,77,65371
25,78,104357
25,79,534834
25,80,68612
25,81,68157
25,82,297236
25,83,1746990
25,84,455470
25,85,927099
25,86,155960
25,87,276083
25,88,112603
25,89,83003
25,90,190011
25,91,109417
25,92,315939
25,93,403828
25,94,168508
25,95,85562
25,96,181221
25,97,139400
25,98,2439091
25,99,189761
25,100,277865
25,101,575049
25,102,62852
25,103,68048
25,104,182474
25,105,96987
25,106,21727189
25,107,270452
25,108,151292
25,109,7860160
25,110,64355
25,111,132391
25,112,62739
25,113,62576
25,114,73774
25,115,105523
25,116,150846
25,117,174149
25,118,272928
25,119,161745
25,120,132538
25,121,1137474
25,122,107740
25,123,88102
25,124,69915
25,125,2226783
25,126,65467
25,127,141306
26,0,99731
26,1,247841
26,2,121339
26,3,732775
26,4,65609
26,5,78995
26,6,137817
26,7,458145
26,8,152548
26,9,138554
26,10,161692
26,11,73579
26,12,71531
26,13,173090
26,14,100648
26,15,233945
26,16,332880
26,17,82622
26,18,459764
26,19,74281
26,20,63008
26,21,2324981
26,22,861762
26,23,3030827
26,24,81723
26,25,296427
26,27,383992
26,28,86506
26,29,132520
26,30,62053
26,31,129115
26,32,64267
26,33,62154
26,34,159851
26,35,73742
26,36,105548
26,37,108643
26,38,98432
26,39,142035
26,40,3790678
26,41,63421
26,42,82312
26,43,127498
26,44,288552
26,45,516833
26,46,1037098
26,47,119711
26,48,86036
26,49,927752
26,50,119087
26,51,199030
26,52,62627
26,53,249832
26,54,366348
26,55,199380
26,56,129556
26,57,100693
26,58,322220
26,59,123024
26,60,77410
26,61,108913
26,62,85101
26,63,203839
26,64,62418
26,65,233632
26,66,253721
26,67,224576
26,68,89510
26,69,76707
26,70,79825
26,71,319236
26,72,988741
26,73,134844
26,74,65890
26,75,1574407
26,76,103295
26,77,67702
26,78,102208
26,79,386866
26,80,79818
26,81,64954
26,82,222411
26,83,122687
26,84,146785
26,85,1050075
26,86,977833
26,87,74924
26,88,232438
26,89,155811
26,90,63497
26,91,90463
26,92,153581
26,93,130896
26,94,148996
26,95,8309770
26,96,190692
26,97,422051
26,98,125349
26,99,135379
26,100,508460
26,101,242764
26,102,75100
26,103,10414985
26,104,75080
26,105,63882
26,106,133206
26,107,171300
26,108,78505
26,109,89233
26,110,167908
26,111,91556
26,112,75565
26,113,1694257
26,114,171596
26,115,71872
26,116,70630
26,117,246626
26,118,174484
26,119,71347
26,120,133467
26,121,274252
26,122,89331
26,123,719428
26,124,691733
26,125,849922
26,126,484376
26,127,71884
27,0,946394
27,1,64552
27,2,169516
27,3,66829
27,4,173210
27,5,274673
27,6,114804
27,7,74621
27,8,5702327
27,9,175652
27,10,1018175
27,11,244738
27,12,163925
27,13,241594
27,14,123428
27,15,164389
27,16,1115089
27,17,127947
27,18,151198
27,19,108707
27,20,80641
27,21,135475
27,22,303100
27,23,66260
27,24,68321
27,25,99786
27,26,91183
27,28,99567
27,29,546741
27,30,86019
27,31,78774
27,32,267013
27,33,70404
27,34,6647723
27,35,87867
27,36,614355
27,37,461575
27,38,170039
27,39,12653798
27,40,74307
27,41,657489
27,42,208908
27,43,123801
27,44,101219
27,45,7730687
27,46,62993
27,47,906630
27,48,182507
27,49,129929
27,50,288399
27,51,91669
27,52,67428
27,53,122240
27,54,587533
27,55,95936
27,56,74020
27,57,218472
27,58,75132
27,59,3585608
27,60,440502
27,61,5093461
27,62,198178
27,63,70793
27,64,104226
27,65,71075
27,66,908514
27,67,67783
27,68,83594
27,69,836210
27,70,89430
27,71,107980
27,72,97678
27,73,295301
27,74,204409
27,75,123948
27,76,317214
27,77,71193
27,78,178668
27,79,65583
27,80,69179
27,81,93155
27,82,78181
27,83,142645
27,84,72313
27,85,109821
27,86,65230
27,87,90053
27,88,145659
27,89,503939
27,90,242150
27,91,64964
27,92,249596
27,93,125918
27,94,70207
27,95,61902
27,96,68645
27,97,714942
27,98,334283
27,99,63301
27,100,168996
27,101,66677
27,102,113125
27,103,867507
27,104,107589
27,105,181879
27,106,250779
27,107,93290
27,108,748784
27,109,161533
27,110,64282
27,111,253964
27,112,201986
27,113,211661
27,114,229475
27,115,116224
27,116,177086
27,117,141513
27,118,134162
27,119,85011
27,120,162385
27,121,113597
27,122,90518
27,123,1091733
27,124,229981
27,125,87789
27,126,249126
27,127,144699
28,0,78931
28,1,77232
28,2,104871
28,3,251315
28,4,117676
28,5,192908
28,6,155168
28,7,100793
28,8,118453
28,9,85347
28,10,9503649
28,11,86531
28,12,86304
28,13,112194
28,14,73988
28,15,65823
28,16,66840
28,17,79593
28,18,97133
28,19,179501
28,20,635578
28,21,103167
28,22,71465
28,23,90933
28,24,279233
28,25,180992
28,26,99502
28,27,515494
28,29,437187
28,30,140542
28,31,264045
28,32,80730
28,33,1583069
28,34,211574
28,35,207598
28,36,373125
28,37,253055
28,38,1565831
28,39,205682
28,40,223033
28,41,341360
28,42,64959
28,43,275306
28,44,342093
28,45,109808
28,46,6575921
28,47,202146
28,48,110096
28,49,84937
28,50,756356
28,51,326119
28,52,699834
28,53,400019
28,54,332282
28,55,327374
28,56,112248
28,57,177652
28,58,194835
28,59,64498
28,60,708907
28,61,68081
28,62,269432
28,63,159982
28,64,80404
28,65,329713
28,66,211704
28,67,62932
28,68,69017
28,69,348934
28,70,114423
28,71,157744
28,72,161162
28,73,91425
28,74,1416370
28,75,224430
28,76,468019
28,77,189122
28,78,123411
28,79,78718
28,80,117292
28,81,104823
28,82,157871
28,83,70840
28,84,78796
28,85,80345
28,86,140871
28,87,407558
28,88,65869
28,89,215241
28,90,1193046
28,91,90674
28,92,103447
28,93,490198
28,94,74377
28,95,85894
28,96,192798
28,97,191088
28,98,63704
28,99,79629
28,100,382055
28,101,115403
28,102,62749
28,103,79261
28,104,132927
28,105,120234
28,106,152763
28,107,96345
28,108,65797
28,109,100370
28,110,97763
28,111,65731
28,112,105039
28,113,169313
28,114,105196
28,115,67226
28,116,285358
28,117,61971
28,118,119773
28,119,374980
28,120,128852
28,121,238199
28,122,7138011
28,123,113889
28,124,394907
28,125,115848
28,126,408283
28,127,89808
29,0,90472
29,1,88251
29,2,62390
29,3,72435
29,4,326312
29,5,166383
29,6,741349
29,7,191812
29,8,151034
29,9,81814
29,10,111290
29,11,147725
29,12,559661
29,13,97101
29,14,159126
29,15,64656
29,16,385293
29,17,251793
29,18,87885
29,19,318038
29,20,139562
29,21,63397
29,22,92616
29,23,91810
29,24,69687
29,25,172999
29,26,4533385
29,27,211053
29,28,64488
29,30,4261634
29,31,300348
29,32,197869
29,33,91323
29,34,115231
29,35,63050
29,36,1098823
29,37,197103
29,38,37529791
29,39,64159
29,40,298785
29,41,475588
29,42,106813
29,43,83412
29,44,454584
29,45,95297
29,46,127087
29,47,135245
29,48,104262
29,49,195510
29,50,173875
29,51,146253
29,52,740916
29,53,68135
29,54,81959
29,55,265554
29,56,2719618
29,57,109055
29,58,62998
29,59,73428
29,60,197562
29,61,139826
29,62,223754
29,63,129415
29,64,781844
29,65,79081
29,66,334686
29,67,97352
29,68,134540
29,69,463217
29,70,68326
29,71,3344280
29,72,300928
29,73,200321
29,74,540849
29,75,137976
29,76,111370
29,77,245764
29,78,153195
29,79,200006
29,80,1567539
29,81,78739
29,82,738327
29,83,819240
29,84,134616
29,85,69191
29,86,123460
29,87,122591
29,88,89835
29,89,161480
29,90,277436
29,91,1388484
29,92,62829
29,93,194238
29,94,159100
29,95,411352
29,96,124226
29,97,64914
29,98,87616
29,99,825002
29,100,945716
29,101,412829
29,102,150124
29,103,104643
29,104,76660
29,105,67799
29,106,90226
29,107,391788
29,108,76849
29,109,71698
29,110,154897
29,111,170859
29,112,120699
29,113,465238
29,114,81654
29,115,136267
29,116,122319
29,117,351233
29,118,2335594
29,119,113917
29,120,166355
29,121,353672
29,122,136598
29,123,232077
29,124,244284
29,125,62413
29,126,67204784
29,127,255738
30,0,63045
30,1,589235
30,2,1445300
30,3,102865
30,4,189441
30,5,256975
30,6,281126
30,7,119314
30,8,577781
30,9,372633
30,10,112974
30,11,95489
30,12,97805
30,13,134635
30,14,145374
30,15,103144
30,16,83317
30,17,190118
30,18,142519
30,19,879803
30,20,69698
30,21,133094
30,22,79847
30,23,108502
30,24,70659
30,25,172819
30,26,274463
30,27,405255
30,28,1116923
30,29,157566
30,31,70688
30,32,89143
30,33,199146
30,34,332780
30,35,773799
30,36,5373957
30,37,1492341
30,38,305556
30,39,112262
30,40,1825161
30,41,710909
30,42,75770
30,43,69466
30,44,92511
30,45,63145
30,46,165381
30,47,3137238
30,48,134294
30,49,83562
30,50,136325
30,51,243945
30,52,6436504
30,53,327277
30,54,245307
30,55,569122
30,56,80493
30,57,72368
30,58,63230
30,59,104072
30,60,4315750
30,61,92121
30,62,843289
30,63,253297
30,64,84644
30,65,89448
30,66,122192
30,67,529642
30,68,5440166
30,69,105317
30,70,180601
30,71,4136703
30,72,140377
30,73,162466
30,74,153003
30,75,1809464
30,76,6280560
30,77,94398
30,78,70098
30,79,236055
30,80,168881
30,81,202226
30,82,62693
30,83,763612
30,84,762698
30,85,68773
30,86,88453
30,87,92454
30,88,103272
30,89,137422
30,90,4557467
30,91,277507
30,92,146319
30,93,149478
30,94,130842
30,95,83247
30,96,72380
30,97,78967
30,98,92292
30,99,82863
30,100,95539
30,101,84652
30,102,76720
30,103,69949
30,104,94995
30,105,290563
30,106,168450
30,107,91053
30,108,202066
30,109,105791
30,110,456003
30,111,256913
30,112,214303
30,113,83113
30,114,391519
30,115,135188
30,116,1602438
30,117,441337
30,118,86228
30,119,123379
30,120,83380
30,121,229223
30,122,194947
30,123,164335
30,124,404826
30,125,237713
30,126,256417
30,127,122113
31,0,88594
31,1,68756
31,2,70150
31,3,131859
31,4,77742
31,5,68906
31,6,137956
31,7,1457177
31,8,68812
31,9,235101
31,10,110214
31,11,96872
31,12,82436
31,13,64859
31,14,68398
31,15,180504
31,16,87092
31,17,694030
31,18,275377
31,19,269500
31,20,82258
31,21,225111
31,22,358645
31,23,99458
31,24,132133
31,25,623064
31,26,4594033
31,27,68146
31,28,604969
31,29,530579
31,30,409010
31,32,124918
31,33,75178
31,34,76390
31,35,387129
31,36,130072
31,37,213150
31,38,64130
31,39,77902
31,40,66572
31,41,66745
31,42,64062
31,43,22836590
31,44,730659
31,45,352671
31,46,417167
31,47,182374
31,48,128450
31,49,163463
31,50,525692
31,51,83928
31,52,668433
31,53,152500
31,54,128276
31,55,73931
31,56,206138
31,57,97154
31,58,75466
31,59,111263
31,60,81292
31,61,690971
31,62,243494
31,63,67940
31,64,102772
31,65,208781
31,66,480238
31,67,1304440
31,68,125767
31,69,81526
31,70,65386
31,71,103717
31,72,80029
31,73,103541
31,74,130644
31,75,4656184
31,76,63478
31,77,120249
31,78,443018
31,79,511077
31,80,105015
31,81,1131801
31,82,110425
31,83,113416
31,84,88859
31,85,496773
31,86,209890
31,87,381670
31,88,272998
31,89,67402
31,90,66583
31,91,1358952
31,92,77321
31,93,303774
31,94,210362
31,95,283339
31,96,186915
31,97,239285
31,98,141181
31,99,205352
31,100,241317
31,101,111317
31,102,317579
31,103,6976194
31,104,82560
31,105,78632
31,106,261392
31,107,221273
31,108,558369
31,109,81837
31,110,93973
31,111,893032
31,112,2514230
31,113,137284
31,114,65391
31,115,91044
31,116,352893
31,117,139541
31,118,430055
31,119,69619
31,120,110386
31,121,102633
31,122,1282796
31,123,106134
31,124,629103
31,125,397241
31,126,120389
31,127,308918
32,0,111236
32,1,75962
32,2,93049
32,3,63206
32,4,172012
32,5,266414
32,6,594107
32,7,95610
32,8,437847
32,9,118663
32,10,1347200
32,11,73024
32,12,158843
32,13,62478
32,14,556315
32,15,331190
32,16,11434746
32,17,203596
32,18,66090
32,19,207179
32,20,383344
32,21,71335
32,22,84233
32,23,197677
32,24,66598
32,25,74052
32,26,99393
32,27,121733
32,28,67848
32,29,233684
32,30,631678
32,31,91716
32,33,104667
32,34,306412
32,35,371043
32,36,205972
32,37,110558
32,38,130286
32,39,75211
32,40,155836
32,41,704541
32,42,407125
32,43,250482
32,44,500965
32,45,12271325
32,46,69297
32,47,20908612
32,48,67616
32,49,737468
32,50,134199
32,51,77355
32,52,74499
32,53,6069455
32,54,76592
32,55,122976
32,56,102334
32,57,469703
32,58,649579
32,59,96562
32,60,147793
32,61,7278200
32,62,83785
32,63,221226
32,64,193867
32,65,72704
32,66,413274
32,67,511735
32,68,1399517
32,69,134806
32,70,495735
32,71,92731
32,72,432462
32,73,96914
32,74,583038
32,75,97373
32,76,8728563
32,77,195586
32,78,63183
32,79,77860
32,80,83199
32,81,236427
32,82,36960443
32,83,71240
32,84,220943
32,85,101422
32,86,110109
32,87,85060
32,88,123769
32,89,92046
32,90,1807242
32,91,325831
32,92,995394
32,93,663449
32,94,553005
32,95,215286
32,96,120111
32,97,784720
32,98,133748
32,99,76985
32,100,465422
32,101,73043
32,102,85248
32,103,617129
32,104,120497
32,105,76870
32,106,78041
32,107,180082
32,108,129840
32,109,967143
32,110,81164
32,111,346125
32,112,79376
32,113,103871
32,114,432624
32,115,83035
32,116,128085
32,117,250720
32,118,101615
32,119,63483
32,120,71980
32,121,72404
32,122,183440
32,123,1039508
32,124,72496
32,125,4008742
32,126,138195
32,127,65528
33,0,428622
33,1,63612
33,2,82730
33,3,152596
33,4,79789
33,5,231408
33,6,396414
33,7,96686
33,8,891814
33,9,31608120
33,10,91379
33,11,62777
33,12,130969
33,13,120157
33,14,105305
33,15,83129
33,16,375726
33,17,168107
33,18,155489
33,19,134143
33,20,68817
33,21,316120
33,22,91942
33,23,114606
33,24,74601311
33,25,67713
33,26,68884
33,27,1218411
33,28,85986
33,29,108145
33,30,66834
33,31,79361
33,32,1315514
33,34,63531
33,35,1560726
33,36,92856
33,37,3364977
33,38,83936
33,39,114338
33,40,99165
33,41,183843
33,42,904129
33,43,341151
33,44,151622
33,45,93728
33,46,373371
33,47,73353
33,48,78668
33,49,174882
33,50,63723
33,51,230489
33,52,108400
33,53,874495
33,54,69642
33,55,7893151
33,56,6194525
33,57,741783
33,58,113541
33,59,108438
33,60,190512
33,61,91332
33,62,72186
33,63,234522
33,64,256294
33,65,338352
33,66,75106
33,67,70450
33,68,73485
33,69,203798
33,70,66724
33,71,85257
33,72,112946
33,73,97985
33,74,279668
33,75,82181
33,76,139298
33,77,141326
33,78,99513
33,79,142308
33,80,69275
33,81,875669
33,82,99852
33,83,1142242
33,84,139177
33,85,122847
33,86,1686403
33,87,102818
33,88,71998
33,89,79369
33,90,68337
33,91,450552
33,92,214258
33,93,112699
33,94,1373573
33,95,188346
33,96,172161
33,97,121685
33,98,179148
33,99,77874
33,100,196607
33,101,87349
33,102,346018
33,103,2126918
33,104,90043
33,105,2466290
33,106,1791825
33,107,72173
33,108,138095
33,109,245593
33,110,86913
33,111,105694
33,112,110637
33,113,89826
33,114,272651
33,115,90564
33,116,866930
33,117,115431
33,118,71205
33,119,162627
33,120,4076727
33,121,85183
33,122,138875
33,123,79861
33,124,160164
33,125,64081
33,126,639521
33,127,69483
34,0,142266
34,1,82105
34,2,1633239
34,3,465976
34,4,70438
34,5,178509
34,6,14231282
34,7,963627
34,8,140830
34,9,121938
34,10,68305
34,11,82143
34,12,99415
34,13,675306
34,14,95905
34,15,172579
34,16,134256
34,17,120481
34,18,225844
34,19,105088
34,20,124835
34,21,165741
34,22,307186
34,23,85298
34,24,142814
34,25,951162
34,26,132225
34,27,77735
34,28,304112
34,29,114946
34,30,75015
34,31,1168633
34,32,226187
34,33,303690
34,35,65900
34,36,697114
34,37,84353
34,38,2051649
34,39,64532
34,40,67337
34,41,70415
34,42,63093
34,43,210019
34,44,256851
34,45,107162
34,46,438012
34,47,81799
34,48,136384
34,49,1479935
34,50,727717
34,51,7083314
34,52,73460
34,53,996884
34,54,83761
34,55,3756438
34,56,105063
34,57,188065
34,58,381157
34,59,138654
34,60,473104
34,61,110083
34,62,91127
34,63,126831
34,64,89636
34,65,89439
34,66,64844
34,67,315305
34,68,488176
34,69,236374
34,70,72319
34,71,285208
34,72,703752
34,73,103085
34,74,71022
34,75,86430
34,76,272444
34,77,68283
34,78,118108
34,79,63588
34,80,3083191
34,81,80037
34,82,83912
34,83,66578
34,84,365872
34,85,241206
34,86,86321
34,87,81081
34,88,102703
34,89,112919
34,90,174668
34,91,70746
34,92,108298
34,93,135418
34,94,71104
34,95,90720
34,96,70409
34,97,1036296
34,98,270315
34,99,371409
34,100,63126
34,101,1852658
34,102,162761
34,103,69506
34,104,74179
34,105,557340
34,106,126509
34,107,106900
34,108,2980071
34,109,129893
34,110,1152861
34,111,309878
34,112,81845
34,113,4879510
34,114,62330
34,115,226237
34,116,70248
34,117,1443828
34,118,86027
34,119,2256433
34,120,71896
34,121,64038
34,122,235260
34,123,178191
34,124,272859
34,125,240820
34,126,69807
34,127,66059
35,0,333480
35,1,251733
35,2,235842
35,3,178764
35,4,105913
35,5,4450907
35,6,909773
35,7,91800
35,8,1726356
35,9,77596
35,10,161030
35,11,567259
35,12,198293
35,13,86002
35,14,138434
35,15,76585
35,16,126695
35,17,178222
35,18,71418
35,19,176024
35,20,80701
35,21,175220
35,22,292678
35,23,124029
35,24,113680
35,25,249243
35,26,175498
35,27,163246
35,28,76109
35,29,242429
35,30,301593
35,31,482397
35,32,421127
35,33,95277
35,34,2082888
35,36,215962
35,37,281787
35,38,159255
35,39,864052
35,40,419901
35,41,63646
35,42,103659
35,43,90080
35,44,467089
35,45,1339469
35,46,63713
35,47,132668
35,48,889388
35,49,102518
35,50,220098
35,51,64700
35,52,1406494
35,53,115546
35,54,34833408
35,55,106269
35,56,93621
35,57,312170
35,58,5261583
35,59,112562
35,60,114310
35,61,916121
35,62,131312
35,63,76856
35,64,1097043
35,65,506082
35,66,234050
35,67,95885
35,68,62436
35,69,68878
35,70,411058
35,71,115647
35,72,175900
35,73,1159713
35,74,133057
35,75,81021
35,76,366467
35,77,100481
35,78,231152
35,79,401000
35,80,199224
35,81,742217
35,82,78090
35,83,355691
35,84,1121534
35,85,176273
35,86,188205
35,87,324397
35,88,74698
35,89,142603
35,90,141223
35,91,115978
35,92,79225
35,93,259293
35,94,3878832
35,95,118784
35,96,74911
35,97,65149
35,98,1044361
35,99,87383
35,100,581091
35,101,153702
35,102,203070
35,103,842193
35,104,294342
35,105,366229
35,106,1929832
35,107,162815
35,108,490808
35,109,81685
35,110,33380400
35,111,91295
35,112,68026
35,113,159281
35,114,102691
35,115,632973
35,116,131731
35,117,820804
35,118,114352
35,119,79542
35,120,211313
35,121,248190
35,122,204328
35,123,85611
35,124,108579
35,125,62260
35,126,84104
35,127,225599
36,0,174637
36,1,92626
36,2,150520
36,3,185640
36,4,76666
36,5,92178
36,6,652653
36,7,850479
36,8,80154
36,9,308396
36,10,117944
36,11,149065
36,12,265620
36,13,254512
36,14,1259508
36,15,625594
36,16,135610
36,17,170770
36,18,62646
36,19,156734
36,20,2097378
36,21,211096
36,22,1618610
36,23,115417
36,24,100582
36,25,165769
36,26,161056
36,27,73148
36,28,102876
36,29,98091
36,30,93826
36,31,329517
36,32,136462
36,33,77307
36,34,81700
36,35,118996
36,37,169806
36,38,491011
36,39,156034
36,40,368381
36,41,155340
36,42,66898
36,43,3048100
36,44,73560
36,45,2286815
36,46,24843824
36,47,75270
36,48,169574
36,49,147613
36,50,176398
36,51,96500
36,52,106343
36,53,62145
36,54,363160
36,55,175067
36,56,709307
36,57,78881
36,58,136559
36,59,266215
36,60,151528
36,61,65685
36,62,157718
36,63,105027
36,64,301177
36,65,101842
36,66,359333
36,67,142456
36,68,71388
36,69,66219
36,70,112768
36,71,98176607
36,72,1755370
36,73,5757556
36,74,404398
36,75,523623
36,76,444370
36,77,150566
36,78,71716
36,79,111842
36,80,64869
36,81,192395
36,82,135629
36,83,636232
36,84,200163
36,85,169342
36,86,29622475
36,87,98400
36,88,1761704
36,89,186327
36,90,227920
36,91,73654
36,92,212798
36,93,79796
36,94,222841
36,95,2796700
36,96,857782
36,97,127636
36,98,577007805
36,99,166271
36,100,88832
36,101,8457717
36,102,71187
36,103,726880
36,104,140912
36,105,1848023
36,106,66224
36,107,67589
36,108,126086
36,109,439336
36,110,651626
36,111,98572
36,112,845490
36,113,148132
36,114,592092
36,115,121402
36,116,146808
36,117,145134
36,118,69579
36,119,100050
36,120,71632
36,121,536506
36,122,84136
36,123,392732
36,124,216778
36,125,172400
36,126,591232
36,127,12498219
37,0,88462
37,1,129751
37,2,284532
37,3,106627
37,4,77341
37,5,1545594
37,6,77163
37,7,65109
37,8,274813
37,9,3773487
37,10,68173
37,11,227125
37,12,100626
37,13,275095
37,14,98991
37,15,89501
37,16,246395
37,17,247087
37,18,7394032
37,19,282820
37,20,846594
37,21,86633
37,22,119178
37,23,1872165194
37,24,698277
37,25,94586
37,26,1331818
37,27,84921
37,28,304027
37,29,68365
37,30,562782
37,31,110478
37,32,249420
37,33,273973
37,34,159229
37,35,162923
37,36,187088
37,38,68845
37,39,89907
37,40,975677
37,41,66515
37,42,95956
37,43,90785
37,44,157162
37,45,72355
37,46,361643
37,47,879211
37,48,86514
37,49,143623
37,50,91894
37,51,193018
37,52,73824
37,53,143345
37,54,116123
37,55,86371
37,56,263719
37,57,266149
37,58,67659
37,59,23801474
37,60,233424
37,61,62674
37,62,69613
37,63,93416
37,64,167709
37,65,92981
37,66,99885
37,67,92444
37,68,278224
37,69,63140
37,70,2602360
37,71,69909
37,72,79498
37,73,220520
37,74,262680
37,75,366586
37,76,88797
37,77,158637
37,78,68392
37,79,473675
37,80,283413
37,81,73117
37,82,270588
37,83,116763
37,84,494908
37,85,91109
37,86,260371
37,87,244114
37,88,71734
37,89,297317
37,90,444201
37,91,87135
37,92,271754
37,93,457250
37,94,190261
37,95,172310
37,96,91904
37,97,107438
37,98,70087
37,99,70566
37,100,67934
37,101,176616
37,102,77033
37,103,114015
37,104,66116
37,105,175591
37,106,68535
37,107,81352
37,108,83373
37,109,1109618
37,110,4405002
37,111,158253
37,112,86853
37,113,79978
37,114,715348
37,115,156960
37,116,980720
37,117,198603
37,118,712114
37,119,797905
37,120,264568
37,121,607366
37,122,13577006
37,123,392868
37,124,4707025
37,125,97647
37,126,74249
37,127,72398
38,0,422205
38,1,197792
38,2,215511
38,3,117366
38,4,138734
38,5,71453
38,6,63839
38,7,127895
38,8,350025
38,9,1111436
38,10,69084
38,11,66824
38,12,289014
38,13,79913
38,14,280031
38,15,103518
38,16,10639564
38,17,203029
38,18,64493
38,19,235365
38,20,88172
38,21,64116
38,22,127412
38,23,112713
38,24,76741
38,25,98851
38,26,77798
38,27,405972
38,28,64135
38,29,271685
38,30,408428
38,31,99524
38,32,213991
38,33,153509
38,34,192155880
38,35,98507
38,36,241816
38,37,6482370
38,39,252513
38,40,73285
38,41,945040
38,42,356822
38,43,88497
38,44,110730
38,45,140954
38,46,532699
38,47,90025
38,48,141160
38,49,122639
38,50,248074
38,51,62515
38,52,184551
38,53,166804
38,54,117632
38,55,123088
38,56,262551
38,57,74001
38,58,72938
38,59,64775
38,60,66630
38,61,97953
38,62,118859
38,63,135841
38,64,115060
38,65,615585
38,66,73198
38,67,326215
38,68,87729
38,69,72264
38,70,168737
38,71,201946
38,72,111076
38,73,102957
38,74,172489
38,75,1089974
38,76,148472
38,77,101085
38,78,761786
38,79,72295
38,80,388715
38,81,148177
38,82,126373
38,83,96945
38,84,66693
38,85,161188
38,86,84636
38,87,167397
38,88,64218
38,89,146430
38,90,71134
38,91,97816
38,92,62062
38,93,1376262
38,94,66317
38,95,105353
38,96,153244
38,97,10873184
38,98,563830
38,99,518853
38,100,3706129
38,101,97164
38,102,158407
38,103,80954
38,104,190728
38,105,63130
38,106,1813923
38,107,85430
38,108,397379
38,109,449338
38,110,1251540
38,111,153412
38,112,71287
38,113,79189
38,114,351454
38,115,372879
38,116,108183
38,117,370678
38,118,135591
38,119,101728
38,120,1329286
38,121,100282
38,122,84144
38,123,68266
38,124,115017
38,125,109469
38,126,79470
38,127,210535
39,0,2883103
39,1,1314275
39,2,86700
39,3,124324
39,4,77770
39,5,393748081
39,6,104679
39,7,273763
39,8,1330551
39,9,104048
39,10,95793
39,11,168050
39,12,133860
39,13,1024411
39,14,477903
39,15,98272
39,16,2416213
39,17,172639
39,18,390179
39,19,103894
39,20,78055
39,21,502448
39,22,497190
39,23,316666
39,24,382828
39,25,1247027
39,26,1292334
39,27,64223
39,28,75414
39,29,130537
39,30,670589
39,31,448992
39,32,218380
39,33,67040
39,34,145724
39,35,72453
39,36,265356
39,37,222985
39,38,67120
39,40,393138
39,41,470079
39,42,141952
39,43,185606
39,44,171153
39,45,9457308
39,46,69778
39,47,163165
39,48,238361
39,49,93087
39,50,117380
39,51,67918
39,52,417016
39,53,102760
39,54,100348
39,55,112371
39,56,99589
39,57,86044
39,58,102622
39,59,240434
39,60,106963
39,61,87607
39,62,169661
39,63,110756
39,64,82933
39,65,281493
39,66,70485
39,67,175282
39,68,112878
39,69,271273
39,70,557854
39,71,74454
39,72,81246
39,73,582202
39,74,75493
39,75,121512
39,76,186603
39,77,130608
39,78,70887
39,79,485371
39,80,103436
39,81,77811
39,82,196190
39,83,109352
39,84,93193
39,85,62609
39,86,216641
39,87,121323
39,88,345589
39,89,591518
39,90,422514
39,91,352782
39,92,100326
39,93,87083
39,94,117100
39,95,209462
39,96,67578
39,97,990213
39,98,92971
39,99,723965
39,100,108566
39,101,283935
39,102,96448
39,103,115891
39,104,62321
39,105,111411
39,106,86624
39,107,10697101
39,108,185709
39,109,182640
39,110,493466
39,111,526848
39,112,88155
39,113,403685
39,114,149317
39,115,83207
39,116,152096
39,117,278656
39,118,129344
39,119,67343
39,120,72907
39,121,94160
39,122,8420280
39,123,396689
39,124,204124
39,125,71686
39,126,146652
39,127,94121
40,0,67332
40,1,273624
40,2,79578
40,3,147120
40,4,637215
40,5,113236
40,6,109197
40,7,64725
40,8,238849
40,9,202828
40,10,652997
40,11,12124216
40,12,179019
40,13,982170
40,14,102253
40,15,66421
40,16,39977130
40,17,91416
40,18,712920
40,19,77930
40,20,500122
40,21,75519
40,22,126627
40,23,353004
40,24,134901
40,25,110717
40,26,191305
40,27,239176
40,28,155069
40,29,292520
40,30,297887
40,31,130393
40,32,106109
40,33,64385
40,34,94526
40,35,113499
40,36,75512
40,37,161559
40,38,66929
40,39,314224
40,41,170419
40,42,8533514
40,43,357617
40,44,223321
40,45,242596
40,46,334484
40,47,706917
40,48,161612
40,49,134045783
40,50,78924
40,51,303605
40,52,177526
40,53,95106
40,54,82761
40,55,435058
40,56,309791
40,57,120373
40,58,106208
40,59,76734
40,60,108951
40,61,124984
40,62,86136
40,63,235577
40,64,137678
40,65,1410711
40,66,70041
40,67,287175
40,68,99819
40,69,107225
40,70,347200
40,71,1021284
40,72,153606
40,73,2893590
40,74,75598
40,75,149363
40,76,1272220
40,77,281640
40,78,73241
40,79,71057
40,80,16853006
40,81,252995
40,82,90997
40,83,1335634
40,84,87659
40,85,111424
40,86,224964
40,87,119102
40,88,1053366
40,89,1591820
40,90,163626
40,91,322223826
40,92,91202
40,93,250068
40,94,120776
40,95,5123291
40,96,128189
40,97,129274
40,98,250305
40,99,76626
40,100,499491
40,101,70834
40,102,69738
40,103,98112
40,104,13488025
40,105,1154811
40,106,78202
40,107,107200
40,108,74402
40,109,132686
40,110,65059
40,111,857216
40,112,87746
40,113,791506
40,114,86195
40,115,72192
40,116,151598
40,117,147209
40,118,187262
40,119,195360
40,120,171006
40,121,109965
40,122,73136
40,123,561218
40,124,133020
40,125,3933549
40,126,484972
40,127,85322
41,0,173512
41,1,620865
41,2,303437
41,3,66111
41,4,290096
41,5,80857
41,6,259167
41,7,79139
41,8,314944
41,9,76169
41,10,196988
41,11,649239
41,12,64829
41,13,276722
41,14,68895
41,15,1934851
41,16,110703
41,17,53552048
41,18,63805
41,19,115560
41,20,73698
41,21,389379
41,22,1520963
41,23,109521
41,24,70133
41,25,135514
41,26,109769
41,27,16720912
41,28,80382
41,29,75230
41,30,82832
41,31,165270
41,32,107025
41,33,195887
41,34,285660
41,35,153896
41,36,91612
41,37,19090838
41,38,399880
41,39,74383
41,40,482200
41,42,70549
41,43,97331
41,44,91444
41,45,523852
41,46,83840
41,47,123980
41,48,66147
41,49,182906
41,50,78336
41,51,77129
41,52,77832
41,53,162118
41,54,6623630
41,55,112466
41,56,1983753
41,57,103942
41,58,176991
41,59,351123
41,60,141057
41,61,281273
41,62,63316
41,63,102322
41,64,71908
41,65,2572362
41,66,128259
41,67,125935
41,68,106011
41,69,131512
41,70,118258
41,71,221367
41,72,3952104
41,73,93126
41,74,116355
41,75,249479
41,76,110611
41,77,134997
41,78,368863
41,79,147928
41,80,114847
41,81,502236
41,82,2762490
41,83,136715
41,84,228370
41,85,97858
41,86,6528838
41,87,102645
41,88,740484
41,89,116924
41,90,135169
41,91,62660
41,92,159152
41,93,89081
41,94,88638
41,95,96161
41,96,1378961
41,97,437352
41,98,3714428
41,99,72833
41,100,94913212
41,101,204532
41,102,149870
41,103,104907
41,104,706123
41,105,653340
41,106,132042
41,107,507377
41,108,89781
41,109,78860
41,110,80367
41,111,158151
41,112,78682
41,113,85216
41,114,93865
41,115,71412
41,116,362225
41,117,242373
41,118,238091
41,119,363043
41,120,42733850
41,121,84241
41,122,268419
41,123,75955
41,124,759062
41,125,131367
41,126,100470
41,127,230642
42,0,681939
42,1,85902
42,2,11116383
42,3,109547
42,4,91463
42,5,89989
42,6,84726
42,7,136754
42,8,250246
42,9,124095
42,10,67204
42,11,113652
42,12,423599
42,13,224043
42,14,94507
42,15,84661
42,16,27200035
42,17,186258
42,18,141493
42,19,2263120
42,20,114691
42,21,134978
42,22,105657
42,23,2317955
42,24,71311
42,25,325160
42,26,1264103
42,27,227970
42,28,407993
42,29,145790
42,30,1535655
42,31,178477
42,32,86879
42,33,1744906
42,34,347740
42,35,89519
42,36,192286
42,37,361992
42,38,146474
42,39,425157
42,40,67311
42,41,1834243
42,43,639852
42,44,13758233
42,45,123250
42,46,346339
42,47,109534
42,48,185299
42,49,68900
42,50,62716
42,51,17687492
42,52,62118
42,53,70213
42,54,139663
42,55,5138327
42,56,417318
42,57,1604220
42,58,1057506
42,59,204573
42,60,674213
42,61,902262
42,62,256727
42,63,1873785
42,64,65094
42,65,299441
42,66,124160
42,67,2194666
42,68,459043
42,69,63598
42,70,64780
42,71,132483
42,72,118905
42,73,128016
42,74,95549
42,75,93455
42,76,160767
42,77,179823
42,78,243269
42,79,2342718
42,80,402692
42,81,76242
42,82,145988
42,83,314763
42,84,65381
42,85,93533
42,86,1909993
42,87,251136
42,88,83121
42,89,62497
42,90,216823
42,91,219724
42,92,6949877
42,93,102380
42,94,81503
42,95,132170
42,96,669869
42,97,213681
42,98,6391230
42,99,76863
42,100,79311
42,101,139948
42,102,72520
42,103,109952
42,104,251157235
42,105,279596
42,106,91220
42,107,126678
42,108,117307
42,109,68530
42,110,643844
42,111,158740
42,112,3013734
42,113,72876
42,114,1994338
42,115,96883
42,116,191160
42,117,1590063
42,118,6028788
42,119,63411
42,120,95116
42,121,415511
42,122,3681435
42,123,81458
42,124,320163
42,125,190836
42,126,187192
42,127,70035
43,0,106195
43,1,406836
43,2,88585
43,3,7423520
43,4,69869
43,5,97384
43,6,510202
43,7,260625
43,8,187715
43,9,169545
43,10,141472
43,11,684177
43,12,99578
43,13,107715
43,14,63354
43,15,66085
43,16,92904
43,17,182076
43,18,3479445
43,19,126322
43,20,67353
43,21,66447
43,22,72113
43,23,69772
43,24,105366
43,25,1942425
43,26,285283
43,27,1907539
43,28,73944
43,29,424844
43,30,359793
43,31,68201
43,32,704147
43,33,167368
43,34,106913
43,35,164636
43,36,154407
43,37,325735
43,38,142140
43,39,70018
43,40,136170
43,41,183039
43,42,128346
43,44,382570
43,45,233841
43,46,136618
43,47,371776
43,48,165936
43,49,391251
43,50,552247
43,51,77300
43,52,2266478
43,53,2353479
43,54,4198317
43,55,94487
43,56,64934
43,57,385424
43,58,148768
43,59,65614
43,60,1542268
43,61,102059
43,62,624010
43,63,63810
43,64,948432
43,65,101604
43,66,2593724
43,67,2290237
43,68,165492
43,69,65220
43,70,950478
43,71,5490811
43,72,61948
43,73,69875
43,74,66297
43,75,69784
43,76,148928
43,77,158381
43,78,94855
43,79,1042739
43,80,88295
43,81,84217
43,82,109664
43,83,109860
43,84,1172638
43,85,123330
43,86,119849
43,87,67188
43,88,152167
43,89,83396
43,90,63670
43,91,2182056
43,92,92368
43,93,66018
43,94,466532
43,95,1500192
43,96,1659431
43,97,6302412
43,98,217142
43,99,114620
43,100,461212
43,101,180374
43,102,106851
43,103,79607
43,104,1015082
43,105,297968
43,106,66033
43,107,872738
43,108,71590
43,109,166215
43,110,291891
43,111,74255
43,112,170976
43,113,69733
43,114,11054654
43,115,69034
43,116,76802
43,117,82980
43,118,63454
43,119,65553
43,120,218611
43,121,129663
43,122,156584
43,123,455647
43,124,132797
43,125,319699
43,126,71157
43,127,1017400
44,0,71364
44,1,282302
44,2,128485
44,3,221936
44,4,183944
44,5,551742
44,6,75532
44,7,143239
44,8,132299
44,9,74447
44,10,399740
44,11,363629
44,12,272098
44,13,77184
44,14,198409
44,15,74147
44,16,90960
44,17,97436
44,18,102679
44,19,113430
44,20,304875
44,21,68315
44,22,72161
44,23,169227
44,24,83491
44,25,90089
44,26,1957737
44,27,94338
44,28,209548
44,29,64434
44,30,106417
44,31,858916
44,32,63392
44,33,136073
44,34,213947
44,35,187436
44,36,920612
44,37,92150
44,38,482792
44,39,482595
44,40,118198
44,41,78245
44,42,127258
44,43,358759
44,45,71519
44,46,226631
44,47,384252
44,48,65987
44,49,82389
44,50,91603
44,51,145571
44,52,65345
44,53,347848
44,54,84024
44,55,67697
44,56,140480
44,57,243832
44,58,69444
44,59,133001
44,60,5473834
44,61,77424
44,62,253903
44,63,244624
44,64,186949
44,65,62979
44,66,123234
44,67,71704
44,68,169198
44,69,69636
44,70,89889
44,71,277007
44,72,94072
44,73,362342
44,74,631355
44,75,195172
44,76,67396
44,77,69835
44,78,9187747
44,79,130143
44,80,65457
44,81,97615
44,82,149202
44,83,730238
44,84,132853
44,85,135706
44,86,76565
44,87,144030
44,88,213327
44,89,497398
44,90,83745
44,91,185060
44,92,688692
44,93,239667
44,94,177211
44,95,712517
44,96,87401
44,97,84742
44,98,65977
44,99,572881
44,100,267815
44,101,93846
44,102,976395
44,103,203272
44,104,122081
44,105,69416
44,106,122431
44,107,63911
44,108,186052
44,109,121780
44,110,84434
44,111,153027
44,112,71902
44,113,140418
44,114,70398
44,115,311815
44,116,268891
44,117,243213
44,118,4126595
44,119,67950
44,120,113583
44,121,101524
44,122,147344
44,123,65054
44,124,313685
44,125,223465
44,126,96665
44,127,1208784
45,0,66426
45,1,172609
45,2,373865
45,3,79246
45,4,573422
45,5,179308
45,6,101876
45,7,107841
45,8,102749
45,9,69966
45,10,172519
45,11,96325
45,12,133710
45,13,606765
45,14,228520
45,15,306583
45,16,110969
45,17,69393
45,18,110796
45,19,973531
45,20,66698
45,21,1123388
45,22,76829
45,23,89916
45,24,62613
45,25,74358
45,26,71680
45,27,116792
45,28,128572
45,29,7513290
45,30,81344
45,31,199654
45,32,77101
45,33,118875
45,34,74185
45,35,175467
45,36,65089
45,37,234785
45,38,137936
45,39,152931
45,40,102403
45,41,17261008
45,42,1293535
45,43,376100
45,44,126204
45,46,3131147
45,47,449684
45,48,400439
45,49,105584
45,50,78548
45,51,395317
45,52,654028
45,53,310756
45,54,7364759
45,55,114085
45,56,247725
45,57,94566
45,58,66966
45,59,2191501
45,60,76646
45,61,90335
45,62,81442
45,63,112590
45,64,996138
45,65,212930
45,66,203353
45,67,1266413
45,68,81791
45,69,133318
45,70,152119
45,71,99742
45,72,84628
45,73,88948
45,74,933670
45,75,129521
45,76,1204550
45,77,261777
45,78,106640
45,79,168708
45,80,396552
45,81,320908
45,82,153921
45,83,279017
45,84,248540
45,85,780413
45,86,85529
45,87,62228
45,88,351895
45,89,174119
45,90,84482
45,91,122671
45,92,104583
45,93,62081
45,94,83215
45,95,164198
45,96,176929
45,97,85703
45,98,249537
45,99,248365
45,100,140686
45,101,148222
45,102,80471
45,103,181091
45,104,141347
45,105,85628
45,106,226040
45,107,116137
45,108,452297
45,109,77156
45,110,73535
45,111,123720
45,112,85003
45,113,78519
45,114,258852
45,115,470455
45,116,734049
45,117,132354
45,118,80213
45,119,182806
45,120,2349882
45,121,207514
45,122,155094
45,123,194611
45,124,762241
45,125,33852205
45,126,72052
45,127,395727
46,0,335900
46,1,65411
46,2,88033
46,3,159904
46,4,25117585
46,5,2563907
46,6,165547
46,7,305727
46,8,166860
46,9,81738
46,10,17123012
46,11,9101002
46,12,74582
46,13,178286
46,14,155414
46,15,511515
46,16,1124317
46,17,147366
46,18,180699
46,19,157947
46,20,343674
46,21,123217
46,22,102564
46,23,1720253
46,24,137363
46,25,55855255
46,26,76323
46,27,96490
46,28,78960
46,29,50407350
46,30,61916
46,31,66209
46,32,97216
46,33,106467
46,34,67322
46,35,71674
46,36,148722
46,37,443524
46,38,138855
46,39,114748
46,40,104013
46,41,621806
46,42,164829
46,43,66064
46,44,202949
46,45,100972
46,47,150683
46,48,308049
46,49,524771
46,50,238307
46,51,117203
46,52,96315
46,53,237122
46,54,115704
46,55,533409
46,56,174210
46,57,72698
46,58,161241
46,59,292284
46,60,62432
46,61,132207
46,62,74115
46,63,95722
46,64,104967
46,65,456893
46,66,499071
46,67,289709
46,68,1663235
46,69,194164
46,70,100905
46,71,2048851
46,72,79003
46,73,222507
46,74,160557
46,75,83546
46,76,77895
46,77,264896
46,78,3593418
46,79,342303
46,80,98894
46,81,134882
46,82,70998
46,83,2846940
46,84,783279
46,85,430375
46,86,66609
46,87,101785
46,88,70508
46,89,71275
46,90,228620
46,91,565936
46,92,64592
46,93,72459
46,94,428147
46,95,1522583
46,96,263393
46,97,3924332
46,98,208993
46,99,352117
46,100,106504
46,101,81898
46,102,71662
46,103,113250
46,104,284009
46,105,2836760
46,106,197447
46,107,246108
46,108,193092
46,109,84040
46,110,67236
46,111,93058
46,112,71860
46,113,118648
46,114,204205
46,115,103132
46,116,128677
46,117,332182
46,118,176866
46,119,63173
46,120,167170
46,121,142014
46,122,152739
46,123,832443
46,124,73679
46,125,156384
46,126,176211
46,127,241041
47,0,92008
47,1,81548
47,2,277221
47,3,139846
47,4,189975
47,5,65655
47,6,145680
47,7,144786
47,8,106331
47,9,757256
47,10,165714
47,11,125583
47,12,157769
47,13,229173
47,14,176180
47,15,173967
47,16,82668
47,17,285886
47,18,144483
47,19,207137
47,20,475780
47,21,288629
47,22,65029
47,23,64879
47,24,88983
47,25,71800
47,26,78195
47,27,78399
47,28,63278
47,29,66903
47,30,233372
47,31,329909
47,32,103835
47,33,135495
47,34,186362
47,35,438839
47,36,109508
47,37,80767
47,38,379120
47,39,190297
47,40,9940203
47,41,132890
47,42,182110
47,43,65472
47,44,65680
47,45,97689
47,46,62735
47,48,169025
47,49,70899
47,50,66307
47,51,73629
47,52,68828
47,53,192651
47,54,69303
47,55,733199
47,56,655063
47,57,452472
47,58,64375
47,59,137501
47,60,248599
47,61,113208
47,62,105426
47,63,117484
47,64,291264
47,65,178254
47,66,75165
47,67,156935
47,68,89170
47,69,79527
47,70,121891
47,71,94111
47,72,794940
47,73,78069
47,74,75525
47,75,163734
47,76,587250
47,77,133373
47,78,118724
47,79,94775
47,80,62562
47,81,112126
47,82,393681
47,83,556827
47,84,74109
47,85,1169632
47,86,2791766
47,87,275165
47,88,315486
47,89,128817
47,90,160452
47,91,185983
47,92,120574
47,93,319051
47,94,218518
47,95,78640
47,96,838920
47,97,321657
47,98,800391
47,99,65034
47,100,225942
47,101,236534
47,102,127964
47,103,79383
47,104,4758892
47,105,83824
47,106,78442
47,107,81975
47,108,73717
47,109,526385
47,110,650260
47,111,72901
47,112,67290
47,113,66281
47,114,95630
47,115,934332
47,116,118423
47,117,113291
47,118,465607
47,119,222221
47,120,151104
47,121,98690
47,122,304535
47,123,178064
47,124,1001377
47,125,82043
47,126,92530
47,127,865201
48,0,97605
48,1,76102
48,2,2060083
48,3,64720
48,4,367901
48,5,597298
48,6,123931
48,7,157896
48,8,208357
48,9,420054
48,10,65225
48,11,124620
48,12,106392
48,13,82521
48,14,281346
48,15,162171
48,16,320815
48,17,208484
48,18,229274
48,19,471209
48,20,242708
48,21,65972
48,22,86363
48,23,1167635
48,24,63440
48,25,66666
48,26,65482
48,27,80961
48,28,194053
48,29,311108
48,30,90693
48,31,99545
48,32,63178
48,33,62688
48,34,510639
48,35,95732
48,36,234943
48,37,182440
48,38,65320
48,39,153292
48,40,269635
48,41,79441
48,42,72557
48,43,1850338
48,44,111720
48,45,173421
48,46,83436
48,47,434406
48,49,1216260
48,50,136306
48,51,117840
48,52,129965
48,53,72270
48,54,273137
48,55,76336
48,56,127036
48,57,66656
48,58,141555
48,59,83050
48,60,120683
48,61,383603
48,62,211400
48,63,86396
48,64,100849
48,65,67199
48,66,7926397
48,67,80044
48,68,112480
48,69,127430
48,70,69320
48,71,89790
48,72,214080
48,73,62899
48,74,70363
48,75,103109
48,76,84184
48,77,82266
48,78,743086
48,79,147411
48,80,88216
48,81,73322
48,82,129063
48,83,197985
48,84,594395
48,85,334182
48,86,67826
48,87,76958
48,88,95966
48,89,16590704
48,90,621492
48,91,228821
48,92,80132
48,93,222793
48,94,253116
48,95,337839
48,96,350573
48,97,161665
48,98,299771
48,99,173663
48,100,116559
48,101,479263
48,102,200281
48,103,68924281
48,104,198835
48,105,4371139
48,106,63897
48,107,149662
48,108,62353
48,109,71258
48,110,97847
48,111,130429
48,112,74834
48,113,193941
48,114,86760
48,115,143601
48,116,591805
48,117,75545
48,118,118633
48,119,96748
48,120,196001
48,121,81066
48,122,62861
48,123,64944
48,124,168136
48,125,71596
48,126,134787
48,127,633298
49,0,1083856
49,1,153630
49,2,202748
49,3,72581
49,4,140214
49,5,104392
49,6,8688903
49,7,264437
49,8,73875
49,9,67141
49,10,65290
49,11,81708
49,12,700224
49,13,71650
49,14,69864
49,15,78174
49,16,112344
49,17,209036
49,18,1194084
49,19,101310
49,20,94249
49,21,315034
49,22,70726192
49,23,122607
49,24,104428
49,25,70858
49,26,91016
49,27,90427
49,28,155316
49,29,80797
49,30,96613
49,31,150055
49,32,367781
49,33,150450
49,34,1355014
49,35,62072
49,36,112316
49,37,89844
49,38,64513
49,39,71692
49,40,567790
49,41,82785
49,42,111936
49,43,79556
49,44,63041
49,45,218053301
49,46,102345
49,47,197639
49,48,87487
49,50,62927
49,51,933009
49,52,1232567
49,53,160819
49,54,481217
49,55,144137
49,56,67391
49,57,3457442
49,58,148336
49,59,13400108
49,60,1577862
49,61,324778
49,62,65189
49,63,126882
49,64,99797
49,65,66771
49,66,410325
49,67,77638
49,68,217325
49,69,119635
49,70,73963
49,71,87564
49,72,200873
49,73,524541
49,74,4934933
49,75,125952
49,76,62256
49,77,1385751
49,78,354455
49,79,76022
49,80,233528
49,81,90536
49,82,147276
49,83,151128
49,84,74769
49,85,65044
49,86,892423
49,87,65951
49,88,90107
49,89,786648
49,90,93203
49,91,71914
49,92,70012
49,93,145418
49,94,67274
49,95,132023
49,96,191413
49,97,226286
49,98,94210
49,99,530814
49,100,199419
49,101,178828
49,102,168852
49,103,86862
49,104,86069
49,105,186224
49,106,240269
49,107,383086
49,108,86270
49,109,184281
49,110,196152
49,111,85199
49,112,234890
49,113,79304
49,114,87668
49,115,105184
49,116,66956
49,117,65285
49,118,505009
49,119,103682
49,120,221746
49,121,103074
49,122,425940
49,123,86557
49,124,702966
49,125,701396
49,126,601702
49,127,121827
50,0,156109
50,1,308309
50,2,307617
50,3,130268
50,4,89152
50,5,63373
50,6,374731
50,7,85578
50,8,76781
50,9,151269
50,10,84345
50,11,67772
50,12,2157231
50,13,99262
50,14,67077
50,15,101411
50,16,112180
50,17,230744
50,18,94556
50,19,1196164
50,20,68233
50,21,148654
50,22,124653
50,23,1141285
50,24,14631685
50,25,145746
50,26,108528
50,27,66687
50,28,111451
50,29,96438
50,30,1667056
50,31,203636
50,32,177180
50,33,116384
50,34,83223
50,35,69410
50,36,135284
50,37,207935
50,38,438177
50,39,561999
50,40,785201
50,41,137205
50,42,70910
50,43,70934
50,44,66235
50,45,106677
50,46,247435
50,47,194985
50,48,372511
50,49,169083
50,51,3351153
50,52,1055018
50,53,309179
50,54,71602
50,55,321751
50,56,504366
50,57,432785
50,58,85504
50,59,109106
50,60,121496
50,61,117914
50,62,116602
50,63,536267
50,64,103214
50,65,219074
50,66,107137
50,67,88957
50,68,188135
50,69,669150
50,70,168164
50,71,1588309
50,72,312525
50,73,107955
50,74,23309883
50,75,3399998
50,76,826057
50,77,149731
50,78,402551
50,79,256479
50,80,225795
50,81,72563
50,82,116457
50,83,680455
50,84,67750
50,85,399182
50,86,375228
50,87,1256082
50,88,167086
50,89,92235
50,90,70612
50,91,388847
50,92,93116
50,93,2724321
50,94,1305662
50,95,116253
50,96,82816
50,97,2673393
50,98,62641
50,99,68016
50,100,95005
50,101,73192
50,102,117647
50,103,1734556
50,104,581368
50,105,230336
50,106,64661
50,107,1252672
50,108,364925
50,109,464869
50,110,321189
50,111,63022
50,112,116239
50,113,91961
50,114,103412
50,115,66023
50,116,1106901
50,117,66250
50,118,74326
50,119,86981
50,120,2297109
50,121,410471
50,122,163599
50,123,91304
50,124,200992
50,125,195699
50,126,189016
50,127,205023
51,0,88426
51,1,89475
51,2,67637
51,3,343146
51,4,64974
51,5,62455
51,6,641510
51,7,171804
51,8,287939
51,9,82451
51,10,167851
51,11,151245
51,12,78562
51,13,446413
51,14,138016
51,15,93368
51,16,2386314
51,17,126492
51,18,67821
51,19,88950697
51,20,95388
51,21,120590
51,22,120311
51,23,330499
51,24,2700953
51,25,62136
51,26,259736
51,27,307963
51,28,83689
51,29,82949
51,30,169603
51,31,210448
51,32,99349
51,33,125067
51,34,224333
51,35,5277372
51,36,3609133
51,37,515271
51,38,75250
51,39,63164
51,40,444540
51,41,131494
51,42,1772354
51,43,70121
51,44,253782
51,45,76890
51,46,170185
51,47,78125
51,48,66484
51,49,214972
51,50,163003
51,52,65436
51,53,235630
51,54,255308
51,55,86253
51,56,160060
51,57,98358
51,58,283637
51,59,113694
51,60,1366891
51,61,147906
51,62,157389
51,63,1297151
51,64,232490
51,65,230540
51,66,62302
51,67,331289
51,68,87625
51,69,64503
51,70,147456
51,71,135552
51,72,271479
51,73,84176
51,74,834054
51,75,130752
51,76,2371618
51,77,74243
51,78,98176
51,79,757707
51,80,917400
51,81,936988
51,82,5390370
51,83,80419
51,84,66850
51,85,183876
51,86,156359
51,87,148154
51,88,116734
51,89,177337
51,90,447441
51,91,3224845
51,92,69545
51,93,423909
51,94,66761
51,95,203312
51,96,64145
51,97,1581330
51,98,123590
51,99,116442
51,100,105608
51,101,8061987
51,102,71004
51,103,151669
51,104,66971
51,105,66100
51,106,140809
51,107,189370
51,108,166327
51,109,125616
51,110,70161
51,111,90813
51,112,76924
51,113,73229
51,114,109210
51,115,496150
51,116,1181742
51,117,83459
51,118,204450
51,119,518627
51,120,186293
51,121,12051869
51,122,171419
51,123,318222
51,124,148200
51,125,169777
51,126,440168
51,127,282598
52,0,979997
52,1,247609
52,2,1674745
52,3,790530
52,4,1033899
52,5,122767
52,6,340838
52,7,363512
52,8,2494049
52,9,187645
52,10,66614
52,11,85736
52,12,753221
52,13,123266
52,14,95519
52,15,154505
52,16,62697
52,17,85752
52,18,10146216
52,19,163816
52,20,64999
52,21,195849
52,22,169169
52,23,1442358
52,24,176242
52,25,74569
52,26,139481
52,27,206636
52,28,120559
52,29,74511
52,30,2169578
52,31,112672
52,32,175560
52,33,4037622
52,34,67994
52,35,239940
52,36,78654
52,37,91641
52,38,207851
52,39,104847
52,40,820282
52,41,100939
52,42,233111
52,43,124769
52,44,79333
52,45,78817
52,46,201229
52,47,581924
52,48,469515
52,49,122911
52,50,310580
52,51,62446
52,53,110280
52,54,3554675
52,55,62946
52,56,256170
52,57,63627
52,58,62385
52,59,108849
52,60,139379
52,61,83444
52,62,81967
52,63,372143
52,64,123137
52,65,252032
52,66,92492
52,67,268689
52,68,722722
52,69,294183
52,70,423288
52,71,130089
52,72,542800
52,73,681196
52,74,73554
52,75,450900
52,76,140747
52,77,2276605
52,78,69710
52,79,98187
52,80,114521
52,81,69399
52,82,1912452
52,83,95408
52,84,94517
52,85,137560
52,86,87919
52,87,269907
52,88,114296
52,89,2806618
52,90,81769
52,91,204941
52,92,97206
52,93,621178
52,94,4581784
52,95,66271
52,96,148791
52,97,344417
52,98,72429
52,99,96966
52,100,154824
52,101,88207
52,102,117974
52,103,227671
52,104,122815
52,105,569924
52,106,243101
52,107,119972
52,108,62395
52,109,81609
52,110,76149
52,111,78888
52,112,102587
52,113,261585
52,114,355128
52,115,130054
52,116,85669
52,117,80999
52,118,113098
52,119,245079
52,120,825529
52,121,64834
52,122,398487
52,123,269026
52,124,1055846
52,125,275871
52,126,553766
52,127,212403
53,0,157086
53,1,93660
53,2,143324
53,3,86828
53,4,413868
53,5,75355
53,6,267547
53,7,62044
53,8,69972
53,9,173120
53,10,65961
53,11,106306
53,12,64676
53,13,88806
53,14,73223
53,15,64537
53,16,76931
53,17,1275727
53,18,831373
53,19,291343
53,20,64949
53,21,265291
53,22,62049
53,23,221556
53,24,1097932
53,25,69230
53,26,66908
53,27,139683
53,28,386603
53,29,98049
53,30,137580
53,31,201826
53,32,921903
53,33,475973
53,34,157795
53,35,89340
53,36,71572
53,37,117617
53,38,147142
53,39,85397
53,40,462851
53,41,109873
53,42,593530
53,43,156434
53,44,99197
53,45,68579
53,46,1517734
53,47,128555
53,48,63603
53,49,111303
53,50,89672
53,51,144829
53,52,122049
53,54,107476
53,55,65366
53,56,150380
53,57,3860903
53,58,81390
53,59,2624183
53,60,96407
53,61,70642
53,62,64306
53,63,162519
53,64,2816600
53,65,122992
53,66,110531
53,67,1322994
53,68,151175
53,69,160688
53,70,387656
53,71,1451216
53,72,283711
53,73,1047619
53,74,249950
53,75,2857187
53,76,9693246
53,77,222316
53,78,275518
53,79,489185
53,80,234102
53,81,80412
53,82,348065
53,83,286340
53,84,93836
53,85,179404
53,86,95651
53,87,80183
53,88,83184
53,89,84418
53,90,63853
53,91,103965
53,92,78308
53,93,92702
53,94,177463
53,95,293865
53,96,152692
53,97,155118
53,98,123964
53,99,87513
53,100,71561
53,101,1960310
53,102,450726
53,103,185128
53,104,186776
53,105,120854
53,106,207012
53,107,80902
53,108,194574
53,109,2408674
53,110,385032
53,111,92991
53,112,231974
53,113,70052
53,114,150730
53,115,372265
53,116,1712177
53,117,506729
53,118,421896
53,119,88903
53,120,121261
53,121,2442943
53,122,1965475
53,123,141847
53,124,138674
53,125,96956
53,126,26883450
53,127,68967
54,0,145352
54,1,350354
54,2,65879
54,3,113001
54,4,61049999
54,5,6368811
54,6,104488
54,7,428464
54,8,222031
54,9,81495
54,10,96058
54,11,131622
54,12,120018
54,13,73049
54,14,179759
54,15,100961
54,16,106405
54,17,205889
54,18,140132
54,19,62177
54,20,151010
54,21,772395
54,22,82128
54,23,147254
54,24,605567
54,25,299195
54,26,95895
54,27,416714
54,28,219445
54,29,196912
54,30,147680
54,31,74989
54,32,92588
54,33,201547
54,34,62099
54,35,105560
54,36,58346816
54,37,501812
54,38,100393
54,39,171478
54,40,219213
54,41,164307
54,42,294661
54,43,231357
54,44,1420641
54,45,67842
54,46,107904
54,47,176647
54,48,896089
54,49,263523
54,50,96335
54,51,102807
54,52,148950
54,53,146519
54,55,915482
54,56,193386
54,57,158920
54,58,62311
54,59,1185830
54,60,94646
54,61,324874
54,62,84612
54,63,85935
54,64,80842
54,65,163300
54,66,95824
54,67,522480
54,68,89700
54,69,280906
54,70,65119
54,71,111774
54,72,586685
54,73,68634
54,74,111343
54,75,4337751
54,76,71424
54,77,78526
54,78,77763
54,79,76403
54,80,3851995
54,81,2757666
54,82,92914
54,83,286795
54,84,122703
54,85,187297
54,86,83578
54,87,131059
54,88,104404
54,89,1227087
54,90,1201393
54,91,97258
54,92,82028
54,93,89663
54,94,311727
54,95,367661
54,96,132409
54,97,92425
54,98,929717
54,99,20712747
54,100,264371
54,101,216278
54,102,271381452
54,103,91164
54,104,84701
54,105,99764
54,106,400579
54,107,73372
54,108,101990
54,109,101910
54,110,408719
54,111,75302
54,112,169400
54,113,80147
54,114,118965
54,115,132945
54,116,173542
54,117,112548
54,118,85927
54,119,89484
54,120,309616
54,121,85421
54,122,69196
54,123,70852
54,124,159930
54,125,1046803
54,126,65169
54,127,1361589
55,0,232800
55,1,345910
55,2,69202
55,3,138996
55,4,63771
55,5,422823
55,6,102242
55,7,1081254
55,8,118618
55,9,222078
55,10,1519347
55,11,161109
55,12,172909
55,13,63950
55,14,88374
55,15,101933
55,16,135648
55,17,87573
55,18,133262
55,19,83452
55,20,66095
55,21,2178924
55,22,365635
55,23,759968
55,24,71878
55,25,87409
55,26,68767
55,27,654373
55,28,123444
55,29,1387116
55,30,114634
55,31,361527
55,32,1280432
55,33,73547
55,34,271547
55,35,126729
55,36,84369
55,37,94279
55,38,62210
55,39,344842
55,40,62833
55,41,221888
55,42,80360
55,43,112535
55,44,90280
55,45,84064
55,46,80552
55,47,254757
55,48,91155
55,49,125851
55,50,228020
55,51,83294
55,52,77777
55,53,5871004
55,54,3407083
55,56,72465
55,57,93787
55,58,261072
55,59,69012
55,60,1423502
55,61,81921
55,62,175529
55,63,440002
55,64,180666
55,65,69006
55,66,1374916
55,67,3065553
55,68,83531
55,69,93983
55,70,386471
55,71,640846
55,72,80597
55,73,179084
55,74,202587
55,75,1125248
55,76,74166
55,77,1780960
55,78,1684449
55,79,81533
55,80,833516
55,81,138314
55,82,125416
55,83,78357
55,84,65936
55,85,122799
55,86,1326762
55,87,1548934
55,88,76795
55,89,114169
55,90,91034
55,91,84160
55,92,108006
55,93,14329485
55,94,221699
55,95,227224
55,96,107413
55,97,407703
55,98,198371
55,99,94358
55,100,3601260
55,101,65396
55,102,68978
55,103,170477
55,104,223898
55,105,3486836
55,106,106159
55,107,598174
55,108,179953
55,109,88886
55,110,109171
55,111,71116
55,112,483781
55,113,173754
55,114,107627
55,115,240599
55,116,75670
55,117,180276
55,118,1279253
55,119,112031
55,120,147523
55,121,1147046
55,122,5559697
55,123,98304
55,124,87902
55,125,90500
55,126,2013112
55,127,155662
56,0,116822
56,1,294805804
56,2,96048
56,3,200675
56,4,116515
56,5,73704
56,6,160846
56,7,82189
56,8,99600
56,9,245650
56,10,564092
56,11,966438
56,12,62168
56,13,181156
56,14,302011
56,15,82902
56,16,108887
56,17,67664
56,18,140398
56,19,272582
56,20,354791
56,21,127447
56,22,595264
56,23,81944
56,24,431979
56,25,560698
56,26,253661
56,27,165187
56,28,63555
56,29,63378
56,30,64527
56,31,573692
56,32,135456
56,33,62293
56,34,104440
56,35,90125
56,36,112960
56,37,127138
56,38,76035
56,39,167482
56,40,1303220
56,41,118004
56,42,92540
56,43,87126
56,44,144547
56,45,78463
56,46,119238
56,47,81126
56,48,168910
56,49,112017
56,50,747022
56,51,80257
56,52,176772
56,53,103859
56,54,279161
56,55,340317
56,57,74224
56,58,109313
56,59,154995
56,60,109638
56,61,70560
56,62,640514
56,63,96603
56,64,92131
56,65,303184
56,66,107112
56,67,310932
56,68,510420
56,69,910404
56,70,2431421
56,71,998377
56,72,121543
56,73,408864
56,74,149111
56,75,248248
56,76,200794
56,77,422359
56,78,11241756
56,79,91090
56,80,110122
56,81,80301
56,82,90868
56,83,75486
56,84,106615
56,85,93611
56,86,172699
56,87,112099
56,88,82591
56,89,152716
56,90,69495
56,91,860622
56,92,237606
56,93,102357
56,94,182043
56,95,184721
56,96,81201
56,97,117071
56,98,126526
56,99,1557340
56,100,420666
56,101,64028
56,102,456180
56,103,166635
56,104,71620
56,105,266680
56,106,158560
56,107,1230370
56,108,73347
56,109,479457
56,110,859484
56,111,69744
56,112,99962
56,113,170097
56,114,100537
56,115,541823
56,116,3059715
56,117,903506
56,118,322597
56,119,45860306
56,120,327956
56,121,141285
56,122,983623
56,123,666645
56,124,113153
56,125,66531
56,126,1738682
56,127,71128
57,0,197217
57,1,409447
57,2,113167
57,3,11633898
57,4,91072
57,5,416563
57,6,198255
57,7,73597
57,8,272513
57,9,1213046
57,10,215556
57,11,472724
57,12,265093
57,13,142350
57,14,923197
57,15,104955
57,16,590374
57,17,216097
57,18,446756
57,19,114989
57,20,114705
57,21,128321679
57,22,488781
57,23,203110
57,24,1095268
57,25,11178747
57,26,75263
57,27,70242
57,28,117218
57,29,132723
57,30,67220
57,31,62534
57,32,205106
57,33,77846
57,34,127481
57,35,84856
57,36,74685
57,37,65736
57,38,88268
57,39,118573
57,40,446927
57,41,257473
57,42,443862
57,43,114776
57,44,237283
57,45,177054
57,46,554528
57,47,770996
57,48,173724
57,49,468766
57,50,70421
57,51,153848
57,52,1620426
57,53,299113
57,54,87358
57,55,97195
57,56,106789
57,58,68310
57,59,156809
57,60,458325
57,61,85860
57,62,127808
57,63,23071012
57,64,122463
57,65,168967
57,66,75829
57,67,491827
57,68,369829
57,69,217188
57,70,68806
57,71,637544
57,72,1075226
57,73,98198
57,74,534596
57,75,137225
57,76,120172
57,77,138614
57,78,4798486
57,79,464501
57,80,65644
57,81,180471
57,82,665576
57,83,67008
57,84,441840
57,85,3385910
57,86,128172
57,87,17982691
57,88,63330
57,89,179469
57,90,433757
57,91,221415
57,92,993167
57,93,938321
57,94,7636122
57,95,164581
57,96,105359317
57,97,1497043
57,98,68956
57,99,92962
57,100,459223
57,101,1396744
57,102,71281
57,103,197026
57,104,1460174
57,105,64350
57,106,62754
57,107,62880
57,108,100359
57,109,109991
57,110,73912
57,111,174576
57,112,214749
57,113,198023
57,114,1392603
57,115,1432148
57,116,82482
57,117,63684
57,118,76309
57,119,351564
57,120,123850
57,121,124439
57,122,108977
57,123,201746
57,124,137797
57,125,396277
57,126,522937
57,127,72167
58,0,100928
58,1,211140
58,2,768212
58,3,62325
58,4,106751
58,5,84782
58,6,102414
58,7,139643
58,8,70624
58,9,159956
58,10,76363
58,11,182606
58,12,210405
58,13,68179
58,14,101006
58,15,1319244
58,16,223657
58,17,87058
58,18,15162121
58,19,1179708
58,20,223850
58,21,72083
58,22,68272
58,23,71447
58,24,144051
58,25,1778801
58,26,96428
58,27,64399
58,28,459404
58,29,68130
58,30,752330
58,31,77839
58,32,87461
58,33,71329
58,34,109132
58,35,151363
58,36,164116
58,37,63970
58,38,71758
58,39,143367
58,40,172789
58,41,139258
58,42,928407
58,43,179372
58,44,161004
58,45,130519
58,46,171567
58,47,648900
58,48,81074
58,49,74230
58,50,143730
58,51,95580
58,52,112631
58,53,191921
58,54,65711
58,55,152811
58,56,71293
58,57,23553327
58,59,333781
58,60,86768
58,61,298376
58,62,586121
58,63,1225996
58,64,131549
58,65,145461
58,66,57076120
58,67,89618
58,68,95216
58,69,4106515
58,70,93000
58,71,253479
58,72,413720
58,73,113139
58,74,140254
58,75,437517
58,76,81852
58,77,211879
58,78,564355
58,79,406116
58,80,67024
58,81,137087
58,82,11500431
58,83,67035
58,84,66276
58,85,89980
58,86,67407
58,87,68928
58,88,2057265
58,89,128659
58,90,144807
58,91,209377
58,92,509329
58,93,76775
58,94,143452
58,95,76289
58,96,62334
58,97,64101
58,98,84410
58,99,2283402
58,100,86346
58,101,211270
58,102,889994
58,103,68662
58,104,201309
58,105,97573
58,106,301677
58,107,339074
58,108,65361
58,109,200636
58,110,568589
58,111,67104
58,112,95468
58,113,92664
58,114,446584
58,115,226532
58,116,104691
58,117,75803
58,118,268285
58,119,132336
58,120,545257
58,121,304281
58,122,155538
58,123,124062
58,124,88304
58,125,2687108
58,126,80693
58,127,174821
59,0,67114
59,1,165630
59,2,124505
59,3,74892
59,4,101107
59,5,1466203
59,6,150264
59,7,354679
59,8,96821
59,9,141409
59,10,73316
59,11,137481
59,12,78696
59,13,69040
59,14,159644
59,15,126289
59,16,115032
59,17,67051
59,18,148836
59,19,82738
59,20,82082
59,21,93135
59,22,6110627
59,23,240654
59,24,972105
59,25,84120
59,26,73938
59,27,325543
59,28,312792
59,29,144116
59,30,99709
59,31,83618
59,32,728555
59,33,82707
59,34,66343
59,35,74262
59,36,261521
59,37,140995
59,38,88567
59,39,221320
59,40,618060
59,41,505223
59,42,122719
59,43,264830
59,44,137441
59,45,424376
59,46,127207
59,47,103260
59,48,457787
59,49,236855
59,50,96521
59,51,68701
59,52,109093
59,53,121970
59,54,63926
59,55,97900
59,56,1014312
59,57,175838
59,58,1710169
59,60,322785
59,61,120714
59,62,64340
59,63,89736
59,64,74103
59,65,85919
59,66,67568
59,67,67268
59,68,290485
59,69,273833
59,70,129045
59,71,200124
59,72,167199
59,73,181058
59,74,157516
59,75,1302002
59,76,346662
59,77,67864
59,78,135360
59,79,1240315
59,80,113555
59,81,455825
59,82,69761
59,83,1342037
59,84,364807
59,85,96479
59,86,76450
59,87,108362
59,88,77362
59,89,213548
59,90,82878
59,91,71525
59,92,124521
59,93,189051
59,94,120605
59,95,185435
59,96,2969003
59,97,3722761
59,98,81868
59,99,314313
59,100,489590
59,101,71436
59,102,90638
59,103,168536
59,104,349916
59,105,180211
59,106,226779
59,107,77280
59,108,124719
59,109,78406
59,110,1045174
59,111,86153
59,112,330106
59,113,121465
59,114,77472
59,115,143516
59,116,225062
59,117,2269844
59,118,142056
59,119,90702
59,120,78647
59,121,628462
59,122,70881
59,123,64424
59,124,114001
59,125,71626
59,126,74065
59,127,88435
60,0,107791
60,1,200912
60,2,16462343
60,3,78604
60,4,190333
60,5,360947
60,6,115791
60,7,12975841
60,8,100227
60,9,190620
60,10,124736
60,11,182010
60,12,144873
60,13,604373
60,14,151811
60,15,185401
60,16,1260654
60,17,431015
60,18,178318
60,19,114762
60,20,97363
60,21,348716
60,22,711712
60,23,68436
60,24,93562
60,25,337122
60,26,110149
60,27,126120
60,28,259104
60,29,95347
60,30,814581
60,31,88076
60,32,659931
60,33,229829
60,34,166495
60,35,86413
60,36,107363
60,37,430855
60,38,68585
60,39,111707
60,40,108900
60,41,105645
60,42,255002
60,43,153557
60,44,143154
60,45,73266
60,46,77431
60,47,94368
60,48,73397
60,49,125683
60,50,218749
60,51,98411
60,52,77149
60,53,94636
60,54,515716
60,55,79694
60,56,4283131
60,57,633948
60,58,333981
60,59,1214115
60,61,123040
60,62,109042
60,63,84880
60,64,533646
60,65,129186
60,66,123883
60,67,225403
60,68,745268
60,69,3186757
60,70,26270148
60,71,71028
60,72,114507
60,73,73541
60,74,116544
60,75,10305928
60,76,2197839
60,77,155020
60,78,8027693
60,79,514605
60,80,126985
60,81,161878
60,82,69795
60,83,229526
60,84,333580
60,85,5594737
60,86,141618
60,87,70863
60,88,124868
60,89,116311
60,90,1065877
60,91,76175
60,92,218196
60,93,270179
60,94,212491
60,95,346554
60,96,156284
60,97,67194
60,98,164966
60,99,74724
60,100,162734
60,101,99655
60,102,65240
60,103,647883
60,104,166159
60,105,72655
60,106,378740
60,107,1458674
60,108,141638
60,109,1718227
60,110,22380623
60,111,62205
60,112,127981
60,113,290329
60,114,140603
60,115,84523
60,116,66998
60,117,2300560
60,118,78231
60,119,80589
60,120,474439
60,121,117959
60,122,86481
60,123,421742
60,124,144439
60,125,1129921
60,126,167227
60,127,219306
61,0,514383
61,1,91744
61,2,118678
61,3,1429256
61,4,213371
61,5,70433
61,6,162976
61,7,247899
61,8,129256
61,9,85240
61,10,52464708
61,11,170506
61,12,175993
61,13,10755211
61,14,51417170
61,15,70047
61,16,97541
61,17,297642
61,18,1878539
61,19,90289
61,20,75862
61,21,76383
61,22,162680
61,23,135572
61,24,64380
61,25,100760
61,26,1470754
61,27,188945
61,28,88691
61,29,204736
61,30,73466
61,31,274533
61,32,140173
61,33,289632
61,34,160977
61,35,119467
61,36,2062909
61,37,94229
61,38,73161
61,39,154139
61,40,692497
61,41,217645
61,42,86785
61,43,207556
61,44,148563
61,45,166020
61,46,182407
61,47,117042
61,48,276580
61,49,68640
61,50,136735
61,51,597882
61,52,378108
61,53,161931
61,54,138215
61,55,108784
61,56,138075
61,57,144742
61,58,3149485
61,59,94576
61,60,2123930
61,62,73755
61,63,131131
61,64,184382
61,65,108209
61,66,76437
61,67,119071
61,68,801890
61,69,187995
61,70,70636
61,71,152477
61,72,98251
61,73,165575
61,74,64409
61,75,1316755
61,76,278800
61,77,312259
61,78,197946
61,79,572341
61,80,79803
61,81,250364
61,82,69382
61,83,555038
61,84,73055
61,85,193682
61,86,178095
61,87,74996
61,88,1058338
61,89,172101
61,90,403259
61,91,109378
61,92,132152
61,93,947752
61,94,126559
61,95,116500
61,96,236641
61,97,6770639
61,98,65578
61,99,70236
61,100,97311
61,101,358187
61,102,93592
61,103,70300
61,104,358416
61,105,129822
61,106,71836
61,107,72649
61,108,324111
61,109,154701
61,110,121214
61,111,86337
61,112,68668
61,113,3539392
61,114,687558
61,115,594974
61,116,81141
61,117,198758
61,118,68695
61,119,174027
61,120,106689
61,121,183072
61,122,113264
61,123,272790
61,124,356369
61,125,213504
61,126,69681
61,127,216960
62,0,68513
62,1,89691
62,2,163762
62,3,65512
62,4,570459
62,5,79971
62,6,186845
62,7,169256
62,8,267614
62,9,398765
62,10,103765
62,11,82645
62,12,245022
62,13,327761
62,14,65915
62,15,108823
62,16,120419
62,17,1054191
62,18,125366
62,19,67061
62,20,281860
62,21,125483
62,22,1114174
62,23,63112
62,24,63907
62,25,224867
62,26,89367
62,27,1436508
62,28,189299
62,29,284084
62,30,254818
62,31,112453
62,32,114240
62,33,79898
62,34,3648976
62,35,82220
62,36,82498
62,37,2538846
62,38,110320
62,39,84709
62,40,4047334
62,41,204002
62,42,74026
62,43,75087
62,44,98368
62,45,5153443
62,46,196759
62,47,69886
62,48,68789
62,49,82397
62,50,68734
62,51,146452
62,52,1086470
62,53,471020
62,54,90262
62,55,1900212
62,56,219399
62,57,1231467
62,58,1905091
62,59,232334
62,60,251255
62,61,66162
62,63,97478
62,64,801389
62,65,84313
62,66,66877
62,67,149386
62,68,427988
62,69,73360
62,70,115303
62,71,318498
62,72,93039
62,73,66887
62,74,147545
62,75,94965
62,76,111545
62,77,62026
62,78,95176
62,79,1682500
62,80,110228
62,81,174454
62,82,114932
62,83,256047
62,84,566729
62,85,134768
62,86,500333
62,87,88655
62,88,388185
62,89,561738
62,90,69455
62,91,263004
62,92,93914
62,93,135919
62,94,355917
62,95,96150
62,96,2117977
62,97,545011
62,98,71638
62,99,137659
62,100,82020
62,101,164911
62,102,97594
62,103,79103
62,104,219911
62,105,76009
62,106,285434
62,107,107125
62,108,233163
62,109,348608
62,110,142498
62,111,143196
62,112,78287
62,113,189334
62,114,64086
62,115,160531
62,116,206928
62,117,942342
62,118,114099
62,119,75651
62,120,276013
62,121,417771
62,122,102853
62,123,79426
62,124,577233
62,125,89010
62,126,230032
62,127,345803
63,0,69001
63,1,192981
63,2,155711
63,3,1177680
63,4,848255
63,5,141202
63,6,87418
63,7,85043
63,8,275659
63,9,86734
63,10,63088
63,11,261264
63,12,90445
63,13,235154
63,14,62339
63,15,1467717
63,16,141993
63,17,316575
63,18,134049
63,19,130860
63,20,774268
63,21,86170
63,22,106036
63,23,175745
63,24,1774499
63,25,402127
63,26,208951
63,27,96624
63,28,63502
63,29,115089
63,30,65905
63,31,68059
63,32,81997
63,33,1716206
63,34,100995
63,35,407848
63,36,209249
63,37,1584812
63,38,160925
63,39,158817
63,40,173180
63,41,83349
63,42,79117
63,43,194499
63,44,63790
63,45,230948
63,46,64651
63,47,365043
63,48,266481
63,49,343568
63,50,342724
63,51,102726
63,52,11305418
63,53,22606499
63,54,71210
63,55,13227389
63,56,2367970
63,57,76343
63,58,115489
63,59,198680
63,60,68354
63,61,91229
63,62,339694
63,64,89772
63,65,116079
63,66,257038
63,67,69213
63,68,556059
63,69,136209
63,70,312437
63,71,107968
63,72,314403
63,73,670950
63,74,128207
63,75,68629
63,76,1422071
63,77,70502
63,78,166720
63,79,231101
63,80,1655642
63,81,158202
63,82,276794
63,83,673485
63,84,101017
63,85,765905
63,86,84954
63,87,2007715
63,88,182176
63,89,72538
63,90,108107
63,91,221462
63,92,177432
63,93,276509
63,94,119011
63,95,115003
63,96,313775
63,97,716160
63,98,89926
63,99,66651
63,100,121151
63,101,487975
63,102,278152
63,103,152405
63,104,161136
63,105,85035
63,106,118243
63,107,106714
63,108,129858
63,109,678608
63,110,75506
63,111,101570
63,112,84056
63,113,123030298
63,114,145483
63,115,479652
63,116,132705
63,117,301927
63,118,162305
63,119,631033
63,120,96079
63,121,383733
63,122,153945
63,123,1060840
63,124,4745827
63,125,158304
63,126,104703
63,127,1000625
64,0,144224
64,1,82660
64,2,83144
64,3,106146
64,4,76002
64,5,92549
64,6,62381
64,7,110031
64,8,66463
64,9,80139
64,10,81624
64,11,169981
64,12,373618
64,13,308570
64,14,184112
64,15,76424
64,16,1802812
64,17,243438
64,18,12421739
64,19,2145011
64,20,7993665
64,21,618681
64,22,70225
64,23,85355
64,24,84596
64,25,147748
64,26,495528
64,27,290640
64,28,374483
64,29,176429
64,30,695569
64,31,85994
64,32,67178
64,33,85364
64,34,335596
64,35,1243663
64,36,863479
64,37,62604
64,38,130590
64,39,99035
64,40,260562
64,41,374855
64,42,8096551
64,43,618370
64,44,183373
64,45,774738
64,46,524311
64,47,108273
64,48,138935
64,49,225746
64,50,87807
64,51,121073
64,52,65164
64,53,83105
64,54,67670
64,55,170010
64,56,75922
64,57,235789
64,58,119117
64,59,6008642
64,60,202909
64,61,103190
64,62,143687
64,63,125433
64,65,130304
64,66,74763
64,67,116398
64,68,3107000
64,69,1932339
64,70,89394
64,71,64004
64,72,268083
64,73,69944
64,74,163057
64,75,62571
64,76,79182
64,77,158946
64,78,90647
64,79,161851
64,80,169054
64,81,71578
64,82,68184
64,83,153678
64,84,62618
64,85,531990
64,86,66861
64,87,2346295
64,88,212141
64,89,276154
64,90,563568
64,91,114550
64,92,183306
64,93,1072661
64,94,315667
64,95,1281613
64,96,124291
64,97,19604868
64,98,65305
64,99,73254
64,100,226878
64,101,13850519
64,102,295461
64,103,219259
64,104,272375
64,105,93954
64,106,1074370
64,107,181911
64,108,111397
64,109,264962
64,110,105160
64,111,246223
64,112,193129
64,113,3632942
64,114,142540
64,115,97943
64,116,309354
64,117,460487
64,118,19430731
64,119,140892
64,120,208738
64,121,355804
64,122,91763
64,123,689450
64,124,85405
64,125,85620
64,126,207767
64,127,1022064
65,0,79956
65,1,130951
65,2,99110
65,3,77631
65,4,94427
65,5,370193
65,6,475396
65,7,1871415
65,8,267480
65,9,72095
65,10,911669
65,11,1299572
65,12,191522
65,13,365161
65,14,840554
65,15,208188
65,16,103050
65,17,943689
65,18,65209
65,19,164444
65,20,26573555
65,21,100116
65,22,479068
65,23,2821615
65,24,749225
65,25,240489
65,26,123509
65,27,92036
65,28,678240
65,29,308657
65,30,63786
65,31,85653
65,32,253539
65,33,67810
65,34,766366
65,35,88190
65,36,132983
65,37,75644
65,38,248424
65,39,356030
65,40,82956
65,41,63059
65,42,124785
65,43,348825
65,44,64522
65,45,1383028
65,46,82474
65,47,103623
65,48,246741
65,49,606465
65,50,170565
65,51,163870
65,52,124604
65,53,103977
65,54,579708
65,55,68728
65,56,14529663
65,57,766826
65,58,256356
65,59,1250409
65,60,76484
65,61,73441
65,62,156634
65,63,69309
65,64,399600
65,66,140091
65,67,2328509
65,68,86178
65,69,76316
65,70,77040
65,71,1732499
65,72,72392
65,73,338971
65,74,136403
65,75,68043
65,76,64067
65,77,112330
65,78,165132
65,79,140256067
65,80,63244
65,81,142920
65,82,273206
65,83,90344
65,84,137718
65,85,147838
65,86,151081
65,87,200439
65,88,181846
65,89,136774
65,90,2249782
65,91,101502
65,92,269568
65,93,118093
65,94,188240
65,95,103635
65,96,352227
65,97,177842
65,98,71986
65,99,150473
65,100,163979
65,101,1426374
65,102,70805
65,103,231768
65,104,72040
65,105,402976
65,106,93758
65,107,630710
65,108,132115
65,109,623694
65,110,166243
65,111,142287
65,112,553259
65,113,74441
65,114,171389
65,115,73185
65,116,232025
65,117,80015
65,118,359908
65,119,90942
65,120,84831
65,121,211443
65,122,62711
65,123,182143
65,124,286492
65,125,199458
65,126,121606
65,127,120792
66,0,126441
66,1,65997
66,2,406260
66,3,2046061
66,4,852154
66,5,4991520
66,6,586403
66,7,143217
66,8,414166
66,9,95267
66,10,308136
66,11,1186856
66,12,242094
66,13,67130
66,14,150287
66,15,418378
66,16,188733
66,17,16211011
66,18,86726
66,19,108592
66,20,128224
66,21,134959
66,22,313238
66,23,206553
66,24,180569
66,25,65604
66,26,283562
66,27,118950
66,28,62815
66,29,62800
66,30,112933
66,31,243044
66,32,149501
66,33,511296
66,34,95783
66,35,195435
66,36,992427
66,37,362809
66,38,414464
66,39,97752
66,40,935658
66,41,99436
66,42,1997000
66,43,234732
66,44,105926
66,45,932349
66,46,883973
66,47,69342
66,48,72179
66,49,200360
66,50,96717
66,51,67891
66,52,91876
66,53,9231690
66,54,198952
66,55,75657
66,56,91257
66,57,83341
66,58,7698928
66,59,77937
66,60,139907
66,61,84896
66,62,168279
66,63,73711
66,64,144073
66,65,251434
66,67,87109
66,68,415811
66,69,78266
66,70,143815
66,71,101400
66,72,384122
66,73,160714
66,74,751885
66,75,147973
66,76,2958010
66,77,93310
66,78,81337
66,79,735328
66,80,69767
66,81,329419
66,82,78874
66,83,104321
66,84,1511312
66,85,324492
66,86,123008
66,87,125868
66,88,212666
66,89,234260
66,90,91951
66,91,11566812
66,92,120730
66,93,881586
66,94,88992
66,95,99284
66,96,3843124
66,97,230438
66,98,839464
66,99,67242
66,100,109743
66,101,74782
66,102,63965
66,103,812526
66,104,97921
66,105,115346
66,106,130036
66,107,831908
66,108,70519
66,109,71842
66,110,361760
66,111,67740
66,112,229122
66,113,88974
66,114,74537
66,115,120745
66,116,7483146
66,117,147015005
66,118,86472
66,119,255800
66,120,418682
66,121,177558
66,122,68409
66,123,2696324
66,124,1248153
66,125,399461
66,126,332481
66,127,1800605
67,0,112891
67,1,68250
67,2,186121
67,3,280250
67,4,171982
67,5,64321
67,6,124571
67,7,68054
67,8,1090853
67,9,1011241
67,10,128975
67,11,71471
67,12,194201
67,13,101332
67,14,166664
67,15,296670
67,16,278728
67,17,105220
67,18,175405
67,19,74705
67,20,87946
67,21,1133686
67,22,84970
67,23,174607
67,24,74287
67,25,163382
67,26,94875
67,27,140193
67,28,89745
67,29,1559032
67,30,127241
67,31,137028
67,32,100238
67,33,185162
67,34,165797
67,35,85595
67,36,166748
67,37,71501
67,38,1512912
67,39,162412
67,40,88647
67,41,1427813
67,42,253600
67,43,76700
67,44,1295944
67,45,93543
67,46,260944
67,47,158663
67,48,155390
67,49,119681
67,50,140624
67,51,212053
67,52,69068
67,53,133523
67,54,245364
67,55,313865
67,56,157414
67,57,994651
67,58,170214
67,59,841099
67,60,1638787
67,61,126814
67,62,159178
67,63,93514
67,64,328637
67,65,328734
67,66,98959
67,68,699444
67,69,76049
67,70,1311804
67,71,110863
67,72,415212
67,73,198139
67,74,5406876
67,75,3036565
67,76,290174
67,77,93446
67,78,117277
67,79,88815
67,80,286567
67,81,93895
67,82,336918
67,83,3371928
67,84,63235
67,85,476165
67,86,141576
67,87,204165
67,88,130914
67,89,1895357
67,90,532226
67,91,77074
67,92,1692287
67,93,313507
67,94,159721
67,95,302932
67,96,159799
67,97,152072
67,98,492031
67,99,77673
67,100,843838
67,101,193165
67,102,261649
67,103,225159
67,104,70259
67,105,62890
67,106,64233
67,107,66740
67,108,128922
67,109,7762687
67,110,107087
67,111,77335
67,112,130572
67,113,2040501
67,114,67675
67,115,73006
67,116,438508
67,117,62744
67,118,4348828
67,119,3002436
67,120,493877
67,121,225893
67,122,170389
67,123,70537
67,124,156159
67,125,152286
67,126,76673
67,127,109939
68,0,255554
68,1,78884291
68,2,132964
68,3,273903
68,4,165077
68,5,578330
68,6,155885
68,7,160583
68,8,199771
68,9,63416
68,10,136190
68,11,341988
68,12,115103
68,13,139036
68,14,111869
68,15,88242
68,16,940998
68,17,91388
68,18,244851
68,19,231665
68,20,175436
68,21,101343
68,22,105003
68,23,2841842
68,24,1586559
68,25,738758
68,26,145856
68,27,327858
68,28,274113
68,29,270111
68,30,76471
68,31,901642
68,32,214659
68,33,1452702
68,34,267949
68,35,141264
68,36,69387
68,37,95287
68,38,96893
68,39,193423
68,40,198797
68,41,77054
68,42,181944
68,43,370800
68,44,126746
68,45,212447
68,46,88602
68,47,732351
68,48,346877
68,49,176086
68,50,276225
68,51,83920
68,52,311993
68,53,85645
68,54,1473803
68,55,98134
68,56,109730
68,57,377982
68,58,931690
68,59,297155
68,60,105803
68,61,112412
68,62,405829
68,63,73957
68,64,111814
68,65,207725
68,66,109690
68,67,611602
68,69,157111
68,70,93348
68,71,291421
68,72,69135
68,73,68723
68,74,328539
68,75,2071428
68,76,828707
68,77,117825
68,78,225697
68,79,317946
68,80,66075
68,81,107828
68,82,448646
68,83,117115
68,84,82544
68,85,113973
68,86,159566
68,87,66188
68,88,96109
68,89,3624974
68,90,92473
68,91,207682
68,92,124703
68,93,1986389
68,94,495321
68,95,557597
68,96,92349
68,97,92216
68,98,90062
68,99,196950
68,100,170272
68,101,1529093
68,102,83507
68,103,109703
68,104,63292
68,105,69829
68,106,131530
68,107,147478
68,108,86717
68,109,5049309
68,110,88347
68,111,175097
68,112,136969
68,113,99622
68,114,167680
68,115,734901
68,116,3077291
68,117,163952
68,118,338455
68,119,177495
68,120,344523
68,121,62344
68,122,306669
68,123,86489
68,124,66934
68,125,187960
68,126,1569251
68,127,150148
69,0,90988
69,1,895476
69,2,220426
69,3,958744
69,4,80088
69,5,248015
69,6,181615
69,7,305301
69,8,107037
69,9,151788
69,10,123121
69,11,115188
69,12,83721
69,13,116282
69,14,148540
69,15,1357637
69,16,1570966
69,17,474821
69,18,704936
69,19,115160
69,20,792484
69,21,82174
69,22,6599697
69,23,728975
69,24,239776
69,25,560179
69,26,69585
69,27,2109103
69,28,232904
69,29,389246
69,30,127999
69,31,461394
69,32,483187
69,33,221509
69,34,142119
69,35,71950
69,36,81670
69,37,68739
69,38,66167
69,39,174699
69,40,104524
69,41,86455
69,42,193202
69,43,251613
69,44,205435
69,45,173150
69,46,101751
69,47,255063
69,48,311904
69,49,127860
69,50,110452
69,51,293230
69,52,846041
69,53,722309
69,54,149547
69,55,1439428
69,56,96655
69,57,783759
69,58,600522
69,59,151930
69,60,329615
69,61,81119
69,62,125383
69,63,79318
69,64,76417
69,65,126848
69,66,89108
69,67,198991
69,68,77756
69,70,260498
69,71,420207
69,72,578605
69,73,364688
69,74,584156
69,75,74396
69,76,63311
69,77,86938
69,78,68745
69,79,98722
69,80,3808014
69,81,120932
69,82,317854
69,83,240875
69,84,101366
69,85,119834
69,86,140357
69,87,78378
69,88,139928
69,89,254573
69,90,148677
69,91,104536
69,92,100271
69,93,2752856
69,94,113567912
69,95,332083
69,96,323163
69,97,1937370
69,98,444879
69,99,121198
69,100,67756
69,101,175776
69,102,69659
69,103,130680
69,104,1730447
69,105,230184
69,106,63107
69,107,67653
69,108,66136
69,109,366705
69,110,138956
69,111,405685
69,112,94101
69,113,67584
69,114,84823
69,115,82405
69,116,119574
69,117,288245
69,118,74505
69,119,67444
69,120,1635085
69,121,128537
69,122,1134631
69,123,3799328
69,124,64626
69,125,142963
69,126,121875
69,127,130501
70,0,318959
70,1,204246
70,2,146852
70,3,61957
70,4,279813
70,5,63017
70,6,348390
70,7,90216
70,8,167340
70,9,239503
70,10,82305
70,11,150357
70,12,72962
70,13,113931
70,14,63325
70,15,127584
70,16,111518
70,17,70981
70,18,65295
70,19,64189
70,20,106776
70,21,113875
70,22,233736
70,23,461031
70,24,92064
70,25,326697
70,26,84994
70,27,429258
70,28,63815
70,29,70173
70,30,99666
70,31,72034
70,32,188486
70,33,82428
70,34,324302
70,35,515939
70,36,126951
70,37,76992
70,38,124686
70,39,84685
70,40,779462
70,41,237230
70,42,97837
70,43,80353
70,44,121812
70,45,80125
70,46,326023
70,47,731504
70,48,62786
70,49,112823
70,50,62469
70,51,68706
70,52,74788
70,53,84450
70,54,87833
70,55,111036
70,56,72741
70,57,200754
70,58,165353
70,59,195210
70,60,95691
70,61,98615
70,62,69961
70,63,102541
70,64,107012
70,65,142582
70,66,414763
70,67,585277
70,68,106257
70,69,68950
70,71,115503
70,72,93689
70,73,66349
70,74,190369
70,75,203677
70,76,64666
70,77,612517
70,78,105136
70,79,256232
70,80,237444
70,81,185094
70,82,173300
70,83,640183
70,84,868665
70,85,123298
70,86,285811
70,87,87989
70,88,565408
70,89,80894
70,90,71992
70,91,5423474
70,92,2450680
70,93,142434
70,94,75856
70,95,276367
70,96,140583
70,97,63617
70,98,101808
70,99,960135
70,100,89117
70,101,74860
70,102,133243
70,103,97773
70,104,66229
70,105,201587
70,106,869245
70,107,534121
70,108,89358
70,109,180406
70,110,67880
70,111,213814
70,112,656794
70,113,811502
70,114,69517
70,115,134313
70,116,259862
70,117,690210
70,118,1614991
70,119,9790665
70,120,157998
70,121,65502
70,122,415661
70,123,147165
70,124,164252
70,125,68092
70,126,1609589
70,127,498652
71,0,78364
71,1,187227
71,2,114226
71,3,178892
71,4,105596
71,5,73074
71,6,78216
71,7,777093
71,8,114663
71,9,1234772
71,10,330894
71,11,62159
71,12,129787
71,13,78146
71,14,113112
71,15,85769
71,16,5776183
71,17,73067
71,18,132557
71,19,75002
71,20,126543
71,21,101774
71,22,83254
71,23,142624
71,24,95378
71,25,64419
71,26,129362
71,27,229324
71,28,87954
71,29,135130
71,30,94715
71,31,172879
71,32,105852
71,33,162252
71,34,3125078
71,35,294502
71,36,568056
71,37,2705597
71,38,559144
71,39,83231
71,40,264765
71,41,9411380
71,42,334585
71,43,138175
71,44,74154
71,45,83058
71,46,854960
71,47,345055
71,48,74077
71,49,178159
71,50,642175
71,51,101174
71,52,230387
71,53,539636
71,54,134124
71,55,119391
71,56,92169
71,57,62595
71,58,238904
71,59,1751171
71,60,139278
71,61,163436
71,62,131713
71,63,108836
71,64,100448
71,65,1160698
71,66,4304827
71,67,83302
71,68,177779
71,69,125249
71,70,498442
71,72,116939
71,73,853836
71,74,111464
71,75,138594
71,76,291656
71,77,132501
71,78,926447
71,79,119880
71,80,129982
71,81,70328
71,82,81617
71,83,548482
71,84,207347
71,85,92750
71,86,77909
71,87,321095
71,88,68032
71,89,229022
71,90,209847
71,91,522708
71,92,105865
71,93,241872
71,94,99698
71,95,104859
71,96,116836
71,97,66919
71,98,110175
71,99,270725
71,100,82197
71,101,77972
71,102,85207
71,103,319884
71,104,159359
71,105,91838
71,106,1333088
71,107,38115428
71,108,357731
71,109,664866
71,110,28891068
71,111,1543929
71,112,69062
71,113,154848
71,114,571802
71,115,71376
71,116,346447
71,117,191341
71,118,215736
71,119,504152
71,120,924494
71,121,415962
71,122,129734
71,123,220707
71,124,145047
71,125,214347
71,126,96644
71,127,71406
72,0,100671
72,1,7221523
72,2,311638
72,3,130161
72,4,1395361
72,5,67460
72,6,376475
72,7,167567
72,8,88085
72,9,207095
72,10,1749078
72,11,851595
72,12,102795
72,13,301510
72,14,403970
72,15,152238
72,16,84872
72,17,151859
72,18,277722
72,19,66787
72,20,130214
72,21,937654
72,22,89898
72,23,202306
72,24,259926
72,25,81632
72,26,247203
72,27,65079
72,28,158997
72,29,64884
72,30,504580
72,31,112140
72,32,350793
72,33,6346536
72,34,307099
72,35,90905
72,36,95620
72,37,622120
72,38,65325
72,39,123785
72,40,74473
72,41,83262
72,42,95206
72,43,267681
72,44,68889
72,45,150590
72,46,148631
72,47,64194
72,48,70081
72,49,89627
72,50,65695
72,51,78118
72,52,3161820
72,53,213062
72,54,9365860
72,55,146941
72,56,401422
72,57,71537
72,58,77804
72,59,65492
72,60,75322
72,61,215152
72,62,344310
72,63,77493
72,64,1702179
72,65,358073
72,66,213195
72,67,127275
72,68,1888116
72,69,138494
72,70,234207
72,71,73849
72,73,195022
72,74,161639
72,75,968556
72,76,77881
72,77,80338
72,78,101051
72,79,1368223
72,80,114366
72,81,79131
72,82,170448
72,83,173482
72,84,3193047
72,85,411942
72,86,197600
72,87,160034
72,88,138775
72,89,245136
72,90,73736
72,91,137068
72,92,242262
72,93,119147
72,94,102981
72,95,2615413
72,96,113485
72,97,121355
72,98,225501
72,99,4719894
72,100,78583
72,101,345482
72,102,169429
72,103,9645200
72,104,127843
72,105,148882
72,106,98486
72,107,77986
72,108,435875
72,109,251554
72,110,154481
72,111,71938
72,112,72337
72,113,75631
72,114,9840050
72,115,76531
72,116,674941
72,117,816129
72,118,69472
72,119,100738
72,120,67605
72,121,127104
72,122,5630184
72,123,156559
72,124,217233
72,125,137382
72,126,63149
72,127,211792
73,0,64994
73,1,76397
73,2,183172
73,3,590946
73,4,96130
73,5,401282
73,6,111183
73,7,94013
73,8,823949
73,9,209419
73,10,111210
73,11,189476
73,12,160138
73,13,208273
73,14,127826
73,15,81029
73,16,387524
73,17,132779
73,18,147075
73,19,175931
73,20,141597
73,21,151057
73,22,169140
73,23,140030
73,24,87599
73,25,435384
73,26,206179
73,27,171388807
73,28,90546
73,29,95702
73,30,298867
73,31,63651
73,32,2010410
73,33,242317
73,34,63545
73,35,90317
73,36,108426
73,37,90684
73,38,63718
73,39,83097
73,40,1015854
73,41,128120
73,42,799395
73,43,2279999
73,44,771928
73,45,77680
73,46,82089
73,47,2321463
73,48,75368
73,49,154799
73,50,66494
73,51,844939
73,52,155860
73,53,790043
73,54,293389
73,55,385554
73,56,1325504
73,57,127019
73,58,395590
73,59,138915
73,60,182739
73,61,77225
73,62,85496
73,63,66374
73,64,15384276
73,65,488983
73,66,64715
73,67,729396
73,68,71812
73,69,182673
73,70,72289
73,71,143494
73,72,113624
73,74,130662
73,75,79905
73,76,127361
73,77,370071
73,78,77791
73,79,241262
73,80,75969
73,81,250957
73,82,160872
73,83,205806
73,84,148064
73,85,3942806
73,86,338867
73,87,2530591
73,88,270247
73,89,220990
73,90,80515
73,91,89206
73,92,66245
73,93,213592
73,94,78034
73,95,275942
73,96,145834
73,97,96140
73,98,118890
73,99,226927
73,100,88558
73,101,83554
73,102,208104
73,103,117321
73,104,86743
73,105,221037
73,106,118138
73,107,1087344
73,108,84458
73,109,4893258
73,110,265884
73,111,150078
73,112,168221
73,113,252814
73,114,75296
73,115,86498
73,116,189939
73,117,167058
73,118,159023
73,119,907257
73,120,686428
73,121,88233
73,122,481807
73,123,112153
73,124,70444
73,125,321282
73,126,69438
73,127,65787
74,0,511955
74,1,183206
74,2,106073
74,3,189797
74,4,109016
74,5,96469
74,6,105390
74,7,75054
74,8,2427603
74,9,314673
74,10,4694219
74,11,114127
74,12,258161
74,13,130788
74,14,94141
74,15,79535
74,16,134673
74,17,602294
74,18,88753
74,19,65910
74,20,354231
74,21,64316
74,22,69602
74,23,517056
74,24,229576
74,25,3739530
74,26,317763
74,27,96212
74,28,220285
74,29,120080
74,30,93387
74,31,363277
74,32,248833
74,33,178540
74,34,636559
74,35,123736
74,36,144331
74,37,103741
74,38,77527
74,39,80500
74,40,67162
74,41,150870
74,42,161586
74,43,25682018
74,44,301261
74,45,110333
74,46,1449733
74,47,63363
74,48,132908
74,49,91829
74,50,168565
74,51,76680
74,52,101479
74,53,89403
74,54,129574
74,55,81006
74,56,111558
74,57,590660
74,58,63249
74,59,116573
74,60,139056
74,61,163490
74,62,158714
74,63,91453
74,64,110571
74,65,195060
74,66,125183
74,67,74217
74,68,1484565
74,69,63979
74,70,295783
74,71,298458
74,72,2034969
74,73,62362
74,75,67815
74,76,1487667
74,77,77095
74,78,140275
74,79,120327
74,80,75611
74,81,476936
74,82,84305
74,83,67530
74,84,65129
74,85,113764
74,86,188909
74,87,89072
74,88,124275
74,89,622434
74,90,64542
74,91,65039
74,92,154946
74,93,191124
74,94,156484
74,95,218104
74,96,85553
74,97,137126
74,98,108746
74,99,1113260
74,100,4382374
74,101,85944
74,102,234155
74,103,164801
74,104,222889
74,105,96758
74,106,876847
74,107,368141
74,108,65144
74,109,9889894
74,110,186190
74,111,279306
74,112,223705
74,113,273694
74,114,1393981
74,115,97657
74,116,111103
74,117,169285
74,118,80022
74,119,294103
74,120,64705
74,121,92923
74,122,520207
74,123,141701
74,124,64864
74,125,82059
74,126,9144186
74,127,209804
75,0,77417
75,1,123606
75,2,92387
75,3,116690
75,4,339902
75,5,65726
75,6,2619791
75,7,105269
75,8,293785
75,9,110518
75,10,99404
75,11,1008949
75,12,817163
75,13,2641884
75,14,262357
75,15,555548
75,16,112576
75,17,81284
75,18,106988
75,19,129380
75,20,116268
75,21,284458
75,22,27523523
75,23,81149
75,24,209590
75,25,110836
75,26,207431
75,27,117662
75,28,187331
75,29,255985
75,30,62164
75,31,117410
75,32,96387
75,33,67913
75,34,145003
75,35,509112
75,36,527544
75,37,252874
75,38,63916
75,39,401563
75,40,74821
75,41,103249
75,42,1082120
75,43,1120609
75,44,198642
75,45,72131
75,46,104835
75,47,244397
75,48,135957
75,49,285509
75,50,73497
75,51,159333
75,52,113029
75,53,539394
75,54,129698
75,55,119558
75,56,112905
75,57,140665
75,58,79010
75,59,129433
75,60,2589425
75,61,171360
75,62,311285
75,63,272305
75,64,287862
75,65,509547
75,66,384772
75,67,73472
75,68,74814
75,69,70156
75,70,71926
75,71,221793
75,72,838377
75,73,62058
75,74,94676
75,76,426726
75,77,81488
75,78,830305
75,79,132649
75,80,453878
75,81,64824
75,82,179920
75,83,62506
75,84,436366
75,85,412977
75,86,549732
75,87,239995
75,88,77067
75,89,663096
75,90,190584
75,91,64874
75,92,77403
75,93,110399
75,94,71956
75,95,238037
75,96,83515
75,97,230133
75,98,72483
75,99,79448
75,100,154725
75,101,221983
75,102,72222
75,103,406692
75,104,205517
75,105,118498
75,106,379754
75,107,93397
75,108,1890524
75,109,68425
75,110,208611
75,111,268217
75,112,888180
75,113,65330
75,114,113708
75,115,64631
75,116,2314457
75,117,64077
75,118,62242
75,119,495114
75,120,193534
75,121,266813
75,122,217874
75,123,88181
75,124,228771
75,125,86011
75,126,304705
75,127,263653
76,0,175714
76,1,25396927
76,2,82552
76,3,75916
76,4,90308
76,5,172340
76,6,882778
76,7,1079525
76,8,222602
76,9,203151
76,10,70822
76,11,115460
76,12,66541
76,13,2677950
76,14,102002
76,15,343886
76,16,88965
76,17,190404
76,18,64611
76,19,101513
76,20,310141
76,21,133038
76,22,72673
76,23,66173
76,24,64326
76,25,115863
76,26,335292
76,27,72422
76,28,3869848
76,29,177905
76,30,72059
76,31,157693
76,32,236214
76,33,121907
76,34,290019
76,35,936323
76,36,81784
76,37,62487
76,38,318406
76,39,1504939
76,40,67482
76,41,2230042
76,42,160504
76,43,70282
76,44,130716
76,45,1300786
76,46,140562
76,47,89304
76,48,72975
76,49,240544
76,50,69978
76,51,157440
76,52,217737
76,53,217462
76,54,601998
76,55,514827
76,56,89135
76,57,75440
76,58,79701
76,59,236268
76,60,120839
76,61,74601
76,62,1340752
76,63,326504
76,64,69376
76,65,85777
76,66,76142
76,67,2522386
76,68,280760
76,69,990950
76,70,104024
76,71,152429
76,72,90656
76,73,99002
76,74,194015
76,75,63536
76,77,62187
76,78,80634
76,79,273276
76,80,84361
76,81,82097
76,82,106541
76,83,109899
76,84,268016
76,85,89600
76,86,3906015
76,87,125700
76,88,8808888
76,89,112303
76,90,99644
76,91,87478
76,92,171094
76,93,2132918
76,94,115517
76,95,135264
76,96,110136
76,97,742651
76,98,84192
76,99,91913
76,100,201707
76,101,84563
76,102,715754
76,103,369104
76,104,117721
76,105,76504
76,106,447957
76,107,92311
76,108,364217
76,109,253176
76,110,79253
76,111,1035496
76,112,199615
76,113,616511
76,114,141534
76,115,972817
76,116,420820
76,117,1611386
76,118,85224
76,119,154042
76,120,250127
76,121,177810
76,122,374360
76,123,267280
76,124,146874
76,125,304197
76,126,109586
76,127,178381
77,0,969972
77,1,228470
77,2,76538
77,3,4240335
77,4,76768
77,5,212272
77,6,97018
77,7,170331
77,8,121418
77,9,83042
77,10,177937
77,11,1324248
77,12,407414
77,13,79124
77,14,121010
77,15,430535
77,16,72234
77,17,310492
77,18,617749
77,19,74840
77,20,147321
77,21,87032
77,22,66520
77,23,443186
77,24,102888
77,25,191848
77,26,142984
77,27,268756
77,28,1736617
77,29,107050
77,30,136637
77,31,154237
77,32,155761
77,33,87323
77,34,390446
77,35,173936
77,36,146099
77,37,76082
77,38,65049
77,39,149133
77,40,418986
77,41,232128
77,42,82529
77,43,63941
77,44,110254
77,45,65716
77,46,84499
77,47,3747967
77,48,129291
77,49,88514
77,50,96779
77,51,396139
77,52,167283
77,53,69596
77,54,301844
77,55,371654
77,56,87911
77,57,161215
77,58,70144
77,59,278440
77,60,185572
77,61,122527
77,62,135764
77,63,74544
77,64,146608
77,65,706520
77,66,247030
77,67,99132
77,68,139765
77,69,69051
77,70,84580
77,71,84088
77,72,1704170
77,73,4096541
77,74,229779
77,75,196304
77,76,371898
77,78,1096155
77,79,1317999
77,80,71199
77,81,400720
77,82,421434
77,83,401986
77,84,442681
77,85,124587
77,86,815096
77,87,61952
77,88,230693
77,89,99469
77,90,273485
77,91,78903
77,92,63159
77,93,130447
77,94,117056
77,95,428305
77,96,90665
77,97,8890577
77,98,87556
77,99,76897
77,100,862334
77,101,346232
77,102,86380
77,103,7193488
77,104,66038
77,105,64018
77,106,211357
77,107,90381
77,108,70700
77,109,198448
77,110,2185196
77,111,283265
77,112,1310571
77,113,314044
77,114,5293247
77,115,153364
77,116,120621
77,117,323352
77,118,101253
77,119,238253
77,120,135322
77,121,68261
77,122,141680
77,123,101389
77,124,66813
77,125,93885
77,126,244341
77,127,144591
78,0,72796
78,1,775208
78,2,309266
78,3,451772
78,4,94765
78,5,217691
78,6,177747
78,7,67306
78,8,145243
78,9,85150
78,10,69432
78,11,87998
78,12,75387
78,13,69489
78,14,227771
78,15,94299
78,16,66924
78,17,101672
78,18,104943
78,19,115288
78,20,18133700
78,21,246914
78,22,3896916
78,23,206720
78,24,170068
78,25,406548
78,26,119406
78,27,224236
78,28,365279
78,29,86930
78,30,135399
78,31,128380
78,32,260881
78,33,74853
78,34,73837
78,35,65124
78,36,81510
78,37,75637
78,38,120761
78,39,80745
78,40,154652
78,41,215601
78,42,121701
78,43,99056
78,44,3464748
78,45,290952
78,46,188521
78,47,119803
78,48,814907232
78,49,231203
78,50,147299
78,51,112521
78,52,64939
78,53,183473
78,54,173270
78,55,258412
78,56,271410
78,57,146497
78,58,5851812
78,59,503512
78,60,7453224
78,61,160478
78,62,68190
78,63,201388
78,64,441170
78,65,74963
78,66,79687
78,67,6049059
78,68,143005
78,69,203758
78,70,71584
78,71,6324403
78,72,77548
78,73,67412
78,74,443693
78,75,174975
78,76,121591
78,77,319977
78,79,92359
78,80,113181
78,81,1999669
78,82,410911
78,83,86447
78,84,102116
78,85,103016
78,86,4545397
78,87,124046
78,88,163328
78,89,767288
78,90,84466
78,91,319514
78,92,603480
78,93,4293954
78,94,25973031
78,95,63776
78,96,72575
78,97,108222
78,98,94656
78,99,90849
78,100,305045
78,101,67686
78,102,93993
78,103,281934
78,104,64057
78,105,66961
78,106,94289
78,107,69359
78,108,73478
78,109,199536
78,110,144721
78,111,107075
78,112,224721
78,113,97869
78,114,81906
78,115,91923
78,116,195925
78,117,109119
78,118,128834
78,119,543535
78,120,145505
78,121,157238
78,122,106282
78,123,266017
78,124,99491
78,125,743522
78,126,79964
78,127,64463
79,0,67896
79,1,104512
79,2,437682
79,3,265686
79,4,189405
79,5,572611
79,6,445390
79,7,87538
79,8,78590
79,9,163544
79,10,116369
79,11,525923
79,12,68856
79,13,133879
79,14,62399
79,15,258977
79,16,101651776
79,17,95236
79,18,134389
79,19,318130
79,20,114437
79,21,88330
79,22,253418
79,23,358874
79,24,296024
79,25,216324
79,26,201071
79,27,201031
79,28,76262
79,29,74039
79,30,697889
79,31,108810
79,32,146032
79,33,199185
79,34,299688
79,35,74071
79,36,21941074
79,37,144612
79,38,63945
79,39,550987
79,40,1676678
79,41,503086
79,42,148086
79,43,72950
79,44,216143
79,45,73037
79,46,80205
79,47,557084
79,48,114324
79,49,108669
79,50,65139
79,51,507161
79,52,205270
79,53,110004
79,54,170127
79,55,662038
79,56,70352
79,57,90766
79,58,112754
79,59,150823
79,60,81730
79,61,280322
79,62,211966
79,63,123395
79,64,240160
79,65,2160305
79,66,75783
79,67,420973
79,68,216052
79,69,87049
79,70,74518
79,71,102437
79,72,30785363
79,73,508894
79,74,176460
79,75,191958
79,76,233215
79,77,842741
79,78,471398
79,80,125533
79,81,154066
79,82,1130861
79,83,106380
79,84,262615
79,85,65416
79,86,66437
79,87,93601
79,88,251196
79,89,68823
79,90,136287
79,91,94417
79,92,259609
79,93,270657
79,94,122367
79,95,969264
79,96,70975
79,97,63974
79,98,137402
79,99,312348
79,100,69365
79,101,100950
79,102,137107
79,103,319143
79,104,96263
79,105,63689
79,106,107993
79,107,63297
79,108,275800
79,109,212710
79,110,2375276
79,111,22158851
79,112,120963
79,113,457072
79,114,233008
79,115,98636
79,116,528474
79,117,92827
79,118,463583
79,119,764069
79,120,853274
79,121,123752
79,122,385816
79,123,676770
79,124,99219
79,125,307703
79,126,1069259
79,127,103389
80,0,115374
80,1,1321742
80,2,71352
80,3,229677
80,4,71175
80,5,75624
80,6,422669
80,7,103377
80,8,138694
80,9,121796
80,10,483583
80,11,165049
80,12,343463
80,13,106368
80,14,69140
80,15,75041
80,16,75191
80,17,110889
80,18,92159
80,19,254147
80,20,214793
80,21,63733
80,22,67088
80,23,729816
80,24,194910
80,25,2204212
80,26,224479
80,27,99327
80,28,76069
80,29,461939
80,30,337224
80,31,112685
80,32,80671
80,33,69354
80,34,148404
80,35,80308
80,36,220238
80,37,390580
80,38,176335
80,39,1952608
80,40,203191
80,41,72777
80,42,194536
80,43,2534712
80,44,138755
80,45,187366
80,46,69904
80,47,64091
80,48,320070
80,49,84571
80,50,74524
80,51,189512
80,52,131895
80,53,578056
80,54,176522
80,55,81639
80,56,274043
80,57,94467
80,58,349261
80,59,218981
80,60,126306
80,61,103565
80,62,129680
80,63,746583
80,64,133504
80,65,1616799
80,66,111666
80,67,180764
80,68,107803
80,69,75836
80,70,235207
80,71,166776
80,72,95671
80,73,884572
80,74,474057
80,75,69023
80,76,644514
80,77,85068
80,78,471776
80,79,78625
80,81,91509
80,82,121386
80,83,69528
80,84,330401
80,85,212842
80,86,280687
80,87,191377
80,88,85537
80,89,2743284
80,90,184822
80,91,125516
80,92,953219
80,93,131005
80,94,3673271
80,95,133936
80,96,156659
80,97,75067
80,98,685300
80,99,108939
80,100,431818
80,101,71394
80,102,68431
80,103,271960
80,104,103600
80,105,69236
80,106,65280
80,107,65270
80,108,472914
80,109,4977262
80,110,127912
80,111,137520
80,112,108324
80,113,427672
80,114,71710
80,115,84839
80,116,158177
80,117,311197
80,118,74531
80,119,65300
80,120,63752
80,121,95560
80,122,870406
80,123,44246506
80,124,911036
80,125,165436
80,126,133187
80,127,80316
81,0,113820
81,1,795432
81,2,288322
81,3,63225
81,4,1845713
81,5,129221
81,6,74390
81,7,79643
81,8,1883316
81,9,130322
81,10,131658
81,11,257973
81,12,91781
81,13,228972
81,14,677872
81,15,541092
81,16,589804
81,17,1062514
81,18,118125638
81,19,359562
81,20,854397
81,21,188698
81,22,142392
81,23,63665
81,24,64735
81,25,234575
81,26,72386
81,27,101242
81,28,88620
81,29,159049
81,30,98283
81,31,47585398
81,32,395180
81,33,417923
81,34,84096
81,35,87289
81,36,606166
81,37,1029135
81,38,88930
81,39,173906
81,40,70334
81,41,68839
81,42,89063
81,43,70305
81,44,215421
81,45,88164
81,46,260753
81,47,103401
81,48,565672
81,49,86802
81,50,708508
81,51,161825
81,52,68469
81,53,406980
81,54,346769
81,55,76015
81,56,72276
81,57,76236
81,58,90326
81,59,125750
81,60,339177
81,61,776149
81,62,68784
81,63,563044
81,64,116778
81,65,76619
81,66,78329
81,67,99830
81,68,62035
81,69,129309
81,70,191739
81,71,70752
81,72,1170632
81,73,63335
81,74,1973271
81,75,2404921
81,76,256789
81,77,86329
81,78,168479
81,79,153388
81,80,110783
81,82,114451
81,83,72894
81,84,82066
81,85,95803
81,86,72349
81,87,100138
81,88,63349
81,89,240050
81,90,137639
81,91,342619
81,92,70928
81,93,156059
81,94,100216
81,95,93213
81,96,103284
81,97,207054
81,98,113806
81,99,236161
81,100,1174650
81,101,77645
81,102,87590
81,103,130555
81,104,287480
81,105,2207410
81,106,98219
81,107,76444
81,108,1156767
81,109,787131
81,110,98916
81,111,95055
81,112,71788
81,113,94170
81,114,91697
81,115,425313
81,116,70138
81,117,331983
81,118,70589
81,119,195247
81,120,210837
81,121,87452
81,122,456715
81,123,4326725
81,124,169632
81,125,106355
81,126,768674
81,127,75902
82,0,912937
82,1,2733772
82,2,82158
82,3,610083
82,4,170917
82,5,84491
82,6,626866
82,7,286871
82,8,87495
82,9,62974
82,10,123622
82,11,104775
82,12,108605
82,13,78597
82,14,275447
82,15,107350
82,16,112004
82,17,90628
82,18,285584
82,19,169458
82,20,192140
82,21,74084
82,22,156684
82,23,646869
82,24,327470
82,25,76687
82,26,104273
82,27,10198946
82,28,114904
82,29,75453
82,30,502873
82,31,98155
82,32,131204
82,33,177684
82,34,1424937
82,35,72667
82,36,999875
82,37,2397446
82,38,657141
82,39,67885
82,40,949795
82,41,74319
82,42,66640
82,43,103529
82,44,236321
82,45,93924
82,46,74058
82,47,212316
82,48,362926
82,49,105208
82,50,75433
82,51,187890
82,52,259419
82,53,80397
82,54,84791
82,55,337736
82,56,498233
82,57,5168641
82,58,174790
82,59,1140330
82,60,187158
82,61,463034
82,62,82289
82,63,1107806
82,64,63569
82,65,224527
82,66,244454
82,67,235418
82,68,1187883
82,69,261136
82,70,298621
82,71,75427
82,72,104416
82,73,2936247
82,74,118183
82,75,398626
82,76,71145
82,77,112726
82,78,424688
82,79,136345
82,80,75172
82,81,93680
82,83,117499
82,84,691352
82,85,81776
82,86,66562
82,87,424221
82,88,149179
82,89,133973
82,90,5078666
82,91,70006
82,92,101118
82,93,258663
82,94,98561
82,95,68508
82,96,175159
82,97,106097
82,98,111572
82,99,65548
82,100,76599
82,101,156534
82,102,224285
82,103,439669
82,104,104107
82,105,219818
82,106,94239
82,107,288706
82,108,74614
82,109,65159
82,110,92245
82,111,96017
82,112,93068
82,113,1102400
82,114,4852225
82,115,481610
82,116,73692
82,117,77603
82,118,80066
82,119,355466
82,120,105487
82,121,75035
82,122,132262
82,123,2094465
82,124,89591
82,125,410032
82,126,91099
82,127,2714930
83,0,457608
83,1,267413
83,2,226335
83,3,986542
83,4,226483
83,5,12575568
83,6,84677
83,7,78974
83,8,71722
83,9,226828
83,10,292048
83,11,80619
83,12,82715
83,13,167510
83,14,103237
83,15,142077
83,16,107538
83,17,69630
83,18,76979
83,19,159825
83,20,86616
83,21,634273
83,22,159410
83,23,79484
83,24,99720
83,25,70317
83,26,684925
83,27,133654
83,28,575594
83,29,63766
83,30,96800
83,31,256108
83,32,298703
83,33,69898
83,34,95317
83,35,85852
83,36,943015
83,37,185538
83,38,69168
83,39,73616
83,40,81473
83,41,64179
83,42,65884
83,43,168823
83,44,1805024
83,45,97468
83,46,237552
83,47,974961
83,48,194798
83,49,287557
83,50,96810
83,51,497607
83,52,499701
83,53,90299
83,54,122511
83,55,99100
83,56,592379
83,57,133430
83,58,64849
83,59,109080
83,60,126424
83,61,8237563
83,62,387260
83,63,71010
83,64,97248
83,65,148268
83,66,89555
83,67,69721
83,68,124259
83,69,2996816
83,70,1018950
83,71,116675
83,72,178732
83,73,170829
83,74,71122
83,75,2005026
83,76,478679
83,77,92264
83,78,251673
83,79,134597
83,80,322032
83,81,1288742
83,82,379627
83,84,274954
83,85,85802
83,86,2826647
83,87,122208
83,88,70671
83,89,187785
83,90,90481
83,91,454761
83,92,492850
83,93,67316
83,94,386997
83,95,692880
83,96,180114
83,97,91575
83,98,62941
83,99,609175
83,100,286189
83,101,66625
83,102,860052
83,103,69029
83,104,106171
83,105,95166
83,106,72410
83,107,201507
83,108,3617037
83,109,152025
83,110,171953
83,111,702180
83,112,126053
83,113,74756
83,114,754561
83,115,574234
83,116,96696
83,117,183273
83,118,91706
83,119,89935
83,120,93358
83,121,164664
83,122,62725
83,123,74486
83,124,98582
83,125,539878
83,126,4772023
83,127,1013542
84,0,552752
84,1,92406
84,2,74313
84,3,170243
84,4,136248
84,5,75909
84,6,264175
84,7,183541
84,8,894864
84,9,195736
84,10,1182761
84,11,111693
84,12,64587
84,13,104895
84,14,101865
84,15,319328
84,16,112072
84,17,140316
84,18,237015
84,19,141826
84,20,83082
84,21,576412
84,22,193497
84,23,92607
84,24,175251
84,25,121182
84,26,70311
84,27,78449
84,28,9320741
84,29,66291
84,30,86692
84,31,123638
84,32,267748
84,33,157642
84,34,434569
84,35,79869
84,36,64483
84,37,257910
84,38,102714
84,39,85166
84,40,175313
84,41,76115
84,42,95398
84,43,64636
84,44,106876
84,45,99241
84,46,77666
84,47,985080
84,48,103812
84,49,206678
84,50,316302
84,51,99230
84,52,89090
84,53,406404
84,54,95458
84,55,62529
84,56,532462
84,57,99984
84,58,194313
84,59,190872
84,60,68037
84,61,1068412
84,62,164362
84,63,303268
84,64,533883
84,65,223225
84,66,389113
84,67,64120
84,68,124078
84,69,152453
84,70,513940
84,71,75447
84,72,108874
84,73,92894
84,74,146719
84,75,81231
84,76,69247
84,77,186396
84,78,377102
84,79,115331
84,80,582480
84,81,95035
84,82,157490
84,83,73528
84,85,207809
84,86,65563
84,87,141931
84,88,162949
84,89,63824
84,90,109913
84,91,494289
84,92,81111
84,93,85678
84,94,139460
84,95,75849
84,96,324683
84,97,2201021
84,98,2691709
84,99,83777
84,100,101186
84,101,203961
84,102,599053
84,103,66152
84,104,76714
84,105,82793
84,106,109978
84,107,104655
84,108,70115
84,109,145068
84,110,78013
84,111,1816161
84,112,85827
84,113,77286
84,114,69073
84,115,648560
84,116,166945
84,117,70110
84,118,127533
84,119,259799
84,120,236801
84,121,84531
84,122,98315
84,123,150964
84,124,455293
84,125,91819
84,126,67492
84,127,410178
85,0,71866
85,1,599934
85,2,413571
85,3,244171
85,4,146231
85,5,672759
85,6,248307
85,7,327567
85,8,259546
85,9,105293
85,10,85281
85,11,133804
85,12,92416
85,13,93164
85,14,953906
85,15,147053
85,16,139602
85,17,155217
85,18,88409
85,19,215917
85,20,151504
85,21,77061
85,22,62095
85,23,68414
85,24,84265
85,25,116910
85,26,127516
85,27,69421
85,28,327664
85,29,66913
85,30,146054
85,31,234680
85,32,659232
85,33,111223
85,34,311373
85,35,65099
85,36,394361
85,37,733624
85,38,256603
85,39,149800
85,40,67247
85,41,66406
85,42,87893
85,43,103097
85,44,81096
85,45,2253103
85,46,65660
85,47,105621
85,48,94975
85,49,131786
85,50,70490
85,51,75152
85,52,63368
85,53,76296
85,54,204368
85,55,442849
85,56,82005
85,57,93339
85,58,124637
85,59,228420
85,60,69280
85,61,8383145
85,62,151717
85,63,80939
85,64,268486
85,65,305898
85,66,87212
85,67,118980
85,68,357959
85,69,63737
85,70,123153
85,71,265027
85,72,146386
85,73,1841109
85,74,144181
85,75,130018
85,76,476743
85,77,378613
85,78,70706
85,79,314853
85,80,62474
85,81,67252
85,82,154554
85,83,93572
85,84,128799
85,86,66432
85,87,85786
85,88,642842
85,89,856651
85,90,69370
85,91,767749
85,92,365753
85,93,65864
85,94,73453
85,95,63468
85,96,144461
85,97,761330
85,98,69653
85,99,168250
85,100,67902
85,101,3303579
85,102,84048
85,103,750110
85,104,873909
85,105,65828
85,106,93797
85,107,6089977
85,108,181714
85,109,65757
85,110,28192101
85,111,123834
85,112,229072
85,113,70058
85,114,8973666
85,115,89054
85,116,137461
85,117,63473
85,118,125600
85,119,74128
85,120,68239
85,121,218334
85,122,156084
85,123,68656
85,124,492440
85,125,67125
85,126,98123
85,127,2909452
86,0,855523
86,1,100615
86,2,533172
86,3,77314
86,4,353227
86,5,149985
86,6,68255
86,7,558627
86,8,236694
86,9,223369
86,10,231819
86,11,476550
86,12,134275
86,13,92102
86,14,111089
86,15,569656
86,16,93504
86,17,369466
86,18,88277
86,19,1476863
86,20,90162
86,21,85570
86,22,64478
86,23,289864
86,24,310844
86,25,84337
86,26,460125
86,27,210621
86,28,64641
86,29,158100
86,30,106245
86,31,764986
86,32,520887
86,33,110346
86,34,104309
86,35,632649
86,36,120450
86,37,65558
86,38,2390014
86,39,620552
86,40,364570
86,41,238686
86,42,1210912
86,43,322314
86,44,1051718
86,45,18287050
86,46,142161
86,47,119375
86,48,319792
86,49,75289
86,50,85885
86,51,188557
86,52,247667
86,53,143901
86,54,122129
86,55,245421
86,56,66505
86,57,4066886
86,58,110584
86,59,1642506
86,60,175962
86,61,331686
86,62,90619
86,63,73799
86,64,241151
86,65,109339
86,66,391654
86,67,161772
86,68,186431
86,69,255185
86,70,210276
86,71,134711
86,72,114790
86,73,74659
86,74,558112
86,75,216914
86,76,194685
86,77,280614
86,78,5245881
86,79,5968718
86,80,202186
86,81,172849
86,82,174362
86,83,72514
86,84,173784
86,85,280468
86,87,228070
86,88,263458
86,89,543290
86,90,77590
86,91,66013
86,92,140234
86,93,315848
86,94,293944
86,95,385685
86,96,66845
86,97,233789
86,98,300762
86,99,78456
86,100,408138
86,101,289477
86,102,70992
86,103,199928
86,104,200242
86,105,100659
86,106,73805
86,107,90803
86,108,301011
86,109,173603
86,110,151575
86,111,143708
86,112,150496
86,113,62669
86,114,127155
86,115,126763
86,116,288169
86,117,66193
86,118,66593
86,119,65538
86,120,97794
86,121,547984
86,122,200517
86,123,87220
86,124,21107900
86,125,132244
86,126,113333
86,127,215466
87,0,309966
87,1,128502
87,2,275730
87,3,188592
87,4,827116
87,5,134407
87,6,112085
87,7,81860
87,8,83019
87,9,65762
87,10,744831
87,11,111023
87,12,86161
87,13,399043
87,14,106085
87,15,394497
87,16,396827
87,17,594685
87,18,344736
87,19,77514
87,20,187855
87,21,123185
87,22,213460
87,23,309092
87,24,163084
87,25,120823
87,26,287023
87,27,1203496
87,28,398348
87,29,67450
87,30,125834
87,31,75009
87,32,98797
87,33,71341
87,34,68519
87,35,1352400
87,36,93329
87,37,614969
87,38,136676
87,39,328150
87,40,92597
87,41,758158
87,42,655754
87,43,79680
87,44,4439349
87,45,232645
87,46,69056
87,47,466717
87,48,197141
87,49,128398
87,50,100459
87,51,232541
87,52,110677
87,53,86103
87,54,517504
87,55,212623
87,56,4474190
87,57,82051
87,58,67535
87,59,318590
87,60,234417
87,61,342829
87,62,223273
87,63,129450
87,64,144634
87,65,513498
87,66,225306
87,67,165880
87,68,148859
87,69,64815
87,70,88611
87,71,178700
87,72,90739
87,73,102311
87,74,68618
87,75,143923
87,76,116050
87,77,83888
87,78,473866
87,79,435711
87,80,68867
87,81,105877
87,82,531284
87,83,272721
87,84,106479
87,85,69670
87,86,98776
87,88,104095
87,89,531049
87,90,1407897
87,91,80604
87,92,98786
87,93,119452
87,94,2023986
87,95,391116
87,96,229425
87,97,257349
87,98,273554
87,99,63858
87,100,90253
87,101,88391
87,102,190046
87,103,94755
87,104,440335
87,105,96202
87,106,68795
87,107,126712
87,108,88788
87,109,66672
87,110,419138
87,111,238524
87,112,87007
87,113,345269
87,114,816646
87,115,94023
87,116,66390
87,117,388582
87,118,139137
87,119,644850
87,120,111801
87,121,72616390
87,122,102495
87,123,479848
87,124,252633
87,125,81913
87,126,108964
87,127,3263777
88,0,232852
88,1,92435
88,2,64904
88,3,360716
88,4,92027
88,5,67359
88,6,245821
88,7,155266
88,8,513056
88,9,71543
88,10,193460
88,11,753667
88,12,66069
88,13,95844
88,14,227175
88,15,123899
88,16,91847
88,17,65941
88,18,154456
88,19,103319
88,20,98862
88,21,74666
88,22,111357
88,23,241096
88,24,70787
88,25,131331
88,26,90914
88,27,69174
88,28,90362
88,29,108375
88,30,77958
88,31,392192
88,32,80946
88,33,96738
88,34,94805
88,35,247551
88,36,638531
88,37,250186
88,38,146541
88,39,137877
88,40,1070108
88,41,278368
88,42,288015
88,43,83809
88,44,126238
88,45,1092615
88,46,70375
88,47,119132
88,48,341464
88,49,76155
88,50,78392
88,51,93582
88,52,14134305
88,53,68973
88,54,1629559
88,55,200085
88,56,125333
88,57,196455
88,58,170360
88,59,3816736
88,60,98819
88,61,151953
88,62,107262
88,63,140768
88,64,147568
88,65,24312412
88,66,115575
88,67,82917
88,68,184247
88,69,99753
88,70,206845
88,71,601407
88,72,784239
88,73,108056
88,74,184585
88,75,128992
88,76,122097
88,77,63154
88,78,1103298
88,79,103225
88,80,151151
88,81,325927
88,82,77383
88,83,67777
88,84,87850
88,85,86279
88,86,136696
88,87,72753
88,89,354007
88,90,62632
88,91,575321
88,92,113847
88,93,195473
88,94,266547
88,95,136015
88,96,133448
88,97,292599
88,98,142224
88,99,883375
88,100,72301
88,101,2151105
88,102,112045
88,103,72600
88,104,71848
88,105,100404
88,106,91791
88,107,117780
88,108,72784
88,109,129947
88,110,3218439
88,111,528941
88,112,70846
88,113,151906
88,114,254390
88,115,148745
88,116,113750
88,117,405542
88,118,225648
88,119,424065
88,120,99371
88,121,417469
88,122,80686
88,123,769602
88,124,217828
88,125,6720976
88,126,396002
88,127,69258
89,0,65599
89,1,369950
89,2,21517096
89,3,62297
89,4,540121
89,5,530344
89,6,65777
89,7,214392
89,8,305130
89,9,70904
89,10,356482
89,11,125969
89,12,98379
89,13,123169
89,14,74595
89,15,197332
89,16,294741
89,17,421588
89,18,211010
89,19,63607
89,20,131222
89,21,65946
89,22,102105
89,23,359103
89,24,116094
89,25,63848
89,26,717382
89,27,74090
89,28,517729
89,29,127739
89,30,76525
89,31,183407
89,32,104500
89,33,96120
89,34,83984
89,35,62819
89,36,97562
89,37,70741
89,38,242820
89,39,147770
89,40,315576
89,41,80790
89,42,167623
89,43,73086
89,44,368501
89,45,89546
89,46,1189944
89,47,164856
89,48,83848
89,49,224770
89,50,62651
89,51,119330
89,52,302764
89,53,74014
89,54,192945
89,55,827645
89,56,416413
89,57,3999199
89,58,111505
89,59,68502
89,60,462121
89,61,278009
89,62,79354
89,63,1110526
89,64,62464
89,65,4865832
89,66,595554
89,67,66364
89,68,169748
89,69,737039
89,70,292362
89,71,765446
89,72,425783
89,73,65675
89,74,77293
89,75,65009
89,76,104131
89,77,64296
89,78,77818
89,79,127173
89,80,102841
89,81,122033
89,82,106888
89,83,82490
89,84,67093
89,85,81692
89,86,65351
89,87,119665
89,88,536985
89,90,148973
89,91,76788
89,92,146986
89,93,48493219
89,94,80279
89,95,412089
89,96,65838
89,97,265951
89,98,88470
89,99,1831965
89,100,84913
89,101,724796
89,102,2141976
89,103,104178
89,104,4250960
89,105,64155
89,106,63526
89,107,261328
89,108,259041
89,109,131149
89,110,161083
89,111,109322536
89,112,225452
89,113,181123
89,114,61920
89,115,100204
89,116,158791
89,117,81746
89,118,347416
89,119,77020
89,120,162869
89,121,139117
89,122,226680
89,123,204777
89,124,96904
89,125,1236984
89,126,81579
89,127,85479
90,0,252092
90,1,4416397
90,2,75816
90,3,99611
90,4,1475332
90,5,77026
90,6,79752
90,7,386340
90,8,196798
90,9,112864
90,10,203555
90,11,10042241
90,12,219771
90,13,82335
90,14,1016626
90,15,1211978
90,16,76029
90,17,7827421
90,18,72630
90,19,65619
90,20,349479
90,21,162546
90,22,77583
90,23,537466
90,24,1576133
90,25,30001036
90,26,97699
90,27,76256
90,28,682683
90,29,501388
90,30,108234
90,31,133131
90,32,63680
90,33,1708165
90,34,80103
90,35,1061676
90,36,3199361
90,37,71051
90,38,70179
90,39,137698
90,40,87504
90,41,79325
90,42,63994
90,43,220379
90,44,1178693
90,45,103753
90,46,226729
90,47,136852
90,48,234470
90,49,67056
90,50,866353
90,51,339591
90,52,542556
90,53,150613
90,54,82691
90,55,103424
90,56,66416
90,57,122879
90,58,196836
90,59,92017
90,60,209291
90,61,3019412
90,62,162573
90,63,585840
90,64,549982
90,65,144310
90,66,187750
90,67,1205606
90,68,8768557
90,69,126339
90,70,248657
90,71,869825
90,72,103120
90,73,76370
90,74,74033
90,75,11839503
90,76,82800
90,77,72765
90,78,71264
90,79,288476
90,80,138414
90,81,73416
90,82,270930
90,83,113319
90,84,159514
90,85,323921
90,86,344098
90,87,81465
90,88,161374
90,89,2243166
90,91,108694
90,92,90896
90,93,89880
90,94,82328
90,95,208315
90,96,102449
90,97,244228
90,98,130411
90,99,695955
90,100,62017
90,101,225257
90,102,101276
90,103,607066
90,104,73572
90,105,414017
90,106,262939
90,107,85694
90,108,94437
90,109,665932
90,110,1184805
90,111,68945
90,112,78569
90,113,75539
90,114,69841
90,115,207472
90,116,84555
90,117,62012
90,118,147031
90,119,431336
90,120,468953
90,121,96862
90,122,87340
90,123,107275
90,124,109782
90,125,473485
90,126,72441
90,127,360369
91,0,472534
91,1,126661
91,2,162145
91,3,397794
91,4,196076
91,5,876258
91,6,156259
91,7,146696
91,8,184992
91,9,211922
91,10,325447
91,11,925144
91,12,81261
91,13,167312
91,14,181681
91,15,125266
91,16,3392941
91,17,123525
91,18,804399
91,19,255615
91,20,404683
91,21,171685
91,22,1014204813
91,23,802390
91,24,74275
91,25,952532
91,26,80000
91,27,66619
91,28,70543
91,29,192541
91,30,1257222
91,31,96222
91,32,92645
91,33,356935
91,34,87530
91,35,152524
91,36,520660
91,37,481414
91,38,81198694
91,39,77993
91,40,225354
91,41,161958
91,42,371531
91,43,97996
91,44,245879
91,45,141784
91,46,92578
91,47,297724
91,48,149754
91,49,1065034
91,50,159074
91,51,80611
91,52,612212
91,53,63259
91,54,1122460
91,55,588099
91,56,194350
91,57,604075
91,58,147703
91,59,174088
91,60,200715
91,61,90886
91,62,82723
91,63,118829
91,64,73503
91,65,466903
91,66,65431
91,67,79297
91,68,360254
91,69,147388
91,70,93640
91,71,81982
91,72,300101
91,73,81397
91,74,519304
91,75,41313375
91,76,2518302
91,77,74827
91,78,108464
91,79,76303
91,80,113444
91,81,91239
91,82,105281
91,83,80924
91,84,97008
91,85,546246
91,86,306927
91,87,125200
91,88,78910
91,89,95096
91,90,140933
91,92,1440891
91,93,112658
91,94,1219489
91,95,1180724
91,96,162065
91,97,70380
91,98,136501
91,99,132428
91,100,81715
91,101,4116533
91,102,88094
91,103,1360269
91,104,134370
91,105,155736
91,106,95418
91,107,217553
91,108,70531
91,109,1481476
91,110,323826
91,111,178127
91,112,81883
91,113,1265257
91,114,67627
91,115,902884
91,116,268554
91,117,284383
91,118,410764
91,119,274182
91,120,1164653
91,121,124013
91,122,246338
91,123,142730
91,124,86203
91,125,645858
91,126,71442
91,127,63550
92,0,96976
92,1,68861
92,2,80879
92,3,159307
92,4,241650
92,5,96232
92,6,84750
92,7,565144
92,8,220613
92,9,62200
92,10,77652
92,11,122383
92,12,355016
92,13,86438
92,14,76491
92,15,67263
92,16,2382625
92,17,97290
92,18,177274
92,19,264633
92,20,507593
92,21,78048
92,22,80441
92,23,637873
92,24,230897
92,25,111828
92,26,67648
92,27,144353
92,28,127705
92,29,75935
92,30,79167
92,31,192615
92,32,242206
92,33,100526
92,34,166104
92,35,83880
92,36,237391
92,37,153171
92,38,262874
92,39,132280
92,40,87937
92,41,96935
92,42,198062
92,43,332980
92,44,74345
92,45,191994
92,46,457966
92,47,80545
92,48,220754
92,49,83960
92,50,69096
92,51,72331
92,52,170682
92,53,117899
92,54,207893
92,55,8131387
92,56,100704
92,57,192213
92,58,136891
92,59,673122
92,60,294422
92,61,134863
92,62,273415
92,63,63512
92,64,101683
92,65,131385
92,66,82205
92,67,183507
92,68,74332
92,69,249185
92,70,103612
92,71,1597113
92,72,77500
92,73,160112
92,74,103989
92,75,120995
92,76,115805
92,77,145702
92,78,136989
92,79,125050
92,80,62730
92,81,88400
92,82,163030
92,83,86667
92,84,136813
92,85,191486
92,86,82824
92,87,571264
92,88,369708
92,89,113778
92,90,69955
92,91,69292
92,93,98927
92,94,124818
92,95,153485
92,96,88050
92,97,178413
92,98,191594
92,99,309005
92,100,199889
92,101,78767
92,102,3970819
92,103,71140
92,104,78350
92,105,99425
92,106,3562362
92,107,86464
92,108,6552302
92,109,199967
92,110,90573
92,111,810990
92,112,296993
92,113,147097
92,114,80508
92,115,310317
92,116,80753
92,117,106528
92,118,95246
92,119,69090
92,120,117795
92,121,246280
92,122,124423
92,123,78027
92,124,159462
92,125,124209
92,126,98144
92,127,70583
93,0,1022846
93,1,88726
93,2,2021258
93,3,89242
93,4,106838
93,5,3516691
93,6,672034
93,7,197524
93,8,127121
93,9,1144159
93,10,93184
93,11,133673
93,12,219027
93,13,83388
93,14,67794
93,15,64390
93,16,484177
93,17,931032
93,18,142098
93,19,97879
93,20,246051
93,21,83665
93,22,63168
93,23,313060
93,24,62796
93,25,66286
93,26,78259
93,27,63583
93,28,458863
93,29,69574
93,30,119757
93,31,68962
93,32,759515
93,33,441505
93,34,231255
93,35,604671
93,36,65982
93,37,77624
93,38,88041
93,39,145944
93,40,689071
93,41,439503
93,42,140501
93,43,198100
93,44,10582592
93,45,128642
93,46,150333
93,47,172280
93,48,248482
93,49,116807
93,50,258286
93,51,80008
93,52,688314
93,53,100548
93,54,179244
93,55,1843409
93,56,99175
93,57,71069
93,58,81412
93,59,1369557
93,60,809460
93,61,650601
93,62,81036
93,63,131349
93,64,87143
93,65,1818403
93,66,73641
93,67,486169
93,68,6820978
93,69,169923
93,70,84774
93,71,83650
93,72,95367
93,73,82467
93,74,614048
93,75,478485
93,76,63254
93,77,442512
93,78,136793
93,79,122863
93,80,1486114
93,81,8571882
93,82,132097
93,83,138795
93,84,1006666
93,85,100838
93,86,185915
93,87,450031
93,88,114043
93,89,100337
93,90,161985
93,91,899166
93,92,887577
93,94,345376
93,95,264110
93,96,106442
93,97,2580868
93,98,100304
93,99,322880
93,100,101547
93,101,10360193
93,102,157313
93,103,211530
93,104,169952
93,105,85413
93,106,94686
93,107,74679
93,108,427830
93,109,203434
93,110,104799
93,111,73894
93,112,7056252
93,113,1550608
93,114,204355039
93,115,144764
93,116,82166
93,117,985811
93,118,300266
93,119,131167
93,120,1820651
93,121,66729
93,122,78280
93,123,899784
93,124,334082
93,125,133898
93,126,181418
93,127,364335
94,0,570996
94,1,127670
94,2,88198
94,3,239339
94,4,352560
94,5,95156
94,6,101762
94,7,91979
94,8,100028
94,9,71932
94,10,247145
94,11,367302
94,12,255492
94,13,97112
94,14,212754
94,15,66703
94,16,319606
94,17,79564
94,18,508026
94,19,630067
94,20,65406
94,21,72325
94,22,170302
94,23,82120
94,24,707314
94,25,7249760
94,26,2646343
94,27,111169
94,28,76182
94,29,485770
94,30,124802
94,31,189228
94,32,114833
94,33,3323815
94,34,1040314
94,35,94725
94,36,1274556
94,37,77714
94,38,527080
94,39,4167301
94,40,2364332
94,41,85844
94,42,115474
94,43,8931945
94,44,489387
94,45,77273
94,46,71400
94,47,142203
94,48,534358
94,49,155291
94,50,304451
94,51,65752
94,52,472155
94,53,133954
94,54,139076
94,55,419748
94,56,1403695
94,57,102610
94,58,2920116
94,59,63960
94,60,73204
94,61,94447
94,62,74905
94,63,88146
94,64,1653754
94,65,328832
94,66,206096
94,67,330993
94,68,138354
94,69,75929
94,70,70945
94,71,71234
94,72,1199296
94,73,187123
94,74,616820
94,75,144569
94,76,650942
94,77,43478121
94,78,99775
94,79,237821
94,80,133075
94,81,158458
94,82,77479
94,83,101979
94,84,2482082
94,85,77721
94,86,84547
94,87,160086
94,88,67707
94,89,1336910
94,90,173633
94,91,531519
94,92,1108711
94,93,179856
94,95,223129
94,96,123347
94,97,369345
94,98,204900
94,99,101853
94,100,79636
94,101,213636
94,102,101141
94,103,255431
94,104,64453
94,105,285962
94,106,469140
94,107,410618
94,108,110188
94,109,794447
94,110,525461
94,111,182341
94,112,119223
94,113,73142
94,114,263328
94,115,4643631
94,116,95813
94,117,297480
94,118,146408
94,119,190476
94,120,220473
94,121,300018
94,122,796914
94,123,111653
94,124,6258847
94,125,100149
94,126,209206
94,127,355578
95,0,962227
95,1,77979
95,2,207640
95,3,65447
95,4,63863
95,5,64257
95,6,225991
95,7,105124
95,8,2668849
95,9,323732
95,10,90034
95,11,84257
95,12,131640
95,13,133486
95,14,154334
95,15,82769
95,16,111250
95,17,80051
95,18,67327
95,19,238958
95,20,107300
95,21,67972
95,22,133280
95,23,70265
95,24,180536
95,25,262099
95,26,66882
95,27,80782
95,28,120219
95,29,5948937
95,30,494083
95,31,136579
95,32,229930
95,33,176897
95,34,93709
95,35,3250704
95,36,218242
95,37,71216
95,38,502661
95,39,73950
95,40,135054
95,41,137896
95,42,826586
95,43,64785
95,44,1854984
95,45,74173
95,46,214525
95,47,100860
95,48,63036
95,49,34336382
95,50,105975
95,51,203920
95,52,246856
95,53,120342
95,54,327180
95,55,1082988
95,56,151693
95,57,154873
95,58,242988
95,59,65517
95,60,164746
95,61,320628
95,62,66536
95,63,180960
95,64,62182
95,65,363982
95,66,90923
95,67,82036
95,68,293151
95,69,62150
95,70,7543657
95,71,149939
95,72,80678
95,73,83626
95,74,142329
95,75,69252
95,76,140706
95,77,78104
95,78,300183
95,79,63097
95,80,468206
95,81,66714
95,82,166131
95,83,257224
95,84,429577
95,85,4272358
95,86,65594
95,87,75585
95,88,105718
95,89,1651869
95,90,86590
95,91,5357635
95,92,3421333
95,93,94151
95,94,367063
95,96,210147
95,97,112289
95,98,405112
95,99,77541
95,100,242652
95,101,68673
95,102,247783
95,103,90153
95,104,192761
95,105,293310
95,106,300680
95,107,122351
95,108,350135
95,109,166917
95,110,220192
95,111,84281
95,112,134332
95,113,295944
95,114,62450
95,115,122623
95,116,176710
95,117,1145120
95,118,311462
95,119,63574
95,120,107778
95,121,468392
95,122,155045
95,123,244908
95,124,90555
95,125,104250
95,126,86077
95,127,677504
96,0,68152
96,1,6173353
96,2,2172685
96,3,65215
96,4,162486120
96,5,45040158
96,6,77923
96,7,151316
96,8,79760
96,9,700614
96,10,423133
96,11,1283981
96,12,113070
96,13,120203
96,14,63069
96,15,521114
96,16,142772
96,17,68195
96,18,619304
96,19,62838
96,20,214169
96,21,205724
96,22,226138
96,23,233319
96,24,64008
96,25,115949
96,26,97584
96,27,192578
96,28,158509
96,29,601112
96,30,271067
96,31,92559
96,32,69241
96,33,106863
96,34,532935
96,35,112112
96,36,109068
96,37,133542
96,38,213725
96,39,358301
96,40,75217
96,41,78491
96,42,110983
96,43,116413
96,44,95357
96,45,146674
96,46,360023
96,47,61962
96,48,68124
96,49,145177
96,50,234996
96,51,916760
96,52,75407
96,53,583876
96,54,537947
96,55,122399
96,56,38718040
96,57,281713
96,58,67215
96,59,73976
96,60,112357
96,61,215646
96,62,103506
96,63,301427
96,64,914845
96,65,603778
96,66,102299
96,67,179888
96,68,242039
96,69,66803
96,70,141805
96,71,66756
96,72,64671
96,73,76062
96,74,96376
96,75,87426
96,76,182573
96,77,321002
96,78,277793
96,79,127224
96,80,77328
96,81,92952
96,82,64690
96,83,254451
96,84,656100
96,85,72624
96,86,87703
96,87,602590
96,88,401845
96,89,1968068
96,90,110823
96,91,185333
96,92,191558
96,93,128520
96,94,84386
96,95,117159
96,97,176804
96,98,235048
96,99,171863
96,100,108720
96,101,212359
96,102,83066
96,103,335090
96,104,95752
96,105,61984
96,106,217279
96,107,179533
96,108,710107
96,109,64111
96,110,65174
96,111,139785
96,112,92722
96,113,146121
96,114,227274
96,115,72258
96,116,70893
96,117,135035
96,118,338044
96,119,84717
96,120,67348
96,121,110810
96,122,2154164
96,123,180439
96,124,108336
96,125,148245
96,126,2991215
96,127,101287
97,0,101649
97,1,772863
97,2,69562
97,3,206887
97,4,340629
97,5,376851
97,6,100715
97,7,607968
97,8,2393725
97,9,400860
97,10,115074
97,11,1540610
97,12,84402
97,13,659581
97,14,62076
97,15,93767
97,16,73667
97,17,270793
97,18,813039
97,19,144960
97,20,632002
97,21,3989698
97,22,1668972
97,23,95257
97,24,143965
97,25,82606
97,26,677285885
97,27,111049
97,28,72845
97,29,567525
97,30,120901
97,31,136540
97,32,134464
97,33,115174
97,34,69846
97,35,433270
97,36,277293
97,37,1869052
97,38,91351
97,39,521796
97,40,727298
97,41,101377
97,42,170653
97,43,1970666
97,44,206428
97,45,63216
97,46,81829
97,47,117573
97,48,119299
97,49,220332
97,50,810480
97,51,560438
97,52,66892
97,53,62067
97,54,152262
97,55,338147
97,56,90527
97,57,166048
97,58,94328
97,59,80567
97,60,451248
97,61,218150
97,62,258223
97,63,94378
97,64,69163
97,65,198332
97,66,117558
97,67,195774
97,68,5063948
97,69,503725
97,70,2220291
97,71,363864
97,72,64365
97,73,694414
97,74,270862
97,75,117351
97,76,64909
97,77,165658
97,78,296508
97,79,296912
97,80,102093
97,81,91360
97,82,289091
97,83,139805
97,84,101073
97,85,90776
97,86,349043
97,87,315757
97,88,114409
97,89,78209
97,90,68778
97,91,6505528
97,92,108247
97,93,100039
97,94,78689
97,95,65568
97,96,118228
97,98,87152
97,99,178796
97,100,66338
97,101,75119
97,102,87694
97,103,73516
97,104,104919
97,105,107614
97,106,202466
97,107,116851
97,108,176055
97,109,94091
97,110,134559
97,111,800890
97,112,114649
97,113,64252
97,114,1433599
97,115,195097
97,116,390982
97,117,550735
97,118,74634
97,119,1023628
97,120,384642
97,121,67300
97,122,76202
97,123,305386
97,124,218796
97,125,80715
97,126,3025110
97,127,143048
98,0,193239
98,1,333080
98,2,119926
98,3,412385
98,4,4229759
98,5,67557
98,6,510858
98,7,126458
98,8,111909
98,9,146897
98,10,68546
98,11,232386
98,12,667359
98,13,105076
98,14,93010
98,15,354567
98,16,512615
98,17,202346
98,18,184483
98,19,2559699
98,20,78413
98,21,1099716
98,22,674577
98,23,139989
98,24,66400
98,25,150310
98,26,166439
98,27,117855
98,28,143644
98,29,1365562
98,30,2781944
98,31,76945
98,32,109365
98,33,73447
98,34,1680555
98,35,266747
98,36,63868
98,37,98948
98,38,66008
98,39,153051
98,40,180147
98,41,119865
98,42,93145
98,43,73856
98,44,80656
98,45,66808
98,46,172131
98,47,111599
98,48,2138949
98,49,80582
98,50,64458
98,51,112385
98,52,269703
98,53,78945
98,54,171774
98,55,1253807
98,56,106429
98,57,90235
98,58,453526
98,59,86354
98,60,174058
98,61,97552
98,62,609780
98,63,89215
98,64,114819
98,65,287099
98,66,64336
98,67,120637
98,68,79658
98,69,84072
98,70,65818
98,71,196493
98,72,78385
98,73,91866
98,74,5309211
98,75,98027
98,76,94606
98,77,167255
98,78,135687
98,79,95661
98,80,95196
98,81,486970
98,82,212579
98,83,10093983
98,84,852714
98,85,306326
98,86,184687
98,87,2074282
98,88,84168
98,89,67067
98,90,74046
98,91,129010
98,92,79210
98,93,107212
98,94,73585
98,95,116166
98,96,159540
98,97,159488
98,99,95997
98,100,362692
98,101,257848
98,102,85463
98,103,101152
98,104,127774
98,105,127722
98,106,87582
98,107,66682
98,108,68228
98,109,5794922
98,110,63135
98,111,219120
98,112,374607
98,113,237767
98,114,217966
98,115,793465
98,116,145308
98,117,96531
98,118,98443
98,119,166607
98,120,1562425
98,121,129805
98,122,181484
98,123,919325
98,124,71513
98,125,75882
98,126,778513
98,127,222459
99,0,134445
99,1,154971
99,2,101321
99,3,875082
99,4,218935
99,5,285735
99,6,69568
99,7,78895
99,8,67082
99,9,872154
99,10,139582
99,11,693263
99,12,1019727
99,13,187053
99,14,100515
99,15,152191
99,16,70340
99,17,509983
99,18,176553
99,19,156885
99,20,204491
99,21,179598
99,22,364099
99,23,102460
99,24,2585140
99,25,131258
99,26,67562
99,27,116195
99,28,115131
99,29,121986
99,30,136228
99,31,747902
99,32,160951
99,33,643176
99,34,123282
99,35,1060005
99,36,85380
99,37,249361
99,38,79665
99,39,70723
99,40,107000
99,41,89376
99,42,122002
99,43,70677
99,44,98497
99,45,1757477
99,46,2888337
99,47,154018
99,48,87186
99,49,65706
99,50,86220
99,51,87015
99,52,184958
99,53,2526483
99,54,75394
99,55,210750
99,56,95946
99,57,162278
99,58,83793
99,59,159773
99,60,86819
99,61,807936
99,62,213283
99,63,102070
99,64,101490
99,65,324206
99,66,85487
99,67,8346310
99,68,118333
99,69,71974
99,70,103706
99,71,440836
99,72,220567
99,73,295381
99,74,75126
99,75,486569
99,76,90244
99,77,252332
99,78,300514
99,79,418074
99,80,82910
99,81,115203
99,82,987274
99,83,94052
99,84,672396
99,85,62937
99,86,93807
99,87,208061
99,88,81571
99,89,836751
99,90,107601
99,91,80723
99,92,737898
99,93,73491
99,94,5720629
99,95,106454
99,96,110057
99,97,134218
99,98,1198250
99,100,72913
99,101,144851
99,102,102196
99,103,131476
99,104,66240
99,105,912303
99,106,64750
99,107,246453
99,108,106183
99,109,121104
99,110,718608
99,111,83673
99,112,231614
99,113,474630
99,114,380518
99,115,287252
99,116,79767
99,117,169371
99,118,331785
99,119,113861
99,120,98208
99,121,80228
99,122,219492
99,123,62131
99,124,180731
99,125,930374
99,126,74640
99,127,98006
100,0,98937
100,1,79854
100,2,65859
100,3,98905
100,4,128607
100,5,76904
100,6,808952
100,7,65004
100,8,371287
100,9,156234
100,10,164417
100,11,184416
100,12,145966
100,13,184517
100,14,74422
100,15,74776
100,16,746144
100,17,131585
100,18,87824
100,19,1796205
100,20,173240
100,21,72771
100,22,145549
100,23,2811601
100,24,62904
100,25,128729
100,26,84693
100,27,120003
100,28,146364
100,29,87547
100,30,454408
100,31,82988
100,32,858349
100,33,268352
100,34,127378
100,35,554783
100,36,17543202
100,37,177369
100,38,84249
100,39,74370
100,40,156409
100,41,1372232
100,42,66080
100,43,105232
100,44,133579
100,45,473294
100,46,75949
100,47,131113
100,48,83074
100,49,649920
100,50,344204
100,51,93426
100,52,1728399
100,53,2233310
100,54,69151
100,55,109834
100,56,68475
100,57,75159
100,58,138474
100,59,165964
100,60,171656
100,61,88418
100,62,114394
100,63,82746
100,64,85603
100,65,205848
100,66,68403
100,67,125717
100,68,75756
100,69,66977
100,70,282081
100,71,230235
100,72,1217335
100,73,102391
100,74,133560
100,75,78555
100,76,507809
100,77,167936
100,78,132575
100,79,1600659
100,80,184045
100,81,80235
100,82,500543
100,83,85545
100,84,267882
100,85,142688
100,86,81322
100,87,213415
100,88,65639
100,89,429895
100,90,224673
100,91,263784
100,92,88921
100,93,220051
100,94,652310
100,95,16087967
100,96,62923
100,97,125117
100,98,65992
100,99,106516
100,101,355353
100,102,104547
100,103,288092
100,104,84848
100,105,404540
100,106,78315
100,107,68070
100,108,77204
100,109,75664
100,110,129503
100,111,84905
100,112,64468
100,113,642509
100,114,320442
100,115,121370
100,116,74589
100,117,63728
100,118,143090
100,119,76999
100,120,453174
100,121,70346
100,122,63026
100,123,179052
100,124,84978
100,125,243888
100,126,180797
100,127,141659
101,0,177400
101,1,91547
101,2,72545
101,3,525231
101,4,1132743
101,5,777566
101,6,100072
101,7,3008075
101,8,68563
101,9,73900
101,10,181025
101,11,87195
101,12,118213
101,13,62810
101,14,83856
101,15,73018
101,16,91267
101,17,389779
101,18,92188
101,19,119987
101,20,143388
101,21,90730
101,22,630388
101,23,216687
101,24,86287
101,25,186500
101,26,67804
101,27,185367
101,28,110903
101,29,3244204
101,30,708110
101,31,131950
101,32,104595
101,33,69129
101,34,128433
101,35,157061
101,36,447785
101,37,475013
101,38,163355
101,39,3290213
101,40,68541
101,41,96789
101,42,1648112
101,43,129150
101,44,122751
101,45,227870
101,46,141119
101,47,109795
101,48,276865
101,49,71081
101,50,121057
101,51,242485
101,52,127002
101,53,81051
101,54,66473
101,55,496981
101,56,2360704
101,57,108260
101,58,68939
101,59,67109
101,60,877437
101,61,94457
101,62,93300
101,63,164609
101,64,1128048
101,65,1188913
101,66,241983
101,67,91248
101,68,323542
101,69,202547
101,70,127292
101,71,93077
101,72,191703
101,73,118363
101,74,97489
101,75,76815
101,76,896703
101,77,78576
101,78,80250
101,79,62085
101,80,82297
101,81,167114
101,82,81216
101,83,1286358
101,84,95307
101,85,64854
101,86,108082
101,87,254879
101,88,77965
101,89,72119
101,90,63211
101,91,138574
101,92,72198
101,93,101945
101,94,317122
101,95,419443
101,96,1892937
101,97,67434
101,98,1665143
101,99,1143200
101,100,402268
101,102,69534
101,103,102992
101,104,149432
101,105,1975882
101,106,171448
101,107,63559
101,108,491419
101,109,3174243
101,110,668074
101,111,3450165
101,112,144245
101,113,141722
101,114,63984
101,115,75315
101,116,848810
101,117,190548
101,118,17833972
101,119,16987025
101,120,118920
101,121,198487
101,122,77047
101,123,233267
101,124,111009
101,125,120543
101,126,98754
101,127,87815
102,0,545998
102,1,576686
102,2,76518
102,3,353338
102,4,188839
102,5,307876
102,6,467833
102,7,125801
102,8,3042322
102,9,133617
102,10,94905
102,11,138334
102,12,72642
102,13,258098
102,14,99534
102,15,66121
102,16,82420
102,17,182872
102,18,338249
102,19,135016
102,20,81677
102,21,103647
102,22,79397
102,23,1239203
102,24,295863
102,25,149685
102,26,79160
102,27,274884
102,28,86845
102,29,385163
102,30,81156
102,31,150241
102,32,257100
102,33,159747
102,34,176960
102,35,217096
102,36,497815
102,37,66510
102,38,542067
102,39,189086
102,40,66002
102,41,63632
102,42,266083
102,43,231922
102,44,225013
102,45,84539
102,46,62721
102,47,1413535
102,48,150426
102,49,163789
102,50,127653
102,51,117513
102,52,318866
102,53,960831
102,54,100171
102,55,272167
102,56,143987
102,57,105051
102,58,64198
102,59,7029380
102,60,79419
102,61,368983
102,62,62003
102,63,103354
102,64,1002883
102,65,93174
102,66,89313
102,67,142878
102,68,2542991
102,69,84152
102,70,164034
102,71,65255
102,72,100593
102,73,83365
102,74,4187932
102,75,125083
102,76,95925
102,77,113278
102,78,516162
102,79,743958
102,80,154164
102,81,454055
102,82,194090
102,83,357845
102,84,100504
102,85,173361
102,86,506945
102,87,62141
102,88,102575
102,89,102185
102,90,125566
102,91,64765
102,92,163219
102,93,111196
102,94,120358
102,95,101558
102,96,217051
102,97,878619
102,98,338764
102,99,293072
102,100,79347
102,101,66950
102,103,130806
102,104,173572
102,105,183809
102,106,101797
102,107,96572
102,108,214125
102,109,75328
102,110,336510
102,111,1787464
102,112,194462
102,113,79506
102,114,5832736
102,115,80073
102,116,1151888
102,117,122479
102,118,131694
102,119,88717
102,120,73297
102,121,270520
102,122,112795
102,123,127688
102,124,86422
102,125,228720
102,126,1861994
102,127,91970
103,0,76809
103,1,272029
103,2,291577
103,3,143260
103,4,68206
103,5,68370
103,6,243325
103,7,922549
103,8,85686
103,9,282376
103,10,93378
103,11,117885
103,12,864626
103,13,203474
103,14,209505
103,15,512395
103,16,137837
103,17,68223
103,18,110307
103,19,707712
103,20,108541
103,21,162225
103,22,118754
103,23,236587
103,24,161268
103,25,100293
103,26,75604
103,27,3834291
103,28,202868
103,29,135341
103,30,12732926
103,31,217370
103,32,140295
103,33,97269
103,34,241761
103,35,80191
103,36,99841
103,37,537706
103,38,569389
103,39,114535
103,40,109287
103,41,386734
103,42,334787
103,43,1206664
103,44,1955169
103,45,73522
103,46,1005907
103,47,113833
103,48,435548
103,49,2486059
103,50,100570
103,51,86972
103,52,123687
103,53,296750
103,54,79781
103,55,61911
103,56,2378945
103,57,522252
103,58,65275
103,59,64790
103,60,63121
103,61,3524228
103,62,96007
103,63,105901
103,64,188275
103,65,111626
103,66,347524
103,67,79832
103,68,80272
103,69,298539
103,70,309703
103,71,94696
103,72,489995
103,73,375104
103,74,147658
103,75,128155
103,76,339384
103,77,216732
103,78,128887
103,79,70092
103,80,423754
103,81,130932
103,82,219958
103,83,237875
103,84,133392
103,85,240765
103,86,64444
103,87,6237271
103,88,807429
103,89,85471
103,90,85744
103,91,69523
103,92,191232
103,93,86119
103,94,99940
103,95,962927
103,96,1472277
103,97,64345
103,98,165908
103,99,81299
103,100,99067
103,101,63747
103,102,249302
103,104,67691
103,105,115877
103,106,239831
103,107,180634
103,108,133992
103,109,63636
103,110,117130
103,111,87685
103,112,211487
103,113,78853
103,114,99251
103,115,152955
103,116,120917
103,117,74730
103,118,493260
103,119,382441
103,120,390848
103,121,721072
103,122,328442
103,123,79390
103,124,159670
103,125,80426
103,126,151977
103,127,521341
104,0,426411
104,1,123541
104,2,76376
104,3,237337
104,4,252573
104,5,67375
104,6,94985
104,7,148358
104,8,218012
104,9,336714
104,10,3168020
104,11,802891
104,12,263914
104,13,76748
104,14,68601
104,15,6795723
104,16,88550
104,17,362575
104,18,92502
104,19,4681478
104,20,206761
104,21,107425
104,22,627184
104,23,1356324
104,24,254696
104,25,1089096
104,26,81662
104,27,83483
104,28,131567
104,29,127757
104,30,86295
104,31,64755
104,32,77369
104,33,263069
104,34,94596
104,35,142836
104,36,148041
104,37,121575
104,38,69926
104,39,190908
104,40,190980
104,41,68574
104,42,83357
104,43,481021
104,44,1463183
104,45,252393
104,46,258035
104,47,85636
104,48,360831
104,49,342935
104,50,215781
104,51,19781886
104,52,72587
104,53,98604
104,54,172669
104,55,85076
104,56,179662
104,57,97964
104,58,65134
104,59,96676
104,60,82925
104,61,115446
104,62,95146
104,63,134237
104,64,148495
104,65,212097
104,66,198719
104,67,82972
104,68,132189
104,69,115675
104,70,292205
104,71,124670
104,72,5199285
104,73,3296884
104,74,61925
104,75,93407
104,76,67869
104,77,147861
104,78,181582
104,79,71555
104,80,76883
104,81,122224
104,82,164007
104,83,129168
104,84,756806
104,85,424532
104,86,72016
104,87,174301
104,88,847147
104,89,152620
104,90,135668
104,91,139218
104,92,119482
104,93,87229
104,94,4177593
104,95,74873
104,96,62567
104,97,227820
104,98,97300
104,99,1025982
104,100,104084
104,101,806922
104,102,92779
104,103,63694
104,105,597007
104,106,173845
104,107,79067
104,108,439005
104,109,74801
104,110,69608
104,111,260116
104,112,949113
104,113,83270
104,114,348173
104,115,613129
104,116,161453
104,117,108630
104,118,65624
104,119,81594
104,120,231460
104,121,149271
104,122,84321
104,123,122160
104,124,77486
104,125,3531795
104,126,291108
104,127,71746
105,0,138835
105,1,101445
105,2,67503
105,3,400159
105,4,85372
105,5,66369
105,6,244681
105,7,666288
105,8,420360
105,9,67594
105,10,126356
105,11,77576
105,12,552499
105,13,83011
105,14,70462
105,15,109677
105,16,135899
105,17,78322
105,18,90794
105,19,157973
105,20,71370
105,21,460849
105,22,64984
105,23,528009
105,24,208399
105,25,302429
105,26,158126
105,27,139359
105,28,181352
105,29,83160
105,30,150660
105,31,160243
105,32,136131
105,33,144504
105,34,85811
105,35,67961
105,36,323069
105,37,117454
105,38,209933
105,39,861192
105,40,131186
105,41,96510
105,42,63102
105,43,72606
105,44,829771
105,45,131987
105,46,344949
105,47,85093
105,48,297561
105,49,67466
105,50,2188344
105,51,80523
105,52,293706
105,53,116340
105,54,63762
105,55,153316
105,56,79045
105,57,134030
105,58,210061
105,59,136112
105,60,4018326
105,61,1552286
105,62,154922
105,63,73792
105,64,73648
105,65,4521432
105,66,173815
105,67,238145
105,68,76222
105,69,65573
105,70,1880925
105,71,129716
105,72,483385
105,73,1268730
105,74,412237
105,75,71228
105,76,108515
105,77,433432
105,78,2633006
105,79,100805
105,80,3697864
105,81,352338
105,82,1640645
105,83,351674
105,84,155935
105,85,146919
105,86,154261
105,87,541579
105,88,172250
105,89,137009
105,90,66792
105,91,645521
105,92,128764
105,93,3414195
105,94,148905
105,95,92798
105,96,195548
105,97,5456952
105,98,958050
105,99,150101
105,100,164225
105,101,143132
105,102,208230
105,103,108120
105,104,1148012
105,106,118739
105,107,137166
105,108,76558
105,109,776621
105,110,67030
105,111,92674
105,112,269297
105,113,71151
105,114,107664
105,115,81382
105,116,167794
105,117,213902
105,118,862906
105,119,113057
105,120,1370893
105,121,219352
105,122,186672
105,123,78512
105,124,180894
105,125,3378906
105,126,2129914
105,127,297074
106,0,101096
106,1,98873
106,2,62422
106,3,84016
106,4,101456
106,5,76122
106,6,361876
106,7,178636
106,8,81089
106,9,81254
106,10,63593
106,11,227721
106,12,605268
106,13,80820
106,14,69208
106,15,63936
106,16,105535
106,17,67519
106,18,64681
106,19,2037731
106,20,130125
106,21,525001
106,22,162654
106,23,63892
106,24,1490780
106,25,294262
106,26,63507
106,27,167453
106,28,814066
106,29,78470
106,30,68162
106,31,94082
106,32,118123
106,33,605866
106,34,83729
106,35,63641
106,36,68557
106,37,91081
106,38,84588
106,39,191449
106,40,239012
106,41,95509
106,42,132465
106,43,63435
106,44,82629
106,45,86405
106,46,93816
106,47,76605
106,48,77562
106,49,247377
106,50,101355
106,51,68086
106,52,988007
106,53,70184
106,54,81480
106,55,85761
106,56,125000
106,57,1939895
106,58,341883
106,59,566465
106,60,136054
106,61,165992
106,62,78484
106,63,67386
106,64,224140
106,65,134920
106,66,356708
106,67,1146082
106,68,2273220
106,69,119589
106,70,868086
106,71,95086
106,72,95337
106,73,403401
106,74,2091560
106,75,70024
106,76,436859
106,77,63521
106,78,545504
106,79,63795
106,80,223995
106,81,74198
106,82,5929277
106,83,109029
106,84,641178
106,85,260307
106,86,137303
106,87,81367
106,88,80331
106,89,1547262
106,90,148290
106,91,86836
106,92,798897
106,93,351013
106,94,661334
106,95,394089
106,96,20520220
106,97,95712
106,98,292756
106,99,155365
106,100,121638
106,101,12812965
106,102,1157747
106,103,92321
106,104,71305
106,105,67476
106,107,154530
106,108,80286
106,109,104001
106,110,126610
106,111,125901
106,112,96841
106,113,1285168
106,114,78188
106,115,161347
106,116,69079
106,117,277579
106,118,598760
106,119,366824
106,120,74717
106,121,187925
106,122,62805
106,123,239721
106,124,71740
106,125,118935
106,126,478291
106,127,202266
107,0,519529
107,1,63273
107,2,216596
107,3,64311
107,4,2246470
107,5,633623
107,6,434244
107,7,72808
107,8,105475
107,9,98294
107,10,312882
107,11,81014
107,12,157541
107,13,100315
107,14,65487
107,15,161506
107,16,292835
107,17,217416
107,18,108171
107,19,1171634
107,20,197294
107,21,65782
107,22,352449
107,23,72882
107,24,67875
107,25,425001
107,26,65104
107,27,73604
107,28,85836
107,29,74556
107,30,73969
107,31,88523
107,32,74007
107,33,181254
107,34,96707
107,35,65767
107,36,1028345
107,37,124177
107,38,105450
107,39,95763
107,40,119284
107,41,221604
107,42,104559
107,43,76545
107,44,98464
107,45,260689
107,46,100094
107,47,431657
107,48,64889
107,49,16335790
107,50,339280
107,51,65426
107,52,90610
107,53,136832
107,54,71824
107,55,39338351
107,56,873323
107,57,103471
107,58,67745
107,59,95987
107,60,77825
107,61,89754
107,62,70963
107,63,152048
107,64,134939
107,65,136481
107,66,2401178
107,67,129610
107,68,63055
107,69,340006
107,70,68486
107,71,76633
107,72,98550
107,73,878027
107,74,111478
107,75,107727
107,76,128051
107,77,75776
107,78,204614
107,79,79074
107,80,189832
107,81,181813
107,82,63425
107,83,65421
107,84,73995
107,85,63445
107,86,143837
107,87,150706
107,88,20144854
107,89,897933
107,90,535788
107,91,128590
107,92,110359
107,93,65441
107,94,77108
107,95,357390
107,96,96727
107,97,851037
107,98,209976
107,99,87375
107,100,190764
107,101,245250
107,102,718199
107,103,83634
107,104,108285
107,105,115589
107,106,70190
107,108,204083
107,109,116646
107,110,120808
107,111,125550
107,112,149340
107,113,157668
107,114,99295
107,115,1005150
107,116,260180
107,117,204655
107,118,138895
107,119,573963
107,120,226976
107,121,113374
107,122,517953
107,123,148449
107,124,151222
107,125,581646
107,126,113736
107,127,128712
108,0,725628
108,1,90757
108,2,18924951
108,3,160662
108,4,162359
108,5,210664
108,6,117691
108,7,1289937
108,8,67632
108,9,778039
108,10,125133
108,11,411205
108,12,93097
108,13,75499
108,14,131840
108,15,80110
108,16,132078
108,17,2446806
108,18,221084
108,19,163517
108,20,125734
108,21,94546
108,22,547735
108,23,155637
108,24,205065
108,25,86061
108,26,1128984
108,27,168766
108,28,231511
108,29,82886
108,30,184788
108,31,237929
108,32,104631
108,33,123056
108,34,64596
108,35,721896
108,36,292914
108,37,819761
108,38,156334
108,39,94865
108,40,1254943
108,41,70473
108,42,35868040
108,43,294581
108,44,108797
108,45,76229
108,46,69852
108,47,198216
108,48,172969
108,49,291969
108,50,97029
108,51,91025
108,52,106764
108,53,431497
108,54,130000
108,55,155786
108,56,69591
108,57,95681
108,58,77438
108,59,88541
108,60,91537
108,61,723550
108,62,189583
108,63,97520
108,64,65701
108,65,100637
108,66,264699
108,67,78938
108,68,112058
108,69,105950
108,70,2029464
108,71,129397
108,72,1613186
108,73,415362
108,74,126154
108,75,144894
108,76,180862
108,77,24054456
108,78,2259772
108,79,68168
108,80,381542
108,81,336816
108,82,63344
108,83,913572
108,84,90491
108,85,146763
108,86,70277
108,87,299031
108,88,68010
108,89,648221
108,90,62791
108,91,79600
108,92,118543
108,93,152835
108,94,165325
108,95,63757
108,96,104167
108,97,1202444
108,98,83176
108,99,86658
108,100,61975
108,101,326408
108,102,87711
108,103,192835
108,104,162896
108,105,763154
108,106,145637
108,107,94220
108,109,86684
108,110,271341
108,111,182209
108,112,900402
108,113,121654
108,114,196379
108,115,325639
108,116,451598
108,117,102668
108,118,187680
108,119,2914775
108,120,593241
108,121,71920
108,122,416112
108,123,403543
108,124,978553
108,125,368261
108,126,208019
108,127,248716
109,0,11701701
109,1,166832
109,2,134181
109,3,266614
109,4,258349
109,5,102552
109,6,184619
109,7,929062
109,8,257162
109,9,96593
109,10,92254
109,11,71382
109,12,131767
109,13,799892
109,14,1287549
109,15,1228179
109,16,1525832
109,17,81952
109,18,3180489
109,19,164554
109,20,1258364
109,21,85084
109,22,73919
109,23,2772186
109,24,80849
109,25,1261802
109,26,447270
109,27,160793
109,28,42012609
109,29,64473
109,30,89862
109,31,116866
109,32,108349
109,33,165686
109,34,362459
109,35,62489271
109,36,513277
109,37,67210
109,38,580814
109,39,125667
109,40,965030
109,41,2163388
109,42,227075
109,43,85117
109,44,3358052
109,45,66479
109,46,815612
109,47,70230
109,48,439835
109,49,77693
109,50,165215
109,51,373002
109,52,356143
109,53,234312
109,54,144008
109,55,190800
109,56,66359
109,57,127877
109,58,1117843
109,59,78753
109,60,224916
109,61,322408
109,62,156609
109,63,179180
109,64,94626
109,65,888784
109,66,664511
109,67,76075
109,68,252935
109,69,189690
109,70,258789
109,71,984351
109,72,166973
109,73,122144
109,74,141889
109,75,162091
109,76,380901
109,77,126644
109,78,164499
109,79,608269
109,80,287786
109,81,254025
109,82,106702
109,83,380009
109,84,72993
109,85,77238
109,86,80169
109,87,149616
109,88,104811
109,89,97974
109,90,68420
109,91,66993
109,92,1380314
109,93,105816
109,94,467274
109,95,147883
109,96,168193
109,97,2852055
109,98,97932
109,99,1866694
109,100,75309
109,101,251374
109,102,140009
109,103,141743
109,104,108044
109,105,1007426
109,106,113222
109,107,67643
109,108,88673
109,110,68524
109,111,124489
109,112,121245
109,113,529876
109,114,1273387
109,115,1483019
109,116,160295
109,117,70219
109,118,75335
109,119,68873
109,120,122543
109,121,140789
109,122,262809
109,123,99024
109,124,85290
109,125,237983
109,126,71181
109,127,120095
110,0,4668799
110,1,83816
110,2,222698
110,3,96634
110,4,249067
110,5,527312
110,6,121449
110,7,87737
110,8,96089
110,9,5214732
110,10,125283
110,11,96551
110,12,112439
110,13,508243
110,14,1163662
110,15,72143
110,16,4157056
110,17,85306
110,18,2801651
110,19,4606341
110,20,369587
110,21,143880
110,22,111963
110,23,143473
110,24,62989
110,25,61980
110,26,131458
110,27,178000
110,28,121922
110,29,80969
110,30,132631
110,31,83333
110,32,366110
110,33,128103
110,34,278944
110,35,267146
110,36,95499
110,37,176149
110,38,75809
110,39,102230
110,40,83713
110,41,76498
110,42,68934
110,43,175190
110,44,63406
110,45,79840
110,46,107237
110,47,196266
110,48,185469
110,49,227026
110,50,2930852
110,51,91407
110,52,87980
110,53,189619
110,54,107639
110,55,85175
110,56,103729
110,57,246166
110,58,69801
110,59,280541
110,60,78427
110,61,130196
110,62,65849
110,63,1776648
110,64,65523
110,65,84008
110,66,1742827
110,67,18600989
110,68,210967
110,69,63800
110,70,65401
110,71,1864341
110,72,67983
110,73,86904
110,74,161905
110,75,65235
110,76,76572
110,77,92283
110,78,252693
110,79,171537
110,80,86607
110,81,4027953
110,82,62894
110,83,96459
110,84,129592
110,85,155513
110,86,147232
110,87,382184
110,88,68989
110,89,201348
110,90,63742
110,91,223177
110,92,89197
110,93,112644
110,94,176585
110,95,115747
110,96,89998
110,97,665221
110,98,119360
110,99,98390
110,100,64621
110,101,957357
110,102,245993
110,103,313417
110,104,420513
110,105,1789642
110,106,78273
110,107,2576608
110,108,65920
110,109,74976
110,111,179694
110,112,156184
110,113,98657
110,114,126019
110,115,138155
110,116,213106
110,117,156835
110,118,130339
110,119,72814
110,120,247319
110,121,72508
110,122,2310968
110,123,80760
110,124,84620
110,125,714537
110,126,261008
110,127,70969
111,0,154396049
111,1,62090
111,2,191016
111,3,1409303
111,4,330598
111,5,89971
111,6,360138
111,7,73385
111,8,647545
111,9,2925475
111,10,11909525
111,11,399321
111,12,63999
111,13,107702
111,14,183742
111,15,118558
111,16,160008
111,17,88823
111,18,235683
111,19,64572
111,20,107930
111,21,78831
111,22,686804
111,23,126103
111,24,117870
111,25,250423
111,26,92789
111,27,65376
111,28,228320
111,29,213769
111,30,193904
111,31,1503354
111,32,244001
111,33,82598
111,34,362109
111,35,119269
111,36,360600
111,37,208442
111,38,95076
111,39,204042
111,40,282746
111,41,108031
111,42,95327
111,43,113792
111,44,77122
111,45,223802
111,46,100827
111,47,89268
111,48,140152
111,49,5648063
111,50,67610
111,51,73403
111,52,1269891
111,53,79622
111,54,2239872
111,55,69112
111,56,94269
111,57,87075
111,58,79110
111,59,134521
111,60,261970
111,61,70828
111,62,67045
111,63,121622
111,64,110943
111,65,89322
111,66,245535
111,67,145265
111,68,229728
111,69,538187
111,70,485570
111,71,93553
111,72,596716
111,73,97710
111,74,619927
111,75,10933064
111,76,88015
111,77,284982
111,78,320256
111,79,199732
111,80,204859
111,81,1506528
111,82,201866
111,83,72802
111,84,228120
111,85,375851
111,86,290718
111,87,906004
111,88,62960
111,89,2175801
111,90,259989
111,91,83586
111,92,149847
111,93,442344
111,94,204695
111,95,818720
111,96,174332
111,97,433594
111,98,66499
111,99,168680
111,100,117929
111,101,80198
111,102,162493
111,103,329223
111,104,2103226
111,105,232696
111,106,1328023
111,107,72107
111,108,139197
111,109,131969
111,110,63116
111,112,70288
111,113,1509714
111,114,291186
111,115,136364
111,116,626547
111,117,212535
111,118,210104
111,119,81420
111,120,122895
111,121,286264
111,122,139521
111,123,871571
111,124,2598035
111,125,353449
111,126,1306886
111,127,2166479
112,0,78846
112,1,127929
112,2,551994
112,3,284233
112,4,477322
112,5,123573
112,6,71854
112,7,181320
112,8,151410
112,9,81186
112,10,70799
112,11,205147
112,12,2357087
112,13,117528
112,14,131440
112,15,149639
112,16,266946
112,17,185675
112,18,73610
112,19,76551
112,20,70764
112,21,583596
112,22,183675
112,23,62316
112,24,75869
112,25,271204
112,26,236748
112,27,475204
112,28,128311
112,29,2223533
112,30,156860
112,31,679715
112,32,261200
112,33,99273
112,34,71944
112,35,9058191
112,36,62460
112,37,1049255
112,38,717791
112,39,107526
112,40,671673
112,41,886373
112,42,559920
112,43,62251
112,44,73154
112,45,1238092
112,46,1353706
112,47,64404
112,48,101062
112,49,106726
112,50,72416
112,51,92302
112,52,73092
112,53,1229274
112,54,255247
112,55,49433305
112,56,627823
112,57,129645
112,58,286037
112,59,181977
112,60,219864
112,61,108095
112,62,91753
112,63,68381
112,64,139238
112,65,1670892
112,66,113722
112,67,66214
112,68,70104
112,69,109612
112,70,95479
112,71,101298
112,72,64449
112,73,79146
112,74,104345
112,75,73881
112,76,64745
112,77,119650
112,78,97510
112,79,98059
112,80,377228
112,81,2606698
112,82,131403
112,83,158971
112,84,856087
112,85,87297
112,86,167993
112,87,128328
112,88,113402
112,89,76477
112,90,179565
112,91,183106
112,92,770066
112,93,812013
112,94,260434
112,95,68453
112,96,243606
112,97,436694
112,98,85977
112,99,82637
112,100,107677
112,101,979274
112,102,89718
112,103,75995
112,104,698666
112,105,85125
112,106,75381
112,107,1636934
112,108,308744
112,109,103906
112,110,66178
112,111,144981
112,113,87755
112,114,134654
112,115,125316
112,116,1759588
112,117,1105998
112,118,1678615
112,119,105112
112,120,72204
112,121,64370
112,122,611907
112,123,196874
112,124,64979
112,125,172370
112,126,2043278
112,127,122415
113,0,127567
113,1,404112
113,2,1606006
113,3,157592
113,4,169487
113,5,105172
113,6,379246
113,7,3095054
113,8,313954
113,9,120141
113,10,114592
113,11,202026
113,12,105438
113,13,84669
113,14,114141
113,15,134730
113,16,85587
113,17,73723
113,18,83657
113,19,65477
113,20,100726
113,21,194127
113,22,279886
113,23,141389
113,24,106739
113,25,380646
113,26,68607
113,27,120652
113,28,1455682
113,29,395453
113,30,94477
113,31,74492
113,32,2748063
113,33,804902
113,34,145900
113,35,287633
113,36,116588
113,37,69727
113,38,18442795
113,39,80917
113,40,175036
113,41,190944
113,42,109886
113,43,448129
113,44,133150
113,45,187575
113,46,95045
113,47,65507
113,48,206221
113,49,153799
113,50,79153
113,51,7335697
113,52,82343
113,53,168651
113,54,106565
113,55,194760
113,56,166888
113,57,94706
113,58,1351097
113,59,176491
113,60,4811818
113,61,325065
113,62,2867502
113,63,451947
113,64,86964
113,65,196341
113,66,71549
113,67,130626
113,68,80242
113,69,260243
113,70,94815
113,71,107917
113,72,387788
113,73,87876
113,74,890600
113,75,101197
113,76,1173643
113,77,214436
113,78,104297
113,79,93523
113,80,626229
113,81,149893
113,82,144916
113,83,135150
113,84,296185
113,85,206470
113,86,281199
113,87,138135
113,88,216550
113,89,147816
113,90,79289
113,91,305812
113,92,98262
113,93,268150
113,94,1078663
113,95,72228
113,96,550233
113,97,603183
113,98,199302
113,99,485171
113,100,229374
113,101,65265
113,102,118603
113,103,63221
113,104,112494
113,105,553512
113,106,231306
113,107,62599
113,108,128468
113,109,165825
113,110,167822
113,111,4569596
113,112,499281
113,114,84289
113,115,276296
113,116,129539
113,117,316940
113,118,277650
113,119,92683
113,120,280104
113,121,232231
113,122,1056676
113,123,68244
113,124,114493
113,125,690590
113,126,1944962
113,127,138055
114,0,713324
114,1,80864
114,2,90372
114,3,234627
114,4,1625895
114,5,118019
114,6,156784
114,7,15966625
114,8,72636
114,9,89645
114,10,130375
114,11,206013
114,12,137758
114,13,2236587
114,14,82575
114,15,116617
114,16,283860
114,17,353784
114,18,142245
114,19,808443
114,20,449511
114,21,161798
114,22,269161
114,23,82382
114,24,109599
114,25,73216
114,26,501177
114,27,6152314
114,28,99360
114,29,65803
114,30,709707
114,31,92866
114,32,67967
114,33,175622
114,34,885772
114,35,187506
114,36,171893
114,37,100260
114,38,111143
114,39,79024
114,40,88312
114,41,1607796
114,42,290252
114,43,140111
114,44,106578
114,45,476357
114,46,444031
114,47,180244
114,48,104214
114,49,74467
114,50,84273
114,51,68480
114,52,201428
114,53,88939
114,54,178572
114,55,89953
114,56,2963497
114,57,64047
114,58,63320
114,59,83753
114,60,1249280
114,61,841646
114,62,999126
114,63,107942
114,64,187401
114,65,151740
114,66,222269
114,67,1076942
114,68,65956
114,69,538911
114,70,95977
114,71,87272
114,72,62702
114,73,103953
114,74,112167
114,75,96997
114,76,66452
114,77,87781
114,78,269975
114,79,153268
114,80,69045
114,81,126137
114,82,62655
114,83,104060
114,84,315124
114,85,143026
114,86,64894
114,87,251972
114,88,64184
114,89,8201890
114,90,2729039
114,91,152381
114,92,457429
114,93,131822
114,94,220145
114,95,118078
114,96,81807
114,97,100771
114,98,126407
114,99,65315
114,100,5341404
114,101,227572
114,102,73105
114,103,90582
114,104,324587
114,105,271892
114,106,330697
114,107,134351
114,108,134067
114,109,94131
114,110,79268
114,111,71092
114,112,108158
114,113,452122
114,115,646532
114,116,311550
114,117,149042
114,118,10470310
114,119,73248
114,120,118348
114,121,68359
114,122,477516
114,123,115906
114,124,124554
114,125,353115
114,126,68376
114,127,216460
115,0,108682
115,1,164280
115,2,64730
115,3,64969
115,4,544272
115,5,381413
115,6,65772
115,7,90353
115,8,130987
115,9,3731128
115,10,345162
115,11,76727
115,12,2655304
115,13,102047
115,14,194648
115,15,77013
115,16,171330
115,17,94845
115,18,80478
115,19,160347
115,20,115690
115,21,116880
115,22,67151
115,23,172729
115,24,295702
115,25,6696395
115,26,81890
115,27,1405093
115,28,171923
115,29,73012
115,30,67072
115,31,111923
115,32,596134
115,33,65024
115,34,93232
115,35,280980
115,36,167652
115,37,81044
115,38,160635
115,39,262164
115,40,1553968
115,41,323447
115,42,1501771
115,43,79920
115,44,124144
115,45,70735
115,46,240710
115,47,3283567
115,48,336103
115,49,239557
115,50,98668
115,51,3887855
115,52,61934
115,53,152787
115,54,971393
115,55,137185
115,56,105257
115,57,70717
115,58,317671
115,59,1348497
115,60,639191
115,61,7110566
115,62,428940
115,63,87255
115,64,177589
115,65,331586
115,66,195963
115,67,75022
115,68,138274
115,69,193571
115,70,142413
115,71,101706
115,72,78661
115,73,216414
115,74,68751
115,75,145396
115,76,230999
115,77,118438
115,78,86565
115,79,68491
115,80,550484
115,81,211183
115,82,131023
115,83,238741
115,84,209676
115,85,77888
115,86,110690
115,87,150171
115,88,535072
115,89,377730
115,90,171241
115,91,146275
115,92,137857
115,93,226089
115,94,203880
115,95,429736
115,96,411794
115,97,276651
115,98,146342
115,99,115661
115,100,62876
115,101,108771
115,102,125100
115,103,153461
115,104,147008
115,105,172430
115,106,92463
115,107,72010
115,108,63781
115,109,62113
115,110,66871
115,111,77376
115,112,167595
115,113,13058709
115,114,78223
115,116,89564
115,117,63430
115,118,375602
115,119,62548
115,120,109391
115,121,108018
115,122,102783
115,123,99863
115,124,78618
115,125,411647
115,126,592954
115,127,796420
116,0,85158
116,1,116632
116,2,964328
116,3,191776
116,4,82366
116,5,147951
116,6,539153
116,7,197179
116,8,270043
116,9,208654
116,10,480043
116,11,124373
116,12,1885713
116,13,490401
116,14,66183
116,15,755906
116,16,308223
116,17,200045
116,18,118528
116,19,160269
116,20,556571
116,21,562521
116,22,98518
116,23,122783
116,24,755458
116,25,89224
116,26,660983
116,27,977113
116,28,129203
116,29,64810
116,30,328247
116,31,153775
116,32,397655
116,33,80834
116,34,71483
116,35,548732
116,36,78782
116,37,281419
116,38,105341
116,39,70572
116,40,214883
116,41,62772
116,42,5684133
116,43,3337433
116,44,86582
116,45,67173
116,46,129027
116,47,96294
116,48,69325
116,49,4785221
116,50,190082
116,51,69716
116,52,144677
116,53,70782
116,54,72710
116,55,101899
116,56,165408
116,57,116954
116,58,255923
116,59,150194
116,60,79745
116,61,391385
116,62,71890
116,63,130698
116,64,69664
116,65,207221
116,66,415062
116,67,155143
116,68,169690
116,69,3494256
116,70,1622245
116,71,63564
116,72,88225
116,73,174852
116,74,75048
116,75,139704
116,76,211835
116,77,61994
116,78,2454565
116,79,77348
116,80,67831
116,81,196683
116,82,120528
116,83,301760
116,84,63873
116,85,702573
116,86,72155
116,87,128068
116,88,214928
116,89,76653
116,90,79491
116,91,959439
116,92,247261
116,93,76055
116,94,62265
116,95,317488
116,96,63656
116,97,274393
116,98,86751
116,99,377479
116,100,5666045
116,101,124456
116,102,209164
116,103,184856
116,104,115317
116,105,310229
116,106,904753
116,107,168022
116,108,7574250
116,109,66646
116,110,1672817
116,111,121433
116,112,149409
116,113,62237
116,114,589519
116,115,283116
116,117,188381
116,118,64262
116,119,63955
116,120,85711
116,121,175344
116,122,116486
116,123,122559
116,124,70001
116,125,107450
116,126,28537661
116,127,104715
117,0,109716
117,1,448474
117,2,2568128
117,3,109651
117,4,75552
117,5,1631397
117,6,119162
117,7,134426
117,8,723136
117,9,112740
117,10,635251
117,11,90171
117,12,1400907
117,13,172221
117,14,612823
117,15,85339
117,16,73811
117,17,288860
117,18,65014
117,19,163843
117,20,95529
117,21,292441
117,22,130232
117,23,538428
117,24,195285
117,25,72374
117,26,87177
117,27,124967
117,28,328345
117,29,104369
117,30,155687
117,31,1950053
117,32,82112
117,33,87024
117,34,222937
117,35,63834
117,36,65084
117,37,245478
117,38,139016
117,39,104238
117,40,90601
117,41,1161684
117,42,123314
117,43,233534456
117,44,100437
117,45,80708
117,46,62843
117,47,390714
117,48,73623
117,49,77569
117,50,164884
117,51,184890
117,52,92875
117,53,335393
117,54,87521
117,55,464317
117,56,194723
117,57,114212
117,58,88682
117,59,284757
117,60,75243
117,61,184314
117,62,126390
117,63,105889
117,64,119727
117,65,150636
117,66,1914917
117,67,130483
117,68,103553
117,69,100426
117,70,145922
117,71,636887
117,72,67858
117,73,114071
117,74,251017
117,75,88286
117,76,73111
117,77,716975
117,78,547486
117,79,235736
117,80,130734
117,81,441003
117,82,64106
117,83,73366
117,84,70323
117,85,114677
117,86,162011
117,87,66302
117,88,720660
117,89,1334360
117,90,210923
117,91,91341
117,92,116210
117,93,188627
117,94,76464
117,95,185743
117,96,351344
117,97,84297
117,98,2547149
117,99,69101
117,100,3119031
117,101,308483
117,102,74879
117,103,114719
117,104,108617
117,105,62367
117,106,752775
117,107,79571
117,108,167425
117,109,69551
117,110,64710
117,111,102946
117,112,78746
117,113,87392
117,114,99447
117,115,73235
117,116,1714189
117,118,394225
117,119,4948969
117,120,340734
117,121,111760
117,122,436530
117,123,283488
117,124,65340
117,125,214838
117,126,343251
117,127,107551
118,0,63268
118,1,249655
118,2,17401056
118,3,122447
118,4,88006
118,5,94536
118,6,89817
118,7,99121
118,8,8610566
118,9,70294
118,10,74866
118,11,77445
118,12,86811
118,13,146209
118,14,240105
118,15,157187
118,16,625276
118,17,388052
118,18,3442915
118,19,436038
118,20,433919
118,21,477709
118,22,150940
118,23,171123
118,24,170536
118,25,5034747
118,26,121120
118,27,61998
118,28,77259
118,29,259672
118,30,595844
118,31,330204
118,32,196417
118,33,96253
118,34,382312
118,35,206970
118,36,62214
118,37,115964
118,38,164526
118,39,102082
118,40,117766
118,41,117439
118,42,144375
118,43,4086612
118,44,138454
118,45,491623
118,46,218565
118,47,137916
118,48,202788
118,49,5005853
118,50,94795
118,51,119895
118,52,96582
118,53,117086
118,54,323637
118,55,3310299
118,56,117336
118,57,80530
118,58,68005
118,59,142477
118,60,218842
118,61,84758
118,62,104727
118,63,98166
118,64,100160
118,65,467647
118,66,62224
118,67,103800
118,68,257598
118,69,470267
118,70,117233
118,71,82135
118,72,99382
118,73,111129
118,74,141140
118,75,108553
118,76,89277
118,77,123703
118,78,124193
118,79,149916
118,80,99995
118,81,65721
118,82,101208
118,83,220004
118,84,1722283
118,85,68119
118,86,73868
118,87,262035
118,88,127619
118,89,566994
118,90,540363
118,91,251494
118,92,98700
118,93,91843326
118,94,7002694
118,95,70951
118,96,69449
118,97,271823
118,98,75750
118,99,181747
118,100,167965
118,101,120280
118,102,111437
118,103,153654
118,104,140459
118,105,140439
118,106,128033
118,107,66468
118,108,97175
118,109,97499
118,110,333680
118,111,176835
118,112,298050
118,113,711310
118,114,139319
118,115,414913
118,116,74918
118,117,141973
118,119,65356
118,120,67135
118,121,93494
118,122,125817
118,123,192103
118,124,95641
118,125,340942
118,126,216505
118,127,94003
119,0,79053
119,1,107488
119,2,283042
119,3,162842
119,4,135533
119,5,71039
119,6,1313038
119,7,938989
119,8,66458
119,9,696727
119,10,62039
119,11,837292
119,12,64238
119,13,92933
119,14,220801
119,15,82281
119,16,494701
119,17,78083
119,18,209761
119,19,158330
119,20,156709
119,21,934995
119,22,77006
119,23,64150
119,24,79275
119,25,96284
119,26,265488
119,27,115604
119,28,65874
119,29,102173
119,30,199341
119,31,3071412
119,32,85191
119,33,258726
119,34,71968
119,35,139744
119,36,230795
119,37,270384
119,38,156910
119,39,165021
119,40,146630
119,41,140521
119,42,104333
119,43,74300
119,44,97070
119,45,65854
119,46,891207
119,47,215872
119,48,454938
119,49,291499
119,50,75348
119,51,124341
119,52,254329
119,53,629424
119,54,99918
119,55,310404
119,56,577507
119,57,62404
119,58,62104
119,59,107652
119,60,483979
119,61,88894
119,62,232180
119,63,250898
119,64,393274
119,65,882182
119,66,542311
119,67,217508
119,68,70694
119,69,72661
119,70,136930
119,71,4907078
119,72,99154
119,73,177874
119,74,584436
119,75,90198
119,76,108387
119,77,74743
119,78,448302
119,79,65199
119,80,259482
119,81,142182
119,82,518178
119,83,249773
119,84,162439
119,85,433109
119,86,68679
119,87,180927
119,88,115819
119,89,74808
119,90,87169
119,91,68590
119,92,529408
119,93,411500
119,94,64929
119,95,73660
119,96,66750
119,97,128363
119,98,128625
119,99,544518
119,100,78838
119,101,86896
119,102,95864
119,103,1446775
119,104,2412438
119,105,114254
119,106,340421
119,107,378235
119,108,102599
119,109,1192010
119,110,409739
119,111,184754
119,112,64646
119,113,64394
119,114,496358
119,115,189548
119,116,758610
119,117,119254
119,118,81601
119,120,282672
119,121,137599
119,122,136872
119,123,87118
119,124,1785291
119,125,81936
119,126,74931
119,127,81761
120,0,322503
120,1,105962
120,2,3231275
120,3,82894
120,4,989476
120,5,75982
120,6,113569
120,7,317031
120,8,138815
120,9,108861
120,10,71252
120,11,634599
120,12,530110
120,13,397103
120,14,314134
120,15,584716
120,16,739189
120,17,180050
120,18,73818
120,19,119513
120,20,108759
120,21,118288
120,22,243550
120,23,522024
120,24,72240
120,25,117189
120,26,662743
120,27,3237728
120,28,512835
120,29,92818
120,30,2478117
120,31,359447
120,32,3435694
120,33,498861
120,34,244058
120,35,101922
120,36,148585
120,37,376977
120,38,88700
120,39,168307
120,40,82013
120,41,86186
120,42,89537
120,43,66028
120,44,90144
120,45,62539
120,46,85661
120,47,222173
120,48,832979
120,49,249009
120,50,266348
120,51,450378
120,52,93699
120,53,168393
120,54,268958
120,55,82847
120,56,398904
120,57,886974
120,58,83310
120,59,63902
120,60,689830
120,61,73304
120,62,88382
120,63,355241
120,64,200833
120,65,79549
120,66,82359
120,67,428781
120,68,92712
120,69,71656
120,70,88365
120,71,120979
120,72,81179
120,73,805911
120,74,416865
120,75,294821
120,76,463400
120,77,74608
120,78,614662
120,79,71764
120,80,2112054
120,81,351785
120,82,695184
120,83,651284
120,84,160741
120,85,81405
120,86,73843
120,87,624959
120,88,91211
120,89,151457
120,90,622749
120,91,62007
120,92,239886
120,93,145615
120,94,214570
120,95,74795
120,96,8273522
120,97,332680
120,98,1338188
120,99,63991998
120,100,175005
120,101,205188
120,102,135977
120,103,85960
120,104,266880
120,105,282450
120,106,132871
120,107,92885
120,108,352006
120,109,660281
120,110,818201
120,111,122575
120,112,192871
120,113,261842
120,114,117145
120,115,68923
120,116,92330
120,117,96541
120,118,112617
120,119,78803
120,121,393817
120,122,169111
120,123,209719
120,124,135861
120,125,106122
120,126,82505
120,127,78611
121,0,89466
121,1,291734
121,2,66719
121,3,108656
121,4,3570080
121,5,233893
121,6,2502085
121,7,192067
121,8,125784
121,9,307272
121,10,72851
121,11,72728
121,12,70479
121,13,683803
121,14,174393
121,15,67761
121,16,105463
121,17,789070
121,18,76269
121,19,94388
121,20,286113
121,21,87246
121,22,72283
121,23,83152
121,24,168795
121,25,103365
121,26,375353
121,27,250660
121,28,657837
121,29,94180
121,30,277079
121,31,2018536
121,32,72490
121,33,183340
121,34,1233668
121,35,279741
121,36,1661331
121,37,466161
121,38,173693
121,39,89188
121,40,107100
121,41,1644371
121,42,81329
121,43,115834
121,44,1080389
121,45,155439
121,46,116748
121,47,244795
121,48,92943
121,49,87315
121,50,76410
121,51,789556
121,52,114975
121,53,923845
121,54,2210618
121,55,62909
121,56,163409
121,57,82699
121,58,110412
121,59,74737
121,60,67146
121,61,265159
121,62,2115011
121,63,602886
121,64,67621
121,65,306755
121,66,374112
121,67,199849
121,68,278080
121,69,87633
121,70,865777
121,71,480434
121,72,70357
121,73,132760
121,74,95186
121,75,201190
121,76,141910
121,77,78420
121,78,1981123
121,79,113610
121,80,202106
121,81,570727
121,82,161427
121,83,441458286
121,84,257785
121,85,123476
121,86,91678
121,87,562260
121,88,341778
121,89,122176
121,90,118303
121,91,309441
121,92,68212
121,93,125399
121,94,109300
121,95,179630
121,96,87763
121,97,66411
121,98,99808
121,99,1221651
121,100,113195
121,101,102127
121,102,244511
121,103,145812
121,104,143858
121,105,1101504
121,106,139623
121,107,333881
121,108,1859652
121,109,445901
121,110,1084726
121,111,72747
121,112,98830
121,113,1398129
121,114,103202
121,115,409301
121,116,135938
121,117,176304
121,118,196228
121,119,63012
121,120,6897786
121,122,177715
121,123,74627
121,124,107866
121,125,186569
121,126,678977
121,127,174944
122,0,104190
122,1,89019
122,2,388450
122,3,70386
122,4,130465
122,5,83475
122,6,105999
122,7,2419999
122,8,253358
122,9,65792
122,10,182540
122,11,201468
122,12,100493
122,13,112276
122,14,97237
122,15,377353
122,16,116021
122,17,404255
122,18,87772
122,19,120870
122,20,110162
122,21,68568
122,22,88356
122,23,153436
122,24,164994
122,25,13667069
122,26,1902649
122,27,106925
122,28,248774
122,29,265422
122,30,1493905
122,31,318314
122,32,897318
122,33,90116
122,34,1595345
122,35,1947504
122,36,63187
122,37,167142
122,38,90098
122,39,228670
122,40,2738521
122,41,84507
122,42,1308112
122,43,220660
122,44,117027
122,45,298294
122,46,687936
122,47,241539
122,48,97457
122,49,187610
122,50,347957
122,51,304366
122,52,401141
122,53,135745
122,54,154603
122,55,61930
122,56,98230
122,57,67999
122,58,97122
122,59,125150
122,60,97321
122,61,125299
122,62,157364
122,63,114479
122,64,295542
122,65,385947
122,66,83697
122,67,69676
122,68,2510170
122,69,247957
122,70,353561
122,71,92273
122,72,68343
122,73,113638
122,74,101163
122,75,118273
122,76,462486
122,77,343992
122,78,298131
122,79,4462521
122,80,124934
122,81,113043
122,82,90007
122,83,576959
122,84,578881
122,85,129486
122,86,121480
122,87,133168
122,88,138035
122,89,69892
122,90,228170
122,91,189725
122,92,113666
122,93,417620
122,94,91584
122,95,146741
122,96,387392
122,97,817682
122,98,62763
122,99,246683
122,100,72471
122,101,116529
122,102,119941
122,103,82320
122,104,316029
122,105,73635
122,106,786165
122,107,69185
122,108,88506
122,109,75185
122,110,120034
122,111,93777
122,112,465053
122,113,62679
122,114,144526
122,115,64557
122,116,97721
122,117,62284
122,118,91118
122,119,188803
122,120,133113
122,121,98454
122,123,157465
122,124,2002344
122,125,1624068
122,126,373741
122,127,62191
123,0,115046
123,1,21310697
123,2,10526177
123,3,79891
123,4,221178
123,5,72022
123,6,87280
123,7,72685
123,8,62857
123,9,75743
123,10,148699
123,11,480825
123,12,91566
123,13,200952
123,14,98840
123,15,80176
123,16,3640943
123,17,329321
123,18,342408
123,19,91276
123,20,349588
123,21,130107
123,22,197831
123,23,157212
123,24,116181
123,25,1139377
123,26,382699
123,27,441672
123,28,241372
123,29,127602
123,30,86548
123,31,89385
123,32,273067
123,33,75479
123,34,1437966
123,35,513719
123,36,143537
123,37,193608
123,38,134086
123,39,1276901
123,40,162198
123,41,496565
123,42,80827
123,43,121276
123,44,84734
123,45,2304020
123,46,72210
123,47,74970
123,48,109158
123,49,701005
123,50,1489222
123,51,240930
123,52,125633
123,53,87859
123,54,548233
123,55,290874
123,56,242932
123,57,86262
123,58,97447
123,59,263263
123,60,210319
123,61,114861
123,62,64360
123,63,105378
123,64,125650
123,65,354708975
123,66,305984
123,67,837834
123,68,153823
123,69,162332
123,70,145593
123,71,68596
123,72,70711
123,73,80456
123,74,173997
123,75,299524
123,76,1041121
123,77,197256
123,78,69647
123,79,144288
123,80,126255
123,81,85446
123,82,697502
123,83,572072
123,84,607667
123,85,106664
123,86,81276
123,87,100872
123,88,597590
123,89,237069
123,90,261713
123,91,750553
123,92,174913
123,93,101536
123,94,121042
123,95,156509
123,96,67923
123,97,2664320
123,98,134749
123,99,67098
123,100,289400
123,101,3764945
123,102,781366
123,103,62501
123,104,77396
123,105,84888
123,106,205641
123,107,66982
123,108,388317
123,109,264241
123,110,93670
123,111,1794012
123,112,599640
123,113,1070958
123,114,131877
123,115,70392
123,116,103179
123,117,368021
123,118,66328
123,119,153727
123,120,1244783
123,121,219538
123,122,1763825
123,124,100604
123,125,192322
123,126,66604
123,127,194872
124,0,418226
124,1,227472
124,2,463950
124,3,128241
124,4,94407
124,5,131749
124,6,83896
124,7,449165
124,8,96852
124,9,182939
124,10,918682
124,11,89349
124,12,69219
124,13,65833
124,14,185265
124,15,1088219
124,16,787615
124,17,599346
124,18,85027
124,19,95854
124,20,135207
124,21,241483
124,22,2786847
124,23,163192
124,24,104452
124,25,63263
124,26,187019
124,27,224091
124,28,93934
124,29,880397
124,30,115117
124,31,278584
124,32,114578
124,33,1118763
124,34,97227
124,35,104571
124,36,150403
124,37,115146
124,38,6413793
124,39,185949
124,40,182242
124,41,360485
124,42,151481
124,43,64819
124,44,66395
124,45,110956
124,46,71317
124,47,74983
124,48,240215
124,49,1391227
124,50,405398
124,51,2872685
124,52,104607
124,53,94318
124,54,64169
124,55,66866
124,56,77211
124,57,164472
124,58,1991682
124,59,127327
124,60,66323
124,61,62122
124,62,76511
124,63,183139
124,64,121764
124,65,79088
124,66,78789
124,67,93271
124,68,64429
124,69,66126
124,70,152001
124,71,199069
124,72,478873
124,73,185196
124,74,170741
124,75,547238
124,76,925795
124,77,100916
124,78,1009712
124,79,65629
124,80,197716
124,81,2065741
124,82,736611
124,83,676038
124,84,443355
124,85,150217
124,86,92635
124,87,598467
124,88,117543
124,89,69269
124,90,76089
124,91,99078
124,92,289245
124,93,89799
124,94,65310
124,95,1897782
124,96,121167
124,97,105414
124,98,78917
124,99,94935
124,100,76216
124,101,80991
124,102,236962
124,103,178032
124,104,236002
124,105,531755
124,106,340109
124,107,75704
124,108,425470
124,109,330007
124,110,126576
124,111,96181
124,112,84515
124,113,118408
124,114,73729
124,115,161294
124,116,153340
124,117,117469
124,118,91772
124,119,64601
124,120,92093
124,121,121528
124,122,106048
124,123,70427
124,125,91481
124,126,83523
124,127,248891
125,0,93436
125,1,293627
125,2,2474163
125,3,1765950
125,4,65844
125,5,93875
125,6,112221
125,7,218058
125,8,90436
125,9,611298
125,10,91500
125,11,62913
125,12,79585
125,13,71806
125,14,109430
125,15,302345
125,16,347632
125,17,72593
125,18,401704
125,19,470643
125,20,79738
125,21,119543
125,22,303352
125,23,93944
125,24,85134
125,25,88850
125,26,91594
125,27,91062
125,28,131603
125,29,188451
125,30,79405
125,31,63387
125,32,162707
125,33,788099
125,34,372388
125,35,7306845
125,36,585558
125,37,98625
125,38,4485916
125,39,212228
125,40,687181
125,41,92837
125,42,258474
125,43,143559
125,44,89654
125,45,461757
125,46,276438
125,47,183006
125,48,212184
125,49,870988
125,50,1598884
125,51,370557
125,52,1414951
125,53,91285
125,54,118318
125,55,492236
125,56,2106161
125,57,289554
125,58,123655
125,59,87160
125,60,139887
125,61,160609
125,62,63078
125,63,144396
125,64,132446
125,65,64924
125,66,66567
125,67,66798
125,68,263979
125,69,104476
125,70,64439
125,71,3782065
125,72,1012007
125,73,79709
125,74,64301
125,75,361295
125,76,70369
125,77,216007
125,78,397932
125,79,77218
125,80,189157
125,81,280395
125,82,230846
125,83,277364
125,84,3101016
125,85,97784
125,86,73422
125,87,147635
125,88,120885
125,89,236481
125,90,101040
125,91,63622
125,92,5525057
125,93,113458
125,94,466347
125,95,75790
125,96,80059
125,97,74647
125,98,582759
125,99,62348
125,100,64096
125,101,93222
125,102,78006
125,103,107892
125,104,85520
125,105,184146
125,106,186534
125,107,64740
125,108,71169
125,109,947072
125,110,223081
125,111,165159
125,112,63306
125,113,493671
125,114,99633
125,115,227423
125,116,798401
125,117,651968
125,118,293468
125,119,116297
125,120,894253
125,121,330795
125,122,80649
125,123,829239
125,124,191052
125,126,110070
125,127,486369
126,0,109482
126,1,493055
126,2,107501
126,3,137244
126,4,64033
126,5,157263
126,6,192432
126,7,160190
126,8,181549
126,9,62590
126,10,179276
126,11,140974
126,12,153969
126,13,63192
126,14,2650816
126,15,121843
126,16,6745724
126,17,1770215
126,18,205394
126,19,226433
126,20,6923742
126,21,63202
126,22,66354
126,23,393953
126,24,726462
126,25,554274
126,26,167879
126,27,213239
126,28,1104197
126,29,106024
126,30,74192
126,31,112208
126,32,592666
126,33,77867
126,34,74122
126,35,127791
126,36,212010
126,37,1514516
126,38,73123
126,39,158612
126,40,107150
126,41,83705
126,42,123104
126,43,549481
126,44,13142553
126,45,445049
126,46,1004393
126,47,335798
126,48,156209
126,49,658533
126,50,110544
126,51,940328
126,52,111733
126,53,83539
126,54,336408
126,55,1381670
126,56,205476
126,57,142666
126,58,157036
126,59,357049
126,60,99973
126,61,188980
126,62,113903
126,63,65497
126,64,103062
126,65,1657534
126,66,121026
126,67,119911
126,68,243381
126,69,264502
126,70,64291
126,71,129327
126,72,102288
126,73,85794
126,74,73566
126,75,78675
126,76,257286
126,77,141451
126,78,133598
126,79,80887
126,80,75730
126,81,703359
126,82,262422
126,83,1696231
126,84,183775
126,85,71962
126,86,5108336
126,87,88877
126,88,374236
126,89,125233
126,90,70601
126,91,155985
126,92,182706
126,93,89412
126,94,62683
126,95,152143
126,96,89126
126,97,154383
126,98,164143
126,99,116065
126,100,353896
126,101,87435
126,102,696341
126,103,105329
126,104,86128
126,105,89582
126,106,76356
126,107,73435
126,108,205600
126,109,241705
126,110,392462
126,111,78132
126,112,178445
126,113,65813
126,114,71567
126,115,456537
126,116,307790
126,117,222746
126,118,254635
126,119,70940
126,120,3205697
126,121,68623
126,122,62358
126,123,98475
126,124,31191769
126,125,145199
126,127,142751
127,0,88761
127,1,454231
127,2,209121
127,3,68103
127,4,115632
127,5,126069
127,6,246799
127,7,72216
127,8,79934
127,9,79927
127,10,75843
127,11,65808
127,12,94042
127,13,64242
127,14,87469
127,15,94945
127,16,77177
127,17,80805
127,18,63003
127,19,365398
127,20,68651
127,21,248132
127,22,128870
127,23,278872
127,24,164719
127,25,375976
127,26,487371
127,27,101231
127,28,393545
127,29,73767
127,30,80449
127,31,213018
127,32,116998
127,33,317305
127,34,77944
127,35,122065
127,36,138374
127,37,97415
127,38,1690321
127,39,90748
127,40,7605071
127,41,73210
127,42,501600
127,43,225208
127,44,70467
127,45,80574
127,46,98970
127,47,705727
127,48,1242545
127,49,102934
127,50,95600
127,51,15497604
127,52,347092
127,53,128782
127,54,91989
127,55,430695
127,56,107753
127,57,470832
127,58,63989
127,59,514161
127,60,198564
127,61,62581
127,62,114380
127,63,391923
127,64,1688360
127,65,147501
127,66,86245
127,67,78111
127,68,101581
127,69,152668
127,70,124901
127,71,198525
127,72,613435
127,73,116428
127,74,111680
127,75,1153835
127,76,64213
127,77,1364235
127,78,72447
127,79,1309341
127,80,99677
127,81,492645
127,82,148608
127,83,505652
127,84,100193
127,85,88868
127,86,124390
127,87,73591
127,88,69224
127,89,245707
127,90,339487
127,91,307531
127,92,65562330
127,93,78540
127,94,69118
127,95,15728910
127,96,116036
127,97,136035
127,98,184011
127,99,3270349
127,100,233998
127,101,1538955
127,102,164170
127,103,139097
127,104,218426
127,105,166299
127,106,63844
127,107,110650
127,108,437023
127,109,83642
127,110,880991
127,111,128940
127,112,143409
127,113,88532
127,114,336306
127,115,149570
127,116,215376
127,117,124538
127,118,1138425
127,119,1066720
127,120,1119685
127,121,3428500
127,122,129468
127,123,306155
127,124,151646
127,125,113347
127,126,91650
