workload,regime,loss_budget,port_budget,assignment,time_s,port_usage,max_loss_db,feasible,failure_reason
LLaMA-13B-like_DP-heavy_TP8_PP2_DP64,reach_only_depth_is_costly,strict,low,TP1-PP1-DP1,,3.0,2.5,False,reach
LLaMA-13B-like_DP-heavy_TP8_PP2_DP64,reach_only_depth_is_costly,strict,low,TP1-PP1-DP2,,4.0,6.0,False,reach
LLaMA-13B-like_DP-heavy_TP8_PP2_DP64,reach_only_depth_is_costly,strict,low,TP1-PP1-DP3,0.30049899902000005,6.0,10.0,True,
LLaMA-13B-like_DP-heavy_TP8_PP2_DP64,reach_only_depth_is_costly,strict,low,TP1-PP2-DP1,,3.8,6.0,False,reach
LLaMA-13B-like_DP-heavy_TP8_PP2_DP64,reach_only_depth_is_costly,strict,low,TP1-PP2-DP2,,4.8,6.0,False,reach
LLaMA-13B-like_DP-heavy_TP8_PP2_DP64,reach_only_depth_is_costly,strict,low,TP1-PP2-DP3,0.30071269118000005,6.8,10.0,True,
LLaMA-13B-like_DP-heavy_TP8_PP2_DP64,reach_only_depth_is_costly,strict,low,TP1-PP3-DP1,,5.4,10.0,False,reach
LLaMA-13B-like_DP-heavy_TP8_PP2_DP64,reach_only_depth_is_costly,strict,low,TP1-PP3-DP2,,6.4,10.0,False,reach
LLaMA-13B-like_DP-heavy_TP8_PP2_DP64,reach_only_depth_is_costly,strict,low,TP1-PP3-DP3,,8.4,10.0,False,port
LLaMA-13B-like_DP-heavy_TP8_PP2_DP64,reach_only_depth_is_costly,strict,low,TP2-PP1-DP1,,4.2,6.0,False,reach
LLaMA-13B-like_DP-heavy_TP8_PP2_DP64,reach_only_depth_is_costly,strict,low,TP2-PP1-DP2,,5.2,6.0,False,reach
LLaMA-13B-like_DP-heavy_TP8_PP2_DP64,reach_only_depth_is_costly,strict,low,TP2-PP1-DP3,,7.2,10.0,False,port
LLaMA-13B-like_DP-heavy_TP8_PP2_DP64,reach_only_depth_is_costly,strict,low,TP2-PP2-DP1,,5.0,6.0,False,reach
LLaMA-13B-like_DP-heavy_TP8_PP2_DP64,reach_only_depth_is_costly,strict,low,TP2-PP2-DP2,,6.0,6.0,False,reach
LLaMA-13B-like_DP-heavy_TP8_PP2_DP64,reach_only_depth_is_costly,strict,low,TP2-PP2-DP3,,8.0,10.0,False,port
LLaMA-13B-like_DP-heavy_TP8_PP2_DP64,reach_only_depth_is_costly,strict,low,TP2-PP3-DP1,,6.6,10.0,False,reach
LLaMA-13B-like_DP-heavy_TP8_PP2_DP64,reach_only_depth_is_costly,strict,low,TP2-PP3-DP2,,7.6,10.0,False,port+reach
LLaMA-13B-like_DP-heavy_TP8_PP2_DP64,reach_only_depth_is_costly,strict,low,TP2-PP3-DP3,,9.6,10.0,False,port
LLaMA-13B-like_DP-heavy_TP8_PP2_DP64,reach_only_depth_is_costly,strict,low,TP3-PP1-DP1,,6.6,10.0,False,reach
LLaMA-13B-like_DP-heavy_TP8_PP2_DP64,reach_only_depth_is_costly,strict,low,TP3-PP1-DP2,,7.6,10.0,False,port+reach
LLaMA-13B-like_DP-heavy_TP8_PP2_DP64,reach_only_depth_is_costly,strict,low,TP3-PP1-DP3,,9.6,10.0,False,port
LLaMA-13B-like_DP-heavy_TP8_PP2_DP64,reach_only_depth_is_costly,strict,low,TP3-PP2-DP1,,7.4,10.0,False,port+reach
LLaMA-13B-like_DP-heavy_TP8_PP2_DP64,reach_only_depth_is_costly,strict,low,TP3-PP2-DP2,,8.4,10.0,False,port+reach
LLaMA-13B-like_DP-heavy_TP8_PP2_DP64,reach_only_depth_is_costly,strict,low,TP3-PP2-DP3,,10.4,10.0,False,port
LLaMA-13B-like_DP-heavy_TP8_PP2_DP64,reach_only_depth_is_costly,strict,low,TP3-PP3-DP1,,9.0,10.0,False,port+reach
LLaMA-13B-like_DP-heavy_TP8_PP2_DP64,reach_only_depth_is_costly,strict,low,TP3-PP3-DP2,,10.0,10.0,False,port+reach
LLaMA-13B-like_DP-heavy_TP8_PP2_DP64,reach_only_depth_is_costly,strict,low,TP3-PP3-DP3,,12.0,10.0,False,port
LLaMA-13B-like_DP-heavy_TP8_PP2_DP64,reach_only_depth_is_costly,strict,medium,TP1-PP1-DP1,,3.0,2.5,False,reach
LLaMA-13B-like_DP-heavy_TP8_PP2_DP64,reach_only_depth_is_costly,strict,medium,TP1-PP1-DP2,,4.0,6.0,False,reach
LLaMA-13B-like_DP-heavy_TP8_PP2_DP64,reach_only_depth_is_costly,strict,medium,TP1-PP1-DP3,0.30049899902000005,6.0,10.0,True,
LLaMA-13B-like_DP-heavy_TP8_PP2_DP64,reach_only_depth_is_costly,strict,medium,TP1-PP2-DP1,,3.8,6.0,False,reach
LLaMA-13B-like_DP-heavy_TP8_PP2_DP64,reach_only_depth_is_costly,strict,medium,TP1-PP2-DP2,,4.8,6.0,False,reach
LLaMA-13B-like_DP-heavy_TP8_PP2_DP64,reach_only_depth_is_costly,strict,medium,TP1-PP2-DP3,0.30071269118000005,6.8,10.0,True,
LLaMA-13B-like_DP-heavy_TP8_PP2_DP64,reach_only_depth_is_costly,strict,medium,TP1-PP3-DP1,,5.4,10.0,False,reach
LLaMA-13B-like_DP-heavy_TP8_PP2_DP64,reach_only_depth_is_costly,strict,medium,TP1-PP3-DP2,,6.4,10.0,False,reach
LLaMA-13B-like_DP-heavy_TP8_PP2_DP64,reach_only_depth_is_costly,strict,medium,TP1-PP3-DP3,0.30121638739333334,8.4,10.0,True,
LLaMA-13B-like_DP-heavy_TP8_PP2_DP64,reach_only_depth_is_costly,strict,medium,TP2-PP1-DP1,,4.2,6.0,False,reach
LLaMA-13B-like_DP-heavy_TP8_PP2_DP64,reach_only_depth_is_costly,strict,medium,TP2-PP1-DP2,,5.2,6.0,False,reach
LLaMA-13B-like_DP-heavy_TP8_PP2_DP64,reach_only_depth_is_costly,strict,medium,TP2-PP1-DP3,0.37204567422000007,7.2,10.0,True,
LLaMA-13B-like_DP-heavy_TP8_PP2_DP64,reach_only_depth_is_costly,strict,medium,TP2-PP2-DP1,,5.0,6.0,False,reach
LLaMA-13B-like_DP-heavy_TP8_PP2_DP64,reach_only_depth_is_costly,strict,medium,TP2-PP2-DP2,,6.0,6.0,False,reach
LLaMA-13B-like_DP-heavy_TP8_PP2_DP64,reach_only_depth_is_costly,strict,medium,TP2-PP2-DP3,0.37225936638000007,8.0,10.0,True,
LLaMA-13B-like_DP-heavy_TP8_PP2_DP64,reach_only_depth_is_costly,strict,medium,TP2-PP3-DP1,,6.6,10.0,False,reach
LLaMA-13B-like_DP-heavy_TP8_PP2_DP64,reach_only_depth_is_costly,strict,medium,TP2-PP3-DP2,,7.6,10.0,False,reach
LLaMA-13B-like_DP-heavy_TP8_PP2_DP64,reach_only_depth_is_costly,strict,medium,TP2-PP3-DP3,0.37276306259333336,9.6,10.0,True,
LLaMA-13B-like_DP-heavy_TP8_PP2_DP64,reach_only_depth_is_costly,strict,medium,TP3-PP1-DP1,,6.6,10.0,False,reach
LLaMA-13B-like_DP-heavy_TP8_PP2_DP64,reach_only_depth_is_costly,strict,medium,TP3-PP1-DP2,,7.6,10.0,False,reach
LLaMA-13B-like_DP-heavy_TP8_PP2_DP64,reach_only_depth_is_costly,strict,medium,TP3-PP1-DP3,0.6324588411533333,9.6,10.0,True,
LLaMA-13B-like_DP-heavy_TP8_PP2_DP64,reach_only_depth_is_costly,strict,medium,TP3-PP2-DP1,,7.4,10.0,False,reach
LLaMA-13B-like_DP-heavy_TP8_PP2_DP64,reach_only_depth_is_costly,strict,medium,TP3-PP2-DP2,,8.4,10.0,False,reach
LLaMA-13B-like_DP-heavy_TP8_PP2_DP64,reach_only_depth_is_costly,strict,medium,TP3-PP2-DP3,0.6326725333133333,10.4,10.0,True,
LLaMA-13B-like_DP-heavy_TP8_PP2_DP64,reach_only_depth_is_costly,strict,medium,TP3-PP3-DP1,,9.0,10.0,False,reach
LLaMA-13B-like_DP-heavy_TP8_PP2_DP64,reach_only_depth_is_costly,strict,medium,TP3-PP3-DP2,,10.0,10.0,False,reach
LLaMA-13B-like_DP-heavy_TP8_PP2_DP64,reach_only_depth_is_costly,strict,medium,TP3-PP3-DP3,0.6331762295266666,12.0,10.0,True,
LLaMA-13B-like_DP-heavy_TP8_PP2_DP64,reach_only_depth_is_costly,strict,high,TP1-PP1-DP1,,3.0,2.5,False,reach
LLaMA-13B-like_DP-heavy_TP8_PP2_DP64,reach_only_depth_is_costly,strict,high,TP1-PP1-DP2,,4.0,6.0,False,reach
LLaMA-13B-like_DP-heavy_TP8_PP2_DP64,reach_only_depth_is_costly,strict,high,TP1-PP1-DP3,0.30049899902000005,6.0,10.0,True,
LLaMA-13B-like_DP-heavy_TP8_PP2_DP64,reach_only_depth_is_costly,strict,high,TP1-PP2-DP1,,3.8,6.0,False,reach
LLaMA-13B-like_DP-heavy_TP8_PP2_DP64,reach_only_depth_is_costly,strict,high,TP1-PP2-DP2,,4.8,6.0,False,reach
LLaMA-13B-like_DP-heavy_TP8_PP2_DP64,reach_only_depth_is_costly,strict,high,TP1-PP2-DP3,0.30071269118000005,6.8,10.0,True,
LLaMA-13B-like_DP-heavy_TP8_PP2_DP64,reach_only_depth_is_costly,strict,high,TP1-PP3-DP1,,5.4,10.0,False,reach
LLaMA-13B-like_DP-heavy_TP8_PP2_DP64,reach_only_depth_is_costly,strict,high,TP1-PP3-DP2,,6.4,10.0,False,reach
LLaMA-13B-like_DP-heavy_TP8_PP2_DP64,reach_only_depth_is_costly,strict,high,TP1-PP3-DP3,0.30121638739333334,8.4,10.0,True,
LLaMA-13B-like_DP-heavy_TP8_PP2_DP64,reach_only_depth_is_costly,strict,high,TP2-PP1-DP1,,4.2,6.0,False,reach
LLaMA-13B-like_DP-heavy_TP8_PP2_DP64,reach_only_depth_is_costly,strict,high,TP2-PP1-DP2,,5.2,6.0,False,reach
LLaMA-13B-like_DP-heavy_TP8_PP2_DP64,reach_only_depth_is_costly,strict,high,TP2-PP1-DP3,0.37204567422000007,7.2,10.0,True,
LLaMA-13B-like_DP-heavy_TP8_PP2_DP64,reach_only_depth_is_costly,strict,high,TP2-PP2-DP1,,5.0,6.0,False,reach
LLaMA-13B-like_DP-heavy_TP8_PP2_DP64,reach_only_depth_is_costly,strict,high,TP2-PP2-DP2,,6.0,6.0,False,reach
LLaMA-13B-like_DP-heavy_TP8_PP2_DP64,reach_only_depth_is_costly,strict,high,TP2-PP2-DP3,0.37225936638000007,8.0,10.0,True,
LLaMA-13B-like_DP-heavy_TP8_PP2_DP64,reach_only_depth_is_costly,strict,high,TP2-PP3-DP1,,6.6,10.0,False,reach
LLaMA-13B-like_DP-heavy_TP8_PP2_DP64,reach_only_depth_is_costly,strict,high,TP2-PP3-DP2,,7.6,10.0,False,reach
LLaMA-13B-like_DP-heavy_TP8_PP2_DP64,reach_only_depth_is_costly,strict,high,TP2-PP3-DP3,0.37276306259333336,9.6,10.0,True,
LLaMA-13B-like_DP-heavy_TP8_PP2_DP64,reach_only_depth_is_costly,strict,high,TP3-PP1-DP1,,6.6,10.0,False,reach
LLaMA-13B-like_DP-heavy_TP8_PP2_DP64,reach_only_depth_is_costly,strict,high,TP3-PP1-DP2,,7.6,10.0,False,reach
LLaMA-13B-like_DP-heavy_TP8_PP2_DP64,reach_only_depth_is_costly,strict,high,TP3-PP1-DP3,0.6324588411533333,9.6,10.0,True,
LLaMA-13B-like_DP-heavy_TP8_PP2_DP64,reach_only_depth_is_costly,strict,high,TP3-PP2-DP1,,7.4,10.0,False,reach
LLaMA-13B-like_DP-heavy_TP8_PP2_DP64,reach_only_depth_is_costly,strict,high,TP3-PP2-DP2,,8.4,10.0,False,reach
LLaMA-13B-like_DP-heavy_TP8_PP2_DP64,reach_only_depth_is_costly,strict,high,TP3-PP2-DP3,0.6326725333133333,10.4,10.0,True,
LLaMA-13B-like_DP-heavy_TP8_PP2_DP64,reach_only_depth_is_costly,strict,high,TP3-PP3-DP1,,9.0,10.0,False,reach
LLaMA-13B-like_DP-heavy_TP8_PP2_DP64,reach_only_depth_is_costly,strict,high,TP3-PP3-DP2,,10.0,10.0,False,reach
LLaMA-13B-like_DP-heavy_TP8_PP2_DP64,reach_only_depth_is_costly,strict,high,TP3-PP3-DP3,0.6331762295266666,12.0,10.0,True,
LLaMA-13B-like_DP-heavy_TP8_PP2_DP64,reach_only_depth_is_costly,medium,low,TP1-PP1-DP1,,3.0,2.5,False,reach
LLaMA-13B-like_DP-heavy_TP8_PP2_DP64,reach_only_depth_is_costly,medium,low,TP1-PP1-DP2,,4.0,6.0,False,reach
LLaMA-13B-like_DP-heavy_TP8_PP2_DP64,reach_only_depth_is_costly,medium,low,TP1-PP1-DP3,0.30049899902000005,6.0,10.0,True,
LLaMA-13B-like_DP-heavy_TP8_PP2_DP64,reach_only_depth_is_costly,medium,low,TP1-PP2-DP1,,3.8,6.0,False,reach
LLaMA-13B-like_DP-heavy_TP8_PP2_DP64,reach_only_depth_is_costly,medium,low,TP1-PP2-DP2,,4.8,6.0,False,reach
LLaMA-13B-like_DP-heavy_TP8_PP2_DP64,reach_only_depth_is_costly,medium,low,TP1-PP2-DP3,0.30071269118000005,6.8,10.0,True,
LLaMA-13B-like_DP-heavy_TP8_PP2_DP64,reach_only_depth_is_costly,medium,low,TP1-PP3-DP1,,5.4,10.0,False,reach
LLaMA-13B-like_DP-heavy_TP8_PP2_DP64,reach_only_depth_is_costly,medium,low,TP1-PP3-DP2,,6.4,10.0,False,reach
LLaMA-13B-like_DP-heavy_TP8_PP2_DP64,reach_only_depth_is_costly,medium,low,TP1-PP3-DP3,,8.4,10.0,False,port
LLaMA-13B-like_DP-heavy_TP8_PP2_DP64,reach_only_depth_is_costly,medium,low,TP2-PP1-DP1,,4.2,6.0,False,reach
LLaMA-13B-like_DP-heavy_TP8_PP2_DP64,reach_only_depth_is_costly,medium,low,TP2-PP1-DP2,,5.2,6.0,False,reach
LLaMA-13B-like_DP-heavy_TP8_PP2_DP64,reach_only_depth_is_costly,medium,low,TP2-PP1-DP3,,7.2,10.0,False,port
LLaMA-13B-like_DP-heavy_TP8_PP2_DP64,reach_only_depth_is_costly,medium,low,TP2-PP2-DP1,,5.0,6.0,False,reach
LLaMA-13B-like_DP-heavy_TP8_PP2_DP64,reach_only_depth_is_costly,medium,low,TP2-PP2-DP2,,6.0,6.0,False,reach
LLaMA-13B-like_DP-heavy_TP8_PP2_DP64,reach_only_depth_is_costly,medium,low,TP2-PP2-DP3,,8.0,10.0,False,port
LLaMA-13B-like_DP-heavy_TP8_PP2_DP64,reach_only_depth_is_costly,medium,low,TP2-PP3-DP1,,6.6,10.0,False,reach
LLaMA-13B-like_DP-heavy_TP8_PP2_DP64,reach_only_depth_is_costly,medium,low,TP2-PP3-DP2,,7.6,10.0,False,port+reach
LLaMA-13B-like_DP-heavy_TP8_PP2_DP64,reach_only_depth_is_costly,medium,low,TP2-PP3-DP3,,9.6,10.0,False,port
LLaMA-13B-like_DP-heavy_TP8_PP2_DP64,reach_only_depth_is_costly,medium,low,TP3-PP1-DP1,,6.6,10.0,False,reach
LLaMA-13B-like_DP-heavy_TP8_PP2_DP64,reach_only_depth_is_costly,medium,low,TP3-PP1-DP2,,7.6,10.0,False,port+reach
LLaMA-13B-like_DP-heavy_TP8_PP2_DP64,reach_only_depth_is_costly,medium,low,TP3-PP1-DP3,,9.6,10.0,False,port
LLaMA-13B-like_DP-heavy_TP8_PP2_DP64,reach_only_depth_is_costly,medium,low,TP3-PP2-DP1,,7.4,10.0,False,port+reach
LLaMA-13B-like_DP-heavy_TP8_PP2_DP64,reach_only_depth_is_costly,medium,low,TP3-PP2-DP2,,8.4,10.0,False,port+reach
LLaMA-13B-like_DP-heavy_TP8_PP2_DP64,reach_only_depth_is_costly,medium,low,TP3-PP2-DP3,,10.4,10.0,False,port
LLaMA-13B-like_DP-heavy_TP8_PP2_DP64,reach_only_depth_is_costly,medium,low,TP3-PP3-DP1,,9.0,10.0,False,port+reach
LLaMA-13B-like_DP-heavy_TP8_PP2_DP64,reach_only_depth_is_costly,medium,low,TP3-PP3-DP2,,10.0,10.0,False,port+reach
LLaMA-13B-like_DP-heavy_TP8_PP2_DP64,reach_only_depth_is_costly,medium,low,TP3-PP3-DP3,,12.0,10.0,False,port
LLaMA-13B-like_DP-heavy_TP8_PP2_DP64,reach_only_depth_is_costly,medium,medium,TP1-PP1-DP1,,3.0,2.5,False,reach
LLaMA-13B-like_DP-heavy_TP8_PP2_DP64,reach_only_depth_is_costly,medium,medium,TP1-PP1-DP2,,4.0,6.0,False,reach
LLaMA-13B-like_DP-heavy_TP8_PP2_DP64,reach_only_depth_is_costly,medium,medium,TP1-PP1-DP3,0.30049899902000005,6.0,10.0,True,
LLaMA-13B-like_DP-heavy_TP8_PP2_DP64,reach_only_depth_is_costly,medium,medium,TP1-PP2-DP1,,3.8,6.0,False,reach
LLaMA-13B-like_DP-heavy_TP8_PP2_DP64,reach_only_depth_is_costly,medium,medium,TP1-PP2-DP2,,4.8,6.0,False,reach
LLaMA-13B-like_DP-heavy_TP8_PP2_DP64,reach_only_depth_is_costly,medium,medium,TP1-PP2-DP3,0.30071269118000005,6.8,10.0,True,
LLaMA-13B-like_DP-heavy_TP8_PP2_DP64,reach_only_depth_is_costly,medium,medium,TP1-PP3-DP1,,5.4,10.0,False,reach
LLaMA-13B-like_DP-heavy_TP8_PP2_DP64,reach_only_depth_is_costly,medium,medium,TP1-PP3-DP2,,6.4,10.0,False,reach
LLaMA-13B-like_DP-heavy_TP8_PP2_DP64,reach_only_depth_is_costly,medium,medium,TP1-PP3-DP3,0.30121638739333334,8.4,10.0,True,
LLaMA-13B-like_DP-heavy_TP8_PP2_DP64,reach_only_depth_is_costly,medium,medium,TP2-PP1-DP1,,4.2,6.0,False,reach
LLaMA-13B-like_DP-heavy_TP8_PP2_DP64,reach_only_depth_is_costly,medium,medium,TP2-PP1-DP2,,5.2,6.0,False,reach
LLaMA-13B-like_DP-heavy_TP8_PP2_DP64,reach_only_depth_is_costly,medium,medium,TP2-PP1-DP3,0.37204567422000007,7.2,10.0,True,
LLaMA-13B-like_DP-heavy_TP8_PP2_DP64,reach_only_depth_is_costly,medium,medium,TP2-PP2-DP1,,5.0,6.0,False,reach
LLaMA-13B-like_DP-heavy_TP8_PP2_DP64,reach_only_depth_is_costly,medium,medium,TP2-PP2-DP2,,6.0,6.0,False,reach
LLaMA-13B-like_DP-heavy_TP8_PP2_DP64,reach_only_depth_is_costly,medium,medium,TP2-PP2-DP3,0.37225936638000007,8.0,10.0,True,
LLaMA-13B-like_DP-heavy_TP8_PP2_DP64,reach_only_depth_is_costly,medium,medium,TP2-PP3-DP1,,6.6,10.0,False,reach
LLaMA-13B-like_DP-heavy_TP8_PP2_DP64,reach_only_depth_is_costly,medium,medium,TP2-PP3-DP2,,7.6,10.0,False,reach
LLaMA-13B-like_DP-heavy_TP8_PP2_DP64,reach_only_depth_is_costly,medium,medium,TP2-PP3-DP3,0.37276306259333336,9.6,10.0,True,
LLaMA-13B-like_DP-heavy_TP8_PP2_DP64,reach_only_depth_is_costly,medium,medium,TP3-PP1-DP1,,6.6,10.0,False,reach
LLaMA-13B-like_DP-heavy_TP8_PP2_DP64,reach_only_depth_is_costly,medium,medium,TP3-PP1-DP2,,7.6,10.0,False,reach
LLaMA-13B-like_DP-heavy_TP8_PP2_DP64,reach_only_depth_is_costly,medium,medium,TP3-PP1-DP3,0.6324588411533333,9.6,10.0,True,
LLaMA-13B-like_DP-heavy_TP8_PP2_DP64,reach_only_depth_is_costly,medium,medium,TP3-PP2-DP1,,7.4,10.0,False,reach
LLaMA-13B-like_DP-heavy_TP8_PP2_DP64,reach_only_depth_is_costly,medium,medium,TP3-PP2-DP2,,8.4,10.0,False,reach
LLaMA-13B-like_DP-heavy_TP8_PP2_DP64,reach_only_depth_is_costly,medium,medium,TP3-PP2-DP3,0.6326725333133333,10.4,10.0,True,
LLaMA-13B-like_DP-heavy_TP8_PP2_DP64,reach_only_depth_is_costly,medium,medium,TP3-PP3-DP1,,9.0,10.0,False,reach
LLaMA-13B-like_DP-heavy_TP8_PP2_DP64,reach_only_depth_is_costly,medium,medium,TP3-PP3-DP2,,10.0,10.0,False,reach
LLaMA-13B-like_DP-heavy_TP8_PP2_DP64,reach_only_depth_is_costly,medium,medium,TP3-PP3-DP3,0.6331762295266666,12.0,10.0,True,
LLaMA-13B-like_DP-heavy_TP8_PP2_DP64,reach_only_depth_is_costly,medium,high,TP1-PP1-DP1,,3.0,2.5,False,reach
LLaMA-13B-like_DP-heavy_TP8_PP2_DP64,reach_only_depth_is_costly,medium,high,TP1-PP1-DP2,,4.0,6.0,False,reach
LLaMA-13B-like_DP-heavy_TP8_PP2_DP64,reach_only_depth_is_costly,medium,high,TP1-PP1-DP3,0.30049899902000005,6.0,10.0,True,
LLaMA-13B-like_DP-heavy_TP8_PP2_DP64,reach_only_depth_is_costly,medium,high,TP1-PP2-DP1,,3.8,6.0,False,reach
LLaMA-13B-like_DP-heavy_TP8_PP2_DP64,reach_only_depth_is_costly,medium,high,TP1-PP2-DP2,,4.8,6.0,False,reach
LLaMA-13B-like_DP-heavy_TP8_PP2_DP64,reach_only_depth_is_costly,medium,high,TP1-PP2-DP3,0.30071269118000005,6.8,10.0,True,
LLaMA-13B-like_DP-heavy_TP8_PP2_DP64,reach_only_depth_is_costly,medium,high,TP1-PP3-DP1,,5.4,10.0,False,reach
LLaMA-13B-like_DP-heavy_TP8_PP2_DP64,reach_only_depth_is_costly,medium,high,TP1-PP3-DP2,,6.4,10.0,False,reach
LLaMA-13B-like_DP-heavy_TP8_PP2_DP64,reach_only_depth_is_costly,medium,high,TP1-PP3-DP3,0.30121638739333334,8.4,10.0,True,
LLaMA-13B-like_DP-heavy_TP8_PP2_DP64,reach_only_depth_is_costly,medium,high,TP2-PP1-DP1,,4.2,6.0,False,reach
LLaMA-13B-like_DP-heavy_TP8_PP2_DP64,reach_only_depth_is_costly,medium,high,TP2-PP1-DP2,,5.2,6.0,False,reach
LLaMA-13B-like_DP-heavy_TP8_PP2_DP64,reach_only_depth_is_costly,medium,high,TP2-PP1-DP3,0.37204567422000007,7.2,10.0,True,
LLaMA-13B-like_DP-heavy_TP8_PP2_DP64,reach_only_depth_is_costly,medium,high,TP2-PP2-DP1,,5.0,6.0,False,reach
LLaMA-13B-like_DP-heavy_TP8_PP2_DP64,reach_only_depth_is_costly,medium,high,TP2-PP2-DP2,,6.0,6.0,False,reach
LLaMA-13B-like_DP-heavy_TP8_PP2_DP64,reach_only_depth_is_costly,medium,high,TP2-PP2-DP3,0.37225936638000007,8.0,10.0,True,
LLaMA-13B-like_DP-heavy_TP8_PP2_DP64,reach_only_depth_is_costly,medium,high,TP2-PP3-DP1,,6.6,10.0,False,reach
LLaMA-13B-like_DP-heavy_TP8_PP2_DP64,reach_only_depth_is_costly,medium,high,TP2-PP3-DP2,,7.6,10.0,False,reach
LLaMA-13B-like_DP-heavy_TP8_PP2_DP64,reach_only_depth_is_costly,medium,high,TP2-PP3-DP3,0.37276306259333336,9.6,10.0,True,
LLaMA-13B-like_DP-heavy_TP8_PP2_DP64,reach_only_depth_is_costly,medium,high,TP3-PP1-DP1,,6.6,10.0,False,reach
LLaMA-13B-like_DP-heavy_TP8_PP2_DP64,reach_only_depth_is_costly,medium,high,TP3-PP1-DP2,,7.6,10.0,False,reach
LLaMA-13B-like_DP-heavy_TP8_PP2_DP64,reach_only_depth_is_costly,medium,high,TP3-PP1-DP3,0.6324588411533333,9.6,10.0,True,
LLaMA-13B-like_DP-heavy_TP8_PP2_DP64,reach_only_depth_is_costly,medium,high,TP3-PP2-DP1,,7.4,10.0,False,reach
LLaMA-13B-like_DP-heavy_TP8_PP2_DP64,reach_only_depth_is_costly,medium,high,TP3-PP2-DP2,,8.4,10.0,False,reach
LLaMA-13B-like_DP-heavy_TP8_PP2_DP64,reach_only_depth_is_costly,medium,high,TP3-PP2-DP3,0.6326725333133333,10.4,10.0,True,
LLaMA-13B-like_DP-heavy_TP8_PP2_DP64,reach_only_depth_is_costly,medium,high,TP3-PP3-DP1,,9.0,10.0,False,reach
LLaMA-13B-like_DP-heavy_TP8_PP2_DP64,reach_only_depth_is_costly,medium,high,TP3-PP3-DP2,,10.0,10.0,False,reach
LLaMA-13B-like_DP-heavy_TP8_PP2_DP64,reach_only_depth_is_costly,medium,high,TP3-PP3-DP3,0.6331762295266666,12.0,10.0,True,
LLaMA-13B-like_DP-heavy_TP8_PP2_DP64,reach_only_depth_is_costly,relaxed,low,TP1-PP1-DP1,,3.0,2.5,False,reach
LLaMA-13B-like_DP-heavy_TP8_PP2_DP64,reach_only_depth_is_costly,relaxed,low,TP1-PP1-DP2,,4.0,6.0,False,reach
LLaMA-13B-like_DP-heavy_TP8_PP2_DP64,reach_only_depth_is_costly,relaxed,low,TP1-PP1-DP3,0.30049899902000005,6.0,10.0,True,
LLaMA-13B-like_DP-heavy_TP8_PP2_DP64,reach_only_depth_is_costly,relaxed,low,TP1-PP2-DP1,,3.8,6.0,False,reach
LLaMA-13B-like_DP-heavy_TP8_PP2_DP64,reach_only_depth_is_costly,relaxed,low,TP1-PP2-DP2,,4.8,6.0,False,reach
LLaMA-13B-like_DP-heavy_TP8_PP2_DP64,reach_only_depth_is_costly,relaxed,low,TP1-PP2-DP3,0.30071269118000005,6.8,10.0,True,
LLaMA-13B-like_DP-heavy_TP8_PP2_DP64,reach_only_depth_is_costly,relaxed,low,TP1-PP3-DP1,,5.4,10.0,False,reach
LLaMA-13B-like_DP-heavy_TP8_PP2_DP64,reach_only_depth_is_costly,relaxed,low,TP1-PP3-DP2,,6.4,10.0,False,reach
LLaMA-13B-like_DP-heavy_TP8_PP2_DP64,reach_only_depth_is_costly,relaxed,low,TP1-PP3-DP3,,8.4,10.0,False,port
LLaMA-13B-like_DP-heavy_TP8_PP2_DP64,reach_only_depth_is_costly,relaxed,low,TP2-PP1-DP1,,4.2,6.0,False,reach
LLaMA-13B-like_DP-heavy_TP8_PP2_DP64,reach_only_depth_is_costly,relaxed,low,TP2-PP1-DP2,,5.2,6.0,False,reach
LLaMA-13B-like_DP-heavy_TP8_PP2_DP64,reach_only_depth_is_costly,relaxed,low,TP2-PP1-DP3,,7.2,10.0,False,port
LLaMA-13B-like_DP-heavy_TP8_PP2_DP64,reach_only_depth_is_costly,relaxed,low,TP2-PP2-DP1,,5.0,6.0,False,reach
LLaMA-13B-like_DP-heavy_TP8_PP2_DP64,reach_only_depth_is_costly,relaxed,low,TP2-PP2-DP2,,6.0,6.0,False,reach
LLaMA-13B-like_DP-heavy_TP8_PP2_DP64,reach_only_depth_is_costly,relaxed,low,TP2-PP2-DP3,,8.0,10.0,False,port
LLaMA-13B-like_DP-heavy_TP8_PP2_DP64,reach_only_depth_is_costly,relaxed,low,TP2-PP3-DP1,,6.6,10.0,False,reach
LLaMA-13B-like_DP-heavy_TP8_PP2_DP64,reach_only_depth_is_costly,relaxed,low,TP2-PP3-DP2,,7.6,10.0,False,port+reach
LLaMA-13B-like_DP-heavy_TP8_PP2_DP64,reach_only_depth_is_costly,relaxed,low,TP2-PP3-DP3,,9.6,10.0,False,port
LLaMA-13B-like_DP-heavy_TP8_PP2_DP64,reach_only_depth_is_costly,relaxed,low,TP3-PP1-DP1,,6.6,10.0,False,reach
LLaMA-13B-like_DP-heavy_TP8_PP2_DP64,reach_only_depth_is_costly,relaxed,low,TP3-PP1-DP2,,7.6,10.0,False,port+reach
LLaMA-13B-like_DP-heavy_TP8_PP2_DP64,reach_only_depth_is_costly,relaxed,low,TP3-PP1-DP3,,9.6,10.0,False,port
LLaMA-13B-like_DP-heavy_TP8_PP2_DP64,reach_only_depth_is_costly,relaxed,low,TP3-PP2-DP1,,7.4,10.0,False,port+reach
LLaMA-13B-like_DP-heavy_TP8_PP2_DP64,reach_only_depth_is_costly,relaxed,low,TP3-PP2-DP2,,8.4,10.0,False,port+reach
LLaMA-13B-like_DP-heavy_TP8_PP2_DP64,reach_only_depth_is_costly,relaxed,low,TP3-PP2-DP3,,10.4,10.0,False,port
LLaMA-13B-like_DP-heavy_TP8_PP2_DP64,reach_only_depth_is_costly,relaxed,low,TP3-PP3-DP1,,9.0,10.0,False,port+reach
LLaMA-13B-like_DP-heavy_TP8_PP2_DP64,reach_only_depth_is_costly,relaxed,low,TP3-PP3-DP2,,10.0,10.0,False,port+reach
LLaMA-13B-like_DP-heavy_TP8_PP2_DP64,reach_only_depth_is_costly,relaxed,low,TP3-PP3-DP3,,12.0,10.0,False,port
LLaMA-13B-like_DP-heavy_TP8_PP2_DP64,reach_only_depth_is_costly,relaxed,medium,TP1-PP1-DP1,,3.0,2.5,False,reach
LLaMA-13B-like_DP-heavy_TP8_PP2_DP64,reach_only_depth_is_costly,relaxed,medium,TP1-PP1-DP2,,4.0,6.0,False,reach
LLaMA-13B-like_DP-heavy_TP8_PP2_DP64,reach_only_depth_is_costly,relaxed,medium,TP1-PP1-DP3,0.30049899902000005,6.0,10.0,True,
LLaMA-13B-like_DP-heavy_TP8_PP2_DP64,reach_only_depth_is_costly,relaxed,medium,TP1-PP2-DP1,,3.8,6.0,False,reach
LLaMA-13B-like_DP-heavy_TP8_PP2_DP64,reach_only_depth_is_costly,relaxed,medium,TP1-PP2-DP2,,4.8,6.0,False,reach
LLaMA-13B-like_DP-heavy_TP8_PP2_DP64,reach_only_depth_is_costly,relaxed,medium,TP1-PP2-DP3,0.30071269118000005,6.8,10.0,True,
LLaMA-13B-like_DP-heavy_TP8_PP2_DP64,reach_only_depth_is_costly,relaxed,medium,TP1-PP3-DP1,,5.4,10.0,False,reach
LLaMA-13B-like_DP-heavy_TP8_PP2_DP64,reach_only_depth_is_costly,relaxed,medium,TP1-PP3-DP2,,6.4,10.0,False,reach
LLaMA-13B-like_DP-heavy_TP8_PP2_DP64,reach_only_depth_is_costly,relaxed,medium,TP1-PP3-DP3,0.30121638739333334,8.4,10.0,True,
LLaMA-13B-like_DP-heavy_TP8_PP2_DP64,reach_only_depth_is_costly,relaxed,medium,TP2-PP1-DP1,,4.2,6.0,False,reach
LLaMA-13B-like_DP-heavy_TP8_PP2_DP64,reach_only_depth_is_costly,relaxed,medium,TP2-PP1-DP2,,5.2,6.0,False,reach
LLaMA-13B-like_DP-heavy_TP8_PP2_DP64,reach_only_depth_is_costly,relaxed,medium,TP2-PP1-DP3,0.37204567422000007,7.2,10.0,True,
LLaMA-13B-like_DP-heavy_TP8_PP2_DP64,reach_only_depth_is_costly,relaxed,medium,TP2-PP2-DP1,,5.0,6.0,False,reach
LLaMA-13B-like_DP-heavy_TP8_PP2_DP64,reach_only_depth_is_costly,relaxed,medium,TP2-PP2-DP2,,6.0,6.0,False,reach
LLaMA-13B-like_DP-heavy_TP8_PP2_DP64,reach_only_depth_is_costly,relaxed,medium,TP2-PP2-DP3,0.37225936638000007,8.0,10.0,True,
LLaMA-13B-like_DP-heavy_TP8_PP2_DP64,reach_only_depth_is_costly,relaxed,medium,TP2-PP3-DP1,,6.6,10.0,False,reach
LLaMA-13B-like_DP-heavy_TP8_PP2_DP64,reach_only_depth_is_costly,relaxed,medium,TP2-PP3-DP2,,7.6,10.0,False,reach
LLaMA-13B-like_DP-heavy_TP8_PP2_DP64,reach_only_depth_is_costly,relaxed,medium,TP2-PP3-DP3,0.37276306259333336,9.6,10.0,True,
LLaMA-13B-like_DP-heavy_TP8_PP2_DP64,reach_only_depth_is_costly,relaxed,medium,TP3-PP1-DP1,,6.6,10.0,False,reach
LLaMA-13B-like_DP-heavy_TP8_PP2_DP64,reach_only_depth_is_costly,relaxed,medium,TP3-PP1-DP2,,7.6,10.0,False,reach
LLaMA-13B-like_DP-heavy_TP8_PP2_DP64,reach_only_depth_is_costly,relaxed,medium,TP3-PP1-DP3,0.6324588411533333,9.6,10.0,True,
LLaMA-13B-like_DP-heavy_TP8_PP2_DP64,reach_only_depth_is_costly,relaxed,medium,TP3-PP2-DP1,,7.4,10.0,False,reach
LLaMA-13B-like_DP-heavy_TP8_PP2_DP64,reach_only_depth_is_costly,relaxed,medium,TP3-PP2-DP2,,8.4,10.0,False,reach
LLaMA-13B-like_DP-heavy_TP8_PP2_DP64,reach_only_depth_is_costly,relaxed,medium,TP3-PP2-DP3,0.6326725333133333,10.4,10.0,True,
LLaMA-13B-like_DP-heavy_TP8_PP2_DP64,reach_only_depth_is_costly,relaxed,medium,TP3-PP3-DP1,,9.0,10.0,False,reach
LLaMA-13B-like_DP-heavy_TP8_PP2_DP64,reach_only_depth_is_costly,relaxed,medium,TP3-PP3-DP2,,10.0,10.0,False,reach
LLaMA-13B-like_DP-heavy_TP8_PP2_DP64,reach_only_depth_is_costly,relaxed,medium,TP3-PP3-DP3,0.6331762295266666,12.0,10.0,True,
LLaMA-13B-like_DP-heavy_TP8_PP2_DP64,reach_only_depth_is_costly,relaxed,high,TP1-PP1-DP1,,3.0,2.5,False,reach
LLaMA-13B-like_DP-heavy_TP8_PP2_DP64,reach_only_depth_is_costly,relaxed,high,TP1-PP1-DP2,,4.0,6.0,False,reach
LLaMA-13B-like_DP-heavy_TP8_PP2_DP64,reach_only_depth_is_costly,relaxed,high,TP1-PP1-DP3,0.30049899902000005,6.0,10.0,True,
LLaMA-13B-like_DP-heavy_TP8_PP2_DP64,reach_only_depth_is_costly,relaxed,high,TP1-PP2-DP1,,3.8,6.0,False,reach
LLaMA-13B-like_DP-heavy_TP8_PP2_DP64,reach_only_depth_is_costly,relaxed,high,TP1-PP2-DP2,,4.8,6.0,False,reach
LLaMA-13B-like_DP-heavy_TP8_PP2_DP64,reach_only_depth_is_costly,relaxed,high,TP1-PP2-DP3,0.30071269118000005,6.8,10.0,True,
LLaMA-13B-like_DP-heavy_TP8_PP2_DP64,reach_only_depth_is_costly,relaxed,high,TP1-PP3-DP1,,5.4,10.0,False,reach
LLaMA-13B-like_DP-heavy_TP8_PP2_DP64,reach_only_depth_is_costly,relaxed,high,TP1-PP3-DP2,,6.4,10.0,False,reach
LLaMA-13B-like_DP-heavy_TP8_PP2_DP64,reach_only_depth_is_costly,relaxed,high,TP1-PP3-DP3,0.30121638739333334,8.4,10.0,True,
LLaMA-13B-like_DP-heavy_TP8_PP2_DP64,reach_only_depth_is_costly,relaxed,high,TP2-PP1-DP1,,4.2,6.0,False,reach
LLaMA-13B-like_DP-heavy_TP8_PP2_DP64,reach_only_depth_is_costly,relaxed,high,TP2-PP1-DP2,,5.2,6.0,False,reach
LLaMA-13B-like_DP-heavy_TP8_PP2_DP64,reach_only_depth_is_costly,relaxed,high,TP2-PP1-DP3,0.37204567422000007,7.2,10.0,True,
LLaMA-13B-like_DP-heavy_TP8_PP2_DP64,reach_only_depth_is_costly,relaxed,high,TP2-PP2-DP1,,5.0,6.0,False,reach
LLaMA-13B-like_DP-heavy_TP8_PP2_DP64,reach_only_depth_is_costly,relaxed,high,TP2-PP2-DP2,,6.0,6.0,False,reach
LLaMA-13B-like_DP-heavy_TP8_PP2_DP64,reach_only_depth_is_costly,relaxed,high,TP2-PP2-DP3,0.37225936638000007,8.0,10.0,True,
LLaMA-13B-like_DP-heavy_TP8_PP2_DP64,reach_only_depth_is_costly,relaxed,high,TP2-PP3-DP1,,6.6,10.0,False,reach
LLaMA-13B-like_DP-heavy_TP8_PP2_DP64,reach_only_depth_is_costly,relaxed,high,TP2-PP3-DP2,,7.6,10.0,False,reach
LLaMA-13B-like_DP-heavy_TP8_PP2_DP64,reach_only_depth_is_costly,relaxed,high,TP2-PP3-DP3,0.37276306259333336,9.6,10.0,True,
LLaMA-13B-like_DP-heavy_TP8_PP2_DP64,reach_only_depth_is_costly,relaxed,high,TP3-PP1-DP1,,6.6,10.0,False,reach
LLaMA-13B-like_DP-heavy_TP8_PP2_DP64,reach_only_depth_is_costly,relaxed,high,TP3-PP1-DP2,,7.6,10.0,False,reach
LLaMA-13B-like_DP-heavy_TP8_PP2_DP64,reach_only_depth_is_costly,relaxed,high,TP3-PP1-DP3,0.6324588411533333,9.6,10.0,True,
LLaMA-13B-like_DP-heavy_TP8_PP2_DP64,reach_only_depth_is_costly,relaxed,high,TP3-PP2-DP1,,7.4,10.0,False,reach
LLaMA-13B-like_DP-heavy_TP8_PP2_DP64,reach_only_depth_is_costly,relaxed,high,TP3-PP2-DP2,,8.4,10.0,False,reach
LLaMA-13B-like_DP-heavy_TP8_PP2_DP64,reach_only_depth_is_costly,relaxed,high,TP3-PP2-DP3,0.6326725333133333,10.4,10.0,True,
LLaMA-13B-like_DP-heavy_TP8_PP2_DP64,reach_only_depth_is_costly,relaxed,high,TP3-PP3-DP1,,9.0,10.0,False,reach
LLaMA-13B-like_DP-heavy_TP8_PP2_DP64,reach_only_depth_is_costly,relaxed,high,TP3-PP3-DP2,,10.0,10.0,False,reach
LLaMA-13B-like_DP-heavy_TP8_PP2_DP64,reach_only_depth_is_costly,relaxed,high,TP3-PP3-DP3,0.6331762295266666,12.0,10.0,True,
LLaMA-13B-like_DP-heavy_TP8_PP2_DP64,extra_parallelism_bandwidth_steering,strict,low,TP1-PP1-DP1,,3.0,2.5,False,reach
LLaMA-13B-like_DP-heavy_TP8_PP2_DP64,extra_parallelism_bandwidth_steering,strict,low,TP1-PP1-DP2,,5.0,6.5,False,reach
LLaMA-13B-like_DP-heavy_TP8_PP2_DP64,extra_parallelism_bandwidth_steering,strict,low,TP1-PP1-DP3,,8.0,10.5,False,loss+port
LLaMA-13B-like_DP-heavy_TP8_PP2_DP64,extra_parallelism_bandwidth_steering,strict,low,TP1-PP2-DP1,,4.6000000000000005,6.5,False,reach
LLaMA-13B-like_DP-heavy_TP8_PP2_DP64,extra_parallelism_bandwidth_steering,strict,low,TP1-PP2-DP2,,6.6000000000000005,6.5,False,reach
LLaMA-13B-like_DP-heavy_TP8_PP2_DP64,extra_parallelism_bandwidth_steering,strict,low,TP1-PP2-DP3,,9.600000000000001,10.5,False,loss+port
LLaMA-13B-like_DP-heavy_TP8_PP2_DP64,extra_parallelism_bandwidth_steering,strict,low,TP1-PP3-DP1,,7.000000000000001,10.5,False,loss+port+reach
LLaMA-13B-like_DP-heavy_TP8_PP2_DP64,extra_parallelism_bandwidth_steering,strict,low,TP1-PP3-DP2,,9.0,10.5,False,loss+port+reach
LLaMA-13B-like_DP-heavy_TP8_PP2_DP64,extra_parallelism_bandwidth_steering,strict,low,TP1-PP3-DP3,,12.0,10.5,False,loss+port
LLaMA-13B-like_DP-heavy_TP8_PP2_DP64,extra_parallelism_bandwidth_steering,strict,low,TP2-PP1-DP1,,5.3999999999999995,6.5,False,reach
LLaMA-13B-like_DP-heavy_TP8_PP2_DP64,extra_parallelism_bandwidth_steering,strict,low,TP2-PP1-DP2,,7.3999999999999995,6.5,False,port+reach
LLaMA-13B-like_DP-heavy_TP8_PP2_DP64,extra_parallelism_bandwidth_steering,strict,low,TP2-PP1-DP3,,10.399999999999999,10.5,False,loss+port
LLaMA-13B-like_DP-heavy_TP8_PP2_DP64,extra_parallelism_bandwidth_steering,strict,low,TP2-PP2-DP1,,7.0,6.5,False,reach
LLaMA-13B-like_DP-heavy_TP8_PP2_DP64,extra_parallelism_bandwidth_steering,strict,low,TP2-PP2-DP2,,9.0,6.5,False,port+reach
LLaMA-13B-like_DP-heavy_TP8_PP2_DP64,extra_parallelism_bandwidth_steering,strict,low,TP2-PP2-DP3,,12.0,10.5,False,loss+port
LLaMA-13B-like_DP-heavy_TP8_PP2_DP64,extra_parallelism_bandwidth_steering,strict,low,TP2-PP3-DP1,,9.4,10.5,False,loss+port+reach
LLaMA-13B-like_DP-heavy_TP8_PP2_DP64,extra_parallelism_bandwidth_steering,strict,low,TP2-PP3-DP2,,11.4,10.5,False,loss+port+reach
LLaMA-13B-like_DP-heavy_TP8_PP2_DP64,extra_parallelism_bandwidth_steering,strict,low,TP2-PP3-DP3,,14.4,10.5,False,loss+port
LLaMA-13B-like_DP-heavy_TP8_PP2_DP64,extra_parallelism_bandwidth_steering,strict,low,TP3-PP1-DP1,,9.0,10.5,False,loss+port+reach
LLaMA-13B-like_DP-heavy_TP8_PP2_DP64,extra_parallelism_bandwidth_steering,strict,low,TP3-PP1-DP2,,11.0,10.5,False,loss+port+reach
LLaMA-13B-like_DP-heavy_TP8_PP2_DP64,extra_parallelism_bandwidth_steering,strict,low,TP3-PP1-DP3,,14.0,10.5,False,loss+port
LLaMA-13B-like_DP-heavy_TP8_PP2_DP64,extra_parallelism_bandwidth_steering,strict,low,TP3-PP2-DP1,,10.6,10.5,False,loss+port+reach
LLaMA-13B-like_DP-heavy_TP8_PP2_DP64,extra_parallelism_bandwidth_steering,strict,low,TP3-PP2-DP2,,12.6,10.5,False,loss+port+reach
LLaMA-13B-like_DP-heavy_TP8_PP2_DP64,extra_parallelism_bandwidth_steering,strict,low,TP3-PP2-DP3,,15.6,10.5,False,loss+port
LLaMA-13B-like_DP-heavy_TP8_PP2_DP64,extra_parallelism_bandwidth_steering,strict,low,TP3-PP3-DP1,,13.0,10.5,False,loss+port+reach
LLaMA-13B-like_DP-heavy_TP8_PP2_DP64,extra_parallelism_bandwidth_steering,strict,low,TP3-PP3-DP2,,15.0,10.5,False,loss+port+reach
LLaMA-13B-like_DP-heavy_TP8_PP2_DP64,extra_parallelism_bandwidth_steering,strict,low,TP3-PP3-DP3,,18.0,10.5,False,loss+port
LLaMA-13B-like_DP-heavy_TP8_PP2_DP64,extra_parallelism_bandwidth_steering,strict,medium,TP1-PP1-DP1,,3.0,2.5,False,reach
LLaMA-13B-like_DP-heavy_TP8_PP2_DP64,extra_parallelism_bandwidth_steering,strict,medium,TP1-PP1-DP2,,5.0,6.5,False,reach
LLaMA-13B-like_DP-heavy_TP8_PP2_DP64,extra_parallelism_bandwidth_steering,strict,medium,TP1-PP1-DP3,,8.0,10.5,False,loss
LLaMA-13B-like_DP-heavy_TP8_PP2_DP64,extra_parallelism_bandwidth_steering,strict,medium,TP1-PP2-DP1,,4.6000000000000005,6.5,False,reach
LLaMA-13B-like_DP-heavy_TP8_PP2_DP64,extra_parallelism_bandwidth_steering,strict,medium,TP1-PP2-DP2,,6.6000000000000005,6.5,False,reach
LLaMA-13B-like_DP-heavy_TP8_PP2_DP64,extra_parallelism_bandwidth_steering,strict,medium,TP1-PP2-DP3,,9.600000000000001,10.5,False,loss
LLaMA-13B-like_DP-heavy_TP8_PP2_DP64,extra_parallelism_bandwidth_steering,strict,medium,TP1-PP3-DP1,,7.000000000000001,10.5,False,loss+reach
LLaMA-13B-like_DP-heavy_TP8_PP2_DP64,extra_parallelism_bandwidth_steering,strict,medium,TP1-PP3-DP2,,9.0,10.5,False,loss+reach
LLaMA-13B-like_DP-heavy_TP8_PP2_DP64,extra_parallelism_bandwidth_steering,strict,medium,TP1-PP3-DP3,,12.0,10.5,False,loss
LLaMA-13B-like_DP-heavy_TP8_PP2_DP64,extra_parallelism_bandwidth_steering,strict,medium,TP2-PP1-DP1,,5.3999999999999995,6.5,False,reach
LLaMA-13B-like_DP-heavy_TP8_PP2_DP64,extra_parallelism_bandwidth_steering,strict,medium,TP2-PP1-DP2,,7.3999999999999995,6.5,False,reach
LLaMA-13B-like_DP-heavy_TP8_PP2_DP64,extra_parallelism_bandwidth_steering,strict,medium,TP2-PP1-DP3,,10.399999999999999,10.5,False,loss
LLaMA-13B-like_DP-heavy_TP8_PP2_DP64,extra_parallelism_bandwidth_steering,strict,medium,TP2-PP2-DP1,,7.0,6.5,False,reach
LLaMA-13B-like_DP-heavy_TP8_PP2_DP64,extra_parallelism_bandwidth_steering,strict,medium,TP2-PP2-DP2,,9.0,6.5,False,reach
LLaMA-13B-like_DP-heavy_TP8_PP2_DP64,extra_parallelism_bandwidth_steering,strict,medium,TP2-PP2-DP3,,12.0,10.5,False,loss
LLaMA-13B-like_DP-heavy_TP8_PP2_DP64,extra_parallelism_bandwidth_steering,strict,medium,TP2-PP3-DP1,,9.4,10.5,False,loss+reach
LLaMA-13B-like_DP-heavy_TP8_PP2_DP64,extra_parallelism_bandwidth_steering,strict,medium,TP2-PP3-DP2,,11.4,10.5,False,loss+reach
LLaMA-13B-like_DP-heavy_TP8_PP2_DP64,extra_parallelism_bandwidth_steering,strict,medium,TP2-PP3-DP3,,14.4,10.5,False,loss+port
LLaMA-13B-like_DP-heavy_TP8_PP2_DP64,extra_parallelism_bandwidth_steering,strict,medium,TP3-PP1-DP1,,9.0,10.5,False,loss+reach
LLaMA-13B-like_DP-heavy_TP8_PP2_DP64,extra_parallelism_bandwidth_steering,strict,medium,TP3-PP1-DP2,,11.0,10.5,False,loss+reach
LLaMA-13B-like_DP-heavy_TP8_PP2_DP64,extra_parallelism_bandwidth_steering,strict,medium,TP3-PP1-DP3,,14.0,10.5,False,loss+port
LLaMA-13B-like_DP-heavy_TP8_PP2_DP64,extra_parallelism_bandwidth_steering,strict,medium,TP3-PP2-DP1,,10.6,10.5,False,loss+reach
LLaMA-13B-like_DP-heavy_TP8_PP2_DP64,extra_parallelism_bandwidth_steering,strict,medium,TP3-PP2-DP2,,12.6,10.5,False,loss+port+reach
LLaMA-13B-like_DP-heavy_TP8_PP2_DP64,extra_parallelism_bandwidth_steering,strict,medium,TP3-PP2-DP3,,15.6,10.5,False,loss+port
LLaMA-13B-like_DP-heavy_TP8_PP2_DP64,extra_parallelism_bandwidth_steering,strict,medium,TP3-PP3-DP1,,13.0,10.5,False,loss+port+reach
LLaMA-13B-like_DP-heavy_TP8_PP2_DP64,extra_parallelism_bandwidth_steering,strict,medium,TP3-PP3-DP2,,15.0,10.5,False,loss+port+reach
LLaMA-13B-like_DP-heavy_TP8_PP2_DP64,extra_parallelism_bandwidth_steering,strict,medium,TP3-PP3-DP3,,18.0,10.5,False,loss+port
LLaMA-13B-like_DP-heavy_TP8_PP2_DP64,extra_parallelism_bandwidth_steering,strict,high,TP1-PP1-DP1,,3.0,2.5,False,reach
LLaMA-13B-like_DP-heavy_TP8_PP2_DP64,extra_parallelism_bandwidth_steering,strict,high,TP1-PP1-DP2,,5.0,6.5,False,reach
LLaMA-13B-like_DP-heavy_TP8_PP2_DP64,extra_parallelism_bandwidth_steering,strict,high,TP1-PP1-DP3,,8.0,10.5,False,loss
LLaMA-13B-like_DP-heavy_TP8_PP2_DP64,extra_parallelism_bandwidth_steering,strict,high,TP1-PP2-DP1,,4.6000000000000005,6.5,False,reach
LLaMA-13B-like_DP-heavy_TP8_PP2_DP64,extra_parallelism_bandwidth_steering,strict,high,TP1-PP2-DP2,,6.6000000000000005,6.5,False,reach
LLaMA-13B-like_DP-heavy_TP8_PP2_DP64,extra_parallelism_bandwidth_steering,strict,high,TP1-PP2-DP3,,9.600000000000001,10.5,False,loss
LLaMA-13B-like_DP-heavy_TP8_PP2_DP64,extra_parallelism_bandwidth_steering,strict,high,TP1-PP3-DP1,,7.000000000000001,10.5,False,loss+reach
LLaMA-13B-like_DP-heavy_TP8_PP2_DP64,extra_parallelism_bandwidth_steering,strict,high,TP1-PP3-DP2,,9.0,10.5,False,loss+reach
LLaMA-13B-like_DP-heavy_TP8_PP2_DP64,extra_parallelism_bandwidth_steering,strict,high,TP1-PP3-DP3,,12.0,10.5,False,loss
LLaMA-13B-like_DP-heavy_TP8_PP2_DP64,extra_parallelism_bandwidth_steering,strict,high,TP2-PP1-DP1,,5.3999999999999995,6.5,False,reach
LLaMA-13B-like_DP-heavy_TP8_PP2_DP64,extra_parallelism_bandwidth_steering,strict,high,TP2-PP1-DP2,,7.3999999999999995,6.5,False,reach
LLaMA-13B-like_DP-heavy_TP8_PP2_DP64,extra_parallelism_bandwidth_steering,strict,high,TP2-PP1-DP3,,10.399999999999999,10.5,False,loss
LLaMA-13B-like_DP-heavy_TP8_PP2_DP64,extra_parallelism_bandwidth_steering,strict,high,TP2-PP2-DP1,,7.0,6.5,False,reach
LLaMA-13B-like_DP-heavy_TP8_PP2_DP64,extra_parallelism_bandwidth_steering,strict,high,TP2-PP2-DP2,,9.0,6.5,False,reach
LLaMA-13B-like_DP-heavy_TP8_PP2_DP64,extra_parallelism_bandwidth_steering,strict,high,TP2-PP2-DP3,,12.0,10.5,False,loss
LLaMA-13B-like_DP-heavy_TP8_PP2_DP64,extra_parallelism_bandwidth_steering,strict,high,TP2-PP3-DP1,,9.4,10.5,False,loss+reach
LLaMA-13B-like_DP-heavy_TP8_PP2_DP64,extra_parallelism_bandwidth_steering,strict,high,TP2-PP3-DP2,,11.4,10.5,False,loss+reach
LLaMA-13B-like_DP-heavy_TP8_PP2_DP64,extra_parallelism_bandwidth_steering,strict,high,TP2-PP3-DP3,,14.4,10.5,False,loss
LLaMA-13B-like_DP-heavy_TP8_PP2_DP64,extra_parallelism_bandwidth_steering,strict,high,TP3-PP1-DP1,,9.0,10.5,False,loss+reach
LLaMA-13B-like_DP-heavy_TP8_PP2_DP64,extra_parallelism_bandwidth_steering,strict,high,TP3-PP1-DP2,,11.0,10.5,False,loss+reach
LLaMA-13B-like_DP-heavy_TP8_PP2_DP64,extra_parallelism_bandwidth_steering,strict,high,TP3-PP1-DP3,,14.0,10.5,False,loss
LLaMA-13B-like_DP-heavy_TP8_PP2_DP64,extra_parallelism_bandwidth_steering,strict,high,TP3-PP2-DP1,,10.6,10.5,False,loss+reach
LLaMA-13B-like_DP-heavy_TP8_PP2_DP64,extra_parallelism_bandwidth_steering,strict,high,TP3-PP2-DP2,,12.6,10.5,False,loss+reach
LLaMA-13B-like_DP-heavy_TP8_PP2_DP64,extra_parallelism_bandwidth_steering,strict,high,TP3-PP2-DP3,,15.6,10.5,False,loss
LLaMA-13B-like_DP-heavy_TP8_PP2_DP64,extra_parallelism_bandwidth_steering,strict,high,TP3-PP3-DP1,,13.0,10.5,False,loss+reach
LLaMA-13B-like_DP-heavy_TP8_PP2_DP64,extra_parallelism_bandwidth_steering,strict,high,TP3-PP3-DP2,,15.0,10.5,False,loss+reach
LLaMA-13B-like_DP-heavy_TP8_PP2_DP64,extra_parallelism_bandwidth_steering,strict,high,TP3-PP3-DP3,,18.0,10.5,False,loss
LLaMA-13B-like_DP-heavy_TP8_PP2_DP64,extra_parallelism_bandwidth_steering,medium,low,TP1-PP1-DP1,,3.0,2.5,False,reach
LLaMA-13B-like_DP-heavy_TP8_PP2_DP64,extra_parallelism_bandwidth_steering,medium,low,TP1-PP1-DP2,,5.0,6.5,False,reach
LLaMA-13B-like_DP-heavy_TP8_PP2_DP64,extra_parallelism_bandwidth_steering,medium,low,TP1-PP1-DP3,,8.0,10.5,False,port
LLaMA-13B-like_DP-heavy_TP8_PP2_DP64,extra_parallelism_bandwidth_steering,medium,low,TP1-PP2-DP1,,4.6000000000000005,6.5,False,reach
LLaMA-13B-like_DP-heavy_TP8_PP2_DP64,extra_parallelism_bandwidth_steering,medium,low,TP1-PP2-DP2,,6.6000000000000005,6.5,False,reach
LLaMA-13B-like_DP-heavy_TP8_PP2_DP64,extra_parallelism_bandwidth_steering,medium,low,TP1-PP2-DP3,,9.600000000000001,10.5,False,port
LLaMA-13B-like_DP-heavy_TP8_PP2_DP64,extra_parallelism_bandwidth_steering,medium,low,TP1-PP3-DP1,,7.000000000000001,10.5,False,port+reach
LLaMA-13B-like_DP-heavy_TP8_PP2_DP64,extra_parallelism_bandwidth_steering,medium,low,TP1-PP3-DP2,,9.0,10.5,False,port+reach
LLaMA-13B-like_DP-heavy_TP8_PP2_DP64,extra_parallelism_bandwidth_steering,medium,low,TP1-PP3-DP3,,12.0,10.5,False,port
LLaMA-13B-like_DP-heavy_TP8_PP2_DP64,extra_parallelism_bandwidth_steering,medium,low,TP2-PP1-DP1,,5.3999999999999995,6.5,False,reach
LLaMA-13B-like_DP-heavy_TP8_PP2_DP64,extra_parallelism_bandwidth_steering,medium,low,TP2-PP1-DP2,,7.3999999999999995,6.5,False,port+reach
LLaMA-13B-like_DP-heavy_TP8_PP2_DP64,extra_parallelism_bandwidth_steering,medium,low,TP2-PP1-DP3,,10.399999999999999,10.5,False,port
LLaMA-13B-like_DP-heavy_TP8_PP2_DP64,extra_parallelism_bandwidth_steering,medium,low,TP2-PP2-DP1,,7.0,6.5,False,reach
LLaMA-13B-like_DP-heavy_TP8_PP2_DP64,extra_parallelism_bandwidth_steering,medium,low,TP2-PP2-DP2,,9.0,6.5,False,port+reach
LLaMA-13B-like_DP-heavy_TP8_PP2_DP64,extra_parallelism_bandwidth_steering,medium,low,TP2-PP2-DP3,,12.0,10.5,False,port
LLaMA-13B-like_DP-heavy_TP8_PP2_DP64,extra_parallelism_bandwidth_steering,medium,low,TP2-PP3-DP1,,9.4,10.5,False,port+reach
LLaMA-13B-like_DP-heavy_TP8_PP2_DP64,extra_parallelism_bandwidth_steering,medium,low,TP2-PP3-DP2,,11.4,10.5,False,port+reach
LLaMA-13B-like_DP-heavy_TP8_PP2_DP64,extra_parallelism_bandwidth_steering,medium,low,TP2-PP3-DP3,,14.4,10.5,False,port
LLaMA-13B-like_DP-heavy_TP8_PP2_DP64,extra_parallelism_bandwidth_steering,medium,low,TP3-PP1-DP1,,9.0,10.5,False,port+reach
LLaMA-13B-like_DP-heavy_TP8_PP2_DP64,extra_parallelism_bandwidth_steering,medium,low,TP3-PP1-DP2,,11.0,10.5,False,port+reach
LLaMA-13B-like_DP-heavy_TP8_PP2_DP64,extra_parallelism_bandwidth_steering,medium,low,TP3-PP1-DP3,,14.0,10.5,False,port
LLaMA-13B-like_DP-heavy_TP8_PP2_DP64,extra_parallelism_bandwidth_steering,medium,low,TP3-PP2-DP1,,10.6,10.5,False,port+reach
LLaMA-13B-like_DP-heavy_TP8_PP2_DP64,extra_parallelism_bandwidth_steering,medium,low,TP3-PP2-DP2,,12.6,10.5,False,port+reach
LLaMA-13B-like_DP-heavy_TP8_PP2_DP64,extra_parallelism_bandwidth_steering,medium,low,TP3-PP2-DP3,,15.6,10.5,False,port
LLaMA-13B-like_DP-heavy_TP8_PP2_DP64,extra_parallelism_bandwidth_steering,medium,low,TP3-PP3-DP1,,13.0,10.5,False,port+reach
LLaMA-13B-like_DP-heavy_TP8_PP2_DP64,extra_parallelism_bandwidth_steering,medium,low,TP3-PP3-DP2,,15.0,10.5,False,port+reach
LLaMA-13B-like_DP-heavy_TP8_PP2_DP64,extra_parallelism_bandwidth_steering,medium,low,TP3-PP3-DP3,,18.0,10.5,False,port
LLaMA-13B-like_DP-heavy_TP8_PP2_DP64,extra_parallelism_bandwidth_steering,medium,medium,TP1-PP1-DP1,,3.0,2.5,False,reach
LLaMA-13B-like_DP-heavy_TP8_PP2_DP64,extra_parallelism_bandwidth_steering,medium,medium,TP1-PP1-DP2,,5.0,6.5,False,reach
LLaMA-13B-like_DP-heavy_TP8_PP2_DP64,extra_parallelism_bandwidth_steering,medium,medium,TP1-PP1-DP3,0.37101741577666664,8.0,10.5,True,
LLaMA-13B-like_DP-heavy_TP8_PP2_DP64,extra_parallelism_bandwidth_steering,medium,medium,TP1-PP2-DP1,,4.6000000000000005,6.5,False,reach
LLaMA-13B-like_DP-heavy_TP8_PP2_DP64,extra_parallelism_bandwidth_steering,medium,medium,TP1-PP2-DP2,,6.6000000000000005,6.5,False,reach
LLaMA-13B-like_DP-heavy_TP8_PP2_DP64,extra_parallelism_bandwidth_steering,medium,medium,TP1-PP2-DP3,0.37054137794555553,9.600000000000001,10.5,True,
LLaMA-13B-like_DP-heavy_TP8_PP2_DP64,extra_parallelism_bandwidth_steering,medium,medium,TP1-PP3-DP1,,7.000000000000001,10.5,False,reach
LLaMA-13B-like_DP-heavy_TP8_PP2_DP64,extra_parallelism_bandwidth_steering,medium,medium,TP1-PP3-DP2,,9.0,10.5,False,reach
LLaMA-13B-like_DP-heavy_TP8_PP2_DP64,extra_parallelism_bandwidth_steering,medium,medium,TP1-PP3-DP3,0.37056039903,12.0,10.5,True,
LLaMA-13B-like_DP-heavy_TP8_PP2_DP64,extra_parallelism_bandwidth_steering,medium,medium,TP2-PP1-DP1,,5.3999999999999995,6.5,False,reach
LLaMA-13B-like_DP-heavy_TP8_PP2_DP64,extra_parallelism_bandwidth_steering,medium,medium,TP2-PP1-DP2,,7.3999999999999995,6.5,False,reach
LLaMA-13B-like_DP-heavy_TP8_PP2_DP64,extra_parallelism_bandwidth_steering,medium,medium,TP2-PP1-DP3,0.29082349293222226,10.399999999999999,10.5,True,
LLaMA-13B-like_DP-heavy_TP8_PP2_DP64,extra_parallelism_bandwidth_steering,medium,medium,TP2-PP2-DP1,,7.0,6.5,False,reach
LLaMA-13B-like_DP-heavy_TP8_PP2_DP64,extra_parallelism_bandwidth_steering,medium,medium,TP2-PP2-DP2,,9.0,6.5,False,reach
LLaMA-13B-like_DP-heavy_TP8_PP2_DP64,extra_parallelism_bandwidth_steering,medium,medium,TP2-PP2-DP3,0.29034745510111115,12.0,10.5,True,
LLaMA-13B-like_DP-heavy_TP8_PP2_DP64,extra_parallelism_bandwidth_steering,medium,medium,TP2-PP3-DP1,,9.4,10.5,False,reach
LLaMA-13B-like_DP-heavy_TP8_PP2_DP64,extra_parallelism_bandwidth_steering,medium,medium,TP2-PP3-DP2,,11.4,10.5,False,reach
LLaMA-13B-like_DP-heavy_TP8_PP2_DP64,extra_parallelism_bandwidth_steering,medium,medium,TP2-PP3-DP3,,14.4,10.5,False,port
LLaMA-13B-like_DP-heavy_TP8_PP2_DP64,extra_parallelism_bandwidth_steering,medium,medium,TP3-PP1-DP1,,9.0,10.5,False,reach
LLaMA-13B-like_DP-heavy_TP8_PP2_DP64,extra_parallelism_bandwidth_steering,medium,medium,TP3-PP1-DP2,,11.0,10.5,False,reach
LLaMA-13B-like_DP-heavy_TP8_PP2_DP64,extra_parallelism_bandwidth_steering,medium,medium,TP3-PP1-DP3,,14.0,10.5,False,port
LLaMA-13B-like_DP-heavy_TP8_PP2_DP64,extra_parallelism_bandwidth_steering,medium,medium,TP3-PP2-DP1,,10.6,10.5,False,reach
LLaMA-13B-like_DP-heavy_TP8_PP2_DP64,extra_parallelism_bandwidth_steering,medium,medium,TP3-PP2-DP2,,12.6,10.5,False,port+reach
LLaMA-13B-like_DP-heavy_TP8_PP2_DP64,extra_parallelism_bandwidth_steering,medium,medium,TP3-PP2-DP3,,15.6,10.5,False,port
LLaMA-13B-like_DP-heavy_TP8_PP2_DP64,extra_parallelism_bandwidth_steering,medium,medium,TP3-PP3-DP1,,13.0,10.5,False,port+reach
LLaMA-13B-like_DP-heavy_TP8_PP2_DP64,extra_parallelism_bandwidth_steering,medium,medium,TP3-PP3-DP2,,15.0,10.5,False,port+reach
LLaMA-13B-like_DP-heavy_TP8_PP2_DP64,extra_parallelism_bandwidth_steering,medium,medium,TP3-PP3-DP3,,18.0,10.5,False,port
LLaMA-13B-like_DP-heavy_TP8_PP2_DP64,extra_parallelism_bandwidth_steering,medium,high,TP1-PP1-DP1,,3.0,2.5,False,reach
LLaMA-13B-like_DP-heavy_TP8_PP2_DP64,extra_parallelism_bandwidth_steering,medium,high,TP1-PP1-DP2,,5.0,6.5,False,reach
LLaMA-13B-like_DP-heavy_TP8_PP2_DP64,extra_parallelism_bandwidth_steering,medium,high,TP1-PP1-DP3,0.37101741577666664,8.0,10.5,True,
LLaMA-13B-like_DP-heavy_TP8_PP2_DP64,extra_parallelism_bandwidth_steering,medium,high,TP1-PP2-DP1,,4.6000000000000005,6.5,False,reach
LLaMA-13B-like_DP-heavy_TP8_PP2_DP64,extra_parallelism_bandwidth_steering,medium,high,TP1-PP2-DP2,,6.6000000000000005,6.5,False,reach
LLaMA-13B-like_DP-heavy_TP8_PP2_DP64,extra_parallelism_bandwidth_steering,medium,high,TP1-PP2-DP3,0.37054137794555553,9.600000000000001,10.5,True,
LLaMA-13B-like_DP-heavy_TP8_PP2_DP64,extra_parallelism_bandwidth_steering,medium,high,TP1-PP3-DP1,,7.000000000000001,10.5,False,reach
LLaMA-13B-like_DP-heavy_TP8_PP2_DP64,extra_parallelism_bandwidth_steering,medium,high,TP1-PP3-DP2,,9.0,10.5,False,reach
LLaMA-13B-like_DP-heavy_TP8_PP2_DP64,extra_parallelism_bandwidth_steering,medium,high,TP1-PP3-DP3,0.37056039903,12.0,10.5,True,
LLaMA-13B-like_DP-heavy_TP8_PP2_DP64,extra_parallelism_bandwidth_steering,medium,high,TP2-PP1-DP1,,5.3999999999999995,6.5,False,reach
LLaMA-13B-like_DP-heavy_TP8_PP2_DP64,extra_parallelism_bandwidth_steering,medium,high,TP2-PP1-DP2,,7.3999999999999995,6.5,False,reach
LLaMA-13B-like_DP-heavy_TP8_PP2_DP64,extra_parallelism_bandwidth_steering,medium,high,TP2-PP1-DP3,0.29082349293222226,10.399999999999999,10.5,True,
LLaMA-13B-like_DP-heavy_TP8_PP2_DP64,extra_parallelism_bandwidth_steering,medium,high,TP2-PP2-DP1,,7.0,6.5,False,reach
LLaMA-13B-like_DP-heavy_TP8_PP2_DP64,extra_parallelism_bandwidth_steering,medium,high,TP2-PP2-DP2,,9.0,6.5,False,reach
LLaMA-13B-like_DP-heavy_TP8_PP2_DP64,extra_parallelism_bandwidth_steering,medium,high,TP2-PP2-DP3,0.29034745510111115,12.0,10.5,True,
LLaMA-13B-like_DP-heavy_TP8_PP2_DP64,extra_parallelism_bandwidth_steering,medium,high,TP2-PP3-DP1,,9.4,10.5,False,reach
LLaMA-13B-like_DP-heavy_TP8_PP2_DP64,extra_parallelism_bandwidth_steering,medium,high,TP2-PP3-DP2,,11.4,10.5,False,reach
LLaMA-13B-like_DP-heavy_TP8_PP2_DP64,extra_parallelism_bandwidth_steering,medium,high,TP2-PP3-DP3,0.2903664761855556,14.4,10.5,True,
LLaMA-13B-like_DP-heavy_TP8_PP2_DP64,extra_parallelism_bandwidth_steering,medium,high,TP3-PP1-DP1,,9.0,10.5,False,reach
LLaMA-13B-like_DP-heavy_TP8_PP2_DP64,extra_parallelism_bandwidth_steering,medium,high,TP3-PP1-DP2,,11.0,10.5,False,reach
LLaMA-13B-like_DP-heavy_TP8_PP2_DP64,extra_parallelism_bandwidth_steering,medium,high,TP3-PP1-DP3,0.44460813151000006,14.0,10.5,True,
LLaMA-13B-like_DP-heavy_TP8_PP2_DP64,extra_parallelism_bandwidth_steering,medium,high,TP3-PP2-DP1,,10.6,10.5,False,reach
LLaMA-13B-like_DP-heavy_TP8_PP2_DP64,extra_parallelism_bandwidth_steering,medium,high,TP3-PP2-DP2,,12.6,10.5,False,reach
LLaMA-13B-like_DP-heavy_TP8_PP2_DP64,extra_parallelism_bandwidth_steering,medium,high,TP3-PP2-DP3,0.44413209367888895,15.6,10.5,True,
LLaMA-13B-like_DP-heavy_TP8_PP2_DP64,extra_parallelism_bandwidth_steering,medium,high,TP3-PP3-DP1,,13.0,10.5,False,reach
LLaMA-13B-like_DP-heavy_TP8_PP2_DP64,extra_parallelism_bandwidth_steering,medium,high,TP3-PP3-DP2,,15.0,10.5,False,reach
LLaMA-13B-like_DP-heavy_TP8_PP2_DP64,extra_parallelism_bandwidth_steering,medium,high,TP3-PP3-DP3,0.4441511147633334,18.0,10.5,True,
LLaMA-13B-like_DP-heavy_TP8_PP2_DP64,extra_parallelism_bandwidth_steering,relaxed,low,TP1-PP1-DP1,,3.0,2.5,False,reach
LLaMA-13B-like_DP-heavy_TP8_PP2_DP64,extra_parallelism_bandwidth_steering,relaxed,low,TP1-PP1-DP2,,5.0,6.5,False,reach
LLaMA-13B-like_DP-heavy_TP8_PP2_DP64,extra_parallelism_bandwidth_steering,relaxed,low,TP1-PP1-DP3,,8.0,10.5,False,port
LLaMA-13B-like_DP-heavy_TP8_PP2_DP64,extra_parallelism_bandwidth_steering,relaxed,low,TP1-PP2-DP1,,4.6000000000000005,6.5,False,reach
LLaMA-13B-like_DP-heavy_TP8_PP2_DP64,extra_parallelism_bandwidth_steering,relaxed,low,TP1-PP2-DP2,,6.6000000000000005,6.5,False,reach
LLaMA-13B-like_DP-heavy_TP8_PP2_DP64,extra_parallelism_bandwidth_steering,relaxed,low,TP1-PP2-DP3,,9.600000000000001,10.5,False,port
LLaMA-13B-like_DP-heavy_TP8_PP2_DP64,extra_parallelism_bandwidth_steering,relaxed,low,TP1-PP3-DP1,,7.000000000000001,10.5,False,port+reach
LLaMA-13B-like_DP-heavy_TP8_PP2_DP64,extra_parallelism_bandwidth_steering,relaxed,low,TP1-PP3-DP2,,9.0,10.5,False,port+reach
LLaMA-13B-like_DP-heavy_TP8_PP2_DP64,extra_parallelism_bandwidth_steering,relaxed,low,TP1-PP3-DP3,,12.0,10.5,False,port
LLaMA-13B-like_DP-heavy_TP8_PP2_DP64,extra_parallelism_bandwidth_steering,relaxed,low,TP2-PP1-DP1,,5.3999999999999995,6.5,False,reach
LLaMA-13B-like_DP-heavy_TP8_PP2_DP64,extra_parallelism_bandwidth_steering,relaxed,low,TP2-PP1-DP2,,7.3999999999999995,6.5,False,port+reach
LLaMA-13B-like_DP-heavy_TP8_PP2_DP64,extra_parallelism_bandwidth_steering,relaxed,low,TP2-PP1-DP3,,10.399999999999999,10.5,False,port
LLaMA-13B-like_DP-heavy_TP8_PP2_DP64,extra_parallelism_bandwidth_steering,relaxed,low,TP2-PP2-DP1,,7.0,6.5,False,reach
LLaMA-13B-like_DP-heavy_TP8_PP2_DP64,extra_parallelism_bandwidth_steering,relaxed,low,TP2-PP2-DP2,,9.0,6.5,False,port+reach
LLaMA-13B-like_DP-heavy_TP8_PP2_DP64,extra_parallelism_bandwidth_steering,relaxed,low,TP2-PP2-DP3,,12.0,10.5,False,port
LLaMA-13B-like_DP-heavy_TP8_PP2_DP64,extra_parallelism_bandwidth_steering,relaxed,low,TP2-PP3-DP1,,9.4,10.5,False,port+reach
LLaMA-13B-like_DP-heavy_TP8_PP2_DP64,extra_parallelism_bandwidth_steering,relaxed,low,TP2-PP3-DP2,,11.4,10.5,False,port+reach
LLaMA-13B-like_DP-heavy_TP8_PP2_DP64,extra_parallelism_bandwidth_steering,relaxed,low,TP2-PP3-DP3,,14.4,10.5,False,port
LLaMA-13B-like_DP-heavy_TP8_PP2_DP64,extra_parallelism_bandwidth_steering,relaxed,low,TP3-PP1-DP1,,9.0,10.5,False,port+reach
LLaMA-13B-like_DP-heavy_TP8_PP2_DP64,extra_parallelism_bandwidth_steering,relaxed,low,TP3-PP1-DP2,,11.0,10.5,False,port+reach
LLaMA-13B-like_DP-heavy_TP8_PP2_DP64,extra_parallelism_bandwidth_steering,relaxed,low,TP3-PP1-DP3,,14.0,10.5,False,port
LLaMA-13B-like_DP-heavy_TP8_PP2_DP64,extra_parallelism_bandwidth_steering,relaxed,low,TP3-PP2-DP1,,10.6,10.5,False,port+reach
LLaMA-13B-like_DP-heavy_TP8_PP2_DP64,extra_parallelism_bandwidth_steering,relaxed,low,TP3-PP2-DP2,,12.6,10.5,False,port+reach
LLaMA-13B-like_DP-heavy_TP8_PP2_DP64,extra_parallelism_bandwidth_steering,relaxed,low,TP3-PP2-DP3,,15.6,10.5,False,port
LLaMA-13B-like_DP-heavy_TP8_PP2_DP64,extra_parallelism_bandwidth_steering,relaxed,low,TP3-PP3-DP1,,13.0,10.5,False,port+reach
LLaMA-13B-like_DP-heavy_TP8_PP2_DP64,extra_parallelism_bandwidth_steering,relaxed,low,TP3-PP3-DP2,,15.0,10.5,False,port+reach
LLaMA-13B-like_DP-heavy_TP8_PP2_DP64,extra_parallelism_bandwidth_steering,relaxed,low,TP3-PP3-DP3,,18.0,10.5,False,port
LLaMA-13B-like_DP-heavy_TP8_PP2_DP64,extra_parallelism_bandwidth_steering,relaxed,medium,TP1-PP1-DP1,,3.0,2.5,False,reach
LLaMA-13B-like_DP-heavy_TP8_PP2_DP64,extra_parallelism_bandwidth_steering,relaxed,medium,TP1-PP1-DP2,,5.0,6.5,False,reach
LLaMA-13B-like_DP-heavy_TP8_PP2_DP64,extra_parallelism_bandwidth_steering,relaxed,medium,TP1-PP1-DP3,0.37101741577666664,8.0,10.5,True,
LLaMA-13B-like_DP-heavy_TP8_PP2_DP64,extra_parallelism_bandwidth_steering,relaxed,medium,TP1-PP2-DP1,,4.6000000000000005,6.5,False,reach
LLaMA-13B-like_DP-heavy_TP8_PP2_DP64,extra_parallelism_bandwidth_steering,relaxed,medium,TP1-PP2-DP2,,6.6000000000000005,6.5,False,reach
LLaMA-13B-like_DP-heavy_TP8_PP2_DP64,extra_parallelism_bandwidth_steering,relaxed,medium,TP1-PP2-DP3,0.37054137794555553,9.600000000000001,10.5,True,
LLaMA-13B-like_DP-heavy_TP8_PP2_DP64,extra_parallelism_bandwidth_steering,relaxed,medium,TP1-PP3-DP1,,7.000000000000001,10.5,False,reach
LLaMA-13B-like_DP-heavy_TP8_PP2_DP64,extra_parallelism_bandwidth_steering,relaxed,medium,TP1-PP3-DP2,,9.0,10.5,False,reach
LLaMA-13B-like_DP-heavy_TP8_PP2_DP64,extra_parallelism_bandwidth_steering,relaxed,medium,TP1-PP3-DP3,0.37056039903,12.0,10.5,True,
LLaMA-13B-like_DP-heavy_TP8_PP2_DP64,extra_parallelism_bandwidth_steering,relaxed,medium,TP2-PP1-DP1,,5.3999999999999995,6.5,False,reach
LLaMA-13B-like_DP-heavy_TP8_PP2_DP64,extra_parallelism_bandwidth_steering,relaxed,medium,TP2-PP1-DP2,,7.3999999999999995,6.5,False,reach
LLaMA-13B-like_DP-heavy_TP8_PP2_DP64,extra_parallelism_bandwidth_steering,relaxed,medium,TP2-PP1-DP3,0.29082349293222226,10.399999999999999,10.5,True,
LLaMA-13B-like_DP-heavy_TP8_PP2_DP64,extra_parallelism_bandwidth_steering,relaxed,medium,TP2-PP2-DP1,,7.0,6.5,False,reach
LLaMA-13B-like_DP-heavy_TP8_PP2_DP64,extra_parallelism_bandwidth_steering,relaxed,medium,TP2-PP2-DP2,,9.0,6.5,False,reach
LLaMA-13B-like_DP-heavy_TP8_PP2_DP64,extra_parallelism_bandwidth_steering,relaxed,medium,TP2-PP2-DP3,0.29034745510111115,12.0,10.5,True,
LLaMA-13B-like_DP-heavy_TP8_PP2_DP64,extra_parallelism_bandwidth_steering,relaxed,medium,TP2-PP3-DP1,,9.4,10.5,False,reach
LLaMA-13B-like_DP-heavy_TP8_PP2_DP64,extra_parallelism_bandwidth_steering,relaxed,medium,TP2-PP3-DP2,,11.4,10.5,False,reach
LLaMA-13B-like_DP-heavy_TP8_PP2_DP64,extra_parallelism_bandwidth_steering,relaxed,medium,TP2-PP3-DP3,,14.4,10.5,False,port
LLaMA-13B-like_DP-heavy_TP8_PP2_DP64,extra_parallelism_bandwidth_steering,relaxed,medium,TP3-PP1-DP1,,9.0,10.5,False,reach
LLaMA-13B-like_DP-heavy_TP8_PP2_DP64,extra_parallelism_bandwidth_steering,relaxed,medium,TP3-PP1-DP2,,11.0,10.5,False,reach
LLaMA-13B-like_DP-heavy_TP8_PP2_DP64,extra_parallelism_bandwidth_steering,relaxed,medium,TP3-PP1-DP3,,14.0,10.5,False,port
LLaMA-13B-like_DP-heavy_TP8_PP2_DP64,extra_parallelism_bandwidth_steering,relaxed,medium,TP3-PP2-DP1,,10.6,10.5,False,reach
LLaMA-13B-like_DP-heavy_TP8_PP2_DP64,extra_parallelism_bandwidth_steering,relaxed,medium,TP3-PP2-DP2,,12.6,10.5,False,port+reach
LLaMA-13B-like_DP-heavy_TP8_PP2_DP64,extra_parallelism_bandwidth_steering,relaxed,medium,TP3-PP2-DP3,,15.6,10.5,False,port
LLaMA-13B-like_DP-heavy_TP8_PP2_DP64,extra_parallelism_bandwidth_steering,relaxed,medium,TP3-PP3-DP1,,13.0,10.5,False,port+reach
LLaMA-13B-like_DP-heavy_TP8_PP2_DP64,extra_parallelism_bandwidth_steering,relaxed,medium,TP3-PP3-DP2,,15.0,10.5,False,port+reach
LLaMA-13B-like_DP-heavy_TP8_PP2_DP64,extra_parallelism_bandwidth_steering,relaxed,medium,TP3-PP3-DP3,,18.0,10.5,False,port
LLaMA-13B-like_DP-heavy_TP8_PP2_DP64,extra_parallelism_bandwidth_steering,relaxed,high,TP1-PP1-DP1,,3.0,2.5,False,reach
LLaMA-13B-like_DP-heavy_TP8_PP2_DP64,extra_parallelism_bandwidth_steering,relaxed,high,TP1-PP1-DP2,,5.0,6.5,False,reach
LLaMA-13B-like_DP-heavy_TP8_PP2_DP64,extra_parallelism_bandwidth_steering,relaxed,high,TP1-PP1-DP3,0.37101741577666664,8.0,10.5,True,
LLaMA-13B-like_DP-heavy_TP8_PP2_DP64,extra_parallelism_bandwidth_steering,relaxed,high,TP1-PP2-DP1,,4.6000000000000005,6.5,False,reach
LLaMA-13B-like_DP-heavy_TP8_PP2_DP64,extra_parallelism_bandwidth_steering,relaxed,high,TP1-PP2-DP2,,6.6000000000000005,6.5,False,reach
LLaMA-13B-like_DP-heavy_TP8_PP2_DP64,extra_parallelism_bandwidth_steering,relaxed,high,TP1-PP2-DP3,0.37054137794555553,9.600000000000001,10.5,True,
LLaMA-13B-like_DP-heavy_TP8_PP2_DP64,extra_parallelism_bandwidth_steering,relaxed,high,TP1-PP3-DP1,,7.000000000000001,10.5,False,reach
LLaMA-13B-like_DP-heavy_TP8_PP2_DP64,extra_parallelism_bandwidth_steering,relaxed,high,TP1-PP3-DP2,,9.0,10.5,False,reach
LLaMA-13B-like_DP-heavy_TP8_PP2_DP64,extra_parallelism_bandwidth_steering,relaxed,high,TP1-PP3-DP3,0.37056039903,12.0,10.5,True,
LLaMA-13B-like_DP-heavy_TP8_PP2_DP64,extra_parallelism_bandwidth_steering,relaxed,high,TP2-PP1-DP1,,5.3999999999999995,6.5,False,reach
LLaMA-13B-like_DP-heavy_TP8_PP2_DP64,extra_parallelism_bandwidth_steering,relaxed,high,TP2-PP1-DP2,,7.3999999999999995,6.5,False,reach
LLaMA-13B-like_DP-heavy_TP8_PP2_DP64,extra_parallelism_bandwidth_steering,relaxed,high,TP2-PP1-DP3,0.29082349293222226,10.399999999999999,10.5,True,
LLaMA-13B-like_DP-heavy_TP8_PP2_DP64,extra_parallelism_bandwidth_steering,relaxed,high,TP2-PP2-DP1,,7.0,6.5,False,reach
LLaMA-13B-like_DP-heavy_TP8_PP2_DP64,extra_parallelism_bandwidth_steering,relaxed,high,TP2-PP2-DP2,,9.0,6.5,False,reach
LLaMA-13B-like_DP-heavy_TP8_PP2_DP64,extra_parallelism_bandwidth_steering,relaxed,high,TP2-PP2-DP3,0.29034745510111115,12.0,10.5,True,
LLaMA-13B-like_DP-heavy_TP8_PP2_DP64,extra_parallelism_bandwidth_steering,relaxed,high,TP2-PP3-DP1,,9.4,10.5,False,reach
LLaMA-13B-like_DP-heavy_TP8_PP2_DP64,extra_parallelism_bandwidth_steering,relaxed,high,TP2-PP3-DP2,,11.4,10.5,False,reach
LLaMA-13B-like_DP-heavy_TP8_PP2_DP64,extra_parallelism_bandwidth_steering,relaxed,high,TP2-PP3-DP3,0.2903664761855556,14.4,10.5,True,
LLaMA-13B-like_DP-heavy_TP8_PP2_DP64,extra_parallelism_bandwidth_steering,relaxed,high,TP3-PP1-DP1,,9.0,10.5,False,reach
LLaMA-13B-like_DP-heavy_TP8_PP2_DP64,extra_parallelism_bandwidth_steering,relaxed,high,TP3-PP1-DP2,,11.0,10.5,False,reach
LLaMA-13B-like_DP-heavy_TP8_PP2_DP64,extra_parallelism_bandwidth_steering,relaxed,high,TP3-PP1-DP3,0.44460813151000006,14.0,10.5,True,
LLaMA-13B-like_DP-heavy_TP8_PP2_DP64,extra_parallelism_bandwidth_steering,relaxed,high,TP3-PP2-DP1,,10.6,10.5,False,reach
LLaMA-13B-like_DP-heavy_TP8_PP2_DP64,extra_parallelism_bandwidth_steering,relaxed,high,TP3-PP2-DP2,,12.6,10.5,False,reach
LLaMA-13B-like_DP-heavy_TP8_PP2_DP64,extra_parallelism_bandwidth_steering,relaxed,high,TP3-PP2-DP3,0.44413209367888895,15.6,10.5,True,
LLaMA-13B-like_DP-heavy_TP8_PP2_DP64,extra_parallelism_bandwidth_steering,relaxed,high,TP3-PP3-DP1,,13.0,10.5,False,reach
LLaMA-13B-like_DP-heavy_TP8_PP2_DP64,extra_parallelism_bandwidth_steering,relaxed,high,TP3-PP3-DP2,,15.0,10.5,False,reach
LLaMA-13B-like_DP-heavy_TP8_PP2_DP64,extra_parallelism_bandwidth_steering,relaxed,high,TP3-PP3-DP3,0.4441511147633334,18.0,10.5,True,
LLaMA-13B-like_DP-heavy_TP8_PP2_DP64,deep_oversubscribed_global_bottleneck,strict,low,TP1-PP1-DP1,,3.0,2.5,False,reach
LLaMA-13B-like_DP-heavy_TP8_PP2_DP64,deep_oversubscribed_global_bottleneck,strict,low,TP1-PP1-DP2,,4.5,6.5,False,reach
LLaMA-13B-like_DP-heavy_TP8_PP2_DP64,deep_oversubscribed_global_bottleneck,strict,low,TP1-PP1-DP3,,7.0,11.0,False,loss
LLaMA-13B-like_DP-heavy_TP8_PP2_DP64,deep_oversubscribed_global_bottleneck,strict,low,TP1-PP2-DP1,,4.2,6.5,False,reach
LLaMA-13B-like_DP-heavy_TP8_PP2_DP64,deep_oversubscribed_global_bottleneck,strict,low,TP1-PP2-DP2,,5.7,6.5,False,reach
LLaMA-13B-like_DP-heavy_TP8_PP2_DP64,deep_oversubscribed_global_bottleneck,strict,low,TP1-PP2-DP3,,8.2,11.0,False,loss+port
LLaMA-13B-like_DP-heavy_TP8_PP2_DP64,deep_oversubscribed_global_bottleneck,strict,low,TP1-PP3-DP1,,6.2,11.0,False,loss+reach
LLaMA-13B-like_DP-heavy_TP8_PP2_DP64,deep_oversubscribed_global_bottleneck,strict,low,TP1-PP3-DP2,,7.7,11.0,False,loss+port+reach
LLaMA-13B-like_DP-heavy_TP8_PP2_DP64,deep_oversubscribed_global_bottleneck,strict,low,TP1-PP3-DP3,,10.2,11.0,False,loss+port
LLaMA-13B-like_DP-heavy_TP8_PP2_DP64,deep_oversubscribed_global_bottleneck,strict,low,TP2-PP1-DP1,,4.8,6.5,False,reach
LLaMA-13B-like_DP-heavy_TP8_PP2_DP64,deep_oversubscribed_global_bottleneck,strict,low,TP2-PP1-DP2,,6.3,6.5,False,reach
LLaMA-13B-like_DP-heavy_TP8_PP2_DP64,deep_oversubscribed_global_bottleneck,strict,low,TP2-PP1-DP3,,8.8,11.0,False,loss+port
LLaMA-13B-like_DP-heavy_TP8_PP2_DP64,deep_oversubscribed_global_bottleneck,strict,low,TP2-PP2-DP1,,6.0,6.5,False,reach
LLaMA-13B-like_DP-heavy_TP8_PP2_DP64,deep_oversubscribed_global_bottleneck,strict,low,TP2-PP2-DP2,,7.5,6.5,False,port+reach
LLaMA-13B-like_DP-heavy_TP8_PP2_DP64,deep_oversubscribed_global_bottleneck,strict,low,TP2-PP2-DP3,,10.0,11.0,False,loss+port
LLaMA-13B-like_DP-heavy_TP8_PP2_DP64,deep_oversubscribed_global_bottleneck,strict,low,TP2-PP3-DP1,,8.0,11.0,False,loss+port+reach
LLaMA-13B-like_DP-heavy_TP8_PP2_DP64,deep_oversubscribed_global_bottleneck,strict,low,TP2-PP3-DP2,,9.5,11.0,False,loss+port+reach
LLaMA-13B-like_DP-heavy_TP8_PP2_DP64,deep_oversubscribed_global_bottleneck,strict,low,TP2-PP3-DP3,,12.0,11.0,False,loss+port
LLaMA-13B-like_DP-heavy_TP8_PP2_DP64,deep_oversubscribed_global_bottleneck,strict,low,TP3-PP1-DP1,,7.8,11.0,False,loss+port+reach
LLaMA-13B-like_DP-heavy_TP8_PP2_DP64,deep_oversubscribed_global_bottleneck,strict,low,TP3-PP1-DP2,,9.3,11.0,False,loss+port+reach
LLaMA-13B-like_DP-heavy_TP8_PP2_DP64,deep_oversubscribed_global_bottleneck,strict,low,TP3-PP1-DP3,,11.8,11.0,False,loss+port
LLaMA-13B-like_DP-heavy_TP8_PP2_DP64,deep_oversubscribed_global_bottleneck,strict,low,TP3-PP2-DP1,,9.0,11.0,False,loss+port+reach
LLaMA-13B-like_DP-heavy_TP8_PP2_DP64,deep_oversubscribed_global_bottleneck,strict,low,TP3-PP2-DP2,,10.5,11.0,False,loss+port+reach
LLaMA-13B-like_DP-heavy_TP8_PP2_DP64,deep_oversubscribed_global_bottleneck,strict,low,TP3-PP2-DP3,,13.0,11.0,False,loss+port
LLaMA-13B-like_DP-heavy_TP8_PP2_DP64,deep_oversubscribed_global_bottleneck,strict,low,TP3-PP3-DP1,,11.0,11.0,False,loss+port+reach
LLaMA-13B-like_DP-heavy_TP8_PP2_DP64,deep_oversubscribed_global_bottleneck,strict,low,TP3-PP3-DP2,,12.5,11.0,False,loss+port+reach
LLaMA-13B-like_DP-heavy_TP8_PP2_DP64,deep_oversubscribed_global_bottleneck,strict,low,TP3-PP3-DP3,,15.0,11.0,False,loss+port
LLaMA-13B-like_DP-heavy_TP8_PP2_DP64,deep_oversubscribed_global_bottleneck,strict,medium,TP1-PP1-DP1,,3.0,2.5,False,reach
LLaMA-13B-like_DP-heavy_TP8_PP2_DP64,deep_oversubscribed_global_bottleneck,strict,medium,TP1-PP1-DP2,,4.5,6.5,False,reach
LLaMA-13B-like_DP-heavy_TP8_PP2_DP64,deep_oversubscribed_global_bottleneck,strict,medium,TP1-PP1-DP3,,7.0,11.0,False,loss
LLaMA-13B-like_DP-heavy_TP8_PP2_DP64,deep_oversubscribed_global_bottleneck,strict,medium,TP1-PP2-DP1,,4.2,6.5,False,reach
LLaMA-13B-like_DP-heavy_TP8_PP2_DP64,deep_oversubscribed_global_bottleneck,strict,medium,TP1-PP2-DP2,,5.7,6.5,False,reach
LLaMA-13B-like_DP-heavy_TP8_PP2_DP64,deep_oversubscribed_global_bottleneck,strict,medium,TP1-PP2-DP3,,8.2,11.0,False,loss
LLaMA-13B-like_DP-heavy_TP8_PP2_DP64,deep_oversubscribed_global_bottleneck,strict,medium,TP1-PP3-DP1,,6.2,11.0,False,loss+reach
LLaMA-13B-like_DP-heavy_TP8_PP2_DP64,deep_oversubscribed_global_bottleneck,strict,medium,TP1-PP3-DP2,,7.7,11.0,False,loss+reach
LLaMA-13B-like_DP-heavy_TP8_PP2_DP64,deep_oversubscribed_global_bottleneck,strict,medium,TP1-PP3-DP3,,10.2,11.0,False,loss
LLaMA-13B-like_DP-heavy_TP8_PP2_DP64,deep_oversubscribed_global_bottleneck,strict,medium,TP2-PP1-DP1,,4.8,6.5,False,reach
LLaMA-13B-like_DP-heavy_TP8_PP2_DP64,deep_oversubscribed_global_bottleneck,strict,medium,TP2-PP1-DP2,,6.3,6.5,False,reach
LLaMA-13B-like_DP-heavy_TP8_PP2_DP64,deep_oversubscribed_global_bottleneck,strict,medium,TP2-PP1-DP3,,8.8,11.0,False,loss
LLaMA-13B-like_DP-heavy_TP8_PP2_DP64,deep_oversubscribed_global_bottleneck,strict,medium,TP2-PP2-DP1,,6.0,6.5,False,reach
LLaMA-13B-like_DP-heavy_TP8_PP2_DP64,deep_oversubscribed_global_bottleneck,strict,medium,TP2-PP2-DP2,,7.5,6.5,False,reach
LLaMA-13B-like_DP-heavy_TP8_PP2_DP64,deep_oversubscribed_global_bottleneck,strict,medium,TP2-PP2-DP3,,10.0,11.0,False,loss
LLaMA-13B-like_DP-heavy_TP8_PP2_DP64,deep_oversubscribed_global_bottleneck,strict,medium,TP2-PP3-DP1,,8.0,11.0,False,loss+reach
LLaMA-13B-like_DP-heavy_TP8_PP2_DP64,deep_oversubscribed_global_bottleneck,strict,medium,TP2-PP3-DP2,,9.5,11.0,False,loss+reach
LLaMA-13B-like_DP-heavy_TP8_PP2_DP64,deep_oversubscribed_global_bottleneck,strict,medium,TP2-PP3-DP3,,12.0,11.0,False,loss
LLaMA-13B-like_DP-heavy_TP8_PP2_DP64,deep_oversubscribed_global_bottleneck,strict,medium,TP3-PP1-DP1,,7.8,11.0,False,loss+reach
LLaMA-13B-like_DP-heavy_TP8_PP2_DP64,deep_oversubscribed_global_bottleneck,strict,medium,TP3-PP1-DP2,,9.3,11.0,False,loss+reach
LLaMA-13B-like_DP-heavy_TP8_PP2_DP64,deep_oversubscribed_global_bottleneck,strict,medium,TP3-PP1-DP3,,11.8,11.0,False,loss
LLaMA-13B-like_DP-heavy_TP8_PP2_DP64,deep_oversubscribed_global_bottleneck,strict,medium,TP3-PP2-DP1,,9.0,11.0,False,loss+reach
LLaMA-13B-like_DP-heavy_TP8_PP2_DP64,deep_oversubscribed_global_bottleneck,strict,medium,TP3-PP2-DP2,,10.5,11.0,False,loss+reach
LLaMA-13B-like_DP-heavy_TP8_PP2_DP64,deep_oversubscribed_global_bottleneck,strict,medium,TP3-PP2-DP3,,13.0,11.0,False,loss+port
LLaMA-13B-like_DP-heavy_TP8_PP2_DP64,deep_oversubscribed_global_bottleneck,strict,medium,TP3-PP3-DP1,,11.0,11.0,False,loss+reach
LLaMA-13B-like_DP-heavy_TP8_PP2_DP64,deep_oversubscribed_global_bottleneck,strict,medium,TP3-PP3-DP2,,12.5,11.0,False,loss+reach
LLaMA-13B-like_DP-heavy_TP8_PP2_DP64,deep_oversubscribed_global_bottleneck,strict,medium,TP3-PP3-DP3,,15.0,11.0,False,loss+port
LLaMA-13B-like_DP-heavy_TP8_PP2_DP64,deep_oversubscribed_global_bottleneck,strict,high,TP1-PP1-DP1,,3.0,2.5,False,reach
LLaMA-13B-like_DP-heavy_TP8_PP2_DP64,deep_oversubscribed_global_bottleneck,strict,high,TP1-PP1-DP2,,4.5,6.5,False,reach
LLaMA-13B-like_DP-heavy_TP8_PP2_DP64,deep_oversubscribed_global_bottleneck,strict,high,TP1-PP1-DP3,,7.0,11.0,False,loss
LLaMA-13B-like_DP-heavy_TP8_PP2_DP64,deep_oversubscribed_global_bottleneck,strict,high,TP1-PP2-DP1,,4.2,6.5,False,reach
LLaMA-13B-like_DP-heavy_TP8_PP2_DP64,deep_oversubscribed_global_bottleneck,strict,high,TP1-PP2-DP2,,5.7,6.5,False,reach
LLaMA-13B-like_DP-heavy_TP8_PP2_DP64,deep_oversubscribed_global_bottleneck,strict,high,TP1-PP2-DP3,,8.2,11.0,False,loss
LLaMA-13B-like_DP-heavy_TP8_PP2_DP64,deep_oversubscribed_global_bottleneck,strict,high,TP1-PP3-DP1,,6.2,11.0,False,loss+reach
LLaMA-13B-like_DP-heavy_TP8_PP2_DP64,deep_oversubscribed_global_bottleneck,strict,high,TP1-PP3-DP2,,7.7,11.0,False,loss+reach
LLaMA-13B-like_DP-heavy_TP8_PP2_DP64,deep_oversubscribed_global_bottleneck,strict,high,TP1-PP3-DP3,,10.2,11.0,False,loss
LLaMA-13B-like_DP-heavy_TP8_PP2_DP64,deep_oversubscribed_global_bottleneck,strict,high,TP2-PP1-DP1,,4.8,6.5,False,reach
LLaMA-13B-like_DP-heavy_TP8_PP2_DP64,deep_oversubscribed_global_bottleneck,strict,high,TP2-PP1-DP2,,6.3,6.5,False,reach
LLaMA-13B-like_DP-heavy_TP8_PP2_DP64,deep_oversubscribed_global_bottleneck,strict,high,TP2-PP1-DP3,,8.8,11.0,False,loss
LLaMA-13B-like_DP-heavy_TP8_PP2_DP64,deep_oversubscribed_global_bottleneck,strict,high,TP2-PP2-DP1,,6.0,6.5,False,reach
LLaMA-13B-like_DP-heavy_TP8_PP2_DP64,deep_oversubscribed_global_bottleneck,strict,high,TP2-PP2-DP2,,7.5,6.5,False,reach
LLaMA-13B-like_DP-heavy_TP8_PP2_DP64,deep_oversubscribed_global_bottleneck,strict,high,TP2-PP2-DP3,,10.0,11.0,False,loss
LLaMA-13B-like_DP-heavy_TP8_PP2_DP64,deep_oversubscribed_global_bottleneck,strict,high,TP2-PP3-DP1,,8.0,11.0,False,loss+reach
LLaMA-13B-like_DP-heavy_TP8_PP2_DP64,deep_oversubscribed_global_bottleneck,strict,high,TP2-PP3-DP2,,9.5,11.0,False,loss+reach
LLaMA-13B-like_DP-heavy_TP8_PP2_DP64,deep_oversubscribed_global_bottleneck,strict,high,TP2-PP3-DP3,,12.0,11.0,False,loss
LLaMA-13B-like_DP-heavy_TP8_PP2_DP64,deep_oversubscribed_global_bottleneck,strict,high,TP3-PP1-DP1,,7.8,11.0,False,loss+reach
LLaMA-13B-like_DP-heavy_TP8_PP2_DP64,deep_oversubscribed_global_bottleneck,strict,high,TP3-PP1-DP2,,9.3,11.0,False,loss+reach
LLaMA-13B-like_DP-heavy_TP8_PP2_DP64,deep_oversubscribed_global_bottleneck,strict,high,TP3-PP1-DP3,,11.8,11.0,False,loss
LLaMA-13B-like_DP-heavy_TP8_PP2_DP64,deep_oversubscribed_global_bottleneck,strict,high,TP3-PP2-DP1,,9.0,11.0,False,loss+reach
LLaMA-13B-like_DP-heavy_TP8_PP2_DP64,deep_oversubscribed_global_bottleneck,strict,high,TP3-PP2-DP2,,10.5,11.0,False,loss+reach
LLaMA-13B-like_DP-heavy_TP8_PP2_DP64,deep_oversubscribed_global_bottleneck,strict,high,TP3-PP2-DP3,,13.0,11.0,False,loss
LLaMA-13B-like_DP-heavy_TP8_PP2_DP64,deep_oversubscribed_global_bottleneck,strict,high,TP3-PP3-DP1,,11.0,11.0,False,loss+reach
LLaMA-13B-like_DP-heavy_TP8_PP2_DP64,deep_oversubscribed_global_bottleneck,strict,high,TP3-PP3-DP2,,12.5,11.0,False,loss+reach
LLaMA-13B-like_DP-heavy_TP8_PP2_DP64,deep_oversubscribed_global_bottleneck,strict,high,TP3-PP3-DP3,,15.0,11.0,False,loss
LLaMA-13B-like_DP-heavy_TP8_PP2_DP64,deep_oversubscribed_global_bottleneck,medium,low,TP1-PP1-DP1,,3.0,2.5,False,reach
LLaMA-13B-like_DP-heavy_TP8_PP2_DP64,deep_oversubscribed_global_bottleneck,medium,low,TP1-PP1-DP2,,4.5,6.5,False,reach
LLaMA-13B-like_DP-heavy_TP8_PP2_DP64,deep_oversubscribed_global_bottleneck,medium,low,TP1-PP1-DP3,0.33262618652000003,7.0,11.0,True,
LLaMA-13B-like_DP-heavy_TP8_PP2_DP64,deep_oversubscribed_global_bottleneck,medium,low,TP1-PP2-DP1,,4.2,6.5,False,reach
LLaMA-13B-like_DP-heavy_TP8_PP2_DP64,deep_oversubscribed_global_bottleneck,medium,low,TP1-PP2-DP2,,5.7,6.5,False,reach
LLaMA-13B-like_DP-heavy_TP8_PP2_DP64,deep_oversubscribed_global_bottleneck,medium,low,TP1-PP2-DP3,,8.2,11.0,False,port
LLaMA-13B-like_DP-heavy_TP8_PP2_DP64,deep_oversubscribed_global_bottleneck,medium,low,TP1-PP3-DP1,,6.2,11.0,False,reach
LLaMA-13B-like_DP-heavy_TP8_PP2_DP64,deep_oversubscribed_global_bottleneck,medium,low,TP1-PP3-DP2,,7.7,11.0,False,port+reach
LLaMA-13B-like_DP-heavy_TP8_PP2_DP64,deep_oversubscribed_global_bottleneck,medium,low,TP1-PP3-DP3,,10.2,11.0,False,port
LLaMA-13B-like_DP-heavy_TP8_PP2_DP64,deep_oversubscribed_global_bottleneck,medium,low,TP2-PP1-DP1,,4.8,6.5,False,reach
LLaMA-13B-like_DP-heavy_TP8_PP2_DP64,deep_oversubscribed_global_bottleneck,medium,low,TP2-PP1-DP2,,6.3,6.5,False,reach
LLaMA-13B-like_DP-heavy_TP8_PP2_DP64,deep_oversubscribed_global_bottleneck,medium,low,TP2-PP1-DP3,,8.8,11.0,False,port
LLaMA-13B-like_DP-heavy_TP8_PP2_DP64,deep_oversubscribed_global_bottleneck,medium,low,TP2-PP2-DP1,,6.0,6.5,False,reach
LLaMA-13B-like_DP-heavy_TP8_PP2_DP64,deep_oversubscribed_global_bottleneck,medium,low,TP2-PP2-DP2,,7.5,6.5,False,port+reach
LLaMA-13B-like_DP-heavy_TP8_PP2_DP64,deep_oversubscribed_global_bottleneck,medium,low,TP2-PP2-DP3,,10.0,11.0,False,port
LLaMA-13B-like_DP-heavy_TP8_PP2_DP64,deep_oversubscribed_global_bottleneck,medium,low,TP2-PP3-DP1,,8.0,11.0,False,port+reach
LLaMA-13B-like_DP-heavy_TP8_PP2_DP64,deep_oversubscribed_global_bottleneck,medium,low,TP2-PP3-DP2,,9.5,11.0,False,port+reach
LLaMA-13B-like_DP-heavy_TP8_PP2_DP64,deep_oversubscribed_global_bottleneck,medium,low,TP2-PP3-DP3,,12.0,11.0,False,port
LLaMA-13B-like_DP-heavy_TP8_PP2_DP64,deep_oversubscribed_global_bottleneck,medium,low,TP3-PP1-DP1,,7.8,11.0,False,port+reach
LLaMA-13B-like_DP-heavy_TP8_PP2_DP64,deep_oversubscribed_global_bottleneck,medium,low,TP3-PP1-DP2,,9.3,11.0,False,port+reach
LLaMA-13B-like_DP-heavy_TP8_PP2_DP64,deep_oversubscribed_global_bottleneck,medium,low,TP3-PP1-DP3,,11.8,11.0,False,port
LLaMA-13B-like_DP-heavy_TP8_PP2_DP64,deep_oversubscribed_global_bottleneck,medium,low,TP3-PP2-DP1,,9.0,11.0,False,port+reach
LLaMA-13B-like_DP-heavy_TP8_PP2_DP64,deep_oversubscribed_global_bottleneck,medium,low,TP3-PP2-DP2,,10.5,11.0,False,port+reach
LLaMA-13B-like_DP-heavy_TP8_PP2_DP64,deep_oversubscribed_global_bottleneck,medium,low,TP3-PP2-DP3,,13.0,11.0,False,port
LLaMA-13B-like_DP-heavy_TP8_PP2_DP64,deep_oversubscribed_global_bottleneck,medium,low,TP3-PP3-DP1,,11.0,11.0,False,port+reach
LLaMA-13B-like_DP-heavy_TP8_PP2_DP64,deep_oversubscribed_global_bottleneck,medium,low,TP3-PP3-DP2,,12.5,11.0,False,port+reach
LLaMA-13B-like_DP-heavy_TP8_PP2_DP64,deep_oversubscribed_global_bottleneck,medium,low,TP3-PP3-DP3,,15.0,11.0,False,port
LLaMA-13B-like_DP-heavy_TP8_PP2_DP64,deep_oversubscribed_global_bottleneck,medium,medium,TP1-PP1-DP1,,3.0,2.5,False,reach
LLaMA-13B-like_DP-heavy_TP8_PP2_DP64,deep_oversubscribed_global_bottleneck,medium,medium,TP1-PP1-DP2,,4.5,6.5,False,reach
LLaMA-13B-like_DP-heavy_TP8_PP2_DP64,deep_oversubscribed_global_bottleneck,medium,medium,TP1-PP1-DP3,0.33262618652000003,7.0,11.0,True,
LLaMA-13B-like_DP-heavy_TP8_PP2_DP64,deep_oversubscribed_global_bottleneck,medium,medium,TP1-PP2-DP1,,4.2,6.5,False,reach
LLaMA-13B-like_DP-heavy_TP8_PP2_DP64,deep_oversubscribed_global_bottleneck,medium,medium,TP1-PP2-DP2,,5.7,6.5,False,reach
LLaMA-13B-like_DP-heavy_TP8_PP2_DP64,deep_oversubscribed_global_bottleneck,medium,medium,TP1-PP2-DP3,0.33307029489333334,8.2,11.0,True,
LLaMA-13B-like_DP-heavy_TP8_PP2_DP64,deep_oversubscribed_global_bottleneck,medium,medium,TP1-PP3-DP1,,6.2,11.0,False,reach
LLaMA-13B-like_DP-heavy_TP8_PP2_DP64,deep_oversubscribed_global_bottleneck,medium,medium,TP1-PP3-DP2,,7.7,11.0,False,reach
LLaMA-13B-like_DP-heavy_TP8_PP2_DP64,deep_oversubscribed_global_bottleneck,medium,medium,TP1-PP3-DP3,0.33494304838666666,10.2,11.0,True,
LLaMA-13B-like_DP-heavy_TP8_PP2_DP64,deep_oversubscribed_global_bottleneck,medium,medium,TP2-PP1-DP1,,4.8,6.5,False,reach
LLaMA-13B-like_DP-heavy_TP8_PP2_DP64,deep_oversubscribed_global_bottleneck,medium,medium,TP2-PP1-DP2,,6.3,6.5,False,reach
LLaMA-13B-like_DP-heavy_TP8_PP2_DP64,deep_oversubscribed_global_bottleneck,medium,medium,TP2-PP1-DP3,0.45845482865333337,8.8,11.0,True,
LLaMA-13B-like_DP-heavy_TP8_PP2_DP64,deep_oversubscribed_global_bottleneck,medium,medium,TP2-PP2-DP1,,6.0,6.5,False,reach
LLaMA-13B-like_DP-heavy_TP8_PP2_DP64,deep_oversubscribed_global_bottleneck,medium,medium,TP2-PP2-DP2,,7.5,6.5,False,reach
LLaMA-13B-like_DP-heavy_TP8_PP2_DP64,deep_oversubscribed_global_bottleneck,medium,medium,TP2-PP2-DP3,0.4588989370266667,10.0,11.0,True,
LLaMA-13B-like_DP-heavy_TP8_PP2_DP64,deep_oversubscribed_global_bottleneck,medium,medium,TP2-PP3-DP1,,8.0,11.0,False,reach
LLaMA-13B-like_DP-heavy_TP8_PP2_DP64,deep_oversubscribed_global_bottleneck,medium,medium,TP2-PP3-DP2,,9.5,11.0,False,reach
LLaMA-13B-like_DP-heavy_TP8_PP2_DP64,deep_oversubscribed_global_bottleneck,medium,medium,TP2-PP3-DP3,0.46077169052,12.0,11.0,True,
LLaMA-13B-like_DP-heavy_TP8_PP2_DP64,deep_oversubscribed_global_bottleneck,medium,medium,TP3-PP1-DP1,,7.8,11.0,False,reach
LLaMA-13B-like_DP-heavy_TP8_PP2_DP64,deep_oversubscribed_global_bottleneck,medium,medium,TP3-PP1-DP2,,9.3,11.0,False,reach
LLaMA-13B-like_DP-heavy_TP8_PP2_DP64,deep_oversubscribed_global_bottleneck,medium,medium,TP3-PP1-DP3,1.0344221971866667,11.8,11.0,True,
LLaMA-13B-like_DP-heavy_TP8_PP2_DP64,deep_oversubscribed_global_bottleneck,medium,medium,TP3-PP2-DP1,,9.0,11.0,False,reach
LLaMA-13B-like_DP-heavy_TP8_PP2_DP64,deep_oversubscribed_global_bottleneck,medium,medium,TP3-PP2-DP2,,10.5,11.0,False,reach
LLaMA-13B-like_DP-heavy_TP8_PP2_DP64,deep_oversubscribed_global_bottleneck,medium,medium,TP3-PP2-DP3,,13.0,11.0,False,port
LLaMA-13B-like_DP-heavy_TP8_PP2_DP64,deep_oversubscribed_global_bottleneck,medium,medium,TP3-PP3-DP1,,11.0,11.0,False,reach
LLaMA-13B-like_DP-heavy_TP8_PP2_DP64,deep_oversubscribed_global_bottleneck,medium,medium,TP3-PP3-DP2,,12.5,11.0,False,reach
LLaMA-13B-like_DP-heavy_TP8_PP2_DP64,deep_oversubscribed_global_bottleneck,medium,medium,TP3-PP3-DP3,,15.0,11.0,False,port
LLaMA-13B-like_DP-heavy_TP8_PP2_DP64,deep_oversubscribed_global_bottleneck,medium,high,TP1-PP1-DP1,,3.0,2.5,False,reach
LLaMA-13B-like_DP-heavy_TP8_PP2_DP64,deep_oversubscribed_global_bottleneck,medium,high,TP1-PP1-DP2,,4.5,6.5,False,reach
LLaMA-13B-like_DP-heavy_TP8_PP2_DP64,deep_oversubscribed_global_bottleneck,medium,high,TP1-PP1-DP3,0.33262618652000003,7.0,11.0,True,
LLaMA-13B-like_DP-heavy_TP8_PP2_DP64,deep_oversubscribed_global_bottleneck,medium,high,TP1-PP2-DP1,,4.2,6.5,False,reach
LLaMA-13B-like_DP-heavy_TP8_PP2_DP64,deep_oversubscribed_global_bottleneck,medium,high,TP1-PP2-DP2,,5.7,6.5,False,reach
LLaMA-13B-like_DP-heavy_TP8_PP2_DP64,deep_oversubscribed_global_bottleneck,medium,high,TP1-PP2-DP3,0.33307029489333334,8.2,11.0,True,
LLaMA-13B-like_DP-heavy_TP8_PP2_DP64,deep_oversubscribed_global_bottleneck,medium,high,TP1-PP3-DP1,,6.2,11.0,False,reach
LLaMA-13B-like_DP-heavy_TP8_PP2_DP64,deep_oversubscribed_global_bottleneck,medium,high,TP1-PP3-DP2,,7.7,11.0,False,reach
LLaMA-13B-like_DP-heavy_TP8_PP2_DP64,deep_oversubscribed_global_bottleneck,medium,high,TP1-PP3-DP3,0.33494304838666666,10.2,11.0,True,
LLaMA-13B-like_DP-heavy_TP8_PP2_DP64,deep_oversubscribed_global_bottleneck,medium,high,TP2-PP1-DP1,,4.8,6.5,False,reach
LLaMA-13B-like_DP-heavy_TP8_PP2_DP64,deep_oversubscribed_global_bottleneck,medium,high,TP2-PP1-DP2,,6.3,6.5,False,reach
LLaMA-13B-like_DP-heavy_TP8_PP2_DP64,deep_oversubscribed_global_bottleneck,medium,high,TP2-PP1-DP3,0.45845482865333337,8.8,11.0,True,
LLaMA-13B-like_DP-heavy_TP8_PP2_DP64,deep_oversubscribed_global_bottleneck,medium,high,TP2-PP2-DP1,,6.0,6.5,False,reach
LLaMA-13B-like_DP-heavy_TP8_PP2_DP64,deep_oversubscribed_global_bottleneck,medium,high,TP2-PP2-DP2,,7.5,6.5,False,reach
LLaMA-13B-like_DP-heavy_TP8_PP2_DP64,deep_oversubscribed_global_bottleneck,medium,high,TP2-PP2-DP3,0.4588989370266667,10.0,11.0,True,
LLaMA-13B-like_DP-heavy_TP8_PP2_DP64,deep_oversubscribed_global_bottleneck,medium,high,TP2-PP3-DP1,,8.0,11.0,False,reach
LLaMA-13B-like_DP-heavy_TP8_PP2_DP64,deep_oversubscribed_global_bottleneck,medium,high,TP2-PP3-DP2,,9.5,11.0,False,reach
LLaMA-13B-like_DP-heavy_TP8_PP2_DP64,deep_oversubscribed_global_bottleneck,medium,high,TP2-PP3-DP3,0.46077169052,12.0,11.0,True,
LLaMA-13B-like_DP-heavy_TP8_PP2_DP64,deep_oversubscribed_global_bottleneck,medium,high,TP3-PP1-DP1,,7.8,11.0,False,reach
LLaMA-13B-like_DP-heavy_TP8_PP2_DP64,deep_oversubscribed_global_bottleneck,medium,high,TP3-PP1-DP2,,9.3,11.0,False,reach
LLaMA-13B-like_DP-heavy_TP8_PP2_DP64,deep_oversubscribed_global_bottleneck,medium,high,TP3-PP1-DP3,1.0344221971866667,11.8,11.0,True,
LLaMA-13B-like_DP-heavy_TP8_PP2_DP64,deep_oversubscribed_global_bottleneck,medium,high,TP3-PP2-DP1,,9.0,11.0,False,reach
LLaMA-13B-like_DP-heavy_TP8_PP2_DP64,deep_oversubscribed_global_bottleneck,medium,high,TP3-PP2-DP2,,10.5,11.0,False,reach
LLaMA-13B-like_DP-heavy_TP8_PP2_DP64,deep_oversubscribed_global_bottleneck,medium,high,TP3-PP2-DP3,1.03486630556,13.0,11.0,True,
LLaMA-13B-like_DP-heavy_TP8_PP2_DP64,deep_oversubscribed_global_bottleneck,medium,high,TP3-PP3-DP1,,11.0,11.0,False,reach
LLaMA-13B-like_DP-heavy_TP8_PP2_DP64,deep_oversubscribed_global_bottleneck,medium,high,TP3-PP3-DP2,,12.5,11.0,False,reach
LLaMA-13B-like_DP-heavy_TP8_PP2_DP64,deep_oversubscribed_global_bottleneck,medium,high,TP3-PP3-DP3,1.0367390590533334,15.0,11.0,True,
LLaMA-13B-like_DP-heavy_TP8_PP2_DP64,deep_oversubscribed_global_bottleneck,relaxed,low,TP1-PP1-DP1,,3.0,2.5,False,reach
LLaMA-13B-like_DP-heavy_TP8_PP2_DP64,deep_oversubscribed_global_bottleneck,relaxed,low,TP1-PP1-DP2,,4.5,6.5,False,reach
LLaMA-13B-like_DP-heavy_TP8_PP2_DP64,deep_oversubscribed_global_bottleneck,relaxed,low,TP1-PP1-DP3,0.33262618652000003,7.0,11.0,True,
LLaMA-13B-like_DP-heavy_TP8_PP2_DP64,deep_oversubscribed_global_bottleneck,relaxed,low,TP1-PP2-DP1,,4.2,6.5,False,reach
LLaMA-13B-like_DP-heavy_TP8_PP2_DP64,deep_oversubscribed_global_bottleneck,relaxed,low,TP1-PP2-DP2,,5.7,6.5,False,reach
LLaMA-13B-like_DP-heavy_TP8_PP2_DP64,deep_oversubscribed_global_bottleneck,relaxed,low,TP1-PP2-DP3,,8.2,11.0,False,port
LLaMA-13B-like_DP-heavy_TP8_PP2_DP64,deep_oversubscribed_global_bottleneck,relaxed,low,TP1-PP3-DP1,,6.2,11.0,False,reach
LLaMA-13B-like_DP-heavy_TP8_PP2_DP64,deep_oversubscribed_global_bottleneck,relaxed,low,TP1-PP3-DP2,,7.7,11.0,False,port+reach
LLaMA-13B-like_DP-heavy_TP8_PP2_DP64,deep_oversubscribed_global_bottleneck,relaxed,low,TP1-PP3-DP3,,10.2,11.0,False,port
LLaMA-13B-like_DP-heavy_TP8_PP2_DP64,deep_oversubscribed_global_bottleneck,relaxed,low,TP2-PP1-DP1,,4.8,6.5,False,reach
LLaMA-13B-like_DP-heavy_TP8_PP2_DP64,deep_oversubscribed_global_bottleneck,relaxed,low,TP2-PP1-DP2,,6.3,6.5,False,reach
LLaMA-13B-like_DP-heavy_TP8_PP2_DP64,deep_oversubscribed_global_bottleneck,relaxed,low,TP2-PP1-DP3,,8.8,11.0,False,port
LLaMA-13B-like_DP-heavy_TP8_PP2_DP64,deep_oversubscribed_global_bottleneck,relaxed,low,TP2-PP2-DP1,,6.0,6.5,False,reach
LLaMA-13B-like_DP-heavy_TP8_PP2_DP64,deep_oversubscribed_global_bottleneck,relaxed,low,TP2-PP2-DP2,,7.5,6.5,False,port+reach
LLaMA-13B-like_DP-heavy_TP8_PP2_DP64,deep_oversubscribed_global_bottleneck,relaxed,low,TP2-PP2-DP3,,10.0,11.0,False,port
LLaMA-13B-like_DP-heavy_TP8_PP2_DP64,deep_oversubscribed_global_bottleneck,relaxed,low,TP2-PP3-DP1,,8.0,11.0,False,port+reach
LLaMA-13B-like_DP-heavy_TP8_PP2_DP64,deep_oversubscribed_global_bottleneck,relaxed,low,TP2-PP3-DP2,,9.5,11.0,False,port+reach
LLaMA-13B-like_DP-heavy_TP8_PP2_DP64,deep_oversubscribed_global_bottleneck,relaxed,low,TP2-PP3-DP3,,12.0,11.0,False,port
LLaMA-13B-like_DP-heavy_TP8_PP2_DP64,deep_oversubscribed_global_bottleneck,relaxed,low,TP3-PP1-DP1,,7.8,11.0,False,port+reach
LLaMA-13B-like_DP-heavy_TP8_PP2_DP64,deep_oversubscribed_global_bottleneck,relaxed,low,TP3-PP1-DP2,,9.3,11.0,False,port+reach
LLaMA-13B-like_DP-heavy_TP8_PP2_DP64,deep_oversubscribed_global_bottleneck,relaxed,low,TP3-PP1-DP3,,11.8,11.0,False,port
LLaMA-13B-like_DP-heavy_TP8_PP2_DP64,deep_oversubscribed_global_bottleneck,relaxed,low,TP3-PP2-DP1,,9.0,11.0,False,port+reach
LLaMA-13B-like_DP-heavy_TP8_PP2_DP64,deep_oversubscribed_global_bottleneck,relaxed,low,TP3-PP2-DP2,,10.5,11.0,False,port+reach
LLaMA-13B-like_DP-heavy_TP8_PP2_DP64,deep_oversubscribed_global_bottleneck,relaxed,low,TP3-PP2-DP3,,13.0,11.0,False,port
LLaMA-13B-like_DP-heavy_TP8_PP2_DP64,deep_oversubscribed_global_bottleneck,relaxed,low,TP3-PP3-DP1,,11.0,11.0,False,port+reach
LLaMA-13B-like_DP-heavy_TP8_PP2_DP64,deep_oversubscribed_global_bottleneck,relaxed,low,TP3-PP3-DP2,,12.5,11.0,False,port+reach
LLaMA-13B-like_DP-heavy_TP8_PP2_DP64,deep_oversubscribed_global_bottleneck,relaxed,low,TP3-PP3-DP3,,15.0,11.0,False,port
LLaMA-13B-like_DP-heavy_TP8_PP2_DP64,deep_oversubscribed_global_bottleneck,relaxed,medium,TP1-PP1-DP1,,3.0,2.5,False,reach
LLaMA-13B-like_DP-heavy_TP8_PP2_DP64,deep_oversubscribed_global_bottleneck,relaxed,medium,TP1-PP1-DP2,,4.5,6.5,False,reach
LLaMA-13B-like_DP-heavy_TP8_PP2_DP64,deep_oversubscribed_global_bottleneck,relaxed,medium,TP1-PP1-DP3,0.33262618652000003,7.0,11.0,True,
LLaMA-13B-like_DP-heavy_TP8_PP2_DP64,deep_oversubscribed_global_bottleneck,relaxed,medium,TP1-PP2-DP1,,4.2,6.5,False,reach
LLaMA-13B-like_DP-heavy_TP8_PP2_DP64,deep_oversubscribed_global_bottleneck,relaxed,medium,TP1-PP2-DP2,,5.7,6.5,False,reach
LLaMA-13B-like_DP-heavy_TP8_PP2_DP64,deep_oversubscribed_global_bottleneck,relaxed,medium,TP1-PP2-DP3,0.33307029489333334,8.2,11.0,True,
LLaMA-13B-like_DP-heavy_TP8_PP2_DP64,deep_oversubscribed_global_bottleneck,relaxed,medium,TP1-PP3-DP1,,6.2,11.0,False,reach
LLaMA-13B-like_DP-heavy_TP8_PP2_DP64,deep_oversubscribed_global_bottleneck,relaxed,medium,TP1-PP3-DP2,,7.7,11.0,False,reach
LLaMA-13B-like_DP-heavy_TP8_PP2_DP64,deep_oversubscribed_global_bottleneck,relaxed,medium,TP1-PP3-DP3,0.33494304838666666,10.2,11.0,True,
LLaMA-13B-like_DP-heavy_TP8_PP2_DP64,deep_oversubscribed_global_bottleneck,relaxed,medium,TP2-PP1-DP1,,4.8,6.5,False,reach
LLaMA-13B-like_DP-heavy_TP8_PP2_DP64,deep_oversubscribed_global_bottleneck,relaxed,medium,TP2-PP1-DP2,,6.3,6.5,False,reach
LLaMA-13B-like_DP-heavy_TP8_PP2_DP64,deep_oversubscribed_global_bottleneck,relaxed,medium,TP2-PP1-DP3,0.45845482865333337,8.8,11.0,True,
LLaMA-13B-like_DP-heavy_TP8_PP2_DP64,deep_oversubscribed_global_bottleneck,relaxed,medium,TP2-PP2-DP1,,6.0,6.5,False,reach
LLaMA-13B-like_DP-heavy_TP8_PP2_DP64,deep_oversubscribed_global_bottleneck,relaxed,medium,TP2-PP2-DP2,,7.5,6.5,False,reach
LLaMA-13B-like_DP-heavy_TP8_PP2_DP64,deep_oversubscribed_global_bottleneck,relaxed,medium,TP2-PP2-DP3,0.4588989370266667,10.0,11.0,True,
LLaMA-13B-like_DP-heavy_TP8_PP2_DP64,deep_oversubscribed_global_bottleneck,relaxed,medium,TP2-PP3-DP1,,8.0,11.0,False,reach
LLaMA-13B-like_DP-heavy_TP8_PP2_DP64,deep_oversubscribed_global_bottleneck,relaxed,medium,TP2-PP3-DP2,,9.5,11.0,False,reach
LLaMA-13B-like_DP-heavy_TP8_PP2_DP64,deep_oversubscribed_global_bottleneck,relaxed,medium,TP2-PP3-DP3,0.46077169052,12.0,11.0,True,
LLaMA-13B-like_DP-heavy_TP8_PP2_DP64,deep_oversubscribed_global_bottleneck,relaxed,medium,TP3-PP1-DP1,,7.8,11.0,False,reach
LLaMA-13B-like_DP-heavy_TP8_PP2_DP64,deep_oversubscribed_global_bottleneck,relaxed,medium,TP3-PP1-DP2,,9.3,11.0,False,reach
LLaMA-13B-like_DP-heavy_TP8_PP2_DP64,deep_oversubscribed_global_bottleneck,relaxed,medium,TP3-PP1-DP3,1.0344221971866667,11.8,11.0,True,
LLaMA-13B-like_DP-heavy_TP8_PP2_DP64,deep_oversubscribed_global_bottleneck,relaxed,medium,TP3-PP2-DP1,,9.0,11.0,False,reach
LLaMA-13B-like_DP-heavy_TP8_PP2_DP64,deep_oversubscribed_global_bottleneck,relaxed,medium,TP3-PP2-DP2,,10.5,11.0,False,reach
LLaMA-13B-like_DP-heavy_TP8_PP2_DP64,deep_oversubscribed_global_bottleneck,relaxed,medium,TP3-PP2-DP3,,13.0,11.0,False,port
LLaMA-13B-like_DP-heavy_TP8_PP2_DP64,deep_oversubscribed_global_bottleneck,relaxed,medium,TP3-PP3-DP1,,11.0,11.0,False,reach
LLaMA-13B-like_DP-heavy_TP8_PP2_DP64,deep_oversubscribed_global_bottleneck,relaxed,medium,TP3-PP3-DP2,,12.5,11.0,False,reach
LLaMA-13B-like_DP-heavy_TP8_PP2_DP64,deep_oversubscribed_global_bottleneck,relaxed,medium,TP3-PP3-DP3,,15.0,11.0,False,port
LLaMA-13B-like_DP-heavy_TP8_PP2_DP64,deep_oversubscribed_global_bottleneck,relaxed,high,TP1-PP1-DP1,,3.0,2.5,False,reach
LLaMA-13B-like_DP-heavy_TP8_PP2_DP64,deep_oversubscribed_global_bottleneck,relaxed,high,TP1-PP1-DP2,,4.5,6.5,False,reach
LLaMA-13B-like_DP-heavy_TP8_PP2_DP64,deep_oversubscribed_global_bottleneck,relaxed,high,TP1-PP1-DP3,0.33262618652000003,7.0,11.0,True,
LLaMA-13B-like_DP-heavy_TP8_PP2_DP64,deep_oversubscribed_global_bottleneck,relaxed,high,TP1-PP2-DP1,,4.2,6.5,False,reach
LLaMA-13B-like_DP-heavy_TP8_PP2_DP64,deep_oversubscribed_global_bottleneck,relaxed,high,TP1-PP2-DP2,,5.7,6.5,False,reach
LLaMA-13B-like_DP-heavy_TP8_PP2_DP64,deep_oversubscribed_global_bottleneck,relaxed,high,TP1-PP2-DP3,0.33307029489333334,8.2,11.0,True,
LLaMA-13B-like_DP-heavy_TP8_PP2_DP64,deep_oversubscribed_global_bottleneck,relaxed,high,TP1-PP3-DP1,,6.2,11.0,False,reach
LLaMA-13B-like_DP-heavy_TP8_PP2_DP64,deep_oversubscribed_global_bottleneck,relaxed,high,TP1-PP3-DP2,,7.7,11.0,False,reach
LLaMA-13B-like_DP-heavy_TP8_PP2_DP64,deep_oversubscribed_global_bottleneck,relaxed,high,TP1-PP3-DP3,0.33494304838666666,10.2,11.0,True,
LLaMA-13B-like_DP-heavy_TP8_PP2_DP64,deep_oversubscribed_global_bottleneck,relaxed,high,TP2-PP1-DP1,,4.8,6.5,False,reach
LLaMA-13B-like_DP-heavy_TP8_PP2_DP64,deep_oversubscribed_global_bottleneck,relaxed,high,TP2-PP1-DP2,,6.3,6.5,False,reach
LLaMA-13B-like_DP-heavy_TP8_PP2_DP64,deep_oversubscribed_global_bottleneck,relaxed,high,TP2-PP1-DP3,0.45845482865333337,8.8,11.0,True,
LLaMA-13B-like_DP-heavy_TP8_PP2_DP64,deep_oversubscribed_global_bottleneck,relaxed,high,TP2-PP2-DP1,,6.0,6.5,False,reach
LLaMA-13B-like_DP-heavy_TP8_PP2_DP64,deep_oversubscribed_global_bottleneck,relaxed,high,TP2-PP2-DP2,,7.5,6.5,False,reach
LLaMA-13B-like_DP-heavy_TP8_PP2_DP64,deep_oversubscribed_global_bottleneck,relaxed,high,TP2-PP2-DP3,0.4588989370266667,10.0,11.0,True,
LLaMA-13B-like_DP-heavy_TP8_PP2_DP64,deep_oversubscribed_global_bottleneck,relaxed,high,TP2-PP3-DP1,,8.0,11.0,False,reach
LLaMA-13B-like_DP-heavy_TP8_PP2_DP64,deep_oversubscribed_global_bottleneck,relaxed,high,TP2-PP3-DP2,,9.5,11.0,False,reach
LLaMA-13B-like_DP-heavy_TP8_PP2_DP64,deep_oversubscribed_global_bottleneck,relaxed,high,TP2-PP3-DP3,0.46077169052,12.0,11.0,True,
LLaMA-13B-like_DP-heavy_TP8_PP2_DP64,deep_oversubscribed_global_bottleneck,relaxed,high,TP3-PP1-DP1,,7.8,11.0,False,reach
LLaMA-13B-like_DP-heavy_TP8_PP2_DP64,deep_oversubscribed_global_bottleneck,relaxed,high,TP3-PP1-DP2,,9.3,11.0,False,reach
LLaMA-13B-like_DP-heavy_TP8_PP2_DP64,deep_oversubscribed_global_bottleneck,relaxed,high,TP3-PP1-DP3,1.0344221971866667,11.8,11.0,True,
LLaMA-13B-like_DP-heavy_TP8_PP2_DP64,deep_oversubscribed_global_bottleneck,relaxed,high,TP3-PP2-DP1,,9.0,11.0,False,reach
LLaMA-13B-like_DP-heavy_TP8_PP2_DP64,deep_oversubscribed_global_bottleneck,relaxed,high,TP3-PP2-DP2,,10.5,11.0,False,reach
LLaMA-13B-like_DP-heavy_TP8_PP2_DP64,deep_oversubscribed_global_bottleneck,relaxed,high,TP3-PP2-DP3,1.03486630556,13.0,11.0,True,
LLaMA-13B-like_DP-heavy_TP8_PP2_DP64,deep_oversubscribed_global_bottleneck,relaxed,high,TP3-PP3-DP1,,11.0,11.0,False,reach
LLaMA-13B-like_DP-heavy_TP8_PP2_DP64,deep_oversubscribed_global_bottleneck,relaxed,high,TP3-PP3-DP2,,12.5,11.0,False,reach
LLaMA-13B-like_DP-heavy_TP8_PP2_DP64,deep_oversubscribed_global_bottleneck,relaxed,high,TP3-PP3-DP3,1.0367390590533334,15.0,11.0,True,
GPT-3-175B-like_mixed_TP8_PP8_DP16,reach_only_depth_is_costly,strict,low,TP1-PP1-DP1,,3.0,2.5,False,reach
GPT-3-175B-like_mixed_TP8_PP8_DP16,reach_only_depth_is_costly,strict,low,TP1-PP1-DP2,,4.0,6.0,False,reach
GPT-3-175B-like_mixed_TP8_PP8_DP16,reach_only_depth_is_costly,strict,low,TP1-PP1-DP3,,6.0,10.0,False,reach
GPT-3-175B-like_mixed_TP8_PP8_DP16,reach_only_depth_is_costly,strict,low,TP1-PP2-DP1,,3.8,6.0,False,reach
GPT-3-175B-like_mixed_TP8_PP8_DP16,reach_only_depth_is_costly,strict,low,TP1-PP2-DP2,,4.8,6.0,False,reach
GPT-3-175B-like_mixed_TP8_PP8_DP16,reach_only_depth_is_costly,strict,low,TP1-PP2-DP3,1.138014501748,6.8,10.0,True,
GPT-3-175B-like_mixed_TP8_PP8_DP16,reach_only_depth_is_costly,strict,low,TP1-PP3-DP1,,5.4,10.0,False,reach
GPT-3-175B-like_mixed_TP8_PP8_DP16,reach_only_depth_is_costly,strict,low,TP1-PP3-DP2,,6.4,10.0,False,reach
GPT-3-175B-like_mixed_TP8_PP8_DP16,reach_only_depth_is_costly,strict,low,TP1-PP3-DP3,,8.4,10.0,False,port
GPT-3-175B-like_mixed_TP8_PP8_DP16,reach_only_depth_is_costly,strict,low,TP2-PP1-DP1,,4.2,6.0,False,reach
GPT-3-175B-like_mixed_TP8_PP8_DP16,reach_only_depth_is_costly,strict,low,TP2-PP1-DP2,,5.2,6.0,False,reach
GPT-3-175B-like_mixed_TP8_PP8_DP16,reach_only_depth_is_costly,strict,low,TP2-PP1-DP3,,7.2,10.0,False,port+reach
GPT-3-175B-like_mixed_TP8_PP8_DP16,reach_only_depth_is_costly,strict,low,TP2-PP2-DP1,,5.0,6.0,False,reach
GPT-3-175B-like_mixed_TP8_PP8_DP16,reach_only_depth_is_costly,strict,low,TP2-PP2-DP2,,6.0,6.0,False,reach
GPT-3-175B-like_mixed_TP8_PP8_DP16,reach_only_depth_is_costly,strict,low,TP2-PP2-DP3,,8.0,10.0,False,port
GPT-3-175B-like_mixed_TP8_PP8_DP16,reach_only_depth_is_costly,strict,low,TP2-PP3-DP1,,6.6,10.0,False,reach
GPT-3-175B-like_mixed_TP8_PP8_DP16,reach_only_depth_is_costly,strict,low,TP2-PP3-DP2,,7.6,10.0,False,port+reach
GPT-3-175B-like_mixed_TP8_PP8_DP16,reach_only_depth_is_costly,strict,low,TP2-PP3-DP3,,9.6,10.0,False,port
GPT-3-175B-like_mixed_TP8_PP8_DP16,reach_only_depth_is_costly,strict,low,TP3-PP1-DP1,,6.6,10.0,False,reach
GPT-3-175B-like_mixed_TP8_PP8_DP16,reach_only_depth_is_costly,strict,low,TP3-PP1-DP2,,7.6,10.0,False,port+reach
GPT-3-175B-like_mixed_TP8_PP8_DP16,reach_only_depth_is_costly,strict,low,TP3-PP1-DP3,,9.6,10.0,False,port+reach
GPT-3-175B-like_mixed_TP8_PP8_DP16,reach_only_depth_is_costly,strict,low,TP3-PP2-DP1,,7.4,10.0,False,port+reach
GPT-3-175B-like_mixed_TP8_PP8_DP16,reach_only_depth_is_costly,strict,low,TP3-PP2-DP2,,8.4,10.0,False,port+reach
GPT-3-175B-like_mixed_TP8_PP8_DP16,reach_only_depth_is_costly,strict,low,TP3-PP2-DP3,,10.4,10.0,False,port
GPT-3-175B-like_mixed_TP8_PP8_DP16,reach_only_depth_is_costly,strict,low,TP3-PP3-DP1,,9.0,10.0,False,port+reach
GPT-3-175B-like_mixed_TP8_PP8_DP16,reach_only_depth_is_costly,strict,low,TP3-PP3-DP2,,10.0,10.0,False,port+reach
GPT-3-175B-like_mixed_TP8_PP8_DP16,reach_only_depth_is_costly,strict,low,TP3-PP3-DP3,,12.0,10.0,False,port
GPT-3-175B-like_mixed_TP8_PP8_DP16,reach_only_depth_is_costly,strict,medium,TP1-PP1-DP1,,3.0,2.5,False,reach
GPT-3-175B-like_mixed_TP8_PP8_DP16,reach_only_depth_is_costly,strict,medium,TP1-PP1-DP2,,4.0,6.0,False,reach
GPT-3-175B-like_mixed_TP8_PP8_DP16,reach_only_depth_is_costly,strict,medium,TP1-PP1-DP3,,6.0,10.0,False,reach
GPT-3-175B-like_mixed_TP8_PP8_DP16,reach_only_depth_is_costly,strict,medium,TP1-PP2-DP1,,3.8,6.0,False,reach
GPT-3-175B-like_mixed_TP8_PP8_DP16,reach_only_depth_is_costly,strict,medium,TP1-PP2-DP2,,4.8,6.0,False,reach
GPT-3-175B-like_mixed_TP8_PP8_DP16,reach_only_depth_is_costly,strict,medium,TP1-PP2-DP3,1.138014501748,6.8,10.0,True,
GPT-3-175B-like_mixed_TP8_PP8_DP16,reach_only_depth_is_costly,strict,medium,TP1-PP3-DP1,,5.4,10.0,False,reach
GPT-3-175B-like_mixed_TP8_PP8_DP16,reach_only_depth_is_costly,strict,medium,TP1-PP3-DP2,,6.4,10.0,False,reach
GPT-3-175B-like_mixed_TP8_PP8_DP16,reach_only_depth_is_costly,strict,medium,TP1-PP3-DP3,1.145144162676,8.4,10.0,True,
GPT-3-175B-like_mixed_TP8_PP8_DP16,reach_only_depth_is_costly,strict,medium,TP2-PP1-DP1,,4.2,6.0,False,reach
GPT-3-175B-like_mixed_TP8_PP8_DP16,reach_only_depth_is_costly,strict,medium,TP2-PP1-DP2,,5.2,6.0,False,reach
GPT-3-175B-like_mixed_TP8_PP8_DP16,reach_only_depth_is_costly,strict,medium,TP2-PP1-DP3,,7.2,10.0,False,reach
GPT-3-175B-like_mixed_TP8_PP8_DP16,reach_only_depth_is_costly,strict,medium,TP2-PP2-DP1,,5.0,6.0,False,reach
GPT-3-175B-like_mixed_TP8_PP8_DP16,reach_only_depth_is_costly,strict,medium,TP2-PP2-DP2,,6.0,6.0,False,reach
GPT-3-175B-like_mixed_TP8_PP8_DP16,reach_only_depth_is_costly,strict,medium,TP2-PP2-DP3,1.396326447988,8.0,10.0,True,
GPT-3-175B-like_mixed_TP8_PP8_DP16,reach_only_depth_is_costly,strict,medium,TP2-PP3-DP1,,6.6,10.0,False,reach
GPT-3-175B-like_mixed_TP8_PP8_DP16,reach_only_depth_is_costly,strict,medium,TP2-PP3-DP2,,7.6,10.0,False,reach
GPT-3-175B-like_mixed_TP8_PP8_DP16,reach_only_depth_is_costly,strict,medium,TP2-PP3-DP3,1.403456108916,9.6,10.0,True,
GPT-3-175B-like_mixed_TP8_PP8_DP16,reach_only_depth_is_costly,strict,medium,TP3-PP1-DP1,,6.6,10.0,False,reach
GPT-3-175B-like_mixed_TP8_PP8_DP16,reach_only_depth_is_costly,strict,medium,TP3-PP1-DP2,,7.6,10.0,False,reach
GPT-3-175B-like_mixed_TP8_PP8_DP16,reach_only_depth_is_costly,strict,medium,TP3-PP1-DP3,,9.6,10.0,False,reach
GPT-3-175B-like_mixed_TP8_PP8_DP16,reach_only_depth_is_costly,strict,medium,TP3-PP2-DP1,,7.4,10.0,False,reach
GPT-3-175B-like_mixed_TP8_PP8_DP16,reach_only_depth_is_costly,strict,medium,TP3-PP2-DP2,,8.4,10.0,False,reach
GPT-3-175B-like_mixed_TP8_PP8_DP16,reach_only_depth_is_costly,strict,medium,TP3-PP2-DP3,2.280799976307999,10.4,10.0,True,
GPT-3-175B-like_mixed_TP8_PP8_DP16,reach_only_depth_is_costly,strict,medium,TP3-PP3-DP1,,9.0,10.0,False,reach
GPT-3-175B-like_mixed_TP8_PP8_DP16,reach_only_depth_is_costly,strict,medium,TP3-PP3-DP2,,10.0,10.0,False,reach
GPT-3-175B-like_mixed_TP8_PP8_DP16,reach_only_depth_is_costly,strict,medium,TP3-PP3-DP3,2.287929637235999,12.0,10.0,True,
GPT-3-175B-like_mixed_TP8_PP8_DP16,reach_only_depth_is_costly,strict,high,TP1-PP1-DP1,,3.0,2.5,False,reach
GPT-3-175B-like_mixed_TP8_PP8_DP16,reach_only_depth_is_costly,strict,high,TP1-PP1-DP2,,4.0,6.0,False,reach
GPT-3-175B-like_mixed_TP8_PP8_DP16,reach_only_depth_is_costly,strict,high,TP1-PP1-DP3,,6.0,10.0,False,reach
GPT-3-175B-like_mixed_TP8_PP8_DP16,reach_only_depth_is_costly,strict,high,TP1-PP2-DP1,,3.8,6.0,False,reach
GPT-3-175B-like_mixed_TP8_PP8_DP16,reach_only_depth_is_costly,strict,high,TP1-PP2-DP2,,4.8,6.0,False,reach
GPT-3-175B-like_mixed_TP8_PP8_DP16,reach_only_depth_is_costly,strict,high,TP1-PP2-DP3,1.138014501748,6.8,10.0,True,
GPT-3-175B-like_mixed_TP8_PP8_DP16,reach_only_depth_is_costly,strict,high,TP1-PP3-DP1,,5.4,10.0,False,reach
GPT-3-175B-like_mixed_TP8_PP8_DP16,reach_only_depth_is_costly,strict,high,TP1-PP3-DP2,,6.4,10.0,False,reach
GPT-3-175B-like_mixed_TP8_PP8_DP16,reach_only_depth_is_costly,strict,high,TP1-PP3-DP3,1.145144162676,8.4,10.0,True,
GPT-3-175B-like_mixed_TP8_PP8_DP16,reach_only_depth_is_costly,strict,high,TP2-PP1-DP1,,4.2,6.0,False,reach
GPT-3-175B-like_mixed_TP8_PP8_DP16,reach_only_depth_is_costly,strict,high,TP2-PP1-DP2,,5.2,6.0,False,reach
GPT-3-175B-like_mixed_TP8_PP8_DP16,reach_only_depth_is_costly,strict,high,TP2-PP1-DP3,,7.2,10.0,False,reach
GPT-3-175B-like_mixed_TP8_PP8_DP16,reach_only_depth_is_costly,strict,high,TP2-PP2-DP1,,5.0,6.0,False,reach
GPT-3-175B-like_mixed_TP8_PP8_DP16,reach_only_depth_is_costly,strict,high,TP2-PP2-DP2,,6.0,6.0,False,reach
GPT-3-175B-like_mixed_TP8_PP8_DP16,reach_only_depth_is_costly,strict,high,TP2-PP2-DP3,1.396326447988,8.0,10.0,True,
GPT-3-175B-like_mixed_TP8_PP8_DP16,reach_only_depth_is_costly,strict,high,TP2-PP3-DP1,,6.6,10.0,False,reach
GPT-3-175B-like_mixed_TP8_PP8_DP16,reach_only_depth_is_costly,strict,high,TP2-PP3-DP2,,7.6,10.0,False,reach
GPT-3-175B-like_mixed_TP8_PP8_DP16,reach_only_depth_is_costly,strict,high,TP2-PP3-DP3,1.403456108916,9.6,10.0,True,
GPT-3-175B-like_mixed_TP8_PP8_DP16,reach_only_depth_is_costly,strict,high,TP3-PP1-DP1,,6.6,10.0,False,reach
GPT-3-175B-like_mixed_TP8_PP8_DP16,reach_only_depth_is_costly,strict,high,TP3-PP1-DP2,,7.6,10.0,False,reach
GPT-3-175B-like_mixed_TP8_PP8_DP16,reach_only_depth_is_costly,strict,high,TP3-PP1-DP3,,9.6,10.0,False,reach
GPT-3-175B-like_mixed_TP8_PP8_DP16,reach_only_depth_is_costly,strict,high,TP3-PP2-DP1,,7.4,10.0,False,reach
GPT-3-175B-like_mixed_TP8_PP8_DP16,reach_only_depth_is_costly,strict,high,TP3-PP2-DP2,,8.4,10.0,False,reach
GPT-3-175B-like_mixed_TP8_PP8_DP16,reach_only_depth_is_costly,strict,high,TP3-PP2-DP3,2.280799976307999,10.4,10.0,True,
GPT-3-175B-like_mixed_TP8_PP8_DP16,reach_only_depth_is_costly,strict,high,TP3-PP3-DP1,,9.0,10.0,False,reach
GPT-3-175B-like_mixed_TP8_PP8_DP16,reach_only_depth_is_costly,strict,high,TP3-PP3-DP2,,10.0,10.0,False,reach
GPT-3-175B-like_mixed_TP8_PP8_DP16,reach_only_depth_is_costly,strict,high,TP3-PP3-DP3,2.287929637235999,12.0,10.0,True,
GPT-3-175B-like_mixed_TP8_PP8_DP16,reach_only_depth_is_costly,medium,low,TP1-PP1-DP1,,3.0,2.5,False,reach
GPT-3-175B-like_mixed_TP8_PP8_DP16,reach_only_depth_is_costly,medium,low,TP1-PP1-DP2,,4.0,6.0,False,reach
GPT-3-175B-like_mixed_TP8_PP8_DP16,reach_only_depth_is_costly,medium,low,TP1-PP1-DP3,,6.0,10.0,False,reach
GPT-3-175B-like_mixed_TP8_PP8_DP16,reach_only_depth_is_costly,medium,low,TP1-PP2-DP1,,3.8,6.0,False,reach
GPT-3-175B-like_mixed_TP8_PP8_DP16,reach_only_depth_is_costly,medium,low,TP1-PP2-DP2,,4.8,6.0,False,reach
GPT-3-175B-like_mixed_TP8_PP8_DP16,reach_only_depth_is_costly,medium,low,TP1-PP2-DP3,1.138014501748,6.8,10.0,True,
GPT-3-175B-like_mixed_TP8_PP8_DP16,reach_only_depth_is_costly,medium,low,TP1-PP3-DP1,,5.4,10.0,False,reach
GPT-3-175B-like_mixed_TP8_PP8_DP16,reach_only_depth_is_costly,medium,low,TP1-PP3-DP2,,6.4,10.0,False,reach
GPT-3-175B-like_mixed_TP8_PP8_DP16,reach_only_depth_is_costly,medium,low,TP1-PP3-DP3,,8.4,10.0,False,port
GPT-3-175B-like_mixed_TP8_PP8_DP16,reach_only_depth_is_costly,medium,low,TP2-PP1-DP1,,4.2,6.0,False,reach
GPT-3-175B-like_mixed_TP8_PP8_DP16,reach_only_depth_is_costly,medium,low,TP2-PP1-DP2,,5.2,6.0,False,reach
GPT-3-175B-like_mixed_TP8_PP8_DP16,reach_only_depth_is_costly,medium,low,TP2-PP1-DP3,,7.2,10.0,False,port+reach
GPT-3-175B-like_mixed_TP8_PP8_DP16,reach_only_depth_is_costly,medium,low,TP2-PP2-DP1,,5.0,6.0,False,reach
GPT-3-175B-like_mixed_TP8_PP8_DP16,reach_only_depth_is_costly,medium,low,TP2-PP2-DP2,,6.0,6.0,False,reach
GPT-3-175B-like_mixed_TP8_PP8_DP16,reach_only_depth_is_costly,medium,low,TP2-PP2-DP3,,8.0,10.0,False,port
GPT-3-175B-like_mixed_TP8_PP8_DP16,reach_only_depth_is_costly,medium,low,TP2-PP3-DP1,,6.6,10.0,False,reach
GPT-3-175B-like_mixed_TP8_PP8_DP16,reach_only_depth_is_costly,medium,low,TP2-PP3-DP2,,7.6,10.0,False,port+reach
GPT-3-175B-like_mixed_TP8_PP8_DP16,reach_only_depth_is_costly,medium,low,TP2-PP3-DP3,,9.6,10.0,False,port
GPT-3-175B-like_mixed_TP8_PP8_DP16,reach_only_depth_is_costly,medium,low,TP3-PP1-DP1,,6.6,10.0,False,reach
GPT-3-175B-like_mixed_TP8_PP8_DP16,reach_only_depth_is_costly,medium,low,TP3-PP1-DP2,,7.6,10.0,False,port+reach
GPT-3-175B-like_mixed_TP8_PP8_DP16,reach_only_depth_is_costly,medium,low,TP3-PP1-DP3,,9.6,10.0,False,port+reach
GPT-3-175B-like_mixed_TP8_PP8_DP16,reach_only_depth_is_costly,medium,low,TP3-PP2-DP1,,7.4,10.0,False,port+reach
GPT-3-175B-like_mixed_TP8_PP8_DP16,reach_only_depth_is_costly,medium,low,TP3-PP2-DP2,,8.4,10.0,False,port+reach
GPT-3-175B-like_mixed_TP8_PP8_DP16,reach_only_depth_is_costly,medium,low,TP3-PP2-DP3,,10.4,10.0,False,port
GPT-3-175B-like_mixed_TP8_PP8_DP16,reach_only_depth_is_costly,medium,low,TP3-PP3-DP1,,9.0,10.0,False,port+reach
GPT-3-175B-like_mixed_TP8_PP8_DP16,reach_only_depth_is_costly,medium,low,TP3-PP3-DP2,,10.0,10.0,False,port+reach
GPT-3-175B-like_mixed_TP8_PP8_DP16,reach_only_depth_is_costly,medium,low,TP3-PP3-DP3,,12.0,10.0,False,port
GPT-3-175B-like_mixed_TP8_PP8_DP16,reach_only_depth_is_costly,medium,medium,TP1-PP1-DP1,,3.0,2.5,False,reach
GPT-3-175B-like_mixed_TP8_PP8_DP16,reach_only_depth_is_costly,medium,medium,TP1-PP1-DP2,,4.0,6.0,False,reach
GPT-3-175B-like_mixed_TP8_PP8_DP16,reach_only_depth_is_costly,medium,medium,TP1-PP1-DP3,,6.0,10.0,False,reach
GPT-3-175B-like_mixed_TP8_PP8_DP16,reach_only_depth_is_costly,medium,medium,TP1-PP2-DP1,,3.8,6.0,False,reach
GPT-3-175B-like_mixed_TP8_PP8_DP16,reach_only_depth_is_costly,medium,medium,TP1-PP2-DP2,,4.8,6.0,False,reach
GPT-3-175B-like_mixed_TP8_PP8_DP16,reach_only_depth_is_costly,medium,medium,TP1-PP2-DP3,1.138014501748,6.8,10.0,True,
GPT-3-175B-like_mixed_TP8_PP8_DP16,reach_only_depth_is_costly,medium,medium,TP1-PP3-DP1,,5.4,10.0,False,reach
GPT-3-175B-like_mixed_TP8_PP8_DP16,reach_only_depth_is_costly,medium,medium,TP1-PP3-DP2,,6.4,10.0,False,reach
GPT-3-175B-like_mixed_TP8_PP8_DP16,reach_only_depth_is_costly,medium,medium,TP1-PP3-DP3,1.145144162676,8.4,10.0,True,
GPT-3-175B-like_mixed_TP8_PP8_DP16,reach_only_depth_is_costly,medium,medium,TP2-PP1-DP1,,4.2,6.0,False,reach
GPT-3-175B-like_mixed_TP8_PP8_DP16,reach_only_depth_is_costly,medium,medium,TP2-PP1-DP2,,5.2,6.0,False,reach
GPT-3-175B-like_mixed_TP8_PP8_DP16,reach_only_depth_is_costly,medium,medium,TP2-PP1-DP3,,7.2,10.0,False,reach
GPT-3-175B-like_mixed_TP8_PP8_DP16,reach_only_depth_is_costly,medium,medium,TP2-PP2-DP1,,5.0,6.0,False,reach
GPT-3-175B-like_mixed_TP8_PP8_DP16,reach_only_depth_is_costly,medium,medium,TP2-PP2-DP2,,6.0,6.0,False,reach
GPT-3-175B-like_mixed_TP8_PP8_DP16,reach_only_depth_is_costly,medium,medium,TP2-PP2-DP3,1.396326447988,8.0,10.0,True,
GPT-3-175B-like_mixed_TP8_PP8_DP16,reach_only_depth_is_costly,medium,medium,TP2-PP3-DP1,,6.6,10.0,False,reach
GPT-3-175B-like_mixed_TP8_PP8_DP16,reach_only_depth_is_costly,medium,medium,TP2-PP3-DP2,,7.6,10.0,False,reach
GPT-3-175B-like_mixed_TP8_PP8_DP16,reach_only_depth_is_costly,medium,medium,TP2-PP3-DP3,1.403456108916,9.6,10.0,True,
GPT-3-175B-like_mixed_TP8_PP8_DP16,reach_only_depth_is_costly,medium,medium,TP3-PP1-DP1,,6.6,10.0,False,reach
GPT-3-175B-like_mixed_TP8_PP8_DP16,reach_only_depth_is_costly,medium,medium,TP3-PP1-DP2,,7.6,10.0,False,reach
GPT-3-175B-like_mixed_TP8_PP8_DP16,reach_only_depth_is_costly,medium,medium,TP3-PP1-DP3,,9.6,10.0,False,reach
GPT-3-175B-like_mixed_TP8_PP8_DP16,reach_only_depth_is_costly,medium,medium,TP3-PP2-DP1,,7.4,10.0,False,reach
GPT-3-175B-like_mixed_TP8_PP8_DP16,reach_only_depth_is_costly,medium,medium,TP3-PP2-DP2,,8.4,10.0,False,reach
GPT-3-175B-like_mixed_TP8_PP8_DP16,reach_only_depth_is_costly,medium,medium,TP3-PP2-DP3,2.280799976307999,10.4,10.0,True,
GPT-3-175B-like_mixed_TP8_PP8_DP16,reach_only_depth_is_costly,medium,medium,TP3-PP3-DP1,,9.0,10.0,False,reach
GPT-3-175B-like_mixed_TP8_PP8_DP16,reach_only_depth_is_costly,medium,medium,TP3-PP3-DP2,,10.0,10.0,False,reach
GPT-3-175B-like_mixed_TP8_PP8_DP16,reach_only_depth_is_costly,medium,medium,TP3-PP3-DP3,2.287929637235999,12.0,10.0,True,
GPT-3-175B-like_mixed_TP8_PP8_DP16,reach_only_depth_is_costly,medium,high,TP1-PP1-DP1,,3.0,2.5,False,reach
GPT-3-175B-like_mixed_TP8_PP8_DP16,reach_only_depth_is_costly,medium,high,TP1-PP1-DP2,,4.0,6.0,False,reach
GPT-3-175B-like_mixed_TP8_PP8_DP16,reach_only_depth_is_costly,medium,high,TP1-PP1-DP3,,6.0,10.0,False,reach
GPT-3-175B-like_mixed_TP8_PP8_DP16,reach_only_depth_is_costly,medium,high,TP1-PP2-DP1,,3.8,6.0,False,reach
GPT-3-175B-like_mixed_TP8_PP8_DP16,reach_only_depth_is_costly,medium,high,TP1-PP2-DP2,,4.8,6.0,False,reach
GPT-3-175B-like_mixed_TP8_PP8_DP16,reach_only_depth_is_costly,medium,high,TP1-PP2-DP3,1.138014501748,6.8,10.0,True,
GPT-3-175B-like_mixed_TP8_PP8_DP16,reach_only_depth_is_costly,medium,high,TP1-PP3-DP1,,5.4,10.0,False,reach
GPT-3-175B-like_mixed_TP8_PP8_DP16,reach_only_depth_is_costly,medium,high,TP1-PP3-DP2,,6.4,10.0,False,reach
GPT-3-175B-like_mixed_TP8_PP8_DP16,reach_only_depth_is_costly,medium,high,TP1-PP3-DP3,1.145144162676,8.4,10.0,True,
GPT-3-175B-like_mixed_TP8_PP8_DP16,reach_only_depth_is_costly,medium,high,TP2-PP1-DP1,,4.2,6.0,False,reach
GPT-3-175B-like_mixed_TP8_PP8_DP16,reach_only_depth_is_costly,medium,high,TP2-PP1-DP2,,5.2,6.0,False,reach
GPT-3-175B-like_mixed_TP8_PP8_DP16,reach_only_depth_is_costly,medium,high,TP2-PP1-DP3,,7.2,10.0,False,reach
GPT-3-175B-like_mixed_TP8_PP8_DP16,reach_only_depth_is_costly,medium,high,TP2-PP2-DP1,,5.0,6.0,False,reach
GPT-3-175B-like_mixed_TP8_PP8_DP16,reach_only_depth_is_costly,medium,high,TP2-PP2-DP2,,6.0,6.0,False,reach
GPT-3-175B-like_mixed_TP8_PP8_DP16,reach_only_depth_is_costly,medium,high,TP2-PP2-DP3,1.396326447988,8.0,10.0,True,
GPT-3-175B-like_mixed_TP8_PP8_DP16,reach_only_depth_is_costly,medium,high,TP2-PP3-DP1,,6.6,10.0,False,reach
GPT-3-175B-like_mixed_TP8_PP8_DP16,reach_only_depth_is_costly,medium,high,TP2-PP3-DP2,,7.6,10.0,False,reach
GPT-3-175B-like_mixed_TP8_PP8_DP16,reach_only_depth_is_costly,medium,high,TP2-PP3-DP3,1.403456108916,9.6,10.0,True,
GPT-3-175B-like_mixed_TP8_PP8_DP16,reach_only_depth_is_costly,medium,high,TP3-PP1-DP1,,6.6,10.0,False,reach
GPT-3-175B-like_mixed_TP8_PP8_DP16,reach_only_depth_is_costly,medium,high,TP3-PP1-DP2,,7.6,10.0,False,reach
GPT-3-175B-like_mixed_TP8_PP8_DP16,reach_only_depth_is_costly,medium,high,TP3-PP1-DP3,,9.6,10.0,False,reach
GPT-3-175B-like_mixed_TP8_PP8_DP16,reach_only_depth_is_costly,medium,high,TP3-PP2-DP1,,7.4,10.0,False,reach
GPT-3-175B-like_mixed_TP8_PP8_DP16,reach_only_depth_is_costly,medium,high,TP3-PP2-DP2,,8.4,10.0,False,reach
GPT-3-175B-like_mixed_TP8_PP8_DP16,reach_only_depth_is_costly,medium,high,TP3-PP2-DP3,2.280799976307999,10.4,10.0,True,
GPT-3-175B-like_mixed_TP8_PP8_DP16,reach_only_depth_is_costly,medium,high,TP3-PP3-DP1,,9.0,10.0,False,reach
GPT-3-175B-like_mixed_TP8_PP8_DP16,reach_only_depth_is_costly,medium,high,TP3-PP3-DP2,,10.0,10.0,False,reach
GPT-3-175B-like_mixed_TP8_PP8_DP16,reach_only_depth_is_costly,medium,high,TP3-PP3-DP3,2.287929637235999,12.0,10.0,True,
GPT-3-175B-like_mixed_TP8_PP8_DP16,reach_only_depth_is_costly,relaxed,low,TP1-PP1-DP1,,3.0,2.5,False,reach
GPT-3-175B-like_mixed_TP8_PP8_DP16,reach_only_depth_is_costly,relaxed,low,TP1-PP1-DP2,,4.0,6.0,False,reach
GPT-3-175B-like_mixed_TP8_PP8_DP16,reach_only_depth_is_costly,relaxed,low,TP1-PP1-DP3,,6.0,10.0,False,reach
GPT-3-175B-like_mixed_TP8_PP8_DP16,reach_only_depth_is_costly,relaxed,low,TP1-PP2-DP1,,3.8,6.0,False,reach
GPT-3-175B-like_mixed_TP8_PP8_DP16,reach_only_depth_is_costly,relaxed,low,TP1-PP2-DP2,,4.8,6.0,False,reach
GPT-3-175B-like_mixed_TP8_PP8_DP16,reach_only_depth_is_costly,relaxed,low,TP1-PP2-DP3,1.138014501748,6.8,10.0,True,
GPT-3-175B-like_mixed_TP8_PP8_DP16,reach_only_depth_is_costly,relaxed,low,TP1-PP3-DP1,,5.4,10.0,False,reach
GPT-3-175B-like_mixed_TP8_PP8_DP16,reach_only_depth_is_costly,relaxed,low,TP1-PP3-DP2,,6.4,10.0,False,reach
GPT-3-175B-like_mixed_TP8_PP8_DP16,reach_only_depth_is_costly,relaxed,low,TP1-PP3-DP3,,8.4,10.0,False,port
GPT-3-175B-like_mixed_TP8_PP8_DP16,reach_only_depth_is_costly,relaxed,low,TP2-PP1-DP1,,4.2,6.0,False,reach
GPT-3-175B-like_mixed_TP8_PP8_DP16,reach_only_depth_is_costly,relaxed,low,TP2-PP1-DP2,,5.2,6.0,False,reach
GPT-3-175B-like_mixed_TP8_PP8_DP16,reach_only_depth_is_costly,relaxed,low,TP2-PP1-DP3,,7.2,10.0,False,port+reach
GPT-3-175B-like_mixed_TP8_PP8_DP16,reach_only_depth_is_costly,relaxed,low,TP2-PP2-DP1,,5.0,6.0,False,reach
GPT-3-175B-like_mixed_TP8_PP8_DP16,reach_only_depth_is_costly,relaxed,low,TP2-PP2-DP2,,6.0,6.0,False,reach
GPT-3-175B-like_mixed_TP8_PP8_DP16,reach_only_depth_is_costly,relaxed,low,TP2-PP2-DP3,,8.0,10.0,False,port
GPT-3-175B-like_mixed_TP8_PP8_DP16,reach_only_depth_is_costly,relaxed,low,TP2-PP3-DP1,,6.6,10.0,False,reach
GPT-3-175B-like_mixed_TP8_PP8_DP16,reach_only_depth_is_costly,relaxed,low,TP2-PP3-DP2,,7.6,10.0,False,port+reach
GPT-3-175B-like_mixed_TP8_PP8_DP16,reach_only_depth_is_costly,relaxed,low,TP2-PP3-DP3,,9.6,10.0,False,port
GPT-3-175B-like_mixed_TP8_PP8_DP16,reach_only_depth_is_costly,relaxed,low,TP3-PP1-DP1,,6.6,10.0,False,reach
GPT-3-175B-like_mixed_TP8_PP8_DP16,reach_only_depth_is_costly,relaxed,low,TP3-PP1-DP2,,7.6,10.0,False,port+reach
GPT-3-175B-like_mixed_TP8_PP8_DP16,reach_only_depth_is_costly,relaxed,low,TP3-PP1-DP3,,9.6,10.0,False,port+reach
GPT-3-175B-like_mixed_TP8_PP8_DP16,reach_only_depth_is_costly,relaxed,low,TP3-PP2-DP1,,7.4,10.0,False,port+reach
GPT-3-175B-like_mixed_TP8_PP8_DP16,reach_only_depth_is_costly,relaxed,low,TP3-PP2-DP2,,8.4,10.0,False,port+reach
GPT-3-175B-like_mixed_TP8_PP8_DP16,reach_only_depth_is_costly,relaxed,low,TP3-PP2-DP3,,10.4,10.0,False,port
GPT-3-175B-like_mixed_TP8_PP8_DP16,reach_only_depth_is_costly,relaxed,low,TP3-PP3-DP1,,9.0,10.0,False,port+reach
GPT-3-175B-like_mixed_TP8_PP8_DP16,reach_only_depth_is_costly,relaxed,low,TP3-PP3-DP2,,10.0,10.0,False,port+reach
GPT-3-175B-like_mixed_TP8_PP8_DP16,reach_only_depth_is_costly,relaxed,low,TP3-PP3-DP3,,12.0,10.0,False,port
GPT-3-175B-like_mixed_TP8_PP8_DP16,reach_only_depth_is_costly,relaxed,medium,TP1-PP1-DP1,,3.0,2.5,False,reach
GPT-3-175B-like_mixed_TP8_PP8_DP16,reach_only_depth_is_costly,relaxed,medium,TP1-PP1-DP2,,4.0,6.0,False,reach
GPT-3-175B-like_mixed_TP8_PP8_DP16,reach_only_depth_is_costly,relaxed,medium,TP1-PP1-DP3,,6.0,10.0,False,reach
GPT-3-175B-like_mixed_TP8_PP8_DP16,reach_only_depth_is_costly,relaxed,medium,TP1-PP2-DP1,,3.8,6.0,False,reach
GPT-3-175B-like_mixed_TP8_PP8_DP16,reach_only_depth_is_costly,relaxed,medium,TP1-PP2-DP2,,4.8,6.0,False,reach
GPT-3-175B-like_mixed_TP8_PP8_DP16,reach_only_depth_is_costly,relaxed,medium,TP1-PP2-DP3,1.138014501748,6.8,10.0,True,
GPT-3-175B-like_mixed_TP8_PP8_DP16,reach_only_depth_is_costly,relaxed,medium,TP1-PP3-DP1,,5.4,10.0,False,reach
GPT-3-175B-like_mixed_TP8_PP8_DP16,reach_only_depth_is_costly,relaxed,medium,TP1-PP3-DP2,,6.4,10.0,False,reach
GPT-3-175B-like_mixed_TP8_PP8_DP16,reach_only_depth_is_costly,relaxed,medium,TP1-PP3-DP3,1.145144162676,8.4,10.0,True,
GPT-3-175B-like_mixed_TP8_PP8_DP16,reach_only_depth_is_costly,relaxed,medium,TP2-PP1-DP1,,4.2,6.0,False,reach
GPT-3-175B-like_mixed_TP8_PP8_DP16,reach_only_depth_is_costly,relaxed,medium,TP2-PP1-DP2,,5.2,6.0,False,reach
GPT-3-175B-like_mixed_TP8_PP8_DP16,reach_only_depth_is_costly,relaxed,medium,TP2-PP1-DP3,,7.2,10.0,False,reach
GPT-3-175B-like_mixed_TP8_PP8_DP16,reach_only_depth_is_costly,relaxed,medium,TP2-PP2-DP1,,5.0,6.0,False,reach
GPT-3-175B-like_mixed_TP8_PP8_DP16,reach_only_depth_is_costly,relaxed,medium,TP2-PP2-DP2,,6.0,6.0,False,reach
GPT-3-175B-like_mixed_TP8_PP8_DP16,reach_only_depth_is_costly,relaxed,medium,TP2-PP2-DP3,1.396326447988,8.0,10.0,True,
GPT-3-175B-like_mixed_TP8_PP8_DP16,reach_only_depth_is_costly,relaxed,medium,TP2-PP3-DP1,,6.6,10.0,False,reach
GPT-3-175B-like_mixed_TP8_PP8_DP16,reach_only_depth_is_costly,relaxed,medium,TP2-PP3-DP2,,7.6,10.0,False,reach
GPT-3-175B-like_mixed_TP8_PP8_DP16,reach_only_depth_is_costly,relaxed,medium,TP2-PP3-DP3,1.403456108916,9.6,10.0,True,
GPT-3-175B-like_mixed_TP8_PP8_DP16,reach_only_depth_is_costly,relaxed,medium,TP3-PP1-DP1,,6.6,10.0,False,reach
GPT-3-175B-like_mixed_TP8_PP8_DP16,reach_only_depth_is_costly,relaxed,medium,TP3-PP1-DP2,,7.6,10.0,False,reach
GPT-3-175B-like_mixed_TP8_PP8_DP16,reach_only_depth_is_costly,relaxed,medium,TP3-PP1-DP3,,9.6,10.0,False,reach
GPT-3-175B-like_mixed_TP8_PP8_DP16,reach_only_depth_is_costly,relaxed,medium,TP3-PP2-DP1,,7.4,10.0,False,reach
GPT-3-175B-like_mixed_TP8_PP8_DP16,reach_only_depth_is_costly,relaxed,medium,TP3-PP2-DP2,,8.4,10.0,False,reach
GPT-3-175B-like_mixed_TP8_PP8_DP16,reach_only_depth_is_costly,relaxed,medium,TP3-PP2-DP3,2.280799976307999,10.4,10.0,True,
GPT-3-175B-like_mixed_TP8_PP8_DP16,reach_only_depth_is_costly,relaxed,medium,TP3-PP3-DP1,,9.0,10.0,False,reach
GPT-3-175B-like_mixed_TP8_PP8_DP16,reach_only_depth_is_costly,relaxed,medium,TP3-PP3-DP2,,10.0,10.0,False,reach
GPT-3-175B-like_mixed_TP8_PP8_DP16,reach_only_depth_is_costly,relaxed,medium,TP3-PP3-DP3,2.287929637235999,12.0,10.0,True,
GPT-3-175B-like_mixed_TP8_PP8_DP16,reach_only_depth_is_costly,relaxed,high,TP1-PP1-DP1,,3.0,2.5,False,reach
GPT-3-175B-like_mixed_TP8_PP8_DP16,reach_only_depth_is_costly,relaxed,high,TP1-PP1-DP2,,4.0,6.0,False,reach
GPT-3-175B-like_mixed_TP8_PP8_DP16,reach_only_depth_is_costly,relaxed,high,TP1-PP1-DP3,,6.0,10.0,False,reach
GPT-3-175B-like_mixed_TP8_PP8_DP16,reach_only_depth_is_costly,relaxed,high,TP1-PP2-DP1,,3.8,6.0,False,reach
GPT-3-175B-like_mixed_TP8_PP8_DP16,reach_only_depth_is_costly,relaxed,high,TP1-PP2-DP2,,4.8,6.0,False,reach
GPT-3-175B-like_mixed_TP8_PP8_DP16,reach_only_depth_is_costly,relaxed,high,TP1-PP2-DP3,1.138014501748,6.8,10.0,True,
GPT-3-175B-like_mixed_TP8_PP8_DP16,reach_only_depth_is_costly,relaxed,high,TP1-PP3-DP1,,5.4,10.0,False,reach
GPT-3-175B-like_mixed_TP8_PP8_DP16,reach_only_depth_is_costly,relaxed,high,TP1-PP3-DP2,,6.4,10.0,False,reach
GPT-3-175B-like_mixed_TP8_PP8_DP16,reach_only_depth_is_costly,relaxed,high,TP1-PP3-DP3,1.145144162676,8.4,10.0,True,
GPT-3-175B-like_mixed_TP8_PP8_DP16,reach_only_depth_is_costly,relaxed,high,TP2-PP1-DP1,,4.2,6.0,False,reach
GPT-3-175B-like_mixed_TP8_PP8_DP16,reach_only_depth_is_costly,relaxed,high,TP2-PP1-DP2,,5.2,6.0,False,reach
GPT-3-175B-like_mixed_TP8_PP8_DP16,reach_only_depth_is_costly,relaxed,high,TP2-PP1-DP3,,7.2,10.0,False,reach
GPT-3-175B-like_mixed_TP8_PP8_DP16,reach_only_depth_is_costly,relaxed,high,TP2-PP2-DP1,,5.0,6.0,False,reach
GPT-3-175B-like_mixed_TP8_PP8_DP16,reach_only_depth_is_costly,relaxed,high,TP2-PP2-DP2,,6.0,6.0,False,reach
GPT-3-175B-like_mixed_TP8_PP8_DP16,reach_only_depth_is_costly,relaxed,high,TP2-PP2-DP3,1.396326447988,8.0,10.0,True,
GPT-3-175B-like_mixed_TP8_PP8_DP16,reach_only_depth_is_costly,relaxed,high,TP2-PP3-DP1,,6.6,10.0,False,reach
GPT-3-175B-like_mixed_TP8_PP8_DP16,reach_only_depth_is_costly,relaxed,high,TP2-PP3-DP2,,7.6,10.0,False,reach
GPT-3-175B-like_mixed_TP8_PP8_DP16,reach_only_depth_is_costly,relaxed,high,TP2-PP3-DP3,1.403456108916,9.6,10.0,True,
GPT-3-175B-like_mixed_TP8_PP8_DP16,reach_only_depth_is_costly,relaxed,high,TP3-PP1-DP1,,6.6,10.0,False,reach
GPT-3-175B-like_mixed_TP8_PP8_DP16,reach_only_depth_is_costly,relaxed,high,TP3-PP1-DP2,,7.6,10.0,False,reach
GPT-3-175B-like_mixed_TP8_PP8_DP16,reach_only_depth_is_costly,relaxed,high,TP3-PP1-DP3,,9.6,10.0,False,reach
GPT-3-175B-like_mixed_TP8_PP8_DP16,reach_only_depth_is_costly,relaxed,high,TP3-PP2-DP1,,7.4,10.0,False,reach
GPT-3-175B-like_mixed_TP8_PP8_DP16,reach_only_depth_is_costly,relaxed,high,TP3-PP2-DP2,,8.4,10.0,False,reach
GPT-3-175B-like_mixed_TP8_PP8_DP16,reach_only_depth_is_costly,relaxed,high,TP3-PP2-DP3,2.280799976307999,10.4,10.0,True,
GPT-3-175B-like_mixed_TP8_PP8_DP16,reach_only_depth_is_costly,relaxed,high,TP3-PP3-DP1,,9.0,10.0,False,reach
GPT-3-175B-like_mixed_TP8_PP8_DP16,reach_only_depth_is_costly,relaxed,high,TP3-PP3-DP2,,10.0,10.0,False,reach
GPT-3-175B-like_mixed_TP8_PP8_DP16,reach_only_depth_is_costly,relaxed,high,TP3-PP3-DP3,2.287929637235999,12.0,10.0,True,
GPT-3-175B-like_mixed_TP8_PP8_DP16,extra_parallelism_bandwidth_steering,strict,low,TP1-PP1-DP1,,3.0,2.5,False,reach
GPT-3-175B-like_mixed_TP8_PP8_DP16,extra_parallelism_bandwidth_steering,strict,low,TP1-PP1-DP2,,5.0,6.5,False,reach
GPT-3-175B-like_mixed_TP8_PP8_DP16,extra_parallelism_bandwidth_steering,strict,low,TP1-PP1-DP3,,8.0,10.5,False,loss+port+reach
GPT-3-175B-like_mixed_TP8_PP8_DP16,extra_parallelism_bandwidth_steering,strict,low,TP1-PP2-DP1,,4.6000000000000005,6.5,False,reach
GPT-3-175B-like_mixed_TP8_PP8_DP16,extra_parallelism_bandwidth_steering,strict,low,TP1-PP2-DP2,,6.6000000000000005,6.5,False,reach
GPT-3-175B-like_mixed_TP8_PP8_DP16,extra_parallelism_bandwidth_steering,strict,low,TP1-PP2-DP3,,9.600000000000001,10.5,False,loss+port
GPT-3-175B-like_mixed_TP8_PP8_DP16,extra_parallelism_bandwidth_steering,strict,low,TP1-PP3-DP1,,7.000000000000001,10.5,False,loss+port+reach
GPT-3-175B-like_mixed_TP8_PP8_DP16,extra_parallelism_bandwidth_steering,strict,low,TP1-PP3-DP2,,9.0,10.5,False,loss+port+reach
GPT-3-175B-like_mixed_TP8_PP8_DP16,extra_parallelism_bandwidth_steering,strict,low,TP1-PP3-DP3,,12.0,10.5,False,loss+port
GPT-3-175B-like_mixed_TP8_PP8_DP16,extra_parallelism_bandwidth_steering,strict,low,TP2-PP1-DP1,,5.3999999999999995,6.5,False,reach
GPT-3-175B-like_mixed_TP8_PP8_DP16,extra_parallelism_bandwidth_steering,strict,low,TP2-PP1-DP2,,7.3999999999999995,6.5,False,port+reach
GPT-3-175B-like_mixed_TP8_PP8_DP16,extra_parallelism_bandwidth_steering,strict,low,TP2-PP1-DP3,,10.399999999999999,10.5,False,loss+port+reach
GPT-3-175B-like_mixed_TP8_PP8_DP16,extra_parallelism_bandwidth_steering,strict,low,TP2-PP2-DP1,,7.0,6.5,False,reach
GPT-3-175B-like_mixed_TP8_PP8_DP16,extra_parallelism_bandwidth_steering,strict,low,TP2-PP2-DP2,,9.0,6.5,False,port+reach
GPT-3-175B-like_mixed_TP8_PP8_DP16,extra_parallelism_bandwidth_steering,strict,low,TP2-PP2-DP3,,12.0,10.5,False,loss+port
GPT-3-175B-like_mixed_TP8_PP8_DP16,extra_parallelism_bandwidth_steering,strict,low,TP2-PP3-DP1,,9.4,10.5,False,loss+port+reach
GPT-3-175B-like_mixed_TP8_PP8_DP16,extra_parallelism_bandwidth_steering,strict,low,TP2-PP3-DP2,,11.4,10.5,False,loss+port+reach
GPT-3-175B-like_mixed_TP8_PP8_DP16,extra_parallelism_bandwidth_steering,strict,low,TP2-PP3-DP3,,14.4,10.5,False,loss+port
GPT-3-175B-like_mixed_TP8_PP8_DP16,extra_parallelism_bandwidth_steering,strict,low,TP3-PP1-DP1,,9.0,10.5,False,loss+port+reach
GPT-3-175B-like_mixed_TP8_PP8_DP16,extra_parallelism_bandwidth_steering,strict,low,TP3-PP1-DP2,,11.0,10.5,False,loss+port+reach
GPT-3-175B-like_mixed_TP8_PP8_DP16,extra_parallelism_bandwidth_steering,strict,low,TP3-PP1-DP3,,14.0,10.5,False,loss+port+reach
GPT-3-175B-like_mixed_TP8_PP8_DP16,extra_parallelism_bandwidth_steering,strict,low,TP3-PP2-DP1,,10.6,10.5,False,loss+port+reach
GPT-3-175B-like_mixed_TP8_PP8_DP16,extra_parallelism_bandwidth_steering,strict,low,TP3-PP2-DP2,,12.6,10.5,False,loss+port+reach
GPT-3-175B-like_mixed_TP8_PP8_DP16,extra_parallelism_bandwidth_steering,strict,low,TP3-PP2-DP3,,15.6,10.5,False,loss+port
GPT-3-175B-like_mixed_TP8_PP8_DP16,extra_parallelism_bandwidth_steering,strict,low,TP3-PP3-DP1,,13.0,10.5,False,loss+port+reach
GPT-3-175B-like_mixed_TP8_PP8_DP16,extra_parallelism_bandwidth_steering,strict,low,TP3-PP3-DP2,,15.0,10.5,False,loss+port+reach
GPT-3-175B-like_mixed_TP8_PP8_DP16,extra_parallelism_bandwidth_steering,strict,low,TP3-PP3-DP3,,18.0,10.5,False,loss+port
GPT-3-175B-like_mixed_TP8_PP8_DP16,extra_parallelism_bandwidth_steering,strict,medium,TP1-PP1-DP1,,3.0,2.5,False,reach
GPT-3-175B-like_mixed_TP8_PP8_DP16,extra_parallelism_bandwidth_steering,strict,medium,TP1-PP1-DP2,,5.0,6.5,False,reach
GPT-3-175B-like_mixed_TP8_PP8_DP16,extra_parallelism_bandwidth_steering,strict,medium,TP1-PP1-DP3,,8.0,10.5,False,loss+reach
GPT-3-175B-like_mixed_TP8_PP8_DP16,extra_parallelism_bandwidth_steering,strict,medium,TP1-PP2-DP1,,4.6000000000000005,6.5,False,reach
GPT-3-175B-like_mixed_TP8_PP8_DP16,extra_parallelism_bandwidth_steering,strict,medium,TP1-PP2-DP2,,6.6000000000000005,6.5,False,reach
GPT-3-175B-like_mixed_TP8_PP8_DP16,extra_parallelism_bandwidth_steering,strict,medium,TP1-PP2-DP3,,9.600000000000001,10.5,False,loss
GPT-3-175B-like_mixed_TP8_PP8_DP16,extra_parallelism_bandwidth_steering,strict,medium,TP1-PP3-DP1,,7.000000000000001,10.5,False,loss+reach
GPT-3-175B-like_mixed_TP8_PP8_DP16,extra_parallelism_bandwidth_steering,strict,medium,TP1-PP3-DP2,,9.0,10.5,False,loss+reach
GPT-3-175B-like_mixed_TP8_PP8_DP16,extra_parallelism_bandwidth_steering,strict,medium,TP1-PP3-DP3,,12.0,10.5,False,loss
GPT-3-175B-like_mixed_TP8_PP8_DP16,extra_parallelism_bandwidth_steering,strict,medium,TP2-PP1-DP1,,5.3999999999999995,6.5,False,reach
GPT-3-175B-like_mixed_TP8_PP8_DP16,extra_parallelism_bandwidth_steering,strict,medium,TP2-PP1-DP2,,7.3999999999999995,6.5,False,reach
GPT-3-175B-like_mixed_TP8_PP8_DP16,extra_parallelism_bandwidth_steering,strict,medium,TP2-PP1-DP3,,10.399999999999999,10.5,False,loss+reach
GPT-3-175B-like_mixed_TP8_PP8_DP16,extra_parallelism_bandwidth_steering,strict,medium,TP2-PP2-DP1,,7.0,6.5,False,reach
GPT-3-175B-like_mixed_TP8_PP8_DP16,extra_parallelism_bandwidth_steering,strict,medium,TP2-PP2-DP2,,9.0,6.5,False,reach
GPT-3-175B-like_mixed_TP8_PP8_DP16,extra_parallelism_bandwidth_steering,strict,medium,TP2-PP2-DP3,,12.0,10.5,False,loss
GPT-3-175B-like_mixed_TP8_PP8_DP16,extra_parallelism_bandwidth_steering,strict,medium,TP2-PP3-DP1,,9.4,10.5,False,loss+reach
GPT-3-175B-like_mixed_TP8_PP8_DP16,extra_parallelism_bandwidth_steering,strict,medium,TP2-PP3-DP2,,11.4,10.5,False,loss+reach
GPT-3-175B-like_mixed_TP8_PP8_DP16,extra_parallelism_bandwidth_steering,strict,medium,TP2-PP3-DP3,,14.4,10.5,False,loss+port
GPT-3-175B-like_mixed_TP8_PP8_DP16,extra_parallelism_bandwidth_steering,strict,medium,TP3-PP1-DP1,,9.0,10.5,False,loss+reach
GPT-3-175B-like_mixed_TP8_PP8_DP16,extra_parallelism_bandwidth_steering,strict,medium,TP3-PP1-DP2,,11.0,10.5,False,loss+reach
GPT-3-175B-like_mixed_TP8_PP8_DP16,extra_parallelism_bandwidth_steering,strict,medium,TP3-PP1-DP3,,14.0,10.5,False,loss+port+reach
GPT-3-175B-like_mixed_TP8_PP8_DP16,extra_parallelism_bandwidth_steering,strict,medium,TP3-PP2-DP1,,10.6,10.5,False,loss+reach
GPT-3-175B-like_mixed_TP8_PP8_DP16,extra_parallelism_bandwidth_steering,strict,medium,TP3-PP2-DP2,,12.6,10.5,False,loss+port+reach
GPT-3-175B-like_mixed_TP8_PP8_DP16,extra_parallelism_bandwidth_steering,strict,medium,TP3-PP2-DP3,,15.6,10.5,False,loss+port
GPT-3-175B-like_mixed_TP8_PP8_DP16,extra_parallelism_bandwidth_steering,strict,medium,TP3-PP3-DP1,,13.0,10.5,False,loss+port+reach
GPT-3-175B-like_mixed_TP8_PP8_DP16,extra_parallelism_bandwidth_steering,strict,medium,TP3-PP3-DP2,,15.0,10.5,False,loss+port+reach
GPT-3-175B-like_mixed_TP8_PP8_DP16,extra_parallelism_bandwidth_steering,strict,medium,TP3-PP3-DP3,,18.0,10.5,False,loss+port
GPT-3-175B-like_mixed_TP8_PP8_DP16,extra_parallelism_bandwidth_steering,strict,high,TP1-PP1-DP1,,3.0,2.5,False,reach
GPT-3-175B-like_mixed_TP8_PP8_DP16,extra_parallelism_bandwidth_steering,strict,high,TP1-PP1-DP2,,5.0,6.5,False,reach
GPT-3-175B-like_mixed_TP8_PP8_DP16,extra_parallelism_bandwidth_steering,strict,high,TP1-PP1-DP3,,8.0,10.5,False,loss+reach
GPT-3-175B-like_mixed_TP8_PP8_DP16,extra_parallelism_bandwidth_steering,strict,high,TP1-PP2-DP1,,4.6000000000000005,6.5,False,reach
GPT-3-175B-like_mixed_TP8_PP8_DP16,extra_parallelism_bandwidth_steering,strict,high,TP1-PP2-DP2,,6.6000000000000005,6.5,False,reach
GPT-3-175B-like_mixed_TP8_PP8_DP16,extra_parallelism_bandwidth_steering,strict,high,TP1-PP2-DP3,,9.600000000000001,10.5,False,loss
GPT-3-175B-like_mixed_TP8_PP8_DP16,extra_parallelism_bandwidth_steering,strict,high,TP1-PP3-DP1,,7.000000000000001,10.5,False,loss+reach
GPT-3-175B-like_mixed_TP8_PP8_DP16,extra_parallelism_bandwidth_steering,strict,high,TP1-PP3-DP2,,9.0,10.5,False,loss+reach
GPT-3-175B-like_mixed_TP8_PP8_DP16,extra_parallelism_bandwidth_steering,strict,high,TP1-PP3-DP3,,12.0,10.5,False,loss
GPT-3-175B-like_mixed_TP8_PP8_DP16,extra_parallelism_bandwidth_steering,strict,high,TP2-PP1-DP1,,5.3999999999999995,6.5,False,reach
GPT-3-175B-like_mixed_TP8_PP8_DP16,extra_parallelism_bandwidth_steering,strict,high,TP2-PP1-DP2,,7.3999999999999995,6.5,False,reach
GPT-3-175B-like_mixed_TP8_PP8_DP16,extra_parallelism_bandwidth_steering,strict,high,TP2-PP1-DP3,,10.399999999999999,10.5,False,loss+reach
GPT-3-175B-like_mixed_TP8_PP8_DP16,extra_parallelism_bandwidth_steering,strict,high,TP2-PP2-DP1,,7.0,6.5,False,reach
GPT-3-175B-like_mixed_TP8_PP8_DP16,extra_parallelism_bandwidth_steering,strict,high,TP2-PP2-DP2,,9.0,6.5,False,reach
GPT-3-175B-like_mixed_TP8_PP8_DP16,extra_parallelism_bandwidth_steering,strict,high,TP2-PP2-DP3,,12.0,10.5,False,loss
GPT-3-175B-like_mixed_TP8_PP8_DP16,extra_parallelism_bandwidth_steering,strict,high,TP2-PP3-DP1,,9.4,10.5,False,loss+reach
GPT-3-175B-like_mixed_TP8_PP8_DP16,extra_parallelism_bandwidth_steering,strict,high,TP2-PP3-DP2,,11.4,10.5,False,loss+reach
GPT-3-175B-like_mixed_TP8_PP8_DP16,extra_parallelism_bandwidth_steering,strict,high,TP2-PP3-DP3,,14.4,10.5,False,loss
GPT-3-175B-like_mixed_TP8_PP8_DP16,extra_parallelism_bandwidth_steering,strict,high,TP3-PP1-DP1,,9.0,10.5,False,loss+reach
GPT-3-175B-like_mixed_TP8_PP8_DP16,extra_parallelism_bandwidth_steering,strict,high,TP3-PP1-DP2,,11.0,10.5,False,loss+reach
GPT-3-175B-like_mixed_TP8_PP8_DP16,extra_parallelism_bandwidth_steering,strict,high,TP3-PP1-DP3,,14.0,10.5,False,loss+reach
GPT-3-175B-like_mixed_TP8_PP8_DP16,extra_parallelism_bandwidth_steering,strict,high,TP3-PP2-DP1,,10.6,10.5,False,loss+reach
GPT-3-175B-like_mixed_TP8_PP8_DP16,extra_parallelism_bandwidth_steering,strict,high,TP3-PP2-DP2,,12.6,10.5,False,loss+reach
GPT-3-175B-like_mixed_TP8_PP8_DP16,extra_parallelism_bandwidth_steering,strict,high,TP3-PP2-DP3,,15.6,10.5,False,loss
GPT-3-175B-like_mixed_TP8_PP8_DP16,extra_parallelism_bandwidth_steering,strict,high,TP3-PP3-DP1,,13.0,10.5,False,loss+reach
GPT-3-175B-like_mixed_TP8_PP8_DP16,extra_parallelism_bandwidth_steering,strict,high,TP3-PP3-DP2,,15.0,10.5,False,loss+reach
GPT-3-175B-like_mixed_TP8_PP8_DP16,extra_parallelism_bandwidth_steering,strict,high,TP3-PP3-DP3,,18.0,10.5,False,loss
GPT-3-175B-like_mixed_TP8_PP8_DP16,extra_parallelism_bandwidth_steering,medium,low,TP1-PP1-DP1,,3.0,2.5,False,reach
GPT-3-175B-like_mixed_TP8_PP8_DP16,extra_parallelism_bandwidth_steering,medium,low,TP1-PP1-DP2,,5.0,6.5,False,reach
GPT-3-175B-like_mixed_TP8_PP8_DP16,extra_parallelism_bandwidth_steering,medium,low,TP1-PP1-DP3,,8.0,10.5,False,port+reach
GPT-3-175B-like_mixed_TP8_PP8_DP16,extra_parallelism_bandwidth_steering,medium,low,TP1-PP2-DP1,,4.6000000000000005,6.5,False,reach
GPT-3-175B-like_mixed_TP8_PP8_DP16,extra_parallelism_bandwidth_steering,medium,low,TP1-PP2-DP2,,6.6000000000000005,6.5,False,reach
GPT-3-175B-like_mixed_TP8_PP8_DP16,extra_parallelism_bandwidth_steering,medium,low,TP1-PP2-DP3,,9.600000000000001,10.5,False,port
GPT-3-175B-like_mixed_TP8_PP8_DP16,extra_parallelism_bandwidth_steering,medium,low,TP1-PP3-DP1,,7.000000000000001,10.5,False,port+reach
GPT-3-175B-like_mixed_TP8_PP8_DP16,extra_parallelism_bandwidth_steering,medium,low,TP1-PP3-DP2,,9.0,10.5,False,port+reach
GPT-3-175B-like_mixed_TP8_PP8_DP16,extra_parallelism_bandwidth_steering,medium,low,TP1-PP3-DP3,,12.0,10.5,False,port
GPT-3-175B-like_mixed_TP8_PP8_DP16,extra_parallelism_bandwidth_steering,medium,low,TP2-PP1-DP1,,5.3999999999999995,6.5,False,reach
GPT-3-175B-like_mixed_TP8_PP8_DP16,extra_parallelism_bandwidth_steering,medium,low,TP2-PP1-DP2,,7.3999999999999995,6.5,False,port+reach
GPT-3-175B-like_mixed_TP8_PP8_DP16,extra_parallelism_bandwidth_steering,medium,low,TP2-PP1-DP3,,10.399999999999999,10.5,False,port+reach
GPT-3-175B-like_mixed_TP8_PP8_DP16,extra_parallelism_bandwidth_steering,medium,low,TP2-PP2-DP1,,7.0,6.5,False,reach
GPT-3-175B-like_mixed_TP8_PP8_DP16,extra_parallelism_bandwidth_steering,medium,low,TP2-PP2-DP2,,9.0,6.5,False,port+reach
GPT-3-175B-like_mixed_TP8_PP8_DP16,extra_parallelism_bandwidth_steering,medium,low,TP2-PP2-DP3,,12.0,10.5,False,port
GPT-3-175B-like_mixed_TP8_PP8_DP16,extra_parallelism_bandwidth_steering,medium,low,TP2-PP3-DP1,,9.4,10.5,False,port+reach
GPT-3-175B-like_mixed_TP8_PP8_DP16,extra_parallelism_bandwidth_steering,medium,low,TP2-PP3-DP2,,11.4,10.5,False,port+reach
GPT-3-175B-like_mixed_TP8_PP8_DP16,extra_parallelism_bandwidth_steering,medium,low,TP2-PP3-DP3,,14.4,10.5,False,port
GPT-3-175B-like_mixed_TP8_PP8_DP16,extra_parallelism_bandwidth_steering,medium,low,TP3-PP1-DP1,,9.0,10.5,False,port+reach
GPT-3-175B-like_mixed_TP8_PP8_DP16,extra_parallelism_bandwidth_steering,medium,low,TP3-PP1-DP2,,11.0,10.5,False,port+reach
GPT-3-175B-like_mixed_TP8_PP8_DP16,extra_parallelism_bandwidth_steering,medium,low,TP3-PP1-DP3,,14.0,10.5,False,port+reach
GPT-3-175B-like_mixed_TP8_PP8_DP16,extra_parallelism_bandwidth_steering,medium,low,TP3-PP2-DP1,,10.6,10.5,False,port+reach
GPT-3-175B-like_mixed_TP8_PP8_DP16,extra_parallelism_bandwidth_steering,medium,low,TP3-PP2-DP2,,12.6,10.5,False,port+reach
GPT-3-175B-like_mixed_TP8_PP8_DP16,extra_parallelism_bandwidth_steering,medium,low,TP3-PP2-DP3,,15.6,10.5,False,port
GPT-3-175B-like_mixed_TP8_PP8_DP16,extra_parallelism_bandwidth_steering,medium,low,TP3-PP3-DP1,,13.0,10.5,False,port+reach
GPT-3-175B-like_mixed_TP8_PP8_DP16,extra_parallelism_bandwidth_steering,medium,low,TP3-PP3-DP2,,15.0,10.5,False,port+reach
GPT-3-175B-like_mixed_TP8_PP8_DP16,extra_parallelism_bandwidth_steering,medium,low,TP3-PP3-DP3,,18.0,10.5,False,port
GPT-3-175B-like_mixed_TP8_PP8_DP16,extra_parallelism_bandwidth_steering,medium,medium,TP1-PP1-DP1,,3.0,2.5,False,reach
GPT-3-175B-like_mixed_TP8_PP8_DP16,extra_parallelism_bandwidth_steering,medium,medium,TP1-PP1-DP2,,5.0,6.5,False,reach
GPT-3-175B-like_mixed_TP8_PP8_DP16,extra_parallelism_bandwidth_steering,medium,medium,TP1-PP1-DP3,,8.0,10.5,False,reach
GPT-3-175B-like_mixed_TP8_PP8_DP16,extra_parallelism_bandwidth_steering,medium,medium,TP1-PP2-DP1,,4.6000000000000005,6.5,False,reach
GPT-3-175B-like_mixed_TP8_PP8_DP16,extra_parallelism_bandwidth_steering,medium,medium,TP1-PP2-DP2,,6.6000000000000005,6.5,False,reach
GPT-3-175B-like_mixed_TP8_PP8_DP16,extra_parallelism_bandwidth_steering,medium,medium,TP1-PP2-DP3,1.4339926388206665,9.600000000000001,10.5,True,
GPT-3-175B-like_mixed_TP8_PP8_DP16,extra_parallelism_bandwidth_steering,medium,medium,TP1-PP3-DP1,,7.000000000000001,10.5,False,reach
GPT-3-175B-like_mixed_TP8_PP8_DP16,extra_parallelism_bandwidth_steering,medium,medium,TP1-PP3-DP2,,9.0,10.5,False,reach
GPT-3-175B-like_mixed_TP8_PP8_DP16,extra_parallelism_bandwidth_steering,medium,medium,TP1-PP3-DP3,1.433561367738,12.0,10.5,True,
GPT-3-175B-like_mixed_TP8_PP8_DP16,extra_parallelism_bandwidth_steering,medium,medium,TP2-PP1-DP1,,5.3999999999999995,6.5,False,reach
GPT-3-175B-like_mixed_TP8_PP8_DP16,extra_parallelism_bandwidth_steering,medium,medium,TP2-PP1-DP2,,7.3999999999999995,6.5,False,reach
GPT-3-175B-like_mixed_TP8_PP8_DP16,extra_parallelism_bandwidth_steering,medium,medium,TP2-PP1-DP3,,10.399999999999999,10.5,False,reach
GPT-3-175B-like_mixed_TP8_PP8_DP16,extra_parallelism_bandwidth_steering,medium,medium,TP2-PP2-DP1,,7.0,6.5,False,reach
GPT-3-175B-like_mixed_TP8_PP8_DP16,extra_parallelism_bandwidth_steering,medium,medium,TP2-PP2-DP2,,9.0,6.5,False,reach
GPT-3-175B-like_mixed_TP8_PP8_DP16,extra_parallelism_bandwidth_steering,medium,medium,TP2-PP2-DP3,1.0963778727406666,12.0,10.5,True,
GPT-3-175B-like_mixed_TP8_PP8_DP16,extra_parallelism_bandwidth_steering,medium,medium,TP2-PP3-DP1,,9.4,10.5,False,reach
GPT-3-175B-like_mixed_TP8_PP8_DP16,extra_parallelism_bandwidth_steering,medium,medium,TP2-PP3-DP2,,11.4,10.5,False,reach
GPT-3-175B-like_mixed_TP8_PP8_DP16,extra_parallelism_bandwidth_steering,medium,medium,TP2-PP3-DP3,,14.4,10.5,False,port
GPT-3-175B-like_mixed_TP8_PP8_DP16,extra_parallelism_bandwidth_steering,medium,medium,TP3-PP1-DP1,,9.0,10.5,False,reach
GPT-3-175B-like_mixed_TP8_PP8_DP16,extra_parallelism_bandwidth_steering,medium,medium,TP3-PP1-DP2,,11.0,10.5,False,reach
GPT-3-175B-like_mixed_TP8_PP8_DP16,extra_parallelism_bandwidth_steering,medium,medium,TP3-PP1-DP3,,14.0,10.5,False,port+reach
GPT-3-175B-like_mixed_TP8_PP8_DP16,extra_parallelism_bandwidth_steering,medium,medium,TP3-PP2-DP1,,10.6,10.5,False,reach
GPT-3-175B-like_mixed_TP8_PP8_DP16,extra_parallelism_bandwidth_steering,medium,medium,TP3-PP2-DP2,,12.6,10.5,False,port+reach
GPT-3-175B-like_mixed_TP8_PP8_DP16,extra_parallelism_bandwidth_steering,medium,medium,TP3-PP2-DP3,,15.6,10.5,False,port
GPT-3-175B-like_mixed_TP8_PP8_DP16,extra_parallelism_bandwidth_steering,medium,medium,TP3-PP3-DP1,,13.0,10.5,False,port+reach
GPT-3-175B-like_mixed_TP8_PP8_DP16,extra_parallelism_bandwidth_steering,medium,medium,TP3-PP3-DP2,,15.0,10.5,False,port+reach
GPT-3-175B-like_mixed_TP8_PP8_DP16,extra_parallelism_bandwidth_steering,medium,medium,TP3-PP3-DP3,,18.0,10.5,False,port
GPT-3-175B-like_mixed_TP8_PP8_DP16,extra_parallelism_bandwidth_steering,medium,high,TP1-PP1-DP1,,3.0,2.5,False,reach
GPT-3-175B-like_mixed_TP8_PP8_DP16,extra_parallelism_bandwidth_steering,medium,high,TP1-PP1-DP2,,5.0,6.5,False,reach
GPT-3-175B-like_mixed_TP8_PP8_DP16,extra_parallelism_bandwidth_steering,medium,high,TP1-PP1-DP3,,8.0,10.5,False,reach
GPT-3-175B-like_mixed_TP8_PP8_DP16,extra_parallelism_bandwidth_steering,medium,high,TP1-PP2-DP1,,4.6000000000000005,6.5,False,reach
GPT-3-175B-like_mixed_TP8_PP8_DP16,extra_parallelism_bandwidth_steering,medium,high,TP1-PP2-DP2,,6.6000000000000005,6.5,False,reach
GPT-3-175B-like_mixed_TP8_PP8_DP16,extra_parallelism_bandwidth_steering,medium,high,TP1-PP2-DP3,1.4339926388206665,9.600000000000001,10.5,True,
GPT-3-175B-like_mixed_TP8_PP8_DP16,extra_parallelism_bandwidth_steering,medium,high,TP1-PP3-DP1,,7.000000000000001,10.5,False,reach
GPT-3-175B-like_mixed_TP8_PP8_DP16,extra_parallelism_bandwidth_steering,medium,high,TP1-PP3-DP2,,9.0,10.5,False,reach
GPT-3-175B-like_mixed_TP8_PP8_DP16,extra_parallelism_bandwidth_steering,medium,high,TP1-PP3-DP3,1.433561367738,12.0,10.5,True,
GPT-3-175B-like_mixed_TP8_PP8_DP16,extra_parallelism_bandwidth_steering,medium,high,TP2-PP1-DP1,,5.3999999999999995,6.5,False,reach
GPT-3-175B-like_mixed_TP8_PP8_DP16,extra_parallelism_bandwidth_steering,medium,high,TP2-PP1-DP2,,7.3999999999999995,6.5,False,reach
GPT-3-175B-like_mixed_TP8_PP8_DP16,extra_parallelism_bandwidth_steering,medium,high,TP2-PP1-DP3,,10.399999999999999,10.5,False,reach
GPT-3-175B-like_mixed_TP8_PP8_DP16,extra_parallelism_bandwidth_steering,medium,high,TP2-PP2-DP1,,7.0,6.5,False,reach
GPT-3-175B-like_mixed_TP8_PP8_DP16,extra_parallelism_bandwidth_steering,medium,high,TP2-PP2-DP2,,9.0,6.5,False,reach
GPT-3-175B-like_mixed_TP8_PP8_DP16,extra_parallelism_bandwidth_steering,medium,high,TP2-PP2-DP3,1.0963778727406666,12.0,10.5,True,
GPT-3-175B-like_mixed_TP8_PP8_DP16,extra_parallelism_bandwidth_steering,medium,high,TP2-PP3-DP1,,9.4,10.5,False,reach
GPT-3-175B-like_mixed_TP8_PP8_DP16,extra_parallelism_bandwidth_steering,medium,high,TP2-PP3-DP2,,11.4,10.5,False,reach
GPT-3-175B-like_mixed_TP8_PP8_DP16,extra_parallelism_bandwidth_steering,medium,high,TP2-PP3-DP3,1.095946601658,14.4,10.5,True,
GPT-3-175B-like_mixed_TP8_PP8_DP16,extra_parallelism_bandwidth_steering,medium,high,TP3-PP1-DP1,,9.0,10.5,False,reach
GPT-3-175B-like_mixed_TP8_PP8_DP16,extra_parallelism_bandwidth_steering,medium,high,TP3-PP1-DP2,,11.0,10.5,False,reach
GPT-3-175B-like_mixed_TP8_PP8_DP16,extra_parallelism_bandwidth_steering,medium,high,TP3-PP1-DP3,,14.0,10.5,False,reach
GPT-3-175B-like_mixed_TP8_PP8_DP16,extra_parallelism_bandwidth_steering,medium,high,TP3-PP2-DP1,,10.6,10.5,False,reach
GPT-3-175B-like_mixed_TP8_PP8_DP16,extra_parallelism_bandwidth_steering,medium,high,TP3-PP2-DP2,,12.6,10.5,False,reach
GPT-3-175B-like_mixed_TP8_PP8_DP16,extra_parallelism_bandwidth_steering,medium,high,TP3-PP2-DP3,1.5620920897006665,15.6,10.5,True,
GPT-3-175B-like_mixed_TP8_PP8_DP16,extra_parallelism_bandwidth_steering,medium,high,TP3-PP3-DP1,,13.0,10.5,False,reach
GPT-3-175B-like_mixed_TP8_PP8_DP16,extra_parallelism_bandwidth_steering,medium,high,TP3-PP3-DP2,,15.0,10.5,False,reach
GPT-3-175B-like_mixed_TP8_PP8_DP16,extra_parallelism_bandwidth_steering,medium,high,TP3-PP3-DP3,1.5616608186179999,18.0,10.5,True,
GPT-3-175B-like_mixed_TP8_PP8_DP16,extra_parallelism_bandwidth_steering,relaxed,low,TP1-PP1-DP1,,3.0,2.5,False,reach
GPT-3-175B-like_mixed_TP8_PP8_DP16,extra_parallelism_bandwidth_steering,relaxed,low,TP1-PP1-DP2,,5.0,6.5,False,reach
GPT-3-175B-like_mixed_TP8_PP8_DP16,extra_parallelism_bandwidth_steering,relaxed,low,TP1-PP1-DP3,,8.0,10.5,False,port+reach
GPT-3-175B-like_mixed_TP8_PP8_DP16,extra_parallelism_bandwidth_steering,relaxed,low,TP1-PP2-DP1,,4.6000000000000005,6.5,False,reach
GPT-3-175B-like_mixed_TP8_PP8_DP16,extra_parallelism_bandwidth_steering,relaxed,low,TP1-PP2-DP2,,6.6000000000000005,6.5,False,reach
GPT-3-175B-like_mixed_TP8_PP8_DP16,extra_parallelism_bandwidth_steering,relaxed,low,TP1-PP2-DP3,,9.600000000000001,10.5,False,port
GPT-3-175B-like_mixed_TP8_PP8_DP16,extra_parallelism_bandwidth_steering,relaxed,low,TP1-PP3-DP1,,7.000000000000001,10.5,False,port+reach
GPT-3-175B-like_mixed_TP8_PP8_DP16,extra_parallelism_bandwidth_steering,relaxed,low,TP1-PP3-DP2,,9.0,10.5,False,port+reach
GPT-3-175B-like_mixed_TP8_PP8_DP16,extra_parallelism_bandwidth_steering,relaxed,low,TP1-PP3-DP3,,12.0,10.5,False,port
GPT-3-175B-like_mixed_TP8_PP8_DP16,extra_parallelism_bandwidth_steering,relaxed,low,TP2-PP1-DP1,,5.3999999999999995,6.5,False,reach
GPT-3-175B-like_mixed_TP8_PP8_DP16,extra_parallelism_bandwidth_steering,relaxed,low,TP2-PP1-DP2,,7.3999999999999995,6.5,False,port+reach
GPT-3-175B-like_mixed_TP8_PP8_DP16,extra_parallelism_bandwidth_steering,relaxed,low,TP2-PP1-DP3,,10.399999999999999,10.5,False,port+reach
GPT-3-175B-like_mixed_TP8_PP8_DP16,extra_parallelism_bandwidth_steering,relaxed,low,TP2-PP2-DP1,,7.0,6.5,False,reach
GPT-3-175B-like_mixed_TP8_PP8_DP16,extra_parallelism_bandwidth_steering,relaxed,low,TP2-PP2-DP2,,9.0,6.5,False,port+reach
GPT-3-175B-like_mixed_TP8_PP8_DP16,extra_parallelism_bandwidth_steering,relaxed,low,TP2-PP2-DP3,,12.0,10.5,False,port
GPT-3-175B-like_mixed_TP8_PP8_DP16,extra_parallelism_bandwidth_steering,relaxed,low,TP2-PP3-DP1,,9.4,10.5,False,port+reach
GPT-3-175B-like_mixed_TP8_PP8_DP16,extra_parallelism_bandwidth_steering,relaxed,low,TP2-PP3-DP2,,11.4,10.5,False,port+reach
GPT-3-175B-like_mixed_TP8_PP8_DP16,extra_parallelism_bandwidth_steering,relaxed,low,TP2-PP3-DP3,,14.4,10.5,False,port
GPT-3-175B-like_mixed_TP8_PP8_DP16,extra_parallelism_bandwidth_steering,relaxed,low,TP3-PP1-DP1,,9.0,10.5,False,port+reach
GPT-3-175B-like_mixed_TP8_PP8_DP16,extra_parallelism_bandwidth_steering,relaxed,low,TP3-PP1-DP2,,11.0,10.5,False,port+reach
GPT-3-175B-like_mixed_TP8_PP8_DP16,extra_parallelism_bandwidth_steering,relaxed,low,TP3-PP1-DP3,,14.0,10.5,False,port+reach
GPT-3-175B-like_mixed_TP8_PP8_DP16,extra_parallelism_bandwidth_steering,relaxed,low,TP3-PP2-DP1,,10.6,10.5,False,port+reach
GPT-3-175B-like_mixed_TP8_PP8_DP16,extra_parallelism_bandwidth_steering,relaxed,low,TP3-PP2-DP2,,12.6,10.5,False,port+reach
GPT-3-175B-like_mixed_TP8_PP8_DP16,extra_parallelism_bandwidth_steering,relaxed,low,TP3-PP2-DP3,,15.6,10.5,False,port
GPT-3-175B-like_mixed_TP8_PP8_DP16,extra_parallelism_bandwidth_steering,relaxed,low,TP3-PP3-DP1,,13.0,10.5,False,port+reach
GPT-3-175B-like_mixed_TP8_PP8_DP16,extra_parallelism_bandwidth_steering,relaxed,low,TP3-PP3-DP2,,15.0,10.5,False,port+reach
GPT-3-175B-like_mixed_TP8_PP8_DP16,extra_parallelism_bandwidth_steering,relaxed,low,TP3-PP3-DP3,,18.0,10.5,False,port
GPT-3-175B-like_mixed_TP8_PP8_DP16,extra_parallelism_bandwidth_steering,relaxed,medium,TP1-PP1-DP1,,3.0,2.5,False,reach
GPT-3-175B-like_mixed_TP8_PP8_DP16,extra_parallelism_bandwidth_steering,relaxed,medium,TP1-PP1-DP2,,5.0,6.5,False,reach
GPT-3-175B-like_mixed_TP8_PP8_DP16,extra_parallelism_bandwidth_steering,relaxed,medium,TP1-PP1-DP3,,8.0,10.5,False,reach
GPT-3-175B-like_mixed_TP8_PP8_DP16,extra_parallelism_bandwidth_steering,relaxed,medium,TP1-PP2-DP1,,4.6000000000000005,6.5,False,reach
GPT-3-175B-like_mixed_TP8_PP8_DP16,extra_parallelism_bandwidth_steering,relaxed,medium,TP1-PP2-DP2,,6.6000000000000005,6.5,False,reach
GPT-3-175B-like_mixed_TP8_PP8_DP16,extra_parallelism_bandwidth_steering,relaxed,medium,TP1-PP2-DP3,1.4339926388206665,9.600000000000001,10.5,True,
GPT-3-175B-like_mixed_TP8_PP8_DP16,extra_parallelism_bandwidth_steering,relaxed,medium,TP1-PP3-DP1,,7.000000000000001,10.5,False,reach
GPT-3-175B-like_mixed_TP8_PP8_DP16,extra_parallelism_bandwidth_steering,relaxed,medium,TP1-PP3-DP2,,9.0,10.5,False,reach
GPT-3-175B-like_mixed_TP8_PP8_DP16,extra_parallelism_bandwidth_steering,relaxed,medium,TP1-PP3-DP3,1.433561367738,12.0,10.5,True,
GPT-3-175B-like_mixed_TP8_PP8_DP16,extra_parallelism_bandwidth_steering,relaxed,medium,TP2-PP1-DP1,,5.3999999999999995,6.5,False,reach
GPT-3-175B-like_mixed_TP8_PP8_DP16,extra_parallelism_bandwidth_steering,relaxed,medium,TP2-PP1-DP2,,7.3999999999999995,6.5,False,reach
GPT-3-175B-like_mixed_TP8_PP8_DP16,extra_parallelism_bandwidth_steering,relaxed,medium,TP2-PP1-DP3,,10.399999999999999,10.5,False,reach
GPT-3-175B-like_mixed_TP8_PP8_DP16,extra_parallelism_bandwidth_steering,relaxed,medium,TP2-PP2-DP1,,7.0,6.5,False,reach
GPT-3-175B-like_mixed_TP8_PP8_DP16,extra_parallelism_bandwidth_steering,relaxed,medium,TP2-PP2-DP2,,9.0,6.5,False,reach
GPT-3-175B-like_mixed_TP8_PP8_DP16,extra_parallelism_bandwidth_steering,relaxed,medium,TP2-PP2-DP3,1.0963778727406666,12.0,10.5,True,
GPT-3-175B-like_mixed_TP8_PP8_DP16,extra_parallelism_bandwidth_steering,relaxed,medium,TP2-PP3-DP1,,9.4,10.5,False,reach
GPT-3-175B-like_mixed_TP8_PP8_DP16,extra_parallelism_bandwidth_steering,relaxed,medium,TP2-PP3-DP2,,11.4,10.5,False,reach
GPT-3-175B-like_mixed_TP8_PP8_DP16,extra_parallelism_bandwidth_steering,relaxed,medium,TP2-PP3-DP3,,14.4,10.5,False,port
GPT-3-175B-like_mixed_TP8_PP8_DP16,extra_parallelism_bandwidth_steering,relaxed,medium,TP3-PP1-DP1,,9.0,10.5,False,reach
GPT-3-175B-like_mixed_TP8_PP8_DP16,extra_parallelism_bandwidth_steering,relaxed,medium,TP3-PP1-DP2,,11.0,10.5,False,reach
GPT-3-175B-like_mixed_TP8_PP8_DP16,extra_parallelism_bandwidth_steering,relaxed,medium,TP3-PP1-DP3,,14.0,10.5,False,port+reach
GPT-3-175B-like_mixed_TP8_PP8_DP16,extra_parallelism_bandwidth_steering,relaxed,medium,TP3-PP2-DP1,,10.6,10.5,False,reach
GPT-3-175B-like_mixed_TP8_PP8_DP16,extra_parallelism_bandwidth_steering,relaxed,medium,TP3-PP2-DP2,,12.6,10.5,False,port+reach
GPT-3-175B-like_mixed_TP8_PP8_DP16,extra_parallelism_bandwidth_steering,relaxed,medium,TP3-PP2-DP3,,15.6,10.5,False,port
GPT-3-175B-like_mixed_TP8_PP8_DP16,extra_parallelism_bandwidth_steering,relaxed,medium,TP3-PP3-DP1,,13.0,10.5,False,port+reach
GPT-3-175B-like_mixed_TP8_PP8_DP16,extra_parallelism_bandwidth_steering,relaxed,medium,TP3-PP3-DP2,,15.0,10.5,False,port+reach
GPT-3-175B-like_mixed_TP8_PP8_DP16,extra_parallelism_bandwidth_steering,relaxed,medium,TP3-PP3-DP3,,18.0,10.5,False,port
GPT-3-175B-like_mixed_TP8_PP8_DP16,extra_parallelism_bandwidth_steering,relaxed,high,TP1-PP1-DP1,,3.0,2.5,False,reach
GPT-3-175B-like_mixed_TP8_PP8_DP16,extra_parallelism_bandwidth_steering,relaxed,high,TP1-PP1-DP2,,5.0,6.5,False,reach
GPT-3-175B-like_mixed_TP8_PP8_DP16,extra_parallelism_bandwidth_steering,relaxed,high,TP1-PP1-DP3,,8.0,10.5,False,reach
GPT-3-175B-like_mixed_TP8_PP8_DP16,extra_parallelism_bandwidth_steering,relaxed,high,TP1-PP2-DP1,,4.6000000000000005,6.5,False,reach
GPT-3-175B-like_mixed_TP8_PP8_DP16,extra_parallelism_bandwidth_steering,relaxed,high,TP1-PP2-DP2,,6.6000000000000005,6.5,False,reach
GPT-3-175B-like_mixed_TP8_PP8_DP16,extra_parallelism_bandwidth_steering,relaxed,high,TP1-PP2-DP3,1.4339926388206665,9.600000000000001,10.5,True,
GPT-3-175B-like_mixed_TP8_PP8_DP16,extra_parallelism_bandwidth_steering,relaxed,high,TP1-PP3-DP1,,7.000000000000001,10.5,False,reach
GPT-3-175B-like_mixed_TP8_PP8_DP16,extra_parallelism_bandwidth_steering,relaxed,high,TP1-PP3-DP2,,9.0,10.5,False,reach
GPT-3-175B-like_mixed_TP8_PP8_DP16,extra_parallelism_bandwidth_steering,relaxed,high,TP1-PP3-DP3,1.433561367738,12.0,10.5,True,
GPT-3-175B-like_mixed_TP8_PP8_DP16,extra_parallelism_bandwidth_steering,relaxed,high,TP2-PP1-DP1,,5.3999999999999995,6.5,False,reach
GPT-3-175B-like_mixed_TP8_PP8_DP16,extra_parallelism_bandwidth_steering,relaxed,high,TP2-PP1-DP2,,7.3999999999999995,6.5,False,reach
GPT-3-175B-like_mixed_TP8_PP8_DP16,extra_parallelism_bandwidth_steering,relaxed,high,TP2-PP1-DP3,,10.399999999999999,10.5,False,reach
GPT-3-175B-like_mixed_TP8_PP8_DP16,extra_parallelism_bandwidth_steering,relaxed,high,TP2-PP2-DP1,,7.0,6.5,False,reach
GPT-3-175B-like_mixed_TP8_PP8_DP16,extra_parallelism_bandwidth_steering,relaxed,high,TP2-PP2-DP2,,9.0,6.5,False,reach
GPT-3-175B-like_mixed_TP8_PP8_DP16,extra_parallelism_bandwidth_steering,relaxed,high,TP2-PP2-DP3,1.0963778727406666,12.0,10.5,True,
GPT-3-175B-like_mixed_TP8_PP8_DP16,extra_parallelism_bandwidth_steering,relaxed,high,TP2-PP3-DP1,,9.4,10.5,False,reach
GPT-3-175B-like_mixed_TP8_PP8_DP16,extra_parallelism_bandwidth_steering,relaxed,high,TP2-PP3-DP2,,11.4,10.5,False,reach
GPT-3-175B-like_mixed_TP8_PP8_DP16,extra_parallelism_bandwidth_steering,relaxed,high,TP2-PP3-DP3,1.095946601658,14.4,10.5,True,
GPT-3-175B-like_mixed_TP8_PP8_DP16,extra_parallelism_bandwidth_steering,relaxed,high,TP3-PP1-DP1,,9.0,10.5,False,reach
GPT-3-175B-like_mixed_TP8_PP8_DP16,extra_parallelism_bandwidth_steering,relaxed,high,TP3-PP1-DP2,,11.0,10.5,False,reach
GPT-3-175B-like_mixed_TP8_PP8_DP16,extra_parallelism_bandwidth_steering,relaxed,high,TP3-PP1-DP3,,14.0,10.5,False,reach
GPT-3-175B-like_mixed_TP8_PP8_DP16,extra_parallelism_bandwidth_steering,relaxed,high,TP3-PP2-DP1,,10.6,10.5,False,reach
GPT-3-175B-like_mixed_TP8_PP8_DP16,extra_parallelism_bandwidth_steering,relaxed,high,TP3-PP2-DP2,,12.6,10.5,False,reach
GPT-3-175B-like_mixed_TP8_PP8_DP16,extra_parallelism_bandwidth_steering,relaxed,high,TP3-PP2-DP3,1.5620920897006665,15.6,10.5,True,
GPT-3-175B-like_mixed_TP8_PP8_DP16,extra_parallelism_bandwidth_steering,relaxed,high,TP3-PP3-DP1,,13.0,10.5,False,reach
GPT-3-175B-like_mixed_TP8_PP8_DP16,extra_parallelism_bandwidth_steering,relaxed,high,TP3-PP3-DP2,,15.0,10.5,False,reach
GPT-3-175B-like_mixed_TP8_PP8_DP16,extra_parallelism_bandwidth_steering,relaxed,high,TP3-PP3-DP3,1.5616608186179999,18.0,10.5,True,
GPT-3-175B-like_mixed_TP8_PP8_DP16,deep_oversubscribed_global_bottleneck,strict,low,TP1-PP1-DP1,,3.0,2.5,False,reach
GPT-3-175B-like_mixed_TP8_PP8_DP16,deep_oversubscribed_global_bottleneck,strict,low,TP1-PP1-DP2,,4.5,6.5,False,reach
GPT-3-175B-like_mixed_TP8_PP8_DP16,deep_oversubscribed_global_bottleneck,strict,low,TP1-PP1-DP3,,7.0,11.0,False,loss+reach
GPT-3-175B-like_mixed_TP8_PP8_DP16,deep_oversubscribed_global_bottleneck,strict,low,TP1-PP2-DP1,,4.2,6.5,False,reach
GPT-3-175B-like_mixed_TP8_PP8_DP16,deep_oversubscribed_global_bottleneck,strict,low,TP1-PP2-DP2,,5.7,6.5,False,reach
GPT-3-175B-like_mixed_TP8_PP8_DP16,deep_oversubscribed_global_bottleneck,strict,low,TP1-PP2-DP3,,8.2,11.0,False,loss+port
GPT-3-175B-like_mixed_TP8_PP8_DP16,deep_oversubscribed_global_bottleneck,strict,low,TP1-PP3-DP1,,6.2,11.0,False,loss+reach
GPT-3-175B-like_mixed_TP8_PP8_DP16,deep_oversubscribed_global_bottleneck,strict,low,TP1-PP3-DP2,,7.7,11.0,False,loss+port+reach
GPT-3-175B-like_mixed_TP8_PP8_DP16,deep_oversubscribed_global_bottleneck,strict,low,TP1-PP3-DP3,,10.2,11.0,False,loss+port
GPT-3-175B-like_mixed_TP8_PP8_DP16,deep_oversubscribed_global_bottleneck,strict,low,TP2-PP1-DP1,,4.8,6.5,False,reach
GPT-3-175B-like_mixed_TP8_PP8_DP16,deep_oversubscribed_global_bottleneck,strict,low,TP2-PP1-DP2,,6.3,6.5,False,reach
GPT-3-175B-like_mixed_TP8_PP8_DP16,deep_oversubscribed_global_bottleneck,strict,low,TP2-PP1-DP3,,8.8,11.0,False,loss+port+reach
GPT-3-175B-like_mixed_TP8_PP8_DP16,deep_oversubscribed_global_bottleneck,strict,low,TP2-PP2-DP1,,6.0,6.5,False,reach
GPT-3-175B-like_mixed_TP8_PP8_DP16,deep_oversubscribed_global_bottleneck,strict,low,TP2-PP2-DP2,,7.5,6.5,False,port+reach
GPT-3-175B-like_mixed_TP8_PP8_DP16,deep_oversubscribed_global_bottleneck,strict,low,TP2-PP2-DP3,,10.0,11.0,False,loss+port
GPT-3-175B-like_mixed_TP8_PP8_DP16,deep_oversubscribed_global_bottleneck,strict,low,TP2-PP3-DP1,,8.0,11.0,False,loss+port+reach
GPT-3-175B-like_mixed_TP8_PP8_DP16,deep_oversubscribed_global_bottleneck,strict,low,TP2-PP3-DP2,,9.5,11.0,False,loss+port+reach
GPT-3-175B-like_mixed_TP8_PP8_DP16,deep_oversubscribed_global_bottleneck,strict,low,TP2-PP3-DP3,,12.0,11.0,False,loss+port
GPT-3-175B-like_mixed_TP8_PP8_DP16,deep_oversubscribed_global_bottleneck,strict,low,TP3-PP1-DP1,,7.8,11.0,False,loss+port+reach
GPT-3-175B-like_mixed_TP8_PP8_DP16,deep_oversubscribed_global_bottleneck,strict,low,TP3-PP1-DP2,,9.3,11.0,False,loss+port+reach
GPT-3-175B-like_mixed_TP8_PP8_DP16,deep_oversubscribed_global_bottleneck,strict,low,TP3-PP1-DP3,,11.8,11.0,False,loss+port+reach
GPT-3-175B-like_mixed_TP8_PP8_DP16,deep_oversubscribed_global_bottleneck,strict,low,TP3-PP2-DP1,,9.0,11.0,False,loss+port+reach
GPT-3-175B-like_mixed_TP8_PP8_DP16,deep_oversubscribed_global_bottleneck,strict,low,TP3-PP2-DP2,,10.5,11.0,False,loss+port+reach
GPT-3-175B-like_mixed_TP8_PP8_DP16,deep_oversubscribed_global_bottleneck,strict,low,TP3-PP2-DP3,,13.0,11.0,False,loss+port
GPT-3-175B-like_mixed_TP8_PP8_DP16,deep_oversubscribed_global_bottleneck,strict,low,TP3-PP3-DP1,,11.0,11.0,False,loss+port+reach
GPT-3-175B-like_mixed_TP8_PP8_DP16,deep_oversubscribed_global_bottleneck,strict,low,TP3-PP3-DP2,,12.5,11.0,False,loss+port+reach
GPT-3-175B-like_mixed_TP8_PP8_DP16,deep_oversubscribed_global_bottleneck,strict,low,TP3-PP3-DP3,,15.0,11.0,False,loss+port
GPT-3-175B-like_mixed_TP8_PP8_DP16,deep_oversubscribed_global_bottleneck,strict,medium,TP1-PP1-DP1,,3.0,2.5,False,reach
GPT-3-175B-like_mixed_TP8_PP8_DP16,deep_oversubscribed_global_bottleneck,strict,medium,TP1-PP1-DP2,,4.5,6.5,False,reach
GPT-3-175B-like_mixed_TP8_PP8_DP16,deep_oversubscribed_global_bottleneck,strict,medium,TP1-PP1-DP3,,7.0,11.0,False,loss+reach
GPT-3-175B-like_mixed_TP8_PP8_DP16,deep_oversubscribed_global_bottleneck,strict,medium,TP1-PP2-DP1,,4.2,6.5,False,reach
GPT-3-175B-like_mixed_TP8_PP8_DP16,deep_oversubscribed_global_bottleneck,strict,medium,TP1-PP2-DP2,,5.7,6.5,False,reach
GPT-3-175B-like_mixed_TP8_PP8_DP16,deep_oversubscribed_global_bottleneck,strict,medium,TP1-PP2-DP3,,8.2,11.0,False,loss
GPT-3-175B-like_mixed_TP8_PP8_DP16,deep_oversubscribed_global_bottleneck,strict,medium,TP1-PP3-DP1,,6.2,11.0,False,loss+reach
GPT-3-175B-like_mixed_TP8_PP8_DP16,deep_oversubscribed_global_bottleneck,strict,medium,TP1-PP3-DP2,,7.7,11.0,False,loss+reach
GPT-3-175B-like_mixed_TP8_PP8_DP16,deep_oversubscribed_global_bottleneck,strict,medium,TP1-PP3-DP3,,10.2,11.0,False,loss
GPT-3-175B-like_mixed_TP8_PP8_DP16,deep_oversubscribed_global_bottleneck,strict,medium,TP2-PP1-DP1,,4.8,6.5,False,reach
GPT-3-175B-like_mixed_TP8_PP8_DP16,deep_oversubscribed_global_bottleneck,strict,medium,TP2-PP1-DP2,,6.3,6.5,False,reach
GPT-3-175B-like_mixed_TP8_PP8_DP16,deep_oversubscribed_global_bottleneck,strict,medium,TP2-PP1-DP3,,8.8,11.0,False,loss+reach
GPT-3-175B-like_mixed_TP8_PP8_DP16,deep_oversubscribed_global_bottleneck,strict,medium,TP2-PP2-DP1,,6.0,6.5,False,reach
GPT-3-175B-like_mixed_TP8_PP8_DP16,deep_oversubscribed_global_bottleneck,strict,medium,TP2-PP2-DP2,,7.5,6.5,False,reach
GPT-3-175B-like_mixed_TP8_PP8_DP16,deep_oversubscribed_global_bottleneck,strict,medium,TP2-PP2-DP3,,10.0,11.0,False,loss
GPT-3-175B-like_mixed_TP8_PP8_DP16,deep_oversubscribed_global_bottleneck,strict,medium,TP2-PP3-DP1,,8.0,11.0,False,loss+reach
GPT-3-175B-like_mixed_TP8_PP8_DP16,deep_oversubscribed_global_bottleneck,strict,medium,TP2-PP3-DP2,,9.5,11.0,False,loss+reach
GPT-3-175B-like_mixed_TP8_PP8_DP16,deep_oversubscribed_global_bottleneck,strict,medium,TP2-PP3-DP3,,12.0,11.0,False,loss
GPT-3-175B-like_mixed_TP8_PP8_DP16,deep_oversubscribed_global_bottleneck,strict,medium,TP3-PP1-DP1,,7.8,11.0,False,loss+reach
GPT-3-175B-like_mixed_TP8_PP8_DP16,deep_oversubscribed_global_bottleneck,strict,medium,TP3-PP1-DP2,,9.3,11.0,False,loss+reach
GPT-3-175B-like_mixed_TP8_PP8_DP16,deep_oversubscribed_global_bottleneck,strict,medium,TP3-PP1-DP3,,11.8,11.0,False,loss+reach
GPT-3-175B-like_mixed_TP8_PP8_DP16,deep_oversubscribed_global_bottleneck,strict,medium,TP3-PP2-DP1,,9.0,11.0,False,loss+reach
GPT-3-175B-like_mixed_TP8_PP8_DP16,deep_oversubscribed_global_bottleneck,strict,medium,TP3-PP2-DP2,,10.5,11.0,False,loss+reach
GPT-3-175B-like_mixed_TP8_PP8_DP16,deep_oversubscribed_global_bottleneck,strict,medium,TP3-PP2-DP3,,13.0,11.0,False,loss+port
GPT-3-175B-like_mixed_TP8_PP8_DP16,deep_oversubscribed_global_bottleneck,strict,medium,TP3-PP3-DP1,,11.0,11.0,False,loss+reach
GPT-3-175B-like_mixed_TP8_PP8_DP16,deep_oversubscribed_global_bottleneck,strict,medium,TP3-PP3-DP2,,12.5,11.0,False,loss+reach
GPT-3-175B-like_mixed_TP8_PP8_DP16,deep_oversubscribed_global_bottleneck,strict,medium,TP3-PP3-DP3,,15.0,11.0,False,loss+port
GPT-3-175B-like_mixed_TP8_PP8_DP16,deep_oversubscribed_global_bottleneck,strict,high,TP1-PP1-DP1,,3.0,2.5,False,reach
GPT-3-175B-like_mixed_TP8_PP8_DP16,deep_oversubscribed_global_bottleneck,strict,high,TP1-PP1-DP2,,4.5,6.5,False,reach
GPT-3-175B-like_mixed_TP8_PP8_DP16,deep_oversubscribed_global_bottleneck,strict,high,TP1-PP1-DP3,,7.0,11.0,False,loss+reach
GPT-3-175B-like_mixed_TP8_PP8_DP16,deep_oversubscribed_global_bottleneck,strict,high,TP1-PP2-DP1,,4.2,6.5,False,reach
GPT-3-175B-like_mixed_TP8_PP8_DP16,deep_oversubscribed_global_bottleneck,strict,high,TP1-PP2-DP2,,5.7,6.5,False,reach
GPT-3-175B-like_mixed_TP8_PP8_DP16,deep_oversubscribed_global_bottleneck,strict,high,TP1-PP2-DP3,,8.2,11.0,False,loss
GPT-3-175B-like_mixed_TP8_PP8_DP16,deep_oversubscribed_global_bottleneck,strict,high,TP1-PP3-DP1,,6.2,11.0,False,loss+reach
GPT-3-175B-like_mixed_TP8_PP8_DP16,deep_oversubscribed_global_bottleneck,strict,high,TP1-PP3-DP2,,7.7,11.0,False,loss+reach
GPT-3-175B-like_mixed_TP8_PP8_DP16,deep_oversubscribed_global_bottleneck,strict,high,TP1-PP3-DP3,,10.2,11.0,False,loss
GPT-3-175B-like_mixed_TP8_PP8_DP16,deep_oversubscribed_global_bottleneck,strict,high,TP2-PP1-DP1,,4.8,6.5,False,reach
GPT-3-175B-like_mixed_TP8_PP8_DP16,deep_oversubscribed_global_bottleneck,strict,high,TP2-PP1-DP2,,6.3,6.5,False,reach
GPT-3-175B-like_mixed_TP8_PP8_DP16,deep_oversubscribed_global_bottleneck,strict,high,TP2-PP1-DP3,,8.8,11.0,False,loss+reach
GPT-3-175B-like_mixed_TP8_PP8_DP16,deep_oversubscribed_global_bottleneck,strict,high,TP2-PP2-DP1,,6.0,6.5,False,reach
GPT-3-175B-like_mixed_TP8_PP8_DP16,deep_oversubscribed_global_bottleneck,strict,high,TP2-PP2-DP2,,7.5,6.5,False,reach
GPT-3-175B-like_mixed_TP8_PP8_DP16,deep_oversubscribed_global_bottleneck,strict,high,TP2-PP2-DP3,,10.0,11.0,False,loss
GPT-3-175B-like_mixed_TP8_PP8_DP16,deep_oversubscribed_global_bottleneck,strict,high,TP2-PP3-DP1,,8.0,11.0,False,loss+reach
GPT-3-175B-like_mixed_TP8_PP8_DP16,deep_oversubscribed_global_bottleneck,strict,high,TP2-PP3-DP2,,9.5,11.0,False,loss+reach
GPT-3-175B-like_mixed_TP8_PP8_DP16,deep_oversubscribed_global_bottleneck,strict,high,TP2-PP3-DP3,,12.0,11.0,False,loss
GPT-3-175B-like_mixed_TP8_PP8_DP16,deep_oversubscribed_global_bottleneck,strict,high,TP3-PP1-DP1,,7.8,11.0,False,loss+reach
GPT-3-175B-like_mixed_TP8_PP8_DP16,deep_oversubscribed_global_bottleneck,strict,high,TP3-PP1-DP2,,9.3,11.0,False,loss+reach
GPT-3-175B-like_mixed_TP8_PP8_DP16,deep_oversubscribed_global_bottleneck,strict,high,TP3-PP1-DP3,,11.8,11.0,False,loss+reach
GPT-3-175B-like_mixed_TP8_PP8_DP16,deep_oversubscribed_global_bottleneck,strict,high,TP3-PP2-DP1,,9.0,11.0,False,loss+reach
GPT-3-175B-like_mixed_TP8_PP8_DP16,deep_oversubscribed_global_bottleneck,strict,high,TP3-PP2-DP2,,10.5,11.0,False,loss+reach
GPT-3-175B-like_mixed_TP8_PP8_DP16,deep_oversubscribed_global_bottleneck,strict,high,TP3-PP2-DP3,,13.0,11.0,False,loss
GPT-3-175B-like_mixed_TP8_PP8_DP16,deep_oversubscribed_global_bottleneck,strict,high,TP3-PP3-DP1,,11.0,11.0,False,loss+reach
GPT-3-175B-like_mixed_TP8_PP8_DP16,deep_oversubscribed_global_bottleneck,strict,high,TP3-PP3-DP2,,12.5,11.0,False,loss+reach
GPT-3-175B-like_mixed_TP8_PP8_DP16,deep_oversubscribed_global_bottleneck,strict,high,TP3-PP3-DP3,,15.0,11.0,False,loss
GPT-3-175B-like_mixed_TP8_PP8_DP16,deep_oversubscribed_global_bottleneck,medium,low,TP1-PP1-DP1,,3.0,2.5,False,reach
GPT-3-175B-like_mixed_TP8_PP8_DP16,deep_oversubscribed_global_bottleneck,medium,low,TP1-PP1-DP2,,4.5,6.5,False,reach
GPT-3-175B-like_mixed_TP8_PP8_DP16,deep_oversubscribed_global_bottleneck,medium,low,TP1-PP1-DP3,,7.0,11.0,False,reach
GPT-3-175B-like_mixed_TP8_PP8_DP16,deep_oversubscribed_global_bottleneck,medium,low,TP1-PP2-DP1,,4.2,6.5,False,reach
GPT-3-175B-like_mixed_TP8_PP8_DP16,deep_oversubscribed_global_bottleneck,medium,low,TP1-PP2-DP2,,5.7,6.5,False,reach
GPT-3-175B-like_mixed_TP8_PP8_DP16,deep_oversubscribed_global_bottleneck,medium,low,TP1-PP2-DP3,,8.2,11.0,False,port
GPT-3-175B-like_mixed_TP8_PP8_DP16,deep_oversubscribed_global_bottleneck,medium,low,TP1-PP3-DP1,,6.2,11.0,False,reach
GPT-3-175B-like_mixed_TP8_PP8_DP16,deep_oversubscribed_global_bottleneck,medium,low,TP1-PP3-DP2,,7.7,11.0,False,port+reach
GPT-3-175B-like_mixed_TP8_PP8_DP16,deep_oversubscribed_global_bottleneck,medium,low,TP1-PP3-DP3,,10.2,11.0,False,port
GPT-3-175B-like_mixed_TP8_PP8_DP16,deep_oversubscribed_global_bottleneck,medium,low,TP2-PP1-DP1,,4.8,6.5,False,reach
GPT-3-175B-like_mixed_TP8_PP8_DP16,deep_oversubscribed_global_bottleneck,medium,low,TP2-PP1-DP2,,6.3,6.5,False,reach
GPT-3-175B-like_mixed_TP8_PP8_DP16,deep_oversubscribed_global_bottleneck,medium,low,TP2-PP1-DP3,,8.8,11.0,False,port+reach
GPT-3-175B-like_mixed_TP8_PP8_DP16,deep_oversubscribed_global_bottleneck,medium,low,TP2-PP2-DP1,,6.0,6.5,False,reach
GPT-3-175B-like_mixed_TP8_PP8_DP16,deep_oversubscribed_global_bottleneck,medium,low,TP2-PP2-DP2,,7.5,6.5,False,port+reach
GPT-3-175B-like_mixed_TP8_PP8_DP16,deep_oversubscribed_global_bottleneck,medium,low,TP2-PP2-DP3,,10.0,11.0,False,port
GPT-3-175B-like_mixed_TP8_PP8_DP16,deep_oversubscribed_global_bottleneck,medium,low,TP2-PP3-DP1,,8.0,11.0,False,port+reach
GPT-3-175B-like_mixed_TP8_PP8_DP16,deep_oversubscribed_global_bottleneck,medium,low,TP2-PP3-DP2,,9.5,11.0,False,port+reach
GPT-3-175B-like_mixed_TP8_PP8_DP16,deep_oversubscribed_global_bottleneck,medium,low,TP2-PP3-DP3,,12.0,11.0,False,port
GPT-3-175B-like_mixed_TP8_PP8_DP16,deep_oversubscribed_global_bottleneck,medium,low,TP3-PP1-DP1,,7.8,11.0,False,port+reach
GPT-3-175B-like_mixed_TP8_PP8_DP16,deep_oversubscribed_global_bottleneck,medium,low,TP3-PP1-DP2,,9.3,11.0,False,port+reach
GPT-3-175B-like_mixed_TP8_PP8_DP16,deep_oversubscribed_global_bottleneck,medium,low,TP3-PP1-DP3,,11.8,11.0,False,port+reach
GPT-3-175B-like_mixed_TP8_PP8_DP16,deep_oversubscribed_global_bottleneck,medium,low,TP3-PP2-DP1,,9.0,11.0,False,port+reach
GPT-3-175B-like_mixed_TP8_PP8_DP16,deep_oversubscribed_global_bottleneck,medium,low,TP3-PP2-DP2,,10.5,11.0,False,port+reach
GPT-3-175B-like_mixed_TP8_PP8_DP16,deep_oversubscribed_global_bottleneck,medium,low,TP3-PP2-DP3,,13.0,11.0,False,port
GPT-3-175B-like_mixed_TP8_PP8_DP16,deep_oversubscribed_global_bottleneck,medium,low,TP3-PP3-DP1,,11.0,11.0,False,port+reach
GPT-3-175B-like_mixed_TP8_PP8_DP16,deep_oversubscribed_global_bottleneck,medium,low,TP3-PP3-DP2,,12.5,11.0,False,port+reach
GPT-3-175B-like_mixed_TP8_PP8_DP16,deep_oversubscribed_global_bottleneck,medium,low,TP3-PP3-DP3,,15.0,11.0,False,port
GPT-3-175B-like_mixed_TP8_PP8_DP16,deep_oversubscribed_global_bottleneck,medium,medium,TP1-PP1-DP1,,3.0,2.5,False,reach
GPT-3-175B-like_mixed_TP8_PP8_DP16,deep_oversubscribed_global_bottleneck,medium,medium,TP1-PP1-DP2,,4.5,6.5,False,reach
GPT-3-175B-like_mixed_TP8_PP8_DP16,deep_oversubscribed_global_bottleneck,medium,medium,TP1-PP1-DP3,,7.0,11.0,False,reach
GPT-3-175B-like_mixed_TP8_PP8_DP16,deep_oversubscribed_global_bottleneck,medium,medium,TP1-PP2-DP1,,4.2,6.5,False,reach
GPT-3-175B-like_mixed_TP8_PP8_DP16,deep_oversubscribed_global_bottleneck,medium,medium,TP1-PP2-DP2,,5.7,6.5,False,reach
GPT-3-175B-like_mixed_TP8_PP8_DP16,deep_oversubscribed_global_bottleneck,medium,medium,TP1-PP2-DP3,1.2169452351759997,8.2,11.0,True,
GPT-3-175B-like_mixed_TP8_PP8_DP16,deep_oversubscribed_global_bottleneck,medium,medium,TP1-PP3-DP1,,6.2,11.0,False,reach
GPT-3-175B-like_mixed_TP8_PP8_DP16,deep_oversubscribed_global_bottleneck,medium,medium,TP1-PP3-DP2,,7.7,11.0,False,reach
GPT-3-175B-like_mixed_TP8_PP8_DP16,deep_oversubscribed_global_bottleneck,medium,medium,TP1-PP3-DP3,1.2453623016719997,10.2,11.0,True,
GPT-3-175B-like_mixed_TP8_PP8_DP16,deep_oversubscribed_global_bottleneck,medium,medium,TP2-PP1-DP1,,4.8,6.5,False,reach
GPT-3-175B-like_mixed_TP8_PP8_DP16,deep_oversubscribed_global_bottleneck,medium,medium,TP2-PP1-DP2,,6.3,6.5,False,reach
GPT-3-175B-like_mixed_TP8_PP8_DP16,deep_oversubscribed_global_bottleneck,medium,medium,TP2-PP1-DP3,,8.8,11.0,False,reach
GPT-3-175B-like_mixed_TP8_PP8_DP16,deep_oversubscribed_global_bottleneck,medium,medium,TP2-PP2-DP1,,6.0,6.5,False,reach
GPT-3-175B-like_mixed_TP8_PP8_DP16,deep_oversubscribed_global_bottleneck,medium,medium,TP2-PP2-DP2,,7.5,6.5,False,reach
GPT-3-175B-like_mixed_TP8_PP8_DP16,deep_oversubscribed_global_bottleneck,medium,medium,TP2-PP2-DP3,1.6851195097359997,10.0,11.0,True,
GPT-3-175B-like_mixed_TP8_PP8_DP16,deep_oversubscribed_global_bottleneck,medium,medium,TP2-PP3-DP1,,8.0,11.0,False,reach
GPT-3-175B-like_mixed_TP8_PP8_DP16,deep_oversubscribed_global_bottleneck,medium,medium,TP2-PP3-DP2,,9.5,11.0,False,reach
GPT-3-175B-like_mixed_TP8_PP8_DP16,deep_oversubscribed_global_bottleneck,medium,medium,TP2-PP3-DP3,1.7135365762319996,12.0,11.0,True,
GPT-3-175B-like_mixed_TP8_PP8_DP16,deep_oversubscribed_global_bottleneck,medium,medium,TP3-PP1-DP1,,7.8,11.0,False,reach
GPT-3-175B-like_mixed_TP8_PP8_DP16,deep_oversubscribed_global_bottleneck,medium,medium,TP3-PP1-DP2,,9.3,11.0,False,reach
GPT-3-175B-like_mixed_TP8_PP8_DP16,deep_oversubscribed_global_bottleneck,medium,medium,TP3-PP1-DP3,,11.8,11.0,False,reach
GPT-3-175B-like_mixed_TP8_PP8_DP16,deep_oversubscribed_global_bottleneck,medium,medium,TP3-PP2-DP1,,9.0,11.0,False,reach
GPT-3-175B-like_mixed_TP8_PP8_DP16,deep_oversubscribed_global_bottleneck,medium,medium,TP3-PP2-DP2,,10.5,11.0,False,reach
GPT-3-175B-like_mixed_TP8_PP8_DP16,deep_oversubscribed_global_bottleneck,medium,medium,TP3-PP2-DP3,,13.0,11.0,False,port
GPT-3-175B-like_mixed_TP8_PP8_DP16,deep_oversubscribed_global_bottleneck,medium,medium,TP3-PP3-DP1,,11.0,11.0,False,reach
GPT-3-175B-like_mixed_TP8_PP8_DP16,deep_oversubscribed_global_bottleneck,medium,medium,TP3-PP3-DP2,,12.5,11.0,False,reach
GPT-3-175B-like_mixed_TP8_PP8_DP16,deep_oversubscribed_global_bottleneck,medium,medium,TP3-PP3-DP3,,15.0,11.0,False,port
GPT-3-175B-like_mixed_TP8_PP8_DP16,deep_oversubscribed_global_bottleneck,medium,high,TP1-PP1-DP1,,3.0,2.5,False,reach
GPT-3-175B-like_mixed_TP8_PP8_DP16,deep_oversubscribed_global_bottleneck,medium,high,TP1-PP1-DP2,,4.5,6.5,False,reach
GPT-3-175B-like_mixed_TP8_PP8_DP16,deep_oversubscribed_global_bottleneck,medium,high,TP1-PP1-DP3,,7.0,11.0,False,reach
GPT-3-175B-like_mixed_TP8_PP8_DP16,deep_oversubscribed_global_bottleneck,medium,high,TP1-PP2-DP1,,4.2,6.5,False,reach
GPT-3-175B-like_mixed_TP8_PP8_DP16,deep_oversubscribed_global_bottleneck,medium,high,TP1-PP2-DP2,,5.7,6.5,False,reach
GPT-3-175B-like_mixed_TP8_PP8_DP16,deep_oversubscribed_global_bottleneck,medium,high,TP1-PP2-DP3,1.2169452351759997,8.2,11.0,True,
GPT-3-175B-like_mixed_TP8_PP8_DP16,deep_oversubscribed_global_bottleneck,medium,high,TP1-PP3-DP1,,6.2,11.0,False,reach
GPT-3-175B-like_mixed_TP8_PP8_DP16,deep_oversubscribed_global_bottleneck,medium,high,TP1-PP3-DP2,,7.7,11.0,False,reach
GPT-3-175B-like_mixed_TP8_PP8_DP16,deep_oversubscribed_global_bottleneck,medium,high,TP1-PP3-DP3,1.2453623016719997,10.2,11.0,True,
GPT-3-175B-like_mixed_TP8_PP8_DP16,deep_oversubscribed_global_bottleneck,medium,high,TP2-PP1-DP1,,4.8,6.5,False,reach
GPT-3-175B-like_mixed_TP8_PP8_DP16,deep_oversubscribed_global_bottleneck,medium,high,TP2-PP1-DP2,,6.3,6.5,False,reach
GPT-3-175B-like_mixed_TP8_PP8_DP16,deep_oversubscribed_global_bottleneck,medium,high,TP2-PP1-DP3,,8.8,11.0,False,reach
GPT-3-175B-like_mixed_TP8_PP8_DP16,deep_oversubscribed_global_bottleneck,medium,high,TP2-PP2-DP1,,6.0,6.5,False,reach
GPT-3-175B-like_mixed_TP8_PP8_DP16,deep_oversubscribed_global_bottleneck,medium,high,TP2-PP2-DP2,,7.5,6.5,False,reach
GPT-3-175B-like_mixed_TP8_PP8_DP16,deep_oversubscribed_global_bottleneck,medium,high,TP2-PP2-DP3,1.6851195097359997,10.0,11.0,True,
GPT-3-175B-like_mixed_TP8_PP8_DP16,deep_oversubscribed_global_bottleneck,medium,high,TP2-PP3-DP1,,8.0,11.0,False,reach
GPT-3-175B-like_mixed_TP8_PP8_DP16,deep_oversubscribed_global_bottleneck,medium,high,TP2-PP3-DP2,,9.5,11.0,False,reach
GPT-3-175B-like_mixed_TP8_PP8_DP16,deep_oversubscribed_global_bottleneck,medium,high,TP2-PP3-DP3,1.7135365762319996,12.0,11.0,True,
GPT-3-175B-like_mixed_TP8_PP8_DP16,deep_oversubscribed_global_bottleneck,medium,high,TP3-PP1-DP1,,7.8,11.0,False,reach
GPT-3-175B-like_mixed_TP8_PP8_DP16,deep_oversubscribed_global_bottleneck,medium,high,TP3-PP1-DP2,,9.3,11.0,False,reach
GPT-3-175B-like_mixed_TP8_PP8_DP16,deep_oversubscribed_global_bottleneck,medium,high,TP3-PP1-DP3,,11.8,11.0,False,reach
GPT-3-175B-like_mixed_TP8_PP8_DP16,deep_oversubscribed_global_bottleneck,medium,high,TP3-PP2-DP1,,9.0,11.0,False,reach
GPT-3-175B-like_mixed_TP8_PP8_DP16,deep_oversubscribed_global_bottleneck,medium,high,TP3-PP2-DP2,,10.5,11.0,False,reach
GPT-3-175B-like_mixed_TP8_PP8_DP16,deep_oversubscribed_global_bottleneck,medium,high,TP3-PP2-DP3,3.7955894079759998,13.0,11.0,True,
GPT-3-175B-like_mixed_TP8_PP8_DP16,deep_oversubscribed_global_bottleneck,medium,high,TP3-PP3-DP1,,11.0,11.0,False,reach
GPT-3-175B-like_mixed_TP8_PP8_DP16,deep_oversubscribed_global_bottleneck,medium,high,TP3-PP3-DP2,,12.5,11.0,False,reach
GPT-3-175B-like_mixed_TP8_PP8_DP16,deep_oversubscribed_global_bottleneck,medium,high,TP3-PP3-DP3,3.8240064744719997,15.0,11.0,True,
GPT-3-175B-like_mixed_TP8_PP8_DP16,deep_oversubscribed_global_bottleneck,relaxed,low,TP1-PP1-DP1,,3.0,2.5,False,reach
GPT-3-175B-like_mixed_TP8_PP8_DP16,deep_oversubscribed_global_bottleneck,relaxed,low,TP1-PP1-DP2,,4.5,6.5,False,reach
GPT-3-175B-like_mixed_TP8_PP8_DP16,deep_oversubscribed_global_bottleneck,relaxed,low,TP1-PP1-DP3,,7.0,11.0,False,reach
GPT-3-175B-like_mixed_TP8_PP8_DP16,deep_oversubscribed_global_bottleneck,relaxed,low,TP1-PP2-DP1,,4.2,6.5,False,reach
GPT-3-175B-like_mixed_TP8_PP8_DP16,deep_oversubscribed_global_bottleneck,relaxed,low,TP1-PP2-DP2,,5.7,6.5,False,reach
GPT-3-175B-like_mixed_TP8_PP8_DP16,deep_oversubscribed_global_bottleneck,relaxed,low,TP1-PP2-DP3,,8.2,11.0,False,port
GPT-3-175B-like_mixed_TP8_PP8_DP16,deep_oversubscribed_global_bottleneck,relaxed,low,TP1-PP3-DP1,,6.2,11.0,False,reach
GPT-3-175B-like_mixed_TP8_PP8_DP16,deep_oversubscribed_global_bottleneck,relaxed,low,TP1-PP3-DP2,,7.7,11.0,False,port+reach
GPT-3-175B-like_mixed_TP8_PP8_DP16,deep_oversubscribed_global_bottleneck,relaxed,low,TP1-PP3-DP3,,10.2,11.0,False,port
GPT-3-175B-like_mixed_TP8_PP8_DP16,deep_oversubscribed_global_bottleneck,relaxed,low,TP2-PP1-DP1,,4.8,6.5,False,reach
GPT-3-175B-like_mixed_TP8_PP8_DP16,deep_oversubscribed_global_bottleneck,relaxed,low,TP2-PP1-DP2,,6.3,6.5,False,reach
GPT-3-175B-like_mixed_TP8_PP8_DP16,deep_oversubscribed_global_bottleneck,relaxed,low,TP2-PP1-DP3,,8.8,11.0,False,port+reach
GPT-3-175B-like_mixed_TP8_PP8_DP16,deep_oversubscribed_global_bottleneck,relaxed,low,TP2-PP2-DP1,,6.0,6.5,False,reach
GPT-3-175B-like_mixed_TP8_PP8_DP16,deep_oversubscribed_global_bottleneck,relaxed,low,TP2-PP2-DP2,,7.5,6.5,False,port+reach
GPT-3-175B-like_mixed_TP8_PP8_DP16,deep_oversubscribed_global_bottleneck,relaxed,low,TP2-PP2-DP3,,10.0,11.0,False,port
GPT-3-175B-like_mixed_TP8_PP8_DP16,deep_oversubscribed_global_bottleneck,relaxed,low,TP2-PP3-DP1,,8.0,11.0,False,port+reach
GPT-3-175B-like_mixed_TP8_PP8_DP16,deep_oversubscribed_global_bottleneck,relaxed,low,TP2-PP3-DP2,,9.5,11.0,False,port+reach
GPT-3-175B-like_mixed_TP8_PP8_DP16,deep_oversubscribed_global_bottleneck,relaxed,low,TP2-PP3-DP3,,12.0,11.0,False,port
GPT-3-175B-like_mixed_TP8_PP8_DP16,deep_oversubscribed_global_bottleneck,relaxed,low,TP3-PP1-DP1,,7.8,11.0,False,port+reach
GPT-3-175B-like_mixed_TP8_PP8_DP16,deep_oversubscribed_global_bottleneck,relaxed,low,TP3-PP1-DP2,,9.3,11.0,False,port+reach
GPT-3-175B-like_mixed_TP8_PP8_DP16,deep_oversubscribed_global_bottleneck,relaxed,low,TP3-PP1-DP3,,11.8,11.0,False,port+reach
GPT-3-175B-like_mixed_TP8_PP8_DP16,deep_oversubscribed_global_bottleneck,relaxed,low,TP3-PP2-DP1,,9.0,11.0,False,port+reach
GPT-3-175B-like_mixed_TP8_PP8_DP16,deep_oversubscribed_global_bottleneck,relaxed,low,TP3-PP2-DP2,,10.5,11.0,False,port+reach
GPT-3-175B-like_mixed_TP8_PP8_DP16,deep_oversubscribed_global_bottleneck,relaxed,low,TP3-PP2-DP3,,13.0,11.0,False,port
GPT-3-175B-like_mixed_TP8_PP8_DP16,deep_oversubscribed_global_bottleneck,relaxed,low,TP3-PP3-DP1,,11.0,11.0,False,port+reach
GPT-3-175B-like_mixed_TP8_PP8_DP16,deep_oversubscribed_global_bottleneck,relaxed,low,TP3-PP3-DP2,,12.5,11.0,False,port+reach
GPT-3-175B-like_mixed_TP8_PP8_DP16,deep_oversubscribed_global_bottleneck,relaxed,low,TP3-PP3-DP3,,15.0,11.0,False,port
GPT-3-175B-like_mixed_TP8_PP8_DP16,deep_oversubscribed_global_bottleneck,relaxed,medium,TP1-PP1-DP1,,3.0,2.5,False,reach
GPT-3-175B-like_mixed_TP8_PP8_DP16,deep_oversubscribed_global_bottleneck,relaxed,medium,TP1-PP1-DP2,,4.5,6.5,False,reach
GPT-3-175B-like_mixed_TP8_PP8_DP16,deep_oversubscribed_global_bottleneck,relaxed,medium,TP1-PP1-DP3,,7.0,11.0,False,reach
GPT-3-175B-like_mixed_TP8_PP8_DP16,deep_oversubscribed_global_bottleneck,relaxed,medium,TP1-PP2-DP1,,4.2,6.5,False,reach
GPT-3-175B-like_mixed_TP8_PP8_DP16,deep_oversubscribed_global_bottleneck,relaxed,medium,TP1-PP2-DP2,,5.7,6.5,False,reach
GPT-3-175B-like_mixed_TP8_PP8_DP16,deep_oversubscribed_global_bottleneck,relaxed,medium,TP1-PP2-DP3,1.2169452351759997,8.2,11.0,True,
GPT-3-175B-like_mixed_TP8_PP8_DP16,deep_oversubscribed_global_bottleneck,relaxed,medium,TP1-PP3-DP1,,6.2,11.0,False,reach
GPT-3-175B-like_mixed_TP8_PP8_DP16,deep_oversubscribed_global_bottleneck,relaxed,medium,TP1-PP3-DP2,,7.7,11.0,False,reach
GPT-3-175B-like_mixed_TP8_PP8_DP16,deep_oversubscribed_global_bottleneck,relaxed,medium,TP1-PP3-DP3,1.2453623016719997,10.2,11.0,True,
GPT-3-175B-like_mixed_TP8_PP8_DP16,deep_oversubscribed_global_bottleneck,relaxed,medium,TP2-PP1-DP1,,4.8,6.5,False,reach
GPT-3-175B-like_mixed_TP8_PP8_DP16,deep_oversubscribed_global_bottleneck,relaxed,medium,TP2-PP1-DP2,,6.3,6.5,False,reach
GPT-3-175B-like_mixed_TP8_PP8_DP16,deep_oversubscribed_global_bottleneck,relaxed,medium,TP2-PP1-DP3,,8.8,11.0,False,reach
GPT-3-175B-like_mixed_TP8_PP8_DP16,deep_oversubscribed_global_bottleneck,relaxed,medium,TP2-PP2-DP1,,6.0,6.5,False,reach
GPT-3-175B-like_mixed_TP8_PP8_DP16,deep_oversubscribed_global_bottleneck,relaxed,medium,TP2-PP2-DP2,,7.5,6.5,False,reach
GPT-3-175B-like_mixed_TP8_PP8_DP16,deep_oversubscribed_global_bottleneck,relaxed,medium,TP2-PP2-DP3,1.6851195097359997,10.0,11.0,True,
GPT-3-175B-like_mixed_TP8_PP8_DP16,deep_oversubscribed_global_bottleneck,relaxed,medium,TP2-PP3-DP1,,8.0,11.0,False,reach
GPT-3-175B-like_mixed_TP8_PP8_DP16,deep_oversubscribed_global_bottleneck,relaxed,medium,TP2-PP3-DP2,,9.5,11.0,False,reach
GPT-3-175B-like_mixed_TP8_PP8_DP16,deep_oversubscribed_global_bottleneck,relaxed,medium,TP2-PP3-DP3,1.7135365762319996,12.0,11.0,True,
GPT-3-175B-like_mixed_TP8_PP8_DP16,deep_oversubscribed_global_bottleneck,relaxed,medium,TP3-PP1-DP1,,7.8,11.0,False,reach
GPT-3-175B-like_mixed_TP8_PP8_DP16,deep_oversubscribed_global_bottleneck,relaxed,medium,TP3-PP1-DP2,,9.3,11.0,False,reach
GPT-3-175B-like_mixed_TP8_PP8_DP16,deep_oversubscribed_global_bottleneck,relaxed,medium,TP3-PP1-DP3,,11.8,11.0,False,reach
GPT-3-175B-like_mixed_TP8_PP8_DP16,deep_oversubscribed_global_bottleneck,relaxed,medium,TP3-PP2-DP1,,9.0,11.0,False,reach
GPT-3-175B-like_mixed_TP8_PP8_DP16,deep_oversubscribed_global_bottleneck,relaxed,medium,TP3-PP2-DP2,,10.5,11.0,False,reach
GPT-3-175B-like_mixed_TP8_PP8_DP16,deep_oversubscribed_global_bottleneck,relaxed,medium,TP3-PP2-DP3,,13.0,11.0,False,port
GPT-3-175B-like_mixed_TP8_PP8_DP16,deep_oversubscribed_global_bottleneck,relaxed,medium,TP3-PP3-DP1,,11.0,11.0,False,reach
GPT-3-175B-like_mixed_TP8_PP8_DP16,deep_oversubscribed_global_bottleneck,relaxed,medium,TP3-PP3-DP2,,12.5,11.0,False,reach
GPT-3-175B-like_mixed_TP8_PP8_DP16,deep_oversubscribed_global_bottleneck,relaxed,medium,TP3-PP3-DP3,,15.0,11.0,False,port
GPT-3-175B-like_mixed_TP8_PP8_DP16,deep_oversubscribed_global_bottleneck,relaxed,high,TP1-PP1-DP1,,3.0,2.5,False,reach
GPT-3-175B-like_mixed_TP8_PP8_DP16,deep_oversubscribed_global_bottleneck,relaxed,high,TP1-PP1-DP2,,4.5,6.5,False,reach
GPT-3-175B-like_mixed_TP8_PP8_DP16,deep_oversubscribed_global_bottleneck,relaxed,high,TP1-PP1-DP3,,7.0,11.0,False,reach
GPT-3-175B-like_mixed_TP8_PP8_DP16,deep_oversubscribed_global_bottleneck,relaxed,high,TP1-PP2-DP1,,4.2,6.5,False,reach
GPT-3-175B-like_mixed_TP8_PP8_DP16,deep_oversubscribed_global_bottleneck,relaxed,high,TP1-PP2-DP2,,5.7,6.5,False,reach
GPT-3-175B-like_mixed_TP8_PP8_DP16,deep_oversubscribed_global_bottleneck,relaxed,high,TP1-PP2-DP3,1.2169452351759997,8.2,11.0,True,
GPT-3-175B-like_mixed_TP8_PP8_DP16,deep_oversubscribed_global_bottleneck,relaxed,high,TP1-PP3-DP1,,6.2,11.0,False,reach
GPT-3-175B-like_mixed_TP8_PP8_DP16,deep_oversubscribed_global_bottleneck,relaxed,high,TP1-PP3-DP2,,7.7,11.0,False,reach
GPT-3-175B-like_mixed_TP8_PP8_DP16,deep_oversubscribed_global_bottleneck,relaxed,high,TP1-PP3-DP3,1.2453623016719997,10.2,11.0,True,
GPT-3-175B-like_mixed_TP8_PP8_DP16,deep_oversubscribed_global_bottleneck,relaxed,high,TP2-PP1-DP1,,4.8,6.5,False,reach
GPT-3-175B-like_mixed_TP8_PP8_DP16,deep_oversubscribed_global_bottleneck,relaxed,high,TP2-PP1-DP2,,6.3,6.5,False,reach
GPT-3-175B-like_mixed_TP8_PP8_DP16,deep_oversubscribed_global_bottleneck,relaxed,high,TP2-PP1-DP3,,8.8,11.0,False,reach
GPT-3-175B-like_mixed_TP8_PP8_DP16,deep_oversubscribed_global_bottleneck,relaxed,high,TP2-PP2-DP1,,6.0,6.5,False,reach
GPT-3-175B-like_mixed_TP8_PP8_DP16,deep_oversubscribed_global_bottleneck,relaxed,high,TP2-PP2-DP2,,7.5,6.5,False,reach
GPT-3-175B-like_mixed_TP8_PP8_DP16,deep_oversubscribed_global_bottleneck,relaxed,high,TP2-PP2-DP3,1.6851195097359997,10.0,11.0,True,
GPT-3-175B-like_mixed_TP8_PP8_DP16,deep_oversubscribed_global_bottleneck,relaxed,high,TP2-PP3-DP1,,8.0,11.0,False,reach
GPT-3-175B-like_mixed_TP8_PP8_DP16,deep_oversubscribed_global_bottleneck,relaxed,high,TP2-PP3-DP2,,9.5,11.0,False,reach
GPT-3-175B-like_mixed_TP8_PP8_DP16,deep_oversubscribed_global_bottleneck,relaxed,high,TP2-PP3-DP3,1.7135365762319996,12.0,11.0,True,
GPT-3-175B-like_mixed_TP8_PP8_DP16,deep_oversubscribed_global_bottleneck,relaxed,high,TP3-PP1-DP1,,7.8,11.0,False,reach
GPT-3-175B-like_mixed_TP8_PP8_DP16,deep_oversubscribed_global_bottleneck,relaxed,high,TP3-PP1-DP2,,9.3,11.0,False,reach
GPT-3-175B-like_mixed_TP8_PP8_DP16,deep_oversubscribed_global_bottleneck,relaxed,high,TP3-PP1-DP3,,11.8,11.0,False,reach
GPT-3-175B-like_mixed_TP8_PP8_DP16,deep_oversubscribed_global_bottleneck,relaxed,high,TP3-PP2-DP1,,9.0,11.0,False,reach
GPT-3-175B-like_mixed_TP8_PP8_DP16,deep_oversubscribed_global_bottleneck,relaxed,high,TP3-PP2-DP2,,10.5,11.0,False,reach
GPT-3-175B-like_mixed_TP8_PP8_DP16,deep_oversubscribed_global_bottleneck,relaxed,high,TP3-PP2-DP3,3.7955894079759998,13.0,11.0,True,
GPT-3-175B-like_mixed_TP8_PP8_DP16,deep_oversubscribed_global_bottleneck,relaxed,high,TP3-PP3-DP1,,11.0,11.0,False,reach
GPT-3-175B-like_mixed_TP8_PP8_DP16,deep_oversubscribed_global_bottleneck,relaxed,high,TP3-PP3-DP2,,12.5,11.0,False,reach
GPT-3-175B-like_mixed_TP8_PP8_DP16,deep_oversubscribed_global_bottleneck,relaxed,high,TP3-PP3-DP3,3.8240064744719997,15.0,11.0,True,
Megatron-310B-like_PP-heavy_TP8_PP16_DP8,reach_only_depth_is_costly,strict,low,TP1-PP1-DP1,,3.0,2.5,False,reach
Megatron-310B-like_PP-heavy_TP8_PP16_DP8,reach_only_depth_is_costly,strict,low,TP1-PP1-DP2,,4.0,6.0,False,reach
Megatron-310B-like_PP-heavy_TP8_PP16_DP8,reach_only_depth_is_costly,strict,low,TP1-PP1-DP3,,6.0,10.0,False,reach
Megatron-310B-like_PP-heavy_TP8_PP16_DP8,reach_only_depth_is_costly,strict,low,TP1-PP2-DP1,,3.8,6.0,False,reach
Megatron-310B-like_PP-heavy_TP8_PP16_DP8,reach_only_depth_is_costly,strict,low,TP1-PP2-DP2,,4.8,6.0,False,reach
Megatron-310B-like_PP-heavy_TP8_PP16_DP8,reach_only_depth_is_costly,strict,low,TP1-PP2-DP3,,6.8,10.0,False,reach
Megatron-310B-like_PP-heavy_TP8_PP16_DP8,reach_only_depth_is_costly,strict,low,TP1-PP3-DP1,,5.4,10.0,False,reach
Megatron-310B-like_PP-heavy_TP8_PP16_DP8,reach_only_depth_is_costly,strict,low,TP1-PP3-DP2,,6.4,10.0,False,reach
Megatron-310B-like_PP-heavy_TP8_PP16_DP8,reach_only_depth_is_costly,strict,low,TP1-PP3-DP3,,8.4,10.0,False,port
Megatron-310B-like_PP-heavy_TP8_PP16_DP8,reach_only_depth_is_costly,strict,low,TP2-PP1-DP1,,4.2,6.0,False,reach
Megatron-310B-like_PP-heavy_TP8_PP16_DP8,reach_only_depth_is_costly,strict,low,TP2-PP1-DP2,,5.2,6.0,False,reach
Megatron-310B-like_PP-heavy_TP8_PP16_DP8,reach_only_depth_is_costly,strict,low,TP2-PP1-DP3,,7.2,10.0,False,port+reach
Megatron-310B-like_PP-heavy_TP8_PP16_DP8,reach_only_depth_is_costly,strict,low,TP2-PP2-DP1,,5.0,6.0,False,reach
Megatron-310B-like_PP-heavy_TP8_PP16_DP8,reach_only_depth_is_costly,strict,low,TP2-PP2-DP2,,6.0,6.0,False,reach
Megatron-310B-like_PP-heavy_TP8_PP16_DP8,reach_only_depth_is_costly,strict,low,TP2-PP2-DP3,,8.0,10.0,False,port+reach
Megatron-310B-like_PP-heavy_TP8_PP16_DP8,reach_only_depth_is_costly,strict,low,TP2-PP3-DP1,,6.6,10.0,False,reach
Megatron-310B-like_PP-heavy_TP8_PP16_DP8,reach_only_depth_is_costly,strict,low,TP2-PP3-DP2,,7.6,10.0,False,port+reach
Megatron-310B-like_PP-heavy_TP8_PP16_DP8,reach_only_depth_is_costly,strict,low,TP2-PP3-DP3,,9.6,10.0,False,port
Megatron-310B-like_PP-heavy_TP8_PP16_DP8,reach_only_depth_is_costly,strict,low,TP3-PP1-DP1,,6.6,10.0,False,reach
Megatron-310B-like_PP-heavy_TP8_PP16_DP8,reach_only_depth_is_costly,strict,low,TP3-PP1-DP2,,7.6,10.0,False,port+reach
Megatron-310B-like_PP-heavy_TP8_PP16_DP8,reach_only_depth_is_costly,strict,low,TP3-PP1-DP3,,9.6,10.0,False,port+reach
Megatron-310B-like_PP-heavy_TP8_PP16_DP8,reach_only_depth_is_costly,strict,low,TP3-PP2-DP1,,7.4,10.0,False,port+reach
Megatron-310B-like_PP-heavy_TP8_PP16_DP8,reach_only_depth_is_costly,strict,low,TP3-PP2-DP2,,8.4,10.0,False,port+reach
Megatron-310B-like_PP-heavy_TP8_PP16_DP8,reach_only_depth_is_costly,strict,low,TP3-PP2-DP3,,10.4,10.0,False,port+reach
Megatron-310B-like_PP-heavy_TP8_PP16_DP8,reach_only_depth_is_costly,strict,low,TP3-PP3-DP1,,9.0,10.0,False,port+reach
Megatron-310B-like_PP-heavy_TP8_PP16_DP8,reach_only_depth_is_costly,strict,low,TP3-PP3-DP2,,10.0,10.0,False,port+reach
Megatron-310B-like_PP-heavy_TP8_PP16_DP8,reach_only_depth_is_costly,strict,low,TP3-PP3-DP3,,12.0,10.0,False,port
Megatron-310B-like_PP-heavy_TP8_PP16_DP8,reach_only_depth_is_costly,strict,medium,TP1-PP1-DP1,,3.0,2.5,False,reach
Megatron-310B-like_PP-heavy_TP8_PP16_DP8,reach_only_depth_is_costly,strict,medium,TP1-PP1-DP2,,4.0,6.0,False,reach
Megatron-310B-like_PP-heavy_TP8_PP16_DP8,reach_only_depth_is_costly,strict,medium,TP1-PP1-DP3,,6.0,10.0,False,reach
Megatron-310B-like_PP-heavy_TP8_PP16_DP8,reach_only_depth_is_costly,strict,medium,TP1-PP2-DP1,,3.8,6.0,False,reach
Megatron-310B-like_PP-heavy_TP8_PP16_DP8,reach_only_depth_is_costly,strict,medium,TP1-PP2-DP2,,4.8,6.0,False,reach
Megatron-310B-like_PP-heavy_TP8_PP16_DP8,reach_only_depth_is_costly,strict,medium,TP1-PP2-DP3,,6.8,10.0,False,reach
Megatron-310B-like_PP-heavy_TP8_PP16_DP8,reach_only_depth_is_costly,strict,medium,TP1-PP3-DP1,,5.4,10.0,False,reach
Megatron-310B-like_PP-heavy_TP8_PP16_DP8,reach_only_depth_is_costly,strict,medium,TP1-PP3-DP2,,6.4,10.0,False,reach
Megatron-310B-like_PP-heavy_TP8_PP16_DP8,reach_only_depth_is_costly,strict,medium,TP1-PP3-DP3,1.4473728441839997,8.4,10.0,True,
Megatron-310B-like_PP-heavy_TP8_PP16_DP8,reach_only_depth_is_costly,strict,medium,TP2-PP1-DP1,,4.2,6.0,False,reach
Megatron-310B-like_PP-heavy_TP8_PP16_DP8,reach_only_depth_is_costly,strict,medium,TP2-PP1-DP2,,5.2,6.0,False,reach
Megatron-310B-like_PP-heavy_TP8_PP16_DP8,reach_only_depth_is_costly,strict,medium,TP2-PP1-DP3,,7.2,10.0,False,reach
Megatron-310B-like_PP-heavy_TP8_PP16_DP8,reach_only_depth_is_costly,strict,medium,TP2-PP2-DP1,,5.0,6.0,False,reach
Megatron-310B-like_PP-heavy_TP8_PP16_DP8,reach_only_depth_is_costly,strict,medium,TP2-PP2-DP2,,6.0,6.0,False,reach
Megatron-310B-like_PP-heavy_TP8_PP16_DP8,reach_only_depth_is_costly,strict,medium,TP2-PP2-DP3,,8.0,10.0,False,reach
Megatron-310B-like_PP-heavy_TP8_PP16_DP8,reach_only_depth_is_costly,strict,medium,TP2-PP3-DP1,,6.6,10.0,False,reach
Megatron-310B-like_PP-heavy_TP8_PP16_DP8,reach_only_depth_is_costly,strict,medium,TP2-PP3-DP2,,7.6,10.0,False,reach
Megatron-310B-like_PP-heavy_TP8_PP16_DP8,reach_only_depth_is_costly,strict,medium,TP2-PP3-DP3,1.7335611506159998,9.6,10.0,True,
Megatron-310B-like_PP-heavy_TP8_PP16_DP8,reach_only_depth_is_costly,strict,medium,TP3-PP1-DP1,,6.6,10.0,False,reach
Megatron-310B-like_PP-heavy_TP8_PP16_DP8,reach_only_depth_is_costly,strict,medium,TP3-PP1-DP2,,7.6,10.0,False,reach
Megatron-310B-like_PP-heavy_TP8_PP16_DP8,reach_only_depth_is_costly,strict,medium,TP3-PP1-DP3,,9.6,10.0,False,reach
Megatron-310B-like_PP-heavy_TP8_PP16_DP8,reach_only_depth_is_costly,strict,medium,TP3-PP2-DP1,,7.4,10.0,False,reach
Megatron-310B-like_PP-heavy_TP8_PP16_DP8,reach_only_depth_is_costly,strict,medium,TP3-PP2-DP2,,8.4,10.0,False,reach
Megatron-310B-like_PP-heavy_TP8_PP16_DP8,reach_only_depth_is_costly,strict,medium,TP3-PP2-DP3,,10.4,10.0,False,reach
Megatron-310B-like_PP-heavy_TP8_PP16_DP8,reach_only_depth_is_costly,strict,medium,TP3-PP3-DP1,,9.0,10.0,False,reach
Megatron-310B-like_PP-heavy_TP8_PP16_DP8,reach_only_depth_is_costly,strict,medium,TP3-PP3-DP2,,10.0,10.0,False,reach
Megatron-310B-like_PP-heavy_TP8_PP16_DP8,reach_only_depth_is_costly,strict,medium,TP3-PP3-DP3,2.6191993191919996,12.0,10.0,True,
Megatron-310B-like_PP-heavy_TP8_PP16_DP8,reach_only_depth_is_costly,strict,high,TP1-PP1-DP1,,3.0,2.5,False,reach
Megatron-310B-like_PP-heavy_TP8_PP16_DP8,reach_only_depth_is_costly,strict,high,TP1-PP1-DP2,,4.0,6.0,False,reach
Megatron-310B-like_PP-heavy_TP8_PP16_DP8,reach_only_depth_is_costly,strict,high,TP1-PP1-DP3,,6.0,10.0,False,reach
Megatron-310B-like_PP-heavy_TP8_PP16_DP8,reach_only_depth_is_costly,strict,high,TP1-PP2-DP1,,3.8,6.0,False,reach
Megatron-310B-like_PP-heavy_TP8_PP16_DP8,reach_only_depth_is_costly,strict,high,TP1-PP2-DP2,,4.8,6.0,False,reach
Megatron-310B-like_PP-heavy_TP8_PP16_DP8,reach_only_depth_is_costly,strict,high,TP1-PP2-DP3,,6.8,10.0,False,reach
Megatron-310B-like_PP-heavy_TP8_PP16_DP8,reach_only_depth_is_costly,strict,high,TP1-PP3-DP1,,5.4,10.0,False,reach
Megatron-310B-like_PP-heavy_TP8_PP16_DP8,reach_only_depth_is_costly,strict,high,TP1-PP3-DP2,,6.4,10.0,False,reach
Megatron-310B-like_PP-heavy_TP8_PP16_DP8,reach_only_depth_is_costly,strict,high,TP1-PP3-DP3,1.4473728441839997,8.4,10.0,True,
Megatron-310B-like_PP-heavy_TP8_PP16_DP8,reach_only_depth_is_costly,strict,high,TP2-PP1-DP1,,4.2,6.0,False,reach
Megatron-310B-like_PP-heavy_TP8_PP16_DP8,reach_only_depth_is_costly,strict,high,TP2-PP1-DP2,,5.2,6.0,False,reach
Megatron-310B-like_PP-heavy_TP8_PP16_DP8,reach_only_depth_is_costly,strict,high,TP2-PP1-DP3,,7.2,10.0,False,reach
Megatron-310B-like_PP-heavy_TP8_PP16_DP8,reach_only_depth_is_costly,strict,high,TP2-PP2-DP1,,5.0,6.0,False,reach
Megatron-310B-like_PP-heavy_TP8_PP16_DP8,reach_only_depth_is_costly,strict,high,TP2-PP2-DP2,,6.0,6.0,False,reach
Megatron-310B-like_PP-heavy_TP8_PP16_DP8,reach_only_depth_is_costly,strict,high,TP2-PP2-DP3,,8.0,10.0,False,reach
Megatron-310B-like_PP-heavy_TP8_PP16_DP8,reach_only_depth_is_costly,strict,high,TP2-PP3-DP1,,6.6,10.0,False,reach
Megatron-310B-like_PP-heavy_TP8_PP16_DP8,reach_only_depth_is_costly,strict,high,TP2-PP3-DP2,,7.6,10.0,False,reach
Megatron-310B-like_PP-heavy_TP8_PP16_DP8,reach_only_depth_is_costly,strict,high,TP2-PP3-DP3,1.7335611506159998,9.6,10.0,True,
Megatron-310B-like_PP-heavy_TP8_PP16_DP8,reach_only_depth_is_costly,strict,high,TP3-PP1-DP1,,6.6,10.0,False,reach
Megatron-310B-like_PP-heavy_TP8_PP16_DP8,reach_only_depth_is_costly,strict,high,TP3-PP1-DP2,,7.6,10.0,False,reach
Megatron-310B-like_PP-heavy_TP8_PP16_DP8,reach_only_depth_is_costly,strict,high,TP3-PP1-DP3,,9.6,10.0,False,reach
Megatron-310B-like_PP-heavy_TP8_PP16_DP8,reach_only_depth_is_costly,strict,high,TP3-PP2-DP1,,7.4,10.0,False,reach
Megatron-310B-like_PP-heavy_TP8_PP16_DP8,reach_only_depth_is_costly,strict,high,TP3-PP2-DP2,,8.4,10.0,False,reach
Megatron-310B-like_PP-heavy_TP8_PP16_DP8,reach_only_depth_is_costly,strict,high,TP3-PP2-DP3,,10.4,10.0,False,reach
Megatron-310B-like_PP-heavy_TP8_PP16_DP8,reach_only_depth_is_costly,strict,high,TP3-PP3-DP1,,9.0,10.0,False,reach
Megatron-310B-like_PP-heavy_TP8_PP16_DP8,reach_only_depth_is_costly,strict,high,TP3-PP3-DP2,,10.0,10.0,False,reach
Megatron-310B-like_PP-heavy_TP8_PP16_DP8,reach_only_depth_is_costly,strict,high,TP3-PP3-DP3,2.6191993191919996,12.0,10.0,True,
Megatron-310B-like_PP-heavy_TP8_PP16_DP8,reach_only_depth_is_costly,medium,low,TP1-PP1-DP1,,3.0,2.5,False,reach
Megatron-310B-like_PP-heavy_TP8_PP16_DP8,reach_only_depth_is_costly,medium,low,TP1-PP1-DP2,,4.0,6.0,False,reach
Megatron-310B-like_PP-heavy_TP8_PP16_DP8,reach_only_depth_is_costly,medium,low,TP1-PP1-DP3,,6.0,10.0,False,reach
Megatron-310B-like_PP-heavy_TP8_PP16_DP8,reach_only_depth_is_costly,medium,low,TP1-PP2-DP1,,3.8,6.0,False,reach
Megatron-310B-like_PP-heavy_TP8_PP16_DP8,reach_only_depth_is_costly,medium,low,TP1-PP2-DP2,,4.8,6.0,False,reach
Megatron-310B-like_PP-heavy_TP8_PP16_DP8,reach_only_depth_is_costly,medium,low,TP1-PP2-DP3,,6.8,10.0,False,reach
Megatron-310B-like_PP-heavy_TP8_PP16_DP8,reach_only_depth_is_costly,medium,low,TP1-PP3-DP1,,5.4,10.0,False,reach
Megatron-310B-like_PP-heavy_TP8_PP16_DP8,reach_only_depth_is_costly,medium,low,TP1-PP3-DP2,,6.4,10.0,False,reach
Megatron-310B-like_PP-heavy_TP8_PP16_DP8,reach_only_depth_is_costly,medium,low,TP1-PP3-DP3,,8.4,10.0,False,port
Megatron-310B-like_PP-heavy_TP8_PP16_DP8,reach_only_depth_is_costly,medium,low,TP2-PP1-DP1,,4.2,6.0,False,reach
Megatron-310B-like_PP-heavy_TP8_PP16_DP8,reach_only_depth_is_costly,medium,low,TP2-PP1-DP2,,5.2,6.0,False,reach
Megatron-310B-like_PP-heavy_TP8_PP16_DP8,reach_only_depth_is_costly,medium,low,TP2-PP1-DP3,,7.2,10.0,False,port+reach
Megatron-310B-like_PP-heavy_TP8_PP16_DP8,reach_only_depth_is_costly,medium,low,TP2-PP2-DP1,,5.0,6.0,False,reach
Megatron-310B-like_PP-heavy_TP8_PP16_DP8,reach_only_depth_is_costly,medium,low,TP2-PP2-DP2,,6.0,6.0,False,reach
Megatron-310B-like_PP-heavy_TP8_PP16_DP8,reach_only_depth_is_costly,medium,low,TP2-PP2-DP3,,8.0,10.0,False,port+reach
Megatron-310B-like_PP-heavy_TP8_PP16_DP8,reach_only_depth_is_costly,medium,low,TP2-PP3-DP1,,6.6,10.0,False,reach
Megatron-310B-like_PP-heavy_TP8_PP16_DP8,reach_only_depth_is_costly,medium,low,TP2-PP3-DP2,,7.6,10.0,False,port+reach
Megatron-310B-like_PP-heavy_TP8_PP16_DP8,reach_only_depth_is_costly,medium,low,TP2-PP3-DP3,,9.6,10.0,False,port
Megatron-310B-like_PP-heavy_TP8_PP16_DP8,reach_only_depth_is_costly,medium,low,TP3-PP1-DP1,,6.6,10.0,False,reach
Megatron-310B-like_PP-heavy_TP8_PP16_DP8,reach_only_depth_is_costly,medium,low,TP3-PP1-DP2,,7.6,10.0,False,port+reach
Megatron-310B-like_PP-heavy_TP8_PP16_DP8,reach_only_depth_is_costly,medium,low,TP3-PP1-DP3,,9.6,10.0,False,port+reach
Megatron-310B-like_PP-heavy_TP8_PP16_DP8,reach_only_depth_is_costly,medium,low,TP3-PP2-DP1,,7.4,10.0,False,port+reach
Megatron-310B-like_PP-heavy_TP8_PP16_DP8,reach_only_depth_is_costly,medium,low,TP3-PP2-DP2,,8.4,10.0,False,port+reach
Megatron-310B-like_PP-heavy_TP8_PP16_DP8,reach_only_depth_is_costly,medium,low,TP3-PP2-DP3,,10.4,10.0,False,port+reach
Megatron-310B-like_PP-heavy_TP8_PP16_DP8,reach_only_depth_is_costly,medium,low,TP3-PP3-DP1,,9.0,10.0,False,port+reach
Megatron-310B-like_PP-heavy_TP8_PP16_DP8,reach_only_depth_is_costly,medium,low,TP3-PP3-DP2,,10.0,10.0,False,port+reach
Megatron-310B-like_PP-heavy_TP8_PP16_DP8,reach_only_depth_is_costly,medium,low,TP3-PP3-DP3,,12.0,10.0,False,port
Megatron-310B-like_PP-heavy_TP8_PP16_DP8,reach_only_depth_is_costly,medium,medium,TP1-PP1-DP1,,3.0,2.5,False,reach
Megatron-310B-like_PP-heavy_TP8_PP16_DP8,reach_only_depth_is_costly,medium,medium,TP1-PP1-DP2,,4.0,6.0,False,reach
Megatron-310B-like_PP-heavy_TP8_PP16_DP8,reach_only_depth_is_costly,medium,medium,TP1-PP1-DP3,,6.0,10.0,False,reach
Megatron-310B-like_PP-heavy_TP8_PP16_DP8,reach_only_depth_is_costly,medium,medium,TP1-PP2-DP1,,3.8,6.0,False,reach
Megatron-310B-like_PP-heavy_TP8_PP16_DP8,reach_only_depth_is_costly,medium,medium,TP1-PP2-DP2,,4.8,6.0,False,reach
Megatron-310B-like_PP-heavy_TP8_PP16_DP8,reach_only_depth_is_costly,medium,medium,TP1-PP2-DP3,,6.8,10.0,False,reach
Megatron-310B-like_PP-heavy_TP8_PP16_DP8,reach_only_depth_is_costly,medium,medium,TP1-PP3-DP1,,5.4,10.0,False,reach
Megatron-310B-like_PP-heavy_TP8_PP16_DP8,reach_only_depth_is_costly,medium,medium,TP1-PP3-DP2,,6.4,10.0,False,reach
Megatron-310B-like_PP-heavy_TP8_PP16_DP8,reach_only_depth_is_costly,medium,medium,TP1-PP3-DP3,1.4473728441839997,8.4,10.0,True,
Megatron-310B-like_PP-heavy_TP8_PP16_DP8,reach_only_depth_is_costly,medium,medium,TP2-PP1-DP1,,4.2,6.0,False,reach
Megatron-310B-like_PP-heavy_TP8_PP16_DP8,reach_only_depth_is_costly,medium,medium,TP2-PP1-DP2,,5.2,6.0,False,reach
Megatron-310B-like_PP-heavy_TP8_PP16_DP8,reach_only_depth_is_costly,medium,medium,TP2-PP1-DP3,,7.2,10.0,False,reach
Megatron-310B-like_PP-heavy_TP8_PP16_DP8,reach_only_depth_is_costly,medium,medium,TP2-PP2-DP1,,5.0,6.0,False,reach
Megatron-310B-like_PP-heavy_TP8_PP16_DP8,reach_only_depth_is_costly,medium,medium,TP2-PP2-DP2,,6.0,6.0,False,reach
Megatron-310B-like_PP-heavy_TP8_PP16_DP8,reach_only_depth_is_costly,medium,medium,TP2-PP2-DP3,,8.0,10.0,False,reach
Megatron-310B-like_PP-heavy_TP8_PP16_DP8,reach_only_depth_is_costly,medium,medium,TP2-PP3-DP1,,6.6,10.0,False,reach
Megatron-310B-like_PP-heavy_TP8_PP16_DP8,reach_only_depth_is_costly,medium,medium,TP2-PP3-DP2,,7.6,10.0,False,reach
Megatron-310B-like_PP-heavy_TP8_PP16_DP8,reach_only_depth_is_costly,medium,medium,TP2-PP3-DP3,1.7335611506159998,9.6,10.0,True,
Megatron-310B-like_PP-heavy_TP8_PP16_DP8,reach_only_depth_is_costly,medium,medium,TP3-PP1-DP1,,6.6,10.0,False,reach
Megatron-310B-like_PP-heavy_TP8_PP16_DP8,reach_only_depth_is_costly,medium,medium,TP3-PP1-DP2,,7.6,10.0,False,reach
Megatron-310B-like_PP-heavy_TP8_PP16_DP8,reach_only_depth_is_costly,medium,medium,TP3-PP1-DP3,,9.6,10.0,False,reach
Megatron-310B-like_PP-heavy_TP8_PP16_DP8,reach_only_depth_is_costly,medium,medium,TP3-PP2-DP1,,7.4,10.0,False,reach
Megatron-310B-like_PP-heavy_TP8_PP16_DP8,reach_only_depth_is_costly,medium,medium,TP3-PP2-DP2,,8.4,10.0,False,reach
Megatron-310B-like_PP-heavy_TP8_PP16_DP8,reach_only_depth_is_costly,medium,medium,TP3-PP2-DP3,,10.4,10.0,False,reach
Megatron-310B-like_PP-heavy_TP8_PP16_DP8,reach_only_depth_is_costly,medium,medium,TP3-PP3-DP1,,9.0,10.0,False,reach
Megatron-310B-like_PP-heavy_TP8_PP16_DP8,reach_only_depth_is_costly,medium,medium,TP3-PP3-DP2,,10.0,10.0,False,reach
Megatron-310B-like_PP-heavy_TP8_PP16_DP8,reach_only_depth_is_costly,medium,medium,TP3-PP3-DP3,2.6191993191919996,12.0,10.0,True,
Megatron-310B-like_PP-heavy_TP8_PP16_DP8,reach_only_depth_is_costly,medium,high,TP1-PP1-DP1,,3.0,2.5,False,reach
Megatron-310B-like_PP-heavy_TP8_PP16_DP8,reach_only_depth_is_costly,medium,high,TP1-PP1-DP2,,4.0,6.0,False,reach
Megatron-310B-like_PP-heavy_TP8_PP16_DP8,reach_only_depth_is_costly,medium,high,TP1-PP1-DP3,,6.0,10.0,False,reach
Megatron-310B-like_PP-heavy_TP8_PP16_DP8,reach_only_depth_is_costly,medium,high,TP1-PP2-DP1,,3.8,6.0,False,reach
Megatron-310B-like_PP-heavy_TP8_PP16_DP8,reach_only_depth_is_costly,medium,high,TP1-PP2-DP2,,4.8,6.0,False,reach
Megatron-310B-like_PP-heavy_TP8_PP16_DP8,reach_only_depth_is_costly,medium,high,TP1-PP2-DP3,,6.8,10.0,False,reach
Megatron-310B-like_PP-heavy_TP8_PP16_DP8,reach_only_depth_is_costly,medium,high,TP1-PP3-DP1,,5.4,10.0,False,reach
Megatron-310B-like_PP-heavy_TP8_PP16_DP8,reach_only_depth_is_costly,medium,high,TP1-PP3-DP2,,6.4,10.0,False,reach
Megatron-310B-like_PP-heavy_TP8_PP16_DP8,reach_only_depth_is_costly,medium,high,TP1-PP3-DP3,1.4473728441839997,8.4,10.0,True,
Megatron-310B-like_PP-heavy_TP8_PP16_DP8,reach_only_depth_is_costly,medium,high,TP2-PP1-DP1,,4.2,6.0,False,reach
Megatron-310B-like_PP-heavy_TP8_PP16_DP8,reach_only_depth_is_costly,medium,high,TP2-PP1-DP2,,5.2,6.0,False,reach
Megatron-310B-like_PP-heavy_TP8_PP16_DP8,reach_only_depth_is_costly,medium,high,TP2-PP1-DP3,,7.2,10.0,False,reach
Megatron-310B-like_PP-heavy_TP8_PP16_DP8,reach_only_depth_is_costly,medium,high,TP2-PP2-DP1,,5.0,6.0,False,reach
Megatron-310B-like_PP-heavy_TP8_PP16_DP8,reach_only_depth_is_costly,medium,high,TP2-PP2-DP2,,6.0,6.0,False,reach
Megatron-310B-like_PP-heavy_TP8_PP16_DP8,reach_only_depth_is_costly,medium,high,TP2-PP2-DP3,,8.0,10.0,False,reach
Megatron-310B-like_PP-heavy_TP8_PP16_DP8,reach_only_depth_is_costly,medium,high,TP2-PP3-DP1,,6.6,10.0,False,reach
Megatron-310B-like_PP-heavy_TP8_PP16_DP8,reach_only_depth_is_costly,medium,high,TP2-PP3-DP2,,7.6,10.0,False,reach
Megatron-310B-like_PP-heavy_TP8_PP16_DP8,reach_only_depth_is_costly,medium,high,TP2-PP3-DP3,1.7335611506159998,9.6,10.0,True,
Megatron-310B-like_PP-heavy_TP8_PP16_DP8,reach_only_depth_is_costly,medium,high,TP3-PP1-DP1,,6.6,10.0,False,reach
Megatron-310B-like_PP-heavy_TP8_PP16_DP8,reach_only_depth_is_costly,medium,high,TP3-PP1-DP2,,7.6,10.0,False,reach
Megatron-310B-like_PP-heavy_TP8_PP16_DP8,reach_only_depth_is_costly,medium,high,TP3-PP1-DP3,,9.6,10.0,False,reach
Megatron-310B-like_PP-heavy_TP8_PP16_DP8,reach_only_depth_is_costly,medium,high,TP3-PP2-DP1,,7.4,10.0,False,reach
Megatron-310B-like_PP-heavy_TP8_PP16_DP8,reach_only_depth_is_costly,medium,high,TP3-PP2-DP2,,8.4,10.0,False,reach
Megatron-310B-like_PP-heavy_TP8_PP16_DP8,reach_only_depth_is_costly,medium,high,TP3-PP2-DP3,,10.4,10.0,False,reach
Megatron-310B-like_PP-heavy_TP8_PP16_DP8,reach_only_depth_is_costly,medium,high,TP3-PP3-DP1,,9.0,10.0,False,reach
Megatron-310B-like_PP-heavy_TP8_PP16_DP8,reach_only_depth_is_costly,medium,high,TP3-PP3-DP2,,10.0,10.0,False,reach
Megatron-310B-like_PP-heavy_TP8_PP16_DP8,reach_only_depth_is_costly,medium,high,TP3-PP3-DP3,2.6191993191919996,12.0,10.0,True,
Megatron-310B-like_PP-heavy_TP8_PP16_DP8,reach_only_depth_is_costly,relaxed,low,TP1-PP1-DP1,,3.0,2.5,False,reach
Megatron-310B-like_PP-heavy_TP8_PP16_DP8,reach_only_depth_is_costly,relaxed,low,TP1-PP1-DP2,,4.0,6.0,False,reach
Megatron-310B-like_PP-heavy_TP8_PP16_DP8,reach_only_depth_is_costly,relaxed,low,TP1-PP1-DP3,,6.0,10.0,False,reach
Megatron-310B-like_PP-heavy_TP8_PP16_DP8,reach_only_depth_is_costly,relaxed,low,TP1-PP2-DP1,,3.8,6.0,False,reach
Megatron-310B-like_PP-heavy_TP8_PP16_DP8,reach_only_depth_is_costly,relaxed,low,TP1-PP2-DP2,,4.8,6.0,False,reach
Megatron-310B-like_PP-heavy_TP8_PP16_DP8,reach_only_depth_is_costly,relaxed,low,TP1-PP2-DP3,,6.8,10.0,False,reach
Megatron-310B-like_PP-heavy_TP8_PP16_DP8,reach_only_depth_is_costly,relaxed,low,TP1-PP3-DP1,,5.4,10.0,False,reach
Megatron-310B-like_PP-heavy_TP8_PP16_DP8,reach_only_depth_is_costly,relaxed,low,TP1-PP3-DP2,,6.4,10.0,False,reach
Megatron-310B-like_PP-heavy_TP8_PP16_DP8,reach_only_depth_is_costly,relaxed,low,TP1-PP3-DP3,,8.4,10.0,False,port
Megatron-310B-like_PP-heavy_TP8_PP16_DP8,reach_only_depth_is_costly,relaxed,low,TP2-PP1-DP1,,4.2,6.0,False,reach
Megatron-310B-like_PP-heavy_TP8_PP16_DP8,reach_only_depth_is_costly,relaxed,low,TP2-PP1-DP2,,5.2,6.0,False,reach
Megatron-310B-like_PP-heavy_TP8_PP16_DP8,reach_only_depth_is_costly,relaxed,low,TP2-PP1-DP3,,7.2,10.0,False,port+reach
Megatron-310B-like_PP-heavy_TP8_PP16_DP8,reach_only_depth_is_costly,relaxed,low,TP2-PP2-DP1,,5.0,6.0,False,reach
Megatron-310B-like_PP-heavy_TP8_PP16_DP8,reach_only_depth_is_costly,relaxed,low,TP2-PP2-DP2,,6.0,6.0,False,reach
Megatron-310B-like_PP-heavy_TP8_PP16_DP8,reach_only_depth_is_costly,relaxed,low,TP2-PP2-DP3,,8.0,10.0,False,port+reach
Megatron-310B-like_PP-heavy_TP8_PP16_DP8,reach_only_depth_is_costly,relaxed,low,TP2-PP3-DP1,,6.6,10.0,False,reach
Megatron-310B-like_PP-heavy_TP8_PP16_DP8,reach_only_depth_is_costly,relaxed,low,TP2-PP3-DP2,,7.6,10.0,False,port+reach
Megatron-310B-like_PP-heavy_TP8_PP16_DP8,reach_only_depth_is_costly,relaxed,low,TP2-PP3-DP3,,9.6,10.0,False,port
Megatron-310B-like_PP-heavy_TP8_PP16_DP8,reach_only_depth_is_costly,relaxed,low,TP3-PP1-DP1,,6.6,10.0,False,reach
Megatron-310B-like_PP-heavy_TP8_PP16_DP8,reach_only_depth_is_costly,relaxed,low,TP3-PP1-DP2,,7.6,10.0,False,port+reach
Megatron-310B-like_PP-heavy_TP8_PP16_DP8,reach_only_depth_is_costly,relaxed,low,TP3-PP1-DP3,,9.6,10.0,False,port+reach
Megatron-310B-like_PP-heavy_TP8_PP16_DP8,reach_only_depth_is_costly,relaxed,low,TP3-PP2-DP1,,7.4,10.0,False,port+reach
Megatron-310B-like_PP-heavy_TP8_PP16_DP8,reach_only_depth_is_costly,relaxed,low,TP3-PP2-DP2,,8.4,10.0,False,port+reach
Megatron-310B-like_PP-heavy_TP8_PP16_DP8,reach_only_depth_is_costly,relaxed,low,TP3-PP2-DP3,,10.4,10.0,False,port+reach
Megatron-310B-like_PP-heavy_TP8_PP16_DP8,reach_only_depth_is_costly,relaxed,low,TP3-PP3-DP1,,9.0,10.0,False,port+reach
Megatron-310B-like_PP-heavy_TP8_PP16_DP8,reach_only_depth_is_costly,relaxed,low,TP3-PP3-DP2,,10.0,10.0,False,port+reach
Megatron-310B-like_PP-heavy_TP8_PP16_DP8,reach_only_depth_is_costly,relaxed,low,TP3-PP3-DP3,,12.0,10.0,False,port
Megatron-310B-like_PP-heavy_TP8_PP16_DP8,reach_only_depth_is_costly,relaxed,medium,TP1-PP1-DP1,,3.0,2.5,False,reach
Megatron-310B-like_PP-heavy_TP8_PP16_DP8,reach_only_depth_is_costly,relaxed,medium,TP1-PP1-DP2,,4.0,6.0,False,reach
Megatron-310B-like_PP-heavy_TP8_PP16_DP8,reach_only_depth_is_costly,relaxed,medium,TP1-PP1-DP3,,6.0,10.0,False,reach
Megatron-310B-like_PP-heavy_TP8_PP16_DP8,reach_only_depth_is_costly,relaxed,medium,TP1-PP2-DP1,,3.8,6.0,False,reach
Megatron-310B-like_PP-heavy_TP8_PP16_DP8,reach_only_depth_is_costly,relaxed,medium,TP1-PP2-DP2,,4.8,6.0,False,reach
Megatron-310B-like_PP-heavy_TP8_PP16_DP8,reach_only_depth_is_costly,relaxed,medium,TP1-PP2-DP3,,6.8,10.0,False,reach
Megatron-310B-like_PP-heavy_TP8_PP16_DP8,reach_only_depth_is_costly,relaxed,medium,TP1-PP3-DP1,,5.4,10.0,False,reach
Megatron-310B-like_PP-heavy_TP8_PP16_DP8,reach_only_depth_is_costly,relaxed,medium,TP1-PP3-DP2,,6.4,10.0,False,reach
Megatron-310B-like_PP-heavy_TP8_PP16_DP8,reach_only_depth_is_costly,relaxed,medium,TP1-PP3-DP3,1.4473728441839997,8.4,10.0,True,
Megatron-310B-like_PP-heavy_TP8_PP16_DP8,reach_only_depth_is_costly,relaxed,medium,TP2-PP1-DP1,,4.2,6.0,False,reach
Megatron-310B-like_PP-heavy_TP8_PP16_DP8,reach_only_depth_is_costly,relaxed,medium,TP2-PP1-DP2,,5.2,6.0,False,reach
Megatron-310B-like_PP-heavy_TP8_PP16_DP8,reach_only_depth_is_costly,relaxed,medium,TP2-PP1-DP3,,7.2,10.0,False,reach
Megatron-310B-like_PP-heavy_TP8_PP16_DP8,reach_only_depth_is_costly,relaxed,medium,TP2-PP2-DP1,,5.0,6.0,False,reach
Megatron-310B-like_PP-heavy_TP8_PP16_DP8,reach_only_depth_is_costly,relaxed,medium,TP2-PP2-DP2,,6.0,6.0,False,reach
Megatron-310B-like_PP-heavy_TP8_PP16_DP8,reach_only_depth_is_costly,relaxed,medium,TP2-PP2-DP3,,8.0,10.0,False,reach
Megatron-310B-like_PP-heavy_TP8_PP16_DP8,reach_only_depth_is_costly,relaxed,medium,TP2-PP3-DP1,,6.6,10.0,False,reach
Megatron-310B-like_PP-heavy_TP8_PP16_DP8,reach_only_depth_is_costly,relaxed,medium,TP2-PP3-DP2,,7.6,10.0,False,reach
Megatron-310B-like_PP-heavy_TP8_PP16_DP8,reach_only_depth_is_costly,relaxed,medium,TP2-PP3-DP3,1.7335611506159998,9.6,10.0,True,
Megatron-310B-like_PP-heavy_TP8_PP16_DP8,reach_only_depth_is_costly,relaxed,medium,TP3-PP1-DP1,,6.6,10.0,False,reach
Megatron-310B-like_PP-heavy_TP8_PP16_DP8,reach_only_depth_is_costly,relaxed,medium,TP3-PP1-DP2,,7.6,10.0,False,reach
Megatron-310B-like_PP-heavy_TP8_PP16_DP8,reach_only_depth_is_costly,relaxed,medium,TP3-PP1-DP3,,9.6,10.0,False,reach
Megatron-310B-like_PP-heavy_TP8_PP16_DP8,reach_only_depth_is_costly,relaxed,medium,TP3-PP2-DP1,,7.4,10.0,False,reach
Megatron-310B-like_PP-heavy_TP8_PP16_DP8,reach_only_depth_is_costly,relaxed,medium,TP3-PP2-DP2,,8.4,10.0,False,reach
Megatron-310B-like_PP-heavy_TP8_PP16_DP8,reach_only_depth_is_costly,relaxed,medium,TP3-PP2-DP3,,10.4,10.0,False,reach
Megatron-310B-like_PP-heavy_TP8_PP16_DP8,reach_only_depth_is_costly,relaxed,medium,TP3-PP3-DP1,,9.0,10.0,False,reach
Megatron-310B-like_PP-heavy_TP8_PP16_DP8,reach_only_depth_is_costly,relaxed,medium,TP3-PP3-DP2,,10.0,10.0,False,reach
Megatron-310B-like_PP-heavy_TP8_PP16_DP8,reach_only_depth_is_costly,relaxed,medium,TP3-PP3-DP3,2.6191993191919996,12.0,10.0,True,
Megatron-310B-like_PP-heavy_TP8_PP16_DP8,reach_only_depth_is_costly,relaxed,high,TP1-PP1-DP1,,3.0,2.5,False,reach
Megatron-310B-like_PP-heavy_TP8_PP16_DP8,reach_only_depth_is_costly,relaxed,high,TP1-PP1-DP2,,4.0,6.0,False,reach
Megatron-310B-like_PP-heavy_TP8_PP16_DP8,reach_only_depth_is_costly,relaxed,high,TP1-PP1-DP3,,6.0,10.0,False,reach
Megatron-310B-like_PP-heavy_TP8_PP16_DP8,reach_only_depth_is_costly,relaxed,high,TP1-PP2-DP1,,3.8,6.0,False,reach
Megatron-310B-like_PP-heavy_TP8_PP16_DP8,reach_only_depth_is_costly,relaxed,high,TP1-PP2-DP2,,4.8,6.0,False,reach
Megatron-310B-like_PP-heavy_TP8_PP16_DP8,reach_only_depth_is_costly,relaxed,high,TP1-PP2-DP3,,6.8,10.0,False,reach
Megatron-310B-like_PP-heavy_TP8_PP16_DP8,reach_only_depth_is_costly,relaxed,high,TP1-PP3-DP1,,5.4,10.0,False,reach
Megatron-310B-like_PP-heavy_TP8_PP16_DP8,reach_only_depth_is_costly,relaxed,high,TP1-PP3-DP2,,6.4,10.0,False,reach
Megatron-310B-like_PP-heavy_TP8_PP16_DP8,reach_only_depth_is_costly,relaxed,high,TP1-PP3-DP3,1.4473728441839997,8.4,10.0,True,
Megatron-310B-like_PP-heavy_TP8_PP16_DP8,reach_only_depth_is_costly,relaxed,high,TP2-PP1-DP1,,4.2,6.0,False,reach
Megatron-310B-like_PP-heavy_TP8_PP16_DP8,reach_only_depth_is_costly,relaxed,high,TP2-PP1-DP2,,5.2,6.0,False,reach
Megatron-310B-like_PP-heavy_TP8_PP16_DP8,reach_only_depth_is_costly,relaxed,high,TP2-PP1-DP3,,7.2,10.0,False,reach
Megatron-310B-like_PP-heavy_TP8_PP16_DP8,reach_only_depth_is_costly,relaxed,high,TP2-PP2-DP1,,5.0,6.0,False,reach
Megatron-310B-like_PP-heavy_TP8_PP16_DP8,reach_only_depth_is_costly,relaxed,high,TP2-PP2-DP2,,6.0,6.0,False,reach
Megatron-310B-like_PP-heavy_TP8_PP16_DP8,reach_only_depth_is_costly,relaxed,high,TP2-PP2-DP3,,8.0,10.0,False,reach
Megatron-310B-like_PP-heavy_TP8_PP16_DP8,reach_only_depth_is_costly,relaxed,high,TP2-PP3-DP1,,6.6,10.0,False,reach
Megatron-310B-like_PP-heavy_TP8_PP16_DP8,reach_only_depth_is_costly,relaxed,high,TP2-PP3-DP2,,7.6,10.0,False,reach
Megatron-310B-like_PP-heavy_TP8_PP16_DP8,reach_only_depth_is_costly,relaxed,high,TP2-PP3-DP3,1.7335611506159998,9.6,10.0,True,
Megatron-310B-like_PP-heavy_TP8_PP16_DP8,reach_only_depth_is_costly,relaxed,high,TP3-PP1-DP1,,6.6,10.0,False,reach
Megatron-310B-like_PP-heavy_TP8_PP16_DP8,reach_only_depth_is_costly,relaxed,high,TP3-PP1-DP2,,7.6,10.0,False,reach
Megatron-310B-like_PP-heavy_TP8_PP16_DP8,reach_only_depth_is_costly,relaxed,high,TP3-PP1-DP3,,9.6,10.0,False,reach
Megatron-310B-like_PP-heavy_TP8_PP16_DP8,reach_only_depth_is_costly,relaxed,high,TP3-PP2-DP1,,7.4,10.0,False,reach
Megatron-310B-like_PP-heavy_TP8_PP16_DP8,reach_only_depth_is_costly,relaxed,high,TP3-PP2-DP2,,8.4,10.0,False,reach
Megatron-310B-like_PP-heavy_TP8_PP16_DP8,reach_only_depth_is_costly,relaxed,high,TP3-PP2-DP3,,10.4,10.0,False,reach
Megatron-310B-like_PP-heavy_TP8_PP16_DP8,reach_only_depth_is_costly,relaxed,high,TP3-PP3-DP1,,9.0,10.0,False,reach
Megatron-310B-like_PP-heavy_TP8_PP16_DP8,reach_only_depth_is_costly,relaxed,high,TP3-PP3-DP2,,10.0,10.0,False,reach
Megatron-310B-like_PP-heavy_TP8_PP16_DP8,reach_only_depth_is_costly,relaxed,high,TP3-PP3-DP3,2.6191993191919996,12.0,10.0,True,
Megatron-310B-like_PP-heavy_TP8_PP16_DP8,extra_parallelism_bandwidth_steering,strict,low,TP1-PP1-DP1,,3.0,2.5,False,reach
Megatron-310B-like_PP-heavy_TP8_PP16_DP8,extra_parallelism_bandwidth_steering,strict,low,TP1-PP1-DP2,,5.0,6.5,False,reach
Megatron-310B-like_PP-heavy_TP8_PP16_DP8,extra_parallelism_bandwidth_steering,strict,low,TP1-PP1-DP3,,8.0,10.5,False,loss+port+reach
Megatron-310B-like_PP-heavy_TP8_PP16_DP8,extra_parallelism_bandwidth_steering,strict,low,TP1-PP2-DP1,,4.6000000000000005,6.5,False,reach
Megatron-310B-like_PP-heavy_TP8_PP16_DP8,extra_parallelism_bandwidth_steering,strict,low,TP1-PP2-DP2,,6.6000000000000005,6.5,False,reach
Megatron-310B-like_PP-heavy_TP8_PP16_DP8,extra_parallelism_bandwidth_steering,strict,low,TP1-PP2-DP3,,9.600000000000001,10.5,False,loss+port+reach
Megatron-310B-like_PP-heavy_TP8_PP16_DP8,extra_parallelism_bandwidth_steering,strict,low,TP1-PP3-DP1,,7.000000000000001,10.5,False,loss+port+reach
Megatron-310B-like_PP-heavy_TP8_PP16_DP8,extra_parallelism_bandwidth_steering,strict,low,TP1-PP3-DP2,,9.0,10.5,False,loss+port+reach
Megatron-310B-like_PP-heavy_TP8_PP16_DP8,extra_parallelism_bandwidth_steering,strict,low,TP1-PP3-DP3,,12.0,10.5,False,loss+port
Megatron-310B-like_PP-heavy_TP8_PP16_DP8,extra_parallelism_bandwidth_steering,strict,low,TP2-PP1-DP1,,5.3999999999999995,6.5,False,reach
Megatron-310B-like_PP-heavy_TP8_PP16_DP8,extra_parallelism_bandwidth_steering,strict,low,TP2-PP1-DP2,,7.3999999999999995,6.5,False,port+reach
Megatron-310B-like_PP-heavy_TP8_PP16_DP8,extra_parallelism_bandwidth_steering,strict,low,TP2-PP1-DP3,,10.399999999999999,10.5,False,loss+port+reach
Megatron-310B-like_PP-heavy_TP8_PP16_DP8,extra_parallelism_bandwidth_steering,strict,low,TP2-PP2-DP1,,7.0,6.5,False,reach
Megatron-310B-like_PP-heavy_TP8_PP16_DP8,extra_parallelism_bandwidth_steering,strict,low,TP2-PP2-DP2,,9.0,6.5,False,port+reach
Megatron-310B-like_PP-heavy_TP8_PP16_DP8,extra_parallelism_bandwidth_steering,strict,low,TP2-PP2-DP3,,12.0,10.5,False,loss+port+reach
Megatron-310B-like_PP-heavy_TP8_PP16_DP8,extra_parallelism_bandwidth_steering,strict,low,TP2-PP3-DP1,,9.4,10.5,False,loss+port+reach
Megatron-310B-like_PP-heavy_TP8_PP16_DP8,extra_parallelism_bandwidth_steering,strict,low,TP2-PP3-DP2,,11.4,10.5,False,loss+port+reach
Megatron-310B-like_PP-heavy_TP8_PP16_DP8,extra_parallelism_bandwidth_steering,strict,low,TP2-PP3-DP3,,14.4,10.5,False,loss+port
Megatron-310B-like_PP-heavy_TP8_PP16_DP8,extra_parallelism_bandwidth_steering,strict,low,TP3-PP1-DP1,,9.0,10.5,False,loss+port+reach
Megatron-310B-like_PP-heavy_TP8_PP16_DP8,extra_parallelism_bandwidth_steering,strict,low,TP3-PP1-DP2,,11.0,10.5,False,loss+port+reach
Megatron-310B-like_PP-heavy_TP8_PP16_DP8,extra_parallelism_bandwidth_steering,strict,low,TP3-PP1-DP3,,14.0,10.5,False,loss+port+reach
Megatron-310B-like_PP-heavy_TP8_PP16_DP8,extra_parallelism_bandwidth_steering,strict,low,TP3-PP2-DP1,,10.6,10.5,False,loss+port+reach
Megatron-310B-like_PP-heavy_TP8_PP16_DP8,extra_parallelism_bandwidth_steering,strict,low,TP3-PP2-DP2,,12.6,10.5,False,loss+port+reach
Megatron-310B-like_PP-heavy_TP8_PP16_DP8,extra_parallelism_bandwidth_steering,strict,low,TP3-PP2-DP3,,15.6,10.5,False,loss+port+reach
Megatron-310B-like_PP-heavy_TP8_PP16_DP8,extra_parallelism_bandwidth_steering,strict,low,TP3-PP3-DP1,,13.0,10.5,False,loss+port+reach
Megatron-310B-like_PP-heavy_TP8_PP16_DP8,extra_parallelism_bandwidth_steering,strict,low,TP3-PP3-DP2,,15.0,10.5,False,loss+port+reach
Megatron-310B-like_PP-heavy_TP8_PP16_DP8,extra_parallelism_bandwidth_steering,strict,low,TP3-PP3-DP3,,18.0,10.5,False,loss+port
Megatron-310B-like_PP-heavy_TP8_PP16_DP8,extra_parallelism_bandwidth_steering,strict,medium,TP1-PP1-DP1,,3.0,2.5,False,reach
Megatron-310B-like_PP-heavy_TP8_PP16_DP8,extra_parallelism_bandwidth_steering,strict,medium,TP1-PP1-DP2,,5.0,6.5,False,reach
Megatron-310B-like_PP-heavy_TP8_PP16_DP8,extra_parallelism_bandwidth_steering,strict,medium,TP1-PP1-DP3,,8.0,10.5,False,loss+reach
Megatron-310B-like_PP-heavy_TP8_PP16_DP8,extra_parallelism_bandwidth_steering,strict,medium,TP1-PP2-DP1,,4.6000000000000005,6.5,False,reach
Megatron-310B-like_PP-heavy_TP8_PP16_DP8,extra_parallelism_bandwidth_steering,strict,medium,TP1-PP2-DP2,,6.6000000000000005,6.5,False,reach
Megatron-310B-like_PP-heavy_TP8_PP16_DP8,extra_parallelism_bandwidth_steering,strict,medium,TP1-PP2-DP3,,9.600000000000001,10.5,False,loss+reach
Megatron-310B-like_PP-heavy_TP8_PP16_DP8,extra_parallelism_bandwidth_steering,strict,medium,TP1-PP3-DP1,,7.000000000000001,10.5,False,loss+reach
Megatron-310B-like_PP-heavy_TP8_PP16_DP8,extra_parallelism_bandwidth_steering,strict,medium,TP1-PP3-DP2,,9.0,10.5,False,loss+reach
Megatron-310B-like_PP-heavy_TP8_PP16_DP8,extra_parallelism_bandwidth_steering,strict,medium,TP1-PP3-DP3,,12.0,10.5,False,loss
Megatron-310B-like_PP-heavy_TP8_PP16_DP8,extra_parallelism_bandwidth_steering,strict,medium,TP2-PP1-DP1,,5.3999999999999995,6.5,False,reach
Megatron-310B-like_PP-heavy_TP8_PP16_DP8,extra_parallelism_bandwidth_steering,strict,medium,TP2-PP1-DP2,,7.3999999999999995,6.5,False,reach
Megatron-310B-like_PP-heavy_TP8_PP16_DP8,extra_parallelism_bandwidth_steering,strict,medium,TP2-PP1-DP3,,10.399999999999999,10.5,False,loss+reach
Megatron-310B-like_PP-heavy_TP8_PP16_DP8,extra_parallelism_bandwidth_steering,strict,medium,TP2-PP2-DP1,,7.0,6.5,False,reach
Megatron-310B-like_PP-heavy_TP8_PP16_DP8,extra_parallelism_bandwidth_steering,strict,medium,TP2-PP2-DP2,,9.0,6.5,False,reach
Megatron-310B-like_PP-heavy_TP8_PP16_DP8,extra_parallelism_bandwidth_steering,strict,medium,TP2-PP2-DP3,,12.0,10.5,False,loss+reach
Megatron-310B-like_PP-heavy_TP8_PP16_DP8,extra_parallelism_bandwidth_steering,strict,medium,TP2-PP3-DP1,,9.4,10.5,False,loss+reach
Megatron-310B-like_PP-heavy_TP8_PP16_DP8,extra_parallelism_bandwidth_steering,strict,medium,TP2-PP3-DP2,,11.4,10.5,False,loss+reach
Megatron-310B-like_PP-heavy_TP8_PP16_DP8,extra_parallelism_bandwidth_steering,strict,medium,TP2-PP3-DP3,,14.4,10.5,False,loss+port
Megatron-310B-like_PP-heavy_TP8_PP16_DP8,extra_parallelism_bandwidth_steering,strict,medium,TP3-PP1-DP1,,9.0,10.5,False,loss+reach
Megatron-310B-like_PP-heavy_TP8_PP16_DP8,extra_parallelism_bandwidth_steering,strict,medium,TP3-PP1-DP2,,11.0,10.5,False,loss+reach
Megatron-310B-like_PP-heavy_TP8_PP16_DP8,extra_parallelism_bandwidth_steering,strict,medium,TP3-PP1-DP3,,14.0,10.5,False,loss+port+reach
Megatron-310B-like_PP-heavy_TP8_PP16_DP8,extra_parallelism_bandwidth_steering,strict,medium,TP3-PP2-DP1,,10.6,10.5,False,loss+reach
Megatron-310B-like_PP-heavy_TP8_PP16_DP8,extra_parallelism_bandwidth_steering,strict,medium,TP3-PP2-DP2,,12.6,10.5,False,loss+port+reach
Megatron-310B-like_PP-heavy_TP8_PP16_DP8,extra_parallelism_bandwidth_steering,strict,medium,TP3-PP2-DP3,,15.6,10.5,False,loss+port+reach
Megatron-310B-like_PP-heavy_TP8_PP16_DP8,extra_parallelism_bandwidth_steering,strict,medium,TP3-PP3-DP1,,13.0,10.5,False,loss+port+reach
Megatron-310B-like_PP-heavy_TP8_PP16_DP8,extra_parallelism_bandwidth_steering,strict,medium,TP3-PP3-DP2,,15.0,10.5,False,loss+port+reach
Megatron-310B-like_PP-heavy_TP8_PP16_DP8,extra_parallelism_bandwidth_steering,strict,medium,TP3-PP3-DP3,,18.0,10.5,False,loss+port
Megatron-310B-like_PP-heavy_TP8_PP16_DP8,extra_parallelism_bandwidth_steering,strict,high,TP1-PP1-DP1,,3.0,2.5,False,reach
Megatron-310B-like_PP-heavy_TP8_PP16_DP8,extra_parallelism_bandwidth_steering,strict,high,TP1-PP1-DP2,,5.0,6.5,False,reach
Megatron-310B-like_PP-heavy_TP8_PP16_DP8,extra_parallelism_bandwidth_steering,strict,high,TP1-PP1-DP3,,8.0,10.5,False,loss+reach
Megatron-310B-like_PP-heavy_TP8_PP16_DP8,extra_parallelism_bandwidth_steering,strict,high,TP1-PP2-DP1,,4.6000000000000005,6.5,False,reach
Megatron-310B-like_PP-heavy_TP8_PP16_DP8,extra_parallelism_bandwidth_steering,strict,high,TP1-PP2-DP2,,6.6000000000000005,6.5,False,reach
Megatron-310B-like_PP-heavy_TP8_PP16_DP8,extra_parallelism_bandwidth_steering,strict,high,TP1-PP2-DP3,,9.600000000000001,10.5,False,loss+reach
Megatron-310B-like_PP-heavy_TP8_PP16_DP8,extra_parallelism_bandwidth_steering,strict,high,TP1-PP3-DP1,,7.000000000000001,10.5,False,loss+reach
Megatron-310B-like_PP-heavy_TP8_PP16_DP8,extra_parallelism_bandwidth_steering,strict,high,TP1-PP3-DP2,,9.0,10.5,False,loss+reach
Megatron-310B-like_PP-heavy_TP8_PP16_DP8,extra_parallelism_bandwidth_steering,strict,high,TP1-PP3-DP3,,12.0,10.5,False,loss
Megatron-310B-like_PP-heavy_TP8_PP16_DP8,extra_parallelism_bandwidth_steering,strict,high,TP2-PP1-DP1,,5.3999999999999995,6.5,False,reach
Megatron-310B-like_PP-heavy_TP8_PP16_DP8,extra_parallelism_bandwidth_steering,strict,high,TP2-PP1-DP2,,7.3999999999999995,6.5,False,reach
Megatron-310B-like_PP-heavy_TP8_PP16_DP8,extra_parallelism_bandwidth_steering,strict,high,TP2-PP1-DP3,,10.399999999999999,10.5,False,loss+reach
Megatron-310B-like_PP-heavy_TP8_PP16_DP8,extra_parallelism_bandwidth_steering,strict,high,TP2-PP2-DP1,,7.0,6.5,False,reach
Megatron-310B-like_PP-heavy_TP8_PP16_DP8,extra_parallelism_bandwidth_steering,strict,high,TP2-PP2-DP2,,9.0,6.5,False,reach
Megatron-310B-like_PP-heavy_TP8_PP16_DP8,extra_parallelism_bandwidth_steering,strict,high,TP2-PP2-DP3,,12.0,10.5,False,loss+reach
Megatron-310B-like_PP-heavy_TP8_PP16_DP8,extra_parallelism_bandwidth_steering,strict,high,TP2-PP3-DP1,,9.4,10.5,False,loss+reach
Megatron-310B-like_PP-heavy_TP8_PP16_DP8,extra_parallelism_bandwidth_steering,strict,high,TP2-PP3-DP2,,11.4,10.5,False,loss+reach
Megatron-310B-like_PP-heavy_TP8_PP16_DP8,extra_parallelism_bandwidth_steering,strict,high,TP2-PP3-DP3,,14.4,10.5,False,loss
Megatron-310B-like_PP-heavy_TP8_PP16_DP8,extra_parallelism_bandwidth_steering,strict,high,TP3-PP1-DP1,,9.0,10.5,False,loss+reach
Megatron-310B-like_PP-heavy_TP8_PP16_DP8,extra_parallelism_bandwidth_steering,strict,high,TP3-PP1-DP2,,11.0,10.5,False,loss+reach
Megatron-310B-like_PP-heavy_TP8_PP16_DP8,extra_parallelism_bandwidth_steering,strict,high,TP3-PP1-DP3,,14.0,10.5,False,loss+reach
Megatron-310B-like_PP-heavy_TP8_PP16_DP8,extra_parallelism_bandwidth_steering,strict,high,TP3-PP2-DP1,,10.6,10.5,False,loss+reach
Megatron-310B-like_PP-heavy_TP8_PP16_DP8,extra_parallelism_bandwidth_steering,strict,high,TP3-PP2-DP2,,12.6,10.5,False,loss+reach
Megatron-310B-like_PP-heavy_TP8_PP16_DP8,extra_parallelism_bandwidth_steering,strict,high,TP3-PP2-DP3,,15.6,10.5,False,loss+reach
Megatron-310B-like_PP-heavy_TP8_PP16_DP8,extra_parallelism_bandwidth_steering,strict,high,TP3-PP3-DP1,,13.0,10.5,False,loss+reach
Megatron-310B-like_PP-heavy_TP8_PP16_DP8,extra_parallelism_bandwidth_steering,strict,high,TP3-PP3-DP2,,15.0,10.5,False,loss+reach
Megatron-310B-like_PP-heavy_TP8_PP16_DP8,extra_parallelism_bandwidth_steering,strict,high,TP3-PP3-DP3,,18.0,10.5,False,loss
Megatron-310B-like_PP-heavy_TP8_PP16_DP8,extra_parallelism_bandwidth_steering,medium,low,TP1-PP1-DP1,,3.0,2.5,False,reach
Megatron-310B-like_PP-heavy_TP8_PP16_DP8,extra_parallelism_bandwidth_steering,medium,low,TP1-PP1-DP2,,5.0,6.5,False,reach
Megatron-310B-like_PP-heavy_TP8_PP16_DP8,extra_parallelism_bandwidth_steering,medium,low,TP1-PP1-DP3,,8.0,10.5,False,port+reach
Megatron-310B-like_PP-heavy_TP8_PP16_DP8,extra_parallelism_bandwidth_steering,medium,low,TP1-PP2-DP1,,4.6000000000000005,6.5,False,reach
Megatron-310B-like_PP-heavy_TP8_PP16_DP8,extra_parallelism_bandwidth_steering,medium,low,TP1-PP2-DP2,,6.6000000000000005,6.5,False,reach
Megatron-310B-like_PP-heavy_TP8_PP16_DP8,extra_parallelism_bandwidth_steering,medium,low,TP1-PP2-DP3,,9.600000000000001,10.5,False,port+reach
Megatron-310B-like_PP-heavy_TP8_PP16_DP8,extra_parallelism_bandwidth_steering,medium,low,TP1-PP3-DP1,,7.000000000000001,10.5,False,port+reach
Megatron-310B-like_PP-heavy_TP8_PP16_DP8,extra_parallelism_bandwidth_steering,medium,low,TP1-PP3-DP2,,9.0,10.5,False,port+reach
Megatron-310B-like_PP-heavy_TP8_PP16_DP8,extra_parallelism_bandwidth_steering,medium,low,TP1-PP3-DP3,,12.0,10.5,False,port
Megatron-310B-like_PP-heavy_TP8_PP16_DP8,extra_parallelism_bandwidth_steering,medium,low,TP2-PP1-DP1,,5.3999999999999995,6.5,False,reach
Megatron-310B-like_PP-heavy_TP8_PP16_DP8,extra_parallelism_bandwidth_steering,medium,low,TP2-PP1-DP2,,7.3999999999999995,6.5,False,port+reach
Megatron-310B-like_PP-heavy_TP8_PP16_DP8,extra_parallelism_bandwidth_steering,medium,low,TP2-PP1-DP3,,10.399999999999999,10.5,False,port+reach
Megatron-310B-like_PP-heavy_TP8_PP16_DP8,extra_parallelism_bandwidth_steering,medium,low,TP2-PP2-DP1,,7.0,6.5,False,reach
Megatron-310B-like_PP-heavy_TP8_PP16_DP8,extra_parallelism_bandwidth_steering,medium,low,TP2-PP2-DP2,,9.0,6.5,False,port+reach
Megatron-310B-like_PP-heavy_TP8_PP16_DP8,extra_parallelism_bandwidth_steering,medium,low,TP2-PP2-DP3,,12.0,10.5,False,port+reach
Megatron-310B-like_PP-heavy_TP8_PP16_DP8,extra_parallelism_bandwidth_steering,medium,low,TP2-PP3-DP1,,9.4,10.5,False,port+reach
Megatron-310B-like_PP-heavy_TP8_PP16_DP8,extra_parallelism_bandwidth_steering,medium,low,TP2-PP3-DP2,,11.4,10.5,False,port+reach
Megatron-310B-like_PP-heavy_TP8_PP16_DP8,extra_parallelism_bandwidth_steering,medium,low,TP2-PP3-DP3,,14.4,10.5,False,port
Megatron-310B-like_PP-heavy_TP8_PP16_DP8,extra_parallelism_bandwidth_steering,medium,low,TP3-PP1-DP1,,9.0,10.5,False,port+reach
Megatron-310B-like_PP-heavy_TP8_PP16_DP8,extra_parallelism_bandwidth_steering,medium,low,TP3-PP1-DP2,,11.0,10.5,False,port+reach
Megatron-310B-like_PP-heavy_TP8_PP16_DP8,extra_parallelism_bandwidth_steering,medium,low,TP3-PP1-DP3,,14.0,10.5,False,port+reach
Megatron-310B-like_PP-heavy_TP8_PP16_DP8,extra_parallelism_bandwidth_steering,medium,low,TP3-PP2-DP1,,10.6,10.5,False,port+reach
Megatron-310B-like_PP-heavy_TP8_PP16_DP8,extra_parallelism_bandwidth_steering,medium,low,TP3-PP2-DP2,,12.6,10.5,False,port+reach
Megatron-310B-like_PP-heavy_TP8_PP16_DP8,extra_parallelism_bandwidth_steering,medium,low,TP3-PP2-DP3,,15.6,10.5,False,port+reach
Megatron-310B-like_PP-heavy_TP8_PP16_DP8,extra_parallelism_bandwidth_steering,medium,low,TP3-PP3-DP1,,13.0,10.5,False,port+reach
Megatron-310B-like_PP-heavy_TP8_PP16_DP8,extra_parallelism_bandwidth_steering,medium,low,TP3-PP3-DP2,,15.0,10.5,False,port+reach
Megatron-310B-like_PP-heavy_TP8_PP16_DP8,extra_parallelism_bandwidth_steering,medium,low,TP3-PP3-DP3,,18.0,10.5,False,port
Megatron-310B-like_PP-heavy_TP8_PP16_DP8,extra_parallelism_bandwidth_steering,medium,medium,TP1-PP1-DP1,,3.0,2.5,False,reach
Megatron-310B-like_PP-heavy_TP8_PP16_DP8,extra_parallelism_bandwidth_steering,medium,medium,TP1-PP1-DP2,,5.0,6.5,False,reach
Megatron-310B-like_PP-heavy_TP8_PP16_DP8,extra_parallelism_bandwidth_steering,medium,medium,TP1-PP1-DP3,,8.0,10.5,False,reach
Megatron-310B-like_PP-heavy_TP8_PP16_DP8,extra_parallelism_bandwidth_steering,medium,medium,TP1-PP2-DP1,,4.6000000000000005,6.5,False,reach
Megatron-310B-like_PP-heavy_TP8_PP16_DP8,extra_parallelism_bandwidth_steering,medium,medium,TP1-PP2-DP2,,6.6000000000000005,6.5,False,reach
Megatron-310B-like_PP-heavy_TP8_PP16_DP8,extra_parallelism_bandwidth_steering,medium,medium,TP1-PP2-DP3,,9.600000000000001,10.5,False,reach
Megatron-310B-like_PP-heavy_TP8_PP16_DP8,extra_parallelism_bandwidth_steering,medium,medium,TP1-PP3-DP1,,7.000000000000001,10.5,False,reach
Megatron-310B-like_PP-heavy_TP8_PP16_DP8,extra_parallelism_bandwidth_steering,medium,medium,TP1-PP3-DP2,,9.0,10.5,False,reach
Megatron-310B-like_PP-heavy_TP8_PP16_DP8,extra_parallelism_bandwidth_steering,medium,medium,TP1-PP3-DP3,1.794531569612,12.0,10.5,True,
Megatron-310B-like_PP-heavy_TP8_PP16_DP8,extra_parallelism_bandwidth_steering,medium,medium,TP2-PP1-DP1,,5.3999999999999995,6.5,False,reach
Megatron-310B-like_PP-heavy_TP8_PP16_DP8,extra_parallelism_bandwidth_steering,medium,medium,TP2-PP1-DP2,,7.3999999999999995,6.5,False,reach
Megatron-310B-like_PP-heavy_TP8_PP16_DP8,extra_parallelism_bandwidth_steering,medium,medium,TP2-PP1-DP3,,10.399999999999999,10.5,False,reach
Megatron-310B-like_PP-heavy_TP8_PP16_DP8,extra_parallelism_bandwidth_steering,medium,medium,TP2-PP2-DP1,,7.0,6.5,False,reach
Megatron-310B-like_PP-heavy_TP8_PP16_DP8,extra_parallelism_bandwidth_steering,medium,medium,TP2-PP2-DP2,,9.0,6.5,False,reach
Megatron-310B-like_PP-heavy_TP8_PP16_DP8,extra_parallelism_bandwidth_steering,medium,medium,TP2-PP2-DP3,,12.0,10.5,False,reach
Megatron-310B-like_PP-heavy_TP8_PP16_DP8,extra_parallelism_bandwidth_steering,medium,medium,TP2-PP3-DP1,,9.4,10.5,False,reach
Megatron-310B-like_PP-heavy_TP8_PP16_DP8,extra_parallelism_bandwidth_steering,medium,medium,TP2-PP3-DP2,,11.4,10.5,False,reach
Megatron-310B-like_PP-heavy_TP8_PP16_DP8,extra_parallelism_bandwidth_steering,medium,medium,TP2-PP3-DP3,,14.4,10.5,False,port
Megatron-310B-like_PP-heavy_TP8_PP16_DP8,extra_parallelism_bandwidth_steering,medium,medium,TP3-PP1-DP1,,9.0,10.5,False,reach
Megatron-310B-like_PP-heavy_TP8_PP16_DP8,extra_parallelism_bandwidth_steering,medium,medium,TP3-PP1-DP2,,11.0,10.5,False,reach
Megatron-310B-like_PP-heavy_TP8_PP16_DP8,extra_parallelism_bandwidth_steering,medium,medium,TP3-PP1-DP3,,14.0,10.5,False,port+reach
Megatron-310B-like_PP-heavy_TP8_PP16_DP8,extra_parallelism_bandwidth_steering,medium,medium,TP3-PP2-DP1,,10.6,10.5,False,reach
Megatron-310B-like_PP-heavy_TP8_PP16_DP8,extra_parallelism_bandwidth_steering,medium,medium,TP3-PP2-DP2,,12.6,10.5,False,port+reach
Megatron-310B-like_PP-heavy_TP8_PP16_DP8,extra_parallelism_bandwidth_steering,medium,medium,TP3-PP2-DP3,,15.6,10.5,False,port+reach
Megatron-310B-like_PP-heavy_TP8_PP16_DP8,extra_parallelism_bandwidth_steering,medium,medium,TP3-PP3-DP1,,13.0,10.5,False,port+reach
Megatron-310B-like_PP-heavy_TP8_PP16_DP8,extra_parallelism_bandwidth_steering,medium,medium,TP3-PP3-DP2,,15.0,10.5,False,port+reach
Megatron-310B-like_PP-heavy_TP8_PP16_DP8,extra_parallelism_bandwidth_steering,medium,medium,TP3-PP3-DP3,,18.0,10.5,False,port
Megatron-310B-like_PP-heavy_TP8_PP16_DP8,extra_parallelism_bandwidth_steering,medium,high,TP1-PP1-DP1,,3.0,2.5,False,reach
Megatron-310B-like_PP-heavy_TP8_PP16_DP8,extra_parallelism_bandwidth_steering,medium,high,TP1-PP1-DP2,,5.0,6.5,False,reach
Megatron-310B-like_PP-heavy_TP8_PP16_DP8,extra_parallelism_bandwidth_steering,medium,high,TP1-PP1-DP3,,8.0,10.5,False,reach
Megatron-310B-like_PP-heavy_TP8_PP16_DP8,extra_parallelism_bandwidth_steering,medium,high,TP1-PP2-DP1,,4.6000000000000005,6.5,False,reach
Megatron-310B-like_PP-heavy_TP8_PP16_DP8,extra_parallelism_bandwidth_steering,medium,high,TP1-PP2-DP2,,6.6000000000000005,6.5,False,reach
Megatron-310B-like_PP-heavy_TP8_PP16_DP8,extra_parallelism_bandwidth_steering,medium,high,TP1-PP2-DP3,,9.600000000000001,10.5,False,reach
Megatron-310B-like_PP-heavy_TP8_PP16_DP8,extra_parallelism_bandwidth_steering,medium,high,TP1-PP3-DP1,,7.000000000000001,10.5,False,reach
Megatron-310B-like_PP-heavy_TP8_PP16_DP8,extra_parallelism_bandwidth_steering,medium,high,TP1-PP3-DP2,,9.0,10.5,False,reach
Megatron-310B-like_PP-heavy_TP8_PP16_DP8,extra_parallelism_bandwidth_steering,medium,high,TP1-PP3-DP3,1.794531569612,12.0,10.5,True,
Megatron-310B-like_PP-heavy_TP8_PP16_DP8,extra_parallelism_bandwidth_steering,medium,high,TP2-PP1-DP1,,5.3999999999999995,6.5,False,reach
Megatron-310B-like_PP-heavy_TP8_PP16_DP8,extra_parallelism_bandwidth_steering,medium,high,TP2-PP1-DP2,,7.3999999999999995,6.5,False,reach
Megatron-310B-like_PP-heavy_TP8_PP16_DP8,extra_parallelism_bandwidth_steering,medium,high,TP2-PP1-DP3,,10.399999999999999,10.5,False,reach
Megatron-310B-like_PP-heavy_TP8_PP16_DP8,extra_parallelism_bandwidth_steering,medium,high,TP2-PP2-DP1,,7.0,6.5,False,reach
Megatron-310B-like_PP-heavy_TP8_PP16_DP8,extra_parallelism_bandwidth_steering,medium,high,TP2-PP2-DP2,,9.0,6.5,False,reach
Megatron-310B-like_PP-heavy_TP8_PP16_DP8,extra_parallelism_bandwidth_steering,medium,high,TP2-PP2-DP3,,12.0,10.5,False,reach
Megatron-310B-like_PP-heavy_TP8_PP16_DP8,extra_parallelism_bandwidth_steering,medium,high,TP2-PP3-DP1,,9.4,10.5,False,reach
Megatron-310B-like_PP-heavy_TP8_PP16_DP8,extra_parallelism_bandwidth_steering,medium,high,TP2-PP3-DP2,,11.4,10.5,False,reach
Megatron-310B-like_PP-heavy_TP8_PP16_DP8,extra_parallelism_bandwidth_steering,medium,high,TP2-PP3-DP3,1.3391221896013332,14.4,10.5,True,
Megatron-310B-like_PP-heavy_TP8_PP16_DP8,extra_parallelism_bandwidth_steering,medium,high,TP3-PP1-DP1,,9.0,10.5,False,reach
Megatron-310B-like_PP-heavy_TP8_PP16_DP8,extra_parallelism_bandwidth_steering,medium,high,TP3-PP1-DP2,,11.0,10.5,False,reach
Megatron-310B-like_PP-heavy_TP8_PP16_DP8,extra_parallelism_bandwidth_steering,medium,high,TP3-PP1-DP3,,14.0,10.5,False,reach
Megatron-310B-like_PP-heavy_TP8_PP16_DP8,extra_parallelism_bandwidth_steering,medium,high,TP3-PP2-DP1,,10.6,10.5,False,reach
Megatron-310B-like_PP-heavy_TP8_PP16_DP8,extra_parallelism_bandwidth_steering,medium,high,TP3-PP2-DP2,,12.6,10.5,False,reach
Megatron-310B-like_PP-heavy_TP8_PP16_DP8,extra_parallelism_bandwidth_steering,medium,high,TP3-PP2-DP3,,15.6,10.5,False,reach
Megatron-310B-like_PP-heavy_TP8_PP16_DP8,extra_parallelism_bandwidth_steering,medium,high,TP3-PP3-DP1,,13.0,10.5,False,reach
Megatron-310B-like_PP-heavy_TP8_PP16_DP8,extra_parallelism_bandwidth_steering,medium,high,TP3-PP3-DP2,,15.0,10.5,False,reach
Megatron-310B-like_PP-heavy_TP8_PP16_DP8,extra_parallelism_bandwidth_steering,medium,high,TP3-PP3-DP3,1.7036376595959997,18.0,10.5,True,
Megatron-310B-like_PP-heavy_TP8_PP16_DP8,extra_parallelism_bandwidth_steering,relaxed,low,TP1-PP1-DP1,,3.0,2.5,False,reach
Megatron-310B-like_PP-heavy_TP8_PP16_DP8,extra_parallelism_bandwidth_steering,relaxed,low,TP1-PP1-DP2,,5.0,6.5,False,reach
Megatron-310B-like_PP-heavy_TP8_PP16_DP8,extra_parallelism_bandwidth_steering,relaxed,low,TP1-PP1-DP3,,8.0,10.5,False,port+reach
Megatron-310B-like_PP-heavy_TP8_PP16_DP8,extra_parallelism_bandwidth_steering,relaxed,low,TP1-PP2-DP1,,4.6000000000000005,6.5,False,reach
Megatron-310B-like_PP-heavy_TP8_PP16_DP8,extra_parallelism_bandwidth_steering,relaxed,low,TP1-PP2-DP2,,6.6000000000000005,6.5,False,reach
Megatron-310B-like_PP-heavy_TP8_PP16_DP8,extra_parallelism_bandwidth_steering,relaxed,low,TP1-PP2-DP3,,9.600000000000001,10.5,False,port+reach
Megatron-310B-like_PP-heavy_TP8_PP16_DP8,extra_parallelism_bandwidth_steering,relaxed,low,TP1-PP3-DP1,,7.000000000000001,10.5,False,port+reach
Megatron-310B-like_PP-heavy_TP8_PP16_DP8,extra_parallelism_bandwidth_steering,relaxed,low,TP1-PP3-DP2,,9.0,10.5,False,port+reach
Megatron-310B-like_PP-heavy_TP8_PP16_DP8,extra_parallelism_bandwidth_steering,relaxed,low,TP1-PP3-DP3,,12.0,10.5,False,port
Megatron-310B-like_PP-heavy_TP8_PP16_DP8,extra_parallelism_bandwidth_steering,relaxed,low,TP2-PP1-DP1,,5.3999999999999995,6.5,False,reach
Megatron-310B-like_PP-heavy_TP8_PP16_DP8,extra_parallelism_bandwidth_steering,relaxed,low,TP2-PP1-DP2,,7.3999999999999995,6.5,False,port+reach
Megatron-310B-like_PP-heavy_TP8_PP16_DP8,extra_parallelism_bandwidth_steering,relaxed,low,TP2-PP1-DP3,,10.399999999999999,10.5,False,port+reach
Megatron-310B-like_PP-heavy_TP8_PP16_DP8,extra_parallelism_bandwidth_steering,relaxed,low,TP2-PP2-DP1,,7.0,6.5,False,reach
Megatron-310B-like_PP-heavy_TP8_PP16_DP8,extra_parallelism_bandwidth_steering,relaxed,low,TP2-PP2-DP2,,9.0,6.5,False,port+reach
Megatron-310B-like_PP-heavy_TP8_PP16_DP8,extra_parallelism_bandwidth_steering,relaxed,low,TP2-PP2-DP3,,12.0,10.5,False,port+reach
Megatron-310B-like_PP-heavy_TP8_PP16_DP8,extra_parallelism_bandwidth_steering,relaxed,low,TP2-PP3-DP1,,9.4,10.5,False,port+reach
Megatron-310B-like_PP-heavy_TP8_PP16_DP8,extra_parallelism_bandwidth_steering,relaxed,low,TP2-PP3-DP2,,11.4,10.5,False,port+reach
Megatron-310B-like_PP-heavy_TP8_PP16_DP8,extra_parallelism_bandwidth_steering,relaxed,low,TP2-PP3-DP3,,14.4,10.5,False,port
Megatron-310B-like_PP-heavy_TP8_PP16_DP8,extra_parallelism_bandwidth_steering,relaxed,low,TP3-PP1-DP1,,9.0,10.5,False,port+reach
Megatron-310B-like_PP-heavy_TP8_PP16_DP8,extra_parallelism_bandwidth_steering,relaxed,low,TP3-PP1-DP2,,11.0,10.5,False,port+reach
Megatron-310B-like_PP-heavy_TP8_PP16_DP8,extra_parallelism_bandwidth_steering,relaxed,low,TP3-PP1-DP3,,14.0,10.5,False,port+reach
Megatron-310B-like_PP-heavy_TP8_PP16_DP8,extra_parallelism_bandwidth_steering,relaxed,low,TP3-PP2-DP1,,10.6,10.5,False,port+reach
Megatron-310B-like_PP-heavy_TP8_PP16_DP8,extra_parallelism_bandwidth_steering,relaxed,low,TP3-PP2-DP2,,12.6,10.5,False,port+reach
Megatron-310B-like_PP-heavy_TP8_PP16_DP8,extra_parallelism_bandwidth_steering,relaxed,low,TP3-PP2-DP3,,15.6,10.5,False,port+reach
Megatron-310B-like_PP-heavy_TP8_PP16_DP8,extra_parallelism_bandwidth_steering,relaxed,low,TP3-PP3-DP1,,13.0,10.5,False,port+reach
Megatron-310B-like_PP-heavy_TP8_PP16_DP8,extra_parallelism_bandwidth_steering,relaxed,low,TP3-PP3-DP2,,15.0,10.5,False,port+reach
Megatron-310B-like_PP-heavy_TP8_PP16_DP8,extra_parallelism_bandwidth_steering,relaxed,low,TP3-PP3-DP3,,18.0,10.5,False,port
Megatron-310B-like_PP-heavy_TP8_PP16_DP8,extra_parallelism_bandwidth_steering,relaxed,medium,TP1-PP1-DP1,,3.0,2.5,False,reach
Megatron-310B-like_PP-heavy_TP8_PP16_DP8,extra_parallelism_bandwidth_steering,relaxed,medium,TP1-PP1-DP2,,5.0,6.5,False,reach
Megatron-310B-like_PP-heavy_TP8_PP16_DP8,extra_parallelism_bandwidth_steering,relaxed,medium,TP1-PP1-DP3,,8.0,10.5,False,reach
Megatron-310B-like_PP-heavy_TP8_PP16_DP8,extra_parallelism_bandwidth_steering,relaxed,medium,TP1-PP2-DP1,,4.6000000000000005,6.5,False,reach
Megatron-310B-like_PP-heavy_TP8_PP16_DP8,extra_parallelism_bandwidth_steering,relaxed,medium,TP1-PP2-DP2,,6.6000000000000005,6.5,False,reach
Megatron-310B-like_PP-heavy_TP8_PP16_DP8,extra_parallelism_bandwidth_steering,relaxed,medium,TP1-PP2-DP3,,9.600000000000001,10.5,False,reach
Megatron-310B-like_PP-heavy_TP8_PP16_DP8,extra_parallelism_bandwidth_steering,relaxed,medium,TP1-PP3-DP1,,7.000000000000001,10.5,False,reach
Megatron-310B-like_PP-heavy_TP8_PP16_DP8,extra_parallelism_bandwidth_steering,relaxed,medium,TP1-PP3-DP2,,9.0,10.5,False,reach
Megatron-310B-like_PP-heavy_TP8_PP16_DP8,extra_parallelism_bandwidth_steering,relaxed,medium,TP1-PP3-DP3,1.794531569612,12.0,10.5,True,
Megatron-310B-like_PP-heavy_TP8_PP16_DP8,extra_parallelism_bandwidth_steering,relaxed,medium,TP2-PP1-DP1,,5.3999999999999995,6.5,False,reach
Megatron-310B-like_PP-heavy_TP8_PP16_DP8,extra_parallelism_bandwidth_steering,relaxed,medium,TP2-PP1-DP2,,7.3999999999999995,6.5,False,reach
Megatron-310B-like_PP-heavy_TP8_PP16_DP8,extra_parallelism_bandwidth_steering,relaxed,medium,TP2-PP1-DP3,,10.399999999999999,10.5,False,reach
Megatron-310B-like_PP-heavy_TP8_PP16_DP8,extra_parallelism_bandwidth_steering,relaxed,medium,TP2-PP2-DP1,,7.0,6.5,False,reach
Megatron-310B-like_PP-heavy_TP8_PP16_DP8,extra_parallelism_bandwidth_steering,relaxed,medium,TP2-PP2-DP2,,9.0,6.5,False,reach
Megatron-310B-like_PP-heavy_TP8_PP16_DP8,extra_parallelism_bandwidth_steering,relaxed,medium,TP2-PP2-DP3,,12.0,10.5,False,reach
Megatron-310B-like_PP-heavy_TP8_PP16_DP8,extra_parallelism_bandwidth_steering,relaxed,medium,TP2-PP3-DP1,,9.4,10.5,False,reach
Megatron-310B-like_PP-heavy_TP8_PP16_DP8,extra_parallelism_bandwidth_steering,relaxed,medium,TP2-PP3-DP2,,11.4,10.5,False,reach
Megatron-310B-like_PP-heavy_TP8_PP16_DP8,extra_parallelism_bandwidth_steering,relaxed,medium,TP2-PP3-DP3,,14.4,10.5,False,port
Megatron-310B-like_PP-heavy_TP8_PP16_DP8,extra_parallelism_bandwidth_steering,relaxed,medium,TP3-PP1-DP1,,9.0,10.5,False,reach
Megatron-310B-like_PP-heavy_TP8_PP16_DP8,extra_parallelism_bandwidth_steering,relaxed,medium,TP3-PP1-DP2,,11.0,10.5,False,reach
Megatron-310B-like_PP-heavy_TP8_PP16_DP8,extra_parallelism_bandwidth_steering,relaxed,medium,TP3-PP1-DP3,,14.0,10.5,False,port+reach
Megatron-310B-like_PP-heavy_TP8_PP16_DP8,extra_parallelism_bandwidth_steering,relaxed,medium,TP3-PP2-DP1,,10.6,10.5,False,reach
Megatron-310B-like_PP-heavy_TP8_PP16_DP8,extra_parallelism_bandwidth_steering,relaxed,medium,TP3-PP2-DP2,,12.6,10.5,False,port+reach
Megatron-310B-like_PP-heavy_TP8_PP16_DP8,extra_parallelism_bandwidth_steering,relaxed,medium,TP3-PP2-DP3,,15.6,10.5,False,port+reach
Megatron-310B-like_PP-heavy_TP8_PP16_DP8,extra_parallelism_bandwidth_steering,relaxed,medium,TP3-PP3-DP1,,13.0,10.5,False,port+reach
Megatron-310B-like_PP-heavy_TP8_PP16_DP8,extra_parallelism_bandwidth_steering,relaxed,medium,TP3-PP3-DP2,,15.0,10.5,False,port+reach
Megatron-310B-like_PP-heavy_TP8_PP16_DP8,extra_parallelism_bandwidth_steering,relaxed,medium,TP3-PP3-DP3,,18.0,10.5,False,port
Megatron-310B-like_PP-heavy_TP8_PP16_DP8,extra_parallelism_bandwidth_steering,relaxed,high,TP1-PP1-DP1,,3.0,2.5,False,reach
Megatron-310B-like_PP-heavy_TP8_PP16_DP8,extra_parallelism_bandwidth_steering,relaxed,high,TP1-PP1-DP2,,5.0,6.5,False,reach
Megatron-310B-like_PP-heavy_TP8_PP16_DP8,extra_parallelism_bandwidth_steering,relaxed,high,TP1-PP1-DP3,,8.0,10.5,False,reach
Megatron-310B-like_PP-heavy_TP8_PP16_DP8,extra_parallelism_bandwidth_steering,relaxed,high,TP1-PP2-DP1,,4.6000000000000005,6.5,False,reach
Megatron-310B-like_PP-heavy_TP8_PP16_DP8,extra_parallelism_bandwidth_steering,relaxed,high,TP1-PP2-DP2,,6.6000000000000005,6.5,False,reach
Megatron-310B-like_PP-heavy_TP8_PP16_DP8,extra_parallelism_bandwidth_steering,relaxed,high,TP1-PP2-DP3,,9.600000000000001,10.5,False,reach
Megatron-310B-like_PP-heavy_TP8_PP16_DP8,extra_parallelism_bandwidth_steering,relaxed,high,TP1-PP3-DP1,,7.000000000000001,10.5,False,reach
Megatron-310B-like_PP-heavy_TP8_PP16_DP8,extra_parallelism_bandwidth_steering,relaxed,high,TP1-PP3-DP2,,9.0,10.5,False,reach
Megatron-310B-like_PP-heavy_TP8_PP16_DP8,extra_parallelism_bandwidth_steering,relaxed,high,TP1-PP3-DP3,1.794531569612,12.0,10.5,True,
Megatron-310B-like_PP-heavy_TP8_PP16_DP8,extra_parallelism_bandwidth_steering,relaxed,high,TP2-PP1-DP1,,5.3999999999999995,6.5,False,reach
Megatron-310B-like_PP-heavy_TP8_PP16_DP8,extra_parallelism_bandwidth_steering,relaxed,high,TP2-PP1-DP2,,7.3999999999999995,6.5,False,reach
Megatron-310B-like_PP-heavy_TP8_PP16_DP8,extra_parallelism_bandwidth_steering,relaxed,high,TP2-PP1-DP3,,10.399999999999999,10.5,False,reach
Megatron-310B-like_PP-heavy_TP8_PP16_DP8,extra_parallelism_bandwidth_steering,relaxed,high,TP2-PP2-DP1,,7.0,6.5,False,reach
Megatron-310B-like_PP-heavy_TP8_PP16_DP8,extra_parallelism_bandwidth_steering,relaxed,high,TP2-PP2-DP2,,9.0,6.5,False,reach
Megatron-310B-like_PP-heavy_TP8_PP16_DP8,extra_parallelism_bandwidth_steering,relaxed,high,TP2-PP2-DP3,,12.0,10.5,False,reach
Megatron-310B-like_PP-heavy_TP8_PP16_DP8,extra_parallelism_bandwidth_steering,relaxed,high,TP2-PP3-DP1,,9.4,10.5,False,reach
Megatron-310B-like_PP-heavy_TP8_PP16_DP8,extra_parallelism_bandwidth_steering,relaxed,high,TP2-PP3-DP2,,11.4,10.5,False,reach
Megatron-310B-like_PP-heavy_TP8_PP16_DP8,extra_parallelism_bandwidth_steering,relaxed,high,TP2-PP3-DP3,1.3391221896013332,14.4,10.5,True,
Megatron-310B-like_PP-heavy_TP8_PP16_DP8,extra_parallelism_bandwidth_steering,relaxed,high,TP3-PP1-DP1,,9.0,10.5,False,reach
Megatron-310B-like_PP-heavy_TP8_PP16_DP8,extra_parallelism_bandwidth_steering,relaxed,high,TP3-PP1-DP2,,11.0,10.5,False,reach
Megatron-310B-like_PP-heavy_TP8_PP16_DP8,extra_parallelism_bandwidth_steering,relaxed,high,TP3-PP1-DP3,,14.0,10.5,False,reach
Megatron-310B-like_PP-heavy_TP8_PP16_DP8,extra_parallelism_bandwidth_steering,relaxed,high,TP3-PP2-DP1,,10.6,10.5,False,reach
Megatron-310B-like_PP-heavy_TP8_PP16_DP8,extra_parallelism_bandwidth_steering,relaxed,high,TP3-PP2-DP2,,12.6,10.5,False,reach
Megatron-310B-like_PP-heavy_TP8_PP16_DP8,extra_parallelism_bandwidth_steering,relaxed,high,TP3-PP2-DP3,,15.6,10.5,False,reach
Megatron-310B-like_PP-heavy_TP8_PP16_DP8,extra_parallelism_bandwidth_steering,relaxed,high,TP3-PP3-DP1,,13.0,10.5,False,reach
Megatron-310B-like_PP-heavy_TP8_PP16_DP8,extra_parallelism_bandwidth_steering,relaxed,high,TP3-PP3-DP2,,15.0,10.5,False,reach
Megatron-310B-like_PP-heavy_TP8_PP16_DP8,extra_parallelism_bandwidth_steering,relaxed,high,TP3-PP3-DP3,1.7036376595959997,18.0,10.5,True,
Megatron-310B-like_PP-heavy_TP8_PP16_DP8,deep_oversubscribed_global_bottleneck,strict,low,TP1-PP1-DP1,,3.0,2.5,False,reach
Megatron-310B-like_PP-heavy_TP8_PP16_DP8,deep_oversubscribed_global_bottleneck,strict,low,TP1-PP1-DP2,,4.5,6.5,False,reach
Megatron-310B-like_PP-heavy_TP8_PP16_DP8,deep_oversubscribed_global_bottleneck,strict,low,TP1-PP1-DP3,,7.0,11.0,False,loss+reach
Megatron-310B-like_PP-heavy_TP8_PP16_DP8,deep_oversubscribed_global_bottleneck,strict,low,TP1-PP2-DP1,,4.2,6.5,False,reach
Megatron-310B-like_PP-heavy_TP8_PP16_DP8,deep_oversubscribed_global_bottleneck,strict,low,TP1-PP2-DP2,,5.7,6.5,False,reach
Megatron-310B-like_PP-heavy_TP8_PP16_DP8,deep_oversubscribed_global_bottleneck,strict,low,TP1-PP2-DP3,,8.2,11.0,False,loss+port+reach
Megatron-310B-like_PP-heavy_TP8_PP16_DP8,deep_oversubscribed_global_bottleneck,strict,low,TP1-PP3-DP1,,6.2,11.0,False,loss+reach
Megatron-310B-like_PP-heavy_TP8_PP16_DP8,deep_oversubscribed_global_bottleneck,strict,low,TP1-PP3-DP2,,7.7,11.0,False,loss+port+reach
Megatron-310B-like_PP-heavy_TP8_PP16_DP8,deep_oversubscribed_global_bottleneck,strict,low,TP1-PP3-DP3,,10.2,11.0,False,loss+port
Megatron-310B-like_PP-heavy_TP8_PP16_DP8,deep_oversubscribed_global_bottleneck,strict,low,TP2-PP1-DP1,,4.8,6.5,False,reach
Megatron-310B-like_PP-heavy_TP8_PP16_DP8,deep_oversubscribed_global_bottleneck,strict,low,TP2-PP1-DP2,,6.3,6.5,False,reach
Megatron-310B-like_PP-heavy_TP8_PP16_DP8,deep_oversubscribed_global_bottleneck,strict,low,TP2-PP1-DP3,,8.8,11.0,False,loss+port+reach
Megatron-310B-like_PP-heavy_TP8_PP16_DP8,deep_oversubscribed_global_bottleneck,strict,low,TP2-PP2-DP1,,6.0,6.5,False,reach
Megatron-310B-like_PP-heavy_TP8_PP16_DP8,deep_oversubscribed_global_bottleneck,strict,low,TP2-PP2-DP2,,7.5,6.5,False,port+reach
Megatron-310B-like_PP-heavy_TP8_PP16_DP8,deep_oversubscribed_global_bottleneck,strict,low,TP2-PP2-DP3,,10.0,11.0,False,loss+port+reach
Megatron-310B-like_PP-heavy_TP8_PP16_DP8,deep_oversubscribed_global_bottleneck,strict,low,TP2-PP3-DP1,,8.0,11.0,False,loss+port+reach
Megatron-310B-like_PP-heavy_TP8_PP16_DP8,deep_oversubscribed_global_bottleneck,strict,low,TP2-PP3-DP2,,9.5,11.0,False,loss+port+reach
Megatron-310B-like_PP-heavy_TP8_PP16_DP8,deep_oversubscribed_global_bottleneck,strict,low,TP2-PP3-DP3,,12.0,11.0,False,loss+port
Megatron-310B-like_PP-heavy_TP8_PP16_DP8,deep_oversubscribed_global_bottleneck,strict,low,TP3-PP1-DP1,,7.8,11.0,False,loss+port+reach
Megatron-310B-like_PP-heavy_TP8_PP16_DP8,deep_oversubscribed_global_bottleneck,strict,low,TP3-PP1-DP2,,9.3,11.0,False,loss+port+reach
Megatron-310B-like_PP-heavy_TP8_PP16_DP8,deep_oversubscribed_global_bottleneck,strict,low,TP3-PP1-DP3,,11.8,11.0,False,loss+port+reach
Megatron-310B-like_PP-heavy_TP8_PP16_DP8,deep_oversubscribed_global_bottleneck,strict,low,TP3-PP2-DP1,,9.0,11.0,False,loss+port+reach
Megatron-310B-like_PP-heavy_TP8_PP16_DP8,deep_oversubscribed_global_bottleneck,strict,low,TP3-PP2-DP2,,10.5,11.0,False,loss+port+reach
Megatron-310B-like_PP-heavy_TP8_PP16_DP8,deep_oversubscribed_global_bottleneck,strict,low,TP3-PP2-DP3,,13.0,11.0,False,loss+port+reach
Megatron-310B-like_PP-heavy_TP8_PP16_DP8,deep_oversubscribed_global_bottleneck,strict,low,TP3-PP3-DP1,,11.0,11.0,False,loss+port+reach
Megatron-310B-like_PP-heavy_TP8_PP16_DP8,deep_oversubscribed_global_bottleneck,strict,low,TP3-PP3-DP2,,12.5,11.0,False,loss+port+reach
Megatron-310B-like_PP-heavy_TP8_PP16_DP8,deep_oversubscribed_global_bottleneck,strict,low,TP3-PP3-DP3,,15.0,11.0,False,loss+port
Megatron-310B-like_PP-heavy_TP8_PP16_DP8,deep_oversubscribed_global_bottleneck,strict,medium,TP1-PP1-DP1,,3.0,2.5,False,reach
Megatron-310B-like_PP-heavy_TP8_PP16_DP8,deep_oversubscribed_global_bottleneck,strict,medium,TP1-PP1-DP2,,4.5,6.5,False,reach
Megatron-310B-like_PP-heavy_TP8_PP16_DP8,deep_oversubscribed_global_bottleneck,strict,medium,TP1-PP1-DP3,,7.0,11.0,False,loss+reach
Megatron-310B-like_PP-heavy_TP8_PP16_DP8,deep_oversubscribed_global_bottleneck,strict,medium,TP1-PP2-DP1,,4.2,6.5,False,reach
Megatron-310B-like_PP-heavy_TP8_PP16_DP8,deep_oversubscribed_global_bottleneck,strict,medium,TP1-PP2-DP2,,5.7,6.5,False,reach
Megatron-310B-like_PP-heavy_TP8_PP16_DP8,deep_oversubscribed_global_bottleneck,strict,medium,TP1-PP2-DP3,,8.2,11.0,False,loss+reach
Megatron-310B-like_PP-heavy_TP8_PP16_DP8,deep_oversubscribed_global_bottleneck,strict,medium,TP1-PP3-DP1,,6.2,11.0,False,loss+reach
Megatron-310B-like_PP-heavy_TP8_PP16_DP8,deep_oversubscribed_global_bottleneck,strict,medium,TP1-PP3-DP2,,7.7,11.0,False,loss+reach
Megatron-310B-like_PP-heavy_TP8_PP16_DP8,deep_oversubscribed_global_bottleneck,strict,medium,TP1-PP3-DP3,,10.2,11.0,False,loss
Megatron-310B-like_PP-heavy_TP8_PP16_DP8,deep_oversubscribed_global_bottleneck,strict,medium,TP2-PP1-DP1,,4.8,6.5,False,reach
Megatron-310B-like_PP-heavy_TP8_PP16_DP8,deep_oversubscribed_global_bottleneck,strict,medium,TP2-PP1-DP2,,6.3,6.5,False,reach
Megatron-310B-like_PP-heavy_TP8_PP16_DP8,deep_oversubscribed_global_bottleneck,strict,medium,TP2-PP1-DP3,,8.8,11.0,False,loss+reach
Megatron-310B-like_PP-heavy_TP8_PP16_DP8,deep_oversubscribed_global_bottleneck,strict,medium,TP2-PP2-DP1,,6.0,6.5,False,reach
Megatron-310B-like_PP-heavy_TP8_PP16_DP8,deep_oversubscribed_global_bottleneck,strict,medium,TP2-PP2-DP2,,7.5,6.5,False,reach
Megatron-310B-like_PP-heavy_TP8_PP16_DP8,deep_oversubscribed_global_bottleneck,strict,medium,TP2-PP2-DP3,,10.0,11.0,False,loss+reach
Megatron-310B-like_PP-heavy_TP8_PP16_DP8,deep_oversubscribed_global_bottleneck,strict,medium,TP2-PP3-DP1,,8.0,11.0,False,loss+reach
Megatron-310B-like_PP-heavy_TP8_PP16_DP8,deep_oversubscribed_global_bottleneck,strict,medium,TP2-PP3-DP2,,9.5,11.0,False,loss+reach
Megatron-310B-like_PP-heavy_TP8_PP16_DP8,deep_oversubscribed_global_bottleneck,strict,medium,TP2-PP3-DP3,,12.0,11.0,False,loss
Megatron-310B-like_PP-heavy_TP8_PP16_DP8,deep_oversubscribed_global_bottleneck,strict,medium,TP3-PP1-DP1,,7.8,11.0,False,loss+reach
Megatron-310B-like_PP-heavy_TP8_PP16_DP8,deep_oversubscribed_global_bottleneck,strict,medium,TP3-PP1-DP2,,9.3,11.0,False,loss+reach
Megatron-310B-like_PP-heavy_TP8_PP16_DP8,deep_oversubscribed_global_bottleneck,strict,medium,TP3-PP1-DP3,,11.8,11.0,False,loss+reach
Megatron-310B-like_PP-heavy_TP8_PP16_DP8,deep_oversubscribed_global_bottleneck,strict,medium,TP3-PP2-DP1,,9.0,11.0,False,loss+reach
Megatron-310B-like_PP-heavy_TP8_PP16_DP8,deep_oversubscribed_global_bottleneck,strict,medium,TP3-PP2-DP2,,10.5,11.0,False,loss+reach
Megatron-310B-like_PP-heavy_TP8_PP16_DP8,deep_oversubscribed_global_bottleneck,strict,medium,TP3-PP2-DP3,,13.0,11.0,False,loss+port+reach
Megatron-310B-like_PP-heavy_TP8_PP16_DP8,deep_oversubscribed_global_bottleneck,strict,medium,TP3-PP3-DP1,,11.0,11.0,False,loss+reach
Megatron-310B-like_PP-heavy_TP8_PP16_DP8,deep_oversubscribed_global_bottleneck,strict,medium,TP3-PP3-DP2,,12.5,11.0,False,loss+reach
Megatron-310B-like_PP-heavy_TP8_PP16_DP8,deep_oversubscribed_global_bottleneck,strict,medium,TP3-PP3-DP3,,15.0,11.0,False,loss+port
Megatron-310B-like_PP-heavy_TP8_PP16_DP8,deep_oversubscribed_global_bottleneck,strict,high,TP1-PP1-DP1,,3.0,2.5,False,reach
Megatron-310B-like_PP-heavy_TP8_PP16_DP8,deep_oversubscribed_global_bottleneck,strict,high,TP1-PP1-DP2,,4.5,6.5,False,reach
Megatron-310B-like_PP-heavy_TP8_PP16_DP8,deep_oversubscribed_global_bottleneck,strict,high,TP1-PP1-DP3,,7.0,11.0,False,loss+reach
Megatron-310B-like_PP-heavy_TP8_PP16_DP8,deep_oversubscribed_global_bottleneck,strict,high,TP1-PP2-DP1,,4.2,6.5,False,reach
Megatron-310B-like_PP-heavy_TP8_PP16_DP8,deep_oversubscribed_global_bottleneck,strict,high,TP1-PP2-DP2,,5.7,6.5,False,reach
Megatron-310B-like_PP-heavy_TP8_PP16_DP8,deep_oversubscribed_global_bottleneck,strict,high,TP1-PP2-DP3,,8.2,11.0,False,loss+reach
Megatron-310B-like_PP-heavy_TP8_PP16_DP8,deep_oversubscribed_global_bottleneck,strict,high,TP1-PP3-DP1,,6.2,11.0,False,loss+reach
Megatron-310B-like_PP-heavy_TP8_PP16_DP8,deep_oversubscribed_global_bottleneck,strict,high,TP1-PP3-DP2,,7.7,11.0,False,loss+reach
Megatron-310B-like_PP-heavy_TP8_PP16_DP8,deep_oversubscribed_global_bottleneck,strict,high,TP1-PP3-DP3,,10.2,11.0,False,loss
Megatron-310B-like_PP-heavy_TP8_PP16_DP8,deep_oversubscribed_global_bottleneck,strict,high,TP2-PP1-DP1,,4.8,6.5,False,reach
Megatron-310B-like_PP-heavy_TP8_PP16_DP8,deep_oversubscribed_global_bottleneck,strict,high,TP2-PP1-DP2,,6.3,6.5,False,reach
Megatron-310B-like_PP-heavy_TP8_PP16_DP8,deep_oversubscribed_global_bottleneck,strict,high,TP2-PP1-DP3,,8.8,11.0,False,loss+reach
Megatron-310B-like_PP-heavy_TP8_PP16_DP8,deep_oversubscribed_global_bottleneck,strict,high,TP2-PP2-DP1,,6.0,6.5,False,reach
Megatron-310B-like_PP-heavy_TP8_PP16_DP8,deep_oversubscribed_global_bottleneck,strict,high,TP2-PP2-DP2,,7.5,6.5,False,reach
Megatron-310B-like_PP-heavy_TP8_PP16_DP8,deep_oversubscribed_global_bottleneck,strict,high,TP2-PP2-DP3,,10.0,11.0,False,loss+reach
Megatron-310B-like_PP-heavy_TP8_PP16_DP8,deep_oversubscribed_global_bottleneck,strict,high,TP2-PP3-DP1,,8.0,11.0,False,loss+reach
Megatron-310B-like_PP-heavy_TP8_PP16_DP8,deep_oversubscribed_global_bottleneck,strict,high,TP2-PP3-DP2,,9.5,11.0,False,loss+reach
Megatron-310B-like_PP-heavy_TP8_PP16_DP8,deep_oversubscribed_global_bottleneck,strict,high,TP2-PP3-DP3,,12.0,11.0,False,loss
Megatron-310B-like_PP-heavy_TP8_PP16_DP8,deep_oversubscribed_global_bottleneck,strict,high,TP3-PP1-DP1,,7.8,11.0,False,loss+reach
Megatron-310B-like_PP-heavy_TP8_PP16_DP8,deep_oversubscribed_global_bottleneck,strict,high,TP3-PP1-DP2,,9.3,11.0,False,loss+reach
Megatron-310B-like_PP-heavy_TP8_PP16_DP8,deep_oversubscribed_global_bottleneck,strict,high,TP3-PP1-DP3,,11.8,11.0,False,loss+reach
Megatron-310B-like_PP-heavy_TP8_PP16_DP8,deep_oversubscribed_global_bottleneck,strict,high,TP3-PP2-DP1,,9.0,11.0,False,loss+reach
Megatron-310B-like_PP-heavy_TP8_PP16_DP8,deep_oversubscribed_global_bottleneck,strict,high,TP3-PP2-DP2,,10.5,11.0,False,loss+reach
Megatron-310B-like_PP-heavy_TP8_PP16_DP8,deep_oversubscribed_global_bottleneck,strict,high,TP3-PP2-DP3,,13.0,11.0,False,loss+reach
Megatron-310B-like_PP-heavy_TP8_PP16_DP8,deep_oversubscribed_global_bottleneck,strict,high,TP3-PP3-DP1,,11.0,11.0,False,loss+reach
Megatron-310B-like_PP-heavy_TP8_PP16_DP8,deep_oversubscribed_global_bottleneck,strict,high,TP3-PP3-DP2,,12.5,11.0,False,loss+reach
Megatron-310B-like_PP-heavy_TP8_PP16_DP8,deep_oversubscribed_global_bottleneck,strict,high,TP3-PP3-DP3,,15.0,11.0,False,loss
Megatron-310B-like_PP-heavy_TP8_PP16_DP8,deep_oversubscribed_global_bottleneck,medium,low,TP1-PP1-DP1,,3.0,2.5,False,reach
Megatron-310B-like_PP-heavy_TP8_PP16_DP8,deep_oversubscribed_global_bottleneck,medium,low,TP1-PP1-DP2,,4.5,6.5,False,reach
Megatron-310B-like_PP-heavy_TP8_PP16_DP8,deep_oversubscribed_global_bottleneck,medium,low,TP1-PP1-DP3,,7.0,11.0,False,reach
Megatron-310B-like_PP-heavy_TP8_PP16_DP8,deep_oversubscribed_global_bottleneck,medium,low,TP1-PP2-DP1,,4.2,6.5,False,reach
Megatron-310B-like_PP-heavy_TP8_PP16_DP8,deep_oversubscribed_global_bottleneck,medium,low,TP1-PP2-DP2,,5.7,6.5,False,reach
Megatron-310B-like_PP-heavy_TP8_PP16_DP8,deep_oversubscribed_global_bottleneck,medium,low,TP1-PP2-DP3,,8.2,11.0,False,port+reach
Megatron-310B-like_PP-heavy_TP8_PP16_DP8,deep_oversubscribed_global_bottleneck,medium,low,TP1-PP3-DP1,,6.2,11.0,False,reach
Megatron-310B-like_PP-heavy_TP8_PP16_DP8,deep_oversubscribed_global_bottleneck,medium,low,TP1-PP3-DP2,,7.7,11.0,False,port+reach
Megatron-310B-like_PP-heavy_TP8_PP16_DP8,deep_oversubscribed_global_bottleneck,medium,low,TP1-PP3-DP3,,10.2,11.0,False,port
Megatron-310B-like_PP-heavy_TP8_PP16_DP8,deep_oversubscribed_global_bottleneck,medium,low,TP2-PP1-DP1,,4.8,6.5,False,reach
Megatron-310B-like_PP-heavy_TP8_PP16_DP8,deep_oversubscribed_global_bottleneck,medium,low,TP2-PP1-DP2,,6.3,6.5,False,reach
Megatron-310B-like_PP-heavy_TP8_PP16_DP8,deep_oversubscribed_global_bottleneck,medium,low,TP2-PP1-DP3,,8.8,11.0,False,port+reach
Megatron-310B-like_PP-heavy_TP8_PP16_DP8,deep_oversubscribed_global_bottleneck,medium,low,TP2-PP2-DP1,,6.0,6.5,False,reach
Megatron-310B-like_PP-heavy_TP8_PP16_DP8,deep_oversubscribed_global_bottleneck,medium,low,TP2-PP2-DP2,,7.5,6.5,False,port+reach
Megatron-310B-like_PP-heavy_TP8_PP16_DP8,deep_oversubscribed_global_bottleneck,medium,low,TP2-PP2-DP3,,10.0,11.0,False,port+reach
Megatron-310B-like_PP-heavy_TP8_PP16_DP8,deep_oversubscribed_global_bottleneck,medium,low,TP2-PP3-DP1,,8.0,11.0,False,port+reach
Megatron-310B-like_PP-heavy_TP8_PP16_DP8,deep_oversubscribed_global_bottleneck,medium,low,TP2-PP3-DP2,,9.5,11.0,False,port+reach
Megatron-310B-like_PP-heavy_TP8_PP16_DP8,deep_oversubscribed_global_bottleneck,medium,low,TP2-PP3-DP3,,12.0,11.0,False,port
Megatron-310B-like_PP-heavy_TP8_PP16_DP8,deep_oversubscribed_global_bottleneck,medium,low,TP3-PP1-DP1,,7.8,11.0,False,port+reach
Megatron-310B-like_PP-heavy_TP8_PP16_DP8,deep_oversubscribed_global_bottleneck,medium,low,TP3-PP1-DP2,,9.3,11.0,False,port+reach
Megatron-310B-like_PP-heavy_TP8_PP16_DP8,deep_oversubscribed_global_bottleneck,medium,low,TP3-PP1-DP3,,11.8,11.0,False,port+reach
Megatron-310B-like_PP-heavy_TP8_PP16_DP8,deep_oversubscribed_global_bottleneck,medium,low,TP3-PP2-DP1,,9.0,11.0,False,port+reach
Megatron-310B-like_PP-heavy_TP8_PP16_DP8,deep_oversubscribed_global_bottleneck,medium,low,TP3-PP2-DP2,,10.5,11.0,False,port+reach
Megatron-310B-like_PP-heavy_TP8_PP16_DP8,deep_oversubscribed_global_bottleneck,medium,low,TP3-PP2-DP3,,13.0,11.0,False,port+reach
Megatron-310B-like_PP-heavy_TP8_PP16_DP8,deep_oversubscribed_global_bottleneck,medium,low,TP3-PP3-DP1,,11.0,11.0,False,port+reach
Megatron-310B-like_PP-heavy_TP8_PP16_DP8,deep_oversubscribed_global_bottleneck,medium,low,TP3-PP3-DP2,,12.5,11.0,False,port+reach
Megatron-310B-like_PP-heavy_TP8_PP16_DP8,deep_oversubscribed_global_bottleneck,medium,low,TP3-PP3-DP3,,15.0,11.0,False,port
Megatron-310B-like_PP-heavy_TP8_PP16_DP8,deep_oversubscribed_global_bottleneck,medium,medium,TP1-PP1-DP1,,3.0,2.5,False,reach
Megatron-310B-like_PP-heavy_TP8_PP16_DP8,deep_oversubscribed_global_bottleneck,medium,medium,TP1-PP1-DP2,,4.5,6.5,False,reach
Megatron-310B-like_PP-heavy_TP8_PP16_DP8,deep_oversubscribed_global_bottleneck,medium,medium,TP1-PP1-DP3,,7.0,11.0,False,reach
Megatron-310B-like_PP-heavy_TP8_PP16_DP8,deep_oversubscribed_global_bottleneck,medium,medium,TP1-PP2-DP1,,4.2,6.5,False,reach
Megatron-310B-like_PP-heavy_TP8_PP16_DP8,deep_oversubscribed_global_bottleneck,medium,medium,TP1-PP2-DP2,,5.7,6.5,False,reach
Megatron-310B-like_PP-heavy_TP8_PP16_DP8,deep_oversubscribed_global_bottleneck,medium,medium,TP1-PP2-DP3,,8.2,11.0,False,reach
Megatron-310B-like_PP-heavy_TP8_PP16_DP8,deep_oversubscribed_global_bottleneck,medium,medium,TP1-PP3-DP1,,6.2,11.0,False,reach
Megatron-310B-like_PP-heavy_TP8_PP16_DP8,deep_oversubscribed_global_bottleneck,medium,medium,TP1-PP3-DP2,,7.7,11.0,False,reach
Megatron-310B-like_PP-heavy_TP8_PP16_DP8,deep_oversubscribed_global_bottleneck,medium,medium,TP1-PP3-DP3,1.5962621833439998,10.2,11.0,True,
Megatron-310B-like_PP-heavy_TP8_PP16_DP8,deep_oversubscribed_global_bottleneck,medium,medium,TP2-PP1-DP1,,4.8,6.5,False,reach
Megatron-310B-like_PP-heavy_TP8_PP16_DP8,deep_oversubscribed_global_bottleneck,medium,medium,TP2-PP1-DP2,,6.3,6.5,False,reach
Megatron-310B-like_PP-heavy_TP8_PP16_DP8,deep_oversubscribed_global_bottleneck,medium,medium,TP2-PP1-DP3,,8.8,11.0,False,reach
Megatron-310B-like_PP-heavy_TP8_PP16_DP8,deep_oversubscribed_global_bottleneck,medium,medium,TP2-PP2-DP1,,6.0,6.5,False,reach
Megatron-310B-like_PP-heavy_TP8_PP16_DP8,deep_oversubscribed_global_bottleneck,medium,medium,TP2-PP2-DP2,,7.5,6.5,False,reach
Megatron-310B-like_PP-heavy_TP8_PP16_DP8,deep_oversubscribed_global_bottleneck,medium,medium,TP2-PP2-DP3,,10.0,11.0,False,reach
Megatron-310B-like_PP-heavy_TP8_PP16_DP8,deep_oversubscribed_global_bottleneck,medium,medium,TP2-PP3-DP1,,8.0,11.0,False,reach
Megatron-310B-like_PP-heavy_TP8_PP16_DP8,deep_oversubscribed_global_bottleneck,medium,medium,TP2-PP3-DP2,,9.5,11.0,False,reach
Megatron-310B-like_PP-heavy_TP8_PP16_DP8,deep_oversubscribed_global_bottleneck,medium,medium,TP2-PP3-DP3,2.138451538352,12.0,11.0,True,
Megatron-310B-like_PP-heavy_TP8_PP16_DP8,deep_oversubscribed_global_bottleneck,medium,medium,TP3-PP1-DP1,,7.8,11.0,False,reach
Megatron-310B-like_PP-heavy_TP8_PP16_DP8,deep_oversubscribed_global_bottleneck,medium,medium,TP3-PP1-DP2,,9.3,11.0,False,reach
Megatron-310B-like_PP-heavy_TP8_PP16_DP8,deep_oversubscribed_global_bottleneck,medium,medium,TP3-PP1-DP3,,11.8,11.0,False,reach
Megatron-310B-like_PP-heavy_TP8_PP16_DP8,deep_oversubscribed_global_bottleneck,medium,medium,TP3-PP2-DP1,,9.0,11.0,False,reach
Megatron-310B-like_PP-heavy_TP8_PP16_DP8,deep_oversubscribed_global_bottleneck,medium,medium,TP3-PP2-DP2,,10.5,11.0,False,reach
Megatron-310B-like_PP-heavy_TP8_PP16_DP8,deep_oversubscribed_global_bottleneck,medium,medium,TP3-PP2-DP3,,13.0,11.0,False,port+reach
Megatron-310B-like_PP-heavy_TP8_PP16_DP8,deep_oversubscribed_global_bottleneck,medium,medium,TP3-PP3-DP1,,11.0,11.0,False,reach
Megatron-310B-like_PP-heavy_TP8_PP16_DP8,deep_oversubscribed_global_bottleneck,medium,medium,TP3-PP3-DP2,,12.5,11.0,False,reach
Megatron-310B-like_PP-heavy_TP8_PP16_DP8,deep_oversubscribed_global_bottleneck,medium,medium,TP3-PP3-DP3,,15.0,11.0,False,port
Megatron-310B-like_PP-heavy_TP8_PP16_DP8,deep_oversubscribed_global_bottleneck,medium,high,TP1-PP1-DP1,,3.0,2.5,False,reach
Megatron-310B-like_PP-heavy_TP8_PP16_DP8,deep_oversubscribed_global_bottleneck,medium,high,TP1-PP1-DP2,,4.5,6.5,False,reach
Megatron-310B-like_PP-heavy_TP8_PP16_DP8,deep_oversubscribed_global_bottleneck,medium,high,TP1-PP1-DP3,,7.0,11.0,False,reach
Megatron-310B-like_PP-heavy_TP8_PP16_DP8,deep_oversubscribed_global_bottleneck,medium,high,TP1-PP2-DP1,,4.2,6.5,False,reach
Megatron-310B-like_PP-heavy_TP8_PP16_DP8,deep_oversubscribed_global_bottleneck,medium,high,TP1-PP2-DP2,,5.7,6.5,False,reach
Megatron-310B-like_PP-heavy_TP8_PP16_DP8,deep_oversubscribed_global_bottleneck,medium,high,TP1-PP2-DP3,,8.2,11.0,False,reach
Megatron-310B-like_PP-heavy_TP8_PP16_DP8,deep_oversubscribed_global_bottleneck,medium,high,TP1-PP3-DP1,,6.2,11.0,False,reach
Megatron-310B-like_PP-heavy_TP8_PP16_DP8,deep_oversubscribed_global_bottleneck,medium,high,TP1-PP3-DP2,,7.7,11.0,False,reach
Megatron-310B-like_PP-heavy_TP8_PP16_DP8,deep_oversubscribed_global_bottleneck,medium,high,TP1-PP3-DP3,1.5962621833439998,10.2,11.0,True,
Megatron-310B-like_PP-heavy_TP8_PP16_DP8,deep_oversubscribed_global_bottleneck,medium,high,TP2-PP1-DP1,,4.8,6.5,False,reach
Megatron-310B-like_PP-heavy_TP8_PP16_DP8,deep_oversubscribed_global_bottleneck,medium,high,TP2-PP1-DP2,,6.3,6.5,False,reach
Megatron-310B-like_PP-heavy_TP8_PP16_DP8,deep_oversubscribed_global_bottleneck,medium,high,TP2-PP1-DP3,,8.8,11.0,False,reach
Megatron-310B-like_PP-heavy_TP8_PP16_DP8,deep_oversubscribed_global_bottleneck,medium,high,TP2-PP2-DP1,,6.0,6.5,False,reach
Megatron-310B-like_PP-heavy_TP8_PP16_DP8,deep_oversubscribed_global_bottleneck,medium,high,TP2-PP2-DP2,,7.5,6.5,False,reach
Megatron-310B-like_PP-heavy_TP8_PP16_DP8,deep_oversubscribed_global_bottleneck,medium,high,TP2-PP2-DP3,,10.0,11.0,False,reach
Megatron-310B-like_PP-heavy_TP8_PP16_DP8,deep_oversubscribed_global_bottleneck,medium,high,TP2-PP3-DP1,,8.0,11.0,False,reach
Megatron-310B-like_PP-heavy_TP8_PP16_DP8,deep_oversubscribed_global_bottleneck,medium,high,TP2-PP3-DP2,,9.5,11.0,False,reach
Megatron-310B-like_PP-heavy_TP8_PP16_DP8,deep_oversubscribed_global_bottleneck,medium,high,TP2-PP3-DP3,2.138451538352,12.0,11.0,True,
Megatron-310B-like_PP-heavy_TP8_PP16_DP8,deep_oversubscribed_global_bottleneck,medium,high,TP3-PP1-DP1,,7.8,11.0,False,reach
Megatron-310B-like_PP-heavy_TP8_PP16_DP8,deep_oversubscribed_global_bottleneck,medium,high,TP3-PP1-DP2,,9.3,11.0,False,reach
Megatron-310B-like_PP-heavy_TP8_PP16_DP8,deep_oversubscribed_global_bottleneck,medium,high,TP3-PP1-DP3,,11.8,11.0,False,reach
Megatron-310B-like_PP-heavy_TP8_PP16_DP8,deep_oversubscribed_global_bottleneck,medium,high,TP3-PP2-DP1,,9.0,11.0,False,reach
Megatron-310B-like_PP-heavy_TP8_PP16_DP8,deep_oversubscribed_global_bottleneck,medium,high,TP3-PP2-DP2,,10.5,11.0,False,reach
Megatron-310B-like_PP-heavy_TP8_PP16_DP8,deep_oversubscribed_global_bottleneck,medium,high,TP3-PP2-DP3,,13.0,11.0,False,reach
Megatron-310B-like_PP-heavy_TP8_PP16_DP8,deep_oversubscribed_global_bottleneck,medium,high,TP3-PP3-DP1,,11.0,11.0,False,reach
Megatron-310B-like_PP-heavy_TP8_PP16_DP8,deep_oversubscribed_global_bottleneck,medium,high,TP3-PP3-DP2,,12.5,11.0,False,reach
Megatron-310B-like_PP-heavy_TP8_PP16_DP8,deep_oversubscribed_global_bottleneck,medium,high,TP3-PP3-DP3,4.529130238384,15.0,11.0,True,
Megatron-310B-like_PP-heavy_TP8_PP16_DP8,deep_oversubscribed_global_bottleneck,relaxed,low,TP1-PP1-DP1,,3.0,2.5,False,reach
Megatron-310B-like_PP-heavy_TP8_PP16_DP8,deep_oversubscribed_global_bottleneck,relaxed,low,TP1-PP1-DP2,,4.5,6.5,False,reach
Megatron-310B-like_PP-heavy_TP8_PP16_DP8,deep_oversubscribed_global_bottleneck,relaxed,low,TP1-PP1-DP3,,7.0,11.0,False,reach
Megatron-310B-like_PP-heavy_TP8_PP16_DP8,deep_oversubscribed_global_bottleneck,relaxed,low,TP1-PP2-DP1,,4.2,6.5,False,reach
Megatron-310B-like_PP-heavy_TP8_PP16_DP8,deep_oversubscribed_global_bottleneck,relaxed,low,TP1-PP2-DP2,,5.7,6.5,False,reach
Megatron-310B-like_PP-heavy_TP8_PP16_DP8,deep_oversubscribed_global_bottleneck,relaxed,low,TP1-PP2-DP3,,8.2,11.0,False,port+reach
Megatron-310B-like_PP-heavy_TP8_PP16_DP8,deep_oversubscribed_global_bottleneck,relaxed,low,TP1-PP3-DP1,,6.2,11.0,False,reach
Megatron-310B-like_PP-heavy_TP8_PP16_DP8,deep_oversubscribed_global_bottleneck,relaxed,low,TP1-PP3-DP2,,7.7,11.0,False,port+reach
Megatron-310B-like_PP-heavy_TP8_PP16_DP8,deep_oversubscribed_global_bottleneck,relaxed,low,TP1-PP3-DP3,,10.2,11.0,False,port
Megatron-310B-like_PP-heavy_TP8_PP16_DP8,deep_oversubscribed_global_bottleneck,relaxed,low,TP2-PP1-DP1,,4.8,6.5,False,reach
Megatron-310B-like_PP-heavy_TP8_PP16_DP8,deep_oversubscribed_global_bottleneck,relaxed,low,TP2-PP1-DP2,,6.3,6.5,False,reach
Megatron-310B-like_PP-heavy_TP8_PP16_DP8,deep_oversubscribed_global_bottleneck,relaxed,low,TP2-PP1-DP3,,8.8,11.0,False,port+reach
Megatron-310B-like_PP-heavy_TP8_PP16_DP8,deep_oversubscribed_global_bottleneck,relaxed,low,TP2-PP2-DP1,,6.0,6.5,False,reach
Megatron-310B-like_PP-heavy_TP8_PP16_DP8,deep_oversubscribed_global_bottleneck,relaxed,low,TP2-PP2-DP2,,7.5,6.5,False,port+reach
Megatron-310B-like_PP-heavy_TP8_PP16_DP8,deep_oversubscribed_global_bottleneck,relaxed,low,TP2-PP2-DP3,,10.0,11.0,False,port+reach
Megatron-310B-like_PP-heavy_TP8_PP16_DP8,deep_oversubscribed_global_bottleneck,relaxed,low,TP2-PP3-DP1,,8.0,11.0,False,port+reach
Megatron-310B-like_PP-heavy_TP8_PP16_DP8,deep_oversubscribed_global_bottleneck,relaxed,low,TP2-PP3-DP2,,9.5,11.0,False,port+reach
Megatron-310B-like_PP-heavy_TP8_PP16_DP8,deep_oversubscribed_global_bottleneck,relaxed,low,TP2-PP3-DP3,,12.0,11.0,False,port
Megatron-310B-like_PP-heavy_TP8_PP16_DP8,deep_oversubscribed_global_bottleneck,relaxed,low,TP3-PP1-DP1,,7.8,11.0,False,port+reach
Megatron-310B-like_PP-heavy_TP8_PP16_DP8,deep_oversubscribed_global_bottleneck,relaxed,low,TP3-PP1-DP2,,9.3,11.0,False,port+reach
Megatron-310B-like_PP-heavy_TP8_PP16_DP8,deep_oversubscribed_global_bottleneck,relaxed,low,TP3-PP1-DP3,,11.8,11.0,False,port+reach
Megatron-310B-like_PP-heavy_TP8_PP16_DP8,deep_oversubscribed_global_bottleneck,relaxed,low,TP3-PP2-DP1,,9.0,11.0,False,port+reach
Megatron-310B-like_PP-heavy_TP8_PP16_DP8,deep_oversubscribed_global_bottleneck,relaxed,low,TP3-PP2-DP2,,10.5,11.0,False,port+reach
Megatron-310B-like_PP-heavy_TP8_PP16_DP8,deep_oversubscribed_global_bottleneck,relaxed,low,TP3-PP2-DP3,,13.0,11.0,False,port+reach
Megatron-310B-like_PP-heavy_TP8_PP16_DP8,deep_oversubscribed_global_bottleneck,relaxed,low,TP3-PP3-DP1,,11.0,11.0,False,port+reach
Megatron-310B-like_PP-heavy_TP8_PP16_DP8,deep_oversubscribed_global_bottleneck,relaxed,low,TP3-PP3-DP2,,12.5,11.0,False,port+reach
Megatron-310B-like_PP-heavy_TP8_PP16_DP8,deep_oversubscribed_global_bottleneck,relaxed,low,TP3-PP3-DP3,,15.0,11.0,False,port
Megatron-310B-like_PP-heavy_TP8_PP16_DP8,deep_oversubscribed_global_bottleneck,relaxed,medium,TP1-PP1-DP1,,3.0,2.5,False,reach
Megatron-310B-like_PP-heavy_TP8_PP16_DP8,deep_oversubscribed_global_bottleneck,relaxed,medium,TP1-PP1-DP2,,4.5,6.5,False,reach
Megatron-310B-like_PP-heavy_TP8_PP16_DP8,deep_oversubscribed_global_bottleneck,relaxed,medium,TP1-PP1-DP3,,7.0,11.0,False,reach
Megatron-310B-like_PP-heavy_TP8_PP16_DP8,deep_oversubscribed_global_bottleneck,relaxed,medium,TP1-PP2-DP1,,4.2,6.5,False,reach
Megatron-310B-like_PP-heavy_TP8_PP16_DP8,deep_oversubscribed_global_bottleneck,relaxed,medium,TP1-PP2-DP2,,5.7,6.5,False,reach
Megatron-310B-like_PP-heavy_TP8_PP16_DP8,deep_oversubscribed_global_bottleneck,relaxed,medium,TP1-PP2-DP3,,8.2,11.0,False,reach
Megatron-310B-like_PP-heavy_TP8_PP16_DP8,deep_oversubscribed_global_bottleneck,relaxed,medium,TP1-PP3-DP1,,6.2,11.0,False,reach
Megatron-310B-like_PP-heavy_TP8_PP16_DP8,deep_oversubscribed_global_bottleneck,relaxed,medium,TP1-PP3-DP2,,7.7,11.0,False,reach
Megatron-310B-like_PP-heavy_TP8_PP16_DP8,deep_oversubscribed_global_bottleneck,relaxed,medium,TP1-PP3-DP3,1.5962621833439998,10.2,11.0,True,
Megatron-310B-like_PP-heavy_TP8_PP16_DP8,deep_oversubscribed_global_bottleneck,relaxed,medium,TP2-PP1-DP1,,4.8,6.5,False,reach
Megatron-310B-like_PP-heavy_TP8_PP16_DP8,deep_oversubscribed_global_bottleneck,relaxed,medium,TP2-PP1-DP2,,6.3,6.5,False,reach
Megatron-310B-like_PP-heavy_TP8_PP16_DP8,deep_oversubscribed_global_bottleneck,relaxed,medium,TP2-PP1-DP3,,8.8,11.0,False,reach
Megatron-310B-like_PP-heavy_TP8_PP16_DP8,deep_oversubscribed_global_bottleneck,relaxed,medium,TP2-PP2-DP1,,6.0,6.5,False,reach
Megatron-310B-like_PP-heavy_TP8_PP16_DP8,deep_oversubscribed_global_bottleneck,relaxed,medium,TP2-PP2-DP2,,7.5,6.5,False,reach
Megatron-310B-like_PP-heavy_TP8_PP16_DP8,deep_oversubscribed_global_bottleneck,relaxed,medium,TP2-PP2-DP3,,10.0,11.0,False,reach
Megatron-310B-like_PP-heavy_TP8_PP16_DP8,deep_oversubscribed_global_bottleneck,relaxed,medium,TP2-PP3-DP1,,8.0,11.0,False,reach
Megatron-310B-like_PP-heavy_TP8_PP16_DP8,deep_oversubscribed_global_bottleneck,relaxed,medium,TP2-PP3-DP2,,9.5,11.0,False,reach
Megatron-310B-like_PP-heavy_TP8_PP16_DP8,deep_oversubscribed_global_bottleneck,relaxed,medium,TP2-PP3-DP3,2.138451538352,12.0,11.0,True,
Megatron-310B-like_PP-heavy_TP8_PP16_DP8,deep_oversubscribed_global_bottleneck,relaxed,medium,TP3-PP1-DP1,,7.8,11.0,False,reach
Megatron-310B-like_PP-heavy_TP8_PP16_DP8,deep_oversubscribed_global_bottleneck,relaxed,medium,TP3-PP1-DP2,,9.3,11.0,False,reach
Megatron-310B-like_PP-heavy_TP8_PP16_DP8,deep_oversubscribed_global_bottleneck,relaxed,medium,TP3-PP1-DP3,,11.8,11.0,False,reach
Megatron-310B-like_PP-heavy_TP8_PP16_DP8,deep_oversubscribed_global_bottleneck,relaxed,medium,TP3-PP2-DP1,,9.0,11.0,False,reach
Megatron-310B-like_PP-heavy_TP8_PP16_DP8,deep_oversubscribed_global_bottleneck,relaxed,medium,TP3-PP2-DP2,,10.5,11.0,False,reach
Megatron-310B-like_PP-heavy_TP8_PP16_DP8,deep_oversubscribed_global_bottleneck,relaxed,medium,TP3-PP2-DP3,,13.0,11.0,False,port+reach
Megatron-310B-like_PP-heavy_TP8_PP16_DP8,deep_oversubscribed_global_bottleneck,relaxed,medium,TP3-PP3-DP1,,11.0,11.0,False,reach
Megatron-310B-like_PP-heavy_TP8_PP16_DP8,deep_oversubscribed_global_bottleneck,relaxed,medium,TP3-PP3-DP2,,12.5,11.0,False,reach
Megatron-310B-like_PP-heavy_TP8_PP16_DP8,deep_oversubscribed_global_bottleneck,relaxed,medium,TP3-PP3-DP3,,15.0,11.0,False,port
Megatron-310B-like_PP-heavy_TP8_PP16_DP8,deep_oversubscribed_global_bottleneck,relaxed,high,TP1-PP1-DP1,,3.0,2.5,False,reach
Megatron-310B-like_PP-heavy_TP8_PP16_DP8,deep_oversubscribed_global_bottleneck,relaxed,high,TP1-PP1-DP2,,4.5,6.5,False,reach
Megatron-310B-like_PP-heavy_TP8_PP16_DP8,deep_oversubscribed_global_bottleneck,relaxed,high,TP1-PP1-DP3,,7.0,11.0,False,reach
Megatron-310B-like_PP-heavy_TP8_PP16_DP8,deep_oversubscribed_global_bottleneck,relaxed,high,TP1-PP2-DP1,,4.2,6.5,False,reach
Megatron-310B-like_PP-heavy_TP8_PP16_DP8,deep_oversubscribed_global_bottleneck,relaxed,high,TP1-PP2-DP2,,5.7,6.5,False,reach
Megatron-310B-like_PP-heavy_TP8_PP16_DP8,deep_oversubscribed_global_bottleneck,relaxed,high,TP1-PP2-DP3,,8.2,11.0,False,reach
Megatron-310B-like_PP-heavy_TP8_PP16_DP8,deep_oversubscribed_global_bottleneck,relaxed,high,TP1-PP3-DP1,,6.2,11.0,False,reach
Megatron-310B-like_PP-heavy_TP8_PP16_DP8,deep_oversubscribed_global_bottleneck,relaxed,high,TP1-PP3-DP2,,7.7,11.0,False,reach
Megatron-310B-like_PP-heavy_TP8_PP16_DP8,deep_oversubscribed_global_bottleneck,relaxed,high,TP1-PP3-DP3,1.5962621833439998,10.2,11.0,True,
Megatron-310B-like_PP-heavy_TP8_PP16_DP8,deep_oversubscribed_global_bottleneck,relaxed,high,TP2-PP1-DP1,,4.8,6.5,False,reach
Megatron-310B-like_PP-heavy_TP8_PP16_DP8,deep_oversubscribed_global_bottleneck,relaxed,high,TP2-PP1-DP2,,6.3,6.5,False,reach
Megatron-310B-like_PP-heavy_TP8_PP16_DP8,deep_oversubscribed_global_bottleneck,relaxed,high,TP2-PP1-DP3,,8.8,11.0,False,reach
Megatron-310B-like_PP-heavy_TP8_PP16_DP8,deep_oversubscribed_global_bottleneck,relaxed,high,TP2-PP2-DP1,,6.0,6.5,False,reach
Megatron-310B-like_PP-heavy_TP8_PP16_DP8,deep_oversubscribed_global_bottleneck,relaxed,high,TP2-PP2-DP2,,7.5,6.5,False,reach
Megatron-310B-like_PP-heavy_TP8_PP16_DP8,deep_oversubscribed_global_bottleneck,relaxed,high,TP2-PP2-DP3,,10.0,11.0,False,reach
Megatron-310B-like_PP-heavy_TP8_PP16_DP8,deep_oversubscribed_global_bottleneck,relaxed,high,TP2-PP3-DP1,,8.0,11.0,False,reach
Megatron-310B-like_PP-heavy_TP8_PP16_DP8,deep_oversubscribed_global_bottleneck,relaxed,high,TP2-PP3-DP2,,9.5,11.0,False,reach
Megatron-310B-like_PP-heavy_TP8_PP16_DP8,deep_oversubscribed_global_bottleneck,relaxed,high,TP2-PP3-DP3,2.138451538352,12.0,11.0,True,
Megatron-310B-like_PP-heavy_TP8_PP16_DP8,deep_oversubscribed_global_bottleneck,relaxed,high,TP3-PP1-DP1,,7.8,11.0,False,reach
Megatron-310B-like_PP-heavy_TP8_PP16_DP8,deep_oversubscribed_global_bottleneck,relaxed,high,TP3-PP1-DP2,,9.3,11.0,False,reach
Megatron-310B-like_PP-heavy_TP8_PP16_DP8,deep_oversubscribed_global_bottleneck,relaxed,high,TP3-PP1-DP3,,11.8,11.0,False,reach
Megatron-310B-like_PP-heavy_TP8_PP16_DP8,deep_oversubscribed_global_bottleneck,relaxed,high,TP3-PP2-DP1,,9.0,11.0,False,reach
Megatron-310B-like_PP-heavy_TP8_PP16_DP8,deep_oversubscribed_global_bottleneck,relaxed,high,TP3-PP2-DP2,,10.5,11.0,False,reach
Megatron-310B-like_PP-heavy_TP8_PP16_DP8,deep_oversubscribed_global_bottleneck,relaxed,high,TP3-PP2-DP3,,13.0,11.0,False,reach
Megatron-310B-like_PP-heavy_TP8_PP16_DP8,deep_oversubscribed_global_bottleneck,relaxed,high,TP3-PP3-DP1,,11.0,11.0,False,reach
Megatron-310B-like_PP-heavy_TP8_PP16_DP8,deep_oversubscribed_global_bottleneck,relaxed,high,TP3-PP3-DP2,,12.5,11.0,False,reach
Megatron-310B-like_PP-heavy_TP8_PP16_DP8,deep_oversubscribed_global_bottleneck,relaxed,high,TP3-PP3-DP3,4.529130238384,15.0,11.0,True,
Megatron-530B-like_large_PP-heavy_TP8_PP16_DP8,reach_only_depth_is_costly,strict,low,TP1-PP1-DP1,,3.0,2.5,False,reach
Megatron-530B-like_large_PP-heavy_TP8_PP16_DP8,reach_only_depth_is_costly,strict,low,TP1-PP1-DP2,,4.0,6.0,False,reach
Megatron-530B-like_large_PP-heavy_TP8_PP16_DP8,reach_only_depth_is_costly,strict,low,TP1-PP1-DP3,,6.0,10.0,False,reach
Megatron-530B-like_large_PP-heavy_TP8_PP16_DP8,reach_only_depth_is_costly,strict,low,TP1-PP2-DP1,,3.8,6.0,False,reach
Megatron-530B-like_large_PP-heavy_TP8_PP16_DP8,reach_only_depth_is_costly,strict,low,TP1-PP2-DP2,,4.8,6.0,False,reach
Megatron-530B-like_large_PP-heavy_TP8_PP16_DP8,reach_only_depth_is_costly,strict,low,TP1-PP2-DP3,,6.8,10.0,False,reach
Megatron-530B-like_large_PP-heavy_TP8_PP16_DP8,reach_only_depth_is_costly,strict,low,TP1-PP3-DP1,,5.4,10.0,False,reach
Megatron-530B-like_large_PP-heavy_TP8_PP16_DP8,reach_only_depth_is_costly,strict,low,TP1-PP3-DP2,,6.4,10.0,False,reach
Megatron-530B-like_large_PP-heavy_TP8_PP16_DP8,reach_only_depth_is_costly,strict,low,TP1-PP3-DP3,,8.4,10.0,False,port
Megatron-530B-like_large_PP-heavy_TP8_PP16_DP8,reach_only_depth_is_costly,strict,low,TP2-PP1-DP1,,4.2,6.0,False,reach
Megatron-530B-like_large_PP-heavy_TP8_PP16_DP8,reach_only_depth_is_costly,strict,low,TP2-PP1-DP2,,5.2,6.0,False,reach
Megatron-530B-like_large_PP-heavy_TP8_PP16_DP8,reach_only_depth_is_costly,strict,low,TP2-PP1-DP3,,7.2,10.0,False,port+reach
Megatron-530B-like_large_PP-heavy_TP8_PP16_DP8,reach_only_depth_is_costly,strict,low,TP2-PP2-DP1,,5.0,6.0,False,reach
Megatron-530B-like_large_PP-heavy_TP8_PP16_DP8,reach_only_depth_is_costly,strict,low,TP2-PP2-DP2,,6.0,6.0,False,reach
Megatron-530B-like_large_PP-heavy_TP8_PP16_DP8,reach_only_depth_is_costly,strict,low,TP2-PP2-DP3,,8.0,10.0,False,port+reach
Megatron-530B-like_large_PP-heavy_TP8_PP16_DP8,reach_only_depth_is_costly,strict,low,TP2-PP3-DP1,,6.6,10.0,False,reach
Megatron-530B-like_large_PP-heavy_TP8_PP16_DP8,reach_only_depth_is_costly,strict,low,TP2-PP3-DP2,,7.6,10.0,False,port+reach
Megatron-530B-like_large_PP-heavy_TP8_PP16_DP8,reach_only_depth_is_costly,strict,low,TP2-PP3-DP3,,9.6,10.0,False,port
Megatron-530B-like_large_PP-heavy_TP8_PP16_DP8,reach_only_depth_is_costly,strict,low,TP3-PP1-DP1,,6.6,10.0,False,reach
Megatron-530B-like_large_PP-heavy_TP8_PP16_DP8,reach_only_depth_is_costly,strict,low,TP3-PP1-DP2,,7.6,10.0,False,port+reach
Megatron-530B-like_large_PP-heavy_TP8_PP16_DP8,reach_only_depth_is_costly,strict,low,TP3-PP1-DP3,,9.6,10.0,False,port+reach
Megatron-530B-like_large_PP-heavy_TP8_PP16_DP8,reach_only_depth_is_costly,strict,low,TP3-PP2-DP1,,7.4,10.0,False,port+reach
Megatron-530B-like_large_PP-heavy_TP8_PP16_DP8,reach_only_depth_is_costly,strict,low,TP3-PP2-DP2,,8.4,10.0,False,port+reach
Megatron-530B-like_large_PP-heavy_TP8_PP16_DP8,reach_only_depth_is_costly,strict,low,TP3-PP2-DP3,,10.4,10.0,False,port+reach
Megatron-530B-like_large_PP-heavy_TP8_PP16_DP8,reach_only_depth_is_costly,strict,low,TP3-PP3-DP1,,9.0,10.0,False,port+reach
Megatron-530B-like_large_PP-heavy_TP8_PP16_DP8,reach_only_depth_is_costly,strict,low,TP3-PP3-DP2,,10.0,10.0,False,port+reach
Megatron-530B-like_large_PP-heavy_TP8_PP16_DP8,reach_only_depth_is_costly,strict,low,TP3-PP3-DP3,,12.0,10.0,False,port
Megatron-530B-like_large_PP-heavy_TP8_PP16_DP8,reach_only_depth_is_costly,strict,medium,TP1-PP1-DP1,,3.0,2.5,False,reach
Megatron-530B-like_large_PP-heavy_TP8_PP16_DP8,reach_only_depth_is_costly,strict,medium,TP1-PP1-DP2,,4.0,6.0,False,reach
Megatron-530B-like_large_PP-heavy_TP8_PP16_DP8,reach_only_depth_is_costly,strict,medium,TP1-PP1-DP3,,6.0,10.0,False,reach
Megatron-530B-like_large_PP-heavy_TP8_PP16_DP8,reach_only_depth_is_costly,strict,medium,TP1-PP2-DP1,,3.8,6.0,False,reach
Megatron-530B-like_large_PP-heavy_TP8_PP16_DP8,reach_only_depth_is_costly,strict,medium,TP1-PP2-DP2,,4.8,6.0,False,reach
Megatron-530B-like_large_PP-heavy_TP8_PP16_DP8,reach_only_depth_is_costly,strict,medium,TP1-PP2-DP3,,6.8,10.0,False,reach
Megatron-530B-like_large_PP-heavy_TP8_PP16_DP8,reach_only_depth_is_costly,strict,medium,TP1-PP3-DP1,,5.4,10.0,False,reach
Megatron-530B-like_large_PP-heavy_TP8_PP16_DP8,reach_only_depth_is_costly,strict,medium,TP1-PP3-DP2,,6.4,10.0,False,reach
Megatron-530B-like_large_PP-heavy_TP8_PP16_DP8,reach_only_depth_is_costly,strict,medium,TP1-PP3-DP3,1.981010593,8.4,10.0,True,
Megatron-530B-like_large_PP-heavy_TP8_PP16_DP8,reach_only_depth_is_costly,strict,medium,TP2-PP1-DP1,,4.2,6.0,False,reach
Megatron-530B-like_large_PP-heavy_TP8_PP16_DP8,reach_only_depth_is_costly,strict,medium,TP2-PP1-DP2,,5.2,6.0,False,reach
Megatron-530B-like_large_PP-heavy_TP8_PP16_DP8,reach_only_depth_is_costly,strict,medium,TP2-PP1-DP3,,7.2,10.0,False,reach
Megatron-530B-like_large_PP-heavy_TP8_PP16_DP8,reach_only_depth_is_costly,strict,medium,TP2-PP2-DP1,,5.0,6.0,False,reach
Megatron-530B-like_large_PP-heavy_TP8_PP16_DP8,reach_only_depth_is_costly,strict,medium,TP2-PP2-DP2,,6.0,6.0,False,reach
Megatron-530B-like_large_PP-heavy_TP8_PP16_DP8,reach_only_depth_is_costly,strict,medium,TP2-PP2-DP3,,8.0,10.0,False,reach
Megatron-530B-like_large_PP-heavy_TP8_PP16_DP8,reach_only_depth_is_costly,strict,medium,TP2-PP3-DP1,,6.6,10.0,False,reach
Megatron-530B-like_large_PP-heavy_TP8_PP16_DP8,reach_only_depth_is_costly,strict,medium,TP2-PP3-DP2,,7.6,10.0,False,reach
Megatron-530B-like_large_PP-heavy_TP8_PP16_DP8,reach_only_depth_is_costly,strict,medium,TP2-PP3-DP3,2.3433540682,9.6,10.0,True,
Megatron-530B-like_large_PP-heavy_TP8_PP16_DP8,reach_only_depth_is_costly,strict,medium,TP3-PP1-DP1,,6.6,10.0,False,reach
Megatron-530B-like_large_PP-heavy_TP8_PP16_DP8,reach_only_depth_is_costly,strict,medium,TP3-PP1-DP2,,7.6,10.0,False,reach
Megatron-530B-like_large_PP-heavy_TP8_PP16_DP8,reach_only_depth_is_costly,strict,medium,TP3-PP1-DP3,,9.6,10.0,False,reach
Megatron-530B-like_large_PP-heavy_TP8_PP16_DP8,reach_only_depth_is_costly,strict,medium,TP3-PP2-DP1,,7.4,10.0,False,reach
Megatron-530B-like_large_PP-heavy_TP8_PP16_DP8,reach_only_depth_is_costly,strict,medium,TP3-PP2-DP2,,8.4,10.0,False,reach
Megatron-530B-like_large_PP-heavy_TP8_PP16_DP8,reach_only_depth_is_costly,strict,medium,TP3-PP2-DP3,,10.4,10.0,False,reach
Megatron-530B-like_large_PP-heavy_TP8_PP16_DP8,reach_only_depth_is_costly,strict,medium,TP3-PP3-DP1,,9.0,10.0,False,reach
Megatron-530B-like_large_PP-heavy_TP8_PP16_DP8,reach_only_depth_is_costly,strict,medium,TP3-PP3-DP2,,10.0,10.0,False,reach
Megatron-530B-like_large_PP-heavy_TP8_PP16_DP8,reach_only_depth_is_costly,strict,medium,TP3-PP3-DP3,3.3777875018000003,12.0,10.0,True,
Megatron-530B-like_large_PP-heavy_TP8_PP16_DP8,reach_only_depth_is_costly,strict,high,TP1-PP1-DP1,,3.0,2.5,False,reach
Megatron-530B-like_large_PP-heavy_TP8_PP16_DP8,reach_only_depth_is_costly,strict,high,TP1-PP1-DP2,,4.0,6.0,False,reach
Megatron-530B-like_large_PP-heavy_TP8_PP16_DP8,reach_only_depth_is_costly,strict,high,TP1-PP1-DP3,,6.0,10.0,False,reach
Megatron-530B-like_large_PP-heavy_TP8_PP16_DP8,reach_only_depth_is_costly,strict,high,TP1-PP2-DP1,,3.8,6.0,False,reach
Megatron-530B-like_large_PP-heavy_TP8_PP16_DP8,reach_only_depth_is_costly,strict,high,TP1-PP2-DP2,,4.8,6.0,False,reach
Megatron-530B-like_large_PP-heavy_TP8_PP16_DP8,reach_only_depth_is_costly,strict,high,TP1-PP2-DP3,,6.8,10.0,False,reach
Megatron-530B-like_large_PP-heavy_TP8_PP16_DP8,reach_only_depth_is_costly,strict,high,TP1-PP3-DP1,,5.4,10.0,False,reach
Megatron-530B-like_large_PP-heavy_TP8_PP16_DP8,reach_only_depth_is_costly,strict,high,TP1-PP3-DP2,,6.4,10.0,False,reach
Megatron-530B-like_large_PP-heavy_TP8_PP16_DP8,reach_only_depth_is_costly,strict,high,TP1-PP3-DP3,1.981010593,8.4,10.0,True,
Megatron-530B-like_large_PP-heavy_TP8_PP16_DP8,reach_only_depth_is_costly,strict,high,TP2-PP1-DP1,,4.2,6.0,False,reach
Megatron-530B-like_large_PP-heavy_TP8_PP16_DP8,reach_only_depth_is_costly,strict,high,TP2-PP1-DP2,,5.2,6.0,False,reach
Megatron-530B-like_large_PP-heavy_TP8_PP16_DP8,reach_only_depth_is_costly,strict,high,TP2-PP1-DP3,,7.2,10.0,False,reach
Megatron-530B-like_large_PP-heavy_TP8_PP16_DP8,reach_only_depth_is_costly,strict,high,TP2-PP2-DP1,,5.0,6.0,False,reach
Megatron-530B-like_large_PP-heavy_TP8_PP16_DP8,reach_only_depth_is_costly,strict,high,TP2-PP2-DP2,,6.0,6.0,False,reach
Megatron-530B-like_large_PP-heavy_TP8_PP16_DP8,reach_only_depth_is_costly,strict,high,TP2-PP2-DP3,,8.0,10.0,False,reach
Megatron-530B-like_large_PP-heavy_TP8_PP16_DP8,reach_only_depth_is_costly,strict,high,TP2-PP3-DP1,,6.6,10.0,False,reach
Megatron-530B-like_large_PP-heavy_TP8_PP16_DP8,reach_only_depth_is_costly,strict,high,TP2-PP3-DP2,,7.6,10.0,False,reach
Megatron-530B-like_large_PP-heavy_TP8_PP16_DP8,reach_only_depth_is_costly,strict,high,TP2-PP3-DP3,2.3433540682,9.6,10.0,True,
Megatron-530B-like_large_PP-heavy_TP8_PP16_DP8,reach_only_depth_is_costly,strict,high,TP3-PP1-DP1,,6.6,10.0,False,reach
Megatron-530B-like_large_PP-heavy_TP8_PP16_DP8,reach_only_depth_is_costly,strict,high,TP3-PP1-DP2,,7.6,10.0,False,reach
Megatron-530B-like_large_PP-heavy_TP8_PP16_DP8,reach_only_depth_is_costly,strict,high,TP3-PP1-DP3,,9.6,10.0,False,reach
Megatron-530B-like_large_PP-heavy_TP8_PP16_DP8,reach_only_depth_is_costly,strict,high,TP3-PP2-DP1,,7.4,10.0,False,reach
Megatron-530B-like_large_PP-heavy_TP8_PP16_DP8,reach_only_depth_is_costly,strict,high,TP3-PP2-DP2,,8.4,10.0,False,reach
Megatron-530B-like_large_PP-heavy_TP8_PP16_DP8,reach_only_depth_is_costly,strict,high,TP3-PP2-DP3,,10.4,10.0,False,reach
Megatron-530B-like_large_PP-heavy_TP8_PP16_DP8,reach_only_depth_is_costly,strict,high,TP3-PP3-DP1,,9.0,10.0,False,reach
Megatron-530B-like_large_PP-heavy_TP8_PP16_DP8,reach_only_depth_is_costly,strict,high,TP3-PP3-DP2,,10.0,10.0,False,reach
Megatron-530B-like_large_PP-heavy_TP8_PP16_DP8,reach_only_depth_is_costly,strict,high,TP3-PP3-DP3,3.3777875018000003,12.0,10.0,True,
Megatron-530B-like_large_PP-heavy_TP8_PP16_DP8,reach_only_depth_is_costly,medium,low,TP1-PP1-DP1,,3.0,2.5,False,reach
Megatron-530B-like_large_PP-heavy_TP8_PP16_DP8,reach_only_depth_is_costly,medium,low,TP1-PP1-DP2,,4.0,6.0,False,reach
Megatron-530B-like_large_PP-heavy_TP8_PP16_DP8,reach_only_depth_is_costly,medium,low,TP1-PP1-DP3,,6.0,10.0,False,reach
Megatron-530B-like_large_PP-heavy_TP8_PP16_DP8,reach_only_depth_is_costly,medium,low,TP1-PP2-DP1,,3.8,6.0,False,reach
Megatron-530B-like_large_PP-heavy_TP8_PP16_DP8,reach_only_depth_is_costly,medium,low,TP1-PP2-DP2,,4.8,6.0,False,reach
Megatron-530B-like_large_PP-heavy_TP8_PP16_DP8,reach_only_depth_is_costly,medium,low,TP1-PP2-DP3,,6.8,10.0,False,reach
Megatron-530B-like_large_PP-heavy_TP8_PP16_DP8,reach_only_depth_is_costly,medium,low,TP1-PP3-DP1,,5.4,10.0,False,reach
Megatron-530B-like_large_PP-heavy_TP8_PP16_DP8,reach_only_depth_is_costly,medium,low,TP1-PP3-DP2,,6.4,10.0,False,reach
Megatron-530B-like_large_PP-heavy_TP8_PP16_DP8,reach_only_depth_is_costly,medium,low,TP1-PP3-DP3,,8.4,10.0,False,port
Megatron-530B-like_large_PP-heavy_TP8_PP16_DP8,reach_only_depth_is_costly,medium,low,TP2-PP1-DP1,,4.2,6.0,False,reach
Megatron-530B-like_large_PP-heavy_TP8_PP16_DP8,reach_only_depth_is_costly,medium,low,TP2-PP1-DP2,,5.2,6.0,False,reach
Megatron-530B-like_large_PP-heavy_TP8_PP16_DP8,reach_only_depth_is_costly,medium,low,TP2-PP1-DP3,,7.2,10.0,False,port+reach
Megatron-530B-like_large_PP-heavy_TP8_PP16_DP8,reach_only_depth_is_costly,medium,low,TP2-PP2-DP1,,5.0,6.0,False,reach
Megatron-530B-like_large_PP-heavy_TP8_PP16_DP8,reach_only_depth_is_costly,medium,low,TP2-PP2-DP2,,6.0,6.0,False,reach
Megatron-530B-like_large_PP-heavy_TP8_PP16_DP8,reach_only_depth_is_costly,medium,low,TP2-PP2-DP3,,8.0,10.0,False,port+reach
Megatron-530B-like_large_PP-heavy_TP8_PP16_DP8,reach_only_depth_is_costly,medium,low,TP2-PP3-DP1,,6.6,10.0,False,reach
Megatron-530B-like_large_PP-heavy_TP8_PP16_DP8,reach_only_depth_is_costly,medium,low,TP2-PP3-DP2,,7.6,10.0,False,port+reach
Megatron-530B-like_large_PP-heavy_TP8_PP16_DP8,reach_only_depth_is_costly,medium,low,TP2-PP3-DP3,,9.6,10.0,False,port
Megatron-530B-like_large_PP-heavy_TP8_PP16_DP8,reach_only_depth_is_costly,medium,low,TP3-PP1-DP1,,6.6,10.0,False,reach
Megatron-530B-like_large_PP-heavy_TP8_PP16_DP8,reach_only_depth_is_costly,medium,low,TP3-PP1-DP2,,7.6,10.0,False,port+reach
Megatron-530B-like_large_PP-heavy_TP8_PP16_DP8,reach_only_depth_is_costly,medium,low,TP3-PP1-DP3,,9.6,10.0,False,port+reach
Megatron-530B-like_large_PP-heavy_TP8_PP16_DP8,reach_only_depth_is_costly,medium,low,TP3-PP2-DP1,,7.4,10.0,False,port+reach
Megatron-530B-like_large_PP-heavy_TP8_PP16_DP8,reach_only_depth_is_costly,medium,low,TP3-PP2-DP2,,8.4,10.0,False,port+reach
Megatron-530B-like_large_PP-heavy_TP8_PP16_DP8,reach_only_depth_is_costly,medium,low,TP3-PP2-DP3,,10.4,10.0,False,port+reach
Megatron-530B-like_large_PP-heavy_TP8_PP16_DP8,reach_only_depth_is_costly,medium,low,TP3-PP3-DP1,,9.0,10.0,False,port+reach
Megatron-530B-like_large_PP-heavy_TP8_PP16_DP8,reach_only_depth_is_costly,medium,low,TP3-PP3-DP2,,10.0,10.0,False,port+reach
Megatron-530B-like_large_PP-heavy_TP8_PP16_DP8,reach_only_depth_is_costly,medium,low,TP3-PP3-DP3,,12.0,10.0,False,port
Megatron-530B-like_large_PP-heavy_TP8_PP16_DP8,reach_only_depth_is_costly,medium,medium,TP1-PP1-DP1,,3.0,2.5,False,reach
Megatron-530B-like_large_PP-heavy_TP8_PP16_DP8,reach_only_depth_is_costly,medium,medium,TP1-PP1-DP2,,4.0,6.0,False,reach
Megatron-530B-like_large_PP-heavy_TP8_PP16_DP8,reach_only_depth_is_costly,medium,medium,TP1-PP1-DP3,,6.0,10.0,False,reach
Megatron-530B-like_large_PP-heavy_TP8_PP16_DP8,reach_only_depth_is_costly,medium,medium,TP1-PP2-DP1,,3.8,6.0,False,reach
Megatron-530B-like_large_PP-heavy_TP8_PP16_DP8,reach_only_depth_is_costly,medium,medium,TP1-PP2-DP2,,4.8,6.0,False,reach
Megatron-530B-like_large_PP-heavy_TP8_PP16_DP8,reach_only_depth_is_costly,medium,medium,TP1-PP2-DP3,,6.8,10.0,False,reach
Megatron-530B-like_large_PP-heavy_TP8_PP16_DP8,reach_only_depth_is_costly,medium,medium,TP1-PP3-DP1,,5.4,10.0,False,reach
Megatron-530B-like_large_PP-heavy_TP8_PP16_DP8,reach_only_depth_is_costly,medium,medium,TP1-PP3-DP2,,6.4,10.0,False,reach
Megatron-530B-like_large_PP-heavy_TP8_PP16_DP8,reach_only_depth_is_costly,medium,medium,TP1-PP3-DP3,1.981010593,8.4,10.0,True,
Megatron-530B-like_large_PP-heavy_TP8_PP16_DP8,reach_only_depth_is_costly,medium,medium,TP2-PP1-DP1,,4.2,6.0,False,reach
Megatron-530B-like_large_PP-heavy_TP8_PP16_DP8,reach_only_depth_is_costly,medium,medium,TP2-PP1-DP2,,5.2,6.0,False,reach
Megatron-530B-like_large_PP-heavy_TP8_PP16_DP8,reach_only_depth_is_costly,medium,medium,TP2-PP1-DP3,,7.2,10.0,False,reach
Megatron-530B-like_large_PP-heavy_TP8_PP16_DP8,reach_only_depth_is_costly,medium,medium,TP2-PP2-DP1,,5.0,6.0,False,reach
Megatron-530B-like_large_PP-heavy_TP8_PP16_DP8,reach_only_depth_is_costly,medium,medium,TP2-PP2-DP2,,6.0,6.0,False,reach
Megatron-530B-like_large_PP-heavy_TP8_PP16_DP8,reach_only_depth_is_costly,medium,medium,TP2-PP2-DP3,,8.0,10.0,False,reach
Megatron-530B-like_large_PP-heavy_TP8_PP16_DP8,reach_only_depth_is_costly,medium,medium,TP2-PP3-DP1,,6.6,10.0,False,reach
Megatron-530B-like_large_PP-heavy_TP8_PP16_DP8,reach_only_depth_is_costly,medium,medium,TP2-PP3-DP2,,7.6,10.0,False,reach
Megatron-530B-like_large_PP-heavy_TP8_PP16_DP8,reach_only_depth_is_costly,medium,medium,TP2-PP3-DP3,2.3433540682,9.6,10.0,True,
Megatron-530B-like_large_PP-heavy_TP8_PP16_DP8,reach_only_depth_is_costly,medium,medium,TP3-PP1-DP1,,6.6,10.0,False,reach
Megatron-530B-like_large_PP-heavy_TP8_PP16_DP8,reach_only_depth_is_costly,medium,medium,TP3-PP1-DP2,,7.6,10.0,False,reach
Megatron-530B-like_large_PP-heavy_TP8_PP16_DP8,reach_only_depth_is_costly,medium,medium,TP3-PP1-DP3,,9.6,10.0,False,reach
Megatron-530B-like_large_PP-heavy_TP8_PP16_DP8,reach_only_depth_is_costly,medium,medium,TP3-PP2-DP1,,7.4,10.0,False,reach
Megatron-530B-like_large_PP-heavy_TP8_PP16_DP8,reach_only_depth_is_costly,medium,medium,TP3-PP2-DP2,,8.4,10.0,False,reach
Megatron-530B-like_large_PP-heavy_TP8_PP16_DP8,reach_only_depth_is_costly,medium,medium,TP3-PP2-DP3,,10.4,10.0,False,reach
Megatron-530B-like_large_PP-heavy_TP8_PP16_DP8,reach_only_depth_is_costly,medium,medium,TP3-PP3-DP1,,9.0,10.0,False,reach
Megatron-530B-like_large_PP-heavy_TP8_PP16_DP8,reach_only_depth_is_costly,medium,medium,TP3-PP3-DP2,,10.0,10.0,False,reach
Megatron-530B-like_large_PP-heavy_TP8_PP16_DP8,reach_only_depth_is_costly,medium,medium,TP3-PP3-DP3,3.3777875018000003,12.0,10.0,True,
Megatron-530B-like_large_PP-heavy_TP8_PP16_DP8,reach_only_depth_is_costly,medium,high,TP1-PP1-DP1,,3.0,2.5,False,reach
Megatron-530B-like_large_PP-heavy_TP8_PP16_DP8,reach_only_depth_is_costly,medium,high,TP1-PP1-DP2,,4.0,6.0,False,reach
Megatron-530B-like_large_PP-heavy_TP8_PP16_DP8,reach_only_depth_is_costly,medium,high,TP1-PP1-DP3,,6.0,10.0,False,reach
Megatron-530B-like_large_PP-heavy_TP8_PP16_DP8,reach_only_depth_is_costly,medium,high,TP1-PP2-DP1,,3.8,6.0,False,reach
Megatron-530B-like_large_PP-heavy_TP8_PP16_DP8,reach_only_depth_is_costly,medium,high,TP1-PP2-DP2,,4.8,6.0,False,reach
Megatron-530B-like_large_PP-heavy_TP8_PP16_DP8,reach_only_depth_is_costly,medium,high,TP1-PP2-DP3,,6.8,10.0,False,reach
Megatron-530B-like_large_PP-heavy_TP8_PP16_DP8,reach_only_depth_is_costly,medium,high,TP1-PP3-DP1,,5.4,10.0,False,reach
Megatron-530B-like_large_PP-heavy_TP8_PP16_DP8,reach_only_depth_is_costly,medium,high,TP1-PP3-DP2,,6.4,10.0,False,reach
Megatron-530B-like_large_PP-heavy_TP8_PP16_DP8,reach_only_depth_is_costly,medium,high,TP1-PP3-DP3,1.981010593,8.4,10.0,True,
Megatron-530B-like_large_PP-heavy_TP8_PP16_DP8,reach_only_depth_is_costly,medium,high,TP2-PP1-DP1,,4.2,6.0,False,reach
Megatron-530B-like_large_PP-heavy_TP8_PP16_DP8,reach_only_depth_is_costly,medium,high,TP2-PP1-DP2,,5.2,6.0,False,reach
Megatron-530B-like_large_PP-heavy_TP8_PP16_DP8,reach_only_depth_is_costly,medium,high,TP2-PP1-DP3,,7.2,10.0,False,reach
Megatron-530B-like_large_PP-heavy_TP8_PP16_DP8,reach_only_depth_is_costly,medium,high,TP2-PP2-DP1,,5.0,6.0,False,reach
Megatron-530B-like_large_PP-heavy_TP8_PP16_DP8,reach_only_depth_is_costly,medium,high,TP2-PP2-DP2,,6.0,6.0,False,reach
Megatron-530B-like_large_PP-heavy_TP8_PP16_DP8,reach_only_depth_is_costly,medium,high,TP2-PP2-DP3,,8.0,10.0,False,reach
Megatron-530B-like_large_PP-heavy_TP8_PP16_DP8,reach_only_depth_is_costly,medium,high,TP2-PP3-DP1,,6.6,10.0,False,reach
Megatron-530B-like_large_PP-heavy_TP8_PP16_DP8,reach_only_depth_is_costly,medium,high,TP2-PP3-DP2,,7.6,10.0,False,reach
Megatron-530B-like_large_PP-heavy_TP8_PP16_DP8,reach_only_depth_is_costly,medium,high,TP2-PP3-DP3,2.3433540682,9.6,10.0,True,
Megatron-530B-like_large_PP-heavy_TP8_PP16_DP8,reach_only_depth_is_costly,medium,high,TP3-PP1-DP1,,6.6,10.0,False,reach
Megatron-530B-like_large_PP-heavy_TP8_PP16_DP8,reach_only_depth_is_costly,medium,high,TP3-PP1-DP2,,7.6,10.0,False,reach
Megatron-530B-like_large_PP-heavy_TP8_PP16_DP8,reach_only_depth_is_costly,medium,high,TP3-PP1-DP3,,9.6,10.0,False,reach
Megatron-530B-like_large_PP-heavy_TP8_PP16_DP8,reach_only_depth_is_costly,medium,high,TP3-PP2-DP1,,7.4,10.0,False,reach
Megatron-530B-like_large_PP-heavy_TP8_PP16_DP8,reach_only_depth_is_costly,medium,high,TP3-PP2-DP2,,8.4,10.0,False,reach
Megatron-530B-like_large_PP-heavy_TP8_PP16_DP8,reach_only_depth_is_costly,medium,high,TP3-PP2-DP3,,10.4,10.0,False,reach
Megatron-530B-like_large_PP-heavy_TP8_PP16_DP8,reach_only_depth_is_costly,medium,high,TP3-PP3-DP1,,9.0,10.0,False,reach
Megatron-530B-like_large_PP-heavy_TP8_PP16_DP8,reach_only_depth_is_costly,medium,high,TP3-PP3-DP2,,10.0,10.0,False,reach
Megatron-530B-like_large_PP-heavy_TP8_PP16_DP8,reach_only_depth_is_costly,medium,high,TP3-PP3-DP3,3.3777875018000003,12.0,10.0,True,
Megatron-530B-like_large_PP-heavy_TP8_PP16_DP8,reach_only_depth_is_costly,relaxed,low,TP1-PP1-DP1,,3.0,2.5,False,reach
Megatron-530B-like_large_PP-heavy_TP8_PP16_DP8,reach_only_depth_is_costly,relaxed,low,TP1-PP1-DP2,,4.0,6.0,False,reach
Megatron-530B-like_large_PP-heavy_TP8_PP16_DP8,reach_only_depth_is_costly,relaxed,low,TP1-PP1-DP3,,6.0,10.0,False,reach
Megatron-530B-like_large_PP-heavy_TP8_PP16_DP8,reach_only_depth_is_costly,relaxed,low,TP1-PP2-DP1,,3.8,6.0,False,reach
Megatron-530B-like_large_PP-heavy_TP8_PP16_DP8,reach_only_depth_is_costly,relaxed,low,TP1-PP2-DP2,,4.8,6.0,False,reach
Megatron-530B-like_large_PP-heavy_TP8_PP16_DP8,reach_only_depth_is_costly,relaxed,low,TP1-PP2-DP3,,6.8,10.0,False,reach
Megatron-530B-like_large_PP-heavy_TP8_PP16_DP8,reach_only_depth_is_costly,relaxed,low,TP1-PP3-DP1,,5.4,10.0,False,reach
Megatron-530B-like_large_PP-heavy_TP8_PP16_DP8,reach_only_depth_is_costly,relaxed,low,TP1-PP3-DP2,,6.4,10.0,False,reach
Megatron-530B-like_large_PP-heavy_TP8_PP16_DP8,reach_only_depth_is_costly,relaxed,low,TP1-PP3-DP3,,8.4,10.0,False,port
Megatron-530B-like_large_PP-heavy_TP8_PP16_DP8,reach_only_depth_is_costly,relaxed,low,TP2-PP1-DP1,,4.2,6.0,False,reach
Megatron-530B-like_large_PP-heavy_TP8_PP16_DP8,reach_only_depth_is_costly,relaxed,low,TP2-PP1-DP2,,5.2,6.0,False,reach
Megatron-530B-like_large_PP-heavy_TP8_PP16_DP8,reach_only_depth_is_costly,relaxed,low,TP2-PP1-DP3,,7.2,10.0,False,port+reach
Megatron-530B-like_large_PP-heavy_TP8_PP16_DP8,reach_only_depth_is_costly,relaxed,low,TP2-PP2-DP1,,5.0,6.0,False,reach
Megatron-530B-like_large_PP-heavy_TP8_PP16_DP8,reach_only_depth_is_costly,relaxed,low,TP2-PP2-DP2,,6.0,6.0,False,reach
Megatron-530B-like_large_PP-heavy_TP8_PP16_DP8,reach_only_depth_is_costly,relaxed,low,TP2-PP2-DP3,,8.0,10.0,False,port+reach
Megatron-530B-like_large_PP-heavy_TP8_PP16_DP8,reach_only_depth_is_costly,relaxed,low,TP2-PP3-DP1,,6.6,10.0,False,reach
Megatron-530B-like_large_PP-heavy_TP8_PP16_DP8,reach_only_depth_is_costly,relaxed,low,TP2-PP3-DP2,,7.6,10.0,False,port+reach
Megatron-530B-like_large_PP-heavy_TP8_PP16_DP8,reach_only_depth_is_costly,relaxed,low,TP2-PP3-DP3,,9.6,10.0,False,port
Megatron-530B-like_large_PP-heavy_TP8_PP16_DP8,reach_only_depth_is_costly,relaxed,low,TP3-PP1-DP1,,6.6,10.0,False,reach
Megatron-530B-like_large_PP-heavy_TP8_PP16_DP8,reach_only_depth_is_costly,relaxed,low,TP3-PP1-DP2,,7.6,10.0,False,port+reach
Megatron-530B-like_large_PP-heavy_TP8_PP16_DP8,reach_only_depth_is_costly,relaxed,low,TP3-PP1-DP3,,9.6,10.0,False,port+reach
Megatron-530B-like_large_PP-heavy_TP8_PP16_DP8,reach_only_depth_is_costly,relaxed,low,TP3-PP2-DP1,,7.4,10.0,False,port+reach
Megatron-530B-like_large_PP-heavy_TP8_PP16_DP8,reach_only_depth_is_costly,relaxed,low,TP3-PP2-DP2,,8.4,10.0,False,port+reach
Megatron-530B-like_large_PP-heavy_TP8_PP16_DP8,reach_only_depth_is_costly,relaxed,low,TP3-PP2-DP3,,10.4,10.0,False,port+reach
Megatron-530B-like_large_PP-heavy_TP8_PP16_DP8,reach_only_depth_is_costly,relaxed,low,TP3-PP3-DP1,,9.0,10.0,False,port+reach
Megatron-530B-like_large_PP-heavy_TP8_PP16_DP8,reach_only_depth_is_costly,relaxed,low,TP3-PP3-DP2,,10.0,10.0,False,port+reach
Megatron-530B-like_large_PP-heavy_TP8_PP16_DP8,reach_only_depth_is_costly,relaxed,low,TP3-PP3-DP3,,12.0,10.0,False,port
Megatron-530B-like_large_PP-heavy_TP8_PP16_DP8,reach_only_depth_is_costly,relaxed,medium,TP1-PP1-DP1,,3.0,2.5,False,reach
Megatron-530B-like_large_PP-heavy_TP8_PP16_DP8,reach_only_depth_is_costly,relaxed,medium,TP1-PP1-DP2,,4.0,6.0,False,reach
Megatron-530B-like_large_PP-heavy_TP8_PP16_DP8,reach_only_depth_is_costly,relaxed,medium,TP1-PP1-DP3,,6.0,10.0,False,reach
Megatron-530B-like_large_PP-heavy_TP8_PP16_DP8,reach_only_depth_is_costly,relaxed,medium,TP1-PP2-DP1,,3.8,6.0,False,reach
Megatron-530B-like_large_PP-heavy_TP8_PP16_DP8,reach_only_depth_is_costly,relaxed,medium,TP1-PP2-DP2,,4.8,6.0,False,reach
Megatron-530B-like_large_PP-heavy_TP8_PP16_DP8,reach_only_depth_is_costly,relaxed,medium,TP1-PP2-DP3,,6.8,10.0,False,reach
Megatron-530B-like_large_PP-heavy_TP8_PP16_DP8,reach_only_depth_is_costly,relaxed,medium,TP1-PP3-DP1,,5.4,10.0,False,reach
Megatron-530B-like_large_PP-heavy_TP8_PP16_DP8,reach_only_depth_is_costly,relaxed,medium,TP1-PP3-DP2,,6.4,10.0,False,reach
Megatron-530B-like_large_PP-heavy_TP8_PP16_DP8,reach_only_depth_is_costly,relaxed,medium,TP1-PP3-DP3,1.981010593,8.4,10.0,True,
Megatron-530B-like_large_PP-heavy_TP8_PP16_DP8,reach_only_depth_is_costly,relaxed,medium,TP2-PP1-DP1,,4.2,6.0,False,reach
Megatron-530B-like_large_PP-heavy_TP8_PP16_DP8,reach_only_depth_is_costly,relaxed,medium,TP2-PP1-DP2,,5.2,6.0,False,reach
Megatron-530B-like_large_PP-heavy_TP8_PP16_DP8,reach_only_depth_is_costly,relaxed,medium,TP2-PP1-DP3,,7.2,10.0,False,reach
Megatron-530B-like_large_PP-heavy_TP8_PP16_DP8,reach_only_depth_is_costly,relaxed,medium,TP2-PP2-DP1,,5.0,6.0,False,reach
Megatron-530B-like_large_PP-heavy_TP8_PP16_DP8,reach_only_depth_is_costly,relaxed,medium,TP2-PP2-DP2,,6.0,6.0,False,reach
Megatron-530B-like_large_PP-heavy_TP8_PP16_DP8,reach_only_depth_is_costly,relaxed,medium,TP2-PP2-DP3,,8.0,10.0,False,reach
Megatron-530B-like_large_PP-heavy_TP8_PP16_DP8,reach_only_depth_is_costly,relaxed,medium,TP2-PP3-DP1,,6.6,10.0,False,reach
Megatron-530B-like_large_PP-heavy_TP8_PP16_DP8,reach_only_depth_is_costly,relaxed,medium,TP2-PP3-DP2,,7.6,10.0,False,reach
Megatron-530B-like_large_PP-heavy_TP8_PP16_DP8,reach_only_depth_is_costly,relaxed,medium,TP2-PP3-DP3,2.3433540682,9.6,10.0,True,
Megatron-530B-like_large_PP-heavy_TP8_PP16_DP8,reach_only_depth_is_costly,relaxed,medium,TP3-PP1-DP1,,6.6,10.0,False,reach
Megatron-530B-like_large_PP-heavy_TP8_PP16_DP8,reach_only_depth_is_costly,relaxed,medium,TP3-PP1-DP2,,7.6,10.0,False,reach
Megatron-530B-like_large_PP-heavy_TP8_PP16_DP8,reach_only_depth_is_costly,relaxed,medium,TP3-PP1-DP3,,9.6,10.0,False,reach
Megatron-530B-like_large_PP-heavy_TP8_PP16_DP8,reach_only_depth_is_costly,relaxed,medium,TP3-PP2-DP1,,7.4,10.0,False,reach
Megatron-530B-like_large_PP-heavy_TP8_PP16_DP8,reach_only_depth_is_costly,relaxed,medium,TP3-PP2-DP2,,8.4,10.0,False,reach
Megatron-530B-like_large_PP-heavy_TP8_PP16_DP8,reach_only_depth_is_costly,relaxed,medium,TP3-PP2-DP3,,10.4,10.0,False,reach
Megatron-530B-like_large_PP-heavy_TP8_PP16_DP8,reach_only_depth_is_costly,relaxed,medium,TP3-PP3-DP1,,9.0,10.0,False,reach
Megatron-530B-like_large_PP-heavy_TP8_PP16_DP8,reach_only_depth_is_costly,relaxed,medium,TP3-PP3-DP2,,10.0,10.0,False,reach
Megatron-530B-like_large_PP-heavy_TP8_PP16_DP8,reach_only_depth_is_costly,relaxed,medium,TP3-PP3-DP3,3.3777875018000003,12.0,10.0,True,
Megatron-530B-like_large_PP-heavy_TP8_PP16_DP8,reach_only_depth_is_costly,relaxed,high,TP1-PP1-DP1,,3.0,2.5,False,reach
Megatron-530B-like_large_PP-heavy_TP8_PP16_DP8,reach_only_depth_is_costly,relaxed,high,TP1-PP1-DP2,,4.0,6.0,False,reach
Megatron-530B-like_large_PP-heavy_TP8_PP16_DP8,reach_only_depth_is_costly,relaxed,high,TP1-PP1-DP3,,6.0,10.0,False,reach
Megatron-530B-like_large_PP-heavy_TP8_PP16_DP8,reach_only_depth_is_costly,relaxed,high,TP1-PP2-DP1,,3.8,6.0,False,reach
Megatron-530B-like_large_PP-heavy_TP8_PP16_DP8,reach_only_depth_is_costly,relaxed,high,TP1-PP2-DP2,,4.8,6.0,False,reach
Megatron-530B-like_large_PP-heavy_TP8_PP16_DP8,reach_only_depth_is_costly,relaxed,high,TP1-PP2-DP3,,6.8,10.0,False,reach
Megatron-530B-like_large_PP-heavy_TP8_PP16_DP8,reach_only_depth_is_costly,relaxed,high,TP1-PP3-DP1,,5.4,10.0,False,reach
Megatron-530B-like_large_PP-heavy_TP8_PP16_DP8,reach_only_depth_is_costly,relaxed,high,TP1-PP3-DP2,,6.4,10.0,False,reach
Megatron-530B-like_large_PP-heavy_TP8_PP16_DP8,reach_only_depth_is_costly,relaxed,high,TP1-PP3-DP3,1.981010593,8.4,10.0,True,
Megatron-530B-like_large_PP-heavy_TP8_PP16_DP8,reach_only_depth_is_costly,relaxed,high,TP2-PP1-DP1,,4.2,6.0,False,reach
Megatron-530B-like_large_PP-heavy_TP8_PP16_DP8,reach_only_depth_is_costly,relaxed,high,TP2-PP1-DP2,,5.2,6.0,False,reach
Megatron-530B-like_large_PP-heavy_TP8_PP16_DP8,reach_only_depth_is_costly,relaxed,high,TP2-PP1-DP3,,7.2,10.0,False,reach
Megatron-530B-like_large_PP-heavy_TP8_PP16_DP8,reach_only_depth_is_costly,relaxed,high,TP2-PP2-DP1,,5.0,6.0,False,reach
Megatron-530B-like_large_PP-heavy_TP8_PP16_DP8,reach_only_depth_is_costly,relaxed,high,TP2-PP2-DP2,,6.0,6.0,False,reach
Megatron-530B-like_large_PP-heavy_TP8_PP16_DP8,reach_only_depth_is_costly,relaxed,high,TP2-PP2-DP3,,8.0,10.0,False,reach
Megatron-530B-like_large_PP-heavy_TP8_PP16_DP8,reach_only_depth_is_costly,relaxed,high,TP2-PP3-DP1,,6.6,10.0,False,reach
Megatron-530B-like_large_PP-heavy_TP8_PP16_DP8,reach_only_depth_is_costly,relaxed,high,TP2-PP3-DP2,,7.6,10.0,False,reach
Megatron-530B-like_large_PP-heavy_TP8_PP16_DP8,reach_only_depth_is_costly,relaxed,high,TP2-PP3-DP3,2.3433540682,9.6,10.0,True,
Megatron-530B-like_large_PP-heavy_TP8_PP16_DP8,reach_only_depth_is_costly,relaxed,high,TP3-PP1-DP1,,6.6,10.0,False,reach
Megatron-530B-like_large_PP-heavy_TP8_PP16_DP8,reach_only_depth_is_costly,relaxed,high,TP3-PP1-DP2,,7.6,10.0,False,reach
Megatron-530B-like_large_PP-heavy_TP8_PP16_DP8,reach_only_depth_is_costly,relaxed,high,TP3-PP1-DP3,,9.6,10.0,False,reach
Megatron-530B-like_large_PP-heavy_TP8_PP16_DP8,reach_only_depth_is_costly,relaxed,high,TP3-PP2-DP1,,7.4,10.0,False,reach
Megatron-530B-like_large_PP-heavy_TP8_PP16_DP8,reach_only_depth_is_costly,relaxed,high,TP3-PP2-DP2,,8.4,10.0,False,reach
Megatron-530B-like_large_PP-heavy_TP8_PP16_DP8,reach_only_depth_is_costly,relaxed,high,TP3-PP2-DP3,,10.4,10.0,False,reach
Megatron-530B-like_large_PP-heavy_TP8_PP16_DP8,reach_only_depth_is_costly,relaxed,high,TP3-PP3-DP1,,9.0,10.0,False,reach
Megatron-530B-like_large_PP-heavy_TP8_PP16_DP8,reach_only_depth_is_costly,relaxed,high,TP3-PP3-DP2,,10.0,10.0,False,reach
Megatron-530B-like_large_PP-heavy_TP8_PP16_DP8,reach_only_depth_is_costly,relaxed,high,TP3-PP3-DP3,3.3777875018000003,12.0,10.0,True,
Megatron-530B-like_large_PP-heavy_TP8_PP16_DP8,extra_parallelism_bandwidth_steering,strict,low,TP1-PP1-DP1,,3.0,2.5,False,reach
Megatron-530B-like_large_PP-heavy_TP8_PP16_DP8,extra_parallelism_bandwidth_steering,strict,low,TP1-PP1-DP2,,5.0,6.5,False,reach
Megatron-530B-like_large_PP-heavy_TP8_PP16_DP8,extra_parallelism_bandwidth_steering,strict,low,TP1-PP1-DP3,,8.0,10.5,False,loss+port+reach
Megatron-530B-like_large_PP-heavy_TP8_PP16_DP8,extra_parallelism_bandwidth_steering,strict,low,TP1-PP2-DP1,,4.6000000000000005,6.5,False,reach
Megatron-530B-like_large_PP-heavy_TP8_PP16_DP8,extra_parallelism_bandwidth_steering,strict,low,TP1-PP2-DP2,,6.6000000000000005,6.5,False,reach
Megatron-530B-like_large_PP-heavy_TP8_PP16_DP8,extra_parallelism_bandwidth_steering,strict,low,TP1-PP2-DP3,,9.600000000000001,10.5,False,loss+port+reach
Megatron-530B-like_large_PP-heavy_TP8_PP16_DP8,extra_parallelism_bandwidth_steering,strict,low,TP1-PP3-DP1,,7.000000000000001,10.5,False,loss+port+reach
Megatron-530B-like_large_PP-heavy_TP8_PP16_DP8,extra_parallelism_bandwidth_steering,strict,low,TP1-PP3-DP2,,9.0,10.5,False,loss+port+reach
Megatron-530B-like_large_PP-heavy_TP8_PP16_DP8,extra_parallelism_bandwidth_steering,strict,low,TP1-PP3-DP3,,12.0,10.5,False,loss+port
Megatron-530B-like_large_PP-heavy_TP8_PP16_DP8,extra_parallelism_bandwidth_steering,strict,low,TP2-PP1-DP1,,5.3999999999999995,6.5,False,reach
Megatron-530B-like_large_PP-heavy_TP8_PP16_DP8,extra_parallelism_bandwidth_steering,strict,low,TP2-PP1-DP2,,7.3999999999999995,6.5,False,port+reach
Megatron-530B-like_large_PP-heavy_TP8_PP16_DP8,extra_parallelism_bandwidth_steering,strict,low,TP2-PP1-DP3,,10.399999999999999,10.5,False,loss+port+reach
Megatron-530B-like_large_PP-heavy_TP8_PP16_DP8,extra_parallelism_bandwidth_steering,strict,low,TP2-PP2-DP1,,7.0,6.5,False,reach
Megatron-530B-like_large_PP-heavy_TP8_PP16_DP8,extra_parallelism_bandwidth_steering,strict,low,TP2-PP2-DP2,,9.0,6.5,False,port+reach
Megatron-530B-like_large_PP-heavy_TP8_PP16_DP8,extra_parallelism_bandwidth_steering,strict,low,TP2-PP2-DP3,,12.0,10.5,False,loss+port+reach
Megatron-530B-like_large_PP-heavy_TP8_PP16_DP8,extra_parallelism_bandwidth_steering,strict,low,TP2-PP3-DP1,,9.4,10.5,False,loss+port+reach
Megatron-530B-like_large_PP-heavy_TP8_PP16_DP8,extra_parallelism_bandwidth_steering,strict,low,TP2-PP3-DP2,,11.4,10.5,False,loss+port+reach
Megatron-530B-like_large_PP-heavy_TP8_PP16_DP8,extra_parallelism_bandwidth_steering,strict,low,TP2-PP3-DP3,,14.4,10.5,False,loss+port
Megatron-530B-like_large_PP-heavy_TP8_PP16_DP8,extra_parallelism_bandwidth_steering,strict,low,TP3-PP1-DP1,,9.0,10.5,False,loss+port+reach
Megatron-530B-like_large_PP-heavy_TP8_PP16_DP8,extra_parallelism_bandwidth_steering,strict,low,TP3-PP1-DP2,,11.0,10.5,False,loss+port+reach
Megatron-530B-like_large_PP-heavy_TP8_PP16_DP8,extra_parallelism_bandwidth_steering,strict,low,TP3-PP1-DP3,,14.0,10.5,False,loss+port+reach
Megatron-530B-like_large_PP-heavy_TP8_PP16_DP8,extra_parallelism_bandwidth_steering,strict,low,TP3-PP2-DP1,,10.6,10.5,False,loss+port+reach
Megatron-530B-like_large_PP-heavy_TP8_PP16_DP8,extra_parallelism_bandwidth_steering,strict,low,TP3-PP2-DP2,,12.6,10.5,False,loss+port+reach
Megatron-530B-like_large_PP-heavy_TP8_PP16_DP8,extra_parallelism_bandwidth_steering,strict,low,TP3-PP2-DP3,,15.6,10.5,False,loss+port+reach
Megatron-530B-like_large_PP-heavy_TP8_PP16_DP8,extra_parallelism_bandwidth_steering,strict,low,TP3-PP3-DP1,,13.0,10.5,False,loss+port+reach
Megatron-530B-like_large_PP-heavy_TP8_PP16_DP8,extra_parallelism_bandwidth_steering,strict,low,TP3-PP3-DP2,,15.0,10.5,False,loss+port+reach
Megatron-530B-like_large_PP-heavy_TP8_PP16_DP8,extra_parallelism_bandwidth_steering,strict,low,TP3-PP3-DP3,,18.0,10.5,False,loss+port
Megatron-530B-like_large_PP-heavy_TP8_PP16_DP8,extra_parallelism_bandwidth_steering,strict,medium,TP1-PP1-DP1,,3.0,2.5,False,reach
Megatron-530B-like_large_PP-heavy_TP8_PP16_DP8,extra_parallelism_bandwidth_steering,strict,medium,TP1-PP1-DP2,,5.0,6.5,False,reach
Megatron-530B-like_large_PP-heavy_TP8_PP16_DP8,extra_parallelism_bandwidth_steering,strict,medium,TP1-PP1-DP3,,8.0,10.5,False,loss+reach
Megatron-530B-like_large_PP-heavy_TP8_PP16_DP8,extra_parallelism_bandwidth_steering,strict,medium,TP1-PP2-DP1,,4.6000000000000005,6.5,False,reach
Megatron-530B-like_large_PP-heavy_TP8_PP16_DP8,extra_parallelism_bandwidth_steering,strict,medium,TP1-PP2-DP2,,6.6000000000000005,6.5,False,reach
Megatron-530B-like_large_PP-heavy_TP8_PP16_DP8,extra_parallelism_bandwidth_steering,strict,medium,TP1-PP2-DP3,,9.600000000000001,10.5,False,loss+reach
Megatron-530B-like_large_PP-heavy_TP8_PP16_DP8,extra_parallelism_bandwidth_steering,strict,medium,TP1-PP3-DP1,,7.000000000000001,10.5,False,loss+reach
Megatron-530B-like_large_PP-heavy_TP8_PP16_DP8,extra_parallelism_bandwidth_steering,strict,medium,TP1-PP3-DP2,,9.0,10.5,False,loss+reach
Megatron-530B-like_large_PP-heavy_TP8_PP16_DP8,extra_parallelism_bandwidth_steering,strict,medium,TP1-PP3-DP3,,12.0,10.5,False,loss
Megatron-530B-like_large_PP-heavy_TP8_PP16_DP8,extra_parallelism_bandwidth_steering,strict,medium,TP2-PP1-DP1,,5.3999999999999995,6.5,False,reach
Megatron-530B-like_large_PP-heavy_TP8_PP16_DP8,extra_parallelism_bandwidth_steering,strict,medium,TP2-PP1-DP2,,7.3999999999999995,6.5,False,reach
Megatron-530B-like_large_PP-heavy_TP8_PP16_DP8,extra_parallelism_bandwidth_steering,strict,medium,TP2-PP1-DP3,,10.399999999999999,10.5,False,loss+reach
Megatron-530B-like_large_PP-heavy_TP8_PP16_DP8,extra_parallelism_bandwidth_steering,strict,medium,TP2-PP2-DP1,,7.0,6.5,False,reach
Megatron-530B-like_large_PP-heavy_TP8_PP16_DP8,extra_parallelism_bandwidth_steering,strict,medium,TP2-PP2-DP2,,9.0,6.5,False,reach
Megatron-530B-like_large_PP-heavy_TP8_PP16_DP8,extra_parallelism_bandwidth_steering,strict,medium,TP2-PP2-DP3,,12.0,10.5,False,loss+reach
Megatron-530B-like_large_PP-heavy_TP8_PP16_DP8,extra_parallelism_bandwidth_steering,strict,medium,TP2-PP3-DP1,,9.4,10.5,False,loss+reach
Megatron-530B-like_large_PP-heavy_TP8_PP16_DP8,extra_parallelism_bandwidth_steering,strict,medium,TP2-PP3-DP2,,11.4,10.5,False,loss+reach
Megatron-530B-like_large_PP-heavy_TP8_PP16_DP8,extra_parallelism_bandwidth_steering,strict,medium,TP2-PP3-DP3,,14.4,10.5,False,loss+port
Megatron-530B-like_large_PP-heavy_TP8_PP16_DP8,extra_parallelism_bandwidth_steering,strict,medium,TP3-PP1-DP1,,9.0,10.5,False,loss+reach
Megatron-530B-like_large_PP-heavy_TP8_PP16_DP8,extra_parallelism_bandwidth_steering,strict,medium,TP3-PP1-DP2,,11.0,10.5,False,loss+reach
Megatron-530B-like_large_PP-heavy_TP8_PP16_DP8,extra_parallelism_bandwidth_steering,strict,medium,TP3-PP1-DP3,,14.0,10.5,False,loss+port+reach
Megatron-530B-like_large_PP-heavy_TP8_PP16_DP8,extra_parallelism_bandwidth_steering,strict,medium,TP3-PP2-DP1,,10.6,10.5,False,loss+reach
Megatron-530B-like_large_PP-heavy_TP8_PP16_DP8,extra_parallelism_bandwidth_steering,strict,medium,TP3-PP2-DP2,,12.6,10.5,False,loss+port+reach
Megatron-530B-like_large_PP-heavy_TP8_PP16_DP8,extra_parallelism_bandwidth_steering,strict,medium,TP3-PP2-DP3,,15.6,10.5,False,loss+port+reach
Megatron-530B-like_large_PP-heavy_TP8_PP16_DP8,extra_parallelism_bandwidth_steering,strict,medium,TP3-PP3-DP1,,13.0,10.5,False,loss+port+reach
Megatron-530B-like_large_PP-heavy_TP8_PP16_DP8,extra_parallelism_bandwidth_steering,strict,medium,TP3-PP3-DP2,,15.0,10.5,False,loss+port+reach
Megatron-530B-like_large_PP-heavy_TP8_PP16_DP8,extra_parallelism_bandwidth_steering,strict,medium,TP3-PP3-DP3,,18.0,10.5,False,loss+port
Megatron-530B-like_large_PP-heavy_TP8_PP16_DP8,extra_parallelism_bandwidth_steering,strict,high,TP1-PP1-DP1,,3.0,2.5,False,reach
Megatron-530B-like_large_PP-heavy_TP8_PP16_DP8,extra_parallelism_bandwidth_steering,strict,high,TP1-PP1-DP2,,5.0,6.5,False,reach
Megatron-530B-like_large_PP-heavy_TP8_PP16_DP8,extra_parallelism_bandwidth_steering,strict,high,TP1-PP1-DP3,,8.0,10.5,False,loss+reach
Megatron-530B-like_large_PP-heavy_TP8_PP16_DP8,extra_parallelism_bandwidth_steering,strict,high,TP1-PP2-DP1,,4.6000000000000005,6.5,False,reach
Megatron-530B-like_large_PP-heavy_TP8_PP16_DP8,extra_parallelism_bandwidth_steering,strict,high,TP1-PP2-DP2,,6.6000000000000005,6.5,False,reach
Megatron-530B-like_large_PP-heavy_TP8_PP16_DP8,extra_parallelism_bandwidth_steering,strict,high,TP1-PP2-DP3,,9.600000000000001,10.5,False,loss+reach
Megatron-530B-like_large_PP-heavy_TP8_PP16_DP8,extra_parallelism_bandwidth_steering,strict,high,TP1-PP3-DP1,,7.000000000000001,10.5,False,loss+reach
Megatron-530B-like_large_PP-heavy_TP8_PP16_DP8,extra_parallelism_bandwidth_steering,strict,high,TP1-PP3-DP2,,9.0,10.5,False,loss+reach
Megatron-530B-like_large_PP-heavy_TP8_PP16_DP8,extra_parallelism_bandwidth_steering,strict,high,TP1-PP3-DP3,,12.0,10.5,False,loss
Megatron-530B-like_large_PP-heavy_TP8_PP16_DP8,extra_parallelism_bandwidth_steering,strict,high,TP2-PP1-DP1,,5.3999999999999995,6.5,False,reach
Megatron-530B-like_large_PP-heavy_TP8_PP16_DP8,extra_parallelism_bandwidth_steering,strict,high,TP2-PP1-DP2,,7.3999999999999995,6.5,False,reach
Megatron-530B-like_large_PP-heavy_TP8_PP16_DP8,extra_parallelism_bandwidth_steering,strict,high,TP2-PP1-DP3,,10.399999999999999,10.5,False,loss+reach
Megatron-530B-like_large_PP-heavy_TP8_PP16_DP8,extra_parallelism_bandwidth_steering,strict,high,TP2-PP2-DP1,,7.0,6.5,False,reach
Megatron-530B-like_large_PP-heavy_TP8_PP16_DP8,extra_parallelism_bandwidth_steering,strict,high,TP2-PP2-DP2,,9.0,6.5,False,reach
Megatron-530B-like_large_PP-heavy_TP8_PP16_DP8,extra_parallelism_bandwidth_steering,strict,high,TP2-PP2-DP3,,12.0,10.5,False,loss+reach
Megatron-530B-like_large_PP-heavy_TP8_PP16_DP8,extra_parallelism_bandwidth_steering,strict,high,TP2-PP3-DP1,,9.4,10.5,False,loss+reach
Megatron-530B-like_large_PP-heavy_TP8_PP16_DP8,extra_parallelism_bandwidth_steering,strict,high,TP2-PP3-DP2,,11.4,10.5,False,loss+reach
Megatron-530B-like_large_PP-heavy_TP8_PP16_DP8,extra_parallelism_bandwidth_steering,strict,high,TP2-PP3-DP3,,14.4,10.5,False,loss
Megatron-530B-like_large_PP-heavy_TP8_PP16_DP8,extra_parallelism_bandwidth_steering,strict,high,TP3-PP1-DP1,,9.0,10.5,False,loss+reach
Megatron-530B-like_large_PP-heavy_TP8_PP16_DP8,extra_parallelism_bandwidth_steering,strict,high,TP3-PP1-DP2,,11.0,10.5,False,loss+reach
Megatron-530B-like_large_PP-heavy_TP8_PP16_DP8,extra_parallelism_bandwidth_steering,strict,high,TP3-PP1-DP3,,14.0,10.5,False,loss+reach
Megatron-530B-like_large_PP-heavy_TP8_PP16_DP8,extra_parallelism_bandwidth_steering,strict,high,TP3-PP2-DP1,,10.6,10.5,False,loss+reach
Megatron-530B-like_large_PP-heavy_TP8_PP16_DP8,extra_parallelism_bandwidth_steering,strict,high,TP3-PP2-DP2,,12.6,10.5,False,loss+reach
Megatron-530B-like_large_PP-heavy_TP8_PP16_DP8,extra_parallelism_bandwidth_steering,strict,high,TP3-PP2-DP3,,15.6,10.5,False,loss+reach
Megatron-530B-like_large_PP-heavy_TP8_PP16_DP8,extra_parallelism_bandwidth_steering,strict,high,TP3-PP3-DP1,,13.0,10.5,False,loss+reach
Megatron-530B-like_large_PP-heavy_TP8_PP16_DP8,extra_parallelism_bandwidth_steering,strict,high,TP3-PP3-DP2,,15.0,10.5,False,loss+reach
Megatron-530B-like_large_PP-heavy_TP8_PP16_DP8,extra_parallelism_bandwidth_steering,strict,high,TP3-PP3-DP3,,18.0,10.5,False,loss
Megatron-530B-like_large_PP-heavy_TP8_PP16_DP8,extra_parallelism_bandwidth_steering,medium,low,TP1-PP1-DP1,,3.0,2.5,False,reach
Megatron-530B-like_large_PP-heavy_TP8_PP16_DP8,extra_parallelism_bandwidth_steering,medium,low,TP1-PP1-DP2,,5.0,6.5,False,reach
Megatron-530B-like_large_PP-heavy_TP8_PP16_DP8,extra_parallelism_bandwidth_steering,medium,low,TP1-PP1-DP3,,8.0,10.5,False,port+reach
Megatron-530B-like_large_PP-heavy_TP8_PP16_DP8,extra_parallelism_bandwidth_steering,medium,low,TP1-PP2-DP1,,4.6000000000000005,6.5,False,reach
Megatron-530B-like_large_PP-heavy_TP8_PP16_DP8,extra_parallelism_bandwidth_steering,medium,low,TP1-PP2-DP2,,6.6000000000000005,6.5,False,reach
Megatron-530B-like_large_PP-heavy_TP8_PP16_DP8,extra_parallelism_bandwidth_steering,medium,low,TP1-PP2-DP3,,9.600000000000001,10.5,False,port+reach
Megatron-530B-like_large_PP-heavy_TP8_PP16_DP8,extra_parallelism_bandwidth_steering,medium,low,TP1-PP3-DP1,,7.000000000000001,10.5,False,port+reach
Megatron-530B-like_large_PP-heavy_TP8_PP16_DP8,extra_parallelism_bandwidth_steering,medium,low,TP1-PP3-DP2,,9.0,10.5,False,port+reach
Megatron-530B-like_large_PP-heavy_TP8_PP16_DP8,extra_parallelism_bandwidth_steering,medium,low,TP1-PP3-DP3,,12.0,10.5,False,port
Megatron-530B-like_large_PP-heavy_TP8_PP16_DP8,extra_parallelism_bandwidth_steering,medium,low,TP2-PP1-DP1,,5.3999999999999995,6.5,False,reach
Megatron-530B-like_large_PP-heavy_TP8_PP16_DP8,extra_parallelism_bandwidth_steering,medium,low,TP2-PP1-DP2,,7.3999999999999995,6.5,False,port+reach
Megatron-530B-like_large_PP-heavy_TP8_PP16_DP8,extra_parallelism_bandwidth_steering,medium,low,TP2-PP1-DP3,,10.399999999999999,10.5,False,port+reach
Megatron-530B-like_large_PP-heavy_TP8_PP16_DP8,extra_parallelism_bandwidth_steering,medium,low,TP2-PP2-DP1,,7.0,6.5,False,reach
Megatron-530B-like_large_PP-heavy_TP8_PP16_DP8,extra_parallelism_bandwidth_steering,medium,low,TP2-PP2-DP2,,9.0,6.5,False,port+reach
Megatron-530B-like_large_PP-heavy_TP8_PP16_DP8,extra_parallelism_bandwidth_steering,medium,low,TP2-PP2-DP3,,12.0,10.5,False,port+reach
Megatron-530B-like_large_PP-heavy_TP8_PP16_DP8,extra_parallelism_bandwidth_steering,medium,low,TP2-PP3-DP1,,9.4,10.5,False,port+reach
Megatron-530B-like_large_PP-heavy_TP8_PP16_DP8,extra_parallelism_bandwidth_steering,medium,low,TP2-PP3-DP2,,11.4,10.5,False,port+reach
Megatron-530B-like_large_PP-heavy_TP8_PP16_DP8,extra_parallelism_bandwidth_steering,medium,low,TP2-PP3-DP3,,14.4,10.5,False,port
Megatron-530B-like_large_PP-heavy_TP8_PP16_DP8,extra_parallelism_bandwidth_steering,medium,low,TP3-PP1-DP1,,9.0,10.5,False,port+reach
Megatron-530B-like_large_PP-heavy_TP8_PP16_DP8,extra_parallelism_bandwidth_steering,medium,low,TP3-PP1-DP2,,11.0,10.5,False,port+reach
Megatron-530B-like_large_PP-heavy_TP8_PP16_DP8,extra_parallelism_bandwidth_steering,medium,low,TP3-PP1-DP3,,14.0,10.5,False,port+reach
Megatron-530B-like_large_PP-heavy_TP8_PP16_DP8,extra_parallelism_bandwidth_steering,medium,low,TP3-PP2-DP1,,10.6,10.5,False,port+reach
Megatron-530B-like_large_PP-heavy_TP8_PP16_DP8,extra_parallelism_bandwidth_steering,medium,low,TP3-PP2-DP2,,12.6,10.5,False,port+reach
Megatron-530B-like_large_PP-heavy_TP8_PP16_DP8,extra_parallelism_bandwidth_steering,medium,low,TP3-PP2-DP3,,15.6,10.5,False,port+reach
Megatron-530B-like_large_PP-heavy_TP8_PP16_DP8,extra_parallelism_bandwidth_steering,medium,low,TP3-PP3-DP1,,13.0,10.5,False,port+reach
Megatron-530B-like_large_PP-heavy_TP8_PP16_DP8,extra_parallelism_bandwidth_steering,medium,low,TP3-PP3-DP2,,15.0,10.5,False,port+reach
Megatron-530B-like_large_PP-heavy_TP8_PP16_DP8,extra_parallelism_bandwidth_steering,medium,low,TP3-PP3-DP3,,18.0,10.5,False,port
Megatron-530B-like_large_PP-heavy_TP8_PP16_DP8,extra_parallelism_bandwidth_steering,medium,medium,TP1-PP1-DP1,,3.0,2.5,False,reach
Megatron-530B-like_large_PP-heavy_TP8_PP16_DP8,extra_parallelism_bandwidth_steering,medium,medium,TP1-PP1-DP2,,5.0,6.5,False,reach
Megatron-530B-like_large_PP-heavy_TP8_PP16_DP8,extra_parallelism_bandwidth_steering,medium,medium,TP1-PP1-DP3,,8.0,10.5,False,reach
Megatron-530B-like_large_PP-heavy_TP8_PP16_DP8,extra_parallelism_bandwidth_steering,medium,medium,TP1-PP2-DP1,,4.6000000000000005,6.5,False,reach
Megatron-530B-like_large_PP-heavy_TP8_PP16_DP8,extra_parallelism_bandwidth_steering,medium,medium,TP1-PP2-DP2,,6.6000000000000005,6.5,False,reach
Megatron-530B-like_large_PP-heavy_TP8_PP16_DP8,extra_parallelism_bandwidth_steering,medium,medium,TP1-PP2-DP3,,9.600000000000001,10.5,False,reach
Megatron-530B-like_large_PP-heavy_TP8_PP16_DP8,extra_parallelism_bandwidth_steering,medium,medium,TP1-PP3-DP1,,7.000000000000001,10.5,False,reach
Megatron-530B-like_large_PP-heavy_TP8_PP16_DP8,extra_parallelism_bandwidth_steering,medium,medium,TP1-PP3-DP2,,9.0,10.5,False,reach
Megatron-530B-like_large_PP-heavy_TP8_PP16_DP8,extra_parallelism_bandwidth_steering,medium,medium,TP1-PP3-DP3,2.4492391184999995,12.0,10.5,True,
Megatron-530B-like_large_PP-heavy_TP8_PP16_DP8,extra_parallelism_bandwidth_steering,medium,medium,TP2-PP1-DP1,,5.3999999999999995,6.5,False,reach
Megatron-530B-like_large_PP-heavy_TP8_PP16_DP8,extra_parallelism_bandwidth_steering,medium,medium,TP2-PP1-DP2,,7.3999999999999995,6.5,False,reach
Megatron-530B-like_large_PP-heavy_TP8_PP16_DP8,extra_parallelism_bandwidth_steering,medium,medium,TP2-PP1-DP3,,10.399999999999999,10.5,False,reach
Megatron-530B-like_large_PP-heavy_TP8_PP16_DP8,extra_parallelism_bandwidth_steering,medium,medium,TP2-PP2-DP1,,7.0,6.5,False,reach
Megatron-530B-like_large_PP-heavy_TP8_PP16_DP8,extra_parallelism_bandwidth_steering,medium,medium,TP2-PP2-DP2,,9.0,6.5,False,reach
Megatron-530B-like_large_PP-heavy_TP8_PP16_DP8,extra_parallelism_bandwidth_steering,medium,medium,TP2-PP2-DP3,,12.0,10.5,False,reach
Megatron-530B-like_large_PP-heavy_TP8_PP16_DP8,extra_parallelism_bandwidth_steering,medium,medium,TP2-PP3-DP1,,9.4,10.5,False,reach
Megatron-530B-like_large_PP-heavy_TP8_PP16_DP8,extra_parallelism_bandwidth_steering,medium,medium,TP2-PP3-DP2,,11.4,10.5,False,reach
Megatron-530B-like_large_PP-heavy_TP8_PP16_DP8,extra_parallelism_bandwidth_steering,medium,medium,TP2-PP3-DP3,,14.4,10.5,False,port
Megatron-530B-like_large_PP-heavy_TP8_PP16_DP8,extra_parallelism_bandwidth_steering,medium,medium,TP3-PP1-DP1,,9.0,10.5,False,reach
Megatron-530B-like_large_PP-heavy_TP8_PP16_DP8,extra_parallelism_bandwidth_steering,medium,medium,TP3-PP1-DP2,,11.0,10.5,False,reach
Megatron-530B-like_large_PP-heavy_TP8_PP16_DP8,extra_parallelism_bandwidth_steering,medium,medium,TP3-PP1-DP3,,14.0,10.5,False,port+reach
Megatron-530B-like_large_PP-heavy_TP8_PP16_DP8,extra_parallelism_bandwidth_steering,medium,medium,TP3-PP2-DP1,,10.6,10.5,False,reach
Megatron-530B-like_large_PP-heavy_TP8_PP16_DP8,extra_parallelism_bandwidth_steering,medium,medium,TP3-PP2-DP2,,12.6,10.5,False,port+reach
Megatron-530B-like_large_PP-heavy_TP8_PP16_DP8,extra_parallelism_bandwidth_steering,medium,medium,TP3-PP2-DP3,,15.6,10.5,False,port+reach
Megatron-530B-like_large_PP-heavy_TP8_PP16_DP8,extra_parallelism_bandwidth_steering,medium,medium,TP3-PP3-DP1,,13.0,10.5,False,port+reach
Megatron-530B-like_large_PP-heavy_TP8_PP16_DP8,extra_parallelism_bandwidth_steering,medium,medium,TP3-PP3-DP2,,15.0,10.5,False,port+reach
Megatron-530B-like_large_PP-heavy_TP8_PP16_DP8,extra_parallelism_bandwidth_steering,medium,medium,TP3-PP3-DP3,,18.0,10.5,False,port
Megatron-530B-like_large_PP-heavy_TP8_PP16_DP8,extra_parallelism_bandwidth_steering,medium,high,TP1-PP1-DP1,,3.0,2.5,False,reach
Megatron-530B-like_large_PP-heavy_TP8_PP16_DP8,extra_parallelism_bandwidth_steering,medium,high,TP1-PP1-DP2,,5.0,6.5,False,reach
Megatron-530B-like_large_PP-heavy_TP8_PP16_DP8,extra_parallelism_bandwidth_steering,medium,high,TP1-PP1-DP3,,8.0,10.5,False,reach
Megatron-530B-like_large_PP-heavy_TP8_PP16_DP8,extra_parallelism_bandwidth_steering,medium,high,TP1-PP2-DP1,,4.6000000000000005,6.5,False,reach
Megatron-530B-like_large_PP-heavy_TP8_PP16_DP8,extra_parallelism_bandwidth_steering,medium,high,TP1-PP2-DP2,,6.6000000000000005,6.5,False,reach
Megatron-530B-like_large_PP-heavy_TP8_PP16_DP8,extra_parallelism_bandwidth_steering,medium,high,TP1-PP2-DP3,,9.600000000000001,10.5,False,reach
Megatron-530B-like_large_PP-heavy_TP8_PP16_DP8,extra_parallelism_bandwidth_steering,medium,high,TP1-PP3-DP1,,7.000000000000001,10.5,False,reach
Megatron-530B-like_large_PP-heavy_TP8_PP16_DP8,extra_parallelism_bandwidth_steering,medium,high,TP1-PP3-DP2,,9.0,10.5,False,reach
Megatron-530B-like_large_PP-heavy_TP8_PP16_DP8,extra_parallelism_bandwidth_steering,medium,high,TP1-PP3-DP3,2.4492391184999995,12.0,10.5,True,
Megatron-530B-like_large_PP-heavy_TP8_PP16_DP8,extra_parallelism_bandwidth_steering,medium,high,TP2-PP1-DP1,,5.3999999999999995,6.5,False,reach
Megatron-530B-like_large_PP-heavy_TP8_PP16_DP8,extra_parallelism_bandwidth_steering,medium,high,TP2-PP1-DP2,,7.3999999999999995,6.5,False,reach
Megatron-530B-like_large_PP-heavy_TP8_PP16_DP8,extra_parallelism_bandwidth_steering,medium,high,TP2-PP1-DP3,,10.399999999999999,10.5,False,reach
Megatron-530B-like_large_PP-heavy_TP8_PP16_DP8,extra_parallelism_bandwidth_steering,medium,high,TP2-PP2-DP1,,7.0,6.5,False,reach
Megatron-530B-like_large_PP-heavy_TP8_PP16_DP8,extra_parallelism_bandwidth_steering,medium,high,TP2-PP2-DP2,,9.0,6.5,False,reach
Megatron-530B-like_large_PP-heavy_TP8_PP16_DP8,extra_parallelism_bandwidth_steering,medium,high,TP2-PP2-DP3,,12.0,10.5,False,reach
Megatron-530B-like_large_PP-heavy_TP8_PP16_DP8,extra_parallelism_bandwidth_steering,medium,high,TP2-PP3-DP1,,9.4,10.5,False,reach
Megatron-530B-like_large_PP-heavy_TP8_PP16_DP8,extra_parallelism_bandwidth_steering,medium,high,TP2-PP3-DP2,,11.4,10.5,False,reach
Megatron-530B-like_large_PP-heavy_TP8_PP16_DP8,extra_parallelism_bandwidth_steering,medium,high,TP2-PP3-DP3,1.7976795067666667,14.4,10.5,True,
Megatron-530B-like_large_PP-heavy_TP8_PP16_DP8,extra_parallelism_bandwidth_steering,medium,high,TP3-PP1-DP1,,9.0,10.5,False,reach
Megatron-530B-like_large_PP-heavy_TP8_PP16_DP8,extra_parallelism_bandwidth_steering,medium,high,TP3-PP1-DP2,,11.0,10.5,False,reach
Megatron-530B-like_large_PP-heavy_TP8_PP16_DP8,extra_parallelism_bandwidth_steering,medium,high,TP3-PP1-DP3,,14.0,10.5,False,reach
Megatron-530B-like_large_PP-heavy_TP8_PP16_DP8,extra_parallelism_bandwidth_steering,medium,high,TP3-PP2-DP1,,10.6,10.5,False,reach
Megatron-530B-like_large_PP-heavy_TP8_PP16_DP8,extra_parallelism_bandwidth_steering,medium,high,TP3-PP2-DP2,,12.6,10.5,False,reach
Megatron-530B-like_large_PP-heavy_TP8_PP16_DP8,extra_parallelism_bandwidth_steering,medium,high,TP3-PP2-DP3,,15.6,10.5,False,reach
Megatron-530B-like_large_PP-heavy_TP8_PP16_DP8,extra_parallelism_bandwidth_steering,medium,high,TP3-PP3-DP1,,13.0,10.5,False,reach
Megatron-530B-like_large_PP-heavy_TP8_PP16_DP8,extra_parallelism_bandwidth_steering,medium,high,TP3-PP3-DP2,,15.0,10.5,False,reach
Megatron-530B-like_large_PP-heavy_TP8_PP16_DP8,extra_parallelism_bandwidth_steering,medium,high,TP3-PP3-DP3,2.1196405009,18.0,10.5,True,
Megatron-530B-like_large_PP-heavy_TP8_PP16_DP8,extra_parallelism_bandwidth_steering,relaxed,low,TP1-PP1-DP1,,3.0,2.5,False,reach
Megatron-530B-like_large_PP-heavy_TP8_PP16_DP8,extra_parallelism_bandwidth_steering,relaxed,low,TP1-PP1-DP2,,5.0,6.5,False,reach
Megatron-530B-like_large_PP-heavy_TP8_PP16_DP8,extra_parallelism_bandwidth_steering,relaxed,low,TP1-PP1-DP3,,8.0,10.5,False,port+reach
Megatron-530B-like_large_PP-heavy_TP8_PP16_DP8,extra_parallelism_bandwidth_steering,relaxed,low,TP1-PP2-DP1,,4.6000000000000005,6.5,False,reach
Megatron-530B-like_large_PP-heavy_TP8_PP16_DP8,extra_parallelism_bandwidth_steering,relaxed,low,TP1-PP2-DP2,,6.6000000000000005,6.5,False,reach
Megatron-530B-like_large_PP-heavy_TP8_PP16_DP8,extra_parallelism_bandwidth_steering,relaxed,low,TP1-PP2-DP3,,9.600000000000001,10.5,False,port+reach
Megatron-530B-like_large_PP-heavy_TP8_PP16_DP8,extra_parallelism_bandwidth_steering,relaxed,low,TP1-PP3-DP1,,7.000000000000001,10.5,False,port+reach
Megatron-530B-like_large_PP-heavy_TP8_PP16_DP8,extra_parallelism_bandwidth_steering,relaxed,low,TP1-PP3-DP2,,9.0,10.5,False,port+reach
Megatron-530B-like_large_PP-heavy_TP8_PP16_DP8,extra_parallelism_bandwidth_steering,relaxed,low,TP1-PP3-DP3,,12.0,10.5,False,port
Megatron-530B-like_large_PP-heavy_TP8_PP16_DP8,extra_parallelism_bandwidth_steering,relaxed,low,TP2-PP1-DP1,,5.3999999999999995,6.5,False,reach
Megatron-530B-like_large_PP-heavy_TP8_PP16_DP8,extra_parallelism_bandwidth_steering,relaxed,low,TP2-PP1-DP2,,7.3999999999999995,6.5,False,port+reach
Megatron-530B-like_large_PP-heavy_TP8_PP16_DP8,extra_parallelism_bandwidth_steering,relaxed,low,TP2-PP1-DP3,,10.399999999999999,10.5,False,port+reach
Megatron-530B-like_large_PP-heavy_TP8_PP16_DP8,extra_parallelism_bandwidth_steering,relaxed,low,TP2-PP2-DP1,,7.0,6.5,False,reach
Megatron-530B-like_large_PP-heavy_TP8_PP16_DP8,extra_parallelism_bandwidth_steering,relaxed,low,TP2-PP2-DP2,,9.0,6.5,False,port+reach
Megatron-530B-like_large_PP-heavy_TP8_PP16_DP8,extra_parallelism_bandwidth_steering,relaxed,low,TP2-PP2-DP3,,12.0,10.5,False,port+reach
Megatron-530B-like_large_PP-heavy_TP8_PP16_DP8,extra_parallelism_bandwidth_steering,relaxed,low,TP2-PP3-DP1,,9.4,10.5,False,port+reach
Megatron-530B-like_large_PP-heavy_TP8_PP16_DP8,extra_parallelism_bandwidth_steering,relaxed,low,TP2-PP3-DP2,,11.4,10.5,False,port+reach
Megatron-530B-like_large_PP-heavy_TP8_PP16_DP8,extra_parallelism_bandwidth_steering,relaxed,low,TP2-PP3-DP3,,14.4,10.5,False,port
Megatron-530B-like_large_PP-heavy_TP8_PP16_DP8,extra_parallelism_bandwidth_steering,relaxed,low,TP3-PP1-DP1,,9.0,10.5,False,port+reach
Megatron-530B-like_large_PP-heavy_TP8_PP16_DP8,extra_parallelism_bandwidth_steering,relaxed,low,TP3-PP1-DP2,,11.0,10.5,False,port+reach
Megatron-530B-like_large_PP-heavy_TP8_PP16_DP8,extra_parallelism_bandwidth_steering,relaxed,low,TP3-PP1-DP3,,14.0,10.5,False,port+reach
Megatron-530B-like_large_PP-heavy_TP8_PP16_DP8,extra_parallelism_bandwidth_steering,relaxed,low,TP3-PP2-DP1,,10.6,10.5,False,port+reach
Megatron-530B-like_large_PP-heavy_TP8_PP16_DP8,extra_parallelism_bandwidth_steering,relaxed,low,TP3-PP2-DP2,,12.6,10.5,False,port+reach
Megatron-530B-like_large_PP-heavy_TP8_PP16_DP8,extra_parallelism_bandwidth_steering,relaxed,low,TP3-PP2-DP3,,15.6,10.5,False,port+reach
Megatron-530B-like_large_PP-heavy_TP8_PP16_DP8,extra_parallelism_bandwidth_steering,relaxed,low,TP3-PP3-DP1,,13.0,10.5,False,port+reach
Megatron-530B-like_large_PP-heavy_TP8_PP16_DP8,extra_parallelism_bandwidth_steering,relaxed,low,TP3-PP3-DP2,,15.0,10.5,False,port+reach
Megatron-530B-like_large_PP-heavy_TP8_PP16_DP8,extra_parallelism_bandwidth_steering,relaxed,low,TP3-PP3-DP3,,18.0,10.5,False,port
Megatron-530B-like_large_PP-heavy_TP8_PP16_DP8,extra_parallelism_bandwidth_steering,relaxed,medium,TP1-PP1-DP1,,3.0,2.5,False,reach
Megatron-530B-like_large_PP-heavy_TP8_PP16_DP8,extra_parallelism_bandwidth_steering,relaxed,medium,TP1-PP1-DP2,,5.0,6.5,False,reach
Megatron-530B-like_large_PP-heavy_TP8_PP16_DP8,extra_parallelism_bandwidth_steering,relaxed,medium,TP1-PP1-DP3,,8.0,10.5,False,reach
Megatron-530B-like_large_PP-heavy_TP8_PP16_DP8,extra_parallelism_bandwidth_steering,relaxed,medium,TP1-PP2-DP1,,4.6000000000000005,6.5,False,reach
Megatron-530B-like_large_PP-heavy_TP8_PP16_DP8,extra_parallelism_bandwidth_steering,relaxed,medium,TP1-PP2-DP2,,6.6000000000000005,6.5,False,reach
Megatron-530B-like_large_PP-heavy_TP8_PP16_DP8,extra_parallelism_bandwidth_steering,relaxed,medium,TP1-PP2-DP3,,9.600000000000001,10.5,False,reach
Megatron-530B-like_large_PP-heavy_TP8_PP16_DP8,extra_parallelism_bandwidth_steering,relaxed,medium,TP1-PP3-DP1,,7.000000000000001,10.5,False,reach
Megatron-530B-like_large_PP-heavy_TP8_PP16_DP8,extra_parallelism_bandwidth_steering,relaxed,medium,TP1-PP3-DP2,,9.0,10.5,False,reach
Megatron-530B-like_large_PP-heavy_TP8_PP16_DP8,extra_parallelism_bandwidth_steering,relaxed,medium,TP1-PP3-DP3,2.4492391184999995,12.0,10.5,True,
Megatron-530B-like_large_PP-heavy_TP8_PP16_DP8,extra_parallelism_bandwidth_steering,relaxed,medium,TP2-PP1-DP1,,5.3999999999999995,6.5,False,reach
Megatron-530B-like_large_PP-heavy_TP8_PP16_DP8,extra_parallelism_bandwidth_steering,relaxed,medium,TP2-PP1-DP2,,7.3999999999999995,6.5,False,reach
Megatron-530B-like_large_PP-heavy_TP8_PP16_DP8,extra_parallelism_bandwidth_steering,relaxed,medium,TP2-PP1-DP3,,10.399999999999999,10.5,False,reach
Megatron-530B-like_large_PP-heavy_TP8_PP16_DP8,extra_parallelism_bandwidth_steering,relaxed,medium,TP2-PP2-DP1,,7.0,6.5,False,reach
Megatron-530B-like_large_PP-heavy_TP8_PP16_DP8,extra_parallelism_bandwidth_steering,relaxed,medium,TP2-PP2-DP2,,9.0,6.5,False,reach
Megatron-530B-like_large_PP-heavy_TP8_PP16_DP8,extra_parallelism_bandwidth_steering,relaxed,medium,TP2-PP2-DP3,,12.0,10.5,False,reach
Megatron-530B-like_large_PP-heavy_TP8_PP16_DP8,extra_parallelism_bandwidth_steering,relaxed,medium,TP2-PP3-DP1,,9.4,10.5,False,reach
Megatron-530B-like_large_PP-heavy_TP8_PP16_DP8,extra_parallelism_bandwidth_steering,relaxed,medium,TP2-PP3-DP2,,11.4,10.5,False,reach
Megatron-530B-like_large_PP-heavy_TP8_PP16_DP8,extra_parallelism_bandwidth_steering,relaxed,medium,TP2-PP3-DP3,,14.4,10.5,False,port
Megatron-530B-like_large_PP-heavy_TP8_PP16_DP8,extra_parallelism_bandwidth_steering,relaxed,medium,TP3-PP1-DP1,,9.0,10.5,False,reach
Megatron-530B-like_large_PP-heavy_TP8_PP16_DP8,extra_parallelism_bandwidth_steering,relaxed,medium,TP3-PP1-DP2,,11.0,10.5,False,reach
Megatron-530B-like_large_PP-heavy_TP8_PP16_DP8,extra_parallelism_bandwidth_steering,relaxed,medium,TP3-PP1-DP3,,14.0,10.5,False,port+reach
Megatron-530B-like_large_PP-heavy_TP8_PP16_DP8,extra_parallelism_bandwidth_steering,relaxed,medium,TP3-PP2-DP1,,10.6,10.5,False,reach
Megatron-530B-like_large_PP-heavy_TP8_PP16_DP8,extra_parallelism_bandwidth_steering,relaxed,medium,TP3-PP2-DP2,,12.6,10.5,False,port+reach
Megatron-530B-like_large_PP-heavy_TP8_PP16_DP8,extra_parallelism_bandwidth_steering,relaxed,medium,TP3-PP2-DP3,,15.6,10.5,False,port+reach
Megatron-530B-like_large_PP-heavy_TP8_PP16_DP8,extra_parallelism_bandwidth_steering,relaxed,medium,TP3-PP3-DP1,,13.0,10.5,False,port+reach
Megatron-530B-like_large_PP-heavy_TP8_PP16_DP8,extra_parallelism_bandwidth_steering,relaxed,medium,TP3-PP3-DP2,,15.0,10.5,False,port+reach
Megatron-530B-like_large_PP-heavy_TP8_PP16_DP8,extra_parallelism_bandwidth_steering,relaxed,medium,TP3-PP3-DP3,,18.0,10.5,False,port
Megatron-530B-like_large_PP-heavy_TP8_PP16_DP8,extra_parallelism_bandwidth_steering,relaxed,high,TP1-PP1-DP1,,3.0,2.5,False,reach
Megatron-530B-like_large_PP-heavy_TP8_PP16_DP8,extra_parallelism_bandwidth_steering,relaxed,high,TP1-PP1-DP2,,5.0,6.5,False,reach
Megatron-530B-like_large_PP-heavy_TP8_PP16_DP8,extra_parallelism_bandwidth_steering,relaxed,high,TP1-PP1-DP3,,8.0,10.5,False,reach
Megatron-530B-like_large_PP-heavy_TP8_PP16_DP8,extra_parallelism_bandwidth_steering,relaxed,high,TP1-PP2-DP1,,4.6000000000000005,6.5,False,reach
Megatron-530B-like_large_PP-heavy_TP8_PP16_DP8,extra_parallelism_bandwidth_steering,relaxed,high,TP1-PP2-DP2,,6.6000000000000005,6.5,False,reach
Megatron-530B-like_large_PP-heavy_TP8_PP16_DP8,extra_parallelism_bandwidth_steering,relaxed,high,TP1-PP2-DP3,,9.600000000000001,10.5,False,reach
Megatron-530B-like_large_PP-heavy_TP8_PP16_DP8,extra_parallelism_bandwidth_steering,relaxed,high,TP1-PP3-DP1,,7.000000000000001,10.5,False,reach
Megatron-530B-like_large_PP-heavy_TP8_PP16_DP8,extra_parallelism_bandwidth_steering,relaxed,high,TP1-PP3-DP2,,9.0,10.5,False,reach
Megatron-530B-like_large_PP-heavy_TP8_PP16_DP8,extra_parallelism_bandwidth_steering,relaxed,high,TP1-PP3-DP3,2.4492391184999995,12.0,10.5,True,
Megatron-530B-like_large_PP-heavy_TP8_PP16_DP8,extra_parallelism_bandwidth_steering,relaxed,high,TP2-PP1-DP1,,5.3999999999999995,6.5,False,reach
Megatron-530B-like_large_PP-heavy_TP8_PP16_DP8,extra_parallelism_bandwidth_steering,relaxed,high,TP2-PP1-DP2,,7.3999999999999995,6.5,False,reach
Megatron-530B-like_large_PP-heavy_TP8_PP16_DP8,extra_parallelism_bandwidth_steering,relaxed,high,TP2-PP1-DP3,,10.399999999999999,10.5,False,reach
Megatron-530B-like_large_PP-heavy_TP8_PP16_DP8,extra_parallelism_bandwidth_steering,relaxed,high,TP2-PP2-DP1,,7.0,6.5,False,reach
Megatron-530B-like_large_PP-heavy_TP8_PP16_DP8,extra_parallelism_bandwidth_steering,relaxed,high,TP2-PP2-DP2,,9.0,6.5,False,reach
Megatron-530B-like_large_PP-heavy_TP8_PP16_DP8,extra_parallelism_bandwidth_steering,relaxed,high,TP2-PP2-DP3,,12.0,10.5,False,reach
Megatron-530B-like_large_PP-heavy_TP8_PP16_DP8,extra_parallelism_bandwidth_steering,relaxed,high,TP2-PP3-DP1,,9.4,10.5,False,reach
Megatron-530B-like_large_PP-heavy_TP8_PP16_DP8,extra_parallelism_bandwidth_steering,relaxed,high,TP2-PP3-DP2,,11.4,10.5,False,reach
Megatron-530B-like_large_PP-heavy_TP8_PP16_DP8,extra_parallelism_bandwidth_steering,relaxed,high,TP2-PP3-DP3,1.7976795067666667,14.4,10.5,True,
Megatron-530B-like_large_PP-heavy_TP8_PP16_DP8,extra_parallelism_bandwidth_steering,relaxed,high,TP3-PP1-DP1,,9.0,10.5,False,reach
Megatron-530B-like_large_PP-heavy_TP8_PP16_DP8,extra_parallelism_bandwidth_steering,relaxed,high,TP3-PP1-DP2,,11.0,10.5,False,reach
Megatron-530B-like_large_PP-heavy_TP8_PP16_DP8,extra_parallelism_bandwidth_steering,relaxed,high,TP3-PP1-DP3,,14.0,10.5,False,reach
Megatron-530B-like_large_PP-heavy_TP8_PP16_DP8,extra_parallelism_bandwidth_steering,relaxed,high,TP3-PP2-DP1,,10.6,10.5,False,reach
Megatron-530B-like_large_PP-heavy_TP8_PP16_DP8,extra_parallelism_bandwidth_steering,relaxed,high,TP3-PP2-DP2,,12.6,10.5,False,reach
Megatron-530B-like_large_PP-heavy_TP8_PP16_DP8,extra_parallelism_bandwidth_steering,relaxed,high,TP3-PP2-DP3,,15.6,10.5,False,reach
Megatron-530B-like_large_PP-heavy_TP8_PP16_DP8,extra_parallelism_bandwidth_steering,relaxed,high,TP3-PP3-DP1,,13.0,10.5,False,reach
Megatron-530B-like_large_PP-heavy_TP8_PP16_DP8,extra_parallelism_bandwidth_steering,relaxed,high,TP3-PP3-DP2,,15.0,10.5,False,reach
Megatron-530B-like_large_PP-heavy_TP8_PP16_DP8,extra_parallelism_bandwidth_steering,relaxed,high,TP3-PP3-DP3,2.1196405009,18.0,10.5,True,
Megatron-530B-like_large_PP-heavy_TP8_PP16_DP8,deep_oversubscribed_global_bottleneck,strict,low,TP1-PP1-DP1,,3.0,2.5,False,reach
Megatron-530B-like_large_PP-heavy_TP8_PP16_DP8,deep_oversubscribed_global_bottleneck,strict,low,TP1-PP1-DP2,,4.5,6.5,False,reach
Megatron-530B-like_large_PP-heavy_TP8_PP16_DP8,deep_oversubscribed_global_bottleneck,strict,low,TP1-PP1-DP3,,7.0,11.0,False,loss+reach
Megatron-530B-like_large_PP-heavy_TP8_PP16_DP8,deep_oversubscribed_global_bottleneck,strict,low,TP1-PP2-DP1,,4.2,6.5,False,reach
Megatron-530B-like_large_PP-heavy_TP8_PP16_DP8,deep_oversubscribed_global_bottleneck,strict,low,TP1-PP2-DP2,,5.7,6.5,False,reach
Megatron-530B-like_large_PP-heavy_TP8_PP16_DP8,deep_oversubscribed_global_bottleneck,strict,low,TP1-PP2-DP3,,8.2,11.0,False,loss+port+reach
Megatron-530B-like_large_PP-heavy_TP8_PP16_DP8,deep_oversubscribed_global_bottleneck,strict,low,TP1-PP3-DP1,,6.2,11.0,False,loss+reach
Megatron-530B-like_large_PP-heavy_TP8_PP16_DP8,deep_oversubscribed_global_bottleneck,strict,low,TP1-PP3-DP2,,7.7,11.0,False,loss+port+reach
Megatron-530B-like_large_PP-heavy_TP8_PP16_DP8,deep_oversubscribed_global_bottleneck,strict,low,TP1-PP3-DP3,,10.2,11.0,False,loss+port
Megatron-530B-like_large_PP-heavy_TP8_PP16_DP8,deep_oversubscribed_global_bottleneck,strict,low,TP2-PP1-DP1,,4.8,6.5,False,reach
Megatron-530B-like_large_PP-heavy_TP8_PP16_DP8,deep_oversubscribed_global_bottleneck,strict,low,TP2-PP1-DP2,,6.3,6.5,False,reach
Megatron-530B-like_large_PP-heavy_TP8_PP16_DP8,deep_oversubscribed_global_bottleneck,strict,low,TP2-PP1-DP3,,8.8,11.0,False,loss+port+reach
Megatron-530B-like_large_PP-heavy_TP8_PP16_DP8,deep_oversubscribed_global_bottleneck,strict,low,TP2-PP2-DP1,,6.0,6.5,False,reach
Megatron-530B-like_large_PP-heavy_TP8_PP16_DP8,deep_oversubscribed_global_bottleneck,strict,low,TP2-PP2-DP2,,7.5,6.5,False,port+reach
Megatron-530B-like_large_PP-heavy_TP8_PP16_DP8,deep_oversubscribed_global_bottleneck,strict,low,TP2-PP2-DP3,,10.0,11.0,False,loss+port+reach
Megatron-530B-like_large_PP-heavy_TP8_PP16_DP8,deep_oversubscribed_global_bottleneck,strict,low,TP2-PP3-DP1,,8.0,11.0,False,loss+port+reach
Megatron-530B-like_large_PP-heavy_TP8_PP16_DP8,deep_oversubscribed_global_bottleneck,strict,low,TP2-PP3-DP2,,9.5,11.0,False,loss+port+reach
Megatron-530B-like_large_PP-heavy_TP8_PP16_DP8,deep_oversubscribed_global_bottleneck,strict,low,TP2-PP3-DP3,,12.0,11.0,False,loss+port
Megatron-530B-like_large_PP-heavy_TP8_PP16_DP8,deep_oversubscribed_global_bottleneck,strict,low,TP3-PP1-DP1,,7.8,11.0,False,loss+port+reach
Megatron-530B-like_large_PP-heavy_TP8_PP16_DP8,deep_oversubscribed_global_bottleneck,strict,low,TP3-PP1-DP2,,9.3,11.0,False,loss+port+reach
Megatron-530B-like_large_PP-heavy_TP8_PP16_DP8,deep_oversubscribed_global_bottleneck,strict,low,TP3-PP1-DP3,,11.8,11.0,False,loss+port+reach
Megatron-530B-like_large_PP-heavy_TP8_PP16_DP8,deep_oversubscribed_global_bottleneck,strict,low,TP3-PP2-DP1,,9.0,11.0,False,loss+port+reach
Megatron-530B-like_large_PP-heavy_TP8_PP16_DP8,deep_oversubscribed_global_bottleneck,strict,low,TP3-PP2-DP2,,10.5,11.0,False,loss+port+reach
Megatron-530B-like_large_PP-heavy_TP8_PP16_DP8,deep_oversubscribed_global_bottleneck,strict,low,TP3-PP2-DP3,,13.0,11.0,False,loss+port+reach
Megatron-530B-like_large_PP-heavy_TP8_PP16_DP8,deep_oversubscribed_global_bottleneck,strict,low,TP3-PP3-DP1,,11.0,11.0,False,loss+port+reach
Megatron-530B-like_large_PP-heavy_TP8_PP16_DP8,deep_oversubscribed_global_bottleneck,strict,low,TP3-PP3-DP2,,12.5,11.0,False,loss+port+reach
Megatron-530B-like_large_PP-heavy_TP8_PP16_DP8,deep_oversubscribed_global_bottleneck,strict,low,TP3-PP3-DP3,,15.0,11.0,False,loss+port
Megatron-530B-like_large_PP-heavy_TP8_PP16_DP8,deep_oversubscribed_global_bottleneck,strict,medium,TP1-PP1-DP1,,3.0,2.5,False,reach
Megatron-530B-like_large_PP-heavy_TP8_PP16_DP8,deep_oversubscribed_global_bottleneck,strict,medium,TP1-PP1-DP2,,4.5,6.5,False,reach
Megatron-530B-like_large_PP-heavy_TP8_PP16_DP8,deep_oversubscribed_global_bottleneck,strict,medium,TP1-PP1-DP3,,7.0,11.0,False,loss+reach
Megatron-530B-like_large_PP-heavy_TP8_PP16_DP8,deep_oversubscribed_global_bottleneck,strict,medium,TP1-PP2-DP1,,4.2,6.5,False,reach
Megatron-530B-like_large_PP-heavy_TP8_PP16_DP8,deep_oversubscribed_global_bottleneck,strict,medium,TP1-PP2-DP2,,5.7,6.5,False,reach
Megatron-530B-like_large_PP-heavy_TP8_PP16_DP8,deep_oversubscribed_global_bottleneck,strict,medium,TP1-PP2-DP3,,8.2,11.0,False,loss+reach
Megatron-530B-like_large_PP-heavy_TP8_PP16_DP8,deep_oversubscribed_global_bottleneck,strict,medium,TP1-PP3-DP1,,6.2,11.0,False,loss+reach
Megatron-530B-like_large_PP-heavy_TP8_PP16_DP8,deep_oversubscribed_global_bottleneck,strict,medium,TP1-PP3-DP2,,7.7,11.0,False,loss+reach
Megatron-530B-like_large_PP-heavy_TP8_PP16_DP8,deep_oversubscribed_global_bottleneck,strict,medium,TP1-PP3-DP3,,10.2,11.0,False,loss
Megatron-530B-like_large_PP-heavy_TP8_PP16_DP8,deep_oversubscribed_global_bottleneck,strict,medium,TP2-PP1-DP1,,4.8,6.5,False,reach
Megatron-530B-like_large_PP-heavy_TP8_PP16_DP8,deep_oversubscribed_global_bottleneck,strict,medium,TP2-PP1-DP2,,6.3,6.5,False,reach
Megatron-530B-like_large_PP-heavy_TP8_PP16_DP8,deep_oversubscribed_global_bottleneck,strict,medium,TP2-PP1-DP3,,8.8,11.0,False,loss+reach
Megatron-530B-like_large_PP-heavy_TP8_PP16_DP8,deep_oversubscribed_global_bottleneck,strict,medium,TP2-PP2-DP1,,6.0,6.5,False,reach
Megatron-530B-like_large_PP-heavy_TP8_PP16_DP8,deep_oversubscribed_global_bottleneck,strict,medium,TP2-PP2-DP2,,7.5,6.5,False,reach
Megatron-530B-like_large_PP-heavy_TP8_PP16_DP8,deep_oversubscribed_global_bottleneck,strict,medium,TP2-PP2-DP3,,10.0,11.0,False,loss+reach
Megatron-530B-like_large_PP-heavy_TP8_PP16_DP8,deep_oversubscribed_global_bottleneck,strict,medium,TP2-PP3-DP1,,8.0,11.0,False,loss+reach
Megatron-530B-like_large_PP-heavy_TP8_PP16_DP8,deep_oversubscribed_global_bottleneck,strict,medium,TP2-PP3-DP2,,9.5,11.0,False,loss+reach
Megatron-530B-like_large_PP-heavy_TP8_PP16_DP8,deep_oversubscribed_global_bottleneck,strict,medium,TP2-PP3-DP3,,12.0,11.0,False,loss
Megatron-530B-like_large_PP-heavy_TP8_PP16_DP8,deep_oversubscribed_global_bottleneck,strict,medium,TP3-PP1-DP1,,7.8,11.0,False,loss+reach
Megatron-530B-like_large_PP-heavy_TP8_PP16_DP8,deep_oversubscribed_global_bottleneck,strict,medium,TP3-PP1-DP2,,9.3,11.0,False,loss+reach
Megatron-530B-like_large_PP-heavy_TP8_PP16_DP8,deep_oversubscribed_global_bottleneck,strict,medium,TP3-PP1-DP3,,11.8,11.0,False,loss+reach
Megatron-530B-like_large_PP-heavy_TP8_PP16_DP8,deep_oversubscribed_global_bottleneck,strict,medium,TP3-PP2-DP1,,9.0,11.0,False,loss+reach
Megatron-530B-like_large_PP-heavy_TP8_PP16_DP8,deep_oversubscribed_global_bottleneck,strict,medium,TP3-PP2-DP2,,10.5,11.0,False,loss+reach
Megatron-530B-like_large_PP-heavy_TP8_PP16_DP8,deep_oversubscribed_global_bottleneck,strict,medium,TP3-PP2-DP3,,13.0,11.0,False,loss+port+reach
Megatron-530B-like_large_PP-heavy_TP8_PP16_DP8,deep_oversubscribed_global_bottleneck,strict,medium,TP3-PP3-DP1,,11.0,11.0,False,loss+reach
Megatron-530B-like_large_PP-heavy_TP8_PP16_DP8,deep_oversubscribed_global_bottleneck,strict,medium,TP3-PP3-DP2,,12.5,11.0,False,loss+reach
Megatron-530B-like_large_PP-heavy_TP8_PP16_DP8,deep_oversubscribed_global_bottleneck,strict,medium,TP3-PP3-DP3,,15.0,11.0,False,loss+port
Megatron-530B-like_large_PP-heavy_TP8_PP16_DP8,deep_oversubscribed_global_bottleneck,strict,high,TP1-PP1-DP1,,3.0,2.5,False,reach
Megatron-530B-like_large_PP-heavy_TP8_PP16_DP8,deep_oversubscribed_global_bottleneck,strict,high,TP1-PP1-DP2,,4.5,6.5,False,reach
Megatron-530B-like_large_PP-heavy_TP8_PP16_DP8,deep_oversubscribed_global_bottleneck,strict,high,TP1-PP1-DP3,,7.0,11.0,False,loss+reach
Megatron-530B-like_large_PP-heavy_TP8_PP16_DP8,deep_oversubscribed_global_bottleneck,strict,high,TP1-PP2-DP1,,4.2,6.5,False,reach
Megatron-530B-like_large_PP-heavy_TP8_PP16_DP8,deep_oversubscribed_global_bottleneck,strict,high,TP1-PP2-DP2,,5.7,6.5,False,reach
Megatron-530B-like_large_PP-heavy_TP8_PP16_DP8,deep_oversubscribed_global_bottleneck,strict,high,TP1-PP2-DP3,,8.2,11.0,False,loss+reach
Megatron-530B-like_large_PP-heavy_TP8_PP16_DP8,deep_oversubscribed_global_bottleneck,strict,high,TP1-PP3-DP1,,6.2,11.0,False,loss+reach
Megatron-530B-like_large_PP-heavy_TP8_PP16_DP8,deep_oversubscribed_global_bottleneck,strict,high,TP1-PP3-DP2,,7.7,11.0,False,loss+reach
Megatron-530B-like_large_PP-heavy_TP8_PP16_DP8,deep_oversubscribed_global_bottleneck,strict,high,TP1-PP3-DP3,,10.2,11.0,False,loss
Megatron-530B-like_large_PP-heavy_TP8_PP16_DP8,deep_oversubscribed_global_bottleneck,strict,high,TP2-PP1-DP1,,4.8,6.5,False,reach
Megatron-530B-like_large_PP-heavy_TP8_PP16_DP8,deep_oversubscribed_global_bottleneck,strict,high,TP2-PP1-DP2,,6.3,6.5,False,reach
Megatron-530B-like_large_PP-heavy_TP8_PP16_DP8,deep_oversubscribed_global_bottleneck,strict,high,TP2-PP1-DP3,,8.8,11.0,False,loss+reach
Megatron-530B-like_large_PP-heavy_TP8_PP16_DP8,deep_oversubscribed_global_bottleneck,strict,high,TP2-PP2-DP1,,6.0,6.5,False,reach
Megatron-530B-like_large_PP-heavy_TP8_PP16_DP8,deep_oversubscribed_global_bottleneck,strict,high,TP2-PP2-DP2,,7.5,6.5,False,reach
Megatron-530B-like_large_PP-heavy_TP8_PP16_DP8,deep_oversubscribed_global_bottleneck,strict,high,TP2-PP2-DP3,,10.0,11.0,False,loss+reach
Megatron-530B-like_large_PP-heavy_TP8_PP16_DP8,deep_oversubscribed_global_bottleneck,strict,high,TP2-PP3-DP1,,8.0,11.0,False,loss+reach
Megatron-530B-like_large_PP-heavy_TP8_PP16_DP8,deep_oversubscribed_global_bottleneck,strict,high,TP2-PP3-DP2,,9.5,11.0,False,loss+reach
Megatron-530B-like_large_PP-heavy_TP8_PP16_DP8,deep_oversubscribed_global_bottleneck,strict,high,TP2-PP3-DP3,,12.0,11.0,False,loss
Megatron-530B-like_large_PP-heavy_TP8_PP16_DP8,deep_oversubscribed_global_bottleneck,strict,high,TP3-PP1-DP1,,7.8,11.0,False,loss+reach
Megatron-530B-like_large_PP-heavy_TP8_PP16_DP8,deep_oversubscribed_global_bottleneck,strict,high,TP3-PP1-DP2,,9.3,11.0,False,loss+reach
Megatron-530B-like_large_PP-heavy_TP8_PP16_DP8,deep_oversubscribed_global_bottleneck,strict,high,TP3-PP1-DP3,,11.8,11.0,False,loss+reach
Megatron-530B-like_large_PP-heavy_TP8_PP16_DP8,deep_oversubscribed_global_bottleneck,strict,high,TP3-PP2-DP1,,9.0,11.0,False,loss+reach
Megatron-530B-like_large_PP-heavy_TP8_PP16_DP8,deep_oversubscribed_global_bottleneck,strict,high,TP3-PP2-DP2,,10.5,11.0,False,loss+reach
Megatron-530B-like_large_PP-heavy_TP8_PP16_DP8,deep_oversubscribed_global_bottleneck,strict,high,TP3-PP2-DP3,,13.0,11.0,False,loss+reach
Megatron-530B-like_large_PP-heavy_TP8_PP16_DP8,deep_oversubscribed_global_bottleneck,strict,high,TP3-PP3-DP1,,11.0,11.0,False,loss+reach
Megatron-530B-like_large_PP-heavy_TP8_PP16_DP8,deep_oversubscribed_global_bottleneck,strict,high,TP3-PP3-DP2,,12.5,11.0,False,loss+reach
Megatron-530B-like_large_PP-heavy_TP8_PP16_DP8,deep_oversubscribed_global_bottleneck,strict,high,TP3-PP3-DP3,,15.0,11.0,False,loss
Megatron-530B-like_large_PP-heavy_TP8_PP16_DP8,deep_oversubscribed_global_bottleneck,medium,low,TP1-PP1-DP1,,3.0,2.5,False,reach
Megatron-530B-like_large_PP-heavy_TP8_PP16_DP8,deep_oversubscribed_global_bottleneck,medium,low,TP1-PP1-DP2,,4.5,6.5,False,reach
Megatron-530B-like_large_PP-heavy_TP8_PP16_DP8,deep_oversubscribed_global_bottleneck,medium,low,TP1-PP1-DP3,,7.0,11.0,False,reach
Megatron-530B-like_large_PP-heavy_TP8_PP16_DP8,deep_oversubscribed_global_bottleneck,medium,low,TP1-PP2-DP1,,4.2,6.5,False,reach
Megatron-530B-like_large_PP-heavy_TP8_PP16_DP8,deep_oversubscribed_global_bottleneck,medium,low,TP1-PP2-DP2,,5.7,6.5,False,reach
Megatron-530B-like_large_PP-heavy_TP8_PP16_DP8,deep_oversubscribed_global_bottleneck,medium,low,TP1-PP2-DP3,,8.2,11.0,False,port+reach
Megatron-530B-like_large_PP-heavy_TP8_PP16_DP8,deep_oversubscribed_global_bottleneck,medium,low,TP1-PP3-DP1,,6.2,11.0,False,reach
Megatron-530B-like_large_PP-heavy_TP8_PP16_DP8,deep_oversubscribed_global_bottleneck,medium,low,TP1-PP3-DP2,,7.7,11.0,False,port+reach
Megatron-530B-like_large_PP-heavy_TP8_PP16_DP8,deep_oversubscribed_global_bottleneck,medium,low,TP1-PP3-DP3,,10.2,11.0,False,port
Megatron-530B-like_large_PP-heavy_TP8_PP16_DP8,deep_oversubscribed_global_bottleneck,medium,low,TP2-PP1-DP1,,4.8,6.5,False,reach
Megatron-530B-like_large_PP-heavy_TP8_PP16_DP8,deep_oversubscribed_global_bottleneck,medium,low,TP2-PP1-DP2,,6.3,6.5,False,reach
Megatron-530B-like_large_PP-heavy_TP8_PP16_DP8,deep_oversubscribed_global_bottleneck,medium,low,TP2-PP1-DP3,,8.8,11.0,False,port+reach
Megatron-530B-like_large_PP-heavy_TP8_PP16_DP8,deep_oversubscribed_global_bottleneck,medium,low,TP2-PP2-DP1,,6.0,6.5,False,reach
Megatron-530B-like_large_PP-heavy_TP8_PP16_DP8,deep_oversubscribed_global_bottleneck,medium,low,TP2-PP2-DP2,,7.5,6.5,False,port+reach
Megatron-530B-like_large_PP-heavy_TP8_PP16_DP8,deep_oversubscribed_global_bottleneck,medium,low,TP2-PP2-DP3,,10.0,11.0,False,port+reach
Megatron-530B-like_large_PP-heavy_TP8_PP16_DP8,deep_oversubscribed_global_bottleneck,medium,low,TP2-PP3-DP1,,8.0,11.0,False,port+reach
Megatron-530B-like_large_PP-heavy_TP8_PP16_DP8,deep_oversubscribed_global_bottleneck,medium,low,TP2-PP3-DP2,,9.5,11.0,False,port+reach
Megatron-530B-like_large_PP-heavy_TP8_PP16_DP8,deep_oversubscribed_global_bottleneck,medium,low,TP2-PP3-DP3,,12.0,11.0,False,port
Megatron-530B-like_large_PP-heavy_TP8_PP16_DP8,deep_oversubscribed_global_bottleneck,medium,low,TP3-PP1-DP1,,7.8,11.0,False,port+reach
Megatron-530B-like_large_PP-heavy_TP8_PP16_DP8,deep_oversubscribed_global_bottleneck,medium,low,TP3-PP1-DP2,,9.3,11.0,False,port+reach
Megatron-530B-like_large_PP-heavy_TP8_PP16_DP8,deep_oversubscribed_global_bottleneck,medium,low,TP3-PP1-DP3,,11.8,11.0,False,port+reach
Megatron-530B-like_large_PP-heavy_TP8_PP16_DP8,deep_oversubscribed_global_bottleneck,medium,low,TP3-PP2-DP1,,9.0,11.0,False,port+reach
Megatron-530B-like_large_PP-heavy_TP8_PP16_DP8,deep_oversubscribed_global_bottleneck,medium,low,TP3-PP2-DP2,,10.5,11.0,False,port+reach
Megatron-530B-like_large_PP-heavy_TP8_PP16_DP8,deep_oversubscribed_global_bottleneck,medium,low,TP3-PP2-DP3,,13.0,11.0,False,port+reach
Megatron-530B-like_large_PP-heavy_TP8_PP16_DP8,deep_oversubscribed_global_bottleneck,medium,low,TP3-PP3-DP1,,11.0,11.0,False,port+reach
Megatron-530B-like_large_PP-heavy_TP8_PP16_DP8,deep_oversubscribed_global_bottleneck,medium,low,TP3-PP3-DP2,,12.5,11.0,False,port+reach
Megatron-530B-like_large_PP-heavy_TP8_PP16_DP8,deep_oversubscribed_global_bottleneck,medium,low,TP3-PP3-DP3,,15.0,11.0,False,port
Megatron-530B-like_large_PP-heavy_TP8_PP16_DP8,deep_oversubscribed_global_bottleneck,medium,medium,TP1-PP1-DP1,,3.0,2.5,False,reach
Megatron-530B-like_large_PP-heavy_TP8_PP16_DP8,deep_oversubscribed_global_bottleneck,medium,medium,TP1-PP1-DP2,,4.5,6.5,False,reach
Megatron-530B-like_large_PP-heavy_TP8_PP16_DP8,deep_oversubscribed_global_bottleneck,medium,medium,TP1-PP1-DP3,,7.0,11.0,False,reach
Megatron-530B-like_large_PP-heavy_TP8_PP16_DP8,deep_oversubscribed_global_bottleneck,medium,medium,TP1-PP2-DP1,,4.2,6.5,False,reach
Megatron-530B-like_large_PP-heavy_TP8_PP16_DP8,deep_oversubscribed_global_bottleneck,medium,medium,TP1-PP2-DP2,,5.7,6.5,False,reach
Megatron-530B-like_large_PP-heavy_TP8_PP16_DP8,deep_oversubscribed_global_bottleneck,medium,medium,TP1-PP2-DP3,,8.2,11.0,False,reach
Megatron-530B-like_large_PP-heavy_TP8_PP16_DP8,deep_oversubscribed_global_bottleneck,medium,medium,TP1-PP3-DP1,,6.2,11.0,False,reach
Megatron-530B-like_large_PP-heavy_TP8_PP16_DP8,deep_oversubscribed_global_bottleneck,medium,medium,TP1-PP3-DP2,,7.7,11.0,False,reach
Megatron-530B-like_large_PP-heavy_TP8_PP16_DP8,deep_oversubscribed_global_bottleneck,medium,medium,TP1-PP3-DP3,2.1969479096,10.2,11.0,True,
Megatron-530B-like_large_PP-heavy_TP8_PP16_DP8,deep_oversubscribed_global_bottleneck,medium,medium,TP2-PP1-DP1,,4.8,6.5,False,reach
Megatron-530B-like_large_PP-heavy_TP8_PP16_DP8,deep_oversubscribed_global_bottleneck,medium,medium,TP2-PP1-DP2,,6.3,6.5,False,reach
Megatron-530B-like_large_PP-heavy_TP8_PP16_DP8,deep_oversubscribed_global_bottleneck,medium,medium,TP2-PP1-DP3,,8.8,11.0,False,reach
Megatron-530B-like_large_PP-heavy_TP8_PP16_DP8,deep_oversubscribed_global_bottleneck,medium,medium,TP2-PP2-DP1,,6.0,6.5,False,reach
Megatron-530B-like_large_PP-heavy_TP8_PP16_DP8,deep_oversubscribed_global_bottleneck,medium,medium,TP2-PP2-DP2,,7.5,6.5,False,reach
Megatron-530B-like_large_PP-heavy_TP8_PP16_DP8,deep_oversubscribed_global_bottleneck,medium,medium,TP2-PP2-DP3,,10.0,11.0,False,reach
Megatron-530B-like_large_PP-heavy_TP8_PP16_DP8,deep_oversubscribed_global_bottleneck,medium,medium,TP2-PP3-DP1,,8.0,11.0,False,reach
Megatron-530B-like_large_PP-heavy_TP8_PP16_DP8,deep_oversubscribed_global_bottleneck,medium,medium,TP2-PP3-DP2,,9.5,11.0,False,reach
Megatron-530B-like_large_PP-heavy_TP8_PP16_DP8,deep_oversubscribed_global_bottleneck,medium,medium,TP2-PP3-DP3,2.9050592183999995,12.0,11.0,True,
Megatron-530B-like_large_PP-heavy_TP8_PP16_DP8,deep_oversubscribed_global_bottleneck,medium,medium,TP3-PP1-DP1,,7.8,11.0,False,reach
Megatron-530B-like_large_PP-heavy_TP8_PP16_DP8,deep_oversubscribed_global_bottleneck,medium,medium,TP3-PP1-DP2,,9.3,11.0,False,reach
Megatron-530B-like_large_PP-heavy_TP8_PP16_DP8,deep_oversubscribed_global_bottleneck,medium,medium,TP3-PP1-DP3,,11.8,11.0,False,reach
Megatron-530B-like_large_PP-heavy_TP8_PP16_DP8,deep_oversubscribed_global_bottleneck,medium,medium,TP3-PP2-DP1,,9.0,11.0,False,reach
Megatron-530B-like_large_PP-heavy_TP8_PP16_DP8,deep_oversubscribed_global_bottleneck,medium,medium,TP3-PP2-DP2,,10.5,11.0,False,reach
Megatron-530B-like_large_PP-heavy_TP8_PP16_DP8,deep_oversubscribed_global_bottleneck,medium,medium,TP3-PP2-DP3,,13.0,11.0,False,port+reach
Megatron-530B-like_large_PP-heavy_TP8_PP16_DP8,deep_oversubscribed_global_bottleneck,medium,medium,TP3-PP3-DP1,,11.0,11.0,False,reach
Megatron-530B-like_large_PP-heavy_TP8_PP16_DP8,deep_oversubscribed_global_bottleneck,medium,medium,TP3-PP3-DP2,,12.5,11.0,False,reach
Megatron-530B-like_large_PP-heavy_TP8_PP16_DP8,deep_oversubscribed_global_bottleneck,medium,medium,TP3-PP3-DP3,,15.0,11.0,False,port
Megatron-530B-like_large_PP-heavy_TP8_PP16_DP8,deep_oversubscribed_global_bottleneck,medium,high,TP1-PP1-DP1,,3.0,2.5,False,reach
Megatron-530B-like_large_PP-heavy_TP8_PP16_DP8,deep_oversubscribed_global_bottleneck,medium,high,TP1-PP1-DP2,,4.5,6.5,False,reach
Megatron-530B-like_large_PP-heavy_TP8_PP16_DP8,deep_oversubscribed_global_bottleneck,medium,high,TP1-PP1-DP3,,7.0,11.0,False,reach
Megatron-530B-like_large_PP-heavy_TP8_PP16_DP8,deep_oversubscribed_global_bottleneck,medium,high,TP1-PP2-DP1,,4.2,6.5,False,reach
Megatron-530B-like_large_PP-heavy_TP8_PP16_DP8,deep_oversubscribed_global_bottleneck,medium,high,TP1-PP2-DP2,,5.7,6.5,False,reach
Megatron-530B-like_large_PP-heavy_TP8_PP16_DP8,deep_oversubscribed_global_bottleneck,medium,high,TP1-PP2-DP3,,8.2,11.0,False,reach
Megatron-530B-like_large_PP-heavy_TP8_PP16_DP8,deep_oversubscribed_global_bottleneck,medium,high,TP1-PP3-DP1,,6.2,11.0,False,reach
Megatron-530B-like_large_PP-heavy_TP8_PP16_DP8,deep_oversubscribed_global_bottleneck,medium,high,TP1-PP3-DP2,,7.7,11.0,False,reach
Megatron-530B-like_large_PP-heavy_TP8_PP16_DP8,deep_oversubscribed_global_bottleneck,medium,high,TP1-PP3-DP3,2.1969479096,10.2,11.0,True,
Megatron-530B-like_large_PP-heavy_TP8_PP16_DP8,deep_oversubscribed_global_bottleneck,medium,high,TP2-PP1-DP1,,4.8,6.5,False,reach
Megatron-530B-like_large_PP-heavy_TP8_PP16_DP8,deep_oversubscribed_global_bottleneck,medium,high,TP2-PP1-DP2,,6.3,6.5,False,reach
Megatron-530B-like_large_PP-heavy_TP8_PP16_DP8,deep_oversubscribed_global_bottleneck,medium,high,TP2-PP1-DP3,,8.8,11.0,False,reach
Megatron-530B-like_large_PP-heavy_TP8_PP16_DP8,deep_oversubscribed_global_bottleneck,medium,high,TP2-PP2-DP1,,6.0,6.5,False,reach
Megatron-530B-like_large_PP-heavy_TP8_PP16_DP8,deep_oversubscribed_global_bottleneck,medium,high,TP2-PP2-DP2,,7.5,6.5,False,reach
Megatron-530B-like_large_PP-heavy_TP8_PP16_DP8,deep_oversubscribed_global_bottleneck,medium,high,TP2-PP2-DP3,,10.0,11.0,False,reach
Megatron-530B-like_large_PP-heavy_TP8_PP16_DP8,deep_oversubscribed_global_bottleneck,medium,high,TP2-PP3-DP1,,8.0,11.0,False,reach
Megatron-530B-like_large_PP-heavy_TP8_PP16_DP8,deep_oversubscribed_global_bottleneck,medium,high,TP2-PP3-DP2,,9.5,11.0,False,reach
Megatron-530B-like_large_PP-heavy_TP8_PP16_DP8,deep_oversubscribed_global_bottleneck,medium,high,TP2-PP3-DP3,2.9050592183999995,12.0,11.0,True,
Megatron-530B-like_large_PP-heavy_TP8_PP16_DP8,deep_oversubscribed_global_bottleneck,medium,high,TP3-PP1-DP1,,7.8,11.0,False,reach
Megatron-530B-like_large_PP-heavy_TP8_PP16_DP8,deep_oversubscribed_global_bottleneck,medium,high,TP3-PP1-DP2,,9.3,11.0,False,reach
Megatron-530B-like_large_PP-heavy_TP8_PP16_DP8,deep_oversubscribed_global_bottleneck,medium,high,TP3-PP1-DP3,,11.8,11.0,False,reach
Megatron-530B-like_large_PP-heavy_TP8_PP16_DP8,deep_oversubscribed_global_bottleneck,medium,high,TP3-PP2-DP1,,9.0,11.0,False,reach
Megatron-530B-like_large_PP-heavy_TP8_PP16_DP8,deep_oversubscribed_global_bottleneck,medium,high,TP3-PP2-DP2,,10.5,11.0,False,reach
Megatron-530B-like_large_PP-heavy_TP8_PP16_DP8,deep_oversubscribed_global_bottleneck,medium,high,TP3-PP2-DP3,,13.0,11.0,False,reach
Megatron-530B-like_large_PP-heavy_TP8_PP16_DP8,deep_oversubscribed_global_bottleneck,medium,high,TP3-PP3-DP1,,11.0,11.0,False,reach
Megatron-530B-like_large_PP-heavy_TP8_PP16_DP8,deep_oversubscribed_global_bottleneck,medium,high,TP3-PP3-DP2,,12.5,11.0,False,reach
Megatron-530B-like_large_PP-heavy_TP8_PP16_DP8,deep_oversubscribed_global_bottleneck,medium,high,TP3-PP3-DP3,5.9802308536,15.0,11.0,True,
Megatron-530B-like_large_PP-heavy_TP8_PP16_DP8,deep_oversubscribed_global_bottleneck,relaxed,low,TP1-PP1-DP1,,3.0,2.5,False,reach
Megatron-530B-like_large_PP-heavy_TP8_PP16_DP8,deep_oversubscribed_global_bottleneck,relaxed,low,TP1-PP1-DP2,,4.5,6.5,False,reach
Megatron-530B-like_large_PP-heavy_TP8_PP16_DP8,deep_oversubscribed_global_bottleneck,relaxed,low,TP1-PP1-DP3,,7.0,11.0,False,reach
Megatron-530B-like_large_PP-heavy_TP8_PP16_DP8,deep_oversubscribed_global_bottleneck,relaxed,low,TP1-PP2-DP1,,4.2,6.5,False,reach
Megatron-530B-like_large_PP-heavy_TP8_PP16_DP8,deep_oversubscribed_global_bottleneck,relaxed,low,TP1-PP2-DP2,,5.7,6.5,False,reach
Megatron-530B-like_large_PP-heavy_TP8_PP16_DP8,deep_oversubscribed_global_bottleneck,relaxed,low,TP1-PP2-DP3,,8.2,11.0,False,port+reach
Megatron-530B-like_large_PP-heavy_TP8_PP16_DP8,deep_oversubscribed_global_bottleneck,relaxed,low,TP1-PP3-DP1,,6.2,11.0,False,reach
Megatron-530B-like_large_PP-heavy_TP8_PP16_DP8,deep_oversubscribed_global_bottleneck,relaxed,low,TP1-PP3-DP2,,7.7,11.0,False,port+reach
Megatron-530B-like_large_PP-heavy_TP8_PP16_DP8,deep_oversubscribed_global_bottleneck,relaxed,low,TP1-PP3-DP3,,10.2,11.0,False,port
Megatron-530B-like_large_PP-heavy_TP8_PP16_DP8,deep_oversubscribed_global_bottleneck,relaxed,low,TP2-PP1-DP1,,4.8,6.5,False,reach
Megatron-530B-like_large_PP-heavy_TP8_PP16_DP8,deep_oversubscribed_global_bottleneck,relaxed,low,TP2-PP1-DP2,,6.3,6.5,False,reach
Megatron-530B-like_large_PP-heavy_TP8_PP16_DP8,deep_oversubscribed_global_bottleneck,relaxed,low,TP2-PP1-DP3,,8.8,11.0,False,port+reach
Megatron-530B-like_large_PP-heavy_TP8_PP16_DP8,deep_oversubscribed_global_bottleneck,relaxed,low,TP2-PP2-DP1,,6.0,6.5,False,reach
Megatron-530B-like_large_PP-heavy_TP8_PP16_DP8,deep_oversubscribed_global_bottleneck,relaxed,low,TP2-PP2-DP2,,7.5,6.5,False,port+reach
Megatron-530B-like_large_PP-heavy_TP8_PP16_DP8,deep_oversubscribed_global_bottleneck,relaxed,low,TP2-PP2-DP3,,10.0,11.0,False,port+reach
Megatron-530B-like_large_PP-heavy_TP8_PP16_DP8,deep_oversubscribed_global_bottleneck,relaxed,low,TP2-PP3-DP1,,8.0,11.0,False,port+reach
Megatron-530B-like_large_PP-heavy_TP8_PP16_DP8,deep_oversubscribed_global_bottleneck,relaxed,low,TP2-PP3-DP2,,9.5,11.0,False,port+reach
Megatron-530B-like_large_PP-heavy_TP8_PP16_DP8,deep_oversubscribed_global_bottleneck,relaxed,low,TP2-PP3-DP3,,12.0,11.0,False,port
Megatron-530B-like_large_PP-heavy_TP8_PP16_DP8,deep_oversubscribed_global_bottleneck,relaxed,low,TP3-PP1-DP1,,7.8,11.0,False,port+reach
Megatron-530B-like_large_PP-heavy_TP8_PP16_DP8,deep_oversubscribed_global_bottleneck,relaxed,low,TP3-PP1-DP2,,9.3,11.0,False,port+reach
Megatron-530B-like_large_PP-heavy_TP8_PP16_DP8,deep_oversubscribed_global_bottleneck,relaxed,low,TP3-PP1-DP3,,11.8,11.0,False,port+reach
Megatron-530B-like_large_PP-heavy_TP8_PP16_DP8,deep_oversubscribed_global_bottleneck,relaxed,low,TP3-PP2-DP1,,9.0,11.0,False,port+reach
Megatron-530B-like_large_PP-heavy_TP8_PP16_DP8,deep_oversubscribed_global_bottleneck,relaxed,low,TP3-PP2-DP2,,10.5,11.0,False,port+reach
Megatron-530B-like_large_PP-heavy_TP8_PP16_DP8,deep_oversubscribed_global_bottleneck,relaxed,low,TP3-PP2-DP3,,13.0,11.0,False,port+reach
Megatron-530B-like_large_PP-heavy_TP8_PP16_DP8,deep_oversubscribed_global_bottleneck,relaxed,low,TP3-PP3-DP1,,11.0,11.0,False,port+reach
Megatron-530B-like_large_PP-heavy_TP8_PP16_DP8,deep_oversubscribed_global_bottleneck,relaxed,low,TP3-PP3-DP2,,12.5,11.0,False,port+reach
Megatron-530B-like_large_PP-heavy_TP8_PP16_DP8,deep_oversubscribed_global_bottleneck,relaxed,low,TP3-PP3-DP3,,15.0,11.0,False,port
Megatron-530B-like_large_PP-heavy_TP8_PP16_DP8,deep_oversubscribed_global_bottleneck,relaxed,medium,TP1-PP1-DP1,,3.0,2.5,False,reach
Megatron-530B-like_large_PP-heavy_TP8_PP16_DP8,deep_oversubscribed_global_bottleneck,relaxed,medium,TP1-PP1-DP2,,4.5,6.5,False,reach
Megatron-530B-like_large_PP-heavy_TP8_PP16_DP8,deep_oversubscribed_global_bottleneck,relaxed,medium,TP1-PP1-DP3,,7.0,11.0,False,reach
Megatron-530B-like_large_PP-heavy_TP8_PP16_DP8,deep_oversubscribed_global_bottleneck,relaxed,medium,TP1-PP2-DP1,,4.2,6.5,False,reach
Megatron-530B-like_large_PP-heavy_TP8_PP16_DP8,deep_oversubscribed_global_bottleneck,relaxed,medium,TP1-PP2-DP2,,5.7,6.5,False,reach
Megatron-530B-like_large_PP-heavy_TP8_PP16_DP8,deep_oversubscribed_global_bottleneck,relaxed,medium,TP1-PP2-DP3,,8.2,11.0,False,reach
Megatron-530B-like_large_PP-heavy_TP8_PP16_DP8,deep_oversubscribed_global_bottleneck,relaxed,medium,TP1-PP3-DP1,,6.2,11.0,False,reach
Megatron-530B-like_large_PP-heavy_TP8_PP16_DP8,deep_oversubscribed_global_bottleneck,relaxed,medium,TP1-PP3-DP2,,7.7,11.0,False,reach
Megatron-530B-like_large_PP-heavy_TP8_PP16_DP8,deep_oversubscribed_global_bottleneck,relaxed,medium,TP1-PP3-DP3,2.1969479096,10.2,11.0,True,
Megatron-530B-like_large_PP-heavy_TP8_PP16_DP8,deep_oversubscribed_global_bottleneck,relaxed,medium,TP2-PP1-DP1,,4.8,6.5,False,reach
Megatron-530B-like_large_PP-heavy_TP8_PP16_DP8,deep_oversubscribed_global_bottleneck,relaxed,medium,TP2-PP1-DP2,,6.3,6.5,False,reach
Megatron-530B-like_large_PP-heavy_TP8_PP16_DP8,deep_oversubscribed_global_bottleneck,relaxed,medium,TP2-PP1-DP3,,8.8,11.0,False,reach
Megatron-530B-like_large_PP-heavy_TP8_PP16_DP8,deep_oversubscribed_global_bottleneck,relaxed,medium,TP2-PP2-DP1,,6.0,6.5,False,reach
Megatron-530B-like_large_PP-heavy_TP8_PP16_DP8,deep_oversubscribed_global_bottleneck,relaxed,medium,TP2-PP2-DP2,,7.5,6.5,False,reach
Megatron-530B-like_large_PP-heavy_TP8_PP16_DP8,deep_oversubscribed_global_bottleneck,relaxed,medium,TP2-PP2-DP3,,10.0,11.0,False,reach
Megatron-530B-like_large_PP-heavy_TP8_PP16_DP8,deep_oversubscribed_global_bottleneck,relaxed,medium,TP2-PP3-DP1,,8.0,11.0,False,reach
Megatron-530B-like_large_PP-heavy_TP8_PP16_DP8,deep_oversubscribed_global_bottleneck,relaxed,medium,TP2-PP3-DP2,,9.5,11.0,False,reach
Megatron-530B-like_large_PP-heavy_TP8_PP16_DP8,deep_oversubscribed_global_bottleneck,relaxed,medium,TP2-PP3-DP3,2.9050592183999995,12.0,11.0,True,
Megatron-530B-like_large_PP-heavy_TP8_PP16_DP8,deep_oversubscribed_global_bottleneck,relaxed,medium,TP3-PP1-DP1,,7.8,11.0,False,reach
Megatron-530B-like_large_PP-heavy_TP8_PP16_DP8,deep_oversubscribed_global_bottleneck,relaxed,medium,TP3-PP1-DP2,,9.3,11.0,False,reach
Megatron-530B-like_large_PP-heavy_TP8_PP16_DP8,deep_oversubscribed_global_bottleneck,relaxed,medium,TP3-PP1-DP3,,11.8,11.0,False,reach
Megatron-530B-like_large_PP-heavy_TP8_PP16_DP8,deep_oversubscribed_global_bottleneck,relaxed,medium,TP3-PP2-DP1,,9.0,11.0,False,reach
Megatron-530B-like_large_PP-heavy_TP8_PP16_DP8,deep_oversubscribed_global_bottleneck,relaxed,medium,TP3-PP2-DP2,,10.5,11.0,False,reach
Megatron-530B-like_large_PP-heavy_TP8_PP16_DP8,deep_oversubscribed_global_bottleneck,relaxed,medium,TP3-PP2-DP3,,13.0,11.0,False,port+reach
Megatron-530B-like_large_PP-heavy_TP8_PP16_DP8,deep_oversubscribed_global_bottleneck,relaxed,medium,TP3-PP3-DP1,,11.0,11.0,False,reach
Megatron-530B-like_large_PP-heavy_TP8_PP16_DP8,deep_oversubscribed_global_bottleneck,relaxed,medium,TP3-PP3-DP2,,12.5,11.0,False,reach
Megatron-530B-like_large_PP-heavy_TP8_PP16_DP8,deep_oversubscribed_global_bottleneck,relaxed,medium,TP3-PP3-DP3,,15.0,11.0,False,port
Megatron-530B-like_large_PP-heavy_TP8_PP16_DP8,deep_oversubscribed_global_bottleneck,relaxed,high,TP1-PP1-DP1,,3.0,2.5,False,reach
Megatron-530B-like_large_PP-heavy_TP8_PP16_DP8,deep_oversubscribed_global_bottleneck,relaxed,high,TP1-PP1-DP2,,4.5,6.5,False,reach
Megatron-530B-like_large_PP-heavy_TP8_PP16_DP8,deep_oversubscribed_global_bottleneck,relaxed,high,TP1-PP1-DP3,,7.0,11.0,False,reach
Megatron-530B-like_large_PP-heavy_TP8_PP16_DP8,deep_oversubscribed_global_bottleneck,relaxed,high,TP1-PP2-DP1,,4.2,6.5,False,reach
Megatron-530B-like_large_PP-heavy_TP8_PP16_DP8,deep_oversubscribed_global_bottleneck,relaxed,high,TP1-PP2-DP2,,5.7,6.5,False,reach
Megatron-530B-like_large_PP-heavy_TP8_PP16_DP8,deep_oversubscribed_global_bottleneck,relaxed,high,TP1-PP2-DP3,,8.2,11.0,False,reach
Megatron-530B-like_large_PP-heavy_TP8_PP16_DP8,deep_oversubscribed_global_bottleneck,relaxed,high,TP1-PP3-DP1,,6.2,11.0,False,reach
Megatron-530B-like_large_PP-heavy_TP8_PP16_DP8,deep_oversubscribed_global_bottleneck,relaxed,high,TP1-PP3-DP2,,7.7,11.0,False,reach
Megatron-530B-like_large_PP-heavy_TP8_PP16_DP8,deep_oversubscribed_global_bottleneck,relaxed,high,TP1-PP3-DP3,2.1969479096,10.2,11.0,True,
Megatron-530B-like_large_PP-heavy_TP8_PP16_DP8,deep_oversubscribed_global_bottleneck,relaxed,high,TP2-PP1-DP1,,4.8,6.5,False,reach
Megatron-530B-like_large_PP-heavy_TP8_PP16_DP8,deep_oversubscribed_global_bottleneck,relaxed,high,TP2-PP1-DP2,,6.3,6.5,False,reach
Megatron-530B-like_large_PP-heavy_TP8_PP16_DP8,deep_oversubscribed_global_bottleneck,relaxed,high,TP2-PP1-DP3,,8.8,11.0,False,reach
Megatron-530B-like_large_PP-heavy_TP8_PP16_DP8,deep_oversubscribed_global_bottleneck,relaxed,high,TP2-PP2-DP1,,6.0,6.5,False,reach
Megatron-530B-like_large_PP-heavy_TP8_PP16_DP8,deep_oversubscribed_global_bottleneck,relaxed,high,TP2-PP2-DP2,,7.5,6.5,False,reach
Megatron-530B-like_large_PP-heavy_TP8_PP16_DP8,deep_oversubscribed_global_bottleneck,relaxed,high,TP2-PP2-DP3,,10.0,11.0,False,reach
Megatron-530B-like_large_PP-heavy_TP8_PP16_DP8,deep_oversubscribed_global_bottleneck,relaxed,high,TP2-PP3-DP1,,8.0,11.0,False,reach
Megatron-530B-like_large_PP-heavy_TP8_PP16_DP8,deep_oversubscribed_global_bottleneck,relaxed,high,TP2-PP3-DP2,,9.5,11.0,False,reach
Megatron-530B-like_large_PP-heavy_TP8_PP16_DP8,deep_oversubscribed_global_bottleneck,relaxed,high,TP2-PP3-DP3,2.9050592183999995,12.0,11.0,True,
Megatron-530B-like_large_PP-heavy_TP8_PP16_DP8,deep_oversubscribed_global_bottleneck,relaxed,high,TP3-PP1-DP1,,7.8,11.0,False,reach
Megatron-530B-like_large_PP-heavy_TP8_PP16_DP8,deep_oversubscribed_global_bottleneck,relaxed,high,TP3-PP1-DP2,,9.3,11.0,False,reach
Megatron-530B-like_large_PP-heavy_TP8_PP16_DP8,deep_oversubscribed_global_bottleneck,relaxed,high,TP3-PP1-DP3,,11.8,11.0,False,reach
Megatron-530B-like_large_PP-heavy_TP8_PP16_DP8,deep_oversubscribed_global_bottleneck,relaxed,high,TP3-PP2-DP1,,9.0,11.0,False,reach
Megatron-530B-like_large_PP-heavy_TP8_PP16_DP8,deep_oversubscribed_global_bottleneck,relaxed,high,TP3-PP2-DP2,,10.5,11.0,False,reach
Megatron-530B-like_large_PP-heavy_TP8_PP16_DP8,deep_oversubscribed_global_bottleneck,relaxed,high,TP3-PP2-DP3,,13.0,11.0,False,reach
Megatron-530B-like_large_PP-heavy_TP8_PP16_DP8,deep_oversubscribed_global_bottleneck,relaxed,high,TP3-PP3-DP1,,11.0,11.0,False,reach
Megatron-530B-like_large_PP-heavy_TP8_PP16_DP8,deep_oversubscribed_global_bottleneck,relaxed,high,TP3-PP3-DP2,,12.5,11.0,False,reach
Megatron-530B-like_large_PP-heavy_TP8_PP16_DP8,deep_oversubscribed_global_bottleneck,relaxed,high,TP3-PP3-DP3,5.9802308536,15.0,11.0,True,
