Total batches, 143051, Processed Batches, 2
Layer, Type, start time, end time, duration, Bytes to be transferred, Collective type, Parallelism, Locality, Degree
'FWD_MHA', 'Compute', 0, 0.025423021492460222, 0.025423021492460222, 'NONE', 'NONE', 'NONE', 0
'FWD_TP_COMM_INTRA', 'Comm', 0.025423021492460222, 0.025439402674682445, 1.6381182222222223e-05, 0.0, 'ALLREDUCE', 'TP', 'INTRA', 8
'FWD_FFN', 'Compute', 0.025439402674682445, 0.029094599643286978, 0.0036551969686045324, 'NONE', 'NONE', 'NONE', 0
'FWD_TP_COMM_INTRA', 'Comm', 0.029094599643286978, 0.0291109808255092, 1.6381182222222223e-05, 0.0, 'ALLREDUCE', 'TP', 'INTRA', 8
'FWD_MHA', 'Compute', 0.0291109808255092, 0.05453400231796943, 0.025423021492460222, 'NONE', 'NONE', 'NONE', 0
'FWD_TP_COMM_INTRA', 'Comm', 0.05453400231796943, 0.054550383500191646, 1.6381182222222223e-05, 0.0, 'ALLREDUCE', 'TP', 'INTRA', 8
'FWD_FFN', 'Compute', 0.054550383500191646, 0.058205580468796175, 0.0036551969686045324, 'NONE', 'NONE', 'NONE', 0
'FWD_TP_COMM_INTRA', 'Comm', 0.058205580468796175, 0.058221961651018395, 1.6381182222222223e-05, 0.0, 'ALLREDUCE', 'TP', 'INTRA', 8
'FWD_MHA', 'Compute', 0.058221961651018395, 0.08364498314347862, 0.025423021492460222, 'NONE', 'NONE', 'NONE', 0
'FWD_TP_COMM_INTRA', 'Comm', 0.08364498314347862, 0.08366136432570084, 1.6381182222222223e-05, 0.0, 'ALLREDUCE', 'TP', 'INTRA', 8
'FWD_FFN', 'Compute', 0.08366136432570084, 0.08731656129430537, 0.0036551969686045324, 'NONE', 'NONE', 'NONE', 0
'FWD_TP_COMM_INTRA', 'Comm', 0.08731656129430537, 0.08733294247652759, 1.6381182222222223e-05, 0.0, 'ALLREDUCE', 'TP', 'INTRA', 8
'FWD_MHA', 'Compute', 0.08733294247652759, 0.11275596396898782, 0.025423021492460222, 'NONE', 'NONE', 'NONE', 0
'FWD_TP_COMM_INTRA', 'Comm', 0.11275596396898782, 0.11277234515121004, 1.6381182222222223e-05, 0.0, 'ALLREDUCE', 'TP', 'INTRA', 8
'FWD_FFN', 'Compute', 0.11277234515121004, 0.11642754211981457, 0.0036551969686045324, 'NONE', 'NONE', 'NONE', 0
'FWD_TP_COMM_INTRA', 'Comm', 0.11642754211981457, 0.11644392330203679, 1.6381182222222223e-05, 0.0, 'ALLREDUCE', 'TP', 'INTRA', 8
'FWD_MHA', 'Compute', 0.11644392330203679, 0.14186694479449702, 0.025423021492460222, 'NONE', 'NONE', 'NONE', 0
'FWD_TP_COMM_INTRA', 'Comm', 0.14186694479449702, 0.14188332597671924, 1.6381182222222223e-05, 0.0, 'ALLREDUCE', 'TP', 'INTRA', 8
'FWD_FFN', 'Compute', 0.14188332597671924, 0.14553852294532377, 0.0036551969686045324, 'NONE', 'NONE', 'NONE', 0
'FWD_TP_COMM_INTRA', 'Comm', 0.14553852294532377, 0.145554904127546, 1.6381182222222223e-05, 0.0, 'ALLREDUCE', 'TP', 'INTRA', 8
'FWD_MHA', 'Compute', 0.145554904127546, 0.17097792562000622, 0.025423021492460222, 'NONE', 'NONE', 'NONE', 0
'FWD_TP_COMM_INTRA', 'Comm', 0.17097792562000622, 0.17099430680222844, 1.6381182222222223e-05, 0.0, 'ALLREDUCE', 'TP', 'INTRA', 8
'FWD_FFN', 'Compute', 0.17099430680222844, 0.17464950377083296, 0.0036551969686045324, 'NONE', 'NONE', 'NONE', 0
'FWD_TP_COMM_INTRA', 'Comm', 0.17464950377083296, 0.17466588495305518, 1.6381182222222223e-05, 0.0, 'ALLREDUCE', 'TP', 'INTRA', 8
'FWD_MHA', 'Compute', 0.17466588495305518, 0.2000889064455154, 0.025423021492460222, 'NONE', 'NONE', 'NONE', 0
'FWD_TP_COMM_INTRA', 'Comm', 0.2000889064455154, 0.20010528762773763, 1.6381182222222223e-05, 0.0, 'ALLREDUCE', 'TP', 'INTRA', 8
'FWD_FFN', 'Compute', 0.20010528762773763, 0.20376048459634216, 0.0036551969686045324, 'NONE', 'NONE', 'NONE', 0
'FWD_TP_COMM_INTRA', 'Comm', 0.20376048459634216, 0.20377686577856438, 1.6381182222222223e-05, 0.0, 'ALLREDUCE', 'TP', 'INTRA', 8
'FWD_MHA', 'Compute', 0.20377686577856438, 0.2291998872710246, 0.025423021492460222, 'NONE', 'NONE', 'NONE', 0
'FWD_TP_COMM_INTRA', 'Comm', 0.2291998872710246, 0.22921626845324683, 1.6381182222222223e-05, 0.0, 'ALLREDUCE', 'TP', 'INTRA', 8
'FWD_FFN', 'Compute', 0.22921626845324683, 0.23287146542185136, 0.0036551969686045324, 'NONE', 'NONE', 'NONE', 0
'FWD_TP_COMM_INTRA', 'Comm', 0.23287146542185136, 0.23288784660407358, 1.6381182222222223e-05, 0.0, 'ALLREDUCE', 'TP', 'INTRA', 8
'FWD_MHA', 'Compute', 0.23288784660407358, 0.2583108680965338, 0.025423021492460222, 'NONE', 'NONE', 'NONE', 0
'FWD_TP_COMM_INTRA', 'Comm', 0.2583108680965338, 0.25832724927875605, 1.6381182222222223e-05, 0.0, 'ALLREDUCE', 'TP', 'INTRA', 8
'FWD_FFN', 'Compute', 0.25832724927875605, 0.2619824462473606, 0.0036551969686045324, 'NONE', 'NONE', 'NONE', 0
'FWD_TP_COMM_INTRA', 'Comm', 0.2619824462473606, 0.26199882742958286, 1.6381182222222223e-05, 0.0, 'ALLREDUCE', 'TP', 'INTRA', 8
'FWD_MHA', 'Compute', 0.26199882742958286, 0.2874218489220431, 0.025423021492460222, 'NONE', 'NONE', 'NONE', 0
'FWD_TP_COMM_INTRA', 'Comm', 0.2874218489220431, 0.28743823010426534, 1.6381182222222223e-05, 0.0, 'ALLREDUCE', 'TP', 'INTRA', 8
'FWD_FFN', 'Compute', 0.28743823010426534, 0.2910934270728699, 0.0036551969686045324, 'NONE', 'NONE', 'NONE', 0
'FWD_TP_COMM_INTRA', 'Comm', 0.2910934270728699, 0.29110980825509214, 1.6381182222222223e-05, 0.0, 'ALLREDUCE', 'TP', 'INTRA', 8
'FWD_MHA', 'Compute', 0.29110980825509214, 0.31653282974755237, 0.025423021492460222, 'NONE', 'NONE', 'NONE', 0
'FWD_TP_COMM_INTRA', 'Comm', 0.31653282974755237, 0.3165492109297746, 1.6381182222222223e-05, 0.0, 'ALLREDUCE', 'TP', 'INTRA', 8
'FWD_FFN', 'Compute', 0.3165492109297746, 0.3202044078983792, 0.0036551969686045324, 'NONE', 'NONE', 'NONE', 0
'FWD_TP_COMM_INTRA', 'Comm', 0.3202044078983792, 0.3202207890806014, 1.6381182222222223e-05, 0.0, 'ALLREDUCE', 'TP', 'INTRA', 8
'FWD_MHA', 'Compute', 0.3202207890806014, 0.34564381057306165, 0.025423021492460222, 'NONE', 'NONE', 'NONE', 0
'FWD_TP_COMM_INTRA', 'Comm', 0.34564381057306165, 0.3456601917552839, 1.6381182222222223e-05, 0.0, 'ALLREDUCE', 'TP', 'INTRA', 8
'FWD_FFN', 'Compute', 0.3456601917552839, 0.34931538872388845, 0.0036551969686045324, 'NONE', 'NONE', 'NONE', 0
'FWD_TP_COMM_INTRA', 'Comm', 0.34931538872388845, 0.3493317699061107, 1.6381182222222223e-05, 0.0, 'ALLREDUCE', 'TP', 'INTRA', 8
'FWD_PP_COMM_INTER', 'Comm', 0.3493317699061107, 0.34937091945177734, 3.914954566666667e-05, 0.0, 'P2P', 'PP', 'INTER', 8
'FWD_MHA', 'Compute', 0.34937091945177734, 0.37479394094423757, 0.025423021492460222, 'NONE', 'NONE', 'NONE', 0
'FWD_TP_COMM_INTRA', 'Comm', 0.37479394094423757, 0.3748103221264598, 1.6381182222222223e-05, 0.0, 'ALLREDUCE', 'TP', 'INTRA', 8
'FWD_FFN', 'Compute', 0.3748103221264598, 0.3784655190950644, 0.0036551969686045324, 'NONE', 'NONE', 'NONE', 0
'FWD_TP_COMM_INTRA', 'Comm', 0.3784655190950644, 0.3784819002772866, 1.6381182222222223e-05, 0.0, 'ALLREDUCE', 'TP', 'INTRA', 8
'FWD_MHA', 'Compute', 0.3784819002772866, 0.40390492176974685, 0.025423021492460222, 'NONE', 'NONE', 'NONE', 0
'FWD_TP_COMM_INTRA', 'Comm', 0.40390492176974685, 0.4039213029519691, 1.6381182222222223e-05, 0.0, 'ALLREDUCE', 'TP', 'INTRA', 8
'FWD_FFN', 'Compute', 0.4039213029519691, 0.40757649992057365, 0.0036551969686045324, 'NONE', 'NONE', 'NONE', 0
'FWD_TP_COMM_INTRA', 'Comm', 0.40757649992057365, 0.4075928811027959, 1.6381182222222223e-05, 0.0, 'ALLREDUCE', 'TP', 'INTRA', 8
'FWD_MHA', 'Compute', 0.4075928811027959, 0.43301590259525613, 0.025423021492460222, 'NONE', 'NONE', 'NONE', 0
'FWD_TP_COMM_INTRA', 'Comm', 0.43301590259525613, 0.4330322837774784, 1.6381182222222223e-05, 0.0, 'ALLREDUCE', 'TP', 'INTRA', 8
'FWD_FFN', 'Compute', 0.4330322837774784, 0.43668748074608293, 0.0036551969686045324, 'NONE', 'NONE', 'NONE', 0
'FWD_TP_COMM_INTRA', 'Comm', 0.43668748074608293, 0.4367038619283052, 1.6381182222222223e-05, 0.0, 'ALLREDUCE', 'TP', 'INTRA', 8
'FWD_MHA', 'Compute', 0.4367038619283052, 0.4621268834207654, 0.025423021492460222, 'NONE', 'NONE', 'NONE', 0
'FWD_TP_COMM_INTRA', 'Comm', 0.4621268834207654, 0.46214326460298766, 1.6381182222222223e-05, 0.0, 'ALLREDUCE', 'TP', 'INTRA', 8
'FWD_FFN', 'Compute', 0.46214326460298766, 0.4657984615715922, 0.0036551969686045324, 'NONE', 'NONE', 'NONE', 0
'FWD_TP_COMM_INTRA', 'Comm', 0.4657984615715922, 0.46581484275381446, 1.6381182222222223e-05, 0.0, 'ALLREDUCE', 'TP', 'INTRA', 8
'FWD_MHA', 'Compute', 0.46581484275381446, 0.4912378642462747, 0.025423021492460222, 'NONE', 'NONE', 'NONE', 0
'FWD_TP_COMM_INTRA', 'Comm', 0.4912378642462747, 0.49125424542849694, 1.6381182222222223e-05, 0.0, 'ALLREDUCE', 'TP', 'INTRA', 8
'FWD_FFN', 'Compute', 0.49125424542849694, 0.4949094423971015, 0.0036551969686045324, 'NONE', 'NONE', 'NONE', 0
'FWD_TP_COMM_INTRA', 'Comm', 0.4949094423971015, 0.49492582357932374, 1.6381182222222223e-05, 0.0, 'ALLREDUCE', 'TP', 'INTRA', 8
'FWD_MHA', 'Compute', 0.49492582357932374, 0.5203488450717839, 0.025423021492460222, 'NONE', 'NONE', 'NONE', 0
'FWD_TP_COMM_INTRA', 'Comm', 0.5203488450717839, 0.5203652262540062, 1.6381182222222223e-05, 0.0, 'ALLREDUCE', 'TP', 'INTRA', 8
'FWD_FFN', 'Compute', 0.5203652262540062, 0.5240204232226107, 0.0036551969686045324, 'NONE', 'NONE', 'NONE', 0
'FWD_TP_COMM_INTRA', 'Comm', 0.5240204232226107, 0.5240368044048329, 1.6381182222222223e-05, 0.0, 'ALLREDUCE', 'TP', 'INTRA', 8
'FWD_MHA', 'Compute', 0.5240368044048329, 0.5494598258972931, 0.025423021492460222, 'NONE', 'NONE', 'NONE', 0
'FWD_TP_COMM_INTRA', 'Comm', 0.5494598258972931, 0.5494762070795154, 1.6381182222222223e-05, 0.0, 'ALLREDUCE', 'TP', 'INTRA', 8
'FWD_FFN', 'Compute', 0.5494762070795154, 0.5531314040481199, 0.0036551969686045324, 'NONE', 'NONE', 'NONE', 0
'FWD_TP_COMM_INTRA', 'Comm', 0.5531314040481199, 0.5531477852303421, 1.6381182222222223e-05, 0.0, 'ALLREDUCE', 'TP', 'INTRA', 8
'FWD_MHA', 'Compute', 0.5531477852303421, 0.5785708067228024, 0.025423021492460222, 'NONE', 'NONE', 'NONE', 0
'FWD_TP_COMM_INTRA', 'Comm', 0.5785708067228024, 0.5785871879050246, 1.6381182222222223e-05, 0.0, 'ALLREDUCE', 'TP', 'INTRA', 8
'FWD_FFN', 'Compute', 0.5785871879050246, 0.5822423848736291, 0.0036551969686045324, 'NONE', 'NONE', 'NONE', 0
'FWD_TP_COMM_INTRA', 'Comm', 0.5822423848736291, 0.5822587660558514, 1.6381182222222223e-05, 0.0, 'ALLREDUCE', 'TP', 'INTRA', 8
'FWD_MHA', 'Compute', 0.5822587660558514, 0.6076817875483116, 0.025423021492460222, 'NONE', 'NONE', 'NONE', 0
'FWD_TP_COMM_INTRA', 'Comm', 0.6076817875483116, 0.6076981687305338, 1.6381182222222223e-05, 0.0, 'ALLREDUCE', 'TP', 'INTRA', 8
'FWD_FFN', 'Compute', 0.6076981687305338, 0.6113533656991383, 0.0036551969686045324, 'NONE', 'NONE', 'NONE', 0
'FWD_TP_COMM_INTRA', 'Comm', 0.6113533656991383, 0.6113697468813606, 1.6381182222222223e-05, 0.0, 'ALLREDUCE', 'TP', 'INTRA', 8
'FWD_MHA', 'Compute', 0.6113697468813606, 0.6367927683738208, 0.025423021492460222, 'NONE', 'NONE', 'NONE', 0
'FWD_TP_COMM_INTRA', 'Comm', 0.6367927683738208, 0.6368091495560431, 1.6381182222222223e-05, 0.0, 'ALLREDUCE', 'TP', 'INTRA', 8
'FWD_FFN', 'Compute', 0.6368091495560431, 0.6404643465246476, 0.0036551969686045324, 'NONE', 'NONE', 'NONE', 0
'FWD_TP_COMM_INTRA', 'Comm', 0.6404643465246476, 0.6404807277068698, 1.6381182222222223e-05, 0.0, 'ALLREDUCE', 'TP', 'INTRA', 8
'FWD_MHA', 'Compute', 0.6404807277068698, 0.66590374919933, 0.025423021492460222, 'NONE', 'NONE', 'NONE', 0
'FWD_TP_COMM_INTRA', 'Comm', 0.66590374919933, 0.6659201303815523, 1.6381182222222223e-05, 0.0, 'ALLREDUCE', 'TP', 'INTRA', 8
'FWD_FFN', 'Compute', 0.6659201303815523, 0.6695753273501568, 0.0036551969686045324, 'NONE', 'NONE', 'NONE', 0
'FWD_TP_COMM_INTRA', 'Comm', 0.6695753273501568, 0.669591708532379, 1.6381182222222223e-05, 0.0, 'ALLREDUCE', 'TP', 'INTRA', 8
'FWD_MHA', 'Compute', 0.669591708532379, 0.6950147300248393, 0.025423021492460222, 'NONE', 'NONE', 'NONE', 0
'FWD_TP_COMM_INTRA', 'Comm', 0.6950147300248393, 0.6950311112070615, 1.6381182222222223e-05, 0.0, 'ALLREDUCE', 'TP', 'INTRA', 8
'FWD_FFN', 'Compute', 0.6950311112070615, 0.698686308175666, 0.0036551969686045324, 'NONE', 'NONE', 'NONE', 0
'FWD_TP_COMM_INTRA', 'Comm', 0.698686308175666, 0.6987026893578883, 1.6381182222222223e-05, 0.0, 'ALLREDUCE', 'TP', 'INTRA', 8
'FWD_MHA', 'Compute', 0.6987026893578883, 0.7241257108503485, 0.025423021492460222, 'NONE', 'NONE', 'NONE', 0
'FWD_TP_COMM_INTRA', 'Comm', 0.7241257108503485, 0.7241420920325707, 1.6381182222222223e-05, 0.0, 'ALLREDUCE', 'TP', 'INTRA', 8
'FWD_FFN', 'Compute', 0.7241420920325707, 0.7277972890011752, 0.0036551969686045324, 'NONE', 'NONE', 'NONE', 0
'FWD_TP_COMM_INTRA', 'Comm', 0.7277972890011752, 0.7278136701833975, 1.6381182222222223e-05, 0.0, 'ALLREDUCE', 'TP', 'INTRA', 8
'FWD_MHA', 'Compute', 0.7278136701833975, 0.7532366916758577, 0.025423021492460222, 'NONE', 'NONE', 'NONE', 0
'FWD_TP_COMM_INTRA', 'Comm', 0.7532366916758577, 0.75325307285808, 1.6381182222222223e-05, 0.0, 'ALLREDUCE', 'TP', 'INTRA', 8
'FWD_FFN', 'Compute', 0.75325307285808, 0.7569082698266845, 0.0036551969686045324, 'NONE', 'NONE', 'NONE', 0
'FWD_TP_COMM_INTRA', 'Comm', 0.7569082698266845, 0.7569246510089067, 1.6381182222222223e-05, 0.0, 'ALLREDUCE', 'TP', 'INTRA', 8
'FWD_MHA', 'Compute', 0.7569246510089067, 0.7823476725013669, 0.025423021492460222, 'NONE', 'NONE', 'NONE', 0
'FWD_TP_COMM_INTRA', 'Comm', 0.7823476725013669, 0.7823640536835892, 1.6381182222222223e-05, 0.0, 'ALLREDUCE', 'TP', 'INTRA', 8
'FWD_FFN', 'Compute', 0.7823640536835892, 0.7860192506521937, 0.0036551969686045324, 'NONE', 'NONE', 'NONE', 0
'FWD_TP_COMM_INTRA', 'Comm', 0.7860192506521937, 0.7860356318344159, 1.6381182222222223e-05, 0.0, 'ALLREDUCE', 'TP', 'INTRA', 8
'FWD_MHA', 'Compute', 0.7860356318344159, 0.8114586533268762, 0.025423021492460222, 'NONE', 'NONE', 'NONE', 0
'FWD_TP_COMM_INTRA', 'Comm', 0.8114586533268762, 0.8114750345090984, 1.6381182222222223e-05, 0.0, 'ALLREDUCE', 'TP', 'INTRA', 8
'FWD_FFN', 'Compute', 0.8114750345090984, 0.8151302314777029, 0.0036551969686045324, 'NONE', 'NONE', 'NONE', 0
'FWD_TP_COMM_INTRA', 'Comm', 0.8151302314777029, 0.8151466126599252, 1.6381182222222223e-05, 0.0, 'ALLREDUCE', 'TP', 'INTRA', 8
'FWD_MHA', 'Compute', 0.8151466126599252, 0.8405696341523854, 0.025423021492460222, 'NONE', 'NONE', 'NONE', 0
'FWD_TP_COMM_INTRA', 'Comm', 0.8405696341523854, 0.8405860153346076, 1.6381182222222223e-05, 0.0, 'ALLREDUCE', 'TP', 'INTRA', 8
'FWD_FFN', 'Compute', 0.8405860153346076, 0.8442412123032121, 0.0036551969686045324, 'NONE', 'NONE', 'NONE', 0
'FWD_TP_COMM_INTRA', 'Comm', 0.8442412123032121, 0.8442575934854344, 1.6381182222222223e-05, 0.0, 'ALLREDUCE', 'TP', 'INTRA', 8
'FWD_MHA', 'Compute', 0.8442575934854344, 0.8696806149778946, 0.025423021492460222, 'NONE', 'NONE', 'NONE', 0
'FWD_TP_COMM_INTRA', 'Comm', 0.8696806149778946, 0.8696969961601169, 1.6381182222222223e-05, 0.0, 'ALLREDUCE', 'TP', 'INTRA', 8
'FWD_FFN', 'Compute', 0.8696969961601169, 0.8733521931287214, 0.0036551969686045324, 'NONE', 'NONE', 'NONE', 0
'FWD_TP_COMM_INTRA', 'Comm', 0.8733521931287214, 0.8733685743109436, 1.6381182222222223e-05, 0.0, 'ALLREDUCE', 'TP', 'INTRA', 8
'FWD_MHA', 'Compute', 0.8733685743109436, 0.8987915958034038, 0.025423021492460222, 'NONE', 'NONE', 'NONE', 0
'FWD_TP_COMM_INTRA', 'Comm', 0.8987915958034038, 0.8988079769856261, 1.6381182222222223e-05, 0.0, 'ALLREDUCE', 'TP', 'INTRA', 8
'FWD_FFN', 'Compute', 0.8988079769856261, 0.9024631739542306, 0.0036551969686045324, 'NONE', 'NONE', 'NONE', 0
'FWD_TP_COMM_INTRA', 'Comm', 0.9024631739542306, 0.9024795551364528, 1.6381182222222223e-05, 0.0, 'ALLREDUCE', 'TP', 'INTRA', 8
'FWD_MHA', 'Compute', 0.9024795551364528, 0.9279025766289131, 0.025423021492460222, 'NONE', 'NONE', 'NONE', 0
'FWD_TP_COMM_INTRA', 'Comm', 0.9279025766289131, 0.9279189578111353, 1.6381182222222223e-05, 0.0, 'ALLREDUCE', 'TP', 'INTRA', 8
'FWD_FFN', 'Compute', 0.9279189578111353, 0.9315741547797398, 0.0036551969686045324, 'NONE', 'NONE', 'NONE', 0
'FWD_TP_COMM_INTRA', 'Comm', 0.9315741547797398, 0.9315905359619621, 1.6381182222222223e-05, 0.0, 'ALLREDUCE', 'TP', 'INTRA', 8
'FWD_MHA', 'Compute', 0.9315905359619621, 0.9570135574544223, 0.025423021492460222, 'NONE', 'NONE', 'NONE', 0
'FWD_TP_COMM_INTRA', 'Comm', 0.9570135574544223, 0.9570299386366445, 1.6381182222222223e-05, 0.0, 'ALLREDUCE', 'TP', 'INTRA', 8
'FWD_FFN', 'Compute', 0.9570299386366445, 0.960685135605249, 0.0036551969686045324, 'NONE', 'NONE', 'NONE', 0
'FWD_TP_COMM_INTRA', 'Comm', 0.960685135605249, 0.9607015167874713, 1.6381182222222223e-05, 0.0, 'ALLREDUCE', 'TP', 'INTRA', 8
'FWD_MHA', 'Compute', 0.9607015167874713, 0.9861245382799315, 0.025423021492460222, 'NONE', 'NONE', 'NONE', 0
'FWD_TP_COMM_INTRA', 'Comm', 0.9861245382799315, 0.9861409194621538, 1.6381182222222223e-05, 0.0, 'ALLREDUCE', 'TP', 'INTRA', 8
'FWD_FFN', 'Compute', 0.9861409194621538, 0.9897961164307583, 0.0036551969686045324, 'NONE', 'NONE', 'NONE', 0
'FWD_TP_COMM_INTRA', 'Comm', 0.9897961164307583, 0.9898124976129805, 1.6381182222222223e-05, 0.0, 'ALLREDUCE', 'TP', 'INTRA', 8
'FWD_MHA', 'Compute', 0.9898124976129805, 1.0152355191054407, 0.025423021492460222, 'NONE', 'NONE', 'NONE', 0
'FWD_TP_COMM_INTRA', 'Comm', 1.0152355191054407, 1.015251900287663, 1.6381182222222223e-05, 0.0, 'ALLREDUCE', 'TP', 'INTRA', 8
'FWD_FFN', 'Compute', 1.015251900287663, 1.0189070972562675, 0.0036551969686045324, 'NONE', 'NONE', 'NONE', 0
'FWD_TP_COMM_INTRA', 'Comm', 1.0189070972562675, 1.0189234784384897, 1.6381182222222223e-05, 0.0, 'ALLREDUCE', 'TP', 'INTRA', 8
'FWD_MHA', 'Compute', 1.0189234784384897, 1.04434649993095, 0.025423021492460222, 'NONE', 'NONE', 'NONE', 0
'FWD_TP_COMM_INTRA', 'Comm', 1.04434649993095, 1.0443628811131722, 1.6381182222222223e-05, 0.0, 'ALLREDUCE', 'TP', 'INTRA', 8
'FWD_FFN', 'Compute', 1.0443628811131722, 1.0480180780817767, 0.0036551969686045324, 'NONE', 'NONE', 'NONE', 0
'FWD_TP_COMM_INTRA', 'Comm', 1.0480180780817767, 1.048034459263999, 1.6381182222222223e-05, 0.0, 'ALLREDUCE', 'TP', 'INTRA', 8
'FWD_MHA', 'Compute', 1.048034459263999, 1.0734574807564592, 0.025423021492460222, 'NONE', 'NONE', 'NONE', 0
'FWD_TP_COMM_INTRA', 'Comm', 1.0734574807564592, 1.0734738619386814, 1.6381182222222223e-05, 0.0, 'ALLREDUCE', 'TP', 'INTRA', 8
'FWD_FFN', 'Compute', 1.0734738619386814, 1.077129058907286, 0.0036551969686045324, 'NONE', 'NONE', 'NONE', 0
'FWD_TP_COMM_INTRA', 'Comm', 1.077129058907286, 1.0771454400895082, 1.6381182222222223e-05, 0.0, 'ALLREDUCE', 'TP', 'INTRA', 8
'FWD_MHA', 'Compute', 1.0771454400895082, 1.1025684615819684, 0.025423021492460222, 'NONE', 'NONE', 'NONE', 0
'FWD_TP_COMM_INTRA', 'Comm', 1.1025684615819684, 1.1025848427641907, 1.6381182222222223e-05, 0.0, 'ALLREDUCE', 'TP', 'INTRA', 8
'FWD_FFN', 'Compute', 1.1025848427641907, 1.1062400397327952, 0.0036551969686045324, 'NONE', 'NONE', 'NONE', 0
'FWD_TP_COMM_INTRA', 'Comm', 1.1062400397327952, 1.1062564209150174, 1.6381182222222223e-05, 0.0, 'ALLREDUCE', 'TP', 'INTRA', 8
'FWD_MHA', 'Compute', 1.1062564209150174, 1.1316794424074776, 0.025423021492460222, 'NONE', 'NONE', 'NONE', 0
'FWD_TP_COMM_INTRA', 'Comm', 1.1316794424074776, 1.1316958235897, 1.6381182222222223e-05, 0.0, 'ALLREDUCE', 'TP', 'INTRA', 8
'FWD_FFN', 'Compute', 1.1316958235897, 1.1353510205583044, 0.0036551969686045324, 'NONE', 'NONE', 'NONE', 0
'FWD_TP_COMM_INTRA', 'Comm', 1.1353510205583044, 1.1353674017405266, 1.6381182222222223e-05, 0.0, 'ALLREDUCE', 'TP', 'INTRA', 8
'FWD_MHA', 'Compute', 1.1353674017405266, 1.1607904232329869, 0.025423021492460222, 'NONE', 'NONE', 'NONE', 0
'FWD_TP_COMM_INTRA', 'Comm', 1.1607904232329869, 1.1608068044152091, 1.6381182222222223e-05, 0.0, 'ALLREDUCE', 'TP', 'INTRA', 8
'FWD_FFN', 'Compute', 1.1608068044152091, 1.1644620013838136, 0.0036551969686045324, 'NONE', 'NONE', 'NONE', 0
'FWD_TP_COMM_INTRA', 'Comm', 1.1644620013838136, 1.1644783825660359, 1.6381182222222223e-05, 0.0, 'ALLREDUCE', 'TP', 'INTRA', 8
'FWD_MHA', 'Compute', 1.1644783825660359, 1.189901404058496, 0.025423021492460222, 'NONE', 'NONE', 'NONE', 0
'FWD_TP_COMM_INTRA', 'Comm', 1.189901404058496, 1.1899177852407183, 1.6381182222222223e-05, 0.0, 'ALLREDUCE', 'TP', 'INTRA', 8
'FWD_FFN', 'Compute', 1.1899177852407183, 1.1935729822093228, 0.0036551969686045324, 'NONE', 'NONE', 'NONE', 0
'FWD_TP_COMM_INTRA', 'Comm', 1.1935729822093228, 1.193589363391545, 1.6381182222222223e-05, 0.0, 'ALLREDUCE', 'TP', 'INTRA', 8
'FWD_MHA', 'Compute', 1.193589363391545, 1.2190123848840053, 0.025423021492460222, 'NONE', 'NONE', 'NONE', 0
'FWD_TP_COMM_INTRA', 'Comm', 1.2190123848840053, 1.2190287660662276, 1.6381182222222223e-05, 0.0, 'ALLREDUCE', 'TP', 'INTRA', 8
'FWD_FFN', 'Compute', 1.2190287660662276, 1.222683963034832, 0.0036551969686045324, 'NONE', 'NONE', 'NONE', 0
'FWD_TP_COMM_INTRA', 'Comm', 1.222683963034832, 1.2227003442170543, 1.6381182222222223e-05, 0.0, 'ALLREDUCE', 'TP', 'INTRA', 8
'FWD_MHA', 'Compute', 1.2227003442170543, 1.2481233657095145, 0.025423021492460222, 'NONE', 'NONE', 'NONE', 0
'FWD_TP_COMM_INTRA', 'Comm', 1.2481233657095145, 1.2481397468917368, 1.6381182222222223e-05, 0.0, 'ALLREDUCE', 'TP', 'INTRA', 8
'FWD_FFN', 'Compute', 1.2481397468917368, 1.2517949438603413, 0.0036551969686045324, 'NONE', 'NONE', 'NONE', 0
'FWD_TP_COMM_INTRA', 'Comm', 1.2517949438603413, 1.2518113250425635, 1.6381182222222223e-05, 0.0, 'ALLREDUCE', 'TP', 'INTRA', 8
'FWD_MHA', 'Compute', 1.2518113250425635, 1.2772343465350238, 0.025423021492460222, 'NONE', 'NONE', 'NONE', 0
'FWD_TP_COMM_INTRA', 'Comm', 1.2772343465350238, 1.277250727717246, 1.6381182222222223e-05, 0.0, 'ALLREDUCE', 'TP', 'INTRA', 8
'FWD_FFN', 'Compute', 1.277250727717246, 1.2809059246858505, 0.0036551969686045324, 'NONE', 'NONE', 'NONE', 0
'FWD_TP_COMM_INTRA', 'Comm', 1.2809059246858505, 1.2809223058680728, 1.6381182222222223e-05, 0.0, 'ALLREDUCE', 'TP', 'INTRA', 8
'FWD_MHA', 'Compute', 1.2809223058680728, 1.306345327360533, 0.025423021492460222, 'NONE', 'NONE', 'NONE', 0
'FWD_TP_COMM_INTRA', 'Comm', 1.306345327360533, 1.3063617085427552, 1.6381182222222223e-05, 0.0, 'ALLREDUCE', 'TP', 'INTRA', 8
'FWD_FFN', 'Compute', 1.3063617085427552, 1.3100169055113597, 0.0036551969686045324, 'NONE', 'NONE', 'NONE', 0
'FWD_TP_COMM_INTRA', 'Comm', 1.3100169055113597, 1.310033286693582, 1.6381182222222223e-05, 0.0, 'ALLREDUCE', 'TP', 'INTRA', 8
'FWD_MHA', 'Compute', 1.310033286693582, 1.3354563081860422, 0.025423021492460222, 'NONE', 'NONE', 'NONE', 0
'FWD_TP_COMM_INTRA', 'Comm', 1.3354563081860422, 1.3354726893682645, 1.6381182222222223e-05, 0.0, 'ALLREDUCE', 'TP', 'INTRA', 8
'FWD_FFN', 'Compute', 1.3354726893682645, 1.339127886336869, 0.0036551969686045324, 'NONE', 'NONE', 'NONE', 0
'FWD_TP_COMM_INTRA', 'Comm', 1.339127886336869, 1.3391442675190912, 1.6381182222222223e-05, 0.0, 'ALLREDUCE', 'TP', 'INTRA', 8
'FWD_MHA', 'Compute', 1.3391442675190912, 1.3645672890115514, 0.025423021492460222, 'NONE', 'NONE', 'NONE', 0
'FWD_TP_COMM_INTRA', 'Comm', 1.3645672890115514, 1.3645836701937737, 1.6381182222222223e-05, 0.0, 'ALLREDUCE', 'TP', 'INTRA', 8
'FWD_FFN', 'Compute', 1.3645836701937737, 1.3682388671623782, 0.0036551969686045324, 'NONE', 'NONE', 'NONE', 0
'FWD_TP_COMM_INTRA', 'Comm', 1.3682388671623782, 1.3682552483446004, 1.6381182222222223e-05, 0.0, 'ALLREDUCE', 'TP', 'INTRA', 8
'FWD_MHA', 'Compute', 1.3682552483446004, 1.3936782698370607, 0.025423021492460222, 'NONE', 'NONE', 'NONE', 0
'FWD_TP_COMM_INTRA', 'Comm', 1.3936782698370607, 1.393694651019283, 1.6381182222222223e-05, 0.0, 'ALLREDUCE', 'TP', 'INTRA', 8
'FWD_FFN', 'Compute', 1.393694651019283, 1.3973498479878874, 0.0036551969686045324, 'NONE', 'NONE', 'NONE', 0
'FWD_TP_COMM_INTRA', 'Comm', 1.3973498479878874, 1.3973662291701097, 1.6381182222222223e-05, 0.0, 'ALLREDUCE', 'TP', 'INTRA', 8
'FWD_MHA', 'Compute', 1.3973662291701097, 1.42278925066257, 0.025423021492460222, 'NONE', 'NONE', 'NONE', 0
'FWD_TP_COMM_INTRA', 'Comm', 1.42278925066257, 1.4228056318447921, 1.6381182222222223e-05, 0.0, 'ALLREDUCE', 'TP', 'INTRA', 8
'FWD_FFN', 'Compute', 1.4228056318447921, 1.4264608288133966, 0.0036551969686045324, 'NONE', 'NONE', 'NONE', 0
'FWD_TP_COMM_INTRA', 'Comm', 1.4264608288133966, 1.4264772099956189, 1.6381182222222223e-05, 0.0, 'ALLREDUCE', 'TP', 'INTRA', 8
'FWD_MHA', 'Compute', 1.4264772099956189, 1.4519002314880791, 0.025423021492460222, 'NONE', 'NONE', 'NONE', 0
'FWD_TP_COMM_INTRA', 'Comm', 1.4519002314880791, 1.4519166126703014, 1.6381182222222223e-05, 0.0, 'ALLREDUCE', 'TP', 'INTRA', 8
'FWD_FFN', 'Compute', 1.4519166126703014, 1.4555718096389059, 0.0036551969686045324, 'NONE', 'NONE', 'NONE', 0
'FWD_TP_COMM_INTRA', 'Comm', 1.4555718096389059, 1.4555881908211281, 1.6381182222222223e-05, 0.0, 'ALLREDUCE', 'TP', 'INTRA', 8
'FWD_MHA', 'Compute', 1.4555881908211281, 1.4810112123135883, 0.025423021492460222, 'NONE', 'NONE', 'NONE', 0
'FWD_TP_COMM_INTRA', 'Comm', 1.4810112123135883, 1.4810275934958106, 1.6381182222222223e-05, 0.0, 'ALLREDUCE', 'TP', 'INTRA', 8
'FWD_FFN', 'Compute', 1.4810275934958106, 1.484682790464415, 0.0036551969686045324, 'NONE', 'NONE', 'NONE', 0
'FWD_TP_COMM_INTRA', 'Comm', 1.484682790464415, 1.4846991716466373, 1.6381182222222223e-05, 0.0, 'ALLREDUCE', 'TP', 'INTRA', 8
'FWD_MHA', 'Compute', 1.4846991716466373, 1.5101221931390976, 0.025423021492460222, 'NONE', 'NONE', 'NONE', 0
'FWD_TP_COMM_INTRA', 'Comm', 1.5101221931390976, 1.5101385743213198, 1.6381182222222223e-05, 0.0, 'ALLREDUCE', 'TP', 'INTRA', 8
'FWD_FFN', 'Compute', 1.5101385743213198, 1.5137937712899243, 0.0036551969686045324, 'NONE', 'NONE', 'NONE', 0
'FWD_TP_COMM_INTRA', 'Comm', 1.5137937712899243, 1.5138101524721466, 1.6381182222222223e-05, 0.0, 'ALLREDUCE', 'TP', 'INTRA', 8
'FWD_MHA', 'Compute', 1.5138101524721466, 1.5392331739646068, 0.025423021492460222, 'NONE', 'NONE', 'NONE', 0
'FWD_TP_COMM_INTRA', 'Comm', 1.5392331739646068, 1.539249555146829, 1.6381182222222223e-05, 0.0, 'ALLREDUCE', 'TP', 'INTRA', 8
'FWD_FFN', 'Compute', 1.539249555146829, 1.5429047521154335, 0.0036551969686045324, 'NONE', 'NONE', 'NONE', 0
'FWD_TP_COMM_INTRA', 'Comm', 1.5429047521154335, 1.5429211332976558, 1.6381182222222223e-05, 0.0, 'ALLREDUCE', 'TP', 'INTRA', 8
'FWD_MHA', 'Compute', 1.5429211332976558, 1.568344154790116, 0.025423021492460222, 'NONE', 'NONE', 'NONE', 0
'FWD_TP_COMM_INTRA', 'Comm', 1.568344154790116, 1.5683605359723383, 1.6381182222222223e-05, 0.0, 'ALLREDUCE', 'TP', 'INTRA', 8
'FWD_FFN', 'Compute', 1.5683605359723383, 1.5720157329409428, 0.0036551969686045324, 'NONE', 'NONE', 'NONE', 0
'FWD_TP_COMM_INTRA', 'Comm', 1.5720157329409428, 1.572032114123165, 1.6381182222222223e-05, 0.0, 'ALLREDUCE', 'TP', 'INTRA', 8
'FWD_MHA', 'Compute', 1.572032114123165, 1.5974551356156252, 0.025423021492460222, 'NONE', 'NONE', 'NONE', 0
'FWD_TP_COMM_INTRA', 'Comm', 1.5974551356156252, 1.5974715167978475, 1.6381182222222223e-05, 0.0, 'ALLREDUCE', 'TP', 'INTRA', 8
'FWD_FFN', 'Compute', 1.5974715167978475, 1.601126713766452, 0.0036551969686045324, 'NONE', 'NONE', 'NONE', 0
'FWD_TP_COMM_INTRA', 'Comm', 1.601126713766452, 1.6011430949486742, 1.6381182222222223e-05, 0.0, 'ALLREDUCE', 'TP', 'INTRA', 8
'FWD_MHA', 'Compute', 1.6011430949486742, 1.6265661164411345, 0.025423021492460222, 'NONE', 'NONE', 'NONE', 0
'FWD_TP_COMM_INTRA', 'Comm', 1.6265661164411345, 1.6265824976233567, 1.6381182222222223e-05, 0.0, 'ALLREDUCE', 'TP', 'INTRA', 8
'FWD_FFN', 'Compute', 1.6265824976233567, 1.6302376945919612, 0.0036551969686045324, 'NONE', 'NONE', 'NONE', 0
'FWD_TP_COMM_INTRA', 'Comm', 1.6302376945919612, 1.6302540757741835, 1.6381182222222223e-05, 0.0, 'ALLREDUCE', 'TP', 'INTRA', 8
'FWD_MHA', 'Compute', 1.6302540757741835, 1.6556770972666437, 0.025423021492460222, 'NONE', 'NONE', 'NONE', 0
'FWD_TP_COMM_INTRA', 'Comm', 1.6556770972666437, 1.655693478448866, 1.6381182222222223e-05, 0.0, 'ALLREDUCE', 'TP', 'INTRA', 8
'FWD_FFN', 'Compute', 1.655693478448866, 1.6593486754174704, 0.0036551969686045324, 'NONE', 'NONE', 'NONE', 0
'FWD_TP_COMM_INTRA', 'Comm', 1.6593486754174704, 1.6593650565996927, 1.6381182222222223e-05, 0.0, 'ALLREDUCE', 'TP', 'INTRA', 8
'FWD_MHA', 'Compute', 1.6593650565996927, 1.684788078092153, 0.025423021492460222, 'NONE', 'NONE', 'NONE', 0
'FWD_TP_COMM_INTRA', 'Comm', 1.684788078092153, 1.6848044592743752, 1.6381182222222223e-05, 0.0, 'ALLREDUCE', 'TP', 'INTRA', 8
'FWD_FFN', 'Compute', 1.6848044592743752, 1.6884596562429797, 0.0036551969686045324, 'NONE', 'NONE', 'NONE', 0
'FWD_TP_COMM_INTRA', 'Comm', 1.6884596562429797, 1.688476037425202, 1.6381182222222223e-05, 0.0, 'ALLREDUCE', 'TP', 'INTRA', 8
'FWD_MHA', 'Compute', 1.688476037425202, 1.7138990589176621, 0.025423021492460222, 'NONE', 'NONE', 'NONE', 0
'FWD_TP_COMM_INTRA', 'Comm', 1.7138990589176621, 1.7139154400998844, 1.6381182222222223e-05, 0.0, 'ALLREDUCE', 'TP', 'INTRA', 8
'FWD_FFN', 'Compute', 1.7139154400998844, 1.717570637068489, 0.0036551969686045324, 'NONE', 'NONE', 'NONE', 0
'FWD_TP_COMM_INTRA', 'Comm', 1.717570637068489, 1.7175870182507111, 1.6381182222222223e-05, 0.0, 'ALLREDUCE', 'TP', 'INTRA', 8
'FWD_MHA', 'Compute', 1.7175870182507111, 1.7430100397431714, 0.025423021492460222, 'NONE', 'NONE', 'NONE', 0
'FWD_TP_COMM_INTRA', 'Comm', 1.7430100397431714, 1.7430264209253936, 1.6381182222222223e-05, 0.0, 'ALLREDUCE', 'TP', 'INTRA', 8
'FWD_FFN', 'Compute', 1.7430264209253936, 1.7466816178939981, 0.0036551969686045324, 'NONE', 'NONE', 'NONE', 0
'FWD_TP_COMM_INTRA', 'Comm', 1.7466816178939981, 1.7466979990762204, 1.6381182222222223e-05, 0.0, 'ALLREDUCE', 'TP', 'INTRA', 8
'FWD_MHA', 'Compute', 1.7466979990762204, 1.7721210205686806, 0.025423021492460222, 'NONE', 'NONE', 'NONE', 0
'FWD_TP_COMM_INTRA', 'Comm', 1.7721210205686806, 1.7721374017509028, 1.6381182222222223e-05, 0.0, 'ALLREDUCE', 'TP', 'INTRA', 8
'FWD_FFN', 'Compute', 1.7721374017509028, 1.7757925987195073, 0.0036551969686045324, 'NONE', 'NONE', 'NONE', 0
'FWD_TP_COMM_INTRA', 'Comm', 1.7757925987195073, 1.7758089799017296, 1.6381182222222223e-05, 0.0, 'ALLREDUCE', 'TP', 'INTRA', 8
'FWD_MHA', 'Compute', 1.7758089799017296, 1.8012320013941898, 0.025423021492460222, 'NONE', 'NONE', 'NONE', 0
'FWD_TP_COMM_INTRA', 'Comm', 1.8012320013941898, 1.801248382576412, 1.6381182222222223e-05, 0.0, 'ALLREDUCE', 'TP', 'INTRA', 8
'FWD_FFN', 'Compute', 1.801248382576412, 1.8049035795450166, 0.0036551969686045324, 'NONE', 'NONE', 'NONE', 0
'FWD_TP_COMM_INTRA', 'Comm', 1.8049035795450166, 1.8049199607272388, 1.6381182222222223e-05, 0.0, 'ALLREDUCE', 'TP', 'INTRA', 8
'FWD_MHA', 'Compute', 1.8049199607272388, 1.830342982219699, 0.025423021492460222, 'NONE', 'NONE', 'NONE', 0
'FWD_TP_COMM_INTRA', 'Comm', 1.830342982219699, 1.8303593634019213, 1.6381182222222223e-05, 0.0, 'ALLREDUCE', 'TP', 'INTRA', 8
'FWD_FFN', 'Compute', 1.8303593634019213, 1.8340145603705258, 0.0036551969686045324, 'NONE', 'NONE', 'NONE', 0
'FWD_TP_COMM_INTRA', 'Comm', 1.8340145603705258, 1.834030941552748, 1.6381182222222223e-05, 0.0, 'ALLREDUCE', 'TP', 'INTRA', 8
'FWD_MHA', 'Compute', 1.834030941552748, 1.8594539630452083, 0.025423021492460222, 'NONE', 'NONE', 'NONE', 0
'FWD_TP_COMM_INTRA', 'Comm', 1.8594539630452083, 1.8594703442274305, 1.6381182222222223e-05, 0.0, 'ALLREDUCE', 'TP', 'INTRA', 8
'FWD_FFN', 'Compute', 1.8594703442274305, 1.863125541196035, 0.0036551969686045324, 'NONE', 'NONE', 'NONE', 0
'FWD_TP_COMM_INTRA', 'Comm', 1.863125541196035, 1.8631419223782573, 1.6381182222222223e-05, 0.0, 'ALLREDUCE', 'TP', 'INTRA', 8
'FWD_MHA', 'Compute', 1.8631419223782573, 1.8885649438707175, 0.025423021492460222, 'NONE', 'NONE', 'NONE', 0
'FWD_TP_COMM_INTRA', 'Comm', 1.8885649438707175, 1.8885813250529397, 1.6381182222222223e-05, 0.0, 'ALLREDUCE', 'TP', 'INTRA', 8
'FWD_FFN', 'Compute', 1.8885813250529397, 1.8922365220215442, 0.0036551969686045324, 'NONE', 'NONE', 'NONE', 0
'FWD_TP_COMM_INTRA', 'Comm', 1.8922365220215442, 1.8922529032037665, 1.6381182222222223e-05, 0.0, 'ALLREDUCE', 'TP', 'INTRA', 8
'FWD_MHA', 'Compute', 1.8922529032037665, 1.9176759246962267, 0.025423021492460222, 'NONE', 'NONE', 'NONE', 0
'FWD_TP_COMM_INTRA', 'Comm', 1.9176759246962267, 1.917692305878449, 1.6381182222222223e-05, 0.0, 'ALLREDUCE', 'TP', 'INTRA', 8
'FWD_FFN', 'Compute', 1.917692305878449, 1.9213475028470535, 0.0036551969686045324, 'NONE', 'NONE', 'NONE', 0
'FWD_TP_COMM_INTRA', 'Comm', 1.9213475028470535, 1.9213638840292757, 1.6381182222222223e-05, 0.0, 'ALLREDUCE', 'TP', 'INTRA', 8
'FWD_MHA', 'Compute', 1.9213638840292757, 1.946786905521736, 0.025423021492460222, 'NONE', 'NONE', 'NONE', 0
'FWD_TP_COMM_INTRA', 'Comm', 1.946786905521736, 1.9468032867039582, 1.6381182222222223e-05, 0.0, 'ALLREDUCE', 'TP', 'INTRA', 8
'FWD_FFN', 'Compute', 1.9468032867039582, 1.9504584836725627, 0.0036551969686045324, 'NONE', 'NONE', 'NONE', 0
'FWD_TP_COMM_INTRA', 'Comm', 1.9504584836725627, 1.950474864854785, 1.6381182222222223e-05, 0.0, 'ALLREDUCE', 'TP', 'INTRA', 8
'FWD_MHA', 'Compute', 1.950474864854785, 1.9758978863472452, 0.025423021492460222, 'NONE', 'NONE', 'NONE', 0
'FWD_TP_COMM_INTRA', 'Comm', 1.9758978863472452, 1.9759142675294674, 1.6381182222222223e-05, 0.0, 'ALLREDUCE', 'TP', 'INTRA', 8
'FWD_FFN', 'Compute', 1.9759142675294674, 1.979569464498072, 0.0036551969686045324, 'NONE', 'NONE', 'NONE', 0
'FWD_TP_COMM_INTRA', 'Comm', 1.979569464498072, 1.9795858456802942, 1.6381182222222223e-05, 0.0, 'ALLREDUCE', 'TP', 'INTRA', 8
'FWD_MHA', 'Compute', 1.9795858456802942, 2.005008867172754, 0.025423021492460222, 'NONE', 'NONE', 'NONE', 0
'FWD_TP_COMM_INTRA', 'Comm', 2.005008867172754, 2.0050252483549764, 1.6381182222222223e-05, 0.0, 'ALLREDUCE', 'TP', 'INTRA', 8
'FWD_FFN', 'Compute', 2.0050252483549764, 2.008680445323581, 0.0036551969686045324, 'NONE', 'NONE', 'NONE', 0
'FWD_TP_COMM_INTRA', 'Comm', 2.008680445323581, 2.0086968265058034, 1.6381182222222223e-05, 0.0, 'ALLREDUCE', 'TP', 'INTRA', 8
'FWD_MHA', 'Compute', 2.0086968265058034, 2.0341198479982636, 0.025423021492460222, 'NONE', 'NONE', 'NONE', 0
'FWD_TP_COMM_INTRA', 'Comm', 2.0341198479982636, 2.034136229180486, 1.6381182222222223e-05, 0.0, 'ALLREDUCE', 'TP', 'INTRA', 8
'FWD_FFN', 'Compute', 2.034136229180486, 2.0377914261490906, 0.0036551969686045324, 'NONE', 'NONE', 'NONE', 0
'FWD_TP_COMM_INTRA', 'Comm', 2.0377914261490906, 2.037807807331313, 1.6381182222222223e-05, 0.0, 'ALLREDUCE', 'TP', 'INTRA', 8
'FWD_MHA', 'Compute', 2.037807807331313, 2.063230828823773, 0.025423021492460222, 'NONE', 'NONE', 'NONE', 0
'FWD_TP_COMM_INTRA', 'Comm', 2.063230828823773, 2.0632472100059953, 1.6381182222222223e-05, 0.0, 'ALLREDUCE', 'TP', 'INTRA', 8
'FWD_FFN', 'Compute', 2.0632472100059953, 2.0669024069746, 0.0036551969686045324, 'NONE', 'NONE', 'NONE', 0
'FWD_TP_COMM_INTRA', 'Comm', 2.0669024069746, 2.0669187881568223, 1.6381182222222223e-05, 0.0, 'ALLREDUCE', 'TP', 'INTRA', 8
'FWD_MHA', 'Compute', 2.0669187881568223, 2.0923418096492825, 0.025423021492460222, 'NONE', 'NONE', 'NONE', 0
'FWD_TP_COMM_INTRA', 'Comm', 2.0923418096492825, 2.0923581908315048, 1.6381182222222223e-05, 0.0, 'ALLREDUCE', 'TP', 'INTRA', 8
'FWD_FFN', 'Compute', 2.0923581908315048, 2.0960133878001095, 0.0036551969686045324, 'NONE', 'NONE', 'NONE', 0
'FWD_TP_COMM_INTRA', 'Comm', 2.0960133878001095, 2.0960297689823317, 1.6381182222222223e-05, 0.0, 'ALLREDUCE', 'TP', 'INTRA', 8
'FWD_MHA', 'Compute', 2.0960297689823317, 2.121452790474792, 0.025423021492460222, 'NONE', 'NONE', 'NONE', 0
'FWD_TP_COMM_INTRA', 'Comm', 2.121452790474792, 2.121469171657014, 1.6381182222222223e-05, 0.0, 'ALLREDUCE', 'TP', 'INTRA', 8
'FWD_FFN', 'Compute', 2.121469171657014, 2.125124368625619, 0.0036551969686045324, 'NONE', 'NONE', 'NONE', 0
'FWD_TP_COMM_INTRA', 'Comm', 2.125124368625619, 2.125140749807841, 1.6381182222222223e-05, 0.0, 'ALLREDUCE', 'TP', 'INTRA', 8
'FWD_MHA', 'Compute', 2.125140749807841, 2.1505637713003014, 0.025423021492460222, 'NONE', 'NONE', 'NONE', 0
'FWD_TP_COMM_INTRA', 'Comm', 2.1505637713003014, 2.1505801524825237, 1.6381182222222223e-05, 0.0, 'ALLREDUCE', 'TP', 'INTRA', 8
'FWD_FFN', 'Compute', 2.1505801524825237, 2.1542353494511284, 0.0036551969686045324, 'NONE', 'NONE', 'NONE', 0
'FWD_TP_COMM_INTRA', 'Comm', 2.1542353494511284, 2.1542517306333506, 1.6381182222222223e-05, 0.0, 'ALLREDUCE', 'TP', 'INTRA', 8
'FWD_MHA', 'Compute', 2.1542517306333506, 2.179674752125811, 0.025423021492460222, 'NONE', 'NONE', 'NONE', 0
'FWD_TP_COMM_INTRA', 'Comm', 2.179674752125811, 2.179691133308033, 1.6381182222222223e-05, 0.0, 'ALLREDUCE', 'TP', 'INTRA', 8
'FWD_FFN', 'Compute', 2.179691133308033, 2.183346330276638, 0.0036551969686045324, 'NONE', 'NONE', 'NONE', 0
'FWD_TP_COMM_INTRA', 'Comm', 2.183346330276638, 2.18336271145886, 1.6381182222222223e-05, 0.0, 'ALLREDUCE', 'TP', 'INTRA', 8
'FWD_MHA', 'Compute', 2.18336271145886, 2.2087857329513203, 0.025423021492460222, 'NONE', 'NONE', 'NONE', 0
'FWD_TP_COMM_INTRA', 'Comm', 2.2087857329513203, 2.2088021141335425, 1.6381182222222223e-05, 0.0, 'ALLREDUCE', 'TP', 'INTRA', 8
'FWD_FFN', 'Compute', 2.2088021141335425, 2.2124573111021473, 0.0036551969686045324, 'NONE', 'NONE', 'NONE', 0
'FWD_TP_COMM_INTRA', 'Comm', 2.2124573111021473, 2.2124736922843695, 1.6381182222222223e-05, 0.0, 'ALLREDUCE', 'TP', 'INTRA', 8
'FWD_MHA', 'Compute', 2.2124736922843695, 2.2378967137768297, 0.025423021492460222, 'NONE', 'NONE', 'NONE', 0
'FWD_TP_COMM_INTRA', 'Comm', 2.2378967137768297, 2.237913094959052, 1.6381182222222223e-05, 0.0, 'ALLREDUCE', 'TP', 'INTRA', 8
'FWD_FFN', 'Compute', 2.237913094959052, 2.2415682919276567, 0.0036551969686045324, 'NONE', 'NONE', 'NONE', 0
'FWD_TP_COMM_INTRA', 'Comm', 2.2415682919276567, 2.241584673109879, 1.6381182222222223e-05, 0.0, 'ALLREDUCE', 'TP', 'INTRA', 8
'FWD_MHA', 'Compute', 2.241584673109879, 2.267007694602339, 0.025423021492460222, 'NONE', 'NONE', 'NONE', 0
'FWD_TP_COMM_INTRA', 'Comm', 2.267007694602339, 2.2670240757845614, 1.6381182222222223e-05, 0.0, 'ALLREDUCE', 'TP', 'INTRA', 8
'FWD_FFN', 'Compute', 2.2670240757845614, 2.270679272753166, 0.0036551969686045324, 'NONE', 'NONE', 'NONE', 0
'FWD_TP_COMM_INTRA', 'Comm', 2.270679272753166, 2.2706956539353884, 1.6381182222222223e-05, 0.0, 'ALLREDUCE', 'TP', 'INTRA', 8
'FWD_MHA', 'Compute', 2.2706956539353884, 2.2961186754278486, 0.025423021492460222, 'NONE', 'NONE', 'NONE', 0
'FWD_TP_COMM_INTRA', 'Comm', 2.2961186754278486, 2.296135056610071, 1.6381182222222223e-05, 0.0, 'ALLREDUCE', 'TP', 'INTRA', 8
'FWD_FFN', 'Compute', 2.296135056610071, 2.2997902535786756, 0.0036551969686045324, 'NONE', 'NONE', 'NONE', 0
'FWD_TP_COMM_INTRA', 'Comm', 2.2997902535786756, 2.299806634760898, 1.6381182222222223e-05, 0.0, 'ALLREDUCE', 'TP', 'INTRA', 8
'FWD_MHA', 'Compute', 2.299806634760898, 2.325229656253358, 0.025423021492460222, 'NONE', 'NONE', 'NONE', 0
'FWD_TP_COMM_INTRA', 'Comm', 2.325229656253358, 2.3252460374355803, 1.6381182222222223e-05, 0.0, 'ALLREDUCE', 'TP', 'INTRA', 8
'FWD_FFN', 'Compute', 2.3252460374355803, 2.328901234404185, 0.0036551969686045324, 'NONE', 'NONE', 'NONE', 0
'FWD_TP_COMM_INTRA', 'Comm', 2.328901234404185, 2.3289176155864073, 1.6381182222222223e-05, 0.0, 'ALLREDUCE', 'TP', 'INTRA', 8
'FWD_MHA', 'Compute', 2.3289176155864073, 2.3543406370788675, 0.025423021492460222, 'NONE', 'NONE', 'NONE', 0
'FWD_TP_COMM_INTRA', 'Comm', 2.3543406370788675, 2.35435701826109, 1.6381182222222223e-05, 0.0, 'ALLREDUCE', 'TP', 'INTRA', 8
'FWD_FFN', 'Compute', 2.35435701826109, 2.3580122152296945, 0.0036551969686045324, 'NONE', 'NONE', 'NONE', 0
'FWD_TP_COMM_INTRA', 'Comm', 2.3580122152296945, 2.3580285964119168, 1.6381182222222223e-05, 0.0, 'ALLREDUCE', 'TP', 'INTRA', 8
'FWD_MHA', 'Compute', 2.3580285964119168, 2.383451617904377, 0.025423021492460222, 'NONE', 'NONE', 'NONE', 0
'FWD_TP_COMM_INTRA', 'Comm', 2.383451617904377, 2.3834679990865992, 1.6381182222222223e-05, 0.0, 'ALLREDUCE', 'TP', 'INTRA', 8
'FWD_FFN', 'Compute', 2.3834679990865992, 2.387123196055204, 0.0036551969686045324, 'NONE', 'NONE', 'NONE', 0
'FWD_TP_COMM_INTRA', 'Comm', 2.387123196055204, 2.387139577237426, 1.6381182222222223e-05, 0.0, 'ALLREDUCE', 'TP', 'INTRA', 8
'FWD_MHA', 'Compute', 2.387139577237426, 2.4125625987298864, 0.025423021492460222, 'NONE', 'NONE', 'NONE', 0
'FWD_TP_COMM_INTRA', 'Comm', 2.4125625987298864, 2.4125789799121087, 1.6381182222222223e-05, 0.0, 'ALLREDUCE', 'TP', 'INTRA', 8
'FWD_FFN', 'Compute', 2.4125789799121087, 2.4162341768807134, 0.0036551969686045324, 'NONE', 'NONE', 'NONE', 0
'FWD_TP_COMM_INTRA', 'Comm', 2.4162341768807134, 2.4162505580629356, 1.6381182222222223e-05, 0.0, 'ALLREDUCE', 'TP', 'INTRA', 8
'FWD_MHA', 'Compute', 2.4162505580629356, 2.441673579555396, 0.025423021492460222, 'NONE', 'NONE', 'NONE', 0
'FWD_TP_COMM_INTRA', 'Comm', 2.441673579555396, 2.441689960737618, 1.6381182222222223e-05, 0.0, 'ALLREDUCE', 'TP', 'INTRA', 8
'FWD_FFN', 'Compute', 2.441689960737618, 2.445345157706223, 0.0036551969686045324, 'NONE', 'NONE', 'NONE', 0
'FWD_TP_COMM_INTRA', 'Comm', 2.445345157706223, 2.445361538888445, 1.6381182222222223e-05, 0.0, 'ALLREDUCE', 'TP', 'INTRA', 8
'FWD_MHA', 'Compute', 2.445361538888445, 2.4707845603809053, 0.025423021492460222, 'NONE', 'NONE', 'NONE', 0
'FWD_TP_COMM_INTRA', 'Comm', 2.4707845603809053, 2.4708009415631276, 1.6381182222222223e-05, 0.0, 'ALLREDUCE', 'TP', 'INTRA', 8
'FWD_FFN', 'Compute', 2.4708009415631276, 2.4744561385317323, 0.0036551969686045324, 'NONE', 'NONE', 'NONE', 0
'FWD_TP_COMM_INTRA', 'Comm', 2.4744561385317323, 2.4744725197139545, 1.6381182222222223e-05, 0.0, 'ALLREDUCE', 'TP', 'INTRA', 8
'FWD_MHA', 'Compute', 2.4744725197139545, 2.4998955412064148, 0.025423021492460222, 'NONE', 'NONE', 'NONE', 0
'FWD_TP_COMM_INTRA', 'Comm', 2.4998955412064148, 2.499911922388637, 1.6381182222222223e-05, 0.0, 'ALLREDUCE', 'TP', 'INTRA', 8
'FWD_FFN', 'Compute', 2.499911922388637, 2.5035671193572417, 0.0036551969686045324, 'NONE', 'NONE', 'NONE', 0
'FWD_TP_COMM_INTRA', 'Comm', 2.5035671193572417, 2.503583500539464, 1.6381182222222223e-05, 0.0, 'ALLREDUCE', 'TP', 'INTRA', 8
'FWD_MHA', 'Compute', 2.503583500539464, 2.529006522031924, 0.025423021492460222, 'NONE', 'NONE', 'NONE', 0
'FWD_TP_COMM_INTRA', 'Comm', 2.529006522031924, 2.5290229032141465, 1.6381182222222223e-05, 0.0, 'ALLREDUCE', 'TP', 'INTRA', 8
'FWD_FFN', 'Compute', 2.5290229032141465, 2.532678100182751, 0.0036551969686045324, 'NONE', 'NONE', 'NONE', 0
'FWD_TP_COMM_INTRA', 'Comm', 2.532678100182751, 2.5326944813649734, 1.6381182222222223e-05, 0.0, 'ALLREDUCE', 'TP', 'INTRA', 8
'FWD_MHA', 'Compute', 2.5326944813649734, 2.5581175028574337, 0.025423021492460222, 'NONE', 'NONE', 'NONE', 0
'FWD_TP_COMM_INTRA', 'Comm', 2.5581175028574337, 2.558133884039656, 1.6381182222222223e-05, 0.0, 'ALLREDUCE', 'TP', 'INTRA', 8
'FWD_FFN', 'Compute', 2.558133884039656, 2.5617890810082606, 0.0036551969686045324, 'NONE', 'NONE', 'NONE', 0
'FWD_TP_COMM_INTRA', 'Comm', 2.5617890810082606, 2.561805462190483, 1.6381182222222223e-05, 0.0, 'ALLREDUCE', 'TP', 'INTRA', 8
'FWD_MHA', 'Compute', 2.561805462190483, 2.587228483682943, 0.025423021492460222, 'NONE', 'NONE', 'NONE', 0
'FWD_TP_COMM_INTRA', 'Comm', 2.587228483682943, 2.5872448648651654, 1.6381182222222223e-05, 0.0, 'ALLREDUCE', 'TP', 'INTRA', 8
'FWD_FFN', 'Compute', 2.5872448648651654, 2.59090006183377, 0.0036551969686045324, 'NONE', 'NONE', 'NONE', 0
'FWD_TP_COMM_INTRA', 'Comm', 2.59090006183377, 2.5909164430159923, 1.6381182222222223e-05, 0.0, 'ALLREDUCE', 'TP', 'INTRA', 8
'FWD_MHA', 'Compute', 2.5909164430159923, 2.6163394645084526, 0.025423021492460222, 'NONE', 'NONE', 'NONE', 0
'FWD_TP_COMM_INTRA', 'Comm', 2.6163394645084526, 2.616355845690675, 1.6381182222222223e-05, 0.0, 'ALLREDUCE', 'TP', 'INTRA', 8
'FWD_FFN', 'Compute', 2.616355845690675, 2.6200110426592795, 0.0036551969686045324, 'NONE', 'NONE', 'NONE', 0
'FWD_TP_COMM_INTRA', 'Comm', 2.6200110426592795, 2.620027423841502, 1.6381182222222223e-05, 0.0, 'ALLREDUCE', 'TP', 'INTRA', 8
'FWD_MHA', 'Compute', 2.620027423841502, 2.645450445333962, 0.025423021492460222, 'NONE', 'NONE', 'NONE', 0
'FWD_TP_COMM_INTRA', 'Comm', 2.645450445333962, 2.6454668265161843, 1.6381182222222223e-05, 0.0, 'ALLREDUCE', 'TP', 'INTRA', 8
'FWD_FFN', 'Compute', 2.6454668265161843, 2.649122023484789, 0.0036551969686045324, 'NONE', 'NONE', 'NONE', 0
'FWD_TP_COMM_INTRA', 'Comm', 2.649122023484789, 2.6491384046670112, 1.6381182222222223e-05, 0.0, 'ALLREDUCE', 'TP', 'INTRA', 8
'FWD_MHA', 'Compute', 2.6491384046670112, 2.6745614261594715, 0.025423021492460222, 'NONE', 'NONE', 'NONE', 0
'FWD_TP_COMM_INTRA', 'Comm', 2.6745614261594715, 2.6745778073416937, 1.6381182222222223e-05, 0.0, 'ALLREDUCE', 'TP', 'INTRA', 8
'FWD_FFN', 'Compute', 2.6745778073416937, 2.6782330043102984, 0.0036551969686045324, 'NONE', 'NONE', 'NONE', 0
'FWD_TP_COMM_INTRA', 'Comm', 2.6782330043102984, 2.6782493854925207, 1.6381182222222223e-05, 0.0, 'ALLREDUCE', 'TP', 'INTRA', 8
'FWD_MHA', 'Compute', 2.6782493854925207, 2.703672406984981, 0.025423021492460222, 'NONE', 'NONE', 'NONE', 0
'FWD_TP_COMM_INTRA', 'Comm', 2.703672406984981, 2.703688788167203, 1.6381182222222223e-05, 0.0, 'ALLREDUCE', 'TP', 'INTRA', 8
'FWD_FFN', 'Compute', 2.703688788167203, 2.707343985135808, 0.0036551969686045324, 'NONE', 'NONE', 'NONE', 0
'FWD_TP_COMM_INTRA', 'Comm', 2.707343985135808, 2.70736036631803, 1.6381182222222223e-05, 0.0, 'ALLREDUCE', 'TP', 'INTRA', 8
'FWD_MHA', 'Compute', 2.70736036631803, 2.7327833878104903, 0.025423021492460222, 'NONE', 'NONE', 'NONE', 0
'FWD_TP_COMM_INTRA', 'Comm', 2.7327833878104903, 2.7327997689927126, 1.6381182222222223e-05, 0.0, 'ALLREDUCE', 'TP', 'INTRA', 8
'FWD_FFN', 'Compute', 2.7327997689927126, 2.7364549659613173, 0.0036551969686045324, 'NONE', 'NONE', 'NONE', 0
'FWD_TP_COMM_INTRA', 'Comm', 2.7364549659613173, 2.7364713471435396, 1.6381182222222223e-05, 0.0, 'ALLREDUCE', 'TP', 'INTRA', 8
'FWD_MHA', 'Compute', 2.7364713471435396, 2.761894368636, 0.025423021492460222, 'NONE', 'NONE', 'NONE', 0
'FWD_TP_COMM_INTRA', 'Comm', 2.761894368636, 2.761910749818222, 1.6381182222222223e-05, 0.0, 'ALLREDUCE', 'TP', 'INTRA', 8
'FWD_FFN', 'Compute', 2.761910749818222, 2.7655659467868268, 0.0036551969686045324, 'NONE', 'NONE', 'NONE', 0
'FWD_TP_COMM_INTRA', 'Comm', 2.7655659467868268, 2.765582327969049, 1.6381182222222223e-05, 0.0, 'ALLREDUCE', 'TP', 'INTRA', 8
'FWD_MHA', 'Compute', 2.765582327969049, 2.7910053494615092, 0.025423021492460222, 'NONE', 'NONE', 'NONE', 0
'FWD_TP_COMM_INTRA', 'Comm', 2.7910053494615092, 2.7910217306437315, 1.6381182222222223e-05, 0.0, 'ALLREDUCE', 'TP', 'INTRA', 8
'FWD_FFN', 'Compute', 2.7910217306437315, 2.794676927612336, 0.0036551969686045324, 'NONE', 'NONE', 'NONE', 0
'FWD_TP_COMM_INTRA', 'Comm', 2.794676927612336, 2.7946933087945585, 1.6381182222222223e-05, 0.0, 'ALLREDUCE', 'TP', 'INTRA', 8
'FWD_PP_COMM_INTER', 'Comm', 2.7946933087945585, 2.794732458340225, 3.914954566666667e-05, 0.0, 'P2P', 'PP', 'INTER', 8
'BWD_MHA', 'Compute', 2.794732458340225, 2.8201554798326853, 0.025423021492460222, 'NONE', 'NONE', 'NONE', 0
'BWD_TP_COMM_INTRA', 'Comm', 2.8201554798326853, 2.8201718610149076, 1.6381182222222223e-05, 0.0, 'ALLREDUCE', 'TP', 'INTRA', 8
'BWD_FFN', 'Compute', 2.8201718610149076, 2.8238270579835123, 0.0036551969686045324, 'NONE', 'NONE', 'NONE', 0
'BWD_TP_COMM_INTRA', 'Comm', 2.8238270579835123, 2.8238434391657345, 1.6381182222222223e-05, 0.0, 'ALLREDUCE', 'TP', 'INTRA', 8
'BWD_MHA', 'Compute', 2.8238434391657345, 2.8492664606581948, 0.025423021492460222, 'NONE', 'NONE', 'NONE', 0
'BWD_TP_COMM_INTRA', 'Comm', 2.8492664606581948, 2.849282841840417, 1.6381182222222223e-05, 0.0, 'ALLREDUCE', 'TP', 'INTRA', 8
'BWD_FFN', 'Compute', 2.849282841840417, 2.8529380388090217, 0.0036551969686045324, 'NONE', 'NONE', 'NONE', 0
'BWD_TP_COMM_INTRA', 'Comm', 2.8529380388090217, 2.852954419991244, 1.6381182222222223e-05, 0.0, 'ALLREDUCE', 'TP', 'INTRA', 8
'BWD_MHA', 'Compute', 2.852954419991244, 2.8783774414837042, 0.025423021492460222, 'NONE', 'NONE', 'NONE', 0
'BWD_TP_COMM_INTRA', 'Comm', 2.8783774414837042, 2.8783938226659265, 1.6381182222222223e-05, 0.0, 'ALLREDUCE', 'TP', 'INTRA', 8
'BWD_FFN', 'Compute', 2.8783938226659265, 2.882049019634531, 0.0036551969686045324, 'NONE', 'NONE', 'NONE', 0
'BWD_TP_COMM_INTRA', 'Comm', 2.882049019634531, 2.8820654008167534, 1.6381182222222223e-05, 0.0, 'ALLREDUCE', 'TP', 'INTRA', 8
'BWD_MHA', 'Compute', 2.8820654008167534, 2.9074884223092137, 0.025423021492460222, 'NONE', 'NONE', 'NONE', 0
'BWD_TP_COMM_INTRA', 'Comm', 2.9074884223092137, 2.907504803491436, 1.6381182222222223e-05, 0.0, 'ALLREDUCE', 'TP', 'INTRA', 8
'BWD_FFN', 'Compute', 2.907504803491436, 2.9111600004600406, 0.0036551969686045324, 'NONE', 'NONE', 'NONE', 0
'BWD_TP_COMM_INTRA', 'Comm', 2.9111600004600406, 2.911176381642263, 1.6381182222222223e-05, 0.0, 'ALLREDUCE', 'TP', 'INTRA', 8
'BWD_MHA', 'Compute', 2.911176381642263, 2.936599403134723, 0.025423021492460222, 'NONE', 'NONE', 'NONE', 0
'BWD_TP_COMM_INTRA', 'Comm', 2.936599403134723, 2.9366157843169454, 1.6381182222222223e-05, 0.0, 'ALLREDUCE', 'TP', 'INTRA', 8
'BWD_FFN', 'Compute', 2.9366157843169454, 2.94027098128555, 0.0036551969686045324, 'NONE', 'NONE', 'NONE', 0
'BWD_TP_COMM_INTRA', 'Comm', 2.94027098128555, 2.9402873624677723, 1.6381182222222223e-05, 0.0, 'ALLREDUCE', 'TP', 'INTRA', 8
'BWD_MHA', 'Compute', 2.9402873624677723, 2.9657103839602326, 0.025423021492460222, 'NONE', 'NONE', 'NONE', 0
'BWD_TP_COMM_INTRA', 'Comm', 2.9657103839602326, 2.965726765142455, 1.6381182222222223e-05, 0.0, 'ALLREDUCE', 'TP', 'INTRA', 8
'BWD_FFN', 'Compute', 2.965726765142455, 2.9693819621110595, 0.0036551969686045324, 'NONE', 'NONE', 'NONE', 0
'BWD_TP_COMM_INTRA', 'Comm', 2.9693819621110595, 2.969398343293282, 1.6381182222222223e-05, 0.0, 'ALLREDUCE', 'TP', 'INTRA', 8
'BWD_MHA', 'Compute', 2.969398343293282, 2.994821364785742, 0.025423021492460222, 'NONE', 'NONE', 'NONE', 0
'BWD_TP_COMM_INTRA', 'Comm', 2.994821364785742, 2.9948377459679643, 1.6381182222222223e-05, 0.0, 'ALLREDUCE', 'TP', 'INTRA', 8
'BWD_FFN', 'Compute', 2.9948377459679643, 2.998492942936569, 0.0036551969686045324, 'NONE', 'NONE', 'NONE', 0
'BWD_TP_COMM_INTRA', 'Comm', 2.998492942936569, 2.9985093241187912, 1.6381182222222223e-05, 0.0, 'ALLREDUCE', 'TP', 'INTRA', 8
'BWD_MHA', 'Compute', 2.9985093241187912, 3.0239323456112515, 0.025423021492460222, 'NONE', 'NONE', 'NONE', 0
'BWD_TP_COMM_INTRA', 'Comm', 3.0239323456112515, 3.0239487267934737, 1.6381182222222223e-05, 0.0, 'ALLREDUCE', 'TP', 'INTRA', 8
'BWD_FFN', 'Compute', 3.0239487267934737, 3.0276039237620784, 0.0036551969686045324, 'NONE', 'NONE', 'NONE', 0
'BWD_TP_COMM_INTRA', 'Comm', 3.0276039237620784, 3.0276203049443007, 1.6381182222222223e-05, 0.0, 'ALLREDUCE', 'TP', 'INTRA', 8
'BWD_MHA', 'Compute', 3.0276203049443007, 3.053043326436761, 0.025423021492460222, 'NONE', 'NONE', 'NONE', 0
'BWD_TP_COMM_INTRA', 'Comm', 3.053043326436761, 3.053059707618983, 1.6381182222222223e-05, 0.0, 'ALLREDUCE', 'TP', 'INTRA', 8
'BWD_FFN', 'Compute', 3.053059707618983, 3.056714904587588, 0.0036551969686045324, 'NONE', 'NONE', 'NONE', 0
'BWD_TP_COMM_INTRA', 'Comm', 3.056714904587588, 3.05673128576981, 1.6381182222222223e-05, 0.0, 'ALLREDUCE', 'TP', 'INTRA', 8
'BWD_MHA', 'Compute', 3.05673128576981, 3.0821543072622704, 0.025423021492460222, 'NONE', 'NONE', 'NONE', 0
'BWD_TP_COMM_INTRA', 'Comm', 3.0821543072622704, 3.0821706884444926, 1.6381182222222223e-05, 0.0, 'ALLREDUCE', 'TP', 'INTRA', 8
'BWD_FFN', 'Compute', 3.0821706884444926, 3.0858258854130973, 0.0036551969686045324, 'NONE', 'NONE', 'NONE', 0
'BWD_TP_COMM_INTRA', 'Comm', 3.0858258854130973, 3.0858422665953196, 1.6381182222222223e-05, 0.0, 'ALLREDUCE', 'TP', 'INTRA', 8
'BWD_MHA', 'Compute', 3.0858422665953196, 3.11126528808778, 0.025423021492460222, 'NONE', 'NONE', 'NONE', 0
'BWD_TP_COMM_INTRA', 'Comm', 3.11126528808778, 3.111281669270002, 1.6381182222222223e-05, 0.0, 'ALLREDUCE', 'TP', 'INTRA', 8
'BWD_FFN', 'Compute', 3.111281669270002, 3.1149368662386068, 0.0036551969686045324, 'NONE', 'NONE', 'NONE', 0
'BWD_TP_COMM_INTRA', 'Comm', 3.1149368662386068, 3.114953247420829, 1.6381182222222223e-05, 0.0, 'ALLREDUCE', 'TP', 'INTRA', 8
'BWD_MHA', 'Compute', 3.114953247420829, 3.1403762689132892, 0.025423021492460222, 'NONE', 'NONE', 'NONE', 0
'BWD_TP_COMM_INTRA', 'Comm', 3.1403762689132892, 3.1403926500955115, 1.6381182222222223e-05, 0.0, 'ALLREDUCE', 'TP', 'INTRA', 8
'BWD_FFN', 'Compute', 3.1403926500955115, 3.144047847064116, 0.0036551969686045324, 'NONE', 'NONE', 'NONE', 0
'BWD_TP_COMM_INTRA', 'Comm', 3.144047847064116, 3.1440642282463385, 1.6381182222222223e-05, 0.0, 'ALLREDUCE', 'TP', 'INTRA', 8
'BWD_PP_COMM_INTER', 'Comm', 3.1440642282463385, 3.144103377792005, 3.914954566666667e-05, 0.0, 'P2P', 'PP', 'INTER', 8
'BWD_MHA', 'Compute', 3.144103377792005, 3.1695263992844653, 0.025423021492460222, 'NONE', 'NONE', 'NONE', 0
'BWD_TP_COMM_INTRA', 'Comm', 3.1695263992844653, 3.1695427804666876, 1.6381182222222223e-05, 0.0, 'ALLREDUCE', 'TP', 'INTRA', 8
'BWD_FFN', 'Compute', 3.1695427804666876, 3.1731979774352923, 0.0036551969686045324, 'NONE', 'NONE', 'NONE', 0
'BWD_TP_COMM_INTRA', 'Comm', 3.1731979774352923, 3.1732143586175146, 1.6381182222222223e-05, 0.0, 'ALLREDUCE', 'TP', 'INTRA', 8
'BWD_MHA', 'Compute', 3.1732143586175146, 3.198637380109975, 0.025423021492460222, 'NONE', 'NONE', 'NONE', 0
'BWD_TP_COMM_INTRA', 'Comm', 3.198637380109975, 3.198653761292197, 1.6381182222222223e-05, 0.0, 'ALLREDUCE', 'TP', 'INTRA', 8
'BWD_FFN', 'Compute', 3.198653761292197, 3.2023089582608018, 0.0036551969686045324, 'NONE', 'NONE', 'NONE', 0
'BWD_TP_COMM_INTRA', 'Comm', 3.2023089582608018, 3.202325339443024, 1.6381182222222223e-05, 0.0, 'ALLREDUCE', 'TP', 'INTRA', 8
'BWD_MHA', 'Compute', 3.202325339443024, 3.2277483609354842, 0.025423021492460222, 'NONE', 'NONE', 'NONE', 0
'BWD_TP_COMM_INTRA', 'Comm', 3.2277483609354842, 3.2277647421177065, 1.6381182222222223e-05, 0.0, 'ALLREDUCE', 'TP', 'INTRA', 8
'BWD_FFN', 'Compute', 3.2277647421177065, 3.231419939086311, 0.0036551969686045324, 'NONE', 'NONE', 'NONE', 0
'BWD_TP_COMM_INTRA', 'Comm', 3.231419939086311, 3.2314363202685334, 1.6381182222222223e-05, 0.0, 'ALLREDUCE', 'TP', 'INTRA', 8
'BWD_MHA', 'Compute', 3.2314363202685334, 3.2568593417609937, 0.025423021492460222, 'NONE', 'NONE', 'NONE', 0
'BWD_TP_COMM_INTRA', 'Comm', 3.2568593417609937, 3.256875722943216, 1.6381182222222223e-05, 0.0, 'ALLREDUCE', 'TP', 'INTRA', 8
'BWD_FFN', 'Compute', 3.256875722943216, 3.2605309199118206, 0.0036551969686045324, 'NONE', 'NONE', 'NONE', 0
'BWD_TP_COMM_INTRA', 'Comm', 3.2605309199118206, 3.260547301094043, 1.6381182222222223e-05, 0.0, 'ALLREDUCE', 'TP', 'INTRA', 8
'BWD_MHA', 'Compute', 3.260547301094043, 3.285970322586503, 0.025423021492460222, 'NONE', 'NONE', 'NONE', 0
'BWD_TP_COMM_INTRA', 'Comm', 3.285970322586503, 3.2859867037687254, 1.6381182222222223e-05, 0.0, 'ALLREDUCE', 'TP', 'INTRA', 8
'BWD_FFN', 'Compute', 3.2859867037687254, 3.28964190073733, 0.0036551969686045324, 'NONE', 'NONE', 'NONE', 0
'BWD_TP_COMM_INTRA', 'Comm', 3.28964190073733, 3.2896582819195523, 1.6381182222222223e-05, 0.0, 'ALLREDUCE', 'TP', 'INTRA', 8
'BWD_MHA', 'Compute', 3.2896582819195523, 3.3150813034120126, 0.025423021492460222, 'NONE', 'NONE', 'NONE', 0
'BWD_TP_COMM_INTRA', 'Comm', 3.3150813034120126, 3.315097684594235, 1.6381182222222223e-05, 0.0, 'ALLREDUCE', 'TP', 'INTRA', 8
'BWD_FFN', 'Compute', 3.315097684594235, 3.3187528815628395, 0.0036551969686045324, 'NONE', 'NONE', 'NONE', 0
'BWD_TP_COMM_INTRA', 'Comm', 3.3187528815628395, 3.318769262745062, 1.6381182222222223e-05, 0.0, 'ALLREDUCE', 'TP', 'INTRA', 8
'BWD_MHA', 'Compute', 3.318769262745062, 3.344192284237522, 0.025423021492460222, 'NONE', 'NONE', 'NONE', 0
'BWD_TP_COMM_INTRA', 'Comm', 3.344192284237522, 3.3442086654197443, 1.6381182222222223e-05, 0.0, 'ALLREDUCE', 'TP', 'INTRA', 8
'BWD_FFN', 'Compute', 3.3442086654197443, 3.347863862388349, 0.0036551969686045324, 'NONE', 'NONE', 'NONE', 0
'BWD_TP_COMM_INTRA', 'Comm', 3.347863862388349, 3.3478802435705712, 1.6381182222222223e-05, 0.0, 'ALLREDUCE', 'TP', 'INTRA', 8
'BWD_MHA', 'Compute', 3.3478802435705712, 3.3733032650630315, 0.025423021492460222, 'NONE', 'NONE', 'NONE', 0
'BWD_TP_COMM_INTRA', 'Comm', 3.3733032650630315, 3.3733196462452537, 1.6381182222222223e-05, 0.0, 'ALLREDUCE', 'TP', 'INTRA', 8
'BWD_FFN', 'Compute', 3.3733196462452537, 3.3769748432138584, 0.0036551969686045324, 'NONE', 'NONE', 'NONE', 0
'BWD_TP_COMM_INTRA', 'Comm', 3.3769748432138584, 3.3769912243960807, 1.6381182222222223e-05, 0.0, 'ALLREDUCE', 'TP', 'INTRA', 8
'BWD_MHA', 'Compute', 3.3769912243960807, 3.402414245888541, 0.025423021492460222, 'NONE', 'NONE', 'NONE', 0
'BWD_TP_COMM_INTRA', 'Comm', 3.402414245888541, 3.402430627070763, 1.6381182222222223e-05, 0.0, 'ALLREDUCE', 'TP', 'INTRA', 8
'BWD_FFN', 'Compute', 3.402430627070763, 3.406085824039368, 0.0036551969686045324, 'NONE', 'NONE', 'NONE', 0
'BWD_TP_COMM_INTRA', 'Comm', 3.406085824039368, 3.40610220522159, 1.6381182222222223e-05, 0.0, 'ALLREDUCE', 'TP', 'INTRA', 8
'BWD_MHA', 'Compute', 3.40610220522159, 3.4315252267140504, 0.025423021492460222, 'NONE', 'NONE', 'NONE', 0
'BWD_TP_COMM_INTRA', 'Comm', 3.4315252267140504, 3.4315416078962726, 1.6381182222222223e-05, 0.0, 'ALLREDUCE', 'TP', 'INTRA', 8
'BWD_FFN', 'Compute', 3.4315416078962726, 3.4351968048648773, 0.0036551969686045324, 'NONE', 'NONE', 'NONE', 0
'BWD_TP_COMM_INTRA', 'Comm', 3.4351968048648773, 3.4352131860470996, 1.6381182222222223e-05, 0.0, 'ALLREDUCE', 'TP', 'INTRA', 8
'BWD_MHA', 'Compute', 3.4352131860470996, 3.46063620753956, 0.025423021492460222, 'NONE', 'NONE', 'NONE', 0
'BWD_TP_COMM_INTRA', 'Comm', 3.46063620753956, 3.460652588721782, 1.6381182222222223e-05, 0.0, 'ALLREDUCE', 'TP', 'INTRA', 8
'BWD_FFN', 'Compute', 3.460652588721782, 3.4643077856903868, 0.0036551969686045324, 'NONE', 'NONE', 'NONE', 0
'BWD_TP_COMM_INTRA', 'Comm', 3.4643077856903868, 3.464324166872609, 1.6381182222222223e-05, 0.0, 'ALLREDUCE', 'TP', 'INTRA', 8
'BWD_MHA', 'Compute', 3.464324166872609, 3.4897471883650693, 0.025423021492460222, 'NONE', 'NONE', 'NONE', 0
'BWD_TP_COMM_INTRA', 'Comm', 3.4897471883650693, 3.4897635695472915, 1.6381182222222223e-05, 0.0, 'ALLREDUCE', 'TP', 'INTRA', 8
'BWD_FFN', 'Compute', 3.4897635695472915, 3.4934187665158962, 0.0036551969686045324, 'NONE', 'NONE', 'NONE', 0
'BWD_TP_COMM_INTRA', 'Comm', 3.4934187665158962, 3.4934351476981185, 1.6381182222222223e-05, 0.0, 'ALLREDUCE', 'TP', 'INTRA', 8
'BWD_MHA', 'Compute', 3.4934351476981185, 3.5188581691905787, 0.025423021492460222, 'NONE', 'NONE', 'NONE', 0
'BWD_TP_COMM_INTRA', 'Comm', 3.5188581691905787, 3.518874550372801, 1.6381182222222223e-05, 0.0, 'ALLREDUCE', 'TP', 'INTRA', 8
'BWD_FFN', 'Compute', 3.518874550372801, 3.5225297473414057, 0.0036551969686045324, 'NONE', 'NONE', 'NONE', 0
'BWD_TP_COMM_INTRA', 'Comm', 3.5225297473414057, 3.522546128523628, 1.6381182222222223e-05, 0.0, 'ALLREDUCE', 'TP', 'INTRA', 8
'BWD_MHA', 'Compute', 3.522546128523628, 3.547969150016088, 0.025423021492460222, 'NONE', 'NONE', 'NONE', 0
'BWD_TP_COMM_INTRA', 'Comm', 3.547969150016088, 3.5479855311983104, 1.6381182222222223e-05, 0.0, 'ALLREDUCE', 'TP', 'INTRA', 8
'BWD_FFN', 'Compute', 3.5479855311983104, 3.551640728166915, 0.0036551969686045324, 'NONE', 'NONE', 'NONE', 0
'BWD_TP_COMM_INTRA', 'Comm', 3.551640728166915, 3.5516571093491374, 1.6381182222222223e-05, 0.0, 'ALLREDUCE', 'TP', 'INTRA', 8
'BWD_MHA', 'Compute', 3.5516571093491374, 3.5770801308415976, 0.025423021492460222, 'NONE', 'NONE', 'NONE', 0
'BWD_TP_COMM_INTRA', 'Comm', 3.5770801308415976, 3.57709651202382, 1.6381182222222223e-05, 0.0, 'ALLREDUCE', 'TP', 'INTRA', 8
'BWD_FFN', 'Compute', 3.57709651202382, 3.5807517089924246, 0.0036551969686045324, 'NONE', 'NONE', 'NONE', 0
'BWD_TP_COMM_INTRA', 'Comm', 3.5807517089924246, 3.580768090174647, 1.6381182222222223e-05, 0.0, 'ALLREDUCE', 'TP', 'INTRA', 8
'BWD_MHA', 'Compute', 3.580768090174647, 3.606191111667107, 0.025423021492460222, 'NONE', 'NONE', 'NONE', 0
'BWD_TP_COMM_INTRA', 'Comm', 3.606191111667107, 3.6062074928493293, 1.6381182222222223e-05, 0.0, 'ALLREDUCE', 'TP', 'INTRA', 8
'BWD_FFN', 'Compute', 3.6062074928493293, 3.609862689817934, 0.0036551969686045324, 'NONE', 'NONE', 'NONE', 0
'BWD_TP_COMM_INTRA', 'Comm', 3.609862689817934, 3.6098790710001563, 1.6381182222222223e-05, 0.0, 'ALLREDUCE', 'TP', 'INTRA', 8
'BWD_MHA', 'Compute', 3.6098790710001563, 3.6353020924926165, 0.025423021492460222, 'NONE', 'NONE', 'NONE', 0
'BWD_TP_COMM_INTRA', 'Comm', 3.6353020924926165, 3.6353184736748387, 1.6381182222222223e-05, 0.0, 'ALLREDUCE', 'TP', 'INTRA', 8
'BWD_FFN', 'Compute', 3.6353184736748387, 3.6389736706434435, 0.0036551969686045324, 'NONE', 'NONE', 'NONE', 0
'BWD_TP_COMM_INTRA', 'Comm', 3.6389736706434435, 3.6389900518256657, 1.6381182222222223e-05, 0.0, 'ALLREDUCE', 'TP', 'INTRA', 8
'BWD_MHA', 'Compute', 3.6389900518256657, 3.664413073318126, 0.025423021492460222, 'NONE', 'NONE', 'NONE', 0
'BWD_TP_COMM_INTRA', 'Comm', 3.664413073318126, 3.664429454500348, 1.6381182222222223e-05, 0.0, 'ALLREDUCE', 'TP', 'INTRA', 8
'BWD_FFN', 'Compute', 3.664429454500348, 3.668084651468953, 0.0036551969686045324, 'NONE', 'NONE', 'NONE', 0
'BWD_TP_COMM_INTRA', 'Comm', 3.668084651468953, 3.668101032651175, 1.6381182222222223e-05, 0.0, 'ALLREDUCE', 'TP', 'INTRA', 8
'BWD_MHA', 'Compute', 3.668101032651175, 3.6935240541436354, 0.025423021492460222, 'NONE', 'NONE', 'NONE', 0
'BWD_TP_COMM_INTRA', 'Comm', 3.6935240541436354, 3.6935404353258576, 1.6381182222222223e-05, 0.0, 'ALLREDUCE', 'TP', 'INTRA', 8
'BWD_FFN', 'Compute', 3.6935404353258576, 3.6971956322944624, 0.0036551969686045324, 'NONE', 'NONE', 'NONE', 0
'BWD_TP_COMM_INTRA', 'Comm', 3.6971956322944624, 3.6972120134766846, 1.6381182222222223e-05, 0.0, 'ALLREDUCE', 'TP', 'INTRA', 8
'BWD_MHA', 'Compute', 3.6972120134766846, 3.722635034969145, 0.025423021492460222, 'NONE', 'NONE', 'NONE', 0
'BWD_TP_COMM_INTRA', 'Comm', 3.722635034969145, 3.722651416151367, 1.6381182222222223e-05, 0.0, 'ALLREDUCE', 'TP', 'INTRA', 8
'BWD_FFN', 'Compute', 3.722651416151367, 3.726306613119972, 0.0036551969686045324, 'NONE', 'NONE', 'NONE', 0
'BWD_TP_COMM_INTRA', 'Comm', 3.726306613119972, 3.726322994302194, 1.6381182222222223e-05, 0.0, 'ALLREDUCE', 'TP', 'INTRA', 8
'BWD_MHA', 'Compute', 3.726322994302194, 3.7517460157946543, 0.025423021492460222, 'NONE', 'NONE', 'NONE', 0
'BWD_TP_COMM_INTRA', 'Comm', 3.7517460157946543, 3.7517623969768765, 1.6381182222222223e-05, 0.0, 'ALLREDUCE', 'TP', 'INTRA', 8
'BWD_FFN', 'Compute', 3.7517623969768765, 3.7554175939454812, 0.0036551969686045324, 'NONE', 'NONE', 'NONE', 0
'BWD_TP_COMM_INTRA', 'Comm', 3.7554175939454812, 3.7554339751277035, 1.6381182222222223e-05, 0.0, 'ALLREDUCE', 'TP', 'INTRA', 8
'BWD_MHA', 'Compute', 3.7554339751277035, 3.7808569966201637, 0.025423021492460222, 'NONE', 'NONE', 'NONE', 0
'BWD_TP_COMM_INTRA', 'Comm', 3.7808569966201637, 3.780873377802386, 1.6381182222222223e-05, 0.0, 'ALLREDUCE', 'TP', 'INTRA', 8
'BWD_FFN', 'Compute', 3.780873377802386, 3.7845285747709907, 0.0036551969686045324, 'NONE', 'NONE', 'NONE', 0
'BWD_TP_COMM_INTRA', 'Comm', 3.7845285747709907, 3.784544955953213, 1.6381182222222223e-05, 0.0, 'ALLREDUCE', 'TP', 'INTRA', 8
'BWD_MHA', 'Compute', 3.784544955953213, 3.809967977445673, 0.025423021492460222, 'NONE', 'NONE', 'NONE', 0
'BWD_TP_COMM_INTRA', 'Comm', 3.809967977445673, 3.8099843586278954, 1.6381182222222223e-05, 0.0, 'ALLREDUCE', 'TP', 'INTRA', 8
'BWD_FFN', 'Compute', 3.8099843586278954, 3.8136395555965, 0.0036551969686045324, 'NONE', 'NONE', 'NONE', 0
'BWD_TP_COMM_INTRA', 'Comm', 3.8136395555965, 3.8136559367787224, 1.6381182222222223e-05, 0.0, 'ALLREDUCE', 'TP', 'INTRA', 8
'BWD_MHA', 'Compute', 3.8136559367787224, 3.8390789582711826, 0.025423021492460222, 'NONE', 'NONE', 'NONE', 0
'BWD_TP_COMM_INTRA', 'Comm', 3.8390789582711826, 3.839095339453405, 1.6381182222222223e-05, 0.0, 'ALLREDUCE', 'TP', 'INTRA', 8
'BWD_FFN', 'Compute', 3.839095339453405, 3.8427505364220096, 0.0036551969686045324, 'NONE', 'NONE', 'NONE', 0
'BWD_TP_COMM_INTRA', 'Comm', 3.8427505364220096, 3.842766917604232, 1.6381182222222223e-05, 0.0, 'ALLREDUCE', 'TP', 'INTRA', 8
'BWD_MHA', 'Compute', 3.842766917604232, 3.868189939096692, 0.025423021492460222, 'NONE', 'NONE', 'NONE', 0
'BWD_TP_COMM_INTRA', 'Comm', 3.868189939096692, 3.8682063202789143, 1.6381182222222223e-05, 0.0, 'ALLREDUCE', 'TP', 'INTRA', 8
'BWD_FFN', 'Compute', 3.8682063202789143, 3.871861517247519, 0.0036551969686045324, 'NONE', 'NONE', 'NONE', 0
'BWD_TP_COMM_INTRA', 'Comm', 3.871861517247519, 3.8718778984297413, 1.6381182222222223e-05, 0.0, 'ALLREDUCE', 'TP', 'INTRA', 8
'BWD_MHA', 'Compute', 3.8718778984297413, 3.8973009199222015, 0.025423021492460222, 'NONE', 'NONE', 'NONE', 0
'BWD_TP_COMM_INTRA', 'Comm', 3.8973009199222015, 3.8973173011044238, 1.6381182222222223e-05, 0.0, 'ALLREDUCE', 'TP', 'INTRA', 8
'BWD_FFN', 'Compute', 3.8973173011044238, 3.9009724980730285, 0.0036551969686045324, 'NONE', 'NONE', 'NONE', 0
'BWD_TP_COMM_INTRA', 'Comm', 3.9009724980730285, 3.9009888792552507, 1.6381182222222223e-05, 0.0, 'ALLREDUCE', 'TP', 'INTRA', 8
'BWD_MHA', 'Compute', 3.9009888792552507, 3.926411900747711, 0.025423021492460222, 'NONE', 'NONE', 'NONE', 0
'BWD_TP_COMM_INTRA', 'Comm', 3.926411900747711, 3.926428281929933, 1.6381182222222223e-05, 0.0, 'ALLREDUCE', 'TP', 'INTRA', 8
'BWD_FFN', 'Compute', 3.926428281929933, 3.930083478898538, 0.0036551969686045324, 'NONE', 'NONE', 'NONE', 0
'BWD_TP_COMM_INTRA', 'Comm', 3.930083478898538, 3.93009986008076, 1.6381182222222223e-05, 0.0, 'ALLREDUCE', 'TP', 'INTRA', 8
'BWD_MHA', 'Compute', 3.93009986008076, 3.9555228815732204, 0.025423021492460222, 'NONE', 'NONE', 'NONE', 0
'BWD_TP_COMM_INTRA', 'Comm', 3.9555228815732204, 3.9555392627554427, 1.6381182222222223e-05, 0.0, 'ALLREDUCE', 'TP', 'INTRA', 8
'BWD_FFN', 'Compute', 3.9555392627554427, 3.9591944597240474, 0.0036551969686045324, 'NONE', 'NONE', 'NONE', 0
'BWD_TP_COMM_INTRA', 'Comm', 3.9591944597240474, 3.9592108409062696, 1.6381182222222223e-05, 0.0, 'ALLREDUCE', 'TP', 'INTRA', 8
'BWD_MHA', 'Compute', 3.9592108409062696, 3.98463386239873, 0.025423021492460222, 'NONE', 'NONE', 'NONE', 0
'BWD_TP_COMM_INTRA', 'Comm', 3.98463386239873, 3.984650243580952, 1.6381182222222223e-05, 0.0, 'ALLREDUCE', 'TP', 'INTRA', 8
'BWD_FFN', 'Compute', 3.984650243580952, 3.988305440549557, 0.0036551969686045324, 'NONE', 'NONE', 'NONE', 0
'BWD_TP_COMM_INTRA', 'Comm', 3.988305440549557, 3.988321821731779, 1.6381182222222223e-05, 0.0, 'ALLREDUCE', 'TP', 'INTRA', 8
'BWD_MHA', 'Compute', 3.988321821731779, 4.013744843224239, 0.025423021492460222, 'NONE', 'NONE', 'NONE', 0
'BWD_TP_COMM_INTRA', 'Comm', 4.013744843224239, 4.013761224406461, 1.6381182222222223e-05, 0.0, 'ALLREDUCE', 'TP', 'INTRA', 8
'BWD_FFN', 'Compute', 4.013761224406461, 4.017416421375065, 0.0036551969686045324, 'NONE', 'NONE', 'NONE', 0
'BWD_TP_COMM_INTRA', 'Comm', 4.017416421375065, 4.017432802557288, 1.6381182222222223e-05, 0.0, 'ALLREDUCE', 'TP', 'INTRA', 8
'BWD_MHA', 'Compute', 4.017432802557288, 4.042855824049748, 0.025423021492460222, 'NONE', 'NONE', 'NONE', 0
'BWD_TP_COMM_INTRA', 'Comm', 4.042855824049748, 4.04287220523197, 1.6381182222222223e-05, 0.0, 'ALLREDUCE', 'TP', 'INTRA', 8
'BWD_FFN', 'Compute', 4.04287220523197, 4.046527402200574, 0.0036551969686045324, 'NONE', 'NONE', 'NONE', 0
'BWD_TP_COMM_INTRA', 'Comm', 4.046527402200574, 4.046543783382797, 1.6381182222222223e-05, 0.0, 'ALLREDUCE', 'TP', 'INTRA', 8
'BWD_MHA', 'Compute', 4.046543783382797, 4.071966804875257, 0.025423021492460222, 'NONE', 'NONE', 'NONE', 0
'BWD_TP_COMM_INTRA', 'Comm', 4.071966804875257, 4.071983186057479, 1.6381182222222223e-05, 0.0, 'ALLREDUCE', 'TP', 'INTRA', 8
'BWD_FFN', 'Compute', 4.071983186057479, 4.075638383026083, 0.0036551969686045324, 'NONE', 'NONE', 'NONE', 0
'BWD_TP_COMM_INTRA', 'Comm', 4.075638383026083, 4.075654764208306, 1.6381182222222223e-05, 0.0, 'ALLREDUCE', 'TP', 'INTRA', 8
'BWD_MHA', 'Compute', 4.075654764208306, 4.101077785700766, 0.025423021492460222, 'NONE', 'NONE', 'NONE', 0
'BWD_TP_COMM_INTRA', 'Comm', 4.101077785700766, 4.101094166882988, 1.6381182222222223e-05, 0.0, 'ALLREDUCE', 'TP', 'INTRA', 8
'BWD_FFN', 'Compute', 4.101094166882988, 4.104749363851592, 0.0036551969686045324, 'NONE', 'NONE', 'NONE', 0
'BWD_TP_COMM_INTRA', 'Comm', 4.104749363851592, 4.104765745033815, 1.6381182222222223e-05, 0.0, 'ALLREDUCE', 'TP', 'INTRA', 8
'BWD_MHA', 'Compute', 4.104765745033815, 4.130188766526275, 0.025423021492460222, 'NONE', 'NONE', 'NONE', 0
'BWD_TP_COMM_INTRA', 'Comm', 4.130188766526275, 4.130205147708497, 1.6381182222222223e-05, 0.0, 'ALLREDUCE', 'TP', 'INTRA', 8
'BWD_FFN', 'Compute', 4.130205147708497, 4.133860344677101, 0.0036551969686045324, 'NONE', 'NONE', 'NONE', 0
'BWD_TP_COMM_INTRA', 'Comm', 4.133860344677101, 4.133876725859324, 1.6381182222222223e-05, 0.0, 'ALLREDUCE', 'TP', 'INTRA', 8
'BWD_MHA', 'Compute', 4.133876725859324, 4.159299747351784, 0.025423021492460222, 'NONE', 'NONE', 'NONE', 0
'BWD_TP_COMM_INTRA', 'Comm', 4.159299747351784, 4.159316128534006, 1.6381182222222223e-05, 0.0, 'ALLREDUCE', 'TP', 'INTRA', 8
'BWD_FFN', 'Compute', 4.159316128534006, 4.16297132550261, 0.0036551969686045324, 'NONE', 'NONE', 'NONE', 0
'BWD_TP_COMM_INTRA', 'Comm', 4.16297132550261, 4.162987706684833, 1.6381182222222223e-05, 0.0, 'ALLREDUCE', 'TP', 'INTRA', 8
'BWD_MHA', 'Compute', 4.162987706684833, 4.188410728177293, 0.025423021492460222, 'NONE', 'NONE', 'NONE', 0
'BWD_TP_COMM_INTRA', 'Comm', 4.188410728177293, 4.188427109359515, 1.6381182222222223e-05, 0.0, 'ALLREDUCE', 'TP', 'INTRA', 8
'BWD_FFN', 'Compute', 4.188427109359515, 4.192082306328119, 0.0036551969686045324, 'NONE', 'NONE', 'NONE', 0
'BWD_TP_COMM_INTRA', 'Comm', 4.192082306328119, 4.192098687510342, 1.6381182222222223e-05, 0.0, 'ALLREDUCE', 'TP', 'INTRA', 8
'BWD_MHA', 'Compute', 4.192098687510342, 4.217521709002802, 0.025423021492460222, 'NONE', 'NONE', 'NONE', 0
'BWD_TP_COMM_INTRA', 'Comm', 4.217521709002802, 4.217538090185024, 1.6381182222222223e-05, 0.0, 'ALLREDUCE', 'TP', 'INTRA', 8
'BWD_FFN', 'Compute', 4.217538090185024, 4.221193287153628, 0.0036551969686045324, 'NONE', 'NONE', 'NONE', 0
'BWD_TP_COMM_INTRA', 'Comm', 4.221193287153628, 4.221209668335851, 1.6381182222222223e-05, 0.0, 'ALLREDUCE', 'TP', 'INTRA', 8
'BWD_MHA', 'Compute', 4.221209668335851, 4.246632689828311, 0.025423021492460222, 'NONE', 'NONE', 'NONE', 0
'BWD_TP_COMM_INTRA', 'Comm', 4.246632689828311, 4.246649071010533, 1.6381182222222223e-05, 0.0, 'ALLREDUCE', 'TP', 'INTRA', 8
'BWD_FFN', 'Compute', 4.246649071010533, 4.250304267979137, 0.0036551969686045324, 'NONE', 'NONE', 'NONE', 0
'BWD_TP_COMM_INTRA', 'Comm', 4.250304267979137, 4.25032064916136, 1.6381182222222223e-05, 0.0, 'ALLREDUCE', 'TP', 'INTRA', 8
'BWD_MHA', 'Compute', 4.25032064916136, 4.27574367065382, 0.025423021492460222, 'NONE', 'NONE', 'NONE', 0
'BWD_TP_COMM_INTRA', 'Comm', 4.27574367065382, 4.275760051836042, 1.6381182222222223e-05, 0.0, 'ALLREDUCE', 'TP', 'INTRA', 8
'BWD_FFN', 'Compute', 4.275760051836042, 4.279415248804646, 0.0036551969686045324, 'NONE', 'NONE', 'NONE', 0
'BWD_TP_COMM_INTRA', 'Comm', 4.279415248804646, 4.279431629986869, 1.6381182222222223e-05, 0.0, 'ALLREDUCE', 'TP', 'INTRA', 8
'BWD_MHA', 'Compute', 4.279431629986869, 4.304854651479329, 0.025423021492460222, 'NONE', 'NONE', 'NONE', 0
'BWD_TP_COMM_INTRA', 'Comm', 4.304854651479329, 4.304871032661551, 1.6381182222222223e-05, 0.0, 'ALLREDUCE', 'TP', 'INTRA', 8
'BWD_FFN', 'Compute', 4.304871032661551, 4.308526229630155, 0.0036551969686045324, 'NONE', 'NONE', 'NONE', 0
'BWD_TP_COMM_INTRA', 'Comm', 4.308526229630155, 4.308542610812378, 1.6381182222222223e-05, 0.0, 'ALLREDUCE', 'TP', 'INTRA', 8
'BWD_MHA', 'Compute', 4.308542610812378, 4.333965632304838, 0.025423021492460222, 'NONE', 'NONE', 'NONE', 0
'BWD_TP_COMM_INTRA', 'Comm', 4.333965632304838, 4.33398201348706, 1.6381182222222223e-05, 0.0, 'ALLREDUCE', 'TP', 'INTRA', 8
'BWD_FFN', 'Compute', 4.33398201348706, 4.337637210455664, 0.0036551969686045324, 'NONE', 'NONE', 'NONE', 0
'BWD_TP_COMM_INTRA', 'Comm', 4.337637210455664, 4.337653591637887, 1.6381182222222223e-05, 0.0, 'ALLREDUCE', 'TP', 'INTRA', 8
'BWD_MHA', 'Compute', 4.337653591637887, 4.363076613130347, 0.025423021492460222, 'NONE', 'NONE', 'NONE', 0
'BWD_TP_COMM_INTRA', 'Comm', 4.363076613130347, 4.363092994312569, 1.6381182222222223e-05, 0.0, 'ALLREDUCE', 'TP', 'INTRA', 8
'BWD_FFN', 'Compute', 4.363092994312569, 4.366748191281173, 0.0036551969686045324, 'NONE', 'NONE', 'NONE', 0
'BWD_TP_COMM_INTRA', 'Comm', 4.366748191281173, 4.366764572463396, 1.6381182222222223e-05, 0.0, 'ALLREDUCE', 'TP', 'INTRA', 8
'BWD_MHA', 'Compute', 4.366764572463396, 4.392187593955856, 0.025423021492460222, 'NONE', 'NONE', 'NONE', 0
'BWD_TP_COMM_INTRA', 'Comm', 4.392187593955856, 4.392203975138078, 1.6381182222222223e-05, 0.0, 'ALLREDUCE', 'TP', 'INTRA', 8
'BWD_FFN', 'Compute', 4.392203975138078, 4.395859172106682, 0.0036551969686045324, 'NONE', 'NONE', 'NONE', 0
'BWD_TP_COMM_INTRA', 'Comm', 4.395859172106682, 4.395875553288905, 1.6381182222222223e-05, 0.0, 'ALLREDUCE', 'TP', 'INTRA', 8
'BWD_MHA', 'Compute', 4.395875553288905, 4.421298574781365, 0.025423021492460222, 'NONE', 'NONE', 'NONE', 0
'BWD_TP_COMM_INTRA', 'Comm', 4.421298574781365, 4.421314955963587, 1.6381182222222223e-05, 0.0, 'ALLREDUCE', 'TP', 'INTRA', 8
'BWD_FFN', 'Compute', 4.421314955963587, 4.424970152932191, 0.0036551969686045324, 'NONE', 'NONE', 'NONE', 0
'BWD_TP_COMM_INTRA', 'Comm', 4.424970152932191, 4.424986534114414, 1.6381182222222223e-05, 0.0, 'ALLREDUCE', 'TP', 'INTRA', 8
'BWD_MHA', 'Compute', 4.424986534114414, 4.450409555606874, 0.025423021492460222, 'NONE', 'NONE', 'NONE', 0
'BWD_TP_COMM_INTRA', 'Comm', 4.450409555606874, 4.450425936789096, 1.6381182222222223e-05, 0.0, 'ALLREDUCE', 'TP', 'INTRA', 8
'BWD_FFN', 'Compute', 4.450425936789096, 4.4540811337577, 0.0036551969686045324, 'NONE', 'NONE', 'NONE', 0
'BWD_TP_COMM_INTRA', 'Comm', 4.4540811337577, 4.454097514939923, 1.6381182222222223e-05, 0.0, 'ALLREDUCE', 'TP', 'INTRA', 8
'BWD_MHA', 'Compute', 4.454097514939923, 4.479520536432383, 0.025423021492460222, 'NONE', 'NONE', 'NONE', 0
'BWD_TP_COMM_INTRA', 'Comm', 4.479520536432383, 4.479536917614605, 1.6381182222222223e-05, 0.0, 'ALLREDUCE', 'TP', 'INTRA', 8
'BWD_FFN', 'Compute', 4.479536917614605, 4.483192114583209, 0.0036551969686045324, 'NONE', 'NONE', 'NONE', 0
'BWD_TP_COMM_INTRA', 'Comm', 4.483192114583209, 4.483208495765432, 1.6381182222222223e-05, 0.0, 'ALLREDUCE', 'TP', 'INTRA', 8
'BWD_MHA', 'Compute', 4.483208495765432, 4.508631517257892, 0.025423021492460222, 'NONE', 'NONE', 'NONE', 0
'BWD_TP_COMM_INTRA', 'Comm', 4.508631517257892, 4.508647898440114, 1.6381182222222223e-05, 0.0, 'ALLREDUCE', 'TP', 'INTRA', 8
'BWD_FFN', 'Compute', 4.508647898440114, 4.512303095408718, 0.0036551969686045324, 'NONE', 'NONE', 'NONE', 0
'BWD_TP_COMM_INTRA', 'Comm', 4.512303095408718, 4.512319476590941, 1.6381182222222223e-05, 0.0, 'ALLREDUCE', 'TP', 'INTRA', 8
'BWD_MHA', 'Compute', 4.512319476590941, 4.537742498083401, 0.025423021492460222, 'NONE', 'NONE', 'NONE', 0
'BWD_TP_COMM_INTRA', 'Comm', 4.537742498083401, 4.537758879265623, 1.6381182222222223e-05, 0.0, 'ALLREDUCE', 'TP', 'INTRA', 8
'BWD_FFN', 'Compute', 4.537758879265623, 4.541414076234227, 0.0036551969686045324, 'NONE', 'NONE', 'NONE', 0
'BWD_TP_COMM_INTRA', 'Comm', 4.541414076234227, 4.54143045741645, 1.6381182222222223e-05, 0.0, 'ALLREDUCE', 'TP', 'INTRA', 8
'BWD_MHA', 'Compute', 4.54143045741645, 4.56685347890891, 0.025423021492460222, 'NONE', 'NONE', 'NONE', 0
'BWD_TP_COMM_INTRA', 'Comm', 4.56685347890891, 4.566869860091132, 1.6381182222222223e-05, 0.0, 'ALLREDUCE', 'TP', 'INTRA', 8
'BWD_FFN', 'Compute', 4.566869860091132, 4.570525057059736, 0.0036551969686045324, 'NONE', 'NONE', 'NONE', 0
'BWD_TP_COMM_INTRA', 'Comm', 4.570525057059736, 4.570541438241959, 1.6381182222222223e-05, 0.0, 'ALLREDUCE', 'TP', 'INTRA', 8
'BWD_MHA', 'Compute', 4.570541438241959, 4.595964459734419, 0.025423021492460222, 'NONE', 'NONE', 'NONE', 0
'BWD_TP_COMM_INTRA', 'Comm', 4.595964459734419, 4.595980840916641, 1.6381182222222223e-05, 0.0, 'ALLREDUCE', 'TP', 'INTRA', 8
'BWD_FFN', 'Compute', 4.595980840916641, 4.599636037885245, 0.0036551969686045324, 'NONE', 'NONE', 'NONE', 0
'BWD_TP_COMM_INTRA', 'Comm', 4.599636037885245, 4.599652419067468, 1.6381182222222223e-05, 0.0, 'ALLREDUCE', 'TP', 'INTRA', 8
'BWD_MHA', 'Compute', 4.599652419067468, 4.625075440559928, 0.025423021492460222, 'NONE', 'NONE', 'NONE', 0
'BWD_TP_COMM_INTRA', 'Comm', 4.625075440559928, 4.62509182174215, 1.6381182222222223e-05, 0.0, 'ALLREDUCE', 'TP', 'INTRA', 8
'BWD_FFN', 'Compute', 4.62509182174215, 4.6287470187107544, 0.0036551969686045324, 'NONE', 'NONE', 'NONE', 0
'BWD_TP_COMM_INTRA', 'Comm', 4.6287470187107544, 4.628763399892977, 1.6381182222222223e-05, 0.0, 'ALLREDUCE', 'TP', 'INTRA', 8
'BWD_MHA', 'Compute', 4.628763399892977, 4.654186421385437, 0.025423021492460222, 'NONE', 'NONE', 'NONE', 0
'BWD_TP_COMM_INTRA', 'Comm', 4.654186421385437, 4.654202802567659, 1.6381182222222223e-05, 0.0, 'ALLREDUCE', 'TP', 'INTRA', 8
'BWD_FFN', 'Compute', 4.654202802567659, 4.6578579995362634, 0.0036551969686045324, 'NONE', 'NONE', 'NONE', 0
'BWD_TP_COMM_INTRA', 'Comm', 4.6578579995362634, 4.657874380718486, 1.6381182222222223e-05, 0.0, 'ALLREDUCE', 'TP', 'INTRA', 8
'BWD_MHA', 'Compute', 4.657874380718486, 4.683297402210946, 0.025423021492460222, 'NONE', 'NONE', 'NONE', 0
'BWD_TP_COMM_INTRA', 'Comm', 4.683297402210946, 4.683313783393168, 1.6381182222222223e-05, 0.0, 'ALLREDUCE', 'TP', 'INTRA', 8
'BWD_FFN', 'Compute', 4.683313783393168, 4.6869689803617725, 0.0036551969686045324, 'NONE', 'NONE', 'NONE', 0
'BWD_TP_COMM_INTRA', 'Comm', 4.6869689803617725, 4.686985361543995, 1.6381182222222223e-05, 0.0, 'ALLREDUCE', 'TP', 'INTRA', 8
'BWD_MHA', 'Compute', 4.686985361543995, 4.712408383036455, 0.025423021492460222, 'NONE', 'NONE', 'NONE', 0
'BWD_TP_COMM_INTRA', 'Comm', 4.712408383036455, 4.712424764218677, 1.6381182222222223e-05, 0.0, 'ALLREDUCE', 'TP', 'INTRA', 8
'BWD_FFN', 'Compute', 4.712424764218677, 4.7160799611872815, 0.0036551969686045324, 'NONE', 'NONE', 'NONE', 0
'BWD_TP_COMM_INTRA', 'Comm', 4.7160799611872815, 4.716096342369504, 1.6381182222222223e-05, 0.0, 'ALLREDUCE', 'TP', 'INTRA', 8
'BWD_MHA', 'Compute', 4.716096342369504, 4.741519363861964, 0.025423021492460222, 'NONE', 'NONE', 'NONE', 0
'BWD_TP_COMM_INTRA', 'Comm', 4.741519363861964, 4.741535745044186, 1.6381182222222223e-05, 0.0, 'ALLREDUCE', 'TP', 'INTRA', 8
'BWD_FFN', 'Compute', 4.741535745044186, 4.7451909420127905, 0.0036551969686045324, 'NONE', 'NONE', 'NONE', 0
'BWD_TP_COMM_INTRA', 'Comm', 4.7451909420127905, 4.745207323195013, 1.6381182222222223e-05, 0.0, 'ALLREDUCE', 'TP', 'INTRA', 8
'BWD_MHA', 'Compute', 4.745207323195013, 4.770630344687473, 0.025423021492460222, 'NONE', 'NONE', 'NONE', 0
'BWD_TP_COMM_INTRA', 'Comm', 4.770630344687473, 4.770646725869695, 1.6381182222222223e-05, 0.0, 'ALLREDUCE', 'TP', 'INTRA', 8
'BWD_FFN', 'Compute', 4.770646725869695, 4.7743019228382995, 0.0036551969686045324, 'NONE', 'NONE', 'NONE', 0
'BWD_TP_COMM_INTRA', 'Comm', 4.7743019228382995, 4.774318304020522, 1.6381182222222223e-05, 0.0, 'ALLREDUCE', 'TP', 'INTRA', 8
'BWD_MHA', 'Compute', 4.774318304020522, 4.799741325512982, 0.025423021492460222, 'NONE', 'NONE', 'NONE', 0
'BWD_TP_COMM_INTRA', 'Comm', 4.799741325512982, 4.799757706695204, 1.6381182222222223e-05, 0.0, 'ALLREDUCE', 'TP', 'INTRA', 8
'BWD_FFN', 'Compute', 4.799757706695204, 4.8034129036638085, 0.0036551969686045324, 'NONE', 'NONE', 'NONE', 0
'BWD_TP_COMM_INTRA', 'Comm', 4.8034129036638085, 4.803429284846031, 1.6381182222222223e-05, 0.0, 'ALLREDUCE', 'TP', 'INTRA', 8
'BWD_MHA', 'Compute', 4.803429284846031, 4.828852306338491, 0.025423021492460222, 'NONE', 'NONE', 'NONE', 0
'BWD_TP_COMM_INTRA', 'Comm', 4.828852306338491, 4.828868687520713, 1.6381182222222223e-05, 0.0, 'ALLREDUCE', 'TP', 'INTRA', 8
'BWD_FFN', 'Compute', 4.828868687520713, 4.8325238844893175, 0.0036551969686045324, 'NONE', 'NONE', 'NONE', 0
'BWD_TP_COMM_INTRA', 'Comm', 4.8325238844893175, 4.83254026567154, 1.6381182222222223e-05, 0.0, 'ALLREDUCE', 'TP', 'INTRA', 8
'BWD_MHA', 'Compute', 4.83254026567154, 4.857963287164, 0.025423021492460222, 'NONE', 'NONE', 'NONE', 0
'BWD_TP_COMM_INTRA', 'Comm', 4.857963287164, 4.857979668346222, 1.6381182222222223e-05, 0.0, 'ALLREDUCE', 'TP', 'INTRA', 8
'BWD_FFN', 'Compute', 4.857979668346222, 4.8616348653148265, 0.0036551969686045324, 'NONE', 'NONE', 'NONE', 0
'BWD_TP_COMM_INTRA', 'Comm', 4.8616348653148265, 4.861651246497049, 1.6381182222222223e-05, 0.0, 'ALLREDUCE', 'TP', 'INTRA', 8
'BWD_MHA', 'Compute', 4.861651246497049, 4.887074267989509, 0.025423021492460222, 'NONE', 'NONE', 'NONE', 0
'BWD_TP_COMM_INTRA', 'Comm', 4.887074267989509, 4.887090649171731, 1.6381182222222223e-05, 0.0, 'ALLREDUCE', 'TP', 'INTRA', 8
'BWD_FFN', 'Compute', 4.887090649171731, 4.8907458461403355, 0.0036551969686045324, 'NONE', 'NONE', 'NONE', 0
'BWD_TP_COMM_INTRA', 'Comm', 4.8907458461403355, 4.890762227322558, 1.6381182222222223e-05, 0.0, 'ALLREDUCE', 'TP', 'INTRA', 8
'BWD_MHA', 'Compute', 4.890762227322558, 4.916185248815018, 0.025423021492460222, 'NONE', 'NONE', 'NONE', 0
'BWD_TP_COMM_INTRA', 'Comm', 4.916185248815018, 4.91620162999724, 1.6381182222222223e-05, 0.0, 'ALLREDUCE', 'TP', 'INTRA', 8
'BWD_FFN', 'Compute', 4.91620162999724, 4.9198568269658445, 0.0036551969686045324, 'NONE', 'NONE', 'NONE', 0
'BWD_TP_COMM_INTRA', 'Comm', 4.9198568269658445, 4.919873208148067, 1.6381182222222223e-05, 0.0, 'ALLREDUCE', 'TP', 'INTRA', 8
'BWD_MHA', 'Compute', 4.919873208148067, 4.945296229640527, 0.025423021492460222, 'NONE', 'NONE', 'NONE', 0
'BWD_TP_COMM_INTRA', 'Comm', 4.945296229640527, 4.945312610822749, 1.6381182222222223e-05, 0.0, 'ALLREDUCE', 'TP', 'INTRA', 8
'BWD_FFN', 'Compute', 4.945312610822749, 4.9489678077913535, 0.0036551969686045324, 'NONE', 'NONE', 'NONE', 0
'BWD_TP_COMM_INTRA', 'Comm', 4.9489678077913535, 4.948984188973576, 1.6381182222222223e-05, 0.0, 'ALLREDUCE', 'TP', 'INTRA', 8
'BWD_MHA', 'Compute', 4.948984188973576, 4.974407210466036, 0.025423021492460222, 'NONE', 'NONE', 'NONE', 0
'BWD_TP_COMM_INTRA', 'Comm', 4.974407210466036, 4.974423591648258, 1.6381182222222223e-05, 0.0, 'ALLREDUCE', 'TP', 'INTRA', 8
'BWD_FFN', 'Compute', 4.974423591648258, 4.9780787886168625, 0.0036551969686045324, 'NONE', 'NONE', 'NONE', 0
'BWD_TP_COMM_INTRA', 'Comm', 4.9780787886168625, 4.978095169799085, 1.6381182222222223e-05, 0.0, 'ALLREDUCE', 'TP', 'INTRA', 8
'BWD_MHA', 'Compute', 4.978095169799085, 5.003518191291545, 0.025423021492460222, 'NONE', 'NONE', 'NONE', 0
'BWD_TP_COMM_INTRA', 'Comm', 5.003518191291545, 5.003534572473767, 1.6381182222222223e-05, 0.0, 'ALLREDUCE', 'TP', 'INTRA', 8
'BWD_FFN', 'Compute', 5.003534572473767, 5.0071897694423715, 0.0036551969686045324, 'NONE', 'NONE', 'NONE', 0
'BWD_TP_COMM_INTRA', 'Comm', 5.0071897694423715, 5.007206150624594, 1.6381182222222223e-05, 0.0, 'ALLREDUCE', 'TP', 'INTRA', 8
'BWD_MHA', 'Compute', 5.007206150624594, 5.032629172117054, 0.025423021492460222, 'NONE', 'NONE', 'NONE', 0
'BWD_TP_COMM_INTRA', 'Comm', 5.032629172117054, 5.032645553299276, 1.6381182222222223e-05, 0.0, 'ALLREDUCE', 'TP', 'INTRA', 8
'BWD_FFN', 'Compute', 5.032645553299276, 5.0363007502678805, 0.0036551969686045324, 'NONE', 'NONE', 'NONE', 0
'BWD_TP_COMM_INTRA', 'Comm', 5.0363007502678805, 5.036317131450103, 1.6381182222222223e-05, 0.0, 'ALLREDUCE', 'TP', 'INTRA', 8
'BWD_MHA', 'Compute', 5.036317131450103, 5.061740152942563, 0.025423021492460222, 'NONE', 'NONE', 'NONE', 0
'BWD_TP_COMM_INTRA', 'Comm', 5.061740152942563, 5.061756534124785, 1.6381182222222223e-05, 0.0, 'ALLREDUCE', 'TP', 'INTRA', 8
'BWD_FFN', 'Compute', 5.061756534124785, 5.0654117310933895, 0.0036551969686045324, 'NONE', 'NONE', 'NONE', 0
'BWD_TP_COMM_INTRA', 'Comm', 5.0654117310933895, 5.065428112275612, 1.6381182222222223e-05, 0.0, 'ALLREDUCE', 'TP', 'INTRA', 8
'BWD_MHA', 'Compute', 5.065428112275612, 5.090851133768072, 0.025423021492460222, 'NONE', 'NONE', 'NONE', 0
'BWD_TP_COMM_INTRA', 'Comm', 5.090851133768072, 5.090867514950294, 1.6381182222222223e-05, 0.0, 'ALLREDUCE', 'TP', 'INTRA', 8
'BWD_FFN', 'Compute', 5.090867514950294, 5.0945227119188985, 0.0036551969686045324, 'NONE', 'NONE', 'NONE', 0
'BWD_TP_COMM_INTRA', 'Comm', 5.0945227119188985, 5.094539093101121, 1.6381182222222223e-05, 0.0, 'ALLREDUCE', 'TP', 'INTRA', 8
'BWD_MHA', 'Compute', 5.094539093101121, 5.119962114593581, 0.025423021492460222, 'NONE', 'NONE', 'NONE', 0
'BWD_TP_COMM_INTRA', 'Comm', 5.119962114593581, 5.119978495775803, 1.6381182222222223e-05, 0.0, 'ALLREDUCE', 'TP', 'INTRA', 8
'BWD_FFN', 'Compute', 5.119978495775803, 5.1236336927444075, 0.0036551969686045324, 'NONE', 'NONE', 'NONE', 0
'BWD_TP_COMM_INTRA', 'Comm', 5.1236336927444075, 5.12365007392663, 1.6381182222222223e-05, 0.0, 'ALLREDUCE', 'TP', 'INTRA', 8
'BWD_MHA', 'Compute', 5.12365007392663, 5.14907309541909, 0.025423021492460222, 'NONE', 'NONE', 'NONE', 0
'BWD_TP_COMM_INTRA', 'Comm', 5.14907309541909, 5.149089476601312, 1.6381182222222223e-05, 0.0, 'ALLREDUCE', 'TP', 'INTRA', 8
'BWD_FFN', 'Compute', 5.149089476601312, 5.1527446735699165, 0.0036551969686045324, 'NONE', 'NONE', 'NONE', 0
'BWD_TP_COMM_INTRA', 'Comm', 5.1527446735699165, 5.152761054752139, 1.6381182222222223e-05, 0.0, 'ALLREDUCE', 'TP', 'INTRA', 8
'BWD_MHA', 'Compute', 5.152761054752139, 5.178184076244599, 0.025423021492460222, 'NONE', 'NONE', 'NONE', 0
'BWD_TP_COMM_INTRA', 'Comm', 5.178184076244599, 5.178200457426821, 1.6381182222222223e-05, 0.0, 'ALLREDUCE', 'TP', 'INTRA', 8
'BWD_FFN', 'Compute', 5.178200457426821, 5.1818556543954255, 0.0036551969686045324, 'NONE', 'NONE', 'NONE', 0
'BWD_TP_COMM_INTRA', 'Comm', 5.1818556543954255, 5.181872035577648, 1.6381182222222223e-05, 0.0, 'ALLREDUCE', 'TP', 'INTRA', 8
'BWD_MHA', 'Compute', 5.181872035577648, 5.207295057070108, 0.025423021492460222, 'NONE', 'NONE', 'NONE', 0
'BWD_TP_COMM_INTRA', 'Comm', 5.207295057070108, 5.20731143825233, 1.6381182222222223e-05, 0.0, 'ALLREDUCE', 'TP', 'INTRA', 8
'BWD_FFN', 'Compute', 5.20731143825233, 5.2109666352209345, 0.0036551969686045324, 'NONE', 'NONE', 'NONE', 0
'BWD_TP_COMM_INTRA', 'Comm', 5.2109666352209345, 5.210983016403157, 1.6381182222222223e-05, 0.0, 'ALLREDUCE', 'TP', 'INTRA', 8
'BWD_MHA', 'Compute', 5.210983016403157, 5.236406037895617, 0.025423021492460222, 'NONE', 'NONE', 'NONE', 0
'BWD_TP_COMM_INTRA', 'Comm', 5.236406037895617, 5.236422419077839, 1.6381182222222223e-05, 0.0, 'ALLREDUCE', 'TP', 'INTRA', 8
'BWD_FFN', 'Compute', 5.236422419077839, 5.2400776160464435, 0.0036551969686045324, 'NONE', 'NONE', 'NONE', 0
'BWD_TP_COMM_INTRA', 'Comm', 5.2400776160464435, 5.240093997228666, 1.6381182222222223e-05, 0.0, 'ALLREDUCE', 'TP', 'INTRA', 8
'BWD_MHA', 'Compute', 5.240093997228666, 5.265517018721126, 0.025423021492460222, 'NONE', 'NONE', 'NONE', 0
'BWD_TP_COMM_INTRA', 'Comm', 5.265517018721126, 5.265533399903348, 1.6381182222222223e-05, 0.0, 'ALLREDUCE', 'TP', 'INTRA', 8
'BWD_FFN', 'Compute', 5.265533399903348, 5.2691885968719525, 0.0036551969686045324, 'NONE', 'NONE', 'NONE', 0
'BWD_TP_COMM_INTRA', 'Comm', 5.2691885968719525, 5.269204978054175, 1.6381182222222223e-05, 0.0, 'ALLREDUCE', 'TP', 'INTRA', 8
'BWD_MHA', 'Compute', 5.269204978054175, 5.294627999546635, 0.025423021492460222, 'NONE', 'NONE', 'NONE', 0
'BWD_TP_COMM_INTRA', 'Comm', 5.294627999546635, 5.294644380728857, 1.6381182222222223e-05, 0.0, 'ALLREDUCE', 'TP', 'INTRA', 8
'BWD_FFN', 'Compute', 5.294644380728857, 5.2982995776974615, 0.0036551969686045324, 'NONE', 'NONE', 'NONE', 0
'BWD_TP_COMM_INTRA', 'Comm', 5.2982995776974615, 5.298315958879684, 1.6381182222222223e-05, 0.0, 'ALLREDUCE', 'TP', 'INTRA', 8
'BWD_MHA', 'Compute', 5.298315958879684, 5.323738980372144, 0.025423021492460222, 'NONE', 'NONE', 'NONE', 0
'BWD_TP_COMM_INTRA', 'Comm', 5.323738980372144, 5.323755361554366, 1.6381182222222223e-05, 0.0, 'ALLREDUCE', 'TP', 'INTRA', 8
'BWD_FFN', 'Compute', 5.323755361554366, 5.3274105585229705, 0.0036551969686045324, 'NONE', 'NONE', 'NONE', 0
'BWD_TP_COMM_INTRA', 'Comm', 5.3274105585229705, 5.327426939705193, 1.6381182222222223e-05, 0.0, 'ALLREDUCE', 'TP', 'INTRA', 8
'BWD_MHA', 'Compute', 5.327426939705193, 5.352849961197653, 0.025423021492460222, 'NONE', 'NONE', 'NONE', 0
'BWD_TP_COMM_INTRA', 'Comm', 5.352849961197653, 5.352866342379875, 1.6381182222222223e-05, 0.0, 'ALLREDUCE', 'TP', 'INTRA', 8
'BWD_FFN', 'Compute', 5.352866342379875, 5.3565215393484795, 0.0036551969686045324, 'NONE', 'NONE', 'NONE', 0
'BWD_TP_COMM_INTRA', 'Comm', 5.3565215393484795, 5.356537920530702, 1.6381182222222223e-05, 0.0, 'ALLREDUCE', 'TP', 'INTRA', 8
'BWD_MHA', 'Compute', 5.356537920530702, 5.381960942023162, 0.025423021492460222, 'NONE', 'NONE', 'NONE', 0
'BWD_TP_COMM_INTRA', 'Comm', 5.381960942023162, 5.381977323205384, 1.6381182222222223e-05, 0.0, 'ALLREDUCE', 'TP', 'INTRA', 8
'BWD_FFN', 'Compute', 5.381977323205384, 5.3856325201739885, 0.0036551969686045324, 'NONE', 'NONE', 'NONE', 0
'BWD_TP_COMM_INTRA', 'Comm', 5.3856325201739885, 5.385648901356211, 1.6381182222222223e-05, 0.0, 'ALLREDUCE', 'TP', 'INTRA', 8
'BWD_MHA', 'Compute', 5.385648901356211, 5.411071922848671, 0.025423021492460222, 'NONE', 'NONE', 'NONE', 0
'BWD_TP_COMM_INTRA', 'Comm', 5.411071922848671, 5.411088304030893, 1.6381182222222223e-05, 0.0, 'ALLREDUCE', 'TP', 'INTRA', 8
'BWD_FFN', 'Compute', 5.411088304030893, 5.4147435009994975, 0.0036551969686045324, 'NONE', 'NONE', 'NONE', 0
'BWD_TP_COMM_INTRA', 'Comm', 5.4147435009994975, 5.41475988218172, 1.6381182222222223e-05, 0.0, 'ALLREDUCE', 'TP', 'INTRA', 8
'BWD_MHA', 'Compute', 5.41475988218172, 5.44018290367418, 0.025423021492460222, 'NONE', 'NONE', 'NONE', 0
'BWD_TP_COMM_INTRA', 'Comm', 5.44018290367418, 5.440199284856402, 1.6381182222222223e-05, 0.0, 'ALLREDUCE', 'TP', 'INTRA', 8
'BWD_FFN', 'Compute', 5.440199284856402, 5.4438544818250065, 0.0036551969686045324, 'NONE', 'NONE', 'NONE', 0
'BWD_TP_COMM_INTRA', 'Comm', 5.4438544818250065, 5.443870863007229, 1.6381182222222223e-05, 0.0, 'ALLREDUCE', 'TP', 'INTRA', 8
'BWD_MHA', 'Compute', 5.443870863007229, 5.469293884499689, 0.025423021492460222, 'NONE', 'NONE', 'NONE', 0
'BWD_TP_COMM_INTRA', 'Comm', 5.469293884499689, 5.469310265681911, 1.6381182222222223e-05, 0.0, 'ALLREDUCE', 'TP', 'INTRA', 8
'BWD_FFN', 'Compute', 5.469310265681911, 5.4729654626505155, 0.0036551969686045324, 'NONE', 'NONE', 'NONE', 0
'BWD_TP_COMM_INTRA', 'Comm', 5.4729654626505155, 5.472981843832738, 1.6381182222222223e-05, 0.0, 'ALLREDUCE', 'TP', 'INTRA', 8
'BWD_MHA', 'Compute', 5.472981843832738, 5.498404865325198, 0.025423021492460222, 'NONE', 'NONE', 'NONE', 0
'BWD_TP_COMM_INTRA', 'Comm', 5.498404865325198, 5.49842124650742, 1.6381182222222223e-05, 0.0, 'ALLREDUCE', 'TP', 'INTRA', 8
'BWD_FFN', 'Compute', 5.49842124650742, 5.5020764434760245, 0.0036551969686045324, 'NONE', 'NONE', 'NONE', 0
'BWD_TP_COMM_INTRA', 'Comm', 5.5020764434760245, 5.502092824658247, 1.6381182222222223e-05, 0.0, 'ALLREDUCE', 'TP', 'INTRA', 8
'BWD_MHA', 'Compute', 5.502092824658247, 5.527515846150707, 0.025423021492460222, 'NONE', 'NONE', 'NONE', 0
'BWD_TP_COMM_INTRA', 'Comm', 5.527515846150707, 5.527532227332929, 1.6381182222222223e-05, 0.0, 'ALLREDUCE', 'TP', 'INTRA', 8
'BWD_FFN', 'Compute', 5.527532227332929, 5.5311874243015335, 0.0036551969686045324, 'NONE', 'NONE', 'NONE', 0
'BWD_TP_COMM_INTRA', 'Comm', 5.5311874243015335, 5.531203805483756, 1.6381182222222223e-05, 0.0, 'ALLREDUCE', 'TP', 'INTRA', 8
'BWD_MHA', 'Compute', 5.531203805483756, 5.556626826976216, 0.025423021492460222, 'NONE', 'NONE', 'NONE', 0
'BWD_TP_COMM_INTRA', 'Comm', 5.556626826976216, 5.556643208158438, 1.6381182222222223e-05, 0.0, 'ALLREDUCE', 'TP', 'INTRA', 8
'BWD_FFN', 'Compute', 5.556643208158438, 5.5602984051270425, 0.0036551969686045324, 'NONE', 'NONE', 'NONE', 0
'BWD_TP_COMM_INTRA', 'Comm', 5.5602984051270425, 5.560314786309265, 1.6381182222222223e-05, 0.0, 'ALLREDUCE', 'TP', 'INTRA', 8
'BWD_MHA', 'Compute', 5.560314786309265, 5.585737807801725, 0.025423021492460222, 'NONE', 'NONE', 'NONE', 0
'BWD_TP_COMM_INTRA', 'Comm', 5.585737807801725, 5.585754188983947, 1.6381182222222223e-05, 0.0, 'ALLREDUCE', 'TP', 'INTRA', 8
'BWD_FFN', 'Compute', 5.585754188983947, 5.5894093859525515, 0.0036551969686045324, 'NONE', 'NONE', 'NONE', 0
'BWD_TP_COMM_INTRA', 'Comm', 5.5894093859525515, 5.589425767134774, 1.6381182222222223e-05, 0.0, 'ALLREDUCE', 'TP', 'INTRA', 8
'BWD_PP_COMM_INTER', 'Comm', 5.589425767134774, 5.58946491668044, 3.914954566666667e-05, 0.0, 'P2P', 'PP', 'INTER', 8
'BWD_DP_COMM_INTER', 'Comm', 5.58946491668044, 5.595439411820441, 0.00597449514, 21821056512.0, 'ALLREDUCE', 'DP', 'INTER', 16
'FWD_DP_COMM_INTRA_ZERO', 'Comm', 5.595439411820441, 5.595472174184885, 3.276236444444445e-05, 2727632064.0, 'ALLREDUCE', 'DP', 'INTRA', 8
'Weight_update', 'Compute', 5.595472174184885, 5.602961631899284, 0.0074894577143988905, 'NONE', 'NONE', 'NONE', 0
'Weight_update', 'Compute', 5.602961631899284, 5.610451089613682, 0.0074894577143988905, 'NONE', 'NONE', 'NONE', 0
'Weight_update', 'Compute', 5.610451089613682, 5.617940547328081, 0.0074894577143988905, 'NONE', 'NONE', 'NONE', 0
'Weight_update', 'Compute', 5.617940547328081, 5.625430005042479, 0.0074894577143988905, 'NONE', 'NONE', 'NONE', 0
'Weight_update', 'Compute', 5.625430005042479, 5.6329194627568775, 0.0074894577143988905, 'NONE', 'NONE', 'NONE', 0
'Weight_update', 'Compute', 5.6329194627568775, 5.640408920471276, 0.0074894577143988905, 'NONE', 'NONE', 'NONE', 0
'Weight_update', 'Compute', 5.640408920471276, 5.647898378185674, 0.0074894577143988905, 'NONE', 'NONE', 'NONE', 0
'Weight_update', 'Compute', 5.647898378185674, 5.655387835900073, 0.0074894577143988905, 'NONE', 'NONE', 'NONE', 0
'Weight_update', 'Compute', 5.655387835900073, 5.662877293614471, 0.0074894577143988905, 'NONE', 'NONE', 'NONE', 0
'Weight_update', 'Compute', 5.662877293614471, 5.67036675132887, 0.0074894577143988905, 'NONE', 'NONE', 'NONE', 0
'Weight_update', 'Compute', 5.67036675132887, 5.677856209043268, 0.0074894577143988905, 'NONE', 'NONE', 'NONE', 0
'Weight_update', 'Compute', 5.677856209043268, 5.685345666757667, 0.0074894577143988905, 'NONE', 'NONE', 'NONE', 0
'Weight_update', 'Compute', 5.685345666757667, 5.692835124472065, 0.0074894577143988905, 'NONE', 'NONE', 'NONE', 0
'Weight_update', 'Compute', 5.692835124472065, 5.700324582186464, 0.0074894577143988905, 'NONE', 'NONE', 'NONE', 0
'Weight_update', 'Compute', 5.700324582186464, 5.707814039900862, 0.0074894577143988905, 'NONE', 'NONE', 'NONE', 0
'Weight_update', 'Compute', 5.707814039900862, 5.715303497615261, 0.0074894577143988905, 'NONE', 'NONE', 'NONE', 0
'Weight_update', 'Compute', 5.715303497615261, 5.722792955329659, 0.0074894577143988905, 'NONE', 'NONE', 'NONE', 0
'Weight_update', 'Compute', 5.722792955329659, 5.7302824130440575, 0.0074894577143988905, 'NONE', 'NONE', 'NONE', 0
'Weight_update', 'Compute', 5.7302824130440575, 5.737771870758456, 0.0074894577143988905, 'NONE', 'NONE', 'NONE', 0
'Weight_update', 'Compute', 5.737771870758456, 5.745261328472854, 0.0074894577143988905, 'NONE', 'NONE', 'NONE', 0
'Weight_update', 'Compute', 5.745261328472854, 5.752750786187253, 0.0074894577143988905, 'NONE', 'NONE', 'NONE', 0
'Weight_update', 'Compute', 5.752750786187253, 5.760240243901651, 0.0074894577143988905, 'NONE', 'NONE', 'NONE', 0
'Weight_update', 'Compute', 5.760240243901651, 5.76772970161605, 0.0074894577143988905, 'NONE', 'NONE', 'NONE', 0
'Weight_update', 'Compute', 5.76772970161605, 5.775219159330448, 0.0074894577143988905, 'NONE', 'NONE', 'NONE', 0
'Weight_update', 'Compute', 5.775219159330448, 5.782708617044847, 0.0074894577143988905, 'NONE', 'NONE', 'NONE', 0
'Weight_update', 'Compute', 5.782708617044847, 5.790198074759245, 0.0074894577143988905, 'NONE', 'NONE', 'NONE', 0
'Weight_update', 'Compute', 5.790198074759245, 5.797687532473644, 0.0074894577143988905, 'NONE', 'NONE', 'NONE', 0
'Weight_update', 'Compute', 5.797687532473644, 5.805176990188042, 0.0074894577143988905, 'NONE', 'NONE', 'NONE', 0
'Weight_update', 'Compute', 5.805176990188042, 5.812666447902441, 0.0074894577143988905, 'NONE', 'NONE', 'NONE', 0
'Weight_update', 'Compute', 5.812666447902441, 5.820155905616839, 0.0074894577143988905, 'NONE', 'NONE', 'NONE', 0
'Weight_update', 'Compute', 5.820155905616839, 5.8276453633312375, 0.0074894577143988905, 'NONE', 'NONE', 'NONE', 0
'Weight_update', 'Compute', 5.8276453633312375, 5.835134821045636, 0.0074894577143988905, 'NONE', 'NONE', 'NONE', 0
'Weight_update', 'Compute', 5.835134821045636, 5.842624278760034, 0.0074894577143988905, 'NONE', 'NONE', 'NONE', 0
'Weight_update', 'Compute', 5.842624278760034, 5.850113736474433, 0.0074894577143988905, 'NONE', 'NONE', 'NONE', 0
'Weight_update', 'Compute', 5.850113736474433, 5.857603194188831, 0.0074894577143988905, 'NONE', 'NONE', 'NONE', 0
'Weight_update', 'Compute', 5.857603194188831, 5.86509265190323, 0.0074894577143988905, 'NONE', 'NONE', 'NONE', 0
'Weight_update', 'Compute', 5.86509265190323, 5.872582109617628, 0.0074894577143988905, 'NONE', 'NONE', 'NONE', 0
'Weight_update', 'Compute', 5.872582109617628, 5.880071567332027, 0.0074894577143988905, 'NONE', 'NONE', 'NONE', 0
'Weight_update', 'Compute', 5.880071567332027, 5.887561025046425, 0.0074894577143988905, 'NONE', 'NONE', 'NONE', 0
'Weight_update', 'Compute', 5.887561025046425, 5.895050482760824, 0.0074894577143988905, 'NONE', 'NONE', 'NONE', 0
'Weight_update', 'Compute', 5.895050482760824, 5.902539940475222, 0.0074894577143988905, 'NONE', 'NONE', 'NONE', 0
'Weight_update', 'Compute', 5.902539940475222, 5.910029398189621, 0.0074894577143988905, 'NONE', 'NONE', 'NONE', 0
'Weight_update', 'Compute', 5.910029398189621, 5.917518855904019, 0.0074894577143988905, 'NONE', 'NONE', 'NONE', 0
'Weight_update', 'Compute', 5.917518855904019, 5.9250083136184175, 0.0074894577143988905, 'NONE', 'NONE', 'NONE', 0
'Weight_update', 'Compute', 5.9250083136184175, 5.932497771332816, 0.0074894577143988905, 'NONE', 'NONE', 'NONE', 0
'Weight_update', 'Compute', 5.932497771332816, 5.939987229047214, 0.0074894577143988905, 'NONE', 'NONE', 'NONE', 0
'Weight_update', 'Compute', 5.939987229047214, 5.947476686761613, 0.0074894577143988905, 'NONE', 'NONE', 'NONE', 0
'Weight_update', 'Compute', 5.947476686761613, 5.954966144476011, 0.0074894577143988905, 'NONE', 'NONE', 'NONE', 0
'Weight_update', 'Compute', 5.954966144476011, 5.96245560219041, 0.0074894577143988905, 'NONE', 'NONE', 'NONE', 0
'Weight_update', 'Compute', 5.96245560219041, 5.969945059904808, 0.0074894577143988905, 'NONE', 'NONE', 'NONE', 0
'Weight_update', 'Compute', 5.969945059904808, 5.977434517619207, 0.0074894577143988905, 'NONE', 'NONE', 'NONE', 0
'Weight_update', 'Compute', 5.977434517619207, 5.984923975333605, 0.0074894577143988905, 'NONE', 'NONE', 'NONE', 0
'Weight_update', 'Compute', 5.984923975333605, 5.992413433048004, 0.0074894577143988905, 'NONE', 'NONE', 'NONE', 0
'Weight_update', 'Compute', 5.992413433048004, 5.999902890762402, 0.0074894577143988905, 'NONE', 'NONE', 'NONE', 0
'Weight_update', 'Compute', 5.999902890762402, 6.007392348476801, 0.0074894577143988905, 'NONE', 'NONE', 'NONE', 0
'Weight_update', 'Compute', 6.007392348476801, 6.014881806191199, 0.0074894577143988905, 'NONE', 'NONE', 'NONE', 0
'Weight_update', 'Compute', 6.014881806191199, 6.0223712639055975, 0.0074894577143988905, 'NONE', 'NONE', 'NONE', 0
'Weight_update', 'Compute', 6.0223712639055975, 6.029860721619996, 0.0074894577143988905, 'NONE', 'NONE', 'NONE', 0
'Weight_update', 'Compute', 6.029860721619996, 6.037350179334394, 0.0074894577143988905, 'NONE', 'NONE', 'NONE', 0
'Weight_update', 'Compute', 6.037350179334394, 6.044839637048793, 0.0074894577143988905, 'NONE', 'NONE', 'NONE', 0
'Weight_update', 'Compute', 6.044839637048793, 6.052329094763191, 0.0074894577143988905, 'NONE', 'NONE', 'NONE', 0
'Weight_update', 'Compute', 6.052329094763191, 6.05981855247759, 0.0074894577143988905, 'NONE', 'NONE', 'NONE', 0
'Weight_update', 'Compute', 6.05981855247759, 6.067308010191988, 0.0074894577143988905, 'NONE', 'NONE', 'NONE', 0
'Weight_update', 'Compute', 6.067308010191988, 6.074797467906387, 0.0074894577143988905, 'NONE', 'NONE', 'NONE', 0
'Weight_update', 'Compute', 6.074797467906387, 6.082286925620785, 0.0074894577143988905, 'NONE', 'NONE', 'NONE', 0
'Weight_update', 'Compute', 6.082286925620785, 6.089776383335184, 0.0074894577143988905, 'NONE', 'NONE', 'NONE', 0
'Weight_update', 'Compute', 6.089776383335184, 6.097265841049582, 0.0074894577143988905, 'NONE', 'NONE', 'NONE', 0
'Weight_update', 'Compute', 6.097265841049582, 6.104755298763981, 0.0074894577143988905, 'NONE', 'NONE', 'NONE', 0
'Weight_update', 'Compute', 6.104755298763981, 6.112244756478379, 0.0074894577143988905, 'NONE', 'NONE', 'NONE', 0
'Weight_update', 'Compute', 6.112244756478379, 6.1197342141927775, 0.0074894577143988905, 'NONE', 'NONE', 'NONE', 0
'Weight_update', 'Compute', 6.1197342141927775, 6.127223671907176, 0.0074894577143988905, 'NONE', 'NONE', 'NONE', 0
'Weight_update', 'Compute', 6.127223671907176, 6.1347131296215744, 0.0074894577143988905, 'NONE', 'NONE', 'NONE', 0
'Weight_update', 'Compute', 6.1347131296215744, 6.142202587335973, 0.0074894577143988905, 'NONE', 'NONE', 'NONE', 0
'Weight_update', 'Compute', 6.142202587335973, 6.149692045050371, 0.0074894577143988905, 'NONE', 'NONE', 'NONE', 0
'Weight_update', 'Compute', 6.149692045050371, 6.15718150276477, 0.0074894577143988905, 'NONE', 'NONE', 'NONE', 0
'Weight_update', 'Compute', 6.15718150276477, 6.164670960479168, 0.0074894577143988905, 'NONE', 'NONE', 'NONE', 0
'Weight_update', 'Compute', 6.164670960479168, 6.172160418193567, 0.0074894577143988905, 'NONE', 'NONE', 'NONE', 0
'Weight_update', 'Compute', 6.172160418193567, 6.179649875907965, 0.0074894577143988905, 'NONE', 'NONE', 'NONE', 0
'Weight_update', 'Compute', 6.179649875907965, 6.187139333622364, 0.0074894577143988905, 'NONE', 'NONE', 'NONE', 0
'Weight_update', 'Compute', 6.187139333622364, 6.194628791336762, 0.0074894577143988905, 'NONE', 'NONE', 'NONE', 0
'Weight_update', 'Compute', 6.194628791336762, 6.202118249051161, 0.0074894577143988905, 'NONE', 'NONE', 'NONE', 0
'Weight_update', 'Compute', 6.202118249051161, 6.209607706765559, 0.0074894577143988905, 'NONE', 'NONE', 'NONE', 0
'Weight_update', 'Compute', 6.209607706765559, 6.2170971644799575, 0.0074894577143988905, 'NONE', 'NONE', 'NONE', 0
'Weight_update', 'Compute', 6.2170971644799575, 6.224586622194356, 0.0074894577143988905, 'NONE', 'NONE', 'NONE', 0
'Weight_update', 'Compute', 6.224586622194356, 6.2320760799087545, 0.0074894577143988905, 'NONE', 'NONE', 'NONE', 0
'Weight_update', 'Compute', 6.2320760799087545, 6.239565537623153, 0.0074894577143988905, 'NONE', 'NONE', 'NONE', 0
'Weight_update', 'Compute', 6.239565537623153, 6.247054995337551, 0.0074894577143988905, 'NONE', 'NONE', 'NONE', 0
'Weight_update', 'Compute', 6.247054995337551, 6.25454445305195, 0.0074894577143988905, 'NONE', 'NONE', 'NONE', 0
'Weight_update', 'Compute', 6.25454445305195, 6.262033910766348, 0.0074894577143988905, 'NONE', 'NONE', 'NONE', 0
'Weight_update', 'Compute', 6.262033910766348, 6.269523368480747, 0.0074894577143988905, 'NONE', 'NONE', 'NONE', 0
'Weight_update', 'Compute', 6.269523368480747, 6.277012826195145, 0.0074894577143988905, 'NONE', 'NONE', 'NONE', 0
'Weight_update', 'Compute', 6.277012826195145, 6.284502283909544, 0.0074894577143988905, 'NONE', 'NONE', 'NONE', 0
'Weight_update', 'Compute', 6.284502283909544, 6.291991741623942, 0.0074894577143988905, 'NONE', 'NONE', 'NONE', 0
'Weight_update', 'Compute', 6.291991741623942, 6.299481199338341, 0.0074894577143988905, 'NONE', 'NONE', 'NONE', 0
'Weight_update', 'Compute', 6.299481199338341, 6.306970657052739, 0.0074894577143988905, 'NONE', 'NONE', 'NONE', 0
'Weight_update', 'Compute', 6.306970657052739, 6.3144601147671375, 0.0074894577143988905, 'NONE', 'NONE', 'NONE', 0
'FWD_MHA', 'Compute', 6.3144601147671375, 6.339883136259598, 0.025423021492460222, 'NONE', 'NONE', 'NONE', 0
'FWD_TP_COMM_INTRA', 'Comm', 6.339883136259598, 6.33989951744182, 1.6381182222222223e-05, 0.0, 'ALLREDUCE', 'TP', 'INTRA', 8
'FWD_FFN', 'Compute', 6.33989951744182, 6.343554714410424, 0.0036551969686045324, 'NONE', 'NONE', 'NONE', 0
'FWD_TP_COMM_INTRA', 'Comm', 6.343554714410424, 6.3435710955926465, 1.6381182222222223e-05, 0.0, 'ALLREDUCE', 'TP', 'INTRA', 8
'FWD_MHA', 'Compute', 6.3435710955926465, 6.368994117085107, 0.025423021492460222, 'NONE', 'NONE', 'NONE', 0
'FWD_TP_COMM_INTRA', 'Comm', 6.368994117085107, 6.369010498267329, 1.6381182222222223e-05, 0.0, 'ALLREDUCE', 'TP', 'INTRA', 8
'FWD_FFN', 'Compute', 6.369010498267329, 6.372665695235933, 0.0036551969686045324, 'NONE', 'NONE', 'NONE', 0
'FWD_TP_COMM_INTRA', 'Comm', 6.372665695235933, 6.3726820764181555, 1.6381182222222223e-05, 0.0, 'ALLREDUCE', 'TP', 'INTRA', 8
'FWD_MHA', 'Compute', 6.3726820764181555, 6.398105097910616, 0.025423021492460222, 'NONE', 'NONE', 'NONE', 0
'FWD_TP_COMM_INTRA', 'Comm', 6.398105097910616, 6.398121479092838, 1.6381182222222223e-05, 0.0, 'ALLREDUCE', 'TP', 'INTRA', 8
'FWD_FFN', 'Compute', 6.398121479092838, 6.401776676061442, 0.0036551969686045324, 'NONE', 'NONE', 'NONE', 0
'FWD_TP_COMM_INTRA', 'Comm', 6.401776676061442, 6.4017930572436645, 1.6381182222222223e-05, 0.0, 'ALLREDUCE', 'TP', 'INTRA', 8
'FWD_MHA', 'Compute', 6.4017930572436645, 6.427216078736125, 0.025423021492460222, 'NONE', 'NONE', 'NONE', 0
'FWD_TP_COMM_INTRA', 'Comm', 6.427216078736125, 6.427232459918347, 1.6381182222222223e-05, 0.0, 'ALLREDUCE', 'TP', 'INTRA', 8
'FWD_FFN', 'Compute', 6.427232459918347, 6.430887656886951, 0.0036551969686045324, 'NONE', 'NONE', 'NONE', 0
'FWD_TP_COMM_INTRA', 'Comm', 6.430887656886951, 6.4309040380691735, 1.6381182222222223e-05, 0.0, 'ALLREDUCE', 'TP', 'INTRA', 8
'FWD_MHA', 'Compute', 6.4309040380691735, 6.456327059561634, 0.025423021492460222, 'NONE', 'NONE', 'NONE', 0
'FWD_TP_COMM_INTRA', 'Comm', 6.456327059561634, 6.456343440743856, 1.6381182222222223e-05, 0.0, 'ALLREDUCE', 'TP', 'INTRA', 8
'FWD_FFN', 'Compute', 6.456343440743856, 6.45999863771246, 0.0036551969686045324, 'NONE', 'NONE', 'NONE', 0
'FWD_TP_COMM_INTRA', 'Comm', 6.45999863771246, 6.4600150188946825, 1.6381182222222223e-05, 0.0, 'ALLREDUCE', 'TP', 'INTRA', 8
'FWD_MHA', 'Compute', 6.4600150188946825, 6.485438040387143, 0.025423021492460222, 'NONE', 'NONE', 'NONE', 0
'FWD_TP_COMM_INTRA', 'Comm', 6.485438040387143, 6.485454421569365, 1.6381182222222223e-05, 0.0, 'ALLREDUCE', 'TP', 'INTRA', 8
'FWD_FFN', 'Compute', 6.485454421569365, 6.489109618537969, 0.0036551969686045324, 'NONE', 'NONE', 'NONE', 0
'FWD_TP_COMM_INTRA', 'Comm', 6.489109618537969, 6.4891259997201916, 1.6381182222222223e-05, 0.0, 'ALLREDUCE', 'TP', 'INTRA', 8
'FWD_MHA', 'Compute', 6.4891259997201916, 6.514549021212652, 0.025423021492460222, 'NONE', 'NONE', 'NONE', 0
'FWD_TP_COMM_INTRA', 'Comm', 6.514549021212652, 6.514565402394874, 1.6381182222222223e-05, 0.0, 'ALLREDUCE', 'TP', 'INTRA', 8
'FWD_FFN', 'Compute', 6.514565402394874, 6.518220599363478, 0.0036551969686045324, 'NONE', 'NONE', 'NONE', 0
'FWD_TP_COMM_INTRA', 'Comm', 6.518220599363478, 6.5182369805457006, 1.6381182222222223e-05, 0.0, 'ALLREDUCE', 'TP', 'INTRA', 8
'FWD_MHA', 'Compute', 6.5182369805457006, 6.543660002038161, 0.025423021492460222, 'NONE', 'NONE', 'NONE', 0
'FWD_TP_COMM_INTRA', 'Comm', 6.543660002038161, 6.543676383220383, 1.6381182222222223e-05, 0.0, 'ALLREDUCE', 'TP', 'INTRA', 8
'FWD_FFN', 'Compute', 6.543676383220383, 6.547331580188987, 0.0036551969686045324, 'NONE', 'NONE', 'NONE', 0
'FWD_TP_COMM_INTRA', 'Comm', 6.547331580188987, 6.54734796137121, 1.6381182222222223e-05, 0.0, 'ALLREDUCE', 'TP', 'INTRA', 8
'FWD_MHA', 'Compute', 6.54734796137121, 6.57277098286367, 0.025423021492460222, 'NONE', 'NONE', 'NONE', 0
'FWD_TP_COMM_INTRA', 'Comm', 6.57277098286367, 6.572787364045892, 1.6381182222222223e-05, 0.0, 'ALLREDUCE', 'TP', 'INTRA', 8
'FWD_FFN', 'Compute', 6.572787364045892, 6.576442561014496, 0.0036551969686045324, 'NONE', 'NONE', 'NONE', 0
'FWD_TP_COMM_INTRA', 'Comm', 6.576442561014496, 6.576458942196719, 1.6381182222222223e-05, 0.0, 'ALLREDUCE', 'TP', 'INTRA', 8
'FWD_MHA', 'Compute', 6.576458942196719, 6.601881963689179, 0.025423021492460222, 'NONE', 'NONE', 'NONE', 0
'FWD_TP_COMM_INTRA', 'Comm', 6.601881963689179, 6.601898344871401, 1.6381182222222223e-05, 0.0, 'ALLREDUCE', 'TP', 'INTRA', 8
'FWD_FFN', 'Compute', 6.601898344871401, 6.605553541840005, 0.0036551969686045324, 'NONE', 'NONE', 'NONE', 0
'FWD_TP_COMM_INTRA', 'Comm', 6.605553541840005, 6.605569923022228, 1.6381182222222223e-05, 0.0, 'ALLREDUCE', 'TP', 'INTRA', 8
'FWD_MHA', 'Compute', 6.605569923022228, 6.630992944514688, 0.025423021492460222, 'NONE', 'NONE', 'NONE', 0
'FWD_TP_COMM_INTRA', 'Comm', 6.630992944514688, 6.63100932569691, 1.6381182222222223e-05, 0.0, 'ALLREDUCE', 'TP', 'INTRA', 8
'FWD_FFN', 'Compute', 6.63100932569691, 6.634664522665514, 0.0036551969686045324, 'NONE', 'NONE', 'NONE', 0
'FWD_TP_COMM_INTRA', 'Comm', 6.634664522665514, 6.634680903847737, 1.6381182222222223e-05, 0.0, 'ALLREDUCE', 'TP', 'INTRA', 8
'FWD_MHA', 'Compute', 6.634680903847737, 6.660103925340197, 0.025423021492460222, 'NONE', 'NONE', 'NONE', 0
'FWD_TP_COMM_INTRA', 'Comm', 6.660103925340197, 6.660120306522419, 1.6381182222222223e-05, 0.0, 'ALLREDUCE', 'TP', 'INTRA', 8
'FWD_FFN', 'Compute', 6.660120306522419, 6.663775503491023, 0.0036551969686045324, 'NONE', 'NONE', 'NONE', 0
'FWD_TP_COMM_INTRA', 'Comm', 6.663775503491023, 6.663791884673246, 1.6381182222222223e-05, 0.0, 'ALLREDUCE', 'TP', 'INTRA', 8
'FWD_PP_COMM_INTER', 'Comm', 6.663791884673246, 6.663831034218912, 3.914954566666667e-05, 0.0, 'P2P', 'PP', 'INTER', 8
'FWD_MHA', 'Compute', 6.663831034218912, 6.689254055711372, 0.025423021492460222, 'NONE', 'NONE', 'NONE', 0
'FWD_TP_COMM_INTRA', 'Comm', 6.689254055711372, 6.689270436893595, 1.6381182222222223e-05, 0.0, 'ALLREDUCE', 'TP', 'INTRA', 8
'FWD_FFN', 'Compute', 6.689270436893595, 6.692925633862199, 0.0036551969686045324, 'NONE', 'NONE', 'NONE', 0
'FWD_TP_COMM_INTRA', 'Comm', 6.692925633862199, 6.692942015044421, 1.6381182222222223e-05, 0.0, 'ALLREDUCE', 'TP', 'INTRA', 8
'FWD_MHA', 'Compute', 6.692942015044421, 6.718365036536881, 0.025423021492460222, 'NONE', 'NONE', 'NONE', 0
'FWD_TP_COMM_INTRA', 'Comm', 6.718365036536881, 6.718381417719104, 1.6381182222222223e-05, 0.0, 'ALLREDUCE', 'TP', 'INTRA', 8
'FWD_FFN', 'Compute', 6.718381417719104, 6.722036614687708, 0.0036551969686045324, 'NONE', 'NONE', 'NONE', 0
'FWD_TP_COMM_INTRA', 'Comm', 6.722036614687708, 6.72205299586993, 1.6381182222222223e-05, 0.0, 'ALLREDUCE', 'TP', 'INTRA', 8
'FWD_MHA', 'Compute', 6.72205299586993, 6.74747601736239, 0.025423021492460222, 'NONE', 'NONE', 'NONE', 0
'FWD_TP_COMM_INTRA', 'Comm', 6.74747601736239, 6.747492398544613, 1.6381182222222223e-05, 0.0, 'ALLREDUCE', 'TP', 'INTRA', 8
'FWD_FFN', 'Compute', 6.747492398544613, 6.751147595513217, 0.0036551969686045324, 'NONE', 'NONE', 'NONE', 0
'FWD_TP_COMM_INTRA', 'Comm', 6.751147595513217, 6.751163976695439, 1.6381182222222223e-05, 0.0, 'ALLREDUCE', 'TP', 'INTRA', 8
'FWD_MHA', 'Compute', 6.751163976695439, 6.7765869981878994, 0.025423021492460222, 'NONE', 'NONE', 'NONE', 0
'FWD_TP_COMM_INTRA', 'Comm', 6.7765869981878994, 6.776603379370122, 1.6381182222222223e-05, 0.0, 'ALLREDUCE', 'TP', 'INTRA', 8
'FWD_FFN', 'Compute', 6.776603379370122, 6.780258576338726, 0.0036551969686045324, 'NONE', 'NONE', 'NONE', 0
'FWD_TP_COMM_INTRA', 'Comm', 6.780258576338726, 6.780274957520948, 1.6381182222222223e-05, 0.0, 'ALLREDUCE', 'TP', 'INTRA', 8
'FWD_MHA', 'Compute', 6.780274957520948, 6.8056979790134084, 0.025423021492460222, 'NONE', 'NONE', 'NONE', 0
'FWD_TP_COMM_INTRA', 'Comm', 6.8056979790134084, 6.805714360195631, 1.6381182222222223e-05, 0.0, 'ALLREDUCE', 'TP', 'INTRA', 8
'FWD_FFN', 'Compute', 6.805714360195631, 6.809369557164235, 0.0036551969686045324, 'NONE', 'NONE', 'NONE', 0
'FWD_TP_COMM_INTRA', 'Comm', 6.809369557164235, 6.809385938346457, 1.6381182222222223e-05, 0.0, 'ALLREDUCE', 'TP', 'INTRA', 8
'FWD_MHA', 'Compute', 6.809385938346457, 6.8348089598389175, 0.025423021492460222, 'NONE', 'NONE', 'NONE', 0
'FWD_TP_COMM_INTRA', 'Comm', 6.8348089598389175, 6.83482534102114, 1.6381182222222223e-05, 0.0, 'ALLREDUCE', 'TP', 'INTRA', 8
'FWD_FFN', 'Compute', 6.83482534102114, 6.838480537989744, 0.0036551969686045324, 'NONE', 'NONE', 'NONE', 0
'FWD_TP_COMM_INTRA', 'Comm', 6.838480537989744, 6.838496919171966, 1.6381182222222223e-05, 0.0, 'ALLREDUCE', 'TP', 'INTRA', 8
'FWD_MHA', 'Compute', 6.838496919171966, 6.8639199406644265, 0.025423021492460222, 'NONE', 'NONE', 'NONE', 0
'FWD_TP_COMM_INTRA', 'Comm', 6.8639199406644265, 6.863936321846649, 1.6381182222222223e-05, 0.0, 'ALLREDUCE', 'TP', 'INTRA', 8
'FWD_FFN', 'Compute', 6.863936321846649, 6.867591518815253, 0.0036551969686045324, 'NONE', 'NONE', 'NONE', 0
'FWD_TP_COMM_INTRA', 'Comm', 6.867591518815253, 6.867607899997475, 1.6381182222222223e-05, 0.0, 'ALLREDUCE', 'TP', 'INTRA', 8
'FWD_MHA', 'Compute', 6.867607899997475, 6.8930309214899355, 0.025423021492460222, 'NONE', 'NONE', 'NONE', 0
'FWD_TP_COMM_INTRA', 'Comm', 6.8930309214899355, 6.893047302672158, 1.6381182222222223e-05, 0.0, 'ALLREDUCE', 'TP', 'INTRA', 8
'FWD_FFN', 'Compute', 6.893047302672158, 6.896702499640762, 0.0036551969686045324, 'NONE', 'NONE', 'NONE', 0
'FWD_TP_COMM_INTRA', 'Comm', 6.896702499640762, 6.896718880822984, 1.6381182222222223e-05, 0.0, 'ALLREDUCE', 'TP', 'INTRA', 8
'FWD_MHA', 'Compute', 6.896718880822984, 6.9221419023154445, 0.025423021492460222, 'NONE', 'NONE', 'NONE', 0
'FWD_TP_COMM_INTRA', 'Comm', 6.9221419023154445, 6.922158283497667, 1.6381182222222223e-05, 0.0, 'ALLREDUCE', 'TP', 'INTRA', 8
'FWD_FFN', 'Compute', 6.922158283497667, 6.925813480466271, 0.0036551969686045324, 'NONE', 'NONE', 'NONE', 0
'FWD_TP_COMM_INTRA', 'Comm', 6.925813480466271, 6.925829861648493, 1.6381182222222223e-05, 0.0, 'ALLREDUCE', 'TP', 'INTRA', 8
'FWD_MHA', 'Compute', 6.925829861648493, 6.9512528831409535, 0.025423021492460222, 'NONE', 'NONE', 'NONE', 0
'FWD_TP_COMM_INTRA', 'Comm', 6.9512528831409535, 6.951269264323176, 1.6381182222222223e-05, 0.0, 'ALLREDUCE', 'TP', 'INTRA', 8
'FWD_FFN', 'Compute', 6.951269264323176, 6.95492446129178, 0.0036551969686045324, 'NONE', 'NONE', 'NONE', 0
'FWD_TP_COMM_INTRA', 'Comm', 6.95492446129178, 6.954940842474002, 1.6381182222222223e-05, 0.0, 'ALLREDUCE', 'TP', 'INTRA', 8
'FWD_MHA', 'Compute', 6.954940842474002, 6.9803638639664625, 0.025423021492460222, 'NONE', 'NONE', 'NONE', 0
'FWD_TP_COMM_INTRA', 'Comm', 6.9803638639664625, 6.980380245148685, 1.6381182222222223e-05, 0.0, 'ALLREDUCE', 'TP', 'INTRA', 8
'FWD_FFN', 'Compute', 6.980380245148685, 6.984035442117289, 0.0036551969686045324, 'NONE', 'NONE', 'NONE', 0
'FWD_TP_COMM_INTRA', 'Comm', 6.984035442117289, 6.984051823299511, 1.6381182222222223e-05, 0.0, 'ALLREDUCE', 'TP', 'INTRA', 8
'FWD_MHA', 'Compute', 6.984051823299511, 7.0094748447919715, 0.025423021492460222, 'NONE', 'NONE', 'NONE', 0
'FWD_TP_COMM_INTRA', 'Comm', 7.0094748447919715, 7.009491225974194, 1.6381182222222223e-05, 0.0, 'ALLREDUCE', 'TP', 'INTRA', 8
'FWD_FFN', 'Compute', 7.009491225974194, 7.013146422942798, 0.0036551969686045324, 'NONE', 'NONE', 'NONE', 0
'FWD_TP_COMM_INTRA', 'Comm', 7.013146422942798, 7.01316280412502, 1.6381182222222223e-05, 0.0, 'ALLREDUCE', 'TP', 'INTRA', 8
'FWD_MHA', 'Compute', 7.01316280412502, 7.0385858256174805, 0.025423021492460222, 'NONE', 'NONE', 'NONE', 0
'FWD_TP_COMM_INTRA', 'Comm', 7.0385858256174805, 7.038602206799703, 1.6381182222222223e-05, 0.0, 'ALLREDUCE', 'TP', 'INTRA', 8
'FWD_FFN', 'Compute', 7.038602206799703, 7.042257403768307, 0.0036551969686045324, 'NONE', 'NONE', 'NONE', 0
'FWD_TP_COMM_INTRA', 'Comm', 7.042257403768307, 7.042273784950529, 1.6381182222222223e-05, 0.0, 'ALLREDUCE', 'TP', 'INTRA', 8
'FWD_MHA', 'Compute', 7.042273784950529, 7.0676968064429895, 0.025423021492460222, 'NONE', 'NONE', 'NONE', 0
'FWD_TP_COMM_INTRA', 'Comm', 7.0676968064429895, 7.067713187625212, 1.6381182222222223e-05, 0.0, 'ALLREDUCE', 'TP', 'INTRA', 8
'FWD_FFN', 'Compute', 7.067713187625212, 7.071368384593816, 0.0036551969686045324, 'NONE', 'NONE', 'NONE', 0
'FWD_TP_COMM_INTRA', 'Comm', 7.071368384593816, 7.071384765776038, 1.6381182222222223e-05, 0.0, 'ALLREDUCE', 'TP', 'INTRA', 8
'FWD_MHA', 'Compute', 7.071384765776038, 7.0968077872684985, 0.025423021492460222, 'NONE', 'NONE', 'NONE', 0
'FWD_TP_COMM_INTRA', 'Comm', 7.0968077872684985, 7.096824168450721, 1.6381182222222223e-05, 0.0, 'ALLREDUCE', 'TP', 'INTRA', 8
'FWD_FFN', 'Compute', 7.096824168450721, 7.100479365419325, 0.0036551969686045324, 'NONE', 'NONE', 'NONE', 0
'FWD_TP_COMM_INTRA', 'Comm', 7.100479365419325, 7.100495746601547, 1.6381182222222223e-05, 0.0, 'ALLREDUCE', 'TP', 'INTRA', 8
'FWD_MHA', 'Compute', 7.100495746601547, 7.1259187680940075, 0.025423021492460222, 'NONE', 'NONE', 'NONE', 0
'FWD_TP_COMM_INTRA', 'Comm', 7.1259187680940075, 7.12593514927623, 1.6381182222222223e-05, 0.0, 'ALLREDUCE', 'TP', 'INTRA', 8
'FWD_FFN', 'Compute', 7.12593514927623, 7.129590346244834, 0.0036551969686045324, 'NONE', 'NONE', 'NONE', 0
'FWD_TP_COMM_INTRA', 'Comm', 7.129590346244834, 7.129606727427056, 1.6381182222222223e-05, 0.0, 'ALLREDUCE', 'TP', 'INTRA', 8
'FWD_MHA', 'Compute', 7.129606727427056, 7.1550297489195165, 0.025423021492460222, 'NONE', 'NONE', 'NONE', 0
'FWD_TP_COMM_INTRA', 'Comm', 7.1550297489195165, 7.155046130101739, 1.6381182222222223e-05, 0.0, 'ALLREDUCE', 'TP', 'INTRA', 8
'FWD_FFN', 'Compute', 7.155046130101739, 7.158701327070343, 0.0036551969686045324, 'NONE', 'NONE', 'NONE', 0
'FWD_TP_COMM_INTRA', 'Comm', 7.158701327070343, 7.158717708252565, 1.6381182222222223e-05, 0.0, 'ALLREDUCE', 'TP', 'INTRA', 8
'FWD_MHA', 'Compute', 7.158717708252565, 7.1841407297450255, 0.025423021492460222, 'NONE', 'NONE', 'NONE', 0
'FWD_TP_COMM_INTRA', 'Comm', 7.1841407297450255, 7.184157110927248, 1.6381182222222223e-05, 0.0, 'ALLREDUCE', 'TP', 'INTRA', 8
'FWD_FFN', 'Compute', 7.184157110927248, 7.187812307895852, 0.0036551969686045324, 'NONE', 'NONE', 'NONE', 0
'FWD_TP_COMM_INTRA', 'Comm', 7.187812307895852, 7.187828689078074, 1.6381182222222223e-05, 0.0, 'ALLREDUCE', 'TP', 'INTRA', 8
'FWD_MHA', 'Compute', 7.187828689078074, 7.2132517105705345, 0.025423021492460222, 'NONE', 'NONE', 'NONE', 0
'FWD_TP_COMM_INTRA', 'Comm', 7.2132517105705345, 7.213268091752757, 1.6381182222222223e-05, 0.0, 'ALLREDUCE', 'TP', 'INTRA', 8
'FWD_FFN', 'Compute', 7.213268091752757, 7.216923288721361, 0.0036551969686045324, 'NONE', 'NONE', 'NONE', 0
'FWD_TP_COMM_INTRA', 'Comm', 7.216923288721361, 7.216939669903583, 1.6381182222222223e-05, 0.0, 'ALLREDUCE', 'TP', 'INTRA', 8
'FWD_MHA', 'Compute', 7.216939669903583, 7.2423626913960435, 0.025423021492460222, 'NONE', 'NONE', 'NONE', 0
'FWD_TP_COMM_INTRA', 'Comm', 7.2423626913960435, 7.242379072578266, 1.6381182222222223e-05, 0.0, 'ALLREDUCE', 'TP', 'INTRA', 8
'FWD_FFN', 'Compute', 7.242379072578266, 7.24603426954687, 0.0036551969686045324, 'NONE', 'NONE', 'NONE', 0
'FWD_TP_COMM_INTRA', 'Comm', 7.24603426954687, 7.246050650729092, 1.6381182222222223e-05, 0.0, 'ALLREDUCE', 'TP', 'INTRA', 8
'FWD_MHA', 'Compute', 7.246050650729092, 7.2714736722215525, 0.025423021492460222, 'NONE', 'NONE', 'NONE', 0
'FWD_TP_COMM_INTRA', 'Comm', 7.2714736722215525, 7.271490053403775, 1.6381182222222223e-05, 0.0, 'ALLREDUCE', 'TP', 'INTRA', 8
'FWD_FFN', 'Compute', 7.271490053403775, 7.275145250372379, 0.0036551969686045324, 'NONE', 'NONE', 'NONE', 0
'FWD_TP_COMM_INTRA', 'Comm', 7.275145250372379, 7.275161631554601, 1.6381182222222223e-05, 0.0, 'ALLREDUCE', 'TP', 'INTRA', 8
'FWD_MHA', 'Compute', 7.275161631554601, 7.3005846530470615, 0.025423021492460222, 'NONE', 'NONE', 'NONE', 0
'FWD_TP_COMM_INTRA', 'Comm', 7.3005846530470615, 7.300601034229284, 1.6381182222222223e-05, 0.0, 'ALLREDUCE', 'TP', 'INTRA', 8
'FWD_FFN', 'Compute', 7.300601034229284, 7.304256231197888, 0.0036551969686045324, 'NONE', 'NONE', 'NONE', 0
'FWD_TP_COMM_INTRA', 'Comm', 7.304256231197888, 7.30427261238011, 1.6381182222222223e-05, 0.0, 'ALLREDUCE', 'TP', 'INTRA', 8
'FWD_MHA', 'Compute', 7.30427261238011, 7.3296956338725705, 0.025423021492460222, 'NONE', 'NONE', 'NONE', 0
'FWD_TP_COMM_INTRA', 'Comm', 7.3296956338725705, 7.329712015054793, 1.6381182222222223e-05, 0.0, 'ALLREDUCE', 'TP', 'INTRA', 8
'FWD_FFN', 'Compute', 7.329712015054793, 7.333367212023397, 0.0036551969686045324, 'NONE', 'NONE', 'NONE', 0
'FWD_TP_COMM_INTRA', 'Comm', 7.333367212023397, 7.333383593205619, 1.6381182222222223e-05, 0.0, 'ALLREDUCE', 'TP', 'INTRA', 8
'FWD_MHA', 'Compute', 7.333383593205619, 7.3588066146980795, 0.025423021492460222, 'NONE', 'NONE', 'NONE', 0
'FWD_TP_COMM_INTRA', 'Comm', 7.3588066146980795, 7.358822995880302, 1.6381182222222223e-05, 0.0, 'ALLREDUCE', 'TP', 'INTRA', 8
'FWD_FFN', 'Compute', 7.358822995880302, 7.362478192848906, 0.0036551969686045324, 'NONE', 'NONE', 'NONE', 0
'FWD_TP_COMM_INTRA', 'Comm', 7.362478192848906, 7.362494574031128, 1.6381182222222223e-05, 0.0, 'ALLREDUCE', 'TP', 'INTRA', 8
'FWD_MHA', 'Compute', 7.362494574031128, 7.3879175955235885, 0.025423021492460222, 'NONE', 'NONE', 'NONE', 0
'FWD_TP_COMM_INTRA', 'Comm', 7.3879175955235885, 7.387933976705811, 1.6381182222222223e-05, 0.0, 'ALLREDUCE', 'TP', 'INTRA', 8
'FWD_FFN', 'Compute', 7.387933976705811, 7.391589173674415, 0.0036551969686045324, 'NONE', 'NONE', 'NONE', 0
'FWD_TP_COMM_INTRA', 'Comm', 7.391589173674415, 7.391605554856637, 1.6381182222222223e-05, 0.0, 'ALLREDUCE', 'TP', 'INTRA', 8
'FWD_MHA', 'Compute', 7.391605554856637, 7.4170285763490975, 0.025423021492460222, 'NONE', 'NONE', 'NONE', 0
'FWD_TP_COMM_INTRA', 'Comm', 7.4170285763490975, 7.41704495753132, 1.6381182222222223e-05, 0.0, 'ALLREDUCE', 'TP', 'INTRA', 8
'FWD_FFN', 'Compute', 7.41704495753132, 7.420700154499924, 0.0036551969686045324, 'NONE', 'NONE', 'NONE', 0
'FWD_TP_COMM_INTRA', 'Comm', 7.420700154499924, 7.420716535682146, 1.6381182222222223e-05, 0.0, 'ALLREDUCE', 'TP', 'INTRA', 8
'FWD_MHA', 'Compute', 7.420716535682146, 7.4461395571746065, 0.025423021492460222, 'NONE', 'NONE', 'NONE', 0
'FWD_TP_COMM_INTRA', 'Comm', 7.4461395571746065, 7.446155938356829, 1.6381182222222223e-05, 0.0, 'ALLREDUCE', 'TP', 'INTRA', 8
'FWD_FFN', 'Compute', 7.446155938356829, 7.449811135325433, 0.0036551969686045324, 'NONE', 'NONE', 'NONE', 0
'FWD_TP_COMM_INTRA', 'Comm', 7.449811135325433, 7.449827516507655, 1.6381182222222223e-05, 0.0, 'ALLREDUCE', 'TP', 'INTRA', 8
'FWD_MHA', 'Compute', 7.449827516507655, 7.4752505380001155, 0.025423021492460222, 'NONE', 'NONE', 'NONE', 0
'FWD_TP_COMM_INTRA', 'Comm', 7.4752505380001155, 7.475266919182338, 1.6381182222222223e-05, 0.0, 'ALLREDUCE', 'TP', 'INTRA', 8
'FWD_FFN', 'Compute', 7.475266919182338, 7.478922116150942, 0.0036551969686045324, 'NONE', 'NONE', 'NONE', 0
'FWD_TP_COMM_INTRA', 'Comm', 7.478922116150942, 7.478938497333164, 1.6381182222222223e-05, 0.0, 'ALLREDUCE', 'TP', 'INTRA', 8
'FWD_MHA', 'Compute', 7.478938497333164, 7.5043615188256245, 0.025423021492460222, 'NONE', 'NONE', 'NONE', 0
'FWD_TP_COMM_INTRA', 'Comm', 7.5043615188256245, 7.504377900007847, 1.6381182222222223e-05, 0.0, 'ALLREDUCE', 'TP', 'INTRA', 8
'FWD_FFN', 'Compute', 7.504377900007847, 7.508033096976451, 0.0036551969686045324, 'NONE', 'NONE', 'NONE', 0
'FWD_TP_COMM_INTRA', 'Comm', 7.508033096976451, 7.508049478158673, 1.6381182222222223e-05, 0.0, 'ALLREDUCE', 'TP', 'INTRA', 8
'FWD_MHA', 'Compute', 7.508049478158673, 7.5334724996511335, 0.025423021492460222, 'NONE', 'NONE', 'NONE', 0
'FWD_TP_COMM_INTRA', 'Comm', 7.5334724996511335, 7.533488880833356, 1.6381182222222223e-05, 0.0, 'ALLREDUCE', 'TP', 'INTRA', 8
'FWD_FFN', 'Compute', 7.533488880833356, 7.53714407780196, 0.0036551969686045324, 'NONE', 'NONE', 'NONE', 0
'FWD_TP_COMM_INTRA', 'Comm', 7.53714407780196, 7.537160458984182, 1.6381182222222223e-05, 0.0, 'ALLREDUCE', 'TP', 'INTRA', 8
'FWD_MHA', 'Compute', 7.537160458984182, 7.5625834804766425, 0.025423021492460222, 'NONE', 'NONE', 'NONE', 0
'FWD_TP_COMM_INTRA', 'Comm', 7.5625834804766425, 7.562599861658865, 1.6381182222222223e-05, 0.0, 'ALLREDUCE', 'TP', 'INTRA', 8
'FWD_FFN', 'Compute', 7.562599861658865, 7.566255058627469, 0.0036551969686045324, 'NONE', 'NONE', 'NONE', 0
'FWD_TP_COMM_INTRA', 'Comm', 7.566255058627469, 7.566271439809691, 1.6381182222222223e-05, 0.0, 'ALLREDUCE', 'TP', 'INTRA', 8
'FWD_MHA', 'Compute', 7.566271439809691, 7.5916944613021515, 0.025423021492460222, 'NONE', 'NONE', 'NONE', 0
'FWD_TP_COMM_INTRA', 'Comm', 7.5916944613021515, 7.591710842484374, 1.6381182222222223e-05, 0.0, 'ALLREDUCE', 'TP', 'INTRA', 8
'FWD_FFN', 'Compute', 7.591710842484374, 7.595366039452978, 0.0036551969686045324, 'NONE', 'NONE', 'NONE', 0
'FWD_TP_COMM_INTRA', 'Comm', 7.595366039452978, 7.5953824206352, 1.6381182222222223e-05, 0.0, 'ALLREDUCE', 'TP', 'INTRA', 8
'FWD_MHA', 'Compute', 7.5953824206352, 7.6208054421276605, 0.025423021492460222, 'NONE', 'NONE', 'NONE', 0
'FWD_TP_COMM_INTRA', 'Comm', 7.6208054421276605, 7.620821823309883, 1.6381182222222223e-05, 0.0, 'ALLREDUCE', 'TP', 'INTRA', 8
'FWD_FFN', 'Compute', 7.620821823309883, 7.624477020278487, 0.0036551969686045324, 'NONE', 'NONE', 'NONE', 0
'FWD_TP_COMM_INTRA', 'Comm', 7.624477020278487, 7.624493401460709, 1.6381182222222223e-05, 0.0, 'ALLREDUCE', 'TP', 'INTRA', 8
'FWD_MHA', 'Compute', 7.624493401460709, 7.6499164229531695, 0.025423021492460222, 'NONE', 'NONE', 'NONE', 0
'FWD_TP_COMM_INTRA', 'Comm', 7.6499164229531695, 7.649932804135392, 1.6381182222222223e-05, 0.0, 'ALLREDUCE', 'TP', 'INTRA', 8
'FWD_FFN', 'Compute', 7.649932804135392, 7.653588001103996, 0.0036551969686045324, 'NONE', 'NONE', 'NONE', 0
'FWD_TP_COMM_INTRA', 'Comm', 7.653588001103996, 7.653604382286218, 1.6381182222222223e-05, 0.0, 'ALLREDUCE', 'TP', 'INTRA', 8
'FWD_MHA', 'Compute', 7.653604382286218, 7.6790274037786785, 0.025423021492460222, 'NONE', 'NONE', 'NONE', 0
'FWD_TP_COMM_INTRA', 'Comm', 7.6790274037786785, 7.679043784960901, 1.6381182222222223e-05, 0.0, 'ALLREDUCE', 'TP', 'INTRA', 8
'FWD_FFN', 'Compute', 7.679043784960901, 7.682698981929505, 0.0036551969686045324, 'NONE', 'NONE', 'NONE', 0
'FWD_TP_COMM_INTRA', 'Comm', 7.682698981929505, 7.682715363111727, 1.6381182222222223e-05, 0.0, 'ALLREDUCE', 'TP', 'INTRA', 8
'FWD_MHA', 'Compute', 7.682715363111727, 7.7081383846041875, 0.025423021492460222, 'NONE', 'NONE', 'NONE', 0
'FWD_TP_COMM_INTRA', 'Comm', 7.7081383846041875, 7.70815476578641, 1.6381182222222223e-05, 0.0, 'ALLREDUCE', 'TP', 'INTRA', 8
'FWD_FFN', 'Compute', 7.70815476578641, 7.711809962755014, 0.0036551969686045324, 'NONE', 'NONE', 'NONE', 0
'FWD_TP_COMM_INTRA', 'Comm', 7.711809962755014, 7.711826343937236, 1.6381182222222223e-05, 0.0, 'ALLREDUCE', 'TP', 'INTRA', 8
'FWD_MHA', 'Compute', 7.711826343937236, 7.7372493654296965, 0.025423021492460222, 'NONE', 'NONE', 'NONE', 0
'FWD_TP_COMM_INTRA', 'Comm', 7.7372493654296965, 7.737265746611919, 1.6381182222222223e-05, 0.0, 'ALLREDUCE', 'TP', 'INTRA', 8
'FWD_FFN', 'Compute', 7.737265746611919, 7.740920943580523, 0.0036551969686045324, 'NONE', 'NONE', 'NONE', 0
'FWD_TP_COMM_INTRA', 'Comm', 7.740920943580523, 7.740937324762745, 1.6381182222222223e-05, 0.0, 'ALLREDUCE', 'TP', 'INTRA', 8
'FWD_MHA', 'Compute', 7.740937324762745, 7.7663603462552055, 0.025423021492460222, 'NONE', 'NONE', 'NONE', 0
'FWD_TP_COMM_INTRA', 'Comm', 7.7663603462552055, 7.766376727437428, 1.6381182222222223e-05, 0.0, 'ALLREDUCE', 'TP', 'INTRA', 8
'FWD_FFN', 'Compute', 7.766376727437428, 7.770031924406032, 0.0036551969686045324, 'NONE', 'NONE', 'NONE', 0
'FWD_TP_COMM_INTRA', 'Comm', 7.770031924406032, 7.770048305588254, 1.6381182222222223e-05, 0.0, 'ALLREDUCE', 'TP', 'INTRA', 8
'FWD_MHA', 'Compute', 7.770048305588254, 7.7954713270807146, 0.025423021492460222, 'NONE', 'NONE', 'NONE', 0
'FWD_TP_COMM_INTRA', 'Comm', 7.7954713270807146, 7.795487708262937, 1.6381182222222223e-05, 0.0, 'ALLREDUCE', 'TP', 'INTRA', 8
'FWD_FFN', 'Compute', 7.795487708262937, 7.799142905231541, 0.0036551969686045324, 'NONE', 'NONE', 'NONE', 0
'FWD_TP_COMM_INTRA', 'Comm', 7.799142905231541, 7.799159286413763, 1.6381182222222223e-05, 0.0, 'ALLREDUCE', 'TP', 'INTRA', 8
'FWD_MHA', 'Compute', 7.799159286413763, 7.8245823079062236, 0.025423021492460222, 'NONE', 'NONE', 'NONE', 0
'FWD_TP_COMM_INTRA', 'Comm', 7.8245823079062236, 7.824598689088446, 1.6381182222222223e-05, 0.0, 'ALLREDUCE', 'TP', 'INTRA', 8
'FWD_FFN', 'Compute', 7.824598689088446, 7.82825388605705, 0.0036551969686045324, 'NONE', 'NONE', 'NONE', 0
'FWD_TP_COMM_INTRA', 'Comm', 7.82825388605705, 7.828270267239272, 1.6381182222222223e-05, 0.0, 'ALLREDUCE', 'TP', 'INTRA', 8
'FWD_MHA', 'Compute', 7.828270267239272, 7.853693288731733, 0.025423021492460222, 'NONE', 'NONE', 'NONE', 0
'FWD_TP_COMM_INTRA', 'Comm', 7.853693288731733, 7.853709669913955, 1.6381182222222223e-05, 0.0, 'ALLREDUCE', 'TP', 'INTRA', 8
'FWD_FFN', 'Compute', 7.853709669913955, 7.857364866882559, 0.0036551969686045324, 'NONE', 'NONE', 'NONE', 0
'FWD_TP_COMM_INTRA', 'Comm', 7.857364866882559, 7.857381248064781, 1.6381182222222223e-05, 0.0, 'ALLREDUCE', 'TP', 'INTRA', 8
'FWD_MHA', 'Compute', 7.857381248064781, 7.882804269557242, 0.025423021492460222, 'NONE', 'NONE', 'NONE', 0
'FWD_TP_COMM_INTRA', 'Comm', 7.882804269557242, 7.882820650739464, 1.6381182222222223e-05, 0.0, 'ALLREDUCE', 'TP', 'INTRA', 8
'FWD_FFN', 'Compute', 7.882820650739464, 7.886475847708068, 0.0036551969686045324, 'NONE', 'NONE', 'NONE', 0
'FWD_TP_COMM_INTRA', 'Comm', 7.886475847708068, 7.88649222889029, 1.6381182222222223e-05, 0.0, 'ALLREDUCE', 'TP', 'INTRA', 8
'FWD_MHA', 'Compute', 7.88649222889029, 7.911915250382751, 0.025423021492460222, 'NONE', 'NONE', 'NONE', 0
'FWD_TP_COMM_INTRA', 'Comm', 7.911915250382751, 7.911931631564973, 1.6381182222222223e-05, 0.0, 'ALLREDUCE', 'TP', 'INTRA', 8
'FWD_FFN', 'Compute', 7.911931631564973, 7.915586828533577, 0.0036551969686045324, 'NONE', 'NONE', 'NONE', 0
'FWD_TP_COMM_INTRA', 'Comm', 7.915586828533577, 7.915603209715799, 1.6381182222222223e-05, 0.0, 'ALLREDUCE', 'TP', 'INTRA', 8
'FWD_MHA', 'Compute', 7.915603209715799, 7.94102623120826, 0.025423021492460222, 'NONE', 'NONE', 'NONE', 0
'FWD_TP_COMM_INTRA', 'Comm', 7.94102623120826, 7.941042612390482, 1.6381182222222223e-05, 0.0, 'ALLREDUCE', 'TP', 'INTRA', 8
'FWD_FFN', 'Compute', 7.941042612390482, 7.944697809359086, 0.0036551969686045324, 'NONE', 'NONE', 'NONE', 0
'FWD_TP_COMM_INTRA', 'Comm', 7.944697809359086, 7.944714190541308, 1.6381182222222223e-05, 0.0, 'ALLREDUCE', 'TP', 'INTRA', 8
'FWD_MHA', 'Compute', 7.944714190541308, 7.970137212033769, 0.025423021492460222, 'NONE', 'NONE', 'NONE', 0
'FWD_TP_COMM_INTRA', 'Comm', 7.970137212033769, 7.970153593215991, 1.6381182222222223e-05, 0.0, 'ALLREDUCE', 'TP', 'INTRA', 8
'FWD_FFN', 'Compute', 7.970153593215991, 7.973808790184595, 0.0036551969686045324, 'NONE', 'NONE', 'NONE', 0
'FWD_TP_COMM_INTRA', 'Comm', 7.973808790184595, 7.973825171366817, 1.6381182222222223e-05, 0.0, 'ALLREDUCE', 'TP', 'INTRA', 8
'FWD_MHA', 'Compute', 7.973825171366817, 7.999248192859278, 0.025423021492460222, 'NONE', 'NONE', 'NONE', 0
'FWD_TP_COMM_INTRA', 'Comm', 7.999248192859278, 7.9992645740415, 1.6381182222222223e-05, 0.0, 'ALLREDUCE', 'TP', 'INTRA', 8
'FWD_FFN', 'Compute', 7.9992645740415, 8.002919771010104, 0.0036551969686045324, 'NONE', 'NONE', 'NONE', 0
'FWD_TP_COMM_INTRA', 'Comm', 8.002919771010104, 8.002936152192326, 1.6381182222222223e-05, 0.0, 'ALLREDUCE', 'TP', 'INTRA', 8
'FWD_MHA', 'Compute', 8.002936152192326, 8.028359173684786, 0.025423021492460222, 'NONE', 'NONE', 'NONE', 0
'FWD_TP_COMM_INTRA', 'Comm', 8.028359173684786, 8.028375554867008, 1.6381182222222223e-05, 0.0, 'ALLREDUCE', 'TP', 'INTRA', 8
'FWD_FFN', 'Compute', 8.028375554867008, 8.032030751835613, 0.0036551969686045324, 'NONE', 'NONE', 'NONE', 0
'FWD_TP_COMM_INTRA', 'Comm', 8.032030751835613, 8.032047133017835, 1.6381182222222223e-05, 0.0, 'ALLREDUCE', 'TP', 'INTRA', 8
'FWD_MHA', 'Compute', 8.032047133017835, 8.057470154510295, 0.025423021492460222, 'NONE', 'NONE', 'NONE', 0
'FWD_TP_COMM_INTRA', 'Comm', 8.057470154510295, 8.057486535692517, 1.6381182222222223e-05, 0.0, 'ALLREDUCE', 'TP', 'INTRA', 8
'FWD_FFN', 'Compute', 8.057486535692517, 8.061141732661122, 0.0036551969686045324, 'NONE', 'NONE', 'NONE', 0
'FWD_TP_COMM_INTRA', 'Comm', 8.061141732661122, 8.061158113843344, 1.6381182222222223e-05, 0.0, 'ALLREDUCE', 'TP', 'INTRA', 8
'FWD_MHA', 'Compute', 8.061158113843344, 8.086581135335804, 0.025423021492460222, 'NONE', 'NONE', 'NONE', 0
'FWD_TP_COMM_INTRA', 'Comm', 8.086581135335804, 8.086597516518026, 1.6381182222222223e-05, 0.0, 'ALLREDUCE', 'TP', 'INTRA', 8
'FWD_FFN', 'Compute', 8.086597516518026, 8.090252713486631, 0.0036551969686045324, 'NONE', 'NONE', 'NONE', 0
'FWD_TP_COMM_INTRA', 'Comm', 8.090252713486631, 8.090269094668853, 1.6381182222222223e-05, 0.0, 'ALLREDUCE', 'TP', 'INTRA', 8
'FWD_MHA', 'Compute', 8.090269094668853, 8.115692116161313, 0.025423021492460222, 'NONE', 'NONE', 'NONE', 0
'FWD_TP_COMM_INTRA', 'Comm', 8.115692116161313, 8.115708497343535, 1.6381182222222223e-05, 0.0, 'ALLREDUCE', 'TP', 'INTRA', 8
'FWD_FFN', 'Compute', 8.115708497343535, 8.11936369431214, 0.0036551969686045324, 'NONE', 'NONE', 'NONE', 0
'FWD_TP_COMM_INTRA', 'Comm', 8.11936369431214, 8.119380075494362, 1.6381182222222223e-05, 0.0, 'ALLREDUCE', 'TP', 'INTRA', 8
'FWD_MHA', 'Compute', 8.119380075494362, 8.144803096986822, 0.025423021492460222, 'NONE', 'NONE', 'NONE', 0
'FWD_TP_COMM_INTRA', 'Comm', 8.144803096986822, 8.144819478169044, 1.6381182222222223e-05, 0.0, 'ALLREDUCE', 'TP', 'INTRA', 8
'FWD_FFN', 'Compute', 8.144819478169044, 8.14847467513765, 0.0036551969686045324, 'NONE', 'NONE', 'NONE', 0
'FWD_TP_COMM_INTRA', 'Comm', 8.14847467513765, 8.148491056319871, 1.6381182222222223e-05, 0.0, 'ALLREDUCE', 'TP', 'INTRA', 8
'FWD_MHA', 'Compute', 8.148491056319871, 8.17391407781233, 0.025423021492460222, 'NONE', 'NONE', 'NONE', 0
'FWD_TP_COMM_INTRA', 'Comm', 8.17391407781233, 8.173930458994553, 1.6381182222222223e-05, 0.0, 'ALLREDUCE', 'TP', 'INTRA', 8
'FWD_FFN', 'Compute', 8.173930458994553, 8.177585655963158, 0.0036551969686045324, 'NONE', 'NONE', 'NONE', 0
'FWD_TP_COMM_INTRA', 'Comm', 8.177585655963158, 8.17760203714538, 1.6381182222222223e-05, 0.0, 'ALLREDUCE', 'TP', 'INTRA', 8
'FWD_MHA', 'Compute', 8.17760203714538, 8.20302505863784, 0.025423021492460222, 'NONE', 'NONE', 'NONE', 0
'FWD_TP_COMM_INTRA', 'Comm', 8.20302505863784, 8.203041439820062, 1.6381182222222223e-05, 0.0, 'ALLREDUCE', 'TP', 'INTRA', 8
'FWD_FFN', 'Compute', 8.203041439820062, 8.206696636788667, 0.0036551969686045324, 'NONE', 'NONE', 'NONE', 0
'FWD_TP_COMM_INTRA', 'Comm', 8.206696636788667, 8.20671301797089, 1.6381182222222223e-05, 0.0, 'ALLREDUCE', 'TP', 'INTRA', 8
'FWD_MHA', 'Compute', 8.20671301797089, 8.232136039463349, 0.025423021492460222, 'NONE', 'NONE', 'NONE', 0
'FWD_TP_COMM_INTRA', 'Comm', 8.232136039463349, 8.232152420645571, 1.6381182222222223e-05, 0.0, 'ALLREDUCE', 'TP', 'INTRA', 8
'FWD_FFN', 'Compute', 8.232152420645571, 8.235807617614176, 0.0036551969686045324, 'NONE', 'NONE', 'NONE', 0
'FWD_TP_COMM_INTRA', 'Comm', 8.235807617614176, 8.235823998796398, 1.6381182222222223e-05, 0.0, 'ALLREDUCE', 'TP', 'INTRA', 8
'FWD_MHA', 'Compute', 8.235823998796398, 8.261247020288858, 0.025423021492460222, 'NONE', 'NONE', 'NONE', 0
'FWD_TP_COMM_INTRA', 'Comm', 8.261247020288858, 8.26126340147108, 1.6381182222222223e-05, 0.0, 'ALLREDUCE', 'TP', 'INTRA', 8
'FWD_FFN', 'Compute', 8.26126340147108, 8.264918598439685, 0.0036551969686045324, 'NONE', 'NONE', 'NONE', 0
'FWD_TP_COMM_INTRA', 'Comm', 8.264918598439685, 8.264934979621907, 1.6381182222222223e-05, 0.0, 'ALLREDUCE', 'TP', 'INTRA', 8
'FWD_MHA', 'Compute', 8.264934979621907, 8.290358001114367, 0.025423021492460222, 'NONE', 'NONE', 'NONE', 0
'FWD_TP_COMM_INTRA', 'Comm', 8.290358001114367, 8.290374382296589, 1.6381182222222223e-05, 0.0, 'ALLREDUCE', 'TP', 'INTRA', 8
'FWD_FFN', 'Compute', 8.290374382296589, 8.294029579265194, 0.0036551969686045324, 'NONE', 'NONE', 'NONE', 0
'FWD_TP_COMM_INTRA', 'Comm', 8.294029579265194, 8.294045960447416, 1.6381182222222223e-05, 0.0, 'ALLREDUCE', 'TP', 'INTRA', 8
'FWD_MHA', 'Compute', 8.294045960447416, 8.319468981939876, 0.025423021492460222, 'NONE', 'NONE', 'NONE', 0
'FWD_TP_COMM_INTRA', 'Comm', 8.319468981939876, 8.319485363122098, 1.6381182222222223e-05, 0.0, 'ALLREDUCE', 'TP', 'INTRA', 8
'FWD_FFN', 'Compute', 8.319485363122098, 8.323140560090703, 0.0036551969686045324, 'NONE', 'NONE', 'NONE', 0
'FWD_TP_COMM_INTRA', 'Comm', 8.323140560090703, 8.323156941272925, 1.6381182222222223e-05, 0.0, 'ALLREDUCE', 'TP', 'INTRA', 8
'FWD_MHA', 'Compute', 8.323156941272925, 8.348579962765385, 0.025423021492460222, 'NONE', 'NONE', 'NONE', 0
'FWD_TP_COMM_INTRA', 'Comm', 8.348579962765385, 8.348596343947607, 1.6381182222222223e-05, 0.0, 'ALLREDUCE', 'TP', 'INTRA', 8
'FWD_FFN', 'Compute', 8.348596343947607, 8.352251540916212, 0.0036551969686045324, 'NONE', 'NONE', 'NONE', 0
'FWD_TP_COMM_INTRA', 'Comm', 8.352251540916212, 8.352267922098434, 1.6381182222222223e-05, 0.0, 'ALLREDUCE', 'TP', 'INTRA', 8
'FWD_MHA', 'Compute', 8.352267922098434, 8.377690943590894, 0.025423021492460222, 'NONE', 'NONE', 'NONE', 0
'FWD_TP_COMM_INTRA', 'Comm', 8.377690943590894, 8.377707324773116, 1.6381182222222223e-05, 0.0, 'ALLREDUCE', 'TP', 'INTRA', 8
'FWD_FFN', 'Compute', 8.377707324773116, 8.381362521741721, 0.0036551969686045324, 'NONE', 'NONE', 'NONE', 0
'FWD_TP_COMM_INTRA', 'Comm', 8.381362521741721, 8.381378902923943, 1.6381182222222223e-05, 0.0, 'ALLREDUCE', 'TP', 'INTRA', 8
'FWD_MHA', 'Compute', 8.381378902923943, 8.406801924416403, 0.025423021492460222, 'NONE', 'NONE', 'NONE', 0
'FWD_TP_COMM_INTRA', 'Comm', 8.406801924416403, 8.406818305598625, 1.6381182222222223e-05, 0.0, 'ALLREDUCE', 'TP', 'INTRA', 8
'FWD_FFN', 'Compute', 8.406818305598625, 8.41047350256723, 0.0036551969686045324, 'NONE', 'NONE', 'NONE', 0
'FWD_TP_COMM_INTRA', 'Comm', 8.41047350256723, 8.410489883749452, 1.6381182222222223e-05, 0.0, 'ALLREDUCE', 'TP', 'INTRA', 8
'FWD_MHA', 'Compute', 8.410489883749452, 8.435912905241912, 0.025423021492460222, 'NONE', 'NONE', 'NONE', 0
'FWD_TP_COMM_INTRA', 'Comm', 8.435912905241912, 8.435929286424134, 1.6381182222222223e-05, 0.0, 'ALLREDUCE', 'TP', 'INTRA', 8
'FWD_FFN', 'Compute', 8.435929286424134, 8.43958448339274, 0.0036551969686045324, 'NONE', 'NONE', 'NONE', 0
'FWD_TP_COMM_INTRA', 'Comm', 8.43958448339274, 8.439600864574961, 1.6381182222222223e-05, 0.0, 'ALLREDUCE', 'TP', 'INTRA', 8
'FWD_MHA', 'Compute', 8.439600864574961, 8.46502388606742, 0.025423021492460222, 'NONE', 'NONE', 'NONE', 0
'FWD_TP_COMM_INTRA', 'Comm', 8.46502388606742, 8.465040267249643, 1.6381182222222223e-05, 0.0, 'ALLREDUCE', 'TP', 'INTRA', 8
'FWD_FFN', 'Compute', 8.465040267249643, 8.468695464218248, 0.0036551969686045324, 'NONE', 'NONE', 'NONE', 0
'FWD_TP_COMM_INTRA', 'Comm', 8.468695464218248, 8.46871184540047, 1.6381182222222223e-05, 0.0, 'ALLREDUCE', 'TP', 'INTRA', 8
'FWD_MHA', 'Compute', 8.46871184540047, 8.49413486689293, 0.025423021492460222, 'NONE', 'NONE', 'NONE', 0
'FWD_TP_COMM_INTRA', 'Comm', 8.49413486689293, 8.494151248075152, 1.6381182222222223e-05, 0.0, 'ALLREDUCE', 'TP', 'INTRA', 8
'FWD_FFN', 'Compute', 8.494151248075152, 8.497806445043757, 0.0036551969686045324, 'NONE', 'NONE', 'NONE', 0
'FWD_TP_COMM_INTRA', 'Comm', 8.497806445043757, 8.49782282622598, 1.6381182222222223e-05, 0.0, 'ALLREDUCE', 'TP', 'INTRA', 8
'FWD_MHA', 'Compute', 8.49782282622598, 8.523245847718439, 0.025423021492460222, 'NONE', 'NONE', 'NONE', 0
'FWD_TP_COMM_INTRA', 'Comm', 8.523245847718439, 8.523262228900661, 1.6381182222222223e-05, 0.0, 'ALLREDUCE', 'TP', 'INTRA', 8
'FWD_FFN', 'Compute', 8.523262228900661, 8.526917425869266, 0.0036551969686045324, 'NONE', 'NONE', 'NONE', 0
'FWD_TP_COMM_INTRA', 'Comm', 8.526917425869266, 8.526933807051488, 1.6381182222222223e-05, 0.0, 'ALLREDUCE', 'TP', 'INTRA', 8
'FWD_MHA', 'Compute', 8.526933807051488, 8.552356828543948, 0.025423021492460222, 'NONE', 'NONE', 'NONE', 0
'FWD_TP_COMM_INTRA', 'Comm', 8.552356828543948, 8.55237320972617, 1.6381182222222223e-05, 0.0, 'ALLREDUCE', 'TP', 'INTRA', 8
'FWD_FFN', 'Compute', 8.55237320972617, 8.556028406694775, 0.0036551969686045324, 'NONE', 'NONE', 'NONE', 0
'FWD_TP_COMM_INTRA', 'Comm', 8.556028406694775, 8.556044787876997, 1.6381182222222223e-05, 0.0, 'ALLREDUCE', 'TP', 'INTRA', 8
'FWD_MHA', 'Compute', 8.556044787876997, 8.581467809369457, 0.025423021492460222, 'NONE', 'NONE', 'NONE', 0
'FWD_TP_COMM_INTRA', 'Comm', 8.581467809369457, 8.581484190551679, 1.6381182222222223e-05, 0.0, 'ALLREDUCE', 'TP', 'INTRA', 8
'FWD_FFN', 'Compute', 8.581484190551679, 8.585139387520284, 0.0036551969686045324, 'NONE', 'NONE', 'NONE', 0
'FWD_TP_COMM_INTRA', 'Comm', 8.585139387520284, 8.585155768702506, 1.6381182222222223e-05, 0.0, 'ALLREDUCE', 'TP', 'INTRA', 8
'FWD_MHA', 'Compute', 8.585155768702506, 8.610578790194966, 0.025423021492460222, 'NONE', 'NONE', 'NONE', 0
'FWD_TP_COMM_INTRA', 'Comm', 8.610578790194966, 8.610595171377188, 1.6381182222222223e-05, 0.0, 'ALLREDUCE', 'TP', 'INTRA', 8
'FWD_FFN', 'Compute', 8.610595171377188, 8.614250368345793, 0.0036551969686045324, 'NONE', 'NONE', 'NONE', 0
'FWD_TP_COMM_INTRA', 'Comm', 8.614250368345793, 8.614266749528015, 1.6381182222222223e-05, 0.0, 'ALLREDUCE', 'TP', 'INTRA', 8
'FWD_MHA', 'Compute', 8.614266749528015, 8.639689771020475, 0.025423021492460222, 'NONE', 'NONE', 'NONE', 0
'FWD_TP_COMM_INTRA', 'Comm', 8.639689771020475, 8.639706152202697, 1.6381182222222223e-05, 0.0, 'ALLREDUCE', 'TP', 'INTRA', 8
'FWD_FFN', 'Compute', 8.639706152202697, 8.643361349171302, 0.0036551969686045324, 'NONE', 'NONE', 'NONE', 0
'FWD_TP_COMM_INTRA', 'Comm', 8.643361349171302, 8.643377730353524, 1.6381182222222223e-05, 0.0, 'ALLREDUCE', 'TP', 'INTRA', 8
'FWD_MHA', 'Compute', 8.643377730353524, 8.668800751845984, 0.025423021492460222, 'NONE', 'NONE', 'NONE', 0
'FWD_TP_COMM_INTRA', 'Comm', 8.668800751845984, 8.668817133028206, 1.6381182222222223e-05, 0.0, 'ALLREDUCE', 'TP', 'INTRA', 8
'FWD_FFN', 'Compute', 8.668817133028206, 8.672472329996811, 0.0036551969686045324, 'NONE', 'NONE', 'NONE', 0
'FWD_TP_COMM_INTRA', 'Comm', 8.672472329996811, 8.672488711179033, 1.6381182222222223e-05, 0.0, 'ALLREDUCE', 'TP', 'INTRA', 8
'FWD_MHA', 'Compute', 8.672488711179033, 8.697911732671493, 0.025423021492460222, 'NONE', 'NONE', 'NONE', 0
'FWD_TP_COMM_INTRA', 'Comm', 8.697911732671493, 8.697928113853715, 1.6381182222222223e-05, 0.0, 'ALLREDUCE', 'TP', 'INTRA', 8
'FWD_FFN', 'Compute', 8.697928113853715, 8.70158331082232, 0.0036551969686045324, 'NONE', 'NONE', 'NONE', 0
'FWD_TP_COMM_INTRA', 'Comm', 8.70158331082232, 8.701599692004542, 1.6381182222222223e-05, 0.0, 'ALLREDUCE', 'TP', 'INTRA', 8
'FWD_MHA', 'Compute', 8.701599692004542, 8.727022713497002, 0.025423021492460222, 'NONE', 'NONE', 'NONE', 0
'FWD_TP_COMM_INTRA', 'Comm', 8.727022713497002, 8.727039094679224, 1.6381182222222223e-05, 0.0, 'ALLREDUCE', 'TP', 'INTRA', 8
'FWD_FFN', 'Compute', 8.727039094679224, 8.73069429164783, 0.0036551969686045324, 'NONE', 'NONE', 'NONE', 0
'FWD_TP_COMM_INTRA', 'Comm', 8.73069429164783, 8.730710672830051, 1.6381182222222223e-05, 0.0, 'ALLREDUCE', 'TP', 'INTRA', 8
'FWD_MHA', 'Compute', 8.730710672830051, 8.75613369432251, 0.025423021492460222, 'NONE', 'NONE', 'NONE', 0
'FWD_TP_COMM_INTRA', 'Comm', 8.75613369432251, 8.756150075504733, 1.6381182222222223e-05, 0.0, 'ALLREDUCE', 'TP', 'INTRA', 8
'FWD_FFN', 'Compute', 8.756150075504733, 8.759805272473338, 0.0036551969686045324, 'NONE', 'NONE', 'NONE', 0
'FWD_TP_COMM_INTRA', 'Comm', 8.759805272473338, 8.75982165365556, 1.6381182222222223e-05, 0.0, 'ALLREDUCE', 'TP', 'INTRA', 8
'FWD_MHA', 'Compute', 8.75982165365556, 8.78524467514802, 0.025423021492460222, 'NONE', 'NONE', 'NONE', 0
'FWD_TP_COMM_INTRA', 'Comm', 8.78524467514802, 8.785261056330242, 1.6381182222222223e-05, 0.0, 'ALLREDUCE', 'TP', 'INTRA', 8
'FWD_FFN', 'Compute', 8.785261056330242, 8.788916253298847, 0.0036551969686045324, 'NONE', 'NONE', 'NONE', 0
'FWD_TP_COMM_INTRA', 'Comm', 8.788916253298847, 8.78893263448107, 1.6381182222222223e-05, 0.0, 'ALLREDUCE', 'TP', 'INTRA', 8
'FWD_MHA', 'Compute', 8.78893263448107, 8.814355655973529, 0.025423021492460222, 'NONE', 'NONE', 'NONE', 0
'FWD_TP_COMM_INTRA', 'Comm', 8.814355655973529, 8.814372037155751, 1.6381182222222223e-05, 0.0, 'ALLREDUCE', 'TP', 'INTRA', 8
'FWD_FFN', 'Compute', 8.814372037155751, 8.818027234124356, 0.0036551969686045324, 'NONE', 'NONE', 'NONE', 0
'FWD_TP_COMM_INTRA', 'Comm', 8.818027234124356, 8.818043615306578, 1.6381182222222223e-05, 0.0, 'ALLREDUCE', 'TP', 'INTRA', 8
'FWD_MHA', 'Compute', 8.818043615306578, 8.843466636799038, 0.025423021492460222, 'NONE', 'NONE', 'NONE', 0
'FWD_TP_COMM_INTRA', 'Comm', 8.843466636799038, 8.84348301798126, 1.6381182222222223e-05, 0.0, 'ALLREDUCE', 'TP', 'INTRA', 8
'FWD_FFN', 'Compute', 8.84348301798126, 8.847138214949865, 0.0036551969686045324, 'NONE', 'NONE', 'NONE', 0
'FWD_TP_COMM_INTRA', 'Comm', 8.847138214949865, 8.847154596132087, 1.6381182222222223e-05, 0.0, 'ALLREDUCE', 'TP', 'INTRA', 8
'FWD_MHA', 'Compute', 8.847154596132087, 8.872577617624547, 0.025423021492460222, 'NONE', 'NONE', 'NONE', 0
'FWD_TP_COMM_INTRA', 'Comm', 8.872577617624547, 8.872593998806769, 1.6381182222222223e-05, 0.0, 'ALLREDUCE', 'TP', 'INTRA', 8
'FWD_FFN', 'Compute', 8.872593998806769, 8.876249195775374, 0.0036551969686045324, 'NONE', 'NONE', 'NONE', 0
'FWD_TP_COMM_INTRA', 'Comm', 8.876249195775374, 8.876265576957596, 1.6381182222222223e-05, 0.0, 'ALLREDUCE', 'TP', 'INTRA', 8
'FWD_MHA', 'Compute', 8.876265576957596, 8.901688598450056, 0.025423021492460222, 'NONE', 'NONE', 'NONE', 0
'FWD_TP_COMM_INTRA', 'Comm', 8.901688598450056, 8.901704979632278, 1.6381182222222223e-05, 0.0, 'ALLREDUCE', 'TP', 'INTRA', 8
'FWD_FFN', 'Compute', 8.901704979632278, 8.905360176600883, 0.0036551969686045324, 'NONE', 'NONE', 'NONE', 0
'FWD_TP_COMM_INTRA', 'Comm', 8.905360176600883, 8.905376557783105, 1.6381182222222223e-05, 0.0, 'ALLREDUCE', 'TP', 'INTRA', 8
'FWD_MHA', 'Compute', 8.905376557783105, 8.930799579275565, 0.025423021492460222, 'NONE', 'NONE', 'NONE', 0
'FWD_TP_COMM_INTRA', 'Comm', 8.930799579275565, 8.930815960457787, 1.6381182222222223e-05, 0.0, 'ALLREDUCE', 'TP', 'INTRA', 8
'FWD_FFN', 'Compute', 8.930815960457787, 8.934471157426392, 0.0036551969686045324, 'NONE', 'NONE', 'NONE', 0
'FWD_TP_COMM_INTRA', 'Comm', 8.934471157426392, 8.934487538608614, 1.6381182222222223e-05, 0.0, 'ALLREDUCE', 'TP', 'INTRA', 8
'FWD_MHA', 'Compute', 8.934487538608614, 8.959910560101074, 0.025423021492460222, 'NONE', 'NONE', 'NONE', 0
'FWD_TP_COMM_INTRA', 'Comm', 8.959910560101074, 8.959926941283296, 1.6381182222222223e-05, 0.0, 'ALLREDUCE', 'TP', 'INTRA', 8
'FWD_FFN', 'Compute', 8.959926941283296, 8.963582138251901, 0.0036551969686045324, 'NONE', 'NONE', 'NONE', 0
'FWD_TP_COMM_INTRA', 'Comm', 8.963582138251901, 8.963598519434123, 1.6381182222222223e-05, 0.0, 'ALLREDUCE', 'TP', 'INTRA', 8
'FWD_MHA', 'Compute', 8.963598519434123, 8.989021540926583, 0.025423021492460222, 'NONE', 'NONE', 'NONE', 0
'FWD_TP_COMM_INTRA', 'Comm', 8.989021540926583, 8.989037922108805, 1.6381182222222223e-05, 0.0, 'ALLREDUCE', 'TP', 'INTRA', 8
'FWD_FFN', 'Compute', 8.989037922108805, 8.99269311907741, 0.0036551969686045324, 'NONE', 'NONE', 'NONE', 0
'FWD_TP_COMM_INTRA', 'Comm', 8.99269311907741, 8.992709500259632, 1.6381182222222223e-05, 0.0, 'ALLREDUCE', 'TP', 'INTRA', 8
'FWD_MHA', 'Compute', 8.992709500259632, 9.018132521752092, 0.025423021492460222, 'NONE', 'NONE', 'NONE', 0
'FWD_TP_COMM_INTRA', 'Comm', 9.018132521752092, 9.018148902934314, 1.6381182222222223e-05, 0.0, 'ALLREDUCE', 'TP', 'INTRA', 8
'FWD_FFN', 'Compute', 9.018148902934314, 9.02180409990292, 0.0036551969686045324, 'NONE', 'NONE', 'NONE', 0
'FWD_TP_COMM_INTRA', 'Comm', 9.02180409990292, 9.021820481085141, 1.6381182222222223e-05, 0.0, 'ALLREDUCE', 'TP', 'INTRA', 8
'FWD_MHA', 'Compute', 9.021820481085141, 9.0472435025776, 0.025423021492460222, 'NONE', 'NONE', 'NONE', 0
'FWD_TP_COMM_INTRA', 'Comm', 9.0472435025776, 9.047259883759823, 1.6381182222222223e-05, 0.0, 'ALLREDUCE', 'TP', 'INTRA', 8
'FWD_FFN', 'Compute', 9.047259883759823, 9.050915080728428, 0.0036551969686045324, 'NONE', 'NONE', 'NONE', 0
'FWD_TP_COMM_INTRA', 'Comm', 9.050915080728428, 9.05093146191065, 1.6381182222222223e-05, 0.0, 'ALLREDUCE', 'TP', 'INTRA', 8
'FWD_MHA', 'Compute', 9.05093146191065, 9.07635448340311, 0.025423021492460222, 'NONE', 'NONE', 'NONE', 0
'FWD_TP_COMM_INTRA', 'Comm', 9.07635448340311, 9.076370864585332, 1.6381182222222223e-05, 0.0, 'ALLREDUCE', 'TP', 'INTRA', 8
'FWD_FFN', 'Compute', 9.076370864585332, 9.080026061553937, 0.0036551969686045324, 'NONE', 'NONE', 'NONE', 0
'FWD_TP_COMM_INTRA', 'Comm', 9.080026061553937, 9.08004244273616, 1.6381182222222223e-05, 0.0, 'ALLREDUCE', 'TP', 'INTRA', 8
'FWD_MHA', 'Compute', 9.08004244273616, 9.105465464228619, 0.025423021492460222, 'NONE', 'NONE', 'NONE', 0
'FWD_TP_COMM_INTRA', 'Comm', 9.105465464228619, 9.105481845410841, 1.6381182222222223e-05, 0.0, 'ALLREDUCE', 'TP', 'INTRA', 8
'FWD_FFN', 'Compute', 9.105481845410841, 9.109137042379446, 0.0036551969686045324, 'NONE', 'NONE', 'NONE', 0
'FWD_TP_COMM_INTRA', 'Comm', 9.109137042379446, 9.109153423561668, 1.6381182222222223e-05, 0.0, 'ALLREDUCE', 'TP', 'INTRA', 8
'FWD_PP_COMM_INTER', 'Comm', 9.109153423561668, 9.109192573107336, 3.914954566666667e-05, 0.0, 'P2P', 'PP', 'INTER', 8
'BWD_MHA', 'Compute', 9.109192573107336, 9.134615594599795, 0.025423021492460222, 'NONE', 'NONE', 'NONE', 0
'BWD_TP_COMM_INTRA', 'Comm', 9.134615594599795, 9.134631975782018, 1.6381182222222223e-05, 0.0, 'ALLREDUCE', 'TP', 'INTRA', 8
'BWD_FFN', 'Compute', 9.134631975782018, 9.138287172750623, 0.0036551969686045324, 'NONE', 'NONE', 'NONE', 0
'BWD_TP_COMM_INTRA', 'Comm', 9.138287172750623, 9.138303553932845, 1.6381182222222223e-05, 0.0, 'ALLREDUCE', 'TP', 'INTRA', 8
'BWD_MHA', 'Compute', 9.138303553932845, 9.163726575425304, 0.025423021492460222, 'NONE', 'NONE', 'NONE', 0
'BWD_TP_COMM_INTRA', 'Comm', 9.163726575425304, 9.163742956607527, 1.6381182222222223e-05, 0.0, 'ALLREDUCE', 'TP', 'INTRA', 8
'BWD_FFN', 'Compute', 9.163742956607527, 9.167398153576132, 0.0036551969686045324, 'NONE', 'NONE', 'NONE', 0
'BWD_TP_COMM_INTRA', 'Comm', 9.167398153576132, 9.167414534758354, 1.6381182222222223e-05, 0.0, 'ALLREDUCE', 'TP', 'INTRA', 8
'BWD_MHA', 'Compute', 9.167414534758354, 9.192837556250813, 0.025423021492460222, 'NONE', 'NONE', 'NONE', 0
'BWD_TP_COMM_INTRA', 'Comm', 9.192837556250813, 9.192853937433036, 1.6381182222222223e-05, 0.0, 'ALLREDUCE', 'TP', 'INTRA', 8
'BWD_FFN', 'Compute', 9.192853937433036, 9.19650913440164, 0.0036551969686045324, 'NONE', 'NONE', 'NONE', 0
'BWD_TP_COMM_INTRA', 'Comm', 9.19650913440164, 9.196525515583863, 1.6381182222222223e-05, 0.0, 'ALLREDUCE', 'TP', 'INTRA', 8
'BWD_MHA', 'Compute', 9.196525515583863, 9.221948537076322, 0.025423021492460222, 'NONE', 'NONE', 'NONE', 0
'BWD_TP_COMM_INTRA', 'Comm', 9.221948537076322, 9.221964918258545, 1.6381182222222223e-05, 0.0, 'ALLREDUCE', 'TP', 'INTRA', 8
'BWD_FFN', 'Compute', 9.221964918258545, 9.22562011522715, 0.0036551969686045324, 'NONE', 'NONE', 'NONE', 0
'BWD_TP_COMM_INTRA', 'Comm', 9.22562011522715, 9.225636496409372, 1.6381182222222223e-05, 0.0, 'ALLREDUCE', 'TP', 'INTRA', 8
'BWD_MHA', 'Compute', 9.225636496409372, 9.251059517901831, 0.025423021492460222, 'NONE', 'NONE', 'NONE', 0
'BWD_TP_COMM_INTRA', 'Comm', 9.251059517901831, 9.251075899084054, 1.6381182222222223e-05, 0.0, 'ALLREDUCE', 'TP', 'INTRA', 8
'BWD_FFN', 'Compute', 9.251075899084054, 9.254731096052659, 0.0036551969686045324, 'NONE', 'NONE', 'NONE', 0
'BWD_TP_COMM_INTRA', 'Comm', 9.254731096052659, 9.254747477234881, 1.6381182222222223e-05, 0.0, 'ALLREDUCE', 'TP', 'INTRA', 8
'BWD_MHA', 'Compute', 9.254747477234881, 9.28017049872734, 0.025423021492460222, 'NONE', 'NONE', 'NONE', 0
'BWD_TP_COMM_INTRA', 'Comm', 9.28017049872734, 9.280186879909563, 1.6381182222222223e-05, 0.0, 'ALLREDUCE', 'TP', 'INTRA', 8
'BWD_FFN', 'Compute', 9.280186879909563, 9.283842076878168, 0.0036551969686045324, 'NONE', 'NONE', 'NONE', 0
'BWD_TP_COMM_INTRA', 'Comm', 9.283842076878168, 9.28385845806039, 1.6381182222222223e-05, 0.0, 'ALLREDUCE', 'TP', 'INTRA', 8
'BWD_MHA', 'Compute', 9.28385845806039, 9.30928147955285, 0.025423021492460222, 'NONE', 'NONE', 'NONE', 0
'BWD_TP_COMM_INTRA', 'Comm', 9.30928147955285, 9.309297860735072, 1.6381182222222223e-05, 0.0, 'ALLREDUCE', 'TP', 'INTRA', 8
'BWD_FFN', 'Compute', 9.309297860735072, 9.312953057703677, 0.0036551969686045324, 'NONE', 'NONE', 'NONE', 0
'BWD_TP_COMM_INTRA', 'Comm', 9.312953057703677, 9.312969438885899, 1.6381182222222223e-05, 0.0, 'ALLREDUCE', 'TP', 'INTRA', 8
'BWD_MHA', 'Compute', 9.312969438885899, 9.338392460378358, 0.025423021492460222, 'NONE', 'NONE', 'NONE', 0
'BWD_TP_COMM_INTRA', 'Comm', 9.338392460378358, 9.33840884156058, 1.6381182222222223e-05, 0.0, 'ALLREDUCE', 'TP', 'INTRA', 8
'BWD_FFN', 'Compute', 9.33840884156058, 9.342064038529186, 0.0036551969686045324, 'NONE', 'NONE', 'NONE', 0
'BWD_TP_COMM_INTRA', 'Comm', 9.342064038529186, 9.342080419711408, 1.6381182222222223e-05, 0.0, 'ALLREDUCE', 'TP', 'INTRA', 8
'BWD_MHA', 'Compute', 9.342080419711408, 9.367503441203867, 0.025423021492460222, 'NONE', 'NONE', 'NONE', 0
'BWD_TP_COMM_INTRA', 'Comm', 9.367503441203867, 9.36751982238609, 1.6381182222222223e-05, 0.0, 'ALLREDUCE', 'TP', 'INTRA', 8
'BWD_FFN', 'Compute', 9.36751982238609, 9.371175019354695, 0.0036551969686045324, 'NONE', 'NONE', 'NONE', 0
'BWD_TP_COMM_INTRA', 'Comm', 9.371175019354695, 9.371191400536917, 1.6381182222222223e-05, 0.0, 'ALLREDUCE', 'TP', 'INTRA', 8
'BWD_MHA', 'Compute', 9.371191400536917, 9.396614422029376, 0.025423021492460222, 'NONE', 'NONE', 'NONE', 0
'BWD_TP_COMM_INTRA', 'Comm', 9.396614422029376, 9.396630803211599, 1.6381182222222223e-05, 0.0, 'ALLREDUCE', 'TP', 'INTRA', 8
'BWD_FFN', 'Compute', 9.396630803211599, 9.400286000180204, 0.0036551969686045324, 'NONE', 'NONE', 'NONE', 0
'BWD_TP_COMM_INTRA', 'Comm', 9.400286000180204, 9.400302381362426, 1.6381182222222223e-05, 0.0, 'ALLREDUCE', 'TP', 'INTRA', 8
'BWD_MHA', 'Compute', 9.400302381362426, 9.425725402854885, 0.025423021492460222, 'NONE', 'NONE', 'NONE', 0
'BWD_TP_COMM_INTRA', 'Comm', 9.425725402854885, 9.425741784037108, 1.6381182222222223e-05, 0.0, 'ALLREDUCE', 'TP', 'INTRA', 8
'BWD_FFN', 'Compute', 9.425741784037108, 9.429396981005713, 0.0036551969686045324, 'NONE', 'NONE', 'NONE', 0
'BWD_TP_COMM_INTRA', 'Comm', 9.429396981005713, 9.429413362187935, 1.6381182222222223e-05, 0.0, 'ALLREDUCE', 'TP', 'INTRA', 8
'BWD_MHA', 'Compute', 9.429413362187935, 9.454836383680394, 0.025423021492460222, 'NONE', 'NONE', 'NONE', 0
'BWD_TP_COMM_INTRA', 'Comm', 9.454836383680394, 9.454852764862617, 1.6381182222222223e-05, 0.0, 'ALLREDUCE', 'TP', 'INTRA', 8
'BWD_FFN', 'Compute', 9.454852764862617, 9.458507961831222, 0.0036551969686045324, 'NONE', 'NONE', 'NONE', 0
'BWD_TP_COMM_INTRA', 'Comm', 9.458507961831222, 9.458524343013444, 1.6381182222222223e-05, 0.0, 'ALLREDUCE', 'TP', 'INTRA', 8
'BWD_PP_COMM_INTER', 'Comm', 9.458524343013444, 9.458563492559112, 3.914954566666667e-05, 0.0, 'P2P', 'PP', 'INTER', 8
'BWD_MHA', 'Compute', 9.458563492559112, 9.483986514051571, 0.025423021492460222, 'NONE', 'NONE', 'NONE', 0
'BWD_TP_COMM_INTRA', 'Comm', 9.483986514051571, 9.484002895233793, 1.6381182222222223e-05, 0.0, 'ALLREDUCE', 'TP', 'INTRA', 8
'BWD_FFN', 'Compute', 9.484002895233793, 9.487658092202398, 0.0036551969686045324, 'NONE', 'NONE', 'NONE', 0
'BWD_TP_COMM_INTRA', 'Comm', 9.487658092202398, 9.48767447338462, 1.6381182222222223e-05, 0.0, 'ALLREDUCE', 'TP', 'INTRA', 8
'BWD_MHA', 'Compute', 9.48767447338462, 9.51309749487708, 0.025423021492460222, 'NONE', 'NONE', 'NONE', 0
'BWD_TP_COMM_INTRA', 'Comm', 9.51309749487708, 9.513113876059302, 1.6381182222222223e-05, 0.0, 'ALLREDUCE', 'TP', 'INTRA', 8
'BWD_FFN', 'Compute', 9.513113876059302, 9.516769073027907, 0.0036551969686045324, 'NONE', 'NONE', 'NONE', 0
'BWD_TP_COMM_INTRA', 'Comm', 9.516769073027907, 9.51678545421013, 1.6381182222222223e-05, 0.0, 'ALLREDUCE', 'TP', 'INTRA', 8
'BWD_MHA', 'Compute', 9.51678545421013, 9.542208475702589, 0.025423021492460222, 'NONE', 'NONE', 'NONE', 0
'BWD_TP_COMM_INTRA', 'Comm', 9.542208475702589, 9.542224856884811, 1.6381182222222223e-05, 0.0, 'ALLREDUCE', 'TP', 'INTRA', 8
'BWD_FFN', 'Compute', 9.542224856884811, 9.545880053853416, 0.0036551969686045324, 'NONE', 'NONE', 'NONE', 0
'BWD_TP_COMM_INTRA', 'Comm', 9.545880053853416, 9.545896435035639, 1.6381182222222223e-05, 0.0, 'ALLREDUCE', 'TP', 'INTRA', 8
'BWD_MHA', 'Compute', 9.545896435035639, 9.571319456528098, 0.025423021492460222, 'NONE', 'NONE', 'NONE', 0
'BWD_TP_COMM_INTRA', 'Comm', 9.571319456528098, 9.57133583771032, 1.6381182222222223e-05, 0.0, 'ALLREDUCE', 'TP', 'INTRA', 8
'BWD_FFN', 'Compute', 9.57133583771032, 9.574991034678925, 0.0036551969686045324, 'NONE', 'NONE', 'NONE', 0
'BWD_TP_COMM_INTRA', 'Comm', 9.574991034678925, 9.575007415861148, 1.6381182222222223e-05, 0.0, 'ALLREDUCE', 'TP', 'INTRA', 8
'BWD_MHA', 'Compute', 9.575007415861148, 9.600430437353607, 0.025423021492460222, 'NONE', 'NONE', 'NONE', 0
'BWD_TP_COMM_INTRA', 'Comm', 9.600430437353607, 9.60044681853583, 1.6381182222222223e-05, 0.0, 'ALLREDUCE', 'TP', 'INTRA', 8
'BWD_FFN', 'Compute', 9.60044681853583, 9.604102015504434, 0.0036551969686045324, 'NONE', 'NONE', 'NONE', 0
'BWD_TP_COMM_INTRA', 'Comm', 9.604102015504434, 9.604118396686657, 1.6381182222222223e-05, 0.0, 'ALLREDUCE', 'TP', 'INTRA', 8
'BWD_MHA', 'Compute', 9.604118396686657, 9.629541418179116, 0.025423021492460222, 'NONE', 'NONE', 'NONE', 0
'BWD_TP_COMM_INTRA', 'Comm', 9.629541418179116, 9.629557799361338, 1.6381182222222223e-05, 0.0, 'ALLREDUCE', 'TP', 'INTRA', 8
'BWD_FFN', 'Compute', 9.629557799361338, 9.633212996329943, 0.0036551969686045324, 'NONE', 'NONE', 'NONE', 0
'BWD_TP_COMM_INTRA', 'Comm', 9.633212996329943, 9.633229377512166, 1.6381182222222223e-05, 0.0, 'ALLREDUCE', 'TP', 'INTRA', 8
'BWD_MHA', 'Compute', 9.633229377512166, 9.658652399004625, 0.025423021492460222, 'NONE', 'NONE', 'NONE', 0
'BWD_TP_COMM_INTRA', 'Comm', 9.658652399004625, 9.658668780186847, 1.6381182222222223e-05, 0.0, 'ALLREDUCE', 'TP', 'INTRA', 8
'BWD_FFN', 'Compute', 9.658668780186847, 9.662323977155452, 0.0036551969686045324, 'NONE', 'NONE', 'NONE', 0
'BWD_TP_COMM_INTRA', 'Comm', 9.662323977155452, 9.662340358337675, 1.6381182222222223e-05, 0.0, 'ALLREDUCE', 'TP', 'INTRA', 8
'BWD_MHA', 'Compute', 9.662340358337675, 9.687763379830134, 0.025423021492460222, 'NONE', 'NONE', 'NONE', 0
'BWD_TP_COMM_INTRA', 'Comm', 9.687763379830134, 9.687779761012356, 1.6381182222222223e-05, 0.0, 'ALLREDUCE', 'TP', 'INTRA', 8
'BWD_FFN', 'Compute', 9.687779761012356, 9.691434957980961, 0.0036551969686045324, 'NONE', 'NONE', 'NONE', 0
'BWD_TP_COMM_INTRA', 'Comm', 9.691434957980961, 9.691451339163184, 1.6381182222222223e-05, 0.0, 'ALLREDUCE', 'TP', 'INTRA', 8
'BWD_MHA', 'Compute', 9.691451339163184, 9.716874360655643, 0.025423021492460222, 'NONE', 'NONE', 'NONE', 0
'BWD_TP_COMM_INTRA', 'Comm', 9.716874360655643, 9.716890741837865, 1.6381182222222223e-05, 0.0, 'ALLREDUCE', 'TP', 'INTRA', 8
'BWD_FFN', 'Compute', 9.716890741837865, 9.72054593880647, 0.0036551969686045324, 'NONE', 'NONE', 'NONE', 0
'BWD_TP_COMM_INTRA', 'Comm', 9.72054593880647, 9.720562319988693, 1.6381182222222223e-05, 0.0, 'ALLREDUCE', 'TP', 'INTRA', 8
'BWD_MHA', 'Compute', 9.720562319988693, 9.745985341481152, 0.025423021492460222, 'NONE', 'NONE', 'NONE', 0
'BWD_TP_COMM_INTRA', 'Comm', 9.745985341481152, 9.746001722663374, 1.6381182222222223e-05, 0.0, 'ALLREDUCE', 'TP', 'INTRA', 8
'BWD_FFN', 'Compute', 9.746001722663374, 9.74965691963198, 0.0036551969686045324, 'NONE', 'NONE', 'NONE', 0
'BWD_TP_COMM_INTRA', 'Comm', 9.74965691963198, 9.749673300814202, 1.6381182222222223e-05, 0.0, 'ALLREDUCE', 'TP', 'INTRA', 8
'BWD_MHA', 'Compute', 9.749673300814202, 9.775096322306661, 0.025423021492460222, 'NONE', 'NONE', 'NONE', 0
'BWD_TP_COMM_INTRA', 'Comm', 9.775096322306661, 9.775112703488883, 1.6381182222222223e-05, 0.0, 'ALLREDUCE', 'TP', 'INTRA', 8
'BWD_FFN', 'Compute', 9.775112703488883, 9.778767900457488, 0.0036551969686045324, 'NONE', 'NONE', 'NONE', 0
'BWD_TP_COMM_INTRA', 'Comm', 9.778767900457488, 9.77878428163971, 1.6381182222222223e-05, 0.0, 'ALLREDUCE', 'TP', 'INTRA', 8
'BWD_MHA', 'Compute', 9.77878428163971, 9.80420730313217, 0.025423021492460222, 'NONE', 'NONE', 'NONE', 0
'BWD_TP_COMM_INTRA', 'Comm', 9.80420730313217, 9.804223684314392, 1.6381182222222223e-05, 0.0, 'ALLREDUCE', 'TP', 'INTRA', 8
'BWD_FFN', 'Compute', 9.804223684314392, 9.807878881282997, 0.0036551969686045324, 'NONE', 'NONE', 'NONE', 0
'BWD_TP_COMM_INTRA', 'Comm', 9.807878881282997, 9.80789526246522, 1.6381182222222223e-05, 0.0, 'ALLREDUCE', 'TP', 'INTRA', 8
'BWD_MHA', 'Compute', 9.80789526246522, 9.833318283957679, 0.025423021492460222, 'NONE', 'NONE', 'NONE', 0
'BWD_TP_COMM_INTRA', 'Comm', 9.833318283957679, 9.833334665139901, 1.6381182222222223e-05, 0.0, 'ALLREDUCE', 'TP', 'INTRA', 8
'BWD_FFN', 'Compute', 9.833334665139901, 9.836989862108506, 0.0036551969686045324, 'NONE', 'NONE', 'NONE', 0
'BWD_TP_COMM_INTRA', 'Comm', 9.836989862108506, 9.837006243290729, 1.6381182222222223e-05, 0.0, 'ALLREDUCE', 'TP', 'INTRA', 8
'BWD_MHA', 'Compute', 9.837006243290729, 9.862429264783188, 0.025423021492460222, 'NONE', 'NONE', 'NONE', 0
'BWD_TP_COMM_INTRA', 'Comm', 9.862429264783188, 9.86244564596541, 1.6381182222222223e-05, 0.0, 'ALLREDUCE', 'TP', 'INTRA', 8
'BWD_FFN', 'Compute', 9.86244564596541, 9.866100842934015, 0.0036551969686045324, 'NONE', 'NONE', 'NONE', 0
'BWD_TP_COMM_INTRA', 'Comm', 9.866100842934015, 9.866117224116238, 1.6381182222222223e-05, 0.0, 'ALLREDUCE', 'TP', 'INTRA', 8
'BWD_MHA', 'Compute', 9.866117224116238, 9.891540245608697, 0.025423021492460222, 'NONE', 'NONE', 'NONE', 0
'BWD_TP_COMM_INTRA', 'Comm', 9.891540245608697, 9.89155662679092, 1.6381182222222223e-05, 0.0, 'ALLREDUCE', 'TP', 'INTRA', 8
'BWD_FFN', 'Compute', 9.89155662679092, 9.895211823759524, 0.0036551969686045324, 'NONE', 'NONE', 'NONE', 0
'BWD_TP_COMM_INTRA', 'Comm', 9.895211823759524, 9.895228204941747, 1.6381182222222223e-05, 0.0, 'ALLREDUCE', 'TP', 'INTRA', 8
'BWD_MHA', 'Compute', 9.895228204941747, 9.920651226434206, 0.025423021492460222, 'NONE', 'NONE', 'NONE', 0
'BWD_TP_COMM_INTRA', 'Comm', 9.920651226434206, 9.920667607616428, 1.6381182222222223e-05, 0.0, 'ALLREDUCE', 'TP', 'INTRA', 8
'BWD_FFN', 'Compute', 9.920667607616428, 9.924322804585033, 0.0036551969686045324, 'NONE', 'NONE', 'NONE', 0
'BWD_TP_COMM_INTRA', 'Comm', 9.924322804585033, 9.924339185767256, 1.6381182222222223e-05, 0.0, 'ALLREDUCE', 'TP', 'INTRA', 8
'BWD_MHA', 'Compute', 9.924339185767256, 9.949762207259715, 0.025423021492460222, 'NONE', 'NONE', 'NONE', 0
'BWD_TP_COMM_INTRA', 'Comm', 9.949762207259715, 9.949778588441937, 1.6381182222222223e-05, 0.0, 'ALLREDUCE', 'TP', 'INTRA', 8
'BWD_FFN', 'Compute', 9.949778588441937, 9.953433785410542, 0.0036551969686045324, 'NONE', 'NONE', 'NONE', 0
'BWD_TP_COMM_INTRA', 'Comm', 9.953433785410542, 9.953450166592765, 1.6381182222222223e-05, 0.0, 'ALLREDUCE', 'TP', 'INTRA', 8
'BWD_MHA', 'Compute', 9.953450166592765, 9.978873188085224, 0.025423021492460222, 'NONE', 'NONE', 'NONE', 0
'BWD_TP_COMM_INTRA', 'Comm', 9.978873188085224, 9.978889569267446, 1.6381182222222223e-05, 0.0, 'ALLREDUCE', 'TP', 'INTRA', 8
'BWD_FFN', 'Compute', 9.978889569267446, 9.982544766236051, 0.0036551969686045324, 'NONE', 'NONE', 'NONE', 0
'BWD_TP_COMM_INTRA', 'Comm', 9.982544766236051, 9.982561147418274, 1.6381182222222223e-05, 0.0, 'ALLREDUCE', 'TP', 'INTRA', 8
'BWD_MHA', 'Compute', 9.982561147418274, 10.007984168910733, 0.025423021492460222, 'NONE', 'NONE', 'NONE', 0
'BWD_TP_COMM_INTRA', 'Comm', 10.007984168910733, 10.008000550092955, 1.6381182222222223e-05, 0.0, 'ALLREDUCE', 'TP', 'INTRA', 8
'BWD_FFN', 'Compute', 10.008000550092955, 10.01165574706156, 0.0036551969686045324, 'NONE', 'NONE', 'NONE', 0
'BWD_TP_COMM_INTRA', 'Comm', 10.01165574706156, 10.011672128243783, 1.6381182222222223e-05, 0.0, 'ALLREDUCE', 'TP', 'INTRA', 8
'BWD_MHA', 'Compute', 10.011672128243783, 10.037095149736242, 0.025423021492460222, 'NONE', 'NONE', 'NONE', 0
'BWD_TP_COMM_INTRA', 'Comm', 10.037095149736242, 10.037111530918464, 1.6381182222222223e-05, 0.0, 'ALLREDUCE', 'TP', 'INTRA', 8
'BWD_FFN', 'Compute', 10.037111530918464, 10.04076672788707, 0.0036551969686045324, 'NONE', 'NONE', 'NONE', 0
'BWD_TP_COMM_INTRA', 'Comm', 10.04076672788707, 10.040783109069292, 1.6381182222222223e-05, 0.0, 'ALLREDUCE', 'TP', 'INTRA', 8
'BWD_MHA', 'Compute', 10.040783109069292, 10.066206130561751, 0.025423021492460222, 'NONE', 'NONE', 'NONE', 0
'BWD_TP_COMM_INTRA', 'Comm', 10.066206130561751, 10.066222511743973, 1.6381182222222223e-05, 0.0, 'ALLREDUCE', 'TP', 'INTRA', 8
'BWD_FFN', 'Compute', 10.066222511743973, 10.069877708712578, 0.0036551969686045324, 'NONE', 'NONE', 'NONE', 0
'BWD_TP_COMM_INTRA', 'Comm', 10.069877708712578, 10.0698940898948, 1.6381182222222223e-05, 0.0, 'ALLREDUCE', 'TP', 'INTRA', 8
'BWD_MHA', 'Compute', 10.0698940898948, 10.09531711138726, 0.025423021492460222, 'NONE', 'NONE', 'NONE', 0
'BWD_TP_COMM_INTRA', 'Comm', 10.09531711138726, 10.095333492569482, 1.6381182222222223e-05, 0.0, 'ALLREDUCE', 'TP', 'INTRA', 8
'BWD_FFN', 'Compute', 10.095333492569482, 10.098988689538087, 0.0036551969686045324, 'NONE', 'NONE', 'NONE', 0
'BWD_TP_COMM_INTRA', 'Comm', 10.098988689538087, 10.09900507072031, 1.6381182222222223e-05, 0.0, 'ALLREDUCE', 'TP', 'INTRA', 8
'BWD_MHA', 'Compute', 10.09900507072031, 10.124428092212769, 0.025423021492460222, 'NONE', 'NONE', 'NONE', 0
'BWD_TP_COMM_INTRA', 'Comm', 10.124428092212769, 10.124444473394991, 1.6381182222222223e-05, 0.0, 'ALLREDUCE', 'TP', 'INTRA', 8
'BWD_FFN', 'Compute', 10.124444473394991, 10.128099670363596, 0.0036551969686045324, 'NONE', 'NONE', 'NONE', 0
'BWD_TP_COMM_INTRA', 'Comm', 10.128099670363596, 10.128116051545819, 1.6381182222222223e-05, 0.0, 'ALLREDUCE', 'TP', 'INTRA', 8
'BWD_MHA', 'Compute', 10.128116051545819, 10.153539073038278, 0.025423021492460222, 'NONE', 'NONE', 'NONE', 0
'BWD_TP_COMM_INTRA', 'Comm', 10.153539073038278, 10.1535554542205, 1.6381182222222223e-05, 0.0, 'ALLREDUCE', 'TP', 'INTRA', 8
'BWD_FFN', 'Compute', 10.1535554542205, 10.157210651189105, 0.0036551969686045324, 'NONE', 'NONE', 'NONE', 0
'BWD_TP_COMM_INTRA', 'Comm', 10.157210651189105, 10.157227032371328, 1.6381182222222223e-05, 0.0, 'ALLREDUCE', 'TP', 'INTRA', 8
'BWD_MHA', 'Compute', 10.157227032371328, 10.182650053863787, 0.025423021492460222, 'NONE', 'NONE', 'NONE', 0
'BWD_TP_COMM_INTRA', 'Comm', 10.182650053863787, 10.18266643504601, 1.6381182222222223e-05, 0.0, 'ALLREDUCE', 'TP', 'INTRA', 8
'BWD_FFN', 'Compute', 10.18266643504601, 10.186321632014614, 0.0036551969686045324, 'NONE', 'NONE', 'NONE', 0
'BWD_TP_COMM_INTRA', 'Comm', 10.186321632014614, 10.186338013196837, 1.6381182222222223e-05, 0.0, 'ALLREDUCE', 'TP', 'INTRA', 8
'BWD_MHA', 'Compute', 10.186338013196837, 10.211761034689296, 0.025423021492460222, 'NONE', 'NONE', 'NONE', 0
'BWD_TP_COMM_INTRA', 'Comm', 10.211761034689296, 10.211777415871518, 1.6381182222222223e-05, 0.0, 'ALLREDUCE', 'TP', 'INTRA', 8
'BWD_FFN', 'Compute', 10.211777415871518, 10.215432612840123, 0.0036551969686045324, 'NONE', 'NONE', 'NONE', 0
'BWD_TP_COMM_INTRA', 'Comm', 10.215432612840123, 10.215448994022346, 1.6381182222222223e-05, 0.0, 'ALLREDUCE', 'TP', 'INTRA', 8
'BWD_MHA', 'Compute', 10.215448994022346, 10.240872015514805, 0.025423021492460222, 'NONE', 'NONE', 'NONE', 0
'BWD_TP_COMM_INTRA', 'Comm', 10.240872015514805, 10.240888396697027, 1.6381182222222223e-05, 0.0, 'ALLREDUCE', 'TP', 'INTRA', 8
'BWD_FFN', 'Compute', 10.240888396697027, 10.244543593665632, 0.0036551969686045324, 'NONE', 'NONE', 'NONE', 0
'BWD_TP_COMM_INTRA', 'Comm', 10.244543593665632, 10.244559974847855, 1.6381182222222223e-05, 0.0, 'ALLREDUCE', 'TP', 'INTRA', 8
'BWD_MHA', 'Compute', 10.244559974847855, 10.269982996340314, 0.025423021492460222, 'NONE', 'NONE', 'NONE', 0
'BWD_TP_COMM_INTRA', 'Comm', 10.269982996340314, 10.269999377522536, 1.6381182222222223e-05, 0.0, 'ALLREDUCE', 'TP', 'INTRA', 8
'BWD_FFN', 'Compute', 10.269999377522536, 10.273654574491141, 0.0036551969686045324, 'NONE', 'NONE', 'NONE', 0
'BWD_TP_COMM_INTRA', 'Comm', 10.273654574491141, 10.273670955673364, 1.6381182222222223e-05, 0.0, 'ALLREDUCE', 'TP', 'INTRA', 8
'BWD_MHA', 'Compute', 10.273670955673364, 10.299093977165823, 0.025423021492460222, 'NONE', 'NONE', 'NONE', 0
'BWD_TP_COMM_INTRA', 'Comm', 10.299093977165823, 10.299110358348045, 1.6381182222222223e-05, 0.0, 'ALLREDUCE', 'TP', 'INTRA', 8
'BWD_FFN', 'Compute', 10.299110358348045, 10.30276555531665, 0.0036551969686045324, 'NONE', 'NONE', 'NONE', 0
'BWD_TP_COMM_INTRA', 'Comm', 10.30276555531665, 10.302781936498873, 1.6381182222222223e-05, 0.0, 'ALLREDUCE', 'TP', 'INTRA', 8
'BWD_MHA', 'Compute', 10.302781936498873, 10.328204957991332, 0.025423021492460222, 'NONE', 'NONE', 'NONE', 0
'BWD_TP_COMM_INTRA', 'Comm', 10.328204957991332, 10.328221339173554, 1.6381182222222223e-05, 0.0, 'ALLREDUCE', 'TP', 'INTRA', 8
'BWD_FFN', 'Compute', 10.328221339173554, 10.33187653614216, 0.0036551969686045324, 'NONE', 'NONE', 'NONE', 0
'BWD_TP_COMM_INTRA', 'Comm', 10.33187653614216, 10.331892917324382, 1.6381182222222223e-05, 0.0, 'ALLREDUCE', 'TP', 'INTRA', 8
'BWD_MHA', 'Compute', 10.331892917324382, 10.357315938816841, 0.025423021492460222, 'NONE', 'NONE', 'NONE', 0
'BWD_TP_COMM_INTRA', 'Comm', 10.357315938816841, 10.357332319999063, 1.6381182222222223e-05, 0.0, 'ALLREDUCE', 'TP', 'INTRA', 8
'BWD_FFN', 'Compute', 10.357332319999063, 10.360987516967668, 0.0036551969686045324, 'NONE', 'NONE', 'NONE', 0
'BWD_TP_COMM_INTRA', 'Comm', 10.360987516967668, 10.36100389814989, 1.6381182222222223e-05, 0.0, 'ALLREDUCE', 'TP', 'INTRA', 8
'BWD_MHA', 'Compute', 10.36100389814989, 10.38642691964235, 0.025423021492460222, 'NONE', 'NONE', 'NONE', 0
'BWD_TP_COMM_INTRA', 'Comm', 10.38642691964235, 10.386443300824572, 1.6381182222222223e-05, 0.0, 'ALLREDUCE', 'TP', 'INTRA', 8
'BWD_FFN', 'Compute', 10.386443300824572, 10.390098497793177, 0.0036551969686045324, 'NONE', 'NONE', 'NONE', 0
'BWD_TP_COMM_INTRA', 'Comm', 10.390098497793177, 10.3901148789754, 1.6381182222222223e-05, 0.0, 'ALLREDUCE', 'TP', 'INTRA', 8
'BWD_MHA', 'Compute', 10.3901148789754, 10.415537900467859, 0.025423021492460222, 'NONE', 'NONE', 'NONE', 0
'BWD_TP_COMM_INTRA', 'Comm', 10.415537900467859, 10.415554281650081, 1.6381182222222223e-05, 0.0, 'ALLREDUCE', 'TP', 'INTRA', 8
'BWD_FFN', 'Compute', 10.415554281650081, 10.419209478618686, 0.0036551969686045324, 'NONE', 'NONE', 'NONE', 0
'BWD_TP_COMM_INTRA', 'Comm', 10.419209478618686, 10.419225859800909, 1.6381182222222223e-05, 0.0, 'ALLREDUCE', 'TP', 'INTRA', 8
'BWD_MHA', 'Compute', 10.419225859800909, 10.444648881293368, 0.025423021492460222, 'NONE', 'NONE', 'NONE', 0
'BWD_TP_COMM_INTRA', 'Comm', 10.444648881293368, 10.44466526247559, 1.6381182222222223e-05, 0.0, 'ALLREDUCE', 'TP', 'INTRA', 8
'BWD_FFN', 'Compute', 10.44466526247559, 10.448320459444195, 0.0036551969686045324, 'NONE', 'NONE', 'NONE', 0
'BWD_TP_COMM_INTRA', 'Comm', 10.448320459444195, 10.448336840626418, 1.6381182222222223e-05, 0.0, 'ALLREDUCE', 'TP', 'INTRA', 8
'BWD_MHA', 'Compute', 10.448336840626418, 10.473759862118877, 0.025423021492460222, 'NONE', 'NONE', 'NONE', 0
'BWD_TP_COMM_INTRA', 'Comm', 10.473759862118877, 10.4737762433011, 1.6381182222222223e-05, 0.0, 'ALLREDUCE', 'TP', 'INTRA', 8
'BWD_FFN', 'Compute', 10.4737762433011, 10.477431440269704, 0.0036551969686045324, 'NONE', 'NONE', 'NONE', 0
'BWD_TP_COMM_INTRA', 'Comm', 10.477431440269704, 10.477447821451927, 1.6381182222222223e-05, 0.0, 'ALLREDUCE', 'TP', 'INTRA', 8
'BWD_MHA', 'Compute', 10.477447821451927, 10.502870842944386, 0.025423021492460222, 'NONE', 'NONE', 'NONE', 0
'BWD_TP_COMM_INTRA', 'Comm', 10.502870842944386, 10.502887224126608, 1.6381182222222223e-05, 0.0, 'ALLREDUCE', 'TP', 'INTRA', 8
'BWD_FFN', 'Compute', 10.502887224126608, 10.506542421095213, 0.0036551969686045324, 'NONE', 'NONE', 'NONE', 0
'BWD_TP_COMM_INTRA', 'Comm', 10.506542421095213, 10.506558802277436, 1.6381182222222223e-05, 0.0, 'ALLREDUCE', 'TP', 'INTRA', 8
'BWD_MHA', 'Compute', 10.506558802277436, 10.531981823769895, 0.025423021492460222, 'NONE', 'NONE', 'NONE', 0
'BWD_TP_COMM_INTRA', 'Comm', 10.531981823769895, 10.531998204952117, 1.6381182222222223e-05, 0.0, 'ALLREDUCE', 'TP', 'INTRA', 8
'BWD_FFN', 'Compute', 10.531998204952117, 10.535653401920722, 0.0036551969686045324, 'NONE', 'NONE', 'NONE', 0
'BWD_TP_COMM_INTRA', 'Comm', 10.535653401920722, 10.535669783102945, 1.6381182222222223e-05, 0.0, 'ALLREDUCE', 'TP', 'INTRA', 8
'BWD_MHA', 'Compute', 10.535669783102945, 10.561092804595404, 0.025423021492460222, 'NONE', 'NONE', 'NONE', 0
'BWD_TP_COMM_INTRA', 'Comm', 10.561092804595404, 10.561109185777626, 1.6381182222222223e-05, 0.0, 'ALLREDUCE', 'TP', 'INTRA', 8
'BWD_FFN', 'Compute', 10.561109185777626, 10.564764382746231, 0.0036551969686045324, 'NONE', 'NONE', 'NONE', 0
'BWD_TP_COMM_INTRA', 'Comm', 10.564764382746231, 10.564780763928454, 1.6381182222222223e-05, 0.0, 'ALLREDUCE', 'TP', 'INTRA', 8
'BWD_MHA', 'Compute', 10.564780763928454, 10.590203785420913, 0.025423021492460222, 'NONE', 'NONE', 'NONE', 0
'BWD_TP_COMM_INTRA', 'Comm', 10.590203785420913, 10.590220166603135, 1.6381182222222223e-05, 0.0, 'ALLREDUCE', 'TP', 'INTRA', 8
'BWD_FFN', 'Compute', 10.590220166603135, 10.59387536357174, 0.0036551969686045324, 'NONE', 'NONE', 'NONE', 0
'BWD_TP_COMM_INTRA', 'Comm', 10.59387536357174, 10.593891744753963, 1.6381182222222223e-05, 0.0, 'ALLREDUCE', 'TP', 'INTRA', 8
'BWD_MHA', 'Compute', 10.593891744753963, 10.619314766246422, 0.025423021492460222, 'NONE', 'NONE', 'NONE', 0
'BWD_TP_COMM_INTRA', 'Comm', 10.619314766246422, 10.619331147428644, 1.6381182222222223e-05, 0.0, 'ALLREDUCE', 'TP', 'INTRA', 8
'BWD_FFN', 'Compute', 10.619331147428644, 10.62298634439725, 0.0036551969686045324, 'NONE', 'NONE', 'NONE', 0
'BWD_TP_COMM_INTRA', 'Comm', 10.62298634439725, 10.623002725579472, 1.6381182222222223e-05, 0.0, 'ALLREDUCE', 'TP', 'INTRA', 8
'BWD_MHA', 'Compute', 10.623002725579472, 10.648425747071931, 0.025423021492460222, 'NONE', 'NONE', 'NONE', 0
'BWD_TP_COMM_INTRA', 'Comm', 10.648425747071931, 10.648442128254153, 1.6381182222222223e-05, 0.0, 'ALLREDUCE', 'TP', 'INTRA', 8
'BWD_FFN', 'Compute', 10.648442128254153, 10.652097325222758, 0.0036551969686045324, 'NONE', 'NONE', 'NONE', 0
'BWD_TP_COMM_INTRA', 'Comm', 10.652097325222758, 10.65211370640498, 1.6381182222222223e-05, 0.0, 'ALLREDUCE', 'TP', 'INTRA', 8
'BWD_MHA', 'Compute', 10.65211370640498, 10.67753672789744, 0.025423021492460222, 'NONE', 'NONE', 'NONE', 0
'BWD_TP_COMM_INTRA', 'Comm', 10.67753672789744, 10.677553109079662, 1.6381182222222223e-05, 0.0, 'ALLREDUCE', 'TP', 'INTRA', 8
'BWD_FFN', 'Compute', 10.677553109079662, 10.681208306048267, 0.0036551969686045324, 'NONE', 'NONE', 'NONE', 0
'BWD_TP_COMM_INTRA', 'Comm', 10.681208306048267, 10.68122468723049, 1.6381182222222223e-05, 0.0, 'ALLREDUCE', 'TP', 'INTRA', 8
'BWD_MHA', 'Compute', 10.68122468723049, 10.706647708722949, 0.025423021492460222, 'NONE', 'NONE', 'NONE', 0
'BWD_TP_COMM_INTRA', 'Comm', 10.706647708722949, 10.706664089905171, 1.6381182222222223e-05, 0.0, 'ALLREDUCE', 'TP', 'INTRA', 8
'BWD_FFN', 'Compute', 10.706664089905171, 10.710319286873776, 0.0036551969686045324, 'NONE', 'NONE', 'NONE', 0
'BWD_TP_COMM_INTRA', 'Comm', 10.710319286873776, 10.710335668055999, 1.6381182222222223e-05, 0.0, 'ALLREDUCE', 'TP', 'INTRA', 8
'BWD_MHA', 'Compute', 10.710335668055999, 10.735758689548458, 0.025423021492460222, 'NONE', 'NONE', 'NONE', 0
'BWD_TP_COMM_INTRA', 'Comm', 10.735758689548458, 10.73577507073068, 1.6381182222222223e-05, 0.0, 'ALLREDUCE', 'TP', 'INTRA', 8
'BWD_FFN', 'Compute', 10.73577507073068, 10.739430267699285, 0.0036551969686045324, 'NONE', 'NONE', 'NONE', 0
'BWD_TP_COMM_INTRA', 'Comm', 10.739430267699285, 10.739446648881508, 1.6381182222222223e-05, 0.0, 'ALLREDUCE', 'TP', 'INTRA', 8
'BWD_MHA', 'Compute', 10.739446648881508, 10.764869670373967, 0.025423021492460222, 'NONE', 'NONE', 'NONE', 0
'BWD_TP_COMM_INTRA', 'Comm', 10.764869670373967, 10.76488605155619, 1.6381182222222223e-05, 0.0, 'ALLREDUCE', 'TP', 'INTRA', 8
'BWD_FFN', 'Compute', 10.76488605155619, 10.768541248524794, 0.0036551969686045324, 'NONE', 'NONE', 'NONE', 0
'BWD_TP_COMM_INTRA', 'Comm', 10.768541248524794, 10.768557629707017, 1.6381182222222223e-05, 0.0, 'ALLREDUCE', 'TP', 'INTRA', 8
'BWD_MHA', 'Compute', 10.768557629707017, 10.793980651199476, 0.025423021492460222, 'NONE', 'NONE', 'NONE', 0
'BWD_TP_COMM_INTRA', 'Comm', 10.793980651199476, 10.793997032381698, 1.6381182222222223e-05, 0.0, 'ALLREDUCE', 'TP', 'INTRA', 8
'BWD_FFN', 'Compute', 10.793997032381698, 10.797652229350303, 0.0036551969686045324, 'NONE', 'NONE', 'NONE', 0
'BWD_TP_COMM_INTRA', 'Comm', 10.797652229350303, 10.797668610532526, 1.6381182222222223e-05, 0.0, 'ALLREDUCE', 'TP', 'INTRA', 8
'BWD_MHA', 'Compute', 10.797668610532526, 10.823091632024985, 0.025423021492460222, 'NONE', 'NONE', 'NONE', 0
'BWD_TP_COMM_INTRA', 'Comm', 10.823091632024985, 10.823108013207207, 1.6381182222222223e-05, 0.0, 'ALLREDUCE', 'TP', 'INTRA', 8
'BWD_FFN', 'Compute', 10.823108013207207, 10.826763210175812, 0.0036551969686045324, 'NONE', 'NONE', 'NONE', 0
'BWD_TP_COMM_INTRA', 'Comm', 10.826763210175812, 10.826779591358035, 1.6381182222222223e-05, 0.0, 'ALLREDUCE', 'TP', 'INTRA', 8
'BWD_MHA', 'Compute', 10.826779591358035, 10.852202612850494, 0.025423021492460222, 'NONE', 'NONE', 'NONE', 0
'BWD_TP_COMM_INTRA', 'Comm', 10.852202612850494, 10.852218994032716, 1.6381182222222223e-05, 0.0, 'ALLREDUCE', 'TP', 'INTRA', 8
'BWD_FFN', 'Compute', 10.852218994032716, 10.855874191001321, 0.0036551969686045324, 'NONE', 'NONE', 'NONE', 0
'BWD_TP_COMM_INTRA', 'Comm', 10.855874191001321, 10.855890572183544, 1.6381182222222223e-05, 0.0, 'ALLREDUCE', 'TP', 'INTRA', 8
'BWD_MHA', 'Compute', 10.855890572183544, 10.881313593676003, 0.025423021492460222, 'NONE', 'NONE', 'NONE', 0
'BWD_TP_COMM_INTRA', 'Comm', 10.881313593676003, 10.881329974858225, 1.6381182222222223e-05, 0.0, 'ALLREDUCE', 'TP', 'INTRA', 8
'BWD_FFN', 'Compute', 10.881329974858225, 10.88498517182683, 0.0036551969686045324, 'NONE', 'NONE', 'NONE', 0
'BWD_TP_COMM_INTRA', 'Comm', 10.88498517182683, 10.885001553009053, 1.6381182222222223e-05, 0.0, 'ALLREDUCE', 'TP', 'INTRA', 8
'BWD_MHA', 'Compute', 10.885001553009053, 10.910424574501512, 0.025423021492460222, 'NONE', 'NONE', 'NONE', 0
'BWD_TP_COMM_INTRA', 'Comm', 10.910424574501512, 10.910440955683734, 1.6381182222222223e-05, 0.0, 'ALLREDUCE', 'TP', 'INTRA', 8
'BWD_FFN', 'Compute', 10.910440955683734, 10.91409615265234, 0.0036551969686045324, 'NONE', 'NONE', 'NONE', 0
'BWD_TP_COMM_INTRA', 'Comm', 10.91409615265234, 10.914112533834562, 1.6381182222222223e-05, 0.0, 'ALLREDUCE', 'TP', 'INTRA', 8
'BWD_MHA', 'Compute', 10.914112533834562, 10.939535555327021, 0.025423021492460222, 'NONE', 'NONE', 'NONE', 0
'BWD_TP_COMM_INTRA', 'Comm', 10.939535555327021, 10.939551936509243, 1.6381182222222223e-05, 0.0, 'ALLREDUCE', 'TP', 'INTRA', 8
'BWD_FFN', 'Compute', 10.939551936509243, 10.943207133477848, 0.0036551969686045324, 'NONE', 'NONE', 'NONE', 0
'BWD_TP_COMM_INTRA', 'Comm', 10.943207133477848, 10.94322351466007, 1.6381182222222223e-05, 0.0, 'ALLREDUCE', 'TP', 'INTRA', 8
'BWD_MHA', 'Compute', 10.94322351466007, 10.96864653615253, 0.025423021492460222, 'NONE', 'NONE', 'NONE', 0
'BWD_TP_COMM_INTRA', 'Comm', 10.96864653615253, 10.968662917334752, 1.6381182222222223e-05, 0.0, 'ALLREDUCE', 'TP', 'INTRA', 8
'BWD_FFN', 'Compute', 10.968662917334752, 10.972318114303357, 0.0036551969686045324, 'NONE', 'NONE', 'NONE', 0
'BWD_TP_COMM_INTRA', 'Comm', 10.972318114303357, 10.97233449548558, 1.6381182222222223e-05, 0.0, 'ALLREDUCE', 'TP', 'INTRA', 8
'BWD_MHA', 'Compute', 10.97233449548558, 10.997757516978039, 0.025423021492460222, 'NONE', 'NONE', 'NONE', 0
'BWD_TP_COMM_INTRA', 'Comm', 10.997757516978039, 10.997773898160261, 1.6381182222222223e-05, 0.0, 'ALLREDUCE', 'TP', 'INTRA', 8
'BWD_FFN', 'Compute', 10.997773898160261, 11.001429095128866, 0.0036551969686045324, 'NONE', 'NONE', 'NONE', 0
'BWD_TP_COMM_INTRA', 'Comm', 11.001429095128866, 11.001445476311089, 1.6381182222222223e-05, 0.0, 'ALLREDUCE', 'TP', 'INTRA', 8
'BWD_MHA', 'Compute', 11.001445476311089, 11.026868497803548, 0.025423021492460222, 'NONE', 'NONE', 'NONE', 0
'BWD_TP_COMM_INTRA', 'Comm', 11.026868497803548, 11.02688487898577, 1.6381182222222223e-05, 0.0, 'ALLREDUCE', 'TP', 'INTRA', 8
'BWD_FFN', 'Compute', 11.02688487898577, 11.030540075954375, 0.0036551969686045324, 'NONE', 'NONE', 'NONE', 0
'BWD_TP_COMM_INTRA', 'Comm', 11.030540075954375, 11.030556457136598, 1.6381182222222223e-05, 0.0, 'ALLREDUCE', 'TP', 'INTRA', 8
'BWD_MHA', 'Compute', 11.030556457136598, 11.055979478629057, 0.025423021492460222, 'NONE', 'NONE', 'NONE', 0
'BWD_TP_COMM_INTRA', 'Comm', 11.055979478629057, 11.05599585981128, 1.6381182222222223e-05, 0.0, 'ALLREDUCE', 'TP', 'INTRA', 8
'BWD_FFN', 'Compute', 11.05599585981128, 11.059651056779884, 0.0036551969686045324, 'NONE', 'NONE', 'NONE', 0
'BWD_TP_COMM_INTRA', 'Comm', 11.059651056779884, 11.059667437962107, 1.6381182222222223e-05, 0.0, 'ALLREDUCE', 'TP', 'INTRA', 8
'BWD_MHA', 'Compute', 11.059667437962107, 11.085090459454566, 0.025423021492460222, 'NONE', 'NONE', 'NONE', 0
'BWD_TP_COMM_INTRA', 'Comm', 11.085090459454566, 11.085106840636788, 1.6381182222222223e-05, 0.0, 'ALLREDUCE', 'TP', 'INTRA', 8
'BWD_FFN', 'Compute', 11.085106840636788, 11.088762037605393, 0.0036551969686045324, 'NONE', 'NONE', 'NONE', 0
'BWD_TP_COMM_INTRA', 'Comm', 11.088762037605393, 11.088778418787616, 1.6381182222222223e-05, 0.0, 'ALLREDUCE', 'TP', 'INTRA', 8
'BWD_MHA', 'Compute', 11.088778418787616, 11.114201440280075, 0.025423021492460222, 'NONE', 'NONE', 'NONE', 0
'BWD_TP_COMM_INTRA', 'Comm', 11.114201440280075, 11.114217821462297, 1.6381182222222223e-05, 0.0, 'ALLREDUCE', 'TP', 'INTRA', 8
'BWD_FFN', 'Compute', 11.114217821462297, 11.117873018430902, 0.0036551969686045324, 'NONE', 'NONE', 'NONE', 0
'BWD_TP_COMM_INTRA', 'Comm', 11.117873018430902, 11.117889399613125, 1.6381182222222223e-05, 0.0, 'ALLREDUCE', 'TP', 'INTRA', 8
'BWD_MHA', 'Compute', 11.117889399613125, 11.143312421105584, 0.025423021492460222, 'NONE', 'NONE', 'NONE', 0
'BWD_TP_COMM_INTRA', 'Comm', 11.143312421105584, 11.143328802287806, 1.6381182222222223e-05, 0.0, 'ALLREDUCE', 'TP', 'INTRA', 8
'BWD_FFN', 'Compute', 11.143328802287806, 11.146983999256411, 0.0036551969686045324, 'NONE', 'NONE', 'NONE', 0
'BWD_TP_COMM_INTRA', 'Comm', 11.146983999256411, 11.147000380438634, 1.6381182222222223e-05, 0.0, 'ALLREDUCE', 'TP', 'INTRA', 8
'BWD_MHA', 'Compute', 11.147000380438634, 11.172423401931093, 0.025423021492460222, 'NONE', 'NONE', 'NONE', 0
'BWD_TP_COMM_INTRA', 'Comm', 11.172423401931093, 11.172439783113315, 1.6381182222222223e-05, 0.0, 'ALLREDUCE', 'TP', 'INTRA', 8
'BWD_FFN', 'Compute', 11.172439783113315, 11.17609498008192, 0.0036551969686045324, 'NONE', 'NONE', 'NONE', 0
'BWD_TP_COMM_INTRA', 'Comm', 11.17609498008192, 11.176111361264143, 1.6381182222222223e-05, 0.0, 'ALLREDUCE', 'TP', 'INTRA', 8
'BWD_MHA', 'Compute', 11.176111361264143, 11.201534382756602, 0.025423021492460222, 'NONE', 'NONE', 'NONE', 0
'BWD_TP_COMM_INTRA', 'Comm', 11.201534382756602, 11.201550763938824, 1.6381182222222223e-05, 0.0, 'ALLREDUCE', 'TP', 'INTRA', 8
'BWD_FFN', 'Compute', 11.201550763938824, 11.20520596090743, 0.0036551969686045324, 'NONE', 'NONE', 'NONE', 0
'BWD_TP_COMM_INTRA', 'Comm', 11.20520596090743, 11.205222342089652, 1.6381182222222223e-05, 0.0, 'ALLREDUCE', 'TP', 'INTRA', 8
'BWD_MHA', 'Compute', 11.205222342089652, 11.230645363582111, 0.025423021492460222, 'NONE', 'NONE', 'NONE', 0
'BWD_TP_COMM_INTRA', 'Comm', 11.230645363582111, 11.230661744764333, 1.6381182222222223e-05, 0.0, 'ALLREDUCE', 'TP', 'INTRA', 8
'BWD_FFN', 'Compute', 11.230661744764333, 11.234316941732938, 0.0036551969686045324, 'NONE', 'NONE', 'NONE', 0
'BWD_TP_COMM_INTRA', 'Comm', 11.234316941732938, 11.23433332291516, 1.6381182222222223e-05, 0.0, 'ALLREDUCE', 'TP', 'INTRA', 8
'BWD_MHA', 'Compute', 11.23433332291516, 11.25975634440762, 0.025423021492460222, 'NONE', 'NONE', 'NONE', 0
'BWD_TP_COMM_INTRA', 'Comm', 11.25975634440762, 11.259772725589842, 1.6381182222222223e-05, 0.0, 'ALLREDUCE', 'TP', 'INTRA', 8
'BWD_FFN', 'Compute', 11.259772725589842, 11.263427922558447, 0.0036551969686045324, 'NONE', 'NONE', 'NONE', 0
'BWD_TP_COMM_INTRA', 'Comm', 11.263427922558447, 11.26344430374067, 1.6381182222222223e-05, 0.0, 'ALLREDUCE', 'TP', 'INTRA', 8
'BWD_MHA', 'Compute', 11.26344430374067, 11.288867325233129, 0.025423021492460222, 'NONE', 'NONE', 'NONE', 0
'BWD_TP_COMM_INTRA', 'Comm', 11.288867325233129, 11.288883706415351, 1.6381182222222223e-05, 0.0, 'ALLREDUCE', 'TP', 'INTRA', 8
'BWD_FFN', 'Compute', 11.288883706415351, 11.292538903383956, 0.0036551969686045324, 'NONE', 'NONE', 'NONE', 0
'BWD_TP_COMM_INTRA', 'Comm', 11.292538903383956, 11.292555284566179, 1.6381182222222223e-05, 0.0, 'ALLREDUCE', 'TP', 'INTRA', 8
'BWD_MHA', 'Compute', 11.292555284566179, 11.317978306058638, 0.025423021492460222, 'NONE', 'NONE', 'NONE', 0
'BWD_TP_COMM_INTRA', 'Comm', 11.317978306058638, 11.31799468724086, 1.6381182222222223e-05, 0.0, 'ALLREDUCE', 'TP', 'INTRA', 8
'BWD_FFN', 'Compute', 11.31799468724086, 11.321649884209465, 0.0036551969686045324, 'NONE', 'NONE', 'NONE', 0
'BWD_TP_COMM_INTRA', 'Comm', 11.321649884209465, 11.321666265391688, 1.6381182222222223e-05, 0.0, 'ALLREDUCE', 'TP', 'INTRA', 8
'BWD_MHA', 'Compute', 11.321666265391688, 11.347089286884147, 0.025423021492460222, 'NONE', 'NONE', 'NONE', 0
'BWD_TP_COMM_INTRA', 'Comm', 11.347089286884147, 11.34710566806637, 1.6381182222222223e-05, 0.0, 'ALLREDUCE', 'TP', 'INTRA', 8
'BWD_FFN', 'Compute', 11.34710566806637, 11.350760865034975, 0.0036551969686045324, 'NONE', 'NONE', 'NONE', 0
'BWD_TP_COMM_INTRA', 'Comm', 11.350760865034975, 11.350777246217197, 1.6381182222222223e-05, 0.0, 'ALLREDUCE', 'TP', 'INTRA', 8
'BWD_MHA', 'Compute', 11.350777246217197, 11.376200267709656, 0.025423021492460222, 'NONE', 'NONE', 'NONE', 0
'BWD_TP_COMM_INTRA', 'Comm', 11.376200267709656, 11.376216648891878, 1.6381182222222223e-05, 0.0, 'ALLREDUCE', 'TP', 'INTRA', 8
'BWD_FFN', 'Compute', 11.376216648891878, 11.379871845860484, 0.0036551969686045324, 'NONE', 'NONE', 'NONE', 0
'BWD_TP_COMM_INTRA', 'Comm', 11.379871845860484, 11.379888227042706, 1.6381182222222223e-05, 0.0, 'ALLREDUCE', 'TP', 'INTRA', 8
'BWD_MHA', 'Compute', 11.379888227042706, 11.405311248535165, 0.025423021492460222, 'NONE', 'NONE', 'NONE', 0
'BWD_TP_COMM_INTRA', 'Comm', 11.405311248535165, 11.405327629717387, 1.6381182222222223e-05, 0.0, 'ALLREDUCE', 'TP', 'INTRA', 8
'BWD_FFN', 'Compute', 11.405327629717387, 11.408982826685993, 0.0036551969686045324, 'NONE', 'NONE', 'NONE', 0
'BWD_TP_COMM_INTRA', 'Comm', 11.408982826685993, 11.408999207868215, 1.6381182222222223e-05, 0.0, 'ALLREDUCE', 'TP', 'INTRA', 8
'BWD_MHA', 'Compute', 11.408999207868215, 11.434422229360674, 0.025423021492460222, 'NONE', 'NONE', 'NONE', 0
'BWD_TP_COMM_INTRA', 'Comm', 11.434422229360674, 11.434438610542896, 1.6381182222222223e-05, 0.0, 'ALLREDUCE', 'TP', 'INTRA', 8
'BWD_FFN', 'Compute', 11.434438610542896, 11.438093807511502, 0.0036551969686045324, 'NONE', 'NONE', 'NONE', 0
'BWD_TP_COMM_INTRA', 'Comm', 11.438093807511502, 11.438110188693724, 1.6381182222222223e-05, 0.0, 'ALLREDUCE', 'TP', 'INTRA', 8
'BWD_MHA', 'Compute', 11.438110188693724, 11.463533210186183, 0.025423021492460222, 'NONE', 'NONE', 'NONE', 0
'BWD_TP_COMM_INTRA', 'Comm', 11.463533210186183, 11.463549591368405, 1.6381182222222223e-05, 0.0, 'ALLREDUCE', 'TP', 'INTRA', 8
'BWD_FFN', 'Compute', 11.463549591368405, 11.46720478833701, 0.0036551969686045324, 'NONE', 'NONE', 'NONE', 0
'BWD_TP_COMM_INTRA', 'Comm', 11.46720478833701, 11.467221169519233, 1.6381182222222223e-05, 0.0, 'ALLREDUCE', 'TP', 'INTRA', 8
'BWD_MHA', 'Compute', 11.467221169519233, 11.492644191011692, 0.025423021492460222, 'NONE', 'NONE', 'NONE', 0
'BWD_TP_COMM_INTRA', 'Comm', 11.492644191011692, 11.492660572193914, 1.6381182222222223e-05, 0.0, 'ALLREDUCE', 'TP', 'INTRA', 8
'BWD_FFN', 'Compute', 11.492660572193914, 11.49631576916252, 0.0036551969686045324, 'NONE', 'NONE', 'NONE', 0
'BWD_TP_COMM_INTRA', 'Comm', 11.49631576916252, 11.496332150344742, 1.6381182222222223e-05, 0.0, 'ALLREDUCE', 'TP', 'INTRA', 8
'BWD_MHA', 'Compute', 11.496332150344742, 11.521755171837201, 0.025423021492460222, 'NONE', 'NONE', 'NONE', 0
'BWD_TP_COMM_INTRA', 'Comm', 11.521755171837201, 11.521771553019423, 1.6381182222222223e-05, 0.0, 'ALLREDUCE', 'TP', 'INTRA', 8
'BWD_FFN', 'Compute', 11.521771553019423, 11.525426749988029, 0.0036551969686045324, 'NONE', 'NONE', 'NONE', 0
'BWD_TP_COMM_INTRA', 'Comm', 11.525426749988029, 11.52544313117025, 1.6381182222222223e-05, 0.0, 'ALLREDUCE', 'TP', 'INTRA', 8
'BWD_MHA', 'Compute', 11.52544313117025, 11.55086615266271, 0.025423021492460222, 'NONE', 'NONE', 'NONE', 0
'BWD_TP_COMM_INTRA', 'Comm', 11.55086615266271, 11.550882533844932, 1.6381182222222223e-05, 0.0, 'ALLREDUCE', 'TP', 'INTRA', 8
'BWD_FFN', 'Compute', 11.550882533844932, 11.554537730813538, 0.0036551969686045324, 'NONE', 'NONE', 'NONE', 0
'BWD_TP_COMM_INTRA', 'Comm', 11.554537730813538, 11.55455411199576, 1.6381182222222223e-05, 0.0, 'ALLREDUCE', 'TP', 'INTRA', 8
'BWD_MHA', 'Compute', 11.55455411199576, 11.579977133488219, 0.025423021492460222, 'NONE', 'NONE', 'NONE', 0
'BWD_TP_COMM_INTRA', 'Comm', 11.579977133488219, 11.579993514670441, 1.6381182222222223e-05, 0.0, 'ALLREDUCE', 'TP', 'INTRA', 8
'BWD_FFN', 'Compute', 11.579993514670441, 11.583648711639047, 0.0036551969686045324, 'NONE', 'NONE', 'NONE', 0
'BWD_TP_COMM_INTRA', 'Comm', 11.583648711639047, 11.583665092821269, 1.6381182222222223e-05, 0.0, 'ALLREDUCE', 'TP', 'INTRA', 8
'BWD_MHA', 'Compute', 11.583665092821269, 11.609088114313728, 0.025423021492460222, 'NONE', 'NONE', 'NONE', 0
'BWD_TP_COMM_INTRA', 'Comm', 11.609088114313728, 11.60910449549595, 1.6381182222222223e-05, 0.0, 'ALLREDUCE', 'TP', 'INTRA', 8
'BWD_FFN', 'Compute', 11.60910449549595, 11.612759692464556, 0.0036551969686045324, 'NONE', 'NONE', 'NONE', 0
'BWD_TP_COMM_INTRA', 'Comm', 11.612759692464556, 11.612776073646778, 1.6381182222222223e-05, 0.0, 'ALLREDUCE', 'TP', 'INTRA', 8
'BWD_MHA', 'Compute', 11.612776073646778, 11.638199095139237, 0.025423021492460222, 'NONE', 'NONE', 'NONE', 0
'BWD_TP_COMM_INTRA', 'Comm', 11.638199095139237, 11.63821547632146, 1.6381182222222223e-05, 0.0, 'ALLREDUCE', 'TP', 'INTRA', 8
'BWD_FFN', 'Compute', 11.63821547632146, 11.641870673290065, 0.0036551969686045324, 'NONE', 'NONE', 'NONE', 0
'BWD_TP_COMM_INTRA', 'Comm', 11.641870673290065, 11.641887054472287, 1.6381182222222223e-05, 0.0, 'ALLREDUCE', 'TP', 'INTRA', 8
'BWD_MHA', 'Compute', 11.641887054472287, 11.667310075964746, 0.025423021492460222, 'NONE', 'NONE', 'NONE', 0
'BWD_TP_COMM_INTRA', 'Comm', 11.667310075964746, 11.667326457146968, 1.6381182222222223e-05, 0.0, 'ALLREDUCE', 'TP', 'INTRA', 8
'BWD_FFN', 'Compute', 11.667326457146968, 11.670981654115574, 0.0036551969686045324, 'NONE', 'NONE', 'NONE', 0
'BWD_TP_COMM_INTRA', 'Comm', 11.670981654115574, 11.670998035297796, 1.6381182222222223e-05, 0.0, 'ALLREDUCE', 'TP', 'INTRA', 8
'BWD_MHA', 'Compute', 11.670998035297796, 11.696421056790255, 0.025423021492460222, 'NONE', 'NONE', 'NONE', 0
'BWD_TP_COMM_INTRA', 'Comm', 11.696421056790255, 11.696437437972477, 1.6381182222222223e-05, 0.0, 'ALLREDUCE', 'TP', 'INTRA', 8
'BWD_FFN', 'Compute', 11.696437437972477, 11.700092634941083, 0.0036551969686045324, 'NONE', 'NONE', 'NONE', 0
'BWD_TP_COMM_INTRA', 'Comm', 11.700092634941083, 11.700109016123305, 1.6381182222222223e-05, 0.0, 'ALLREDUCE', 'TP', 'INTRA', 8
'BWD_MHA', 'Compute', 11.700109016123305, 11.725532037615764, 0.025423021492460222, 'NONE', 'NONE', 'NONE', 0
'BWD_TP_COMM_INTRA', 'Comm', 11.725532037615764, 11.725548418797986, 1.6381182222222223e-05, 0.0, 'ALLREDUCE', 'TP', 'INTRA', 8
'BWD_FFN', 'Compute', 11.725548418797986, 11.729203615766592, 0.0036551969686045324, 'NONE', 'NONE', 'NONE', 0
'BWD_TP_COMM_INTRA', 'Comm', 11.729203615766592, 11.729219996948814, 1.6381182222222223e-05, 0.0, 'ALLREDUCE', 'TP', 'INTRA', 8
'BWD_MHA', 'Compute', 11.729219996948814, 11.754643018441273, 0.025423021492460222, 'NONE', 'NONE', 'NONE', 0
'BWD_TP_COMM_INTRA', 'Comm', 11.754643018441273, 11.754659399623495, 1.6381182222222223e-05, 0.0, 'ALLREDUCE', 'TP', 'INTRA', 8
'BWD_FFN', 'Compute', 11.754659399623495, 11.7583145965921, 0.0036551969686045324, 'NONE', 'NONE', 'NONE', 0
'BWD_TP_COMM_INTRA', 'Comm', 11.7583145965921, 11.758330977774323, 1.6381182222222223e-05, 0.0, 'ALLREDUCE', 'TP', 'INTRA', 8
'BWD_MHA', 'Compute', 11.758330977774323, 11.783753999266782, 0.025423021492460222, 'NONE', 'NONE', 'NONE', 0
'BWD_TP_COMM_INTRA', 'Comm', 11.783753999266782, 11.783770380449004, 1.6381182222222223e-05, 0.0, 'ALLREDUCE', 'TP', 'INTRA', 8
'BWD_FFN', 'Compute', 11.783770380449004, 11.78742557741761, 0.0036551969686045324, 'NONE', 'NONE', 'NONE', 0
'BWD_TP_COMM_INTRA', 'Comm', 11.78742557741761, 11.787441958599832, 1.6381182222222223e-05, 0.0, 'ALLREDUCE', 'TP', 'INTRA', 8
'BWD_MHA', 'Compute', 11.787441958599832, 11.812864980092291, 0.025423021492460222, 'NONE', 'NONE', 'NONE', 0
'BWD_TP_COMM_INTRA', 'Comm', 11.812864980092291, 11.812881361274513, 1.6381182222222223e-05, 0.0, 'ALLREDUCE', 'TP', 'INTRA', 8
'BWD_FFN', 'Compute', 11.812881361274513, 11.816536558243119, 0.0036551969686045324, 'NONE', 'NONE', 'NONE', 0
'BWD_TP_COMM_INTRA', 'Comm', 11.816536558243119, 11.81655293942534, 1.6381182222222223e-05, 0.0, 'ALLREDUCE', 'TP', 'INTRA', 8
'BWD_MHA', 'Compute', 11.81655293942534, 11.8419759609178, 0.025423021492460222, 'NONE', 'NONE', 'NONE', 0
'BWD_TP_COMM_INTRA', 'Comm', 11.8419759609178, 11.841992342100022, 1.6381182222222223e-05, 0.0, 'ALLREDUCE', 'TP', 'INTRA', 8
'BWD_FFN', 'Compute', 11.841992342100022, 11.845647539068628, 0.0036551969686045324, 'NONE', 'NONE', 'NONE', 0
'BWD_TP_COMM_INTRA', 'Comm', 11.845647539068628, 11.84566392025085, 1.6381182222222223e-05, 0.0, 'ALLREDUCE', 'TP', 'INTRA', 8
'BWD_MHA', 'Compute', 11.84566392025085, 11.87108694174331, 0.025423021492460222, 'NONE', 'NONE', 'NONE', 0
'BWD_TP_COMM_INTRA', 'Comm', 11.87108694174331, 11.871103322925531, 1.6381182222222223e-05, 0.0, 'ALLREDUCE', 'TP', 'INTRA', 8
'BWD_FFN', 'Compute', 11.871103322925531, 11.874758519894137, 0.0036551969686045324, 'NONE', 'NONE', 'NONE', 0
'BWD_TP_COMM_INTRA', 'Comm', 11.874758519894137, 11.874774901076359, 1.6381182222222223e-05, 0.0, 'ALLREDUCE', 'TP', 'INTRA', 8
'BWD_MHA', 'Compute', 11.874774901076359, 11.900197922568818, 0.025423021492460222, 'NONE', 'NONE', 'NONE', 0
'BWD_TP_COMM_INTRA', 'Comm', 11.900197922568818, 11.90021430375104, 1.6381182222222223e-05, 0.0, 'ALLREDUCE', 'TP', 'INTRA', 8
'BWD_FFN', 'Compute', 11.90021430375104, 11.903869500719646, 0.0036551969686045324, 'NONE', 'NONE', 'NONE', 0
'BWD_TP_COMM_INTRA', 'Comm', 11.903869500719646, 11.903885881901868, 1.6381182222222223e-05, 0.0, 'ALLREDUCE', 'TP', 'INTRA', 8
'BWD_PP_COMM_INTER', 'Comm', 11.903885881901868, 11.903925031447535, 3.914954566666667e-05, 0.0, 'P2P', 'PP', 'INTER', 8
'BWD_DP_COMM_INTER', 'Comm', 11.903925031447535, 11.909899526587536, 0.00597449514, 21821056512.0, 'ALLREDUCE', 'DP', 'INTER', 16
'FWD_DP_COMM_INTRA_ZERO', 'Comm', 11.909899526587536, 11.90993228895198, 3.276236444444445e-05, 2727632064.0, 'ALLREDUCE', 'DP', 'INTRA', 8
'Weight_update', 'Compute', 11.90993228895198, 11.91742174666638, 0.0074894577143988905, 'NONE', 'NONE', 'NONE', 0
'Weight_update', 'Compute', 11.91742174666638, 11.924911204380779, 0.0074894577143988905, 'NONE', 'NONE', 'NONE', 0
'Weight_update', 'Compute', 11.924911204380779, 11.932400662095178, 0.0074894577143988905, 'NONE', 'NONE', 'NONE', 0
'Weight_update', 'Compute', 11.932400662095178, 11.939890119809577, 0.0074894577143988905, 'NONE', 'NONE', 'NONE', 0
'Weight_update', 'Compute', 11.939890119809577, 11.947379577523977, 0.0074894577143988905, 'NONE', 'NONE', 'NONE', 0
'Weight_update', 'Compute', 11.947379577523977, 11.954869035238376, 0.0074894577143988905, 'NONE', 'NONE', 'NONE', 0
'Weight_update', 'Compute', 11.954869035238376, 11.962358492952776, 0.0074894577143988905, 'NONE', 'NONE', 'NONE', 0
'Weight_update', 'Compute', 11.962358492952776, 11.969847950667175, 0.0074894577143988905, 'NONE', 'NONE', 'NONE', 0
'Weight_update', 'Compute', 11.969847950667175, 11.977337408381574, 0.0074894577143988905, 'NONE', 'NONE', 'NONE', 0
'Weight_update', 'Compute', 11.977337408381574, 11.984826866095974, 0.0074894577143988905, 'NONE', 'NONE', 'NONE', 0
'Weight_update', 'Compute', 11.984826866095974, 11.992316323810373, 0.0074894577143988905, 'NONE', 'NONE', 'NONE', 0
'Weight_update', 'Compute', 11.992316323810373, 11.999805781524772, 0.0074894577143988905, 'NONE', 'NONE', 'NONE', 0
'Weight_update', 'Compute', 11.999805781524772, 12.007295239239172, 0.0074894577143988905, 'NONE', 'NONE', 'NONE', 0
'Weight_update', 'Compute', 12.007295239239172, 12.014784696953571, 0.0074894577143988905, 'NONE', 'NONE', 'NONE', 0
'Weight_update', 'Compute', 12.014784696953571, 12.02227415466797, 0.0074894577143988905, 'NONE', 'NONE', 'NONE', 0
'Weight_update', 'Compute', 12.02227415466797, 12.02976361238237, 0.0074894577143988905, 'NONE', 'NONE', 'NONE', 0
'Weight_update', 'Compute', 12.02976361238237, 12.037253070096769, 0.0074894577143988905, 'NONE', 'NONE', 'NONE', 0
'Weight_update', 'Compute', 12.037253070096769, 12.044742527811168, 0.0074894577143988905, 'NONE', 'NONE', 'NONE', 0
'Weight_update', 'Compute', 12.044742527811168, 12.052231985525568, 0.0074894577143988905, 'NONE', 'NONE', 'NONE', 0
'Weight_update', 'Compute', 12.052231985525568, 12.059721443239967, 0.0074894577143988905, 'NONE', 'NONE', 'NONE', 0
'Weight_update', 'Compute', 12.059721443239967, 12.067210900954366, 0.0074894577143988905, 'NONE', 'NONE', 'NONE', 0
'Weight_update', 'Compute', 12.067210900954366, 12.074700358668766, 0.0074894577143988905, 'NONE', 'NONE', 'NONE', 0
'Weight_update', 'Compute', 12.074700358668766, 12.082189816383165, 0.0074894577143988905, 'NONE', 'NONE', 'NONE', 0
'Weight_update', 'Compute', 12.082189816383165, 12.089679274097564, 0.0074894577143988905, 'NONE', 'NONE', 'NONE', 0
'Weight_update', 'Compute', 12.089679274097564, 12.097168731811964, 0.0074894577143988905, 'NONE', 'NONE', 'NONE', 0
'Weight_update', 'Compute', 12.097168731811964, 12.104658189526363, 0.0074894577143988905, 'NONE', 'NONE', 'NONE', 0
'Weight_update', 'Compute', 12.104658189526363, 12.112147647240763, 0.0074894577143988905, 'NONE', 'NONE', 'NONE', 0
'Weight_update', 'Compute', 12.112147647240763, 12.119637104955162, 0.0074894577143988905, 'NONE', 'NONE', 'NONE', 0
'Weight_update', 'Compute', 12.119637104955162, 12.127126562669561, 0.0074894577143988905, 'NONE', 'NONE', 'NONE', 0
'Weight_update', 'Compute', 12.127126562669561, 12.13461602038396, 0.0074894577143988905, 'NONE', 'NONE', 'NONE', 0
'Weight_update', 'Compute', 12.13461602038396, 12.14210547809836, 0.0074894577143988905, 'NONE', 'NONE', 'NONE', 0
'Weight_update', 'Compute', 12.14210547809836, 12.14959493581276, 0.0074894577143988905, 'NONE', 'NONE', 'NONE', 0
'Weight_update', 'Compute', 12.14959493581276, 12.157084393527159, 0.0074894577143988905, 'NONE', 'NONE', 'NONE', 0
'Weight_update', 'Compute', 12.157084393527159, 12.164573851241558, 0.0074894577143988905, 'NONE', 'NONE', 'NONE', 0
'Weight_update', 'Compute', 12.164573851241558, 12.172063308955957, 0.0074894577143988905, 'NONE', 'NONE', 'NONE', 0
'Weight_update', 'Compute', 12.172063308955957, 12.179552766670357, 0.0074894577143988905, 'NONE', 'NONE', 'NONE', 0
'Weight_update', 'Compute', 12.179552766670357, 12.187042224384756, 0.0074894577143988905, 'NONE', 'NONE', 'NONE', 0
'Weight_update', 'Compute', 12.187042224384756, 12.194531682099155, 0.0074894577143988905, 'NONE', 'NONE', 'NONE', 0
'Weight_update', 'Compute', 12.194531682099155, 12.202021139813555, 0.0074894577143988905, 'NONE', 'NONE', 'NONE', 0
'Weight_update', 'Compute', 12.202021139813555, 12.209510597527954, 0.0074894577143988905, 'NONE', 'NONE', 'NONE', 0
'Weight_update', 'Compute', 12.209510597527954, 12.217000055242353, 0.0074894577143988905, 'NONE', 'NONE', 'NONE', 0
'Weight_update', 'Compute', 12.217000055242353, 12.224489512956753, 0.0074894577143988905, 'NONE', 'NONE', 'NONE', 0
'Weight_update', 'Compute', 12.224489512956753, 12.231978970671152, 0.0074894577143988905, 'NONE', 'NONE', 'NONE', 0
'Weight_update', 'Compute', 12.231978970671152, 12.239468428385551, 0.0074894577143988905, 'NONE', 'NONE', 'NONE', 0
'Weight_update', 'Compute', 12.239468428385551, 12.24695788609995, 0.0074894577143988905, 'NONE', 'NONE', 'NONE', 0
'Weight_update', 'Compute', 12.24695788609995, 12.25444734381435, 0.0074894577143988905, 'NONE', 'NONE', 'NONE', 0
'Weight_update', 'Compute', 12.25444734381435, 12.26193680152875, 0.0074894577143988905, 'NONE', 'NONE', 'NONE', 0
'Weight_update', 'Compute', 12.26193680152875, 12.269426259243149, 0.0074894577143988905, 'NONE', 'NONE', 'NONE', 0
'Weight_update', 'Compute', 12.269426259243149, 12.276915716957548, 0.0074894577143988905, 'NONE', 'NONE', 'NONE', 0
'Weight_update', 'Compute', 12.276915716957548, 12.284405174671948, 0.0074894577143988905, 'NONE', 'NONE', 'NONE', 0
'Weight_update', 'Compute', 12.284405174671948, 12.291894632386347, 0.0074894577143988905, 'NONE', 'NONE', 'NONE', 0
'Weight_update', 'Compute', 12.291894632386347, 12.299384090100746, 0.0074894577143988905, 'NONE', 'NONE', 'NONE', 0
'Weight_update', 'Compute', 12.299384090100746, 12.306873547815146, 0.0074894577143988905, 'NONE', 'NONE', 'NONE', 0
'Weight_update', 'Compute', 12.306873547815146, 12.314363005529545, 0.0074894577143988905, 'NONE', 'NONE', 'NONE', 0
'Weight_update', 'Compute', 12.314363005529545, 12.321852463243944, 0.0074894577143988905, 'NONE', 'NONE', 'NONE', 0
'Weight_update', 'Compute', 12.321852463243944, 12.329341920958344, 0.0074894577143988905, 'NONE', 'NONE', 'NONE', 0
'Weight_update', 'Compute', 12.329341920958344, 12.336831378672743, 0.0074894577143988905, 'NONE', 'NONE', 'NONE', 0
'Weight_update', 'Compute', 12.336831378672743, 12.344320836387142, 0.0074894577143988905, 'NONE', 'NONE', 'NONE', 0
'Weight_update', 'Compute', 12.344320836387142, 12.351810294101542, 0.0074894577143988905, 'NONE', 'NONE', 'NONE', 0
'Weight_update', 'Compute', 12.351810294101542, 12.359299751815941, 0.0074894577143988905, 'NONE', 'NONE', 'NONE', 0
'Weight_update', 'Compute', 12.359299751815941, 12.36678920953034, 0.0074894577143988905, 'NONE', 'NONE', 'NONE', 0
'Weight_update', 'Compute', 12.36678920953034, 12.37427866724474, 0.0074894577143988905, 'NONE', 'NONE', 'NONE', 0
'Weight_update', 'Compute', 12.37427866724474, 12.38176812495914, 0.0074894577143988905, 'NONE', 'NONE', 'NONE', 0
'Weight_update', 'Compute', 12.38176812495914, 12.389257582673538, 0.0074894577143988905, 'NONE', 'NONE', 'NONE', 0
'Weight_update', 'Compute', 12.389257582673538, 12.396747040387938, 0.0074894577143988905, 'NONE', 'NONE', 'NONE', 0
'Weight_update', 'Compute', 12.396747040387938, 12.404236498102337, 0.0074894577143988905, 'NONE', 'NONE', 'NONE', 0
'Weight_update', 'Compute', 12.404236498102337, 12.411725955816737, 0.0074894577143988905, 'NONE', 'NONE', 'NONE', 0
'Weight_update', 'Compute', 12.411725955816737, 12.419215413531136, 0.0074894577143988905, 'NONE', 'NONE', 'NONE', 0
'Weight_update', 'Compute', 12.419215413531136, 12.426704871245535, 0.0074894577143988905, 'NONE', 'NONE', 'NONE', 0
'Weight_update', 'Compute', 12.426704871245535, 12.434194328959935, 0.0074894577143988905, 'NONE', 'NONE', 'NONE', 0
'Weight_update', 'Compute', 12.434194328959935, 12.441683786674334, 0.0074894577143988905, 'NONE', 'NONE', 'NONE', 0
'Weight_update', 'Compute', 12.441683786674334, 12.449173244388733, 0.0074894577143988905, 'NONE', 'NONE', 'NONE', 0
'Weight_update', 'Compute', 12.449173244388733, 12.456662702103133, 0.0074894577143988905, 'NONE', 'NONE', 'NONE', 0
'Weight_update', 'Compute', 12.456662702103133, 12.464152159817532, 0.0074894577143988905, 'NONE', 'NONE', 'NONE', 0
'Weight_update', 'Compute', 12.464152159817532, 12.471641617531931, 0.0074894577143988905, 'NONE', 'NONE', 'NONE', 0
'Weight_update', 'Compute', 12.471641617531931, 12.47913107524633, 0.0074894577143988905, 'NONE', 'NONE', 'NONE', 0
'Weight_update', 'Compute', 12.47913107524633, 12.48662053296073, 0.0074894577143988905, 'NONE', 'NONE', 'NONE', 0
'Weight_update', 'Compute', 12.48662053296073, 12.49410999067513, 0.0074894577143988905, 'NONE', 'NONE', 'NONE', 0
'Weight_update', 'Compute', 12.49410999067513, 12.501599448389529, 0.0074894577143988905, 'NONE', 'NONE', 'NONE', 0
'Weight_update', 'Compute', 12.501599448389529, 12.509088906103928, 0.0074894577143988905, 'NONE', 'NONE', 'NONE', 0
'Weight_update', 'Compute', 12.509088906103928, 12.516578363818327, 0.0074894577143988905, 'NONE', 'NONE', 'NONE', 0
'Weight_update', 'Compute', 12.516578363818327, 12.524067821532727, 0.0074894577143988905, 'NONE', 'NONE', 'NONE', 0
'Weight_update', 'Compute', 12.524067821532727, 12.531557279247126, 0.0074894577143988905, 'NONE', 'NONE', 'NONE', 0
'Weight_update', 'Compute', 12.531557279247126, 12.539046736961525, 0.0074894577143988905, 'NONE', 'NONE', 'NONE', 0
'Weight_update', 'Compute', 12.539046736961525, 12.546536194675925, 0.0074894577143988905, 'NONE', 'NONE', 'NONE', 0
'Weight_update', 'Compute', 12.546536194675925, 12.554025652390324, 0.0074894577143988905, 'NONE', 'NONE', 'NONE', 0
'Weight_update', 'Compute', 12.554025652390324, 12.561515110104724, 0.0074894577143988905, 'NONE', 'NONE', 'NONE', 0
'Weight_update', 'Compute', 12.561515110104724, 12.569004567819123, 0.0074894577143988905, 'NONE', 'NONE', 'NONE', 0
'Weight_update', 'Compute', 12.569004567819123, 12.576494025533522, 0.0074894577143988905, 'NONE', 'NONE', 'NONE', 0
'Weight_update', 'Compute', 12.576494025533522, 12.583983483247922, 0.0074894577143988905, 'NONE', 'NONE', 'NONE', 0
'Weight_update', 'Compute', 12.583983483247922, 12.591472940962321, 0.0074894577143988905, 'NONE', 'NONE', 'NONE', 0
'Weight_update', 'Compute', 12.591472940962321, 12.59896239867672, 0.0074894577143988905, 'NONE', 'NONE', 'NONE', 0
'Weight_update', 'Compute', 12.59896239867672, 12.60645185639112, 0.0074894577143988905, 'NONE', 'NONE', 'NONE', 0
'Weight_update', 'Compute', 12.60645185639112, 12.613941314105519, 0.0074894577143988905, 'NONE', 'NONE', 'NONE', 0
'Weight_update', 'Compute', 12.613941314105519, 12.621430771819918, 0.0074894577143988905, 'NONE', 'NONE', 'NONE', 0
'Weight_update', 'Compute', 12.621430771819918, 12.628920229534318, 0.0074894577143988905, 'NONE', 'NONE', 'NONE', 0
