src,dst,bytes
0,1,152644
0,2,165464
0,3,103918
0,4,166187
0,5,62233
0,6,3509184
0,7,113945
0,8,181648
0,9,88735
0,10,293547
0,11,680825
0,12,90271
0,13,152215
0,14,106060
0,15,258600
0,16,67945
0,17,289786
0,18,88120
0,19,543045
0,20,484574
0,21,73862
0,22,105402
0,23,221841
0,24,119345
0,25,568322
0,26,99731
0,27,946394
0,28,78931
0,29,90472
0,30,63045
0,31,88594
0,32,111236
0,33,428622
0,34,142266
0,35,333480
0,36,174637
0,37,88462
0,38,422205
0,39,2883103
0,40,67332
0,41,173512
0,42,681939
0,43,106195
0,44,71364
0,45,66426
0,46,335900
0,47,92008
0,48,97605
0,49,1083856
0,50,156109
0,51,88426
0,52,979997
0,53,157086
0,54,145352
0,55,232800
0,56,116822
0,57,197217
0,58,100928
0,59,67114
0,60,107791
0,61,514383
0,62,68513
0,63,69001
0,64,144224
0,65,79956
0,66,126441
0,67,112891
0,68,255554
0,69,90988
0,70,318959
0,71,78364
0,72,100671
0,73,64994
0,74,511955
0,75,77417
0,76,175714
0,77,969972
0,78,72796
0,79,67896
0,80,115374
0,81,113820
0,82,912937
0,83,457608
0,84,552752
0,85,71866
0,86,855523
0,87,309966
0,88,232852
0,89,65599
0,90,252092
0,91,472534
0,92,96976
0,93,1022846
0,94,570996
0,95,962227
0,96,68152
0,97,101649
0,98,193239
0,99,134445
0,100,98937
0,101,177400
0,102,545998
0,103,76809
0,104,426411
0,105,138835
0,106,101096
0,107,519529
0,108,725628
0,109,11701701
0,110,4668799
0,111,154396049
0,112,78846
0,113,127567
0,114,713324
0,115,108682
0,116,85158
0,117,109716
0,118,63268
0,119,79053
0,120,322503
0,121,89466
0,122,104190
0,123,115046
0,124,418226
0,125,93436
0,126,109482
0,127,88761
1,0,103330
1,2,1555652
1,3,75460
1,4,97342
1,5,80390
1,6,610994
1,7,217599
1,8,142371
1,9,70922
1,10,623379
1,11,117751
1,12,166076
1,13,244567
1,14,222650
1,15,111787
1,16,426568
1,17,145439
1,18,75093
1,19,126780
1,20,133299
1,21,67978
1,22,373248
1,23,1430701
1,24,1127113
1,25,243719
1,26,247841
1,27,64552
1,28,77232
1,29,88251
1,30,589235
1,31,68756
1,32,75962
1,33,63612
1,34,82105
1,35,251733
1,36,92626
1,37,129751
1,38,197792
1,39,1314275
1,40,273624
1,41,620865
1,42,85902
1,43,406836
1,44,282302
1,45,172609
1,46,65411
1,47,81548
1,48,76102
1,49,153630
1,50,308309
1,51,89475
1,52,247609
1,53,93660
1,54,350354
1,55,345910
1,56,294805804
1,57,409447
1,58,211140
1,59,165630
1,60,200912
1,61,91744
1,62,89691
1,63,192981
1,64,82660
1,65,130951
1,66,65997
1,67,68250
1,68,78884291
1,69,895476
1,70,204246
1,71,187227
1,72,7221523
1,73,76397
1,74,183206
1,75,123606
1,76,25396927
1,77,228470
1,78,775208
1,79,104512
1,80,1321742
1,81,795432
1,82,2733772
1,83,267413
1,84,92406
1,85,599934
1,86,100615
1,87,128502
1,88,92435
1,89,369950
1,90,4416397
1,91,126661
1,92,68861
1,93,88726
1,94,127670
1,95,77979
1,96,6173353
1,97,772863
1,98,333080
1,99,154971
1,100,79854
1,101,91547
1,102,576686
1,103,272029
1,104,123541
1,105,101445
1,106,98873
1,107,63273
1,108,90757
1,109,166832
1,110,83816
1,111,62090
1,112,127929
1,113,404112
1,114,80864
1,115,164280
1,116,116632
1,117,448474
1,118,249655
1,119,107488
1,120,105962
1,121,291734
1,122,89019
1,123,21310697
1,124,227472
1,125,293627
1,126,493055
1,127,454231
2,0,5909735
2,1,109184
2,3,744394
2,4,745706
2,5,116661
2,6,111855
2,7,89853
2,8,124851
2,9,78020
2,10,347308
2,11,124951
2,12,63878
2,13,65543
2,14,9990983
2,15,1223820
2,16,79810
2,17,109573
2,18,308831
2,19,202989
2,20,337941
2,21,82941
2,22,109404
2,23,82676
2,24,179437
2,25,81753
2,26,121339
2,27,169516
2,28,104871
2,29,62390
2,30,1445300
2,31,70150
2,32,93049
2,33,82730
2,34,1633239
2,35,235842
2,36,150520
2,37,284532
2,38,215511
2,39,86700
2,40,79578
2,41,303437
2,42,11116383
2,43,88585
2,44,128485
2,45,373865
2,46,88033
2,47,277221
2,48,2060083
2,49,202748
2,50,307617
2,51,67637
2,52,1674745
2,53,143324
2,54,65879
2,55,69202
2,56,96048
2,57,113167
2,58,768212
2,59,124505
2,60,16462343
2,61,118678
2,62,163762
2,63,155711
2,64,83144
2,65,99110
2,66,406260
2,67,186121
2,68,132964
2,69,220426
2,70,146852
2,71,114226
2,72,311638
2,73,183172
2,74,106073
2,75,92387
2,76,82552
2,77,76538
2,78,309266
2,79,437682
2,80,71352
2,81,288322
2,82,82158
2,83,226335
2,84,74313
2,85,413571
2,86,533172
2,87,275730
2,88,64904
2,89,21517096
2,90,75816
2,91,162145
2,92,80879
2,93,2021258
2,94,88198
2,95,207640
2,96,2172685
2,97,69562
2,98,119926
2,99,101321
2,100,65859
2,101,72545
2,102,76518
2,103,291577
2,104,76376
2,105,67503
2,106,62422
2,107,216596
2,108,18924951
2,109,134181
2,110,222698
2,111,191016
2,112,551994
2,113,1606006
2,114,90372
2,115,64730
2,116,964328
2,117,2568128
2,118,17401056
2,119,283042
2,120,3231275
2,121,66719
2,122,388450
2,123,10526177
2,124,463950
2,125,2474163
2,126,107501
2,127,209121
3,0,100894
3,1,235948
3,2,63699
3,4,109625
3,5,65925
3,6,76688020
3,7,96769
3,8,101028
3,9,84799
3,10,80775
3,11,111330
3,12,68447
3,13,83168
3,14,78810
3,15,587816
3,16,74957
3,17,68917
3,18,107879
3,19,240985
3,20,506298
3,21,69755
3,22,782800
3,23,72969
3,24,70647
3,25,139968
3,26,732775
3,27,66829
3,28,251315
3,29,72435
3,30,102865
3,31,131859
3,32,63206
3,33,152596
3,34,465976
3,35,178764
3,36,185640
3,37,106627
3,38,117366
3,39,124324
3,40,147120
3,41,66111
3,42,109547
3,43,7423520
3,44,221936
3,45,79246
3,46,159904
3,47,139846
3,48,64720
3,49,72581
3,50,130268
3,51,343146
3,52,790530
3,53,86828
3,54,113001
3,55,138996
3,56,200675
3,57,11633898
3,58,62325
3,59,74892
3,60,78604
3,61,1429256
3,62,65512
3,63,1177680
3,64,106146
3,65,77631
3,66,2046061
3,67,280250
3,68,273903
3,69,958744
3,70,61957
3,71,178892
3,72,130161
3,73,590946
3,74,189797
3,75,116690
3,76,75916
3,77,4240335
3,78,451772
3,79,265686
3,80,229677
3,81,63225
3,82,610083
3,83,986542
3,84,170243
3,85,244171
3,86,77314
3,87,188592
3,88,360716
3,89,62297
3,90,99611
3,91,397794
3,92,159307
3,93,89242
3,94,239339
3,95,65447
3,96,65215
3,97,206887
3,98,412385
3,99,875082
3,100,98905
3,101,525231
3,102,353338
3,103,143260
3,104,237337
3,105,400159
3,106,84016
3,107,64311
3,108,160662
3,109,266614
3,110,96634
3,111,1409303
3,112,284233
3,113,157592
3,114,234627
3,115,64969
3,116,191776
3,117,109651
3,118,122447
3,119,162842
3,120,82894
3,121,108656
3,122,70386
3,123,79891
3,124,128241
3,125,1765950
3,126,137244
3,127,68103
4,0,176117
4,1,105245
4,2,75420
4,3,67767
4,5,62511
4,6,62030
4,7,343780
4,8,75763
4,9,3501705
4,10,66940
4,11,439170
4,12,77458
4,13,392058
4,14,105730
4,15,803393
4,16,78238
4,17,73830
4,18,72526
4,19,181189
4,20,121859
4,21,68912
4,22,292993
4,23,1031512
4,24,79949
4,25,62707
4,26,65609
4,27,173210
4,28,117676
4,29,326312
4,30,189441
4,31,77742
4,32,172012
4,33,79789
4,34,70438
4,35,105913
4,36,76666
4,37,77341
4,38,138734
4,39,77770
4,40,637215
4,41,290096
4,42,91463
4,43,69869
4,44,183944
4,45,573422
4,46,25117585
4,47,189975
4,48,367901
4,49,140214
4,50,89152
4,51,64974
4,52,1033899
4,53,413868
4,54,61049999
4,55,63771
4,56,116515
4,57,91072
4,58,106751
4,59,101107
4,60,190333
4,61,213371
4,62,570459
4,63,848255
4,64,76002
4,65,94427
4,66,852154
4,67,171982
4,68,165077
4,69,80088
4,70,279813
4,71,105596
4,72,1395361
4,73,96130
4,74,109016
4,75,339902
4,76,90308
4,77,76768
4,78,94765
4,79,189405
4,80,71175
4,81,1845713
4,82,170917
4,83,226483
4,84,136248
4,85,146231
4,86,353227
4,87,827116
4,88,92027
4,89,540121
4,90,1475332
4,91,196076
4,92,241650
4,93,106838
4,94,352560
4,95,63863
4,96,162486120
4,97,340629
4,98,4229759
4,99,218935
4,100,128607
4,101,1132743
4,102,188839
4,103,68206
4,104,252573
4,105,85372
4,106,101456
4,107,2246470
4,108,162359
4,109,258349
4,110,249067
4,111,330598
4,112,477322
4,113,169487
4,114,1625895
4,115,544272
4,116,82366
4,117,75552
4,118,88006
4,119,135533
4,120,989476
4,121,3570080
4,122,130465
4,123,221178
4,124,94407
4,125,65844
4,126,64033
4,127,115632
5,0,90408
5,1,90454
5,2,1034697
5,3,627503
5,4,82212
5,6,773331
5,7,98593
5,8,79730
5,9,596425
5,10,204818
5,11,3825495
5,12,86998
5,13,92808
5,14,118483
5,15,68294
5,16,312703
5,17,645185
5,18,77951
5,19,72888
5,20,71752
5,21,115618
5,22,134011
5,23,194276
5,24,90979
5,25,370922
5,26,78995
5,27,274673
5,28,192908
5,29,166383
5,30,256975
5,31,68906
5,32,266414
5,33,231408
5,34,178509
5,35,4450907
5,36,92178
5,37,1545594
5,38,71453
5,39,393748081
5,40,113236
5,41,80857
5,42,89989
5,43,97384
5,44,551742
5,45,179308
5,46,2563907
5,47,65655
5,48,597298
5,49,104392
5,50,63373
5,51,62455
5,52,122767
5,53,75355
5,54,6368811
5,55,422823
5,56,73704
5,57,416563
5,58,84782
5,59,1466203
5,60,360947
5,61,70433
5,62,79971
5,63,141202
5,64,92549
5,65,370193
5,66,4991520
5,67,64321
5,68,578330
5,69,248015
5,70,63017
5,71,73074
5,72,67460
5,73,401282
5,74,96469
5,75,65726
5,76,172340
5,77,212272
5,78,217691
5,79,572611
5,80,75624
5,81,129221
5,82,84491
5,83,12575568
5,84,75909
5,85,672759
5,86,149985
5,87,134407
5,88,67359
5,89,530344
5,90,77026
5,91,876258
5,92,96232
5,93,3516691
5,94,95156
5,95,64257
5,96,45040158
5,97,376851
5,98,67557
5,99,285735
5,100,76904
5,101,777566
5,102,307876
5,103,68370
5,104,67375
5,105,66369
5,106,76122
5,107,633623
5,108,210664
5,109,102552
5,110,527312
5,111,89971
5,112,123573
5,113,105172
5,114,118019
5,115,381413
5,116,147951
5,117,1631397
5,118,94536
5,119,71039
5,120,75982
5,121,233893
5,122,83475
5,123,72022
5,124,131749
5,125,93875
5,126,157263
5,127,126069
6,0,182972
6,1,516386
6,2,101468
6,3,124128
6,4,69512
6,5,152310
6,7,92378
6,8,129080
6,9,7667407
6,10,85952
6,11,384512
6,12,143430
6,13,682311
6,14,143580
6,15,676404
6,16,123817
6,17,1029926
6,18,1448252
6,19,125885
6,20,218288
6,21,126272
6,22,86709
6,23,62885
6,24,210578
6,25,110996
6,26,137817
6,27,114804
6,28,155168
6,29,741349
6,30,281126
6,31,137956
6,32,594107
6,33,396414
6,34,14231282
6,35,909773
6,36,652653
6,37,77163
6,38,63839
6,39,104679
6,40,109197
6,41,259167
6,42,84726
6,43,510202
6,44,75532
6,45,101876
6,46,165547
6,47,145680
6,48,123931
6,49,8688903
6,50,374731
6,51,641510
6,52,340838
6,53,267547
6,54,104488
6,55,102242
6,56,160846
6,57,198255
6,58,102414
6,59,150264
6,60,115791
6,61,162976
6,62,186845
6,63,87418
6,64,62381
6,65,475396
6,66,586403
6,67,124571
6,68,155885
6,69,181615
6,70,348390
6,71,78216
6,72,376475
6,73,111183
6,74,105390
6,75,2619791
6,76,882778
6,77,97018
6,78,177747
6,79,445390
6,80,422669
6,81,74390
6,82,626866
6,83,84677
6,84,264175
6,85,248307
6,86,68255
6,87,112085
6,88,245821
6,89,65777
6,90,79752
6,91,156259
6,92,84750
6,93,672034
6,94,101762
6,95,225991
6,96,77923
6,97,100715
6,98,510858
6,99,69568
6,100,808952
6,101,100072
6,102,467833
6,103,243325
6,104,94985
6,105,244681
6,106,361876
6,107,434244
6,108,117691
6,109,184619
6,110,121449
6,111,360138
6,112,71854
6,113,379246
6,114,156784
6,115,65772
6,116,539153
6,117,119162
6,118,89817
6,119,1313038
6,120,113569
6,121,2502085
6,122,105999
6,123,87280
6,124,83896
6,125,112221
6,126,192432
6,127,246799
7,0,136520
7,1,105987
7,2,303943
7,3,280177
7,4,105633
7,5,77170
7,6,75942
7,8,306498
7,9,146165
7,10,340213
7,11,254940
7,12,663803
7,13,300431
7,14,62108
7,15,75237
7,16,3330611
7,17,86312
7,18,377856
7,19,101967
7,20,122927
7,21,69921
7,22,113513
7,23,412681
7,24,271616
7,25,66588
7,26,458145
7,27,74621
7,28,100793
7,29,191812
7,30,119314
7,31,1457177
7,32,95610
7,33,96686
7,34,963627
7,35,91800
7,36,850479
7,37,65109
7,38,127895
7,39,273763
7,40,64725
7,41,79139
7,42,136754
7,43,260625
7,44,143239
7,45,107841
7,46,305727
7,47,144786
7,48,157896
7,49,264437
7,50,85578
7,51,171804
7,52,363512
7,53,62044
7,54,428464
7,55,1081254
7,56,82189
7,57,73597
7,58,139643
7,59,354679
7,60,12975841
7,61,247899
7,62,169256
7,63,85043
7,64,110031
7,65,1871415
7,66,143217
7,67,68054
7,68,160583
7,69,305301
7,70,90216
7,71,777093
7,72,167567
7,73,94013
7,74,75054
7,75,105269
7,76,1079525
7,77,170331
7,78,67306
7,79,87538
7,80,103377
7,81,79643
7,82,286871
7,83,78974
7,84,183541
7,85,327567
7,86,558627
7,87,81860
7,88,155266
7,89,214392
7,90,386340
7,91,146696
7,92,565144
7,93,197524
7,94,91979
7,95,105124
7,96,151316
7,97,607968
7,98,126458
7,99,78895
7,100,65004
7,101,3008075
7,102,125801
7,103,922549
7,104,148358
7,105,666288
7,106,178636
7,107,72808
7,108,1289937
7,109,929062
7,110,87737
7,111,73385
7,112,181320
7,113,3095054
7,114,15966625
7,115,90353
7,116,197179
7,117,134426
7,118,99121
7,119,938989
7,120,317031
7,121,192067
7,122,2419999
7,123,72685
7,124,449165
7,125,218058
7,126,160190
7,127,72216
8,0,296831
8,1,427514
8,2,222364
8,3,81647
8,4,72734
8,5,731927
8,6,96191
8,7,133635
8,9,72612
8,10,472344
8,11,63675
8,12,535549
8,13,70770
8,14,102276
8,15,100006
8,16,127190
8,17,955284
8,18,526154
8,19,471965
8,20,152859
8,21,86990
8,22,98529
8,23,370435
8,24,285133
8,25,506513
8,26,152548
8,27,5702327
8,28,118453
8,29,151034
8,30,577781
8,31,68812
8,32,437847
8,33,891814
8,34,140830
8,35,1726356
8,36,80154
8,37,274813
8,38,350025
8,39,1330551
8,40,238849
8,41,314944
8,42,250246
8,43,187715
8,44,132299
8,45,102749
8,46,166860
8,47,106331
8,48,208357
8,49,73875
8,50,76781
8,51,287939
8,52,2494049
8,53,69972
8,54,222031
8,55,118618
8,56,99600
8,57,272513
8,58,70624
8,59,96821
8,60,100227
8,61,129256
8,62,267614
8,63,275659
8,64,66463
8,65,267480
8,66,414166
8,67,1090853
8,68,199771
8,69,107037
8,70,167340
8,71,114663
8,72,88085
8,73,823949
8,74,2427603
8,75,293785
8,76,222602
8,77,121418
8,78,145243
8,79,78590
8,80,138694
8,81,1883316
8,82,87495
8,83,71722
8,84,894864
8,85,259546
8,86,236694
8,87,83019
8,88,513056
8,89,305130
8,90,196798
8,91,184992
8,92,220613
8,93,127121
8,94,100028
8,95,2668849
8,96,79760
8,97,2393725
8,98,111909
8,99,67082
8,100,371287
8,101,68563
8,102,3042322
8,103,85686
8,104,218012
8,105,420360
8,106,81089
8,107,105475
8,108,67632
8,109,257162
8,110,96089
8,111,647545
8,112,151410
8,113,313954
8,114,72636
8,115,130987
8,116,270043
8,117,723136
8,118,8610566
8,119,66458
8,120,138815
8,121,125784
8,122,253358
8,123,62857
8,124,96852
8,125,90436
8,126,181549
8,127,79934
9,0,150009
9,1,268621
9,2,98539
9,3,91885
9,4,956665
9,5,104285
9,6,76135
9,7,81518
9,8,588950
9,10,316211
9,11,95570
9,12,87720
9,13,131932
9,14,107690
9,15,87963
9,16,122303
9,17,202506
9,18,62288
9,19,451074
9,20,86947
9,21,73391
9,22,10813903
9,23,991688
9,24,402834
9,25,255862
9,26,138554
9,27,175652
9,28,85347
9,29,81814
9,30,372633
9,31,235101
9,32,118663
9,33,31608120
9,34,121938
9,35,77596
9,36,308396
9,37,3773487
9,38,1111436
9,39,104048
9,40,202828
9,41,76169
9,42,124095
9,43,169545
9,44,74447
9,45,69966
9,46,81738
9,47,757256
9,48,420054
9,49,67141
9,50,151269
9,51,82451
9,52,187645
9,53,173120
9,54,81495
9,55,222078
9,56,245650
9,57,1213046
9,58,159956
9,59,141409
9,60,190620
9,61,85240
9,62,398765
9,63,86734
9,64,80139
9,65,72095
9,66,95267
9,67,1011241
9,68,63416
9,69,151788
9,70,239503
9,71,1234772
9,72,207095
9,73,209419
9,74,314673
9,75,110518
9,76,203151
9,77,83042
9,78,85150
9,79,163544
9,80,121796
9,81,130322
9,82,62974
9,83,226828
9,84,195736
9,85,105293
9,86,223369
9,87,65762
9,88,71543
9,89,70904
9,90,112864
9,91,211922
9,92,62200
9,93,1144159
9,94,71932
9,95,323732
9,96,700614
9,97,400860
9,98,146897
9,99,872154
9,100,156234
9,101,73900
9,102,133617
9,103,282376
9,104,336714
9,105,67594
9,106,81254
9,107,98294
9,108,778039
9,109,96593
9,110,5214732
9,111,2925475
9,112,81186
9,113,120141
9,114,89645
9,115,3731128
9,116,208654
9,117,112740
9,118,70294
9,119,696727
9,120,108861
9,121,307272
9,122,65792
9,123,75743
9,124,182939
9,125,611298
9,126,62590
9,127,79927
10,0,123997
10,1,14038534
10,2,77853
10,3,141868
10,4,431175
10,5,86540
10,6,127464
10,7,76754
10,8,70758
10,9,174760
10,11,127395
10,12,86887
10,13,227373
10,14,83769
10,15,261906
10,16,254086
10,17,129911
10,18,110465
10,19,263198
10,20,5988619
10,21,66049
10,22,1197206
10,23,194387
10,24,85438
10,25,183910
10,26,161692
10,27,1018175
10,28,9503649
10,29,111290
10,30,112974
10,31,110214
10,32,1347200
10,33,91379
10,34,68305
10,35,161030
10,36,117944
10,37,68173
10,38,69084
10,39,95793
10,40,652997
10,41,196988
10,42,67204
10,43,141472
10,44,399740
10,45,172519
10,46,17123012
10,47,165714
10,48,65225
10,49,65290
10,50,84345
10,51,167851
10,52,66614
10,53,65961
10,54,96058
10,55,1519347
10,56,564092
10,57,215556
10,58,76363
10,59,73316
10,60,124736
10,61,52464708
10,62,103765
10,63,63088
10,64,81624
10,65,911669
10,66,308136
10,67,128975
10,68,136190
10,69,123121
10,70,82305
10,71,330894
10,72,1749078
10,73,111210
10,74,4694219
10,75,99404
10,76,70822
10,77,177937
10,78,69432
10,79,116369
10,80,483583
10,81,131658
10,82,123622
10,83,292048
10,84,1182761
10,85,85281
10,86,231819
10,87,744831
10,88,193460
10,89,356482
10,90,203555
10,91,325447
10,92,77652
10,93,93184
10,94,247145
10,95,90034
10,96,423133
10,97,115074
10,98,68546
10,99,139582
10,100,164417
10,101,181025
10,102,94905
10,103,93378
10,104,3168020
10,105,126356
10,106,63593
10,107,312882
10,108,125133
10,109,92254
10,110,125283
10,111,11909525
10,112,70799
10,113,114592
10,114,130375
10,115,345162
10,116,480043
10,117,635251
10,118,74866
10,119,62039
10,120,71252
10,121,72851
10,122,182540
10,123,148699
10,124,918682
10,125,91500
10,126,179276
10,127,75843
11,0,1045988
11,1,119696
11,2,130878
11,3,63931
11,4,87677
11,5,85512
11,6,75975
11,7,724380
11,8,75684
11,9,257536
11,10,145090
11,12,87841
11,13,119620
11,14,129133
11,15,91491
11,16,322974
11,17,70811
11,18,143281
11,19,94666
11,20,252152
11,21,166467
11,22,307444
11,23,99317
11,24,131077
11,25,414614
11,26,73579
11,27,244738
11,28,86531
11,29,147725
11,30,95489
11,31,96872
11,32,73024
11,33,62777
11,34,82143
11,35,567259
11,36,149065
11,37,227125
11,38,66824
11,39,168050
11,40,12124216
11,41,649239
11,42,113652
11,43,684177
11,44,363629
11,45,96325
11,46,9101002
11,47,125583
11,48,124620
11,49,81708
11,50,67772
11,51,151245
11,52,85736
11,53,106306
11,54,131622
11,55,161109
11,56,966438
11,57,472724
11,58,182606
11,59,137481
11,60,182010
11,61,170506
11,62,82645
11,63,261264
11,64,169981
11,65,1299572
11,66,1186856
11,67,71471
11,68,341988
11,69,115188
11,70,150357
11,71,62159
11,72,851595
11,73,189476
11,74,114127
11,75,1008949
11,76,115460
11,77,1324248
11,78,87998
11,79,525923
11,80,165049
11,81,257973
11,82,104775
11,83,80619
11,84,111693
11,85,133804
11,86,476550
11,87,111023
11,88,753667
11,89,125969
11,90,10042241
11,91,925144
11,92,122383
11,93,133673
11,94,367302
11,95,84257
11,96,1283981
11,97,1540610
11,98,232386
11,99,693263
11,100,184416
11,101,87195
11,102,138334
11,103,117885
11,104,802891
11,105,77576
11,106,227721
11,107,81014
11,108,411205
11,109,71382
11,110,96551
11,111,399321
11,112,205147
11,113,202026
11,114,206013
11,115,76727
11,116,124373
11,117,90171
11,118,77445
11,119,837292
11,120,634599
11,121,72728
11,122,201468
11,123,480825
11,124,89349
11,125,62913
11,126,140974
11,127,65808
12,0,75342
12,1,564618
12,2,83239
12,3,91192
12,4,155588
12,5,453350
12,6,149708
12,7,18761688
12,8,70869
12,9,67853
12,10,102426
12,11,146585
12,13,66204
12,14,516609
12,15,296105
12,16,111950
12,17,187820
12,18,206304
12,19,124884
12,20,161718
12,21,99874
12,22,235524
12,23,199263
12,24,288783
12,25,114875
12,26,71531
12,27,163925
12,28,86304
12,29,559661
12,30,97805
12,31,82436
12,32,158843
12,33,130969
12,34,99415
12,35,198293
12,36,265620
12,37,100626
12,38,289014
12,39,133860
12,40,179019
12,41,64829
12,42,423599
12,43,99578
12,44,272098
12,45,133710
12,46,74582
12,47,157769
12,48,106392
12,49,700224
12,50,2157231
12,51,78562
12,52,753221
12,53,64676
12,54,120018
12,55,172909
12,56,62168
12,57,265093
12,58,210405
12,59,78696
12,60,144873
12,61,175993
12,62,245022
12,63,90445
12,64,373618
12,65,191522
12,66,242094
12,67,194201
12,68,115103
12,69,83721
12,70,72962
12,71,129787
12,72,102795
12,73,160138
12,74,258161
12,75,817163
12,76,66541
12,77,407414
12,78,75387
12,79,68856
12,80,343463
12,81,91781
12,82,108605
12,83,82715
12,84,64587
12,85,92416
12,86,134275
12,87,86161
12,88,66069
12,89,98379
12,90,219771
12,91,81261
12,92,355016
12,93,219027
12,94,255492
12,95,131640
12,96,113070
12,97,84402
12,98,667359
12,99,1019727
12,100,145966
12,101,118213
12,102,72642
12,103,864626
12,104,263914
12,105,552499
12,106,605268
12,107,157541
12,108,93097
12,109,131767
12,110,112439
12,111,63999
12,112,2357087
12,113,105438
12,114,137758
12,115,2655304
12,116,1885713
12,117,1400907
12,118,86811
12,119,64238
12,120,530110
12,121,70479
12,122,100493
12,123,91566
12,124,69219
12,125,79585
12,126,153969
12,127,94042
13,0,85869
13,1,81269
13,2,202627
13,3,228270
13,4,201269
13,5,267080
13,6,294024
13,7,519981
13,8,93242
13,9,32472107
13,10,835670
13,11,152334
13,12,87306
13,14,779937
13,15,658185
13,16,70957
13,17,78867
13,18,123671
13,19,199810
13,20,1527461
13,21,505438
13,22,196114
13,23,126797
13,24,821327
13,25,126475
13,26,173090
13,27,241594
13,28,112194
13,29,97101
13,30,134635
13,31,64859
13,32,62478
13,33,120157
13,34,675306
13,35,86002
13,36,254512
13,37,275095
13,38,79913
13,39,1024411
13,40,982170
13,41,276722
13,42,224043
13,43,107715
13,44,77184
13,45,606765
13,46,178286
13,47,229173
13,48,82521
13,49,71650
13,50,99262
13,51,446413
13,52,123266
13,53,88806
13,54,73049
13,55,63950
13,56,181156
13,57,142350
13,58,68179
13,59,69040
13,60,604373
13,61,10755211
13,62,327761
13,63,235154
13,64,308570
13,65,365161
13,66,67130
13,67,101332
13,68,139036
13,69,116282
13,70,113931
13,71,78146
13,72,301510
13,73,208273
13,74,130788
13,75,2641884
13,76,2677950
13,77,79124
13,78,69489
13,79,133879
13,80,106368
13,81,228972
13,82,78597
13,83,167510
13,84,104895
13,85,93164
13,86,92102
13,87,399043
13,88,95844
13,89,123169
13,90,82335
13,91,167312
13,92,86438
13,93,83388
13,94,97112
13,95,133486
13,96,120203
13,97,659581
13,98,105076
13,99,187053
13,100,184517
13,101,62810
13,102,258098
13,103,203474
13,104,76748
13,105,83011
13,106,80820
13,107,100315
13,108,75499
13,109,799892
13,110,508243
13,111,107702
13,112,117528
13,113,84669
13,114,2236587
13,115,102047
13,116,490401
13,117,172221
13,118,146209
13,119,92933
13,120,397103
13,121,683803
13,122,112276
13,123,200952
13,124,65833
13,125,71806
13,126,63192
13,127,64242
14,0,111063
14,1,701788
14,2,82243
14,3,77465
14,4,1811691
14,5,158075
14,6,80663
14,7,114268
14,8,961529
14,9,5325263
14,10,619615
14,11,108489
14,12,265225
14,13,82251
14,15,84000
14,16,90951
14,17,70653
14,18,113305
14,19,149225
14,20,79060
14,21,540606
14,22,100249
14,23,85727
14,24,82839
14,25,121748
14,26,100648
14,27,123428
14,28,73988
14,29,159126
14,30,145374
14,31,68398
14,32,556315
14,33,105305
14,34,95905
14,35,138434
14,36,1259508
14,37,98991
14,38,280031
14,39,477903
14,40,102253
14,41,68895
14,42,94507
14,43,63354
14,44,198409
14,45,228520
14,46,155414
14,47,176180
14,48,281346
14,49,69864
14,50,67077
14,51,138016
14,52,95519
14,53,73223
14,54,179759
14,55,88374
14,56,302011
14,57,923197
14,58,101006
14,59,159644
14,60,151811
14,61,51417170
14,62,65915
14,63,62339
14,64,184112
14,65,840554
14,66,150287
14,67,166664
14,68,111869
14,69,148540
14,70,63325
14,71,113112
14,72,403970
14,73,127826
14,74,94141
14,75,262357
14,76,102002
14,77,121010
14,78,227771
14,79,62399
14,80,69140
14,81,677872
14,82,275447
14,83,103237
14,84,101865
14,85,953906
14,86,111089
14,87,106085
14,88,227175
14,89,74595
14,90,1016626
14,91,181681
14,92,76491
14,93,67794
14,94,212754
14,95,154334
14,96,63069
14,97,62076
14,98,93010
14,99,100515
14,100,74422
14,101,83856
14,102,99534
14,103,209505
14,104,68601
14,105,70462
14,106,69208
14,107,65487
14,108,131840
14,109,1287549
14,110,1163662
14,111,183742
14,112,131440
14,113,114141
14,114,82575
14,115,194648
14,116,66183
14,117,612823
14,118,240105
14,119,220801
14,120,314134
14,121,174393
14,122,97237
14,123,98840
14,124,185265
14,125,109430
14,126,2650816
14,127,87469
15,0,68984
15,1,91397
15,2,588666
15,3,184179
15,4,215107
15,5,76639
15,6,119193
15,7,131421
15,8,429417
15,9,524082
15,10,1627725
15,11,109249
15,12,78533
15,13,91687
15,14,178349
15,16,237498
15,17,143111
15,18,377605
15,19,239612
15,20,64582
15,21,409593
15,22,1922348
15,23,104787
15,24,93738
15,25,84474
15,26,233945
15,27,164389
15,28,65823
15,29,64656
15,30,103144
15,31,180504
15,32,331190
15,33,83129
15,34,172579
15,35,76585
15,36,625594
15,37,89501
15,38,103518
15,39,98272
15,40,66421
15,41,1934851
15,42,84661
15,43,66085
15,44,74147
15,45,306583
15,46,511515
15,47,173967
15,48,162171
15,49,78174
15,50,101411
15,51,93368
15,52,154505
15,53,64537
15,54,100961
15,55,101933
15,56,82902
15,57,104955
15,58,1319244
15,59,126289
15,60,185401
15,61,70047
15,62,108823
15,63,1467717
15,64,76424
15,65,208188
15,66,418378
15,67,296670
15,68,88242
15,69,1357637
15,70,127584
15,71,85769
15,72,152238
15,73,81029
15,74,79535
15,75,555548
15,76,343886
15,77,430535
15,78,94299
15,79,258977
15,80,75041
15,81,541092
15,82,107350
15,83,142077
15,84,319328
15,85,147053
15,86,569656
15,87,394497
15,88,123899
15,89,197332
15,90,1211978
15,91,125266
15,92,67263
15,93,64390
15,94,66703
15,95,82769
15,96,521114
15,97,93767
15,98,354567
15,99,152191
15,100,74776
15,101,73018
15,102,66121
15,103,512395
15,104,6795723
15,105,109677
15,106,63936
15,107,161506
15,108,80110
15,109,1228179
15,110,72143
15,111,118558
15,112,149639
15,113,134730
15,114,116617
15,115,77013
15,116,755906
15,117,85339
15,118,157187
15,119,82281
15,120,584716
15,121,67761
15,122,377353
15,123,80176
15,124,1088219
15,125,302345
15,126,121843
15,127,94945
16,0,72004
16,1,127070
16,2,97426
16,3,205558
16,4,79239
16,5,1262952
16,6,198913
16,7,465791
16,8,65064
16,9,302261
16,10,331487
16,11,67284
16,12,79203
16,13,1032307
16,14,71507
16,15,500754
16,17,76951
16,18,110505
16,19,349152
16,20,69858
16,21,502024
16,22,1012774
16,23,455115
16,24,145286
16,25,179726
16,26,332880
16,27,1115089
16,28,66840
16,29,385293
16,30,83317
16,31,87092
16,32,11434746
16,33,375726
16,34,134256
16,35,126695
16,36,135610
16,37,246395
16,38,10639564
16,39,2416213
16,40,39977130
16,41,110703
16,42,27200035
16,43,92904
16,44,90960
16,45,110969
16,46,1124317
16,47,82668
16,48,320815
16,49,112344
16,50,112180
16,51,2386314
16,52,62697
16,53,76931
16,54,106405
16,55,135648
16,56,108887
16,57,590374
16,58,223657
16,59,115032
16,60,1260654
16,61,97541
16,62,120419
16,63,141993
16,64,1802812
16,65,103050
16,66,188733
16,67,278728
16,68,940998
16,69,1570966
16,70,111518
16,71,5776183
16,72,84872
16,73,387524
16,74,134673
16,75,112576
16,76,88965
16,77,72234
16,78,66924
16,79,101651776
16,80,75191
16,81,589804
16,82,112004
16,83,107538
16,84,112072
16,85,139602
16,86,93504
16,87,396827
16,88,91847
16,89,294741
16,90,76029
16,91,3392941
16,92,2382625
16,93,484177
16,94,319606
16,95,111250
16,96,142772
16,97,73667
16,98,512615
16,99,70340
16,100,746144
16,101,91267
16,102,82420
16,103,137837
16,104,88550
16,105,135899
16,106,105535
16,107,292835
16,108,132078
16,109,1525832
16,110,4157056
16,111,160008
16,112,266946
16,113,85587
16,114,283860
16,115,171330
16,116,308223
16,117,73811
16,118,625276
16,119,494701
16,120,739189
16,121,105463
16,122,116021
16,123,3640943
16,124,787615
16,125,347632
16,126,6745724
16,127,77177
17,0,69932
17,1,93465
17,2,209633
17,3,504794
17,4,111882
17,5,112809
17,6,180309
17,7,1876159
17,8,109003
17,9,67907
17,10,185846
17,11,92055
17,12,238470
17,13,83640705
17,14,97091
17,15,72046
17,16,145527
17,18,109223
17,19,1215187
17,20,140644
17,21,1532368
17,22,199575
17,23,423443
17,24,97742
17,25,71489
17,26,82622
17,27,127947
17,28,79593
17,29,251793
17,30,190118
17,31,694030
17,32,203596
17,33,168107
17,34,120481
17,35,178222
17,36,170770
17,37,247087
17,38,203029
17,39,172639
17,40,91416
17,41,53552048
17,42,186258
17,43,182076
17,44,97436
17,45,69393
17,46,147366
17,47,285886
17,48,208484
17,49,209036
17,50,230744
17,51,126492
17,52,85752
17,53,1275727
17,54,205889
17,55,87573
17,56,67664
17,57,216097
17,58,87058
17,59,67051
17,60,431015
17,61,297642
17,62,1054191
17,63,316575
17,64,243438
17,65,943689
17,66,16211011
17,67,105220
17,68,91388
17,69,474821
17,70,70981
17,71,73067
17,72,151859
17,73,132779
17,74,602294
17,75,81284
17,76,190404
17,77,310492
17,78,101672
17,79,95236
17,80,110889
17,81,1062514
17,82,90628
17,83,69630
17,84,140316
17,85,155217
17,86,369466
17,87,594685
17,88,65941
17,89,421588
17,90,7827421
17,91,123525
17,92,97290
17,93,931032
17,94,79564
17,95,80051
17,96,68195
17,97,270793
17,98,202346
17,99,509983
17,100,131585
17,101,389779
17,102,182872
17,103,68223
17,104,362575
17,105,78322
17,106,67519
17,107,217416
17,108,2446806
17,109,81952
17,110,85306
17,111,88823
17,112,185675
17,113,73723
17,114,353784
17,115,94845
17,116,200045
17,117,288860
17,118,388052
17,119,78083
17,120,180050
17,121,789070
17,122,404255
17,123,329321
17,124,599346
17,125,72593
17,126,1770215
17,127,80805
18,0,72065
18,1,74364
18,2,73786
18,3,70496
18,4,62956
18,5,115719
18,6,132834
18,7,477129
18,8,68097
18,9,70075
18,10,167001
18,11,94885
18,12,66546
18,13,296266
18,14,86237
18,15,73061
18,16,76693
18,17,458504
18,19,99929
18,20,4219230
18,21,117602
18,22,68075
18,23,133355
18,24,91725
18,25,114029
18,26,459764
18,27,151198
18,28,97133
18,29,87885
18,30,142519
18,31,275377
18,32,66090
18,33,155489
18,34,225844
18,35,71418
18,36,62646
18,37,7394032
18,38,64493
18,39,390179
18,40,712920
18,41,63805
18,42,141493
18,43,3479445
18,44,102679
18,45,110796
18,46,180699
18,47,144483
18,48,229274
18,49,1194084
18,50,94556
18,51,67821
18,52,10146216
18,53,831373
18,54,140132
18,55,133262
18,56,140398
18,57,446756
18,58,15162121
18,59,148836
18,60,178318
18,61,1878539
18,62,125366
18,63,134049
18,64,12421739
18,65,65209
18,66,86726
18,67,175405
18,68,244851
18,69,704936
18,70,65295
18,71,132557
18,72,277722
18,73,147075
18,74,88753
18,75,106988
18,76,64611
18,77,617749
18,78,104943
18,79,134389
18,80,92159
18,81,118125638
18,82,285584
18,83,76979
18,84,237015
18,85,88409
18,86,88277
18,87,344736
18,88,154456
18,89,211010
18,90,72630
18,91,804399
18,92,177274
18,93,142098
18,94,508026
18,95,67327
18,96,619304
18,97,813039
18,98,184483
18,99,176553
18,100,87824
18,101,92188
18,102,338249
18,103,110307
18,104,92502
18,105,90794
18,106,64681
18,107,108171
18,108,221084
18,109,3180489
18,110,2801651
18,111,235683
18,112,73610
18,113,83657
18,114,142245
18,115,80478
18,116,118528
18,117,65014
18,118,3442915
18,119,209761
18,120,73818
18,121,76269
18,122,87772
18,123,342408
18,124,85027
18,125,401704
18,126,205394
18,127,63003
19,0,64208
19,1,71299
19,2,108413
19,3,203717
19,4,110044
19,5,181517
19,6,341046
19,7,145330
19,8,217005
19,9,68995
19,10,177621
19,11,126865
19,12,137996
19,13,653684
19,14,135996
19,15,98647
19,16,86921
19,17,468579
19,18,195397
19,20,629745
19,21,941669
19,22,99089
19,23,253843
19,24,667716
19,25,69107
19,26,74281
19,27,108707
19,28,179501
19,29,318038
19,30,879803
19,31,269500
19,32,207179
19,33,134143
19,34,105088
19,35,176024
19,36,156734
19,37,282820
19,38,235365
19,39,103894
19,40,77930
19,41,115560
19,42,2263120
19,43,126322
19,44,113430
19,45,973531
19,46,157947
19,47,207137
19,48,471209
19,49,101310
19,50,1196164
19,51,88950697
19,52,163816
19,53,291343
19,54,62177
19,55,83452
19,56,272582
19,57,114989
19,58,1179708
19,59,82738
19,60,114762
19,61,90289
19,62,67061
19,63,130860
19,64,2145011
19,65,164444
19,66,108592
19,67,74705
19,68,231665
19,69,115160
19,70,64189
19,71,75002
19,72,66787
19,73,175931
19,74,65910
19,75,129380
19,76,101513
19,77,74840
19,78,115288
19,79,318130
19,80,254147
19,81,359562
19,82,169458
19,83,159825
19,84,141826
19,85,215917
19,86,1476863
19,87,77514
19,88,103319
19,89,63607
19,90,65619
19,91,255615
19,92,264633
19,93,97879
19,94,630067
19,95,238958
19,96,62838
19,97,144960
19,98,2559699
19,99,156885
19,100,1796205
19,101,119987
19,102,135016
19,103,707712
19,104,4681478
19,105,157973
19,106,2037731
19,107,1171634
19,108,163517
19,109,164554
19,110,4606341
19,111,64572
19,112,76551
19,113,65477
19,114,808443
19,115,160347
19,116,160269
19,117,163843
19,118,436038
19,119,158330
19,120,119513
19,121,94388
19,122,120870
19,123,91276
19,124,95854
19,125,470643
19,126,226433
19,127,365398
20,0,275236
20,1,885171
20,2,81822
20,3,363747
20,4,111384
20,5,445219
20,6,103004
20,7,163138
20,8,200557
20,9,2088662
20,10,89045
20,11,109495
20,12,64272
20,13,68299
20,14,98808
20,15,1478398
20,16,166523
20,17,105572
20,18,512175
20,19,64770
20,21,275588
20,22,100083
20,23,487171
20,24,106950
20,25,86955
20,26,63008
20,27,80641
20,28,635578
20,29,139562
20,30,69698
20,31,82258
20,32,383344
20,33,68817
20,34,124835
20,35,80701
20,36,2097378
20,37,846594
20,38,88172
20,39,78055
20,40,500122
20,41,73698
20,42,114691
20,43,67353
20,44,304875
20,45,66698
20,46,343674
20,47,475780
20,48,242708
20,49,94249
20,50,68233
20,51,95388
20,52,64999
20,53,64949
20,54,151010
20,55,66095
20,56,354791
20,57,114705
20,58,223850
20,59,82082
20,60,97363
20,61,75862
20,62,281860
20,63,774268
20,64,7993665
20,65,26573555
20,66,128224
20,67,87946
20,68,175436
20,69,792484
20,70,106776
20,71,126543
20,72,130214
20,73,141597
20,74,354231
20,75,116268
20,76,310141
20,77,147321
20,78,18133700
20,79,114437
20,80,214793
20,81,854397
20,82,192140
20,83,86616
20,84,83082
20,85,151504
20,86,90162
20,87,187855
20,88,98862
20,89,131222
20,90,349479
20,91,404683
20,92,507593
20,93,246051
20,94,65406
20,95,107300
20,96,214169
20,97,632002
20,98,78413
20,99,204491
20,100,173240
20,101,143388
20,102,81677
20,103,108541
20,104,206761
20,105,71370
20,106,130125
20,107,197294
20,108,125734
20,109,1258364
20,110,369587
20,111,107930
20,112,70764
20,113,100726
20,114,449511
20,115,115690
20,116,556571
20,117,95529
20,118,433919
20,119,156709
20,120,108759
20,121,286113
20,122,110162
20,123,349588
20,124,135207
20,125,79738
20,126,6923742
20,127,68651
21,0,342198
21,1,419291
21,2,452823
21,3,63064
21,4,70525
21,5,107175
21,6,100984
21,7,298949
21,8,66766
21,9,120512
21,10,141764
21,11,65967
21,12,1043549
21,13,328053
21,14,118588
21,15,143665
21,16,94348
21,17,78498
21,18,1822903
21,19,103307
21,20,86641
21,22,76877
21,23,67525
21,24,114733
21,25,358988
21,26,2324981
21,27,135475
21,28,103167
21,29,63397
21,30,133094
21,31,225111
21,32,71335
21,33,316120
21,34,165741
21,35,175220
21,36,211096
21,37,86633
21,38,64116
21,39,502448
21,40,75519
21,41,389379
21,42,134978
21,43,66447
21,44,68315
21,45,1123388
21,46,123217
21,47,288629
21,48,65972
21,49,315034
21,50,148654
21,51,120590
21,52,195849
21,53,265291
21,54,772395
21,55,2178924
21,56,127447
21,57,128321679
21,58,72083
21,59,93135
21,60,348716
21,61,76383
21,62,125483
21,63,86170
21,64,618681
21,65,100116
21,66,134959
21,67,1133686
21,68,101343
21,69,82174
21,70,113875
21,71,101774
21,72,937654
21,73,151057
21,74,64316
21,75,284458
21,76,133038
21,77,87032
21,78,246914
21,79,88330
21,80,63733
21,81,188698
21,82,74084
21,83,634273
21,84,576412
21,85,77061
21,86,85570
21,87,123185
21,88,74666
21,89,65946
21,90,162546
21,91,171685
21,92,78048
21,93,83665
21,94,72325
21,95,67972
21,96,205724
21,97,3989698
21,98,1099716
21,99,179598
21,100,72771
21,101,90730
21,102,103647
21,103,162225
21,104,107425
21,105,460849
21,106,525001
21,107,65782
21,108,94546
21,109,85084
21,110,143880
21,111,78831
21,112,583596
21,113,194127
21,114,161798
21,115,116880
21,116,562521
21,117,292441
21,118,477709
21,119,934995
21,120,118288
21,121,87246
21,122,68568
21,123,130107
21,124,241483
21,125,119543
21,126,63202
21,127,248132
22,0,805406
22,1,86211
22,2,111116
22,3,117810
22,4,66635
22,5,64547
22,6,72252
22,7,83681
22,8,88059
22,9,413422
22,10,523394
22,11,202667
22,12,692115
22,13,72028
22,14,207389
22,15,199693
22,16,69989
22,17,80375
22,18,77999
22,19,383215
22,20,4631139
22,21,233060
22,23,1037900
22,24,72925
22,25,65204
22,26,861762
22,27,303100
22,28,71465
22,29,92616
22,30,79847
22,31,358645
22,32,84233
22,33,91942
22,34,307186
22,35,292678
22,36,1618610
22,37,119178
22,38,127412
22,39,497190
22,40,126627
22,41,1520963
22,42,105657
22,43,72113
22,44,72161
22,45,76829
22,46,102564
22,47,65029
22,48,86363
22,49,70726192
22,50,124653
22,51,120311
22,52,169169
22,53,62049
22,54,82128
22,55,365635
22,56,595264
22,57,488781
22,58,68272
22,59,6110627
22,60,711712
22,61,162680
22,62,1114174
22,63,106036
22,64,70225
22,65,479068
22,66,313238
22,67,84970
22,68,105003
22,69,6599697
22,70,233736
22,71,83254
22,72,89898
22,73,169140
22,74,69602
22,75,27523523
22,76,72673
22,77,66520
22,78,3896916
22,79,253418
22,80,67088
22,81,142392
22,82,156684
22,83,159410
22,84,193497
22,85,62095
22,86,64478
22,87,213460
22,88,111357
22,89,102105
22,90,77583
22,91,1014204813
22,92,80441
22,93,63168
22,94,170302
22,95,133280
22,96,226138
22,97,1668972
22,98,674577
22,99,364099
22,100,145549
22,101,630388
22,102,79397
22,103,118754
22,104,627184
22,105,64984
22,106,162654
22,107,352449
22,108,547735
22,109,73919
22,110,111963
22,111,686804
22,112,183675
22,113,279886
22,114,269161
22,115,67151
22,116,98518
22,117,130232
22,118,150940
22,119,77006
22,120,243550
22,121,72283
22,122,88356
22,123,197831
22,124,2786847
22,125,303352
22,126,66354
22,127,128870
23,0,93631
23,1,4618709
23,2,66525
23,3,108133
23,4,141078
23,5,208146
23,6,670229
23,7,78760
23,8,106603
23,9,73906
23,10,380263
23,11,600817
23,12,126221
23,13,61939
23,14,85109
23,15,427041
23,16,92340
23,17,371165
23,18,334384
23,19,149294
23,20,73410
23,21,183574
23,22,575866
23,24,78167
23,25,79096
23,26,3030827
23,27,66260
23,28,90933
23,29,91810
23,30,108502
23,31,99458
23,32,197677
23,33,114606
23,34,85298
23,35,124029
23,36,115417
23,37,1872165194
23,38,112713
23,39,316666
23,40,353004
23,41,109521
23,42,2317955
23,43,69772
23,44,169227
23,45,89916
23,46,1720253
23,47,64879
23,48,1167635
23,49,122607
23,50,1141285
23,51,330499
23,52,1442358
23,53,221556
23,54,147254
23,55,759968
23,56,81944
23,57,203110
23,58,71447
23,59,240654
23,60,68436
23,61,135572
23,62,63112
23,63,175745
23,64,85355
23,65,2821615
23,66,206553
23,67,174607
23,68,2841842
23,69,728975
23,70,461031
23,71,142624
23,72,202306
23,73,140030
23,74,517056
23,75,81149
23,76,66173
23,77,443186
23,78,206720
23,79,358874
23,80,729816
23,81,63665
23,82,646869
23,83,79484
23,84,92607
23,85,68414
23,86,289864
23,87,309092
23,88,241096
23,89,359103
23,90,537466
23,91,802390
23,92,637873
23,93,313060
23,94,82120
23,95,70265
23,96,233319
23,97,95257
23,98,139989
23,99,102460
23,100,2811601
23,101,216687
23,102,1239203
23,103,236587
23,104,1356324
23,105,528009
23,106,63892
23,107,72882
23,108,155637
23,109,2772186
23,110,143473
23,111,126103
23,112,62316
23,113,141389
23,114,82382
23,115,172729
23,116,122783
23,117,538428
23,118,171123
23,119,64150
23,120,522024
23,121,83152
23,122,153436
23,123,157212
23,124,163192
23,125,93944
23,126,393953
23,127,278872
24,0,79716
24,1,76189
24,2,1195123
24,3,114961
24,4,103694
24,5,286719
24,6,289941
24,7,1454191
24,8,64616
24,9,73167
24,10,118378
24,11,138514
24,12,79614
24,13,74950
24,14,74141
24,15,217920
24,16,464685
24,17,109145
24,18,175683
24,19,117262
24,20,158049
24,21,72999
24,22,80560
24,23,135803
24,25,170594
24,26,81723
24,27,68321
24,28,279233
24,29,69687
24,30,70659
24,31,132133
24,32,66598
24,33,74601311
24,34,142814
24,35,113680
24,36,100582
24,37,698277
24,38,76741
24,39,382828
24,40,134901
24,41,70133
24,42,71311
24,43,105366
24,44,83491
24,45,62613
24,46,137363
24,47,88983
24,48,63440
24,49,104428
24,50,14631685
24,51,2700953
24,52,176242
24,53,1097932
24,54,605567
24,55,71878
24,56,431979
24,57,1095268
24,58,144051
24,59,972105
24,60,93562
24,61,64380
24,62,63907
24,63,1774499
24,64,84596
24,65,749225
24,66,180569
24,67,74287
24,68,1586559
24,69,239776
24,70,92064
24,71,95378
24,72,259926
24,73,87599
24,74,229576
24,75,209590
24,76,64326
24,77,102888
24,78,170068
24,79,296024
24,80,194910
24,81,64735
24,82,327470
24,83,99720
24,84,175251
24,85,84265
24,86,310844
24,87,163084
24,88,70787
24,89,116094
24,90,1576133
24,91,74275
24,92,230897
24,93,62796
24,94,707314
24,95,180536
24,96,64008
24,97,143965
24,98,66400
24,99,2585140
24,100,62904
24,101,86287
24,102,295863
24,103,161268
24,104,254696
24,105,208399
24,106,1490780
24,107,67875
24,108,205065
24,109,80849
24,110,62989
24,111,117870
24,112,75869
24,113,106739
24,114,109599
24,115,295702
24,116,755458
24,117,195285
24,118,170536
24,119,79275
24,120,72240
24,121,168795
24,122,164994
24,123,116181
24,124,104452
24,125,85134
24,126,726462
24,127,164719
25,0,314583
25,1,775678
25,2,262745
25,3,82855
25,4,95015
25,5,144159
25,6,160898
25,7,487773
25,8,73328
25,9,85142
25,10,91659
25,11,196569
25,12,74711
25,13,89871
25,14,201627
25,15,7165651
25,16,154579
25,17,68717
25,18,383862
25,19,726045
25,20,444710
25,21,77266
25,22,334888
25,23,74576
25,24,292127
25,26,296427
25,27,99786
25,28,180992
25,29,172999
25,30,172819
25,31,623064
25,32,74052
25,33,67713
25,34,951162
25,35,249243
25,36,165769
25,37,94586
25,38,98851
25,39,1247027
25,40,110717
25,41,135514
25,42,325160
25,43,1942425
25,44,90089
25,45,74358
25,46,55855255
25,47,71800
25,48,66666
25,49,70858
25,50,145746
25,51,62136
25,52,74569
25,53,69230
25,54,299195
25,55,87409
25,56,560698
25,57,11178747
25,58,1778801
25,59,84120
25,60,337122
25,61,100760
25,62,224867
25,63,402127
25,64,147748
25,65,240489
25,66,65604
25,67,163382
25,68,738758
25,69,560179
25,70,326697
25,71,64419
25,72,81632
25,73,435384
25,74,3739530
25,75,110836
25,76,115863
25,77,191848
25,78,406548
25,79,216324
25,80,2204212
25,81,234575
25,82,76687
25,83,70317
25,84,121182
25,85,116910
25,86,84337
25,87,120823
25,88,131331
25,89,63848
25,90,30001036
25,91,952532
25,92,111828
25,93,66286
25,94,7249760
25,95,262099
25,96,115949
25,97,82606
25,98,150310
25,99,131258
25,100,128729
25,101,186500
25,102,149685
25,103,100293
25,104,1089096
25,105,302429
25,106,294262
25,107,425001
25,108,86061
25,109,1261802
25,110,61980
25,111,250423
25,112,271204
25,113,380646
25,114,73216
25,115,6696395
25,116,89224
25,117,72374
25,118,5034747
25,119,96284
25,120,117189
25,121,103365
25,122,13667069
25,123,1139377
25,124,63263
25,125,88850
25,126,554274
25,127,375976
26,0,217782
26,1,178987
26,2,100017
26,3,66442
26,4,282894
26,5,117989
26,6,628783
26,7,269364
26,8,107513
26,9,104619
26,10,46708255
26,11,321844
26,12,452999
26,13,109756
26,14,63464
26,15,154432
26,16,229627
26,17,63240
26,18,9550407
26,19,538670
26,20,105755
26,21,151764
26,22,395865
26,23,1076083
26,24,165602
26,25,98711
26,27,91183
26,28,99502
26,29,4533385
26,30,274463
26,31,4594033
26,32,99393
26,33,68884
26,34,132225
26,35,175498
26,36,161056
26,37,1331818
26,38,77798
26,39,1292334
26,40,191305
26,41,109769
26,42,1264103
26,43,285283
26,44,1957737
26,45,71680
26,46,76323
26,47,78195
26,48,65482
26,49,91016
26,50,108528
26,51,259736
26,52,139481
26,53,66908
26,54,95895
26,55,68767
26,56,253661
26,57,75263
26,58,96428
26,59,73938
26,60,110149
26,61,1470754
26,62,89367
26,63,208951
26,64,495528
26,65,123509
26,66,283562
26,67,94875
26,68,145856
26,69,69585
26,70,84994
26,71,129362
26,72,247203
26,73,206179
26,74,317763
26,75,207431
26,76,335292
26,77,142984
26,78,119406
26,79,201071
26,80,224479
26,81,72386
26,82,104273
26,83,684925
26,84,70311
26,85,127516
26,86,460125
26,87,287023
26,88,90914
26,89,717382
26,90,97699
26,91,80000
26,92,67648
26,93,78259
26,94,2646343
26,95,66882
26,96,97584
26,97,677285885
26,98,166439
26,99,67562
26,100,84693
26,101,67804
26,102,79160
26,103,75604
26,104,81662
26,105,158126
26,106,63507
26,107,65104
26,108,1128984
26,109,447270
26,110,131458
26,111,92789
26,112,236748
26,113,68607
26,114,501177
26,115,81890
26,116,660983
26,117,87177
26,118,121120
26,119,265488
26,120,662743
26,121,375353
26,122,1902649
26,123,382699
26,124,187019
26,125,91594
26,126,167879
26,127,487371
27,0,62984
27,1,184924
27,2,380136
27,3,122272
27,4,303016
27,5,445560
27,6,98240
27,7,116968
27,8,154115
27,9,313149
27,10,94825
27,11,71016
27,12,683056
27,13,323258
27,14,135880
27,15,1162672
27,16,159877
27,17,134502
27,18,79455
27,19,1150916
27,20,123866
27,21,149962
27,22,92197
27,23,156759
27,24,87203
27,25,344629
27,26,383992
27,28,515494
27,29,211053
27,30,405255
27,31,68146
27,32,121733
27,33,1218411
27,34,77735
27,35,163246
27,36,73148
27,37,84921
27,38,405972
27,39,64223
27,40,239176
27,41,16720912
27,42,227970
27,43,1907539
27,44,94338
27,45,116792
27,46,96490
27,47,78399
27,48,80961
27,49,90427
27,50,66687
27,51,307963
27,52,206636
27,53,139683
27,54,416714
27,55,654373
27,56,165187
27,57,70242
27,58,64399
27,59,325543
27,60,126120
27,61,188945
27,62,1436508
27,63,96624
27,64,290640
27,65,92036
27,66,118950
27,67,140193
27,68,327858
27,69,2109103
27,70,429258
27,71,229324
27,72,65079
27,73,171388807
27,74,96212
27,75,117662
27,76,72422
27,77,268756
27,78,224236
27,79,201031
27,80,99327
27,81,101242
27,82,10198946
27,83,133654
27,84,78449
27,85,69421
27,86,210621
27,87,1203496
27,88,69174
27,89,74090
27,90,76256
27,91,66619
27,92,144353
27,93,63583
27,94,111169
27,95,80782
27,96,192578
27,97,111049
27,98,117855
27,99,116195
27,100,120003
27,101,185367
27,102,274884
27,103,3834291
27,104,83483
27,105,139359
27,106,167453
27,107,73604
27,108,168766
27,109,160793
27,110,178000
27,111,65376
27,112,475204
27,113,120652
27,114,6152314
27,115,1405093
27,116,977113
27,117,124967
27,118,61998
27,119,115604
27,120,3237728
27,121,250660
27,122,106925
27,123,441672
27,124,224091
27,125,91062
27,126,213239
27,127,101231
28,0,325256
28,1,19961858
28,2,394634
28,3,81307
28,4,196645
28,5,123915
28,6,834592
28,7,748343
28,8,74428
28,9,82459
28,10,474248
28,11,62219
28,12,1271054
28,13,1002129
28,14,68442
28,15,1412122
28,16,91857
28,17,172549
28,18,125034
28,19,67680
28,20,635905
28,21,75257
28,22,64287
28,23,139724
28,24,122960
28,25,1579594
28,26,86506
28,27,99567
28,29,64488
28,30,1116923
28,31,604969
28,32,67848
28,33,85986
28,34,304112
28,35,76109
28,36,102876
28,37,304027
28,38,64135
28,39,75414
28,40,155069
28,41,80382
28,42,407993
28,43,73944
28,44,209548
28,45,128572
28,46,78960
28,47,63278
28,48,194053
28,49,155316
28,50,111451
28,51,83689
28,52,120559
28,53,386603
28,54,219445
28,55,123444
28,56,63555
28,57,117218
28,58,459404
28,59,312792
28,60,259104
28,61,88691
28,62,189299
28,63,63502
28,64,374483
28,65,678240
28,66,62815
28,67,89745
28,68,274113
28,69,232904
28,70,63815
28,71,87954
28,72,158997
28,73,90546
28,74,220285
28,75,187331
28,76,3869848
28,77,1736617
28,78,365279
28,79,76262
28,80,76069
28,81,88620
28,82,114904
28,83,575594
28,84,9320741
28,85,327664
28,86,64641
28,87,398348
28,88,90362
28,89,517729
28,90,682683
28,91,70543
28,92,127705
28,93,458863
28,94,76182
28,95,120219
28,96,158509
28,97,72845
28,98,143644
28,99,115131
28,100,146364
28,101,110903
28,102,86845
28,103,202868
28,104,131567
28,105,181352
28,106,814066
28,107,85836
28,108,231511
28,109,42012609
28,110,121922
28,111,228320
28,112,128311
28,113,1455682
28,114,99360
28,115,171923
28,116,129203
28,117,328345
28,118,77259
28,119,65874
28,120,512835
28,121,657837
28,122,248774
28,123,241372
28,124,93934
28,125,131603
28,126,1104197
28,127,393545
29,0,519078
29,1,1112347
29,2,116895
29,3,205930
29,4,350683
29,5,5739038
29,6,1224907
29,7,220849
29,8,541336
29,9,180017
29,10,123072
29,11,62409
29,12,209078
29,13,95438
29,14,1025196
29,15,2026722
29,16,332581
29,17,115776
29,18,107400
29,19,82567
29,20,81563
29,21,447098
29,22,66131
29,23,337531
29,24,579432
29,25,159436
29,26,132520
29,27,546741
29,28,437187
29,30,157566
29,31,530579
29,32,233684
29,33,108145
29,34,114946
29,35,242429
29,36,98091
29,37,68365
29,38,271685
29,39,130537
29,40,292520
29,41,75230
29,42,145790
29,43,424844
29,44,64434
29,45,7513290
29,46,50407350
29,47,66903
29,48,311108
29,49,80797
29,50,96438
29,51,82949
29,52,74511
29,53,98049
29,54,196912
29,55,1387116
29,56,63378
29,57,132723
29,58,68130
29,59,144116
29,60,95347
29,61,204736
29,62,284084
29,63,115089
29,64,176429
29,65,308657
29,66,62800
29,67,1559032
29,68,270111
29,69,389246
29,70,70173
29,71,135130
29,72,64884
29,73,95702
29,74,120080
29,75,255985
29,76,177905
29,77,107050
29,78,86930
29,79,74039
29,80,461939
29,81,159049
29,82,75453
29,83,63766
29,84,66291
29,85,66913
29,86,158100
29,87,67450
29,88,108375
29,89,127739
29,90,501388
29,91,192541
29,92,75935
29,93,69574
29,94,485770
29,95,5948937
29,96,601112
29,97,567525
29,98,1365562
29,99,121986
29,100,87547
29,101,3244204
29,102,385163
29,103,135341
29,104,127757
29,105,83160
29,106,78470
29,107,74556
29,108,82886
29,109,64473
29,110,80969
29,111,213769
29,112,2223533
29,113,395453
29,114,65803
29,115,73012
29,116,64810
29,117,104369
29,118,259672
29,119,102173
29,120,92818
29,121,94180
29,122,265422
29,123,127602
29,124,880397
29,125,188451
29,126,106024
29,127,73767
30,0,183641
30,1,537225
30,2,202707
30,3,78160
30,4,82653
30,5,171745
30,6,79412
30,7,82808
30,8,77784
30,9,239230
30,10,302596
30,11,440668
30,12,329811
30,13,1063353
30,14,102899
30,15,242876
30,16,106826
30,17,170156
30,18,175375
30,19,179791
30,20,155563
30,21,4963079
30,22,72077
30,23,403117
30,24,79217
30,25,300845
30,26,62053
30,27,86019
30,28,140542
30,29,4261634
30,31,409010
30,32,631678
30,33,66834
30,34,75015
30,35,301593
30,36,93826
30,37,562782
30,38,408428
30,39,670589
30,40,297887
30,41,82832
30,42,1535655
30,43,359793
30,44,106417
30,45,81344
30,46,61916
30,47,233372
30,48,90693
30,49,96613
30,50,1667056
30,51,169603
30,52,2169578
30,53,137580
30,54,147680
30,55,114634
30,56,64527
30,57,67220
30,58,752330
30,59,99709
30,60,814581
30,61,73466
30,62,254818
30,63,65905
30,64,695569
30,65,63786
30,66,112933
30,67,127241
30,68,76471
30,69,127999
30,70,99666
30,71,94715
30,72,504580
30,73,298867
30,74,93387
30,75,62164
30,76,72059
30,77,136637
30,78,135399
30,79,697889
30,80,337224
30,81,98283
30,82,502873
30,83,96800
30,84,86692
30,85,146054
30,86,106245
30,87,125834
30,88,77958
30,89,76525
30,90,108234
30,91,1257222
30,92,79167
30,93,119757
30,94,124802
30,95,494083
30,96,271067
30,97,120901
30,98,2781944
30,99,136228
30,100,454408
30,101,708110
30,102,81156
30,103,12732926
30,104,86295
30,105,150660
30,106,68162
30,107,73969
30,108,184788
30,109,89862
30,110,132631
30,111,193904
30,112,156860
30,113,94477
30,114,709707
30,115,67072
30,116,328247
30,117,155687
30,118,595844
30,119,199341
30,120,2478117
30,121,277079
30,122,1493905
30,123,86548
30,124,115117
30,125,79405
30,126,74192
30,127,80449
31,0,346985
31,1,563306
31,2,81586
31,3,3045465455
31,4,201786
31,5,96831
31,6,15612471
31,7,65245
31,8,82151
31,9,98981
31,10,77707
31,11,66044
31,12,74268
31,13,2498061
31,14,271136
31,15,106975
31,16,118513
31,17,93106
31,18,4920969
31,19,103483
31,20,295221
31,21,87444
31,22,103027
31,23,86052
31,24,1059170
31,25,102830
31,26,129115
31,27,78774
31,28,264045
31,29,300348
31,30,70688
31,32,91716
31,33,79361
31,34,1168633
31,35,482397
31,36,329517
31,37,110478
31,38,99524
31,39,448992
31,40,130393
31,41,165270
31,42,178477
31,43,68201
31,44,858916
31,45,199654
31,46,66209
31,47,329909
31,48,99545
31,49,150055
31,50,203636
31,51,210448
31,52,112672
31,53,201826
31,54,74989
31,55,361527
31,56,573692
31,57,62534
31,58,77839
31,59,83618
31,60,88076
31,61,274533
31,62,112453
31,63,68059
31,64,85994
31,65,85653
31,66,243044
31,67,137028
31,68,901642
31,69,461394
31,70,72034
31,71,172879
31,72,112140
31,73,63651
31,74,363277
31,75,117410
31,76,157693
31,77,154237
31,78,128380
31,79,108810
31,80,112685
31,81,47585398
31,82,98155
31,83,256108
31,84,123638
31,85,234680
31,86,764986
31,87,75009
31,88,392192
31,89,183407
31,90,133131
31,91,96222
31,92,192615
31,93,68962
31,94,189228
31,95,136579
31,96,92559
31,97,136540
31,98,76945
31,99,747902
31,100,82988
31,101,131950
31,102,150241
31,103,217370
31,104,64755
31,105,160243
31,106,94082
31,107,88523
31,108,237929
31,109,116866
31,110,83333
31,111,1503354
31,112,679715
31,113,74492
31,114,92866
31,115,111923
31,116,153775
31,117,1950053
31,118,330204
31,119,3071412
31,120,359447
31,121,2018536
31,122,318314
31,123,89385
31,124,278584
31,125,63387
31,126,112208
31,127,213018
32,0,793956
32,1,179985
32,2,66385
32,3,76972
32,4,66777
32,5,75677
32,6,144202
32,7,69824
32,8,72956
32,9,66661
32,10,329125
32,11,830838
32,12,258914
32,13,186155
32,14,93475
32,15,219678
32,16,282968
32,17,69264
32,18,284607
32,19,234365
32,20,182839
32,21,80738
32,22,96243
32,23,70271
32,24,193978
32,25,114889
32,26,64267
32,27,267013
32,28,80730
32,29,197869
32,30,89143
32,31,124918
32,33,1315514
32,34,226187
32,35,421127
32,36,136462
32,37,249420
32,38,213991
32,39,218380
32,40,106109
32,41,107025
32,42,86879
32,43,704147
32,44,63392
32,45,77101
32,46,97216
32,47,103835
32,48,63178
32,49,367781
32,50,177180
32,51,99349
32,52,175560
32,53,921903
32,54,92588
32,55,1280432
32,56,135456
32,57,205106
32,58,87461
32,59,728555
32,60,659931
32,61,140173
32,62,114240
32,63,81997
32,64,67178
32,65,253539
32,66,149501
32,67,100238
32,68,214659
32,69,483187
32,70,188486
32,71,105852
32,72,350793
32,73,2010410
32,74,248833
32,75,96387
32,76,236214
32,77,155761
32,78,260881
32,79,146032
32,80,80671
32,81,395180
32,82,131204
32,83,298703
32,84,267748
32,85,659232
32,86,520887
32,87,98797
32,88,80946
32,89,104500
32,90,63680
32,91,92645
32,92,242206
32,93,759515
32,94,114833
32,95,229930
32,96,69241
32,97,134464
32,98,109365
32,99,160951
32,100,858349
32,101,104595
32,102,257100
32,103,140295
32,104,77369
32,105,136131
32,106,118123
32,107,74007
32,108,104631
32,109,108349
32,110,366110
32,111,244001
32,112,261200
32,113,2748063
32,114,67967
32,115,596134
32,116,397655
32,117,82112
32,118,196417
32,119,85191
32,120,3435694
32,121,72490
32,122,897318
32,123,273067
32,124,114578
32,125,162707
32,126,592666
32,127,116998
33,0,166579
33,1,71728
33,2,278512
33,3,517280
33,4,143772
33,5,118034
33,6,94190
33,7,190225
33,8,12893931
33,9,120188
33,10,139501
33,11,120404
33,12,185231
33,13,85273
33,14,191885
33,15,64606
33,16,368622
33,17,62441
33,18,70595
33,19,129876
33,20,118393
33,21,65114
33,22,92074
33,23,73098
33,24,147187
33,25,195661
33,26,62154
33,27,70404
33,28,1583069
33,29,91323
33,30,199146
33,31,75178
33,32,104667
33,34,303690
33,35,95277
33,36,77307
33,37,273973
33,38,153509
33,39,67040
33,40,64385
33,41,195887
33,42,1744906
33,43,167368
33,44,136073
33,45,118875
33,46,106467
33,47,135495
33,48,62688
33,49,150450
33,50,116384
33,51,125067
33,52,4037622
33,53,475973
33,54,201547
33,55,73547
33,56,62293
33,57,77846
33,58,71329
33,59,82707
33,60,229829
33,61,289632
33,62,79898
33,63,1716206
33,64,85364
33,65,67810
33,66,511296
33,67,185162
33,68,1452702
33,69,221509
33,70,82428
33,71,162252
33,72,6346536
33,73,242317
33,74,178540
33,75,67913
33,76,121907
33,77,87323
33,78,74853
33,79,199185
33,80,69354
33,81,417923
33,82,177684
33,83,69898
33,84,157642
33,85,111223
33,86,110346
33,87,71341
33,88,96738
33,89,96120
33,90,1708165
33,91,356935
33,92,100526
33,93,441505
33,94,3323815
33,95,176897
33,96,106863
33,97,115174
33,98,73447
33,99,643176
33,100,268352
33,101,69129
33,102,159747
33,103,97269
33,104,263069
33,105,144504
33,106,605866
33,107,181254
33,108,123056
33,109,165686
33,110,128103
33,111,82598
33,112,99273
33,113,804902
33,114,175622
33,115,65024
33,116,80834
33,117,87024
33,118,96253
33,119,258726
33,120,498861
33,121,183340
33,122,90116
33,123,75479
33,124,1118763
33,125,788099
33,126,77867
33,127,317305
34,0,67498
34,1,86599
34,2,68552
34,3,312081
34,4,901022
34,5,79462
34,6,694799
34,7,393410
34,8,316757
34,9,81224
34,10,239448
34,11,77197
34,12,73378
34,13,76822
34,14,66312
34,15,303521
34,16,167538
34,17,94915
34,18,107854
34,19,91734
34,20,1384388
34,21,83737
34,22,214214
34,23,104991
34,24,166692
34,25,177023
34,26,159851
34,27,6647723
34,28,211574
34,29,115231
34,30,332780
34,31,76390
34,32,306412
34,33,63531
34,35,2082888
34,36,81700
34,37,159229
34,38,192155880
34,39,145724
34,40,94526
34,41,285660
34,42,347740
34,43,106913
34,44,213947
34,45,74185
34,46,67322
34,47,186362
34,48,510639
34,49,1355014
34,50,83223
34,51,224333
34,52,67994
34,53,157795
34,54,62099
34,55,271547
34,56,104440
34,57,127481
34,58,109132
34,59,66343
34,60,166495
34,61,160977
34,62,3648976
34,63,100995
34,64,335596
34,65,766366
34,66,95783
34,67,165797
34,68,267949
34,69,142119
34,70,324302
34,71,3125078
34,72,307099
34,73,63545
34,74,636559
34,75,145003
34,76,290019
34,77,390446
34,78,73837
34,79,299688
34,80,148404
34,81,84096
34,82,1424937
34,83,95317
34,84,434569
34,85,311373
34,86,104309
34,87,68519
34,88,94805
34,89,83984
34,90,80103
34,91,87530
34,92,166104
34,93,231255
34,94,1040314
34,95,93709
34,96,532935
34,97,69846
34,98,1680555
34,99,123282
34,100,127378
34,101,128433
34,102,176960
34,103,241761
34,104,94596
34,105,85811
34,106,83729
34,107,96707
34,108,64596
34,109,362459
34,110,278944
34,111,362109
34,112,71944
34,113,145900
34,114,885772
34,115,93232
34,116,71483
34,117,222937
34,118,382312
34,119,71968
34,120,244058
34,121,1233668
34,122,1595345
34,123,1437966
34,124,97227
34,125,372388
34,126,74122
34,127,77944
35,0,69812
35,1,64508
35,2,76457
35,3,5612410
35,4,82964
35,5,120466
35,6,74550
35,7,81359
35,8,279523
35,9,3472082
35,10,135303
35,11,381285
35,12,66557
35,13,218888
35,14,95742
35,15,204982
35,16,564881
35,17,146076
35,18,80909
35,19,90877
35,20,357503
35,21,249714
35,22,151551
35,23,378487
35,24,389645
35,25,83467
35,26,73742
35,27,87867
35,28,207598
35,29,63050
35,30,773799
35,31,387129
35,32,371043
35,33,1560726
35,34,65900
35,36,118996
35,37,162923
35,38,98507
35,39,72453
35,40,113499
35,41,153896
35,42,89519
35,43,164636
35,44,187436
35,45,175467
35,46,71674
35,47,438839
35,48,95732
35,49,62072
35,50,69410
35,51,5277372
35,52,239940
35,53,89340
35,54,105560
35,55,126729
35,56,90125
35,57,84856
35,58,151363
35,59,74262
35,60,86413
35,61,119467
35,62,82220
35,63,407848
35,64,1243663
35,65,88190
35,66,195435
35,67,85595
35,68,141264
35,69,71950
35,70,515939
35,71,294502
35,72,90905
35,73,90317
35,74,123736
35,75,509112
35,76,936323
35,77,173936
35,78,65124
35,79,74071
35,80,80308
35,81,87289
35,82,72667
35,83,85852
35,84,79869
35,85,65099
35,86,632649
35,87,1352400
35,88,247551
35,89,62819
35,90,1061676
35,91,152524
35,92,83880
35,93,604671
35,94,94725
35,95,3250704
35,96,112112
35,97,433270
35,98,266747
35,99,1060005
35,100,554783
35,101,157061
35,102,217096
35,103,80191
35,104,142836
35,105,67961
35,106,63641
35,107,65767
35,108,721896
35,109,62489271
35,110,267146
35,111,119269
35,112,9058191
35,113,287633
35,114,187506
35,115,280980
35,116,548732
35,117,63834
35,118,206970
35,119,139744
35,120,101922
35,121,279741
35,122,1947504
35,123,513719
35,124,104571
35,125,7306845
35,126,127791
35,127,122065
36,0,242541
36,1,1706165
36,2,115274
36,3,99556
36,4,782322
36,5,319421
36,6,446072
36,7,469328
36,8,250009
36,9,179116
36,10,171626
36,11,1530729
36,12,337429
36,13,160321
36,14,172759
36,15,76042
36,16,156010
36,17,119742
36,18,788584
36,19,193276
36,20,201667
36,21,89001
36,22,238795
36,23,2015820
36,24,92140
36,25,103930
36,26,105548
36,27,614355
36,28,373125
36,29,1098823
36,30,5373957
36,31,130072
36,32,205972
36,33,92856
36,34,697114
36,35,215962
36,37,187088
36,38,241816
36,39,265356
36,40,75512
36,41,91612
36,42,192286
36,43,154407
36,44,920612
36,45,65089
36,46,148722
36,47,109508
36,48,234943
36,49,112316
36,50,135284
36,51,3609133
36,52,78654
36,53,71572
36,54,58346816
36,55,84369
36,56,112960
36,57,74685
36,58,164116
36,59,261521
36,60,107363
36,61,2062909
36,62,82498
36,63,209249
36,64,863479
36,65,132983
36,66,992427
36,67,166748
36,68,69387
36,69,81670
36,70,126951
36,71,568056
36,72,95620
36,73,108426
36,74,144331
36,75,527544
36,76,81784
36,77,146099
36,78,81510
36,79,21941074
36,80,220238
36,81,606166
36,82,999875
36,83,943015
36,84,64483
36,85,394361
36,86,120450
36,87,93329
36,88,638531
36,89,97562
36,90,3199361
36,91,520660
36,92,237391
36,93,65982
36,94,1274556
36,95,218242
36,96,109068
36,97,277293
36,98,63868
36,99,85380
36,100,17543202
36,101,447785
36,102,497815
36,103,99841
36,104,148041
36,105,323069
36,106,68557
36,107,1028345
36,108,292914
36,109,513277
36,110,95499
36,111,360600
36,112,62460
36,113,116588
36,114,171893
36,115,167652
36,116,78782
36,117,65084
36,118,62214
36,119,230795
36,120,148585
36,121,1661331
36,122,63187
36,123,143537
36,124,150403
36,125,585558
36,126,212010
36,127,138374
37,0,73179
37,1,171507
37,2,14839717
37,3,190154
37,4,422978
37,5,79017
37,6,64695
37,7,12197364
37,8,75028
37,9,8849560
37,10,215691
37,11,62371
37,12,70127
37,13,246510
37,14,2941660
37,15,750996
37,16,70167
37,17,65250
37,18,680085
37,19,137323
37,20,120435
37,21,72125
37,22,128747
37,23,75710
37,24,170624
37,25,171035
37,26,108643
37,27,461575
37,28,253055
37,29,197103
37,30,1492341
37,31,213150
37,32,110558
37,33,3364977
37,34,84353
37,35,281787
37,36,169806
37,38,6482370
37,39,222985
37,40,161559
37,41,19090838
37,42,361992
37,43,325735
37,44,92150
37,45,234785
37,46,443524
37,47,80767
37,48,182440
37,49,89844
37,50,207935
37,51,515271
37,52,91641
37,53,117617
37,54,501812
37,55,94279
37,56,127138
37,57,65736
37,58,63970
37,59,140995
37,60,430855
37,61,94229
37,62,2538846
37,63,1584812
37,64,62604
37,65,75644
37,66,362809
37,67,71501
37,68,95287
37,69,68739
37,70,76992
37,71,2705597
37,72,622120
37,73,90684
37,74,103741
37,75,252874
37,76,62487
37,77,76082
37,78,75637
37,79,144612
37,80,390580
37,81,1029135
37,82,2397446
37,83,185538
37,84,257910
37,85,733624
37,86,65558
37,87,614969
37,88,250186
37,89,70741
37,90,71051
37,91,481414
37,92,153171
37,93,77624
37,94,77714
37,95,71216
37,96,133542
37,97,1869052
37,98,98948
37,99,249361
37,100,177369
37,101,475013
37,102,66510
37,103,537706
37,104,121575
37,105,117454
37,106,91081
37,107,124177
37,108,819761
37,109,67210
37,110,176149
37,111,208442
37,112,1049255
37,113,69727
37,114,100260
37,115,81044
37,116,281419
37,117,245478
37,118,115964
37,119,270384
37,120,376977
37,121,466161
37,122,167142
37,123,193608
37,124,115146
37,125,98625
37,126,1514516
37,127,97415
38,0,1003637
38,1,296346
38,2,62021
38,3,83602
38,4,88444
38,5,200596
38,6,79513
38,7,131276
38,8,78703
38,9,1126179
38,10,95025
38,11,75061
38,12,88912
38,13,206055
38,14,72149
38,15,301344
38,16,348499
38,17,94735
38,18,63921
38,19,146143
38,20,90189
38,21,1291134
38,22,109560
38,23,73887
38,24,326601
38,25,88321
38,26,98432
38,27,170039
38,28,1565831
38,29,37529791
38,30,305556
38,31,64130
38,32,130286
38,33,83936
38,34,2051649
38,35,159255
38,36,491011
38,37,68845
38,39,67120
38,40,66929
38,41,399880
38,42,146474
38,43,142140
38,44,482792
38,45,137936
38,46,138855
38,47,379120
38,48,65320
38,49,64513
38,50,438177
38,51,75250
38,52,207851
38,53,147142
38,54,100393
38,55,62210
38,56,76035
38,57,88268
38,58,71758
38,59,88567
38,60,68585
38,61,73161
38,62,110320
38,63,160925
38,64,130590
38,65,248424
38,66,414464
38,67,1512912
38,68,96893
38,69,66167
38,70,124686
38,71,559144
38,72,65325
38,73,63718
38,74,77527
38,75,63916
38,76,318406
38,77,65049
38,78,120761
38,79,63945
38,80,176335
38,81,88930
38,82,657141
38,83,69168
38,84,102714
38,85,256603
38,86,2390014
38,87,136676
38,88,146541
38,89,242820
38,90,70179
38,91,81198694
38,92,262874
38,93,88041
38,94,527080
38,95,502661
38,96,213725
38,97,91351
38,98,66008
38,99,79665
38,100,84249
38,101,163355
38,102,542067
38,103,569389
38,104,69926
38,105,209933
38,106,84588
38,107,105450
38,108,156334
38,109,580814
38,110,75809
38,111,95076
38,112,717791
38,113,18442795
38,114,111143
38,115,160635
38,116,105341
38,117,139016
38,118,164526
38,119,156910
38,120,88700
38,121,173693
38,122,90098
38,123,134086
38,124,6413793
38,125,4485916
38,126,73123
38,127,1690321
39,0,6459362
39,1,64805
39,2,73310
39,3,227621
39,4,80537
39,5,67258
39,6,348282
39,7,134105
39,8,97731
39,9,216869
39,10,133729
39,11,84766
39,12,302848
39,13,135726
39,14,154627
39,15,224624
39,16,94062
39,17,376225
39,18,105840
39,19,6872008
39,20,452648
39,21,380774
39,22,237660
39,23,632325
39,24,1176668
39,25,107765
39,26,142035
39,27,12653798
39,28,205682
39,29,64159
39,30,112262
39,31,77902
39,32,75211
39,33,114338
39,34,64532
39,35,864052
39,36,156034
39,37,89907
39,38,252513
39,40,314224
39,41,74383
39,42,425157
39,43,70018
39,44,482595
39,45,152931
39,46,114748
39,47,190297
39,48,153292
39,49,71692
39,50,561999
39,51,63164
39,52,104847
39,53,85397
39,54,171478
39,55,344842
39,56,167482
39,57,118573
39,58,143367
39,59,221320
39,60,111707
39,61,154139
39,62,84709
39,63,158817
39,64,99035
39,65,356030
39,66,97752
39,67,162412
39,68,193423
39,69,174699
39,70,84685
39,71,83231
39,72,123785
39,73,83097
39,74,80500
39,75,401563
39,76,1504939
39,77,149133
39,78,80745
39,79,550987
39,80,1952608
39,81,173906
39,82,67885
39,83,73616
39,84,85166
39,85,149800
39,86,620552
39,87,328150
39,88,137877
39,89,147770
39,90,137698
39,91,77993
39,92,132280
39,93,145944
39,94,4167301
39,95,73950
39,96,358301
39,97,521796
39,98,153051
39,99,70723
39,100,74370
39,101,3290213
39,102,189086
39,103,114535
39,104,190908
39,105,861192
39,106,191449
39,107,95763
39,108,94865
39,109,125667
39,110,102230
39,111,204042
39,112,107526
39,113,80917
39,114,79024
39,115,262164
39,116,70572
39,117,104238
39,118,102082
39,119,165021
39,120,168307
39,121,89188
39,122,228670
39,123,1276901
39,124,185949
39,125,212228
39,126,158612
39,127,90748
40,0,89260
40,1,69693
40,2,85454
40,3,416262
40,4,336001
40,5,232283
40,6,101660
40,7,86086
40,8,95915
40,9,94835
40,10,88841
40,11,1267570
40,12,77520
40,13,97826
40,14,62274
40,15,103788
40,16,369224
40,17,100182
40,18,432140
40,19,110916
40,20,755009
40,21,113388
40,22,62543
40,23,379373
40,24,70456
40,25,429099
40,26,3790678
40,27,74307
40,28,223033
40,29,298785
40,30,1825161
40,31,66572
40,32,155836
40,33,99165
40,34,67337
40,35,419901
40,36,368381
40,37,975677
40,38,73285
40,39,393138
40,41,482200
40,42,67311
40,43,136170
40,44,118198
40,45,102403
40,46,104013
40,47,9940203
40,48,269635
40,49,567790
40,50,785201
40,51,444540
40,52,820282
40,53,462851
40,54,219213
40,55,62833
40,56,1303220
40,57,446927
40,58,172789
40,59,618060
40,60,108900
40,61,692497
40,62,4047334
40,63,173180
40,64,260562
40,65,82956
40,66,935658
40,67,88647
40,68,198797
40,69,104524
40,70,779462
40,71,264765
40,72,74473
40,73,1015854
40,74,67162
40,75,74821
40,76,67482
40,77,418986
40,78,154652
40,79,1676678
40,80,203191
40,81,70334
40,82,949795
40,83,81473
40,84,175313
40,85,67247
40,86,364570
40,87,92597
40,88,1070108
40,89,315576
40,90,87504
40,91,225354
40,92,87937
40,93,689071
40,94,2364332
40,95,135054
40,96,75217
40,97,727298
40,98,180147
40,99,107000
40,100,156409
40,101,68541
40,102,66002
40,103,109287
40,104,190980
40,105,131186
40,106,239012
40,107,119284
40,108,1254943
40,109,965030
40,110,83713
40,111,282746
40,112,671673
40,113,175036
40,114,88312
40,115,1553968
40,116,214883
40,117,90601
40,118,117766
40,119,146630
40,120,82013
40,121,107100
40,122,2738521
40,123,162198
40,124,182242
40,125,687181
40,126,107150
40,127,7605071
41,0,1362911
41,1,135822
41,2,121954
41,3,81194
41,4,63488
41,5,114155
41,6,75591
41,7,110597
41,8,284682
41,9,206345
41,10,290796
41,11,216369
41,12,285058
41,13,208526
41,14,669509
41,15,97081
41,16,92760
41,17,137540
41,18,78435
41,19,119788
41,20,110929
41,21,218657
41,22,110373
41,23,462304
41,24,72722
41,25,97279
41,26,63421
41,27,657489
41,28,341360
41,29,475588
41,30,710909
41,31,66745
41,32,704541
41,33,183843
41,34,70415
41,35,63646
41,36,155340
41,37,66515
41,38,945040
41,39,470079
41,40,170419
41,42,1834243
41,43,183039
41,44,78245
41,45,17261008
41,46,621806
41,47,132890
41,48,79441
41,49,82785
41,50,137205
41,51,131494
41,52,100939
41,53,109873
41,54,164307
41,55,221888
41,56,118004
41,57,257473
41,58,139258
41,59,505223
41,60,105645
41,61,217645
41,62,204002
41,63,83349
41,64,374855
41,65,63059
41,66,99436
41,67,1427813
41,68,77054
41,69,86455
41,70,237230
41,71,9411380
41,72,83262
41,73,128120
41,74,150870
41,75,103249
41,76,2230042
41,77,232128
41,78,215601
41,79,503086
41,80,72777
41,81,68839
41,82,74319
41,83,64179
41,84,76115
41,85,66406
41,86,238686
41,87,758158
41,88,278368
41,89,80790
41,90,79325
41,91,161958
41,92,96935
41,93,439503
41,94,85844
41,95,137896
41,96,78491
41,97,101377
41,98,119865
41,99,89376
41,100,1372232
41,101,96789
41,102,63632
41,103,386734
41,104,68574
41,105,96510
41,106,95509
41,107,221604
41,108,70473
41,109,2163388
41,110,76498
41,111,108031
41,112,886373
41,113,190944
41,114,1607796
41,115,323447
41,116,62772
41,117,1161684
41,118,117439
41,119,140521
41,120,86186
41,121,1644371
41,122,84507
41,123,496565
41,124,360485
41,125,92837
41,126,83705
41,127,73210
42,0,126187
42,1,448819
42,2,75896
42,3,88779
42,4,224818
42,5,174546
42,6,15053237
42,7,68113
42,8,490604
42,9,69557
42,10,1924837
42,11,683429
42,12,79651
42,13,982896
42,14,139157
42,15,64795
42,16,68762
42,17,313328
42,18,87651
42,19,84394
42,20,83278
42,21,4146857
42,22,390046
42,23,400299
42,24,82536
42,25,172042
42,26,82312
42,27,208908
42,28,64959
42,29,106813
42,30,75770
42,31,64062
42,32,407125
42,33,904129
42,34,63093
42,35,103659
42,36,66898
42,37,95956
42,38,356822
42,39,141952
42,40,8533514
42,41,70549
42,43,128346
42,44,127258
42,45,1293535
42,46,164829
42,47,182110
42,48,72557
42,49,111936
42,50,70910
42,51,1772354
42,52,233111
42,53,593530
42,54,294661
42,55,80360
42,56,92540
42,57,443862
42,58,928407
42,59,122719
42,60,255002
42,61,86785
42,62,74026
42,63,79117
42,64,8096551
42,65,124785
42,66,1997000
42,67,253600
42,68,181944
42,69,193202
42,70,97837
42,71,334585
42,72,95206
42,73,799395
42,74,161586
42,75,1082120
42,76,160504
42,77,82529
42,78,121701
42,79,148086
42,80,194536
42,81,89063
42,82,66640
42,83,65884
42,84,95398
42,85,87893
42,86,1210912
42,87,655754
42,88,288015
42,89,167623
42,90,63994
42,91,371531
42,92,198062
42,93,140501
42,94,115474
42,95,826586
42,96,110983
42,97,170653
42,98,93145
42,99,122002
42,100,66080
42,101,1648112
42,102,266083
42,103,334787
42,104,83357
42,105,63102
42,106,132465
42,107,104559
42,108,35868040
42,109,227075
42,110,68934
42,111,95327
42,112,559920
42,113,109886
42,114,290252
42,115,1501771
42,116,5684133
42,117,123314
42,118,144375
42,119,104333
42,120,89537
42,121,81329
42,122,1308112
42,123,80827
42,124,151481
42,125,258474
42,126,123104
42,127,501600
43,0,183608
43,1,305642
43,2,213858
43,3,97636
43,4,123201
43,5,446242
43,6,87100
43,7,252754
43,8,231716
43,9,286416
43,10,1417791
43,11,719838
43,12,159384
43,13,91528
43,14,5577167
43,15,284159
43,16,154091
43,17,157846
43,18,64899
43,19,426254
43,20,102529
43,21,102162
43,22,84426
43,23,67509
43,24,94497
43,25,80486
43,26,127498
43,27,123801
43,28,275306
43,29,83412
43,30,69466
43,31,22836590
43,32,250482
43,33,341151
43,34,210019
43,35,90080
43,36,3048100
43,37,90785
43,38,88497
43,39,185606
43,40,357617
43,41,97331
43,42,639852
43,44,358759
43,45,376100
43,46,66064
43,47,65472
43,48,1850338
43,49,79556
43,50,70934
43,51,70121
43,52,124769
43,53,156434
43,54,231357
43,55,112535
43,56,87126
43,57,114776
43,58,179372
43,59,264830
43,60,153557
43,61,207556
43,62,75087
43,63,194499
43,64,618370
43,65,348825
43,66,234732
43,67,76700
43,68,370800
43,69,251613
43,70,80353
43,71,138175
43,72,267681
43,73,2279999
43,74,25682018
43,75,1120609
43,76,70282
43,77,63941
43,78,99056
43,79,72950
43,80,2534712
43,81,70305
43,82,103529
43,83,168823
43,84,64636
43,85,103097
43,86,322314
43,87,79680
43,88,83809
43,89,73086
43,90,220379
43,91,97996
43,92,332980
43,93,198100
43,94,8931945
43,95,64785
43,96,116413
43,97,1970666
43,98,73856
43,99,70677
43,100,105232
43,101,129150
43,102,231922
43,103,1206664
43,104,481021
43,105,72606
43,106,63435
43,107,76545
43,108,294581
43,109,85117
43,110,175190
43,111,113792
43,112,62251
43,113,448129
43,114,140111
43,115,79920
43,116,3337433
43,117,233534456
43,118,4086612
43,119,74300
43,120,66028
43,121,115834
43,122,220660
43,123,121276
43,124,64819
43,125,143559
43,126,549481
43,127,225208
44,0,64562
44,1,91631
44,2,32034774
44,3,268823
44,4,5542328
44,5,79196
44,6,498024
44,7,151433
44,8,73272
44,9,1516123
44,10,970682
44,11,76095
44,12,573151
44,13,211226
44,14,167765
44,15,306841
44,16,74096
44,17,381029
44,18,77916
44,19,153872
44,20,88067
44,21,207977
44,22,236108
44,23,294901
44,24,363394
44,25,177243
44,26,288552
44,27,101219
44,28,342093
44,29,454584
44,30,92511
44,31,730659
44,32,500965
44,33,151622
44,34,256851
44,35,467089
44,36,73560
44,37,157162
44,38,110730
44,39,171153
44,40,223321
44,41,91444
44,42,13758233
44,43,382570
44,45,126204
44,46,202949
44,47,65680
44,48,111720
44,49,63041
44,50,66235
44,51,253782
44,52,79333
44,53,99197
44,54,1420641
44,55,90280
44,56,144547
44,57,237283
44,58,161004
44,59,137441
44,60,143154
44,61,148563
44,62,98368
44,63,63790
44,64,183373
44,65,64522
44,66,105926
44,67,1295944
44,68,126746
44,69,205435
44,70,121812
44,71,74154
44,72,68889
44,73,771928
44,74,301261
44,75,198642
44,76,130716
44,77,110254
44,78,3464748
44,79,216143
44,80,138755
44,81,215421
44,82,236321
44,83,1805024
44,84,106876
44,85,81096
44,86,1051718
44,87,4439349
44,88,126238
44,89,368501
44,90,1178693
44,91,245879
44,92,74345
44,93,10582592
44,94,489387
44,95,1854984
44,96,95357
44,97,206428
44,98,80656
44,99,98497
44,100,133579
44,101,122751
44,102,225013
44,103,1955169
44,104,1463183
44,105,829771
44,106,82629
44,107,98464
44,108,108797
44,109,3358052
44,110,63406
44,111,77122
44,112,73154
44,113,133150
44,114,106578
44,115,124144
44,116,86582
44,117,100437
44,118,138454
44,119,97070
44,120,90144
44,121,1080389
44,122,117027
44,123,84734
44,124,66395
44,125,89654
44,126,13142553
44,127,70467
45,0,289323
45,1,87798
45,2,321376
45,3,125017
45,4,3961441
45,5,608873
45,6,193793
45,7,62525
45,8,655408
45,9,66819
45,10,144938
45,11,232593
45,12,83137
45,13,1207723
45,14,173059
45,15,282155
45,16,15272458
45,17,299853
45,18,397517
45,19,295061
45,20,102139
45,21,86523
45,22,3113005
45,23,72759
45,24,90134
45,25,107250
45,26,516833
45,27,7730687
45,28,109808
45,29,95297
45,30,63145
45,31,352671
45,32,12271325
45,33,93728
45,34,107162
45,35,1339469
45,36,2286815
45,37,72355
45,38,140954
45,39,9457308
45,40,242596
45,41,523852
45,42,123250
45,43,233841
45,44,71519
45,46,100972
45,47,97689
45,48,173421
45,49,218053301
45,50,106677
45,51,76890
45,52,78817
45,53,68579
45,54,67842
45,55,84064
45,56,78463
45,57,177054
45,58,130519
45,59,424376
45,60,73266
45,61,166020
45,62,5153443
45,63,230948
45,64,774738
45,65,1383028
45,66,932349
45,67,93543
45,68,212447
45,69,173150
45,70,80125
45,71,83058
45,72,150590
45,73,77680
45,74,110333
45,75,72131
45,76,1300786
45,77,65716
45,78,290952
45,79,73037
45,80,187366
45,81,88164
45,82,93924
45,83,97468
45,84,99241
45,85,2253103
45,86,18287050
45,87,232645
45,88,1092615
45,89,89546
45,90,103753
45,91,141784
45,92,191994
45,93,128642
45,94,77273
45,95,74173
45,96,146674
45,97,63216
45,98,66808
45,99,1757477
45,100,473294
45,101,227870
45,102,84539
45,103,73522
45,104,252393
45,105,131987
45,106,86405
45,107,260689
45,108,76229
45,109,66479
45,110,79840
45,111,223802
45,112,1238092
45,113,187575
45,114,476357
45,115,70735
45,116,67173
45,117,80708
45,118,491623
45,119,65854
45,120,62539
45,121,155439
45,122,298294
45,123,2304020
45,124,110956
45,125,461757
45,126,445049
45,127,80574
46,0,95448
46,1,188416
46,2,427198
46,3,96068
46,4,146964
46,5,646195
46,6,1222735
46,7,106491
46,8,72569
46,9,426883
46,10,72864
46,11,2947092
46,12,231050
46,13,82443
46,14,281566
46,15,120126
46,16,240379
46,17,720249
46,18,94925
46,19,74898
46,20,89962
46,21,290407
46,22,101819
46,23,76965
46,24,107325
46,25,142709
46,26,1037098
46,27,62993
46,28,6575921
46,29,127087
46,30,165381
46,31,417167
46,32,69297
46,33,373371
46,34,438012
46,35,63713
46,36,24843824
46,37,361643
46,38,532699
46,39,69778
46,40,334484
46,41,83840
46,42,346339
46,43,136618
46,44,226631
46,45,3131147
46,47,62735
46,48,83436
46,49,102345
46,50,247435
46,51,170185
46,52,201229
46,53,1517734
46,54,107904
46,55,80552
46,56,119238
46,57,554528
46,58,171567
46,59,127207
46,60,77431
46,61,182407
46,62,196759
46,63,64651
46,64,524311
46,65,82474
46,66,883973
46,67,260944
46,68,88602
46,69,101751
46,70,326023
46,71,854960
46,72,148631
46,73,82089
46,74,1449733
46,75,104835
46,76,140562
46,77,84499
46,78,188521
46,79,80205
46,80,69904
46,81,260753
46,82,74058
46,83,237552
46,84,77666
46,85,65660
46,86,142161
46,87,69056
46,88,70375
46,89,1189944
46,90,226729
46,91,92578
46,92,457966
46,93,150333
46,94,71400
46,95,214525
46,96,360023
46,97,81829
46,98,172131
46,99,2888337
46,100,75949
46,101,141119
46,102,62721
46,103,1005907
46,104,258035
46,105,344949
46,106,93816
46,107,100094
46,108,69852
46,109,815612
46,110,107237
46,111,100827
46,112,1353706
46,113,95045
46,114,444031
46,115,240710
46,116,129027
46,117,62843
46,118,218565
46,119,891207
46,120,85661
46,121,116748
46,122,687936
46,123,72210
46,124,71317
46,125,276438
46,126,1004393
46,127,98970
47,0,105499
47,1,119041
47,2,108477
47,3,185504
47,4,451423
47,5,78371
47,6,2637438
47,7,85969
47,8,343040
47,9,544026
47,10,68712
47,11,98326
47,12,320722
47,13,155910
47,14,125466
47,15,584996
47,16,1050896
47,17,1464691
47,18,120296
47,19,152572
47,20,349370
47,21,71087
47,22,435221
47,23,201150
47,24,1978499
47,25,134578
47,26,119711
47,27,906630
47,28,202146
47,29,135245
47,30,3137238
47,31,182374
47,32,20908612
47,33,73353
47,34,81799
47,35,132668
47,36,75270
47,37,879211
47,38,90025
47,39,163165
47,40,706917
47,41,123980
47,42,109534
47,43,371776
47,44,384252
47,45,449684
47,46,150683
47,48,434406
47,49,197639
47,50,194985
47,51,78125
47,52,581924
47,53,128555
47,54,176647
47,55,254757
47,56,81126
47,57,770996
47,58,648900
47,59,103260
47,60,94368
47,61,117042
47,62,69886
47,63,365043
47,64,108273
47,65,103623
47,66,69342
47,67,158663
47,68,732351
47,69,255063
47,70,731504
47,71,345055
47,72,64194
47,73,2321463
47,74,63363
47,75,244397
47,76,89304
47,77,3747967
47,78,119803
47,79,557084
47,80,64091
47,81,103401
47,82,212316
47,83,974961
47,84,985080
47,85,105621
47,86,119375
47,87,466717
47,88,119132
47,89,164856
47,90,136852
47,91,297724
47,92,80545
47,93,172280
47,94,142203
47,95,100860
47,96,61962
47,97,117573
47,98,111599
47,99,154018
47,100,131113
47,101,109795
47,102,1413535
47,103,113833
47,104,85636
47,105,85093
47,106,76605
47,107,431657
47,108,198216
47,109,70230
47,110,196266
47,111,89268
47,112,64404
47,113,65507
47,114,180244
47,115,3283567
47,116,96294
47,117,390714
47,118,137916
47,119,215872
47,120,222173
47,121,244795
47,122,241539
47,123,74970
47,124,74983
47,125,183006
47,126,335798
47,127,705727
48,0,1649989
48,1,68464
48,2,74236
48,3,615893
48,4,146187
48,5,2077144
48,6,67734
48,7,54681428
48,8,148426
48,9,822374
48,10,211748
48,11,199108
48,12,414315
48,13,1020505
48,14,898549
48,15,2555503
48,16,85719
48,17,85910
48,18,368742
48,19,145025
48,20,918041
48,21,2332046
48,22,1724317
48,23,181451
48,24,379500
48,25,333280
48,26,86036
48,27,182507
48,28,110096
48,29,104262
48,30,134294
48,31,128450
48,32,67616
48,33,78668
48,34,136384
48,35,889388
48,36,169574
48,37,86514
48,38,141160
48,39,238361
48,40,161612
48,41,66147
48,42,185299
48,43,165936
48,44,65987
48,45,400439
48,46,308049
48,47,169025
48,49,87487
48,50,372511
48,51,66484
48,52,469515
48,53,63603
48,54,896089
48,55,91155
48,56,168910
48,57,173724
48,58,81074
48,59,457787
48,60,73397
48,61,276580
48,62,68789
48,63,266481
48,64,138935
48,65,246741
48,66,72179
48,67,155390
48,68,346877
48,69,311904
48,70,62786
48,71,74077
48,72,70081
48,73,75368
48,74,132908
48,75,135957
48,76,72975
48,77,129291
48,78,814907232
48,79,114324
48,80,320070
48,81,565672
48,82,362926
48,83,194798
48,84,103812
48,85,94975
48,86,319792
48,87,197141
48,88,341464
48,89,83848
48,90,234470
48,91,149754
48,92,220754
48,93,248482
48,94,534358
48,95,63036
48,96,68124
48,97,119299
48,98,2138949
48,99,87186
48,100,83074
48,101,276865
48,102,150426
48,103,435548
48,104,360831
48,105,297561
48,106,77562
48,107,64889
48,108,172969
48,109,439835
48,110,185469
48,111,140152
48,112,101062
48,113,206221
48,114,104214
48,115,336103
48,116,69325
48,117,73623
48,118,202788
48,119,454938
48,120,832979
48,121,92943
48,122,97457
48,123,109158
48,124,240215
48,125,212184
48,126,156209
48,127,1242545
49,0,1048436
49,1,304620
49,2,66054
49,3,128694
49,4,73129
49,5,124242
49,6,73030
49,7,76761
49,8,70196
49,9,169864
49,10,641843
49,11,168422
49,12,158024
49,13,145156
49,14,2080012
49,15,92083
49,16,84208
49,17,163707
49,18,63829
49,19,252453
49,20,186742
49,21,84815
49,22,3089112
49,23,137146
49,24,471587
49,25,77555
49,26,927752
49,27,129929
49,28,84937
49,29,195510
49,30,83562
49,31,163463
49,32,737468
49,33,174882
49,34,1479935
49,35,102518
49,36,147613
49,37,143623
49,38,122639
49,39,93087
49,40,134045783
49,41,182906
49,42,68900
49,43,391251
49,44,82389
49,45,105584
49,46,524771
49,47,70899
49,48,1216260
49,50,169083
49,51,214972
49,52,122911
49,53,111303
49,54,263523
49,55,125851
49,56,112017
49,57,468766
49,58,74230
49,59,236855
49,60,125683
49,61,68640
49,62,82397
49,63,343568
49,64,225746
49,65,606465
49,66,200360
49,67,119681
49,68,176086
49,69,127860
49,70,112823
49,71,178159
49,72,89627
49,73,154799
49,74,91829
49,75,285509
49,76,240544
49,77,88514
49,78,231203
49,79,108669
49,80,84571
49,81,86802
49,82,105208
49,83,287557
49,84,206678
49,85,131786
49,86,75289
49,87,128398
49,88,76155
49,89,224770
49,90,67056
49,91,1065034
49,92,83960
49,93,116807
49,94,155291
49,95,34336382
49,96,145177
49,97,220332
49,98,80582
49,99,65706
49,100,649920
49,101,71081
49,102,163789
49,103,2486059
49,104,342935
49,105,67466
49,106,247377
49,107,16335790
49,108,291969
49,109,77693
49,110,227026
49,111,5648063
49,112,106726
49,113,153799
49,114,74467
49,115,239557
49,116,4785221
49,117,77569
49,118,5005853
49,119,291499
49,120,249009
49,121,87315
49,122,187610
49,123,701005
49,124,1391227
49,125,870988
49,126,658533
49,127,102934
50,0,231871
50,1,324969
50,2,425626
50,3,100105
50,4,96028
50,5,137264
50,6,68800
50,7,85265
50,8,73173
50,9,314493
50,10,121717
50,11,365991
50,12,828176
50,13,105681
50,14,69461
50,15,847701
50,16,174423
50,17,63074
50,18,302680
50,19,196531
50,20,284832
50,21,104931
50,22,1700192
50,23,110849
50,24,67014
50,25,660632
50,26,119087
50,27,288399
50,28,756356
50,29,173875
50,30,136325
50,31,525692
50,32,134199
50,33,63723
50,34,727717
50,35,220098
50,36,176398
50,37,91894
50,38,248074
50,39,117380
50,40,78924
50,41,78336
50,42,62716
50,43,552247
50,44,91603
50,45,78548
50,46,238307
50,47,66307
50,48,136306
50,49,62927
50,51,163003
50,52,310580
50,53,89672
50,54,96335
50,55,228020
50,56,747022
50,57,70421
50,58,143730
50,59,96521
50,60,218749
50,61,136735
50,62,68734
50,63,342724
50,64,87807
50,65,170565
50,66,96717
50,67,140624
50,68,276225
50,69,110452
50,70,62469
50,71,642175
50,72,65695
50,73,66494
50,74,168565
50,75,73497
50,76,69978
50,77,96779
50,78,147299
50,79,65139
50,80,74524
50,81,708508
50,82,75433
50,83,96810
50,84,316302
50,85,70490
50,86,85885
50,87,100459
50,88,78392
50,89,62651
50,90,866353
50,91,159074
50,92,69096
50,93,258286
50,94,304451
50,95,105975
50,96,234996
50,97,810480
50,98,64458
50,99,86220
50,100,344204
50,101,121057
50,102,127653
50,103,100570
50,104,215781
50,105,2188344
50,106,101355
50,107,339280
50,108,97029
50,109,165215
50,110,2930852
50,111,67610
50,112,72416
50,113,79153
50,114,84273
50,115,98668
50,116,190082
50,117,164884
50,118,94795
50,119,75348
50,120,266348
50,121,76410
50,122,347957
50,123,1489222
50,124,405398
50,125,1598884
50,126,110544
50,127,95600
51,0,63660
51,1,110876
51,2,95428
51,3,220896
51,4,101831
51,5,72362
51,6,88479
51,7,122495
51,8,110624
51,9,101740
51,10,116719
51,11,263588
51,12,128957
51,13,69881
51,14,68064
51,15,76938
51,16,150032
51,17,361411
51,18,111977
51,19,106220
51,20,110743
51,21,170712
51,22,154285
51,23,250839
51,24,75473
51,25,73279
51,26,199030
51,27,91669
51,28,326119
51,29,146253
51,30,243945
51,31,83928
51,32,77355
51,33,230489
51,34,7083314
51,35,64700
51,36,96500
51,37,193018
51,38,62515
51,39,67918
51,40,303605
51,41,77129
51,42,17687492
51,43,77300
51,44,145571
51,45,395317
51,46,117203
51,47,73629
51,48,117840
51,49,933009
51,50,3351153
51,52,62446
51,53,144829
51,54,102807
51,55,83294
51,56,80257
51,57,153848
51,58,95580
51,59,68701
51,60,98411
51,61,597882
51,62,146452
51,63,102726
51,64,121073
51,65,163870
51,66,67891
51,67,212053
51,68,83920
51,69,293230
51,70,68706
51,71,101174
51,72,78118
51,73,844939
51,74,76680
51,75,159333
51,76,157440
51,77,396139
51,78,112521
51,79,507161
51,80,189512
51,81,161825
51,82,187890
51,83,497607
51,84,99230
51,85,75152
51,86,188557
51,87,232541
51,88,93582
51,89,119330
51,90,339591
51,91,80611
51,92,72331
51,93,80008
51,94,65752
51,95,203920
51,96,916760
51,97,560438
51,98,112385
51,99,87015
51,100,93426
51,101,242485
51,102,117513
51,103,86972
51,104,19781886
51,105,80523
51,106,68086
51,107,65426
51,108,91025
51,109,373002
51,110,91407
51,111,73403
51,112,92302
51,113,7335697
51,114,68480
51,115,3887855
51,116,69716
51,117,184890
51,118,119895
51,119,124341
51,120,450378
51,121,789556
51,122,304366
51,123,240930
51,124,2872685
51,125,370557
51,126,940328
51,127,15497604
52,0,101264
52,1,113015
52,2,571533
52,3,89727
52,4,145768
52,5,153220
52,6,90390
52,7,549231
52,8,197409
52,9,83801
52,10,306069
52,11,65452
52,12,78725
52,13,111531
52,14,96366
52,15,546989
52,16,1419215
52,17,138234
52,18,89251
52,19,145878
52,20,389912
52,21,93856
52,22,61966
52,23,321938
52,24,658882
52,25,791018
52,26,62627
52,27,67428
52,28,699834
52,29,740916
52,30,6436504
52,31,668433
52,32,74499
52,33,108400
52,34,73460
52,35,1406494
52,36,106343
52,37,73824
52,38,184551
52,39,417016
52,40,177526
52,41,77832
52,42,62118
52,43,2266478
52,44,65345
52,45,654028
52,46,96315
52,47,68828
52,48,129965
52,49,1232567
52,50,1055018
52,51,65436
52,53,122049
52,54,148950
52,55,77777
52,56,176772
52,57,1620426
52,58,112631
52,59,109093
52,60,77149
52,61,378108
52,62,1086470
52,63,11305418
52,64,65164
52,65,124604
52,66,91876
52,67,69068
52,68,311993
52,69,846041
52,70,74788
52,71,230387
52,72,3161820
52,73,155860
52,74,101479
52,75,113029
52,76,217737
52,77,167283
52,78,64939
52,79,205270
52,80,131895
52,81,68469
52,82,259419
52,83,499701
52,84,89090
52,85,63368
52,86,247667
52,87,110677
52,88,14134305
52,89,302764
52,90,542556
52,91,612212
52,92,170682
52,93,688314
52,94,472155
52,95,246856
52,96,75407
52,97,66892
52,98,269703
52,99,184958
52,100,1728399
52,101,127002
52,102,318866
52,103,123687
52,104,72587
52,105,293706
52,106,988007
52,107,90610
52,108,106764
52,109,356143
52,110,87980
52,111,1269891
52,112,73092
52,113,82343
52,114,201428
52,115,61934
52,116,144677
52,117,92875
52,118,96582
52,119,254329
52,120,93699
52,121,114975
52,122,401141
52,123,125633
52,124,104607
52,125,1414951
52,126,111733
52,127,347092
53,0,119497
53,1,251853
53,2,138534
53,3,141036
53,4,173451
53,5,119528
53,6,183239
53,7,341255
53,8,104464
53,9,716567
53,10,450204
53,11,205311
53,12,223609
53,13,211617
53,14,214615
53,15,72477
53,16,122735
53,17,376601
53,18,106553
53,19,156134
53,20,150917
53,21,85232
53,22,77507
53,23,88770
53,24,90859
53,25,615277
53,26,249832
53,27,122240
53,28,400019
53,29,68135
53,30,327277
53,31,152500
53,32,6069455
53,33,874495
53,34,996884
53,35,115546
53,36,62145
53,37,143345
53,38,166804
53,39,102760
53,40,95106
53,41,162118
53,42,70213
53,43,2353479
53,44,347848
53,45,310756
53,46,237122
53,47,192651
53,48,72270
53,49,160819
53,50,309179
53,51,235630
53,52,110280
53,54,146519
53,55,5871004
53,56,103859
53,57,299113
53,58,191921
53,59,121970
53,60,94636
53,61,161931
53,62,471020
53,63,22606499
53,64,83105
53,65,103977
53,66,9231690
53,67,133523
53,68,85645
53,69,722309
53,70,84450
53,71,539636
53,72,213062
53,73,790043
53,74,89403
53,75,539394
53,76,217462
53,77,69596
53,78,183473
53,79,110004
53,80,578056
53,81,406980
53,82,80397
53,83,90299
53,84,406404
53,85,76296
53,86,143901
53,87,86103
53,88,68973
53,89,74014
53,90,150613
53,91,63259
53,92,117899
53,93,100548
53,94,133954
53,95,120342
53,96,583876
53,97,62067
53,98,78945
53,99,2526483
53,100,2233310
53,101,81051
53,102,960831
53,103,296750
53,104,98604
53,105,116340
53,106,70184
53,107,136832
53,108,431497
53,109,234312
53,110,189619
53,111,79622
53,112,1229274
53,113,168651
53,114,88939
53,115,152787
53,116,70782
53,117,335393
53,118,117086
53,119,629424
53,120,168393
53,121,923845
53,122,135745
53,123,87859
53,124,94318
53,125,91285
53,126,83539
53,127,128782
54,0,97185
54,1,146010
54,2,198874
54,3,119208
54,4,294981
54,5,1572685
54,6,189904
54,7,75283
54,8,95136
54,9,579156
54,10,1094382
54,11,119421
54,12,9597589
54,13,15846950
54,14,705331
54,15,2628587
54,16,287328
54,17,83976
54,18,117174
54,19,70618
54,20,84080
54,21,71246
54,22,1158729
54,23,99951
54,24,262228
54,25,69540
54,26,366348
54,27,587533
54,28,332282
54,29,81959
54,30,245307
54,31,128276
54,32,76592
54,33,69642
54,34,83761
54,35,34833408
54,36,363160
54,37,116123
54,38,117632
54,39,100348
54,40,82761
54,41,6623630
54,42,139663
54,43,4198317
54,44,84024
54,45,7364759
54,46,115704
54,47,69303
54,48,273137
54,49,481217
54,50,71602
54,51,255308
54,52,3554675
54,53,107476
54,55,3407083
54,56,279161
54,57,87358
54,58,65711
54,59,63926
54,60,515716
54,61,138215
54,62,90262
54,63,71210
54,64,67670
54,65,579708
54,66,198952
54,67,245364
54,68,1473803
54,69,149547
54,70,87833
54,71,134124
54,72,9365860
54,73,293389
54,74,129574
54,75,129698
54,76,601998
54,77,301844
54,78,173270
54,79,170127
54,80,176522
54,81,346769
54,82,84791
54,83,122511
54,84,95458
54,85,204368
54,86,122129
54,87,517504
54,88,1629559
54,89,192945
54,90,82691
54,91,1122460
54,92,207893
54,93,179244
54,94,139076
54,95,327180
54,96,537947
54,97,152262
54,98,171774
54,99,75394
54,100,69151
54,101,66473
54,102,100171
54,103,79781
54,104,172669
54,105,63762
54,106,81480
54,107,71824
54,108,130000
54,109,144008
54,110,107639
54,111,2239872
54,112,255247
54,113,106565
54,114,178572
54,115,971393
54,116,72710
54,117,87521
54,118,323637
54,119,99918
54,120,268958
54,121,2210618
54,122,154603
54,123,548233
54,124,64169
54,125,118318
54,126,336408
54,127,91989
55,0,120064
55,1,95875
55,2,583317
55,3,135783
55,4,241927
55,5,751440
55,6,106652
55,7,99688
55,8,554020
55,9,184348
55,10,14735028
55,11,119957
55,12,378993
55,13,153075
55,14,95590
55,15,64247
55,16,235471
55,17,81990
55,18,80872
55,19,79883
55,20,151882
55,21,997630
55,22,86388
55,23,132060
55,24,75558
55,25,77700
55,26,199380
55,27,95936
55,28,327374
55,29,265554
55,30,569122
55,31,73931
55,32,122976
55,33,7893151
55,34,3756438
55,35,106269
55,36,175067
55,37,86371
55,38,123088
55,39,112371
55,40,435058
55,41,112466
55,42,5138327
55,43,94487
55,44,67697
55,45,114085
55,46,533409
55,47,733199
55,48,76336
55,49,144137
55,50,321751
55,51,86253
55,52,62946
55,53,65366
55,54,915482
55,56,340317
55,57,97195
55,58,152811
55,59,97900
55,60,79694
55,61,108784
55,62,1900212
55,63,13227389
55,64,170010
55,65,68728
55,66,75657
55,67,313865
55,68,98134
55,69,1439428
55,70,111036
55,71,119391
55,72,146941
55,73,385554
55,74,81006
55,75,119558
55,76,514827
55,77,371654
55,78,258412
55,79,662038
55,80,81639
55,81,76015
55,82,337736
55,83,99100
55,84,62529
55,85,442849
55,86,245421
55,87,212623
55,88,200085
55,89,827645
55,90,103424
55,91,588099
55,92,8131387
55,93,1843409
55,94,419748
55,95,1082988
55,96,122399
55,97,338147
55,98,1253807
55,99,210750
55,100,109834
55,101,496981
55,102,272167
55,103,61911
55,104,85076
55,105,153316
55,106,85761
55,107,39338351
55,108,155786
55,109,190800
55,110,85175
55,111,69112
55,112,49433305
55,113,194760
55,114,89953
55,115,137185
55,116,101899
55,117,464317
55,118,3310299
55,119,310404
55,120,82847
55,121,62909
55,122,61930
55,123,290874
55,124,66866
55,125,492236
55,126,1381670
55,127,430695
56,0,107287
56,1,62427
56,2,82274
56,3,66735
56,4,100816
56,5,63449
56,6,253237
56,7,233476
56,8,72089
56,9,3547018
56,10,87642
56,11,113084
56,12,65746
56,13,135437
56,14,20330949
56,15,322126
56,16,100749
56,17,138714
56,18,122831
56,19,456358
56,20,127310
56,21,250601
56,22,974245
56,23,673849
56,24,2831695
56,25,1345906
56,26,129556
56,27,74020
56,28,112248
56,29,2719618
56,30,80493
56,31,206138
56,32,102334
56,33,6194525
56,34,105063
56,35,93621
56,36,709307
56,37,263719
56,38,262551
56,39,99589
56,40,309791
56,41,1983753
56,42,417318
56,43,64934
56,44,140480
56,45,247725
56,46,174210
56,47,655063
56,48,127036
56,49,67391
56,50,504366
56,51,160060
56,52,256170
56,53,150380
56,54,193386
56,55,72465
56,57,106789
56,58,71293
56,59,1014312
56,60,4283131
56,61,138075
56,62,219399
56,63,2367970
56,64,75922
56,65,14529663
56,66,91257
56,67,157414
56,68,109730
56,69,96655
56,70,72741
56,71,92169
56,72,401422
56,73,1325504
56,74,111558
56,75,112905
56,76,89135
56,77,87911
56,78,271410
56,79,70352
56,80,274043
56,81,72276
56,82,498233
56,83,592379
56,84,532462
56,85,82005
56,86,66505
56,87,4474190
56,88,125333
56,89,416413
56,90,66416
56,91,194350
56,92,100704
56,93,99175
56,94,1403695
56,95,151693
56,96,38718040
56,97,90527
56,98,106429
56,99,95946
56,100,68475
56,101,2360704
56,102,143987
56,103,2378945
56,104,179662
56,105,79045
56,106,125000
56,107,873323
56,108,69591
56,109,66359
56,110,103729
56,111,94269
56,112,627823
56,113,166888
56,114,2963497
56,115,105257
56,116,165408
56,117,194723
56,118,117336
56,119,577507
56,120,398904
56,121,163409
56,122,98230
56,123,242932
56,124,77211
56,125,2106161
56,126,205476
56,127,107753
57,0,74435
57,1,3980238
57,2,77115
57,3,907885
57,4,329027
57,5,66855
57,6,76843
57,7,172459
57,8,1027556
57,9,104739
57,10,123363
57,11,65533
57,12,73510
57,13,1461677
57,14,181780
57,15,63709
57,16,96171
57,17,358530
57,18,78097
57,19,90016
57,20,284907
57,21,75697
57,22,309528
57,23,83420
57,24,109847
57,25,102013
57,26,100693
57,27,218472
57,28,177652
57,29,109055
57,30,72368
57,31,97154
57,32,469703
57,33,741783
57,34,188065
57,35,312170
57,36,78881
57,37,266149
57,38,74001
57,39,86044
57,40,120373
57,41,103942
57,42,1604220
57,43,385424
57,44,243832
57,45,94566
57,46,72698
57,47,452472
57,48,66656
57,49,3457442
57,50,432785
57,51,98358
57,52,63627
57,53,3860903
57,54,158920
57,55,93787
57,56,74224
57,58,23553327
57,59,175838
57,60,633948
57,61,144742
57,62,1231467
57,63,76343
57,64,235789
57,65,766826
57,66,83341
57,67,994651
57,68,377982
57,69,783759
57,70,200754
57,71,62595
57,72,71537
57,73,127019
57,74,590660
57,75,140665
57,76,75440
57,77,161215
57,78,146497
57,79,90766
57,80,94467
57,81,76236
57,82,5168641
57,83,133430
57,84,99984
57,85,93339
57,86,4066886
57,87,82051
57,88,196455
57,89,3999199
57,90,122879
57,91,604075
57,92,192213
57,93,71069
57,94,102610
57,95,154873
57,96,281713
57,97,166048
57,98,90235
57,99,162278
57,100,75159
57,101,108260
57,102,105051
57,103,522252
57,104,97964
57,105,134030
57,106,1939895
57,107,103471
57,108,95681
57,109,127877
57,110,246166
57,111,87075
57,112,129645
57,113,94706
57,114,64047
57,115,70717
57,116,116954
57,117,114212
57,118,80530
57,119,62404
57,120,886974
57,121,82699
57,122,67999
57,123,86262
57,124,164472
57,125,289554
57,126,142666
57,127,470832
58,0,79433
58,1,1235877
58,2,193055
58,3,269771
58,4,101888
58,5,95066
58,6,67546
58,7,63083
58,8,4838687
58,9,1469234
58,10,79340
58,11,361063
58,12,453702
58,13,61989
58,14,71794
58,15,111896
58,16,184653
58,17,69314
58,18,74134
58,19,165853
58,20,586967
58,21,173391
58,22,749667
58,23,84986
58,24,1077802
58,25,3915154
58,26,322220
58,27,75132
58,28,194835
58,29,62998
58,30,63230
58,31,75466
58,32,649579
58,33,113541
58,34,381157
58,35,5261583
58,36,136559
58,37,67659
58,38,72938
58,39,102622
58,40,106208
58,41,176991
58,42,1057506
58,43,148768
58,44,69444
58,45,66966
58,46,161241
58,47,64375
58,48,141555
58,49,148336
58,50,85504
58,51,283637
58,52,62385
58,53,81390
58,54,62311
58,55,261072
58,56,109313
58,57,68310
58,59,1710169
58,60,333981
58,61,3149485
58,62,1905091
58,63,115489
58,64,119117
58,65,256356
58,66,7698928
58,67,170214
58,68,931690
58,69,600522
58,70,165353
58,71,238904
58,72,77804
58,73,395590
58,74,63249
58,75,79010
58,76,79701
58,77,70144
58,78,5851812
58,79,112754
58,80,349261
58,81,90326
58,82,174790
58,83,64849
58,84,194313
58,85,124637
58,86,110584
58,87,67535
58,88,170360
58,89,111505
58,90,196836
58,91,147703
58,92,136891
58,93,81412
58,94,2920116
58,95,242988
58,96,67215
58,97,94328
58,98,453526
58,99,83793
58,100,138474
58,101,68939
58,102,64198
58,103,65275
58,104,65134
58,105,210061
58,106,341883
58,107,67745
58,108,77438
58,109,1117843
58,110,69801
58,111,79110
58,112,286037
58,113,1351097
58,114,63320
58,115,317671
58,116,255923
58,117,88682
58,118,68005
58,119,62104
58,120,83310
58,121,110412
58,122,97122
58,123,97447
58,124,1991682
58,125,123655
58,126,157036
58,127,63989
59,0,316848
59,1,140336
59,2,740051
59,3,76911
59,4,62847
59,5,107564
59,6,90970
59,7,108733
59,8,2213833
59,9,145112
59,10,102025
59,11,467460
59,12,63382
59,13,133224
59,14,127344
59,15,86144
59,16,1294738
59,17,248950
59,18,246972
59,19,67439
59,20,70514
59,21,267347
59,22,119056
59,23,77452
59,24,396965
59,25,68217
59,26,123024
59,27,3585608
59,28,64498
59,29,73428
59,30,104072
59,31,111263
59,32,96562
59,33,108438
59,34,138654
59,35,112562
59,36,266215
59,37,23801474
59,38,64775
59,39,240434
59,40,76734
59,41,351123
59,42,204573
59,43,65614
59,44,133001
59,45,2191501
59,46,292284
59,47,137501
59,48,83050
59,49,13400108
59,50,109106
59,51,113694
59,52,108849
59,53,2624183
59,54,1185830
59,55,69012
59,56,154995
59,57,156809
59,58,333781
59,60,1214115
59,61,94576
59,62,232334
59,63,198680
59,64,6008642
59,65,1250409
59,66,77937
59,67,841099
59,68,297155
59,69,151930
59,70,195210
59,71,1751171
59,72,65492
59,73,138915
59,74,116573
59,75,129433
59,76,236268
59,77,278440
59,78,503512
59,79,150823
59,80,218981
59,81,125750
59,82,1140330
59,83,109080
59,84,190872
59,85,228420
59,86,1642506
59,87,318590
59,88,3816736
59,89,68502
59,90,92017
59,91,174088
59,92,673122
59,93,1369557
59,94,63960
59,95,65517
59,96,73976
59,97,80567
59,98,86354
59,99,159773
59,100,165964
59,101,67109
59,102,7029380
59,103,64790
59,104,96676
59,105,136112
59,106,566465
59,107,95987
59,108,88541
59,109,78753
59,110,280541
59,111,134521
59,112,181977
59,113,176491
59,114,83753
59,115,1348497
59,116,150194
59,117,284757
59,118,142477
59,119,107652
59,120,63902
59,121,74737
59,122,125150
59,123,263263
59,124,127327
59,125,87160
59,126,357049
59,127,514161
60,0,421281
60,1,117425
60,2,164089
60,3,278296
60,4,131041
60,5,85019
60,6,66255
60,7,161321
60,8,378866
60,9,153123
60,10,137048
60,11,341674
60,12,84112
60,13,90509
60,14,409885
60,15,190656
60,16,488579
60,17,307013
60,18,4825218
60,19,482003
60,20,88488
60,21,434895
60,22,65650
60,23,78294
60,24,78988
60,25,182308
60,26,77410
60,27,440502
60,28,708907
60,29,197562
60,30,4315750
60,31,81292
60,32,147793
60,33,190512
60,34,473104
60,35,114310
60,36,151528
60,37,233424
60,38,66630
60,39,106963
60,40,108951
60,41,141057
60,42,674213
60,43,1542268
60,44,5473834
60,45,76646
60,46,62432
60,47,248599
60,48,120683
60,49,1577862
60,50,121496
60,51,1366891
60,52,139379
60,53,96407
60,54,94646
60,55,1423502
60,56,109638
60,57,458325
60,58,86768
60,59,322785
60,61,2123930
60,62,251255
60,63,68354
60,64,202909
60,65,76484
60,66,139907
60,67,1638787
60,68,105803
60,69,329615
60,70,95691
60,71,139278
60,72,75322
60,73,182739
60,74,139056
60,75,2589425
60,76,120839
60,77,185572
60,78,7453224
60,79,81730
60,80,126306
60,81,339177
60,82,187158
60,83,126424
60,84,68037
60,85,69280
60,86,175962
60,87,234417
60,88,98819
60,89,462121
60,90,209291
60,91,200715
60,92,294422
60,93,809460
60,94,73204
60,95,164746
60,96,112357
60,97,451248
60,98,174058
60,99,86819
60,100,171656
60,101,877437
60,102,79419
60,103,63121
60,104,82925
60,105,4018326
60,106,136054
60,107,77825
60,108,91537
60,109,224916
60,110,78427
60,111,261970
60,112,219864
60,113,4811818
60,114,1249280
60,115,639191
60,116,79745
60,117,75243
60,118,218842
60,119,483979
60,120,689830
60,121,67146
60,122,97321
60,123,210319
60,124,66323
60,125,139887
60,126,99973
60,127,198564
61,0,188768
61,1,78153
61,2,131914
61,3,1349796
61,4,325352
61,5,116471
61,6,163898
61,7,162788
61,8,65335
61,9,73260
61,10,176678
61,11,570191
61,12,136093
61,13,62782
61,14,88129
61,15,69625
61,16,123557
61,17,1073515
61,18,370314
61,19,114057
61,20,194424
61,21,180829
61,22,135092
61,23,2611049
61,24,75074
61,25,1165645
61,26,108913
61,27,5093461
61,28,68081
61,29,139826
61,30,92121
61,31,690971
61,32,7278200
61,33,91332
61,34,110083
61,35,916121
61,36,65685
61,37,62674
61,38,97953
61,39,87607
61,40,124984
61,41,281273
61,42,902262
61,43,102059
61,44,77424
61,45,90335
61,46,132207
61,47,113208
61,48,383603
61,49,324778
61,50,117914
61,51,147906
61,52,83444
61,53,70642
61,54,324874
61,55,81921
61,56,70560
61,57,85860
61,58,298376
61,59,120714
61,60,123040
61,62,66162
61,63,91229
61,64,103190
61,65,73441
61,66,84896
61,67,126814
61,68,112412
61,69,81119
61,70,98615
61,71,163436
61,72,215152
61,73,77225
61,74,163490
61,75,171360
61,76,74601
61,77,122527
61,78,160478
61,79,280322
61,80,103565
61,81,776149
61,82,463034
61,83,8237563
61,84,1068412
61,85,8383145
61,86,331686
61,87,342829
61,88,151953
61,89,278009
61,90,3019412
61,91,90886
61,92,134863
61,93,650601
61,94,94447
61,95,320628
61,96,215646
61,97,218150
61,98,97552
61,99,807936
61,100,88418
61,101,94457
61,102,368983
61,103,3524228
61,104,115446
61,105,1552286
61,106,165992
61,107,89754
61,108,723550
61,109,322408
61,110,130196
61,111,70828
61,112,108095
61,113,325065
61,114,841646
61,115,7110566
61,116,391385
61,117,184314
61,118,84758
61,119,88894
61,120,73304
61,121,265159
61,122,125299
61,123,114861
61,124,62122
61,125,160609
61,126,188980
61,127,62581
62,0,185026
62,1,274322
62,2,315214
62,3,108451
62,4,69146
62,5,64800
62,6,736183
62,7,85052
62,8,69157
62,9,499911
62,10,80294
62,11,137738
62,12,136442
62,13,74750
62,14,68288
62,15,2148054
62,16,152883
62,17,63287
62,18,174271
62,19,442008
62,20,97143
62,21,64140
62,22,203393
62,23,372756
62,24,590089
62,25,193756
62,26,85101
62,27,198178
62,28,269432
62,29,223754
62,30,843289
62,31,243494
62,32,83785
62,33,72186
62,34,91127
62,35,131312
62,36,157718
62,37,69613
62,38,118859
62,39,169661
62,40,86136
62,41,63316
62,42,256727
62,43,624010
62,44,253903
62,45,81442
62,46,74115
62,47,105426
62,48,211400
62,49,65189
62,50,116602
62,51,157389
62,52,81967
62,53,64306
62,54,84612
62,55,175529
62,56,640514
62,57,127808
62,58,586121
62,59,64340
62,60,109042
62,61,73755
62,63,339694
62,64,143687
62,65,156634
62,66,168279
62,67,159178
62,68,405829
62,69,125383
62,70,69961
62,71,131713
62,72,344310
62,73,85496
62,74,158714
62,75,311285
62,76,1340752
62,77,135764
62,78,68190
62,79,211966
62,80,129680
62,81,68784
62,82,82289
62,83,387260
62,84,164362
62,85,151717
62,86,90619
62,87,223273
62,88,107262
62,89,79354
62,90,162573
62,91,82723
62,92,273415
62,93,81036
62,94,74905
62,95,66536
62,96,103506
62,97,258223
62,98,609780
62,99,213283
62,100,114394
62,101,93300
62,102,62003
62,103,96007
62,104,95146
62,105,154922
62,106,78484
62,107,70963
62,108,189583
62,109,156609
62,110,65849
62,111,67045
62,112,91753
62,113,2867502
62,114,999126
62,115,428940
62,116,71890
62,117,126390
62,118,104727
62,119,232180
62,120,88382
62,121,2115011
62,122,157364
62,123,64360
62,124,76511
62,125,63078
62,126,113903
62,127,114380
63,0,70554
63,1,508677
63,2,337634
63,3,147590
63,4,84442
63,5,201906
63,6,215197
63,7,205765
63,8,551490
63,9,361179
63,10,7959901
63,11,175869
63,12,231562
63,13,620240
63,14,257411
63,15,75823
63,16,74294
63,17,725212
63,18,760422
63,19,155242
63,20,63516
63,21,94955
63,22,86675
63,23,668791
63,24,215331
63,25,299606
63,26,203839
63,27,70793
63,28,159982
63,29,129415
63,30,253297
63,31,67940
63,32,221226
63,33,234522
63,34,126831
63,35,76856
63,36,105027
63,37,93416
63,38,135841
63,39,110756
63,40,235577
63,41,102322
63,42,1873785
63,43,63810
63,44,244624
63,45,112590
63,46,95722
63,47,117484
63,48,86396
63,49,126882
63,50,536267
63,51,1297151
63,52,372143
63,53,162519
63,54,85935
63,55,440002
63,56,96603
63,57,23071012
63,58,1225996
63,59,89736
63,60,84880
63,61,131131
63,62,97478
63,64,125433
63,65,69309
63,66,73711
63,67,93514
63,68,73957
63,69,79318
63,70,102541
63,71,108836
63,72,77493
63,73,66374
63,74,91453
63,75,272305
63,76,326504
63,77,74544
63,78,201388
63,79,123395
63,80,746583
63,81,563044
63,82,1107806
63,83,71010
63,84,303268
63,85,80939
63,86,73799
63,87,129450
63,88,140768
63,89,1110526
63,90,585840
63,91,118829
63,92,63512
63,93,131349
63,94,88146
63,95,180960
63,96,301427
63,97,94378
63,98,89215
63,99,102070
63,100,82746
63,101,164609
63,102,103354
63,103,105901
63,104,134237
63,105,73792
63,106,67386
63,107,152048
63,108,97520
63,109,179180
63,110,1776648
63,111,121622
63,112,68381
63,113,451947
63,114,107942
63,115,87255
63,116,130698
63,117,105889
63,118,98166
63,119,250898
63,120,355241
63,121,602886
63,122,114479
63,123,105378
63,124,183139
63,125,144396
63,126,65497
63,127,391923
64,0,67418
64,1,80081
64,2,192030
64,3,2435251
64,4,146297
64,5,104979
64,6,142941
64,7,89573
64,8,299359
64,9,109326
64,10,356256
64,11,138115
64,12,356595
64,13,136657
64,14,192725
64,15,89028
64,16,96304
64,17,305471
64,18,158535
64,19,109443
64,20,92568
64,21,171182
64,22,313596
64,23,186984
64,24,349697
64,25,64577
64,26,62418
64,27,104226
64,28,80404
64,29,781844
64,30,84644
64,31,102772
64,32,193867
64,33,256294
64,34,89636
64,35,1097043
64,36,301177
64,37,167709
64,38,115060
64,39,82933
64,40,137678
64,41,71908
64,42,65094
64,43,948432
64,44,186949
64,45,996138
64,46,104967
64,47,291264
64,48,100849
64,49,99797
64,50,103214
64,51,232490
64,52,123137
64,53,2816600
64,54,80842
64,55,180666
64,56,92131
64,57,122463
64,58,131549
64,59,74103
64,60,533646
64,61,184382
64,62,801389
64,63,89772
64,65,399600
64,66,144073
64,67,328637
64,68,111814
64,69,76417
64,70,107012
64,71,100448
64,72,1702179
64,73,15384276
64,74,110571
64,75,287862
64,76,69376
64,77,146608
64,78,441170
64,79,240160
64,80,133504
64,81,116778
64,82,63569
64,83,97248
64,84,533883
64,85,268486
64,86,241151
64,87,144634
64,88,147568
64,89,62464
64,90,549982
64,91,73503
64,92,101683
64,93,87143
64,94,1653754
64,95,62182
64,96,914845
64,97,69163
64,98,114819
64,99,101490
64,100,85603
64,101,1128048
64,102,1002883
64,103,188275
64,104,148495
64,105,73648
64,106,224140
64,107,134939
64,108,65701
64,109,94626
64,110,65523
64,111,110943
64,112,139238
64,113,86964
64,114,187401
64,115,177589
64,116,69664
64,117,119727
64,118,100160
64,119,393274
64,120,200833
64,121,67621
64,122,295542
64,123,125650
64,124,121764
64,125,132446
64,126,103062
64,127,1688360
65,0,398209
65,1,11369745
65,2,122944
65,3,112781
65,4,105669
65,5,94308
65,6,94785
65,7,107312
65,8,112850
65,9,72839
65,10,94259
65,11,107388
65,12,74339
65,13,79723
65,14,103670
65,15,365516
65,16,78477
65,17,625911
65,18,478097
65,19,331092
65,20,99896
65,21,2217058
65,22,331884
65,23,63402
65,24,66142
65,25,797409
65,26,233632
65,27,71075
65,28,329713
65,29,79081
65,30,89448
65,31,208781
65,32,72704
65,33,338352
65,34,89439
65,35,506082
65,36,101842
65,37,92981
65,38,615585
65,39,281493
65,40,1410711
65,41,2572362
65,42,299441
65,43,101604
65,44,62979
65,45,212930
65,46,456893
65,47,178254
65,48,67199
65,49,66771
65,50,219074
65,51,230540
65,52,252032
65,53,122992
65,54,163300
65,55,69006
65,56,303184
65,57,168967
65,58,145461
65,59,85919
65,60,129186
65,61,108209
65,62,84313
65,63,116079
65,64,130304
65,66,251434
65,67,328734
65,68,207725
65,69,126848
65,70,142582
65,71,1160698
65,72,358073
65,73,488983
65,74,195060
65,75,509547
65,76,85777
65,77,706520
65,78,74963
65,79,2160305
65,80,1616799
65,81,76619
65,82,224527
65,83,148268
65,84,223225
65,85,305898
65,86,109339
65,87,513498
65,88,24312412
65,89,4865832
65,90,144310
65,91,466903
65,92,131385
65,93,1818403
65,94,328832
65,95,363982
65,96,603778
65,97,198332
65,98,287099
65,99,324206
65,100,205848
65,101,1188913
65,102,93174
65,103,111626
65,104,212097
65,105,4521432
65,106,134920
65,107,136481
65,108,100637
65,109,888784
65,110,84008
65,111,89322
65,112,1670892
65,113,196341
65,114,151740
65,115,331586
65,116,207221
65,117,150636
65,118,467647
65,119,882182
65,120,79549
65,121,306755
65,122,385947
65,123,354708975
65,124,79088
65,125,64924
65,126,1657534
65,127,147501
66,0,99013
66,1,82684
66,2,105100
66,3,383474
66,4,1435052
66,5,764528
66,6,66198
66,7,2710256
66,8,2767330
66,9,96273
66,10,179212
66,11,1298361
66,12,495943
66,13,954595
66,14,78981
66,15,210492
66,16,69818
66,17,981444
66,18,131294
66,19,226384
66,20,106590
66,21,2307489
66,22,317396
66,23,259230
66,24,137777
66,25,136423
66,26,253721
66,27,908514
66,28,211704
66,29,334686
66,30,122192
66,31,480238
66,32,413274
66,33,75106
66,34,64844
66,35,234050
66,36,359333
66,37,99885
66,38,73198
66,39,70485
66,40,70041
66,41,128259
66,42,124160
66,43,2593724
66,44,123234
66,45,203353
66,46,499071
66,47,75165
66,48,7926397
66,49,410325
66,50,107137
66,51,62302
66,52,92492
66,53,110531
66,54,95824
66,55,1374916
66,56,107112
66,57,75829
66,58,57076120
66,59,67568
66,60,123883
66,61,76437
66,62,66877
66,63,257038
66,64,74763
66,65,140091
66,67,98959
66,68,109690
66,69,89108
66,70,414763
66,71,4304827
66,72,213195
66,73,64715
66,74,125183
66,75,384772
66,76,76142
66,77,247030
66,78,79687
66,79,75783
66,80,111666
66,81,78329
66,82,244454
66,83,89555
66,84,389113
66,85,87212
66,86,391654
66,87,225306
66,88,115575
66,89,595554
66,90,187750
66,91,65431
66,92,82205
66,93,73641
66,94,206096
66,95,90923
66,96,102299
66,97,117558
66,98,64336
66,99,85487
66,100,68403
66,101,241983
66,102,89313
66,103,347524
66,104,198719
66,105,173815
66,106,356708
66,107,2401178
66,108,264699
66,109,664511
66,110,1742827
66,111,245535
66,112,113722
66,113,71549
66,114,222269
66,115,195963
66,116,415062
66,117,1914917
66,118,62224
66,119,542311
66,120,82359
66,121,374112
66,122,83697
66,123,305984
66,124,78789
66,125,66567
66,126,121026
66,127,86245
67,0,81450
67,1,168079
67,2,112836
67,3,206595
67,4,617439
67,5,171271
67,6,1008187
67,7,158483
67,8,93748
67,9,74479
67,10,181228510
67,11,2462370
67,12,126171
67,13,67003
67,14,64277
67,15,1927332
67,16,97531
67,17,122288
67,18,67837
67,19,163571
67,20,289168
67,21,76209
67,22,96417
67,23,77686
67,24,785682
67,25,252212
67,26,224576
67,27,67783
67,28,62932
67,29,97352
67,30,529642
67,31,1304440
67,32,511735
67,33,70450
67,34,315305
67,35,95885
67,36,142456
67,37,92444
67,38,326215
67,39,175282
67,40,287175
67,41,125935
67,42,2194666
67,43,2290237
67,44,71704
67,45,1266413
67,46,289709
67,47,156935
67,48,80044
67,49,77638
67,50,88957
67,51,331289
67,52,268689
67,53,1322994
67,54,522480
67,55,3065553
67,56,310932
67,57,491827
67,58,89618
67,59,67268
67,60,225403
67,61,119071
67,62,149386
67,63,69213
67,64,116398
67,65,2328509
67,66,87109
67,68,611602
67,69,198991
67,70,585277
67,71,83302
67,72,127275
67,73,729396
67,74,74217
67,75,73472
67,76,2522386
67,77,99132
67,78,6049059
67,79,420973
67,80,180764
67,81,99830
67,82,235418
67,83,69721
67,84,64120
67,85,118980
67,86,161772
67,87,165880
67,88,82917
67,89,66364
67,90,1205606
67,91,79297
67,92,183507
67,93,486169
67,94,330993
67,95,82036
67,96,179888
67,97,195774
67,98,120637
67,99,8346310
67,100,125717
67,101,91248
67,102,142878
67,103,79832
67,104,82972
67,105,238145
67,106,1146082
67,107,129610
67,108,78938
67,109,76075
67,110,18600989
67,111,145265
67,112,66214
67,113,130626
67,114,1076942
67,115,75022
67,116,155143
67,117,130483
67,118,103800
67,119,217508
67,120,428781
67,121,199849
67,122,69676
67,123,837834
67,124,93271
67,125,66798
67,126,119911
67,127,78111
68,0,372020
68,1,91519
68,2,304790
68,3,967849
68,4,71358
68,5,10993551
68,6,97668
68,7,379881
68,8,551238
68,9,216188
68,10,69500
68,11,2085772
68,12,98422
68,13,67423
68,14,152357
68,15,115260
68,16,111612
68,17,367422
68,18,243157
68,19,350903
68,20,251912
68,21,98017
68,22,164774
68,23,5230264
68,24,67167
68,25,138976
68,26,89510
68,27,83594
68,28,69017
68,29,134540
68,30,5440166
68,31,125767
68,32,1399517
68,33,73485
68,34,488176
68,35,62436
68,36,71388
68,37,278224
68,38,87729
68,39,112878
68,40,99819
68,41,106011
68,42,459043
68,43,165492
68,44,169198
68,45,81791
68,46,1663235
68,47,89170
68,48,112480
68,49,217325
68,50,188135
68,51,87625
68,52,722722
68,53,151175
68,54,89700
68,55,83531
68,56,510420
68,57,369829
68,58,95216
68,59,290485
68,60,745268
68,61,801890
68,62,427988
68,63,556059
68,64,3107000
68,65,86178
68,66,415811
68,67,699444
68,69,77756
68,70,106257
68,71,177779
68,72,1888116
68,73,71812
68,74,1484565
68,75,74814
68,76,280760
68,77,139765
68,78,143005
68,79,216052
68,80,107803
68,81,62035
68,82,1187883
68,83,124259
68,84,124078
68,85,357959
68,86,186431
68,87,148859
68,88,184247
68,89,169748
68,90,8768557
68,91,360254
68,92,74332
68,93,6820978
68,94,138354
68,95,293151
68,96,242039
68,97,5063948
68,98,79658
68,99,118333
68,100,75756
68,101,323542
68,102,2542991
68,103,80272
68,104,132189
68,105,76222
68,106,2273220
68,107,63055
68,108,112058
68,109,252935
68,110,210967
68,111,229728
68,112,70104
68,113,80242
68,114,65956
68,115,138274
68,116,169690
68,117,103553
68,118,257598
68,119,70694
68,120,92712
68,121,278080
68,122,2510170
68,123,153823
68,124,64429
68,125,263979
68,126,243381
68,127,101581
69,0,64042
69,1,792974
69,2,66489
69,3,108196
69,4,74351
69,5,72246
69,6,156459
69,7,65019
69,8,133917
69,9,3212057
69,10,909143
69,11,413125
69,12,296589
69,13,284308
69,14,118063
69,15,225550
69,16,203514
69,17,3276946
69,18,154774
69,19,338661
69,20,208823
69,21,86870
69,22,3665140
69,23,162038
69,24,74204
69,25,89609
69,26,76707
69,27,836210
69,28,348934
69,29,463217
69,30,105317
69,31,81526
69,32,134806
69,33,203798
69,34,236374
69,35,68878
69,36,66219
69,37,63140
69,38,72264
69,39,271273
69,40,107225
69,41,131512
69,42,63598
69,43,65220
69,44,69636
69,45,133318
69,46,194164
69,47,79527
69,48,127430
69,49,119635
69,50,669150
69,51,64503
69,52,294183
69,53,160688
69,54,280906
69,55,93983
69,56,910404
69,57,217188
69,58,4106515
69,59,273833
69,60,3186757
69,61,187995
69,62,73360
69,63,136209
69,64,1932339
69,65,76316
69,66,78266
69,67,76049
69,68,157111
69,70,68950
69,71,125249
69,72,138494
69,73,182673
69,74,63979
69,75,70156
69,76,990950
69,77,69051
69,78,203758
69,79,87049
69,80,75836
69,81,129309
69,82,261136
69,83,2996816
69,84,152453
69,85,63737
69,86,255185
69,87,64815
69,88,99753
69,89,737039
69,90,126339
69,91,147388
69,92,249185
69,93,169923
69,94,75929
69,95,62150
69,96,66803
69,97,503725
69,98,84072
69,99,71974
69,100,66977
69,101,202547
69,102,84152
69,103,298539
69,104,115675
69,105,65573
69,106,119589
69,107,340006
69,108,105950
69,109,189690
69,110,63800
69,111,538187
69,112,109612
69,113,260243
69,114,538911
69,115,193571
69,116,3494256
69,117,100426
69,118,470267
69,119,72661
69,120,71656
69,121,87633
69,122,247957
69,123,162332
69,124,66126
69,125,104476
69,126,264502
69,127,152668
70,0,282229
70,1,661686
70,2,778987
70,3,206387
70,4,760876
70,5,699055
70,6,65194
70,7,228220
70,8,68458
70,9,133411
70,10,392327
70,11,1190976
70,12,125449
70,13,257660
70,14,104143
70,15,4497697
70,16,146830
70,17,295622
70,18,76836
70,19,67370
70,20,944364
70,21,75276
70,22,78824
70,23,214481
70,24,128137
70,25,71430
70,26,79825
70,27,89430
70,28,114423
70,29,68326
70,30,180601
70,31,65386
70,32,495735
70,33,66724
70,34,72319
70,35,411058
70,36,112768
70,37,2602360
70,38,168737
70,39,557854
70,40,347200
70,41,118258
70,42,64780
70,43,950478
70,44,89889
70,45,152119
70,46,100905
70,47,121891
70,48,69320
70,49,73963
70,50,168164
70,51,147456
70,52,423288
70,53,387656
70,54,65119
70,55,386471
70,56,2431421
70,57,68806
70,58,93000
70,59,129045
70,60,26270148
70,61,70636
70,62,115303
70,63,312437
70,64,89394
70,65,77040
70,66,143815
70,67,1311804
70,68,93348
70,69,260498
70,71,498442
70,72,234207
70,73,72289
70,74,295783
70,75,71926
70,76,104024
70,77,84580
70,78,71584
70,79,74518
70,80,235207
70,81,191739
70,82,298621
70,83,1018950
70,84,513940
70,85,123153
70,86,210276
70,87,88611
70,88,206845
70,89,292362
70,90,248657
70,91,93640
70,92,103612
70,93,84774
70,94,70945
70,95,7543657
70,96,141805
70,97,2220291
70,98,65818
70,99,103706
70,100,282081
70,101,127292
70,102,164034
70,103,309703
70,104,292205
70,105,1880925
70,106,868086
70,107,68486
70,108,2029464
70,109,258789
70,110,65401
70,111,485570
70,112,95479
70,113,94815
70,114,95977
70,115,142413
70,116,1622245
70,117,145922
70,118,117233
70,119,136930
70,120,88365
70,121,865777
70,122,353561
70,123,145593
70,124,152001
70,125,64439
70,126,64291
70,127,124901
71,0,85388
71,1,65690
71,2,168622
71,3,164939
71,4,69938
71,5,844388
71,6,116007
71,7,436202
71,8,84200
71,9,62247
71,10,62483
71,11,130357
71,12,75723
71,13,1183782
71,14,214036
71,15,469891
71,16,72679
71,17,126002
71,18,634925
71,19,1175658
71,20,321469
71,21,90071
71,22,418530
71,23,337326
71,24,106319
71,25,527776
71,26,319236
71,27,107980
71,28,157744
71,29,3344280
71,30,4136703
71,31,103717
71,32,92731
71,33,85257
71,34,285208
71,35,115647
71,36,98176607
71,37,69909
71,38,201946
71,39,74454
71,40,1021284
71,41,221367
71,42,132483
71,43,5490811
71,44,277007
71,45,99742
71,46,2048851
71,47,94111
71,48,89790
71,49,87564
71,50,1588309
71,51,135552
71,52,130089
71,53,1451216
71,54,111774
71,55,640846
71,56,998377
71,57,637544
71,58,253479
71,59,200124
71,60,71028
71,61,152477
71,62,318498
71,63,107968
71,64,64004
71,65,1732499
71,66,101400
71,67,110863
71,68,291421
71,69,420207
71,70,115503
71,72,73849
71,73,143494
71,74,298458
71,75,221793
71,76,152429
71,77,84088
71,78,6324403
71,79,102437
71,80,166776
71,81,70752
71,82,75427
71,83,116675
71,84,75447
71,85,265027
71,86,134711
71,87,178700
71,88,601407
71,89,765446
71,90,869825
71,91,81982
71,92,1597113
71,93,83650
71,94,71234
71,95,149939
71,96,66756
71,97,363864
71,98,196493
71,99,440836
71,100,230235
71,101,93077
71,102,65255
71,103,94696
71,104,124670
71,105,129716
71,106,95086
71,107,76633
71,108,129397
71,109,984351
71,110,1864341
71,111,93553
71,112,101298
71,113,107917
71,114,87272
71,115,101706
71,116,63564
71,117,636887
71,118,82135
71,119,4907078
71,120,120979
71,121,480434
71,122,92273
71,123,68596
71,124,199069
71,125,3782065
71,126,129327
71,127,198525
72,0,83968
72,1,71323
72,2,6131405
72,3,116326
72,4,197754
72,5,71222
72,6,75737
72,7,359677
72,8,222126
72,9,384382
72,10,71668
72,11,2054453
72,12,69704
72,13,223946
72,14,92693
72,15,310668
72,16,291813
72,17,94895
72,18,70776
72,19,110267
72,20,1962890
72,21,320535
72,22,35343784
72,23,327083
72,24,373988
72,25,91174
72,26,988741
72,27,97678
72,28,161162
72,29,300928
72,30,140377
72,31,80029
72,32,432462
72,33,112946
72,34,703752
72,35,175900
72,36,1755370
72,37,79498
72,38,111076
72,39,81246
72,40,153606
72,41,3952104
72,42,118905
72,43,61948
72,44,94072
72,45,84628
72,46,79003
72,47,794940
72,48,214080
72,49,200873
72,50,312525
72,51,271479
72,52,542800
72,53,283711
72,54,586685
72,55,80597
72,56,121543
72,57,1075226
72,58,413720
72,59,167199
72,60,114507
72,61,98251
72,62,93039
72,63,314403
72,64,268083
72,65,72392
72,66,384122
72,67,415212
72,68,69135
72,69,578605
72,70,93689
72,71,116939
72,73,113624
72,74,2034969
72,75,838377
72,76,90656
72,77,1704170
72,78,77548
72,79,30785363
72,80,95671
72,81,1170632
72,82,104416
72,83,178732
72,84,108874
72,85,146386
72,86,114790
72,87,90739
72,88,784239
72,89,425783
72,90,103120
72,91,300101
72,92,77500
72,93,95367
72,94,1199296
72,95,80678
72,96,64671
72,97,64365
72,98,78385
72,99,220567
72,100,1217335
72,101,191703
72,102,100593
72,103,489995
72,104,5199285
72,105,483385
72,106,95337
72,107,98550
72,108,1613186
72,109,166973
72,110,67983
72,111,596716
72,112,64449
72,113,387788
72,114,62702
72,115,78661
72,116,88225
72,117,67858
72,118,99382
72,119,99154
72,120,81179
72,121,70357
72,122,68343
72,123,70711
72,124,478873
72,125,1012007
72,126,102288
72,127,613435
73,0,112507
73,1,5890311
73,2,249891
73,3,158586
73,4,568855
73,5,117736
73,6,336612
73,7,1495473
73,8,120265
73,9,262486
73,10,1278076
73,11,72551
73,12,84329
73,13,92655
73,14,227323
73,15,64125
73,16,1829692
73,17,618992
73,18,1389855
73,19,158868
73,20,71270
73,21,19259410
73,22,144267
73,23,255677
73,24,168594
73,25,63492
73,26,134844
73,27,295301
73,28,91425
73,29,200321
73,30,162466
73,31,103541
73,32,96914
73,33,97985
73,34,103085
73,35,1159713
73,36,5757556
73,37,220520
73,38,102957
73,39,582202
73,40,2893590
73,41,93126
73,42,128016
73,43,69875
73,44,362342
73,45,88948
73,46,222507
73,47,78069
73,48,62899
73,49,524541
73,50,107955
73,51,84176
73,52,681196
73,53,1047619
73,54,68634
73,55,179084
73,56,408864
73,57,98198
73,58,113139
73,59,181058
73,60,73541
73,61,165575
73,62,66887
73,63,670950
73,64,69944
73,65,338971
73,66,160714
73,67,198139
73,68,68723
73,69,364688
73,70,66349
73,71,853836
73,72,195022
73,74,62362
73,75,62058
73,76,99002
73,77,4096541
73,78,67412
73,79,508894
73,80,884572
73,81,63335
73,82,2936247
73,83,170829
73,84,92894
73,85,1841109
73,86,74659
73,87,102311
73,88,108056
73,89,65675
73,90,76370
73,91,81397
73,92,160112
73,93,82467
73,94,187123
73,95,83626
73,96,76062
73,97,694414
73,98,91866
73,99,295381
73,100,102391
73,101,118363
73,102,83365
73,103,375104
73,104,3296884
73,105,1268730
73,106,403401
73,107,878027
73,108,415362
73,109,122144
73,110,86904
73,111,97710
73,112,79146
73,113,87876
73,114,103953
73,115,216414
73,116,174852
73,117,114071
73,118,111129
73,119,177874
73,120,805911
73,121,132760
73,122,113638
73,123,80456
73,124,185196
73,125,79709
73,126,85794
73,127,116428
74,0,151835
74,1,83570
74,2,206803
74,3,171834
74,4,67019
74,5,279089
74,6,68690
74,7,269229
74,8,1498616
74,9,192468
74,10,158894
74,11,209334
74,12,93252
74,13,200478
74,14,122017
74,15,100061
74,16,310053
74,17,68684
74,18,98070
74,19,1200344
74,20,1768080
74,21,71776
74,22,148019
74,23,185777
74,24,357276
74,25,72857
74,26,65890
74,27,204409
74,28,1416370
74,29,540849
74,30,153003
74,31,130644
74,32,583038
74,33,279668
74,34,71022
74,35,133057
74,36,404398
74,37,262680
74,38,172489
74,39,75493
74,40,75598
74,41,116355
74,42,95549
74,43,66297
74,44,631355
74,45,933670
74,46,160557
74,47,75525
74,48,70363
74,49,4934933
74,50,23309883
74,51,834054
74,52,73554
74,53,249950
74,54,111343
74,55,202587
74,56,149111
74,57,534596
74,58,140254
74,59,157516
74,60,116544
74,61,64409
74,62,147545
74,63,128207
74,64,163057
74,65,136403
74,66,751885
74,67,5406876
74,68,328539
74,69,584156
74,70,190369
74,71,111464
74,72,161639
74,73,130662
74,75,94676
74,76,194015
74,77,229779
74,78,443693
74,79,176460
74,80,474057
74,81,1973271
74,82,118183
74,83,71122
74,84,146719
74,85,144181
74,86,558112
74,87,68618
74,88,184585
74,89,77293
74,90,74033
74,91,519304
74,92,103989
74,93,614048
74,94,616820
74,95,142329
74,96,96376
74,97,270862
74,98,5309211
74,99,75126
74,100,133560
74,101,97489
74,102,4187932
74,103,147658
74,104,61925
74,105,412237
74,106,2091560
74,107,111478
74,108,126154
74,109,141889
74,110,161905
74,111,619927
74,112,104345
74,113,890600
74,114,112167
74,115,68751
74,116,75048
74,117,251017
74,118,141140
74,119,584436
74,120,416865
74,121,95186
74,122,101163
74,123,173997
74,124,170741
74,125,64301
74,126,73566
74,127,111680
75,0,459945
75,1,9276020
75,2,462669
75,3,286643
75,4,1136525
75,5,133842
75,6,63459
75,7,133785
75,8,81427
75,9,193645
75,10,2777057
75,11,118844
75,12,78062
75,13,149019
75,14,616202
75,15,93029
75,16,103459
75,17,235313
75,18,64760
75,19,62965
75,20,77081
75,21,8166499
75,22,114918
75,23,75401
75,24,118168
75,25,460668
75,26,1574407
75,27,123948
75,28,224430
75,29,137976
75,30,1809464
75,31,4656184
75,32,97373
75,33,82181
75,34,86430
75,35,81021
75,36,523623
75,37,366586
75,38,1089974
75,39,121512
75,40,149363
75,41,249479
75,42,93455
75,43,69784
75,44,195172
75,45,129521
75,46,83546
75,47,163734
75,48,103109
75,49,125952
75,50,3399998
75,51,130752
75,52,450900
75,53,2857187
75,54,4337751
75,55,1125248
75,56,248248
75,57,137225
75,58,437517
75,59,1302002
75,60,10305928
75,61,1316755
75,62,94965
75,63,68629
75,64,62571
75,65,68043
75,66,147973
75,67,3036565
75,68,2071428
75,69,74396
75,70,203677
75,71,138594
75,72,968556
75,73,79905
75,74,67815
75,76,63536
75,77,196304
75,78,174975
75,79,191958
75,80,69023
75,81,2404921
75,82,398626
75,83,2005026
75,84,81231
75,85,130018
75,86,216914
75,87,143923
75,88,128992
75,89,65009
75,90,11839503
75,91,41313375
75,92,120995
75,93,478485
75,94,144569
75,95,69252
75,96,87426
75,97,117351
75,98,98027
75,99,486569
75,100,78555
75,101,76815
75,102,125083
75,103,128155
75,104,93407
75,105,71228
75,106,70024
75,107,107727
75,108,144894
75,109,162091
75,110,65235
75,111,10933064
75,112,73881
75,113,101197
75,114,96997
75,115,145396
75,116,139704
75,117,88286
75,118,108553
75,119,90198
75,120,294821
75,121,201190
75,122,118273
75,123,299524
75,124,547238
75,125,361295
75,126,78675
75,127,1153835
76,0,4208750
76,1,105706
76,2,144418
76,3,73080
76,4,66380
76,5,432301
76,6,84377
76,7,459584
76,8,113987
76,9,73685
76,10,75113
76,11,93905
76,12,81209
76,13,63887
76,14,381927
76,15,82777
76,16,110664
76,17,150800
76,18,86574
76,19,177148
76,20,148813
76,21,337020
76,22,770531
76,23,445730
76,24,192249
76,25,218703
76,26,103295
76,27,317214
76,28,468019
76,29,111370
76,30,6280560
76,31,63478
76,32,8728563
76,33,139298
76,34,272444
76,35,366467
76,36,444370
76,37,88797
76,38,148472
76,39,186603
76,40,1272220
76,41,110611
76,42,160767
76,43,148928
76,44,67396
76,45,1204550
76,46,77895
76,47,587250
76,48,84184
76,49,62256
76,50,826057
76,51,2371618
76,52,140747
76,53,9693246
76,54,71424
76,55,74166
76,56,200794
76,57,120172
76,58,81852
76,59,346662
76,60,2197839
76,61,278800
76,62,111545
76,63,1422071
76,64,79182
76,65,64067
76,66,2958010
76,67,290174
76,68,828707
76,69,63311
76,70,64666
76,71,291656
76,72,77881
76,73,127361
76,74,1487667
76,75,426726
76,77,371898
76,78,121591
76,79,233215
76,80,644514
76,81,256789
76,82,71145
76,83,478679
76,84,69247
76,85,476743
76,86,194685
76,87,116050
76,88,122097
76,89,104131
76,90,82800
76,91,2518302
76,92,115805
76,93,63254
76,94,650942
76,95,140706
76,96,182573
76,97,64909
76,98,94606
76,99,90244
76,100,507809
76,101,896703
76,102,95925
76,103,339384
76,104,67869
76,105,108515
76,106,436859
76,107,128051
76,108,180862
76,109,380901
76,110,76572
76,111,88015
76,112,64745
76,113,1173643
76,114,66452
76,115,230999
76,116,211835
76,117,73111
76,118,89277
76,119,108387
76,120,463400
76,121,141910
76,122,462486
76,123,1041121
76,124,925795
76,125,70369
76,126,257286
76,127,64213
77,0,65665
77,1,177969
77,2,70682
77,3,432947
77,4,75796
77,5,197908
77,6,93964
77,7,67541
77,8,64919
77,9,168336
77,10,131240
77,11,121292
77,12,3257229
77,13,328930
77,14,140050
77,15,62279
77,16,269094
77,17,373495
77,18,78343
77,19,102506
77,20,272236
77,21,80976
77,22,67551
77,23,78139
77,24,208866
77,25,65371
77,26,67702
77,27,71193
77,28,189122
77,29,245764
77,30,94398
77,31,120249
77,32,195586
77,33,141326
77,34,68283
77,35,100481
77,36,150566
77,37,158637
77,38,101085
77,39,130608
77,40,281640
77,41,134997
77,42,179823
77,43,158381
77,44,69835
77,45,261777
77,46,264896
77,47,133373
77,48,82266
77,49,1385751
77,50,149731
77,51,74243
77,52,2276605
77,53,222316
77,54,78526
77,55,1780960
77,56,422359
77,57,138614
77,58,211879
77,59,67864
77,60,155020
77,61,312259
77,62,62026
77,63,70502
77,64,158946
77,65,112330
77,66,93310
77,67,93446
77,68,117825
77,69,86938
77,70,612517
77,71,132501
77,72,80338
77,73,370071
77,74,77095
77,75,81488
77,76,62187
77,78,319977
77,79,842741
77,80,85068
77,81,86329
77,82,112726
77,83,92264
77,84,186396
77,85,378613
77,86,280614
77,87,83888
77,88,63154
77,89,64296
77,90,72765
77,91,74827
77,92,145702
77,93,442512
77,94,43478121
77,95,78104
77,96,321002
77,97,165658
77,98,167255
77,99,252332
77,100,167936
77,101,78576
77,102,113278
77,103,216732
77,104,147861
77,105,433432
77,106,63521
77,107,75776
77,108,24054456
77,109,126644
77,110,92283
77,111,284982
77,112,119650
77,113,214436
77,114,87781
77,115,118438
77,116,61994
77,117,716975
77,118,123703
77,119,74743
77,120,74608
77,121,78420
77,122,343992
77,123,197256
77,124,100916
77,125,216007
77,126,141451
77,127,1364235
78,0,69124
78,1,96397
78,2,69750
78,3,67231
78,4,349807
78,5,226581
78,6,103776
78,7,8495461
78,8,126968
78,9,1537303
78,10,111585
78,11,142793
78,12,157820
78,13,72827
78,14,70069
78,15,331388
78,16,87366
78,17,97405
78,18,74944
78,19,243776
78,20,921257
78,21,30388561
78,22,144094
78,23,125985
78,24,183708
78,25,104357
78,26,102208
78,27,178668
78,28,123411
78,29,153195
78,30,70098
78,31,443018
78,32,63183
78,33,99513
78,34,118108
78,35,231152
78,36,71716
78,37,68392
78,38,761786
78,39,70887
78,40,73241
78,41,368863
78,42,243269
78,43,94855
78,44,9187747
78,45,106640
78,46,3593418
78,47,118724
78,48,743086
78,49,354455
78,50,402551
78,51,98176
78,52,69710
78,53,275518
78,54,77763
78,55,1684449
78,56,11241756
78,57,4798486
78,58,564355
78,59,135360
78,60,8027693
78,61,197946
78,62,95176
78,63,166720
78,64,90647
78,65,165132
78,66,81337
78,67,117277
78,68,225697
78,69,68745
78,70,105136
78,71,926447
78,72,101051
78,73,77791
78,74,140275
78,75,830305
78,76,80634
78,77,1096155
78,79,471398
78,80,471776
78,81,168479
78,82,424688
78,83,251673
78,84,377102
78,85,70706
78,86,5245881
78,87,473866
78,88,1103298
78,89,77818
78,90,71264
78,91,108464
78,92,136989
78,93,136793
78,94,99775
78,95,300183
78,96,277793
78,97,296508
78,98,135687
78,99,300514
78,100,132575
78,101,80250
78,102,516162
78,103,128887
78,104,181582
78,105,2633006
78,106,545504
78,107,204614
78,108,2259772
78,109,164499
78,110,252693
78,111,320256
78,112,97510
78,113,104297
78,114,269975
78,115,86565
78,116,2454565
78,117,547486
78,118,124193
78,119,448302
78,120,614662
78,121,1981123
78,122,298131
78,123,69647
78,124,1009712
78,125,397932
78,126,133598
78,127,72447
79,0,555803
79,1,72343
79,2,13943945
79,3,1209847
79,4,179340
79,5,279378
79,6,139339
79,7,277150
79,8,6215830
79,9,89709
79,10,120049
79,11,487572
79,12,276936
79,13,430215
79,14,161400
79,15,260817
79,16,342513
79,17,1067565
79,18,79232
79,19,92483
79,20,104883
79,21,77749
79,22,905378
79,23,302178
79,24,126036
79,25,534834
79,26,386866
79,27,65583
79,28,78718
79,29,200006
79,30,236055
79,31,511077
79,32,77860
79,33,142308
79,34,63588
79,35,401000
79,36,111842
79,37,473675
79,38,72295
79,39,485371
79,40,71057
79,41,147928
79,42,2342718
79,43,1042739
79,44,130143
79,45,168708
79,46,342303
79,47,94775
79,48,147411
79,49,76022
79,50,256479
79,51,757707
79,52,98187
79,53,489185
79,54,76403
79,55,81533
79,56,91090
79,57,464501
79,58,406116
79,59,1240315
79,60,514605
79,61,572341
79,62,1682500
79,63,231101
79,64,161851
79,65,140256067
79,66,735328
79,67,88815
79,68,317946
79,69,98722
79,70,256232
79,71,119880
79,72,1368223
79,73,241262
79,74,120327
79,75,132649
79,76,273276
79,77,1317999
79,78,92359
79,80,78625
79,81,153388
79,82,136345
79,83,134597
79,84,115331
79,85,314853
79,86,5968718
79,87,435711
79,88,103225
79,89,127173
79,90,288476
79,91,76303
79,92,125050
79,93,122863
79,94,237821
79,95,63097
79,96,127224
79,97,296912
79,98,95661
79,99,418074
79,100,1600659
79,101,62085
79,102,743958
79,103,70092
79,104,71555
79,105,100805
79,106,63795
79,107,79074
79,108,68168
79,109,608269
79,110,171537
79,111,199732
79,112,98059
79,113,93523
79,114,153268
79,115,68491
79,116,77348
79,117,235736
79,118,149916
79,119,65199
79,120,71764
79,121,113610
79,122,4462521
79,123,144288
79,124,65629
79,125,77218
79,126,80887
79,127,1309341
80,0,1093498
80,1,160426
80,2,2100298
80,3,111747
80,4,122655
80,5,99907
80,6,201110
80,7,771462
80,8,357162
80,9,64164
80,10,78711
80,11,89037
80,12,68348
80,13,335494
80,14,148517
80,15,191268
80,16,1377610
80,17,74211
80,18,99186
80,19,114465
80,20,1325615834
80,21,212974
80,22,72919
80,23,412533
80,24,318682
80,25,68612
80,26,79818
80,27,69179
80,28,117292
80,29,1567539
80,30,168881
80,31,105015
80,32,83199
80,33,69275
80,34,3083191
80,35,199224
80,36,64869
80,37,283413
80,38,388715
80,39,103436
80,40,16853006
80,41,114847
80,42,402692
80,43,88295
80,44,65457
80,45,396552
80,46,98894
80,47,62562
80,48,88216
80,49,233528
80,50,225795
80,51,917400
80,52,114521
80,53,234102
80,54,3851995
80,55,833516
80,56,110122
80,57,65644
80,58,67024
80,59,113555
80,60,126985
80,61,79803
80,62,110228
80,63,1655642
80,64,169054
80,65,63244
80,66,69767
80,67,286567
80,68,66075
80,69,3808014
80,70,237444
80,71,129982
80,72,114366
80,73,75969
80,74,75611
80,75,453878
80,76,84361
80,77,71199
80,78,113181
80,79,125533
80,81,110783
80,82,75172
80,83,322032
80,84,582480
80,85,62474
80,86,202186
80,87,68867
80,88,151151
80,89,102841
80,90,138414
80,91,113444
80,92,62730
80,93,1486114
80,94,133075
80,95,468206
80,96,77328
80,97,102093
80,98,95196
80,99,82910
80,100,184045
80,101,82297
80,102,154164
80,103,423754
80,104,76883
80,105,3697864
80,106,223995
80,107,189832
80,108,381542
80,109,287786
80,110,86607
80,111,204859
80,112,377228
80,113,626229
80,114,69045
80,115,550484
80,116,67831
80,117,130734
80,118,99995
80,119,259482
80,120,2112054
80,121,202106
80,122,124934
80,123,126255
80,124,197716
80,125,189157
80,126,75730
80,127,99677
81,0,1783123
81,1,2952542
81,2,74653
81,3,210794
81,4,107816
81,5,174729
81,6,170888
81,7,64517
81,8,82235
81,9,62553
81,10,230083
81,11,326890
81,12,134483
81,13,105511
81,14,104381
81,15,265752
81,16,165298
81,17,64414
81,18,2068581
81,19,124357
81,20,67956
81,21,71644
81,22,84864
81,23,393003
81,24,321563
81,25,68157
81,26,64954
81,27,93155
81,28,104823
81,29,78739
81,30,202226
81,31,1131801
81,32,236427
81,33,875669
81,34,80037
81,35,742217
81,36,192395
81,37,73117
81,38,148177
81,39,77811
81,40,252995
81,41,502236
81,42,76242
81,43,84217
81,44,97615
81,45,320908
81,46,134882
81,47,112126
81,48,73322
81,49,90536
81,50,72563
81,51,936988
81,52,69399
81,53,80412
81,54,2757666
81,55,138314
81,56,80301
81,57,180471
81,58,137087
81,59,455825
81,60,161878
81,61,250364
81,62,174454
81,63,158202
81,64,71578
81,65,142920
81,66,329419
81,67,93895
81,68,107828
81,69,120932
81,70,185094
81,71,70328
81,72,79131
81,73,250957
81,74,476936
81,75,64824
81,76,82097
81,77,400720
81,78,1999669
81,79,154066
81,80,91509
81,82,93680
81,83,1288742
81,84,95035
81,85,67252
81,86,172849
81,87,105877
81,88,325927
81,89,122033
81,90,73416
81,91,91239
81,92,88400
81,93,8571882
81,94,158458
81,95,66714
81,96,92952
81,97,91360
81,98,486970
81,99,115203
81,100,80235
81,101,167114
81,102,454055
81,103,130932
81,104,122224
81,105,352338
81,106,74198
81,107,181813
81,108,336816
81,109,254025
81,110,4027953
81,111,1506528
81,112,2606698
81,113,149893
81,114,126137
81,115,211183
81,116,196683
81,117,441003
81,118,65721
81,119,142182
81,120,351785
81,121,570727
81,122,113043
81,123,85446
81,124,2065741
81,125,280395
81,126,703359
81,127,492645
82,0,81134
82,1,157617
82,2,68834
82,3,177117
82,4,228570
82,5,164061
82,6,322691
82,7,9741732
82,8,185812
82,9,102368
82,10,71034
82,11,1508119
82,12,82074
82,13,130770
82,14,693646
82,15,67279
82,16,74672
82,17,153751
82,18,560957
82,19,86794
82,20,102483
82,21,1105097
82,22,67183
82,23,75224
82,24,74847
82,25,297236
82,26,222411
82,27,78181
82,28,157871
82,29,738327
82,30,62693
82,31,110425
82,32,36960443
82,33,99852
82,34,83912
82,35,78090
82,36,135629
82,37,270588
82,38,126373
82,39,196190
82,40,90997
82,41,2762490
82,42,145988
82,43,109664
82,44,149202
82,45,153921
82,46,70998
82,47,393681
82,48,129063
82,49,147276
82,50,116457
82,51,5390370
82,52,1912452
82,53,348065
82,54,92914
82,55,125416
82,56,90868
82,57,665576
82,58,11500431
82,59,69761
82,60,69795
82,61,69382
82,62,114932
82,63,276794
82,64,68184
82,65,273206
82,66,78874
82,67,336918
82,68,448646
82,69,317854
82,70,173300
82,71,81617
82,72,170448
82,73,160872
82,74,84305
82,75,179920
82,76,106541
82,77,421434
82,78,410911
82,79,1130861
82,80,121386
82,81,114451
82,83,379627
82,84,157490
82,85,154554
82,86,174362
82,87,531284
82,88,77383
82,89,106888
82,90,270930
82,91,105281
82,92,163030
82,93,132097
82,94,77479
82,95,166131
82,96,64690
82,97,289091
82,98,212579
82,99,987274
82,100,500543
82,101,81216
82,102,194090
82,103,219958
82,104,164007
82,105,1640645
82,106,5929277
82,107,63425
82,108,63344
82,109,106702
82,110,62894
82,111,201866
82,112,131403
82,113,144916
82,114,62655
82,115,131023
82,116,120528
82,117,64106
82,118,101208
82,119,518178
82,120,695184
82,121,161427
82,122,90007
82,123,697502
82,124,736611
82,125,230846
82,126,262422
82,127,148608
83,0,2032213
83,1,14428937
83,2,96099
83,3,124406
83,4,200399
83,5,176366
83,6,191667
83,7,579984
83,8,97039
83,9,80220
83,10,75572
83,11,1534009
83,12,638202
83,13,195812
83,14,75146
83,15,76196
83,16,177306
83,17,163680
83,18,83904
83,19,334989
83,20,107463
83,21,69348
83,22,90399
83,23,275024
83,24,165104
83,25,1746990
83,26,122687
83,27,142645
83,28,70840
83,29,819240
83,30,763612
83,31,113416
83,32,71240
83,33,1142242
83,34,66578
83,35,355691
83,36,636232
83,37,116763
83,38,96945
83,39,109352
83,40,1335634
83,41,136715
83,42,314763
83,43,109860
83,44,730238
83,45,279017
83,46,2846940
83,47,556827
83,48,197985
83,49,151128
83,50,680455
83,51,80419
83,52,95408
83,53,286340
83,54,286795
83,55,78357
83,56,75486
83,57,67008
83,58,67035
83,59,1342037
83,60,229526
83,61,555038
83,62,256047
83,63,673485
83,64,153678
83,65,90344
83,66,104321
83,67,3371928
83,68,117115
83,69,240875
83,70,640183
83,71,548482
83,72,173482
83,73,205806
83,74,67530
83,75,62506
83,76,109899
83,77,401986
83,78,86447
83,79,106380
83,80,69528
83,81,72894
83,82,117499
83,84,73528
83,85,93572
83,86,72514
83,87,272721
83,88,67777
83,89,82490
83,90,113319
83,91,80924
83,92,86667
83,93,138795
83,94,101979
83,95,257224
83,96,254451
83,97,139805
83,98,10093983
83,99,94052
83,100,85545
83,101,1286358
83,102,357845
83,103,237875
83,104,129168
83,105,351674
83,106,109029
83,107,65421
83,108,913572
83,109,380009
83,110,96459
83,111,72802
83,112,158971
83,113,135150
83,114,104060
83,115,238741
83,116,301760
83,117,73366
83,118,220004
83,119,249773
83,120,651284
83,121,441458286
83,122,576959
83,123,572072
83,124,676038
83,125,277364
83,126,1696231
83,127,505652
84,0,185880
84,1,79986
84,2,170947
84,3,102472
84,4,509765
84,5,163111
84,6,124308
84,7,359218
84,8,190440
84,9,255369
84,10,1344614
84,11,81239
84,12,163653
84,13,667002
84,14,129627
84,15,1026768
84,16,155192
84,17,74415
84,18,73982
84,19,1148978
84,20,62665
84,21,141098
84,22,3657041
84,23,115217
84,24,215826
84,25,455470
84,26,146785
84,27,72313
84,28,78796
84,29,134616
84,30,762698
84,31,88859
84,32,220943
84,33,139177
84,34,365872
84,35,1121534
84,36,200163
84,37,494908
84,38,66693
84,39,93193
84,40,87659
84,41,228370
84,42,65381
84,43,1172638
84,44,132853
84,45,248540
84,46,783279
84,47,74109
84,48,594395
84,49,74769
84,50,67750
84,51,66850
84,52,94517
84,53,93836
84,54,122703
84,55,65936
84,56,106615
84,57,441840
84,58,66276
84,59,364807
84,60,333580
84,61,73055
84,62,566729
84,63,101017
84,64,62618
84,65,137718
84,66,1511312
84,67,63235
84,68,82544
84,69,101366
84,70,868665
84,71,207347
84,72,3193047
84,73,148064
84,74,65129
84,75,436366
84,76,268016
84,77,442681
84,78,102116
84,79,262615
84,80,330401
84,81,82066
84,82,691352
84,83,274954
84,85,128799
84,86,173784
84,87,106479
84,88,87850
84,89,67093
84,90,159514
84,91,97008
84,92,136813
84,93,1006666
84,94,2482082
84,95,429577
84,96,656100
84,97,101073
84,98,852714
84,99,672396
84,100,267882
84,101,95307
84,102,100504
84,103,133392
84,104,756806
84,105,155935
84,106,641178
84,107,73995
84,108,90491
84,109,72993
84,110,129592
84,111,228120
84,112,856087
84,113,296185
84,114,315124
84,115,209676
84,116,63873
84,117,70323
84,118,1722283
84,119,162439
84,120,160741
84,121,257785
84,122,578881
84,123,607667
84,124,443355
84,125,3101016
84,126,183775
84,127,100193
85,0,354119
85,1,102656
85,2,677137
85,3,92741
85,4,306240
85,5,71495
85,6,62623
85,7,315395
85,8,71098
85,9,82871
85,10,83286
85,11,75690
85,12,494495
85,13,780889
85,14,273345
85,15,192688
85,16,130824
85,17,67929
85,18,75989
85,19,115388
85,20,63282
85,21,1030719
85,22,287404
85,23,70916
85,24,91007
85,25,927099
85,26,1050075
85,27,109821
85,28,80345
85,29,69191
85,30,68773
85,31,496773
85,32,101422
85,33,122847
85,34,241206
85,35,176273
85,36,169342
85,37,91109
85,38,161188
85,39,62609
85,40,111424
85,41,97858
85,42,93533
85,43,123330
85,44,135706
85,45,780413
85,46,430375
85,47,1169632
85,48,334182
85,49,65044
85,50,399182
85,51,183876
85,52,137560
85,53,179404
85,54,187297
85,55,122799
85,56,93611
85,57,3385910
85,58,89980
85,59,96479
85,60,5594737
85,61,193682
85,62,134768
85,63,765905
85,64,531990
85,65,147838
85,66,324492
85,67,476165
85,68,113973
85,69,119834
85,70,123298
85,71,92750
85,72,411942
85,73,3942806
85,74,113764
85,75,412977
85,76,89600
85,77,124587
85,78,103016
85,79,65416
85,80,212842
85,81,95803
85,82,81776
85,83,85802
85,84,207809
85,86,280468
85,87,69670
85,88,86279
85,89,81692
85,90,323921
85,91,546246
85,92,191486
85,93,100838
85,94,77721
85,95,4272358
85,96,72624
85,97,90776
85,98,306326
85,99,62937
85,100,142688
85,101,64854
85,102,173361
85,103,240765
85,104,424532
85,105,146919
85,106,260307
85,107,63445
85,108,146763
85,109,77238
85,110,155513
85,111,375851
85,112,87297
85,113,206470
85,114,143026
85,115,77888
85,116,702573
85,117,114677
85,118,68119
85,119,433109
85,120,81405
85,121,123476
85,122,129486
85,123,106664
85,124,150217
85,125,97784
85,126,71962
85,127,88868
86,0,62307
86,1,624326
86,2,93020
86,3,121229
86,4,64023
86,5,939658
86,6,61943
86,7,389512
86,8,114198
86,9,97049
86,10,87928
86,11,90180
86,12,117248
86,13,500954937
86,14,65154
86,15,180179
86,16,115532
86,17,82583
86,18,71770
86,19,67157
86,20,67514
86,21,145221
86,22,398071
86,23,143175
86,24,224382
86,25,155960
86,26,977833
86,27,65230
86,28,140871
86,29,123460
86,30,88453
86,31,209890
86,32,110109
86,33,1686403
86,34,86321
86,35,188205
86,36,29622475
86,37,260371
86,38,84636
86,39,216641
86,40,224964
86,41,6528838
86,42,1909993
86,43,119849
86,44,76565
86,45,85529
86,46,66609
86,47,2791766
86,48,67826
86,49,892423
86,50,375228
86,51,156359
86,52,87919
86,53,95651
86,54,83578
86,55,1326762
86,56,172699
86,57,128172
86,58,67407
86,59,76450
86,60,141618
86,61,178095
86,62,500333
86,63,84954
86,64,66861
86,65,151081
86,66,123008
86,67,141576
86,68,159566
86,69,140357
86,70,285811
86,71,77909
86,72,197600
86,73,338867
86,74,188909
86,75,549732
86,76,3906015
86,77,815096
86,78,4545397
86,79,66437
86,80,280687
86,81,72349
86,82,66562
86,83,2826647
86,84,65563
86,85,66432
86,87,98776
86,88,136696
86,89,65351
86,90,344098
86,91,306927
86,92,82824
86,93,185915
86,94,84547
86,95,65594
86,96,87703
86,97,349043
86,98,184687
86,99,93807
86,100,81322
86,101,108082
86,102,506945
86,103,64444
86,104,72016
86,105,154261
86,106,137303
86,107,143837
86,108,70277
86,109,80169
86,110,147232
86,111,290718
86,112,167993
86,113,281199
86,114,64894
86,115,110690
86,116,72155
86,117,162011
86,118,73868
86,119,68679
86,120,73843
86,121,91678
86,122,121480
86,123,81276
86,124,92635
86,125,73422
86,126,5108336
86,127,124390
87,0,5020262
87,1,97890
87,2,59670356
87,3,118799
87,4,124111
87,5,157922
87,6,376350
87,7,91369
87,8,67380
87,9,122335
87,10,82374
87,11,72931
87,12,1041929
87,13,206511
87,14,61898
87,15,189263
87,16,115762
87,17,111990
87,18,99480
87,19,169894
87,20,485969
87,21,791995
87,22,206262
87,23,72821
87,24,75361
87,25,276083
87,26,74924
87,27,90053
87,28,407558
87,29,122591
87,30,92454
87,31,381670
87,32,85060
87,33,102818
87,34,81081
87,35,324397
87,36,98400
87,37,244114
87,38,167397
87,39,121323
87,40,119102
87,41,102645
87,42,251136
87,43,67188
87,44,144030
87,45,62228
87,46,101785
87,47,275165
87,48,76958
87,49,65951
87,50,1256082
87,51,148154
87,52,269907
87,53,80183
87,54,131059
87,55,1548934
87,56,112099
87,57,17982691
87,58,68928
87,59,108362
87,60,70863
87,61,74996
87,62,88655
87,63,2007715
87,64,2346295
87,65,200439
87,66,125868
87,67,204165
87,68,66188
87,69,78378
87,70,87989
87,71,321095
87,72,160034
87,73,2530591
87,74,89072
87,75,239995
87,76,125700
87,77,61952
87,78,124046
87,79,93601
87,80,191377
87,81,100138
87,82,424221
87,83,122208
87,84,141931
87,85,85786
87,86,228070
87,88,72753
87,89,119665
87,90,81465
87,91,125200
87,92,571264
87,93,450031
87,94,160086
87,95,75585
87,96,602590
87,97,315757
87,98,2074282
87,99,208061
87,100,213415
87,101,254879
87,102,62141
87,103,6237271
87,104,174301
87,105,541579
87,106,81367
87,107,150706
87,108,299031
87,109,149616
87,110,382184
87,111,906004
87,112,128328
87,113,138135
87,114,251972
87,115,150171
87,116,128068
87,117,66302
87,118,262035
87,119,180927
87,120,624959
87,121,562260
87,122,133168
87,123,100872
87,124,598467
87,125,147635
87,126,88877
87,127,73591
88,0,153533
88,1,115920
88,2,186880
88,3,1166640
88,4,66987
88,5,221651
88,6,277937
88,7,74692
88,8,518402
88,9,146563
88,10,528707
88,11,97394
88,12,196721
88,13,67600
88,14,73925
88,15,127053
88,16,149777
88,17,609478
88,18,153993
88,19,302512
88,20,103576
88,21,2470220
88,22,83832
88,23,70817
88,24,91472
88,25,112603
88,26,232438
88,27,145659
88,28,65869
88,29,89835
88,30,103272
88,31,272998
88,32,123769
88,33,71998
88,34,102703
88,35,74698
88,36,1761704
88,37,71734
88,38,64218
88,39,345589
88,40,1053366
88,41,740484
88,42,83121
88,43,152167
88,44,213327
88,45,351895
88,46,70508
88,47,315486
88,48,95966
88,49,90107
88,50,167086
88,51,116734
88,52,114296
88,53,83184
88,54,104404
88,55,76795
88,56,82591
88,57,63330
88,58,2057265
88,59,77362
88,60,124868
88,61,1058338
88,62,388185
88,63,182176
88,64,212141
88,65,181846
88,66,212666
88,67,130914
88,68,96109
88,69,139928
88,70,565408
88,71,68032
88,72,138775
88,73,270247
88,74,124275
88,75,77067
88,76,8808888
88,77,230693
88,78,163328
88,79,251196
88,80,85537
88,81,63349
88,82,149179
88,83,70671
88,84,162949
88,85,642842
88,86,263458
88,87,104095
88,89,536985
88,90,161374
88,91,78910
88,92,369708
88,93,114043
88,94,67707
88,95,105718
88,96,401845
88,97,114409
88,98,84168
88,99,81571
88,100,65639
88,101,77965
88,102,102575
88,103,807429
88,104,847147
88,105,172250
88,106,80331
88,107,20144854
88,108,68010
88,109,104811
88,110,68989
88,111,62960
88,112,113402
88,113,216550
88,114,64184
88,115,535072
88,116,214928
88,117,720660
88,118,127619
88,119,115819
88,120,91211
88,121,341778
88,122,138035
88,123,597590
88,124,117543
88,125,120885
88,126,374236
88,127,69224
89,0,163273
89,1,119436
89,2,115245
89,3,142899
89,4,806416
89,5,82754
89,6,65260
89,7,254208
89,8,77534
89,9,67988
89,10,157288
89,11,105938
89,12,113472
89,13,316393
89,14,87263
89,15,133823
89,16,71782
89,17,87237
89,18,803896
89,19,110439
89,20,558885
89,21,71459
89,22,141016
89,23,79031
89,24,72987
89,25,83003
89,26,155811
89,27,503939
89,28,215241
89,29,161480
89,30,137422
89,31,67402
89,32,92046
89,33,79369
89,34,112919
89,35,142603
89,36,186327
89,37,297317
89,38,146430
89,39,591518
89,40,1591820
89,41,116924
89,42,62497
89,43,83396
89,44,497398
89,45,174119
89,46,71275
89,47,128817
89,48,16590704
89,49,786648
89,50,92235
89,51,177337
89,52,2806618
89,53,84418
89,54,1227087
89,55,114169
89,56,152716
89,57,179469
89,58,128659
89,59,213548
89,60,116311
89,61,172101
89,62,561738
89,63,72538
89,64,276154
89,65,136774
89,66,234260
89,67,1895357
89,68,3624974
89,69,254573
89,70,80894
89,71,229022
89,72,245136
89,73,220990
89,74,622434
89,75,663096
89,76,112303
89,77,99469
89,78,767288
89,79,68823
89,80,2743284
89,81,240050
89,82,133973
89,83,187785
89,84,63824
89,85,856651
89,86,543290
89,87,531049
89,88,354007
89,90,2243166
89,91,95096
89,92,113778
89,93,100337
89,94,1336910
89,95,1651869
89,96,1968068
89,97,78209
89,98,67067
89,99,836751
89,100,429895
89,101,72119
89,102,102185
89,103,85471
89,104,152620
89,105,137009
89,106,1547262
89,107,897933
89,108,648221
89,109,97974
89,110,201348
89,111,2175801
89,112,76477
89,113,147816
89,114,8201890
89,115,377730
89,116,76653
89,117,1334360
89,118,566994
89,119,74808
89,120,151457
89,121,122176
89,122,69892
89,123,237069
89,124,69269
89,125,236481
89,126,125233
89,127,245707
90,0,69789
90,1,91136
90,2,333380
90,3,68277
90,4,566200
90,5,67788
90,6,174240
90,7,186638
90,8,116108
90,9,4393661
90,10,2120950
90,11,339798
90,12,83089
90,13,1220570
90,14,121135
90,15,207305
90,16,85314
90,17,101592
90,18,1836527
90,19,91998
90,20,75618
90,21,237176
90,22,223417
90,23,126916
90,24,88664
90,25,190011
90,26,63497
90,27,242150
90,28,1193046
90,29,277436
90,30,4557467
90,31,66583
90,32,1807242
90,33,68337
90,34,174668
90,35,141223
90,36,227920
90,37,444201
90,38,71134
90,39,422514
90,40,163626
90,41,135169
90,42,216823
90,43,63670
90,44,83745
90,45,84482
90,46,228620
90,47,160452
90,48,621492
90,49,93203
90,50,70612
90,51,447441
90,52,81769
90,53,63853
90,54,1201393
90,55,91034
90,56,69495
90,57,433757
90,58,144807
90,59,82878
90,60,1065877
90,61,403259
90,62,69455
90,63,108107
90,64,563568
90,65,2249782
90,66,91951
90,67,532226
90,68,92473
90,69,148677
90,70,71992
90,71,209847
90,72,73736
90,73,80515
90,74,64542
90,75,190584
90,76,99644
90,77,273485
90,78,84466
90,79,136287
90,80,184822
90,81,137639
90,82,5078666
90,83,90481
90,84,109913
90,85,69370
90,86,77590
90,87,1407897
90,88,62632
90,89,148973
90,91,140933
90,92,69955
90,93,161985
90,94,173633
90,95,86590
90,96,110823
90,97,68778
90,98,74046
90,99,107601
90,100,224673
90,101,63211
90,102,125566
90,103,85744
90,104,135668
90,105,66792
90,106,148290
90,107,535788
90,108,62791
90,109,68420
90,110,63742
90,111,259989
90,112,179565
90,113,79289
90,114,2729039
90,115,171241
90,116,79491
90,117,210923
90,118,540363
90,119,87169
90,120,622749
90,121,118303
90,122,228170
90,123,261713
90,124,76089
90,125,101040
90,126,70601
90,127,339487
91,0,98679
91,1,64013
91,2,316484
91,3,728136
91,4,147996
91,5,105828
91,6,238632
91,7,189193
91,8,93650
91,9,99045
91,10,70578
91,11,515049
91,12,95773
91,13,178604
91,14,350244
91,15,109261
91,16,254268
91,17,463766
91,18,80264
91,19,70607
91,20,1116005
91,21,102737
91,22,87066
91,23,64052
91,24,64174
91,25,109417
91,26,90463
91,27,64964
91,28,90674
91,29,1388484
91,30,277507
91,31,1358952
91,32,325831
91,33,450552
91,34,70746
91,35,115978
91,36,73654
91,37,87135
91,38,97816
91,39,352782
91,40,322223826
91,41,62660
91,42,219724
91,43,2182056
91,44,185060
91,45,122671
91,46,565936
91,47,185983
91,48,228821
91,49,71914
91,50,388847
91,51,3224845
91,52,204941
91,53,103965
91,54,97258
91,55,84160
91,56,860622
91,57,221415
91,58,209377
91,59,71525
91,60,76175
91,61,109378
91,62,263004
91,63,221462
91,64,114550
91,65,101502
91,66,11566812
91,67,77074
91,68,207682
91,69,104536
91,70,5423474
91,71,522708
91,72,137068
91,73,89206
91,74,65039
91,75,64874
91,76,87478
91,77,78903
91,78,319514
91,79,94417
91,80,125516
91,81,342619
91,82,70006
91,83,454761
91,84,494289
91,85,767749
91,86,66013
91,87,80604
91,88,575321
91,89,76788
91,90,108694
91,92,69292
91,93,899166
91,94,531519
91,95,5357635
91,96,185333
91,97,6505528
91,98,129010
91,99,80723
91,100,263784
91,101,138574
91,102,64765
91,103,69523
91,104,139218
91,105,645521
91,106,86836
91,107,128590
91,108,79600
91,109,66993
91,110,223177
91,111,83586
91,112,183106
91,113,305812
91,114,152381
91,115,146275
91,116,959439
91,117,91341
91,118,251494
91,119,68590
91,120,62007
91,121,309441
91,122,189725
91,123,750553
91,124,99078
91,125,63622
91,126,155985
91,127,307531
92,0,103342
92,1,259356
92,2,438342
92,3,394770
92,4,104202
92,5,84128
92,6,280833
92,7,2877885
92,8,168364
92,9,147433
92,10,125216
92,11,80812
92,12,143944
92,13,713728
92,14,311020
92,15,114564
92,16,1100609
92,17,132816
92,18,89763
92,19,71818
92,20,107375
92,21,159203
92,22,1245904
92,23,126933
92,24,135073
92,25,315939
92,26,153581
92,27,249596
92,28,103447
92,29,62829
92,30,146319
92,31,77321
92,32,995394
92,33,214258
92,34,108298
92,35,79225
92,36,212798
92,37,271754
92,38,62062
92,39,100326
92,40,91202
92,41,159152
92,42,6949877
92,43,92368
92,44,688692
92,45,104583
92,46,64592
92,47,120574
92,48,80132
92,49,70012
92,50,93116
92,51,69545
92,52,97206
92,53,78308
92,54,82028
92,55,108006
92,56,237606
92,57,993167
92,58,509329
92,59,124521
92,60,218196
92,61,132152
92,62,93914
92,63,177432
92,64,183306
92,65,269568
92,66,120730
92,67,1692287
92,68,124703
92,69,100271
92,70,2450680
92,71,105865
92,72,242262
92,73,66245
92,74,154946
92,75,77403
92,76,171094
92,77,63159
92,78,603480
92,79,259609
92,80,953219
92,81,70928
92,82,101118
92,83,492850
92,84,81111
92,85,365753
92,86,140234
92,87,98786
92,88,113847
92,89,146986
92,90,90896
92,91,1440891
92,93,887577
92,94,1108711
92,95,3421333
92,96,191558
92,97,108247
92,98,79210
92,99,737898
92,100,88921
92,101,72198
92,102,163219
92,103,191232
92,104,119482
92,105,128764
92,106,798897
92,107,110359
92,108,118543
92,109,1380314
92,110,89197
92,111,149847
92,112,770066
92,113,98262
92,114,457429
92,115,137857
92,116,247261
92,117,116210
92,118,98700
92,119,529408
92,120,239886
92,121,68212
92,122,113666
92,123,174913
92,124,289245
92,125,5525057
92,126,182706
92,127,65562330
93,0,215017
93,1,70729
93,2,230591
93,3,6846406
93,4,67455
93,5,111276
93,6,5507886
93,7,162600
93,8,822898
93,9,81059
93,10,234838
93,11,340525
93,12,4359958
93,13,100682
93,14,261456
93,15,133692
93,16,141430
93,17,199497
93,18,73673
93,19,83952
93,20,70029
93,21,89681
93,22,114113
93,23,92207
93,24,503299
93,25,403828
93,26,130896
93,27,125918
93,28,490198
93,29,194238
93,30,149478
93,31,303774
93,32,663449
93,33,112699
93,34,135418
93,35,259293
93,36,79796
93,37,457250
93,38,1376262
93,39,87083
93,40,250068
93,41,89081
93,42,102380
93,43,66018
93,44,239667
93,45,62081
93,46,72459
93,47,319051
93,48,222793
93,49,145418
93,50,2724321
93,51,423909
93,52,621178
93,53,92702
93,54,89663
93,55,14329485
93,56,102357
93,57,938321
93,58,76775
93,59,189051
93,60,270179
93,61,947752
93,62,135919
93,63,276509
93,64,1072661
93,65,118093
93,66,881586
93,67,313507
93,68,1986389
93,69,2752856
93,70,142434
93,71,241872
93,72,119147
93,73,213592
93,74,191124
93,75,110399
93,76,2132918
93,77,130447
93,78,4293954
93,79,270657
93,80,131005
93,81,156059
93,82,258663
93,83,67316
93,84,85678
93,85,65864
93,86,315848
93,87,119452
93,88,195473
93,89,48493219
93,90,89880
93,91,112658
93,92,98927
93,94,179856
93,95,94151
93,96,128520
93,97,100039
93,98,107212
93,99,73491
93,100,220051
93,101,101945
93,102,111196
93,103,86119
93,104,87229
93,105,3414195
93,106,351013
93,107,65441
93,108,152835
93,109,105816
93,110,112644
93,111,442344
93,112,812013
93,113,268150
93,114,131822
93,115,226089
93,116,76055
93,117,188627
93,118,91843326
93,119,411500
93,120,145615
93,121,125399
93,122,417620
93,123,101536
93,124,89799
93,125,113458
93,126,89412
93,127,78540
94,0,29252581
94,1,72691
94,2,86094
94,3,2898860
94,4,65179
94,5,84945
94,6,83610
94,7,97626
94,8,1135577
94,9,274743
94,10,107338
94,11,175128
94,12,65895
94,13,150893
94,14,386078
94,15,77390
94,16,72870
94,17,104119
94,18,223513
94,19,214704
94,20,76917
94,21,343357
94,22,72716
94,23,312614
94,24,68387
94,25,168508
94,26,148996
94,27,70207
94,28,74377
94,29,159100
94,30,130842
94,31,210362
94,32,553005
94,33,1373573
94,34,71104
94,35,3878832
94,36,222841
94,37,190261
94,38,66317
94,39,117100
94,40,120776
94,41,88638
94,42,81503
94,43,466532
94,44,177211
94,45,83215
94,46,428147
94,47,218518
94,48,253116
94,49,67274
94,50,1305662
94,51,66761
94,52,4581784
94,53,177463
94,54,311727
94,55,221699
94,56,182043
94,57,7636122
94,58,143452
94,59,120605
94,60,212491
94,61,126559
94,62,355917
94,63,119011
94,64,315667
94,65,188240
94,66,88992
94,67,159721
94,68,495321
94,69,113567912
94,70,75856
94,71,99698
94,72,102981
94,73,78034
94,74,156484
94,75,71956
94,76,115517
94,77,117056
94,78,25973031
94,79,122367
94,80,3673271
94,81,100216
94,82,98561
94,83,386997
94,84,139460
94,85,73453
94,86,293944
94,87,2023986
94,88,266547
94,89,80279
94,90,82328
94,91,1219489
94,92,124818
94,93,345376
94,95,367063
94,96,84386
94,97,78689
94,98,73585
94,99,5720629
94,100,652310
94,101,317122
94,102,120358
94,103,99940
94,104,4177593
94,105,148905
94,106,661334
94,107,77108
94,108,165325
94,109,467274
94,110,176585
94,111,204695
94,112,260434
94,113,1078663
94,114,220145
94,115,203880
94,116,62265
94,117,76464
94,118,7002694
94,119,64929
94,120,214570
94,121,109300
94,122,91584
94,123,121042
94,124,65310
94,125,466347
94,126,62683
94,127,69118
95,0,102969
95,1,286947
95,2,98347
95,3,624643
95,4,536027
95,5,113959
95,6,62173
95,7,67364
95,8,78076
95,9,62585
95,10,66266
95,11,1071809
95,12,123492
95,13,376726
95,14,110241
95,15,83428
95,16,132317
95,17,173331
95,18,148381
95,19,116152
95,20,140727
95,21,215062
95,22,81435
95,23,75139
95,24,66945
95,25,85562
95,26,8309770
95,27,61902
95,28,85894
95,29,411352
95,30,83247
95,31,283339
95,32,215286
95,33,188346
95,34,90720
95,35,118784
95,36,2796700
95,37,172310
95,38,105353
95,39,209462
95,40,5123291
95,41,96161
95,42,132170
95,43,1500192
95,44,712517
95,45,164198
95,46,1522583
95,47,78640
95,48,337839
95,49,132023
95,50,116253
95,51,203312
95,52,66271
95,53,293865
95,54,367661
95,55,227224
95,56,184721
95,57,164581
95,58,76289
95,59,185435
95,60,346554
95,61,116500
95,62,96150
95,63,115003
95,64,1281613
95,65,103635
95,66,99284
95,67,302932
95,68,557597
95,69,332083
95,70,276367
95,71,104859
95,72,2615413
95,73,275942
95,74,218104
95,75,238037
95,76,135264
95,77,428305
95,78,63776
95,79,969264
95,80,133936
95,81,93213
95,82,68508
95,83,692880
95,84,75849
95,85,63468
95,86,385685
95,87,391116
95,88,136015
95,89,412089
95,90,208315
95,91,1180724
95,92,153485
95,93,264110
95,94,223129
95,96,117159
95,97,65568
95,98,116166
95,99,106454
95,100,16087967
95,101,419443
95,102,101558
95,103,962927
95,104,74873
95,105,92798
95,106,394089
95,107,357390
95,108,63757
95,109,147883
95,110,115747
95,111,818720
95,112,68453
95,113,72228
95,114,118078
95,115,429736
95,116,317488
95,117,185743
95,118,70951
95,119,73660
95,120,74795
95,121,179630
95,122,146741
95,123,156509
95,124,1897782
95,125,75790
95,126,152143
95,127,15728910
96,0,489792
96,1,14945778
96,2,79672
96,3,536746
96,4,90711
96,5,520434
96,6,62557
96,7,263133
96,8,613741
96,9,62127
96,10,99338
96,11,69286
96,12,110293
96,13,66782
96,14,92112
96,15,65184
96,16,4427846
96,17,212886
96,18,103847
96,19,122256
96,20,1343324
96,21,150753
96,22,77617
96,23,647207
96,24,279959
96,25,181221
96,26,190692
96,27,68645
96,28,192798
96,29,124226
96,30,72380
96,31,186915
96,32,120111
96,33,172161
96,34,70409
96,35,74911
96,36,857782
96,37,91904
96,38,153244
96,39,67578
96,40,128189
96,41,1378961
96,42,669869
96,43,1659431
96,44,87401
96,45,176929
96,46,263393
96,47,838920
96,48,350573
96,49,191413
96,50,82816
96,51,64145
96,52,148791
96,53,152692
96,54,132409
96,55,107413
96,56,81201
96,57,105359317
96,58,62334
96,59,2969003
96,60,156284
96,61,236641
96,62,2117977
96,63,313775
96,64,124291
96,65,352227
96,66,3843124
96,67,159799
96,68,92349
96,69,323163
96,70,140583
96,71,116836
96,72,113485
96,73,145834
96,74,85553
96,75,83515
96,76,110136
96,77,90665
96,78,72575
96,79,70975
96,80,156659
96,81,103284
96,82,175159
96,83,180114
96,84,324683
96,85,144461
96,86,66845
96,87,229425
96,88,133448
96,89,65838
96,90,102449
96,91,162065
96,92,88050
96,93,106442
96,94,123347
96,95,210147
96,97,118228
96,98,159540
96,99,110057
96,100,62923
96,101,1892937
96,102,217051
96,103,1472277
96,104,62567
96,105,195548
96,106,20520220
96,107,96727
96,108,104167
96,109,168193
96,110,89998
96,111,174332
96,112,243606
96,113,550233
96,114,81807
96,115,411794
96,116,63656
96,117,351344
96,118,69449
96,119,66750
96,120,8273522
96,121,87763
96,122,387392
96,123,67923
96,124,121167
96,125,80059
96,126,89126
96,127,116036
97,0,87332
97,1,84929
97,2,174515
97,3,208696
97,4,1698209
97,5,77136
97,6,72618
97,7,70064
97,8,92397
97,9,63359
97,10,62768
97,11,157011
97,12,251077
97,13,114183
97,14,77143
97,15,835131
97,16,89421
97,17,65670
97,18,71614
97,19,144656
97,20,172072
97,21,91622
97,22,65741
97,23,110017
97,24,482989
97,25,139400
97,26,422051
97,27,714942
97,28,191088
97,29,64914
97,30,78967
97,31,239285
97,32,784720
97,33,121685
97,34,1036296
97,35,65149
97,36,127636
97,37,107438
97,38,10873184
97,39,990213
97,40,129274
97,41,437352
97,42,213681
97,43,6302412
97,44,84742
97,45,85703
97,46,3924332
97,47,321657
97,48,161665
97,49,226286
97,50,2673393
97,51,1581330
97,52,344417
97,53,155118
97,54,92425
97,55,407703
97,56,117071
97,57,1497043
97,58,64101
97,59,3722761
97,60,67194
97,61,6770639
97,62,545011
97,63,716160
97,64,19604868
97,65,177842
97,66,230438
97,67,152072
97,68,92216
97,69,1937370
97,70,63617
97,71,66919
97,72,121355
97,73,96140
97,74,137126
97,75,230133
97,76,742651
97,77,8890577
97,78,108222
97,79,63974
97,80,75067
97,81,207054
97,82,106097
97,83,91575
97,84,2201021
97,85,761330
97,86,233789
97,87,257349
97,88,292599
97,89,265951
97,90,244228
97,91,70380
97,92,178413
97,93,2580868
97,94,369345
97,95,112289
97,96,176804
97,98,159488
97,99,134218
97,100,125117
97,101,67434
97,102,878619
97,103,64345
97,104,227820
97,105,5456952
97,106,95712
97,107,851037
97,108,1202444
97,109,2852055
97,110,665221
97,111,433594
97,112,436694
97,113,603183
97,114,100771
97,115,276651
97,116,274393
97,117,84297
97,118,271823
97,119,128363
97,120,332680
97,121,66411
97,122,817682
97,123,2664320
97,124,105414
97,125,74647
97,126,154383
97,127,136035
98,0,167029
98,1,205229
98,2,71608
98,3,69337
98,4,197064
98,5,63819
98,6,245936
98,7,279451
98,8,154359
98,9,245193
98,10,239067
98,11,178860
98,12,89295
98,13,849366
98,14,103155
98,15,9015747
98,16,233580
98,17,228871
98,18,151339
98,19,449857
98,20,384902
98,21,3317045
98,22,230286
98,23,148313
98,24,141368
98,25,2439091
98,26,125349
98,27,334283
98,28,63704
98,29,87616
98,30,92292
98,31,141181
98,32,133748
98,33,179148
98,34,270315
98,35,1044361
98,36,577007805
98,37,70087
98,38,563830
98,39,92971
98,40,250305
98,41,3714428
98,42,6391230
98,43,217142
98,44,65977
98,45,249537
98,46,208993
98,47,800391
98,48,299771
98,49,94210
98,50,62641
98,51,123590
98,52,72429
98,53,123964
98,54,929717
98,55,198371
98,56,126526
98,57,68956
98,58,84410
98,59,81868
98,60,164966
98,61,65578
98,62,71638
98,63,89926
98,64,65305
98,65,71986
98,66,839464
98,67,492031
98,68,90062
98,69,444879
98,70,101808
98,71,110175
98,72,225501
98,73,118890
98,74,108746
98,75,72483
98,76,84192
98,77,87556
98,78,94656
98,79,137402
98,80,685300
98,81,113806
98,82,111572
98,83,62941
98,84,2691709
98,85,69653
98,86,300762
98,87,273554
98,88,142224
98,89,88470
98,90,130411
98,91,136501
98,92,191594
98,93,100304
98,94,204900
98,95,405112
98,96,235048
98,97,87152
98,99,1198250
98,100,65992
98,101,1665143
98,102,338764
98,103,165908
98,104,97300
98,105,958050
98,106,292756
98,107,209976
98,108,83176
98,109,97932
98,110,119360
98,111,66499
98,112,85977
98,113,199302
98,114,126407
98,115,146342
98,116,86751
98,117,2547149
98,118,75750
98,119,128625
98,120,1338188
98,121,99808
98,122,62763
98,123,134749
98,124,78917
98,125,582759
98,126,164143
98,127,184011
99,0,108069
99,1,207263
99,2,367182
99,3,326794
99,4,172191
99,5,993909
99,6,160400
99,7,175807
99,8,27854135
99,9,156309
99,10,555293
99,11,105779
99,12,88137
99,13,131095
99,14,238578
99,15,71163
99,16,65074
99,17,69478
99,18,83864
99,19,104036
99,20,106294
99,21,491215
99,22,150987
99,23,155612
99,24,65069
99,25,189761
99,26,135379
99,27,63301
99,28,79629
99,29,825002
99,30,82863
99,31,205352
99,32,76985
99,33,77874
99,34,371409
99,35,87383
99,36,166271
99,37,70566
99,38,518853
99,39,723965
99,40,76626
99,41,72833
99,42,76863
99,43,114620
99,44,572881
99,45,248365
99,46,352117
99,47,65034
99,48,173663
99,49,530814
99,50,68016
99,51,116442
99,52,96966
99,53,87513
99,54,20712747
99,55,94358
99,56,1557340
99,57,92962
99,58,2283402
99,59,314313
99,60,74724
99,61,70236
99,62,137659
99,63,66651
99,64,73254
99,65,150473
99,66,67242
99,67,77673
99,68,196950
99,69,121198
99,70,960135
99,71,270725
99,72,4719894
99,73,226927
99,74,1113260
99,75,79448
99,76,91913
99,77,76897
99,78,90849
99,79,312348
99,80,108939
99,81,236161
99,82,65548
99,83,609175
99,84,83777
99,85,168250
99,86,78456
99,87,63858
99,88,883375
99,89,1831965
99,90,695955
99,91,132428
99,92,309005
99,93,322880
99,94,101853
99,95,77541
99,96,171863
99,97,178796
99,98,95997
99,100,106516
99,101,1143200
99,102,293072
99,103,81299
99,104,1025982
99,105,150101
99,106,155365
99,107,87375
99,108,86658
99,109,1866694
99,110,98390
99,111,168680
99,112,82637
99,113,485171
99,114,65315
99,115,115661
99,116,377479
99,117,69101
99,118,181747
99,119,544518
99,120,63991998
99,121,1221651
99,122,246683
99,123,67098
99,124,94935
99,125,62348
99,126,116065
99,127,3270349
100,0,110491
100,1,378361
100,2,96038
100,3,312971
100,4,1740753
100,5,88024
100,6,366944
100,7,153099
100,8,73335
100,9,134692
100,10,154212
100,11,2682522
100,12,91435
100,13,5183922
100,14,94200
100,15,102150
100,16,192359
100,17,62824
100,18,119604
100,19,69995
100,20,338558
100,21,62196
100,22,354343
100,23,154188
100,24,8649572
100,25,277865
100,26,508460
100,27,168996
100,28,382055
100,29,945716
100,30,95539
100,31,241317
100,32,465422
100,33,196607
100,34,63126
100,35,581091
100,36,88832
100,37,67934
100,38,3706129
100,39,108566
100,40,499491
100,41,94913212
100,42,79311
100,43,461212
100,44,267815
100,45,140686
100,46,106504
100,47,225942
100,48,116559
100,49,199419
100,50,95005
100,51,105608
100,52,154824
100,53,71561
100,54,264371
100,55,3601260
100,56,420666
100,57,459223
100,58,86346
100,59,489590
100,60,162734
100,61,97311
100,62,82020
100,63,121151
100,64,226878
100,65,163979
100,66,109743
100,67,843838
100,68,170272
100,69,67756
100,70,89117
100,71,82197
100,72,78583
100,73,88558
100,74,4382374
100,75,154725
100,76,201707
100,77,862334
100,78,305045
100,79,69365
100,80,431818
100,81,1174650
100,82,76599
100,83,286189
100,84,101186
100,85,67902
100,86,408138
100,87,90253
100,88,72301
100,89,84913
100,90,62017
100,91,81715
100,92,199889
100,93,101547
100,94,79636
100,95,242652
100,96,108720
100,97,66338
100,98,362692
100,99,72913
100,101,402268
100,102,79347
100,103,99067
100,104,104084
100,105,164225
100,106,121638
100,107,190764
100,108,61975
100,109,75309
100,110,64621
100,111,117929
100,112,107677
100,113,229374
100,114,5341404
100,115,62876
100,116,5666045
100,117,3119031
100,118,167965
100,119,78838
100,120,175005
100,121,113195
100,122,72471
100,123,289400
100,124,76216
100,125,64096
100,126,353896
100,127,233998
101,0,149455
101,1,2458462
101,2,197370
101,3,113527
101,4,69984
101,5,188874
101,6,238415
101,7,107576
101,8,80161
101,9,714132
101,10,63197
101,11,81171
101,12,88629
101,13,409156
101,14,101717
101,15,1052541
101,16,109236
101,17,710508
101,18,222555
101,19,117395
101,20,893642
101,21,76578
101,22,115733
101,23,281053
101,24,89944
101,25,575049
101,26,242764
101,27,66677
101,28,115403
101,29,412829
101,30,84652
101,31,111317
101,32,73043
101,33,87349
101,34,1852658
101,35,153702
101,36,8457717
101,37,176616
101,38,97164
101,39,283935
101,40,70834
101,41,204532
101,42,139948
101,43,180374
101,44,93846
101,45,148222
101,46,81898
101,47,236534
101,48,479263
101,49,178828
101,50,73192
101,51,8061987
101,52,88207
101,53,1960310
101,54,216278
101,55,65396
101,56,64028
101,57,1396744
101,58,211270
101,59,71436
101,60,99655
101,61,358187
101,62,164911
101,63,487975
101,64,13850519
101,65,1426374
101,66,74782
101,67,193165
101,68,1529093
101,69,175776
101,70,74860
101,71,77972
101,72,345482
101,73,83554
101,74,85944
101,75,221983
101,76,84563
101,77,346232
101,78,67686
101,79,100950
101,80,71394
101,81,77645
101,82,156534
101,83,66625
101,84,203961
101,85,3303579
101,86,289477
101,87,88391
101,88,2151105
101,89,724796
101,90,225257
101,91,4116533
101,92,78767
101,93,10360193
101,94,213636
101,95,68673
101,96,212359
101,97,75119
101,98,257848
101,99,144851
101,100,355353
101,102,66950
101,103,63747
101,104,806922
101,105,143132
101,106,12812965
101,107,245250
101,108,326408
101,109,251374
101,110,957357
101,111,80198
101,112,979274
101,113,65265
101,114,227572
101,115,108771
101,116,124456
101,117,308483
101,118,120280
101,119,86896
101,120,205188
101,121,102127
101,122,116529
101,123,3764945
101,124,80991
101,125,93222
101,126,87435
101,127,1538955
102,0,580260
102,1,68141
102,2,256541
102,3,138394
102,4,228921
102,5,99143
102,6,108990
102,7,89161
102,8,79774
102,9,914208
102,10,208569
102,11,89457
102,12,88708
102,13,304960
102,14,224188
102,15,610690
102,16,83192
102,17,67723
102,18,90207
102,19,1402300
102,20,1010476
102,21,269839
102,22,287710
102,23,74460
102,24,93261
102,25,62852
102,26,75100
102,27,113125
102,28,62749
102,29,150124
102,30,76720
102,31,317579
102,32,85248
102,33,346018
102,34,162761
102,35,203070
102,36,71187
102,37,77033
102,38,158407
102,39,96448
102,40,69738
102,41,149870
102,42,72520
102,43,106851
102,44,976395
102,45,80471
102,46,71662
102,47,127964
102,48,200281
102,49,168852
102,50,117647
102,51,71004
102,52,117974
102,53,450726
102,54,271381452
102,55,68978
102,56,456180
102,57,71281
102,58,889994
102,59,90638
102,60,65240
102,61,93592
102,62,97594
102,63,278152
102,64,295461
102,65,70805
102,66,63965
102,67,261649
102,68,83507
102,69,69659
102,70,133243
102,71,85207
102,72,169429
102,73,208104
102,74,234155
102,75,72222
102,76,715754
102,77,86380
102,78,93993
102,79,137107
102,80,68431
102,81,87590
102,82,224285
102,83,860052
102,84,599053
102,85,84048
102,86,70992
102,87,190046
102,88,112045
102,89,2141976
102,90,101276
102,91,88094
102,92,3970819
102,93,157313
102,94,101141
102,95,247783
102,96,83066
102,97,87694
102,98,85463
102,99,102196
102,100,104547
102,101,69534
102,103,249302
102,104,92779
102,105,208230
102,106,1157747
102,107,718199
102,108,87711
102,109,140009
102,110,245993
102,111,162493
102,112,89718
102,113,118603
102,114,73105
102,115,125100
102,116,209164
102,117,74879
102,118,111437
102,119,95864
102,120,135977
102,121,244511
102,122,119941
102,123,781366
102,124,236962
102,125,78006
102,126,696341
102,127,164170
103,0,75876
103,1,126899
103,2,188100
103,3,165519
103,4,305215
103,5,681568
103,6,64331
103,7,79993
103,8,69427
103,9,84032
103,10,955974
103,11,480629
103,12,250542
103,13,149524
103,14,354903
103,15,654718
103,16,139867
103,17,115935
103,18,118709
103,19,68497
103,20,813552
103,21,159592
103,22,94616
103,23,158766
103,24,70987
103,25,68048
103,26,10414985
103,27,867507
103,28,79261
103,29,104643
103,30,69949
103,31,6976194
103,32,617129
103,33,2126918
103,34,69506
103,35,842193
103,36,726880
103,37,114015
103,38,80954
103,39,115891
103,40,98112
103,41,104907
103,42,109952
103,43,79607
103,44,203272
103,45,181091
103,46,113250
103,47,79383
103,48,68924281
103,49,86862
103,50,1734556
103,51,151669
103,52,227671
103,53,185128
103,54,91164
103,55,170477
103,56,166635
103,57,197026
103,58,68662
103,59,168536
103,60,647883
103,61,70300
103,62,79103
103,63,152405
103,64,219259
103,65,231768
103,66,812526
103,67,225159
103,68,109703
103,69,130680
103,70,97773
103,71,319884
103,72,9645200
103,73,117321
103,74,164801
103,75,406692
103,76,369104
103,77,7193488
103,78,281934
103,79,319143
103,80,271960
103,81,130555
103,82,439669
103,83,69029
103,84,66152
103,85,750110
103,86,199928
103,87,94755
103,88,72600
103,89,104178
103,90,607066
103,91,1360269
103,92,71140
103,93,211530
103,94,255431
103,95,90153
103,96,335090
103,97,73516
103,98,101152
103,99,131476
103,100,288092
103,101,102992
103,102,130806
103,104,63694
103,105,108120
103,106,92321
103,107,83634
103,108,192835
103,109,141743
103,110,313417
103,111,329223
103,112,75995
103,113,63221
103,114,90582
103,115,153461
103,116,184856
103,117,114719
103,118,153654
103,119,1446775
103,120,85960
103,121,145812
103,122,82320
103,123,62501
103,124,178032
103,125,107892
103,126,105329
103,127,139097
104,0,188170
104,1,559402
104,2,65931
104,3,64989
104,4,1593580
104,5,195135
104,6,442176
104,7,140850
104,8,121559
104,9,644179
104,10,77728
104,11,840008
104,12,1857315
104,13,98743
104,14,189868
104,15,488377
104,16,210707
104,17,136911
104,18,202426
104,19,769138
104,20,282524
104,21,81374
104,22,1646239
104,23,137343
104,24,81314
104,25,182474
104,26,75080
104,27,107589
104,28,132927
104,29,76660
104,30,94995
104,31,82560
104,32,120497
104,33,90043
104,34,74179
104,35,294342
104,36,140912
104,37,66116
104,38,190728
104,39,62321
104,40,13488025
104,41,706123
104,42,251157235
104,43,1015082
104,44,122081
104,45,141347
104,46,284009
104,47,4758892
104,48,198835
104,49,86069
104,50,581368
104,51,66971
104,52,122815
104,53,186776
104,54,84701
104,55,223898
104,56,71620
104,57,1460174
104,58,201309
104,59,349916
104,60,166159
104,61,358416
104,62,219911
104,63,161136
104,64,272375
104,65,72040
104,66,97921
104,67,70259
104,68,63292
104,69,1730447
104,70,66229
104,71,159359
104,72,127843
104,73,86743
104,74,222889
104,75,205517
104,76,117721
104,77,66038
104,78,64057
104,79,96263
104,80,103600
104,81,287480
104,82,104107
104,83,106171
104,84,76714
104,85,873909
104,86,200242
104,87,440335
104,88,71848
104,89,4250960
104,90,73572
104,91,134370
104,92,78350
104,93,169952
104,94,64453
104,95,192761
104,96,95752
104,97,104919
104,98,127774
104,99,66240
104,100,84848
104,101,149432
104,102,173572
104,103,67691
104,105,1148012
104,106,71305
104,107,108285
104,108,162896
104,109,108044
104,110,420513
104,111,2103226
104,112,698666
104,113,112494
104,114,324587
104,115,147008
104,116,115317
104,117,108617
104,118,140459
104,119,2412438
104,120,266880
104,121,143858
104,122,316029
104,123,77396
104,124,236002
104,125,85520
104,126,86128
104,127,218426
105,0,386209
105,1,100127
105,2,171212
105,3,395043
105,4,132742
105,5,345696
105,6,87041
105,7,332381
105,8,143069
105,9,150543
105,10,434081
105,11,72944
105,12,104763
105,13,138254
105,14,98765
105,15,210880
105,16,84604
105,17,298213
105,18,109926
105,19,106938
105,20,118468
105,21,75198
105,22,244965
105,23,76276
105,24,155464
105,25,96987
105,26,63882
105,27,181879
105,28,120234
105,29,67799
105,30,290563
105,31,78632
105,32,76870
105,33,2466290
105,34,557340
105,35,366229
105,36,1848023
105,37,175591
105,38,63130
105,39,111411
105,40,1154811
105,41,653340
105,42,279596
105,43,297968
105,44,69416
105,45,85628
105,46,2836760
105,47,83824
105,48,4371139
105,49,186224
105,50,230336
105,51,66100
105,52,569924
105,53,120854
105,54,99764
105,55,3486836
105,56,266680
105,57,64350
105,58,97573
105,59,180211
105,60,72655
105,61,129822
105,62,76009
105,63,85035
105,64,93954
105,65,402976
105,66,115346
105,67,62890
105,68,69829
105,69,230184
105,70,201587
105,71,91838
105,72,148882
105,73,221037
105,74,96758
105,75,118498
105,76,76504
105,77,64018
105,78,66961
105,79,63689
105,80,69236
105,81,2207410
105,82,219818
105,83,95166
105,84,82793
105,85,65828
105,86,100659
105,87,96202
105,88,100404
105,89,64155
105,90,414017
105,91,155736
105,92,99425
105,93,85413
105,94,285962
105,95,293310
105,96,61984
105,97,107614
105,98,127722
105,99,912303
105,100,404540
105,101,1975882
105,102,183809
105,103,115877
105,104,597007
105,106,67476
105,107,115589
105,108,763154
105,109,1007426
105,110,1789642
105,111,232696
105,112,85125
105,113,553512
105,114,271892
105,115,172430
105,116,310229
105,117,62367
105,118,140439
105,119,114254
105,120,282450
105,121,1101504
105,122,73635
105,123,84888
105,124,531755
105,125,184146
105,126,89582
105,127,166299
106,0,240324
106,1,165242
106,2,184450
106,3,239394
106,4,76329
106,5,219166
106,6,149156
106,7,2985634
106,8,593818
106,9,193830
106,10,111156
106,11,521569
106,12,526617
106,13,232956
106,14,1320492
106,15,2135930
106,16,130179
106,17,89179
106,18,184078
106,19,100782
106,20,256665
106,21,192176
106,22,72981
106,23,112988
106,24,64228
106,25,21727189
106,26,133206
106,27,250779
106,28,152763
106,29,90226
106,30,168450
106,31,261392
106,32,78041
106,33,1791825
106,34,126509
106,35,1929832
106,36,66224
106,37,68535
106,38,1813923
106,39,86624
106,40,78202
106,41,132042
106,42,91220
106,43,66033
106,44,122431
106,45,226040
106,46,197447
106,47,78442
106,48,63897
106,49,240269
106,50,64661
106,51,140809
106,52,243101
106,53,207012
106,54,400579
106,55,106159
106,56,158560
106,57,62754
106,58,301677
106,59,226779
106,60,378740
106,61,71836
106,62,285434
106,63,118243
106,64,1074370
106,65,93758
106,66,130036
106,67,64233
106,68,131530
106,69,63107
106,70,869245
106,71,1333088
106,72,98486
106,73,118138
106,74,876847
106,75,379754
106,76,447957
106,77,211357
106,78,94289
106,79,107993
106,80,65280
106,81,98219
106,82,94239
106,83,72410
106,84,109978
106,85,93797
106,86,73805
106,87,68795
106,88,91791
106,89,63526
106,90,262939
106,91,95418
106,92,3562362
106,93,94686
106,94,469140
106,95,300680
106,96,217279
106,97,202466
106,98,87582
106,99,64750
106,100,78315
106,101,171448
106,102,101797
106,103,239831
106,104,173845
106,105,118739
106,107,70190
106,108,145637
106,109,113222
106,110,78273
106,111,1328023
106,112,75381
106,113,231306
106,114,330697
106,115,92463
106,116,904753
106,117,752775
106,118,128033
106,119,340421
106,120,132871
106,121,139623
106,122,786165
106,123,205641
106,124,340109
106,125,186534
106,126,76356
106,127,63844
107,0,574506
107,1,100415
107,2,546493
107,3,100382
107,4,101434
107,5,158689
107,6,89286
107,7,80117
107,8,291030
107,9,1989032
107,10,149248
107,11,561478
107,12,101638
107,13,104751
107,14,11980309
107,15,283191
107,16,108311
107,17,125499
107,18,80626
107,19,252272
107,20,73780
107,21,364453
107,22,80931
107,23,89528
107,24,117706
107,25,270452
107,26,171300
107,27,93290
107,28,96345
107,29,391788
107,30,91053
107,31,221273
107,32,180082
107,33,72173
107,34,106900
107,35,162815
107,36,67589
107,37,81352
107,38,85430
107,39,10697101
107,40,107200
107,41,507377
107,42,126678
107,43,872738
107,44,63911
107,45,116137
107,46,246108
107,47,81975
107,48,149662
107,49,383086
107,50,1252672
107,51,189370
107,52,119972
107,53,80902
107,54,73372
107,55,598174
107,56,1230370
107,57,62880
107,58,339074
107,59,77280
107,60,1458674
107,61,72649
107,62,107125
107,63,106714
107,64,181911
107,65,630710
107,66,831908
107,67,66740
107,68,147478
107,69,67653
107,70,534121
107,71,38115428
107,72,77986
107,73,1087344
107,74,368141
107,75,93397
107,76,92311
107,77,90381
107,78,69359
107,79,63297
107,80,65270
107,81,76444
107,82,288706
107,83,201507
107,84,104655
107,85,6089977
107,86,90803
107,87,126712
107,88,117780
107,89,261328
107,90,85694
107,91,217553
107,92,86464
107,93,74679
107,94,410618
107,95,122351
107,96,179533
107,97,116851
107,98,66682
107,99,246453
107,100,68070
107,101,63559
107,102,96572
107,103,180634
107,104,79067
107,105,137166
107,106,154530
107,108,94220
107,109,67643
107,110,2576608
107,111,72107
107,112,1636934
107,113,62599
107,114,134351
107,115,72010
107,116,168022
107,117,79571
107,118,66468
107,119,378235
107,120,92885
107,121,333881
107,122,69185
107,123,66982
107,124,75704
107,125,64740
107,126,73435
107,127,110650
108,0,101956
108,1,160216
108,2,1085598
108,3,2293669
108,4,62918
108,5,247493
108,6,94032
108,7,77252
108,8,112426
108,9,685676
108,10,80095
108,11,70253
108,12,138634
108,13,77610
108,14,81875
108,15,79174
108,16,263849
108,17,132372
108,18,333180
108,19,191196
108,20,387920
108,21,258537
108,22,656447
108,23,74409
108,24,186086
108,25,151292
108,26,78505
108,27,748784
108,28,65797
108,29,76849
108,30,202066
108,31,558369
108,32,129840
108,33,138095
108,34,2980071
108,35,490808
108,36,126086
108,37,83373
108,38,397379
108,39,185709
108,40,74402
108,41,89781
108,42,117307
108,43,71590
108,44,186052
108,45,452297
108,46,193092
108,47,73717
108,48,62353
108,49,86270
108,50,364925
108,51,166327
108,52,62395
108,53,194574
108,54,101990
108,55,179953
108,56,73347
108,57,100359
108,58,65361
108,59,124719
108,60,141638
108,61,324111
108,62,233163
108,63,129858
108,64,111397
108,65,132115
108,66,70519
108,67,128922
108,68,86717
108,69,66136
108,70,89358
108,71,357731
108,72,435875
108,73,84458
108,74,65144
108,75,1890524
108,76,364217
108,77,70700
108,78,73478
108,79,275800
108,80,472914
108,81,1156767
108,82,74614
108,83,3617037
108,84,70115
108,85,181714
108,86,301011
108,87,88788
108,88,72784
108,89,259041
108,90,94437
108,91,70531
108,92,6552302
108,93,427830
108,94,110188
108,95,350135
108,96,710107
108,97,176055
108,98,68228
108,99,106183
108,100,77204
108,101,491419
108,102,214125
108,103,133992
108,104,439005
108,105,76558
108,106,80286
108,107,204083
108,109,88673
108,110,65920
108,111,139197
108,112,308744
108,113,128468
108,114,134067
108,115,63781
108,116,7574250
108,117,167425
108,118,97175
108,119,102599
108,120,352006
108,121,1859652
108,122,88506
108,123,388317
108,124,425470
108,125,71169
108,126,205600
108,127,437023
109,0,149824
109,1,166411
109,2,76430
109,3,809970
109,4,182275
109,5,143303
109,6,86777
109,7,600228
109,8,326987
109,9,227522
109,10,79282
109,11,139440
109,12,143794
109,13,89492
109,14,7794931
109,15,88339
109,16,92770
109,17,965734
109,18,303858
109,19,83992
109,20,283786
109,21,131804
109,22,103823
109,23,187471
109,24,216233
109,25,7860160
109,26,89233
109,27,161533
109,28,100370
109,29,71698
109,30,105791
109,31,81837
109,32,967143
109,33,245593
109,34,129893
109,35,81685
109,36,439336
109,37,1109618
109,38,449338
109,39,182640
109,40,132686
109,41,78860
109,42,68530
109,43,166215
109,44,121780
109,45,77156
109,46,84040
109,47,526385
109,48,71258
109,49,184281
109,50,464869
109,51,125616
109,52,81609
109,53,2408674
109,54,101910
109,55,88886
109,56,479457
109,57,109991
109,58,200636
109,59,78406
109,60,1718227
109,61,154701
109,62,348608
109,63,678608
109,64,264962
109,65,623694
109,66,71842
109,67,7762687
109,68,5049309
109,69,366705
109,70,180406
109,71,664866
109,72,251554
109,73,4893258
109,74,9889894
109,75,68425
109,76,253176
109,77,198448
109,78,199536
109,79,212710
109,80,4977262
109,81,787131
109,82,65159
109,83,152025
109,84,145068
109,85,65757
109,86,173603
109,87,66672
109,88,129947
109,89,131149
109,90,665932
109,91,1481476
109,92,199967
109,93,203434
109,94,794447
109,95,166917
109,96,64111
109,97,94091
109,98,5794922
109,99,121104
109,100,75664
109,101,3174243
109,102,75328
109,103,63636
109,104,74801
109,105,776621
109,106,104001
109,107,116646
109,108,86684
109,110,74976
109,111,131969
109,112,103906
109,113,165825
109,114,94131
109,115,62113
109,116,66646
109,117,69551
109,118,97499
109,119,1192010
109,120,660281
109,121,445901
109,122,75185
109,123,264241
109,124,330007
109,125,947072
109,126,241705
109,127,83642
110,0,381798
110,1,79477
110,2,2506122
110,3,545751
110,4,76162
110,5,62970
110,6,118048
110,7,140070
110,8,684551
110,9,419596
110,10,112235
110,11,78252
110,12,69404
110,13,83944
110,14,4732828
110,15,136151
110,16,121669
110,17,91313
110,18,103882
110,19,257723
110,20,72137
110,21,4057088
110,22,192505
110,23,341569
110,24,721484
110,25,64355
110,26,167908
110,27,64282
110,28,97763
110,29,154897
110,30,456003
110,31,93973
110,32,81164
110,33,86913
110,34,1152861
110,35,33380400
110,36,651626
110,37,4405002
110,38,1251540
110,39,493466
110,40,65059
110,41,80367
110,42,643844
110,43,291891
110,44,84434
110,45,73535
110,46,67236
110,47,650260
110,48,97847
110,49,196152
110,50,321189
110,51,70161
110,52,76149
110,53,385032
110,54,408719
110,55,109171
110,56,859484
110,57,73912
110,58,568589
110,59,1045174
110,60,22380623
110,61,121214
110,62,142498
110,63,75506
110,64,105160
110,65,166243
110,66,361760
110,67,107087
110,68,88347
110,69,138956
110,70,67880
110,71,28891068
110,72,154481
110,73,265884
110,74,186190
110,75,208611
110,76,79253
110,77,2185196
110,78,144721
110,79,2375276
110,80,127912
110,81,98916
110,82,92245
110,83,171953
110,84,78013
110,85,28192101
110,86,151575
110,87,419138
110,88,3218439
110,89,161083
110,90,1184805
110,91,323826
110,92,90573
110,93,104799
110,94,525461
110,95,220192
110,96,65174
110,97,134559
110,98,63135
110,99,718608
110,100,129503
110,101,668074
110,102,336510
110,103,117130
110,104,69608
110,105,67030
110,106,126610
110,107,120808
110,108,271341
110,109,68524
110,111,63116
110,112,66178
110,113,167822
110,114,79268
110,115,66871
110,116,1672817
110,117,64710
110,118,333680
110,119,409739
110,120,818201
110,121,1084726
110,122,120034
110,123,93670
110,124,126576
110,125,223081
110,126,392462
110,127,880991
111,0,95834
111,1,643510
111,2,98102
111,3,174179
111,4,79876
111,5,390313
111,6,80463
111,7,186811
111,8,136950
111,9,166551
111,10,246568
111,11,548981
111,12,2904147
111,13,2659805
111,14,71110
111,15,154310
111,16,543781
111,17,3143351
111,18,72071
111,19,72532
111,20,219585
111,21,67729
111,22,178923
111,23,98883
111,24,74563
111,25,132391
111,26,91556
111,27,253964
111,28,65731
111,29,170859
111,30,256913
111,31,893032
111,32,346125
111,33,105694
111,34,309878
111,35,91295
111,36,98572
111,37,158253
111,38,153412
111,39,526848
111,40,857216
111,41,158151
111,42,158740
111,43,74255
111,44,153027
111,45,123720
111,46,93058
111,47,72901
111,48,130429
111,49,85199
111,50,63022
111,51,90813
111,52,78888
111,53,92991
111,54,75302
111,55,71116
111,56,69744
111,57,174576
111,58,67104
111,59,86153
111,60,62205
111,61,86337
111,62,143196
111,63,101570
111,64,246223
111,65,142287
111,66,67740
111,67,77335
111,68,175097
111,69,405685
111,70,213814
111,71,1543929
111,72,71938
111,73,150078
111,74,279306
111,75,268217
111,76,1035496
111,77,283265
111,78,107075
111,79,22158851
111,80,137520
111,81,95055
111,82,96017
111,83,702180
111,84,1816161
111,85,123834
111,86,143708
111,87,238524
111,88,528941
111,89,109322536
111,90,68945
111,91,178127
111,92,810990
111,93,73894
111,94,182341
111,95,84281
111,96,139785
111,97,800890
111,98,219120
111,99,83673
111,100,84905
111,101,3450165
111,102,1787464
111,103,87685
111,104,260116
111,105,92674
111,106,125901
111,107,125550
111,108,182209
111,109,124489
111,110,179694
111,112,144981
111,113,4569596
111,114,71092
111,115,77376
111,116,121433
111,117,102946
111,118,176835
111,119,184754
111,120,122575
111,121,72747
111,122,93777
111,123,1794012
111,124,96181
111,125,165159
111,126,78132
111,127,128940
112,0,68332
112,1,4509536
112,2,90831
112,3,375477
112,4,675672
112,5,241428
112,6,119026
112,7,78301
112,8,195623
112,9,126593
112,10,335191
112,11,255124
112,12,103039
112,13,62866
112,14,191631
112,15,88744
112,16,239121
112,17,3155641
112,18,270999
112,19,464133
112,20,94745
112,21,282007
112,22,821850
112,23,88111
112,24,588383
112,25,62739
112,26,75565
112,27,201986
112,28,105039
112,29,120699
112,30,214303
112,31,2514230
112,32,79376
112,33,110637
112,34,81845
112,35,68026
112,36,845490
112,37,86853
112,38,71287
112,39,88155
112,40,87746
112,41,78682
112,42,3013734
112,43,170976
112,44,71902
112,45,85003
112,46,71860
112,47,67290
112,48,74834
112,49,234890
112,50,116239
112,51,76924
112,52,102587
112,53,231974
112,54,169400
112,55,483781
112,56,99962
112,57,214749
112,58,95468
112,59,330106
112,60,127981
112,61,68668
112,62,78287
112,63,84056
112,64,193129
112,65,553259
112,66,229122
112,67,130572
112,68,136969
112,69,94101
112,70,656794
112,71,69062
112,72,72337
112,73,168221
112,74,223705
112,75,888180
112,76,199615
112,77,1310571
112,78,224721
112,79,120963
112,80,108324
112,81,71788
112,82,93068
112,83,126053
112,84,85827
112,85,229072
112,86,150496
112,87,87007
112,88,70846
112,89,225452
112,90,78569
112,91,81883
112,92,296993
112,93,7056252
112,94,119223
112,95,134332
112,96,92722
112,97,114649
112,98,374607
112,99,231614
112,100,64468
112,101,144245
112,102,194462
112,103,211487
112,104,949113
112,105,269297
112,106,96841
112,107,149340
112,108,900402
112,109,121245
112,110,156184
112,111,70288
112,113,499281
112,114,108158
112,115,167595
112,116,149409
112,117,78746
112,118,298050
112,119,64646
112,120,192871
112,121,98830
112,122,465053
112,123,599640
112,124,84515
112,125,63306
112,126,178445
112,127,143409
113,0,1524206
113,1,102036
113,2,62758
113,3,83027
113,4,2423795
113,5,72101
113,6,85877
113,7,157339
113,8,108926
113,9,160373
113,10,110770
113,11,139420
113,12,66157
113,13,223561
113,14,81556
113,15,112398
113,16,101129
113,17,82513
113,18,102923
113,19,98336
113,20,170800
113,21,528241
113,22,187540
113,23,171715
113,24,127550
113,25,62576
113,26,1694257
113,27,211661
113,28,169313
113,29,465238
113,30,83113
113,31,137284
113,32,103871
113,33,89826
113,34,4879510
113,35,159281
113,36,148132
113,37,79978
113,38,79189
113,39,403685
113,40,791506
113,41,85216
113,42,72876
113,43,69733
113,44,140418
113,45,78519
113,46,118648
113,47,66281
113,48,193941
113,49,79304
113,50,91961
113,51,73229
113,52,261585
113,53,70052
113,54,80147
113,55,173754
113,56,170097
113,57,198023
113,58,92664
113,59,121465
113,60,290329
113,61,3539392
113,62,189334
113,63,123030298
113,64,3632942
113,65,74441
113,66,88974
113,67,2040501
113,68,99622
113,69,67584
113,70,811502
113,71,154848
113,72,75631
113,73,252814
113,74,273694
113,75,65330
113,76,616511
113,77,314044
113,78,97869
113,79,457072
113,80,427672
113,81,94170
113,82,1102400
113,83,74756
113,84,77286
113,85,70058
113,86,62669
113,87,345269
113,88,151906
113,89,181123
113,90,75539
113,91,1265257
113,92,147097
113,93,1550608
113,94,73142
113,95,295944
113,96,146121
113,97,64252
113,98,237767
113,99,474630
113,100,642509
113,101,141722
113,102,79506
113,103,78853
113,104,83270
113,105,71151
113,106,1285168
113,107,157668
113,108,121654
113,109,529876
113,110,98657
113,111,1509714
113,112,87755
113,114,452122
113,115,13058709
113,116,62237
113,117,87392
113,118,711310
113,119,64394
113,120,261842
113,121,1398129
113,122,62679
113,123,1070958
113,124,118408
113,125,493671
113,126,65813
113,127,88532
114,0,78953
114,1,719018
114,2,92846
114,3,243663
114,4,66708
114,5,98733
114,6,380391
114,7,288937
114,8,40635185
114,9,186465
114,10,824475
114,11,125166
114,12,121088
114,13,486770
114,14,82351
114,15,297805
114,16,158228
114,17,580537
114,18,109456
114,19,1033102
114,20,78732
114,21,638861
114,22,608571
114,23,67573
114,24,210190
114,25,73774
114,26,171596
114,27,229475
114,28,105196
114,29,81654
114,30,391519
114,31,65391
114,32,432624
114,33,272651
114,34,62330
114,35,102691
114,36,592092
114,37,715348
114,38,351454
114,39,149317
114,40,86195
114,41,93865
114,42,1994338
114,43,11054654
114,44,70398
114,45,258852
114,46,204205
114,47,95630
114,48,86760
114,49,87668
114,50,103412
114,51,109210
114,52,355128
114,53,150730
114,54,118965
114,55,107627
114,56,100537
114,57,1392603
114,58,446584
114,59,77472
114,60,140603
114,61,687558
114,62,64086
114,63,145483
114,64,142540
114,65,171389
114,66,74537
114,67,67675
114,68,167680
114,69,84823
114,70,69517
114,71,571802
114,72,9840050
114,73,75296
114,74,1393981
114,75,113708
114,76,141534
114,77,5293247
114,78,81906
114,79,233008
114,80,71710
114,81,91697
114,82,4852225
114,83,754561
114,84,69073
114,85,8973666
114,86,127155
114,87,816646
114,88,254390
114,89,61920
114,90,69841
114,91,67627
114,92,80508
114,93,204355039
114,94,263328
114,95,62450
114,96,227274
114,97,1433599
114,98,217966
114,99,380518
114,100,320442
114,101,63984
114,102,5832736
114,103,99251
114,104,348173
114,105,107664
114,106,78188
114,107,99295
114,108,196379
114,109,1273387
114,110,126019
114,111,291186
114,112,134654
114,113,84289
114,115,78223
114,116,589519
114,117,99447
114,118,139319
114,119,496358
114,120,117145
114,121,103202
114,122,144526
114,123,131877
114,124,73729
114,125,99633
114,126,71567
114,127,336306
115,0,68108
115,1,103588
115,2,219631
115,3,62520
115,4,91146
115,5,68850
115,6,80323
115,7,662390
115,8,168938
115,9,152979
115,10,544764
115,11,73341
115,12,202386
115,13,447613
115,14,88576
115,15,1064193
115,16,535311
115,17,92521
115,18,734475
115,19,83404
115,20,167737
115,21,63540
115,22,392597
115,23,169835
115,24,6996642318
115,25,105523
115,26,71872
115,27,116224
115,28,67226
115,29,136267
115,30,135188
115,31,91044
115,32,83035
115,33,90564
115,34,226237
115,35,632973
115,36,121402
115,37,156960
115,38,372879
115,39,83207
115,40,72192
115,41,71412
115,42,96883
115,43,69034
115,44,311815
115,45,470455
115,46,103132
115,47,934332
115,48,143601
115,49,105184
115,50,66023
115,51,496150
115,52,130054
115,53,372265
115,54,132945
115,55,240599
115,56,541823
115,57,1432148
115,58,226532
115,59,143516
115,60,84523
115,61,594974
115,62,160531
115,63,479652
115,64,97943
115,65,73185
115,66,120745
115,67,73006
115,68,734901
115,69,82405
115,70,134313
115,71,71376
115,72,76531
115,73,86498
115,74,97657
115,75,64631
115,76,972817
115,77,153364
115,78,91923
115,79,98636
115,80,84839
115,81,425313
115,82,481610
115,83,574234
115,84,648560
115,85,89054
115,86,126763
115,87,94023
115,88,148745
115,89,100204
115,90,207472
115,91,902884
115,92,310317
115,93,144764
115,94,4643631
115,95,122623
115,96,72258
115,97,195097
115,98,793465
115,99,287252
115,100,121370
115,101,75315
115,102,80073
115,103,152955
115,104,613129
115,105,81382
115,106,161347
115,107,1005150
115,108,325639
115,109,1483019
115,110,138155
115,111,136364
115,112,125316
115,113,276296
115,114,646532
115,116,283116
115,117,73235
115,118,414913
115,119,189548
115,120,68923
115,121,409301
115,122,64557
115,123,70392
115,124,161294
115,125,227423
115,126,456537
115,127,149570
116,0,129239
116,1,628142
116,2,132594
116,3,79038
116,4,95226
116,5,71830
116,6,113361
116,7,235895
116,8,203231
116,9,77245
116,10,83325
116,11,106801
116,12,62492
116,13,76350
116,14,98081
116,15,91932
116,16,195322
116,17,102911
116,18,193313
116,19,101626
116,20,158279
116,21,118153
116,22,274603
116,23,184213
116,24,65589
116,25,150846
116,26,70630
116,27,177086
116,28,285358
116,29,122319
116,30,1602438
116,31,352893
116,32,128085
116,33,866930
116,34,70248
116,35,131731
116,36,146808
116,37,980720
116,38,108183
116,39,152096
116,40,151598
116,41,362225
116,42,191160
116,43,76802
116,44,268891
116,45,734049
116,46,128677
116,47,118423
116,48,591805
116,49,66956
116,50,1106901
116,51,1181742
116,52,85669
116,53,1712177
116,54,173542
116,55,75670
116,56,3059715
116,57,82482
116,58,104691
116,59,225062
116,60,66998
116,61,81141
116,62,206928
116,63,132705
116,64,309354
116,65,232025
116,66,7483146
116,67,438508
116,68,3077291
116,69,119574
116,70,259862
116,71,346447
116,72,674941
116,73,189939
116,74,111103
116,75,2314457
116,76,420820
116,77,120621
116,78,195925
116,79,528474
116,80,158177
116,81,70138
116,82,73692
116,83,96696
116,84,166945
116,85,137461
116,86,288169
116,87,66390
116,88,113750
116,89,158791
116,90,84555
116,91,268554
116,92,80753
116,93,82166
116,94,95813
116,95,176710
116,96,70893
116,97,390982
116,98,145308
116,99,79767
116,100,74589
116,101,848810
116,102,1151888
116,103,120917
116,104,161453
116,105,167794
116,106,69079
116,107,260180
116,108,451598
116,109,160295
116,110,213106
116,111,626547
116,112,1759588
116,113,129539
116,114,311550
116,115,89564
116,117,1714189
116,118,74918
116,119,758610
116,120,92330
116,121,135938
116,122,97721
116,123,103179
116,124,153340
116,125,798401
116,126,307790
116,127,215376
117,0,402410
117,1,101694
117,2,67487
117,3,64072
117,4,80984
117,5,75889
117,6,62270
117,7,367541
117,8,186018
117,9,83872
117,10,76283
117,11,107062
117,12,128293
117,13,1753268
117,14,330302
117,15,115993
117,16,159695
117,17,105767
117,18,320349
117,19,92226
117,20,77190
117,21,93319
117,22,85331
117,23,1827424
117,24,182773
117,25,174149
117,26,246626
117,27,141513
117,28,61971
117,29,351233
117,30,441337
117,31,139541
117,32,250720
117,33,115431
117,34,1443828
117,35,820804
117,36,145134
117,37,198603
117,38,370678
117,39,278656
117,40,147209
117,41,242373
117,42,1590063
117,43,82980
117,44,243213
117,45,132354
117,46,332182
117,47,113291
117,48,75545
117,49,65285
117,50,66250
117,51,83459
117,52,80999
117,53,506729
117,54,112548
117,55,180276
117,56,903506
117,57,63684
117,58,75803
117,59,2269844
117,60,2300560
117,61,198758
117,62,942342
117,63,301927
117,64,460487
117,65,80015
117,66,147015005
117,67,62744
117,68,163952
117,69,288245
117,70,690210
117,71,191341
117,72,816129
117,73,167058
117,74,169285
117,75,64077
117,76,1611386
117,77,323352
117,78,109119
117,79,92827
117,80,311197
117,81,331983
117,82,77603
117,83,183273
117,84,70110
117,85,63473
117,86,66193
117,87,388582
117,88,405542
117,89,81746
117,90,62012
117,91,284383
117,92,106528
117,93,985811
117,94,297480
117,95,1145120
117,96,135035
117,97,550735
117,98,96531
117,99,169371
117,100,63728
117,101,190548
117,102,122479
117,103,74730
117,104,108630
117,105,213902
117,106,277579
117,107,204655
117,108,102668
117,109,70219
117,110,156835
117,111,212535
117,112,1105998
117,113,316940
117,114,149042
117,115,63430
117,116,188381
117,118,141973
117,119,119254
117,120,96541
117,121,176304
117,122,62284
117,123,368021
117,124,117469
117,125,651968
117,126,222746
117,127,124538
118,0,135226
118,1,156985
118,2,183977
118,3,62871
118,4,1038704
118,5,64203
118,6,427356
118,7,180341
118,8,176741
118,9,686052
118,10,36406731
118,11,519755
118,12,119819
118,13,610387
118,14,299936
118,15,262293
118,16,150776
118,17,105742
118,18,438673
118,19,739620
118,20,505867
118,21,679346
118,22,335697
118,23,100883
118,24,82996
118,25,272928
118,26,174484
118,27,134162
118,28,119773
118,29,2335594
118,30,86228
118,31,430055
118,32,101615
118,33,71205
118,34,86027
118,35,114352
118,36,69579
118,37,712114
118,38,135591
118,39,129344
118,40,187262
118,41,238091
118,42,6028788
118,43,63454
118,44,4126595
118,45,80213
118,46,176866
118,47,465607
118,48,118633
118,49,505009
118,50,74326
118,51,204450
118,52,113098
118,53,421896
118,54,85927
118,55,1279253
118,56,322597
118,57,76309
118,58,268285
118,59,142056
118,60,78231
118,61,68695
118,62,114099
118,63,162305
118,64,19430731
118,65,359908
118,66,86472
118,67,4348828
118,68,338455
118,69,74505
118,70,1614991
118,71,215736
118,72,69472
118,73,159023
118,74,80022
118,75,62242
118,76,85224
118,77,101253
118,78,128834
118,79,463583
118,80,74531
118,81,70589
118,82,80066
118,83,91706
118,84,127533
118,85,125600
118,86,66593
118,87,139137
118,88,225648
118,89,347416
118,90,147031
118,91,410764
118,92,95246
118,93,300266
118,94,146408
118,95,311462
118,96,338044
118,97,74634
118,98,98443
118,99,331785
118,100,143090
118,101,17833972
118,102,131694
118,103,493260
118,104,65624
118,105,862906
118,106,598760
118,107,138895
118,108,187680
118,109,75335
118,110,130339
118,111,210104
118,112,1678615
118,113,277650
118,114,10470310
118,115,375602
118,116,64262
118,117,394225
118,119,81601
118,120,112617
118,121,196228
118,122,91118
118,123,66328
118,124,91772
118,125,293468
118,126,254635
118,127,1138425
119,0,72307
119,1,85819
119,2,747462
119,3,74937
119,4,137619
119,5,133336
119,6,93281
119,7,65634
119,8,124752
119,9,63579
119,10,73291
119,11,11770232
119,12,1919866
119,13,523165
119,14,77088
119,15,73761
119,16,236908
119,17,75374
119,18,98038
119,19,143751
119,20,132005
119,21,97060
119,22,153147
119,23,267213
119,24,106232
119,25,161745
119,26,71347
119,27,85011
119,28,374980
119,29,113917
119,30,123379
119,31,69619
119,32,63483
119,33,162627
119,34,2256433
119,35,79542
119,36,100050
119,37,797905
119,38,101728
119,39,67343
119,40,195360
119,41,363043
119,42,63411
119,43,65553
119,44,67950
119,45,182806
119,46,63173
119,47,222221
119,48,96748
119,49,103682
119,50,86981
119,51,518627
119,52,245079
119,53,88903
119,54,89484
119,55,112031
119,56,45860306
119,57,351564
119,58,132336
119,59,90702
119,60,80589
119,61,174027
119,62,75651
119,63,631033
119,64,140892
119,65,90942
119,66,255800
119,67,3002436
119,68,177495
119,69,67444
119,70,9790665
119,71,504152
119,72,100738
119,73,907257
119,74,294103
119,75,495114
119,76,154042
119,77,238253
119,78,543535
119,79,764069
119,80,65300
119,81,195247
119,82,355466
119,83,89935
119,84,259799
119,85,74128
119,86,65538
119,87,644850
119,88,424065
119,89,77020
119,90,431336
119,91,274182
119,92,69090
119,93,131167
119,94,190476
119,95,63574
119,96,84717
119,97,1023628
119,98,166607
119,99,113861
119,100,76999
119,101,16987025
119,102,88717
119,103,382441
119,104,81594
119,105,113057
119,106,366824
119,107,573963
119,108,2914775
119,109,68873
119,110,72814
119,111,81420
119,112,105112
119,113,92683
119,114,73248
119,115,62548
119,116,63955
119,117,4948969
119,118,65356
119,120,78803
119,121,63012
119,122,188803
119,123,153727
119,124,64601
119,125,116297
119,126,70940
119,127,1066720
120,0,102265
120,1,76129
120,2,204287
120,3,105148
120,4,124472
120,5,99208
120,6,1155788
120,7,795926
120,8,116705
120,9,141243
120,10,2551320
120,11,75578
120,12,754114
120,13,731082
120,14,70875
120,15,100559
120,16,90840
120,17,103494
120,18,671311
120,19,81541
120,20,407269
120,21,93485
120,22,10252181
120,23,173029
120,24,1917389
120,25,132538
120,26,133467
120,27,162385
120,28,128852
120,29,166355
120,30,83380
120,31,110386
120,32,71980
120,33,4076727
120,34,71896
120,35,211313
120,36,71632
120,37,264568
120,38,1329286
120,39,72907
120,40,171006
120,41,42733850
120,42,95116
120,43,218611
120,44,113583
120,45,2349882
120,46,167170
120,47,151104
120,48,196001
120,49,221746
120,50,2297109
120,51,186293
120,52,825529
120,53,121261
120,54,309616
120,55,147523
120,56,327956
120,57,123850
120,58,545257
120,59,78647
120,60,474439
120,61,106689
120,62,276013
120,63,96079
120,64,208738
120,65,84831
120,66,418682
120,67,493877
120,68,344523
120,69,1635085
120,70,157998
120,71,924494
120,72,67605
120,73,686428
120,74,64705
120,75,193534
120,76,250127
120,77,135322
120,78,145505
120,79,853274
120,80,63752
120,81,210837
120,82,105487
120,83,93358
120,84,236801
120,85,68239
120,86,97794
120,87,111801
120,88,99371
120,89,162869
120,90,468953
120,91,1164653
120,92,117795
120,93,1820651
120,94,220473
120,95,107778
120,96,67348
120,97,384642
120,98,1562425
120,99,98208
120,100,453174
120,101,118920
120,102,73297
120,103,390848
120,104,231460
120,105,1370893
120,106,74717
120,107,226976
120,108,593241
120,109,122543
120,110,247319
120,111,122895
120,112,72204
120,113,280104
120,114,118348
120,115,109391
120,116,85711
120,117,340734
120,118,67135
120,119,282672
120,121,6897786
120,122,133113
120,123,1244783
120,124,92093
120,125,894253
120,126,3205697
120,127,1119685
121,0,90822
121,1,266282
121,2,118769
121,3,6671978
121,4,63031
121,5,350464
121,6,64567
121,7,1564126
121,8,84225
121,9,82614
121,10,88260
121,11,188662
121,12,87972
121,13,159618
121,14,919968
121,15,70665
121,16,382957
121,17,301094
121,18,72790
121,19,96356
121,20,193719
121,21,229880
121,22,84962
121,23,62951
121,24,69331
121,25,1137474
121,26,274252
121,27,113597
121,28,238199
121,29,353672
121,30,229223
121,31,102633
121,32,72404
121,33,85183
121,34,64038
121,35,248190
121,36,536506
121,37,607366
121,38,100282
121,39,94160
121,40,109965
121,41,84241
121,42,415511
121,43,129663
121,44,101524
121,45,207514
121,46,142014
121,47,98690
121,48,81066
121,49,103074
121,50,410471
121,51,12051869
121,52,64834
121,53,2442943
121,54,85421
121,55,1147046
121,56,141285
121,57,124439
121,58,304281
121,59,628462
121,60,117959
121,61,183072
121,62,417771
121,63,383733
121,64,355804
121,65,211443
121,66,177558
121,67,225893
121,68,62344
121,69,128537
121,70,65502
121,71,415962
121,72,127104
121,73,88233
121,74,92923
121,75,266813
121,76,177810
121,77,68261
121,78,157238
121,79,123752
121,80,95560
121,81,87452
121,82,75035
121,83,164664
121,84,84531
121,85,218334
121,86,547984
121,87,72616390
121,88,417469
121,89,139117
121,90,96862
121,91,124013
121,92,246280
121,93,66729
121,94,300018
121,95,468392
121,96,110810
121,97,67300
121,98,129805
121,99,80228
121,100,70346
121,101,198487
121,102,270520
121,103,721072
121,104,149271
121,105,219352
121,106,187925
121,107,113374
121,108,71920
121,109,140789
121,110,72508
121,111,286264
121,112,64370
121,113,232231
121,114,68359
121,115,108018
121,116,175344
121,117,111760
121,118,93494
121,119,137599
121,120,393817
121,122,98454
121,123,219538
121,124,121528
121,125,330795
121,126,68623
121,127,3428500
122,0,178955
122,1,418834
122,2,134825
122,3,142857
122,4,460306
122,5,189654
122,6,79520
122,7,61907
122,8,172939
122,9,2339151
122,10,3577828
122,11,75717
122,12,13313235
122,13,110201
122,14,120668
122,15,188310
122,16,181287
122,17,128905
122,18,79942
122,19,75204
122,20,299277
122,21,3689633
122,22,131676
122,23,951847
122,24,111491
122,25,107740
122,26,89331
122,27,90518
122,28,7138011
122,29,136598
122,30,194947
122,31,1282796
122,32,183440
122,33,138875
122,34,235260
122,35,204328
122,36,84136
122,37,13577006
122,38,84144
122,39,8420280
122,40,73136
122,41,268419
122,42,3681435
122,43,156584
122,44,147344
122,45,155094
122,46,152739
122,47,304535
122,48,62861
122,49,425940
122,50,163599
122,51,171419
122,52,398487
122,53,1965475
122,54,69196
122,55,5559697
122,56,983623
122,57,108977
122,58,155538
122,59,70881
122,60,86481
122,61,113264
122,62,102853
122,63,153945
122,64,91763
122,65,62711
122,66,68409
122,67,170389
122,68,306669
122,69,1134631
122,70,415661
122,71,129734
122,72,5630184
122,73,481807
122,74,520207
122,75,217874
122,76,374360
122,77,141680
122,78,106282
122,79,385816
122,80,870406
122,81,456715
122,82,132262
122,83,62725
122,84,98315
122,85,156084
122,86,200517
122,87,102495
122,88,80686
122,89,226680
122,90,87340
122,91,246338
122,92,124423
122,93,78280
122,94,796914
122,95,155045
122,96,2154164
122,97,76202
122,98,181484
122,99,219492
122,100,63026
122,101,77047
122,102,112795
122,103,328442
122,104,84321
122,105,186672
122,106,62805
122,107,517953
122,108,416112
122,109,262809
122,110,2310968
122,111,139521
122,112,611907
122,113,1056676
122,114,477516
122,115,102783
122,116,116486
122,117,436530
122,118,125817
122,119,136872
122,120,169111
122,121,177715
122,123,1763825
122,124,106048
122,125,80649
122,126,62358
122,127,129468
123,0,426097
123,1,302094
123,2,132612
123,3,24575485
123,4,65462
123,5,74886
123,6,76612
123,7,186707
123,8,64839
123,9,664157
123,10,70202
123,11,197485
123,12,130250
123,13,63340
123,14,82413
123,15,66105
123,16,2490048
123,17,117587
123,18,190190
123,19,104155
123,20,1149947
123,21,12346112
123,22,81104
123,23,71045
123,24,221131
123,25,88102
123,26,719428
123,27,1091733
123,28,113889
123,29,232077
123,30,164335
123,31,106134
123,32,1039508
123,33,79861
123,34,178191
123,35,85611
123,36,392732
123,37,392868
123,38,68266
123,39,396689
123,40,561218
123,41,75955
123,42,81458
123,43,455647
123,44,65054
123,45,194611
123,46,832443
123,47,178064
123,48,64944
123,49,86557
123,50,91304
123,51,318222
123,52,269026
123,53,141847
123,54,70852
123,55,98304
123,56,666645
123,57,201746
123,58,124062
123,59,64424
123,60,421742
123,61,272790
123,62,79426
123,63,1060840
123,64,689450
123,65,182143
123,66,2696324
123,67,70537
123,68,86489
123,69,3799328
123,70,147165
123,71,220707
123,72,156559
123,73,112153
123,74,141701
123,75,88181
123,76,267280
123,77,101389
123,78,266017
123,79,676770
123,80,44246506
123,81,4326725
123,82,2094465
123,83,74486
123,84,150964
123,85,68656
123,86,87220
123,87,479848
123,88,769602
123,89,204777
123,90,107275
123,91,142730
123,92,78027
123,93,899784
123,94,111653
123,95,244908
123,96,180439
123,97,305386
123,98,919325
123,99,62131
123,100,179052
123,101,233267
123,102,127688
123,103,79390
123,104,122160
123,105,78512
123,106,239721
123,107,148449
123,108,403543
123,109,99024
123,110,80760
123,111,871571
123,112,196874
123,113,68244
123,114,115906
123,115,99863
123,116,122559
123,117,283488
123,118,192103
123,119,87118
123,120,209719
123,121,74627
123,122,157465
123,124,70427
123,125,829239
123,126,98475
123,127,306155
124,0,64685
124,1,121308
124,2,111639
124,3,133767
124,4,307358
124,5,67471
124,6,295141
124,7,164691
124,8,67295
124,9,574777
124,10,404969
124,11,2862336
124,12,90592
124,13,114282
124,14,196038
124,15,158432
124,16,1241429
124,17,5813773
124,18,90417
124,19,318774
124,20,458684
124,21,81929
124,22,529174
124,23,97911
124,24,86650
124,25,69915
124,26,691733
124,27,229981
124,28,394907
124,29,244284
124,30,404826
124,31,629103
124,32,72496
124,33,160164
124,34,272859
124,35,108579
124,36,216778
124,37,4707025
124,38,115017
124,39,204124
124,40,133020
124,41,759062
124,42,320163
124,43,132797
124,44,313685
124,45,762241
124,46,73679
124,47,1001377
124,48,168136
124,49,702966
124,50,200992
124,51,148200
124,52,1055846
124,53,138674
124,54,159930
124,55,87902
124,56,113153
124,57,137797
124,58,88304
124,59,114001
124,60,144439
124,61,356369
124,62,577233
124,63,4745827
124,64,85405
124,65,286492
124,66,1248153
124,67,156159
124,68,66934
124,69,64626
124,70,164252
124,71,145047
124,72,217233
124,73,70444
124,74,64864
124,75,228771
124,76,146874
124,77,66813
124,78,99491
124,79,99219
124,80,911036
124,81,169632
124,82,89591
124,83,98582
124,84,455293
124,85,492440
124,86,21107900
124,87,252633
124,88,217828
124,89,96904
124,90,109782
124,91,86203
124,92,159462
124,93,334082
124,94,6258847
124,95,90555
124,96,108336
124,97,218796
124,98,71513
124,99,180731
124,100,84978
124,101,111009
124,102,86422
124,103,159670
124,104,77486
124,105,180894
124,106,71740
124,107,151222
124,108,978553
124,109,85290
124,110,84620
124,111,2598035
124,112,64979
124,113,114493
124,114,124554
124,115,78618
124,116,70001
124,117,65340
124,118,95641
124,119,1785291
124,120,135861
124,121,107866
124,122,2002344
124,123,100604
124,125,191052
124,126,31191769
124,127,151646
125,0,157137
125,1,735755
125,2,200203
125,3,148109
125,4,72502
125,5,434732
125,6,210233
125,7,80434
125,8,115360
125,9,151386
125,10,576139
125,11,154676
125,12,1798402
125,13,95126
125,14,117012
125,15,96924
125,16,82228
125,17,99306
125,18,3053897
125,19,32920511
125,20,300597
125,21,142561
125,22,149088
125,23,336205
125,24,129098
125,25,2226783
125,26,849922
125,27,87789
125,28,115848
125,29,62413
125,30,237713
125,31,397241
125,32,4008742
125,33,64081
125,34,240820
125,35,62260
125,36,172400
125,37,97647
125,38,109469
125,39,71686
125,40,3933549
125,41,131367
125,42,190836
125,43,319699
125,44,223465
125,45,33852205
125,46,156384
125,47,82043
125,48,71596
125,49,701396
125,50,195699
125,51,169777
125,52,275871
125,53,96956
125,54,1046803
125,55,90500
125,56,66531
125,57,396277
125,58,2687108
125,59,71626
125,60,1129921
125,61,213504
125,62,89010
125,63,158304
125,64,85620
125,65,199458
125,66,399461
125,67,152286
125,68,187960
125,69,142963
125,70,68092
125,71,214347
125,72,137382
125,73,321282
125,74,82059
125,75,86011
125,76,304197
125,77,93885
125,78,743522
125,79,307703
125,80,165436
125,81,106355
125,82,410032
125,83,539878
125,84,91819
125,85,67125
125,86,132244
125,87,81913
125,88,6720976
125,89,1236984
125,90,473485
125,91,645858
125,92,124209
125,93,133898
125,94,100149
125,95,104250
125,96,148245
125,97,80715
125,98,75882
125,99,930374
125,100,243888
125,101,120543
125,102,228720
125,103,80426
125,104,3531795
125,105,3378906
125,106,118935
125,107,581646
125,108,368261
125,109,237983
125,110,714537
125,111,353449
125,112,172370
125,113,690590
125,114,353115
125,115,411647
125,116,107450
125,117,214838
125,118,340942
125,119,81936
125,120,106122
125,121,186569
125,122,1624068
125,123,192322
125,124,91481
125,126,145199
125,127,113347
126,0,66551
126,1,118814
126,2,232748
126,3,74160
126,4,297399
126,5,149593
126,6,76249
126,7,118693
126,8,93719
126,9,62637
126,10,89099
126,11,193350
126,12,408573
126,13,71063
126,14,265818
126,15,260053
126,16,68021
126,17,62376
126,18,388980
126,19,2974528
126,20,67718
126,21,109274
126,22,66333
126,23,823423
126,24,264306
126,25,65467
126,26,484376
126,27,249126
126,28,408283
126,29,67204784
126,30,256417
126,31,120389
126,32,138195
126,33,639521
126,34,69807
126,35,84104
126,36,591232
126,37,74249
126,38,79470
126,39,146652
126,40,484972
126,41,100470
126,42,187192
126,43,71157
126,44,96665
126,45,72052
126,46,176211
126,47,92530
126,48,134787
126,49,601702
126,50,189016
126,51,440168
126,52,553766
126,53,26883450
126,54,65169
126,55,2013112
126,56,1738682
126,57,522937
126,58,80693
126,59,74065
126,60,167227
126,61,69681
126,62,230032
126,63,104703
126,64,207767
126,65,121606
126,66,332481
126,67,76673
126,68,1569251
126,69,121875
126,70,1609589
126,71,96644
126,72,63149
126,73,69438
126,74,9144186
126,75,304705
126,76,109586
126,77,244341
126,78,79964
126,79,1069259
126,80,133187
126,81,768674
126,82,91099
126,83,4772023
126,84,67492
126,85,98123
126,86,113333
126,87,108964
126,88,396002
126,89,81579
126,90,72441
126,91,71442
126,92,98144
126,93,181418
126,94,209206
126,95,86077
126,96,2991215
126,97,3025110
126,98,778513
126,99,74640
126,100,180797
126,101,98754
126,102,1861994
126,103,151977
126,104,291108
126,105,2129914
126,106,478291
126,107,113736
126,108,208019
126,109,71181
126,110,261008
126,111,1306886
126,112,2043278
126,113,1944962
126,114,68376
126,115,592954
126,116,28537661
126,117,343251
126,118,216505
126,119,74931
126,120,82505
126,121,678977
126,122,373741
126,123,66604
126,124,83523
126,125,110070
126,127,91650
127,0,188030
127,1,107187
127,2,129769
127,3,73748
127,4,158355
127,5,120948
127,6,1838815
127,7,84807
127,8,138294
127,9,171065
127,10,135111
127,11,86111
127,12,77659
127,13,169719
127,14,324016
127,15,154750
127,16,86220819
127,17,152907
127,18,181385
127,19,484773
127,20,71477
127,21,83499
127,22,102219
127,23,128415
127,24,116983
127,25,141306
127,26,71884
127,27,144699
127,28,89808
127,29,255738
127,30,122113
127,31,308918
127,32,65528
127,33,69483
127,34,66059
127,35,225599
127,36,12498219
127,37,72398
127,38,210535
127,39,94121
127,40,85322
127,41,230642
127,42,70035
127,43,1017400
127,44,1208784
127,45,395727
127,46,241041
127,47,865201
127,48,633298
127,49,121827
127,50,205023
127,51,282598
127,52,212403
127,53,68967
127,54,1361589
127,55,155662
127,56,71128
127,57,72167
127,58,174821
127,59,88435
127,60,219306
127,61,216960
127,62,345803
127,63,1000625
127,64,1022064
127,65,120792
127,66,1800605
127,67,109939
127,68,150148
127,69,130501
127,70,498652
127,71,71406
127,72,211792
127,73,65787
127,74,209804
127,75,263653
127,76,178381
127,77,144591
127,78,64463
127,79,103389
127,80,80316
127,81,75902
127,82,2714930
127,83,1013542
127,84,410178
127,85,2909452
127,86,215466
127,87,3263777
127,88,69258
127,89,85479
127,90,360369
127,91,63550
127,92,70583
127,93,364335
127,94,355578
127,95,677504
127,96,101287
127,97,143048
127,98,222459
127,99,98006
127,100,141659
127,101,87815
127,102,91970
127,103,521341
127,104,71746
127,105,297074
127,106,202266
127,107,128712
127,108,248716
127,109,120095
127,110,70969
127,111,2166479
127,112,122415
127,113,138055
127,114,216460
127,115,796420
127,116,104715
127,117,107551
127,118,94003
127,119,81761
127,120,78611
127,121,174944
127,122,62191
127,123,194872
127,124,248891
127,125,486369
127,126,142751
